pos_err_m,heading_err_deg,final_speed_mps,category,start_dist_m,duration_s,min_dist_m,along_err_m,cross_err_m,peak_speed_mps,mean_speed_mps,cmd_speed_mps
0.0856,4.3867,1.0549,path,1.5783,4.0000,0.0168,-0.0852,0.0075,1.3581,0.9104,0.9717
0.7135,4.4107,0.1513,combined,2.0765,4.0000,0.7135,-0.7031,0.1218,0.5809,0.3705,1.0661
0.2027,1.3712,0.2929,path,1.9057,4.0200,0.0037,-0.1959,0.0522,1.0046,0.4464,0.4762
0.4186,4.1480,0.1936,straight,0.2295,4.0200,0.0254,0.4138,0.0634,0.5988,0.2146,0.4258
0.7132,2.7036,0.2089,straight,1.9659,4.0200,0.7132,-0.7087,0.0806,0.6314,0.3421,1.4664
0.1639,3.1175,0.7882,path,2.7008,4.0600,0.0209,-0.0110,0.1635,1.3316,0.8590,0.9287
0.1492,7.1350,0.0875,path,2.8864,4.0800,0.0000,0.0257,0.1469,1.4099,0.7316,0.7111
0.9777,1.1875,1.0842,path,2.2696,4.1400,0.0000,0.4195,0.8832,1.6605,0.8905,1.4779
0.4919,6.9913,0.2504,combined,0.9494,4.1600,0.4919,-0.4290,0.2408,0.5195,0.2303,1.0767
0.4187,0.9968,0.0837,turn,0.0000,4.1600,0.0000,nan,nan,0.3535,0.1313,0.8859
0.2220,22.5978,0.4702,path,3.1998,4.1800,0.0000,-0.2009,0.0945,1.4424,0.7572,0.7890
0.3135,2.9836,0.2620,lateral,0.3221,4.1800,0.2401,-0.0132,0.3132,0.3726,0.1557,1.5861
0.3854,2.4543,0.0357,combined,0.5441,4.2000,0.3854,-0.3850,0.0169,0.3851,0.1061,1.0336
0.5013,3.4398,0.1322,lateral,0.0975,4.2000,0.0975,-0.1092,0.4893,0.3931,0.1695,0.0000
0.0996,12.5825,0.1465,path,1.4759,4.2200,0.0000,0.0453,0.0887,0.8219,0.3782,0.3524
0.3788,12.3252,0.1487,combined,0.7949,4.2400,0.3787,-0.3661,0.0972,0.3388,0.1335,1.2806
1.0910,0.9176,1.1293,path,3.5539,4.2400,0.0277,-0.9810,0.4775,1.4553,0.9032,1.5415
0.3349,22.2648,0.2839,path,1.4116,4.2800,0.0072,0.2057,0.2644,1.2663,0.5346,0.3732
0.7730,4.6543,0.6406,path,0.8945,4.3000,0.0280,0.2665,0.7256,1.5376,0.8645,1.2452
0.1785,4.8461,0.4178,path,2.6394,4.3000,0.0207,-0.1688,0.0581,1.1118,0.6050,0.6141
0.3278,5.8635,0.1050,straight,0.5058,4.3200,0.3108,-0.3105,0.1048,0.3737,0.1165,0.4789
0.4653,7.6251,0.1542,lateral,1.0543,4.3400,0.4653,-0.3477,0.3093,0.4894,0.2217,0.8674
0.6363,7.7639,0.2978,path,4.0338,4.3800,0.0237,-0.6226,0.1315,1.5102,0.8125,1.0916
0.5556,0.3311,0.9627,path,3.8757,4.4000,0.0166,-0.4096,0.3754,1.3664,0.8331,0.9543
0.5125,18.5452,0.1874,lateral,1.3709,4.4200,0.5125,-0.4581,0.2297,0.5368,0.2363,0.7226
0.4826,11.0354,0.1015,lateral,0.6393,4.4200,0.4731,-0.3654,0.3152,0.2962,0.1136,0.6228
0.0419,0.9905,0.0148,stand,0.0000,4.4200,0.0000,nan,nan,0.4057,0.0437,0.6020
0.0838,3.1449,0.2118,path,1.4269,4.4400,0.0132,0.0072,0.0835,1.0258,0.4179,0.3328
0.7954,8.7633,0.2043,combined,2.1839,4.4400,0.7954,-0.7941,0.0447,0.6389,0.3554,0.8535
0.9825,6.6422,0.3847,path,1.9807,4.4400,0.0000,-0.4473,0.8747,1.3313,0.6918,1.5782
0.0469,0.3190,0.0515,stand,0.0000,4.5000,0.0000,nan,nan,0.1866,0.0459,1.3995
0.4296,2.8754,0.0469,turn,0.0000,4.5000,0.0000,nan,nan,0.5555,0.1686,0.6316
0.3683,3.1733,0.1490,straight,1.1651,4.5000,0.3683,-0.3682,0.0076,0.4266,0.2162,0.9853
0.2360,5.0540,0.0562,turn,0.0000,4.5400,0.0000,nan,nan,0.5695,0.1846,0.7705
0.7618,6.4175,1.5731,path,3.7189,4.5400,0.0265,-0.7381,0.1886,1.6395,1.1519,1.2879
0.9524,12.5081,0.2454,combined,2.0495,4.5600,0.7858,0.3313,0.8929,1.6742,0.7399,0.7080
0.1317,0.5026,0.3313,path,1.7982,4.5800,0.0092,-0.1271,0.0343,1.1478,0.4619,0.4334
0.3925,12.5201,0.0833,lateral,1.2805,4.6000,0.3925,-0.2800,0.2751,0.4979,0.2423,0.0000
0.5601,10.6109,0.0195,combined,1.2262,4.6200,0.5601,-0.5549,0.0757,0.4378,0.1751,0.6701
0.2595,2.1295,0.0557,combined,0.5765,4.6800,0.2432,-0.2567,0.0382,0.5986,0.1429,1.0488
0.7462,1.6347,1.0457,path,4.3638,4.6800,0.0155,-0.5947,0.4507,1.2840,0.8763,1.0427
0.3458,7.7972,0.6489,path,3.7624,4.7400,0.0176,-0.3405,0.0602,1.4397,0.8099,0.8733
0.9184,6.5434,0.7982,path,4.4943,4.7400,0.0000,-0.8293,0.3946,1.3789,0.8094,1.0280
0.2721,11.7366,0.1718,path,1.9704,4.7600,0.0114,-0.2322,0.1420,0.9412,0.4163,0.4354
0.6734,4.5452,0.2365,combined,1.5693,4.7800,0.3031,0.6611,0.1282,1.4778,0.5995,0.8345
0.4805,4.1964,0.8196,path,0.9356,4.7800,0.0148,-0.4034,0.2611,0.9298,0.4395,0.7508
0.0963,2.4361,0.2806,path,1.4086,4.7800,0.0078,-0.0041,0.0962,0.6708,0.3116,0.3009
0.2118,4.0730,0.3908,path,1.4608,4.8000,0.0066,0.0490,0.2061,0.9585,0.4117,0.3496
0.3911,3.7234,0.0503,lateral,0.2389,4.8400,0.2389,-0.1365,0.3665,0.3820,0.1426,1.1657
0.3597,0.7533,1.0898,path,3.8352,4.8400,0.0000,-0.3590,0.0221,1.1125,0.8020,0.9226
0.4014,7.6463,0.1345,lateral,0.5085,4.8400,0.3916,-0.1905,0.3533,0.4107,0.1405,1.5115
0.0676,8.7266,0.2850,path,1.3968,4.8600,0.0000,-0.0577,0.0352,0.6242,0.3280,0.3057
0.4738,3.2880,0.0618,turn,0.0000,4.8600,0.0000,nan,nan,0.3118,0.1392,1.5843
0.5934,2.6971,0.1396,straight,1.0203,4.8600,0.0260,0.5924,0.0344,1.5526,0.5230,1.4443
0.3976,4.6763,1.5658,path,5.0845,4.8800,0.0209,-0.3922,0.0649,1.7944,1.0495,1.1203
0.7905,9.8054,0.4805,path,1.1575,4.8800,0.0251,-0.6424,0.4606,1.1154,0.5322,1.4752
0.4394,3.4018,0.0516,turn,0.0000,4.9000,0.0000,nan,nan,0.6233,0.1937,0.7140
0.5620,9.8230,0.4721,path,1.3664,4.9200,0.0167,-0.5130,0.2297,0.6691,0.3579,0.6105
0.4209,1.7566,0.1654,turn,0.0000,4.9200,0.0000,nan,nan,0.3572,0.1311,1.4319
0.3296,4.9790,0.1836,combined,0.4701,4.9400,0.3186,-0.3250,0.0554,0.4878,0.1223,1.5047
0.5153,16.0187,0.0696,lateral,0.7703,4.9600,0.5139,-0.3641,0.3646,0.4515,0.1710,0.5158
0.6157,1.4512,0.1043,straight,1.7966,4.9800,0.6157,-0.6084,0.0950,0.4969,0.2621,0.4139
0.4719,9.1869,0.0760,combined,1.3685,4.9800,0.4710,-0.2324,0.4107,0.6030,0.2643,1.1705
0.7786,14.8974,1.1750,path,4.0960,5.0200,0.0229,-0.7260,0.2812,1.3505,0.8330,1.0051
0.3942,5.0193,0.4476,path,2.5775,5.0200,0.0000,-0.3307,0.2146,1.0727,0.4631,0.5184
0.4534,12.4611,0.2566,combined,1.4639,5.0600,0.4534,-0.4498,0.0570,0.5169,0.2476,1.0075
0.2225,6.2811,0.9055,path,4.9662,5.0600,0.0209,-0.2219,0.0155,1.6300,1.0195,1.0862
0.4685,5.4248,0.1509,turn,0.0000,5.0800,0.0000,nan,nan,0.5700,0.1513,0.5174
0.6494,4.0274,0.4410,path,5.6087,5.0800,0.0306,-0.5207,0.3880,1.6555,1.1634,1.4960
0.2271,11.6557,0.0341,lateral,1.3481,5.1000,0.2263,-0.1984,0.1104,0.5928,0.2452,0.3890
0.3361,1.5636,0.0710,turn,0.0000,5.1400,0.0000,nan,nan,0.4756,0.1321,0.8439
0.4092,7.3342,0.0628,straight,1.3852,5.1600,0.4092,-0.3523,0.2081,0.4599,0.2252,0.3931
0.5046,11.0754,0.0524,combined,1.4056,5.1600,0.5046,-0.4251,0.2719,0.5061,0.2067,0.9766
0.5046,5.7231,0.4956,path,2.9719,5.1600,0.0000,-0.4780,0.1616,1.3111,0.4941,0.6095
0.2866,0.0711,0.0751,combined,0.9035,5.2000,0.2461,0.1815,0.2218,1.1444,0.3607,1.4025
0.3803,10.8876,0.9679,path,4.7785,5.2400,0.0204,-0.3717,0.0804,1.5236,1.0279,1.1217
0.4970,11.4370,0.0982,turn,0.0000,5.2800,0.0000,nan,nan,0.5906,0.1790,0.3620
0.5703,3.2867,0.0583,combined,1.4870,5.2800,0.5703,-0.5192,0.2360,0.5160,0.2351,0.5209
0.5898,1.9471,1.0732,path,3.2309,5.2800,0.0162,-0.5509,0.2106,1.5699,0.6334,0.7781
0.5294,2.2801,0.2190,combined,1.2952,5.3200,0.4446,0.4737,0.2364,1.1513,0.3859,1.2309
1.1532,3.6871,1.0379,path,5.9754,5.3200,0.0308,-0.9267,0.6864,1.8105,1.1525,1.5447
0.6067,1.9472,0.1074,combined,1.7264,5.3200,0.6067,-0.6020,0.0754,0.5406,0.2556,1.2892
0.6133,3.7154,1.3399,path,4.9336,5.3400,0.0000,-0.4958,0.3610,1.7732,1.2761,1.5303
0.5082,3.2064,0.1568,straight,1.1212,5.3400,0.5047,-0.4908,0.1320,0.5853,0.1718,1.3156
0.4345,5.8948,0.0972,combined,1.5242,5.3600,0.4345,-0.4289,0.0693,0.4938,0.2314,1.2160
0.4853,8.6781,0.0794,turn,0.0000,5.4200,0.0000,nan,nan,0.6959,0.1671,1.3522
0.6576,9.4367,0.3123,combined,1.9835,5.4400,0.6576,-0.5677,0.3320,1.1172,0.3379,0.9872
0.2245,6.6920,0.0127,stand,0.0000,5.4600,0.0000,nan,nan,0.4794,0.0943,0.0000
0.4811,3.1397,0.0818,straight,0.8854,5.4600,0.0064,0.4809,0.0151,1.2004,0.3512,1.3452
0.2558,2.0234,0.6444,path,1.7944,5.4800,0.0082,-0.1779,0.1837,0.7889,0.3890,0.4355
0.4267,0.1083,0.0663,straight,0.6119,5.4800,0.0031,0.4257,0.0289,0.9744,0.3014,1.0705
0.3337,1.9264,0.2561,lateral,0.4218,5.4800,0.3337,-0.1949,0.2709,0.3494,0.1247,0.7275
0.3979,7.1083,0.0406,lateral,0.8781,5.5200,0.3897,-0.0365,0.3962,0.6233,0.2156,0.4895
0.9402,4.4206,0.5431,path,3.4718,5.5200,0.0000,-0.7553,0.5599,1.5415,0.7795,1.2281
0.5128,3.4386,0.1206,straight,1.6460,5.5400,0.5110,-0.4807,0.1785,0.4955,0.2417,0.8234
0.5543,2.8274,0.0446,combined,0.6595,5.5400,0.3994,0.5310,0.1591,0.9899,0.3140,0.4286
0.5646,7.1782,0.1634,combined,2.3620,5.5800,0.2771,0.3090,0.4726,1.7381,0.7070,1.5870
0.0666,5.8567,0.0756,stand,0.0000,5.5800,0.0000,nan,nan,0.1763,0.0530,1.3913
0.3869,2.8425,0.9243,path,4.0321,5.5800,0.0158,-0.3867,0.0149,1.1969,0.8098,0.9054
0.4526,14.8308,0.3238,lateral,1.4559,5.6000,0.4526,-0.3570,0.2782,0.5803,0.2346,0.9262
0.3395,1.4303,0.0650,lateral,0.8542,5.6200,0.3325,-0.0570,0.3347,0.4726,0.1840,0.4575
0.6719,1.6574,0.1020,combined,1.9686,5.6600,0.6719,-0.6569,0.1412,0.5649,0.2758,0.3368
0.2389,5.5646,0.0908,turn,0.0000,5.6600,0.0000,nan,nan,0.4226,0.1163,0.6493
0.5677,0.8611,0.1027,lateral,0.7597,5.6600,0.5455,-0.3814,0.4204,0.4511,0.1594,1.1784
0.4299,3.0775,0.1208,combined,1.5073,5.6600,0.4299,-0.1009,0.4179,0.7163,0.2586,1.1687
0.4318,6.1206,0.0465,straight,1.7701,5.6800,0.4301,-0.3890,0.1875,0.5576,0.2673,0.9862
0.2547,4.0874,0.0271,turn,0.0000,5.6800,0.0000,nan,nan,0.4874,0.1175,0.7219
0.6080,0.0482,1.1345,path,2.8885,5.7000,0.0081,0.2122,0.5697,1.2244,0.5917,0.5208
0.5013,7.8225,0.2544,combined,1.1470,5.7200,0.4777,-0.4017,0.2998,0.4426,0.2032,0.5240
0.6845,7.3585,1.2361,path,3.9867,5.7400,0.0299,-0.5442,0.4153,1.5946,0.9988,1.2795
0.4668,9.5528,0.2911,combined,1.7688,5.7600,0.4668,-0.4305,0.1805,0.5150,0.2867,1.1234
0.3132,2.8900,0.7494,path,4.2407,5.8000,0.0000,-0.3122,0.0254,1.2343,0.7076,0.7597
0.2741,14.3433,1.4742,path,5.0553,5.8200,0.0209,-0.2430,0.1269,1.6237,1.0167,1.1894
0.3793,2.1984,0.1482,turn,0.0000,5.8200,0.0000,nan,nan,0.4408,0.1298,0.7739
0.2662,18.4894,0.4413,path,2.9160,5.8400,0.0000,-0.0642,0.2584,1.0199,0.6429,0.7304
0.4639,6.5524,0.0899,straight,1.0253,5.8600,0.1982,0.4274,0.1804,1.3216,0.4102,0.9225
0.2773,1.5575,0.0318,turn,0.0000,5.8800,0.0000,nan,nan,0.7086,0.1348,0.3828
0.5298,1.7577,1.2304,path,4.0116,5.8800,0.0000,0.2478,0.4683,1.5684,0.9649,0.8588
0.4074,4.9408,0.1746,combined,0.8877,5.9000,0.4071,-0.3218,0.2499,0.3516,0.1485,1.1739
2.2469,41.7664,0.4840,path,2.8777,5.9200,0.0000,-1.4349,1.7291,1.2972,0.5956,1.4942
0.2864,13.5761,0.0541,lateral,0.0481,5.9200,0.0281,0.0856,0.2733,0.2916,0.0939,0.5493
0.4969,11.2061,0.1535,combined,1.2578,5.9400,0.4969,-0.4159,0.2720,0.6408,0.2072,0.3797
0.6121,4.4706,0.0578,combined,1.1819,5.9400,0.6100,-0.3117,0.5268,0.7228,0.2384,1.1733
0.5836,0.2727,1.3463,path,4.4384,5.9600,0.0170,-0.5784,0.0773,1.5240,0.7137,0.8294
0.0597,10.0113,0.6940,path,2.4672,6.0000,0.0094,-0.0413,0.0431,1.1045,0.4455,0.4207
0.8512,7.3957,0.9956,path,1.6671,6.0000,0.0285,-0.7048,0.4774,1.5548,0.8679,1.3953
1.0586,8.0728,1.2417,path,1.3904,6.0200,0.0000,-0.1636,1.0459,1.4960,0.8133,1.5072
0.4802,9.0984,0.0740,lateral,1.0011,6.0200,0.4768,-0.4470,0.1753,0.4754,0.1274,0.5901
0.0911,14.5842,0.6854,path,2.9817,6.0800,0.0174,-0.0285,0.0865,1.1139,0.6807,0.7304
0.5016,6.8002,0.1336,straight,1.0643,6.0800,0.4960,-0.4625,0.1942,0.3594,0.1432,0.8721
0.6217,4.0364,1.2054,path,3.8491,6.1000,0.0216,-0.6164,0.0810,1.5137,0.7840,0.9795
0.4655,4.4457,0.1431,straight,1.8659,6.1200,0.4655,-0.4363,0.1623,0.5916,0.2606,0.0000
0.2112,1.8603,0.9066,path,4.1492,6.1400,0.0162,0.2098,0.0241,1.4235,0.8039,0.7406
0.5993,0.4839,0.0705,straight,0.9327,6.1400,0.0700,0.5991,0.0174,1.2924,0.3402,0.5130
0.4732,5.0601,0.1193,turn,0.0000,6.1400,0.0000,nan,nan,0.5449,0.1312,0.7106
0.5029,0.7869,0.0350,straight,0.2948,6.1600,0.0197,0.4760,0.1621,1.0373,0.3553,0.4778
0.3457,1.7449,0.1223,lateral,0.5834,6.1800,0.3387,-0.1426,0.3149,0.4122,0.1334,0.7935
0.5355,8.1546,0.0171,turn,0.0000,6.2600,0.0000,nan,nan,0.3350,0.1415,0.3340
0.3849,1.9168,0.1870,turn,0.0000,6.2600,0.0000,nan,nan,0.5433,0.1063,0.7242
0.4761,3.2781,0.1686,combined,2.2459,6.2600,0.4761,-0.4532,0.1462,0.7871,0.4212,1.4165
0.3248,7.4734,1.2423,path,3.7020,6.2800,0.0168,-0.3038,0.1147,1.4554,0.6115,0.6789
0.4342,0.3402,0.0501,turn,0.0000,6.2800,0.0000,nan,nan,0.3230,0.1081,0.3397
0.4214,0.2073,0.1242,combined,1.8472,6.2800,0.4214,0.2271,0.3550,0.7118,0.3734,1.0319
0.5958,8.6608,0.2670,path,3.7886,6.2800,0.0219,-0.5949,0.0329,1.4210,0.7621,1.1588
0.4282,3.7347,0.1311,combined,1.3931,6.3200,0.4241,-0.4279,0.0152,0.4989,0.1942,0.8241
0.5025,5.5790,0.1327,straight,1.0974,6.3200,0.2148,0.5025,0.0036,1.1912,0.3494,0.0000
0.3660,0.1601,0.0789,straight,1.6258,6.3400,0.1794,0.3559,0.0851,1.3363,0.3939,1.4423
0.6970,3.9993,1.1376,path,4.3045,6.3600,0.0157,0.0628,0.6941,1.4827,0.9080,0.8232
0.0723,1.3291,0.0351,stand,0.0000,6.3600,0.0000,nan,nan,0.2033,0.0444,0.3376
1.4558,4.8992,1.4468,path,4.3837,6.3600,0.0000,1.4558,0.0024,1.8635,1.1679,1.5791
0.3357,14.7651,0.0409,combined,1.5832,6.3800,0.3356,-0.3356,0.0099,0.6027,0.2873,1.4568
0.7349,62.0341,0.2109,path,3.0949,6.3800,0.0287,0.0294,0.7344,1.8499,0.8721,1.5332
0.3742,1.9489,0.1331,turn,0.0000,6.3800,0.0000,nan,nan,0.4032,0.1610,1.2818
0.4109,15.5536,0.0435,lateral,1.4344,6.4000,0.4105,-0.4008,0.0907,0.4914,0.1995,0.8780
0.8710,11.1621,1.3778,path,7.0726,6.4200,0.0000,-0.7738,0.3998,1.7064,1.2753,1.5612
1.3335,70.1261,0.4379,path,7.2836,6.4400,0.0000,1.2886,0.3429,1.8845,1.3582,1.5146
0.8576,54.9456,0.9751,path,3.3813,6.4400,0.0097,-0.8436,0.1544,1.4039,0.8226,1.3584
1.1287,1.9802,1.6749,path,2.5914,6.4600,0.0262,0.5440,0.9889,1.7645,1.1005,1.2309
0.2492,10.4350,0.4188,path,4.0368,6.4800,0.0094,0.1414,0.2052,1.1667,0.6591,0.6270
1.1055,19.6024,1.4211,path,0.7342,6.5000,0.0282,-1.0600,0.3137,1.4247,0.7065,1.4273
0.4947,3.7854,0.1314,combined,0.7372,6.5000,0.3571,0.3883,0.3065,1.0816,0.3022,0.6568
0.3814,6.7866,0.5544,path,3.1847,6.5200,0.0063,-0.0186,0.3809,0.7975,0.5072,0.4894
0.4787,9.3067,0.5307,path,3.2585,6.5400,0.0108,0.2303,0.4196,1.2292,0.5539,0.5029
0.7402,9.7122,1.3694,path,5.0143,6.5400,0.0265,-0.2438,0.6989,1.6634,1.1913,1.3267
0.1961,11.6258,0.2179,path,4.3324,6.5600,0.0000,0.1603,0.1131,1.5747,0.8459,0.8052
0.3488,2.0119,0.0313,straight,1.0324,6.5600,0.3382,-0.3488,0.0036,0.3538,0.1495,0.9105
0.2646,7.9854,1.2276,path,5.6348,6.5800,0.0000,-0.2081,0.1633,1.5929,1.0024,1.0165
0.4311,0.0014,0.0254,lateral,0.5049,6.5800,0.4157,-0.0721,0.4251,0.3730,0.1353,1.4775
0.4384,3.7958,0.7122,path,1.0400,6.6000,0.0125,-0.3481,0.2665,1.4965,0.7336,0.6486
0.5559,15.4680,0.0561,combined,1.6896,6.6000,0.5559,-0.0190,0.5555,1.3906,0.4234,0.9272
0.4114,4.8651,0.0604,lateral,0.9950,6.6200,0.4078,-0.3463,0.2220,0.4861,0.1360,0.7318
0.3175,5.4941,1.0859,path,3.7168,6.6200,0.0148,0.2195,0.2293,1.3950,0.6600,0.5936
0.7873,4.9840,1.4034,path,0.2387,6.6400,0.0237,0.0377,0.7864,1.5186,0.8171,1.1474
0.4779,9.6045,0.0419,straight,0.0819,6.6600,0.0467,-0.4247,0.2191,0.3069,0.1127,0.4882
0.0696,3.3585,0.0433,stand,0.0000,6.6600,0.0000,nan,nan,0.1795,0.0397,0.9391
0.1052,2.5374,0.0282,stand,0.0000,6.7200,0.0000,nan,nan,0.1690,0.0416,1.2824
0.3201,2.7257,0.0609,turn,0.0000,6.7400,0.0000,nan,nan,0.5973,0.1228,0.0000
0.9864,9.0421,1.1781,path,2.4804,6.7400,0.0293,0.8592,0.4845,1.6638,0.9295,1.5566
0.3473,2.8765,0.1085,combined,0.8587,6.7600,0.3473,-0.3274,0.1157,0.9019,0.2247,0.9177
0.6884,3.6439,0.9573,path,5.8831,6.7600,0.0198,-0.6746,0.1374,1.3342,0.8707,1.0148
0.6885,1.9903,0.7846,path,1.2304,6.7800,0.0000,-0.6824,0.0914,1.1762,0.6211,1.0979
0.9556,0.8622,0.6628,path,0.8816,6.8000,0.0000,-0.1069,0.9497,1.1165,0.5235,1.0657
0.6076,8.6552,0.2198,combined,1.9363,6.8400,0.4059,0.3564,0.4921,1.5960,0.5147,0.6693
1.5358,1.4994,0.3853,path,1.2471,6.8400,0.0000,-1.3667,0.7007,1.2404,0.7173,1.5756
0.5306,2.9381,0.0724,straight,1.0820,6.8400,0.5171,-0.5223,0.0935,0.4158,0.1321,1.1243
0.4439,6.0671,0.1648,path,0.9382,6.8600,0.0000,-0.4402,0.0571,1.2430,0.5888,0.8337
0.1922,1.4039,0.1216,combined,1.4139,6.8600,0.1914,0.0207,0.1911,0.7684,0.3151,0.6831
0.4071,8.5841,0.0402,lateral,0.9070,6.8600,0.4010,-0.2343,0.3329,0.4608,0.1388,0.4197
0.5906,10.0481,0.9478,path,4.1170,6.8600,0.0165,0.2029,0.5546,1.2866,0.6927,0.6546
0.2622,12.1531,0.5067,path,1.4660,6.8600,0.0000,0.2621,0.0067,1.0613,0.6572,0.5488
0.5080,6.3922,0.6236,path,5.0244,6.8800,0.0158,-0.5078,0.0150,1.3750,0.8358,0.8946
0.2187,5.6921,0.1676,path,2.6073,6.8800,0.0307,0.2177,0.0207,1.6051,0.6934,1.3356
0.4446,12.9161,0.0488,lateral,1.2120,6.9000,0.4334,-0.3290,0.2991,0.4066,0.1627,0.4108
0.7344,4.1745,0.7898,path,4.2215,6.9400,0.0000,-0.6115,0.4068,1.2384,0.7551,0.9868
0.9986,6.3393,1.4618,path,1.7161,6.9800,0.0168,0.9807,0.1885,1.6581,0.8769,0.8871
0.3335,5.1890,0.6368,path,2.4318,7.0000,0.0000,0.0716,0.3257,1.3873,0.5682,0.4910
0.3448,11.6602,0.0586,combined,0.5230,7.0000,0.3433,-0.0213,0.3441,0.5548,0.1402,0.4714
0.2339,0.8126,0.0505,lateral,0.1437,7.0200,0.1437,0.0806,0.2196,0.2454,0.0885,0.5148
1.2156,1.2707,1.0330,path,4.9065,7.0400,0.0273,-1.0617,0.5919,1.1347,0.7375,1.0820
0.3241,2.3922,0.0221,lateral,1.3931,7.0400,0.3103,-0.0819,0.3136,0.5385,0.2023,1.5844
0.3711,5.3401,0.0686,straight,1.7854,7.0600,0.3706,-0.3627,0.0785,0.6409,0.2347,0.6282
1.4660,141.9427,1.4185,path,6.3186,7.0600,0.0000,-0.9215,1.1402,1.7243,1.1918,1.5663
0.3804,1.8928,0.0775,combined,0.7449,7.0800,0.3789,-0.2926,0.2432,0.4393,0.1301,1.5345
1.3423,33.6977,1.0053,path,6.1437,7.0800,0.0000,-1.0720,0.8080,1.7754,1.2646,1.5360
0.2798,1.7130,0.1117,straight,1.6636,7.1200,0.2776,-0.2700,0.0736,0.5633,0.2299,1.4495
0.2960,4.0176,0.0940,turn,0.0000,7.1200,0.0000,nan,nan,0.3524,0.1084,1.1064
0.5041,0.5859,0.0429,combined,1.7196,7.1200,0.2951,0.4501,0.2271,1.6361,0.4372,0.8898
0.8140,2.2976,0.5275,path,1.9285,7.1400,0.0281,0.7515,0.3130,1.7209,1.0622,1.4910
0.7397,6.6287,1.2191,path,6.5234,7.1800,0.0000,-0.6673,0.3190,1.7472,1.1365,1.2865
0.9558,55.4728,0.1189,path,5.6787,7.2000,0.0626,0.3438,0.8918,1.5203,0.8875,0.9922
0.4349,6.6015,0.0450,combined,1.8320,7.2000,0.4349,0.3121,0.3028,1.6486,0.5062,1.2680
0.3101,7.1161,0.0456,lateral,0.9310,7.2400,0.3089,-0.1567,0.2676,0.4004,0.1419,1.1516
0.4689,2.1425,0.0253,straight,1.0109,7.2400,0.4555,-0.4535,0.1192,0.4685,0.1418,1.4465
0.3283,4.9561,0.0266,straight,1.0913,7.2400,0.3237,-0.3264,0.0353,0.4070,0.1594,0.7867
0.3177,3.7976,0.0578,combined,1.9307,7.2800,0.3177,-0.1945,0.2512,0.9427,0.2850,1.2703
0.8378,4.0554,0.6354,path,2.6784,7.2800,0.0125,-0.6293,0.5531,1.0548,0.4571,0.6711
0.2250,2.2907,0.5890,path,2.3542,7.3000,0.0000,-0.0692,0.2141,0.8686,0.5049,0.5993
0.4558,3.2399,0.0244,combined,2.1724,7.3200,0.4533,-0.4070,0.2052,0.6785,0.2565,0.6470
0.2088,0.5906,0.5461,path,2.3206,7.3200,0.0059,-0.0521,0.2022,0.7808,0.3797,0.3842
0.4882,0.6950,0.0570,lateral,1.3206,7.3200,0.4846,-0.1187,0.4735,0.4957,0.1959,0.5660
0.1112,1.3843,0.0239,stand,0.0000,7.3200,0.0000,nan,nan,0.1971,0.0422,0.9885
0.5845,7.7498,0.0339,turn,0.0000,7.3400,0.0000,nan,nan,0.5813,0.1314,0.9383
0.4192,10.9921,1.0100,path,3.0670,7.3400,0.0204,-0.3267,0.2627,1.4201,0.9153,1.0706
1.5768,19.0053,1.3760,path,0.3011,7.3600,0.0291,-1.5743,0.0887,1.6285,0.8246,1.5654
0.5449,2.1557,0.1342,turn,0.0000,7.3600,0.0000,nan,nan,0.8064,0.1293,1.1500
1.1952,15.2155,1.2285,path,4.3087,7.3600,0.0246,-0.0324,1.1948,1.8378,1.2417,1.2050
0.6103,7.8736,0.1912,combined,2.1248,7.3600,0.6103,-0.2455,0.5587,1.2516,0.3713,0.8713
0.3372,4.9877,0.0394,lateral,1.0803,7.3800,0.3258,-0.0712,0.3296,0.4990,0.1754,0.9236
0.6536,17.6330,0.2030,path,4.8109,7.4200,0.0129,-0.6495,0.0737,1.1277,0.6083,0.7889
0.2909,0.1818,0.2647,path,2.5779,7.4200,0.0068,-0.0536,0.2859,0.6183,0.3479,0.3499
0.3708,14.2654,0.1880,path,2.8444,7.4400,0.0122,-0.0961,0.3581,1.3386,0.6165,0.8111
0.3265,2.9847,0.2297,combined,2.1360,7.4400,0.3265,-0.2856,0.1582,0.7071,0.2691,0.9458
0.6325,8.8383,0.1580,combined,2.0562,7.4600,0.6325,-0.6211,0.1199,0.6701,0.2613,1.1787
1.0363,1.4849,0.7747,path,1.3645,7.4800,0.0266,-0.7912,0.6693,1.0649,0.6588,1.2345
0.2757,1.0413,0.0436,lateral,0.1854,7.5600,0.1465,-0.0263,0.2744,0.2933,0.1079,0.4688
0.0514,1.5795,0.0296,stand,0.0000,7.5800,0.0000,nan,nan,0.1439,0.0294,1.4906
0.9059,5.0855,1.2411,path,3.7648,7.5800,0.0306,0.7275,0.5398,1.8308,1.1929,1.5912
0.4313,1.1702,0.1118,lateral,0.2000,7.5800,0.2000,-0.2258,0.3674,0.5418,0.1413,0.0000
0.5455,17.0452,0.1054,combined,2.2097,7.6000,0.5449,-0.5450,0.0248,0.7911,0.2730,1.4957
0.3973,0.9038,0.1629,straight,0.8461,7.6200,0.3690,-0.3638,0.1596,0.3074,0.1192,1.2845
0.9555,19.5000,0.1138,path,1.8974,7.6400,0.0297,-0.9545,0.0442,1.4785,0.5594,1.4149
0.0714,2.6693,0.0277,stand,0.0000,7.6600,0.0000,nan,nan,0.2436,0.0373,1.4190
1.1820,18.8316,0.0452,stand,0.0000,7.6600,0.0000,nan,nan,1.2138,0.2125,0.4599
0.3247,1.1172,0.5828,path,2.8820,7.6800,0.0000,-0.3107,0.0945,1.0606,0.5405,0.6184
0.4129,9.2007,0.8886,path,4.9791,7.6800,0.0133,0.1932,0.3649,1.5798,0.7738,0.6998
0.3474,1.7174,0.1475,combined,1.1670,7.6800,0.3424,-0.0481,0.3441,0.7120,0.1663,1.2472
0.2463,1.6963,0.3018,path,2.1973,7.7000,0.0033,-0.2399,0.0558,0.7102,0.3146,0.3040
0.2418,2.5292,0.0338,straight,1.8840,7.7400,0.0243,0.2317,0.0689,1.6584,0.4281,1.2321
0.4322,4.0526,0.0951,turn,0.0000,7.7600,0.0000,nan,nan,0.7268,0.1681,0.3314
1.2667,22.9210,0.1991,path,4.6200,7.7800,0.0199,-1.1377,0.5571,1.0968,0.5733,0.9464
0.1148,8.9096,0.6932,path,2.4425,7.8200,0.0013,-0.0373,0.1086,1.2022,0.4284,0.3435
0.5469,0.9991,0.2143,turn,0.0000,7.8600,0.0000,nan,nan,0.3506,0.1184,0.3886
0.3451,3.9522,0.1242,straight,1.6080,7.8800,0.3451,-0.3203,0.1283,0.5438,0.2048,0.3270
0.2409,4.4116,0.5186,path,2.8017,7.9000,0.0000,0.0426,0.2371,1.2343,0.5431,0.5322
1.0719,12.5653,1.4787,path,1.4376,7.9200,0.0251,1.0208,0.3267,1.6637,0.8035,1.1441
0.4480,8.4007,0.1642,turn,0.0000,7.9400,0.0000,nan,nan,0.4877,0.1184,1.4942
0.6235,15.6638,0.8331,path,4.6501,4.2400,0.0254,-0.5675,0.2584,1.7554,1.1088,1.2689
0.8943,8.6633,0.9555,path,0.9152,4.2600,0.0250,-0.8263,0.3418,0.9109,0.4999,1.2563
0.1272,4.9167,0.1884,path,2.4109,4.2000,0.0053,0.0264,0.1244,1.3322,0.7582,0.5930
0.9948,10.4892,0.7059,path,2.6126,4.6000,0.0247,-0.8529,0.5121,1.3546,0.6488,1.2404
0.5598,5.8169,0.0430,combined,0.9247,4.6800,0.5598,-0.4147,0.3760,0.8180,0.2232,0.4258
0.3289,2.0358,0.0745,lateral,0.3836,4.6400,0.3135,-0.0608,0.3233,0.4131,0.1412,1.5861
0.6488,17.5293,0.0760,combined,2.3512,4.8200,0.6488,-0.6476,0.0396,0.6604,0.3583,1.0661
0.2281,3.3958,0.8656,path,1.5823,4.1600,0.0083,0.1166,0.1961,0.8876,0.5138,0.4127
0.2298,5.3330,0.3338,path,1.3236,4.1800,0.0064,-0.1034,0.2052,0.8196,0.3624,0.3192
0.4466,2.3923,1.4818,path,2.5263,4.7000,0.0200,-0.3848,0.2267,1.6754,1.1131,1.0017
0.4054,0.7389,0.1543,turn,0.0000,4.8800,0.0000,nan,nan,0.4093,0.1253,0.8859
0.4551,0.9881,0.0983,straight,0.5134,4.2800,0.0362,0.4550,0.0072,0.8717,0.2808,1.1657
0.5050,22.3364,0.1047,combined,1.5745,4.9600,0.5050,-0.5046,0.0205,0.5151,0.2682,1.2806
0.2821,4.3285,0.2410,path,2.7404,5.0000,0.0112,-0.2736,0.0685,1.3449,0.5237,0.5617
0.4465,3.0147,0.0780,combined,0.2073,4.2600,0.1987,-0.2632,0.3606,0.5764,0.1500,1.1705
0.4581,11.9740,0.5769,path,2.3559,4.7200,0.0117,-0.3397,0.3074,1.5731,0.5857,0.5857
0.4124,17.7427,0.0772,combined,2.0226,4.8400,0.4124,-0.1622,0.3792,1.3344,0.4851,0.6020
0.5042,7.3462,0.1429,turn,0.0000,5.1000,0.0000,nan,nan,0.4575,0.1279,0.0000
0.7530,19.7460,0.4273,combined,2.0364,4.4000,0.7530,-0.3608,0.6610,1.3651,0.5374,1.4319
0.4624,9.2539,0.0625,straight,0.5417,4.8600,0.4081,-0.4125,0.2089,0.3371,0.1075,0.7080
0.3856,1.3049,0.1447,turn,0.0000,4.5400,0.0000,nan,nan,0.2781,0.1251,1.5047
0.5340,4.2271,1.0095,path,3.6444,4.1800,0.0199,-0.5139,0.1452,1.2696,0.8390,0.9940
1.4747,121.5614,1.4632,path,3.3402,5.1200,0.0305,-1.1974,0.8607,1.9121,0.9661,1.5158
0.3918,12.0302,1.0137,path,1.3993,4.9200,0.0238,-0.1941,0.3403,1.5943,0.9307,1.1901
0.9763,9.5805,0.9740,path,2.0187,5.6400,0.0270,0.9760,0.0232,1.6577,0.8371,1.3569
1.1239,21.7468,1.1995,path,2.6749,5.6800,0.0320,-0.1150,1.1180,1.7369,1.0421,1.5896
0.5845,6.6810,0.3178,lateral,0.9575,4.7600,0.5832,-0.2552,0.5259,0.5187,0.2051,0.4139
0.4821,12.0711,0.1425,path,1.8014,5.0600,0.0105,-0.4817,0.0195,1.1187,0.3702,0.5250
0.1090,2.3871,0.0515,stand,0.0000,4.9200,0.0000,nan,nan,0.3021,0.0693,1.5843
0.0207,1.5107,0.0899,stand,0.0000,4.9600,0.0000,nan,nan,0.2480,0.0403,1.5115
0.2972,5.0550,0.0971,turn,0.0000,4.3600,0.0000,nan,nan,0.4427,0.1272,0.0000
0.0291,0.9777,0.0327,stand,0.0000,4.0200,0.0000,nan,nan,0.1588,0.0621,0.9225
0.3905,3.3868,0.1745,turn,0.0000,5.4600,0.0000,nan,nan,0.5807,0.1569,0.9853
0.4211,4.6225,0.0766,straight,0.3735,4.9200,0.0757,0.3980,0.1374,0.6840,0.2450,0.5174
0.2983,2.1117,0.0113,straight,0.2778,5.8400,0.2397,-0.2883,0.0766,0.1762,0.0654,1.0336
0.8388,2.3619,0.9031,path,3.4995,6.0400,0.0199,0.8269,0.1413,1.4753,0.9071,0.9926
0.3160,5.2450,0.4076,path,2.8394,5.1400,0.0113,-0.2955,0.1118,0.7980,0.5438,0.5647
0.3069,8.4824,0.2182,turn,0.0000,4.4200,0.0000,nan,nan,0.6611,0.1511,1.1687
0.7718,1.2759,0.2354,path,3.1483,5.4400,0.0270,0.4098,0.6541,1.6546,0.9125,1.3570
0.0423,4.8541,0.0191,stand,0.0000,5.9000,0.0000,nan,nan,0.1272,0.0325,0.4789
0.6520,21.2642,0.1459,combined,1.6460,4.7000,0.6520,-0.6308,0.1648,0.6329,0.2513,0.8234
0.2782,2.2489,0.3449,path,1.5244,5.5000,0.0064,-0.0371,0.2757,1.0702,0.4731,0.3215
0.4083,11.7286,0.0091,combined,1.4748,4.7400,0.4083,-0.4034,0.0628,0.5899,0.2468,0.4895
0.5320,0.5154,0.0277,straight,0.7688,4.1200,0.5313,-0.5310,0.0331,0.2016,0.0910,0.5130
0.6833,14.4953,0.5428,path,1.4207,5.6000,0.0041,0.5237,0.4388,1.2116,0.5347,0.4142
0.3468,3.9707,0.0474,lateral,0.5233,4.6200,0.2920,0.0338,0.3452,0.3510,0.1529,0.5240
0.5125,6.9994,1.4672,path,4.0706,5.3400,0.0304,-0.2726,0.4340,1.7280,1.2793,1.5115
0.4103,3.2307,0.4785,path,0.8055,4.8000,0.0096,-0.1316,0.3887,0.9713,0.5261,0.7092
0.6092,1.0521,0.0127,stand,0.0000,5.8800,0.0000,nan,nan,0.7977,0.1461,0.6316
0.2248,4.9383,0.7340,path,3.0241,5.9600,0.0126,-0.2205,0.0434,1.0982,0.5797,0.6335
0.8008,7.6937,0.8375,path,1.8914,4.0800,0.0308,0.1091,0.7934,1.5492,0.9701,1.5104
0.4807,7.1018,0.5476,path,3.3921,4.4200,0.0161,-0.1078,0.4685,1.5571,1.0122,0.8087
0.2026,7.3164,0.2479,path,3.6641,5.1400,0.0146,-0.1804,0.0921,1.4281,0.7019,0.7305
0.5613,1.9887,0.1479,combined,1.6673,6.4600,0.5613,-0.5607,0.0247,0.4575,0.1976,1.4664
0.4749,6.8828,1.1211,path,5.2421,4.7400,0.0225,-0.1511,0.4503,1.6567,1.1955,1.1181
0.6348,7.2175,0.2698,combined,1.2523,4.8400,0.4767,0.5095,0.3787,1.4348,0.6191,0.9862
0.1628,0.2332,0.7985,path,1.5416,4.0200,0.0088,-0.1299,0.0981,1.4211,0.4489,0.4382
0.5813,2.7345,0.2759,combined,1.9456,5.3800,0.0423,0.5711,0.1088,1.4581,0.6363,0.3620
0.4728,6.0529,0.1038,combined,0.5536,5.3400,0.4728,-0.4385,0.1768,0.7327,0.2214,1.2892
0.1499,1.0206,0.4121,path,1.4533,4.8400,0.0044,-0.1037,0.1083,0.5885,0.3048,0.3434
0.6022,0.0003,0.0653,combined,1.0502,5.1600,0.5997,-0.3698,0.4753,0.6587,0.2048,0.4286
0.2345,17.8143,0.0625,combined,1.2820,5.8200,0.2319,-0.1149,0.2044,0.5769,0.2043,0.7140
0.5769,13.3583,0.5291,path,1.9903,5.8800,0.0105,0.5128,0.2644,1.3947,0.5962,0.5256
0.7661,2.4115,0.9737,path,1.7223,4.5800,0.0319,-0.7634,0.0644,1.3753,0.7409,1.5967
0.4925,5.0550,1.2028,path,3.1591,5.6400,0.0118,-0.0174,0.4922,1.1947,0.6118,0.5861
0.3379,13.6450,0.2237,path,2.4512,4.7800,0.0107,0.1918,0.2781,1.4859,0.7361,0.5374
0.4173,1.3428,0.2324,combined,0.8422,5.1800,0.4173,0.0830,0.4090,0.9469,0.3851,1.5870
0.1278,8.1258,0.5075,path,2.4218,5.2400,0.0088,0.0053,0.1277,0.6790,0.4976,0.4762
0.0044,3.5065,0.6349,path,2.1315,4.2400,0.0044,0.0044,0.0003,0.7855,0.5278,0.5202
0.3993,1.2178,0.1916,straight,1.9651,6.2400,0.3288,0.3981,0.0303,1.6719,0.5896,0.7705
0.4292,9.9887,0.7017,path,0.5363,6.6000,0.0154,-0.4263,0.0502,0.9378,0.5399,0.7724
0.3270,2.4012,0.8194,path,3.3706,5.0000,0.0149,-0.3257,0.0297,1.3007,0.7096,0.7456
1.2393,6.7530,1.5516,path,3.2141,5.8000,0.0309,-0.7436,0.9914,1.7727,0.9545,1.5548
0.3008,1.7684,0.0946,path,1.3931,4.3800,0.0064,0.2731,0.1261,1.7149,0.7812,0.3180
0.7092,13.3474,0.0941,lateral,1.4948,4.6800,0.7072,-0.6025,0.3741,0.4862,0.2236,0.4778
1.3123,0.2804,1.5428,path,4.0516,4.0600,0.0299,-1.2711,0.3261,1.6315,1.0168,1.4951
0.6570,9.3755,0.2195,combined,1.6380,6.4600,0.6570,0.1321,0.6436,1.0393,0.3922,0.7226
0.5793,2.5925,0.0698,straight,0.5389,4.4200,0.0452,0.5434,0.2009,1.0250,0.3276,0.6568
0.4337,6.5887,0.1055,turn,0.0000,5.6400,0.0000,nan,nan,0.3261,0.1447,1.2309
0.3681,5.1053,0.1213,lateral,0.8240,6.3600,0.3573,-0.2384,0.2805,0.3671,0.1303,0.6701
0.5357,10.7051,0.0872,combined,1.6516,6.0200,0.5357,-0.4867,0.2238,0.5192,0.2216,0.5158
0.1275,4.7049,0.9484,path,2.9312,4.1400,0.0181,-0.1188,0.0464,1.4478,0.8722,0.9065
0.6492,3.8539,0.0526,combined,1.4784,4.1200,0.6491,-0.6492,0.0077,0.4822,0.2503,0.4108
1.1295,12.2832,0.7019,path,2.5960,4.4000,0.0313,-0.9855,0.5518,1.5994,1.0574,1.5625
0.3858,2.3160,1.0946,path,1.8860,6.8600,0.0154,0.1311,0.3628,1.5632,0.8649,0.7715
0.0426,1.1835,0.0419,stand,0.0000,5.1800,0.0000,nan,nan,0.2337,0.0531,0.3797
0.3113,0.2851,0.0953,lateral,0.2477,4.9800,0.2458,-0.0076,0.3113,0.2923,0.1177,0.7106
0.3238,7.0742,0.0565,lateral,0.5832,4.0200,0.3238,-0.2814,0.1601,0.3083,0.1136,1.1064
0.4558,5.5470,0.1056,lateral,1.2961,6.3000,0.4523,-0.3596,0.2800,0.4825,0.1865,1.4443
0.2901,2.6746,0.0213,combined,0.5909,5.5000,0.2884,-0.1657,0.2381,0.5291,0.1180,0.6493
0.4167,4.2736,0.2484,combined,1.6752,4.8200,0.4167,0.1474,0.3898,1.5338,0.5258,1.4568
1.0874,14.7582,1.3659,path,2.4574,5.2000,0.0153,-0.9175,0.5835,1.4602,0.9027,1.5468
0.4499,16.4357,0.0271,combined,0.3540,6.7800,0.3250,-0.2414,0.3797,0.3587,0.0982,0.6228
0.4895,1.2102,0.3547,path,2.2280,4.4600,0.0103,-0.3961,0.2877,1.3691,0.5649,0.5170
0.0532,5.2549,0.0212,stand,0.0000,5.3600,0.0000,nan,nan,0.3086,0.0441,0.3828
0.5191,2.9183,0.1192,lateral,0.4412,5.0000,0.4390,-0.0645,0.5150,0.3310,0.1507,0.3397
0.1945,9.2807,0.0368,lateral,1.4876,6.6200,0.1941,-0.1594,0.1116,0.5713,0.2177,1.0488
1.7325,41.0811,0.4269,path,4.7548,5.3800,0.0268,-1.5694,0.7340,1.2477,0.7335,1.3411
0.3445,2.0798,0.0244,straight,0.1001,4.6600,0.0024,0.3415,0.0454,0.4687,0.1621,0.9391
0.4554,7.9860,0.0597,turn,0.0000,4.0800,0.0000,nan,nan,0.5850,0.1432,0.7867
0.2524,6.2272,0.8303,path,3.0281,7.2200,0.0169,-0.0137,0.2520,1.1201,0.7574,0.8453
0.5378,10.1753,0.1236,combined,1.0159,5.2400,0.5319,-0.5314,0.0829,0.3909,0.1330,0.0000
0.4845,4.8740,1.1624,path,3.2440,4.9000,0.0138,-0.0194,0.4841,1.4034,0.7371,0.6901
0.4096,6.4619,0.1156,combined,0.8040,6.2400,0.4096,-0.1284,0.3890,0.8507,0.1985,0.3931
0.5153,13.7650,0.0481,combined,1.2804,5.5000,0.5153,-0.2632,0.4430,0.6602,0.1974,1.1739
0.9789,1.1763,1.4640,path,4.2441,4.8800,0.0221,-0.7577,0.6199,1.4133,0.8712,1.1092
0.5736,2.2332,0.0458,straight,1.0592,4.0800,0.5736,-0.5272,0.2260,0.3500,0.1735,1.1500
0.6144,2.2907,0.1641,combined,2.0410,5.1000,0.6144,-0.5497,0.2744,0.6508,0.3472,1.4423
0.3492,1.1298,0.4369,path,1.8337,6.2800,0.0066,-0.2653,0.2271,0.8244,0.3360,0.3298
0.4706,4.9796,0.2101,combined,1.5000,5.1800,0.4706,0.0460,0.4684,1.2120,0.3989,0.7242
0.5436,153.6527,0.9111,path,4.3321,4.5400,0.0198,-0.5393,0.0684,1.2210,0.9113,0.9885
0.4115,8.3946,0.1234,straight,0.9480,5.1000,0.0155,0.4114,0.0117,1.1881,0.4501,1.2818
0.2493,7.6367,0.1334,lateral,0.3595,7.0000,0.2404,-0.0359,0.2467,0.3186,0.1058,1.3995
0.4132,3.6893,1.2184,path,2.7242,6.6800,0.0229,-0.0956,0.4020,1.6932,1.1565,1.1331
0.4562,14.8990,0.1608,lateral,0.9550,4.0200,0.4562,-0.4362,0.1337,0.3781,0.1482,0.4688
0.5164,4.8161,0.1220,combined,1.4632,4.1400,0.5164,-0.4873,0.1707,0.5086,0.2423,0.9458
0.2989,3.8449,0.0599,lateral,0.1099,4.2800,0.1099,0.0344,0.2969,0.2916,0.1248,0.8713
0.5997,0.5382,0.0575,combined,1.6158,6.0000,0.5997,-0.5713,0.1826,0.4822,0.2318,0.3368
0.5512,2.3307,0.2198,lateral,1.0662,4.3400,0.5361,-0.2744,0.4781,0.5035,0.2228,0.5660
0.2834,6.2627,0.0903,lateral,1.2914,5.4000,0.2807,-0.1718,0.2254,0.5676,0.2250,1.4165
0.8123,0.2507,0.7528,path,5.0098,5.6400,0.0204,-0.8111,0.0436,1.5412,0.8730,1.0177
0.2462,5.9273,0.0561,combined,0.7406,7.3800,0.2446,-0.2285,0.0916,0.3361,0.1196,0.8674
0.5165,6.7769,0.1884,combined,0.7590,4.1400,0.1726,0.4835,0.1816,1.1792,0.4692,1.2845
0.3245,5.8808,0.5323,path,2.0524,5.5000,0.0121,-0.2476,0.2097,0.8935,0.5167,0.6042
0.5076,10.5984,0.1380,lateral,0.8493,4.2200,0.5076,-0.4445,0.2452,0.3224,0.1343,1.4906
0.6817,4.5678,0.8947,path,4.2510,4.3200,0.0198,-0.3553,0.5818,1.3471,0.9326,0.9851
0.3150,0.4429,0.1931,combined,1.0178,6.1200,0.3150,-0.1974,0.2455,0.4861,0.1603,0.7219
0.4278,7.1599,0.1384,combined,0.8530,6.6600,0.3927,0.2841,0.3198,1.0025,0.2508,0.9766
0.4998,20.2128,0.2142,combined,1.7845,5.4200,0.4998,-0.4996,0.0157,0.4814,0.2374,0.8780
0.4554,2.9309,0.3548,path,1.9224,6.7600,0.0103,0.2210,0.3982,1.3239,0.6900,0.5131
0.2150,0.9004,0.1115,turn,0.0000,6.6600,0.0000,nan,nan,0.2863,0.0892,1.4025
0.2584,9.9802,0.4010,path,3.3507,4.2000,0.0198,0.0169,0.2578,1.7847,1.0504,0.9949
0.3806,0.7462,0.0868,turn,0.0000,6.4200,0.0000,nan,nan,0.5505,0.1190,1.3452
0.4553,9.3009,0.3113,combined,1.2112,6.4000,0.4553,-0.2504,0.3803,0.5572,0.2172,0.7275
1.2795,6.8305,1.4462,path,0.3841,7.0400,0.0253,-1.2794,0.0121,1.7184,0.9659,1.2645
0.5005,1.3114,0.1247,combined,1.2900,6.6600,0.1924,0.3699,0.3373,1.3638,0.3317,0.5209
0.4816,0.1261,0.0949,combined,0.9011,7.7800,0.4815,-0.3745,0.3028,0.4289,0.1295,1.0767
0.3241,0.0216,0.0300,turn,0.0000,4.6400,0.0000,nan,nan,0.2397,0.1048,0.6470
0.4118,10.4466,1.0967,path,4.4302,4.9600,0.0196,-0.2108,0.3538,1.2579,0.8974,0.9783
0.3278,11.2274,0.2858,lateral,1.0349,5.6400,0.3232,-0.1219,0.3043,0.4785,0.1863,0.0000
0.9457,16.4866,0.2715,path,4.6853,4.3000,0.0262,-0.8302,0.4530,1.6142,0.9946,1.3094
0.3949,5.9931,1.2706,path,4.4955,6.7200,0.0030,-0.3230,0.2273,1.5241,0.7822,0.8507
0.4769,10.2950,0.1144,straight,1.9274,6.5800,0.2630,0.4191,0.2276,1.4110,0.4281,1.3522
0.1849,2.8716,0.2390,path,4.0712,7.1200,0.0152,-0.1832,0.0252,1.3624,0.7281,0.7601
0.4254,3.2163,0.0935,lateral,0.8906,6.3400,0.4218,-0.3504,0.2412,0.3064,0.1134,1.1784
0.3906,1.1541,0.1061,combined,0.2476,6.3800,0.2476,-0.3815,0.0838,0.2505,0.0840,0.4575
0.9278,2.8892,1.4266,path,2.5118,5.1400,0.0303,-0.4456,0.8138,1.6025,1.0569,1.4972
0.6943,0.5954,0.8389,path,2.3533,5.4600,0.0087,0.5139,0.4669,1.3344,0.5907,0.4313
0.2268,2.7438,0.0117,turn,0.0000,5.2800,0.0000,nan,nan,0.2412,0.0904,0.9177
0.4024,7.9778,0.0550,lateral,0.8667,7.2800,0.3979,-0.2120,0.3420,0.4504,0.1365,0.8345
0.2854,2.8500,0.1519,lateral,0.1124,6.9600,0.0870,0.1409,0.2482,0.2887,0.1041,0.3890
0.5229,15.8195,0.3679,path,5.0783,6.8200,0.0161,-0.3538,0.3850,1.4658,0.7264,0.8006
0.7091,1.1647,0.1075,path,0.7295,6.0800,0.0069,0.6684,0.2367,1.4178,0.6853,0.3470
0.3987,2.4053,0.0765,combined,0.5483,5.0600,0.3959,-0.3833,0.1095,0.5560,0.1390,0.5148
0.3226,4.4202,0.0195,lateral,0.1763,5.3600,0.1666,-0.0466,0.3192,0.3015,0.1149,0.0000
0.4554,4.3782,0.0615,straight,1.4825,6.1800,0.4543,-0.4467,0.0883,0.4659,0.2026,0.5493
0.4389,0.5957,0.1897,lateral,0.2664,4.7800,0.2467,-0.0657,0.4340,0.4205,0.1436,0.9383
0.4152,1.2783,0.0727,combined,1.4093,7.7000,0.4069,0.0907,0.4051,0.8342,0.2370,0.8535
0.3840,7.5985,1.0935,path,4.0210,4.2200,0.0213,-0.2346,0.3040,1.8352,1.1745,1.0665
0.5445,8.0726,1.5211,path,4.0769,7.7000,0.0289,-0.2666,0.4748,1.7823,1.1454,1.4271
0.4495,2.2922,0.0225,turn,0.0000,6.7200,0.0000,nan,nan,0.8002,0.1999,0.9872
1.0684,29.3819,0.7801,path,1.4605,5.3600,0.0308,-0.2452,1.0399,1.2661,0.6710,1.5575
0.1277,1.9782,1.0050,path,3.6496,6.6800,0.0218,-0.0626,0.1113,1.5898,1.0559,1.0935
0.1236,2.4997,0.4452,path,2.0584,5.0600,0.0085,-0.1081,0.0599,1.1547,0.4221,0.4235
1.0923,10.9858,1.2554,path,2.8604,5.3800,0.0293,-0.7702,0.7746,1.5239,0.7538,1.4856
0.3610,1.6808,0.1233,turn,0.0000,6.6600,0.0000,nan,nan,0.7759,0.1227,0.9262
0.3126,10.9859,0.8762,path,1.6683,6.5800,0.0161,0.1654,0.2653,1.4468,0.8195,0.8431
0.2946,2.9184,0.1167,turn,0.0000,5.1600,0.0000,nan,nan,0.5592,0.1007,1.4495
0.7153,25.5533,0.1322,combined,1.8834,4.5400,0.7153,-0.7100,0.0866,0.5277,0.2701,0.3314
0.3323,5.3869,0.1400,straight,0.9798,5.1200,0.3323,-0.3286,0.0494,0.3947,0.1723,1.2680
0.2148,3.7451,0.9238,path,3.0197,4.9800,0.0042,-0.1541,0.1497,1.5788,0.7432,0.6223
2.2408,13.6425,1.6656,path,6.5558,5.2800,0.0297,-2.0371,0.9336,1.5821,1.0912,1.4904
0.5318,3.7603,0.0852,straight,1.6745,5.7800,0.5318,-0.5316,0.0134,0.4677,0.2250,0.9272
0.5215,0.8890,0.0661,straight,0.6632,6.4600,0.0126,0.5091,0.1133,1.2353,0.2842,1.1733
0.4176,7.7934,0.0816,turn,0.0000,6.4000,0.0000,nan,nan,0.8774,0.1905,0.8721
0.4046,5.0074,0.0536,combined,2.0468,7.9000,0.2676,0.3950,0.0876,1.5814,0.3861,0.0000
0.6161,1.9153,0.0765,straight,0.4969,4.6400,0.0167,0.6161,0.0026,1.0476,0.2996,0.3886
0.3506,0.1050,0.1238,straight,0.4051,6.7800,0.0139,0.3366,0.0980,0.9244,0.2574,1.1234
0.2698,5.6641,0.7167,path,3.5607,7.7800,0.0154,-0.2129,0.1658,1.3092,0.6885,0.7712
0.5814,13.9378,0.2191,combined,2.0127,5.5600,0.5814,-0.4426,0.3770,0.7321,0.3070,1.5844
1.4890,20.4676,1.0029,path,5.4116,5.1800,0.0265,-1.4831,0.1325,1.3961,0.8806,1.3384
0.1797,1.4190,0.3010,path,0.9202,6.5200,0.0063,-0.1559,0.0893,1.3025,0.4874,0.3162
0.4306,3.3763,0.0204,combined,1.6089,7.2800,0.4155,0.3781,0.2060,1.3819,0.4140,1.2160
0.1619,2.0088,0.1170,turn,0.0000,7.5000,0.0000,nan,nan,0.7348,0.1143,0.8439
0.5366,4.6903,0.8389,path,0.7775,6.2200,0.0210,-0.5264,0.1042,1.3575,0.8103,1.0514
0.9426,14.2067,0.1293,path,2.4043,4.1800,0.0259,-0.7231,0.6047,1.5282,0.6882,1.2966
0.4063,4.6730,0.0593,combined,1.0569,5.4000,0.4040,-0.1331,0.3839,0.7543,0.2701,0.9885
0.7657,2.7837,1.5525,path,3.7921,5.6800,0.0216,-0.7607,0.0870,1.6365,0.8664,1.0866
0.4743,1.9301,0.0399,combined,1.4966,5.8600,0.4741,-0.4734,0.0290,0.4452,0.1912,0.4714
0.0134,0.4281,0.0229,stand,0.0000,6.5400,0.0000,nan,nan,0.0976,0.0289,0.3376
0.5343,6.8176,0.3364,stand,0.0000,4.2400,0.0000,nan,nan,0.5385,0.1736,0.4258
0.0438,4.5589,0.0178,stand,0.0000,7.9000,0.0000,nan,nan,0.2962,0.0330,1.0075
0.8186,19.4326,1.0851,path,0.7846,5.1200,0.0228,-0.7753,0.2626,1.2478,0.5694,1.1353
0.8165,9.1590,1.4158,path,0.4837,5.6000,0.0244,-0.4424,0.6863,1.4460,0.8120,1.2191
1.6995,8.4388,1.6817,path,2.7597,5.7600,0.0315,-1.5096,0.7806,1.5917,0.8447,1.5845
0.3485,6.3235,0.1158,turn,0.0000,6.5000,0.0000,nan,nan,0.3104,0.1184,1.4775
0.3640,5.0573,1.1018,path,2.5259,4.4200,0.0244,-0.3635,0.0179,1.3853,0.9778,1.2255
0.2730,8.5577,0.0834,combined,1.2649,6.0800,0.2703,0.1245,0.2429,0.7624,0.2746,0.6282
0.4309,7.3728,0.0595,straight,1.4345,7.0000,0.4309,-0.4222,0.0862,0.4646,0.1878,0.7935
0.3979,1.3895,0.1925,turn,0.0000,6.5600,0.0000,nan,nan,0.4437,0.1231,0.7318
1.2352,2.0271,1.7026,path,1.6204,7.3800,0.0288,-1.2180,0.2056,1.6758,0.8767,1.4408
0.4622,5.4145,0.0886,lateral,0.1829,7.1800,0.1825,-0.3966,0.2374,0.2333,0.0938,0.5901
0.5014,7.7261,0.2543,combined,1.9979,6.4000,0.5014,0.1759,0.4695,1.4223,0.4252,1.1243
0.3541,2.7103,0.0551,lateral,1.3510,7.9400,0.3433,-0.0147,0.3538,0.5093,0.1887,1.3156
0.5405,9.0013,0.5159,path,1.7073,5.7000,0.0074,0.0031,0.5405,0.9877,0.4600,0.3694
0.8655,19.3792,0.6577,path,3.5496,5.7800,0.0238,-0.8311,0.2414,1.5471,0.6945,1.1938
0.4075,2.8800,0.0624,combined,0.7696,7.5400,0.4043,0.2214,0.3421,0.8943,0.2023,0.7739
0.4992,0.5449,1.2724,path,4.9760,7.4800,0.0215,-0.0325,0.4981,1.6894,1.1126,1.0688
0.7806,23.0341,0.0433,stand,0.0000,7.1000,0.0000,nan,nan,0.7682,0.2190,1.0319
0.3002,8.0256,0.4714,path,1.6317,4.4400,0.0112,-0.2890,0.0814,0.8656,0.4289,0.5602
0.2720,2.1844,0.0851,combined,0.8183,7.9200,0.2571,-0.0898,0.2567,0.3719,0.1250,1.0705
0.4303,12.9389,0.0570,combined,0.9077,6.1800,0.4202,-0.0348,0.4289,0.5868,0.1702,1.4465
0.2277,0.7237,1.0257,path,2.6438,7.0000,0.0056,0.2241,0.0398,1.4184,0.8106,0.7201
0.1037,0.6974,0.2290,path,5.1631,6.8200,0.0154,-0.0547,0.0881,1.4450,0.7713,0.7675
0.5417,13.4958,0.0671,straight,0.5590,7.1800,0.1288,0.4949,0.2202,0.8902,0.2108,0.3340
0.3210,7.2743,0.4744,path,2.2108,6.1800,0.0080,0.2664,0.1791,0.8539,0.5064,0.3979
0.3316,0.0153,0.1628,turn,0.0000,6.9000,0.0000,nan,nan,0.3251,0.0991,0.9105
0.7785,18.2231,0.7886,path,1.4747,7.2000,0.0248,-0.7007,0.3394,1.2474,0.9099,1.2376
0.3851,4.4308,0.1342,turn,0.0000,5.5800,0.0000,nan,nan,0.2461,0.1180,1.4942
0.3070,4.2082,0.0793,combined,0.8399,7.9800,0.2920,0.0026,0.3070,0.6243,0.1418,1.3913
0.3884,13.7423,0.0407,combined,1.8521,7.3200,0.3884,-0.2205,0.3198,0.8094,0.2518,0.8241
0.2756,1.1019,0.4454,path,2.4312,7.1000,0.0068,0.1196,0.2483,0.5811,0.3781,0.3425
0.4863,3.7861,0.4366,path,2.5924,4.6800,0.0162,-0.4073,0.2656,1.1322,0.6448,0.8089
0.1384,2.3382,0.5354,path,1.5712,4.1600,0.0048,-0.0759,0.1157,1.0095,0.3864,0.3786
0.0306,1.1909,0.0094,stand,0.0000,4.3800,0.0000,nan,nan,0.4694,0.0623,1.4319
0.1245,0.3955,0.3036,path,1.2817,4.4400,0.0064,0.0248,0.1220,0.8144,0.3853,0.3264
0.3132,17.2469,1.2519,path,3.5286,7.1600,0.0199,0.2472,0.1923,1.6767,1.1710,0.9859
0.2959,0.0706,0.0841,lateral,0.3858,6.9200,0.2611,-0.0427,0.2928,0.3349,0.1209,0.6831
0.7038,15.1220,0.4445,path,1.3273,4.3400,0.0293,0.1471,0.6882,1.6195,0.8211,1.4820
0.4911,0.7428,0.0758,straight,1.5860,7.0400,0.1584,0.4872,0.0621,1.6618,0.4885,0.6693
0.5225,6.9943,0.0073,lateral,1.0856,6.8400,0.5087,-0.4303,0.2964,0.3741,0.1301,1.5345
0.8590,0.9871,0.2037,path,0.5153,7.5000,0.0138,-0.6647,0.5441,0.9751,0.3001,0.6908
0.2214,8.5157,1.4429,path,0.8872,6.1400,0.0091,0.0089,0.2212,1.6613,0.9127,0.4551
0.7173,16.7690,0.1838,path,1.8579,7.6000,0.0250,0.4511,0.5577,1.4625,0.6082,1.2635
0.1541,16.6466,0.6158,path,2.9733,6.9200,0.0090,-0.0882,0.1264,1.4470,0.4999,0.4481
0.0248,0.0046,0.0419,stand,0.0000,6.3600,0.0000,nan,nan,0.1485,0.0478,0.4599
0.4122,130.8334,1.0614,path,9.3882,7.6800,0.0392,-0.2895,0.2934,1.6864,1.2106,1.2625
0.4562,8.2240,0.1965,lateral,0.6203,7.1800,0.4265,-0.2523,0.3802,0.3599,0.1278,0.4197
0.2540,7.1849,0.6759,path,0.9715,7.2600,0.0188,0.2098,0.1433,1.6636,0.9373,0.9420
0.3350,14.0608,0.0939,path,2.3587,6.9800,0.0088,0.3348,0.0098,1.3379,0.5769,0.4394
0.0569,1.4046,0.0210,stand,0.0000,6.8600,0.0000,nan,nan,0.3208,0.0525,1.2703
0.5588,16.1483,0.1886,combined,2.1827,5.0600,0.5588,-0.3618,0.4259,1.0331,0.4237,1.1657
0.7442,13.8731,1.5815,path,1.4955,7.2400,0.0250,-0.3666,0.6477,1.9213,1.1862,1.2569
0.4595,2.8516,0.0739,lateral,0.3220,4.7600,0.3194,-0.0336,0.4583,0.3307,0.1456,1.5047
0.4085,0.0312,0.0724,turn,0.0000,4.2000,0.0000,nan,nan,0.3671,0.1376,1.1687
0.3687,7.8760,0.0494,lateral,0.1916,7.6400,0.1657,0.1208,0.3484,0.2232,0.0909,0.4882
0.3519,3.1868,0.8985,path,1.2090,4.0200,0.0063,0.1764,0.3045,1.4672,0.5273,0.3134
1.3239,18.6374,0.7900,path,1.1404,7.8200,0.0272,-1.0926,0.7476,1.7176,0.7615,1.3451
2.0968,30.4604,1.2138,path,7.8612,7.4000,0.0303,-1.3366,1.6155,1.4939,1.1199,1.5130
0.2624,7.0003,0.5035,path,1.3712,7.5800,0.0126,-0.2533,0.0686,1.2004,0.6064,0.6321
0.1182,0.4706,0.5053,path,2.1454,6.7600,0.0065,-0.0293,0.1145,0.7277,0.3654,0.3230
0.1805,1.3492,0.1117,straight,0.3803,6.7400,0.0421,0.1361,0.1185,0.4746,0.1461,1.2321
0.0795,0.4238,0.1227,path,2.3243,5.0200,0.0095,-0.0717,0.0344,1.4969,0.4787,0.4751
0.3482,0.9766,0.0612,path,2.7959,7.7600,0.0080,-0.3224,0.1314,1.0287,0.3649,0.3989
0.4808,7.9415,0.0553,combined,1.6572,6.8800,0.4759,-0.3937,0.2759,0.6193,0.2387,1.4190
0.3412,5.7375,0.1709,turn,0.0000,7.8600,0.0000,nan,nan,0.3922,0.1183,1.2824
0.2526,9.7432,0.5650,path,2.2092,4.5400,0.0101,-0.1800,0.1772,1.2893,0.6271,0.5047
0.5156,46.1532,0.5684,path,1.7476,4.1800,0.0239,-0.5147,0.0310,1.2041,0.7736,1.2006
0.9382,9.9823,1.0106,path,0.6374,7.7800,0.0268,0.3979,0.8497,1.4633,0.7863,1.3526
0.2903,2.5669,0.0236,stand,0.0000,6.7600,0.0000,nan,nan,0.4257,0.0955,0.3270
0.0251,0.0228,0.0577,stand,0.0000,4.7800,0.0000,nan,nan,0.1308,0.0518,0.9225
0.4466,10.2846,0.0702,turn,0.0000,4.9400,0.0000,nan,nan,0.4413,0.1369,0.4139
0.5451,6.1536,1.4709,path,3.1418,4.2000,0.0277,-0.3681,0.4020,1.5279,1.1209,1.3764
0.6208,8.6110,0.2600,combined,2.1467,4.8000,0.6208,-0.6208,0.0042,0.6367,0.3410,0.9853
0.4894,5.0967,1.1513,path,2.5333,7.5000,0.0247,-0.1011,0.4789,1.5267,0.9728,1.2315
0.2354,1.3462,0.7398,path,5.4866,7.5000,0.0166,-0.0912,0.2171,1.4540,0.8972,0.8294
1.0658,122.0341,1.2200,path,7.1582,5.1200,0.0308,-0.8437,0.6513,1.8868,1.3429,1.5314
0.5401,5.5310,0.1747,combined,1.8856,7.2800,0.5401,0.2260,0.4906,0.8401,0.3704,0.0000
0.9451,5.7693,1.0482,path,1.6074,7.4600,0.0260,-0.9440,0.0471,1.2910,0.7008,1.3005
0.4301,2.8024,0.0253,combined,1.2051,7.4400,0.3785,0.3811,0.1994,1.2861,0.2979,1.1787
0.3570,3.3214,0.0570,turn,0.0000,7.5200,0.0000,nan,nan,0.3558,0.1134,0.9236
0.4214,6.8909,0.0528,turn,0.0000,7.7800,0.0000,nan,nan,0.7468,0.1408,0.8898
0.5294,42.5031,0.3894,path,2.8428,4.4800,0.0187,-0.5204,0.0971,1.4420,0.7250,0.9358
0.0850,0.9531,0.5539,path,1.4973,4.7400,0.0064,0.0388,0.0757,0.6790,0.3291,0.3185
0.1761,6.0176,0.2925,path,2.8101,7.6200,0.0084,0.0987,0.1459,1.5265,0.5505,0.4194
0.3123,0.2531,0.1024,turn,0.0000,7.4400,0.0000,nan,nan,0.8269,0.1416,1.4957
0.4531,5.1725,0.0912,combined,0.7995,5.9200,0.2871,0.4095,0.1941,0.8749,0.2599,1.2806
0.4358,1.8959,0.0450,turn,0.0000,7.9200,0.0000,nan,nan,0.5535,0.1129,1.1516
0.2013,6.6549,0.0336,turn,0.0000,5.9600,0.0000,nan,nan,0.7285,0.1157,0.6020
0.2342,5.5301,0.5342,path,1.6172,5.2200,0.0066,-0.0358,0.2315,0.6158,0.4058,0.3310
0.6367,2.2969,0.9145,path,5.0220,6.0600,0.0234,-0.6124,0.1741,1.4461,0.9451,1.1720
0.2339,4.9007,0.0295,lateral,0.1663,4.3200,0.1376,-0.1412,0.1864,0.2634,0.0992,0.6701
0.3855,5.0932,1.2367,path,2.1627,4.1200,0.0243,-0.3823,0.0497,1.5967,1.0194,1.2138
1.0590,2.2877,0.4059,path,0.4037,7.5600,0.0210,-0.9666,0.4326,0.9852,0.5708,1.0529
0.4614,3.8988,0.7476,path,2.3312,4.6400,0.0101,0.0474,0.4589,1.0812,0.5929,0.5031
0.3668,12.3340,0.5883,path,3.0219,5.7400,0.0228,0.3503,0.1087,1.4645,0.8071,1.1395
0.5674,2.7795,0.1392,combined,0.9871,5.6400,0.0663,0.5544,0.1209,1.4786,0.3931,1.5843
0.0505,4.6002,0.0136,stand,0.0000,4.5800,0.0000,nan,nan,0.2076,0.0487,0.6568
0.2758,2.9574,0.0267,straight,0.0715,6.6800,0.0029,0.2476,0.1215,0.2474,0.1088,1.5861
0.3551,5.4402,0.0328,combined,0.9182,6.1000,0.3456,-0.1577,0.3181,0.4436,0.1578,0.7080
0.4165,3.1729,0.0636,combined,0.5962,7.8800,0.4158,-0.4164,0.0094,0.2368,0.1014,1.2472
0.7798,15.0091,0.3560,combined,1.8998,4.4200,0.7798,-0.1747,0.7600,1.3411,0.5862,1.4443
0.4487,3.5058,0.1056,lateral,0.1718,4.7600,0.1132,0.1568,0.4204,0.2977,0.1395,0.7226
0.3958,4.7370,0.0843,turn,0.0000,5.3200,0.0000,nan,nan,0.2678,0.1216,0.5240
0.4134,13.0212,0.0210,stand,0.0000,5.1800,0.0000,nan,nan,0.6242,0.1152,1.4664
0.3876,10.6405,0.0583,combined,1.1854,5.4400,0.3867,-0.3442,0.1781,0.4185,0.1586,0.8234
0.3816,1.1155,0.1784,straight,0.5327,4.7800,0.0174,0.3768,0.0601,0.7171,0.2389,1.2309
0.9460,9.6559,0.6107,path,1.8062,4.0600,0.0162,0.6406,0.6961,1.4376,0.8380,0.8092
0.4711,12.9335,0.1834,combined,1.2165,4.5800,0.4711,-0.0867,0.4631,0.7851,0.3478,1.4568
0.0570,0.1978,0.0615,stand,0.0000,6.7800,0.0000,nan,nan,0.1543,0.0443,0.8859
0.2817,6.7872,0.4285,path,2.5255,4.0600,0.0128,-0.2531,0.1236,1.0921,0.6037,0.6415
0.6007,4.0965,0.7841,path,4.8802,5.5200,0.0211,-0.5852,0.1355,1.6162,0.9925,1.0547
0.3670,10.5764,0.1264,lateral,1.3430,4.7200,0.3670,-0.3135,0.1908,0.5551,0.2371,0.6493
0.3417,3.2375,0.1088,turn,0.0000,4.0000,0.0000,nan,nan,0.3275,0.1179,0.7275
0.2073,0.4805,0.1369,turn,0.0000,5.8600,0.0000,nan,nan,0.6649,0.1449,1.0336
0.2412,6.3279,0.0231,path,2.2515,4.1200,0.0153,-0.1835,0.1566,1.5019,0.6898,0.7645
0.4956,6.6060,0.1770,combined,1.4749,4.4200,0.4956,-0.4926,0.0543,0.4665,0.2603,0.4688
0.3699,7.1108,1.5516,path,2.4251,4.0200,0.0193,-0.2194,0.2979,1.6966,0.8792,0.9710
0.5200,15.5176,0.3100,combined,1.1530,4.0600,0.5200,-0.3436,0.3903,0.5774,0.2326,0.0000
0.9729,5.3074,1.0958,path,6.3210,5.8200,0.0275,-0.9408,0.2479,1.3757,1.0792,1.3729
1.5604,23.3848,0.4916,path,2.2313,7.6600,0.0282,-1.4512,0.5733,1.1088,0.4287,1.4047
0.2454,3.0887,0.0177,lateral,0.6155,7.4000,0.2453,-0.1449,0.1981,0.3959,0.1240,1.0661
0.4481,3.2246,0.2480,lateral,1.1308,4.1800,0.4481,-0.3310,0.3021,0.5034,0.2132,0.5493
0.5799,0.0353,0.1972,straight,1.4100,4.3600,0.0214,0.5780,0.0470,1.3536,0.5180,0.5209
0.4022,7.1755,0.7659,path,2.6796,6.5600,0.0236,-0.1864,0.3563,1.3688,0.9219,1.1816
0.5019,5.7063,0.1186,straight,1.5794,5.3400,0.0309,0.5003,0.0401,1.5191,0.4718,0.5158
0.3971,7.2264,0.4469,path,2.9238,7.3400,0.0220,0.0910,0.3865,1.5882,0.8696,1.1112
0.5039,3.0703,0.0348,turn,0.0000,5.1600,0.0000,nan,nan,0.3517,0.1366,0.6228
0.2589,8.8760,0.0143,lateral,0.4429,4.3200,0.2589,-0.2232,0.1312,0.2848,0.0907,0.9177
0.5371,1.2451,0.1079,straight,1.6787,5.6600,0.2904,0.4852,0.2302,1.5654,0.5710,0.7140
1.0030,14.0441,0.3648,path,1.6004,6.1400,0.0246,-0.9917,0.1498,0.9763,0.5420,1.2292
0.2581,1.9118,0.0654,turn,0.0000,4.3800,0.0000,nan,nan,0.2656,0.0976,1.1784
0.4849,1.4921,0.2468,combined,2.0071,6.2000,0.4847,0.2910,0.3878,1.4386,0.4291,0.4789
0.5090,4.1349,0.4687,path,3.5351,5.3200,0.0144,-0.5004,0.0931,1.6066,0.7533,0.7189
0.6109,4.6558,0.0845,turn,0.0000,5.6200,0.0000,nan,nan,0.5408,0.2517,0.4778
0.1574,9.8438,0.5644,path,2.6777,5.6400,0.0099,-0.1302,0.0885,0.6449,0.4863,0.4974
0.3658,9.7723,0.1557,path,2.2693,5.6600,0.0083,-0.1810,0.3179,1.7906,0.6042,0.4126
0.3095,5.3960,0.3527,path,3.7632,7.9000,0.0109,-0.2864,0.1172,1.0388,0.4934,0.5460
0.2553,0.3160,0.0269,straight,0.1255,5.0200,0.0064,0.2540,0.0252,0.2926,0.1192,1.3995
0.7089,10.8808,1.5699,path,5.2392,4.6200,0.0254,0.0769,0.7047,1.9054,1.4292,1.2593
0.6314,5.0481,0.0719,lateral,1.3476,5.1200,0.6291,-0.5184,0.3603,0.5503,0.1908,1.4423
0.5072,8.2447,0.7789,path,3.1334,6.1000,0.0294,0.0720,0.5021,1.6687,1.1613,1.4658
0.2928,4.5957,0.1193,combined,0.4267,6.8200,0.2832,-0.1033,0.2740,0.4805,0.1305,0.0000
0.0478,2.0497,0.0426,stand,0.0000,5.1200,0.0000,nan,nan,0.3711,0.0703,0.9458
0.5479,11.2741,0.4792,path,3.3468,5.9000,0.0181,-0.3612,0.4120,1.3681,0.7618,0.9095
0.5360,10.6892,0.4426,path,1.7050,4.8000,0.0072,-0.1932,0.4999,1.0967,0.4408,0.3616
0.0888,4.9866,0.7188,path,2.2408,5.5600,0.0084,-0.0453,0.0763,1.3659,0.5404,0.4180
1.3101,9.0202,1.0063,path,2.1476,5.3200,0.0305,-1.0034,0.8424,1.3269,0.8211,1.5221
0.3197,38.3020,0.3710,path,2.4117,5.3800,0.0179,0.3194,0.0139,1.4941,0.7683,0.9043
0.5223,9.9889,0.2001,lateral,0.8812,4.2200,0.5223,-0.4679,0.2321,0.4004,0.1435,1.2160
0.2587,2.8664,0.0776,lateral,0.7364,6.6200,0.2171,0.0520,0.2534,0.3732,0.1359,0.4895
1.2314,19.8201,1.2105,path,4.6925,4.8800,0.0310,-1.0264,0.6803,1.8133,1.3153,1.5495
0.4497,0.7142,0.0893,lateral,0.7945,7.5800,0.4197,-0.0271,0.4489,0.4142,0.1384,0.0000
0.4050,5.7643,0.0214,combined,1.3719,5.0000,0.4050,-0.3710,0.1622,0.5427,0.2216,1.3452
0.2027,11.2770,0.0499,combined,1.4564,6.1400,0.2027,-0.1474,0.1392,0.6888,0.2603,0.7705
0.3679,5.7777,0.0517,straight,0.6493,5.0800,0.0031,0.3544,0.0990,0.9833,0.3537,1.4025
0.1213,0.8687,0.4225,path,1.9190,6.5600,0.0060,-0.0914,0.0798,0.7340,0.3035,0.3021
0.2524,2.2932,0.0757,turn,0.0000,4.3600,0.0000,nan,nan,0.2329,0.1068,1.5844
0.3925,1.6998,0.0481,turn,0.0000,6.7200,0.0000,nan,nan,0.2881,0.0980,0.5130
0.3679,7.1321,0.0116,combined,1.0669,5.3200,0.3678,-0.2394,0.2793,0.5228,0.2244,1.4165
0.4277,0.9867,0.0292,lateral,0.2678,5.5600,0.2678,0.0102,0.4276,0.3354,0.1447,0.7242
0.1973,0.1268,0.4162,path,1.6639,4.7600,0.0071,-0.0333,0.1944,1.2747,0.5164,0.3547
1.0569,4.6710,1.7016,path,3.5555,4.6600,0.0292,-0.9964,0.3524,1.7122,0.9549,1.4484
0.5108,4.1427,0.2050,combined,1.0601,5.2400,0.5108,-0.3801,0.3412,0.6633,0.2278,0.9766
0.7007,0.7851,0.5729,path,0.6065,5.3200,0.0191,-0.6942,0.0950,1.1906,0.6010,0.9542
0.4161,6.7706,0.1097,lateral,1.0584,7.9000,0.3965,-0.2280,0.3481,0.4659,0.1475,1.1705
0.3419,0.4939,0.0499,straight,1.8931,5.8200,0.1931,0.3220,0.1150,1.6394,0.4882,0.9391
0.4763,2.1218,0.0877,straight,1.4942,6.4800,0.4734,-0.4758,0.0211,0.4829,0.1852,1.2892
1.2335,1.1347,1.0095,path,6.9383,6.3400,0.0287,-1.1403,0.4705,1.7864,1.2262,1.4032
0.2623,4.5815,1.4004,path,3.9146,6.4600,0.0270,-0.1018,0.2418,1.6362,1.3303,1.3472
0.4112,1.9188,0.1345,straight,1.0471,5.1400,0.0551,0.4105,0.0229,1.4482,0.4601,0.3890
0.4358,9.9505,0.0335,turn,0.0000,4.9000,0.0000,nan,nan,0.5373,0.1715,0.3314
0.4078,13.9939,0.1652,combined,2.2044,5.7600,0.4078,-0.3927,0.1100,0.6430,0.3505,1.2818
0.3632,4.6934,0.1429,straight,0.7357,5.9200,0.0368,0.3596,0.0516,0.8401,0.2620,0.7867
0.2971,6.3783,0.0300,combined,1.0187,7.2800,0.2957,-0.2871,0.0763,0.3541,0.1411,0.5174
0.6157,13.5900,0.1338,combined,1.9663,5.9200,0.6121,-0.4279,0.4427,0.6456,0.3122,0.0000
0.4694,1.2676,0.1729,straight,1.6072,6.9200,0.4694,-0.4666,0.0506,0.5566,0.2217,0.6316
0.2771,4.9970,0.3366,path,2.2969,6.6800,0.0074,-0.2590,0.0985,0.5238,0.3235,0.3710
0.3925,10.5264,0.1964,lateral,0.1811,6.3600,0.1385,0.0556,0.3885,0.3135,0.1416,0.4108
0.3397,4.0813,1.0815,path,0.4306,4.0600,0.0240,-0.2665,0.2106,1.3173,0.8675,1.1996
0.4410,8.3622,0.0333,lateral,0.0291,6.3200,0.0291,-0.1189,0.4247,0.2898,0.1150,0.7106
0.3857,2.0364,0.1124,straight,1.5566,4.5800,0.0789,0.3766,0.0833,1.4708,0.4956,0.4714
0.1505,1.1323,0.0148,stand,0.0000,4.0400,0.0000,nan,nan,0.4737,0.0873,1.4465
0.3782,2.3667,0.5427,path,1.9698,6.0200,0.0067,-0.1605,0.3424,1.3122,0.3768,0.3366
1.1046,7.3347,1.4687,path,3.3450,6.7000,0.0292,-0.7370,0.8228,1.6627,0.9484,1.4746
0.0876,2.9486,0.2095,path,1.9304,6.7400,0.0029,0.0732,0.0481,0.6252,0.3798,0.3425
0.5922,13.2517,0.4653,path,0.6507,5.3600,0.0182,-0.0147,0.5920,1.6173,0.7233,0.9097
0.3431,1.1177,0.1552,combined,2.1312,6.2600,0.1574,0.3185,0.1275,1.7438,0.5394,0.3828
0.6338,3.0354,1.5023,path,1.8562,4.4400,0.0163,-0.3300,0.5411,1.8008,1.1365,1.1126
0.1793,21.2746,0.1401,path,2.0033,4.1200,0.0107,0.0542,0.1709,1.5290,0.7585,0.5370
0.3748,0.1751,0.1127,turn,0.0000,4.8200,0.0000,nan,nan,0.4996,0.1347,0.9885
0.3668,1.5460,0.0362,stand,0.0000,6.4200,0.0000,nan,nan,0.5516,0.1300,1.1064
0.0327,3.9196,0.0647,stand,0.0000,5.8400,0.0000,nan,nan,0.4300,0.0614,0.8674
0.5764,8.1164,0.1819,path,2.6763,4.1400,0.0172,-0.3204,0.4791,1.3465,0.7130,0.8712
0.0793,7.4010,0.7316,path,4.2609,6.2200,0.0145,0.0215,0.0764,1.0647,0.7308,0.7248
0.3684,0.5500,0.0403,combined,0.7205,7.8800,0.3582,0.2641,0.2568,0.9156,0.1885,1.5115
0.6375,6.3124,0.0520,combined,2.2185,4.7400,0.6375,-0.6291,0.1032,0.6911,0.3589,1.0075
0.5423,0.5101,1.2229,path,2.0947,7.2000,0.0159,0.4377,0.3201,1.6010,1.0961,1.0767
0.2976,19.0677,0.6474,path,2.1923,6.3400,0.0174,0.0188,0.2970,1.5618,1.0253,0.8730
0.6951,3.4812,0.0969,combined,1.4768,5.2200,0.1080,0.6951,0.0001,1.5463,0.4591,0.3886
0.3332,1.3359,0.1536,turn,0.0000,4.8200,0.0000,nan,nan,0.6704,0.1667,0.4258
0.0371,2.0290,0.0373,stand,0.0000,5.5000,0.0000,nan,nan,0.1566,0.0410,0.9262
0.2152,8.9723,1.0633,path,2.4249,5.5200,0.0142,-0.1818,0.1152,1.3162,0.6505,0.7106
1.3094,0.8084,1.6131,path,1.9810,7.1000,0.0302,-0.6842,1.1164,1.9038,1.1884,1.5007
0.3659,6.6633,0.0806,combined,1.3441,6.2400,0.3634,0.0825,0.3565,0.9591,0.2988,0.8713
0.3029,2.3496,0.0673,straight,1.5966,6.5800,0.1625,0.2790,0.1178,1.3549,0.4408,1.0488
0.3928,6.1286,0.0807,turn,0.0000,7.2400,0.0000,nan,nan,0.4682,0.1342,0.3620
0.4915,8.1128,0.0368,straight,0.3053,6.2400,0.0637,0.4716,0.1383,0.7777,0.1946,0.5660
0.4014,8.3799,0.7320,path,3.0159,5.3600,0.0067,-0.3479,0.2002,1.1484,0.6079,0.6633
0.2894,7.0040,0.0352,straight,0.2368,6.1800,0.0154,0.2472,0.1505,0.4232,0.1503,1.2845
0.5933,12.2974,0.0681,combined,1.8841,5.9600,0.5933,0.0191,0.5930,1.2294,0.4303,1.3522
0.5891,1.3218,1.2715,path,2.3468,4.6200,0.0301,-0.4923,0.3235,1.5181,1.0418,1.5022
0.1515,1.5292,0.2281,path,3.2184,6.9200,0.0110,-0.0155,0.1507,0.9949,0.5913,0.5544
0.5986,8.1119,1.4681,path,3.3707,6.4600,0.0320,0.4114,0.4348,1.7751,1.2202,1.5857
1.0175,7.4589,0.3503,path,2.4544,5.8400,0.0223,-0.7549,0.6822,1.3816,0.6981,1.1139
0.4526,7.7030,0.1336,lateral,0.5510,4.6400,0.4475,-0.2082,0.4019,0.3349,0.1334,0.7739
0.3566,2.7101,0.2047,combined,0.8694,6.9000,0.3551,-0.3147,0.1678,0.5627,0.1295,0.3797
0.3618,1.7233,0.5053,path,3.8064,5.7000,0.0122,0.1445,0.3317,1.1188,0.7513,0.7186
0.4592,1.3469,0.1046,lateral,0.7631,6.6400,0.4424,-0.1282,0.4410,0.4157,0.1491,1.1739
0.4031,2.2741,0.0245,turn,0.0000,7.5400,0.0000,nan,nan,0.2970,0.1093,0.9862
0.7478,6.6343,0.6182,path,3.0512,5.0000,0.0132,-0.4924,0.5628,1.7003,0.6919,0.6716
0.4928,0.5885,0.0771,combined,0.5497,6.2800,0.4709,-0.4128,0.2693,0.5530,0.1316,1.4906
0.4455,7.4316,0.1482,combined,0.8213,4.8800,0.4455,-0.3497,0.2759,0.3612,0.1458,1.1243
0.5774,12.6492,0.2377,combined,1.8489,4.1400,0.5774,-0.5773,0.0062,0.5218,0.3008,0.4599
1.8670,58.6364,1.0679,path,5.2203,7.4000,0.0316,-0.9288,1.6195,1.6338,1.0592,1.5779
0.3782,3.5799,0.0889,lateral,0.7966,6.2200,0.3342,0.0759,0.3705,0.4510,0.1653,0.4575
0.8862,20.9289,0.2551,combined,1.8158,4.0600,0.8862,-0.7342,0.4962,0.7152,0.3804,1.1657
0.4464,3.1316,0.0636,combined,0.2033,6.1200,0.1946,-0.4305,0.1179,0.3629,0.1081,0.9383
0.3322,0.4641,0.0905,turn,0.0000,6.4600,0.0000,nan,nan,0.3787,0.1213,0.8780
0.5548,6.6000,0.0973,combined,1.4676,5.1200,0.5548,-0.5546,0.0166,0.4192,0.2359,0.7935
0.3223,0.1259,0.0388,straight,1.4779,7.5400,0.3223,-0.3173,0.0565,0.5410,0.1957,1.5870
0.3255,3.7227,0.0744,turn,0.0000,6.1400,0.0000,nan,nan,0.4054,0.1035,0.9872
0.4509,3.5007,0.1217,lateral,0.0813,4.0800,0.0638,0.0431,0.4488,0.3457,0.1513,1.5047
0.3335,7.6773,1.0722,path,2.5608,5.6800,0.0103,-0.0963,0.3193,1.4521,0.5995,0.5159
0.6471,17.5969,0.4872,path,2.7654,7.6200,0.0142,-0.4099,0.5008,1.5616,0.6312,0.7141
0.5335,2.7023,0.0161,combined,1.0144,4.3200,0.5327,-0.2866,0.4500,0.6121,0.2323,0.4197
0.5205,2.4272,0.0508,lateral,0.5475,5.9800,0.4675,-0.1227,0.5058,0.4139,0.1341,1.1733
0.5815,10.2804,1.5136,path,7.9675,7.3800,0.0256,-0.5503,0.1880,1.6617,1.0591,1.2907
0.3488,4.4576,0.1579,straight,0.2115,7.7000,0.2115,-0.3406,0.0750,0.2198,0.0928,0.4286
0.3638,10.4119,0.1043,lateral,0.7029,6.1400,0.3511,-0.2588,0.2556,0.3774,0.1221,1.4495
0.9792,7.9805,1.3760,path,1.5018,5.2400,0.0312,-0.7554,0.6231,1.7058,0.7992,1.5566
0.3829,3.9955,0.6382,path,3.5322,6.4800,0.0204,-0.3197,0.2107,1.4487,0.8231,1.0193
0.5617,1.2454,0.3675,path,2.8632,4.4000,0.0266,-0.2860,0.4834,1.5823,0.8467,1.3314
0.5832,10.4840,1.2826,path,3.3236,5.1000,0.0135,-0.2455,0.5290,1.3101,0.7167,0.6733
0.3458,0.3285,0.0091,turn,0.0000,5.2000,0.0000,nan,nan,0.4061,0.1074,1.0705
0.3281,10.9569,1.1905,path,2.3661,4.2800,0.0261,-0.2977,0.1380,1.7033,1.1668,1.3091
0.4972,0.2856,0.0612,straight,1.3810,6.3600,0.4972,-0.4937,0.0588,0.4297,0.1775,0.9272
0.5321,0.6016,0.0619,combined,0.7989,7.4800,0.5269,-0.3423,0.4073,0.3433,0.1086,0.3397
0.3931,7.9346,0.2380,combined,1.9308,5.5800,0.3931,-0.3898,0.0515,0.6349,0.3017,0.5901
0.5335,1.6264,1.4755,path,5.1425,6.5200,0.0183,-0.0297,0.5326,1.5102,0.9037,0.9166
0.7657,9.1004,1.5434,path,5.6420,4.6200,0.0063,-0.3826,0.6633,1.8278,1.4320,1.4852
0.3572,7.5385,1.2320,path,2.2904,4.5000,0.0105,0.1324,0.3317,1.1822,0.6557,0.5268
0.0499,4.0014,0.2725,path,2.0220,4.3000,0.0064,0.0206,0.0455,0.8392,0.4924,0.4822
0.6631,0.2713,1.4345,path,3.7503,5.2000,0.0254,-0.4652,0.4725,1.8633,1.1380,1.2712
0.3561,6.3612,0.1331,straight,1.0595,7.5600,0.1097,0.3492,0.0696,1.1727,0.2756,0.3931
0.3861,2.3921,0.1696,straight,0.8477,5.6800,0.0834,0.3703,0.1093,0.9541,0.2768,1.3156
0.8063,11.8916,0.9026,path,2.6967,5.6400,0.0265,-0.2788,0.7566,1.6240,1.1116,1.3327
0.1483,2.3101,0.9972,path,2.5683,5.2000,0.0165,0.0436,0.1417,1.3685,0.8234,0.8235
0.3879,88.0258,0.4926,path,3.0296,6.3600,0.0110,0.1325,0.3645,1.0825,0.5392,0.5481
0.4477,11.1408,0.1789,combined,0.9732,5.3000,0.4477,-0.1847,0.4079,0.6858,0.2150,0.6831
0.1654,0.2785,0.3948,path,1.7705,4.5800,0.0078,-0.1399,0.0882,0.5996,0.3585,0.3860
0.4341,1.6698,0.0326,combined,2.0509,7.1600,0.4338,0.2962,0.3174,1.4043,0.4137,0.6470
1.4206,23.2618,0.1814,path,2.3971,7.8200,0.0274,-1.3657,0.3913,1.0032,0.4248,1.3661
0.1508,3.5066,0.2173,path,2.7533,4.1600,0.0136,-0.1488,0.0239,1.2692,0.6495,0.6781
0.1769,1.0061,1.3523,path,5.2428,7.1600,0.0206,-0.1758,0.0196,1.6671,0.9780,1.0285
0.4777,3.3575,0.0659,combined,0.9401,6.2600,0.0115,0.4281,0.2119,1.2873,0.3177,0.3376
0.2558,6.2194,0.1145,path,2.4111,5.1400,0.0095,-0.1103,0.2308,1.4985,0.6308,0.4767
0.7456,13.2551,0.7495,path,0.9070,4.3400,0.0232,-0.4887,0.5631,1.3258,0.5105,1.1574
0.4079,5.6275,0.1239,straight,1.3323,7.5400,0.1215,0.4079,0.0028,1.3568,0.3199,0.3368
0.3938,2.0668,0.1039,straight,1.1047,7.2800,0.1497,0.3818,0.0967,1.3532,0.3214,1.0767
0.0537,0.2474,0.0538,stand,0.0000,4.6600,0.0000,nan,nan,0.2638,0.0445,0.4139
1.2965,13.9143,0.2581,path,4.9489,4.7400,0.0244,-1.2943,0.0757,1.4651,0.8930,1.2184
0.9371,21.2322,0.9277,path,3.1427,5.9000,0.0165,-0.9341,0.0753,1.0870,0.5441,0.8222
0.4505,5.5703,0.1106,straight,1.1550,7.9400,0.4430,-0.3833,0.2368,0.4329,0.1495,1.1500
0.4554,11.6479,1.3031,path,2.0352,7.2400,0.0277,-0.4398,0.1184,1.6297,1.1774,1.3841
0.2166,10.2516,0.0301,lateral,0.6910,4.1000,0.2165,-0.1845,0.1134,0.3571,0.1408,0.6701
0.5259,1.2902,0.8017,path,2.8498,5.0200,0.0169,-0.5226,0.0586,0.9742,0.6955,0.8549
0.0322,0.5920,0.0430,stand,0.0000,6.3000,0.0000,nan,nan,0.2119,0.0354,0.7318
0.2722,1.4134,0.0585,combined,0.6870,7.6800,0.2451,-0.2137,0.1687,0.3425,0.0998,0.7219
0.1279,4.7831,0.9464,path,3.0326,5.7800,0.0137,0.1040,0.0746,1.3935,0.7887,0.6848
0.9428,0.9251,1.4452,path,0.5705,7.6800,0.0245,-0.5076,0.7944,1.5748,0.8619,1.2253
0.5320,6.9555,0.1982,combined,1.1932,5.0600,0.5320,-0.1262,0.5168,0.9755,0.3814,1.2321
1.4664,7.4788,1.4809,path,5.8967,5.5600,0.0299,-1.4540,0.1898,1.7253,1.0550,1.5016
0.4144,9.9031,0.1724,combined,0.9619,7.4400,0.4064,-0.3927,0.1325,0.4380,0.1535,0.8535
0.7446,9.7341,1.2057,path,6.8231,7.5200,0.0284,-0.5639,0.4863,1.8735,1.2258,1.4201
0.2294,3.5792,0.0360,turn,0.0000,7.5200,0.0000,nan,nan,0.2228,0.0909,0.5148
0.0358,2.1447,0.0495,stand,0.0000,6.9800,0.0000,nan,nan,0.1799,0.0425,0.8439
0.9173,16.5244,1.5328,path,7.5652,7.6600,0.0262,0.4701,0.7877,1.7188,1.3552,1.3118
0.4040,4.5282,0.1503,combined,1.6755,6.2400,0.3011,0.3213,0.2448,1.4302,0.5540,0.9105
0.3998,9.9009,0.0853,combined,1.0814,4.5800,0.3998,-0.3262,0.2312,0.4353,0.1584,1.1516
0.4452,5.4166,0.1786,lateral,0.0261,7.2600,0.0099,0.2246,0.3844,0.2659,0.1080,0.0000
0.3030,1.5918,0.1628,turn,0.0000,7.7600,0.0000,nan,nan,0.3515,0.1074,0.8345
0.3236,13.1949,0.0659,lateral,0.4530,6.7400,0.3185,-0.1065,0.3056,0.2772,0.1002,1.4775
0.4013,2.8868,0.3100,path,1.5330,5.4000,0.0110,-0.3600,0.1773,1.3862,0.5900,0.5518
0.3700,13.9180,0.9818,path,3.3631,7.7600,0.0132,0.1643,0.3315,1.8097,1.0936,1.2501
0.0056,0.2811,0.0256,stand,0.0000,4.9600,0.0000,nan,nan,0.1829,0.0577,0.9236
0.8194,3.2875,0.4481,path,1.1253,4.6000,0.0246,-0.7458,0.3393,0.8269,0.4764,1.2330
0.2529,4.8678,0.8107,path,1.7832,7.2600,0.0142,-0.2524,0.0168,1.2630,0.6858,0.7105
0.3045,1.8414,0.0891,lateral,1.0499,7.9400,0.2891,-0.1270,0.2767,0.5183,0.1504,0.0000
0.3106,4.3264,0.8228,path,1.4630,4.6400,0.0029,0.1794,0.2535,1.1333,0.5919,0.4257
0.1750,12.4264,0.4115,path,0.1707,6.3400,0.0142,-0.0308,0.1723,1.2250,0.6031,0.7095
0.7745,7.9108,0.8423,path,4.5755,7.8600,0.0284,0.7494,0.1959,1.6123,1.2668,1.4297
0.3076,10.3259,0.0332,lateral,1.1763,7.5200,0.2989,-0.2846,0.1167,0.4377,0.1451,1.1234
0.6252,5.0169,0.7264,path,6.0338,7.5000,0.0190,-0.3300,0.5310,1.2668,0.8402,0.8041
0.6566,10.6884,0.0917,path,1.9429,6.4600,0.0180,-0.5801,0.3076,1.2808,0.5961,0.8986
0.2831,1.6819,0.1351,combined,0.9940,7.8200,0.1103,0.2703,0.0839,1.4931,0.3742,1.2680
0.4012,2.5904,0.0934,turn,0.0000,5.4000,0.0000,nan,nan,0.6303,0.1325,0.9853
1.6027,16.8000,0.1436,path,4.7676,5.2600,0.0316,-1.2238,1.0349,1.6612,0.8382,1.5804
0.2567,9.1969,0.5060,path,1.5976,7.1600,0.0067,0.0595,0.2497,1.3221,0.2840,0.3390
0.9821,27.8122,0.1438,combined,2.1383,4.5200,0.9821,-0.9791,0.0771,0.7352,0.2947,0.8234
0.5042,4.5923,0.1015,straight,1.9907,7.7400,0.1205,0.4309,0.2619,1.6733,0.4279,0.8721
1.2151,14.6205,0.3635,combined,1.9083,4.5600,0.4387,0.9240,0.7891,1.7648,0.8018,0.5240
0.3105,8.3499,1.0519,path,1.3452,5.4600,0.0124,-0.0468,0.3069,1.2566,0.6839,0.6292
0.4353,3.1983,0.1541,straight,0.8405,6.4000,0.0196,0.4353,0.0021,1.3805,0.4350,1.5345
0.4534,22.8857,0.6778,path,2.2125,4.3600,0.0173,0.0755,0.4470,1.5517,0.7646,0.8639
0.6704,15.3056,0.6648,path,3.8672,5.0000,0.0164,-0.1542,0.6524,1.4667,0.7822,0.8209
0.9732,9.9506,1.6118,path,6.5809,5.7600,0.0511,-0.8586,0.4581,1.7238,1.2926,1.4939
0.4199,6.2807,0.0167,turn,0.0000,4.8000,0.0000,nan,nan,0.4860,0.1337,1.4664
0.1925,1.7830,1.0931,path,2.3072,5.1400,0.0135,0.1789,0.0710,1.3900,0.8592,0.6721
0.9133,7.0517,1.2750,path,5.7622,6.0600,0.0240,-0.9098,0.0799,1.6489,0.9473,1.2010
0.2933,1.7829,1.1294,path,6.5385,6.4800,0.0246,-0.2895,0.0468,1.5774,1.1025,1.2323
0.3813,6.9521,0.1096,combined,0.4881,5.0400,0.3715,-0.2463,0.2911,0.5858,0.1764,1.4443
0.2444,7.3430,0.7635,path,1.0027,7.7800,0.0052,0.0815,0.2304,1.5525,0.6057,0.6806
0.0148,0.2448,0.0297,stand,0.0000,6.6000,0.0000,nan,nan,0.1264,0.0343,1.2703
0.4355,5.7895,0.1171,lateral,1.1716,6.2000,0.4319,-0.3672,0.2341,0.4839,0.1592,1.2824
0.8609,14.4882,0.5989,path,2.7337,7.7800,0.0251,-0.6265,0.5905,1.7334,1.0649,1.2533
0.4432,4.0001,0.1509,combined,1.7188,6.9600,0.4272,0.3598,0.2588,1.5831,0.4864,0.6693
0.8119,20.1929,0.1737,combined,2.2378,4.4800,0.8119,-0.7435,0.3263,0.7992,0.3611,0.6228
0.6906,0.6687,1.0609,path,0.7686,4.2800,0.0312,-0.6564,0.2145,1.3013,0.9090,1.5576
0.2443,5.2695,0.1394,straight,0.7712,4.3400,0.2443,-0.2438,0.0164,0.3191,0.1535,1.3995
0.5078,2.2232,0.0926,combined,1.1484,4.5800,0.4534,0.2400,0.4475,1.2514,0.3761,0.5209
0.4161,0.1980,0.1546,turn,0.0000,7.7400,0.0000,nan,nan,0.5810,0.1449,0.6282
0.0724,7.7597,0.0083,stand,0.0000,6.6000,0.0000,nan,nan,0.2046,0.0520,1.1687
0.2796,2.1001,0.3199,path,3.8054,7.5600,0.0146,-0.1202,0.2525,1.3753,0.6190,0.7309
0.2418,1.2746,0.7711,path,5.0486,7.0400,0.0151,-0.1064,0.2171,1.0528,0.7241,0.7563
0.2091,3.3677,0.1113,turn,0.0000,5.7600,0.0000,nan,nan,0.5245,0.1200,0.6020
0.2072,0.0449,1.2153,path,2.9000,4.9600,0.0185,0.1517,0.1412,1.5733,1.0419,0.9248
0.8394,10.4236,1.0632,path,4.4764,5.1600,0.0306,-0.7319,0.4110,1.5692,1.1974,1.5277
0.3895,5.6295,0.1104,straight,1.6545,7.5000,0.1388,0.3332,0.2017,1.5058,0.3661,1.4942
0.2253,5.2998,1.0558,path,0.4946,6.6400,0.0215,0.0786,0.2111,1.3658,0.9765,1.0737
0.5554,2.0990,0.1106,combined,1.6828,6.8200,0.5554,-0.5375,0.1399,0.5378,0.2003,0.4882
0.4265,8.6360,0.0697,lateral,1.4424,7.7000,0.4004,0.0064,0.4265,0.6415,0.2101,0.3340
0.5534,12.0628,0.2387,combined,1.9735,5.6600,0.5534,0.2841,0.4750,1.5220,0.6186,0.7080
0.5269,10.4543,0.0090,combined,1.3709,7.9000,0.5212,-0.4970,0.1750,1.1117,0.2891,1.0319
0.2754,3.5607,0.0942,lateral,0.6715,7.7600,0.2712,0.0096,0.2752,0.3805,0.1211,1.3913
0.3668,0.0180,0.1261,combined,0.9795,5.8000,0.3668,-0.3039,0.2054,0.3896,0.1493,1.2472
0.7493,14.1671,0.9911,path,1.2165,4.9000,0.0124,0.7491,0.0189,1.4563,0.8817,0.6186
1.0992,14.6388,0.8032,path,1.5051,5.0600,0.0280,-0.5592,0.9464,1.3681,0.7145,1.4000
0.0600,9.6614,1.0228,path,3.4792,5.6400,0.0124,-0.0484,0.0354,1.5300,0.7377,0.6180
0.4512,3.5928,0.0677,turn,0.0000,7.7400,0.0000,nan,nan,0.5142,0.1114,1.4319
0.3811,4.9839,0.0495,straight,0.5067,5.3000,0.3660,-0.3804,0.0230,0.3442,0.0866,0.0000
0.3938,8.3869,0.0630,lateral,0.0266,6.5600,0.0266,-0.0040,0.3938,0.2759,0.1147,0.8898
0.8190,16.8829,0.4768,path,1.6362,5.0200,0.0097,0.0947,0.8135,1.2291,0.5758,0.4855
1.7371,40.8263,0.9741,path,7.0640,7.8600,0.0301,-1.6423,0.5659,1.6335,1.0423,1.4977
0.3810,3.6468,0.2126,straight,1.0663,4.6600,0.3805,-0.3808,0.0141,0.3780,0.1937,0.4895
0.3671,5.2710,0.0680,straight,1.2285,6.9000,0.3671,-0.3665,0.0201,0.3704,0.1584,0.9225
0.9925,0.3696,1.1183,path,4.6365,6.2200,0.0209,-0.8907,0.4380,1.2300,0.7484,1.0520
0.2490,1.7778,0.1256,turn,0.0000,4.6600,0.0000,nan,nan,0.4291,0.1242,0.7705
0.4449,3.8830,0.0967,straight,0.2124,7.9400,0.2124,-0.3749,0.2397,0.2212,0.0883,0.8241
1.3084,3.6257,1.2859,path,2.2895,4.4800,0.0293,-1.2697,0.3160,1.4072,0.7828,1.4683
0.3892,14.2560,1.1249,path,2.3989,6.7200,0.0123,-0.0491,0.3861,1.4339,0.7317,0.6144
1.4037,1.1268,1.4115,path,7.8605,5.1200,0.0429,-1.3798,0.2575,1.8198,1.3159,1.5324
0.1823,5.7916,0.9485,path,3.8410,4.1400,0.0192,-0.1405,0.1163,1.4256,0.9314,0.9563
0.2922,2.2818,0.5975,path,3.1506,4.2400,0.0180,-0.2902,0.0341,1.6092,0.9848,0.8993
0.9491,31.3974,0.1854,path,4.5434,7.7000,0.0146,-0.9351,0.1624,1.2386,0.5353,0.7293
0.4953,14.1489,0.2414,combined,2.1468,5.8600,0.4953,-0.3198,0.3782,0.6825,0.3759,1.0336
0.6654,7.5690,0.4398,stand,0.0000,4.8400,0.0000,nan,nan,0.5354,0.1752,1.4025
0.3382,6.5342,0.8275,path,1.8077,5.0200,0.0080,0.1265,0.3137,1.1024,0.5643,0.3979
1.0341,3.4821,1.0436,path,1.6494,7.1400,0.0293,-0.3023,0.9889,1.7017,0.9681,1.4769
0.4461,6.2721,0.0350,lateral,0.8095,6.1200,0.4377,-0.3434,0.2849,0.3570,0.1167,1.2309
0.9761,31.5739,0.1523,path,4.3891,7.9000,0.0058,-0.0523,0.9747,1.5789,0.6265,0.5891
0.4421,1.2362,0.1077,turn,0.0000,5.5000,0.0000,nan,nan,0.7383,0.1626,0.7140
0.5597,3.4094,0.0619,combined,1.4911,4.5200,0.5597,-0.5352,0.1641,0.4860,0.2557,0.4714
0.2444,6.1904,0.0185,stand,0.0000,4.8200,0.0000,nan,nan,0.4962,0.1053,1.2892
0.6358,0.4973,0.7000,path,2.1511,5.4800,0.0178,-0.6309,0.0783,1.5818,0.9293,0.8952
0.1291,15.1529,0.1351,path,1.7948,6.7200,0.0048,-0.0566,0.1160,1.2367,0.4583,0.3374
0.6536,9.1017,0.2315,combined,2.2228,5.1200,0.6536,-0.6331,0.1624,0.6002,0.3342,1.5844
0.8681,1.7989,1.0756,path,3.9095,4.0200,0.0250,-0.5046,0.7063,1.5332,1.0336,1.2485
0.5857,14.1856,0.2339,combined,1.8300,4.0800,0.5021,0.1616,0.5630,1.4404,0.6112,0.3797
0.4315,2.2625,0.1137,turn,0.0000,4.9600,0.0000,nan,nan,0.3661,0.1182,1.1705
0.3290,0.8763,0.0852,turn,0.0000,7.1000,0.0000,nan,nan,0.4029,0.1146,1.4957
0.5620,11.1470,0.2266,lateral,0.9746,5.8400,0.5620,-0.3185,0.4630,0.4196,0.1495,0.5158
0.6701,15.2919,0.7555,path,2.6923,4.4600,0.0132,-0.0139,0.6700,1.1189,0.7226,0.6596
0.2140,15.9394,0.7437,path,4.7692,7.2800,0.0140,-0.0983,0.1901,1.3329,0.6632,0.6989
0.3533,0.5356,0.1344,lateral,0.2388,7.6000,0.2133,-0.0220,0.3526,0.3393,0.1167,0.3270
0.7576,15.1495,0.2400,combined,1.9882,4.9400,0.7576,-0.7572,0.0244,0.6485,0.2889,0.6316
1.7472,18.5403,1.5037,path,5.6719,4.5600,0.0287,-1.0886,1.3666,1.6624,1.2419,1.3465
0.4901,0.2890,0.1099,combined,1.2953,5.0800,0.3598,0.3954,0.2896,1.2115,0.3897,0.7867
0.3950,10.5428,0.1639,lateral,1.1291,6.3400,0.3909,-0.3406,0.2001,0.4555,0.1592,0.4688
0.4476,1.8205,0.0477,lateral,0.8343,6.4600,0.4407,-0.1492,0.4220,0.4660,0.1573,0.7275
0.5206,4.4754,0.0874,lateral,0.9545,6.7200,0.4150,0.2515,0.4558,0.6350,0.2076,0.7226
0.5012,0.8255,0.1733,straight,1.6583,5.7200,0.2010,0.4973,0.0625,1.5986,0.6017,0.0000
0.2538,3.7127,0.1983,combined,1.3338,7.8200,0.2485,-0.1817,0.1772,0.4454,0.1736,1.4190
0.3979,1.1628,0.0823,turn,0.0000,4.0400,0.0000,nan,nan,0.7918,0.1616,1.5047
0.4540,10.5800,0.1882,combined,1.2565,5.5200,0.4540,0.1864,0.4139,1.2032,0.3577,1.3452
0.3945,0.7391,0.0214,lateral,0.7515,6.9200,0.3673,0.0178,0.3941,0.4075,0.1466,0.6568
0.2333,6.7240,0.0489,lateral,0.2090,6.5400,0.2090,-0.0460,0.2287,0.2938,0.1206,0.6493
0.2580,2.2171,0.0763,lateral,0.5005,5.2800,0.2501,-0.0294,0.2564,0.3842,0.1354,0.9391
0.4456,10.3669,0.0502,combined,1.5364,7.0200,0.4413,-0.2549,0.3655,0.5756,0.1987,1.5843
0.6760,10.5945,0.1814,combined,1.4155,5.4800,0.6760,0.0903,0.6699,1.2559,0.3967,0.5130
0.3748,2.5393,0.0313,turn,0.0000,5.0200,0.0000,nan,nan,0.3323,0.1067,1.4465
0.5896,2.4144,0.0743,straight,1.0188,7.6200,0.5451,-0.5232,0.2718,0.2914,0.1109,0.0000
0.4747,13.1114,0.0517,lateral,0.8361,4.4600,0.4713,-0.3614,0.3079,0.4194,0.1572,1.1739
0.3379,3.4785,0.9806,path,2.1520,4.9600,0.0102,-0.0978,0.3234,1.2676,0.5527,0.5086
0.2895,5.6118,0.0364,turn,0.0000,5.5400,0.0000,nan,nan,0.3952,0.1041,1.4165
0.5807,7.3897,0.0486,straight,1.2874,6.1400,0.5807,-0.5623,0.1448,0.4314,0.1647,0.4789
0.8094,9.5431,0.2081,path,2.3587,6.1400,0.0151,-0.5422,0.6010,1.3518,0.4554,0.7593
1.1505,8.5568,0.4896,path,2.9354,7.7600,0.0205,-0.7441,0.8774,1.3724,0.7342,1.0239
0.5427,1.8336,0.0966,straight,1.4116,4.6400,0.1159,0.5059,0.1962,1.3712,0.4767,1.3522
0.4205,2.9769,0.1795,combined,1.3862,6.3800,0.4205,0.3034,0.2912,1.5815,0.4534,1.0661
0.3943,6.7163,0.2263,lateral,0.7614,4.3800,0.3943,-0.1986,0.3406,0.3642,0.1576,0.4575
0.3630,11.8556,0.0518,turn,0.0000,7.5200,0.0000,nan,nan,0.2935,0.1144,1.2806
0.3647,0.0928,0.0480,lateral,0.4290,4.3200,0.3110,-0.0071,0.3646,0.3599,0.1563,0.4197
0.3148,14.3658,1.2796,path,2.7760,5.6800,0.0111,-0.0724,0.3063,1.7035,0.8026,0.5526
0.6748,4.3468,1.0637,path,2.3974,6.5200,0.0256,-0.0286,0.6742,1.3150,0.9200,1.2655
0.3549,2.8623,0.0813,straight,0.3423,4.3400,0.3406,-0.3480,0.0699,0.2094,0.0831,1.4495
0.4543,12.1030,0.0846,combined,1.5791,7.8800,0.4501,-0.3547,0.2839,0.5312,0.1826,1.1787
0.5246,12.9255,1.2204,path,2.0192,4.7600,0.0258,0.4596,0.2529,1.5174,1.1197,1.2841
0.3978,4.5543,0.1073,straight,1.2642,4.5400,0.0868,0.3968,0.0281,1.4145,0.5006,0.8780
0.4539,0.1930,0.0394,straight,0.6792,5.0200,0.4539,-0.4302,0.1449,0.2150,0.1004,0.8713
0.4272,2.2521,0.1798,straight,0.7225,6.3600,0.0581,0.4227,0.0615,1.0024,0.2770,1.4423
0.1916,4.2486,0.0157,stand,0.0000,7.4200,0.0000,nan,nan,0.5563,0.0695,1.5861
0.4144,3.3060,0.1982,lateral,0.4926,5.4000,0.3761,-0.1474,0.3873,0.3826,0.1336,0.9885
0.1915,5.9864,0.6843,path,3.1018,6.0000,0.0114,-0.1051,0.1601,1.0308,0.5580,0.5719
0.5106,4.5956,0.0182,combined,0.8452,6.0600,0.4745,0.0947,0.5018,0.8389,0.1919,0.7242
1.7154,9.7207,1.3474,path,2.0792,4.6000,0.0317,-1.2014,1.2245,1.6401,0.8884,1.5985
0.0743,5.5962,0.2698,path,1.3520,4.7400,0.0063,-0.0726,0.0156,1.3760,0.3508,0.3147
0.1047,5.5742,0.0373,stand,0.0000,5.9400,0.0000,nan,nan,0.3927,0.0840,1.2818
0.9827,2.9327,0.6821,path,1.6623,4.0600,0.0197,-0.9823,0.0277,0.8663,0.4337,0.9896
0.8308,21.3892,0.7847,path,1.0275,7.4000,0.0212,-0.6970,0.4521,1.1913,0.6093,1.0593
0.2758,0.9140,0.4983,path,1.3543,5.8000,0.0065,-0.2339,0.1462,0.8360,0.3397,0.3248
1.4316,9.3894,0.3535,path,5.3188,5.8000,0.0295,0.5168,1.3351,1.7602,1.1573,1.4921
0.2623,7.3022,0.3909,path,3.2984,4.1800,0.0192,-0.2445,0.0948,1.4840,0.8175,0.9582
0.3626,3.9879,0.0653,lateral,0.2232,5.3000,0.2171,-0.0813,0.3533,0.2817,0.1018,1.4906
0.4530,3.8785,0.0893,combined,1.6724,5.8800,0.4530,0.0650,0.4483,1.3011,0.5044,0.3828
0.0360,1.2636,0.3122,path,2.3001,6.6800,0.0094,-0.0311,0.0180,0.8183,0.4714,0.4735
0.8547,6.2938,0.5669,path,2.9515,5.2600,0.0185,-0.8284,0.2106,1.1268,0.6572,0.9239
0.2545,4.0151,0.0810,turn,0.0000,7.7000,0.0000,nan,nan,0.5833,0.1227,1.4568
0.4225,3.0330,0.0886,turn,0.0000,6.4400,0.0000,nan,nan,0.5094,0.1066,0.9766
0.3929,0.8429,0.0294,turn,0.0000,7.1400,0.0000,nan,nan,0.4302,0.1094,1.1784
0.0213,0.3191,0.0489,stand,0.0000,7.2200,0.0000,nan,nan,0.1629,0.0400,0.9177
0.2619,9.6653,0.6277,path,2.1706,6.4000,0.0113,0.2569,0.0511,1.4079,0.8029,0.8209
0.3973,2.8656,0.0154,turn,0.0000,7.7600,0.0000,nan,nan,0.2957,0.1107,0.8859
1.1411,2.0259,1.3363,path,1.5022,6.1200,0.0196,-1.0749,0.3831,1.4687,0.4585,0.9826
0.3851,3.3110,0.1371,turn,0.0000,6.7400,0.0000,nan,nan,0.7912,0.1617,1.2160
0.2460,3.0444,0.0414,turn,0.0000,4.1400,0.0000,nan,nan,0.5113,0.1263,0.7219
0.2533,7.1024,0.6305,path,1.5766,6.1000,0.0170,-0.0555,0.2472,1.5303,0.8878,0.8511
0.2638,2.7643,0.1175,turn,0.0000,6.1000,0.0000,nan,nan,0.5197,0.1163,0.8674
0.8588,8.0294,0.7462,path,3.0871,4.5600,0.0205,-0.8436,0.1607,1.0077,0.7036,1.0337
0.4503,1.7640,0.0784,turn,0.0000,4.5200,0.0000,nan,nan,0.4933,0.1325,0.3376
0.3500,10.8253,0.4173,path,1.4437,7.3800,0.0088,-0.3499,0.0089,0.8823,0.3672,0.4423
0.3807,6.3031,0.2722,path,2.3288,4.5000,0.0106,0.1180,0.3620,1.1546,0.6159,0.5298
0.4914,2.1119,0.9813,path,1.8534,6.8600,0.0139,-0.3982,0.2879,1.6481,0.7164,0.6970
0.5886,2.7994,0.0371,straight,1.2870,5.3600,0.0802,0.5720,0.1386,1.4619,0.4997,0.4286
0.4385,7.9439,0.8006,path,3.8147,6.0000,0.0129,-0.3455,0.2700,1.2360,0.6005,0.6419
0.3613,7.8676,0.2728,path,2.6813,6.8200,0.0095,-0.3379,0.1279,0.7229,0.4004,0.4766
0.4377,9.9287,0.0903,lateral,1.0650,4.7600,0.4377,-0.3782,0.2203,0.5215,0.1757,0.6831
0.5354,4.0456,0.1270,combined,1.5642,5.5800,0.5354,-0.4109,0.3432,0.6832,0.2486,0.7935
0.2692,3.5554,0.5544,path,4.5124,7.1000,0.0140,-0.0330,0.2672,1.2660,0.7203,0.7016
0.6495,6.9067,0.0626,lateral,1.4910,5.9000,0.6482,-0.5295,0.3760,0.4933,0.1830,0.7739
0.5546,9.6924,0.1257,combined,1.7838,4.2000,0.5546,-0.5542,0.0215,0.6237,0.3098,1.1516
0.5203,8.7403,0.0483,lateral,0.5083,6.2400,0.4563,-0.1196,0.5064,0.3570,0.1286,0.3886
0.4323,4.1734,0.1937,straight,0.7606,6.5800,0.4275,-0.4298,0.0463,0.2996,0.1193,0.4108
0.3987,6.4005,0.3863,path,3.5973,4.6000,0.0163,-0.0807,0.3904,1.7815,0.9448,0.8174
1.2846,28.7679,0.0915,path,3.7477,6.8000,0.0233,-1.1948,0.4718,1.3025,0.7663,1.1637
0.3486,4.2054,0.1013,combined,0.9459,5.7200,0.3486,-0.3381,0.0848,0.4150,0.1569,0.9872
0.2974,0.9211,0.0771,lateral,0.3892,5.9800,0.2547,-0.0098,0.2972,0.3358,0.1153,0.9862
0.3692,2.7543,0.0241,combined,0.9163,7.7600,0.1498,0.3620,0.0728,1.1387,0.2859,0.5493
0.3125,1.1305,0.0468,turn,0.0000,5.4400,0.0000,nan,nan,0.5502,0.1109,1.0705
0.2666,3.5072,0.3848,path,1.3884,7.8600,0.0025,-0.1258,0.2351,0.7706,0.3873,0.4910
0.3474,0.5160,0.0916,straight,0.7932,6.8000,0.3264,-0.3401,0.0711,0.2554,0.1232,0.0000
0.2122,4.6898,0.9179,path,5.9411,7.7200,0.0206,-0.2092,0.0352,1.4873,1.0267,1.0283
0.2677,5.5150,0.0453,stand,0.0000,5.8800,0.0000,nan,nan,0.4822,0.0749,0.9383
0.4896,5.1624,0.0855,combined,0.6903,7.6800,0.4836,-0.2478,0.4223,0.4554,0.1610,0.4778
0.3249,4.0380,0.0647,turn,0.0000,4.2400,0.0000,nan,nan,0.3673,0.1225,0.0000
0.4705,8.9340,0.1092,turn,0.0000,6.9400,0.0000,nan,nan,0.3234,0.1120,0.3314
0.3827,3.3765,0.0979,combined,1.5629,6.5400,0.3790,-0.2006,0.3259,0.6025,0.2166,1.5115
0.1572,6.3926,0.0711,stand,0.0000,4.6400,0.0000,nan,nan,0.4950,0.0952,0.5148
0.6613,11.2340,0.0923,path,0.7898,4.3800,0.0244,0.6335,0.1898,1.1243,0.4730,1.2138
0.2886,1.6654,0.3819,path,4.0389,7.5000,0.0232,0.2580,0.1295,1.2184,0.8062,1.1684
0.2002,3.9305,0.0567,turn,0.0000,7.5600,0.0000,nan,nan,0.6396,0.1522,0.9458
0.0692,1.6424,0.0383,stand,0.0000,6.4000,0.0000,nan,nan,0.4706,0.0738,1.0488
0.3638,6.0280,0.0245,lateral,0.5353,6.3600,0.3638,-0.2382,0.2749,0.3054,0.0987,1.2845
0.3165,12.2069,0.1602,combined,1.5839,6.5400,0.3165,-0.1123,0.2959,0.8035,0.2795,0.4258
0.5223,0.9940,0.1067,lateral,0.0671,6.6400,0.0518,-0.1206,0.5082,0.3720,0.1321,1.0075
0.6570,14.5959,0.0568,combined,1.9188,6.4600,0.4526,0.3863,0.5315,1.6956,0.4628,0.5660
0.3112,1.6640,0.2066,combined,0.6006,7.0800,0.2508,0.2820,0.1317,0.6957,0.1919,0.5174
0.4615,1.5826,0.7718,path,4.2773,5.8200,0.0078,-0.4042,0.2227,1.4346,0.7130,0.7777
0.6169,21.2546,0.1447,path,5.4896,7.6800,0.0149,-0.6040,0.1255,1.3252,0.6435,0.7455
0.3875,7.3088,0.1421,turn,0.0000,5.7000,0.0000,nan,nan,0.7919,0.1597,0.9272
0.3978,3.7377,0.0786,turn,0.0000,4.6200,0.0000,nan,nan,0.6222,0.1500,0.9236
0.3805,13.8101,0.1466,lateral,1.4147,6.9800,0.3805,-0.3211,0.2041,0.4439,0.1777,1.1064
0.8211,2.0025,1.4264,path,6.2629,5.0600,0.0253,-0.7613,0.3078,1.5798,1.1261,1.2645
0.5168,3.7532,0.1737,combined,1.0577,7.1800,0.5127,-0.4404,0.2703,0.3755,0.1224,0.7106
0.5089,5.6588,1.0548,path,1.6406,5.6200,0.0245,0.0253,0.5083,1.5245,0.9695,1.2248
0.4267,11.7305,0.0435,combined,0.7738,5.7000,0.4267,-0.4222,0.0622,0.4645,0.1646,0.3931
0.4334,13.5408,0.3240,path,3.9358,4.8200,0.0172,-0.4239,0.0904,1.5194,0.8386,0.8581
0.5252,8.8551,0.2146,path,2.0278,6.7000,0.0074,0.5162,0.0967,1.5877,0.5823,0.3702
0.5113,80.7062,0.2582,path,3.8029,7.1200,0.0082,0.4853,0.1611,1.3369,0.6363,0.5747
0.5007,1.8671,0.0763,straight,0.7728,7.8200,0.0515,0.5007,0.0050,1.4396,0.3096,0.0000
0.4914,5.7290,0.1249,straight,1.7771,5.1600,0.4914,-0.4911,0.0165,0.5615,0.2728,0.8439
1.7697,25.7597,0.3276,path,2.3668,7.2200,0.0307,-1.7008,0.4892,1.1460,0.4833,1.5387
0.1057,22.5803,0.3190,path,3.0308,4.4400,0.0294,-0.0605,0.0867,1.6118,0.8185,1.4801
0.8367,12.1356,1.3090,path,1.6726,6.9800,0.0277,-0.3995,0.7352,1.6131,1.0876,1.3897
0.1747,13.6779,0.6654,path,4.8667,6.4000,0.0188,-0.1188,0.1281,1.5914,0.8885,0.9374
0.2458,8.3948,0.1925,lateral,1.3878,6.1000,0.2407,-0.0055,0.2457,0.5204,0.2367,0.5901
0.1079,16.3072,0.9915,path,2.5116,7.0000,0.0023,0.0785,0.0740,0.9993,0.4522,0.3889
0.9118,8.4277,0.6880,path,1.8697,5.5800,0.0236,0.9071,0.0919,1.4604,0.7057,1.1769
0.2296,1.9870,0.2312,path,2.2352,6.5600,0.0068,0.2032,0.1069,1.5136,0.5330,0.3408
0.4260,5.8337,0.1076,straight,1.3572,7.1800,0.1602,0.4136,0.1019,1.1745,0.3173,0.9262
2.1203,35.0037,0.4161,path,1.3233,7.6600,0.0287,-2.0960,0.3199,1.1575,0.5043,1.4339
0.3239,1.4262,0.0349,straight,0.4259,5.6200,0.0221,0.3118,0.0880,0.6840,0.2237,0.6701
0.4938,6.1086,0.1993,turn,0.0000,5.4800,0.0000,nan,nan,0.5036,0.1575,0.8535
0.3237,6.3865,0.2367,lateral,1.2984,7.9000,0.2913,-0.0249,0.3228,0.5696,0.1837,0.3890
0.3579,6.5478,0.0400,combined,1.0529,6.1600,0.3352,0.0280,0.3568,0.5836,0.1782,1.3156
0.3504,7.4341,0.1619,straight,1.7755,7.2200,0.3258,-0.2793,0.2116,0.5903,0.2614,0.3620
1.6111,23.0603,0.3443,path,2.3272,7.1400,0.0295,-1.5922,0.2462,1.0567,0.4412,1.4781
0.0543,0.7653,0.0603,stand,0.0000,4.2200,0.0000,nan,nan,0.1837,0.0416,1.4942
0.4996,1.3669,0.5428,path,2.7185,5.4200,0.0116,-0.4791,0.1417,0.7245,0.5086,0.5824
0.3639,11.4670,0.5675,path,1.2128,6.2200,0.0069,0.1234,0.3424,1.1358,0.4786,0.3936
1.2685,8.1127,1.2490,path,5.8929,5.0800,0.0279,-1.2681,0.0320,1.4977,1.1185,1.3976
0.4509,7.8735,0.1895,turn,0.0000,5.0800,0.0000,nan,nan,0.6373,0.2796,0.5240
0.2397,4.4652,0.1111,turn,0.0000,7.1600,0.0000,nan,nan,0.5888,0.1445,0.4599
0.4381,2.9253,0.1201,straight,0.3058,7.1000,0.3032,-0.4380,0.0088,0.2551,0.0867,1.1657
0.5114,2.7551,0.0373,turn,0.0000,5.6000,0.0000,nan,nan,0.6643,0.1341,0.0000
0.5570,5.6513,0.1767,lateral,0.9410,6.0400,0.5570,-0.2879,0.4768,0.4862,0.1619,0.4139
0.5082,2.0435,0.0444,combined,0.3611,7.0200,0.0211,0.3652,0.3534,0.5641,0.1572,1.1733
0.4259,8.1850,1.0226,path,4.2262,4.9200,0.0259,-0.4171,0.0863,1.5114,1.0589,1.2974
0.4680,4.9528,0.3880,path,2.7825,6.0800,0.0123,-0.4640,0.0606,1.3900,0.5582,0.6132
0.6541,4.6746,0.1196,combined,1.0417,5.0000,0.6541,-0.3843,0.5293,0.6485,0.2257,1.4664
0.4917,12.6175,0.1436,path,2.7252,4.9200,0.0111,-0.3402,0.3550,1.5536,0.6754,0.5544
0.3012,6.3564,0.6456,path,2.9758,4.6800,0.0135,-0.2997,0.0303,0.8946,0.6172,0.6702
0.9778,14.6901,0.7822,path,3.3198,7.3800,0.0302,-0.5260,0.8242,1.7673,0.9173,1.5167
0.5586,17.4543,0.4051,path,4.3095,4.3400,0.0231,-0.5499,0.0981,1.5024,0.9296,1.1554
0.3743,5.3929,0.0278,lateral,0.0040,6.2400,0.0039,0.3272,0.1817,0.2593,0.0997,0.7318
0.5172,9.7484,0.3465,path,1.9739,5.7000,0.0081,0.1242,0.5021,0.9475,0.4786,0.4050
1.0893,7.8913,1.1648,path,4.8113,4.8800,0.0319,-0.9896,0.4551,1.7602,1.3156,1.5968
0.8534,21.8831,0.1437,path,0.9396,7.4000,0.0177,-0.5870,0.6195,1.1771,0.4544,0.8846
0.5794,3.2226,0.0305,combined,0.6446,7.0200,0.5665,-0.5416,0.2059,0.4186,0.0978,0.3397
0.4011,3.5895,0.0469,turn,0.0000,6.5800,0.0000,nan,nan,0.3192,0.1163,1.0767
0.1307,9.4891,0.4939,path,3.3394,6.3200,0.0069,0.1286,0.0236,1.5390,0.7206,0.6581
0.3565,9.0374,0.0482,lateral,0.7905,7.5600,0.3565,-0.2169,0.2830,0.3280,0.1106,1.5870
0.3322,5.2550,0.0550,lateral,0.8089,4.6800,0.3322,-0.2275,0.2421,0.3891,0.1479,0.7080
1.1733,25.2802,0.0875,path,3.1110,4.2600,0.0320,-0.8836,0.7720,1.5086,0.9058,1.5998
0.3082,0.5407,0.8349,path,1.1080,4.1800,0.0095,0.0805,0.2975,0.8831,0.5005,0.4762
0.3622,10.1198,0.4094,path,3.2691,6.7400,0.0112,-0.3272,0.1552,1.1212,0.4906,0.5636
0.5398,6.7799,0.0956,turn,0.0000,4.7600,0.0000,nan,nan,0.5057,0.1800,0.4882
0.0783,1.8547,0.5879,path,2.9714,7.9400,0.0083,-0.0683,0.0382,1.3246,0.4383,0.4137
0.6208,9.4983,0.5012,path,4.5731,7.9600,0.0124,-0.5284,0.3260,0.9820,0.5554,0.6185
0.2796,3.7400,1.2419,path,2.6514,6.8000,0.0106,0.2794,0.0094,1.5283,0.6371,0.5285
0.8249,0.5700,0.5128,path,2.2927,5.0200,0.0281,-0.5085,0.6495,1.3299,1.0172,1.4057
0.5194,4.6865,0.2056,turn,0.0000,7.9200,0.0000,nan,nan,0.5107,0.1250,1.1243
0.4676,6.4892,0.1119,straight,1.2112,6.9600,0.0187,0.4611,0.0776,1.2486,0.3243,0.6470
1.6098,35.3753,0.3159,path,4.1699,4.6400,0.0303,-1.3574,0.8654,1.5285,0.7156,1.5130
0.4710,3.6602,0.0693,straight,1.1927,6.4200,0.0849,0.4621,0.0914,1.2702,0.3539,0.8345
0.4544,4.1902,0.0612,straight,1.2847,6.8800,0.0401,0.3150,0.3275,1.2390,0.3189,1.1500
0.5090,1.5881,0.1682,straight,1.9346,6.5800,0.1918,0.4830,0.1607,1.6136,0.5855,0.9105
0.5425,2.4377,1.1289,path,1.6981,6.4000,0.0166,0.5309,0.1115,1.2639,0.9017,0.8267
0.3321,3.3430,0.0783,lateral,0.3548,5.4400,0.3074,-0.1558,0.2933,0.2639,0.1179,1.3995
0.1756,7.5738,0.6504,path,1.2912,7.4600,0.0093,-0.0349,0.1721,1.3265,0.4977,0.4629
0.3972,4.6259,0.1662,path,3.4596,4.6800,0.0202,-0.3745,0.1321,1.5566,0.8587,1.0106
0.6780,2.2810,0.1056,combined,1.0325,4.8800,0.2600,0.5635,0.3771,1.5436,0.4441,0.8898
0.8225,10.0936,0.9921,path,6.7657,7.5800,0.0188,0.0542,0.8207,1.6128,0.9847,0.8972
0.4604,4.0484,0.5768,path,0.3776,5.6000,0.0200,-0.2967,0.3521,1.3282,0.7625,1.0011
0.5066,7.8621,0.0642,combined,0.9720,6.6000,0.5066,0.3148,0.3969,1.1593,0.2676,1.4775
0.8431,0.9328,1.6152,path,1.4926,7.5800,0.0237,0.7509,0.3834,2.0072,1.1471,1.4223
0.4525,1.7740,0.1199,combined,0.4858,4.5800,0.4331,-0.3379,0.3010,0.4538,0.1222,1.2309
0.7933,7.2142,0.2484,combined,1.8270,4.0200,0.7933,-0.7288,0.3133,0.6180,0.3598,0.6568
0.4970,2.8095,0.1583,turn,0.0000,7.3200,0.0000,nan,nan,0.8947,0.1406,0.3368
0.0568,0.6259,0.0080,stand,0.0000,5.0200,0.0000,nan,nan,0.2126,0.0333,0.4895
1.4258,15.1432,1.6190,path,5.8272,7.6800,0.0074,1.0423,0.9729,1.6759,1.2983,1.0945
0.3419,4.1530,1.4526,path,1.1256,7.9200,0.0117,0.3405,0.0315,1.5318,0.5994,0.5861
0.4074,3.5313,0.0332,combined,0.3115,4.2000,0.3106,-0.3456,0.2157,0.6032,0.1625,0.6493
0.3961,13.6385,0.4755,path,4.0874,7.7400,0.0112,-0.3388,0.2052,1.0079,0.5361,0.5697
0.2906,3.9112,0.0093,lateral,0.2461,4.4800,0.2422,-0.1556,0.2454,0.2561,0.1049,0.3270
0.2410,5.2798,1.4438,path,0.8323,6.0800,0.0224,0.1694,0.1714,1.5477,1.0697,1.1179
0.3168,0.8174,0.0633,turn,0.0000,4.4000,0.0000,nan,nan,0.8947,0.1993,0.4688
0.9431,5.7370,1.1203,path,1.5448,7.2000,0.0308,-0.8865,0.3220,1.5482,1.1886,1.5383
0.2080,2.8558,1.1264,path,2.2014,7.2800,0.0186,-0.1564,0.1371,1.4938,1.1002,1.2731
0.4351,11.4686,1.1955,path,0.5794,5.4000,0.0229,-0.4041,0.1614,1.3864,0.9822,1.1479
0.5495,7.3556,0.8147,path,2.3216,7.7400,0.0272,-0.5491,0.0199,1.2447,0.8585,1.3604
0.3584,10.9201,0.0313,straight,0.0707,6.2000,0.0485,0.1902,0.3038,0.3157,0.1009,1.4443
0.2974,4.1892,0.0876,turn,0.0000,6.7800,0.0000,nan,nan,0.5392,0.1478,1.1234
0.5650,2.2545,0.0507,straight,1.2464,4.1600,0.1821,0.5649,0.0109,1.4614,0.5296,0.4197
0.4559,9.9159,0.3014,lateral,1.3473,4.5000,0.4559,-0.3773,0.2558,0.5493,0.2319,1.3452
0.1588,1.4418,1.2426,path,4.0566,6.9600,0.0215,-0.1520,0.0456,1.4479,0.9552,1.0717
0.3806,14.9144,0.0516,straight,0.2287,5.8000,0.2287,-0.3567,0.1326,0.1948,0.0851,0.3340
0.4511,2.2815,0.0083,turn,0.0000,5.6800,0.0000,nan,nan,0.3533,0.1242,1.0319
0.3778,4.4467,0.0105,lateral,0.0798,4.2000,0.0789,-0.1511,0.3462,0.2536,0.1171,1.1787
0.3184,5.8705,0.1624,straight,1.4034,5.6600,0.3184,-0.3094,0.0753,0.5202,0.2244,1.2472
0.7109,2.7874,0.0450,combined,1.9907,4.5800,0.7109,-0.6953,0.1482,0.5767,0.2927,0.5130
1.4149,4.6029,1.2946,path,1.7972,7.5800,0.0303,-1.1792,0.7818,1.4716,0.8790,1.5162
0.7356,13.6406,1.0801,path,1.3496,7.1400,0.0294,-0.6310,0.3781,1.5472,1.0901,1.4680
0.4805,2.6520,0.1178,combined,1.3801,6.7400,0.4805,0.1590,0.4534,1.3979,0.4645,1.5345
0.0825,0.5484,0.6407,path,1.9381,5.0400,0.0077,-0.0375,0.0735,0.8511,0.3963,0.3851
0.1578,1.5520,0.8148,path,3.4580,6.7400,0.0210,-0.1512,0.0450,1.6542,0.9132,1.0464
0.4591,3.0802,0.1246,combined,2.0652,6.3000,0.4575,0.0127,0.4589,0.7711,0.3632,0.6228
1.5275,21.4237,1.1600,path,5.0196,4.0200,0.0282,-1.4611,0.4457,1.3803,0.9789,1.4092
1.2637,2.2757,1.2865,path,4.3851,4.7400,0.0264,-0.7964,0.9812,1.8432,0.9528,1.3183
0.5136,14.9715,0.0916,combined,1.8385,5.8000,0.5136,-0.1601,0.4880,1.1350,0.4124,0.0000
1.9011,11.4836,0.8387,path,2.3124,4.7600,0.0247,1.4908,1.1797,1.7487,0.9876,1.2297
1.0286,8.1498,1.5055,path,2.4131,7.6400,0.0172,0.9858,0.2935,1.5328,0.8175,0.8576
0.2653,2.0252,0.0822,lateral,0.5277,7.1800,0.2573,-0.1677,0.2056,0.2702,0.0993,0.9853
0.4605,5.6189,0.1922,turn,0.0000,7.1400,0.0000,nan,nan,0.3540,0.1358,0.8721
0.4733,1.7637,0.1033,turn,0.0000,5.2800,0.0000,nan,nan,0.4594,0.1274,1.1705
0.7060,12.0519,1.2781,path,5.0227,6.4000,0.0186,-0.6714,0.2184,1.5425,0.8322,0.9375
0.4470,9.6751,0.3598,path,3.1204,4.1400,0.0172,-0.4425,0.0633,1.3787,0.6968,0.8614
0.3627,7.3545,0.0955,turn,0.0000,6.6800,0.0000,nan,nan,0.5875,0.1330,1.2703
0.2557,1.7326,0.0307,straight,1.6343,7.9400,0.1262,0.2431,0.0791,1.4418,0.3978,1.2321
0.5403,15.1283,0.2299,combined,1.9560,5.0200,0.5403,0.1051,0.5300,1.3409,0.4628,1.4465
0.4117,0.5252,0.5630,path,2.5607,4.0800,0.0232,-0.4035,0.0817,1.1759,0.8125,1.1581
0.5148,11.7210,0.2087,lateral,1.3571,5.0800,0.5148,-0.4833,0.1775,0.5101,0.1904,0.9391
0.3363,12.6825,0.0495,combined,1.6590,6.7400,0.3363,-0.3343,0.0373,0.5886,0.2535,1.2824
0.4020,3.0349,0.0604,straight,0.4738,6.5600,0.3873,-0.3607,0.1774,0.2200,0.0879,0.6020
0.2329,4.2230,0.6400,path,3.6084,6.9600,0.0093,-0.1834,0.1436,1.2454,0.5234,0.5276
0.2325,6.4119,0.0994,combined,1.5899,6.7600,0.2325,-0.0249,0.2312,0.7921,0.2942,0.6282
1.0018,2.2700,1.0998,path,1.8701,5.8400,0.0219,-0.6444,0.7670,1.4892,0.8265,1.0943
0.3920,7.1459,0.0402,combined,0.9624,7.4800,0.3920,-0.0692,0.3859,0.4221,0.1553,0.8234
0.5094,4.4114,0.1368,straight,1.7298,5.2200,0.1513,0.4914,0.1343,1.6942,0.5392,1.1739
0.2888,4.9419,1.0312,path,3.7763,7.6200,0.0210,-0.2887,0.0046,1.6377,1.0166,1.0534
0.4631,10.1857,0.0891,path,2.9067,6.7800,0.0123,-0.4618,0.0342,0.8811,0.4585,0.6150
0.3653,8.1997,0.1289,straight,1.3548,7.6000,0.0733,0.3626,0.0445,1.6765,0.4277,1.2680
0.3233,0.9758,0.1477,turn,0.0000,5.4000,0.0000,nan,nan,0.8125,0.1793,0.0000
0.5599,12.8594,1.3066,path,1.5131,5.5800,0.0154,0.5233,0.1990,1.3884,0.8611,0.7729
0.3393,8.9004,0.1082,turn,0.0000,6.2000,0.0000,nan,nan,0.2189,0.0988,0.9225
0.0208,1.1104,0.0518,stand,0.0000,5.7000,0.0000,nan,nan,0.3269,0.0672,1.5844
0.8106,23.8522,0.1963,path,3.7304,7.6400,0.0158,-0.5783,0.5681,1.0850,0.4975,0.7903
0.2669,2.5181,0.0811,straight,1.2813,6.2400,0.2669,-0.2487,0.0970,0.4440,0.1961,0.7705
0.4536,5.3707,0.1105,lateral,0.5021,4.1400,0.4498,-0.1884,0.4126,0.3868,0.1497,0.3376
0.4368,3.4379,0.0356,combined,0.8965,5.8600,0.4316,-0.4059,0.1612,0.3322,0.1410,1.2892
0.3760,13.5207,0.3650,path,2.4661,7.5800,0.0115,0.2496,0.2812,1.2691,0.6936,0.5763
0.0451,2.0132,0.0566,stand,0.0000,6.9600,0.0000,nan,nan,0.1976,0.0513,0.5209
0.3084,7.0174,0.6673,path,1.9312,6.3000,0.0155,-0.0872,0.2959,1.1415,0.7781,0.7756
1.0368,9.4020,1.3078,path,1.7669,7.7800,0.0249,0.1905,1.0191,1.3474,0.8457,1.2417
0.5485,0.5175,0.1363,straight,1.2704,4.9600,0.5485,-0.5469,0.0416,0.4066,0.1860,0.9885
0.5248,4.4389,0.0874,lateral,0.9526,4.8600,0.5132,-0.3197,0.4163,0.4552,0.1799,0.7242
0.4876,9.2637,0.1284,lateral,1.3474,4.1000,0.4876,-0.4130,0.2592,0.5436,0.2460,0.7935
0.5380,4.4046,0.1440,combined,0.9243,5.7800,0.5380,-0.4521,0.2917,0.5123,0.1196,1.5047
0.3907,2.7636,0.0631,turn,0.0000,7.3200,0.0000,nan,nan,0.8102,0.2272,0.6693
0.3943,2.4238,0.8674,path,4.4650,4.8800,0.0249,-0.3160,0.2358,1.6890,1.0818,1.2455
0.2735,0.7523,0.1786,path,1.8597,6.4000,0.0033,-0.1718,0.2128,0.8275,0.3435,0.3467
0.4662,6.1794,0.1121,straight,1.9811,5.7800,0.4656,-0.4644,0.0404,0.6036,0.2867,0.0000
0.7181,8.7986,0.8763,path,1.3025,7.1800,0.0237,0.5558,0.4547,1.7777,0.9706,1.1813
1.2839,3.1653,1.1596,path,5.4467,7.9200,0.0192,-1.2778,0.1251,1.5733,0.6559,0.9660
0.2990,7.5032,0.0357,turn,0.0000,5.4600,0.0000,nan,nan,0.6872,0.1446,0.8780
0.8363,4.1692,0.1441,path,1.5449,6.8000,0.0136,-0.6245,0.5562,1.0453,0.3891,0.6790
0.4601,7.5510,0.0613,straight,1.6090,4.7400,0.3483,0.4401,0.1342,1.3826,0.5312,0.8859
0.3859,4.7259,0.0672,straight,0.8561,6.4600,0.3668,-0.3606,0.1374,0.2625,0.1189,0.7140
0.3996,2.4185,0.0571,lateral,0.4467,5.7800,0.3661,-0.0008,0.3996,0.3481,0.1404,0.4789
0.3194,4.6058,0.0145,turn,0.0000,6.5800,0.0000,nan,nan,0.4398,0.0965,1.4025
0.4682,23.9365,0.9193,path,3.6749,4.2600,0.0206,-0.3959,0.2499,1.5350,1.0439,1.0276
1.4420,7.0875,0.4888,path,3.1174,4.7600,0.0274,-1.1884,0.8167,1.5742,0.7112,1.3674
0.5788,4.0241,0.0275,stand,0.0000,4.9000,0.0000,nan,nan,0.6178,0.1669,0.9766
0.2902,0.6709,0.2947,path,3.3053,4.8200,0.0139,-0.2874,0.0404,1.4070,0.6827,0.6954
0.8094,10.4668,0.0766,combined,0.9900,4.3200,0.8054,-0.6375,0.4987,0.5837,0.1921,0.9383
0.4646,10.2280,0.0640,combined,1.4022,4.8400,0.4646,-0.4604,0.0619,0.4404,0.2442,1.2160
0.4260,5.8087,0.0972,straight,0.7267,6.1000,0.0573,0.3310,0.2681,1.1804,0.3384,1.4190
0.0099,1.1295,0.0292,stand,0.0000,6.9000,0.0000,nan,nan,0.1790,0.0339,0.8241
0.5914,9.2828,0.1352,combined,1.5699,5.5800,0.5914,-0.1018,0.5826,1.1524,0.4001,0.8713
0.4916,8.0183,0.0372,straight,0.5910,4.1600,0.4848,-0.4834,0.0893,0.2133,0.0840,0.5660
0.3859,129.3087,1.4869,path,5.6159,6.6600,0.0246,0.0206,0.3854,1.8152,1.0917,1.2330
0.4618,5.2368,0.2930,combined,1.3453,5.0600,0.4618,-0.2816,0.3660,0.6926,0.2617,1.4568
0.2846,4.0843,0.1354,straight,0.1679,7.6600,0.1614,-0.2808,0.0462,0.2296,0.0802,1.1687
0.7208,9.4163,1.1991,path,2.4253,4.2000,0.0196,0.5215,0.4977,1.5812,1.0656,0.9784
0.3676,12.6682,0.1529,combined,1.0279,4.5800,0.3676,-0.2130,0.2996,0.4541,0.2022,0.9862
0.5097,1.4620,0.0981,straight,1.2729,4.8000,0.5097,-0.4629,0.2133,0.5123,0.1997,0.6831
0.4149,3.2656,0.1394,turn,0.0000,6.3000,0.0000,nan,nan,0.3233,0.1213,0.7275
0.3239,4.6846,0.0633,lateral,0.0550,6.9000,0.0377,0.0592,0.3185,0.3246,0.1036,1.0336
0.1342,2.9647,0.3132,path,2.0841,7.0400,0.0061,0.1235,0.0526,0.9624,0.4052,0.3050
0.3986,1.4399,0.0815,straight,1.4017,7.2400,0.0541,0.3980,0.0219,1.4743,0.3633,1.4319
0.4857,5.4042,1.1007,path,2.0004,5.5800,0.0162,0.4782,0.0846,1.7020,1.0429,0.9950
0.4343,7.5943,0.0730,combined,1.7895,5.3400,0.4343,-0.3747,0.2197,0.5353,0.2833,1.4906
0.5853,0.9067,0.7741,path,1.9181,7.1000,0.0199,-0.0622,0.5820,1.4705,0.8091,0.9920
0.3077,6.0041,0.0404,lateral,1.1056,7.4200,0.3077,-0.1964,0.2368,0.4459,0.1422,1.3913
1.1911,0.2492,1.4706,path,6.7246,7.3400,0.0245,-0.5383,1.0625,1.6790,1.1913,1.1872
0.4194,19.2001,0.2092,path,4.2807,6.5400,0.0030,-0.0020,0.4194,1.6028,0.8325,0.8015
0.2827,4.1191,1.2281,path,1.1371,5.0400,0.0145,0.0736,0.2730,1.2384,0.6324,0.7252
0.4305,2.6495,0.0903,combined,0.4212,5.1000,0.4201,-0.3335,0.2723,0.2898,0.1176,0.4286
0.4440,2.4668,0.0390,lateral,0.0724,6.5400,0.0560,-0.0856,0.4357,0.2803,0.1118,1.5843
0.1196,2.5490,0.7616,path,2.9630,5.9800,0.0148,0.0379,0.1134,1.3611,0.7808,0.7385
0.5586,5.9440,0.4659,path,5.4682,7.5200,0.0176,-0.5226,0.1972,1.3146,0.7598,0.8807
0.2962,7.7340,0.1171,lateral,0.5312,5.7400,0.2899,-0.2336,0.1821,0.3198,0.1115,0.3828
1.2430,11.6925,0.5701,path,1.6202,5.7800,0.0285,-0.9169,0.8393,1.4442,0.7422,1.4218
0.4414,17.4458,1.1182,path,2.1453,6.5000,0.0243,0.4364,0.0660,1.6078,0.8700,1.2325
0.3411,7.9097,0.2534,combined,1.1830,4.9800,0.3411,-0.2044,0.2730,0.7753,0.3160,0.5148
0.5590,3.4615,0.1041,straight,1.4856,5.3800,0.5563,-0.5267,0.1873,0.4432,0.2177,0.7739
0.4222,0.0354,1.0438,path,0.7712,4.2800,0.0166,-0.3270,0.2671,1.2800,0.7056,0.8276
0.5925,2.8164,1.2782,path,5.4509,4.6000,0.0265,-0.5356,0.2535,1.6771,1.1679,1.3244
0.6655,0.4782,0.1645,combined,2.1635,5.2600,0.6655,-0.6632,0.0551,0.6679,0.3232,0.5493
0.3911,9.6846,0.0456,lateral,1.3599,7.1400,0.3911,-0.2225,0.3217,0.4473,0.1845,0.6316
0.5801,2.8629,0.3054,path,0.2360,6.2200,0.0075,-0.4550,0.3599,1.4380,0.5928,0.3760
0.5915,1.1611,1.0058,path,1.3862,4.8000,0.0105,0.3280,0.4923,1.5548,0.7850,0.5250
0.8490,8.6788,1.1551,path,1.6103,6.2400,0.0313,-0.6591,0.5352,1.4950,1.0489,1.5660
0.4205,0.4434,0.1546,straight,1.8661,4.7400,0.4205,-0.4162,0.0598,0.5734,0.3183,0.8439
0.5261,6.4699,0.2394,combined,1.2710,5.2800,0.5261,0.0613,0.5225,1.3951,0.4740,0.9458
0.8102,10.3086,1.0752,path,3.3891,4.6200,0.0209,-0.4821,0.6512,1.4006,0.8544,1.0540
0.4344,6.4930,1.0665,path,4.9559,4.6800,0.0218,-0.4344,0.0025,1.5517,1.1311,1.0862
0.8169,7.2543,1.1127,path,7.2324,7.5800,0.0203,0.2651,0.7727,1.4052,1.0354,1.0185
0.5312,3.1987,0.0541,straight,1.9965,7.4400,0.5312,-0.5179,0.1182,0.5431,0.2225,0.5158
0.8224,18.9833,0.2076,combined,2.1333,4.3800,0.8224,-0.3852,0.7266,1.4321,0.5569,1.4942
0.4070,7.2102,0.1131,combined,1.4489,4.3400,0.4070,-0.2643,0.3095,0.5451,0.2925,0.5240
0.4161,2.8577,0.0570,lateral,0.5518,6.9000,0.3238,0.2264,0.3492,0.4156,0.1440,1.4495
0.3139,0.3912,0.0170,straight,0.7472,7.6000,0.3139,-0.3034,0.0804,0.3053,0.1249,0.3797
0.4139,1.6371,0.0850,lateral,0.0640,6.7800,0.0482,0.1016,0.4012,0.3454,0.1242,1.5861
0.3189,1.6519,1.0914,path,7.9092,7.4800,0.0208,-0.2942,0.1230,1.5933,1.0393,1.0998
0.0328,1.1890,0.0379,stand,0.0000,6.8000,0.0000,nan,nan,0.1798,0.0507,1.4423
0.4726,1.1840,0.0678,straight,0.9165,7.3800,0.0286,0.4590,0.1125,1.2515,0.2826,0.7226
0.2308,4.8371,0.1199,straight,0.0261,4.4600,0.0261,-0.2286,0.0319,0.1699,0.0842,0.4599
0.3165,1.9835,0.0598,lateral,0.4217,7.6800,0.2727,-0.0256,0.3155,0.3550,0.1125,1.4957
0.3428,6.2863,0.1767,straight,0.8517,5.8800,0.1169,0.3227,0.1159,0.9865,0.2669,1.1516
0.4232,8.0749,0.0380,straight,0.1369,7.2200,0.1358,-0.3804,0.1854,0.2332,0.0964,1.3522
0.2845,98.0284,0.8815,path,5.2046,6.1600,0.0186,-0.1351,0.2504,1.2064,0.8666,0.9246
1.3107,9.9002,0.4929,path,1.7949,4.6600,0.0298,-1.0609,0.7696,1.1973,0.6259,1.4892
0.3966,6.3802,0.1322,combined,1.6612,7.9600,0.3966,-0.3774,0.1220,0.5110,0.2058,0.4714
0.1668,7.6282,0.6097,path,4.0948,4.5000,0.0280,0.0066,0.1667,1.6890,1.1656,1.3917
0.3141,7.9691,0.2108,lateral,1.4377,7.3600,0.3141,-0.2391,0.2036,0.4919,0.1799,1.0661
0.6256,2.6281,1.1056,path,3.9372,4.5400,0.0190,-0.3858,0.4924,1.5884,0.9168,0.9480
0.2090,3.7107,0.4060,path,2.9639,5.1600,0.0121,-0.2081,0.0188,1.5843,0.7615,0.6029
0.4698,5.0433,0.0541,turn,0.0000,4.5400,0.0000,nan,nan,0.5236,0.1421,1.4664
0.3304,0.0218,0.1413,straight,1.3336,7.4800,0.3304,-0.3069,0.1224,0.4665,0.1861,1.4165
0.3887,6.1531,0.5614,path,1.8565,4.0200,0.0158,0.1140,0.3716,1.4916,0.6480,0.7891
0.4048,2.7184,0.0428,turn,0.0000,4.0200,0.0000,nan,nan,0.4720,0.1768,0.8898
0.2766,1.1856,0.7743,path,2.9240,4.0600,0.0171,-0.0960,0.2594,1.1903,0.8088,0.8484
0.3439,9.2092,0.0884,combined,0.6382,4.0800,0.3439,-0.2314,0.2544,0.4602,0.1379,0.3135
0.4178,5.5920,0.0558,turn,0.0000,4.0800,0.0000,nan,nan,0.3183,0.1467,0.6316
0.2780,12.8434,0.8567,path,2.7096,4.0800,0.0142,-0.2052,0.1875,1.0679,0.6841,0.7113
1.1583,3.3822,1.0915,path,1.0794,4.1400,0.0264,-1.1436,0.1840,1.2442,0.5822,1.3236
0.6927,1.5915,0.2289,combined,1.1103,4.1400,0.6927,-0.6843,0.1075,0.4311,0.1884,0.9766
0.2392,12.1287,0.2361,path,2.8573,4.2200,0.0141,-0.1875,0.1486,1.3266,0.6557,0.7059
0.4437,14.3010,0.1272,turn,0.0000,4.2600,0.0000,nan,nan,0.4109,0.1459,0.6228
0.2995,5.9430,1.0645,path,2.3158,4.3200,0.0118,0.0402,0.2968,1.2418,0.6112,0.5913
0.8144,9.4957,0.9781,path,1.3990,4.3400,0.0298,-0.6223,0.5253,1.0838,0.5006,1.4955
0.5623,11.8838,0.1161,lateral,1.2320,4.3400,0.5623,-0.4877,0.2800,0.4760,0.2057,0.3376
0.6115,3.7741,0.1290,straight,1.7805,4.3400,0.6115,-0.5975,0.1298,0.5285,0.2967,1.1705
0.1306,9.8735,0.8107,path,1.8418,4.3400,0.0096,-0.1234,0.0428,0.7895,0.4968,0.4778
0.3527,9.1498,0.1080,path,3.0218,4.3600,0.0247,-0.3359,0.1076,1.3140,0.7414,1.2339
0.4406,9.9653,0.2184,path,3.5666,4.3800,0.0164,-0.3797,0.2235,1.6222,0.7699,0.8148
0.4174,4.4000,0.1070,lateral,0.2507,4.4200,0.2507,-0.1015,0.4048,0.3250,0.1349,0.9383
1.0702,8.8030,0.5337,path,3.5790,4.4600,0.0248,-1.0513,0.2003,1.2217,0.7636,1.2404
0.6317,0.5831,0.2132,combined,1.5256,4.4600,0.6317,-0.6235,0.1015,0.5432,0.2282,0.4964
0.9360,11.4192,0.0071,stand,0.0000,4.4600,0.0000,nan,nan,0.7738,0.2562,0.4688
0.2920,13.5950,0.7925,path,1.4805,4.4600,0.0104,0.0516,0.2874,1.0839,0.6349,0.5185
0.7111,0.7420,0.6743,path,2.8221,4.4600,0.0240,-0.5371,0.4660,1.4585,0.7436,1.1993
0.3920,10.9630,0.3772,path,1.5114,4.4600,0.0078,0.1375,0.3671,1.0638,0.4510,0.3891
0.4581,1.4453,0.3953,path,3.4328,4.4800,0.0200,-0.4204,0.1820,1.2456,0.7663,0.9968
1.3287,2.0598,1.2155,path,2.2581,4.5000,0.0298,-0.8848,0.9912,1.4554,0.6917,1.5034
0.2669,3.4553,0.2209,lateral,1.0933,4.5000,0.2669,-0.1795,0.1975,0.4687,0.2234,0.6207
0.1582,5.9266,0.2014,path,1.5283,4.5000,0.0068,0.0671,0.1433,0.8760,0.3882,0.3395
0.4644,15.5904,0.2167,combined,1.1231,4.5200,0.4644,-0.2935,0.3599,0.6829,0.2416,1.4568
0.4689,0.6547,1.2326,path,4.5427,4.5400,0.0201,-0.3812,0.2730,1.4219,0.9143,1.0027
0.4723,15.9683,0.1451,lateral,1.0026,4.5600,0.4723,-0.3951,0.2588,0.4118,0.1789,1.4844
0.5348,5.5543,1.1733,path,4.9177,4.5800,0.0241,-0.4896,0.2151,1.6427,1.1124,1.2030
0.5180,14.0285,1.0242,path,3.5544,4.6000,0.0195,-0.0099,0.5179,1.5321,0.9786,0.9633
0.2345,8.6815,0.1270,lateral,0.5839,4.6000,0.2345,-0.1923,0.1343,0.4664,0.1383,0.6701
0.3384,9.8387,0.2837,path,2.1026,4.6200,0.0095,-0.2366,0.2419,0.6842,0.3976,0.4731
0.0362,0.2411,0.0720,stand,0.0000,4.6400,0.0000,nan,nan,0.1260,0.0300,0.4933
0.3505,4.0663,0.1158,turn,0.0000,4.6400,0.0000,nan,nan,0.6561,0.1464,1.2472
0.6052,4.5890,0.6277,path,3.0665,4.6600,0.0135,-0.5326,0.2873,1.0730,0.5359,0.6768
0.1186,1.1238,0.0192,stand,0.0000,4.7000,0.0000,nan,nan,0.3517,0.0713,0.7867
0.2090,1.8177,0.5299,path,0.9774,4.7200,0.0107,0.1861,0.0951,1.0702,0.5474,0.5340
1.0250,2.5465,1.3453,path,5.3072,4.7400,0.0298,-0.9879,0.2734,1.7531,1.1072,1.5111
1.0388,4.2982,1.0447,path,1.2385,4.7600,0.0291,0.6178,0.8351,1.3859,0.7354,1.4534
0.3348,0.0231,0.9458,path,3.4916,4.7800,0.0186,-0.3232,0.0874,1.5214,0.9417,0.9360
0.2288,5.6275,0.2141,path,2.0779,4.7800,0.0090,0.0013,0.2288,1.3078,0.4863,0.4521
0.2722,6.6690,0.1402,lateral,0.2267,4.7800,0.1996,-0.2121,0.1707,0.3651,0.1142,0.8096
1.1164,19.8601,1.4835,path,6.3932,4.8000,0.0310,-1.0899,0.2418,1.7560,1.2431,1.5426
0.1744,12.0439,0.0675,stand,0.0000,4.8200,0.0000,nan,nan,0.5807,0.0852,0.7318
0.5082,0.8809,0.0424,turn,0.0000,4.8200,0.0000,nan,nan,0.8334,0.1627,0.0000
0.4271,0.9395,0.1697,lateral,0.4500,4.8200,0.4055,0.0263,0.4262,0.3587,0.1635,0.3017
0.6262,8.7395,0.1527,combined,1.3844,4.8400,0.5086,0.2687,0.5657,1.5455,0.5118,0.0000
0.0789,4.9532,0.2625,path,1.4749,4.8400,0.0068,0.0782,0.0106,0.7426,0.3637,0.3401
0.2515,2.3241,0.2599,path,2.3125,4.8400,0.0099,-0.2312,0.0989,1.2053,0.4817,0.4936
0.5702,0.4717,0.1147,straight,1.3313,4.8600,0.0144,0.5701,0.0094,1.5901,0.5849,1.2314
0.0120,2.2471,0.0095,stand,0.0000,4.8600,0.0000,nan,nan,0.2081,0.0311,1.0488
0.6430,6.1376,0.1568,combined,1.0861,4.8800,0.6430,-0.6430,0.0080,0.5221,0.2444,1.2806
0.2632,4.1524,0.3419,path,1.5325,4.8800,0.0064,0.0266,0.2619,0.6461,0.3696,0.3218
0.9390,11.7921,0.4470,path,1.4064,4.9000,0.0251,-0.3661,0.8647,1.2722,0.6060,1.2577
0.5545,0.7676,0.0681,turn,0.0000,4.9200,0.0000,nan,nan,0.7581,0.2309,0.0000
0.4348,1.8170,0.0757,straight,1.3368,4.9200,0.4348,-0.4174,0.1217,0.5486,0.2281,0.9336
0.2306,6.8863,0.3623,path,3.4161,4.9200,0.0145,-0.2263,0.0443,1.4748,0.6998,0.7238
0.3361,9.2433,0.1610,path,3.6106,4.9200,0.0213,-0.3303,0.0624,1.3020,0.7237,1.0632
0.3649,3.0196,0.0375,combined,0.9662,4.9600,0.3649,0.2186,0.2922,1.0433,0.3196,0.8345
0.3960,0.9013,0.7629,path,1.1468,4.9600,0.0164,-0.3104,0.2458,1.1098,0.7046,0.8213
0.4443,11.0693,0.1330,lateral,0.6905,5.0000,0.4324,-0.1756,0.4081,0.3985,0.1492,1.3452
0.7486,11.1604,1.4483,path,4.4313,5.0000,0.0296,-0.0931,0.7428,1.6793,1.2965,1.4731
0.4092,23.5818,1.2073,path,3.0341,5.0200,0.0256,-0.0376,0.4075,1.7037,1.0749,1.2853
0.9858,9.0758,1.1231,path,2.6808,5.0400,0.0254,0.7753,0.6088,1.5525,0.9149,1.2639
0.2288,13.0841,1.4623,path,1.0768,5.1000,0.0311,-0.0088,0.2287,1.7272,1.1396,1.5536
0.5775,6.7421,0.0955,lateral,1.4307,5.1000,0.5745,-0.4378,0.3766,0.5712,0.2435,1.4319
0.1052,1.0287,0.6266,path,0.6233,5.1000,0.0111,0.1052,0.0026,1.1444,0.6293,0.5579
0.2707,13.7516,1.0246,path,2.9621,5.1200,0.0132,-0.2283,0.1455,1.2508,0.5883,0.6612
0.2583,5.6127,0.2095,path,2.0917,5.1400,0.0083,0.0018,0.2583,1.2231,0.5027,0.4139
0.2955,7.1591,0.3736,path,2.9965,5.1800,0.0117,-0.2347,0.1795,1.0071,0.5251,0.5806
0.4176,2.1618,0.0633,straight,0.4649,5.1800,0.3562,-0.4104,0.0773,0.4478,0.0948,0.8859
0.4542,1.2137,0.0611,lateral,0.4104,5.2000,0.4104,-0.2748,0.3616,0.3736,0.1308,0.8713
0.4603,18.6470,0.1476,lateral,1.2637,5.2400,0.4603,-0.4182,0.1924,0.4420,0.1979,1.4906
0.6585,10.6724,1.4947,path,3.6636,5.2400,0.0248,0.4976,0.4313,1.5694,1.2602,1.2376
0.3833,3.9494,1.2350,path,0.8185,5.2800,0.0269,-0.0438,0.3808,1.4537,0.9472,1.3460
0.1056,3.4265,0.0672,stand,0.0000,5.2800,0.0000,nan,nan,0.1834,0.0560,0.7219
1.1946,8.3742,1.1734,path,1.9285,5.3000,0.0237,-1.1422,0.3498,1.3846,0.6280,1.1892
0.4733,6.4383,0.0330,combined,0.2853,5.3000,0.1244,0.4514,0.1424,0.5646,0.1988,0.3672
0.5884,3.3935,1.2788,path,2.1506,5.3200,0.0223,0.5686,0.1516,1.5440,1.0541,1.1133
0.0609,7.5071,0.3288,path,1.4658,5.3400,0.0064,-0.0587,0.0164,0.6064,0.3481,0.3185
0.4096,8.9478,0.9029,path,1.4005,5.3400,0.0119,0.4095,0.0110,1.4503,0.8998,1.1487
0.3761,7.4504,1.2184,path,2.4583,5.3400,0.0196,0.2912,0.2380,1.5898,1.0278,0.9803
0.4271,2.9235,0.0414,straight,1.1878,5.3800,0.0204,0.4269,0.0129,1.3991,0.4169,0.3890
0.4832,1.6167,0.0200,lateral,0.7249,5.3800,0.4828,-0.1766,0.4497,0.4386,0.1616,0.6793
0.2327,12.0332,0.1423,lateral,0.5904,5.3800,0.2285,-0.1904,0.1338,0.3194,0.1109,1.2560
0.4025,0.1365,0.0266,straight,0.6989,5.3800,0.0340,0.4022,0.0155,1.0551,0.3425,0.3143
0.1889,2.6419,0.5109,path,2.3991,5.4000,0.0093,-0.0602,0.1791,1.0069,0.4727,0.4628
0.8372,17.3939,0.8694,path,5.4817,5.4600,0.0238,-0.8353,0.0570,1.5625,1.0019,1.1910
0.3528,10.9518,0.4807,path,2.1927,5.4600,0.0081,-0.1099,0.3352,0.7383,0.4195,0.4026
0.6241,4.5069,0.0405,combined,1.5761,5.5000,0.6230,-0.5290,0.3312,0.5752,0.2332,0.7275
0.8087,1.2625,1.1653,path,5.8456,5.5200,0.0278,-0.6567,0.4720,1.5503,1.1527,1.3907
0.3285,0.3220,0.1792,path,2.8059,5.5400,0.0187,0.0212,0.3278,1.0941,0.5685,0.9338
0.3791,6.0100,0.0355,straight,0.1761,5.5400,0.1650,-0.3746,0.0583,0.3722,0.0935,0.7242
0.4645,9.6159,0.6790,path,2.3255,5.5600,0.0138,-0.3651,0.2872,1.2653,0.5435,0.6937
0.5425,1.5075,0.6727,path,3.3252,5.6000,0.0120,-0.4444,0.3111,1.3626,0.5736,0.6015
0.2807,3.9277,0.9886,path,3.2196,5.6200,0.0115,-0.0303,0.2790,1.2921,0.5794,0.5736
0.4093,11.4795,0.0581,turn,0.0000,5.6200,0.0000,nan,nan,0.4543,0.1276,1.5549
0.2618,8.0122,1.1623,path,3.8543,5.6400,0.0146,-0.1596,0.2075,1.5489,0.7179,0.7287
0.2545,4.4317,0.0848,turn,0.0000,5.6400,0.0000,nan,nan,0.9840,0.1560,0.5148
0.1137,0.9464,0.8737,path,4.6588,5.6600,0.0030,0.0045,0.1136,1.5109,0.8861,0.8712
0.3038,5.4911,0.1241,lateral,0.6940,5.6800,0.3029,-0.0191,0.3032,0.4227,0.1677,0.9416
0.4650,18.6001,0.1555,lateral,1.2415,5.6800,0.4650,-0.4143,0.2111,0.4483,0.2009,0.8578
0.3168,11.2586,0.0761,lateral,0.6364,5.7000,0.3168,-0.2753,0.1568,0.5445,0.1706,1.1885
0.3047,1.3045,0.1090,straight,1.5089,5.7000,0.1099,0.2950,0.0760,1.4181,0.4369,0.6861
0.3556,8.8975,0.0987,straight,1.6609,5.7200,0.2891,0.3542,0.0315,1.4549,0.5545,1.3995
0.1327,9.3416,0.3041,path,3.0232,5.7600,0.0058,0.0603,0.1182,1.1667,0.5995,0.6210
0.5192,8.7432,0.0133,combined,1.4936,5.8000,0.5192,-0.2861,0.4333,0.7883,0.2410,0.4479
0.6186,10.3738,0.0952,combined,1.5612,5.8400,0.6186,0.0726,0.6144,1.2453,0.4581,1.1064
0.0278,1.0910,0.0189,stand,0.0000,5.8800,0.0000,nan,nan,0.2551,0.0395,0.9953
0.1299,6.2322,0.9702,path,2.7225,5.8800,0.0117,0.1287,0.0176,1.2195,0.6842,0.5827
0.4681,0.7348,0.0962,turn,0.0000,5.8800,0.0000,nan,nan,1.1154,0.1848,0.4197
0.3574,10.8498,0.0507,combined,0.9418,5.9200,0.2113,0.3376,0.1173,1.3435,0.4140,1.2321
0.2419,4.3109,0.6339,path,2.1648,5.9400,0.0046,-0.2340,0.0615,1.0595,0.4191,0.4117
0.7276,8.1418,0.2398,path,2.1764,5.9600,0.0309,-0.6827,0.2517,1.4060,0.6947,1.5453
0.4997,2.1838,0.0376,straight,1.0424,5.9600,0.1095,0.4783,0.1446,1.5426,0.4916,1.0319
0.4113,10.6773,0.0169,combined,1.5039,6.0000,0.4112,-0.3413,0.2295,0.6232,0.2205,0.0000
1.1684,23.5304,1.0305,path,3.1939,6.0000,0.0200,-0.4913,1.0601,1.6868,1.0299,1.3109
0.6447,12.1558,0.5900,path,3.0060,6.0200,0.0154,-0.6445,0.0131,1.1853,0.5994,0.7701
0.6172,12.4251,1.4215,path,4.3519,6.0800,0.0155,-0.0736,0.6128,1.5247,0.8342,0.7720
0.1018,10.6476,0.6855,path,2.7960,6.0800,0.0094,-0.0717,0.0723,0.9691,0.4970,0.4715
0.4707,7.7151,0.7019,path,1.5196,6.0800,0.0084,0.4218,0.2090,1.2189,0.5946,0.4204
0.2916,3.2184,0.3925,path,2.3127,6.1000,0.0168,-0.1926,0.2189,1.6061,0.8005,0.8404
0.3400,9.0699,0.4987,path,2.6244,6.1200,0.0176,-0.3143,0.1296,1.4681,0.7509,0.8795
0.4575,9.3715,0.2476,combined,1.0765,6.1200,0.4423,-0.0301,0.4565,0.6682,0.2138,0.8009
0.3458,2.9790,0.1427,lateral,1.1336,6.1200,0.3458,-0.0803,0.3363,0.4806,0.1946,1.2013
0.1236,5.4445,0.5310,path,3.2315,6.1400,0.0112,0.1065,0.0628,1.0514,0.6120,0.5779
0.0681,3.1536,0.0066,stand,0.0000,6.1400,0.0000,nan,nan,0.1480,0.0379,0.9364
0.2008,2.0891,1.2127,path,5.8484,6.1400,0.0239,-0.1838,0.0809,1.9084,1.1569,1.1969
0.4382,19.3009,1.1997,path,2.9658,6.1600,0.0218,0.4152,0.1400,1.6615,1.1827,1.0896
0.3647,1.3707,1.0033,path,1.1717,6.1800,0.0176,0.3426,0.1249,1.3723,0.9574,0.8789
0.4095,3.0647,0.1076,lateral,1.4844,6.2000,0.4095,-0.3627,0.1900,0.5294,0.2129,0.4338
0.1948,1.3426,0.6759,path,2.3170,6.2200,0.0075,-0.0665,0.1831,1.2950,0.4136,0.3735
0.3913,5.4513,0.2001,combined,1.0533,6.2200,0.3913,-0.3259,0.2166,0.5078,0.1885,0.5540
0.3072,0.0563,0.1358,combined,1.4193,6.2600,0.0760,0.1962,0.2363,1.0074,0.3144,1.2381
0.2177,5.3199,0.0718,turn,0.0000,6.2600,0.0000,nan,nan,0.7718,0.1364,0.9177
0.2220,0.8518,0.9714,path,0.5628,6.2800,0.0168,-0.1769,0.1341,1.6745,1.0431,0.8407
0.2882,2.9924,0.6408,path,1.8972,6.2800,0.0107,-0.0210,0.2875,0.8552,0.4506,0.5313
0.4262,1.4194,1.1229,path,2.6482,6.3000,0.0092,0.3014,0.3014,1.3882,0.5522,0.4593
0.4016,72.2482,1.0913,path,4.3954,6.3000,0.0175,0.3284,0.2311,1.6740,0.7889,0.8333
1.5111,29.7047,1.0829,path,5.4283,6.3000,0.0278,-0.6504,1.3639,1.7601,1.0688,1.3854
1.6149,24.8249,0.2061,path,1.0817,6.3200,0.0293,-0.1522,1.6077,1.2887,0.5804,1.4636
0.8421,6.7431,0.2536,combined,2.3187,6.3400,0.6157,0.1741,0.8239,1.0650,0.4925,1.4354
0.3281,1.4946,0.8516,path,1.1099,6.3600,0.0154,-0.3269,0.0283,1.3362,0.6995,0.7688
0.1080,12.5281,0.3905,path,1.8772,6.3800,0.0135,-0.0348,0.1022,1.1620,0.6286,0.6744
0.6436,7.7206,1.4892,path,0.8372,6.3800,0.0260,-0.1630,0.6226,1.7260,0.9826,1.2993
0.5163,5.7760,0.1670,straight,1.8133,6.4000,0.3366,0.4524,0.2487,1.5002,0.4389,0.0000
0.7218,20.7239,1.6015,path,7.8738,6.4200,0.0301,-0.6859,0.2247,1.9075,1.2232,1.5154
0.3787,7.8451,0.1641,path,1.8084,6.4200,0.0060,-0.3164,0.2080,0.8658,0.2473,0.3011
0.4071,2.7927,0.9740,path,5.5814,6.4400,0.0193,-0.0700,0.4010,1.3886,0.9704,0.9643
0.5454,3.1995,0.0283,combined,1.6412,6.4600,0.5453,-0.3392,0.4271,0.6046,0.2652,0.6034
0.1958,6.9491,0.1635,path,2.5012,6.4600,0.0063,-0.0888,0.1746,0.7527,0.4536,0.4213
0.4653,13.4402,0.0304,combined,1.9579,6.4600,0.4653,-0.3696,0.2827,0.6434,0.2732,1.4567
0.5314,2.4903,0.0895,combined,1.9090,6.4600,0.1948,0.5314,0.0041,1.4944,0.4287,0.9885
0.3463,0.5894,0.7802,path,0.8519,6.4600,0.0210,-0.2486,0.2411,1.3545,0.8375,1.0508
0.3025,2.3898,0.5141,path,2.3939,6.4800,0.0084,0.3013,0.0267,1.1200,0.4938,0.4225
0.3188,2.3918,1.1620,path,2.4489,6.5200,0.0298,-0.2137,0.2366,1.7023,1.1861,1.4922
0.3987,0.3968,0.0759,straight,1.5547,6.5400,0.3987,-0.1935,0.3487,0.5313,0.2437,0.5794
0.4338,9.5935,0.0815,combined,1.7734,6.5800,0.4338,0.3279,0.2841,1.5116,0.4700,0.9862
0.8856,9.1298,0.3421,path,0.9954,6.5800,0.0251,-0.7959,0.3884,1.4410,0.6404,1.2527
0.5031,11.5586,0.3170,path,1.6101,6.5800,0.0088,0.4127,0.2876,1.4587,0.6230,0.4423
0.0596,5.9514,0.0105,stand,0.0000,6.5800,0.0000,nan,nan,0.2919,0.0389,1.0767
0.5005,3.5764,1.0204,path,2.6371,6.5800,0.0294,-0.4474,0.2243,1.6303,1.0463,1.4694
0.0588,2.7321,0.3761,path,1.8551,6.6000,0.0073,-0.0558,0.0185,0.7417,0.3841,0.3638
0.1119,2.5289,0.4913,path,2.0961,6.6200,0.0070,0.0930,0.0622,0.6121,0.3900,0.3480
0.4040,1.3750,0.0897,straight,1.1970,6.6400,0.4022,-0.3790,0.1399,0.3956,0.1643,1.4443
0.6977,0.3821,1.1806,path,6.4738,6.6400,0.0227,-0.6888,0.1111,1.5088,1.0178,1.1363
0.8545,10.5117,0.5649,path,3.0682,6.6800,0.0130,0.8271,0.2148,1.1598,0.6344,0.6512
0.5978,16.8625,0.1945,path,1.6848,6.7000,0.0308,-0.5407,0.2550,1.3437,0.6206,1.5473
0.5447,10.4903,0.7268,path,3.5427,6.7000,0.0178,0.1912,0.5101,1.3282,0.8582,0.8880
0.3037,11.6487,0.9040,path,3.1954,6.7200,0.0268,-0.2691,0.1407,1.3749,0.6233,0.6430
1.1146,4.9570,1.3163,path,3.8987,6.7200,0.0257,0.1129,1.1088,1.7067,1.0661,1.2963
0.3587,5.1584,1.1563,path,2.4142,6.7400,0.0228,0.1894,0.3046,1.4415,1.0431,1.1369
0.2334,5.4428,0.3631,path,2.4245,6.7400,0.0074,-0.2334,0.0041,0.6083,0.3580,0.3691
0.4238,13.5463,0.1578,path,2.5325,6.7600,0.0084,0.3334,0.2616,1.0795,0.4939,0.4218
0.3102,2.2337,0.0994,combined,1.1545,6.7800,0.3041,-0.0470,0.3066,0.8044,0.2350,0.7705
0.5009,12.6875,0.1168,combined,1.8989,6.7800,0.5009,-0.3910,0.3130,0.8030,0.2851,1.3424
0.3728,4.5314,0.0928,lateral,1.0864,6.8400,0.3704,-0.3371,0.1591,0.4105,0.1475,0.3620
0.3388,2.4385,0.0828,lateral,0.1459,6.8600,0.1165,0.0581,0.3338,0.2731,0.1012,0.4983
0.3944,7.0257,0.1056,straight,1.1922,6.8800,0.1589,0.3212,0.2289,1.3703,0.3525,0.3931
0.2187,4.2664,1.1165,path,0.7720,6.8800,0.0202,0.1970,0.0950,1.4049,0.9987,1.0125
0.3950,0.2321,0.1329,turn,0.0000,6.8800,0.0000,nan,nan,0.5790,0.1663,0.9105
0.2069,8.9205,0.7900,path,3.8744,6.9000,0.0128,-0.1358,0.1561,1.0755,0.6170,0.6382
0.1787,0.7300,0.3842,path,4.8678,6.9200,0.0241,0.0539,0.1704,1.3135,0.7275,0.7005
0.4927,16.3482,0.0532,lateral,1.3795,6.9200,0.4807,-0.4316,0.2377,0.5593,0.1995,0.8780
0.1802,7.5541,0.0174,straight,0.4124,6.9400,0.1310,0.1756,0.0402,0.5220,0.1629,0.5110
0.5320,4.0726,0.3088,path,2.2054,6.9400,0.0126,-0.4777,0.2341,0.9465,0.4331,0.6296
0.4659,4.4245,0.0408,combined,0.6561,7.0000,0.4594,0.2026,0.4196,0.8217,0.1758,1.1516
0.4019,0.1272,0.0830,lateral,0.2279,7.0200,0.2279,-0.1444,0.3751,0.2899,0.1094,0.9272
0.1868,4.9211,0.3402,path,1.7354,7.0600,0.0062,-0.1690,0.0794,0.6336,0.2811,0.3091
0.2605,121.0945,0.4563,path,5.9359,7.1800,0.0183,0.0808,0.2477,1.4256,0.8944,0.9198
0.3213,3.8444,0.0340,turn,0.0000,7.2000,0.0000,nan,nan,0.7425,0.2438,0.5240
0.6186,0.6895,0.0102,combined,1.0768,7.2200,0.6146,-0.0233,0.6182,0.7871,0.2270,1.4454
0.5312,5.5131,0.8791,path,3.2021,7.2200,0.0132,0.5265,0.0708,1.6396,0.9099,0.8603
0.0500,0.1040,0.0520,stand,0.0000,7.2200,0.0000,nan,nan,0.1494,0.0334,1.1739
0.1638,13.3244,0.0411,lateral,1.0797,7.2400,0.1638,-0.0853,0.1399,0.4541,0.1673,1.0560
0.2556,0.2240,0.0912,lateral,1.4685,7.2400,0.2556,0.0330,0.2535,0.5706,0.2393,0.4895
0.5145,2.9515,0.0412,lateral,1.4379,7.2400,0.5100,-0.2160,0.4669,0.6339,0.2051,1.3050
0.5933,9.7263,0.0514,combined,1.9090,7.2600,0.5933,-0.5802,0.1239,0.6554,0.2528,1.2099
0.3856,13.2828,0.7479,path,4.4970,7.3000,0.0146,0.1659,0.3480,1.2219,0.7697,0.7306
1.9993,10.4434,1.8468,path,2.9108,7.3200,0.0316,1.1358,1.6454,1.9558,1.1853,1.5882
0.0293,0.2329,0.0249,stand,0.0000,7.3600,0.0000,nan,nan,0.3536,0.0465,0.5522
0.2520,0.5733,0.1373,straight,1.1971,7.3800,0.2520,-0.2351,0.0908,0.4786,0.1730,1.5590
0.4464,1.5147,0.1214,straight,1.7743,7.3800,0.4464,-0.4447,0.0396,0.5926,0.2218,0.9965
1.3868,48.5496,0.5271,path,1.7956,7.4000,0.0097,1.3864,0.0321,1.6497,0.7840,0.4833
0.2688,1.8314,0.0548,turn,0.0000,7.4400,0.0000,nan,nan,0.4170,0.1208,0.0000
0.4409,1.2553,0.1240,turn,0.0000,7.4400,0.0000,nan,nan,0.4728,0.1317,1.1764
0.7080,7.8626,0.7671,path,3.8763,7.4400,0.0272,0.7023,0.0898,1.5469,0.9738,1.3661
0.4034,5.1005,0.0119,straight,0.9654,7.4600,0.2419,0.3872,0.1132,1.1471,0.2846,0.6202
0.4928,1.0261,0.0652,combined,1.5110,7.4600,0.4928,-0.4800,0.1116,0.5888,0.1722,1.1733
0.3559,1.1307,0.1729,path,0.0676,7.4600,0.0320,0.0476,0.3527,1.3271,0.6544,1.5934
0.3222,4.0093,0.5088,path,1.3289,7.4800,0.0138,-0.1215,0.2985,1.0510,0.5771,0.6919
1.1895,9.8139,0.6367,path,3.7361,7.4800,0.0158,1.1566,0.2779,1.4843,0.7152,0.7905
0.2294,6.4849,0.1136,turn,0.0000,7.5000,0.0000,nan,nan,0.5705,0.1380,1.2703
1.0249,27.0817,0.3711,path,3.1700,7.5000,0.0196,-0.8339,0.5958,1.2520,0.5492,0.9790
0.5421,5.3680,1.1170,path,1.5084,7.5200,0.0116,0.5157,0.1668,1.4108,0.7339,0.5792
0.4182,4.2143,0.1374,combined,1.6349,7.5400,0.4182,-0.2509,0.3346,0.6259,0.2582,1.3156
0.1177,3.0230,0.1373,path,0.6928,7.5400,0.0139,-0.0485,0.1073,1.0761,0.5441,0.6959
0.3656,8.1669,0.1297,turn,0.0000,7.5400,0.0000,nan,nan,0.2516,0.1025,0.4550
0.4290,2.6379,0.0686,straight,1.3427,7.5600,0.4290,-0.4278,0.0324,0.4717,0.1696,1.5861
0.3934,5.4142,0.1860,lateral,1.4482,7.5800,0.3934,-0.2676,0.2884,0.6342,0.1872,1.4173
0.6321,8.7468,0.9451,path,4.2574,7.5800,0.0209,-0.4145,0.4772,1.4225,0.9735,1.0460
0.6823,11.9542,0.2318,path,6.2339,7.6000,0.0291,-0.3085,0.6086,1.4795,1.0340,1.4451
0.2573,10.0075,1.0211,path,5.7965,7.6000,0.0245,-0.2493,0.0637,1.5786,1.0929,1.2268
0.4868,4.1447,0.0972,lateral,0.7298,7.6000,0.4610,-0.1639,0.4583,0.3324,0.1341,0.9855
0.4378,0.8045,1.0866,path,4.6328,7.6200,0.0226,-0.2398,0.3663,1.6401,1.0055,1.1300
0.5208,27.8468,0.1384,path,4.1702,7.6200,0.0139,0.0472,0.5186,1.0592,0.6468,0.6963
0.3258,5.8770,0.0146,combined,1.8890,7.6400,0.3050,0.2207,0.2396,1.5027,0.4111,0.9853
0.3871,0.8661,0.0602,lateral,0.0157,7.6400,0.0095,-0.0086,0.3870,0.4248,0.1108,0.9262
0.2241,11.0586,1.0440,path,6.0136,7.6600,0.0227,-0.2190,0.0476,1.5592,0.9788,1.0130
0.4170,3.0773,0.0611,combined,0.3502,7.6600,0.1476,0.3853,0.1595,0.5659,0.1733,0.3841
0.4814,2.0767,0.1348,lateral,0.6461,7.6800,0.4692,-0.2194,0.4285,0.4887,0.1257,0.8241
0.5999,9.3720,0.0504,path,2.8815,7.6800,0.0020,0.5986,0.0398,1.3044,0.4984,0.3914
0.2784,5.4335,0.0282,lateral,0.1176,7.7000,0.1176,-0.1795,0.2128,0.3688,0.0975,0.7597
0.3502,6.2718,0.5004,path,4.1763,7.7000,0.0109,-0.2636,0.2305,0.7438,0.5231,0.5432
0.2555,15.1390,0.4836,path,5.6547,7.7200,0.0156,-0.0013,0.2555,1.4835,0.7645,0.7954
0.2902,3.2956,0.0830,straight,0.6719,7.7200,0.0377,0.2816,0.0704,0.8850,0.2209,0.6856
0.2745,5.3141,0.1068,straight,1.7537,7.7200,0.2726,0.2161,0.1693,1.5350,0.4203,1.4882
0.1687,8.1192,0.2290,path,5.8248,7.7400,0.0154,0.1607,0.0513,1.6495,0.7858,0.7693
1.1797,2.4526,0.3680,path,3.7598,7.7800,0.0231,0.9722,0.6682,1.6573,0.7683,1.1538
0.3769,3.9114,0.2012,path,0.4663,7.7800,0.0094,-0.2031,0.3175,0.6029,0.3187,0.4726
0.6180,16.4843,0.1959,straight,0.9457,7.8200,0.5948,-0.5674,0.2448,0.6519,0.1424,0.3340
0.3272,5.5763,0.0943,combined,0.4473,7.8200,0.3057,-0.0900,0.3146,0.3262,0.1150,1.2680
0.4772,7.9406,0.0238,turn,0.0000,7.8400,0.0000,nan,nan,0.7833,0.2157,0.9872
0.3999,10.8832,0.0283,lateral,0.3442,7.8400,0.3061,-0.1687,0.3626,0.3645,0.1045,0.5081
0.3192,6.3877,0.1157,combined,1.1787,7.8400,0.3185,-0.0280,0.3180,0.6448,0.1657,0.0000
0.3862,3.1320,0.1177,turn,0.0000,7.8400,0.0000,nan,nan,0.6857,0.1462,0.6282
0.5232,7.7609,0.4644,path,3.8672,7.8800,0.0176,-0.4266,0.3029,1.3802,0.7419,0.8823
0.4519,15.3037,1.3879,path,0.5087,7.9000,0.0179,0.3152,0.3239,1.5511,1.1083,0.8960
0.3579,4.4104,0.0576,combined,2.2116,7.9000,0.3579,-0.2993,0.1964,0.6558,0.2923,0.4714
0.7774,7.5327,0.5353,path,3.9195,7.9600,0.0164,0.4748,0.6155,1.6272,0.9930,0.8191
1.4601,2.1772,0.6626,path,2.9659,7.9600,0.0300,-1.1098,0.9488,1.1653,0.5349,1.5004
0.3383,5.7308,0.0827,straight,1.3998,7.9600,0.1752,0.3382,0.0082,1.5661,0.4131,0.3486
0.2892,2.1663,0.0209,combined,0.7533,7.9800,0.1656,0.2301,0.1751,0.6294,0.1967,1.4190
0.4872,2.5227,0.0745,straight,1.3356,4.0600,0.4872,-0.4826,0.0666,0.4022,0.2338,0.3135
0.3614,5.0090,0.6319,path,2.1631,4.3600,0.0022,0.1250,0.3390,0.9066,0.5343,0.4974
0.5714,4.9410,0.7466,path,0.6562,4.1000,0.0267,-0.4088,0.3992,0.9607,0.7107,1.3376
0.6265,14.6886,1.0003,path,3.9048,4.0800,0.0214,-0.4614,0.4238,1.7462,1.1403,1.0700
0.4907,0.3360,0.0890,straight,0.8098,4.5400,0.0330,0.4880,0.0517,1.1263,0.3638,0.9766
1.0777,21.8848,0.2464,path,3.4020,4.0400,0.0304,-1.0360,0.2969,1.5265,1.0956,1.5200
0.9334,11.8370,1.4202,path,5.6448,4.4600,0.0319,-0.9334,0.0030,1.8426,1.2701,1.5935
0.0197,3.8652,0.0446,stand,0.0000,4.7200,0.0000,nan,nan,0.1338,0.0425,0.6228
0.4157,10.2952,0.0553,combined,1.1633,4.1600,0.4157,-0.4082,0.0786,0.3924,0.2040,0.0000
0.3082,2.5995,0.0617,straight,0.1715,4.5200,0.0214,0.3082,0.0021,0.3828,0.1502,0.6701
0.6884,0.3494,0.4060,path,1.3314,5.1200,0.0189,-0.3997,0.5604,1.2135,0.5062,0.9444
0.3057,2.9485,0.6840,path,1.8035,4.7400,0.0125,-0.2854,0.1097,0.9787,0.4932,0.6257
0.2636,12.8744,0.5427,path,2.6809,4.5600,0.0175,0.1684,0.2027,1.5693,0.9017,0.8783
0.6791,1.2959,1.1633,path,3.4922,4.5200,0.0213,-0.1060,0.6707,1.5399,1.0101,0.9852
0.3562,2.6362,0.0311,lateral,0.4776,5.2600,0.3545,-0.2242,0.2768,0.2506,0.1116,0.6207
0.2215,2.9224,0.8099,path,3.1452,4.4400,0.0034,-0.2162,0.0479,1.2014,0.7050,0.7470
0.3310,4.9072,0.4091,path,4.1461,5.3000,0.0058,-0.3206,0.0821,1.6190,0.7827,0.8933
0.3736,6.7063,0.2462,path,1.3520,4.1800,0.0082,-0.1895,0.3219,1.2732,0.5844,0.4124
0.3484,9.6704,0.1912,straight,1.0047,5.2800,0.1829,0.3266,0.1211,1.1721,0.3688,1.4844
0.4988,8.9422,0.0424,path,2.5097,5.1200,0.0117,-0.4796,0.1370,0.9463,0.4372,0.5824
0.5338,6.9956,0.2652,combined,1.3060,4.9400,0.5338,-0.4709,0.2515,0.4961,0.2351,1.3452
0.1924,4.2327,0.5392,path,1.8141,4.3200,0.0108,0.0283,0.1903,1.3137,0.6371,0.5412
0.4059,3.0582,0.1460,combined,1.4368,4.1200,0.4059,-0.3998,0.0701,0.4627,0.2844,1.2321
1.0412,3.5047,0.2318,path,2.9102,4.5000,0.0191,-1.0138,0.2375,1.0633,0.5260,0.9528
0.5160,6.6045,0.0610,lateral,0.3040,5.7200,0.3040,-0.1995,0.4758,0.3445,0.1355,0.3376
0.4808,0.0048,0.0841,straight,1.2161,4.0800,0.4808,-0.4721,0.0909,0.4138,0.2112,0.0000
0.4799,16.2285,0.1370,lateral,0.9466,4.7000,0.4751,-0.3816,0.2910,0.4390,0.1521,0.6793
0.8925,14.0622,0.6825,path,4.0249,5.7600,0.0197,-0.8794,0.1527,1.2057,0.6633,0.9918
1.1270,2.9373,0.7405,path,1.9309,5.5800,0.0252,-0.8817,0.7019,1.2326,0.6126,1.2570
0.3870,6.3428,0.4857,path,2.6235,5.2800,0.0121,-0.0553,0.3830,1.3236,0.5994,0.6025
0.4334,4.6823,0.6015,path,3.7912,4.8600,0.0173,-0.4214,0.1016,1.4934,0.7210,0.8652
0.5993,4.9295,0.9460,path,1.9388,4.9600,0.0188,-0.5934,0.0835,1.4947,0.6733,0.9398
0.4439,8.4715,0.1498,lateral,0.2933,4.3600,0.2933,-0.2259,0.3822,0.2884,0.1310,1.1064
0.6261,18.4200,0.2844,lateral,1.3273,4.4800,0.6261,-0.6223,0.0687,0.4495,0.1875,1.3995
0.0317,0.3903,0.0251,stand,0.0000,5.5000,0.0000,nan,nan,0.0743,0.0316,0.7867
0.4644,11.4642,0.2602,path,2.9944,4.0400,0.0151,-0.1598,0.4361,1.1982,0.7798,0.7415
0.3649,0.0588,0.1369,lateral,0.4399,4.5400,0.3369,-0.0764,0.3568,0.3126,0.1373,0.8578
0.4602,5.8254,0.0019,lateral,0.1679,4.2800,0.1101,0.3297,0.3211,0.4120,0.1650,1.0319
0.2637,1.2952,0.0763,combined,0.4312,4.6000,0.2635,-0.2484,0.0884,0.7977,0.2011,0.5148
0.6326,2.9063,0.1248,combined,1.7740,4.5600,0.6326,-0.6278,0.0783,0.4411,0.2710,0.6861
0.9023,12.1107,0.2419,path,5.4938,5.4800,0.0272,-0.8997,0.0689,1.5497,1.0521,1.3543
0.2749,6.2210,0.5083,path,2.1140,5.4600,0.0116,-0.1980,0.1907,0.9991,0.5222,0.5807
0.3510,4.8721,0.0548,lateral,0.6275,5.4800,0.3245,0.0993,0.3366,0.3838,0.1587,0.3017
0.3336,8.8647,0.0442,combined,1.3996,5.4600,0.3336,-0.2330,0.2387,0.5506,0.2160,1.2314
0.2304,4.5991,0.1768,path,1.7621,5.3000,0.0067,0.0811,0.2157,1.2085,0.4069,0.3358
0.2992,7.5211,0.8120,path,3.0992,4.7600,0.0056,0.2887,0.0784,1.4835,0.7583,0.6816
0.5173,12.1611,0.2497,lateral,1.3554,5.5200,0.5173,-0.4712,0.2135,0.4545,0.1802,0.0000
0.5187,2.8215,0.0672,lateral,0.2685,5.2800,0.2522,-0.0136,0.5186,0.3683,0.1492,1.4319
0.3599,5.3924,0.4910,path,1.6965,4.0800,0.0084,-0.2472,0.2615,0.6958,0.3610,0.4200
0.9083,9.7821,1.5405,path,1.5376,4.9800,0.0313,-0.2408,0.8758,1.8937,0.9713,1.5579
0.3754,15.2810,0.7070,path,1.4458,4.0600,0.0074,0.0411,0.3731,1.4892,0.4131,0.3695
0.3435,3.2788,0.1817,straight,0.0500,4.9000,0.0500,-0.3367,0.0683,0.2631,0.1141,0.7242
0.6017,0.2929,1.1483,path,5.8334,5.8400,0.0251,-0.5385,0.2683,1.4606,1.0177,1.2571
0.4526,13.9651,0.6817,path,1.9127,6.0000,0.0148,0.4526,0.0062,1.1408,0.6092,0.7360
0.4846,18.1288,0.4316,path,1.2449,5.5600,0.0280,0.4267,0.2297,1.4651,0.7298,1.4039
0.0333,0.0023,0.0340,stand,0.0000,4.8600,0.0000,nan,nan,0.2888,0.0365,1.5549
0.2982,2.0806,0.6951,path,3.1578,5.3200,0.0213,0.2049,0.2166,1.5281,0.9510,1.0650
0.0980,3.8839,0.8218,path,1.7191,4.9800,0.0120,0.0300,0.0933,1.2344,0.7222,0.5961
0.4605,13.8909,0.1093,combined,1.2873,5.7000,0.4600,-0.3925,0.2409,0.4796,0.1868,0.7318
0.5148,3.0645,0.1326,combined,1.4694,6.4600,0.5062,-0.3154,0.4068,0.6421,0.2044,0.6316
0.3447,5.0802,0.1651,path,2.4013,4.9600,0.0049,0.0494,0.3411,1.1365,0.5286,0.4954
0.8230,7.8759,0.5707,path,3.0129,5.7200,0.0203,-0.7859,0.2442,1.3851,0.7332,1.0166
0.3842,2.5742,0.2782,combined,1.1715,5.7000,0.3842,0.2685,0.2748,1.1914,0.4547,0.9336
0.6006,0.2495,0.1621,straight,1.7105,4.7400,0.6006,-0.5868,0.1278,0.5456,0.2657,0.4197
0.3201,4.5208,0.0714,turn,0.0000,5.8600,0.0000,nan,nan,0.7743,0.1533,0.8096
0.5828,1.4658,1.2050,path,3.4825,4.6400,0.0254,-0.2927,0.5040,1.4707,1.0432,1.2648
0.5008,2.0202,0.3560,path,2.4743,4.3800,0.0036,-0.4404,0.2384,1.2819,0.5404,0.6528
1.4500,3.1628,0.7263,path,3.1923,6.3800,0.0201,-1.0476,1.0024,1.5588,0.6204,1.0070
0.2079,1.0473,0.9075,path,5.5757,6.0200,0.0194,-0.2043,0.0385,1.3838,0.9237,0.9736
0.0163,1.5036,0.0634,stand,0.0000,6.2800,0.0000,nan,nan,0.3116,0.0570,0.4964
0.8829,9.0587,1.5777,path,5.1073,6.5600,0.0256,-0.4606,0.7533,1.6007,1.1403,1.2805
0.4925,4.1155,1.2631,path,2.3012,4.9000,0.0137,0.4103,0.2725,1.5463,0.9904,0.6827
0.4708,16.9701,0.0815,combined,1.4902,5.4400,0.4708,-0.1222,0.4547,1.3156,0.4584,1.2560
0.3363,4.8540,0.7737,path,1.7605,5.8200,0.0061,0.1408,0.3054,1.5368,0.3919,0.3070
0.3856,11.4087,0.0627,turn,0.0000,5.1400,0.0000,nan,nan,0.2072,0.0971,1.1885
0.3109,15.0885,0.1025,lateral,1.1487,4.3000,0.3109,-0.3004,0.0801,0.4430,0.2092,0.9862
0.5133,1.5607,0.1636,combined,0.9741,6.8800,0.0944,0.5127,0.0240,1.3542,0.3338,0.8898
0.8355,3.5609,0.5970,path,4.1468,5.5200,0.0171,-0.8353,0.0207,1.7738,0.7410,0.8862
0.3558,7.7249,1.1012,path,3.0257,5.6000,0.0118,0.3545,0.0301,1.3652,0.8522,0.7273
0.8988,9.7852,1.0595,path,1.3516,5.8400,0.0238,-0.6841,0.5829,1.5644,0.7633,1.1788
0.7686,8.3271,0.8443,path,3.3092,6.4400,0.0174,-0.6498,0.4105,1.2723,0.5953,0.8701
1.5030,7.6277,1.1553,path,1.5910,5.0000,0.0287,-0.3298,1.4664,1.5335,0.8271,1.4378
0.2442,5.8401,0.1772,path,1.9052,4.9400,0.0084,0.2437,0.0156,1.4547,0.6582,0.4205
0.4576,16.8272,0.3036,path,2.2516,5.8200,0.0105,-0.1587,0.4292,1.5968,0.6405,0.5296
0.0410,2.3352,0.0110,stand,0.0000,6.2400,0.0000,nan,nan,0.1568,0.0409,1.2806
0.4973,8.4942,0.0790,combined,1.1151,6.7400,0.4790,0.0717,0.4921,0.6322,0.2001,0.9383
0.2081,0.4722,0.0670,path,2.4478,4.6000,0.0053,0.1979,0.0643,1.2775,0.5921,0.5329
0.1741,7.1332,0.5080,path,0.7657,4.7600,0.0113,0.0557,0.1649,0.9857,0.4139,0.5636
0.3673,1.0119,0.1212,lateral,0.0818,4.7400,0.0669,-0.0246,0.3665,0.2620,0.1217,0.6034
0.0766,7.9279,0.0379,stand,0.0000,5.8200,0.0000,nan,nan,0.4613,0.0537,0.3890
0.7592,1.0940,0.8570,path,0.4593,6.5600,0.0302,-0.3252,0.6860,1.6125,1.0552,1.5107
0.2903,2.1944,1.0430,path,0.4874,5.0400,0.0178,0.0518,0.2857,1.3534,0.7213,0.8913
0.8789,4.9809,1.0777,path,2.6868,6.0200,0.0297,-0.5719,0.6674,1.5401,1.0202,1.4819
0.5051,2.0160,0.1433,combined,0.9670,5.5600,0.5051,-0.3760,0.3373,0.6571,0.2047,0.4479
1.0977,21.6859,1.3560,path,6.8381,4.6400,0.0305,-1.0176,0.4117,1.7091,1.3325,1.5292
1.1285,11.1247,1.5474,path,2.0610,6.1200,0.0268,-0.9845,0.5516,1.6193,0.9961,1.3321
0.4097,1.1414,0.0764,turn,0.0000,5.3200,0.0000,nan,nan,0.7534,0.1381,1.2013
0.5945,7.3684,0.6943,path,4.7124,5.4800,0.0186,0.0343,0.5935,1.8737,1.0278,0.9290
0.1261,0.7458,0.4371,path,1.9768,5.0200,0.0084,-0.0817,0.0960,0.9944,0.5219,0.4213
0.3762,8.7363,0.1484,combined,1.1591,4.6200,0.3762,-0.3534,0.1290,0.4355,0.2137,0.5110
0.5491,2.6235,0.1116,straight,1.5254,6.7600,0.5488,-0.5490,0.0025,0.4098,0.1873,0.0000
0.5754,4.3459,0.2119,combined,1.1187,4.7000,0.4056,0.4248,0.3881,1.3547,0.5725,0.9105
0.3577,11.1031,0.5262,path,1.4938,5.4600,0.0066,0.3152,0.1692,0.7000,0.4591,0.3285
0.3297,5.7529,0.1301,straight,0.2744,4.1600,0.2723,-0.3210,0.0749,0.2083,0.0833,1.1764
1.0084,4.4429,1.1996,path,6.6105,7.6000,0.0277,-0.4865,0.8833,1.6407,1.1829,1.3919
0.4542,7.1749,0.1243,straight,0.5948,6.9800,0.4527,-0.4496,0.0650,0.2740,0.1079,0.4933
0.5224,8.4173,0.9043,path,5.5519,6.8600,0.0170,0.2367,0.4657,1.4951,0.8693,0.8469
0.4438,15.4986,0.0356,lateral,0.7448,4.7800,0.4429,-0.4241,0.1307,0.2448,0.0940,0.3931
0.3588,0.3626,0.1305,turn,0.0000,5.4200,0.0000,nan,nan,0.6054,0.1146,1.2381
0.4972,3.2735,0.1081,straight,1.7403,7.3600,0.4957,-0.4861,0.1043,0.4917,0.2178,1.1705
0.4278,4.9366,0.0215,lateral,0.0991,6.4800,0.0991,-0.1826,0.3868,0.2460,0.0965,1.4906
0.2881,3.6342,0.7886,path,3.7966,6.6200,0.0164,-0.2599,0.1241,1.1477,0.7562,0.8227
0.5748,5.1494,0.1010,turn,0.0000,6.4200,0.0000,nan,nan,0.5436,0.1397,0.3672
0.3612,11.3291,0.2620,lateral,0.9659,4.4000,0.3612,-0.2615,0.2491,0.4432,0.1767,0.5522
0.6785,11.1660,0.9771,path,5.5883,7.6200,0.0166,-0.5461,0.4027,1.5530,0.8661,0.8314
0.4579,3.9141,1.2427,path,3.3916,7.4400,0.0242,0.4447,0.1092,1.6402,1.1244,1.2109
0.8684,1.0014,1.3442,path,2.2640,7.3200,0.0299,-0.7462,0.4441,1.6646,1.0718,1.4941
0.6284,1.2906,1.2334,path,2.8676,7.3000,0.0185,-0.6016,0.1813,1.4449,0.9437,1.0645
0.3990,13.0679,0.0653,lateral,1.4723,7.4000,0.3972,-0.3188,0.2400,0.5119,0.1808,0.4688
0.6644,9.9707,0.0439,combined,1.9150,5.5400,0.6644,-0.5449,0.3802,0.5489,0.2689,1.4354
0.9950,0.6645,1.1405,path,3.7673,6.9600,0.0305,-0.3874,0.9164,1.5465,1.1891,1.5226
0.3226,1.9551,0.2570,path,1.1478,7.5600,0.0105,0.3006,0.1171,0.5987,0.2605,0.5236
1.4627,20.0929,0.7727,path,0.6336,5.6000,0.0311,-1.3883,0.4605,1.2789,0.6546,1.5576
0.0540,10.0170,0.0341,stand,0.0000,4.1800,0.0000,nan,nan,0.2269,0.0452,0.3340
0.3781,2.4390,0.0742,straight,1.3628,5.9000,0.3781,-0.3591,0.1183,0.3972,0.1937,0.9364
0.1642,11.7141,1.0162,path,1.7391,7.2800,0.0151,0.1401,0.0855,1.2344,0.7964,0.7512
0.4030,13.4475,0.0178,lateral,0.6561,4.2400,0.4001,-0.2957,0.2737,0.2899,0.1111,0.9872
0.3024,2.8794,0.4137,path,2.6240,4.7800,0.0117,-0.1526,0.2611,1.8468,0.5491,0.5842
0.4371,5.9415,0.0981,combined,0.2972,4.9000,0.1797,0.2593,0.3519,0.8621,0.1685,1.2099
0.6499,5.9501,1.2201,path,4.7755,4.4400,0.0256,-0.6105,0.2227,1.5991,1.0932,1.2851
0.3729,4.2802,0.1596,combined,1.1782,7.3200,0.3637,-0.2570,0.2702,0.8284,0.1668,1.0488
0.6290,9.9174,0.5087,path,1.0313,6.6400,0.0171,-0.1093,0.6194,1.5161,0.9100,0.8535
0.4310,10.3934,1.0967,path,6.4889,6.4400,0.0256,-0.4309,0.0097,1.6164,1.1739,1.2720
1.3322,19.2979,0.2450,path,2.0215,7.3600,0.0250,-1.1947,0.5894,1.1423,0.4104,1.2524
0.3455,5.5478,0.1391,combined,0.3906,7.3000,0.2896,-0.0846,0.3350,0.3555,0.1065,0.8345
0.4409,2.6314,0.9357,path,2.4036,7.8200,0.0161,0.4348,0.0730,1.5314,0.8779,0.8050
0.2197,7.9298,0.1738,lateral,0.6744,6.1200,0.2177,-0.1048,0.1930,0.3756,0.1290,0.4338
0.4502,1.2518,0.0288,turn,0.0000,4.8600,0.0000,nan,nan,0.2863,0.1285,1.1733
0.3476,3.3768,0.0258,lateral,0.0987,5.7800,0.0987,-0.2866,0.1967,0.2160,0.0847,0.5794
0.5435,3.7229,0.1467,combined,2.3558,5.3000,0.5435,-0.5411,0.0509,0.8347,0.3923,0.9272
0.0382,2.6100,0.0288,stand,0.0000,6.2000,0.0000,nan,nan,0.2476,0.0342,0.8009
0.1635,14.7534,0.0869,path,2.4625,4.6200,0.0109,0.1228,0.1079,1.4746,0.6879,0.5461
0.5018,2.1174,0.1103,combined,1.6379,6.1200,0.5018,-0.4834,0.1347,0.5738,0.2456,0.5540
0.3346,1.3125,0.0653,turn,0.0000,6.9800,0.0000,nan,nan,0.6701,0.1262,0.3143
0.3415,1.6260,1.1057,path,6.1791,6.4600,0.0218,-0.2962,0.1700,1.3669,1.0110,1.0918
0.3412,5.6429,0.1108,turn,0.0000,4.4600,0.0000,nan,nan,0.6326,0.1570,0.3486
0.3264,3.3914,0.6570,path,2.9690,7.5200,0.0183,-0.1382,0.2957,1.2436,0.7795,0.9166
0.5587,2.6681,0.9944,path,3.2384,4.7800,0.0095,-0.2873,0.4792,1.6261,0.7711,0.9784
0.2377,9.9077,0.0576,combined,2.0748,7.9600,0.2377,0.0990,0.2161,1.5445,0.3750,1.4568
0.1052,15.5635,0.8867,path,1.9110,5.3000,0.0073,-0.0931,0.0490,0.9910,0.5297,0.5586
0.4454,12.7255,0.0490,combined,1.6973,7.8800,0.4454,-0.1294,0.4262,0.8926,0.2278,1.2472
0.2756,0.3286,0.1000,lateral,0.3990,4.8800,0.2713,-0.1161,0.2500,0.3210,0.1100,0.3841
0.1847,17.2236,1.3158,path,6.2032,6.4800,0.0183,-0.0136,0.1842,1.7067,1.0455,0.9721
0.4991,4.2789,0.1973,straight,0.3006,5.3600,0.0438,0.4962,0.0533,0.7111,0.2189,1.3050
0.3404,0.0774,0.0490,turn,0.0000,6.7600,0.0000,nan,nan,0.6343,0.1145,0.9953
0.1883,1.2399,0.1251,stand,0.0000,6.0200,0.0000,nan,nan,0.3868,0.0698,1.4443
0.1691,9.7093,1.1957,path,3.7438,6.4600,0.0124,0.0282,0.1667,1.4801,0.6996,0.6199
0.5692,9.7085,0.0507,combined,0.6911,4.7000,0.5568,-0.5656,0.0637,0.2981,0.1081,1.4190
0.0207,0.2315,0.0258,stand,0.0000,7.4800,0.0000,nan,nan,0.2057,0.0385,0.8713
0.3040,0.0654,0.2461,turn,0.0000,5.2200,0.0000,nan,nan,0.3149,0.1031,0.4550
0.5443,1.7341,0.0474,turn,0.0000,7.6000,0.0000,nan,nan,0.5034,0.1207,0.8859
0.6972,60.7825,0.1504,path,5.5215,5.9200,0.0226,0.5985,0.3577,1.4846,1.0628,1.1186
0.4153,4.1757,0.8559,path,3.5017,6.2400,0.0170,-0.3577,0.2109,1.2544,0.7283,0.8526
1.1544,0.1752,0.8330,path,5.1902,5.9800,0.0250,-1.1296,0.2381,1.4071,0.8223,1.2551
0.4468,11.6767,0.0822,turn,0.0000,6.0400,0.0000,nan,nan,0.5148,0.1173,0.3620
0.4042,3.6981,1.1283,path,2.3642,4.9400,0.0108,-0.2412,0.3244,1.1205,0.4656,0.5398
0.2041,19.1717,1.1724,path,5.7496,6.1800,0.0241,-0.2022,0.0282,1.4660,1.0744,1.2002
0.3891,5.3575,0.0959,turn,0.0000,5.2200,0.0000,nan,nan,0.5273,0.1195,1.4882
0.2165,2.4152,0.0525,turn,0.0000,5.5800,0.0000,nan,nan,0.7047,0.1472,1.5590
0.9633,8.7076,1.0013,path,4.6923,6.2600,0.0209,-0.3827,0.8840,1.4411,0.8900,1.0451
0.3891,9.4681,0.0441,turn,0.0000,5.1600,0.0000,nan,nan,0.4614,0.1125,0.5081
0.5626,8.7698,0.4389,path,2.6198,7.5400,0.0076,0.2420,0.5079,0.6746,0.4416,0.3819
0.4843,5.9042,0.0919,straight,1.5996,6.4200,0.2327,0.4755,0.0918,1.4088,0.4115,1.0767
0.1859,2.2138,1.0878,path,4.0780,6.3800,0.0187,0.0015,0.1859,1.5608,0.9085,0.9370
0.3063,7.1257,0.1145,combined,2.1545,7.7400,0.3063,0.0683,0.2986,1.5307,0.4472,0.7219
0.8387,2.1617,1.1137,path,2.7031,7.9600,0.0138,0.3412,0.7662,1.5268,0.9388,0.8370
0.4343,2.9115,0.4009,path,3.6101,4.3000,0.0174,-0.1644,0.4019,1.5279,0.8690,0.8697
0.2145,9.3132,0.9456,path,5.0454,5.8800,0.0238,-0.0483,0.2090,1.5051,1.1637,1.1918
0.3240,0.5970,0.3061,path,1.9214,4.5800,0.0032,0.3091,0.0971,1.0707,0.5247,0.4199
0.9668,2.4721,0.7808,path,2.1862,6.0800,0.0283,0.9490,0.1843,1.5785,0.8085,1.4158
0.2826,0.3277,0.0922,straight,0.4538,7.4800,0.0608,0.2789,0.0451,0.7759,0.2506,0.9416
0.5456,3.2556,0.0989,turn,0.0000,5.6400,0.0000,nan,nan,0.8671,0.1456,1.3156
0.2784,1.8841,0.0493,lateral,1.0562,6.3400,0.2777,-0.2020,0.1916,0.5078,0.1572,0.4983
0.5278,5.2760,1.1069,path,0.7478,7.2800,0.0158,0.3324,0.4100,1.6970,0.8860,0.7913
0.2223,17.1413,0.2582,lateral,1.1851,5.8200,0.2223,-0.1564,0.1580,0.5021,0.1918,0.0000
1.1645,10.3134,1.1206,path,1.9854,5.7200,0.0277,-0.7461,0.8941,1.4340,0.6997,1.3818
0.9852,7.4268,1.0208,path,5.8872,6.8800,0.0251,-0.9788,0.1120,1.6603,0.9636,1.2554
0.3478,9.5782,0.0151,lateral,0.7632,5.4200,0.3453,-0.2855,0.1986,0.3131,0.1238,0.4714
0.3842,3.3483,0.1292,combined,1.3944,7.8400,0.2890,0.3401,0.1787,1.1110,0.2851,0.7275
0.5584,6.7027,0.7328,path,1.6552,6.8400,0.0308,0.4088,0.3804,1.7751,1.0798,1.5417
0.6545,0.5177,0.6270,path,2.6445,4.2400,0.0189,-0.6399,0.1376,1.3434,0.6099,0.9456
0.2136,0.9384,0.6287,path,3.3982,6.6400,0.0136,-0.0975,0.1901,1.0503,0.6457,0.6900
0.4891,8.9046,1.6758,path,3.6077,4.5600,0.0255,-0.4636,0.1560,1.6876,1.0409,1.2724
0.4450,3.8812,0.0966,combined,1.0841,5.2800,0.4450,-0.3047,0.3242,0.7031,0.2173,0.3135
0.3911,1.5518,0.1423,turn,0.0000,7.0600,0.0000,nan,nan,0.2617,0.1014,0.0000
0.2572,3.0425,0.9530,path,3.2706,7.0800,0.0148,-0.2551,0.0324,1.0917,0.6826,0.7387
0.3658,1.4012,0.3735,path,1.9118,5.5800,0.0070,0.3630,0.0454,1.4154,0.4367,0.3514
0.3066,0.5960,0.7290,path,4.8007,7.4200,0.0247,-0.3058,0.0217,1.5385,1.0484,1.2378
0.2851,4.0025,0.0612,turn,0.0000,6.0600,0.0000,nan,nan,0.5423,0.1391,1.2703
0.3286,4.3289,0.2837,path,1.7198,7.3000,0.0075,0.3277,0.0232,1.1214,0.4186,0.3726
1.0151,4.0375,0.8827,path,3.6916,6.6600,0.0299,-0.9784,0.2707,1.5104,0.9732,1.4981
0.3684,1.4914,0.7136,path,2.6278,4.4400,0.0122,-0.1453,0.3386,0.9089,0.6426,0.6077
0.2492,8.5341,1.0287,path,2.2323,6.0400,0.0115,0.2112,0.1322,1.5212,0.7324,0.5759
0.5863,3.8798,0.9994,path,2.7362,7.0800,0.0286,-0.5850,0.0379,1.4087,0.8046,1.4324
0.3211,4.6339,0.9925,path,3.2505,6.1800,0.0156,0.0954,0.3066,1.7427,0.8845,0.7778
0.5003,0.4131,0.0165,turn,0.0000,6.0800,0.0000,nan,nan,0.7809,0.1394,1.4173
1.1549,17.8869,0.7091,path,4.8445,7.1000,0.0250,-1.1366,0.2050,1.8145,0.9719,1.2504
0.7913,14.7472,0.1132,path,4.6290,7.4200,0.0143,-0.6204,0.4913,1.1070,0.5981,0.7135
0.3823,14.2855,0.9037,path,4.4269,7.2200,0.0258,-0.2792,0.2612,1.5519,1.1242,1.2859
0.3304,4.9604,0.1228,straight,0.9998,6.4800,0.0083,0.3151,0.0992,0.9942,0.3033,1.0560
0.1843,1.1706,0.8818,path,5.4335,7.6000,0.0193,0.1724,0.0650,1.8255,1.0271,0.9344
0.4822,0.3742,0.0756,turn,0.0000,5.0800,0.0000,nan,nan,0.4993,0.1216,0.9766
0.3744,9.3054,0.0363,lateral,1.2814,6.2000,0.3669,-0.3283,0.1800,0.5559,0.1834,1.5861
0.0637,3.8424,0.0150,stand,0.0000,6.1200,0.0000,nan,nan,0.2209,0.0419,0.9262
0.4025,8.2943,0.0380,lateral,0.7922,6.1400,0.3965,-0.0653,0.3972,0.4330,0.1475,0.8241
0.4104,8.7237,0.9724,path,4.0380,7.7600,0.0225,-0.1183,0.3930,1.5428,1.0967,1.1357
0.6525,4.0557,1.6255,path,1.2497,6.5000,0.0266,0.5777,0.3033,1.7887,1.1552,1.3299
0.5205,3.3170,1.1805,path,2.4943,7.4600,0.0234,0.1225,0.5059,1.6649,1.0688,1.1637
1.0298,3.2245,0.9285,path,6.2009,7.2200,0.0274,-0.8989,0.5025,1.5927,1.1011,1.3716
0.5359,4.8283,0.0130,combined,0.5153,6.7200,0.5153,-0.5213,0.1242,0.2878,0.0909,1.4454
0.1382,8.7987,0.4849,path,1.9701,6.4400,0.0083,0.0597,0.1246,0.6791,0.4381,0.4159
0.3244,2.8218,0.0026,combined,1.0929,6.5800,0.3226,0.0395,0.3220,0.6794,0.2151,0.9965
0.2045,0.2055,0.0761,straight,1.0983,7.7800,0.2045,-0.2024,0.0286,0.4178,0.1658,0.9177
0.3507,3.7760,0.9731,path,2.8458,5.6000,0.0204,0.0036,0.3506,1.3026,0.9013,1.0192
0.2162,7.1130,0.0692,path,3.0155,7.3800,0.0098,0.2133,0.0353,1.5977,0.6330,0.4881
0.5132,0.4548,0.0600,straight,0.9387,7.6000,0.5089,-0.5112,0.0458,0.2406,0.1111,1.4567
0.0606,0.5242,0.8530,path,3.2389,7.1800,0.0092,-0.0448,0.0408,1.2226,0.5339,0.4573
0.5631,9.0945,0.1446,combined,1.4617,7.2800,0.5631,-0.5016,0.2560,0.4926,0.1643,1.3424
0.3871,5.5716,0.1202,straight,0.2562,6.9000,0.2422,-0.3351,0.1939,0.2448,0.0792,0.4895
0.4387,5.0087,0.5140,path,3.8048,6.7200,0.0146,-0.3943,0.1923,1.0095,0.6405,0.7274
0.2840,4.5121,0.1122,turn,0.0000,6.5400,0.0000,nan,nan,0.5124,0.1234,0.9853
0.4391,7.0921,0.0497,combined,0.9149,7.0000,0.3678,0.2149,0.3830,0.4661,0.2013,0.5240
0.5291,6.2055,0.9156,path,4.1510,7.9400,0.0145,-0.4739,0.2354,1.6893,0.8721,0.9011
0.2633,4.4081,0.7818,path,3.4204,7.8000,0.0111,0.1842,0.1881,1.7609,0.6330,0.5573
0.4061,1.6332,0.0291,turn,0.0000,6.4000,0.0000,nan,nan,0.5829,0.1443,0.6282
0.1658,1.3638,0.0439,turn,0.0000,7.4800,0.0000,nan,nan,0.3499,0.0948,0.7705
0.3706,1.3199,0.0121,straight,0.4513,7.8000,0.3657,-0.3696,0.0263,0.1867,0.0849,0.9885
0.2483,3.4703,0.0427,turn,0.0000,4.0800,0.0000,nan,nan,0.3576,0.1201,1.3995
0.2877,2.0854,0.1003,combined,1.2078,4.5400,0.2832,0.0560,0.2821,0.7400,0.3263,0.6207
0.4391,1.8529,0.1178,lateral,0.6742,7.4400,0.4267,-0.2411,0.3670,0.3621,0.1338,0.8780
1.2184,26.5641,0.4009,path,2.3599,7.6800,0.0126,-0.8896,0.8326,1.4868,0.3034,0.6293
1.2698,7.6959,1.3332,path,3.2229,7.8200,0.0225,-1.2691,0.0449,1.4930,0.7004,1.1323
1.1811,21.3727,1.1500,path,5.3788,4.3400,0.0304,-1.1290,0.3469,1.7755,1.2355,1.5217
0.3719,3.4058,0.1633,straight,0.2065,6.9000,0.0068,0.3613,0.0881,0.3988,0.1319,0.9855
0.3630,0.3383,0.0655,combined,2.2741,6.8400,0.3630,0.1907,0.3088,1.6328,0.4948,0.7597
0.7123,9.5304,1.3406,path,4.6563,6.9800,0.0151,-0.6472,0.2974,1.5839,0.7915,0.7633
1.2415,22.2266,0.7015,path,0.1365,6.9400,0.0292,-0.0000,1.2415,1.5532,0.7970,1.4589
0.6331,7.4796,0.1637,combined,2.0022,4.2400,0.2687,0.6078,0.1773,1.6930,0.7105,1.4319
0.7221,1.0576,0.8600,path,3.4478,5.0600,0.0141,-0.6776,0.2497,1.5376,0.5977,0.7048
0.7298,2.0273,1.2610,path,2.1689,7.9400,0.0259,0.1745,0.7087,1.2843,0.8904,1.3037
1.6530,8.4816,1.1482,path,7.4371,7.2600,0.0274,-1.6062,0.3906,1.5765,0.9292,1.3703
0.9176,3.0081,1.3752,path,4.6592,4.5400,0.0278,-0.8965,0.1958,1.6332,1.0743,1.3908
0.9409,21.2027,0.2085,path,4.2634,7.2200,0.0151,-0.9257,0.1685,1.2401,0.5512,0.7533
0.6459,5.5752,0.9586,path,3.0260,4.5000,0.0163,-0.6456,0.0190,1.0797,0.5727,0.8167
0.1822,0.2189,0.6103,path,3.9199,7.3800,0.0125,-0.1815,0.0150,0.9908,0.5534,0.5886
0.3403,1.1873,0.1254,combined,1.1541,7.8600,0.3252,0.2836,0.1881,1.3308,0.3066,1.1516
0.4679,0.4179,0.0368,lateral,0.2296,7.6400,0.2199,-0.0147,0.4676,0.3206,0.1241,1.1739
0.6094,13.8207,0.1509,combined,1.8714,4.5600,0.6094,-0.5869,0.1642,0.6836,0.3090,0.3017
0.4016,9.6190,0.2124,lateral,0.7195,4.5800,0.4016,-0.2599,0.3062,0.3830,0.1441,1.2314
0.5558,0.0852,0.1020,straight,1.6862,4.7200,0.5558,-0.5557,0.0103,0.5030,0.2587,0.8578
0.2732,3.4824,0.0257,lateral,0.5516,7.5200,0.2571,-0.0826,0.2604,0.3451,0.1066,0.6202
0.2476,6.9983,0.1138,straight,0.4152,4.3400,0.0879,0.1623,0.1870,0.4457,0.1795,0.8096
0.5199,7.0279,0.0727,combined,1.0825,5.0400,0.5199,0.3060,0.4203,1.2533,0.3904,1.3452
1.3787,19.6901,0.4391,path,2.6644,7.4200,0.0311,-1.2695,0.5379,1.2462,0.5941,1.5547
0.3530,2.5761,1.0554,path,2.9348,7.5200,0.0114,0.3428,0.0841,1.2130,0.7639,0.6137
0.3240,0.7511,0.4411,path,1.8385,7.0800,0.0040,0.1971,0.2571,1.4519,0.5014,0.3000
0.3734,22.1708,0.9220,path,1.4354,7.2600,0.0242,0.2916,0.2332,1.5010,0.8658,1.2087
0.2935,2.4036,0.1043,turn,0.0000,4.5800,0.0000,nan,nan,0.2654,0.1193,1.5549
0.2921,7.2991,0.0240,combined,1.2660,7.3600,0.2839,-0.1333,0.2600,0.5852,0.1806,0.6856
0.4078,3.5315,0.1864,path,2.2298,5.3000,0.0142,-0.3497,0.2098,0.9206,0.5587,0.7097
0.2474,5.6878,0.1736,path,1.7371,4.0000,0.0098,-0.1671,0.1824,1.3135,0.6561,0.4882
0.3503,6.9690,0.5206,path,4.5544,7.8600,0.0084,-0.2296,0.2646,1.0459,0.5827,0.6109
0.4052,10.4678,1.0668,path,0.7621,4.7400,0.0248,-0.2996,0.2728,1.3047,0.8457,1.2398
0.3499,10.9642,0.2789,path,2.2513,5.6200,0.0084,0.3418,0.0752,1.4165,0.5862,0.5527
0.4314,2.6295,0.1836,straight,0.4004,4.0800,0.4002,-0.4133,0.1235,0.2495,0.0913,0.6034
0.2707,7.5909,0.4006,path,1.3009,4.2800,0.0063,0.1661,0.2137,1.0507,0.3721,0.3150
0.8102,14.5132,0.7447,path,2.3440,7.6800,0.0221,-0.5410,0.6032,1.2719,0.6465,1.1096
0.6667,14.4979,0.8643,path,2.2442,7.6000,0.0170,-0.6353,0.2022,1.1046,0.5708,0.8520
0.9415,2.7816,1.3677,path,3.7597,4.8400,0.0271,-0.7945,0.5051,1.6440,1.1410,1.3586
0.4428,5.0589,0.1327,turn,0.0000,5.2800,0.0000,nan,nan,0.6866,0.1355,0.3376
0.5079,2.2268,0.9542,path,4.6647,4.1800,0.0240,-0.3407,0.3767,1.6242,1.0748,1.1989
0.1695,10.2587,0.2420,path,2.2908,5.5800,0.0151,-0.1435,0.0902,1.4536,0.6040,0.7536
1.3540,14.9277,1.0678,path,4.8712,6.7200,0.0179,-1.3085,0.3478,1.4608,0.6082,0.8896
0.8562,15.8200,1.2338,path,6.8778,7.5800,0.0186,-0.0945,0.8509,1.6456,0.9551,0.9290
1.0896,8.7452,0.4425,path,1.9029,5.3800,0.0298,0.9215,0.5814,1.5381,0.8171,1.4889
0.7959,28.3955,0.9165,path,4.3120,5.7200,0.0895,0.4729,0.6403,1.6206,0.9446,1.0975
0.6666,22.7557,0.5578,path,3.3410,7.7600,0.0112,0.6541,0.1287,1.3487,0.6831,0.5544
0.6238,3.7843,0.1228,straight,1.9727,5.5000,0.6238,-0.6229,0.0339,0.5387,0.2663,0.6793
0.2690,6.4297,0.0237,straight,0.2388,6.4800,0.2385,-0.2686,0.0147,0.2430,0.0910,0.6701
0.5795,4.5811,0.0442,combined,0.9812,6.5600,0.5452,-0.4363,0.3815,0.4032,0.1359,0.0000
0.3833,9.2546,1.0949,path,2.3099,4.3400,0.0072,0.3351,0.1860,1.2852,0.6881,0.6279
0.4020,10.8486,0.1576,combined,1.2481,7.8600,0.1582,0.3402,0.2142,1.3722,0.3449,1.2680
0.3986,7.2542,0.0585,combined,1.9798,7.8600,0.3986,-0.0332,0.3972,1.0471,0.2966,0.0000
1.1371,30.9080,0.2769,path,3.5110,4.1400,0.0278,-1.0521,0.4313,1.7290,0.7910,1.3921
0.4062,8.3343,0.1442,combined,1.6291,5.2600,0.4062,-0.2250,0.3382,0.6159,0.2837,0.7318
0.5837,10.2337,1.2471,path,4.8152,5.0400,0.0208,-0.4923,0.3135,1.3984,1.0355,1.0502
0.3771,9.6184,1.3557,path,0.9132,5.4000,0.0300,-0.1221,0.3568,1.6253,1.1480,1.5036
0.3910,0.6974,0.0774,path,2.0075,4.1400,0.0112,-0.3755,0.1092,1.0224,0.4890,0.5586
0.8913,13.5316,1.0425,path,2.7471,5.4200,0.0237,-0.8912,0.0158,1.4707,0.7078,1.1871
0.3754,2.2206,0.1157,turn,0.0000,5.7000,0.0000,nan,nan,0.5562,0.1266,0.7867
0.3693,7.0078,0.0240,turn,0.0000,5.8600,0.0000,nan,nan,0.3464,0.1177,0.0000
0.3533,2.8045,0.0353,lateral,0.4720,6.9800,0.3431,0.0243,0.3525,0.3517,0.1185,0.6228
0.1308,2.6687,0.6191,path,1.8436,5.4600,0.0097,-0.0754,0.1069,0.9443,0.5894,0.4871
0.4935,0.7353,0.8222,path,3.6877,5.3800,0.0147,-0.4703,0.1497,1.3250,0.6853,0.7271
1.1265,1.1345,1.2517,path,0.3036,5.2600,0.0298,-1.0975,0.2540,1.3534,0.6938,1.4914
0.4202,8.7200,0.0967,straight,1.7096,5.3000,0.1254,0.4193,0.0282,1.5850,0.5720,1.2560
0.4415,5.6049,0.0566,turn,0.0000,4.4200,0.0000,nan,nan,0.6056,0.1604,1.4906
0.2410,3.0126,1.0824,path,0.6848,4.5000,0.0217,-0.2241,0.0887,1.2328,0.8835,1.0852
0.2813,8.0325,0.9033,path,3.2527,5.9600,0.0041,0.0113,0.2811,1.2622,0.7986,0.8000
0.3740,6.5508,0.1882,combined,1.1699,5.0400,0.3740,-0.3506,0.1300,0.4877,0.2047,1.2806
0.7957,3.8040,0.7936,path,2.0186,7.1000,0.0312,0.7712,0.1957,1.5364,0.8689,1.5807
0.1831,2.4365,0.0726,lateral,0.4690,6.2400,0.1831,-0.0712,0.1687,0.3390,0.1130,1.2321
0.2094,12.0346,1.1084,path,1.5147,4.9200,0.0105,-0.0178,0.2087,1.1468,0.5949,0.5233
0.4785,0.2343,0.1869,straight,0.9909,4.1600,0.0424,0.4775,0.0303,1.1391,0.4004,0.8345
0.2016,14.5142,1.1101,path,3.2335,4.6600,0.0187,-0.1631,0.1186,1.3929,1.0248,0.9219
0.5395,0.0287,1.7506,path,6.1746,4.2600,0.0294,-0.5308,0.0964,1.7769,1.3490,1.4527
0.3181,5.0407,0.3918,path,2.6559,5.5600,0.0152,-0.3115,0.0647,1.1012,0.6430,0.7602
0.4663,24.8687,0.6310,path,1.7830,4.0600,0.0135,0.3281,0.3314,1.6568,0.8054,0.6749
0.3470,2.2973,1.0745,path,3.6786,6.1000,0.0126,-0.3334,0.0960,1.5778,0.7438,0.6281
0.9735,2.3733,1.0634,path,0.0448,6.5800,0.0219,0.6458,0.7285,1.3337,0.7219,1.0946
1.4783,14.5470,0.4395,path,1.7063,6.3200,0.0288,-0.9764,1.1100,1.1542,0.6438,1.4385
0.9350,13.3998,0.3046,combined,1.8736,4.3600,0.9350,-0.8784,0.3203,0.6217,0.3326,1.1733
0.5845,6.7536,0.0886,lateral,1.0186,4.1400,0.5753,-0.4743,0.3416,0.4551,0.1691,0.3841
0.6403,0.0230,0.4344,path,1.9750,4.7600,0.0169,-0.5433,0.3389,0.9062,0.5641,0.8435
0.3795,4.8604,0.3084,path,2.4872,6.3000,0.0084,-0.2085,0.3171,0.7392,0.4177,0.4175
0.5290,2.5590,0.1448,straight,1.7056,4.6600,0.0511,0.5251,0.0643,1.6070,0.6089,0.9364
0.2621,1.9724,0.7624,path,4.6115,6.0600,0.0208,-0.1847,0.1860,1.5993,1.0593,1.0393
0.4883,8.9882,0.0430,combined,1.9528,5.9000,0.4883,-0.4782,0.0988,0.5449,0.2665,0.9862
0.6354,31.9429,0.1134,path,1.9269,6.0400,0.0064,-0.2007,0.6028,1.2711,0.3859,0.3191
0.5378,1.5776,0.0170,straight,0.0779,5.6800,0.0202,0.5377,0.0073,0.4543,0.1534,0.9383
0.4227,14.1912,0.0886,combined,1.5288,6.4800,0.4175,-0.3909,0.1610,0.4535,0.1936,0.0000
0.1842,3.3012,0.4800,path,2.2007,6.8800,0.0007,-0.1631,0.0857,0.6476,0.3201,0.3295
0.4935,8.5428,0.0961,combined,1.4967,5.2600,0.4935,-0.4826,0.1031,0.5323,0.2131,0.4933
0.4247,1.2076,0.0772,combined,1.3135,6.6400,0.4182,-0.2844,0.3154,0.4962,0.1844,1.0319
0.3452,0.4761,0.9070,path,1.6969,6.7800,0.0228,-0.3450,0.0121,1.0384,0.7760,1.1417
0.6071,3.4393,0.2069,straight,1.8365,4.2600,0.0706,0.5791,0.1823,1.5237,0.6982,1.4190
1.3738,8.5950,1.5442,path,5.1597,4.6400,0.0318,-1.1427,0.7625,1.9120,1.2988,1.5865
0.4082,3.1714,0.8968,path,1.4089,6.6800,0.0211,-0.0893,0.3983,1.4221,0.8919,1.0541
0.3510,1.7658,0.6349,path,2.8823,5.4200,0.0107,-0.2882,0.2003,1.2123,0.5076,0.5319
0.3331,3.2584,1.0471,path,0.6449,7.1800,0.0184,-0.1835,0.2779,1.2446,0.8515,0.9208
0.4069,7.5571,0.0648,turn,0.0000,4.9600,0.0000,nan,nan,0.5442,0.1274,1.2099
0.4938,3.8644,0.0607,straight,1.4660,6.6000,0.1350,0.4899,0.0615,1.4578,0.3771,0.6316
0.6066,21.3148,0.9431,path,2.8298,5.8200,0.0236,-0.2908,0.5323,1.5842,1.1171,1.1784
0.8496,5.2421,0.9055,path,1.3700,6.8400,0.0288,-0.6743,0.5168,1.5438,0.9481,1.4379
0.3157,7.1560,0.0824,lateral,0.9892,4.3200,0.3153,-0.3079,0.0701,0.4096,0.1806,0.3620
0.4027,7.9110,0.0499,combined,0.7770,6.3200,0.4027,-0.3126,0.2538,0.2891,0.1218,0.8898
0.0373,0.6079,0.1408,stand,0.0000,7.0400,0.0000,nan,nan,0.2671,0.0647,1.1064
1.4451,30.0638,0.0856,path,4.0734,5.2000,0.0313,-1.0207,1.0229,1.7253,0.9003,1.5669
0.1653,4.6773,1.3660,path,2.9858,4.0000,0.0231,0.0423,0.1598,1.6204,1.2380,1.1571
0.3549,16.0396,0.0598,combined,1.5848,6.5200,0.3549,-0.3402,0.1010,0.4560,0.1864,1.1885
0.3596,2.4993,0.0842,lateral,0.4203,7.1000,0.3548,-0.1880,0.3066,0.2245,0.0932,0.6861
0.4533,9.9666,0.0466,combined,0.7185,5.6400,0.4532,-0.2569,0.3735,0.4176,0.1223,0.3672
0.4186,6.3779,0.1208,combined,1.8138,7.5400,0.1460,0.4154,0.0521,1.3106,0.4006,1.4844
0.2522,16.2770,0.4061,path,3.4570,6.6000,0.0145,0.2044,0.1478,1.6214,0.6743,0.7804
0.1306,1.5224,1.2097,path,3.0580,6.1600,0.0169,-0.1306,0.0037,1.2282,0.8209,0.9050
0.2439,1.0249,0.1582,lateral,0.5303,5.5200,0.2434,-0.1781,0.1667,0.3285,0.1025,0.4688
0.2207,11.1401,0.5623,path,2.1897,6.7400,0.0071,-0.1775,0.1311,0.7591,0.4775,0.5044
0.7728,3.5321,1.3147,path,3.7107,6.7800,0.0200,0.1717,0.7535,1.3678,0.9828,1.0068
0.3887,5.0472,0.0160,straight,0.8136,6.8200,0.1065,0.3040,0.2422,1.2460,0.3443,0.9336
0.4351,8.6053,0.1944,straight,0.9394,5.8600,0.4351,-0.4327,0.0450,0.3656,0.1427,1.1764
0.4482,1.2594,0.1510,straight,1.6510,5.9600,0.1101,0.4469,0.0354,1.6145,0.5667,0.9105
0.7683,23.1285,1.0255,path,0.7475,5.7600,0.0147,0.4512,0.6219,1.6627,0.9431,0.7369
0.5559,1.9756,0.0401,combined,1.4684,5.8000,0.5559,0.3013,0.4672,1.4748,0.3975,0.5522
0.3989,1.0556,0.1122,combined,1.6579,7.3800,0.3989,0.1150,0.3819,1.4728,0.3876,0.5148
0.5885,2.8335,1.1347,path,2.5377,6.1400,0.0279,0.1361,0.5726,1.6319,1.1653,1.3935
0.1191,1.0148,0.2036,path,2.6103,5.0600,0.0105,0.0684,0.0975,1.3158,0.5611,0.5214
0.4269,5.1679,0.0703,lateral,0.3044,5.0200,0.2905,-0.2350,0.3564,0.2894,0.1247,0.9953
0.2284,10.8428,0.2912,path,4.8494,6.7400,0.0193,-0.1503,0.1719,1.7409,0.8116,0.9684
0.2779,5.2045,0.4942,path,3.4504,6.2800,0.0117,-0.2419,0.1368,1.5573,0.5634,0.5544
0.4064,2.9068,0.2371,path,4.6713,7.5200,0.0178,-0.3502,0.2062,1.2768,0.7702,0.8906
0.4684,13.2176,0.5291,path,3.3205,5.7600,0.0128,-0.2501,0.3961,1.2212,0.6245,0.6409
0.3384,0.9926,0.8708,path,2.6123,6.6400,0.0096,-0.2789,0.1917,0.9869,0.4694,0.4817
2.0777,11.1516,0.3909,path,2.9341,4.7000,0.0264,1.6654,1.2424,1.6314,1.0633,1.3170
0.4494,13.6593,0.7567,path,2.2528,6.4400,0.0235,-0.3605,0.2683,1.6633,0.9396,1.1775
0.7826,13.4126,0.1412,path,3.7554,4.8800,0.0254,-0.6307,0.4633,1.4793,0.7122,1.2641
0.8042,8.0558,0.3722,path,3.8792,5.6400,0.0144,-0.7145,0.3692,1.6048,0.6314,0.7189
0.2710,6.7134,0.0874,straight,0.8145,5.7600,0.2710,-0.2637,0.0625,0.3121,0.1345,0.9872
0.1973,38.5559,0.8409,path,2.1890,5.0200,0.0196,0.0724,0.1835,1.3933,0.8759,0.9826
0.4574,3.9616,0.1150,turn,0.0000,5.5400,0.0000,nan,nan,0.6326,0.1421,0.5540
0.3727,0.1780,0.0386,turn,0.0000,6.5200,0.0000,nan,nan,0.4104,0.1226,0.4479
0.3813,3.0501,0.1083,turn,0.0000,5.2400,0.0000,nan,nan,0.8133,0.1422,1.4443
0.2699,6.2709,0.0203,turn,0.0000,4.9000,0.0000,nan,nan,0.3383,0.1088,0.7219
0.1670,1.3082,0.0343,turn,0.0000,4.9800,0.0000,nan,nan,0.6188,0.1333,1.5590
0.1880,3.2709,0.2792,path,3.3260,4.3600,0.0123,-0.0975,0.1608,1.5064,0.8050,0.7663
1.4055,27.8771,1.1541,path,5.5615,6.9800,0.0291,0.8535,1.1167,1.8987,1.2797,1.4796
0.5783,0.5576,0.0924,straight,1.6879,6.4200,0.1748,0.5649,0.1238,1.4771,0.4166,0.0000
0.5643,4.1570,1.0075,path,1.1815,4.4200,0.0309,-0.4570,0.3310,1.5041,0.8267,1.5493
0.5138,11.5937,0.2810,path,2.4237,6.9000,0.0246,0.4649,0.2189,1.8963,0.9608,1.2533
0.4247,3.0217,0.0671,turn,0.0000,5.8000,0.0000,nan,nan,0.5486,0.1479,0.9272
0.1906,1.9561,0.8202,path,4.6686,4.9400,0.0206,-0.1541,0.1122,1.5715,1.0665,1.0239
0.3362,0.4593,0.0254,straight,1.5276,7.5600,0.2153,0.3333,0.0435,1.5972,0.3809,0.4197
0.5685,1.7838,0.0935,straight,1.3842,4.5200,0.5685,-0.5610,0.0923,0.4047,0.2081,1.4173
0.2406,0.4637,0.6285,path,2.5881,4.1400,0.0100,0.0109,0.2403,1.0698,0.6445,0.6340
1.0226,3.9341,1.0227,path,3.1004,6.1600,0.0289,-0.9685,0.3281,1.5353,0.9162,1.4471
0.4146,15.4762,0.0514,lateral,0.8435,4.4000,0.4117,-0.3959,0.1232,0.3446,0.1218,0.8241
0.3766,2.2162,1.1403,path,2.7799,5.2200,0.0184,-0.3529,0.1316,1.5525,0.8075,0.9195
0.2377,3.8044,1.0741,path,1.9579,5.2000,0.0092,0.2341,0.0411,1.1955,0.5728,0.4613
0.2114,1.8684,0.3230,path,3.5181,7.7200,0.0121,0.1146,0.1776,1.2639,0.6808,0.6587
1.1891,0.3576,1.3330,path,1.2494,4.4800,0.0295,-0.8267,0.8548,1.4838,0.7456,1.4738
0.5107,5.2708,0.0270,turn,0.0000,7.9000,0.0000,nan,nan,0.3399,0.1184,0.7242
0.2978,6.3416,1.1418,path,0.6251,5.3800,0.0197,-0.0361,0.2956,1.4209,1.0499,0.9883
0.2575,12.4676,0.0718,turn,0.0000,5.4000,0.0000,nan,nan,0.2887,0.1078,0.5081
0.9726,1.1547,0.9625,path,4.1590,5.4800,0.0241,-0.8226,0.5190,1.3280,0.8867,1.2037
0.4717,6.3514,0.1437,straight,1.1158,7.7200,0.4701,-0.4401,0.1699,0.3823,0.1337,0.4964
0.2675,3.5788,1.0295,path,1.4738,7.9800,0.0130,-0.2182,0.1547,1.4276,0.8104,1.0901
0.5972,8.5070,0.4773,path,2.5514,4.9400,0.0287,-0.1425,0.5799,1.5772,1.0930,1.4227
0.1829,7.5944,0.0372,stand,0.0000,5.4000,0.0000,nan,nan,0.5120,0.0818,0.9416
0.0312,2.6516,0.0132,stand,0.0000,5.1400,0.0000,nan,nan,0.1450,0.0408,0.3135
0.7905,14.2068,0.2887,combined,1.6813,4.3200,0.7905,-0.5579,0.5600,0.9230,0.4446,0.6282
0.5503,0.2908,1.0283,path,2.7681,5.2000,0.0206,-0.1643,0.5252,1.7248,0.9954,1.0294
1.0789,24.7573,0.9019,path,3.7169,4.4000,0.0319,-0.9649,0.4829,1.5762,0.8664,1.5776
0.2260,5.9888,0.9063,path,1.7987,5.3600,0.0097,-0.2192,0.0550,1.0916,0.5256,0.4873
0.3361,0.6273,0.0486,straight,0.3637,7.2200,0.3140,-0.3320,0.0520,0.2137,0.0857,1.2013
0.0855,3.4992,0.9921,path,2.6151,6.3400,0.0084,-0.0036,0.0855,1.0570,0.4706,0.4211
0.0812,0.6638,0.3042,path,2.3345,5.1400,0.0122,-0.0809,0.0064,0.9439,0.6406,0.6099
0.3804,2.5382,0.0868,straight,0.8512,4.9200,0.3769,-0.3766,0.0535,0.3002,0.1384,0.9262
0.3667,4.6726,0.0281,combined,1.4211,7.5400,0.3666,-0.3659,0.0251,0.7538,0.2242,0.3890
0.5174,13.6605,0.0317,combined,2.1556,6.4200,0.5155,-0.4903,0.1652,0.6126,0.2817,0.8009
0.1384,3.0398,0.0229,stand,0.0000,5.5800,0.0000,nan,nan,0.4767,0.0676,1.3156
0.4804,1.4364,0.1815,combined,1.2528,4.2600,0.0594,0.4747,0.0737,1.3323,0.5369,0.9855
0.3224,4.3294,0.0810,lateral,0.0220,6.5800,0.0139,0.1368,0.2920,0.2382,0.1002,1.0488
0.2372,166.4043,1.1169,path,3.6402,5.3200,0.0146,0.1835,0.1504,1.2522,0.7185,0.7271
0.2334,3.8239,0.0530,straight,0.4976,5.6400,0.2328,-0.2333,0.0069,0.2582,0.1005,0.0000
0.3670,7.4944,0.0565,straight,1.2390,7.2600,0.1292,0.2912,0.2233,1.2398,0.3039,0.3931
0.5499,5.3066,1.2396,path,0.9629,4.9200,0.0281,-0.3284,0.4411,1.5297,0.8715,1.4059
0.4409,2.7967,0.1821,straight,1.5074,7.2800,0.1879,0.4053,0.1735,1.5213,0.3519,1.1705
0.3395,14.8744,0.9193,path,2.6387,7.9000,0.0068,0.3200,0.1134,0.9366,0.4246,0.3419
1.3393,15.0757,1.5765,path,4.9925,5.3000,0.0312,-1.3380,0.0589,1.6630,0.9707,1.5520
0.1941,4.0401,0.2293,path,1.0271,4.2600,0.0070,-0.1941,0.0032,1.3752,0.3149,0.3503
0.6198,1.7369,1.0444,path,2.7770,4.8200,0.0200,-0.5059,0.3580,1.7856,0.8166,0.9994
0.1890,0.1440,0.8015,path,2.2182,5.6800,0.0064,0.1566,0.1059,1.1581,0.5529,0.5734
0.5427,7.7996,0.7069,path,4.6807,5.7000,0.0178,-0.5415,0.0364,1.3076,0.7917,0.8909
0.9967,10.5866,0.2299,combined,2.0376,4.0200,0.9967,-0.9639,0.2535,0.7508,0.3528,1.5549
0.8992,19.4592,0.3340,path,3.0944,7.2000,0.0291,-0.8929,0.1057,1.4549,0.8657,1.4591
0.3713,2.5606,0.0288,turn,0.0000,4.8800,0.0000,nan,nan,0.4158,0.1176,0.9885
0.4286,2.5560,0.0690,turn,0.0000,5.8000,0.0000,nan,nan,0.4519,0.1207,0.7275
0.2412,0.0891,0.0833,straight,0.1251,5.9600,0.0058,0.2238,0.0900,0.2668,0.1090,0.4983
0.3977,0.9491,0.2217,lateral,0.1493,7.4800,0.1474,-0.1915,0.3486,0.2657,0.1071,1.2381
0.4104,4.6234,0.1517,combined,0.9155,4.8800,0.4104,-0.3461,0.2204,0.3872,0.1592,1.3995
0.1428,1.9593,0.0644,straight,0.1913,5.6200,0.1310,-0.1425,0.0101,0.1477,0.0636,1.2703
0.5891,4.6908,0.5289,path,3.1620,5.5000,0.0307,0.5195,0.2779,1.5515,0.9726,1.5278
0.3815,2.0832,0.1416,lateral,0.3799,4.8800,0.3689,-0.2347,0.3008,0.2974,0.1140,0.8780
0.3971,1.2673,0.0620,straight,1.9911,6.5800,0.1673,0.3818,0.1091,1.4975,0.4666,0.8713
0.4653,8.5090,0.0431,combined,1.0987,5.5200,0.4653,-0.0348,0.4640,0.8657,0.2416,1.5861
0.5148,5.4656,0.5564,path,3.0996,6.1400,0.0102,-0.5105,0.0666,1.1900,0.4271,0.5058
0.4133,8.4538,0.2981,path,3.1937,6.8400,0.0096,-0.2812,0.3028,0.8261,0.4812,0.4813
0.4759,5.7460,0.1688,combined,1.6230,6.5200,0.4759,-0.4281,0.2078,0.4887,0.2066,0.8859
0.6101,3.8582,0.7859,path,0.7903,7.0800,0.0146,0.4793,0.3775,1.1643,0.5459,0.7286
0.3967,2.4254,0.7918,path,3.2358,7.5800,0.0140,0.3137,0.2429,1.2726,0.8526,0.7008
0.6593,0.0851,0.8008,path,5.3870,6.2200,0.0237,-0.6053,0.2613,1.5113,1.0386,1.1847
0.3497,3.7015,1.2909,path,1.9231,6.6200,0.0196,0.1869,0.2956,1.4125,1.0930,1.1561
0.2951,5.4157,0.0343,lateral,1.4744,7.9800,0.2951,-0.2288,0.1864,0.5036,0.1859,0.5110
1.0958,23.7213,0.8364,path,5.3029,5.8200,0.0286,1.0958,0.0054,1.9499,1.2281,1.4179
0.4377,0.6753,0.1610,turn,0.0000,4.3400,0.0000,nan,nan,0.4810,0.1314,0.6034
0.4902,4.1564,0.1852,turn,0.0000,6.1600,0.0000,nan,nan,0.2804,0.1177,0.0000
0.4293,4.9143,0.1729,combined,2.0710,7.0200,0.4293,0.3907,0.1780,1.5356,0.4525,1.3050
1.5998,4.1105,0.7793,path,3.7042,4.6200,0.0319,-0.2154,1.5852,1.8592,1.0457,1.5906
0.0523,5.6733,0.0194,stand,0.0000,7.8000,0.0000,nan,nan,0.1678,0.0468,1.4354
0.5493,12.9949,0.0615,combined,1.2776,4.7000,0.5486,-0.5493,0.0043,0.5281,0.2455,0.8096
0.5308,10.4496,0.0823,lateral,1.0716,4.7000,0.5308,-0.2918,0.4435,0.5862,0.2063,1.3452
0.8048,10.5175,0.9794,path,2.8923,6.8600,0.0218,-0.6251,0.5070,1.6151,0.9110,1.0917
0.3567,0.8767,0.0789,combined,1.3066,6.7600,0.2426,0.3494,0.0716,1.4197,0.4268,1.4882
0.4077,7.8767,0.0889,combined,0.7621,5.6400,0.4077,-0.3998,0.0797,0.2822,0.1356,1.3424
0.3770,3.8669,0.0742,turn,0.0000,5.6600,0.0000,nan,nan,0.2916,0.1086,1.4567
0.1949,4.8554,0.1297,path,2.5947,4.1800,0.0129,-0.0838,0.1760,1.2492,0.6262,0.6467
0.2268,2.9911,0.4804,path,2.8562,7.9800,0.0008,-0.0955,0.2057,1.2801,0.6242,0.7065
0.3993,1.5512,0.1228,combined,2.1813,7.3400,0.3993,-0.3717,0.1459,0.6528,0.2714,1.4568
0.2774,2.3163,0.9524,path,2.6584,4.6800,0.0190,-0.2552,0.1087,1.3989,0.9525,0.9479
0.7205,1.0396,1.2927,path,2.5351,5.7800,0.0012,0.0482,0.7188,1.5028,0.9804,1.0784
0.8677,40.9551,1.0726,path,4.4564,7.6400,0.0312,-0.6690,0.5527,1.6695,1.0075,1.5736
0.8226,11.5568,0.1850,combined,1.6824,4.5200,0.8226,-0.8205,0.0576,0.4305,0.2601,0.3376
0.5394,20.5463,0.4135,combined,1.8771,5.7000,0.5394,-0.5346,0.0713,0.5655,0.2737,0.5240
0.7813,6.0764,1.3623,path,2.8576,7.0400,0.0153,-0.0118,0.7812,1.5028,1.0190,1.3786
0.0501,2.5387,0.4368,path,2.6888,7.5000,0.0082,-0.0379,0.0327,1.3251,0.5081,0.4118
1.1036,28.3660,0.4289,path,2.8310,6.3000,0.0107,-1.0971,0.1200,0.8380,0.3144,0.5339
0.3928,8.0567,0.0260,turn,0.0000,7.9600,0.0000,nan,nan,0.3773,0.1016,0.3340
0.2606,9.7060,0.3916,path,4.0753,7.5400,0.0115,-0.2562,0.0479,1.1177,0.5726,0.5732
0.4107,7.3192,0.0872,turn,0.0000,7.6800,0.0000,nan,nan,0.4748,0.1230,0.3143
0.8775,7.5576,1.6232,path,4.2296,7.4000,0.0240,-0.4080,0.7769,1.8623,1.2507,1.2139
0.5588,5.9786,0.1718,turn,0.0000,5.2400,0.0000,nan,nan,0.5914,0.1525,1.1739
0.2613,1.7017,0.5901,path,2.4626,5.0600,0.0098,-0.2390,0.1058,0.9220,0.4848,0.4891
0.3863,14.7799,1.1333,path,1.0037,5.6400,0.0290,-0.2786,0.2677,1.2501,1.0122,1.4495
0.5685,10.7874,0.0959,lateral,1.1399,7.8200,0.5676,-0.5650,0.0625,0.3374,0.1076,0.5794
0.5034,10.9632,0.0992,combined,1.8083,4.0400,0.5034,-0.5033,0.0090,0.5635,0.3303,1.2560
0.5343,17.5045,0.4268,path,3.0502,6.9200,0.0161,0.1753,0.5047,1.4773,0.6628,0.8053
0.2553,2.1630,0.1336,straight,0.5171,7.7800,0.2551,-0.2552,0.0061,0.1902,0.0820,0.3486
0.2748,7.4668,0.0440,lateral,1.3268,7.9000,0.2690,-0.2077,0.1800,0.5173,0.1685,0.4338
0.3860,1.4184,0.0833,straight,1.6906,6.9000,0.2807,0.3805,0.0646,1.5280,0.4634,0.4714
0.4041,9.8211,0.1324,lateral,1.4721,5.3600,0.4041,-0.3265,0.2382,0.6077,0.2438,0.3017
0.2327,0.9823,0.7568,path,3.4151,7.2200,0.0098,0.1187,0.2002,1.2625,0.5145,0.4888
0.1508,6.3846,0.6939,path,2.9544,4.3600,0.0088,-0.0504,0.1421,0.9750,0.7054,0.7242
0.2887,5.3530,0.0972,combined,0.5791,6.3200,0.2807,-0.2837,0.0532,0.2159,0.0975,0.9177
0.3341,0.7122,0.1335,straight,0.6186,7.8400,0.0174,0.3280,0.0633,0.8265,0.1916,1.2472
0.2417,10.2120,1.4851,path,7.0883,6.5200,0.0279,-0.2398,0.0298,1.7394,1.2556,1.3949
0.9092,21.0508,0.3996,path,2.6983,4.9000,0.0111,-0.5699,0.7084,1.3320,0.6161,0.5528
1.3587,24.4632,1.7276,path,2.2644,6.8000,0.0266,-1.1794,0.6746,1.7543,0.7939,1.3356
0.3206,4.1990,0.0995,lateral,1.2092,7.5000,0.2978,-0.1781,0.2666,0.5035,0.1719,1.0767
0.8290,7.2046,1.4387,path,3.7656,5.8400,0.0274,-0.8264,0.0653,1.5776,1.0704,1.3624
0.4361,0.8174,0.1611,straight,1.3131,7.7400,0.2460,0.4335,0.0473,1.4516,0.3392,0.4550
0.5300,9.7276,0.1214,straight,1.0396,4.5600,0.1334,0.5129,0.1335,1.4090,0.4404,0.6228
0.2791,9.9903,0.5706,path,3.7930,5.9400,0.0149,-0.0050,0.2791,1.6254,0.8189,0.7418
1.1339,5.9319,1.2128,path,6.2070,5.7800,0.0268,-0.9587,0.6056,1.5640,1.1184,1.3422
0.4206,0.7767,0.1613,combined,1.8944,6.6400,0.4186,-0.4152,0.0677,0.5694,0.2593,0.9965
0.2645,4.7193,0.4943,path,2.3078,6.1600,0.0080,-0.2228,0.1426,1.3705,0.5174,0.4003
0.2881,4.2805,0.3593,path,1.8009,5.9600,0.0060,-0.0210,0.2873,1.1482,0.3328,0.3022
0.4794,0.0593,0.0503,straight,0.6145,6.9600,0.0277,0.4407,0.1888,1.0301,0.2194,0.9766
0.2358,2.8880,0.2560,path,2.2042,7.0600,0.0075,0.1229,0.2012,1.0512,0.4475,0.3749
0.3541,1.1998,0.6470,path,2.3010,5.4600,0.0123,-0.3431,0.0876,1.1420,0.4712,0.6149
1.2644,18.3371,0.4669,path,2.7515,6.9200,0.0162,-1.1325,0.5624,1.0215,0.4206,0.8095
0.2099,12.4708,0.3589,path,2.2293,4.4400,0.0118,-0.0278,0.2081,1.5375,0.7408,0.5882
1.3248,2.4901,1.6730,path,4.8166,5.1200,0.0283,-1.2553,0.4233,1.8307,1.1073,1.4224
0.6118,7.4044,0.9688,path,1.4269,7.2200,0.0194,-0.5772,0.2028,1.5942,0.8791,0.9695
1.0762,112.5231,0.3977,path,4.9206,4.8000,0.0282,0.3998,0.9992,1.9672,1.2902,1.3848
1.2513,16.8389,1.3318,path,2.7306,5.6800,0.0312,-1.2510,0.0304,1.5285,0.8955,1.5609
0.4392,2.6272,0.1473,combined,0.3814,6.1000,0.2764,0.3767,0.2259,0.8292,0.1918,1.1516
0.3503,1.7507,0.1447,turn,0.0000,6.6600,0.0000,nan,nan,0.6734,0.1721,0.6207
0.3445,4.0527,0.1066,lateral,0.7993,5.0600,0.3385,-0.2474,0.2398,0.3965,0.1372,0.0000
0.0396,0.2366,0.0259,stand,0.0000,6.8600,0.0000,nan,nan,0.1591,0.0309,0.4895
0.3528,1.1003,0.1800,combined,2.4166,6.7600,0.3528,0.2877,0.2043,1.5772,0.5592,0.7705
1.1739,32.3425,1.1858,path,2.8448,7.1000,0.0302,-1.1680,0.1180,1.6925,0.9180,1.5151
0.3067,3.2813,0.1498,lateral,1.2713,6.9400,0.3067,-0.2320,0.2006,0.5244,0.1705,0.9853
0.6574,15.3050,0.6704,path,3.5386,5.1800,0.0154,-0.5289,0.3905,0.9641,0.6476,0.7675
0.6102,1.1276,0.1295,straight,1.5282,6.2400,0.0269,0.6093,0.0332,1.5915,0.5468,0.8578
1.1017,10.3648,1.6869,path,4.3820,5.0600,0.0276,-1.0337,0.3810,1.6770,0.9769,1.3781
0.7875,6.7625,1.1450,path,1.1999,6.3600,0.0258,-0.2315,0.7527,1.3492,0.8155,1.2974
0.2505,8.9056,0.1215,straight,0.8206,5.0800,0.2487,-0.2445,0.0542,0.3785,0.1500,1.2806
0.5043,5.2144,0.0728,turn,0.0000,4.1600,0.0000,nan,nan,0.5202,0.1693,1.2099
1.8682,43.4057,0.5097,path,2.7253,7.8200,0.0241,-1.1514,1.4713,1.1567,0.5567,1.2059
0.1991,0.1482,0.7967,path,1.7026,4.8800,0.0071,-0.0825,0.1812,1.1084,0.3558,0.3525
0.9393,4.7589,0.6823,path,1.1775,5.8200,0.0297,-0.8390,0.4223,1.2937,0.8293,1.4832
0.0919,4.8157,0.8761,path,1.8536,4.4000,0.0198,-0.0829,0.0395,1.2924,0.9410,0.9956
0.3951,4.0913,0.8583,path,3.8499,6.5200,0.0211,-0.3002,0.2568,1.4824,0.9047,1.0543
0.4416,6.3207,0.0159,turn,0.0000,7.4400,0.0000,nan,nan,0.3175,0.0972,1.4454
0.4247,3.8334,0.0194,turn,0.0000,4.9800,0.0000,nan,nan,0.5837,0.1446,0.8345
0.4741,1.5654,0.3760,path,2.6732,4.5800,0.0133,-0.4643,0.0958,1.1263,0.5067,0.6619
1.6511,168.2448,1.8113,path,4.2096,5.6600,0.0300,-1.5239,0.6356,2.0050,1.2316,1.4996
0.8810,10.6935,0.7877,path,4.7793,6.2200,0.0216,-0.8382,0.2712,1.1868,0.8538,1.0822
0.2561,3.1149,0.0826,combined,1.4345,7.8600,0.2540,-0.2136,0.1413,0.5126,0.1846,1.0560
0.5272,0.6656,0.1217,combined,1.7158,4.9200,0.0467,0.5260,0.0363,1.5608,0.5188,1.1733
0.3803,0.1996,0.0594,lateral,0.2198,4.0600,0.2198,-0.1849,0.3324,0.2760,0.1257,0.9105
1.2676,2.9601,1.2196,path,1.0220,6.6400,0.0264,0.8426,0.9470,1.3709,0.7760,1.3167
0.0315,1.1983,0.1735,path,3.3069,7.0600,0.0099,0.0262,0.0175,1.1017,0.5384,0.4938
0.0606,0.2036,0.7740,path,3.8306,6.6000,0.0135,-0.0575,0.0192,0.9251,0.6569,0.6746
0.8636,4.5163,1.5255,path,4.2240,7.7800,0.0231,0.8072,0.3070,1.7162,1.1430,1.1500
0.2095,1.7543,0.1869,path,2.1796,4.0200,0.0121,-0.2093,0.0092,0.9979,0.5072,0.6052
0.4074,8.6942,0.1511,combined,1.1822,4.8600,0.4074,0.1221,0.3887,0.7115,0.3411,1.0319
1.1364,10.2004,0.9882,path,4.3245,4.4000,0.0286,-1.1188,0.1989,1.6398,1.0646,1.4312
0.0718,2.3455,0.3516,path,2.3246,4.1200,0.0115,-0.0653,0.0298,1.1873,0.5717,0.5721
0.0362,7.4325,0.5916,path,3.1774,6.8200,0.0081,-0.0001,0.0362,0.7006,0.4750,0.4760
0.3738,6.7798,0.1077,lateral,1.2204,6.1800,0.3586,-0.0071,0.3737,0.5498,0.2113,0.7318
0.8086,20.5781,1.2674,path,3.1985,6.1800,0.0258,-0.1214,0.7994,1.5733,1.0081,1.2823
0.3002,103.5636,0.4588,path,2.6275,7.8000,0.0223,0.0769,0.2902,1.4555,0.8947,1.1236
0.3871,7.8309,0.8904,path,2.7595,6.6800,0.0218,-0.2123,0.3237,1.4519,0.8778,1.1039
0.3372,7.1227,0.6494,path,4.5537,6.8000,0.0201,0.2245,0.2516,1.7076,1.1087,1.0147
0.3459,1.9402,0.0795,lateral,0.5154,7.4800,0.3030,0.1242,0.3229,0.3910,0.1355,0.7597
0.2513,3.2105,1.3630,path,2.3528,6.5600,0.0158,0.2495,0.0299,1.5456,0.7376,0.7905
0.6325,11.3261,0.1607,combined,1.9654,4.4800,0.6325,-0.3446,0.5303,1.2120,0.4533,0.5522
0.3426,3.5552,0.1748,turn,0.0000,6.9600,0.0000,nan,nan,0.7088,0.1354,0.6856
0.4150,2.1620,0.0794,combined,1.3657,7.4200,0.4150,0.3060,0.2804,1.3772,0.3098,1.4319
0.8008,5.2025,1.5503,path,5.1343,4.2200,0.0300,-0.7451,0.2934,1.8784,1.2808,1.4982
0.0420,1.3499,0.0199,stand,0.0000,6.4600,0.0000,nan,nan,0.2875,0.0446,0.6701
0.3362,2.9049,1.3894,path,6.2573,7.6600,0.0269,-0.3276,0.0758,1.7783,1.2194,1.3431
0.4622,3.1243,0.1908,combined,0.4643,5.2600,0.3485,-0.0827,0.4547,0.4031,0.1319,0.9383
0.2776,0.3358,0.5952,path,3.2300,5.8600,0.0128,-0.2340,0.1493,0.9568,0.6491,0.6426
0.0431,0.0634,0.0318,stand,0.0000,4.0000,0.0000,nan,nan,0.2548,0.0554,1.4173
1.0097,9.7972,0.7345,path,4.8107,5.5800,0.0182,-0.8865,0.4833,1.3372,0.7080,0.9053
0.6839,5.1882,0.8062,path,2.1273,7.6200,0.0112,0.4633,0.5030,1.4457,0.8334,0.5628
0.2887,8.4029,0.3913,path,2.8984,4.5400,0.0131,-0.2853,0.0440,0.9391,0.5966,0.6545
0.4769,17.2802,0.8653,path,2.0869,6.9800,0.0034,-0.0496,0.4743,0.9595,0.4579,0.4487
0.3711,1.3695,0.6609,path,3.3872,5.3600,0.0130,-0.3643,0.0705,1.5526,0.7002,0.6468
0.6680,2.1710,0.1850,straight,1.5922,5.1400,0.1116,0.6675,0.0262,1.5860,0.6429,1.1064
1.2511,6.5621,1.0066,path,1.4633,6.2400,0.0289,-0.3769,1.1930,1.5996,0.9702,1.4404
0.1482,0.1922,0.7216,path,3.0303,5.0200,0.0128,-0.1472,0.0169,0.9040,0.6105,0.6372
0.5503,0.1387,0.1341,turn,0.0000,6.3400,0.0000,nan,nan,0.4911,0.1457,1.4906
0.5320,2.3468,0.1631,straight,1.9137,5.1000,0.2412,0.5092,0.1539,1.5761,0.5993,1.4844
0.6502,4.1431,0.1669,turn,0.0000,6.9200,0.0000,nan,nan,0.6845,0.1487,0.6793
0.2981,2.4467,0.1455,turn,0.0000,5.0200,0.0000,nan,nan,1.0023,0.2167,0.5148
0.7678,8.9184,0.5006,path,3.1843,4.8600,0.0144,-0.7588,0.1174,1.1854,0.5463,0.7206
0.0568,1.9403,0.0440,stand,0.0000,4.3400,0.0000,nan,nan,0.3644,0.0698,0.7242
0.4818,10.3671,1.4800,path,5.9323,7.0200,0.0294,-0.0445,0.4798,1.7471,1.2969,1.4687
0.5377,0.6377,1.4776,path,5.0618,4.9000,0.0262,-0.5346,0.0576,1.6173,1.1619,1.3121
0.3730,3.2426,0.0180,turn,0.0000,4.1800,0.0000,nan,nan,0.3012,0.1326,0.3135
0.3643,3.9083,0.0205,straight,1.9904,7.8600,0.2237,0.3507,0.0986,1.7179,0.4389,1.2314
0.4049,3.6582,0.0470,combined,0.1134,4.5800,0.0824,0.3942,0.0924,0.6608,0.1615,0.4197
0.3123,4.5751,0.0552,straight,0.4447,6.0000,0.0018,0.3106,0.0329,0.9003,0.2579,0.9862
0.2432,9.3119,0.1231,lateral,1.0301,7.1000,0.2284,-0.1517,0.1901,0.4840,0.1522,1.2680
0.3040,1.1609,0.0501,straight,0.6263,7.8400,0.0571,0.3007,0.0449,0.6503,0.1735,0.6202
0.1375,8.9264,0.2120,path,1.5084,5.6400,0.0076,0.0836,0.1092,0.9558,0.4796,0.3820
0.8239,1.2106,0.8680,path,3.4674,7.4400,0.0234,-0.5729,0.5921,1.4899,0.8942,1.1660
0.9795,5.1774,1.2317,path,1.4255,4.7600,0.0203,0.1077,0.9736,1.3842,0.8005,1.0200
0.4786,5.0470,0.7564,path,4.7066,7.8400,0.0246,-0.1281,0.4611,1.6879,1.1809,1.2352
0.7384,2.7972,1.2734,path,2.1918,6.4600,0.0088,0.4342,0.5973,1.7506,0.7758,0.4397
1.3444,14.3473,0.8099,path,5.2153,6.4600,0.0266,-1.2475,0.5011,1.5674,0.8912,1.3304
0.2958,2.1634,0.1354,turn,0.0000,5.0400,0.0000,nan,nan,0.2556,0.1101,0.7219
0.2105,0.8813,0.2790,path,2.7632,7.6800,0.0076,-0.0786,0.1952,1.5402,0.3854,0.3795
0.2865,14.1593,1.4298,path,2.0063,4.3800,0.0064,0.0616,0.2798,1.4282,0.6820,0.6368
0.7051,18.8610,0.2563,path,5.0368,5.2600,0.0377,0.6977,0.1023,1.9451,1.2464,1.5036
0.3635,9.7476,0.2189,combined,1.3409,5.6400,0.3635,-0.3402,0.1279,0.4930,0.1903,1.1885
0.8576,0.5628,1.3810,path,6.1969,5.3000,0.0294,-0.7655,0.3865,1.7888,1.2535,1.4678
0.6202,6.4829,0.2980,path,3.3185,7.8400,0.0307,0.1551,0.6005,1.6274,0.8169,1.5468
0.5190,4.2029,0.1161,lateral,0.4865,5.7800,0.4652,-0.2550,0.4520,0.2522,0.1198,0.6861
1.0329,0.3039,1.3566,path,3.4655,5.6000,0.0261,-0.4713,0.9191,1.7107,1.0706,1.3258
0.5237,3.2539,1.4981,path,3.6884,5.5600,0.0150,0.0811,0.5174,1.6144,0.8029,0.7522
0.5717,17.9773,0.2059,path,2.6609,5.0600,0.0134,0.5120,0.2544,1.6957,0.8420,0.6695
0.4449,3.7088,0.1497,straight,1.9936,7.5600,0.4428,-0.4381,0.0771,0.6697,0.2432,0.0000
0.3272,1.2110,0.8193,path,3.7328,7.4200,0.0094,-0.1179,0.3052,1.1264,0.7007,0.6937
0.3127,8.3917,0.8933,path,2.8956,4.9600,0.0318,0.0784,0.3028,1.6679,1.2594,1.5944
0.3410,0.5785,0.0550,turn,0.0000,6.5000,0.0000,nan,nan,0.3905,0.1227,0.0000
0.2223,3.1855,0.4836,path,3.3664,6.6600,0.0112,-0.1796,0.1310,0.8324,0.5077,0.5601
0.7991,2.1473,0.2328,combined,1.4785,4.1800,0.1257,0.7931,0.0972,1.7962,0.7034,1.2703
0.0488,0.7499,0.0291,stand,0.0000,6.1400,0.0000,nan,nan,0.2878,0.0375,0.8898
0.5008,6.1128,0.4671,path,4.4366,6.9000,0.0154,-0.2516,0.4330,1.5585,0.8026,0.7725
0.7338,1.6531,1.1536,path,2.7786,4.8800,0.0186,-0.7181,0.1509,1.3366,0.6411,0.9288
0.5523,0.8547,0.0642,combined,0.9343,7.7800,0.5409,0.2013,0.5144,1.3329,0.4151,0.0000
0.3737,12.9510,0.0107,stand,0.0000,4.7400,0.0000,nan,nan,0.5628,0.1259,0.9262
0.4510,0.8853,0.1084,turn,0.0000,6.7600,0.0000,nan,nan,0.6840,0.1450,0.3841
0.5610,7.9291,0.9236,path,5.1564,5.5000,0.0198,0.0132,0.5609,1.6023,0.9893,0.9560
0.2026,2.3974,0.4791,path,1.4264,7.5800,0.0088,-0.1735,0.1046,1.2495,0.4608,0.4420
0.7207,5.2630,1.1743,path,1.9804,6.8200,0.0233,0.5679,0.4436,1.3971,0.8051,1.1704
0.5093,5.7792,1.2205,path,1.6865,4.5600,0.0184,0.4084,0.3044,1.4862,1.1664,0.9215
0.4543,13.2055,0.8850,path,4.8630,6.2400,0.0170,-0.3006,0.3407,1.6404,0.8227,0.8502
0.7288,26.8096,1.2494,path,2.8607,4.8800,0.0254,-0.6901,0.2346,1.5714,0.9064,1.2817
0.2030,12.4679,0.5578,path,1.5335,5.2600,0.0118,-0.1826,0.0887,0.7328,0.5081,0.5911
0.8511,1.6347,1.4808,path,5.2631,5.7600,0.0305,-0.8510,0.0075,1.8434,1.1165,1.5321
0.4729,2.4396,0.0391,turn,0.0000,4.9200,0.0000,nan,nan,0.5559,0.1220,1.3156
0.3895,1.4594,0.1025,turn,0.0000,4.5400,0.0000,nan,nan,0.4462,0.1286,1.2381
0.4508,11.1541,0.3076,path,5.2371,6.7600,0.0173,-0.2716,0.3598,1.5781,0.8396,0.8639
0.3942,8.3613,0.1030,lateral,1.4821,7.0200,0.3863,-0.2298,0.3202,0.5203,0.1964,0.9364
0.3976,3.6764,0.0707,turn,0.0000,7.8400,0.0000,nan,nan,0.2939,0.1044,0.7867
0.3270,2.8436,0.1413,straight,0.5569,4.0600,0.3133,-0.2686,0.1865,0.2611,0.1290,1.4882
0.5506,4.8709,0.0711,turn,0.0000,6.4000,0.0000,nan,nan,0.7281,0.1490,0.3672
0.5135,17.8964,0.3037,combined,1.8923,5.4200,0.5135,-0.4463,0.2538,0.6375,0.2921,0.5081
0.2606,9.7744,0.5869,path,1.8444,6.9800,0.0126,0.0428,0.2571,1.2260,0.5963,0.6290
0.5091,15.8561,0.1124,lateral,1.0840,4.9600,0.5091,-0.4659,0.2053,0.4563,0.1502,0.3931
0.8191,7.1147,1.0906,path,5.8848,6.7000,0.0201,-0.7764,0.2610,1.5745,0.9048,1.0066
0.4501,0.0660,0.0747,turn,0.0000,5.1400,0.0000,nan,nan,0.6476,0.1488,0.8009
0.5534,8.6338,0.8088,path,4.3386,4.9000,0.0190,-0.5471,0.0831,1.5871,0.9569,0.9519
0.0809,1.7582,0.6637,path,3.7803,5.4400,0.0148,-0.0341,0.0734,1.0655,0.7216,0.7473
0.4561,1.6807,0.1331,path,1.3113,4.1200,0.0139,-0.3648,0.2738,1.4555,0.6274,0.6936
0.3241,10.4548,0.1515,straight,1.7760,6.7800,0.3241,0.2662,0.1849,1.4928,0.5504,0.3620
0.3976,3.1595,0.0549,combined,0.2509,6.1200,0.2498,-0.3760,0.1292,0.3737,0.0926,0.4479
0.5829,10.2469,0.1509,combined,1.7036,6.1800,0.1324,0.5829,0.0002,1.7769,0.5688,0.9872
0.1783,1.5510,1.0509,path,1.8897,7.5000,0.0197,0.0012,0.1783,1.7495,1.1882,0.9772
0.4016,1.5941,0.0645,turn,0.0000,4.2000,0.0000,nan,nan,0.3264,0.1327,0.3376
0.3555,3.3897,1.4247,path,3.4040,6.0200,0.0223,-0.3219,0.1509,1.6227,1.0575,1.1172
0.2162,58.7430,0.6347,path,2.5350,4.7600,0.0142,0.0152,0.2157,1.1986,0.6541,0.7076
0.2856,5.1913,0.1013,turn,0.0000,4.0000,0.0000,nan,nan,0.5438,0.1512,1.2560
0.2875,6.3805,0.1544,combined,1.4372,7.9000,0.2875,0.1843,0.2207,1.3157,0.3444,1.2321
0.9370,0.6229,0.9665,path,5.9441,6.8600,0.0272,-0.9360,0.0426,1.5964,1.0670,1.3623
0.4810,1.1707,1.3525,path,5.4713,6.0000,0.0244,0.0893,0.4727,1.5784,1.2475,1.2223
0.2385,3.3037,0.0328,straight,0.8177,5.0600,0.2370,-0.2302,0.0624,0.3468,0.1691,1.3995
0.5043,14.7359,0.0523,combined,1.3731,7.1000,0.5013,-0.1833,0.4698,0.6617,0.2112,0.6316
0.7347,23.2865,0.2842,path,1.5570,4.5200,0.0089,0.3125,0.6649,0.9018,0.5381,0.4441
0.3310,4.4138,0.0171,turn,0.0000,6.3600,0.0000,nan,nan,0.8338,0.1317,1.4443
0.9069,7.0657,1.3248,path,4.8340,4.4800,0.0288,-0.8256,0.3753,1.4969,1.1046,1.4385
0.0365,1.0448,0.0253,stand,0.0000,6.1000,0.0000,nan,nan,0.1227,0.0345,0.8241
0.5026,0.8799,0.0583,straight,0.5954,4.7200,0.4988,-0.4961,0.0810,0.1978,0.0891,0.0000
0.3501,2.8940,0.1068,combined,0.1631,6.2200,0.1631,-0.3499,0.0104,0.3692,0.1006,0.9272
0.4453,1.3495,0.1147,straight,0.7917,5.7200,0.4400,-0.4421,0.0532,0.2427,0.1132,1.2013
0.3649,16.9161,0.0906,combined,1.0870,5.1600,0.3649,-0.3615,0.0495,0.4204,0.1798,0.8780
0.9537,1.1960,0.9097,path,3.2080,6.1600,0.0291,-0.8720,0.3863,1.5706,1.1559,1.4595
0.6160,8.8781,0.2665,path,1.4800,7.8400,0.0247,0.4111,0.4588,1.0634,0.4611,1.2480
1.3739,18.6449,0.2890,path,3.7286,5.4800,0.0319,-0.5722,1.2490,1.7035,1.0087,1.5963
1.0986,11.2717,1.1836,path,5.7716,5.2000,0.0263,-1.0346,0.3694,1.3588,1.0255,1.3140
0.4002,5.4218,1.1067,path,2.1230,4.3800,0.0172,-0.3718,0.1481,1.2723,0.6848,0.8583
0.1395,0.8631,1.6430,path,5.0094,6.8800,0.0073,-0.0400,0.1336,2.0280,1.2461,1.3023
1.6092,11.9986,0.3997,path,5.1081,7.7800,0.0301,-1.0017,1.2594,1.5984,0.9623,1.5035
0.1502,4.1068,0.4625,path,2.4616,5.7600,0.0088,0.1459,0.0357,1.5341,0.5916,0.4416
0.3526,10.1100,0.1684,turn,0.0000,7.6800,0.0000,nan,nan,0.5183,0.1120,0.4933
0.3516,3.3579,0.1265,path,1.1185,7.5000,0.0159,-0.3511,0.0199,1.2797,0.5717,0.7971
0.2284,0.7781,0.0803,turn,0.0000,7.6600,0.0000,nan,nan,0.4287,0.1165,1.4190
0.3992,10.4604,0.0670,turn,0.0000,6.9600,0.0000,nan,nan,0.2427,0.1023,0.9953
0.8217,5.6127,1.2577,path,1.9044,7.2400,0.0222,0.7276,0.3818,1.5228,0.8159,1.1048
0.2793,3.4887,0.0283,straight,1.0472,4.9800,0.2793,-0.2536,0.1171,0.3880,0.1974,0.8096
0.4478,5.7851,0.1104,straight,0.2764,5.4200,0.2760,-0.4264,0.1368,0.2697,0.0883,0.8713
0.3480,3.4575,0.7237,path,3.3092,6.3000,0.0076,-0.2677,0.2223,1.3365,0.5676,0.5949
0.1865,1.6229,0.7224,path,3.0267,6.5000,0.0117,-0.1788,0.0529,1.1003,0.6244,0.5861
0.5246,2.0516,0.0928,combined,0.8611,5.5800,0.5243,-0.4927,0.1800,0.2970,0.1338,0.7275
1.7116,10.7775,1.0280,path,4.2383,4.5600,0.0267,-1.6815,0.3199,1.3693,0.8431,1.3375
0.6326,1.0652,0.0931,straight,1.7517,4.1800,0.6326,-0.6284,0.0725,0.5150,0.2902,0.9965
0.5032,2.5845,0.0906,straight,1.1074,5.0800,0.5032,-0.5024,0.0273,0.3112,0.1580,1.4567
1.4337,21.8130,0.7793,path,5.6522,7.9400,0.0309,-1.4228,0.1768,1.6917,1.0907,1.5538
0.5518,3.1037,0.1535,combined,1.4161,5.7400,0.5518,-0.4544,0.3130,0.5844,0.2681,0.9885
0.7002,16.1534,0.5649,path,4.4650,5.6200,0.0302,-0.7002,0.0058,1.3685,0.9555,1.5218
0.3479,5.8273,0.1706,straight,0.7801,4.4800,0.0448,0.3440,0.0515,1.0036,0.3122,1.0767
0.5476,0.2578,0.2940,lateral,1.1876,5.3200,0.5476,-0.2385,0.4929,0.5608,0.2140,1.3452
0.2916,9.6412,0.0206,lateral,0.8962,7.5600,0.2722,-0.1176,0.2668,0.4479,0.1361,1.1764
0.3426,8.8725,1.1961,path,2.7091,7.0800,0.0181,-0.3072,0.1517,1.4676,0.7234,0.9083
0.1995,0.4099,0.1637,path,2.0130,4.6200,0.0088,-0.0939,0.1760,1.7276,0.6632,0.4373
0.5215,6.7769,0.7543,path,2.4557,4.6400,0.0171,-0.4733,0.2191,1.2044,0.6423,0.8548
0.9830,6.1349,0.8939,path,2.1614,5.2000,0.0216,-0.6145,0.7673,1.1471,0.6228,1.1989
0.2662,0.6583,0.1201,combined,1.5502,7.7000,0.2540,-0.0924,0.2497,0.5803,0.2184,0.9336
0.0706,0.5625,0.0652,stand,0.0000,7.3000,0.0000,nan,nan,0.1771,0.0360,0.5540
0.3130,6.1867,0.0768,straight,1.3916,7.2600,0.1680,0.1995,0.2412,1.6028,0.4291,1.5590
0.3271,6.3818,0.0970,combined,1.6707,7.8200,0.3271,-0.1360,0.2976,0.9113,0.2585,0.4688
1.4255,23.8164,0.5900,path,4.6747,7.7800,0.0288,-1.1582,0.8311,1.4220,0.9112,1.4404
0.4205,14.5643,0.0284,lateral,1.2040,5.3200,0.4205,-0.3759,0.1885,0.4582,0.1617,0.5240
0.1931,3.3468,0.6309,path,2.3520,4.9600,0.0134,0.0405,0.1888,1.1081,0.6064,0.6750
0.2388,3.6916,0.0429,turn,0.0000,5.6000,0.0000,nan,nan,0.3278,0.1036,1.3424
0.2910,7.7714,0.8912,path,2.7593,6.7000,0.0118,0.0115,0.2908,1.3234,0.6243,0.5915
0.5218,6.9822,0.0994,combined,0.4195,5.3000,0.3536,-0.3394,0.3963,0.4054,0.1187,1.1739
0.3432,3.6884,0.3343,path,2.1655,6.0800,0.0075,-0.2258,0.2585,1.0439,0.3865,0.3729
0.4702,2.2744,0.0700,turn,0.0000,7.4600,0.0000,nan,nan,0.6064,0.1141,0.0000
1.7264,42.3497,0.2849,path,1.2983,7.8400,0.0229,-1.6941,0.3322,1.4709,0.4630,1.1458
0.2316,8.0509,0.3954,path,1.9335,6.3600,0.0066,-0.1124,0.2025,0.6685,0.3317,0.3293
0.5349,11.3529,0.0991,combined,1.7104,4.5200,0.5349,-0.5338,0.0343,0.5882,0.2867,0.0000
0.9927,4.8229,0.7967,path,3.9287,4.8400,0.0281,-0.9106,0.3952,1.4456,0.9588,1.4057
0.0271,2.4046,0.0143,stand,0.0000,5.7200,0.0000,nan,nan,0.2045,0.0358,1.4568
0.3799,20.3528,1.1122,path,3.1686,5.7600,0.0246,-0.3282,0.1913,1.4554,1.0643,1.2168
0.3964,3.5655,0.9933,path,1.8447,7.1600,0.0252,-0.3949,0.0340,1.1971,0.7830,1.2576
0.4995,8.5547,1.1896,path,1.1845,5.0800,0.0301,-0.4370,0.2419,1.3194,0.9658,1.5097
1.5563,27.7875,0.2025,path,4.0486,5.6000,0.0296,-1.0914,1.1094,1.9642,1.0291,1.4784
1.0700,12.1094,0.2625,path,1.4549,7.0200,0.0205,-0.9506,0.4912,1.0828,0.4484,1.0263
0.2072,13.9403,0.5498,path,3.4867,6.6200,0.0148,-0.0601,0.1983,1.1704,0.7287,0.7367
0.3211,7.0090,0.8472,path,1.5523,4.3600,0.0210,0.1765,0.2683,1.3833,0.9360,1.0490
0.4498,13.3900,0.1533,combined,1.6126,6.1200,0.4498,0.1692,0.4167,1.1495,0.3298,0.6034
0.4201,11.1966,0.0914,straight,1.4157,4.7800,0.2453,0.3443,0.2407,1.2401,0.4618,1.1516
0.4033,2.2660,0.4245,path,1.9686,5.1600,0.0090,-0.1179,0.3857,1.2584,0.5470,0.4557
0.1964,1.8450,0.3534,path,1.6360,4.6000,0.0091,-0.1950,0.0236,1.0287,0.4663,0.4576
0.5017,2.5756,0.0370,lateral,0.0976,4.2000,0.0885,-0.0505,0.4992,0.3822,0.1490,1.1733
0.2367,2.2902,0.0559,combined,0.9660,6.9800,0.2367,-0.2230,0.0794,0.3581,0.1470,0.0000
0.4296,0.5719,0.0164,turn,0.0000,4.3200,0.0000,nan,nan,0.3373,0.1325,0.9105
0.5196,6.5322,0.7910,path,1.0256,7.7400,0.0127,0.5193,0.0181,1.3276,0.8888,0.6338
0.2498,0.6108,0.0183,combined,1.6665,7.4000,0.2485,0.0105,0.2496,0.5972,0.2507,0.9416
0.1551,4.0470,0.2973,path,1.3686,6.1400,0.0073,-0.0125,0.1546,1.3623,0.4489,0.3663
0.2912,6.6067,0.6535,path,2.2619,6.4400,0.0209,0.1323,0.2594,1.7000,0.8930,1.0462
0.6156,0.5715,0.1087,combined,2.0761,5.9000,0.2720,0.5201,0.3294,1.6658,0.6433,0.3486
1.3617,17.6997,1.5184,path,4.5557,6.8600,0.0275,-1.3085,0.3769,1.6189,0.8177,1.3731
0.4258,5.6136,0.0472,straight,0.5957,7.4000,0.4050,-0.4094,0.1170,0.2007,0.0890,0.9855
0.4025,1.1969,0.1291,lateral,0.0987,4.2200,0.0987,-0.3259,0.2361,0.2809,0.1217,0.7318
0.3980,7.3131,0.0139,turn,0.0000,7.7200,0.0000,nan,nan,0.3627,0.0952,0.4964
0.4465,7.1648,0.0351,straight,0.0766,6.6000,0.0021,0.4464,0.0089,0.3645,0.1311,1.3050
1.0210,16.8550,1.1995,path,4.6900,5.0600,0.0315,-0.8526,0.5616,1.6869,1.1821,1.5751
0.0341,1.8231,0.0177,stand,0.0000,5.0000,0.0000,nan,nan,0.2043,0.0316,1.2099
0.2351,11.1284,0.2524,path,3.5208,7.0800,0.0105,-0.0767,0.2223,1.3026,0.5311,0.5228
0.4145,4.9450,0.0925,turn,0.0000,7.7400,0.0000,nan,nan,0.4033,0.1177,0.6282
0.3006,0.5613,0.0982,lateral,0.2339,7.1600,0.2168,0.0546,0.2956,0.2620,0.0939,0.4983
1.9632,0.3154,0.6201,path,3.7549,7.7400,0.0277,1.3191,1.4540,2.0323,1.2995,1.3856
0.4014,4.5315,1.0390,path,2.6992,7.3600,0.0245,-0.3334,0.2235,1.5192,0.9752,1.2313
0.4105,5.7771,0.0341,combined,1.4647,7.1200,0.4066,0.1586,0.3786,1.1465,0.3120,1.5861
0.2464,2.9798,0.0280,straight,0.1504,7.6400,0.0276,0.2073,0.1332,0.2688,0.1050,1.0488
0.3400,2.5837,0.0866,straight,0.6952,4.3800,0.3385,-0.3260,0.0964,0.2624,0.1352,0.6856
0.4333,2.2603,0.0646,turn,0.0000,7.1200,0.0000,nan,nan,0.5956,0.1171,0.8859
0.1997,3.2422,0.4008,path,1.9427,6.7800,0.0088,-0.1845,0.0763,0.9794,0.3856,0.4382
0.4810,12.9748,0.1192,path,3.3692,6.6400,0.0116,-0.2611,0.4039,1.4010,0.6048,0.5822
0.8391,5.3778,0.1557,combined,2.2086,4.4600,0.8391,-0.8381,0.0394,0.6493,0.3342,1.4319
0.3707,6.6344,0.0261,straight,1.3723,5.5400,0.3707,-0.3618,0.0810,0.4898,0.2167,0.6207
0.1004,8.7629,0.5794,path,2.1189,4.6400,0.0259,0.0860,0.0518,1.2661,0.9147,1.2997
0.4925,0.8657,0.8841,path,3.2713,4.5000,0.0150,0.3285,0.3669,1.6566,1.0505,0.7480
0.1952,1.2176,0.1370,turn,0.0000,5.4000,0.0000,nan,nan,0.2835,0.0926,0.9853
0.4483,0.8461,0.1077,straight,1.8441,6.3400,0.4483,-0.4452,0.0527,0.5622,0.2500,0.3017
0.7741,3.2940,1.0507,path,4.1649,4.1400,0.0214,-0.7705,0.0749,1.3526,0.8874,1.0724
0.1346,10.1850,0.8671,path,2.6035,4.2400,0.0224,-0.1032,0.0865,1.1171,0.8772,1.1270
0.1955,1.2511,0.6064,path,3.7823,5.7000,0.0168,-0.1852,0.0628,1.4329,0.8259,0.8510
0.0195,4.2933,0.0137,stand,0.0000,7.9200,0.0000,nan,nan,0.1997,0.0339,0.3890
0.5017,1.0358,0.1148,lateral,0.1927,4.1600,0.1927,-0.1096,0.4895,0.3208,0.1532,0.6793
1.6642,11.6532,1.6870,path,3.9144,7.6400,0.0301,0.9623,1.3578,1.8821,1.1692,1.5341
0.1733,4.5866,0.8805,path,1.4759,5.4200,0.0117,0.1724,0.0182,1.1392,0.5847,0.5869
0.2794,6.7210,0.0725,lateral,0.8598,7.6200,0.2739,0.0222,0.2785,0.4594,0.1487,1.5549
0.3391,1.4800,0.0929,combined,0.6050,6.5200,0.3357,-0.1459,0.3061,0.3799,0.1138,0.4714
0.4694,14.5506,0.0806,lateral,1.0044,4.0600,0.4694,-0.3485,0.3144,0.4665,0.1967,0.7242
0.4734,3.1863,0.0151,combined,1.3120,6.0400,0.4730,-0.0121,0.4732,0.9301,0.2826,0.9766
0.2688,0.4392,0.1249,straight,0.0754,4.0200,0.0740,-0.2686,0.0116,0.2128,0.0940,0.4197
0.6549,6.8311,0.9940,path,1.8922,7.2200,0.0269,0.6217,0.2058,1.7441,1.2391,1.3453
0.3907,2.4982,0.1926,combined,1.7129,5.7800,0.3410,0.1447,0.3629,1.2808,0.4845,0.7705
0.9180,7.3045,1.2390,path,6.8969,5.9200,0.0294,-0.9075,0.1382,1.7953,1.2897,1.4694
0.5029,7.5011,0.8337,path,1.9732,6.4800,0.0175,-0.2682,0.4255,0.8787,0.6394,0.8749
0.8130,0.0023,0.7553,path,0.4587,5.4800,0.0315,-0.8130,0.0074,1.1989,0.8643,1.5789
0.0356,1.9414,0.0317,stand,0.0000,5.5000,0.0000,nan,nan,0.1606,0.0441,1.4454
0.4021,3.8961,0.1233,lateral,0.8756,4.2400,0.4021,-0.3395,0.2155,0.3742,0.1538,0.5148
1.1523,3.4733,0.9455,path,2.1020,7.8400,0.0232,-0.6744,0.9343,1.3231,0.6991,1.1568
0.0131,0.5409,1.0088,path,3.0456,5.2200,0.0131,-0.0066,0.0114,1.1982,0.7575,0.6605
0.9785,4.3628,0.7824,path,1.4434,5.0200,0.0288,-0.8085,0.5511,0.9775,0.5946,1.4428
0.6040,5.3516,0.1563,combined,1.5245,4.2000,0.6040,-0.5868,0.1434,0.4668,0.2498,0.3135
0.5475,4.4264,0.0942,straight,0.7926,4.7600,0.5475,-0.5404,0.0878,0.2984,0.1189,1.4173
0.5405,1.7601,0.1509,combined,1.6426,7.9600,0.5295,-0.2323,0.4881,1.0339,0.2671,1.1705
0.3181,1.1714,0.1619,turn,0.0000,6.4400,0.0000,nan,nan,0.6650,0.1214,0.4550
0.3814,8.6127,0.1600,path,2.8865,4.1200,0.0164,-0.3811,0.0150,1.3889,0.6568,0.8183
0.4567,7.8876,0.1152,turn,0.0000,7.0000,0.0000,nan,nan,0.3982,0.1332,0.3340
0.3183,3.5769,0.6936,path,0.3558,6.1400,0.0156,0.0376,0.3161,0.9875,0.5278,0.7797
0.3223,12.1712,0.0442,straight,1.8212,7.4600,0.2250,0.3080,0.0950,1.6777,0.4382,0.5110
0.3402,3.6313,0.0390,straight,1.3689,7.3800,0.3396,-0.3016,0.1573,0.4125,0.1825,1.4354
0.0610,3.0498,0.2799,path,2.7190,7.1600,0.0078,-0.0600,0.0111,1.0477,0.4412,0.3893
0.2280,14.0665,1.1036,path,2.3797,4.4800,0.0119,0.2266,0.0245,1.4776,0.6883,0.5971
0.5299,2.8266,0.9874,path,2.1778,4.2200,0.0287,-0.3717,0.3777,1.4505,0.8704,1.4375
0.4824,0.0201,0.0996,combined,1.3128,6.2200,0.3433,0.3408,0.3415,1.4512,0.4736,0.4895
1.4461,0.5284,1.3071,path,3.3500,4.2400,0.0317,-1.2434,0.7384,1.4315,0.8791,1.5780
0.5551,6.5306,0.0857,combined,1.2598,5.1600,0.5551,-0.4687,0.2974,0.6242,0.1937,0.9383
1.1319,8.7091,0.2232,path,0.8395,5.8400,0.0240,-1.1198,0.1651,1.1390,0.5717,1.1976
0.8171,11.4990,1.0235,path,6.1769,7.3400,0.0189,-0.2753,0.7693,1.5374,0.9024,0.9503
0.0410,0.9671,0.0342,stand,0.0000,6.2000,0.0000,nan,nan,0.2242,0.0485,0.8578
0.2994,1.8449,0.1838,lateral,1.1183,7.0200,0.2994,-0.2140,0.2093,0.4532,0.1528,0.9177
0.9813,3.9420,1.4612,path,5.4264,5.6200,0.0202,-0.2795,0.9406,1.7028,1.0092,1.0173
0.6575,0.6945,0.1049,straight,1.5559,4.0600,0.6575,-0.6493,0.1040,0.4108,0.2461,0.0000
0.9311,0.8796,0.4151,path,1.8563,6.8200,0.0242,-0.9285,0.0683,1.0443,0.4754,1.2102
0.1244,1.9211,0.9095,path,4.0903,7.9400,0.0161,0.0946,0.0808,1.7049,0.9602,0.8052
0.8624,10.9381,1.0112,path,1.2350,4.1600,0.0258,-0.7958,0.3325,1.2947,0.6678,1.2924
0.4774,8.1916,0.1359,combined,1.2438,7.3800,0.4774,-0.4725,0.0683,0.4015,0.1481,0.5794
0.5429,11.3449,0.1687,combined,0.7260,4.1800,0.5429,-0.1184,0.5298,0.6334,0.3227,1.2703
0.4890,4.7714,1.4104,path,0.1055,4.0000,0.0072,0.1684,0.4591,1.4376,0.5810,0.3592
0.6477,12.3049,1.1068,path,3.6280,6.1800,0.0250,-0.2864,0.5810,1.5756,0.9224,1.2461
0.4291,6.9487,1.0944,path,2.7623,6.8600,0.0176,0.4127,0.1176,1.5239,0.9407,0.8817
0.4468,131.5590,0.0931,path,4.3603,7.2000,0.0039,0.1622,0.4164,1.4851,0.6510,0.6326
0.6546,11.3650,0.4933,path,2.0708,4.1400,0.0147,-0.6404,0.1353,1.2695,0.5327,0.7350
0.0240,6.4684,0.4639,path,2.5307,6.3200,0.0080,-0.0237,0.0037,0.8028,0.4411,0.4019
0.7482,2.7671,0.9361,path,2.1189,7.5800,0.0230,-0.6329,0.3992,1.2477,0.4611,1.1545
1.1619,1.2342,0.7643,path,3.0679,5.0800,0.0266,-0.5935,0.9989,1.4984,0.6892,1.3316
0.5818,12.4314,0.1456,path,1.9454,6.9600,0.0226,-0.3232,0.4838,1.4372,0.7120,1.1303
0.0617,1.5243,0.0369,stand,0.0000,4.1400,0.0000,nan,nan,0.3677,0.0592,1.2381
0.0273,0.0696,1.1153,path,3.8057,6.6400,0.0041,0.0143,0.0233,1.3111,0.9011,0.8729
0.2523,5.5879,0.1447,straight,0.1730,7.6400,0.1719,-0.2523,0.0026,0.2198,0.0802,0.4338
0.3615,2.1358,0.0566,turn,0.0000,7.5000,0.0000,nan,nan,0.2410,0.1006,1.2472
0.4110,30.3364,0.0977,path,2.8283,7.0000,0.0244,-0.4110,0.0015,1.6730,0.7708,1.2209
0.5323,6.1891,0.5934,path,1.7660,7.4000,0.0171,-0.1090,0.5210,1.4640,0.6535,0.8571
0.3788,3.1053,0.3727,path,1.4050,5.7000,0.0109,-0.3783,0.0189,0.8072,0.4178,0.5461
0.7152,2.0502,0.2004,turn,0.0000,4.5000,0.0000,nan,nan,0.5222,0.2611,0.0000
0.3334,2.3317,0.0252,straight,0.0235,7.9000,0.0126,0.3233,0.0814,0.2789,0.1050,0.3143
1.0407,22.6100,0.4098,path,0.9239,6.2200,0.0265,-1.0205,0.2038,1.2710,0.6255,1.3204
1.2309,19.8203,0.2195,path,4.6661,4.1000,0.0295,-1.2218,0.1489,1.7114,0.9890,1.4746
0.5836,10.6511,0.0908,straight,1.4997,7.5600,0.2136,0.5427,0.2147,1.5339,0.3990,0.6228
0.3817,0.1512,0.9387,path,4.5871,5.4400,0.0209,-0.3596,0.1280,1.6151,1.0866,1.0459
0.2929,2.9534,0.3136,path,2.7401,6.1800,0.0102,-0.2055,0.2087,0.9367,0.4527,0.5091
1.1565,24.4495,0.0752,path,2.7186,7.1200,0.0183,-1.0076,0.5678,1.4088,0.6216,0.9167
0.7739,13.3582,0.5356,path,3.3214,4.4800,0.0259,0.5788,0.5138,1.7115,1.0311,1.3105
0.3906,6.1382,0.0785,turn,0.0000,6.9600,0.0000,nan,nan,0.2859,0.1145,1.2806
0.1903,5.7817,0.0554,straight,0.1313,4.0200,0.0036,0.1872,0.0341,0.3393,0.1445,1.3995
0.1772,14.8608,0.5056,path,2.0028,6.2400,0.0085,-0.1287,0.1218,1.1787,0.4601,0.4266
0.2749,3.9501,0.7056,path,2.0629,4.3800,0.0137,-0.2737,0.0254,0.9147,0.6602,0.7710
0.4597,0.9126,0.3426,path,3.9401,6.6600,0.0178,-0.4562,0.0565,1.2923,0.7210,0.8887
0.7631,8.8058,0.1071,path,0.7670,4.2200,0.0281,-0.7276,0.2298,1.4190,0.6136,1.4039
0.7894,11.2072,1.0913,path,3.6057,7.1400,0.0268,0.7854,0.0793,1.9887,1.1776,1.3325
0.7832,16.9875,0.4542,path,2.8893,5.6000,0.0115,0.6767,0.3944,1.3167,0.6508,0.5200
0.4243,1.6910,0.0274,straight,0.0206,4.4400,0.0026,0.4217,0.0475,0.3460,0.1500,0.4479
0.3776,25.5471,0.2189,path,2.8569,7.5800,0.0271,-0.3467,0.1498,1.7044,0.9565,1.3547
0.3880,2.6148,0.0461,turn,0.0000,5.7000,0.0000,nan,nan,0.3421,0.1209,0.9862
0.6566,22.8175,0.8253,path,4.6111,4.2800,0.0321,-0.6100,0.2430,1.7818,1.2917,1.5955
0.5948,1.7773,0.1618,combined,1.7565,4.6800,0.5948,-0.5597,0.2013,0.5862,0.3137,0.3931
1.4490,11.2200,1.4898,path,3.5387,6.3200,0.0281,-1.4022,0.3653,1.5398,0.8746,1.4153
0.3242,3.4449,0.0185,combined,2.1229,6.8400,0.0203,0.3097,0.0958,1.7477,0.5311,1.0319
0.2556,9.1607,0.1979,path,2.7595,5.7200,0.0109,0.1740,0.1872,1.4165,0.5762,0.5456
0.3911,5.4637,0.0709,turn,0.0000,6.1400,0.0000,nan,nan,0.4954,0.1171,1.4844
0.5665,2.6413,0.1915,combined,1.6405,5.8600,0.5665,-0.5567,0.1050,0.5775,0.2359,0.6202
0.6343,3.9185,0.7122,path,2.8336,5.7200,0.0099,0.6243,0.1120,1.4803,0.6251,0.4957
0.4297,15.4367,0.5319,path,1.9916,7.2200,0.0156,0.4267,0.0504,1.8113,0.7147,0.7836
0.2807,15.6662,0.3684,path,3.3776,6.6000,0.0118,-0.1706,0.2228,1.0243,0.5218,0.5939
0.2551,6.3391,0.2606,path,1.5927,5.5400,0.0064,-0.0632,0.2472,1.1226,0.4045,0.3219
1.0617,20.6346,0.6049,path,0.8737,4.2800,0.0282,-0.7801,0.7201,1.2760,0.5962,1.4091
0.4606,2.1682,0.0269,straight,0.0798,4.8000,0.0509,-0.1770,0.4253,0.3046,0.1131,0.3620
0.4666,3.8195,0.2268,straight,1.2366,4.9800,0.4585,-0.4600,0.0782,0.4788,0.1970,0.5081
1.8256,11.9626,1.0414,path,4.9912,7.9800,0.0278,-1.4838,1.0635,1.3712,0.8139,1.3896
0.6094,5.2257,1.0651,path,4.2529,5.3600,0.0190,0.2923,0.5348,1.6663,1.1737,0.9524
0.4363,2.3968,0.0734,combined,0.5287,6.9000,0.4215,0.0250,0.4356,1.0532,0.2206,0.7597
0.3289,4.3224,0.0727,stand,0.0000,5.2400,0.0000,nan,nan,0.6225,0.1182,1.3156
0.4346,6.6128,0.0387,combined,2.0062,5.8000,0.4346,0.1981,0.3868,1.4787,0.5095,0.6861
1.1337,2.1020,1.4841,path,2.1902,6.8800,0.0310,-0.2459,1.1067,1.7770,0.8397,1.5606
0.5831,15.1958,1.4258,path,1.6822,5.9800,0.0200,0.2410,0.5309,1.6728,1.1771,1.0124
0.1303,3.4960,0.3144,path,1.6498,4.1600,0.0006,-0.1277,0.0260,0.7793,0.3983,0.4004
0.8361,2.4720,0.9737,path,3.1375,4.5400,0.0152,-0.7278,0.4116,1.1458,0.6679,0.7664
0.5426,2.5847,0.0504,combined,1.5355,7.0200,0.4314,0.4793,0.2544,1.4700,0.3722,0.5522
0.5361,15.9946,0.2108,combined,2.3006,6.6800,0.5361,-0.2264,0.4859,1.4173,0.4957,1.1064
0.3019,0.6192,1.2226,path,3.8075,5.5800,0.0095,0.1601,0.2560,1.4127,0.8386,0.7824
0.2606,1.0349,0.6744,path,2.3966,5.2600,0.0096,-0.1372,0.2215,0.8891,0.5119,0.4783
0.4951,0.5520,0.0957,combined,1.4063,7.7800,0.4951,0.4672,0.1640,1.3279,0.3221,0.8345
0.1059,7.0384,1.3637,path,2.3314,5.8400,0.0194,-0.0658,0.0830,1.6508,0.9037,0.9732
0.2947,4.4361,0.1482,lateral,1.1075,5.1000,0.2947,-0.2152,0.2013,0.4518,0.1909,1.2560
0.1413,2.3096,0.4464,path,2.4187,7.3200,0.0067,0.0812,0.1156,1.3003,0.3986,0.3341
0.2943,9.5739,0.0704,lateral,0.1390,4.9000,0.1254,-0.1322,0.2629,0.2155,0.1011,0.8780
0.0561,6.3477,0.0262,stand,0.0000,5.4400,0.0000,nan,nan,0.2636,0.0416,0.8009
0.4564,5.6227,0.5738,path,3.0841,4.9000,0.0137,-0.4552,0.0336,0.9965,0.5913,0.6810
0.4223,6.8725,0.1213,combined,1.2179,6.0400,0.4200,-0.4081,0.1087,0.5279,0.2067,0.9262
0.6457,0.4266,0.9629,path,1.6914,7.7800,0.0060,0.5894,0.2636,1.5255,0.6344,0.5719
0.1995,13.1595,0.0680,lateral,1.3549,7.9200,0.1995,-0.0948,0.1755,0.5341,0.1915,1.0560
1.9227,9.2706,1.5403,path,2.6662,7.5400,0.0270,-1.4892,1.2162,1.7445,0.6874,1.3570
0.4213,6.0054,0.0588,combined,0.8332,5.2400,0.4213,-0.3645,0.2113,0.8263,0.2205,0.8241
0.5300,5.6911,0.0747,straight,0.7257,5.5000,0.5300,-0.5194,0.1054,0.2412,0.0977,0.3376
0.4035,3.5277,0.2341,combined,1.3817,4.9000,0.4035,-0.3994,0.0572,0.5158,0.2136,0.8096
0.5004,0.2722,0.7257,path,4.6734,7.9200,0.0154,-0.5001,0.0179,1.3047,0.7790,0.7686
0.1648,53.8232,0.6511,path,2.5208,7.2200,0.0123,0.0386,0.1602,1.7168,1.0208,1.3643
0.3822,4.6765,0.0723,combined,0.8605,4.0800,0.3822,-0.3691,0.0993,0.4018,0.1562,1.4568
0.3487,5.6562,0.2123,path,1.7342,6.0400,0.0062,-0.2069,0.2807,1.6256,0.3622,0.3087
0.4105,0.2729,0.0611,combined,1.8056,6.4200,0.4096,-0.3577,0.2014,0.6410,0.2478,0.0000
0.5829,4.4252,0.0655,lateral,0.4229,5.9400,0.4210,-0.0423,0.5814,0.4180,0.1568,0.3672
0.0036,0.1466,0.0336,stand,0.0000,7.6800,0.0000,nan,nan,0.0774,0.0294,0.6701
0.7218,1.6835,0.7372,path,2.8583,6.2600,0.0189,-0.7029,0.1642,1.1743,0.7319,0.9438
0.2183,0.1824,0.1374,turn,0.0000,6.8200,0.0000,nan,nan,0.3466,0.0885,0.7219
0.7382,5.0171,1.1769,path,1.7809,4.3400,0.0158,0.4199,0.6071,1.3865,0.7525,0.7888
0.4734,25.7849,1.3915,path,0.1980,7.7800,0.0240,-0.1759,0.4395,1.7066,1.0579,1.1920
0.0311,0.7654,0.0267,stand,0.0000,6.0800,0.0000,nan,nan,0.2011,0.0399,1.4882
0.2822,4.8237,0.1553,lateral,0.4435,5.0600,0.2817,-0.1469,0.2410,0.3239,0.1189,0.9965
0.3975,10.6802,1.4687,path,5.3239,6.5800,0.0241,-0.0301,0.3964,1.8544,1.1653,1.2046
0.8734,5.3706,1.0322,path,6.2949,6.6400,0.0230,-0.4287,0.7609,1.4279,1.0427,1.1437
1.5687,17.5304,0.9894,path,5.8772,7.7400,0.0273,-0.3850,1.5207,1.7242,1.0312,1.3625
0.4409,8.0207,0.1759,straight,1.7636,7.1800,0.4404,-0.4382,0.0491,0.5626,0.2184,1.2680
0.2317,4.9311,0.4778,path,2.6274,6.8400,0.0060,-0.1680,0.1595,0.5932,0.3735,0.3846
0.6605,0.7361,1.5011,path,1.2147,6.4200,0.0228,0.2907,0.5931,1.7505,0.8976,1.1388
0.1627,2.0122,0.4483,path,2.9792,6.5200,0.0131,-0.1469,0.0699,1.0832,0.6165,0.6533
0.0514,1.2719,0.8923,path,4.1603,4.0000,0.0055,-0.0400,0.0323,1.5873,1.0614,1.1053
0.8094,11.6693,0.2681,combined,2.1529,4.0200,0.8094,-0.8090,0.0252,0.6260,0.3586,0.6316
0.3401,9.7796,0.1167,turn,0.0000,4.0200,0.0000,nan,nan,0.8876,0.2691,0.7074
0.3033,6.3644,0.3665,path,1.2849,4.0200,0.0066,-0.1372,0.2705,0.6172,0.3085,0.3313
0.4392,4.2082,0.1731,path,2.8848,4.0400,0.0180,-0.4308,0.0851,1.4970,0.6934,0.8991
0.5264,2.7117,0.3252,path,2.9759,4.0600,0.0164,-0.5264,0.0017,1.3903,0.6340,0.8154
0.2380,10.6474,0.2403,path,1.6013,4.0600,0.0083,0.0060,0.2379,1.0064,0.4535,0.4133
0.3040,6.3620,0.4943,path,1.4491,4.0800,0.0108,0.0208,0.3033,0.9729,0.4267,0.5403
1.1233,2.3610,1.0812,path,0.9312,4.0800,0.0301,-1.0656,0.3551,1.2378,0.6251,1.5075
0.2648,5.2387,0.9890,path,0.6779,4.1200,0.0276,-0.2393,0.1133,1.3403,0.8569,1.3767
0.0691,1.2407,0.0104,stand,0.0000,4.1200,0.0000,nan,nan,0.1629,0.0432,1.3478
0.7422,9.4918,0.5473,path,2.9674,4.1200,0.0275,-0.5204,0.5292,1.6952,0.8982,1.3703
0.4099,2.7688,0.1236,turn,0.0000,4.1400,0.0000,nan,nan,0.8096,0.2560,1.1064
0.4822,0.2450,0.1120,turn,0.0000,4.1400,0.0000,nan,nan,0.7914,0.1728,1.4173
0.5237,10.0421,0.0897,combined,1.7201,4.1600,0.5237,-0.5214,0.0487,0.6599,0.3161,0.8089
0.7549,4.5457,0.3101,combined,1.9212,4.1800,0.3036,0.6612,0.3642,1.5112,0.7175,1.0879
0.6987,2.2476,0.3015,path,2.7969,4.1800,0.0173,-0.6987,0.0095,1.2976,0.5968,0.8657
0.2981,5.2986,1.0923,path,1.7077,4.2000,0.0120,0.0941,0.2828,1.1099,0.6175,0.5979
0.2285,3.3677,0.7391,path,2.4402,4.2200,0.0127,-0.2283,0.0102,1.0779,0.6381,0.6370
0.2279,0.7241,0.0621,turn,0.0000,4.2200,0.0000,nan,nan,0.4269,0.1259,1.5612
1.3399,5.2169,0.5533,path,4.7514,4.2400,0.0314,-1.3384,0.0640,1.4767,0.9747,1.5712
0.5770,8.6002,0.2074,lateral,1.1523,4.2400,0.5770,-0.4794,0.3211,0.8460,0.3064,1.0541
0.1829,9.1809,0.5234,path,1.2965,4.2400,0.0108,-0.0060,0.1828,0.7377,0.4483,0.5386
0.9571,8.3303,0.7316,path,2.0464,4.2600,0.0313,-0.4881,0.8233,1.4237,0.7388,1.5650
0.4622,14.8111,0.0221,lateral,0.9779,4.2600,0.4622,-0.4383,0.1465,0.3883,0.1721,0.9872
0.0626,4.6868,0.9836,path,4.3381,4.3000,0.0221,-0.0415,0.0469,1.6297,1.0677,1.1072
0.2309,2.0861,0.8481,path,3.2929,4.3000,0.0194,0.1477,0.1775,1.5094,0.9982,0.9683
0.3934,17.6566,0.6082,path,3.0570,4.3200,0.0247,0.3931,0.0153,1.6640,1.0630,1.2282
0.2770,2.2953,0.2717,path,2.8079,4.3200,0.0131,-0.1993,0.1924,1.2540,0.6546,0.6546
0.4013,13.8763,0.0729,lateral,0.9604,4.3400,0.3957,-0.3784,0.1336,0.4348,0.1617,1.1584
0.3091,3.1669,0.7120,path,2.9246,4.3400,0.0199,0.2730,0.1451,1.6726,1.0084,0.9944
0.3822,7.3555,0.0390,combined,1.1318,4.3400,0.3805,-0.2151,0.3159,0.6078,0.2068,0.8859
0.3005,7.9625,0.0403,turn,0.0000,4.3600,0.0000,nan,nan,0.4989,0.1227,0.6779
0.3118,4.3696,0.4723,path,1.8089,4.3600,0.0127,-0.3097,0.0358,0.8447,0.4797,0.6345
0.4219,0.5791,0.0130,straight,0.6090,4.3800,0.0267,0.4216,0.0153,0.9884,0.3111,0.0000
0.0135,3.4129,0.0153,stand,0.0000,4.3800,0.0000,nan,nan,0.1382,0.0297,1.2013
0.0355,0.7538,0.0293,stand,0.0000,4.4000,0.0000,nan,nan,0.1808,0.0451,0.4479
0.4706,0.4061,0.0265,lateral,0.3733,4.4400,0.3733,-0.1918,0.4297,0.3479,0.1508,0.9766
0.6134,0.8911,0.0141,stand,0.0000,4.4400,0.0000,nan,nan,0.9579,0.1974,0.6207
0.7691,9.0422,1.0991,path,3.5480,4.5000,0.0186,-0.6938,0.3318,1.1869,0.7049,0.9311
0.1354,6.6228,0.3881,path,1.3694,4.5000,0.0081,-0.1331,0.0252,0.6502,0.4313,0.4089
0.2586,5.7548,0.1495,lateral,0.0269,4.5200,0.0059,0.0382,0.2558,0.3342,0.1179,1.0488
0.2548,4.9783,0.2974,path,1.5999,4.5400,0.0080,0.0113,0.2546,1.0265,0.4258,0.3991
0.2730,2.1993,1.0187,path,3.1501,4.5600,0.0249,0.0829,0.2601,1.5792,1.1524,1.2435
0.5221,1.9956,0.1145,combined,0.9471,4.6200,0.5157,-0.1695,0.4939,0.6794,0.2089,1.2472
0.1193,3.9052,0.2619,path,1.8323,4.6200,0.0080,-0.0601,0.1030,0.7671,0.4645,0.4019
0.4552,19.3432,0.6650,path,3.2220,4.6400,0.0197,-0.4551,0.0059,1.1582,0.6710,0.9849
0.3324,2.5673,0.0798,turn,0.0000,4.6600,0.0000,nan,nan,0.4165,0.1480,1.4466
0.3752,19.6465,0.0562,lateral,0.7643,4.6600,0.3752,-0.3358,0.1672,0.3645,0.1402,1.1885
0.6092,12.5607,0.1966,combined,1.3880,4.6600,0.6092,-0.6084,0.0317,0.3914,0.1827,0.3612
0.1582,2.4440,0.1853,path,1.6691,4.6800,0.0071,0.0262,0.1561,0.9279,0.3786,0.3570
0.3381,1.5532,0.0792,turn,0.0000,4.7000,0.0000,nan,nan,0.5358,0.2158,1.2707
0.2053,2.8660,0.0677,combined,0.3375,4.7000,0.1966,0.0752,0.1910,0.3080,0.1299,0.5794
0.2276,2.4887,0.5048,path,1.9410,4.7200,0.0099,-0.0480,0.2225,1.0703,0.5075,0.4946
0.8779,0.1883,1.0528,path,1.8957,4.7400,0.0281,0.6362,0.6049,1.5271,0.8645,1.4071
0.3027,5.6524,0.0453,lateral,0.2034,4.7400,0.1838,-0.0003,0.3027,0.2807,0.1234,0.5101
0.1637,3.4230,0.2880,path,2.6411,4.7400,0.0115,-0.1505,0.0644,0.9215,0.5266,0.5762
0.5422,2.5292,1.0398,path,3.7078,4.7600,0.0248,-0.5284,0.1217,1.3885,0.9362,1.2447
0.2208,1.4105,0.0216,stand,0.0000,4.7600,0.0000,nan,nan,0.4056,0.1431,0.8495
0.4531,8.2748,0.4533,path,1.8369,4.7800,0.0079,-0.3783,0.2493,0.6724,0.3342,0.3936
0.3339,0.7305,1.1553,path,1.7851,4.8000,0.0277,-0.2857,0.1728,1.4810,0.9905,1.3852
0.3805,0.5930,0.2268,straight,1.0822,4.8400,0.0722,0.3768,0.0528,1.2784,0.4872,0.6282
0.3915,1.5280,1.0870,path,2.9020,4.8600,0.0152,0.1030,0.3777,1.5909,0.8174,0.7585
0.6236,6.2015,0.0794,turn,0.0000,4.8800,0.0000,nan,nan,0.4908,0.2176,0.7148
0.4874,0.0302,0.3843,path,0.3955,4.9200,0.0023,0.2961,0.3871,1.3418,0.5688,0.3447
0.5953,4.3532,0.1536,combined,1.6164,4.9200,0.4033,0.4102,0.4314,1.3611,0.6068,0.5331
0.2819,18.3263,0.0547,lateral,0.8697,4.9600,0.2805,-0.2525,0.1253,0.3415,0.1437,0.3338
0.2547,1.1297,0.1630,path,2.4677,4.9800,0.0110,-0.1891,0.1706,1.3343,0.5369,0.5507
0.7572,5.7941,1.1031,path,2.8124,5.0000,0.0275,-0.6010,0.4605,1.3750,0.8443,1.3743
0.9014,0.3740,1.2794,path,2.9676,5.0200,0.0214,0.7947,0.4256,1.7201,1.1027,1.0678
0.7680,2.9756,0.5540,path,2.1360,5.0400,0.0147,0.2662,0.7203,1.0453,0.6365,0.7386
0.4255,10.7087,0.0505,straight,0.8687,5.0400,0.2199,0.4190,0.0741,1.0946,0.3633,0.6776
0.6002,8.7329,0.0867,straight,1.3531,5.0600,0.1394,0.5938,0.0876,1.3850,0.4914,1.4919
0.5277,1.7500,0.0604,straight,1.4307,5.1000,0.5277,-0.5243,0.0593,0.5054,0.2198,0.3482
0.4971,4.9460,0.0345,lateral,1.3000,5.1000,0.4921,-0.3390,0.3635,0.5420,0.2242,1.2871
0.5444,14.5310,0.1397,combined,1.0825,5.1200,0.5444,-0.3756,0.3940,0.6070,0.2186,0.3931
0.5813,0.0724,1.0281,path,1.9456,5.1200,0.0305,-0.5795,0.0448,1.2106,0.7041,1.5267
0.3348,7.5699,0.0518,lateral,1.1693,5.1400,0.3348,-0.2758,0.1898,0.5662,0.1999,1.4759
0.6936,14.3156,0.5362,path,2.9114,5.1400,0.0153,-0.6931,0.0270,1.1812,0.6411,0.7646
0.5700,5.6855,0.6289,path,2.1971,5.1400,0.0166,-0.3900,0.4157,1.3716,0.5398,0.8290
0.4031,13.2223,1.5914,path,0.7305,5.2000,0.0229,-0.3516,0.1971,1.8164,1.1224,1.1447
0.3504,12.0286,0.1393,lateral,1.3164,5.2200,0.3504,-0.3216,0.1391,0.4872,0.2159,0.5081
0.2086,0.4823,0.2931,path,1.2162,5.2200,0.0066,-0.2061,0.0321,0.5721,0.2953,0.3300
0.8136,11.2358,0.1029,combined,2.3137,5.2400,0.8136,-0.5670,0.5835,1.1760,0.4600,0.3914
0.5411,7.2889,0.2753,combined,1.6906,5.2600,0.5411,0.0280,0.5404,1.5573,0.5850,1.5590
0.3340,7.3313,0.0538,straight,1.2685,5.2600,0.1645,0.3289,0.0584,1.4230,0.4855,1.3995
0.4368,4.7216,0.1564,turn,0.0000,5.2800,0.0000,nan,nan,0.3818,0.1554,1.4025
0.3703,1.3681,0.1293,straight,0.4172,5.3000,0.3674,-0.3629,0.0738,0.6243,0.1968,1.2586
0.6545,6.3767,0.1305,combined,1.6704,5.3200,0.6543,-0.6075,0.2434,0.6734,0.2621,1.4454
0.6089,11.2093,0.1373,combined,0.7209,5.3800,0.3174,0.3515,0.4972,1.1649,0.3082,1.1739
0.5903,38.8575,1.1984,path,2.4103,5.3800,0.0200,0.3813,0.4507,1.3714,0.8531,1.0079
0.3962,8.4927,0.7797,path,2.8641,5.4200,0.0159,0.0277,0.3953,1.2637,0.8330,0.7920
0.4483,1.8778,0.0526,turn,0.0000,5.4600,0.0000,nan,nan,0.9216,0.1762,0.6034
0.3571,11.1968,1.1456,path,2.3652,5.4600,0.0156,-0.1447,0.3265,1.3311,0.5839,0.7816
0.2424,37.9568,1.0890,path,2.2406,5.4600,0.0283,0.1362,0.2005,1.5530,0.9467,1.4107
0.2617,10.1505,0.1450,turn,0.0000,5.5200,0.0000,nan,nan,0.7470,0.1786,1.2806
0.5815,5.6219,0.0386,combined,2.0832,5.5200,0.5815,0.2561,0.5220,1.4740,0.5243,1.3050
0.4990,0.7877,0.0682,straight,1.3989,5.5400,0.4990,-0.4909,0.0897,0.4766,0.2007,1.4644
0.4264,1.9187,0.6971,path,1.3377,5.5400,0.0165,-0.2656,0.3335,1.1642,0.7296,0.8283
1.1487,8.8346,1.0636,path,0.9736,5.5400,0.0298,-1.1423,0.1212,1.1918,0.6422,1.4920
0.0856,4.8309,1.2550,path,2.8558,5.5800,0.0168,0.0545,0.0660,1.5059,0.8997,0.8408
0.9422,3.6129,1.2774,path,4.3553,5.5800,0.0255,-0.9367,0.1011,1.5903,0.9731,1.2701
1.5440,1.6191,1.2357,path,4.0767,5.6200,0.0255,-1.5420,0.0785,1.2248,0.7420,1.2823
0.4744,13.0835,0.0505,lateral,0.8688,5.6400,0.4737,-0.2943,0.3720,0.3824,0.1459,1.0542
0.3002,3.6729,0.2427,lateral,0.7672,5.6600,0.3002,-0.1487,0.2608,0.4079,0.1527,0.4782
0.4796,6.6410,0.1711,straight,1.9188,5.6600,0.2816,0.4620,0.1287,1.6294,0.5589,1.0644
0.2580,0.9945,0.5295,path,2.2059,5.6800,0.0078,-0.1073,0.2347,0.8980,0.4026,0.3879
0.8608,17.9597,0.7645,path,2.4956,5.6800,0.0255,-0.7096,0.4872,1.5983,0.7784,1.2724
0.4566,6.4284,0.0776,straight,1.8706,5.6800,0.4566,-0.4430,0.1105,0.6161,0.2811,1.4228
0.3197,5.3484,0.1444,turn,0.0000,5.7000,0.0000,nan,nan,0.2966,0.1127,0.5539
0.0441,0.9937,0.0062,stand,0.0000,5.7200,0.0000,nan,nan,0.1557,0.0307,1.4359
0.2357,4.4185,0.5999,path,2.7229,5.7200,0.0101,-0.1523,0.1799,0.7477,0.4872,0.5053
0.2939,1.5492,0.1580,turn,0.0000,5.7200,0.0000,nan,nan,0.6821,0.1356,1.2680
0.1914,1.4600,0.6447,path,1.7720,5.7400,0.0067,0.0488,0.1850,0.6832,0.3683,0.3340
0.4109,2.5267,0.0879,straight,0.3572,5.7800,0.3563,-0.4068,0.0576,0.3137,0.0893,0.9383
0.4146,11.8738,0.0773,combined,1.1377,5.8000,0.4112,-0.3207,0.2627,0.8243,0.2412,1.5804
0.0810,16.0343,0.9465,path,2.0125,5.8400,0.0096,-0.0481,0.0652,1.0891,0.5548,0.4778
0.3300,12.8148,0.0769,turn,0.0000,5.8600,0.0000,nan,nan,0.5267,0.1319,0.3258
0.6831,8.4679,0.4728,path,3.3391,5.8800,0.0314,-0.1405,0.6685,1.5750,1.0059,1.5623
0.3031,14.3310,0.0755,combined,1.5562,5.8800,0.3031,-0.0344,0.3012,1.2832,0.4300,0.5110
0.4251,5.9766,0.8389,path,4.5386,5.8800,0.0164,-0.4223,0.0486,1.5275,0.7723,0.8191
0.0369,7.6309,0.0103,stand,0.0000,5.8800,0.0000,nan,nan,0.2896,0.0376,0.3841
1.2577,4.1387,1.5088,path,2.9055,5.9000,0.0322,1.2266,0.2780,1.8287,1.1682,1.5926
0.2773,4.1496,0.9706,path,2.5372,5.9200,0.0102,-0.0546,0.2719,1.1960,0.5003,0.5076
0.4916,8.8322,0.1375,lateral,0.5360,5.9400,0.4571,-0.2739,0.4082,0.4770,0.1189,1.4272
0.5625,8.0358,0.8441,path,0.7423,5.9600,0.0202,-0.2787,0.4886,1.1794,0.6365,1.0126
0.5029,10.5149,0.0783,combined,1.8232,5.9800,0.5029,0.0084,0.5028,1.0727,0.4286,0.4338
0.7113,5.2993,0.9648,path,4.4838,6.0600,0.0165,-0.5091,0.4968,1.1720,0.7468,0.8287
0.2149,11.3138,1.0387,path,0.7877,6.0800,0.0166,-0.1747,0.1252,1.5245,0.8557,0.8316
1.1240,11.3576,0.5849,path,3.2783,6.0800,0.0251,0.9629,0.5799,1.7133,1.0784,1.2696
0.4450,3.1954,0.0400,combined,0.6909,6.1000,0.3345,0.4165,0.1568,0.9412,0.2679,1.3206
0.6644,5.8348,1.3315,path,2.7718,6.1400,0.0271,-0.6607,0.0704,1.4980,0.9966,1.3560
0.4560,6.2349,0.0254,lateral,1.0725,6.1400,0.4560,-0.4531,0.0518,0.4410,0.1607,1.4303
1.7315,5.7229,1.2831,path,2.8903,6.1600,0.0297,-1.3598,1.0720,1.4385,0.7492,1.4979
0.8484,2.1343,0.0613,stand,0.0000,6.1800,0.0000,nan,nan,0.8766,0.2049,1.4837
0.6348,9.3401,0.0610,combined,1.5873,6.2000,0.6348,-0.0688,0.6310,1.2974,0.3600,1.3017
0.2854,4.1679,0.0905,straight,1.1997,6.2000,0.2848,-0.2848,0.0195,0.4520,0.1867,0.3701
1.1823,8.4694,1.5282,path,2.5890,6.2200,0.0299,-0.7635,0.9027,1.7384,0.9669,1.5017
0.4401,8.9463,0.2315,combined,1.5739,6.2200,0.4401,-0.4292,0.0971,0.6214,0.2120,1.0677
0.2797,10.0816,0.1140,turn,0.0000,6.2400,0.0000,nan,nan,0.5294,0.1262,0.4237
0.0719,0.7309,0.0301,stand,0.0000,6.2400,0.0000,nan,nan,0.1500,0.0344,0.8898
0.5161,9.9416,0.0325,lateral,0.9326,6.2400,0.5115,-0.3393,0.3890,0.3692,0.1422,1.3424
0.3982,3.0001,0.0398,combined,0.1339,6.2600,0.1250,0.3752,0.1334,0.7316,0.1415,1.0654
0.4284,16.4135,0.0702,lateral,1.4522,6.2600,0.4284,-0.3961,0.1633,0.4912,0.1917,1.0532
0.4130,5.1885,0.5776,path,3.9283,6.2600,0.0133,0.0530,0.4095,1.4628,0.6846,0.6612
0.3284,10.6596,0.0602,combined,1.2240,6.2800,0.3284,-0.3283,0.0021,0.6065,0.2385,0.6244
0.1249,6.4161,0.9266,path,2.4001,6.3200,0.0114,-0.1197,0.0356,1.3481,0.5895,0.5750
0.4221,2.7711,0.0750,combined,1.2131,6.3200,0.4182,-0.4212,0.0275,0.5166,0.1761,0.6111
1.1372,9.8270,0.2409,path,1.9834,6.3200,0.0284,-1.1363,0.0460,1.0840,0.4678,1.4169
0.3519,1.7319,0.1226,combined,1.7116,6.3600,0.3488,-0.2785,0.2151,0.6592,0.2989,0.0000
0.3602,0.5268,1.0522,path,0.4975,6.3800,0.0214,-0.1178,0.3404,1.3602,0.9066,1.0703
0.4575,13.4667,0.6098,path,2.5344,6.4000,0.0122,0.4408,0.1226,1.3549,0.7316,0.6089
0.5984,0.4596,0.0774,straight,1.9986,6.4000,0.5984,-0.5490,0.2379,0.6136,0.2729,0.6701
0.7548,25.0701,0.7790,path,2.8291,6.4200,0.0271,-0.3968,0.6421,1.4524,0.8469,1.3491
0.4915,3.0316,0.0243,combined,0.4598,6.4200,0.3646,-0.1177,0.4772,0.7942,0.1832,1.3112
0.3536,4.9591,0.0546,turn,0.0000,6.4400,0.0000,nan,nan,0.2495,0.0944,0.6451
0.3813,8.7398,0.1007,lateral,0.4369,6.4400,0.3438,-0.1901,0.3306,0.3499,0.1108,1.0367
0.2568,1.0683,0.9581,path,3.9925,6.4600,0.0214,0.2076,0.1511,1.4617,1.0145,1.0659
0.0387,0.3343,0.0288,stand,0.0000,6.4800,0.0000,nan,nan,0.3071,0.0376,0.8345
0.2890,3.4978,0.1117,straight,0.3419,6.4800,0.0451,0.2883,0.0192,0.9113,0.2238,1.4568
0.3563,2.2716,0.1660,combined,0.6737,6.4800,0.2561,0.3519,0.0562,0.7688,0.2525,0.4895
0.9850,23.7891,0.9140,path,5.9492,6.4800,0.0237,-0.9565,0.2349,1.6518,0.9778,1.1836
0.1940,4.5419,0.6652,path,5.6834,6.5000,0.0179,0.0234,0.1926,1.5499,0.9019,0.8894
0.3444,2.8857,0.7677,path,4.5468,6.5000,0.0161,-0.1974,0.2822,1.4106,0.7705,0.8029
1.7848,15.4743,1.5700,path,10.1317,6.5000,0.0364,-1.7536,0.3324,1.7966,1.3054,1.5737
0.3484,2.3729,0.5232,path,2.5498,6.5000,0.0113,-0.0312,0.3470,1.3059,0.6280,0.5656
0.4161,12.1040,0.6379,path,2.0239,6.5200,0.0186,0.1965,0.3667,1.3061,0.6812,0.9227
0.4108,3.5583,0.0407,straight,1.6080,6.5200,0.4108,-0.4068,0.0568,0.5724,0.2315,0.9965
0.4494,3.5720,0.0963,combined,1.6892,6.5400,0.4494,-0.4319,0.1241,0.8272,0.2922,0.7597
0.4152,4.3493,0.1283,turn,0.0000,6.5400,0.0000,nan,nan,0.3833,0.1258,0.4961
0.5791,2.2941,0.0584,straight,1.5264,6.5400,0.0306,0.5747,0.0711,1.8390,0.5257,1.2055
0.4818,8.6287,0.7468,path,1.8623,6.5800,0.0075,0.3761,0.3010,1.1749,0.5114,0.3725
0.4407,2.0885,0.1084,turn,0.0000,6.5800,0.0000,nan,nan,0.3517,0.1322,0.4197
0.3365,2.3553,0.1256,combined,1.3633,6.5800,0.3303,-0.1602,0.2960,0.6225,0.2035,1.1764
0.0108,1.1099,0.0315,stand,0.0000,6.6000,0.0000,nan,nan,0.1142,0.0302,1.2099
0.5112,4.4412,0.1051,combined,1.8065,6.6200,0.5112,-0.4923,0.1378,0.5467,0.2215,0.3800
0.4555,3.0662,0.0516,combined,2.0822,6.6400,0.4555,-0.4549,0.0224,0.6162,0.2633,0.7347
0.6283,14.8950,0.0238,straight,1.8354,6.6400,0.3109,0.5608,0.2835,1.5821,0.5056,0.6228
0.5866,10.8345,1.3976,path,1.6406,6.6600,0.0225,0.5801,0.0868,1.9194,1.2614,1.1242
0.4060,4.6619,0.0083,straight,0.2767,6.6800,0.0076,0.4030,0.0495,1.1532,0.2623,0.4444
0.5170,0.4490,0.4498,path,4.9396,6.6800,0.0210,-0.4933,0.1546,1.4516,0.8765,1.0505
0.1629,9.2729,0.3228,path,2.0144,6.7400,0.0108,0.0329,0.1595,0.9647,0.4884,0.5388
0.4895,15.0467,0.2272,path,2.2785,6.7600,0.0068,-0.0669,0.4849,0.8350,0.3664,0.3367
0.3745,8.8198,0.0195,combined,1.9141,6.7800,0.0987,0.3695,0.0609,1.2605,0.4119,0.3924
0.1476,7.0127,0.0495,straight,1.2586,6.7800,0.1476,-0.1456,0.0242,0.4917,0.2037,0.7219
0.9792,58.6696,0.1224,path,5.9233,6.8000,0.0220,0.6730,0.7113,1.7512,0.9931,1.0942
0.8957,12.3827,0.1511,path,2.8987,6.8000,0.0319,-0.8882,0.1156,1.2731,0.6819,1.5970
0.1339,1.1081,0.6155,path,1.4542,6.8400,0.0073,-0.0423,0.1270,0.8478,0.4834,0.4940
0.3490,5.0190,0.1504,straight,1.0526,6.8400,0.3459,-0.3291,0.1160,0.3699,0.1560,0.3890
0.5590,4.4879,0.7517,path,2.2441,6.8400,0.0128,0.5560,0.0577,1.4044,0.7239,0.6397
1.2201,7.3041,0.7398,path,0.3109,6.8400,0.0288,-1.0122,0.6811,1.1206,0.6992,1.4388
0.5537,0.0825,0.8089,path,1.9036,6.8800,0.0252,-0.5523,0.0386,1.2748,0.6904,1.2593
0.6402,6.6229,1.0216,path,1.8774,6.9000,0.0287,-0.6004,0.2223,1.4102,0.8112,1.4391
0.6113,24.4687,0.1612,combined,1.4749,7.0200,0.6113,-0.4770,0.3823,0.4898,0.1885,0.8578
0.2625,1.6718,0.4355,path,2.5407,7.0200,0.0132,-0.2318,0.1231,1.2825,0.5648,0.6579
0.8226,14.8895,1.4107,path,1.5036,7.0200,0.0259,-0.0994,0.8166,1.5794,0.9693,1.3055
0.5259,3.8042,0.1062,lateral,1.2563,7.0400,0.5195,-0.4602,0.2545,0.4960,0.1565,1.2381
0.1128,5.4300,0.4098,path,2.7244,7.0400,0.0080,-0.0090,0.1124,1.2479,0.4293,0.3972
1.2073,17.1346,0.4984,path,4.0799,7.0600,0.0242,-0.9886,0.6930,1.4880,0.8154,1.2097
0.3496,1.4088,0.1427,straight,1.8891,7.1200,0.3496,-0.2916,0.1928,0.6180,0.2663,0.4251
1.4238,7.3429,0.6586,path,2.2350,7.1400,0.0288,-1.4220,0.0712,1.1594,0.5132,1.4401
0.5837,9.7429,1.1423,path,6.6002,7.1600,0.0219,-0.5837,0.0051,1.3362,0.9543,1.0926
0.3930,0.9212,0.0562,lateral,1.4080,7.1800,0.3930,-0.1914,0.3432,0.4938,0.1898,1.2703
0.4375,10.5748,0.0346,straight,0.6966,7.1800,0.1239,0.4138,0.1421,1.0735,0.2508,0.7030
0.4623,11.4679,0.6811,path,6.2202,7.2000,0.0201,-0.4615,0.0282,1.4046,0.8909,1.0060
0.4664,0.0985,0.7069,path,2.9025,7.2000,0.0197,-0.3327,0.3268,1.2789,0.7497,0.9842
0.4180,18.6495,0.6141,path,4.5784,7.2200,0.0137,0.3999,0.1219,1.6284,0.7783,0.6844
0.0752,1.0440,0.0188,stand,0.0000,7.2400,0.0000,nan,nan,0.1348,0.0364,0.6101
1.2189,5.2360,0.4201,path,2.6986,7.2800,0.0324,0.7539,0.9578,1.8520,0.9890,1.5958
1.1166,5.0964,0.4625,path,1.0515,7.3000,0.0280,-0.0467,1.1156,1.3232,0.7499,1.4022
0.2617,6.6277,0.0716,straight,1.6505,7.3200,0.1068,0.2601,0.0290,1.5249,0.4219,0.3949
0.4558,13.3149,0.6819,path,3.9056,7.3200,0.0111,0.0296,0.4548,1.0835,0.5764,0.5522
0.1170,1.9454,0.0374,stand,0.0000,7.3200,0.0000,nan,nan,0.2382,0.0473,1.0367
0.4152,1.9868,0.0692,straight,0.6703,7.4000,0.4097,-0.4150,0.0141,0.5043,0.1274,0.9855
0.2164,1.2520,0.0379,turn,0.0000,7.4200,0.0000,nan,nan,0.7270,0.1275,1.2213
0.6104,7.9851,0.1246,lateral,1.0357,7.4400,0.5488,0.0473,0.6086,0.5864,0.2000,0.3340
0.2072,2.0765,0.1639,combined,1.5555,7.4400,0.2072,-0.1200,0.1690,0.6332,0.2248,0.9853
0.4901,3.5466,0.5457,path,0.8535,7.4400,0.0193,-0.4792,0.1027,1.5041,0.8508,0.9637
0.5050,12.3239,0.3245,path,2.4256,7.4400,0.0100,-0.0554,0.5019,0.6948,0.3800,0.4998
0.1163,5.2577,0.4426,path,2.8005,7.4600,0.0104,0.0237,0.1139,1.0572,0.5344,0.5212
1.6294,5.8109,1.3639,path,2.2069,7.4600,0.0303,0.0095,1.6294,1.9101,0.9088,1.5287
0.8906,31.6428,0.2079,path,5.2476,7.4800,0.0175,-0.8594,0.2337,1.4381,0.7364,0.8767
0.4411,4.2406,0.0501,straight,0.2570,7.5000,0.1106,0.4407,0.0183,0.6770,0.1619,0.6793
0.3110,18.2588,0.1226,path,3.2234,7.5200,0.0082,0.0574,0.3057,1.3277,0.4953,0.4564
0.1287,1.1986,0.9698,path,1.2564,7.5400,0.0163,0.0172,0.1276,1.2668,0.7669,0.8091
0.4886,3.8850,0.2163,combined,2.2908,7.5400,0.4886,-0.3726,0.3161,1.0178,0.3157,1.4567
0.3657,4.6533,0.0878,combined,1.1179,7.5400,0.1878,0.3655,0.0126,1.4263,0.3797,0.4688
0.3680,6.4068,0.0149,turn,0.0000,7.5400,0.0000,nan,nan,0.2835,0.1113,1.2314
0.3662,3.7709,0.0363,straight,0.4615,7.5600,0.0762,0.1430,0.3371,0.8118,0.2318,0.3620
0.4354,0.2059,0.1296,turn,0.0000,7.5600,0.0000,nan,nan,0.3128,0.1138,1.4207
0.1920,4.8206,0.2574,path,4.2788,7.5800,0.0120,0.1654,0.0975,1.1490,0.6150,0.5967
0.4733,2.2380,0.1132,combined,2.0333,7.5800,0.4681,-0.4401,0.1743,0.5959,0.2274,0.0000
0.0750,2.2342,0.0601,stand,0.0000,7.5800,0.0000,nan,nan,0.1436,0.0409,1.2560
1.0019,6.5877,0.8687,path,2.7898,4.2000,0.0275,-0.4051,0.9163,1.5630,0.8746,1.3948
0.3147,3.2502,0.1100,lateral,1.0361,7.6000,0.3018,-0.0854,0.3029,0.5010,0.1513,0.4223
0.6290,5.6330,0.4761,path,1.6419,7.6200,0.0167,0.0570,0.6264,1.3284,0.5783,0.8352
1.2845,10.5443,0.9457,path,1.7673,7.6600,0.0209,1.0719,0.7079,1.5834,0.6223,1.0511
0.2731,0.6677,0.0540,turn,0.0000,7.6800,0.0000,nan,nan,0.6752,0.1406,0.9364
0.3672,0.7525,0.0873,combined,1.2104,7.7400,0.3625,0.0801,0.3583,0.5595,0.1894,0.3376
0.2423,7.3835,0.2887,path,5.3833,7.7400,0.0161,-0.1884,0.1524,1.5029,0.7493,0.8064
0.1636,0.2459,0.0961,straight,1.1500,7.7800,0.1611,-0.1528,0.0586,0.4681,0.1800,1.2321
0.5517,11.8856,0.7999,path,6.6608,7.8200,0.0238,-0.5429,0.0979,1.5394,1.0437,1.1899
0.5001,3.1061,1.1690,path,0.6602,7.8200,0.0189,0.4151,0.2789,1.5104,1.0639,0.9444
0.3562,5.4256,0.0203,turn,0.0000,7.8600,0.0000,nan,nan,0.4985,0.1096,1.3728
0.5613,10.5780,0.9993,path,3.1544,7.8600,0.0203,0.5603,0.0331,1.6781,1.0963,1.0158
0.4052,4.3744,1.0576,path,4.5390,7.8600,0.0203,-0.3713,0.1624,1.1719,0.7819,1.0152
1.5049,4.9596,1.4257,path,5.6596,7.8600,0.0302,-1.4786,0.2800,1.7939,1.1071,1.5141
0.4762,5.7398,0.1503,straight,0.3495,7.8600,0.0345,0.2895,0.3782,0.9488,0.2640,1.0319
0.0785,1.5920,0.0754,stand,0.0000,7.8800,0.0000,nan,nan,0.2248,0.0520,1.1369
0.0393,1.9152,0.0372,stand,0.0000,7.8800,0.0000,nan,nan,0.1757,0.0261,1.4882
0.3250,0.7663,0.0789,straight,1.4832,7.9000,0.1335,0.3249,0.0080,1.5478,0.3643,0.6879
0.1324,3.5570,0.9745,path,3.7231,7.9000,0.0180,-0.0157,0.1314,1.3558,0.8557,0.8948
0.7170,4.9260,0.6162,path,1.9750,7.9200,0.0048,0.6531,0.2958,1.4153,0.6490,0.5470
0.0573,4.4256,0.8179,path,1.5299,7.9400,0.0167,-0.0573,0.0016,1.3221,0.8104,0.8358
0.1299,5.5380,0.0682,lateral,1.2105,7.9600,0.1279,-0.0796,0.1026,0.4907,0.1778,0.9177
1.1856,16.0331,0.9891,path,7.3134,7.9600,0.0259,-0.9618,0.6931,1.4810,1.0583,1.2961
0.5040,18.4079,0.3241,path,2.4711,4.1200,0.0123,-0.1288,0.4873,1.1477,0.6903,0.6167
0.0567,2.5429,0.0511,stand,0.0000,4.2000,0.0000,nan,nan,0.2696,0.0467,1.5612
0.2986,10.3883,0.2761,path,2.3962,4.3400,0.0113,-0.2342,0.1852,0.9824,0.5511,0.5674
0.3547,7.9177,0.0983,lateral,0.9359,4.5600,0.3547,-0.3386,0.1058,0.3887,0.1491,0.7074
0.4656,7.7125,0.0318,lateral,0.8814,4.3400,0.4538,-0.3050,0.3518,0.4405,0.1761,0.8859
0.6261,15.9410,0.0299,lateral,1.2987,4.1400,0.6261,-0.5992,0.1813,0.4164,0.1922,0.5794
0.4255,2.0546,0.1384,lateral,0.0744,4.2000,0.0669,-0.0802,0.4179,0.3340,0.1385,1.4466
0.1057,0.4492,0.5823,path,1.9419,4.1800,0.0095,-0.0898,0.0558,0.7258,0.4491,0.4729
1.0797,4.0177,1.5768,path,2.0974,4.3800,0.0291,-1.0475,0.2615,1.5987,0.8950,1.4588
1.7387,20.9953,0.1513,path,3.4579,5.0600,0.0313,-1.0661,1.3735,1.6537,0.6567,1.5669
0.2693,7.0577,0.1263,turn,0.0000,4.6800,0.0000,nan,nan,0.7366,0.2532,0.6207
0.6606,8.4476,1.5151,path,2.4298,5.3200,0.0121,0.4428,0.4902,1.4867,0.7768,0.6066
0.2434,2.7327,1.0463,path,3.1279,5.3400,0.0120,-0.1060,0.2191,1.4247,0.5947,0.6028
0.6218,5.1564,1.3515,path,4.4440,5.3000,0.0211,-0.4362,0.4430,1.4734,0.9965,1.0600
0.8383,149.6905,0.9376,path,2.3608,4.0400,0.0128,0.3344,0.7688,1.3001,0.7424,0.6377
0.4666,4.5343,0.0288,straight,0.1404,4.1200,0.1404,-0.4574,0.0927,0.2438,0.1209,1.1739
0.8237,7.8865,1.0301,path,4.2961,5.2400,0.0209,-0.4476,0.6915,1.3892,0.8005,1.0561
0.0803,4.3112,0.4823,path,1.6496,5.4800,0.0060,0.0414,0.0688,1.3430,0.3857,0.3009
0.1273,8.1959,0.2515,path,0.4617,5.3600,0.0134,0.1252,0.0229,1.6646,0.8590,0.6710
1.0968,20.0374,0.4281,path,2.6301,4.9600,0.0284,1.0239,0.3931,1.6873,0.8193,1.4293
1.0966,22.8691,0.8361,path,6.2524,4.7800,0.0316,-1.0820,0.1785,1.7356,1.2076,1.5792
0.7828,13.9303,1.0185,path,4.4418,5.2200,0.0295,0.5791,0.5267,1.8835,1.2256,1.4690
0.5938,7.4729,0.1389,lateral,1.2255,5.5600,0.5938,-0.5366,0.2543,0.4393,0.1560,0.9872
0.5539,8.0253,0.0936,combined,1.6134,5.1800,0.5539,-0.5539,0.0007,0.4541,0.2370,1.1885
0.8372,4.3356,0.3767,path,1.7023,5.6200,0.0279,-0.8159,0.1877,1.0247,0.5905,1.3967
0.2512,4.6641,0.0477,lateral,0.8640,5.3400,0.2377,-0.2360,0.0860,0.4375,0.1487,1.0488
0.2684,4.3734,0.7237,path,2.3446,5.0800,0.0103,0.1237,0.2382,1.3436,0.8525,0.7409
0.3133,4.8879,1.3714,path,0.7341,5.9400,0.0187,0.1537,0.2730,1.4664,0.9788,0.9307
0.5304,6.0551,0.7726,path,4.5165,5.6400,0.0202,-0.4990,0.1799,1.6400,0.8733,1.0109
0.5391,2.6800,0.3188,path,3.0036,4.1400,0.0240,-0.5254,0.1207,1.6472,1.0056,1.1989
0.1393,0.9643,0.1532,turn,0.0000,4.7200,0.0000,nan,nan,0.4731,0.1129,1.5590
0.4358,0.5709,0.1516,turn,0.0000,4.1400,0.0000,nan,nan,0.5490,0.1624,0.3258
0.9591,14.4483,1.2185,path,3.8538,4.2800,0.0331,-0.9165,0.2824,1.3102,0.9350,1.2276
0.9704,34.5925,0.3861,path,4.0482,5.0600,0.0184,-0.8503,0.4676,1.3823,0.6896,0.9218
0.4982,6.2551,0.1519,combined,1.7330,5.4200,0.4982,0.0184,0.4979,1.1806,0.3961,0.8495
0.1415,12.0838,0.2942,path,1.6430,4.1600,0.0098,-0.1007,0.0994,1.3428,0.6910,0.4922
0.1938,3.1605,0.6426,path,2.7340,4.2800,0.0014,-0.0287,0.1916,0.9167,0.6881,0.6782
0.0172,4.9395,0.0444,stand,0.0000,5.4400,0.0000,nan,nan,0.2002,0.0438,0.7148
0.3234,2.8867,1.0362,path,2.7264,6.2400,0.0097,-0.3234,0.0000,1.3045,0.6786,0.7338
0.2566,5.6730,1.0220,path,3.2022,5.6600,0.0115,-0.2181,0.1351,1.4027,0.5507,0.5726
0.5148,1.6146,0.1951,straight,1.5135,5.0800,0.0279,0.5009,0.1188,1.7579,0.5947,1.4025
0.1202,0.1020,0.3771,stand,0.0000,5.4000,0.0000,nan,nan,0.3441,0.0591,0.3338
0.2596,8.0200,0.1005,turn,0.0000,6.2400,0.0000,nan,nan,0.3588,0.0981,0.8089
0.1538,1.7361,0.1956,path,1.9667,6.2400,0.0135,-0.0114,0.1534,1.2903,0.5188,0.6725
0.2752,16.3241,0.1189,turn,0.0000,5.0000,0.0000,nan,nan,0.3678,0.0957,1.2806
0.3343,2.7696,0.0299,straight,0.6493,6.4200,0.3342,-0.3326,0.0338,0.2193,0.0899,1.1064
0.5682,0.0280,0.0525,straight,0.9014,4.9400,0.5682,-0.5661,0.0495,0.2609,0.1133,1.0542
0.5659,3.1735,0.2898,combined,1.3664,4.0400,0.5659,-0.2704,0.4972,0.6911,0.3055,0.4961
0.4512,4.7012,0.2534,combined,1.6566,6.1800,0.4512,0.3535,0.2803,1.3504,0.4354,0.4479
0.0576,0.4782,0.0207,stand,0.0000,4.0400,0.0000,nan,nan,0.3165,0.0525,1.2055
0.7093,8.0420,0.4208,path,1.9229,5.1800,0.0213,-0.3602,0.6110,0.9052,0.5109,1.0720
0.5343,12.1201,0.1227,combined,1.0265,5.0800,0.5343,0.2315,0.4815,1.1100,0.3637,1.3050
0.5634,1.6975,0.1388,combined,0.9495,4.9000,0.5634,0.0285,0.5627,1.1188,0.3340,1.4359
0.6314,2.6955,0.7755,path,2.6918,4.7800,0.0162,-0.5565,0.2982,1.2866,0.5796,0.8116
0.3858,6.8502,0.1037,path,2.3639,4.4400,0.0108,0.0531,0.3821,1.6845,0.6267,0.5411
0.4819,5.2046,0.0542,stand,0.0000,5.5800,0.0000,nan,nan,0.7273,0.1308,0.3482
0.4400,6.5223,1.1049,path,0.9729,5.1600,0.0293,-0.4394,0.0232,1.2249,0.8535,1.4619
0.5532,4.2090,0.0561,lateral,0.4992,4.9200,0.4861,-0.3519,0.4268,0.2856,0.1274,0.9383
0.0751,1.1676,0.0152,stand,0.0000,4.3400,0.0000,nan,nan,0.2811,0.0553,0.6701
0.6964,11.3190,0.6200,path,3.0937,5.5800,0.0034,0.6876,0.1105,1.9115,1.2043,0.8375
0.2805,1.5345,0.1992,combined,0.8217,6.4200,0.2770,0.1237,0.2517,1.0061,0.2265,1.2013
0.5131,7.8059,0.0934,combined,1.3935,6.6400,0.4802,-0.5016,0.1084,0.4951,0.1770,1.0879
0.0553,5.9827,0.0193,stand,0.0000,4.3400,0.0000,nan,nan,0.3851,0.0521,1.4568
0.4161,2.3863,1.1101,path,2.3483,4.5200,0.0225,-0.4156,0.0209,1.4008,0.8432,1.1302
0.3910,3.6578,0.1572,combined,0.2576,6.4800,0.2570,-0.3882,0.0466,0.2178,0.0843,0.0000
0.3085,17.1466,0.4611,path,2.1846,6.6400,0.0067,0.2971,0.0831,1.0118,0.4295,0.3349
0.3995,5.3859,0.5554,path,2.8139,4.8200,0.0128,-0.1723,0.3605,1.3822,0.7561,0.6402
0.3567,3.6220,0.0878,straight,1.3803,4.3800,0.0153,0.3565,0.0113,1.2074,0.4434,0.9965
0.2919,3.4940,0.0662,turn,0.0000,6.5600,0.0000,nan,nan,0.4017,0.0960,0.6779
0.2067,0.8882,0.4773,path,2.3435,6.4400,0.0074,0.0141,0.2062,1.0991,0.4170,0.3690
0.6300,19.8812,0.3940,path,1.7493,6.4200,0.0210,-0.4868,0.4000,1.1586,0.5264,1.0509
0.5260,8.0446,0.0376,lateral,0.8975,6.1400,0.5231,-0.4527,0.2678,0.3474,0.1192,0.6282
1.0815,3.6943,1.4368,path,1.2221,5.1000,0.0292,-0.0193,1.0813,1.6818,0.9143,1.4552
0.5889,1.8317,0.6317,path,1.3316,4.5800,0.0199,-0.4071,0.4255,1.0912,0.6128,0.9914
0.1380,3.2570,0.0243,stand,0.0000,5.9000,0.0000,nan,nan,0.4594,0.0768,0.3931
0.4923,2.6071,0.0423,straight,1.9830,5.7000,0.4923,-0.4922,0.0095,0.6554,0.2832,1.4454
1.6746,20.0251,0.0923,path,5.0625,5.4600,0.0291,-1.4522,0.8338,1.5935,0.8661,1.4529
0.6399,5.3662,0.1313,combined,1.3187,6.0400,0.6363,-0.6254,0.1355,0.3958,0.1434,1.4919
0.3658,7.3035,0.3247,path,2.3217,6.5000,0.0148,-0.3257,0.1666,1.1055,0.5965,0.7408
0.6700,0.3343,1.1788,path,6.4063,5.4800,0.0282,-0.6554,0.1393,1.8319,1.2543,1.4098
0.3056,4.3297,0.0636,turn,0.0000,4.9200,0.0000,nan,nan,0.3920,0.1000,1.0654
0.1694,5.4197,0.4674,path,1.9585,5.1200,0.0077,-0.1378,0.0985,0.8436,0.4072,0.3869
0.2975,0.8211,0.1471,lateral,0.6122,6.5200,0.2972,-0.2562,0.1512,0.2986,0.1000,1.2707
0.4306,1.2432,0.4238,path,2.7696,4.7200,0.0122,-0.4100,0.1315,1.3642,0.5707,0.6097
0.1837,8.8748,0.4863,path,4.7937,7.2200,0.0141,0.0887,0.1608,1.1194,0.7022,0.7032
0.2728,10.1642,1.4550,path,2.4992,5.5400,0.0293,-0.0006,0.2728,1.5880,1.1851,1.4609
1.0536,1.3903,0.6779,path,1.4372,5.3600,0.0239,-0.5315,0.9097,0.9812,0.4906,1.1923
0.5309,4.8623,1.4638,path,1.0961,6.2800,0.0306,-0.4020,0.3469,1.7359,1.0124,1.5257
0.9286,1.5515,0.9985,path,0.6797,5.6400,0.0269,0.9200,0.1261,1.5150,0.8135,1.3621
0.2382,0.5859,1.1703,path,3.9758,4.4800,0.0212,-0.1919,0.1411,1.4530,1.0612,1.0660
1.0876,9.3877,1.2573,path,6.0708,6.6200,0.0230,-1.0873,0.0246,1.6458,0.9536,1.1455
0.2282,1.2567,0.3380,path,2.1699,7.0800,0.0040,0.1189,0.1948,0.7200,0.3433,0.3138
0.9089,2.4616,1.2248,path,5.5779,6.2600,0.0278,-0.6789,0.6044,1.5900,1.1390,1.3889
0.3092,18.3789,0.3373,path,1.4688,4.5800,0.0086,-0.0210,0.3085,1.2706,0.5307,0.4278
0.3251,0.7160,0.1983,turn,0.0000,7.2200,0.0000,nan,nan,0.6725,0.1736,1.0541
0.3685,0.2068,0.1346,lateral,0.2115,5.8400,0.2027,-0.0542,0.3645,0.3093,0.1203,1.0644
0.2283,0.6773,0.1021,combined,0.4315,7.4000,0.2113,-0.0717,0.2167,0.6777,0.1334,1.3478
0.4452,3.2699,0.0564,turn,0.0000,4.0200,0.0000,nan,nan,0.3718,0.1509,0.6793
0.3500,0.6929,0.1022,straight,0.5638,5.7200,0.0093,0.3254,0.1290,0.9992,0.3120,1.5804
1.4564,1.9778,1.7974,path,4.0111,4.0600,0.0221,-1.3782,0.4708,1.6924,0.7716,1.1290
0.4541,0.8880,0.2194,lateral,1.1054,7.3800,0.4502,-0.1263,0.4362,0.4876,0.1612,1.4173
0.6107,2.9387,0.0475,combined,1.3471,6.5000,0.6107,-0.5180,0.3235,0.4840,0.1676,0.6776
0.4063,10.0763,1.2960,path,3.1642,6.8400,0.0113,0.3455,0.2137,1.5112,0.9355,0.8783
0.1968,7.8781,0.6012,path,0.8170,7.2800,0.0034,-0.0755,0.1817,1.3945,0.9559,0.9155
0.5163,4.6310,0.1718,straight,1.1826,4.0600,0.5160,-0.5162,0.0074,0.4162,0.1988,1.4207
0.4285,10.6639,0.1410,lateral,0.7245,5.2000,0.4238,-0.3196,0.2854,0.3529,0.1198,0.6451
0.3304,16.4080,0.0646,combined,1.2099,5.4400,0.3304,-0.3298,0.0188,0.5152,0.2164,0.4237
0.5046,0.1505,0.1473,turn,0.0000,7.0600,0.0000,nan,nan,0.8064,0.1253,1.2472
0.7027,2.9431,1.1212,path,6.6939,6.3000,0.0260,-0.1342,0.6898,1.6544,1.1551,1.3053
0.0617,1.9563,0.0348,stand,0.0000,6.5600,0.0000,nan,nan,0.2395,0.0814,1.4759
0.5360,3.0593,0.0645,straight,1.7484,5.3800,0.0789,0.5358,0.0149,1.7556,0.5701,0.6111
0.4921,1.7553,0.0283,combined,1.5953,5.3400,0.4919,-0.4780,0.1167,0.4388,0.2212,0.0000
0.1114,1.5983,1.0667,path,1.7100,4.9200,0.0069,-0.0050,0.1113,1.3427,0.7543,0.8172
0.5073,1.9185,0.1016,combined,2.0830,7.7200,0.5073,-0.5022,0.0715,0.6784,0.2659,0.6316
0.3954,3.7663,0.0349,straight,0.4113,6.6600,0.0878,0.3951,0.0165,0.7119,0.1892,1.2871
0.2397,4.6334,0.7840,path,1.3764,7.6000,0.0142,0.2395,0.0100,1.0577,0.7330,0.7108
0.0303,0.0038,0.0331,stand,0.0000,5.2000,0.0000,nan,nan,0.1314,0.0337,1.1764
0.6016,1.2980,1.0692,path,2.9713,4.2600,0.0242,-0.5521,0.2390,1.3357,1.0398,1.2073
0.1854,2.3929,0.4748,path,2.8169,7.5200,0.0124,-0.0333,0.1823,1.2001,0.6088,0.6213
0.4461,3.8347,0.0766,combined,1.2771,5.7400,0.4421,-0.4412,0.0663,0.6804,0.1983,1.3206
0.3610,1.5242,0.1102,turn,0.0000,5.5600,0.0000,nan,nan,0.6020,0.1310,0.6244
0.3592,8.6534,0.0430,straight,0.6890,7.5200,0.0785,0.2886,0.2139,1.0843,0.2766,1.1584
0.0508,4.4292,0.8919,path,4.8258,7.8000,0.0154,-0.0407,0.0304,1.5582,0.8841,0.8387
0.7840,7.6722,0.8217,path,3.8495,5.2600,0.0170,0.7560,0.2077,1.5879,1.1088,1.1927
0.5315,3.7929,0.0843,combined,1.7854,7.2600,0.5283,-0.5131,0.1385,0.5191,0.2057,0.3612
0.4660,1.6995,0.1916,turn,0.0000,7.5200,0.0000,nan,nan,0.7373,0.1209,0.9766
0.3298,18.8276,1.2172,path,3.3535,5.4800,0.0194,-0.0331,0.3281,1.4739,0.9286,0.9733
0.5538,1.5186,0.0353,combined,1.3245,5.3800,0.5538,-0.5423,0.1123,0.5432,0.2206,0.3800
0.5170,7.9136,0.1086,combined,1.8703,6.6000,0.5170,0.0320,0.5160,1.0891,0.3872,0.6034
0.3367,9.8234,0.1026,combined,1.1676,5.8600,0.3342,0.0638,0.3306,0.9280,0.2696,0.3701
0.6585,2.0069,1.3803,path,2.2477,5.5600,0.0268,-0.5467,0.3672,1.6308,0.9911,1.3426
0.5220,0.2637,0.2959,combined,2.0583,4.9600,0.0537,0.5213,0.0270,1.7722,0.6937,0.4251
0.4574,17.7953,0.1807,combined,0.9320,5.8400,0.4574,-0.3238,0.3230,0.3533,0.1289,1.0532
0.3282,0.6073,0.0320,lateral,0.6347,7.4000,0.2787,0.0717,0.3203,0.3834,0.1325,0.5101
0.3964,6.7358,0.0279,combined,1.6513,6.4200,0.3954,0.3419,0.2006,1.5829,0.4264,1.2680
0.5190,28.1754,0.1911,path,3.2177,7.0200,0.0283,0.5166,0.0499,1.7588,1.1184,1.5938
0.4727,6.1990,0.6603,path,3.4909,6.0200,0.0120,-0.4474,0.1525,1.3435,0.5881,0.6024
0.3908,0.9203,0.5302,path,1.6284,5.4400,0.0166,0.3223,0.2211,1.6807,1.0194,0.8296
0.2718,4.3495,0.2040,lateral,1.0604,5.4000,0.2718,-0.1862,0.1981,0.5026,0.1771,0.3890
1.9077,70.3258,0.2449,path,5.4565,4.7200,0.0246,-1.7381,0.7864,1.6225,0.8225,1.2317
0.0698,15.6928,0.8838,path,2.9315,5.7400,0.0229,-0.0545,0.0437,1.5787,1.1339,1.1354
0.3339,11.3427,0.9268,path,2.7973,5.7000,0.0209,-0.2035,0.2647,1.4547,0.8346,1.0423
0.4476,13.9318,0.2107,combined,1.9819,6.1600,0.4476,-0.0803,0.4403,1.4211,0.5119,1.4303
0.3174,3.4367,0.0959,turn,0.0000,6.0800,0.0000,nan,nan,0.2561,0.1000,1.0677
0.2716,6.6126,0.1286,lateral,0.0584,7.4000,0.0584,-0.2056,0.1775,0.2372,0.0991,0.5331
0.4229,7.5754,0.0325,turn,0.0000,5.9000,0.0000,nan,nan,0.4662,0.1595,1.3112
0.5796,7.3546,0.4549,path,2.3199,5.1400,0.0137,-0.2650,0.5155,1.3100,0.6395,0.6851
0.3092,9.4256,0.0466,lateral,1.2059,7.1200,0.3066,-0.1691,0.2589,0.4496,0.1640,0.5081
0.2948,3.0706,0.0548,turn,0.0000,7.0600,0.0000,nan,nan,0.5273,0.1647,1.2586
1.6783,19.3191,0.1909,path,3.1508,7.8800,0.0298,-1.6621,0.2327,1.2826,0.4476,1.4941
0.3724,3.3250,0.0498,lateral,0.2448,4.5200,0.2373,-0.2902,0.2334,0.3014,0.1028,1.4882
0.8440,1.8960,0.8785,path,6.2895,7.3800,0.0201,-0.7996,0.2702,1.1543,0.8778,1.0031
0.8955,2.1201,1.5782,path,2.2415,7.5600,0.0314,-0.8728,0.2004,1.8439,1.2691,1.5729
0.2867,3.7688,0.0730,turn,0.0000,6.7400,0.0000,nan,nan,0.3700,0.0988,1.4228
0.3612,5.5825,0.0506,turn,0.0000,6.7400,0.0000,nan,nan,0.2856,0.1015,0.5539
0.4227,3.6370,0.1710,turn,0.0000,6.2600,0.0000,nan,nan,0.5787,0.1174,1.3017
0.4146,9.0787,0.2607,combined,1.7639,5.6800,0.4146,-0.2994,0.2867,0.6651,0.2895,0.7219
0.5086,9.9177,0.0548,lateral,0.1515,6.5400,0.1380,0.3263,0.3902,0.3112,0.1226,1.4272
0.1463,6.2857,0.0322,turn,0.0000,6.6200,0.0000,nan,nan,0.2079,0.0719,0.5110
0.2342,4.1539,0.0392,lateral,0.4638,7.3000,0.2300,-0.1457,0.1834,0.2647,0.1117,1.3995
0.4935,5.6734,0.0712,lateral,0.7531,7.0600,0.4864,-0.1711,0.4629,0.4252,0.1462,1.4644
0.3134,16.7878,0.1979,path,3.2462,7.7400,0.0088,0.1030,0.2960,1.1987,0.4764,0.4416
1.4520,45.0991,0.2506,path,4.6623,7.8800,0.0200,-1.4111,0.3422,1.6085,0.7786,0.9987
0.5670,5.5325,0.0437,straight,1.6246,4.8000,0.2914,0.5539,0.1209,1.5005,0.5340,1.1369
0.5160,0.2036,0.9141,path,5.2269,5.8400,0.0184,-0.3990,0.3272,1.2248,0.8986,0.9207
0.0548,4.8171,0.0254,stand,0.0000,4.9200,0.0000,nan,nan,0.2648,0.0387,1.2321
0.2757,1.9630,1.0698,path,1.4597,7.7000,0.0192,0.2703,0.0544,1.7073,0.8453,0.9607
0.5501,6.5792,0.0391,lateral,1.0059,4.8200,0.5492,-0.2541,0.4879,0.5034,0.2011,0.6879
0.3132,4.1988,0.1034,straight,1.9798,5.1600,0.3132,-0.3039,0.0756,0.6531,0.3441,0.3620
0.1780,0.3201,1.2698,path,2.8400,5.2800,0.0137,-0.1144,0.1363,1.4468,0.6839,0.6845
0.4908,5.5734,0.1114,lateral,0.5488,5.2600,0.4570,-0.1248,0.4746,0.3870,0.1563,1.4567
0.3651,2.6613,1.1347,path,2.2404,6.4200,0.0161,0.1244,0.3433,1.5153,0.8626,0.8065
0.4867,2.9701,0.0024,combined,1.0714,7.5800,0.4823,-0.0146,0.4865,0.6882,0.1813,0.3914
0.4188,0.0981,0.0795,combined,1.8615,6.2600,0.3734,0.4085,0.0922,1.6232,0.4676,0.4197
0.6754,2.2463,1.3089,path,7.0079,6.2200,0.0237,-0.3049,0.6027,1.5303,1.1608,1.1919
0.4014,13.6799,0.0467,path,2.2647,6.4600,0.0075,0.1450,0.3743,1.2262,0.5164,0.3744
0.1959,5.5287,0.3165,path,2.7725,7.7400,0.0081,-0.1853,0.0636,0.6587,0.3808,0.4061
1.3137,5.3883,1.6372,path,2.3147,7.5000,0.0158,0.9972,0.8553,1.7124,1.1769,1.1991
0.7323,0.6083,0.5857,path,2.3488,5.5200,0.0151,0.3877,0.6212,0.9547,0.6341,0.7537
0.1691,46.8430,0.5751,path,1.7426,5.2400,0.0261,0.1175,0.1216,1.4891,0.9144,1.3014
0.5729,4.5073,0.3773,path,3.6015,7.4400,0.0288,0.5616,0.1133,1.7845,1.0630,1.4486
0.8481,1.9890,1.1106,path,5.0098,4.6600,0.0230,-0.8090,0.2545,1.2859,0.9448,1.1607
0.1992,12.1956,0.6869,path,0.9750,5.1800,0.0151,0.0639,0.1887,1.1354,0.7346,0.7554
0.4492,0.4138,0.1291,straight,1.8178,7.2800,0.1812,0.4433,0.0722,1.5358,0.4695,0.3841
0.4277,9.0685,0.0823,lateral,1.4438,6.7400,0.4264,-0.1811,0.3874,0.5406,0.2103,0.8345
0.3611,2.1931,0.1165,turn,0.0000,7.0400,0.0000,nan,nan,0.7406,0.1332,1.4837
0.0410,1.1073,0.9146,path,5.9609,7.0000,0.0193,-0.0386,0.0137,1.6551,0.9835,0.9643
0.4276,6.3156,0.2954,path,5.2477,6.8800,0.0167,-0.1015,0.4154,1.5363,0.8528,0.8338
0.3278,1.3816,0.0332,path,0.3880,7.7200,0.0083,0.2976,0.1375,1.2646,0.4563,0.4133
0.5386,9.6390,0.6416,path,2.8706,6.0000,0.0142,-0.4887,0.2264,1.0509,0.5644,0.7084
0.2214,15.2659,1.3377,path,2.0154,7.7400,0.0151,0.1183,0.1872,1.6006,1.1295,1.2792
0.9685,19.3999,0.5077,path,2.5007,5.4400,0.0309,-0.9170,0.3116,1.5497,0.9799,1.5457
0.6518,6.6418,1.2050,path,1.5348,5.4800,0.0226,-0.4577,0.4641,1.2199,0.6301,1.1402
0.4968,16.9730,0.0946,combined,2.1142,7.1800,0.4968,-0.4180,0.2686,0.6943,0.2673,0.8898
0.2008,5.0894,0.0409,turn,0.0000,6.2600,0.0000,nan,nan,0.2764,0.0868,1.2703
0.2528,18.2202,0.1087,path,1.4789,4.4800,0.0120,0.2520,0.0194,1.6649,0.6082,0.5989
0.3067,1.2238,0.0513,turn,0.0000,6.0600,0.0000,nan,nan,0.2709,0.1075,0.9853
0.6337,12.9358,0.7568,path,2.9876,7.0200,0.0089,-0.2096,0.5980,1.5965,0.5419,0.4428
0.0027,1.0995,0.0514,stand,0.0000,5.9600,0.0000,nan,nan,0.1208,0.0437,1.2560
1.3474,10.1712,1.3592,path,1.4572,5.7000,0.0293,-1.1269,0.7385,1.5142,0.7400,1.4643
0.3814,0.6914,0.0926,straight,1.6045,7.9200,0.1785,0.3799,0.0336,1.3552,0.3434,0.4782
0.3910,2.4371,0.0661,straight,0.2747,5.9000,0.0494,0.3907,0.0147,0.6094,0.1696,0.3376
0.2703,10.9388,1.2868,path,3.6771,7.2000,0.0267,-0.0526,0.2651,1.7248,1.1588,1.3207
0.6004,9.6339,0.3088,path,2.7139,6.8400,0.0082,-0.3271,0.5035,0.8207,0.3884,0.4167
0.3069,1.6095,0.0386,turn,0.0000,7.0600,0.0000,nan,nan,0.6274,0.1389,0.4444
0.2877,1.4302,0.0108,turn,0.0000,6.4400,0.0000,nan,nan,0.4396,0.1187,0.3949
0.2921,10.9005,0.2552,combined,1.2330,6.3600,0.2921,-0.0557,0.2867,0.6138,0.2011,0.9855
0.3938,3.7063,0.0703,straight,1.2650,7.3000,0.0564,0.3728,0.1268,1.4752,0.4050,0.4895
0.9601,4.7152,0.8425,path,2.3018,6.7200,0.0269,-0.9573,0.0733,1.3019,0.6846,1.3482
0.4413,6.8752,0.2932,path,3.6773,6.7800,0.0157,-0.4390,0.0446,1.4091,0.7242,0.7850
1.6158,12.9678,0.4189,path,3.7920,7.9400,0.0270,1.2225,1.0565,1.7531,1.2647,1.3359
0.1878,5.8630,1.0763,path,3.3194,6.5600,0.0108,-0.0722,0.1733,1.2336,0.5830,0.5383
0.6276,12.0616,0.7409,path,2.9334,4.3800,0.0158,0.4266,0.4603,1.6782,1.0328,0.7886
0.4504,8.7661,0.2396,lateral,1.4585,6.3200,0.4479,-0.1357,0.4295,0.5966,0.2290,0.0000
0.3463,0.1741,0.1623,turn,0.0000,7.4600,0.0000,nan,nan,0.3090,0.0979,1.0367
0.3280,9.3934,0.3114,path,2.9121,4.5000,0.0139,-0.3068,0.1161,1.6489,0.7612,0.6938
0.1671,4.9574,0.0888,combined,1.4160,7.9400,0.1384,0.1238,0.1123,0.7233,0.2143,0.4338
0.1094,0.5981,0.3950,path,3.0091,6.9800,0.0057,-0.0181,0.1079,1.0003,0.4935,0.4456
0.4277,7.3668,0.1207,straight,0.6874,7.0400,0.0583,0.4165,0.0975,1.1497,0.3500,0.8578
0.5495,9.4617,0.0945,combined,1.6049,5.3800,0.5495,-0.4551,0.3080,0.5671,0.2402,0.8859
0.1946,8.4044,0.2483,lateral,1.4707,6.1200,0.1946,-0.1125,0.1588,0.5986,0.2375,0.9177
0.6118,5.4581,1.2202,path,6.0686,7.9600,0.0249,-0.5208,0.3211,1.6427,1.1432,1.2430
0.8983,8.3687,0.9887,path,1.1803,4.9600,0.0284,-0.6457,0.6244,1.3608,0.7343,1.4186
0.3958,2.7003,0.0715,combined,1.4678,7.5200,0.3958,-0.2613,0.2973,0.4435,0.1759,0.6228
0.5652,5.9704,0.1016,lateral,0.8825,7.9200,0.5572,-0.3380,0.4530,0.3673,0.1358,1.3424
0.6036,3.0574,0.7561,path,4.1618,4.2400,0.0215,-0.5687,0.2024,1.5569,1.0588,1.0741
0.4524,5.1564,0.0302,combined,2.0220,6.8800,0.4513,0.1130,0.4381,1.4057,0.4135,1.0367
0.3870,3.7666,0.7953,path,1.7457,5.8400,0.0190,-0.0161,0.3866,1.3207,0.7936,0.9501
0.1371,14.2435,1.1055,path,1.7689,6.3800,0.0198,0.0222,0.1352,1.4891,0.9694,0.9914
0.5215,7.6255,0.2357,path,4.4356,7.9200,0.0279,-0.0065,0.5214,1.7252,1.0368,1.3984
0.2481,5.1153,0.5406,path,1.3190,6.5200,0.0169,-0.1694,0.1813,1.2271,0.8345,0.8473
0.3979,12.0571,1.2206,path,1.5537,5.0000,0.0308,-0.2438,0.3145,1.5316,1.0650,1.5360
0.6220,7.2372,0.6864,path,0.9671,7.2400,0.0184,0.6062,0.1392,1.3533,0.7587,1.2696
0.0942,5.4219,0.3641,path,0.8015,6.8400,0.0078,-0.0626,0.0704,0.9357,0.5597,0.6088
0.3180,3.0075,0.0566,combined,1.1772,7.2400,0.3180,-0.3154,0.0410,0.7743,0.2109,0.7030
0.4334,6.1072,0.7614,path,0.7315,5.0200,0.0267,-0.4328,0.0237,1.4530,1.0375,1.3381
0.3918,0.2408,0.0495,turn,0.0000,4.2800,0.0000,nan,nan,0.4146,0.1326,0.8495
0.1843,6.7886,1.2417,path,1.4408,7.6600,0.0135,-0.1670,0.0780,1.3973,0.5467,0.6793
0.0190,0.6481,0.0692,stand,0.0000,7.9400,0.0000,nan,nan,0.3154,0.0520,0.7597
0.5150,0.3353,0.2011,combined,1.6396,7.8400,0.5150,0.3725,0.3556,1.4255,0.3350,0.7347
0.5198,9.5825,0.1073,combined,1.8981,5.6400,0.5198,-0.1268,0.5041,1.4550,0.4800,0.5794
0.3845,16.7253,0.2400,path,1.6509,4.5200,0.0075,0.1323,0.3611,1.2799,0.5077,0.3759
1.3814,7.1239,0.8092,path,2.4573,6.8800,0.0244,1.2795,0.5208,1.5043,0.8531,1.2254
0.3088,11.0795,0.3503,path,4.1345,6.8600,0.0097,0.2923,0.0996,1.3246,0.6930,0.6387
0.2919,8.3671,1.2131,path,2.9538,7.3000,0.0213,0.2790,0.0860,1.6826,1.0800,1.0626
0.4802,7.4634,0.0550,combined,1.2838,7.9600,0.4802,-0.4747,0.0726,0.4599,0.1575,1.2099
0.0960,8.6273,0.4462,path,2.7297,7.4200,0.0101,-0.0936,0.0215,0.8792,0.5436,0.5054
0.7158,6.7608,1.0610,path,7.0322,6.6400,0.0264,-0.6999,0.1500,1.6491,1.1891,1.3217
0.4103,2.1879,0.2408,combined,0.3988,4.7800,0.2266,0.1682,0.3742,0.4866,0.2174,0.9872
0.4055,0.5208,0.0674,lateral,1.2320,7.5600,0.4055,-0.2980,0.2750,0.4798,0.1517,1.2381
0.2971,7.5363,0.0447,lateral,1.0582,4.7800,0.2961,-0.2890,0.0689,0.5047,0.1754,1.0488
0.2704,2.4400,0.1480,turn,0.0000,7.8800,0.0000,nan,nan,0.7170,0.1281,0.3924
0.2490,4.0732,0.1824,turn,0.0000,7.1400,0.0000,nan,nan,0.2848,0.1089,0.4688
0.2379,0.0273,0.5170,path,2.1416,7.6600,0.0062,-0.2014,0.1266,1.4659,0.4166,0.3094
0.8490,7.9381,0.6163,path,3.2868,7.9600,0.0229,-0.6998,0.4807,1.4770,0.7471,1.1521
0.8642,6.2251,0.5632,path,3.2409,4.4600,0.0154,-0.7798,0.3725,1.0500,0.6039,0.7707
0.5243,1.4109,1.4423,path,0.6594,7.4000,0.0210,-0.5238,0.0225,1.5892,0.8383,1.0520
0.2527,8.4220,0.0565,turn,0.0000,7.3200,0.0000,nan,nan,0.3434,0.1066,1.2213
0.7738,7.4172,0.0603,combined,0.8906,4.0400,0.7683,-0.4401,0.6365,0.8090,0.2425,0.9383
0.3590,2.7274,1.4713,path,1.9953,7.8600,0.0175,0.3581,0.0247,1.3705,1.0405,1.0621
0.9877,19.7747,0.1590,path,3.5593,4.1800,0.0198,-0.9562,0.2477,1.1130,0.6379,0.9890
0.2434,15.0744,0.2369,path,2.2213,4.0400,0.0226,0.2421,0.0248,1.4882,0.7389,1.1273
0.4214,11.7679,0.0790,turn,0.0000,6.9800,0.0000,nan,nan,0.3425,0.1073,1.0319
0.0796,9.0339,0.4686,path,1.5212,7.4200,0.0118,0.0623,0.0496,1.0250,0.6264,0.5910
0.4856,8.1141,0.0397,straight,1.1944,7.4400,0.1670,0.4684,0.1281,1.3240,0.2876,0.3340
1.4620,52.7573,1.4566,path,2.0040,7.7200,0.0306,-0.3245,1.4255,1.7225,0.9813,1.5450
0.4425,4.3114,0.5540,path,2.6972,7.0800,0.0077,-0.1389,0.4201,1.5057,0.3917,0.3816
0.3128,6.4200,0.0739,turn,0.0000,4.0400,0.0000,nan,nan,0.6940,0.1725,0.6779
0.3876,1.1089,0.1552,lateral,0.3639,7.3600,0.3434,-0.0740,0.3805,0.3005,0.1077,0.4223
0.1210,13.8636,0.3128,path,1.0711,4.1000,0.0068,0.1129,0.0433,0.8945,0.4467,0.3389
0.4681,6.1964,0.0678,straight,0.9132,7.4400,0.0168,0.4666,0.0372,1.2337,0.2815,1.2314
0.2342,10.3593,0.8837,path,1.2062,7.5400,0.0100,-0.2323,0.0299,1.4744,0.6601,0.4994
0.3758,2.6853,0.0928,combined,1.9370,7.2800,0.3758,-0.3642,0.0929,0.5638,0.2411,1.3728
0.4004,1.0662,0.1810,combined,0.5933,5.3200,0.4004,-0.4004,0.0011,0.4675,0.1100,1.1885
0.1130,4.7104,0.0883,straight,1.9450,6.5800,0.1130,-0.1103,0.0246,0.5789,0.2934,0.7074
1.0581,8.9038,1.2137,path,3.5057,5.4200,0.0264,0.9084,0.5425,1.8413,1.0806,1.3124
0.6219,12.8387,1.0969,path,1.2251,5.5200,0.0198,-0.1961,0.5902,1.5249,0.7908,0.9882
1.0005,24.9890,0.3280,combined,2.1771,4.1200,1.0005,-0.7444,0.6684,1.0996,0.4600,1.4919
0.3404,1.0200,0.0225,combined,2.0154,7.9800,0.3399,0.1008,0.3251,0.6673,0.3068,0.6101
0.3598,4.3872,0.0726,lateral,0.2205,4.6600,0.2205,-0.0480,0.3566,0.2991,0.1225,0.4479
0.8209,10.5342,0.6358,path,2.0346,6.4000,0.0246,-0.7456,0.3436,1.1205,0.5241,1.2317
0.4456,2.5012,0.0612,lateral,1.4641,4.7600,0.4454,-0.2978,0.3315,0.6005,0.2627,1.4359
0.3875,4.6172,0.2143,turn,0.0000,7.7600,0.0000,nan,nan,0.6171,0.1373,0.9364
0.7741,8.8003,0.5167,path,4.6901,5.1200,0.0200,-0.6244,0.4577,1.2527,0.8498,1.0013
0.4800,10.2425,1.5374,path,1.5999,4.4800,0.0173,-0.2007,0.4360,1.6111,0.7425,0.8691
0.2981,0.9643,0.1068,turn,0.0000,4.5800,0.0000,nan,nan,0.4875,0.1176,0.9965
0.5579,2.6154,0.1016,combined,1.2614,4.8800,0.5579,-0.5543,0.0632,0.4321,0.2106,1.3050
0.0792,3.0267,0.3956,path,1.6743,5.8000,0.0061,-0.0684,0.0398,0.7033,0.3261,0.3038
0.3324,11.1714,0.0514,lateral,0.9582,5.0400,0.3277,-0.1116,0.3131,0.4901,0.1902,1.2806
0.5532,6.5186,0.0640,turn,0.0000,5.6000,0.0000,nan,nan,0.8114,0.1735,0.3258
0.2486,0.3225,0.5873,path,3.5054,4.0800,0.0257,0.2282,0.0988,1.5612,1.1301,1.2853
0.2927,4.3159,0.8446,path,1.8803,7.8400,0.0193,0.2920,0.0208,1.5988,0.9610,0.9653
0.4900,11.3439,0.2224,lateral,1.3170,4.9000,0.4900,-0.3664,0.3253,0.4977,0.2154,1.2013
0.3246,3.3661,0.1544,combined,1.9252,5.3200,0.3246,0.1640,0.2802,1.1427,0.4343,0.8089
0.6359,4.1041,1.1334,path,1.3383,4.4800,0.0245,-0.3870,0.5045,1.4027,0.6313,1.2272
0.4315,15.6024,1.1535,path,1.5359,5.5000,0.0284,0.0573,0.4277,1.4609,1.1328,1.4185
0.0949,12.9272,0.1631,path,1.4556,4.0800,0.0073,-0.0932,0.0175,0.9211,0.4205,0.3670
0.5657,15.9027,0.2454,combined,1.9400,5.3200,0.5657,-0.5158,0.2323,0.7310,0.3194,1.1064
0.5684,10.1907,1.0298,path,1.4711,4.0200,0.0155,-0.0609,0.5651,1.2079,0.5934,0.7769
0.5947,7.8802,1.1898,path,1.5819,5.0800,0.0160,0.5513,0.2230,1.5244,0.9859,0.8085
0.3979,9.6543,0.0973,straight,0.4737,4.9800,0.3979,-0.3602,0.1690,0.2364,0.0931,0.3931
0.4035,11.7674,0.6881,path,3.7644,4.7600,0.0159,-0.1444,0.3768,1.2105,0.7907,0.7951
0.2904,1.1880,0.1804,turn,0.0000,5.3600,0.0000,nan,nan,0.2720,0.1230,0.6701
1.1522,17.1669,1.0869,path,1.5274,5.4400,0.0296,-1.0046,0.5642,1.2537,0.6654,1.4779
0.2564,1.5706,0.7121,path,3.8140,6.3600,0.0183,-0.1431,0.2127,1.6069,0.7425,0.9188
0.0155,1.5500,0.0295,stand,0.0000,5.2800,0.0000,nan,nan,0.2206,0.0820,0.0000
0.2708,5.8465,0.2939,path,3.4833,7.0600,0.0104,-0.2343,0.1357,0.9768,0.4961,0.5181
0.2692,1.6109,0.4724,path,2.7935,5.2000,0.0108,-0.1314,0.2349,0.8766,0.5343,0.5367
0.6247,5.5448,0.0945,straight,0.6837,5.0000,0.0803,0.5693,0.2572,1.2272,0.4551,1.2707
0.4436,0.8931,0.0939,lateral,0.8169,4.6000,0.4391,-0.2396,0.3733,0.4002,0.1714,1.4207
0.6649,4.7456,0.0649,lateral,0.2157,5.9000,0.2149,-0.2164,0.6287,0.5267,0.1603,0.7148
0.3527,7.1872,0.1100,straight,1.7785,5.4600,0.3527,-0.3513,0.0319,0.6206,0.2798,1.4568
0.1459,1.6800,0.3287,path,2.2561,4.7800,0.0054,-0.0339,0.1419,1.3863,0.5545,0.5402
0.6944,12.1325,0.1584,combined,1.2863,4.4000,0.6944,-0.6353,0.2802,0.5551,0.2408,0.9766
0.2875,0.4067,0.1941,lateral,0.9004,7.9400,0.2744,-0.1732,0.2295,0.3788,0.1296,1.5612
0.4806,2.9001,0.0275,lateral,0.7800,7.5600,0.4801,-0.3256,0.3534,0.2970,0.1091,1.4466
0.4050,2.1719,0.0376,combined,0.4602,4.7200,0.4048,-0.3895,0.1112,0.5035,0.1369,0.6111
1.2165,5.4838,0.9950,path,3.8583,4.0400,0.0267,-1.1301,0.4503,1.6168,1.0388,1.3351
0.4806,3.8350,0.1256,straight,0.6532,4.3600,0.4806,-0.4312,0.2122,0.2650,0.1145,1.0532
0.7396,10.8146,0.3380,combined,2.3681,4.5400,0.7396,-0.1017,0.7326,1.1182,0.5510,0.3612
0.4010,5.4733,0.0742,straight,1.8195,6.1200,0.0699,0.4008,0.0133,1.8143,0.5762,1.4025
0.7088,1.1560,0.1280,combined,1.9940,5.8200,0.7088,-0.6404,0.3039,0.5391,0.2803,0.3482
0.4960,11.1892,0.1852,lateral,1.1955,4.0800,0.4960,-0.3888,0.3080,0.5157,0.2206,1.3017
0.2242,10.8633,0.6928,path,2.6458,4.6600,0.0141,-0.2046,0.0915,1.1031,0.6118,0.7085
0.6792,2.9446,0.3083,straight,1.1974,4.2000,0.0694,0.6758,0.0687,1.3551,0.6138,1.2586
0.0173,0.0786,0.0125,stand,0.0000,6.0000,0.0000,nan,nan,0.0656,0.0227,1.2055
0.1240,0.2219,0.2463,path,1.5408,5.5800,0.0095,0.1182,0.0376,0.9360,0.4883,0.4734
0.7994,10.2126,0.3567,path,2.9067,7.0600,0.0308,0.5973,0.5313,1.7349,1.0438,1.5530
1.3307,38.1518,0.1345,path,4.2212,4.5600,0.0236,-1.3281,0.0841,1.4819,0.6575,1.1871
0.2520,16.7760,0.2911,path,2.3104,6.1400,0.0081,-0.1607,0.1941,0.9702,0.3788,0.4036
0.4714,3.5123,0.1385,combined,1.2068,4.7400,0.4712,-0.4658,0.0727,0.4031,0.1777,0.6034
0.2911,5.9802,0.1588,straight,0.6263,5.1600,0.2886,-0.2814,0.0745,0.2607,0.1143,0.4237
0.2928,0.0170,0.1119,lateral,0.0747,4.6000,0.0551,0.1006,0.2749,0.2817,0.1101,0.3890
0.3758,2.0496,0.1662,turn,0.0000,5.0000,0.0000,nan,nan,0.7386,0.1414,1.3206
0.3763,4.6939,0.0677,turn,0.0000,4.4200,0.0000,nan,nan,0.3225,0.1084,1.4228
0.4438,0.9270,1.4029,path,1.9323,6.2200,0.0240,-0.1442,0.4197,1.5278,1.0457,1.1906
0.4176,3.2348,0.0586,turn,0.0000,5.7400,0.0000,nan,nan,0.6063,0.1194,1.0654
0.4318,7.0734,0.1904,combined,1.3031,5.5000,0.4318,-0.3403,0.2657,0.5030,0.2188,1.0541
0.3643,5.3181,0.1341,straight,1.0661,7.8400,0.3572,-0.3527,0.0911,0.4041,0.1503,0.6207
0.0496,7.5401,1.4092,path,4.2172,6.7600,0.0126,-0.0462,0.0180,1.3808,0.6411,0.6279
0.2924,15.0338,0.9731,path,3.1653,5.6400,0.0127,0.2424,0.1634,1.5058,0.6742,0.6391
0.6075,10.5205,0.1982,straight,1.7456,6.5000,0.4051,0.5697,0.2111,1.6310,0.4624,0.4961
0.5887,1.9040,0.1288,straight,1.4269,7.6400,0.0160,0.5865,0.0507,1.5543,0.3882,1.1739
0.3098,7.5918,0.0499,lateral,1.1592,5.0800,0.3098,-0.2669,0.1574,0.4197,0.1940,0.4251
0.0049,1.7000,0.0302,stand,0.0000,5.4400,0.0000,nan,nan,0.0799,0.0275,1.1764
0.3379,1.3276,0.1313,turn,0.0000,4.9600,0.0000,nan,nan,0.8871,0.2305,1.4303
0.3812,5.0904,0.0248,lateral,0.1094,4.4600,0.0983,0.0268,0.3803,0.3307,0.1429,1.4567
0.1877,2.8143,0.0595,turn,0.0000,7.3000,0.0000,nan,nan,0.7454,0.1592,1.5590
0.2140,13.6300,0.2631,path,4.4176,7.6000,0.0121,-0.1948,0.0885,1.3261,0.6118,0.6031
0.1560,10.1990,0.1110,turn,0.0000,4.8400,0.0000,nan,nan,0.3666,0.0882,0.5110
0.3852,0.5951,0.0313,turn,0.0000,5.5000,0.0000,nan,nan,0.3819,0.1285,0.6244
0.3583,6.9852,0.1288,straight,1.0376,5.6800,0.0602,0.3483,0.0841,1.3152,0.4042,1.4759
0.1905,2.3319,0.3448,path,2.1004,6.1200,0.0071,-0.1765,0.0716,1.2403,0.4781,0.3556
0.2654,3.2505,0.1515,path,2.5451,7.6800,0.0094,0.0580,0.2590,0.9092,0.4765,0.4695
0.8792,3.5331,0.8394,path,1.7501,4.3000,0.0314,-0.8173,0.3241,1.0953,0.5958,1.5755
0.4958,3.3509,0.2987,path,2.5803,7.5800,0.0098,-0.4861,0.0980,1.3676,0.4757,0.4907
0.6604,8.0907,0.3125,path,3.8138,4.0800,0.0202,-0.4962,0.4359,1.3920,0.8798,1.0118
0.5835,0.5704,0.0665,straight,0.5793,5.9200,0.0373,0.5693,0.1280,1.3035,0.4247,0.0000
0.6090,10.0492,0.1179,combined,2.0170,4.4400,0.6090,-0.5916,0.1445,0.6544,0.3358,1.4837
0.2865,3.1027,1.2000,path,2.1687,5.2800,0.0106,0.2680,0.1012,1.6616,0.5874,0.5350
0.2831,2.4204,0.0836,straight,1.5840,5.0000,0.2831,-0.2805,0.0386,0.5769,0.2872,0.3620
0.3344,1.2065,0.1500,turn,0.0000,6.7800,0.0000,nan,nan,0.9331,0.1796,0.6282
0.3296,2.4255,0.0375,straight,1.3446,5.7000,0.2359,0.2963,0.1444,1.1611,0.3573,0.3701
0.3444,15.4346,0.2860,path,2.0512,6.5000,0.0077,0.2231,0.2624,1.6529,0.7158,0.8941
0.1033,11.9286,0.3961,path,1.8498,7.9200,0.0081,0.1027,0.0102,0.8926,0.4836,0.4057
0.1663,4.4230,0.0846,turn,0.0000,5.1000,0.0000,nan,nan,0.3479,0.0901,1.2321
0.5274,8.7806,0.0414,straight,0.0867,6.8000,0.0100,0.5268,0.0266,0.3257,0.1164,1.4454
1.0785,27.1283,0.4487,path,6.6294,6.4600,0.0282,-1.0626,0.1842,1.8095,1.2824,1.4080
1.1000,5.7708,1.4370,path,4.8603,7.7000,0.0242,0.5337,0.9618,1.5729,1.0155,1.2075
0.6377,6.2930,1.1820,path,7.1154,7.9200,0.0252,-0.5565,0.3114,1.4800,1.1306,1.2610
0.6104,10.5357,0.8837,path,4.0731,5.1000,0.0173,0.1424,0.5935,1.4960,0.9629,0.8672
0.3904,0.0027,0.1130,combined,0.8330,5.4600,0.3881,-0.2873,0.2644,0.4767,0.1708,0.5539
0.4565,6.0091,0.1891,lateral,0.7159,6.2000,0.4553,-0.2149,0.4028,0.3786,0.1283,0.6316
0.3936,9.5124,0.1094,turn,0.0000,4.5200,0.0000,nan,nan,0.8437,0.2110,0.8898
0.3192,6.5017,0.9175,path,0.6976,5.2600,0.0222,-0.2693,0.1713,1.3682,0.8018,1.1089
0.4391,13.7527,0.0621,combined,1.9432,5.6800,0.4391,-0.4360,0.0523,0.7204,0.3454,1.0677
0.1642,10.3650,0.9641,path,2.9608,5.6600,0.0105,-0.1217,0.1103,1.1316,0.5228,0.5258
0.6644,1.5260,0.1131,straight,1.9608,4.1000,0.6644,-0.6625,0.0491,0.6158,0.3313,1.0367
0.4569,8.0001,0.1152,combined,1.0178,6.5000,0.4383,-0.4564,0.0217,0.5336,0.1705,0.6793
0.4732,3.7788,0.0427,turn,0.0000,5.4400,0.0000,nan,nan,0.3668,0.1331,1.4644
0.3776,8.1666,0.1143,combined,0.7306,4.8800,0.3744,-0.2183,0.3081,0.8796,0.2271,0.3841
0.4577,8.0413,0.9938,path,1.0450,4.5000,0.0290,-0.0122,0.4575,1.5471,1.1529,1.4506
0.2809,7.9442,0.2254,combined,1.2309,5.6600,0.2809,0.0643,0.2734,0.9121,0.3035,1.4882
0.2983,8.0435,0.0442,lateral,0.2478,6.5600,0.2377,-0.0564,0.2929,0.2166,0.0901,1.3478
0.4416,9.3067,1.0925,path,1.5636,6.4000,0.0302,-0.2241,0.3806,1.4843,0.9597,1.5126
0.1134,7.2090,0.3236,path,1.3531,4.3000,0.0065,-0.0759,0.0842,0.9745,0.4406,0.3275
0.3936,16.2672,0.1698,path,2.0434,5.8400,0.0071,0.0077,0.3935,0.9970,0.4058,0.3542
0.3372,7.6571,0.1818,lateral,0.7827,4.2000,0.3372,-0.3083,0.1367,0.3533,0.1381,0.4338
1.6632,19.2840,0.1158,path,0.0704,6.4000,0.0298,0.1615,1.6554,1.5461,0.5415,1.4886
0.6894,13.8159,0.0800,straight,1.7391,6.1400,0.1871,0.6106,0.3201,1.7895,0.5254,0.3800
0.4490,12.6078,0.1015,lateral,1.2213,7.5600,0.4146,-0.2893,0.3434,0.4390,0.1551,1.0542
0.7101,0.8589,1.4144,path,5.1390,7.2200,0.0309,-0.4255,0.5684,1.6869,1.2705,1.5467
0.3980,3.7567,0.0934,lateral,0.5547,7.8600,0.3963,-0.2426,0.3155,0.4488,0.1211,0.3338
0.1841,2.2915,0.7677,path,4.5423,7.0200,0.0139,0.0008,0.1841,1.0142,0.7101,0.6946
0.1053,2.1592,0.2067,path,2.3413,6.4600,0.0039,0.1047,0.0115,0.7799,0.4168,0.3963
0.8027,4.9736,0.7852,path,0.8886,5.0400,0.0308,-0.7956,0.1059,1.5506,0.7893,1.5369
0.3544,9.7745,0.0724,combined,1.3201,6.8000,0.3544,-0.0120,0.3542,0.9085,0.2821,1.0644
0.6102,1.9338,1.0749,path,3.8595,5.0200,0.0249,-0.5829,0.1805,1.6995,1.0165,1.2402
0.0796,11.6622,0.1715,path,0.5347,7.5200,0.0087,0.0728,0.0322,1.1958,0.5062,0.4368
0.1324,2.0895,0.2255,path,2.6078,6.5800,0.0082,0.1320,0.0101,1.2554,0.4769,0.3976
0.3661,1.2912,0.9978,path,4.4061,7.8800,0.0210,-0.0714,0.3591,1.5525,0.9818,1.0439
0.4603,0.1050,1.4241,path,2.8204,6.2600,0.0228,-0.0701,0.4549,1.6527,0.9353,1.1406
1.2962,9.2928,1.1504,path,4.7963,5.3600,0.0268,-1.2923,0.1004,1.4590,0.9038,1.3456
0.4134,4.0268,0.1773,combined,1.3905,6.1800,0.4134,-0.4092,0.0587,0.4495,0.1804,0.5081
0.2352,10.3849,0.0279,combined,2.1704,7.7000,0.2273,-0.0153,0.2347,0.6677,0.2877,1.0879
0.1493,0.0401,0.0095,stand,0.0000,7.0400,0.0000,nan,nan,0.3311,0.0710,0.6776
1.0491,18.3682,1.2647,path,4.4707,7.7000,0.0285,-0.6501,0.8234,1.6144,1.0229,1.3156
0.4661,2.2241,0.1251,lateral,1.1933,6.1600,0.4562,-0.0301,0.4651,0.4957,0.2137,1.4272
0.3441,3.5549,0.0457,turn,0.0000,7.1200,0.0000,nan,nan,0.6441,0.1189,1.4173
0.8978,25.2700,0.3873,path,4.6498,5.3000,0.0189,-0.5257,0.7278,1.5516,0.8297,0.9432
0.2288,1.4097,0.5085,path,1.3640,5.7200,0.0102,-0.1618,0.1617,0.8606,0.5005,0.5124
0.5488,5.0540,0.5621,path,1.8715,6.5200,0.0109,-0.5037,0.2180,0.8133,0.4813,0.6143
0.4363,2.0191,0.0514,combined,1.1588,6.5600,0.4363,-0.3889,0.1978,0.6787,0.2097,0.5101
0.1920,1.6801,0.0493,turn,0.0000,7.2000,0.0000,nan,nan,0.3476,0.1065,1.5804
0.7127,2.4157,1.5450,path,2.4711,7.4600,0.0247,0.6795,0.2149,1.8124,1.1599,1.3884
0.2907,7.0753,0.4406,path,1.7166,6.0800,0.0103,-0.1791,0.2290,1.0063,0.4343,0.5160
0.3404,8.3225,0.0863,straight,0.0418,4.4200,0.0412,-0.3399,0.0198,0.2493,0.1067,0.7030
0.8945,9.0684,0.6809,path,1.2637,7.6800,0.0236,-0.8869,0.1164,1.4326,0.6849,1.1766
0.6608,54.6707,1.5752,path,0.1574,6.5800,0.0287,-0.5952,0.2869,1.7111,1.0740,1.4463
0.3359,1.6948,0.1009,lateral,1.4132,7.2400,0.3264,-0.0597,0.3306,0.5880,0.2030,0.6451
0.8936,10.2671,0.5315,path,4.0945,6.2200,0.0318,0.7987,0.4009,1.7113,1.0172,1.5812
0.3375,3.7771,0.0914,straight,0.0682,6.1800,0.0682,-0.3309,0.0667,0.2023,0.0858,0.6879
0.4292,0.8899,0.1764,path,2.9940,6.9200,0.0144,-0.3963,0.1649,1.2172,0.5379,0.7203
0.5632,3.8171,0.1894,straight,0.9568,4.4200,0.0427,0.5611,0.0485,1.2486,0.5276,0.5794
0.5669,1.1037,0.7035,path,4.4404,4.7000,0.0211,-0.5431,0.1627,1.5051,0.8874,1.0539
0.4822,6.8651,0.0688,straight,0.3027,6.1400,0.0290,0.4677,0.1175,0.6865,0.1831,0.3914
0.4474,9.8988,0.5067,path,0.2596,7.8400,0.0169,-0.3503,0.2783,1.3520,0.5888,0.8463
0.4996,4.0915,0.8194,path,2.3026,5.7000,0.0179,-0.4835,0.1260,1.0993,0.7157,0.8999
0.4815,1.9822,0.3295,path,4.1121,7.7000,0.0155,-0.4811,0.0205,1.4399,0.7321,0.7752
0.5479,17.3461,1.3902,path,1.7983,7.8200,0.0303,-0.0754,0.5427,1.5289,1.1395,1.5188
0.3584,0.7221,0.6730,path,1.1302,6.1200,0.0028,-0.0252,0.3575,1.1467,0.5861,0.5426
0.3588,11.8444,0.2929,path,1.6310,7.6600,0.0064,-0.2897,0.2116,1.8245,0.2907,0.3232
0.6785,7.5531,0.0229,path,4.4595,7.9400,0.0301,-0.4588,0.4998,1.6776,0.9453,1.4922
0.7186,3.7915,0.5353,path,4.4461,4.7800,0.0246,-0.6814,0.2280,1.4734,0.9203,1.2346
0.3214,8.3455,0.1226,combined,0.6525,4.4600,0.3214,-0.1651,0.2757,0.9410,0.2197,1.2213
0.5893,9.6020,0.1831,straight,1.9177,4.0400,0.1722,0.5344,0.2483,1.5819,0.6854,1.1885
0.2911,0.0988,0.6305,path,1.9747,4.4200,0.0097,-0.1991,0.2123,0.7114,0.4343,0.4854
0.1836,0.8836,1.0393,path,0.6638,5.2000,0.0232,-0.1196,0.1393,1.2958,0.9603,1.1603
1.9459,31.9317,0.3732,path,0.6715,6.2800,0.0313,-1.6510,1.0299,1.3155,0.5287,1.5642
0.0307,2.1566,0.0357,stand,0.0000,7.4000,0.0000,nan,nan,0.2454,0.0427,1.1584
0.6661,13.6633,0.2261,combined,1.4826,5.5600,0.6661,-0.6070,0.2741,0.8450,0.2547,0.4444
0.3919,3.2638,0.0523,combined,0.2971,4.7000,0.2327,-0.2570,0.2958,0.5965,0.1447,0.9872
0.3924,7.9262,0.2082,path,1.5524,6.5800,0.0068,0.3745,0.1172,1.3467,0.5696,0.3397
0.9308,5.7044,0.8064,path,5.3857,5.6000,0.0243,-0.9220,0.1276,1.5627,0.9316,1.2172
0.9610,3.2961,0.5079,path,1.0531,5.2200,0.0278,-0.8937,0.3533,1.2202,0.5962,1.3903
0.2974,11.7042,0.4333,path,4.2118,5.6400,0.0166,-0.1219,0.2713,1.6224,0.7701,0.8312
0.5203,24.9228,0.7024,path,1.4349,7.9400,0.0315,-0.5188,0.0390,1.5371,0.8102,1.5772
0.3790,0.7792,0.0163,lateral,0.1548,7.5800,0.1548,-0.0629,0.3737,0.2396,0.0969,1.2871
0.3721,3.8323,0.0703,turn,0.0000,5.1600,0.0000,nan,nan,0.3782,0.1117,1.0367
0.3784,6.0490,0.2354,path,3.1391,6.2600,0.0138,-0.3784,0.0001,1.2518,0.6189,0.6894
0.5246,50.7899,1.1802,path,2.3336,6.4800,0.0260,-0.4189,0.3157,1.5709,0.8436,1.3062
1.0260,5.8638,1.1975,path,5.6055,4.7000,0.0277,-1.0106,0.1776,1.7246,1.2125,1.3783
0.6644,14.1746,0.1449,combined,2.1627,5.3600,0.6644,-0.6395,0.1802,0.5507,0.2811,0.8578
0.2106,2.0773,0.4801,path,2.2052,7.3200,0.0065,-0.1564,0.1410,1.2621,0.3880,0.3264
0.3546,7.8631,0.1181,combined,1.0497,5.4000,0.1123,0.3343,0.1184,1.0813,0.4395,0.9177
0.3127,8.9212,0.1660,path,1.8777,4.8000,0.0065,-0.0847,0.3010,0.7875,0.3935,0.3920
0.2801,6.1648,0.4831,path,3.5462,6.6000,0.0156,-0.2728,0.0635,1.4165,0.6799,0.7776
0.5096,17.8818,0.0383,lateral,0.9241,4.9600,0.5095,-0.4330,0.2686,0.4170,0.1384,1.2099
0.3705,2.5537,0.5613,path,1.9541,4.2000,0.0150,-0.1947,0.3152,1.2397,0.6331,0.7479
0.4316,6.4254,0.0708,combined,1.9094,7.2600,0.4308,-0.4239,0.0812,0.5465,0.2380,1.3112
0.6777,7.4092,0.1042,lateral,1.4867,7.9600,0.6762,-0.3545,0.5776,0.5470,0.1743,1.2472
0.4174,7.8701,0.7493,path,1.5164,6.7200,0.0083,0.2171,0.3565,1.7612,0.4766,0.4181
0.0314,1.2806,0.0306,stand,0.0000,4.7200,0.0000,nan,nan,0.1209,0.0359,1.2314
0.2876,3.3444,0.0598,lateral,0.1434,5.9600,0.1112,0.1913,0.2147,0.2930,0.1110,0.4895
0.4510,5.8814,0.3156,path,2.7331,7.3800,0.0076,-0.2834,0.3508,0.5825,0.3600,0.3802
0.3190,5.2021,0.0483,straight,0.7091,7.6200,0.0547,0.2738,0.1637,1.0796,0.2581,1.2680
0.3936,9.8932,0.8866,path,3.0377,5.2600,0.0130,-0.3612,0.1565,1.2750,0.5654,0.6621
0.3844,2.7818,0.1407,combined,1.8337,7.3200,0.3844,-0.2081,0.3232,0.6944,0.2916,0.7219
0.0321,2.0666,0.0307,stand,0.0000,5.6400,0.0000,nan,nan,0.1083,0.0393,1.3424
0.2183,4.4166,0.1633,combined,0.8994,5.3400,0.2127,0.2100,0.0596,0.9921,0.3432,0.7597
0.7051,5.6280,0.0678,combined,1.3185,4.6000,0.7049,-0.7015,0.0707,0.4790,0.2273,1.4919
0.6285,0.9891,0.7033,path,3.2741,5.6400,0.0184,-0.4188,0.4686,1.3201,0.7121,0.9196
0.1654,0.2816,1.1296,path,2.6012,7.1800,0.0242,0.0360,0.1614,1.6853,1.0713,1.2118
0.4006,2.7226,0.0707,straight,0.9653,6.6800,0.4002,-0.3856,0.1087,0.3667,0.1434,0.8345
0.3131,9.3664,0.1116,combined,1.3105,7.3800,0.3131,0.0236,0.3122,0.9314,0.2638,1.3995
0.1835,6.7617,0.1107,straight,0.9783,7.6200,0.0348,0.1230,0.1362,1.0447,0.3234,0.5331
0.2440,3.7433,0.3883,path,2.1822,4.9600,0.0089,-0.2144,0.1165,1.4079,0.5550,0.4467
0.2837,10.6960,0.0698,combined,0.4507,5.3600,0.2825,-0.0316,0.2820,0.5122,0.1684,1.0488
0.4983,18.5562,0.2177,lateral,1.0605,4.1600,0.4983,-0.4656,0.1778,0.3997,0.1746,1.1064
1.1289,18.9193,0.6484,path,3.2914,7.9800,0.0268,-0.9405,0.6245,1.7035,0.9518,1.3422
0.3839,6.3517,0.1133,path,3.3415,5.1000,0.0210,-0.1488,0.3539,1.2975,0.6871,1.0483
0.4610,8.8768,0.0136,lateral,0.7198,4.6600,0.4572,-0.2990,0.3508,0.3251,0.1402,0.9364
1.4762,59.0013,0.6261,path,0.8937,6.0200,0.0312,0.2868,1.4481,1.6521,0.9280,1.5765
0.9904,16.1445,0.2447,path,3.5340,4.6800,0.0179,-0.9490,0.2834,1.6297,0.7277,0.8342
0.2364,10.1871,0.1702,lateral,1.2013,5.0400,0.2364,-0.1289,0.1982,0.5125,0.2261,1.3728
0.4638,4.9167,0.1644,straight,0.7126,7.5200,0.0249,0.4599,0.0594,1.0023,0.2281,1.1369
0.7782,8.2958,1.2443,path,1.6532,6.3800,0.0234,0.0281,0.7777,1.2817,0.6318,1.1783
1.4756,5.4604,1.1134,path,5.7858,4.4400,0.0293,-1.4181,0.4079,1.4275,1.0579,1.4566
0.6586,4.1501,0.3341,path,1.5452,4.1200,0.0196,-0.5231,0.4003,0.7751,0.4423,0.9771
0.3816,7.7977,0.1646,combined,1.4011,5.3800,0.3816,0.1679,0.3426,1.0593,0.3396,0.6779
0.4445,10.3083,0.1155,turn,0.0000,6.1800,0.0000,nan,nan,0.3327,0.1259,0.6228
0.3835,6.8542,0.4021,path,2.7591,5.9800,0.0062,-0.0751,0.3761,1.6649,0.8024,0.6687
0.3338,3.1675,0.0485,turn,0.0000,6.9400,0.0000,nan,nan,0.4779,0.1125,1.2703
0.1551,3.5197,0.6497,path,2.0381,4.9400,0.0084,-0.1411,0.0644,0.6880,0.4230,0.4190
0.4332,14.2624,0.9545,path,1.5198,7.0200,0.0170,-0.3304,0.2802,1.4981,0.8975,0.8522
0.2641,4.5882,0.0856,lateral,0.7376,6.8800,0.2611,-0.0378,0.2614,0.4482,0.1334,0.4782
0.6726,9.8723,0.7459,path,0.1677,7.4800,0.0291,-0.2943,0.6048,1.6796,1.0070,1.4531
0.3482,1.5647,0.1056,straight,0.6944,5.5400,0.3462,-0.3479,0.0155,0.2512,0.1095,0.4223
0.4422,3.4274,0.3061,lateral,1.0875,4.8000,0.4422,-0.1767,0.4054,0.5611,0.2190,0.8089
0.2798,8.4242,1.2364,path,2.3349,6.6400,0.0199,0.1205,0.2526,1.6279,0.9107,0.9888
0.9037,21.6017,0.1750,combined,1.7337,4.3400,0.6632,0.3025,0.8515,1.5652,0.6222,0.7148
0.3679,6.5117,0.1427,turn,0.0000,5.3200,0.0000,nan,nan,0.6308,0.1477,0.4479
0.4570,7.6331,0.6152,path,4.3534,7.1600,0.0063,0.4295,0.1562,1.4943,0.6982,0.6085
0.5009,13.4689,0.0956,combined,1.3822,4.2400,0.3891,0.3603,0.3479,1.4385,0.5332,1.4466
0.6067,24.3681,0.8179,path,2.4721,4.6000,0.0270,-0.3331,0.5071,1.6253,0.9068,1.3587
0.1229,4.7732,1.2302,path,3.3973,5.7600,0.0126,-0.0955,0.0772,1.4763,0.7221,0.6317
0.4517,3.0503,0.0747,combined,1.9691,6.7000,0.4517,-0.1305,0.4324,0.6284,0.2880,0.8859
0.3188,0.3226,0.1854,combined,0.0581,7.9400,0.0232,0.0154,0.3184,0.3844,0.1065,0.4197
0.2561,6.7566,0.1078,straight,0.0782,4.7600,0.0248,0.2512,0.0499,0.2837,0.1170,0.6701
0.7528,19.5033,0.2614,combined,1.9154,4.4200,0.7528,-0.7454,0.1050,0.6522,0.2577,0.3612
0.3679,5.0270,0.0565,combined,2.1008,7.1600,0.3679,-0.3572,0.0878,0.6526,0.2631,0.3949
0.3689,5.4008,0.0620,lateral,0.4434,4.0800,0.3678,-0.2900,0.2280,0.2685,0.1056,0.3890
0.3213,3.9445,0.0826,combined,0.7208,7.1600,0.1075,0.3209,0.0171,1.0172,0.2337,0.9855
1.2872,13.9376,1.0495,path,1.6887,6.2000,0.0273,-1.0552,0.7372,1.5876,0.7470,1.3644
0.2344,2.1837,0.2695,path,1.4046,4.3400,0.0066,-0.1527,0.1779,0.8215,0.3480,0.3292
0.1387,7.4601,0.2230,path,1.9327,4.3200,0.0090,-0.1314,0.0446,1.2117,0.5109,0.4511
0.3657,4.1854,0.0944,combined,1.0231,7.5200,0.3657,-0.2301,0.2842,0.5333,0.1491,0.9853
0.3832,3.8925,0.0589,combined,1.5073,4.8400,0.3799,-0.3773,0.0670,0.5734,0.2534,1.2707
0.5314,8.1117,0.1041,path,0.7252,4.1000,0.0067,0.5311,0.0160,1.5077,0.7920,0.3379
1.0258,29.2723,1.2512,path,2.4133,6.6400,0.0246,0.2157,1.0029,1.8461,1.1379,1.0229
0.2613,5.7490,0.2949,path,1.4276,7.7400,0.0220,0.1359,0.2232,1.4493,0.8121,1.1007
1.6188,10.3384,1.5660,path,4.7680,6.5600,0.0133,-0.3370,1.5834,1.6280,1.0865,1.4232
0.2595,16.0224,0.0591,combined,2.1678,5.9800,0.2595,-0.2567,0.0381,0.6464,0.3296,0.7074
0.3748,3.5324,0.1440,lateral,0.6326,6.7000,0.3638,-0.1993,0.3174,0.3209,0.1157,0.8495
0.5989,3.0913,0.1702,combined,1.3592,4.3200,0.5989,-0.5866,0.1205,0.4995,0.2478,1.4228
0.3097,6.8327,0.2262,combined,1.4179,5.4600,0.3097,-0.2485,0.1849,0.5264,0.2270,1.2013
0.3493,10.9247,0.0335,combined,0.6200,6.7000,0.3470,-0.2701,0.2215,0.3499,0.1093,0.7347
0.5745,1.5312,1.2902,path,5.4500,6.7400,0.0263,-0.1855,0.5437,1.6404,1.2911,1.3154
0.0047,0.7912,0.0225,stand,0.0000,7.6600,0.0000,nan,nan,0.1226,0.0415,1.2560
0.5262,10.2013,0.8337,path,0.7881,6.7400,0.0079,-0.4724,0.2317,1.4339,0.5752,0.3935
0.3277,17.2078,1.8775,path,1.5380,6.4400,0.0235,0.3147,0.0912,1.8549,1.0954,1.1742
1.0675,4.4087,0.7113,path,1.7476,7.3600,0.0275,-0.6145,0.8729,1.7088,0.8407,1.3714
0.2904,5.6140,0.6892,path,3.7503,6.1000,0.0169,-0.2904,0.0046,1.2439,0.7513,0.8431
0.8323,0.4708,1.1393,path,4.4189,6.7400,0.0232,0.1358,0.8211,1.3043,0.8627,1.1632
0.3947,7.9829,0.1559,turn,0.0000,7.6800,0.0000,nan,nan,0.4231,0.1193,0.3376
0.4942,22.8481,0.6574,path,3.9153,7.5000,0.0173,0.4003,0.2899,1.4833,0.9687,0.8632
0.0889,2.5492,0.8343,path,2.4763,7.0000,0.0175,0.0046,0.0888,1.2044,0.8005,0.8751
0.8876,22.6901,1.3152,path,6.2024,6.8200,0.0214,0.4546,0.7624,1.6476,1.1889,1.0786
0.4047,7.1605,0.5996,path,0.7995,5.5800,0.0151,0.2092,0.3464,1.4858,0.6733,0.7533
0.3792,14.6380,0.3781,lateral,1.1133,4.0200,0.3792,-0.3734,0.0660,0.5078,0.2051,0.6244
0.7595,5.8740,0.5972,path,5.6850,6.9000,0.0209,-0.7342,0.1946,1.4513,0.9533,1.0432
0.5559,5.5894,0.0826,combined,1.6132,7.7000,0.5559,0.0997,0.5469,1.3988,0.3252,0.0000
0.1017,2.6305,1.2040,path,2.2215,7.8200,0.0113,0.1010,0.0120,1.2389,0.6657,0.5673
0.8514,22.6573,0.8929,path,3.7287,5.6800,0.0205,0.5391,0.6590,1.6812,1.1465,1.0268
0.2206,2.6879,0.4749,path,2.2422,6.9400,0.0138,0.0854,0.2034,1.3545,0.7080,0.6900
0.5668,13.0556,0.1527,combined,2.2042,6.9800,0.5668,-0.5638,0.0580,0.6186,0.2744,0.4688
0.1597,1.6305,0.1436,path,2.3394,7.4800,0.0068,0.0058,0.1596,0.8683,0.3658,0.3426
0.3100,0.0700,0.0282,combined,0.5146,4.9200,0.0567,0.2359,0.2011,0.5271,0.1933,0.6034
0.4730,1.4197,0.1347,turn,0.0000,5.3200,0.0000,nan,nan,0.8028,0.1625,1.0532
0.4429,5.8086,0.3023,path,1.6675,4.5000,0.0059,0.0968,0.4321,1.0387,0.4727,0.4288
0.1811,0.8124,0.9704,path,3.0930,6.9600,0.0182,-0.1423,0.1120,1.2783,0.8359,0.9111
0.3027,1.3335,0.0604,combined,1.7234,7.2400,0.1893,0.2242,0.2033,1.2084,0.3078,1.2381
0.6538,6.2081,0.0401,lateral,0.0205,7.0000,0.0166,0.5696,0.3209,0.3791,0.1375,1.0319
0.4854,4.8792,0.0837,turn,0.0000,4.7600,0.0000,nan,nan,0.3946,0.1555,0.4961
1.0905,6.9683,0.7206,path,4.8802,5.1400,0.0227,-1.0500,0.2943,1.6423,0.8149,1.1371
0.0816,37.4196,0.4096,path,2.9623,7.5400,0.0198,0.0309,0.0756,1.3508,0.8441,1.0039
0.1242,2.4951,1.2362,path,4.1017,6.4400,0.0137,0.0938,0.0815,1.4108,0.7864,0.6866
0.4710,1.8505,0.1166,straight,0.7756,5.5200,0.1057,0.4646,0.0772,1.2852,0.3541,0.6111
0.2738,2.3955,0.3086,path,0.9520,4.1800,0.0212,0.2476,0.1168,1.3225,0.6647,1.0626
0.6431,6.0072,0.4826,path,2.7380,4.1600,0.0194,-0.6298,0.1297,0.9884,0.6746,0.9703
0.4869,6.8944,0.1127,combined,1.7156,6.4800,0.4869,-0.0426,0.4850,1.0198,0.3213,0.3258
0.2960,4.4981,0.0585,lateral,1.2661,5.5600,0.2927,-0.1511,0.2546,0.5225,0.2199,1.2586
0.3005,2.4163,0.1879,combined,0.2062,4.8000,0.1920,-0.1959,0.2279,0.4466,0.1020,0.5110
0.5118,11.5119,0.0775,lateral,0.9798,4.1000,0.5118,-0.4431,0.2562,0.4872,0.1676,0.3841
0.2111,7.3670,0.3920,path,2.4464,7.9400,0.0158,-0.0952,0.1884,1.4547,0.6908,0.7885
0.3394,2.1869,0.1693,turn,0.0000,7.5200,0.0000,nan,nan,0.4901,0.1141,0.3924
0.4669,15.9917,0.0774,combined,0.8572,4.2600,0.4669,-0.4472,0.1343,0.2571,0.1478,0.8898
0.8080,2.9758,1.4208,path,5.6722,6.5800,0.0295,-0.8064,0.0519,1.7216,1.2610,1.4738
0.4653,8.3882,0.1836,turn,0.0000,4.3400,0.0000,nan,nan,0.3779,0.1547,0.6316
0.4401,0.1926,1.5702,path,2.2057,6.3800,0.0281,-0.2862,0.3344,1.7918,1.2715,1.4099
0.3716,6.2237,0.1329,lateral,1.2097,6.2000,0.3716,-0.2637,0.2618,0.5352,0.1842,0.0000
0.4466,1.4234,0.1602,turn,0.0000,7.6200,0.0000,nan,nan,0.4441,0.1187,0.9383
1.5078,3.3527,0.4578,path,2.6510,7.6600,0.0314,-1.5073,0.0388,0.9933,0.5817,1.5682
0.6975,6.1884,1.0269,path,2.4355,7.4400,0.0293,-0.5821,0.3842,1.2757,0.9302,1.4636
0.5465,8.4205,0.0831,straight,1.1405,4.0800,0.1326,0.5321,0.1244,1.2626,0.5094,1.0644
0.0611,2.9280,0.3911,path,2.1118,5.5400,0.0078,-0.0607,0.0072,1.4490,0.4406,0.3903
0.4419,3.3141,0.0943,lateral,1.2185,6.8800,0.4419,-0.2076,0.3900,0.6147,0.1868,1.2806
0.3105,8.6351,0.1313,straight,0.9471,5.2200,0.0785,0.3104,0.0070,1.2019,0.4247,1.4303
0.9705,6.4028,1.0184,path,0.3060,4.7200,0.0283,-0.1713,0.9553,1.2867,0.5969,1.4181
0.4830,16.5215,0.0890,combined,1.9087,6.5400,0.4830,-0.1260,0.4663,1.5149,0.4454,0.3931
0.3608,7.3558,0.0770,turn,0.0000,5.4400,0.0000,nan,nan,0.3104,0.1141,1.1739
0.1521,6.6751,0.8338,path,3.3607,4.3200,0.0185,-0.1262,0.0848,1.3742,0.8337,0.9206
0.4858,8.4650,0.1522,turn,0.0000,7.7200,0.0000,nan,nan,0.6012,0.1111,0.3340
0.3891,2.5847,0.0205,turn,0.0000,7.1200,0.0000,nan,nan,0.5636,0.1146,1.3050
0.2987,11.4873,0.0958,combined,0.4460,4.9200,0.2969,-0.2075,0.2149,0.5823,0.1841,0.3620
0.8833,17.8910,0.9590,path,3.7502,4.3200,0.0291,-0.7232,0.5071,1.6170,0.9823,1.4573
0.6157,4.3826,0.1319,combined,1.9198,6.3000,0.6157,-0.5918,0.1698,0.5215,0.2466,0.9766
0.3652,4.6241,0.1937,combined,1.8447,7.2200,0.3581,0.0998,0.3513,1.1303,0.3168,0.9965
0.4149,3.5159,0.1406,lateral,0.0714,7.5200,0.0686,0.1145,0.3988,0.3143,0.1116,0.6101
0.3322,5.9963,0.0381,combined,0.4956,6.3800,0.3317,-0.2523,0.2160,0.8217,0.1846,1.5612
0.0994,0.6780,0.3314,path,0.8720,4.6000,0.0206,0.0898,0.0427,1.6476,0.8905,1.0326
1.3532,39.4969,0.7622,path,6.4396,7.1400,0.0311,1.2968,0.3866,1.8304,1.2511,1.2350
0.4861,0.0006,0.0516,turn,0.0000,6.6200,0.0000,nan,nan,0.3081,0.1257,1.4207
0.4000,3.0640,0.1291,turn,0.0000,5.9200,0.0000,nan,nan,0.2695,0.1147,1.0654
0.0315,2.5338,0.0914,stand,0.0000,4.9400,0.0000,nan,nan,0.2158,0.0479,0.5539
0.3661,2.4081,0.1117,lateral,0.0242,6.0200,0.0242,-0.0072,0.3660,0.2445,0.1078,1.3206
0.2522,0.2392,1.4068,path,4.8509,4.8000,0.0219,-0.2402,0.0769,1.7342,1.1657,1.0961
0.1100,9.0692,0.1324,path,0.9017,7.7000,0.0105,0.0850,0.0699,1.5942,0.8144,0.5276
0.3761,7.2820,0.0417,lateral,0.6652,7.5400,0.3429,-0.0566,0.3718,0.4050,0.1269,1.4359
0.6150,0.3297,1.2245,path,3.2335,6.8200,0.0183,0.4207,0.4486,1.3977,0.9073,0.9111
0.6557,23.1023,0.3753,path,2.4533,6.6800,0.0104,0.6540,0.0461,1.4126,0.7514,0.5225
0.1335,1.8306,0.5671,path,3.2081,5.1800,0.0028,-0.0471,0.1250,1.4687,0.9429,0.8387
0.4292,1.7863,0.1119,straight,1.1011,6.1000,0.0566,0.4200,0.0885,1.5361,0.4398,1.0541
0.2841,12.4632,0.5254,path,2.4734,4.3000,0.0164,-0.2050,0.1967,1.6632,0.6411,0.8187
0.0572,3.2581,0.0143,stand,0.0000,5.3400,0.0000,nan,nan,0.2999,0.0373,1.2321
0.2994,6.8318,0.1123,straight,1.4141,6.3000,0.2994,-0.2868,0.0857,0.5090,0.2078,0.4237
0.4735,7.0280,0.0090,lateral,1.1806,6.7000,0.4735,-0.2507,0.4017,0.5369,0.1707,0.3482
0.1729,11.9704,1.1060,path,2.3900,6.4600,0.0203,-0.1720,0.0178,1.7167,1.0201,1.0147
0.6424,24.8945,0.2179,path,2.1758,7.4000,0.0091,0.6347,0.0994,1.6714,0.8366,0.4580
1.7039,16.6886,1.4154,path,1.9304,5.2800,0.0305,-0.3674,1.6638,1.4583,0.8402,1.5187
0.4367,4.7718,0.0236,turn,0.0000,4.1400,0.0000,nan,nan,0.8546,0.2168,1.1885
0.3136,1.6119,0.0966,turn,0.0000,7.0800,0.0000,nan,nan,0.9403,0.1640,1.4568
0.4185,4.5797,0.0142,lateral,0.5295,5.3800,0.4131,-0.1550,0.3887,0.3512,0.1231,0.6793
0.1671,3.3515,0.1796,turn,0.0000,4.5000,0.0000,nan,nan,0.2572,0.0946,0.5794
0.4389,9.8953,0.4027,path,1.2341,4.1000,0.0060,-0.1127,0.4242,1.1705,0.3961,0.3019
0.1770,11.9135,0.0828,combined,1.2852,4.7600,0.1765,-0.1040,0.1432,0.6775,0.2578,1.5804
0.7383,15.4582,0.7540,path,3.0758,4.9800,0.0220,-0.7199,0.1636,1.4092,0.7752,1.0946
0.1860,2.5058,0.3815,path,2.0473,4.4800,0.0091,-0.0824,0.1668,0.8194,0.4890,0.4571
0.7950,3.2337,0.4695,path,2.5724,4.1800,0.0262,-0.5792,0.5446,1.4522,0.7448,1.3084
0.7547,4.8666,1.3426,path,1.8448,4.8600,0.0232,0.2117,0.7244,1.7668,0.9059,1.1526
0.6017,2.7334,0.1050,combined,1.3884,6.2600,0.6017,-0.5955,0.0866,0.4292,0.1879,1.4567
0.1964,9.9851,0.1310,lateral,0.5278,5.4800,0.1936,-0.0977,0.1703,0.3636,0.1222,0.4338
0.5179,14.5630,0.1516,combined,2.0089,5.5800,0.5179,-0.2838,0.4332,0.7203,0.3301,1.4644
0.5026,4.1427,0.4689,path,1.5184,4.9400,0.0148,-0.2901,0.4104,0.7289,0.4575,0.7464
0.5273,15.8097,0.0555,lateral,1.4380,4.8000,0.5273,-0.4976,0.1744,0.5304,0.2149,0.6451
0.4904,10.5829,0.1740,lateral,1.1953,4.3200,0.4904,-0.3816,0.3081,0.4860,0.2107,1.0367
1.2820,17.9023,1.4890,path,2.4723,4.7400,0.0297,-1.2764,0.1200,1.6426,0.7498,1.4890
0.6073,3.5544,0.1389,combined,1.4190,5.5800,0.6073,-0.5045,0.3381,0.6180,0.2120,1.0542
0.2238,3.2668,0.4934,path,1.1897,4.5600,0.0098,-0.2034,0.0934,0.7575,0.4086,0.4917
0.4342,2.0790,0.0771,combined,0.6738,5.6400,0.4342,-0.1414,0.4105,0.3739,0.1646,0.3800
0.2927,2.6219,0.6662,path,3.8029,7.6800,0.0131,-0.1633,0.2429,1.2640,0.6165,0.6547
0.5343,9.1678,0.0968,combined,0.8524,5.2200,0.5278,-0.2103,0.4912,0.5113,0.1969,1.4173
0.6667,7.5179,0.9950,path,2.2549,5.0400,0.0137,-0.5646,0.3546,1.1849,0.4758,0.6859
0.4190,7.0998,0.0690,turn,0.0000,5.2000,0.0000,nan,nan,0.8539,0.1779,0.5101
0.1822,3.9573,0.7761,path,0.8638,6.3600,0.0142,-0.1173,0.1395,1.0434,0.6162,0.7124
1.5516,26.7037,0.9973,path,2.3554,7.5000,0.0299,-1.3248,0.8076,1.4859,0.7376,1.4970
0.3434,0.4482,0.1163,lateral,0.0643,7.4800,0.0643,-0.2706,0.2114,0.2624,0.1069,1.4025
0.8841,4.5082,0.2315,path,1.7478,6.4400,0.0231,-0.8461,0.2566,1.0750,0.4937,1.1591
0.4048,6.4934,0.1455,straight,0.9166,6.6400,0.4028,-0.3939,0.0932,0.2913,0.1157,1.4759
0.1292,4.5079,1.0100,path,1.4988,4.5200,0.0117,0.0685,0.1095,1.1206,0.6675,0.5850
0.5099,5.8768,0.0433,straight,0.0513,6.2200,0.0513,-0.5028,0.0847,0.3171,0.1154,1.4454
0.4286,2.2036,1.1531,path,5.1065,7.9200,0.0248,-0.3538,0.2419,1.5003,1.0730,1.2378
0.2843,2.5421,0.1617,path,2.1845,4.6600,0.0095,0.2183,0.1821,1.2829,0.5412,0.4749
0.3858,1.2532,0.0832,straight,1.0401,4.3200,0.3858,-0.3854,0.0168,0.3339,0.1762,0.7219
1.7542,29.7366,1.3553,path,3.2755,6.1400,0.0311,-1.0523,1.4036,1.5703,0.7734,1.5553
0.3389,3.2272,0.0577,turn,0.0000,5.9000,0.0000,nan,nan,0.3988,0.1130,0.3338
0.3191,5.6807,0.1517,combined,0.3219,6.4000,0.2712,-0.0794,0.3091,1.0780,0.2104,0.6282
0.3412,0.3191,0.0652,lateral,0.5790,7.2200,0.2644,0.1386,0.3118,0.3150,0.1210,0.6207
0.4671,13.5813,0.0132,lateral,0.7987,4.6800,0.4671,-0.4182,0.2080,0.3443,0.1173,1.2099
0.5614,4.9382,0.1382,combined,1.9605,5.6200,0.5614,-0.5223,0.2058,0.6750,0.3123,0.6776
0.3247,0.0413,0.0837,lateral,1.2027,7.0400,0.3200,-0.1173,0.3027,0.5754,0.1819,0.4251
0.6873,10.3250,0.6932,path,2.0595,5.0600,0.0267,0.5971,0.3404,1.5166,0.7423,1.3482
1.8495,29.0118,0.3710,path,0.6600,7.1800,0.0301,-0.6658,1.7256,1.3324,0.5029,1.5057
0.8981,2.4032,0.9816,path,2.7061,5.5800,0.0192,-0.8820,0.1693,1.1655,0.6041,0.9639
1.3920,6.6536,0.9232,path,0.6435,6.7000,0.0313,-0.4151,1.3287,1.6151,0.7290,1.5683
0.4939,5.3914,0.0844,straight,0.8760,7.7600,0.4939,-0.4882,0.0748,0.2336,0.1049,1.3017
0.0362,0.2800,0.0280,stand,0.0000,7.7400,0.0000,nan,nan,0.0625,0.0228,1.2055
0.4444,1.2681,0.2355,straight,1.6483,5.5000,0.1903,0.4337,0.0970,1.5283,0.4916,0.7030
0.4899,7.9271,0.1814,combined,0.9327,5.7000,0.4895,-0.2706,0.4084,0.5487,0.1531,1.4272
0.4736,1.3633,0.1209,straight,1.5821,6.3600,0.4736,-0.4727,0.0287,0.4805,0.2022,1.0367
0.3010,7.4993,1.3970,path,2.0846,7.8200,0.0258,-0.0234,0.3000,1.4718,1.0620,1.2894
0.5419,2.1251,0.0655,straight,0.5980,6.7600,0.4922,-0.4595,0.2873,0.2051,0.0800,0.0000
0.3471,7.5899,0.1376,turn,0.0000,4.8600,0.0000,nan,nan,0.4543,0.1321,1.3112
0.4347,19.0154,0.9517,path,3.7994,6.0800,0.0209,-0.2045,0.3836,1.3312,0.9323,1.0365
0.2200,1.1725,0.1045,turn,0.0000,7.1800,0.0000,nan,nan,0.3866,0.1007,1.5590
0.4260,9.6847,1.2453,path,6.8670,6.7600,0.0310,-0.4020,0.1411,1.7245,1.3180,1.5496
0.4832,2.4051,0.8315,path,2.8050,5.3600,0.0108,-0.4498,0.1766,1.1748,0.5328,0.5391
2.0757,47.8102,0.4359,path,5.3637,5.4600,0.0319,-1.5573,1.3723,1.5388,0.8830,1.5926
0.1655,10.7509,0.0950,combined,0.9442,4.5600,0.1653,0.0148,0.1648,0.5467,0.2476,0.5331
0.5829,0.8886,0.1162,combined,1.5952,7.3200,0.5824,-0.4662,0.3499,0.6590,0.2445,1.1764
0.6077,2.5633,0.8388,path,3.4189,5.7000,0.0129,-0.5778,0.1882,1.0826,0.5154,0.6456
0.4293,2.7816,0.7926,path,2.6204,5.1200,0.0252,-0.1295,0.4093,1.6009,1.0011,1.2595
0.9626,17.0906,0.3779,combined,2.2521,4.1600,0.9626,-0.7337,0.6231,1.0604,0.5326,0.4223
0.5838,4.0419,1.3965,path,6.5434,5.6800,0.0296,-0.5810,0.0565,1.9294,1.3953,1.4815
1.2567,44.8754,1.4627,path,3.1447,5.3400,0.0310,-1.1521,0.5020,1.5959,0.8219,1.5700
0.6850,6.7850,1.1882,path,5.4856,6.1000,0.0272,-0.6263,0.2775,1.5462,1.1147,1.3588
0.4366,8.6470,0.0374,combined,0.6129,4.7000,0.4294,-0.3724,0.2279,0.6005,0.1412,1.1064
0.2526,0.7751,0.6964,path,4.1933,6.6600,0.0144,-0.1689,0.1878,1.2148,0.6792,0.7190
0.2656,2.9603,0.0322,combined,0.6800,4.3800,0.2656,-0.2558,0.0715,0.4393,0.1450,1.2703
0.5177,5.0763,1.2412,path,0.4373,4.7200,0.0163,0.4991,0.1376,1.3405,0.9378,0.8174
0.6607,55.9599,0.1851,path,1.6492,6.5600,0.0230,0.6439,0.1480,1.7914,0.9946,1.1357
0.3231,2.7906,0.1515,turn,0.0000,5.1000,0.0000,nan,nan,0.5975,0.1300,1.2314
0.4794,1.4281,0.1071,turn,0.0000,5.8600,0.0000,nan,nan,0.6632,0.1284,0.3914
0.3700,4.1393,0.1270,straight,1.0202,6.3000,0.3601,-0.3063,0.2077,0.4038,0.1570,1.0879
0.2983,1.1839,0.0442,straight,1.2421,6.7600,0.2983,-0.2782,0.1075,0.4686,0.1828,1.3478
0.3253,2.4728,0.0302,lateral,0.2690,4.5000,0.2309,-0.1374,0.2949,0.2599,0.1199,0.6779
0.1846,2.3088,0.2331,path,1.9238,6.5000,0.0066,-0.0979,0.1565,0.9978,0.3461,0.3364
0.2256,2.6754,0.1263,combined,1.6398,7.1200,0.2210,0.1443,0.1735,0.9325,0.2935,0.3701
0.2648,8.8217,0.3157,combined,1.6621,6.8400,0.2632,-0.0955,0.2470,0.5630,0.2417,1.4882
0.9176,2.8976,1.3291,path,5.3612,6.8000,0.0231,-0.7540,0.5230,1.6858,0.8703,1.1536
0.2558,17.2359,0.5848,path,2.4783,7.3800,0.0072,0.2164,0.1364,1.1988,0.5022,0.3615
0.0552,0.0763,0.0754,lateral,0.7218,4.0400,0.0548,-0.0219,0.0507,0.4512,0.1906,0.3949
0.3231,2.9189,0.3719,path,1.3256,4.0600,0.0066,0.2200,0.2366,1.0702,0.4339,0.3289
0.7103,13.4314,0.2185,combined,1.9339,5.2400,0.7103,-0.3543,0.6157,1.3915,0.4376,1.3424
0.8072,31.9195,1.1179,path,3.9781,5.2400,0.0209,0.3693,0.7177,1.4067,1.1264,1.0415
0.2045,15.8304,0.5366,path,4.3939,7.0600,0.0173,0.1964,0.0569,1.5718,0.8672,0.8631
1.0317,1.4113,1.4604,path,4.5691,6.2800,0.0243,0.8466,0.5896,1.7727,1.2958,1.2131
0.7849,0.2320,0.6651,path,4.6630,5.0600,0.0201,-0.7077,0.3394,1.3064,0.7865,1.0049
0.1524,3.7515,0.3079,path,1.7781,5.6200,0.0066,-0.0476,0.1448,0.5888,0.3419,0.3277
0.8978,6.4860,1.0322,path,5.3446,5.7800,0.0281,-0.8060,0.3956,1.6802,1.0815,1.4038
0.4460,2.2914,0.1024,combined,0.9359,4.7400,0.4460,-0.0334,0.4447,0.9997,0.3051,0.4782
0.1978,11.2202,0.0339,stand,0.0000,7.5600,0.0000,nan,nan,0.6295,0.0807,1.4837
0.2292,14.0232,0.1122,path,1.4380,4.2600,0.0073,0.1100,0.2010,0.9063,0.4401,0.3641
0.2640,13.3144,0.4208,path,2.7636,4.8400,0.0120,-0.2554,0.0666,1.0900,0.6357,0.6051
0.3453,9.3738,0.5079,path,2.9390,7.4800,0.0084,-0.0051,0.3453,0.7235,0.4385,0.4205
0.5370,3.1257,0.0624,straight,1.7127,6.0000,0.0288,0.5366,0.0212,1.5630,0.5722,0.9872
0.2573,1.4651,1.1545,path,4.0341,4.1200,0.0208,-0.2121,0.1458,1.7317,1.2105,1.0404
0.0782,11.8798,0.2471,path,1.3943,4.6600,0.0068,0.0780,0.0061,1.1733,0.5133,0.3406
0.1325,1.9540,1.0292,path,0.6300,6.9600,0.0160,0.1322,0.0086,1.3675,0.7663,0.8001
0.5258,2.2658,1.0093,path,3.3530,4.0400,0.0212,0.2693,0.4516,1.5741,1.0013,1.0567
0.3373,2.7465,0.0973,combined,0.8436,7.3400,0.3045,-0.1967,0.2740,0.4695,0.1403,1.0677
0.3852,5.4345,0.1037,turn,0.0000,5.4400,0.0000,nan,nan,0.8158,0.1544,0.8345
0.5627,4.9258,0.1320,combined,1.6526,5.4400,0.5571,-0.2744,0.4912,1.0012,0.3180,1.3995
0.4037,0.5382,0.0813,straight,0.8607,5.9200,0.0840,0.4004,0.0515,1.2842,0.3706,0.9177
0.0954,6.2525,0.2605,path,0.2336,7.3200,0.0141,0.0193,0.0934,1.3339,0.8096,0.7071
0.2350,5.3884,0.5654,path,1.7920,6.2200,0.0107,-0.2295,0.0504,1.1274,0.5388,0.5353
0.2697,5.1630,0.7422,path,5.3397,7.8800,0.0137,-0.2544,0.0895,0.9516,0.6605,0.6791
0.2855,1.1629,0.1094,stand,0.0000,5.3400,0.0000,nan,nan,0.3913,0.1334,1.1369
1.2890,12.2868,1.3350,path,6.6269,6.6600,0.0234,-0.9249,0.8977,1.5869,0.9464,1.1534
0.4263,10.6889,0.1444,turn,0.0000,7.0400,0.0000,nan,nan,0.6124,0.1176,0.5081
0.6067,5.1938,0.7176,path,4.0734,5.4200,0.0159,-0.5903,0.1400,1.5402,0.6936,0.7950
0.4999,4.8775,0.1006,straight,1.2327,4.8000,0.4999,-0.4856,0.1186,0.4051,0.1990,0.4197
0.5315,8.9143,0.0054,lateral,0.6160,5.8200,0.5144,-0.2913,0.4446,0.2997,0.1149,1.4919
0.7442,12.6958,0.3157,path,0.7823,6.4200,0.0138,-0.6343,0.3892,0.5854,0.3152,0.6906
0.4960,1.2483,0.1008,straight,1.5009,5.5200,0.4960,-0.4939,0.0456,0.4501,0.2183,1.3728
0.3749,9.6794,0.0821,lateral,1.0612,6.3800,0.3749,-0.1460,0.3453,0.4138,0.1639,1.2871
1.1325,3.1510,0.4111,path,1.1651,6.5600,0.0306,-1.0329,0.4646,1.2356,0.7316,1.5277
0.8609,0.8650,0.8304,path,2.7858,7.0000,0.0207,0.7952,0.3300,1.3065,0.7067,1.0516
0.0252,1.1744,0.0197,stand,0.0000,6.9000,0.0000,nan,nan,0.1212,0.0356,0.6879
0.4258,15.4265,0.2676,path,4.4210,6.4800,0.0137,0.0454,0.4234,1.4194,0.7009,0.6865
0.5047,13.2537,1.1787,path,3.0894,4.1800,0.0179,-0.4669,0.1916,1.2503,0.7102,0.8949
0.2342,7.0890,1.0947,path,2.1237,7.9200,0.0192,-0.1434,0.1851,1.7946,1.1837,0.9600
0.4232,10.0130,0.8636,path,0.9945,6.3200,0.0226,-0.3883,0.1684,1.1176,0.7882,1.1299
0.3672,7.3250,0.0861,lateral,0.5358,4.0200,0.3672,-0.2959,0.2175,0.2736,0.1122,1.2381
0.2748,0.4636,0.1208,straight,0.2145,6.1200,0.2142,-0.2713,0.0439,0.2098,0.0922,1.2680
0.2753,5.6583,0.2737,combined,1.7295,6.1000,0.2753,-0.0386,0.2726,0.7975,0.3185,0.7597
0.3301,3.2318,0.0436,turn,0.0000,6.6600,0.0000,nan,nan,0.5527,0.1349,1.1584
0.2619,0.4876,1.0568,path,0.8929,6.6200,0.0171,0.2285,0.1281,1.3099,0.8935,0.8589
0.4139,3.1233,0.0744,straight,1.1381,4.7800,0.0826,0.4084,0.0674,1.0656,0.3747,1.4228
0.2815,12.2853,0.9016,path,2.9944,5.5800,0.0168,-0.0762,0.2710,1.4143,0.8228,0.8397
0.1895,6.4786,0.4637,path,3.0603,6.8200,0.0088,0.1850,0.0410,0.7606,0.4826,0.4611
0.7097,4.9144,0.9296,path,3.6498,5.6800,0.0150,-0.6892,0.1692,1.3501,0.5754,0.7476
0.6436,7.9585,0.8643,path,1.8727,4.9000,0.0148,0.6400,0.0686,1.5660,0.8982,1.3433
0.0354,1.7782,0.0106,stand,0.0000,6.6800,0.0000,nan,nan,0.2638,0.0403,0.8578
1.3234,13.8931,0.4834,path,2.7469,6.3400,0.0314,-0.5523,1.2026,1.4711,0.9685,1.5721
0.4168,10.9369,0.0313,stand,0.0000,6.8200,0.0000,nan,nan,0.7103,0.1148,0.4444
0.7119,2.5986,0.3219,path,2.7744,6.2800,0.0095,-0.6676,0.2473,1.1296,0.3831,0.4957
0.3984,2.4606,0.8265,path,2.4212,5.1600,0.0171,0.0889,0.3883,1.3503,0.7945,0.8538
0.1344,8.4484,0.4056,path,1.4865,4.8200,0.0062,-0.0431,0.1272,0.8535,0.4202,0.3107
0.4464,12.0552,0.2548,lateral,1.0994,5.0000,0.4461,-0.1608,0.4164,0.5212,0.2166,0.8495
1.0916,9.3161,1.3411,path,3.1692,5.8600,0.0301,-0.6647,0.8659,1.4670,0.9030,1.4878
0.1332,3.0078,1.3172,path,3.6388,7.6800,0.0175,-0.0865,0.1013,1.7290,1.1762,0.8813
0.5817,11.3893,0.0491,combined,1.3487,5.3400,0.5817,-0.2151,0.5404,0.9627,0.3028,0.3612
0.5829,3.0260,1.3435,path,3.2204,7.9800,0.0246,-0.2046,0.5458,1.6362,1.1301,1.2112
0.2936,5.6280,0.5587,path,2.8054,4.3600,0.0176,-0.2855,0.0683,1.3785,0.7752,0.8830
0.4242,4.7161,0.1271,turn,0.0000,6.6600,0.0000,nan,nan,0.2810,0.1059,1.2472
0.8032,7.1393,0.3773,straight,1.2418,4.4600,0.2376,0.7289,0.3375,1.5691,0.6561,1.0319
0.2580,6.3399,0.0569,lateral,0.0216,7.1200,0.0216,0.0383,0.2551,0.2157,0.0869,1.2213
0.3868,1.0634,0.1054,turn,0.0000,4.2200,0.0000,nan,nan,0.6126,0.2217,1.2586
0.4401,9.4082,0.3411,path,2.1871,4.0600,0.0111,-0.1395,0.4174,0.9546,0.5299,0.5565
0.9338,0.8029,0.5777,path,4.6145,7.5600,0.0289,0.9196,0.1623,1.6217,1.0845,1.4312
0.2760,2.6746,0.0724,turn,0.0000,6.0400,0.0000,nan,nan,0.4958,0.1263,0.8089
0.4091,0.3245,0.0614,straight,1.8399,5.3800,0.0253,0.4084,0.0246,1.6447,0.6073,1.2560
1.0276,12.6742,0.3202,path,2.0521,5.3400,0.0078,0.5397,0.8745,1.8775,0.8668,0.3899
0.1846,8.5977,0.3142,path,1.9671,5.2400,0.0319,0.1843,0.0114,1.6473,0.8846,1.5777
0.4680,5.4771,0.0428,lateral,0.8132,5.3600,0.4617,-0.2631,0.3871,0.4409,0.1563,0.6244
0.4252,12.5351,1.2011,path,2.0834,7.0800,0.0211,0.3796,0.1916,1.8001,0.8272,1.0530
0.5623,20.0185,0.2442,path,3.3244,4.1800,0.0160,-0.3625,0.4298,1.5229,0.8118,0.7954
0.0257,1.1242,0.0669,stand,0.0000,6.2200,0.0000,nan,nan,0.1427,0.0418,0.4479
0.3296,7.5385,0.0782,combined,0.4802,4.7800,0.3296,-0.3171,0.0898,0.7761,0.2179,0.5110
0.6326,20.0871,0.0770,combined,2.1794,5.1800,0.6326,-0.6307,0.0483,0.6365,0.3138,1.0532
0.0932,3.3480,0.5306,path,2.0842,5.3800,0.0066,-0.0519,0.0774,0.6478,0.4249,0.4031
0.3659,10.4101,0.0390,combined,0.8068,4.6600,0.3638,-0.2555,0.2619,0.4097,0.1463,1.2806
0.7198,1.5309,0.8387,path,4.4609,5.5600,0.0190,-0.5806,0.4255,1.5179,0.7975,0.9507
0.2452,1.7336,0.0640,straight,1.5456,7.4600,0.2452,-0.2412,0.0436,0.5518,0.2120,0.4895
0.8357,8.1230,1.0469,path,3.3326,6.5600,0.0227,-0.6628,0.5089,1.3380,0.8507,1.1341
1.5480,7.6885,1.6430,path,5.6116,6.0000,0.0321,-1.4912,0.4154,1.8563,1.1766,1.6000
0.4197,4.8448,0.0274,straight,0.4801,6.4800,0.4117,-0.4177,0.0410,0.2654,0.0925,0.8859
0.4130,8.5878,0.2803,path,2.2864,5.3200,0.0129,-0.2774,0.3059,1.2308,0.5066,0.6457
0.3669,0.3521,0.1206,turn,0.0000,5.3400,0.0000,nan,nan,0.5800,0.1286,0.6111
0.6622,1.6543,0.0606,combined,1.2796,6.7400,0.6622,0.2104,0.6279,1.3690,0.3811,0.7148
0.2758,5.9129,0.3426,path,1.3872,7.9800,0.0113,0.0479,0.2716,0.9901,0.4028,0.5656
1.3152,12.4233,1.0786,path,2.6526,6.0200,0.0304,-0.4068,1.2508,1.3383,0.7888,1.5392
0.3621,3.2818,0.0028,turn,0.0000,4.4800,0.0000,nan,nan,0.7319,0.1282,1.3206
0.2466,3.7548,0.1420,lateral,0.1428,6.3400,0.1303,0.1018,0.2246,0.2853,0.1032,0.9853
0.2374,13.7019,1.0140,path,2.5902,7.2600,0.0191,0.2261,0.0724,1.3715,0.9649,0.9532
0.0482,2.4916,0.0153,stand,0.0000,4.6800,0.0000,nan,nan,0.2034,0.0563,1.5612
0.3225,6.7247,1.1028,path,4.9190,4.6800,0.0244,-0.3224,0.0033,1.6332,1.1319,1.2177
0.3760,4.4277,0.0474,lateral,0.0808,7.3600,0.0586,-0.1921,0.3232,0.2426,0.0951,0.9364
0.6106,12.4541,0.1315,combined,1.5846,6.5400,0.6106,-0.6037,0.0918,0.5923,0.1923,0.9855
0.2552,6.9653,0.0780,straight,0.4619,6.6000,0.0221,0.2547,0.0160,0.6666,0.2023,0.6701
0.3210,11.9494,0.0203,path,2.4455,7.2600,0.0071,0.1103,0.3014,1.3630,0.4250,0.3522
0.3573,1.3099,0.6439,path,1.6370,4.0800,0.0142,-0.2961,0.2000,0.9018,0.5383,0.7109
0.6385,29.6679,0.2308,path,2.2417,4.6200,0.0097,-0.3862,0.5085,1.4068,0.5595,0.4853
0.4826,4.0663,0.0316,straight,0.5733,5.3800,0.0245,0.4804,0.0466,0.9028,0.3003,0.3841
0.5793,0.2777,0.4075,path,2.5084,7.6000,0.0174,-0.2134,0.5386,1.3775,0.6427,0.8715
0.0926,2.4374,0.0734,stand,0.0000,4.9800,0.0000,nan,nan,0.4321,0.0738,0.3620
0.6669,8.4464,1.1847,path,3.3469,7.1000,0.0176,0.6065,0.2774,1.4221,0.7656,0.9101
0.7082,13.1658,1.1870,path,6.5225,6.0400,0.0290,-0.7082,0.0036,1.5315,1.2049,1.3727
0.2665,5.3774,0.5977,path,3.1543,7.9200,0.0039,-0.1483,0.2214,1.5289,0.6878,0.6020
0.5750,8.5716,0.7404,path,3.1319,6.5400,0.0106,-0.1200,0.5623,1.3876,0.5829,0.5292
0.2026,10.7982,0.1561,path,2.9761,7.5200,0.0299,0.1845,0.0837,1.6095,0.9246,1.5147
0.6205,1.2849,1.1583,path,5.0565,5.4800,0.0242,-0.5686,0.2484,1.4172,1.0210,1.2080
0.3841,7.9641,0.1199,lateral,0.5059,5.1600,0.3841,-0.2687,0.2745,0.3080,0.1244,0.9965
0.4454,6.3876,0.1027,lateral,1.3428,6.7000,0.4238,-0.0846,0.4373,0.5256,0.2102,1.2013
1.6729,20.3636,1.1998,path,5.4293,4.2400,0.0302,-1.5729,0.5698,1.4985,1.0157,1.5118
0.1545,6.6657,0.8559,path,1.7522,5.9800,0.0169,0.0501,0.1462,1.3081,0.6931,0.8484
0.2471,6.4083,0.0572,straight,0.9190,7.9200,0.2150,-0.2126,0.1260,0.3252,0.1409,1.0488
1.4990,20.8137,1.2688,path,6.5444,6.6000,0.0294,-1.0515,1.0683,1.8167,1.2765,1.4686
0.7155,5.6071,0.3611,path,3.6826,5.7200,0.0236,0.4241,0.5762,1.7041,0.8681,1.1801
0.4977,13.6845,0.1446,combined,1.7809,5.7600,0.4977,-0.4928,0.0698,0.5163,0.2328,0.8898
0.8052,4.1569,1.2130,path,4.6017,4.1000,0.0253,-0.6338,0.4967,1.7176,1.1673,1.2625
0.5121,9.4520,0.1290,combined,2.0570,7.6800,0.3361,0.4680,0.2080,1.7138,0.4437,0.6228
0.4300,8.5652,0.0395,combined,1.5076,4.9200,0.4300,-0.4264,0.0554,0.5207,0.2482,0.4237
1.3579,25.9360,0.3807,path,1.6466,7.3800,0.0287,-1.0551,0.8548,1.5720,0.8051,1.4322
0.6588,18.9083,1.0107,path,3.3547,6.7400,0.0160,-0.6288,0.1965,1.5495,0.7265,0.8019
0.1630,9.0008,0.3509,path,0.8892,7.0400,0.0161,0.1627,0.0092,1.6342,0.8763,0.8028
0.3679,1.6630,0.0887,combined,0.1360,4.3000,0.1131,0.0690,0.3614,0.2736,0.1354,1.4173
0.9240,3.3728,1.3152,path,2.5250,6.8600,0.0316,0.5681,0.7287,1.7693,1.1432,1.5954
0.3008,9.4094,0.7321,path,5.6829,7.7200,0.0172,0.0450,0.2974,1.4850,0.9167,0.8618
0.2741,9.0293,0.1591,lateral,0.9070,7.5400,0.2359,-0.0453,0.2704,0.3638,0.1344,1.4466
0.6075,12.1051,0.1764,combined,1.9667,4.8600,0.6075,-0.5965,0.1148,0.6059,0.3274,1.4568
0.2225,3.8600,1.1153,path,0.9123,5.2400,0.0098,0.0054,0.2224,1.0996,0.5892,0.4910
0.4553,10.3910,0.1971,straight,0.3289,4.1000,0.0283,0.4368,0.1287,0.6037,0.2238,1.2099
0.6509,37.7486,0.3277,path,3.4078,6.5000,0.0144,0.5326,0.3742,1.5418,0.8656,0.7230
0.2144,13.3389,0.3913,path,1.0467,4.6600,0.0133,0.0870,0.1959,1.5524,0.7451,0.6654
0.3462,9.9226,0.4214,path,2.9862,6.5200,0.0099,0.2847,0.1969,1.0244,0.6193,0.4932
0.8639,7.3123,0.6899,path,4.3048,4.8800,0.0188,-0.8079,0.3061,1.3047,0.7623,0.9365
0.4820,4.6946,0.1604,turn,0.0000,7.0800,0.0000,nan,nan,0.2788,0.1199,0.3376
0.2636,0.0453,0.1487,combined,0.5077,7.3600,0.2181,-0.2150,0.1524,0.4875,0.1127,1.2707
0.2878,2.2216,0.4055,path,2.4787,4.4800,0.0120,-0.2798,0.0672,1.3309,0.5816,0.5959
0.4821,1.7940,0.0960,straight,0.4128,4.7600,0.0471,0.4753,0.0805,0.8723,0.2632,1.0367
0.3726,10.4497,1.0898,path,3.7862,6.4400,0.0196,-0.3670,0.0641,1.3856,0.9159,0.9786
0.5750,1.8939,0.8751,path,1.3823,4.0200,0.0070,0.4794,0.3174,1.2456,0.5799,0.3508
1.1044,31.8985,0.3209,path,3.8358,7.4000,0.0166,0.7700,0.7917,1.5593,0.9701,0.8285
0.3231,3.2044,0.1856,combined,0.7193,7.3400,0.3231,-0.2078,0.2474,0.3083,0.1093,0.7347
0.4672,4.3758,0.2194,combined,2.1343,7.6200,0.4614,-0.1781,0.4319,1.2117,0.3461,0.3890
0.4499,17.2500,0.0418,combined,1.2978,5.1400,0.4499,-0.2999,0.3354,0.5453,0.2246,0.6793
0.5372,2.1348,0.3033,path,3.4390,4.7800,0.0203,-0.4154,0.3406,1.4174,0.7204,1.0111
1.3851,20.4161,0.6758,path,1.6658,7.6600,0.0247,-1.3229,0.4105,1.4746,0.7938,1.2347
0.7106,6.1262,0.5076,path,3.5512,4.5200,0.0186,-0.4656,0.5368,1.5286,0.8061,0.9571
0.5211,6.0773,0.2199,lateral,1.3967,5.2800,0.5211,-0.3439,0.3915,0.5321,0.2203,1.4567
0.6254,12.3282,0.1396,combined,2.1071,6.3400,0.6254,-0.5032,0.3713,0.5558,0.2632,1.4303
0.2576,2.7561,0.1286,lateral,0.4208,7.1800,0.2402,-0.1191,0.2284,0.3289,0.1173,0.4688
0.4854,5.9399,0.0604,combined,0.2602,6.7800,0.2450,-0.4575,0.1623,0.2803,0.1099,0.3258
0.4090,2.3628,0.7551,path,2.9974,5.8000,0.0042,-0.3765,0.1598,1.0573,0.4899,0.5571
0.6300,11.2789,0.0258,lateral,1.3987,6.5000,0.6285,-0.4193,0.4701,0.6256,0.1808,0.9383
0.4072,11.1119,0.2244,lateral,0.9365,4.1200,0.4072,-0.3576,0.1947,0.3631,0.1597,1.1064
0.3189,7.6316,0.1080,lateral,0.9111,4.1000,0.3093,-0.1128,0.2983,0.5129,0.2158,1.0879
0.5030,0.7145,0.0560,lateral,1.4336,6.2800,0.5007,-0.3799,0.3296,0.4957,0.1886,0.9766
0.4014,9.4175,1.1907,path,7.0585,6.3400,0.0257,-0.0368,0.3998,1.6176,1.2343,1.2902
1.0404,4.2563,0.5163,path,3.9141,4.7000,0.0188,-1.0201,0.2046,1.3064,0.7484,0.9412
0.2873,4.0897,0.1380,straight,1.2743,7.8400,0.1447,0.2872,0.0078,1.2705,0.3528,0.7074
1.0540,0.1632,1.4330,path,0.5012,4.3000,0.0136,-0.2465,1.0248,1.5953,0.7092,0.6819
1.2429,6.8619,0.9684,path,3.6066,5.2400,0.0254,-1.1445,0.4849,1.1940,0.6897,1.2696
0.5227,0.3185,0.0325,combined,0.7168,7.4200,0.5209,-0.4468,0.2712,0.7080,0.1395,0.0000
1.5534,44.7276,0.9667,path,3.8096,5.5400,0.0293,-1.3427,0.7811,1.3059,0.9172,1.4656
0.5811,3.2446,0.2216,combined,0.5607,5.8400,0.4801,-0.2132,0.5405,0.7852,0.1859,0.3482
0.4339,6.1333,0.1016,straight,1.4804,6.2600,0.0617,0.4336,0.0178,1.2653,0.3674,1.4359
1.0703,6.7099,1.1661,path,1.1776,6.7000,0.0310,-1.0585,0.1579,1.5637,0.9508,1.5478
0.2193,3.6085,1.0418,path,0.8317,4.8400,0.0176,0.0762,0.2056,1.4895,0.8766,0.8798
0.0228,0.9168,0.0836,stand,0.0000,6.8400,0.0000,nan,nan,0.2437,0.0589,1.0644
0.4232,0.0698,0.1403,straight,1.8909,5.3400,0.2421,0.4056,0.1209,1.5071,0.5200,0.5101
0.1539,4.0406,0.0411,combined,0.2469,4.8200,0.0062,0.1499,0.0349,0.3550,0.1109,1.5590
0.3265,0.3989,0.6570,path,2.8609,7.2200,0.0116,-0.2608,0.1963,0.9389,0.5230,0.5818
0.3964,10.5572,0.2012,lateral,0.5197,6.7600,0.3670,0.0569,0.3923,0.4178,0.1475,0.3931
0.4265,2.7942,0.0979,straight,1.0059,7.5800,0.0529,0.4040,0.1367,1.0944,0.2765,0.6034
0.1196,2.9804,0.3076,path,1.4376,4.5800,0.0063,-0.0305,0.1157,1.5022,0.3572,0.3175
0.1714,2.2589,0.6091,path,4.7090,7.1600,0.0156,0.1639,0.0501,1.4519,0.8101,0.7737
0.0680,0.3026,0.0415,stand,0.0000,4.5400,0.0000,nan,nan,0.2408,0.0555,0.3914
0.0350,1.3889,0.0464,stand,0.0000,7.0200,0.0000,nan,nan,0.2296,0.0403,0.0000
0.4058,5.0809,0.0836,straight,1.5546,5.2600,0.4058,-0.3414,0.2195,0.5478,0.2543,0.7219
0.3133,1.7303,0.1700,straight,0.1980,5.2200,0.0505,0.2574,0.1785,0.3991,0.1449,0.6282
0.3649,3.5005,0.0957,straight,0.4077,4.9400,0.3524,-0.3616,0.0492,0.2016,0.0776,1.3112
0.3019,8.2650,0.0715,lateral,0.9110,4.2400,0.3004,-0.2751,0.1245,0.4679,0.1740,0.4782
0.4077,10.5133,0.0575,turn,0.0000,5.6800,0.0000,nan,nan,0.3697,0.1107,0.3800
0.3265,6.0702,0.1226,lateral,0.1926,6.0800,0.1926,-0.3262,0.0135,0.1796,0.0653,0.5794
0.5497,14.6038,0.1629,combined,1.7224,6.1600,0.5497,0.1378,0.5322,1.5101,0.4727,1.1885
0.5851,0.3209,0.1225,combined,1.5272,5.3200,0.3203,0.4545,0.3686,1.6811,0.5616,0.4251
0.4488,1.3742,0.1054,combined,0.9973,6.9600,0.3157,0.3747,0.2471,1.2230,0.2652,1.3050
0.4992,2.2822,0.0804,straight,1.3261,7.7600,0.4991,-0.4991,0.0111,0.4111,0.1606,0.4961
0.3006,1.7678,0.0837,straight,1.4528,7.4400,0.3006,-0.2912,0.0747,0.5672,0.2086,0.3924
0.4262,0.2058,0.0771,turn,0.0000,4.7200,0.0000,nan,nan,0.8534,0.1732,1.4882
0.1492,1.6762,0.3050,path,3.0524,6.6400,0.0117,-0.0989,0.1118,1.2455,0.5961,0.5838
0.3493,8.9090,0.0560,straight,0.7046,4.0800,0.0949,0.3033,0.1733,0.8023,0.2961,0.5081
0.4603,5.0511,0.1165,straight,1.5512,6.8200,0.4603,-0.4389,0.1388,0.4521,0.1958,1.0654
0.4421,14.3635,0.0788,lateral,1.2614,7.1000,0.4421,-0.3624,0.2532,0.4405,0.1575,0.3340
0.4046,15.5815,0.1817,path,3.4453,4.4000,0.0162,-0.2366,0.3282,1.5222,0.8997,0.8113
0.4444,2.1694,0.0936,turn,0.0000,7.1400,0.0000,nan,nan,0.7364,0.1524,1.1739
0.2472,3.0673,0.3751,path,1.7118,4.4800,0.0077,-0.0620,0.2393,0.8989,0.4415,0.3865
1.0457,1.4544,0.8068,path,6.4684,5.6800,0.0277,-1.0170,0.2433,1.6888,1.2256,1.3745
0.4052,6.9688,1.1466,path,2.9697,4.7200,0.0152,-0.2016,0.3515,1.4608,0.7379,0.7612
0.2039,1.0418,0.1008,lateral,0.4042,6.7600,0.1961,-0.1420,0.1463,0.2520,0.0871,1.0541
0.5140,9.5953,1.4232,path,1.9092,7.5000,0.0276,-0.4017,0.3207,1.7891,1.1261,1.3796
0.3565,4.4572,0.3163,path,4.6018,6.3400,0.0145,-0.2979,0.1958,1.4484,0.7162,0.7264
1.3603,4.4228,0.2909,path,0.8876,7.5000,0.0272,-1.2812,0.4572,1.5088,0.6236,1.3600
0.1110,2.6648,0.7989,path,2.2499,6.1000,0.0082,-0.1079,0.0262,1.4490,0.4881,0.4085
0.0679,5.0173,0.9821,path,4.1631,4.1200,0.0203,0.0359,0.0576,1.6216,1.0398,1.0096
0.2975,3.9289,0.1595,turn,0.0000,4.7400,0.0000,nan,nan,0.4087,0.1225,1.4837
0.4976,6.6294,0.4478,path,3.6922,6.9000,0.0037,0.4135,0.2768,1.4070,0.6510,0.5754
0.2038,5.2158,0.0916,lateral,0.1736,4.6000,0.1374,-0.0367,0.2005,0.2195,0.0944,1.3995
0.3271,7.1515,0.1095,lateral,0.8867,5.1600,0.3271,-0.2851,0.1602,0.3366,0.1349,1.3478
0.5250,12.2587,1.1490,path,1.5498,6.7800,0.0111,0.5093,0.1274,1.2369,0.6278,0.5541
0.4127,2.2390,0.6169,path,2.7070,5.5400,0.0102,-0.2772,0.3056,1.0338,0.4872,0.5104
0.8730,2.6132,1.0051,path,1.1022,4.0800,0.0296,-0.8025,0.3437,1.2404,0.6947,1.4769
0.4895,9.4158,0.8024,path,2.7349,6.0200,0.0205,-0.1155,0.4757,1.4907,0.8241,1.0143
0.3696,8.4597,1.1172,path,3.0474,4.6000,0.0223,0.0594,0.3648,1.4323,1.0620,1.1141
0.4474,0.8876,0.1411,lateral,0.1346,4.0000,0.1346,-0.1627,0.4168,0.3841,0.1442,0.9383
0.7128,1.6926,0.1285,combined,0.6162,4.0200,0.3905,0.0938,0.7066,1.0792,0.3163,0.3482
0.0357,0.1106,0.0332,stand,0.0000,4.0800,0.0000,nan,nan,0.2843,0.0813,1.3555
0.4393,23.5859,0.0823,lateral,1.4160,4.1200,0.4393,-0.4252,0.1103,0.5591,0.2679,1.5419
0.1732,1.8876,0.3233,path,3.2519,4.1200,0.0163,0.0738,0.1566,1.3600,0.8451,0.8134
0.5471,0.4940,0.1921,combined,1.4232,4.1200,0.5471,-0.5312,0.1310,0.4817,0.2661,0.8311
0.9494,13.4907,0.3337,combined,2.1041,4.1400,0.9494,-0.9377,0.1487,0.5889,0.3174,0.4434
0.2855,13.1299,0.2519,path,1.7750,4.1400,0.0087,0.0315,0.2838,1.0554,0.4840,0.4333
0.2051,10.7281,0.2506,path,2.4057,4.1600,0.0123,0.1914,0.0738,1.3059,0.6812,0.6119
0.4500,0.6920,0.1412,straight,0.5122,4.1600,0.4433,-0.4449,0.0675,0.3270,0.1107,0.7489
0.6950,18.3603,0.3889,path,1.4974,4.2000,0.0238,0.2368,0.6534,1.2700,0.6489,1.2108
1.3065,14.3897,0.2690,path,2.2809,4.2200,0.0300,-0.7830,1.0458,1.3070,0.5774,1.5011
0.6245,5.3767,0.4017,path,5.0567,4.2200,0.0279,-0.6228,0.0469,1.9137,1.0866,1.3870
0.3153,0.0909,0.0918,straight,0.0844,4.2400,0.0768,-0.3104,0.0557,0.2920,0.1044,0.3163
0.4286,16.4612,0.0583,combined,0.9496,4.2400,0.4286,-0.3624,0.2288,0.3959,0.1598,1.4466
0.5795,11.0523,0.0288,lateral,1.4674,4.2400,0.5795,-0.5616,0.1429,0.4966,0.2269,0.5110
0.2550,0.6456,0.0672,turn,0.0000,4.2600,0.0000,nan,nan,0.5634,0.1417,1.4455
0.3751,7.5733,0.0812,turn,0.0000,4.2800,0.0000,nan,nan,0.4880,0.2033,0.6612
0.4209,0.1462,0.0466,combined,1.0645,4.2800,0.4159,-0.1919,0.3746,0.7300,0.2502,1.2314
0.3583,3.6553,0.6036,path,3.0430,4.3000,0.0148,0.0572,0.3537,1.2114,0.7660,0.7414
0.3049,21.4285,0.7762,path,3.7593,4.3400,0.0292,-0.2986,0.0615,1.4258,0.9258,1.4779
0.7350,7.2107,1.4740,path,4.5954,4.3600,0.0260,-0.6734,0.2944,1.5397,1.0348,1.3012
0.2322,8.7609,0.7209,path,2.0020,4.3600,0.0100,0.1098,0.2046,0.9850,0.5476,0.4989
0.1783,11.1386,0.3206,path,1.3703,4.4000,0.0068,-0.1599,0.0789,0.5754,0.2755,0.3395
1.2868,7.5456,1.7092,path,5.0530,4.4000,0.0343,-0.8400,0.9748,2.0079,1.3008,1.5773
0.2481,9.9283,0.1844,path,2.6517,4.4400,0.0122,-0.1458,0.2007,1.2683,0.5803,0.6097
0.8114,2.9814,1.5337,path,5.5915,4.4400,0.0286,-0.8113,0.0095,1.6734,1.2033,1.4300
1.2432,13.3203,0.2983,path,3.2034,4.4600,0.0270,-0.9936,0.7472,1.3558,0.6586,1.3524
0.2748,12.2401,0.0501,straight,0.2566,4.4600,0.1235,0.2045,0.1835,0.3956,0.1657,1.1457
0.4841,13.9267,0.0351,straight,0.2158,4.5200,0.2158,-0.4063,0.2632,0.4942,0.1407,1.1885
0.5167,15.3149,0.5644,path,2.9458,4.5200,0.0280,0.5120,0.0694,1.5817,1.0760,1.3955
0.1457,0.4993,0.6924,path,2.2815,4.5200,0.0149,-0.1199,0.0827,1.1413,0.6517,0.7474
0.5136,5.9824,0.0655,combined,0.9189,4.5400,0.2370,0.4552,0.2378,1.2586,0.3674,0.9541
0.6211,5.3873,0.5902,path,1.7092,4.5400,0.0091,-0.5449,0.2981,0.6690,0.2896,0.4553
0.1904,1.4541,0.1293,turn,0.0000,4.5600,0.0000,nan,nan,0.5536,0.1308,0.7705
1.2074,2.0477,1.0488,path,4.4428,4.5800,0.0231,-0.5594,1.0700,1.4957,0.9709,1.1446
0.3901,3.5011,0.1563,straight,0.1123,4.6000,0.0205,-0.3885,0.0347,0.3653,0.1456,1.2577
0.5565,6.4683,0.6243,path,2.9345,4.6200,0.0166,-0.5382,0.1416,1.1801,0.5997,0.8277
0.3921,3.8550,0.0983,straight,0.3932,4.6400,0.3542,-0.3423,0.1912,0.2546,0.0970,1.1584
0.1508,0.1379,0.7477,path,3.5268,4.6400,0.0169,0.0278,0.1482,1.4302,0.8586,0.8463
0.6636,13.2476,1.2632,path,3.4343,4.7000,0.0300,-0.4467,0.4907,1.5002,1.0653,1.4993
0.5551,0.2403,0.0402,combined,0.7841,4.7000,0.3838,0.4322,0.3484,1.1356,0.3459,0.6228
0.4311,7.6734,0.0344,turn,0.0000,4.7400,0.0000,nan,nan,0.5720,0.1543,0.4433
0.0504,0.0292,0.0292,stand,0.0000,4.7600,0.0000,nan,nan,0.1746,0.0440,1.4335
0.8239,12.9816,1.0878,path,1.5692,4.7600,0.0172,0.1451,0.8110,1.7177,0.8851,1.3005
0.4970,8.6623,0.2218,path,3.1095,4.7800,0.0138,-0.4871,0.0992,1.3891,0.5971,0.6886
0.4210,5.6607,0.1506,straight,1.7488,4.8400,0.4210,-0.4210,0.0051,0.5698,0.2965,0.4700
0.2700,1.4833,0.0490,turn,0.0000,4.8400,0.0000,nan,nan,0.7421,0.1544,1.2213
0.0769,11.8848,0.3802,path,1.5072,4.8400,0.0062,-0.0537,0.0550,0.7237,0.3165,0.3114
0.2736,6.1715,0.4086,path,2.1608,4.8600,0.0094,-0.2733,0.0127,0.7919,0.4402,0.4715
0.4100,7.4249,0.1227,turn,0.0000,4.8800,0.0000,nan,nan,0.4783,0.1230,1.1369
1.1369,19.7097,0.8360,path,5.3637,4.8800,0.0284,-1.1252,0.1627,1.6447,1.1046,1.4260
0.3890,13.8353,0.0818,lateral,0.6435,4.9200,0.3872,-0.3532,0.1629,0.5648,0.1494,0.3340
0.5490,24.4647,0.2083,lateral,1.2502,4.9400,0.5490,-0.5425,0.0845,0.4603,0.2030,1.0532
0.7870,1.5614,0.5392,path,4.4339,4.9600,0.0245,-0.7770,0.1251,1.4697,0.8759,1.2231
0.3716,3.9008,0.0834,combined,1.2868,5.0000,0.3716,-0.3649,0.0701,0.4475,0.1841,0.8119
0.6233,9.0500,0.1410,combined,1.0865,5.0000,0.3521,0.4572,0.4237,1.4973,0.4612,0.5038
0.2456,12.8144,0.1903,lateral,0.6184,5.0600,0.2456,-0.1660,0.1810,0.4097,0.1386,1.3995
1.1391,5.0423,0.7013,path,3.8627,5.1000,0.0169,-1.0022,0.5415,0.9206,0.6065,0.8474
0.3668,3.3559,0.1260,turn,0.0000,5.1000,0.0000,nan,nan,0.6834,0.1639,1.0355
0.4026,18.0024,0.2278,combined,1.2778,5.1200,0.4026,-0.3397,0.2161,0.4735,0.2020,1.2172
0.3631,14.4045,1.1616,path,1.5821,5.1400,0.0136,0.2312,0.2799,1.2801,0.6940,0.6797
1.0722,24.1891,0.7144,path,3.9763,5.1400,0.0244,0.8895,0.5987,1.7000,1.1701,1.2182
0.2425,2.6983,0.1057,turn,0.0000,5.1800,0.0000,nan,nan,0.6670,0.1306,0.9842
0.5175,0.1188,0.0590,combined,1.5489,5.1800,0.5175,-0.5144,0.0561,0.5403,0.2339,0.9175
1.0787,22.4309,0.1965,path,2.6549,5.2000,0.0271,-0.5037,0.9539,1.4787,0.5793,1.3552
0.9109,0.2192,1.3060,path,1.3458,5.2400,0.0311,-0.8990,0.1464,1.2805,0.5971,1.5524
0.3727,4.8471,0.7962,path,2.4834,5.2400,0.0104,0.0684,0.3664,1.1520,0.5579,0.5187
0.0966,7.0480,0.0476,stand,0.0000,5.2800,0.0000,nan,nan,0.3623,0.0501,1.4231
1.3223,0.4325,0.8202,path,3.6866,5.2800,0.0233,-1.1787,0.5992,1.5123,0.6534,1.1664
0.5630,3.1360,0.1162,combined,1.9890,5.2800,0.5630,-0.5309,0.1873,0.8515,0.3574,0.6979
0.1574,3.5987,0.3565,path,1.7971,5.3000,0.0059,-0.1560,0.0216,0.6125,0.3354,0.3539
0.8005,0.3687,1.3104,path,2.4886,5.3000,0.0187,0.5696,0.5625,1.4884,0.8876,0.9343
0.3962,9.2185,0.0606,lateral,0.5961,5.3400,0.3858,-0.1554,0.3645,0.3615,0.1302,1.3952
0.4442,12.3654,0.2260,straight,1.9101,5.3800,0.4442,-0.4387,0.0698,0.6130,0.2999,1.2680
0.3439,15.5451,0.1652,combined,1.0673,5.4000,0.3439,-0.3419,0.0366,0.5444,0.2353,0.6779
0.4634,12.1447,0.1285,lateral,0.7611,5.4400,0.4465,-0.1267,0.4458,0.4668,0.1607,1.2377
0.3388,2.9192,0.0481,combined,0.7960,5.5400,0.0259,0.3273,0.0876,1.1951,0.3394,1.3989
0.6003,11.1524,0.0611,straight,1.9789,5.5600,0.6003,-0.5069,0.3215,0.7462,0.3274,0.3931
0.3554,0.9830,0.0956,turn,0.0000,5.5600,0.0000,nan,nan,0.6835,0.1330,0.8345
0.3430,13.4050,0.2221,path,2.3009,5.5600,0.0089,-0.2605,0.2232,0.8773,0.3919,0.4473
0.4345,3.5682,0.0336,straight,0.9331,5.5600,0.4317,-0.4342,0.0173,0.3584,0.1287,1.5972
0.5714,15.7319,1.4113,path,1.4212,5.5600,0.0257,-0.4853,0.3017,1.7130,1.0177,1.2662
0.4085,3.5907,0.2065,straight,1.3774,5.5600,0.4071,-0.3965,0.0980,0.5651,0.2252,1.0832
0.4145,2.1853,0.1962,combined,1.3242,5.6000,0.0074,0.4127,0.0384,1.4094,0.5157,1.3693
1.7548,6.5846,0.6905,path,3.3156,5.6000,0.0260,1.6266,0.6584,1.7769,0.9985,1.3260
0.4205,0.3753,0.0281,straight,1.2458,5.6400,0.0970,0.3961,0.1412,1.2626,0.4006,1.3728
0.2963,2.3661,0.0160,turn,0.0000,5.6400,0.0000,nan,nan,0.4475,0.1059,1.5345
0.3830,0.1597,0.1931,turn,0.0000,5.7200,0.0000,nan,nan,0.3871,0.1131,0.7836
0.2769,12.7996,0.0492,straight,0.0908,5.7600,0.0669,0.1884,0.2029,0.4366,0.1057,0.5081
1.5602,6.1451,0.9511,path,2.7447,5.7600,0.0298,-0.7100,1.3893,1.2583,0.6856,1.4802
0.3225,1.8683,1.3356,path,1.9861,5.7600,0.0298,-0.3222,0.0130,1.3932,0.9335,1.4915
0.3200,15.8871,1.0790,path,2.7222,5.7800,0.0139,0.2404,0.2112,1.2309,0.8707,0.6946
0.9774,142.1011,0.9954,path,7.8731,5.7800,0.0147,-0.9719,0.1030,1.6813,1.1837,1.4497
0.2722,5.2445,1.1081,path,1.9310,5.8000,0.0200,0.2710,0.0255,1.6175,0.9692,0.9980
0.4915,0.6054,0.1619,lateral,0.1632,5.8000,0.1613,-0.0032,0.4915,0.4480,0.1361,0.3914
0.4193,0.6227,0.1036,straight,1.9554,5.8200,0.0428,0.4110,0.0826,1.7187,0.5884,0.7597
0.6512,17.2767,0.6458,path,2.0724,5.8200,0.0268,-0.6303,0.1636,1.0441,0.6003,1.3436
0.3918,3.9240,0.8033,path,2.7025,5.8200,0.0114,-0.3127,0.2362,1.1586,0.5754,0.5699
0.0590,2.6222,0.3758,path,1.7722,5.8400,0.0061,-0.0582,0.0092,0.7862,0.3307,0.3036
0.3828,8.7584,0.0283,lateral,0.8255,5.8600,0.3757,-0.2384,0.2995,0.3504,0.1299,0.5509
0.5103,4.6772,0.0956,combined,1.0065,5.8600,0.5079,-0.4909,0.1396,0.4444,0.1382,0.3338
0.7526,1.0128,1.1865,path,6.2578,5.8800,0.0233,-0.6404,0.3953,1.6380,1.0157,1.1495
0.4212,6.6535,0.0985,turn,0.0000,5.8800,0.0000,nan,nan,0.3976,0.1181,1.2472
0.4179,2.6226,0.0931,turn,0.0000,5.9400,0.0000,nan,nan,0.4541,0.1268,0.5778
0.4966,5.3210,0.0856,straight,1.5969,5.9400,0.0596,0.4892,0.0856,1.5354,0.4794,1.5013
0.4048,11.2477,0.1919,lateral,0.8986,5.9600,0.4013,-0.1955,0.3544,0.4802,0.1589,0.3841
0.3905,7.4589,0.1218,lateral,1.4819,5.9600,0.3905,-0.3058,0.2429,0.6180,0.2180,0.9965
0.6814,8.0087,0.1842,combined,1.4967,5.9600,0.6814,-0.1529,0.6640,1.1132,0.3343,1.3050
0.5020,9.2127,1.0205,path,2.5108,5.9800,0.0197,0.0662,0.4976,1.6992,0.9715,0.9937
0.2665,12.7318,0.2444,path,2.3812,4.0200,0.0121,-0.0406,0.2634,1.4611,0.7474,0.6061
0.2150,7.1376,0.8163,path,5.1074,6.0200,0.0206,-0.1879,0.1045,1.5197,0.9578,1.0277
0.3730,3.5427,0.0295,turn,0.0000,6.0200,0.0000,nan,nan,0.3924,0.1218,1.1764
0.2280,20.7412,0.5261,path,1.5312,6.0400,0.0202,0.2041,0.1016,1.3406,0.8602,1.0117
0.2052,8.7669,0.0574,turn,0.0000,6.0400,0.0000,nan,nan,0.3414,0.1087,0.5617
0.3598,10.6274,0.5400,path,2.3858,6.0600,0.0096,-0.3544,0.0622,0.5503,0.3847,0.4811
0.4125,13.7822,0.1011,lateral,0.0519,6.0800,0.0030,0.1232,0.3937,0.5279,0.1633,0.8331
0.5400,4.7647,0.8862,path,0.3127,6.1000,0.0142,0.0928,0.5319,1.5140,0.8537,0.7092
0.3996,5.3949,0.5872,path,2.6847,6.1000,0.0097,0.2876,0.2774,0.9993,0.5833,0.4844
0.4791,6.5798,0.0786,lateral,0.9755,6.1200,0.4771,-0.1693,0.4481,0.4767,0.1833,0.5281
0.0706,4.3489,0.0500,stand,0.0000,6.1400,0.0000,nan,nan,0.3755,0.0804,0.9177
0.3423,1.2425,0.1457,combined,1.4497,6.1600,0.3423,-0.3192,0.1237,0.5718,0.2321,0.4338
0.4067,1.8700,0.0508,turn,0.0000,6.2000,0.0000,nan,nan,0.4564,0.1300,0.5952
0.1911,4.0515,0.0833,straight,1.6719,6.2000,0.1911,-0.1889,0.0289,0.6119,0.2525,0.7074
0.1807,5.5360,1.3019,path,3.4684,6.2200,0.0124,-0.1609,0.0822,1.3809,0.6145,0.6203
0.4316,6.8609,1.0666,path,1.4423,5.5200,0.0175,-0.1604,0.4006,1.2601,0.8899,1.0611
0.3880,2.7911,0.8903,path,3.4051,6.2400,0.0141,-0.1460,0.3595,1.1051,0.6756,0.7068
0.8635,1.1174,1.6927,path,5.6901,6.2400,0.0278,0.2661,0.8215,1.8802,1.3975,1.3839
0.2965,0.2030,0.0647,turn,0.0000,6.2600,0.0000,nan,nan,0.4131,0.1198,1.2178
1.0579,2.9596,1.5750,path,7.4949,6.2800,0.0320,-0.7987,0.6937,1.9630,1.3708,1.5919
0.8501,10.2395,1.6255,path,2.8476,6.2800,0.0202,0.8024,0.2807,1.7065,1.0231,1.0378
0.3642,13.1028,0.0379,lateral,1.2430,6.3600,0.3627,-0.2444,0.2700,0.4892,0.2016,0.5101
0.3642,1.1196,0.3207,path,2.9012,6.3600,0.0079,0.3329,0.1477,1.0521,0.5498,0.4845
0.4363,0.3661,0.0605,lateral,1.0126,6.4000,0.4358,-0.0444,0.4340,0.4459,0.1787,0.3199
0.3506,1.4205,0.0673,combined,0.4117,6.4000,0.3256,-0.2328,0.2621,0.5721,0.1086,1.2013
0.2372,6.9990,0.6135,path,4.3176,6.4000,0.0147,-0.2255,0.0733,1.3189,0.7079,0.7367
0.3003,5.0503,1.1845,path,3.6620,6.4400,0.0124,-0.1748,0.2442,1.4361,0.6185,0.6215
0.4014,3.8925,0.0908,lateral,0.3999,6.4400,0.3463,-0.1277,0.3805,0.3124,0.1282,1.5021
0.5991,5.0168,1.3378,path,1.7883,6.4600,0.0170,-0.1066,0.5895,1.8132,1.0569,0.8535
0.5379,4.7717,0.1853,lateral,1.3628,6.4600,0.5379,-0.4929,0.2156,0.5071,0.1758,0.9853
0.4282,3.4306,0.0896,combined,1.2385,6.4800,0.4199,-0.2124,0.3718,0.9233,0.2486,0.6501
0.5646,13.3507,0.1578,path,2.2274,6.4800,0.0308,-0.5446,0.1491,1.1311,0.5824,1.5497
0.4439,12.4058,0.5065,path,2.2104,6.4800,0.0101,-0.4422,0.0384,0.7149,0.3663,0.5037
0.1920,0.9217,1.3692,path,1.1254,6.5000,0.0187,-0.0725,0.1777,1.6184,0.9850,0.9255
0.2320,11.0130,0.8574,path,1.5960,6.5200,0.0056,0.0952,0.2116,1.4410,0.8353,0.8160
0.4961,6.0147,0.0469,turn,0.0000,6.5200,0.0000,nan,nan,0.5438,0.1503,0.5402
1.1296,29.3863,0.2616,path,2.4105,6.5400,0.0164,0.3561,1.0720,1.6576,0.9929,0.8248
0.3330,0.8360,0.1139,straight,1.8181,6.5600,0.3330,-0.3326,0.0176,0.6563,0.2651,0.7185
0.7441,12.8483,1.1041,path,2.6780,6.5600,0.0263,-0.6278,0.3994,1.6312,0.7862,1.3209
0.2903,2.4929,0.4375,path,2.7619,6.6000,0.0086,0.0299,0.2888,0.7762,0.4593,0.4295
0.2720,79.9350,0.1577,path,5.6812,6.6000,0.0317,-0.2162,0.1650,1.7444,1.1132,1.5906
0.2946,1.8940,0.0888,turn,0.0000,6.6000,0.0000,nan,nan,0.6974,0.1364,1.0563
0.5718,1.7998,0.1225,lateral,0.6333,6.6200,0.5693,-0.3466,0.4548,0.6681,0.1924,0.9181
0.3233,4.1087,0.0666,combined,1.5706,6.6200,0.2001,0.3192,0.0513,1.5616,0.4807,1.5590
0.1563,6.2867,0.3625,path,2.4752,6.6200,0.0004,-0.1271,0.0910,0.8006,0.4115,0.4064
0.3466,2.9464,0.1535,turn,0.0000,6.6600,0.0000,nan,nan,0.8246,0.1380,0.6879
0.2081,19.3909,1.2631,path,4.4930,6.6600,0.0264,-0.0102,0.2078,1.7237,1.2307,1.3291
0.3088,4.8566,0.0565,combined,0.8025,6.6600,0.3077,-0.2229,0.2138,0.5186,0.1733,0.4223
0.2367,1.6363,1.1390,path,3.3274,6.7000,0.0207,-0.1341,0.1951,1.6513,1.0731,1.0356
0.5098,12.2915,0.2167,combined,0.8433,6.7200,0.5098,0.1073,0.4984,1.3163,0.3770,0.4444
0.1817,2.8046,0.0632,combined,0.6340,6.7600,0.1815,-0.0626,0.1706,0.3856,0.1278,0.3949
0.5866,3.5823,1.1414,path,6.2804,6.7600,0.0221,-0.5815,0.0773,1.5477,0.9621,1.1032
0.7639,7.5153,1.2597,path,6.6118,6.7600,0.0239,0.1465,0.7498,1.6172,1.1942,1.1908
0.2164,6.6710,0.0369,lateral,0.9561,6.7600,0.2072,-0.0193,0.2155,0.4772,0.1767,0.7219
0.2628,13.0978,0.3907,path,2.1247,6.7600,0.0071,-0.0757,0.2517,0.6047,0.3715,0.3575
0.4300,4.1186,0.0417,lateral,0.9307,6.7800,0.4151,-0.1192,0.4131,0.4638,0.1538,0.5375
0.2188,7.7364,0.1939,lateral,0.1795,6.7800,0.1275,-0.0730,0.2063,0.2992,0.1142,1.4568
0.3263,2.0498,0.0283,combined,0.6775,6.7800,0.3205,-0.3104,0.1007,0.3857,0.1470,0.6207
0.4431,4.5488,1.0646,path,6.4236,6.7800,0.0223,-0.4161,0.1524,1.3586,0.9962,1.1129
0.4881,5.9109,0.8352,path,2.6028,6.7800,0.0079,0.4841,0.0622,1.0692,0.5112,0.3952
0.4830,4.0642,0.0654,lateral,0.1824,6.8000,0.1483,0.0075,0.4830,0.3276,0.1273,1.2099
0.3972,4.7921,0.0897,lateral,0.8705,6.8000,0.3941,-0.2586,0.3016,0.4316,0.1397,1.2707
1.3066,3.8508,0.3666,path,2.1713,6.8000,0.0271,-1.2629,0.3350,0.9849,0.4096,1.3562
0.4864,15.6706,1.1283,path,4.1563,6.8200,0.0136,0.1389,0.4661,1.6067,0.6930,0.6842
0.2968,3.7853,0.1814,straight,0.8711,6.8200,0.0157,0.2551,0.1517,1.2406,0.3066,0.3986
0.4685,0.5597,0.0675,straight,0.6897,6.8200,0.0112,0.4670,0.0379,1.0755,0.2674,1.4207
0.2428,5.0352,0.3412,path,1.6287,6.8400,0.0086,-0.2098,0.1223,0.9204,0.3680,0.4286
0.6106,6.5841,1.1358,path,1.7729,6.8400,0.0257,-0.2386,0.5621,1.4677,1.0095,1.2833
0.2247,1.3487,0.8851,path,3.2743,6.8400,0.0108,-0.1195,0.1903,1.2448,0.5910,0.5391
0.5718,2.2951,0.1564,turn,0.0000,6.9000,0.0000,nan,nan,0.5512,0.1436,0.3376
0.2049,1.9048,0.1580,turn,0.0000,6.9000,0.0000,nan,nan,0.6550,0.1237,0.4688
0.6819,112.0180,0.7976,path,4.2356,6.9400,0.0144,0.5177,0.4438,1.4706,0.7507,0.7357
0.3667,3.7306,0.0262,straight,1.9229,6.9600,0.2403,0.3152,0.1873,1.6693,0.5097,0.4895
0.3569,10.3078,0.0162,combined,1.4606,6.9600,0.3568,-0.2998,0.1937,0.5489,0.1971,0.6282
0.3465,11.8433,0.7824,path,4.1445,6.9600,0.0030,0.3329,0.0961,1.3383,0.6789,0.6341
0.3864,1.0322,0.1601,combined,0.9892,6.9800,0.3864,0.2429,0.3005,1.1373,0.2944,1.0522
0.3978,4.7233,0.2893,path,2.5182,6.9800,0.0036,0.1671,0.3609,1.3181,0.5231,0.5669
0.0483,0.0452,0.0445,stand,0.0000,7.0000,0.0000,nan,nan,0.2035,0.0346,1.4644
2.0489,7.1045,0.8885,path,6.3820,7.0000,0.0255,-1.8964,0.7758,1.3543,0.7586,1.2747
0.0620,1.8295,0.0170,stand,0.0000,7.0200,0.0000,nan,nan,0.1795,0.0339,0.6316
0.3280,1.3695,0.9517,path,6.0704,7.0400,0.0214,-0.1976,0.2617,1.3480,0.9438,1.0688
0.5022,12.2891,0.1020,combined,1.0482,7.0400,0.4977,0.0980,0.4925,0.9956,0.2565,0.6793
0.4780,0.7017,0.0173,straight,0.1757,7.0600,0.0045,0.4453,0.1738,0.3950,0.1389,1.1084
0.3971,3.8911,0.1018,turn,0.0000,7.0800,0.0000,nan,nan,0.5849,0.1708,0.7347
0.4337,8.0848,1.3701,path,7.1692,7.1000,0.0253,-0.1196,0.4169,1.7862,1.1967,1.2649
0.3994,0.4326,0.0543,combined,0.9141,7.1200,0.3637,-0.0649,0.3941,0.4883,0.1607,1.4359
0.4593,5.7565,0.0451,lateral,0.3381,7.1200,0.3055,0.1499,0.4341,0.4144,0.1329,0.3258
0.3210,3.9530,0.1038,turn,0.0000,7.1200,0.0000,nan,nan,0.7668,0.1508,0.9392
0.9070,89.9716,0.4784,path,3.9395,7.1600,0.0122,0.5263,0.7387,1.4375,0.6770,0.6360
0.4502,7.5491,0.1713,path,0.6275,7.1600,0.0150,-0.4499,0.0144,1.1424,0.6276,0.7486
0.6013,19.6178,0.1555,path,4.6100,7.1600,0.0138,-0.3514,0.4879,1.4477,0.6363,0.6881
0.3073,6.3364,0.0742,lateral,0.3133,7.1600,0.2330,0.0085,0.3072,0.3578,0.1115,1.0848
0.5676,3.9393,1.2230,path,5.6592,7.1800,0.0200,0.4366,0.3626,1.6769,1.0387,0.9988
0.4078,12.1154,0.0967,combined,0.7704,7.1800,0.4054,-0.4035,0.0585,0.3739,0.1130,1.3384
0.2378,27.4252,0.3527,path,4.9839,7.1800,0.0205,0.1052,0.2133,1.6499,0.8997,1.0285
0.7905,3.7200,0.9691,path,5.0637,7.2200,0.0301,-0.5905,0.5255,1.7510,1.1983,1.5064
0.3384,7.7737,0.0395,lateral,0.9968,7.2400,0.3369,-0.1240,0.3149,0.4464,0.1577,1.5938
0.4384,2.9733,0.0931,straight,1.4429,7.2400,0.0556,0.4376,0.0262,1.6462,0.4760,1.1064
0.4938,2.3080,0.0560,straight,0.6984,7.2600,0.4872,-0.4797,0.1170,0.3367,0.1058,1.3017
0.1408,7.5968,0.3459,path,0.8285,7.2600,0.0104,0.1326,0.0472,0.9877,0.5293,0.5223
0.2170,6.8455,0.6905,path,2.4033,7.3000,0.0090,0.1181,0.1820,1.5511,0.9441,0.9236
0.4786,9.6800,0.0907,combined,1.7030,7.3200,0.4786,-0.3572,0.3185,0.7685,0.2743,0.3823
0.4347,0.7911,0.1028,combined,1.2072,7.3200,0.4281,-0.2204,0.3748,0.5727,0.1900,1.4567
0.3787,1.6029,0.0403,lateral,0.6128,7.3200,0.3778,-0.2285,0.3021,0.5658,0.1431,1.5489
0.3852,0.6838,0.0933,lateral,0.0395,7.3200,0.0395,-0.0141,0.3849,0.3252,0.1142,0.7930
0.2839,12.5428,0.0079,combined,2.2082,7.3400,0.2839,-0.1859,0.2146,0.6596,0.3069,0.8015
0.6928,3.1142,0.4221,path,5.1846,7.3400,0.0183,0.6925,0.0167,1.3527,0.8672,0.9097
0.6238,4.0953,1.2196,path,5.7648,7.3600,0.0305,-0.4494,0.4326,1.7797,1.2771,1.5263
0.5313,6.0743,0.0439,lateral,0.0234,7.3600,0.0028,0.2610,0.4628,0.4280,0.1212,1.4870
1.1432,14.9384,0.4831,path,2.3018,7.3600,0.0263,-1.0952,0.3277,1.0417,0.4855,1.3160
0.5441,0.8413,1.1447,path,5.9791,7.3800,0.0186,-0.2575,0.4793,1.2141,0.8937,0.9315
0.0215,0.3109,0.0116,stand,0.0000,7.4000,0.0000,nan,nan,0.2031,0.0322,0.5794
0.3470,18.1614,0.2968,path,4.0884,7.4000,0.0175,0.1567,0.3096,1.5341,0.9673,0.8755
0.1566,0.0523,0.2572,path,3.5940,7.4200,0.0105,0.1373,0.0754,1.2371,0.5516,0.5253
0.4881,5.9053,0.0318,combined,1.9081,7.4400,0.4854,-0.4555,0.1755,0.5904,0.2336,1.4041
0.4867,6.2650,0.2338,path,1.8848,7.5000,0.0116,-0.3904,0.2906,0.9261,0.3855,0.5804
0.4173,2.2857,1.1298,path,5.6634,7.5000,0.0228,0.2103,0.3604,1.6176,1.1195,1.1415
0.6740,14.8610,1.2275,path,3.0026,7.5200,0.0253,-0.4425,0.5084,1.4694,0.9092,1.2604
0.4025,1.5968,0.1114,combined,1.7937,7.5400,0.4025,-0.4021,0.0173,0.5601,0.2210,0.4970
0.4781,15.8082,0.0471,lateral,1.3147,7.5600,0.4747,-0.4073,0.2504,0.5631,0.1949,1.5933
0.4768,15.5558,0.9572,path,1.9451,7.5600,0.0177,0.0231,0.4762,1.0752,0.5446,0.8810
0.3346,1.5000,0.0806,combined,1.9415,7.5800,0.3346,0.1890,0.2761,1.7131,0.4458,1.2560
0.5199,15.1956,1.1182,path,3.4159,7.6200,0.0216,0.2430,0.4596,1.6678,1.0544,1.0887
0.4915,6.1974,0.5216,path,5.9377,7.6600,0.0205,-0.4905,0.0318,1.5831,0.9113,1.0228
0.2014,2.5179,0.6058,path,3.8430,7.6800,0.0009,-0.0930,0.1786,1.0870,0.5837,0.5900
0.6666,2.8376,1.1791,path,4.3155,7.7400,0.0223,-0.5305,0.4037,1.5280,0.9263,1.1150
0.0746,5.6191,0.3661,path,1.5612,7.7400,0.0069,-0.0489,0.0564,0.6543,0.3563,0.3470
0.3456,3.4604,0.1216,combined,0.2534,7.7800,0.2534,-0.0649,0.3394,0.4861,0.1227,0.4911
0.4976,10.5718,0.4421,path,3.1515,7.7800,0.0095,0.0430,0.4957,0.9689,0.4577,0.4748
0.3792,3.8337,0.0299,straight,1.4870,7.7800,0.1533,0.3521,0.1407,1.5077,0.3401,0.6451
0.3279,3.2213,0.0998,turn,0.0000,7.7800,0.0000,nan,nan,0.8624,0.1345,1.5612
1.4396,8.5108,0.8636,path,1.8545,7.8200,0.0300,-1.2540,0.7071,1.4125,0.8323,1.4960
0.4191,1.8875,0.0729,combined,0.9616,7.8200,0.4144,0.0077,0.4190,0.5412,0.1781,0.0000
0.5523,0.2449,0.1296,combined,0.6211,7.8200,0.5381,-0.5491,0.0594,0.8122,0.1347,0.3367
1.8294,34.0470,0.2281,path,2.4497,7.8400,0.0285,0.0018,1.8294,1.4812,0.7893,1.4276
0.3915,9.7848,0.0846,turn,0.0000,7.8600,0.0000,nan,nan,0.5339,0.1009,0.3620
1.7909,1.2648,1.6846,path,5.1565,7.8600,0.0297,-1.5585,0.8821,1.8598,1.1666,1.4847
0.2380,1.2357,1.1858,path,3.2741,7.8800,0.0216,-0.0249,0.2367,1.4093,0.9909,1.0797
0.2917,0.7261,0.6368,path,3.7370,7.9000,0.0124,-0.2837,0.0681,0.9299,0.5345,0.6221
0.2894,0.7941,0.0980,straight,1.6577,7.9000,0.2734,-0.2198,0.1883,0.5560,0.2290,0.3890
0.3751,0.8946,0.1072,turn,0.0000,7.9000,0.0000,nan,nan,0.6169,0.1442,1.1245
0.2812,5.4577,0.0159,turn,0.0000,7.9200,0.0000,nan,nan,0.3037,0.0991,0.6244
0.3632,6.7519,0.0321,turn,0.0000,7.9400,0.0000,nan,nan,0.7229,0.1123,1.4919
0.3729,7.2610,0.3301,path,0.1233,7.9400,0.0121,0.0636,0.3674,0.9667,0.4624,0.6046
0.0257,3.8133,0.0214,stand,0.0000,7.9600,0.0000,nan,nan,0.2433,0.0495,0.8538
0.2222,3.1049,0.9863,path,0.8171,7.9800,0.0200,-0.1904,0.1146,1.2682,0.8150,0.9982
0.9431,2.1721,0.2031,straight,1.8832,4.0600,0.9431,-0.9345,0.1274,0.4451,0.2627,0.9383
0.4591,2.0053,0.0687,turn,0.0000,4.0200,0.0000,nan,nan,0.5225,0.1340,0.4434
0.3550,1.5088,0.8450,path,3.5345,4.0400,0.0186,-0.3284,0.1349,1.5289,0.8389,0.9323
0.3669,4.2010,0.2146,path,3.1700,4.1200,0.0154,0.0145,0.3666,1.4376,0.8008,0.7693
0.4778,4.8055,0.0268,combined,1.2608,4.2400,0.4722,-0.3064,0.3666,0.5163,0.2561,0.6612
0.2360,7.2512,0.1171,combined,0.5930,4.4000,0.1001,0.1736,0.1599,0.6002,0.2342,1.4455
0.4028,5.6358,0.1072,turn,0.0000,4.5000,0.0000,nan,nan,0.3643,0.1298,0.7489
0.4397,3.3915,0.0861,turn,0.0000,4.4800,0.0000,nan,nan,0.6537,0.2010,1.4466
0.3975,6.5153,0.1030,turn,0.0000,4.0200,0.0000,nan,nan,0.7918,0.2012,0.4433
0.4487,3.0171,0.0219,turn,0.0000,4.2800,0.0000,nan,nan,0.3351,0.1456,0.9541
0.4442,18.0627,0.3117,lateral,1.3033,4.6600,0.4442,-0.4333,0.0976,0.4519,0.2029,0.5110
0.1920,9.5200,1.1286,path,4.6652,4.6200,0.0220,0.1047,0.1609,1.6659,1.1795,1.0995
0.2417,9.5615,0.3024,path,2.1611,4.3800,0.0103,-0.1610,0.1802,1.4509,0.7174,0.4991
0.3511,7.9998,0.0239,combined,1.3736,4.9400,0.3497,0.1169,0.3310,0.7407,0.3272,1.5419
0.3473,9.1819,0.4884,path,1.9269,4.6400,0.0091,0.0449,0.3444,1.6454,0.7569,0.4558
0.4031,0.3309,0.1306,straight,0.1459,4.1400,0.0152,0.3848,0.1202,0.3947,0.1647,1.0532
0.0841,10.4326,0.8865,path,2.3019,4.8400,0.0267,0.0293,0.0788,1.6123,1.0733,1.3323
0.1628,1.9199,0.7947,path,3.8251,5.0600,0.0176,-0.1169,0.1133,1.2238,0.8670,0.8829
0.1848,9.1154,0.1672,combined,0.2274,4.2000,0.1784,-0.1306,0.1307,0.2361,0.0890,1.3995
0.3102,9.2068,0.1478,turn,0.0000,4.1800,0.0000,nan,nan,0.5568,0.1134,1.2172
0.8083,29.2818,0.7368,path,2.3740,5.1200,0.0197,-0.5699,0.5732,1.6010,0.7026,0.9852
0.5386,11.3293,0.8454,path,4.4582,4.6200,0.0200,-0.2918,0.4527,1.5172,0.9730,1.0027
0.8479,15.0892,0.2439,path,1.2466,4.8800,0.0178,-0.4087,0.7429,0.8355,0.3517,0.8907
0.4935,9.8483,0.1990,path,2.6154,4.3200,0.0121,-0.3350,0.3623,1.5754,0.6811,0.6056
0.2463,5.3869,0.6292,path,2.3639,4.3800,0.0152,0.1603,0.1870,1.1102,0.7296,0.7600
0.0096,0.3757,0.0684,stand,0.0000,5.5800,0.0000,nan,nan,0.1862,0.0676,1.3555
0.2457,3.3558,0.0719,turn,0.0000,5.1000,0.0000,nan,nan,0.4801,0.1136,0.7705
0.4756,11.1767,0.0689,combined,2.1975,4.9600,0.4756,0.3342,0.3383,1.7267,0.6506,1.4335
0.5397,7.6759,0.9363,path,2.6307,4.5800,0.0180,0.5230,0.1333,1.7560,1.1858,0.9049
0.2109,1.2440,0.9767,path,1.6538,4.0000,0.0083,0.1796,0.1107,1.3356,0.4820,0.4171
1.3406,9.8057,1.4264,path,6.0887,4.9600,0.0285,-1.3405,0.0164,1.8165,1.2028,1.4253
0.5113,27.9993,0.7122,path,2.7159,4.0400,0.0201,-0.5060,0.0731,1.1288,0.7196,1.0183
0.2461,3.9487,0.4808,path,1.4014,4.6200,0.0102,0.1267,0.2109,1.2331,0.7268,0.5134
0.5833,1.0712,0.1183,straight,0.6247,5.9000,0.0025,0.5636,0.1502,1.2771,0.3282,0.3482
0.5318,17.6840,0.1065,path,4.3401,5.6000,0.0254,-0.5273,0.0692,1.4740,0.8092,1.2808
1.1657,2.5805,0.9890,path,2.2740,4.7200,0.0175,0.9682,0.6493,1.6437,1.1885,0.8733
0.0272,2.7171,0.9446,path,1.6844,5.2600,0.0192,-0.0107,0.0250,1.4738,0.9083,0.9646
0.8116,1.7264,0.5610,path,3.1114,5.7400,0.0171,-0.2770,0.7628,1.7697,0.8518,1.1823
0.5062,6.0526,0.0785,combined,0.5670,4.4800,0.0516,0.4832,0.1510,0.9476,0.3142,0.7836
0.3493,0.4615,0.5346,path,1.8836,4.3400,0.0087,-0.0087,0.3492,1.4581,0.4596,0.4340
0.3217,1.1677,0.0156,lateral,0.6990,6.1000,0.3217,-0.0413,0.3191,0.4598,0.1480,0.8311
0.3954,9.3883,0.0751,turn,0.0000,4.3800,0.0000,nan,nan,0.5230,0.1479,0.5509
0.1835,5.3242,0.3504,path,2.4802,5.8000,0.0086,-0.1355,0.1238,1.0139,0.4058,0.4279
0.3769,9.3990,0.0647,straight,1.7464,6.0400,0.2802,0.3416,0.1591,1.6537,0.4916,0.3163
0.5692,2.7161,0.9627,path,3.8682,5.8000,0.0215,-0.4551,0.3418,1.3274,0.8325,1.0723
0.2449,5.9558,0.3138,path,1.7155,4.4600,0.0078,0.0432,0.2411,0.7956,0.4209,0.3898
0.4135,5.6146,0.1379,turn,0.0000,5.2000,0.0000,nan,nan,0.3526,0.1335,1.3952
0.5412,5.2833,0.1481,combined,1.5240,4.7600,0.5412,-0.4907,0.2282,0.5432,0.2565,0.3914
0.5269,2.8982,0.1282,lateral,1.2228,5.8600,0.5149,-0.1718,0.4981,0.5504,0.2106,0.6228
0.2619,12.1627,0.4147,path,1.5202,4.0000,0.0080,-0.0140,0.2615,0.7384,0.4240,0.3985
1.3838,36.1629,1.3564,path,3.8806,5.7600,0.0283,-1.3254,0.3978,1.7527,0.8666,1.4274
0.1551,0.7351,0.4508,path,1.4870,5.1400,0.0065,0.0939,0.1235,0.7737,0.3803,0.3225
0.1842,1.5052,0.0636,lateral,0.1186,5.4400,0.0435,0.0638,0.1728,0.3917,0.1121,1.4231
0.4658,5.8917,0.0442,lateral,1.2347,5.7200,0.4658,-0.3389,0.3195,0.4115,0.1906,0.8119
0.4056,3.3807,0.1191,lateral,0.2520,5.8800,0.2520,-0.0896,0.3956,0.3059,0.1204,1.1369
0.2725,4.8901,0.1094,combined,1.5049,5.9400,0.2725,-0.1875,0.1977,0.7025,0.2379,0.4700
0.5268,3.3303,0.0306,combined,1.1917,6.1800,0.0715,0.4864,0.2022,1.2733,0.3391,1.2577
0.3989,2.6261,0.0133,straight,0.4173,6.5200,0.0545,0.3953,0.0531,0.7245,0.2030,1.2314
1.1086,1.4903,0.2015,path,2.6832,4.1200,0.0283,-0.7766,0.7910,1.3517,0.7293,1.4177
0.2747,6.6042,0.0339,stand,0.0000,4.8600,0.0000,nan,nan,0.5890,0.1183,1.3050
0.5749,18.2306,0.2299,combined,1.3350,4.9800,0.5749,-0.4190,0.3936,0.5362,0.2418,1.2472
0.9174,8.0203,1.1316,path,1.4216,5.1000,0.0068,0.8639,0.3088,1.3460,0.6631,0.3408
0.4656,11.5408,0.0455,combined,1.1087,5.6000,0.4646,-0.1923,0.4240,0.7828,0.2447,0.6979
1.2288,2.2919,1.1308,path,5.1438,4.1000,0.0296,-1.1823,0.3347,1.7736,1.2856,1.4788
0.3588,5.9923,0.1210,combined,1.6366,5.8000,0.0330,0.3126,0.1763,1.2310,0.3819,1.0355
0.3251,7.8230,0.0791,straight,0.9550,5.2600,0.3234,-0.3153,0.0792,0.3874,0.1659,1.5345
0.3875,6.6588,0.9420,path,1.0181,6.5600,0.0238,-0.3873,0.0116,1.1708,0.7122,1.1889
1.1721,17.1346,0.3084,path,1.9328,4.1200,0.0235,-0.8585,0.7980,0.8925,0.3850,1.1747
0.8556,11.6229,0.2014,path,2.1955,5.1800,0.0067,-0.8396,0.1647,1.1989,0.4241,0.7026
0.3733,15.0376,0.6548,path,2.9705,5.6800,0.0128,-0.1684,0.3331,1.3117,0.6008,0.6435
0.5224,1.0737,0.2174,combined,1.9070,5.3600,0.0422,0.5197,0.0538,1.7107,0.5649,1.3728
0.2711,8.8394,1.4689,path,0.9078,4.5600,0.0167,-0.0442,0.2674,1.5767,0.7768,1.0053
0.0949,1.6882,0.0107,stand,0.0000,5.1000,0.0000,nan,nan,0.2382,0.0605,0.5617
0.4531,5.9578,1.0833,path,4.5290,4.4800,0.0219,-0.4315,0.1383,1.6787,1.1688,1.0962
0.0987,11.1854,0.4024,path,1.8770,4.7000,0.0082,-0.0853,0.0497,0.8721,0.4240,0.4094
0.3318,2.2535,0.1261,lateral,0.2851,4.0800,0.2766,-0.0266,0.3307,0.3421,0.1337,1.4359
1.3801,19.9823,1.5243,path,3.8573,4.1200,0.0251,-1.2047,0.6734,1.8842,1.1326,1.2917
1.1292,8.0771,1.0414,path,5.6334,6.7000,0.0195,-1.0535,0.4065,1.3382,0.7866,0.9762
0.4281,6.3733,0.2515,path,3.0485,4.0800,0.0164,-0.4213,0.0760,1.3934,0.6523,0.8041
0.3407,6.4406,0.0498,combined,0.9523,5.4000,0.3398,-0.3376,0.0457,0.3368,0.1496,1.5013
0.3680,14.6796,0.0786,lateral,1.2160,6.8400,0.3680,-0.2904,0.2261,0.3697,0.1513,1.1885
0.3656,8.1038,0.1108,lateral,1.4034,5.8200,0.3639,-0.1545,0.3314,0.5387,0.2277,1.3989
0.4382,1.2901,1.2972,path,4.1891,4.8400,0.0278,-0.2574,0.3546,1.6801,1.2063,1.3895
0.2307,7.6157,0.0995,turn,0.0000,4.6800,0.0000,nan,nan,0.5633,0.1391,0.3949
0.1591,0.5691,0.6985,path,1.6949,4.8400,0.0088,-0.1316,0.0895,0.7935,0.4307,0.4423
0.2094,2.0644,0.4590,path,1.7661,6.5200,0.0043,-0.1856,0.0971,1.1895,0.7155,0.7786
0.3435,5.3550,0.1433,straight,0.3952,5.9000,0.3192,-0.3381,0.0606,0.2131,0.0818,1.3693
0.3290,16.0530,0.0575,lateral,0.2111,5.4400,0.1945,-0.1154,0.3082,0.2254,0.0937,0.8331
1.4173,38.0527,0.7218,path,3.5194,7.3000,0.0273,0.9937,1.0106,1.9355,1.0998,1.3630
0.0734,1.7029,0.0268,stand,0.0000,4.6200,0.0000,nan,nan,0.1916,0.0533,1.0522
0.1766,3.6443,0.8986,path,1.2854,7.0800,0.0204,-0.1646,0.0640,1.2226,0.7770,1.0207
0.7727,15.8134,1.2394,path,5.9089,6.8400,0.0232,-0.7548,0.1654,1.6314,1.0392,1.1820
0.2551,17.6017,0.5797,path,1.9787,5.3200,0.0125,0.1037,0.2331,1.6469,0.9046,0.6259
0.2093,0.5849,0.1084,combined,0.4029,4.0400,0.2093,-0.1972,0.0701,0.2636,0.1029,1.2560
0.4326,0.2113,0.0679,lateral,0.6268,4.9800,0.4326,-0.1007,0.4207,0.3652,0.1576,0.6879
2.2747,49.5271,1.0066,path,7.0248,6.4400,0.0277,-1.5289,1.6843,1.9268,1.1764,1.3866
0.5864,7.2648,0.1973,straight,1.4422,4.3000,0.1258,0.5859,0.0236,1.6854,0.6660,0.5794
0.3080,6.9246,0.4166,path,3.4282,7.5600,0.0125,0.1407,0.2739,1.3762,0.6458,0.6231
0.2912,4.9203,0.0967,straight,0.7361,5.5800,0.2770,-0.2912,0.0025,0.3097,0.1316,0.4338
0.7263,4.7754,0.9502,path,2.2913,4.6000,0.0198,-0.4995,0.5272,1.4126,0.6359,0.9883
0.2885,6.0531,0.4527,path,3.8368,4.7800,0.0289,0.1699,0.2332,1.7603,1.0817,1.4411
0.0163,0.2562,0.0447,stand,0.0000,6.2200,0.0000,nan,nan,0.1598,0.0473,0.8345
0.5346,5.2746,0.1105,combined,0.9892,4.8800,0.5346,-0.4916,0.2101,0.3691,0.1750,0.3376
0.5088,2.2083,0.2175,combined,1.4506,4.5600,0.3611,0.4502,0.2372,1.4587,0.5348,1.5938
0.7105,1.4245,1.5773,path,1.7184,5.5800,0.0255,-0.5917,0.3933,1.6871,1.0594,1.2761
0.4398,2.3449,0.0463,lateral,0.1770,6.2600,0.1673,-0.0161,0.4395,0.3408,0.1337,1.0832
0.3532,5.4243,0.0538,combined,1.1214,5.7000,0.3531,0.1596,0.3152,1.0696,0.3974,0.9177
0.2071,0.7780,0.0369,lateral,0.6325,7.0200,0.1966,-0.0644,0.1968,0.3100,0.1073,1.2213
0.3960,0.6393,0.6098,path,2.8001,5.4200,0.0109,-0.3959,0.0034,1.5245,0.6523,0.5467
0.3003,9.5437,0.2035,combined,1.4584,6.0600,0.3003,-0.2534,0.1611,0.8424,0.2937,0.7597
0.7493,0.2041,0.2790,straight,1.5832,4.5400,0.0170,0.7228,0.1978,1.5295,0.6860,0.8015
0.4602,13.9997,0.0294,turn,0.0000,6.9600,0.0000,nan,nan,0.3485,0.1231,0.3340
1.4464,15.3246,1.6639,path,0.9082,7.3800,0.0311,-1.2096,0.7930,1.6228,1.0561,1.5568
0.3860,3.5342,0.5415,path,1.5036,6.3400,0.0238,0.3488,0.1655,1.7959,1.0704,1.1852
0.6572,1.7277,1.1883,path,2.5086,7.2200,0.0278,-0.4512,0.4779,1.4591,0.9932,1.3910
0.3211,2.2968,0.2183,combined,1.1472,4.8600,0.3211,0.0751,0.3122,0.7021,0.2528,1.1084
1.6682,1.2298,1.1100,path,5.9366,7.6800,0.0251,-1.6086,0.4419,1.5363,0.8181,1.2527
0.7027,3.6610,1.4646,path,5.6644,4.6400,0.0302,-0.6812,0.1726,1.7077,1.4308,1.5157
0.3037,4.6435,0.0813,combined,1.6912,5.2200,0.3032,-0.3037,0.0032,0.5556,0.2806,0.6207
0.4454,1.8348,0.0473,straight,0.3809,6.8600,0.0057,0.4406,0.0653,0.7738,0.2112,0.9175
0.0176,0.7056,0.0635,stand,0.0000,6.5200,0.0000,nan,nan,0.1962,0.0485,0.3931
0.6502,60.4105,0.3381,path,3.4905,4.3600,0.0255,0.3413,0.5534,1.5736,1.0713,1.2639
0.5637,0.5651,0.0928,combined,1.8874,6.1600,0.5637,-0.5037,0.2531,0.5601,0.2733,0.3841
0.2931,9.2191,0.0405,straight,1.4345,7.5000,0.2931,0.2630,0.1295,1.4487,0.4162,1.1584
0.4408,0.1559,0.0385,stand,0.0000,5.0200,0.0000,nan,nan,0.5095,0.1279,0.3258
0.6944,7.4256,0.2497,combined,2.0017,4.8200,0.6944,-0.6791,0.1450,0.6333,0.2971,1.4567
0.2106,8.9173,0.0140,combined,0.6031,7.6800,0.1977,-0.1822,0.1056,0.6043,0.1087,1.1457
0.4093,0.8430,0.0491,turn,0.0000,5.0000,0.0000,nan,nan,0.3379,0.1277,1.0848
0.8827,3.1461,1.0315,path,3.2311,5.8000,0.0221,-0.1379,0.8718,1.3918,0.8811,1.1188
0.7690,25.9620,0.6626,path,0.8762,5.4400,0.0229,-0.6908,0.3379,0.8589,0.4822,1.1428
0.3611,11.3923,0.5418,path,2.2603,4.6800,0.0052,-0.1259,0.3384,1.1487,0.5673,0.5023
0.3351,5.8869,0.0882,straight,1.3449,5.7800,0.3351,-0.3209,0.0967,0.4767,0.2093,0.6501
0.0788,0.1590,1.2171,path,2.4474,5.5600,0.0127,-0.0653,0.0442,1.3904,0.6890,0.6370
1.2877,5.9342,1.4244,path,3.4302,5.1000,0.0289,-1.2876,0.0077,1.6624,0.8775,1.4488
0.5864,5.4043,0.9275,path,0.9508,7.9000,0.0132,0.5244,0.2624,1.3132,0.8407,0.6629
1.0467,15.7865,1.3755,path,4.8679,5.5000,0.0212,-0.7540,0.7259,1.4114,0.9101,1.0653
0.0185,1.7675,0.0606,stand,0.0000,6.4800,0.0000,nan,nan,0.1229,0.0484,0.3338
0.3836,7.2483,0.0135,turn,0.0000,6.0200,0.0000,nan,nan,0.8221,0.1403,0.5101
0.3602,4.1722,0.0448,straight,0.7637,5.9200,0.0797,0.3303,0.1436,1.0233,0.3086,0.9853
0.4225,10.8769,0.5622,path,4.0692,7.2400,0.0118,0.4218,0.0233,1.4839,0.7250,0.5900
0.5852,15.4558,0.0812,combined,1.9329,5.4200,0.5852,0.0358,0.5841,1.6133,0.5030,0.6316
0.3166,6.6690,0.0443,lateral,0.7876,4.9000,0.3128,-0.1732,0.2650,0.4158,0.1596,1.5933
0.3101,1.8566,0.1371,turn,0.0000,7.2800,0.0000,nan,nan,0.7593,0.1363,0.9842
1.2728,14.0807,1.5054,path,4.7289,6.6800,0.0288,-0.8146,0.9779,1.6666,0.9618,1.4393
0.4486,4.6520,0.1345,lateral,0.6999,7.5000,0.4130,-0.0702,0.4431,0.4036,0.1318,0.5038
0.3119,1.0365,0.1015,combined,1.8687,7.1200,0.3054,-0.2721,0.1526,0.8006,0.2994,0.6779
0.1496,4.4256,0.3290,path,2.1276,6.1600,0.0074,0.1224,0.0859,0.6835,0.4232,0.3447
0.4169,8.2669,0.4569,path,3.2727,6.5600,0.0106,-0.2666,0.3206,1.3074,0.5407,0.5309
0.6340,14.2971,0.0470,combined,1.8929,6.1400,0.6340,-0.5921,0.2268,0.6941,0.2749,0.3199
0.3734,13.8086,1.4405,path,0.1969,5.7000,0.0221,0.3718,0.0344,1.6404,1.0433,1.1063
0.4232,0.4529,0.2036,straight,1.4330,6.1400,0.1228,0.4029,0.1293,1.5281,0.4142,1.2013
0.3781,28.3439,0.6603,path,1.4542,4.7400,0.0239,-0.0933,0.3664,1.2619,0.8473,1.1963
0.8040,6.9369,1.2268,path,1.9246,6.3600,0.0138,0.7986,0.0932,1.8785,1.1847,0.9852
0.2338,0.7923,0.0447,turn,0.0000,7.0600,0.0000,nan,nan,0.6388,0.1122,1.5972
0.5499,2.1003,0.1744,combined,0.8714,5.3000,0.1570,0.5363,0.1219,1.2504,0.4822,1.5489
0.2686,3.5156,0.0540,turn,0.0000,5.8600,0.0000,nan,nan,0.3834,0.1168,1.4568
0.4199,9.5885,0.5809,path,4.1281,7.5400,0.0128,-0.3745,0.1900,0.8212,0.6000,0.6418
1.0197,0.5678,1.2345,path,1.4106,4.9800,0.0296,-0.4706,0.9046,1.3727,0.7976,1.4836
0.5016,8.6962,0.0385,lateral,0.6405,5.8800,0.5016,-0.3248,0.3823,0.3645,0.1261,1.4207
0.5103,10.7686,0.1183,combined,1.9628,6.1400,0.5103,-0.5065,0.0619,0.5436,0.2684,1.0563
0.5261,5.7482,0.6837,path,3.8623,6.6800,0.0161,-0.5261,0.0066,1.0026,0.6556,0.8059
0.4664,4.0436,0.0250,turn,0.0000,4.9200,0.0000,nan,nan,0.7478,0.1557,0.3367
0.4611,8.7839,0.1282,turn,0.0000,7.0000,0.0000,nan,nan,0.8056,0.1506,0.5081
0.4563,0.5745,0.0974,straight,0.6767,5.0000,0.0220,0.4299,0.1530,1.1067,0.4036,0.4911
0.3367,2.3734,1.5154,path,4.5374,5.6200,0.0190,-0.0151,0.3364,1.6252,0.9376,0.9516
0.4320,4.8118,0.1378,turn,0.0000,7.3600,0.0000,nan,nan,0.4487,0.1344,1.2377
0.7041,8.4707,0.0680,combined,1.3991,4.1400,0.7041,-0.6779,0.1903,0.6095,0.2379,0.7489
0.3142,0.1488,0.1442,combined,0.4105,5.9000,0.2247,-0.0311,0.3126,0.4526,0.1314,0.4688
0.2947,1.7228,0.5041,path,2.2796,5.0400,0.0092,-0.2031,0.2135,0.6576,0.4404,0.4623
0.3574,3.6522,0.0188,turn,0.0000,5.9000,0.0000,nan,nan,0.3865,0.1154,0.4895
0.6663,6.1579,0.3934,path,3.1005,6.6400,0.0172,-0.4918,0.4495,1.0870,0.6519,0.8623
0.0530,1.4120,0.0091,stand,0.0000,4.3600,0.0000,nan,nan,0.1708,0.0391,0.6612
1.1870,7.7804,0.4397,path,1.4977,5.6200,0.0288,0.4403,1.1023,1.5493,0.6553,1.4198
0.2952,2.5014,0.1779,combined,0.2222,6.9400,0.1445,-0.1154,0.2717,0.2846,0.1022,0.9965
0.5009,4.9294,0.1819,lateral,1.1905,6.1400,0.4972,-0.2258,0.4472,0.4784,0.1811,0.5375
0.7610,6.0481,0.1600,lateral,1.4179,6.3200,0.7610,-0.5192,0.5565,0.4088,0.2095,0.9181
0.4236,4.5168,0.1247,straight,0.5783,5.1000,0.3785,-0.2114,0.3670,0.2516,0.1181,0.3620
0.3422,13.0584,0.0923,combined,1.3336,7.5800,0.3417,-0.3309,0.0871,0.5069,0.1834,1.2680
0.4392,9.1236,0.1298,lateral,0.3741,5.9000,0.3741,-0.2136,0.3838,0.2895,0.1068,0.7347
0.4840,5.3443,0.1277,lateral,0.3512,5.6800,0.3280,-0.3635,0.3196,0.2472,0.1053,0.3823
0.4379,5.0859,0.0278,lateral,0.4493,6.4200,0.4055,-0.1629,0.4065,0.3251,0.1200,0.4223
0.6613,0.1291,0.8955,path,0.7976,4.9200,0.0191,0.6363,0.1804,1.7412,1.0034,1.5281
0.8410,11.6653,1.2514,path,3.6316,7.3600,0.0187,0.7578,0.3647,1.5549,0.8483,0.9526
1.1594,32.6184,1.0267,path,1.6219,5.8200,0.0275,-0.5581,1.0162,1.3707,0.7903,1.3642
1.5221,5.9083,1.4835,path,3.7399,5.3400,0.0290,-1.3227,0.7532,1.7616,0.7386,1.4443
0.3255,2.0501,0.3366,path,2.8854,4.2000,0.0141,-0.2842,0.1587,1.3345,0.7020,0.7035
0.4288,3.1421,1.0758,path,3.8322,5.8800,0.0160,-0.3705,0.2159,1.4227,0.7484,0.7985
0.5889,1.8249,0.1363,straight,1.7685,7.1600,0.1816,0.5881,0.0296,1.5896,0.4208,0.5281
0.3687,2.3391,0.1675,straight,1.3053,6.6800,0.0353,0.3399,0.1427,1.4852,0.4307,1.5590
0.3354,5.7366,1.0330,path,4.0594,4.3600,0.0197,-0.3058,0.1379,1.3322,0.9239,0.9869
0.5327,6.7583,0.8962,path,5.8049,6.8400,0.0165,-0.0277,0.5320,1.5284,0.9362,0.8705
0.0235,1.4835,0.0153,stand,0.0000,6.6000,0.0000,nan,nan,0.2868,0.0577,0.7219
0.9220,103.8300,0.9776,path,1.5591,6.0000,0.0297,0.6268,0.6763,1.3998,0.7335,1.4911
0.3290,1.2264,0.0701,turn,0.0000,7.1200,0.0000,nan,nan,0.6030,0.1167,1.2178
0.4232,5.5154,0.0626,turn,0.0000,5.9400,0.0000,nan,nan,0.6761,0.1576,1.4041
0.6118,8.8649,0.9570,path,3.2722,6.5600,0.0165,-0.3774,0.4815,1.3907,0.7430,0.8252
0.5030,8.6258,0.1052,straight,1.3037,4.1200,0.5030,-0.5019,0.0329,0.4471,0.2215,1.2172
0.3370,4.9827,0.1067,turn,0.0000,6.9000,0.0000,nan,nan,0.5132,0.0999,0.5402
0.3979,4.9833,0.2280,path,4.5671,7.8200,0.0133,-0.3945,0.0512,1.3335,0.5726,0.6633
0.4357,2.1424,0.0168,lateral,1.0873,6.4400,0.4357,-0.1671,0.4024,0.5065,0.1707,1.4644
1.1582,6.2363,0.6421,path,5.5347,6.9600,0.0191,-1.1568,0.0572,1.2423,0.7428,0.9550
0.3647,8.3758,0.0325,lateral,0.8689,7.4400,0.3568,-0.2080,0.2996,0.4353,0.1330,1.1764
1.1916,5.5913,1.1701,path,4.6911,6.4800,0.0315,-1.0668,0.5311,1.6630,1.0922,1.5878
1.1289,8.1929,1.0674,path,4.9658,6.9400,0.0303,-0.6867,0.8960,1.6134,1.1624,1.5148
1.5324,25.7453,1.1987,path,0.4063,7.5600,0.0298,-0.5849,1.4164,1.4544,0.6782,1.4914
0.4090,4.8362,0.0753,lateral,0.4062,4.5000,0.3199,0.0825,0.4006,0.3566,0.1635,1.0532
0.5856,11.5547,0.7854,path,3.7716,7.3600,0.0160,0.5572,0.1801,1.6032,1.0206,0.7977
1.1040,1.3645,1.3300,path,6.6481,7.7400,0.0290,-1.0581,0.3152,1.6212,1.2127,1.4466
0.4807,2.2446,0.8963,path,2.8105,7.5000,0.0122,-0.4805,0.0150,1.1840,0.5273,0.6112
0.5361,3.4639,0.2349,combined,1.3194,5.5400,0.5358,-0.4844,0.2296,0.4136,0.1758,0.9383
0.4068,6.2324,0.0629,combined,1.2432,6.0600,0.4066,-0.3996,0.0760,0.3881,0.1751,0.4970
0.4267,3.2889,0.1277,turn,0.0000,7.6800,0.0000,nan,nan,0.2533,0.1042,0.5778
0.2412,6.6469,0.3294,path,2.4126,5.6400,0.0086,-0.0814,0.2271,1.2132,0.4556,0.4298
0.4060,2.6980,0.1616,straight,0.6006,7.4400,0.3963,-0.3919,0.1061,0.2364,0.1007,0.5952
0.0406,1.8192,0.0376,stand,0.0000,7.0800,0.0000,nan,nan,0.1544,0.0327,0.7185
0.4130,1.0838,0.4769,path,1.0322,7.9000,0.0115,-0.2771,0.3062,1.1345,0.4355,0.5744
0.1814,0.7033,0.7417,path,4.1304,6.1800,0.0153,-0.1801,0.0216,1.3079,0.8229,0.7670
0.2037,6.3365,0.0794,lateral,0.0955,4.0400,0.0719,0.1379,0.1499,0.2812,0.1088,0.7705
0.2740,3.5491,0.2967,path,2.5895,6.3000,0.0099,0.2621,0.0801,1.0980,0.5477,0.4955
0.5210,3.8361,0.9950,path,5.5076,7.0000,0.0274,-0.4916,0.1727,1.5069,1.2086,1.3818
0.3170,14.8996,0.5207,path,0.6390,7.6600,0.0194,0.3108,0.0623,1.6063,0.9974,0.9711
0.3569,8.6191,0.0822,turn,0.0000,7.0600,0.0000,nan,nan,0.7797,0.1809,0.4444
0.4510,9.9753,0.0633,lateral,0.7295,6.9600,0.4495,-0.4076,0.1930,0.2728,0.1104,0.3986
0.2961,2.9916,0.7257,path,3.0361,6.2800,0.0138,-0.1674,0.2442,1.3887,0.8111,0.6912
0.2777,6.8565,0.8058,path,3.3153,5.8400,0.0175,-0.0410,0.2747,1.6059,0.7497,0.8730
0.4190,12.6610,0.0265,lateral,1.0906,6.6800,0.4190,-0.2812,0.3106,0.4369,0.1516,0.9392
0.4675,12.4429,0.0958,straight,1.0822,6.6200,0.0586,0.4575,0.0966,1.4576,0.3160,1.3384
0.0312,1.8200,0.0566,stand,0.0000,7.0400,0.0000,nan,nan,0.2291,0.0389,1.2099
0.1202,1.5189,0.0404,stand,0.0000,4.7000,0.0000,nan,nan,0.2302,0.0488,1.1485
0.5579,9.1463,0.3563,path,2.2308,5.9800,0.0079,-0.5516,0.0835,0.7676,0.4580,0.6553
0.6065,5.0436,0.0487,combined,1.6385,6.5400,0.5968,-0.5481,0.2596,0.5797,0.1786,1.4870
0.9274,19.5609,0.1252,path,1.4897,7.4400,0.0129,-0.6132,0.6958,1.6032,0.2685,0.6456
0.4066,4.5553,0.0364,straight,1.1240,6.5800,0.4052,-0.4059,0.0244,0.3572,0.1502,0.7930
0.4816,7.6340,0.0749,turn,0.0000,4.2800,0.0000,nan,nan,0.4910,0.1402,1.3555
0.0559,11.2045,0.4564,path,3.2335,6.6200,0.0068,0.0347,0.0438,1.0402,0.6285,0.6152
0.4090,3.0005,0.9727,path,1.8008,6.2800,0.0126,0.3895,0.1250,1.1367,0.6783,0.6329
0.1542,0.0175,0.2744,path,2.8816,6.9200,0.0086,0.0436,0.1479,0.9495,0.4444,0.4302
0.3194,12.2362,1.1528,path,3.9732,6.7800,0.0205,0.2943,0.1240,1.2926,1.0278,1.0225
0.0356,0.5119,0.0189,stand,0.0000,6.9000,0.0000,nan,nan,0.3293,0.0471,1.1064
0.5578,4.6169,0.5448,path,1.8893,4.1400,0.0245,-0.1132,0.5462,1.8339,1.0971,1.2272
0.1605,1.7738,0.0752,lateral,0.4019,7.9800,0.1313,-0.1165,0.1104,0.2158,0.0836,0.7074
0.2916,7.4534,0.1129,straight,1.6549,6.4200,0.2658,0.2829,0.0706,1.3839,0.3945,1.5612
0.2575,8.5047,0.4508,path,1.5945,6.5600,0.0105,-0.2053,0.1554,1.4329,0.6379,0.5242
0.4786,11.1580,0.9720,path,2.9451,7.9600,0.0099,0.4734,0.0703,1.6346,0.7876,0.4970
0.4843,0.3117,0.0999,straight,1.6685,7.2800,0.1459,0.4389,0.2047,1.5885,0.4380,0.6282
0.3335,3.1132,0.1312,combined,0.6344,5.2000,0.3326,-0.2648,0.2027,0.2649,0.1126,1.5419
0.3815,4.3384,0.9286,path,0.8985,7.2800,0.0169,-0.1236,0.3610,1.2371,0.8089,0.8444
0.4455,5.1522,0.0655,combined,1.3746,6.4600,0.4434,-0.1732,0.4104,0.4798,0.2054,0.0000
0.3521,3.8252,0.3555,path,1.7401,6.0600,0.0060,-0.2370,0.2604,0.6491,0.2887,0.3018
0.4775,1.0269,0.9695,path,5.6809,7.3400,0.0192,-0.4570,0.1385,1.4953,0.8654,0.9583
0.5143,3.6922,0.1446,combined,0.2524,7.8800,0.2391,-0.3019,0.4163,0.6068,0.1231,1.5021
0.2903,7.0207,0.6656,path,2.0762,7.6000,0.0133,-0.2683,0.1109,0.9445,0.5921,0.6667
0.3931,2.3455,0.1055,combined,1.6814,5.6400,0.3931,-0.3916,0.0348,0.5736,0.2607,0.4433
0.3468,7.9647,0.0302,lateral,0.6556,6.7000,0.3365,-0.2308,0.2589,0.3926,0.1150,0.6451
0.0822,3.1815,0.2335,path,2.3143,7.5600,0.0062,-0.0239,0.0786,0.7976,0.3190,0.3125
0.3497,4.7024,0.2030,combined,1.3172,7.7200,0.3454,-0.3381,0.0895,0.5664,0.1718,1.2707
0.7621,9.7162,0.6500,path,6.9049,7.9800,0.0249,-0.6209,0.4420,1.5771,1.0637,1.2451
0.7681,2.5408,0.7402,path,3.8971,4.7000,0.0245,-0.7517,0.1577,1.3433,0.9194,1.2262
0.8261,13.3058,1.4460,path,1.1104,7.7400,0.0151,0.0288,0.8256,1.5233,1.1755,0.8426
0.3150,0.2139,0.1275,straight,0.5888,6.6600,0.2933,-0.3107,0.0517,0.2550,0.1027,0.6244
0.1766,6.2263,0.5019,path,3.3747,7.4600,0.0137,-0.1755,0.0195,1.3075,0.5780,0.6856
0.4435,5.8156,0.9065,path,3.5889,4.7800,0.0151,-0.4422,0.0340,1.2529,0.6680,0.7514
0.5777,15.8918,0.4282,path,1.1519,5.1400,0.0015,0.5037,0.2827,0.8345,0.4864,0.3027
0.0934,1.5926,0.0887,stand,0.0000,4.1800,0.0000,nan,nan,0.3255,0.0797,0.3914
0.3754,16.5477,0.4718,path,1.2979,5.4400,0.0140,0.1929,0.3221,1.4393,0.8106,0.7026
0.2543,0.0285,0.8964,path,1.3509,4.8200,0.0218,-0.1440,0.2096,1.2403,0.7582,1.0889
0.4791,5.7500,0.0297,straight,0.0538,7.8000,0.0538,-0.4681,0.1022,0.2618,0.1056,0.6793
1.0885,2.8671,0.3833,path,2.1544,4.7400,0.0247,-0.5261,0.9529,1.3743,0.6344,1.2373
0.3477,0.2822,0.2453,path,2.3048,4.3000,0.0193,0.0055,0.3477,1.7485,0.8749,0.9648
1.2912,11.9848,0.8300,path,4.7692,5.6800,0.0286,-1.1852,0.5123,1.5377,1.0347,1.4308
0.0604,2.6915,0.4402,path,2.7219,7.3800,0.0076,0.0320,0.0512,1.2198,0.4349,0.3803
0.5996,5.6965,0.0603,combined,0.7872,6.8800,0.5979,-0.1370,0.5838,0.8546,0.1896,0.4434
0.5426,2.4337,0.1036,straight,1.5188,7.8000,0.5424,-0.5396,0.0571,0.3930,0.1695,1.3017
0.3764,2.2049,0.0835,straight,1.5466,4.2000,0.0435,0.3517,0.1341,1.2465,0.4956,1.0355
0.7534,23.7214,1.0359,path,1.1153,6.1600,0.0302,-0.7276,0.1952,1.5174,0.9140,1.5049
0.1769,0.4867,0.5472,path,2.3287,7.7200,0.0111,0.0849,0.1552,0.8717,0.5738,0.5544
0.4184,0.5132,0.2743,path,1.6837,7.4000,0.0171,-0.3978,0.1297,1.4148,0.6958,0.8535
0.4879,3.2735,0.0643,combined,1.6424,5.0800,0.1612,0.4833,0.0668,1.4544,0.5169,0.7836
0.4874,20.4443,0.4291,path,3.3861,4.0800,0.0172,-0.3927,0.2886,1.6187,0.9069,0.8613
0.3499,26.0152,0.6567,path,2.9992,4.9000,0.0017,-0.0846,0.3395,1.1908,0.8407,0.8299
0.2852,5.3095,0.1336,combined,1.7651,7.4000,0.2852,0.2386,0.1563,1.5546,0.4461,0.8538
0.1132,8.4666,0.1074,straight,0.2350,6.5400,0.0279,0.1131,0.0021,0.3117,0.1012,0.5110
0.4781,5.3751,0.0782,combined,1.5213,6.7600,0.4781,0.3584,0.3165,1.6777,0.4204,1.4466
0.3464,3.2234,0.0554,lateral,0.8065,7.5800,0.3383,-0.0725,0.3387,0.4455,0.1410,1.1245
0.3929,10.2080,0.0345,combined,0.5529,7.6000,0.3855,-0.2764,0.2793,0.2429,0.0880,1.4919
0.4110,12.2570,0.1953,combined,1.0730,6.2800,0.4110,0.2407,0.3331,1.3229,0.4025,1.3995
0.0338,1.2554,0.0199,stand,0.0000,4.1400,0.0000,nan,nan,0.1492,0.0370,0.3949
0.2775,8.0563,0.0400,lateral,0.9633,7.7800,0.2398,0.0142,0.2772,0.4384,0.1475,0.3890
0.5366,0.4813,0.0542,lateral,1.0032,6.8800,0.5355,-0.1905,0.5016,0.4683,0.1652,0.9541
0.3562,2.4666,0.0574,turn,0.0000,4.9800,0.0000,nan,nan,0.4262,0.1509,0.8119
0.7312,10.0674,0.5823,path,3.9242,4.8800,0.0168,0.1905,0.7059,1.7953,1.0723,0.8383
0.2044,4.0189,1.0257,path,3.8226,5.7400,0.0139,-0.1943,0.0634,1.2817,0.6879,0.6947
0.5060,0.9128,0.0396,lateral,0.0198,5.9000,0.0198,-0.0187,0.5057,0.3506,0.1430,0.3482
0.2062,0.3297,0.7151,path,1.9858,5.6000,0.0073,0.0266,0.2045,0.8895,0.3908,0.3626
1.0552,7.9210,0.1961,path,0.6446,7.9400,0.0163,-1.0542,0.0474,1.2982,0.4816,0.8145
0.0108,1.5847,0.0227,stand,0.0000,4.2800,0.0000,nan,nan,0.1552,0.0462,1.0522
0.1155,5.6435,0.6430,path,1.8402,6.3800,0.0076,-0.0783,0.0850,1.0058,0.4776,0.3801
0.5947,10.9703,0.4728,path,3.2135,4.1800,0.0268,-0.5165,0.2948,1.4572,0.8810,1.3387
0.4281,10.8287,0.1056,combined,1.1063,4.1800,0.4281,-0.0356,0.4267,0.7893,0.3317,1.5938
0.0196,2.8679,0.0452,stand,0.0000,4.3600,0.0000,nan,nan,0.1278,0.0575,1.2560
0.9684,19.3937,0.5801,path,2.0131,4.1200,0.0289,0.2891,0.9243,1.6193,0.9343,1.4279
0.3969,3.4320,0.0771,combined,1.0318,5.0400,0.3308,0.3067,0.2519,1.2995,0.3806,1.3728
1.0645,19.5178,1.0340,path,1.8697,5.7800,0.0316,-0.6375,0.8525,1.2692,0.8823,1.5784
0.3041,3.0296,0.0902,turn,0.0000,4.3400,0.0000,nan,nan,0.3010,0.1390,0.5794
1.7421,15.1962,0.5831,path,4.9754,6.2800,0.0240,-1.2986,1.1613,1.6356,0.8317,1.2021
0.2647,4.9035,0.0315,turn,0.0000,4.2200,0.0000,nan,nan,0.5398,0.1355,1.2213
0.1512,0.2039,0.2132,path,3.0061,6.2600,0.0107,-0.1500,0.0183,1.4264,0.5025,0.5338
0.4389,6.8368,0.0521,combined,1.2027,5.4000,0.4368,-0.3703,0.2356,0.5214,0.1945,1.1369
0.3219,1.0964,0.1177,combined,1.2271,5.4800,0.3219,-0.0582,0.3166,0.6601,0.2772,1.4231
0.2807,1.7800,0.1944,path,3.8362,4.3200,0.0317,0.2419,0.1424,1.6848,1.0971,1.5840
0.5933,2.1619,0.1626,combined,2.2917,4.3800,0.5933,-0.5891,0.0709,0.6875,0.4158,0.7597
0.5671,6.6475,0.1908,combined,1.3737,4.4000,0.3170,0.5015,0.2648,1.4093,0.4995,0.3340
0.7822,1.6839,1.1808,path,4.1231,5.3800,0.0185,-0.3954,0.6749,1.3686,0.9292,0.9022
0.2592,12.5160,0.7215,path,5.3783,7.0800,0.0180,0.2592,0.0017,1.6179,0.9643,0.8987
0.4843,11.6746,0.8434,path,4.4528,4.7200,0.0183,-0.2550,0.4117,1.4970,0.9638,0.9566
0.0441,0.5413,0.0422,stand,0.0000,5.8000,0.0000,nan,nan,0.1588,0.0513,1.3952
0.2944,8.2632,0.6525,path,2.6681,6.6600,0.0147,-0.2308,0.1828,1.3110,0.6850,0.7341
0.3555,12.1273,0.4960,path,1.6972,4.4200,0.0074,0.0655,0.3494,1.1492,0.4304,0.3865
0.4705,0.4920,0.2343,straight,1.8749,6.1800,0.4697,-0.4654,0.0691,0.5457,0.2648,0.8311
0.5634,8.6246,0.0937,combined,2.1121,5.5800,0.5634,-0.4275,0.3670,0.9086,0.4171,1.3050
0.7402,3.9442,0.4857,path,1.9951,4.2000,0.0139,-0.7184,0.1783,0.7150,0.3803,0.6967
0.1929,17.1052,0.1831,path,2.0861,4.0600,0.0128,0.1645,0.1008,1.2923,0.7066,0.6392
0.2150,8.3623,0.0765,combined,0.6395,7.8600,0.2150,0.1587,0.1451,0.5497,0.1591,1.4455
0.3143,0.9512,0.0912,straight,0.0889,5.8200,0.0889,-0.2807,0.1415,0.2683,0.0850,0.4700
1.3528,7.9463,0.6566,path,4.0727,5.6800,0.0244,-1.1828,0.6565,1.3866,0.6759,1.2187
1.7577,12.9223,1.6001,path,6.2302,5.6600,0.0301,-1.2320,1.2536,1.7299,1.1413,1.5583
0.5101,2.2639,0.0617,combined,1.2356,6.2000,0.5044,0.2437,0.4481,1.0778,0.3179,0.6228
0.4269,2.0594,0.0592,straight,0.6221,5.4200,0.0640,0.4185,0.0846,1.0696,0.3043,1.3989
0.2937,0.6886,0.6290,path,3.2101,6.3200,0.0102,0.1369,0.2598,0.8521,0.5468,0.5086
0.1545,9.0438,0.5686,path,1.5150,4.5200,0.0071,-0.0642,0.1405,1.3454,0.3839,0.3544
1.2708,13.2771,0.4938,path,7.4155,6.1200,0.0307,-1.0778,0.6732,1.7078,1.2064,1.5426
0.2928,4.0556,0.0529,lateral,0.3865,5.8000,0.2783,-0.0876,0.2794,0.3025,0.1045,0.5617
0.4129,11.2858,0.1103,lateral,0.6819,7.2600,0.3939,-0.1410,0.3881,0.3505,0.1219,1.4335
0.4450,9.2194,0.6688,path,0.6378,7.4600,0.0126,0.4190,0.1499,1.1445,0.7527,0.6280
0.4908,10.1352,0.3828,path,1.7014,4.3600,0.0044,-0.4684,0.1464,1.4005,0.4978,0.5603
0.4350,3.3102,0.7008,path,3.4061,4.4800,0.0174,-0.4304,0.0631,1.2292,0.7461,0.8672
0.1274,1.5127,0.8652,path,4.5422,6.3600,0.0169,0.0099,0.1270,1.4017,0.8539,0.8442
0.3699,2.7482,0.0229,lateral,0.3915,5.8800,0.3487,-0.1195,0.3501,0.2795,0.1164,1.4359
0.3328,17.3877,0.2160,combined,1.3402,4.4600,0.3328,-0.3052,0.1328,0.5067,0.2656,1.5489
0.3318,10.9880,0.1502,path,1.8664,6.1200,0.0053,0.2437,0.2253,1.1022,0.5456,0.5066
1.4259,2.8949,1.3114,path,4.9507,5.2400,0.0297,-1.3904,0.3161,1.5544,1.1101,1.4801
0.8764,7.8278,1.4514,path,2.1264,6.1200,0.0232,-0.8743,0.0605,1.5068,0.7842,1.1598
0.3654,8.9165,0.5301,path,2.7197,7.7200,0.0153,-0.2809,0.2337,1.2582,0.7044,0.7692
0.5092,1.1214,0.1322,lateral,0.8225,6.4200,0.4778,-0.1531,0.4857,0.4464,0.1498,1.2577
0.5486,1.9510,0.0517,combined,1.1062,4.6600,0.5486,-0.5465,0.0477,0.3549,0.1462,0.3199
0.1774,5.4977,0.0492,lateral,0.5119,4.7800,0.1774,-0.1061,0.1422,0.3216,0.1205,0.9842
0.3108,3.9459,0.0408,lateral,0.3609,5.4600,0.2410,0.0633,0.3043,0.3399,0.1214,0.3376
1.7000,19.3975,1.6743,path,2.4131,5.7200,0.0310,1.5543,0.6886,1.8013,1.1989,1.5468
0.5368,6.7533,0.1316,combined,1.0606,4.8200,0.5368,-0.5110,0.1643,0.4053,0.1533,0.6316
0.5115,17.2251,0.1289,lateral,1.2374,5.3600,0.5115,-0.4600,0.2239,0.4142,0.1691,1.1084
0.2380,17.8384,0.2129,combined,0.7795,5.0600,0.2380,-0.1833,0.1517,0.3770,0.1408,0.3338
0.4375,0.3063,0.0809,combined,0.5484,5.6400,0.4375,-0.4040,0.1680,0.6601,0.1552,1.0832
0.4128,2.4952,0.1164,straight,1.2992,4.7400,0.1182,0.4011,0.0973,1.2826,0.4644,1.0563
0.4868,2.5012,1.2604,path,1.6819,5.6400,0.0080,0.4035,0.2723,1.2418,0.6106,0.4001
0.6223,3.6521,1.1944,path,3.6826,5.9200,0.0250,-0.5956,0.1803,1.4363,0.8689,1.2524
0.3488,1.8565,0.1130,straight,0.9062,4.4600,0.0134,0.3436,0.0602,1.1015,0.3521,0.4223
0.9333,25.4342,0.2605,path,5.3091,6.9600,0.0205,0.8729,0.3302,1.4357,1.0272,1.0195
0.4023,12.0915,0.0285,turn,0.0000,5.5200,0.0000,nan,nan,0.4358,0.1085,0.3931
0.4147,9.9521,0.0715,combined,1.9118,6.7600,0.4146,-0.2202,0.3514,0.6152,0.2506,1.2472
0.3737,3.9121,0.0222,straight,0.0778,4.7200,0.0778,-0.3691,0.0582,0.2624,0.1121,0.9965
0.2998,1.7095,0.6654,path,2.2929,6.7600,0.0120,-0.1370,0.2667,1.2297,0.6026,0.6031
0.2227,1.3026,0.7270,path,3.7171,4.8800,0.0159,-0.2176,0.0474,1.5154,0.7978,0.7965
0.0774,6.3733,0.0510,stand,0.0000,5.5200,0.0000,nan,nan,0.3512,0.0677,1.1457
0.3810,0.6870,0.8248,path,4.5248,5.3600,0.0202,-0.3800,0.0268,1.4109,0.9256,1.0128
0.6107,2.6519,0.1605,combined,2.2139,6.4000,0.6107,-0.6088,0.0474,0.6375,0.2704,1.5013
1.4764,20.0453,0.8397,path,2.2427,5.2200,0.0313,0.0140,1.4763,1.4432,0.8096,1.5841
0.4177,2.5461,0.0811,turn,0.0000,7.0000,0.0000,nan,nan,0.3160,0.1255,1.2314
0.4510,4.2780,0.0568,turn,0.0000,7.5600,0.0000,nan,nan,0.7756,0.1305,0.3163
0.2750,2.9994,0.0570,turn,0.0000,4.1000,0.0000,nan,nan,0.2848,0.1051,0.3986
0.6050,8.3257,0.0714,combined,1.8393,7.6600,0.6050,-0.5989,0.0853,0.5068,0.1980,0.5509
0.4909,6.3168,0.0989,straight,1.2212,5.7800,0.4909,-0.4837,0.0839,0.3645,0.1532,0.3258
0.6354,6.3088,0.1127,turn,0.0000,4.9800,0.0000,nan,nan,0.6988,0.3160,0.9181
0.7746,12.5839,0.9310,path,5.4794,6.2400,0.0306,-0.7710,0.0743,1.7655,1.1562,1.5413
0.5565,2.2369,1.0916,path,2.4004,4.3400,0.0169,0.3079,0.4635,1.6334,0.8800,0.8445
0.2739,6.2021,0.1641,straight,0.0029,4.9600,0.0012,0.2678,0.0575,0.2366,0.0966,0.7347
0.3885,5.3026,0.0470,turn,0.0000,5.0800,0.0000,nan,nan,0.9349,0.1864,0.4895
0.4002,1.3784,0.1270,straight,1.5810,6.3200,0.4002,-0.3973,0.0480,0.4770,0.2102,0.6879
1.5283,10.2281,1.0910,path,4.4031,4.5200,0.0316,-1.3786,0.6597,1.4175,0.9557,1.5770
0.5369,5.3553,0.2122,straight,1.6799,4.1600,0.1000,0.5298,0.0870,1.5734,0.6471,0.9392
0.4055,6.1446,0.2050,lateral,1.4387,5.5200,0.4055,-0.2717,0.3010,0.6666,0.2310,0.6779
0.0417,0.6750,0.0363,stand,0.0000,7.1600,0.0000,nan,nan,0.1160,0.0357,0.6979
0.8738,6.6833,0.8979,path,6.0414,5.3400,0.0268,-0.8694,0.0873,1.6002,1.0943,1.3337
0.8092,4.9060,1.4884,path,1.8957,4.3000,0.0220,-0.2450,0.7712,1.5826,0.9416,1.0995
0.0167,1.4216,0.0252,stand,0.0000,6.7400,0.0000,nan,nan,0.2183,0.0370,1.1885
0.2061,2.2925,0.4217,path,1.0832,6.6400,0.0259,0.2054,0.0163,1.5836,0.8852,1.3001
0.6144,4.6368,0.7162,path,3.9047,4.1600,0.0201,-0.5395,0.2939,1.3795,0.9000,1.0076
0.7045,4.8701,1.0939,path,1.7285,7.0000,0.0276,0.5924,0.3813,1.8221,1.1727,1.3739
0.3459,5.5750,0.4098,path,3.4795,6.5400,0.0125,0.1247,0.3226,1.1204,0.6790,0.6222
0.2302,4.3759,1.0567,path,1.4645,5.6200,0.0164,0.0320,0.2280,1.6902,1.0797,0.8190
0.4147,3.8429,0.1137,lateral,0.0366,4.7800,0.0272,0.1769,0.3750,0.3024,0.1346,1.4041
0.5482,2.4597,0.1916,combined,1.0200,5.3000,0.4143,0.3657,0.4084,0.6803,0.3690,0.6612
0.4130,6.4869,0.1546,lateral,0.5206,5.4400,0.3726,-0.0933,0.4023,0.3249,0.1246,1.2377
0.4927,22.7919,0.9784,path,2.3697,5.6800,0.0230,0.2999,0.3909,1.7630,1.3310,1.1495
0.2040,40.1533,0.6039,path,1.7875,4.9600,0.0252,-0.1857,0.0845,1.3757,0.8899,1.2565
0.2920,7.1700,0.0199,stand,0.0000,4.7400,0.0000,nan,nan,0.4550,0.1258,0.5778
0.4910,8.8492,0.0364,combined,1.9722,5.4200,0.4910,-0.4908,0.0138,0.5833,0.2838,1.2680
0.4090,5.3586,0.1628,lateral,0.2703,4.0800,0.2544,-0.0494,0.4060,0.3499,0.1525,1.5021
0.3530,1.6325,0.0968,turn,0.0000,5.0400,0.0000,nan,nan,0.3152,0.1135,0.5402
0.0079,0.0191,0.0208,stand,0.0000,4.8600,0.0000,nan,nan,0.0624,0.0259,0.7185
0.6397,1.0413,1.5985,path,5.0680,4.4400,0.0268,-0.5851,0.2587,1.6396,1.2456,1.3394
1.1021,14.1884,0.4621,path,6.5545,6.5800,0.0252,-1.0930,0.1413,1.8523,1.1547,1.2619
0.0384,2.3141,0.7770,path,6.3121,5.5200,0.0261,-0.0141,0.0357,1.7159,1.2595,1.2952
0.9804,4.5554,1.2310,path,5.5386,6.5200,0.0295,-0.5870,0.7852,1.5926,1.2398,1.4653
0.3501,13.3613,0.2754,combined,1.6315,4.3800,0.3501,-0.2591,0.2354,0.6909,0.3208,1.5419
0.6068,6.7846,0.0459,path,3.8062,4.1600,0.0276,-0.6008,0.0849,1.5463,0.8810,1.3890
1.1399,1.5451,1.1490,path,3.4281,7.4200,0.0256,0.0029,1.1399,1.5766,1.0394,1.2783
0.4897,53.9611,0.4574,path,4.0823,5.0000,0.0260,-0.4148,0.2604,1.3742,0.8185,1.3129
0.3701,0.8465,0.0608,turn,0.0000,4.2000,0.0000,nan,nan,0.4466,0.1356,0.6451
0.2781,4.8415,0.1099,combined,0.3839,7.8000,0.1792,0.1619,0.2261,0.4521,0.1225,1.5345
0.3840,7.1178,0.1221,combined,0.7693,6.5600,0.3798,-0.3809,0.0486,0.3241,0.1225,1.0848
0.6497,4.7229,0.1215,combined,1.9930,6.0600,0.6497,-0.6274,0.1687,0.5894,0.2476,1.4207
0.1229,2.0072,0.4020,path,2.2609,5.9000,0.0076,-0.1223,0.0115,0.6273,0.3974,0.3874
0.5169,8.7525,0.0430,turn,0.0000,5.8800,0.0000,nan,nan,0.4788,0.1188,0.5375
0.2483,2.2026,0.0838,straight,0.8897,6.6800,0.2391,-0.2064,0.1381,0.3434,0.1403,1.1584
0.4123,5.4552,0.3959,path,3.0685,7.0600,0.0102,0.4120,0.0145,1.4789,0.6989,0.5092
0.5371,10.6035,0.0537,combined,1.5743,4.9200,0.5371,-0.4815,0.2380,0.5511,0.2457,0.7930
0.3462,0.6787,0.8605,path,1.5262,6.5000,0.0108,-0.0366,0.3443,1.3906,0.5866,0.6831
0.7024,2.8895,0.1024,straight,1.9177,4.6000,0.7024,-0.7024,0.0087,0.5171,0.2807,0.0000
0.4849,0.7073,0.1070,combined,1.7497,7.3600,0.4849,-0.1580,0.4584,0.6111,0.2542,0.8331
0.1737,2.7895,1.0334,path,3.0498,5.6200,0.0115,-0.0102,0.1734,1.0696,0.5827,0.5728
0.3885,11.2259,1.3319,path,2.2567,6.7000,0.0111,0.3305,0.2042,1.6209,0.8555,0.5530
0.8173,51.8024,0.2728,path,5.5258,7.2200,0.0194,0.7867,0.2216,1.4519,1.0067,0.9695
0.3688,12.1707,0.0749,lateral,0.8811,7.4400,0.3688,-0.2209,0.2953,0.3533,0.1197,1.3693
0.0442,97.4686,1.4494,path,4.8251,6.4200,0.0263,-0.0108,0.0429,1.7459,1.1379,1.3162
0.2835,7.8516,0.1326,turn,0.0000,7.2400,0.0000,nan,nan,0.8692,0.1309,0.4338
0.4950,4.9176,0.1393,path,3.0460,5.8000,0.0154,-0.4403,0.2262,1.4835,0.5991,0.7710
0.9255,21.1046,1.0660,path,4.5916,4.1200,0.0253,-0.6351,0.6732,1.6660,1.1034,1.2621
0.3293,1.8779,0.0827,straight,0.4453,6.0200,0.2988,-0.2958,0.1448,0.1883,0.0841,0.3823
0.5538,6.6321,0.0836,combined,1.8402,6.9000,0.5538,-0.5530,0.0296,0.6133,0.2435,0.3841
0.2356,0.8376,0.0885,turn,0.0000,7.1600,0.0000,nan,nan,0.3049,0.0983,0.8015
0.6091,28.0548,0.3333,path,2.9080,5.8400,0.0136,-0.6086,0.0250,1.1176,0.6571,1.0464
0.4141,0.9798,0.0956,straight,0.7838,7.0200,0.4064,-0.4112,0.0492,0.2519,0.1051,0.9175
0.3999,1.2488,0.1051,combined,2.3742,5.7600,0.3999,-0.3088,0.2542,0.7415,0.3722,1.5590
1.0581,1.1877,1.2291,path,5.9240,7.8800,0.0264,-0.8711,0.6008,1.5685,1.0141,1.3349
0.4039,6.7067,0.2405,combined,1.3614,5.7200,0.4039,0.1476,0.3759,1.2787,0.4623,0.7219
0.8594,1.7317,0.9346,path,2.2191,5.5600,0.0268,-0.0940,0.8543,1.4168,0.9360,1.3459
0.2770,2.3237,0.1961,path,2.7565,7.8400,0.0091,0.0221,0.2761,1.4149,0.5072,0.4573
0.8381,10.3698,0.0704,combined,1.7942,5.5400,0.8381,-0.7002,0.4606,0.6743,0.2539,0.9383
0.8897,9.9848,0.2200,path,4.6066,7.6600,0.0259,-0.8895,0.0198,1.2422,0.8352,1.2980
1.2114,18.9881,1.2053,path,4.7357,4.9200,0.0250,-0.4439,1.1271,1.5579,1.2386,1.2524
0.7677,2.0790,1.2179,path,2.0942,7.7800,0.0217,0.2173,0.7362,1.4368,0.7135,1.0950
0.7455,4.5752,0.6201,path,3.0545,5.4600,0.0157,-0.4585,0.5878,1.4242,0.5689,0.7873
0.3180,0.9898,0.5451,path,0.7818,5.8600,0.0114,0.1632,0.2729,0.9776,0.4844,0.5694
0.4425,2.4351,0.0651,straight,0.2827,4.2000,0.2827,-0.4419,0.0238,0.2186,0.0942,1.3017
0.3974,6.4378,0.1043,combined,0.4876,7.1400,0.3923,-0.2264,0.3266,0.4353,0.1227,1.4567
0.4281,1.7924,0.2820,path,1.7113,5.0800,0.0079,-0.3936,0.1684,0.5746,0.3119,0.3940
0.3214,1.6862,0.1596,lateral,1.2851,7.5400,0.3118,-0.1234,0.2968,0.5389,0.1830,0.8345
0.4681,10.3582,0.0812,straight,0.5004,6.5800,0.1192,0.4479,0.1360,0.8103,0.2001,0.5081
0.1650,2.2415,0.2760,path,1.3035,4.2200,0.0065,0.1279,0.1043,1.0359,0.3923,0.3247
0.3585,4.1905,0.0116,straight,0.1871,5.9200,0.1840,-0.3579,0.0200,0.2083,0.0824,1.2172
0.6001,27.8300,0.4885,path,3.6337,4.6600,0.0169,-0.5523,0.2346,1.0699,0.6885,0.8429
0.3418,5.8840,0.1567,straight,0.3290,7.0000,0.3197,-0.3405,0.0297,0.2505,0.1039,0.5101
0.6740,11.7505,1.1375,path,3.0975,5.9800,0.0169,0.6116,0.2832,1.6450,1.0851,0.8455
0.6195,0.7399,1.3243,path,4.8116,5.8000,0.0258,-0.2528,0.5656,1.5159,1.1329,1.2917
0.1403,0.8636,0.2639,path,1.4820,6.1000,0.0069,0.0135,0.1396,1.0330,0.3561,0.3446
0.5932,4.7183,0.4725,path,2.6271,7.2200,0.0199,0.5666,0.1756,1.5369,0.8139,1.5936
0.8882,10.0991,1.2888,path,5.2763,4.5000,0.0257,-0.8793,0.1254,1.4584,1.0840,1.2832
0.3077,6.3090,0.0571,combined,0.4686,5.9800,0.2997,-0.1321,0.2779,0.3343,0.1033,1.1764
0.4066,6.1386,0.1880,path,2.5895,6.9800,0.0086,-0.3801,0.1444,1.5054,0.3621,0.4323
0.2566,3.2523,0.5216,path,1.5956,7.6600,0.0086,-0.2078,0.1505,1.5773,0.3789,0.4306
0.0787,3.9396,0.0116,stand,0.0000,7.2400,0.0000,nan,nan,0.4922,0.0699,0.6501
0.4341,6.7609,0.0871,lateral,0.6742,4.9400,0.4281,-0.2225,0.3727,0.4221,0.1400,0.6244
0.2572,1.4758,0.4984,path,2.2052,5.6400,0.0035,-0.1931,0.1699,0.8646,0.3959,0.3951
0.8237,1.3370,0.5250,path,1.1459,5.6800,0.0275,-0.7847,0.2506,0.9878,0.5591,1.3705
0.2330,2.2112,0.5710,path,2.8266,6.9200,0.0134,0.2090,0.1032,0.9166,0.6090,0.6689
0.2889,14.8010,0.7676,path,1.6542,4.3800,0.0079,0.0082,0.2888,0.7121,0.4586,0.3963
1.1287,31.3936,1.5133,path,2.1911,6.0400,0.0309,-1.1201,0.1397,1.6660,0.9882,1.5467
0.2894,3.1751,0.4599,path,5.5024,6.0600,0.0289,0.1170,0.2647,1.7163,1.1865,1.4296
0.5650,6.0502,0.0061,lateral,1.0564,7.2000,0.5650,-0.4367,0.3584,0.4265,0.1308,1.5933
0.2684,7.0259,0.1265,combined,2.3047,7.8200,0.2684,-0.2479,0.1028,0.6266,0.2717,0.9177
0.4638,3.8525,0.0621,lateral,0.6383,4.8400,0.4594,-0.2727,0.3752,0.3260,0.1328,0.6793
0.4441,0.3245,0.0976,lateral,0.5306,6.9600,0.3721,0.0265,0.4433,0.4092,0.1361,0.3367
0.1835,3.0586,0.0216,straight,0.2458,4.2800,0.1766,-0.1789,0.0406,0.1791,0.0754,0.5110
0.0439,0.0934,0.0193,stand,0.0000,6.9200,0.0000,nan,nan,0.1442,0.0343,0.4688
0.5407,1.1209,0.1470,combined,0.9305,5.7800,0.5355,-0.3018,0.4486,0.4371,0.1761,1.3555
0.4263,14.3076,1.1254,path,2.6443,4.9600,0.0161,-0.2809,0.3206,1.3804,0.7283,0.8075
0.4853,1.3242,0.1208,turn,0.0000,6.3200,0.0000,nan,nan,0.4044,0.1192,1.4644
0.4971,2.0498,0.0107,turn,0.0000,5.0600,0.0000,nan,nan,0.6562,0.1423,0.3914
0.2963,4.3769,0.0878,lateral,0.1336,7.8000,0.1279,0.0271,0.2950,0.3157,0.1049,0.6207
0.0427,4.0351,0.0135,stand,0.0000,7.1800,0.0000,nan,nan,0.3059,0.0386,1.4568
0.2828,0.9224,0.0749,turn,0.0000,7.5000,0.0000,nan,nan,0.3797,0.1186,0.9853
0.4523,1.0798,0.1308,straight,0.7877,7.3600,0.0243,0.4265,0.1507,1.2492,0.3066,1.2013
0.2052,6.5620,0.8648,path,5.1137,6.6000,0.0178,0.1439,0.1463,1.3923,0.9088,0.8917
0.3628,1.1902,0.0386,turn,0.0000,4.9600,0.0000,nan,nan,0.5655,0.1168,0.4434
1.1125,7.7323,1.4588,path,6.3788,5.4600,0.0296,-1.1067,0.1135,1.7823,1.1895,1.4765
0.6178,0.0342,0.1096,combined,1.8206,4.7800,0.4192,0.4477,0.4257,1.4744,0.5311,0.7836
0.2945,2.2942,0.0693,straight,1.5565,7.4600,0.2945,-0.2863,0.0690,0.5217,0.2012,1.5972
0.3870,4.4417,0.0844,straight,1.0989,7.3200,0.0418,0.3799,0.0738,1.4303,0.3450,0.4911
0.8584,18.9899,0.1557,combined,2.0352,4.0800,0.8584,-0.7803,0.3577,0.7378,0.3324,1.3728
0.5029,5.1724,0.0208,turn,0.0000,7.1800,0.0000,nan,nan,0.3457,0.1096,0.3620
0.3132,0.2903,1.0698,path,0.5465,6.4200,0.0171,-0.2695,0.1597,1.2947,0.7985,0.8529
0.3350,6.2955,0.0518,turn,0.0000,6.8200,0.0000,nan,nan,0.5050,0.1098,1.2178
0.1558,1.2441,0.6710,path,3.1730,4.1600,0.0157,-0.0683,0.1400,1.4211,0.9307,0.7847
0.2861,5.6855,0.0666,lateral,0.7873,6.5000,0.2604,-0.0605,0.2796,0.4205,0.1445,0.7705
0.3650,0.9990,0.0599,turn,0.0000,6.3800,0.0000,nan,nan,0.5716,0.1146,1.1485
0.2159,1.6509,0.3945,path,4.8734,7.4600,0.0172,-0.1404,0.1640,1.4301,0.8313,0.8618
0.3730,4.9441,0.2190,path,3.0319,7.9800,0.0090,-0.3488,0.1321,1.4924,0.5015,0.4503
0.1717,1.2160,1.0752,path,5.8576,7.1200,0.0186,0.1505,0.0826,1.3330,0.9965,0.9308
0.3701,0.2880,0.0893,turn,0.0000,7.9000,0.0000,nan,nan,0.5395,0.1019,0.5038
0.8671,5.1999,1.3524,path,6.1039,5.6800,0.0259,-0.6817,0.5358,1.6709,1.2333,1.2973
0.5420,11.6437,0.1282,combined,1.9105,6.3600,0.5420,0.0357,0.5408,1.5285,0.5241,1.1064
0.1338,3.1749,0.1284,stand,0.0000,4.1200,0.0000,nan,nan,0.2584,0.0723,1.3050
0.3466,12.9914,0.6609,path,2.5429,7.0200,0.0078,-0.2888,0.1916,1.4539,0.5844,0.4086
0.3504,4.3166,0.1258,combined,0.5756,7.8000,0.2870,-0.3055,0.1716,0.3200,0.0981,0.7489
1.3945,8.2737,0.7995,path,2.1926,7.7600,0.0297,-1.3071,0.4857,1.3855,0.7245,1.4866
0.7246,21.0191,1.3873,path,4.3191,5.7200,0.0158,-0.2446,0.6821,1.2531,0.7481,0.7868
0.5714,1.8542,0.1137,turn,0.0000,7.3600,0.0000,nan,nan,0.5461,0.1355,0.5281
0.7064,20.3704,1.2991,path,3.7137,7.5000,0.0315,-0.7052,0.0404,1.7056,1.0643,1.5781
0.5632,2.2489,0.1526,combined,1.6939,6.2800,0.2675,0.5343,0.1778,1.4858,0.5994,0.4433
0.4744,6.6293,0.0521,combined,1.6217,5.1600,0.4744,-0.4683,0.0762,0.5278,0.2568,1.4919
0.4983,19.3410,0.3107,combined,1.4625,5.2800,0.4983,-0.4266,0.2576,0.4575,0.2001,1.4466
0.2976,3.4202,1.1502,path,3.4455,5.7600,0.0076,-0.2926,0.0541,1.3194,0.6868,0.7165
0.3585,13.6122,0.1465,lateral,1.1195,6.3200,0.3585,-0.2533,0.2537,0.4693,0.1609,1.2707
0.0497,2.3225,0.3524,path,2.5713,7.1400,0.0074,0.0035,0.0496,0.9339,0.4399,0.3720
0.8895,4.3336,1.4696,path,1.9605,4.7000,0.0267,-0.5011,0.7349,1.5543,0.9237,1.3590
0.3399,1.4686,0.0035,combined,0.6139,7.3200,0.3191,-0.2418,0.2389,0.2586,0.1098,0.4970
0.8151,4.8983,0.7357,path,5.1783,6.9400,0.0180,-0.7444,0.3320,1.2608,0.7336,0.9015
0.5647,8.3167,0.5616,path,2.6566,6.6200,0.0081,-0.1732,0.5374,0.8985,0.4405,0.4044
1.2462,3.1793,1.4469,path,4.8892,7.4600,0.0291,-0.6692,1.0512,1.9372,1.1896,1.4544
1.2330,19.3558,1.2706,path,7.1128,6.7600,0.0263,-0.7756,0.9584,1.5938,1.1481,1.3148
0.4027,3.0488,0.1141,turn,0.0000,7.2800,0.0000,nan,nan,0.7921,0.1348,1.2099
0.5400,10.1560,0.3317,combined,1.7541,5.3000,0.5400,-0.2182,0.4940,1.0013,0.4119,0.3482
0.2574,4.5945,0.1461,combined,1.0738,5.2000,0.2574,-0.1209,0.2272,0.5145,0.2047,1.2560
0.3885,20.5620,1.5319,path,4.3059,5.9000,0.0573,-0.3698,0.1189,1.6855,0.9360,0.9894
0.4502,0.7995,0.0719,turn,0.0000,7.4400,0.0000,nan,nan,0.3221,0.1100,0.4444
0.1716,3.4260,0.3891,path,1.6011,4.1800,0.0079,-0.1454,0.0912,0.9229,0.4895,0.3969
0.2830,3.2256,0.0905,combined,0.5245,7.0000,0.2382,0.1092,0.2611,0.3948,0.1269,0.6282
0.2255,5.2833,0.4490,path,1.5474,4.4200,0.0070,-0.1223,0.1895,0.7100,0.3545,0.3621
0.4449,0.5640,0.0751,combined,1.4429,7.6800,0.3918,0.3300,0.2985,0.6946,0.2432,1.0532
0.3601,10.5842,0.0884,lateral,1.1802,7.6600,0.3543,-0.2249,0.2812,0.5206,0.1560,0.5952
0.6773,1.3578,1.0155,path,5.2410,4.8600,0.0227,-0.5805,0.3489,1.5699,1.0285,1.0756
1.6557,6.9293,1.8190,path,3.3452,7.2600,0.0298,-1.2427,1.0941,2.0928,1.2110,1.5010
0.4235,0.1205,1.2410,path,5.1702,7.0600,0.0234,0.2663,0.3294,1.6455,1.1531,1.1707
0.7756,0.7102,0.5305,path,4.3292,7.2200,0.0268,0.5543,0.5425,1.6961,0.9168,1.3283
0.1293,1.7746,0.0855,combined,1.0699,7.2400,0.1265,0.1075,0.0718,0.9967,0.2935,0.7074
0.3093,5.3740,0.1508,turn,0.0000,5.7600,0.0000,nan,nan,0.5743,0.1305,0.3890
0.8422,11.1341,0.1674,combined,2.0713,4.4800,0.8422,-0.8365,0.0978,0.9505,0.3451,1.4335
0.3862,11.4707,0.7399,path,1.4255,7.6800,0.0200,-0.0947,0.3744,1.5445,0.9886,1.1413
0.1130,3.9181,0.3804,path,2.0650,4.8800,0.0085,-0.1067,0.0373,0.8196,0.4499,0.4254
0.4599,10.2603,0.0841,straight,1.8873,5.3600,0.4599,-0.3824,0.2556,0.6057,0.3035,1.4231
0.5151,8.0542,0.0428,straight,1.0323,4.3000,0.5148,-0.5113,0.0628,0.3688,0.1720,0.6316
0.4369,7.5114,0.0317,turn,0.0000,7.7200,0.0000,nan,nan,0.4668,0.1057,1.4870
0.4692,5.0117,0.8350,path,2.9498,7.8600,0.0125,-0.4691,0.0101,0.9989,0.4585,0.6255
0.0267,2.8278,0.3790,path,1.6821,6.3800,0.0061,-0.0054,0.0261,0.6594,0.3358,0.3060
1.1873,11.6991,0.6461,path,3.5190,5.3200,0.0320,-0.7185,0.9452,1.6383,0.9062,1.5981
0.2983,4.3111,0.1015,combined,1.9833,7.5000,0.2952,-0.1712,0.2442,0.7336,0.2411,1.5612
0.4094,1.1863,0.3564,path,0.8547,5.1000,0.0128,-0.3149,0.2616,1.6001,0.5418,0.6382
0.4599,7.3594,0.0718,combined,1.8792,7.9800,0.4521,0.3969,0.2323,1.3861,0.3724,1.3384
0.1718,5.9137,0.0611,stand,0.0000,4.4200,0.0000,nan,nan,0.4104,0.0932,0.3338
1.0357,5.4035,1.6209,path,4.7532,7.2800,0.0140,-0.9021,0.5088,1.8292,0.6522,0.7025
0.2792,8.8435,0.1334,lateral,0.8317,5.4400,0.2746,-0.2334,0.1531,0.4162,0.1430,0.8311
1.0846,15.8793,0.8814,path,1.2702,4.6800,0.0297,-0.8623,0.6579,1.4241,0.7652,1.5005
1.2695,2.7329,1.3997,path,5.6166,7.2000,0.0246,-1.1594,0.5171,1.7695,0.9868,1.2289
0.4665,19.4129,1.3694,path,0.4019,7.2600,0.0279,-0.0524,0.4635,1.8109,1.1837,1.3934
0.3540,0.1769,0.0765,straight,0.6743,4.8600,0.0282,0.3540,0.0071,0.7865,0.2641,1.4359
0.4232,6.8820,0.1822,turn,0.0000,4.3000,0.0000,nan,nan,0.6795,0.1778,1.1457
0.2037,13.6831,0.1986,combined,1.5346,5.9600,0.2037,-0.1553,0.1318,0.5742,0.2498,1.2213
0.8464,5.4597,0.6109,path,2.3118,7.7400,0.0196,-0.2393,0.8118,1.3629,0.6117,0.9816
0.5353,10.5162,0.0589,combined,1.2670,5.3600,0.5353,-0.5350,0.0174,0.3239,0.1526,0.6228
0.2704,2.6381,0.0736,turn,0.0000,4.5400,0.0000,nan,nan,0.4553,0.1359,0.9965
0.1970,1.4947,0.0510,turn,0.0000,6.6400,0.0000,nan,nan,0.2435,0.0913,0.3949
1.2462,9.7802,1.4562,path,6.5431,6.3400,0.0315,-0.8446,0.9163,1.7991,1.2698,1.5785
0.2376,11.8534,0.5762,path,3.0448,6.9600,0.0111,0.1613,0.1744,0.9888,0.6002,0.5527
0.4904,1.7806,0.0320,straight,1.1535,7.2200,0.4341,-0.3880,0.2998,0.4426,0.1686,1.0355
1.3075,29.5021,0.5421,path,1.3263,6.1600,0.0316,-1.0364,0.7970,1.3831,0.9223,1.5789
1.1614,11.0525,1.4077,path,7.4481,7.9400,0.0261,-0.7630,0.8756,1.5043,1.0791,1.3040
0.5229,13.2200,0.0867,path,2.7609,5.7200,0.0114,-0.5113,0.1096,0.8239,0.4174,0.5706
0.2912,5.0795,0.0238,stand,0.0000,6.3800,0.0000,nan,nan,0.3301,0.0896,1.1369
0.3420,2.5553,0.1141,turn,0.0000,5.0000,0.0000,nan,nan,0.4747,0.1238,0.4223
0.4767,4.6901,0.0567,turn,0.0000,4.3400,0.0000,nan,nan,0.3773,0.1604,1.2377
0.2727,3.5562,0.0281,straight,0.0564,5.6400,0.0564,-0.2726,0.0077,0.2227,0.0965,0.5617
0.2958,12.0773,0.0795,combined,1.8538,7.0400,0.2958,-0.1576,0.2503,0.6429,0.2604,1.3995
0.5502,3.7772,0.0877,combined,1.6142,5.1200,0.2804,0.4999,0.2299,1.5737,0.5001,1.0563
0.1162,0.8050,1.1929,path,2.8147,6.5800,0.0091,-0.0520,0.1039,1.3669,0.5410,0.4552
0.7366,0.2015,0.0930,lateral,1.3974,5.1000,0.7366,-0.4884,0.5515,0.5584,0.2239,1.2472
0.3405,3.2123,0.0312,turn,0.0000,4.3400,0.0000,nan,nan,0.4150,0.1431,1.2680
0.1918,2.2004,0.0475,straight,1.7651,7.3800,0.1918,-0.1898,0.0276,0.5300,0.2441,0.8538
0.6574,10.3513,1.3937,path,5.4472,4.6400,0.0284,-0.5915,0.2868,1.8023,1.2639,1.4221
0.0574,5.5228,0.0387,stand,0.0000,7.1000,0.0000,nan,nan,0.3997,0.0464,0.9541
0.3299,2.2180,1.3122,path,3.5864,5.8600,0.0201,-0.2245,0.2418,1.6401,1.0305,1.0046
0.4269,2.9290,0.1448,turn,0.0000,5.6200,0.0000,nan,nan,0.3460,0.1249,1.2577
0.1797,0.9782,0.8523,path,2.3195,5.1200,0.0099,0.1339,0.1199,1.0048,0.6027,0.4934
1.2615,5.8247,1.0244,path,3.5227,7.0200,0.0282,-1.0055,0.7617,1.6042,0.8657,1.4113
0.3517,9.4746,0.2590,lateral,1.1929,4.9400,0.2998,-0.1291,0.3271,0.4999,0.2449,0.9181
0.4400,1.2837,0.0939,straight,1.7969,6.8400,0.0892,0.3664,0.2436,1.6644,0.5114,0.5794
0.4098,1.9307,0.1230,lateral,0.4925,5.0000,0.3659,-0.0267,0.4089,0.3294,0.1477,0.3258
0.4233,4.8848,0.0147,turn,0.0000,4.9400,0.0000,nan,nan,0.3927,0.1426,0.6779
0.0094,0.7939,0.0585,stand,0.0000,4.8800,0.0000,nan,nan,0.0932,0.0305,1.1885
0.6218,5.5489,0.8654,path,6.5744,6.6200,0.0203,-0.6079,0.1306,1.3338,0.9255,1.0108
0.5982,7.6198,0.4404,path,3.4936,4.0400,0.0334,0.4696,0.3705,1.8290,1.0435,1.5984
0.7269,169.7759,1.1110,path,7.0046,6.7600,0.0248,-0.0111,0.7268,1.5991,1.0694,1.2546
0.4593,1.9459,0.0695,straight,1.3722,7.6000,0.4593,-0.4423,0.1237,0.4805,0.1781,1.1245
0.2718,2.0094,0.6552,path,2.8469,7.0400,0.0132,-0.2592,0.0818,1.2147,0.6635,0.6632
0.3505,1.1120,0.1392,combined,1.2487,6.3400,0.3488,0.2252,0.2686,0.8334,0.2768,1.3989
0.3663,4.5022,0.1246,combined,0.6445,5.4200,0.0096,0.3563,0.0849,1.0581,0.3224,1.5013
0.4338,9.0580,0.0650,combined,0.4835,5.2600,0.4263,-0.3173,0.2959,0.5147,0.1442,0.4895
0.3853,1.1071,0.0844,straight,0.6927,5.3000,0.3820,-0.3846,0.0237,0.2359,0.0995,0.7347
0.4402,3.4063,0.0894,combined,1.3405,7.3400,0.4402,0.1547,0.4121,1.0914,0.3045,1.5938
0.5662,1.7799,0.9468,path,2.9566,4.2800,0.0203,-0.5109,0.2441,1.1489,0.8161,1.0142
0.5838,21.3493,0.0123,combined,2.0468,6.0600,0.5838,-0.4605,0.3588,0.6226,0.2539,1.1084
0.4156,1.2270,0.9273,path,6.8086,7.2400,0.0194,0.0186,0.4152,1.6502,0.9848,0.9719
0.6927,1.1459,0.7728,path,2.5269,4.2600,0.0245,-0.5991,0.3476,1.2775,0.6929,1.2248
0.4308,9.0432,0.1428,lateral,0.4022,5.3200,0.3909,-0.2856,0.3226,0.3148,0.1046,0.6979
0.1175,3.3384,0.3188,path,2.9879,5.8400,0.0144,-0.0361,0.1118,1.1944,0.6981,0.7193
0.3855,5.9549,0.0648,turn,0.0000,7.6800,0.0000,nan,nan,0.8911,0.1602,0.8119
0.5811,1.5501,0.9596,path,0.7387,5.5200,0.0109,0.5696,0.1147,1.7919,1.0642,0.5467
0.2834,8.1751,0.1129,combined,0.7946,5.6400,0.2834,-0.1655,0.2301,0.5532,0.1931,1.2314
0.5433,21.4822,0.3562,path,2.0232,7.6600,0.0083,0.5320,0.1099,1.4252,0.6638,0.4156
0.5731,3.0256,0.0601,turn,0.0000,4.6000,0.0000,nan,nan,0.8186,0.1560,0.0000
0.4147,0.3483,0.5892,path,2.1075,7.7400,0.0017,0.2568,0.3256,0.6591,0.4206,0.3155
0.3417,6.9847,0.1029,turn,0.0000,4.7600,0.0000,nan,nan,0.4536,0.1206,1.4207
0.8595,21.1201,0.8528,path,0.7705,6.5000,0.0315,-0.4599,0.7262,1.7494,0.8264,1.5547
0.3344,19.3977,0.7300,path,4.8458,7.0800,0.0276,0.1495,0.2991,1.5023,0.9560,1.0796
0.2740,5.3007,0.3989,path,1.7755,7.6400,0.0088,-0.2052,0.1815,0.6520,0.4185,0.4412
0.4073,5.4251,1.2341,path,0.3604,4.4400,0.0212,0.3793,0.1485,1.2848,0.8137,1.0612
0.2938,1.8202,0.1447,combined,0.4072,7.6800,0.2457,-0.0265,0.2926,0.3146,0.1031,1.0522
0.9210,3.4807,0.8238,path,1.1376,6.3200,0.0189,-0.4113,0.8241,1.7693,0.6762,0.9452
0.4317,16.5430,0.0527,lateral,1.3079,4.3000,0.4317,-0.3836,0.1980,0.5376,0.2390,0.8345
0.5629,2.4689,0.1117,combined,1.0331,4.9400,0.5629,-0.5593,0.0635,0.3621,0.1331,0.6451
0.4520,7.3802,0.0705,combined,1.7913,5.4600,0.4520,-0.4478,0.0621,0.5519,0.2516,1.4041
0.1195,3.1937,0.9900,path,4.6211,5.1000,0.0198,-0.0358,0.1140,1.6622,1.1460,0.9911
1.3863,7.9527,1.1616,path,4.4075,4.0800,0.0273,-1.3653,0.2402,1.4294,0.8952,1.3693
0.4848,1.5752,0.0620,lateral,0.5706,4.6000,0.4820,-0.3236,0.3610,0.2657,0.1255,0.9175
0.5262,3.4301,1.1376,path,2.2821,6.1600,0.0155,0.5211,0.0726,1.7369,0.8649,0.7738
0.3864,2.4595,0.1315,combined,1.6561,7.3200,0.3853,-0.3458,0.1724,0.5880,0.2235,1.3952
0.4412,6.1911,0.0193,turn,0.0000,6.4400,0.0000,nan,nan,0.7430,0.1369,0.3376
0.1837,10.1095,0.2388,combined,1.5010,7.1800,0.1551,0.0590,0.1740,0.6679,0.2371,1.4455
1.0883,16.7525,0.7563,path,2.7985,6.5600,0.0221,-0.9945,0.4420,1.4514,0.6849,1.1054
1.5208,9.2361,0.1899,path,2.2906,7.9600,0.0287,-1.3990,0.5963,1.2242,0.6052,1.4331
0.5085,7.3254,0.0578,turn,0.0000,6.5800,0.0000,nan,nan,0.7723,0.1394,0.3199
0.3566,0.1760,0.7038,path,1.3907,4.1600,0.0111,0.2202,0.2805,1.1587,0.5535,0.5577
0.6385,8.2109,0.1048,combined,1.0120,5.0200,0.5760,0.2689,0.5792,1.2924,0.4738,1.1584
0.4689,148.8792,1.1182,path,2.3622,5.7200,0.0262,-0.4615,0.0831,1.6222,1.0369,1.3171
0.3106,2.9892,0.6234,path,2.6138,7.4600,0.0079,0.3051,0.0586,1.0837,0.5081,0.3966
0.6470,0.5244,1.5560,path,6.4427,5.7000,0.0266,-0.1818,0.6209,1.7229,1.3164,1.3295
0.5897,10.3399,0.1118,combined,1.2623,4.5800,0.5864,-0.5687,0.1559,0.4337,0.1825,1.4567
0.5535,1.9934,0.5335,path,2.3389,4.8400,0.0189,-0.3349,0.4407,1.2291,0.7793,1.1093
1.2492,13.5791,0.2515,path,2.6369,4.4800,0.0271,-1.1713,0.4343,1.1948,0.5870,1.3602
0.3371,3.1765,1.2395,path,5.9570,6.9000,0.0243,-0.1762,0.2874,1.5460,1.1357,1.2144
0.5157,12.8562,0.1495,combined,2.0114,6.1200,0.5157,-0.5128,0.0553,0.5990,0.2716,0.3163
0.9950,18.5811,0.1619,path,2.6621,4.5200,0.0245,-0.7001,0.7070,1.3519,0.6856,1.2268
1.1152,20.1743,0.6032,path,1.8393,5.6400,0.0305,0.2725,1.0814,1.4744,0.8679,1.5347
0.0615,0.1650,0.0288,stand,0.0000,4.9200,0.0000,nan,nan,0.2405,0.0467,0.7219
1.5576,3.7549,1.1394,path,2.8792,4.6400,0.0264,-0.3340,1.5213,1.7133,0.9781,1.3090
0.4607,0.1312,0.0984,straight,1.9896,6.1800,0.0189,0.4416,0.1314,1.6731,0.4985,0.5509
0.3286,0.7758,1.3939,path,3.4618,4.6400,0.0206,0.1594,0.2873,1.6993,1.0177,1.0291
0.4099,31.3485,0.3823,path,1.3054,4.8200,0.0312,0.4024,0.0779,1.4030,0.7478,1.5559
0.4685,5.9465,0.0234,lateral,0.4463,5.9400,0.4056,0.1721,0.4357,0.4057,0.1774,0.6612
0.1183,16.4591,0.2951,path,1.5889,6.4800,0.0061,0.0604,0.1017,0.8491,0.4281,0.3074
0.3755,0.1179,0.1320,combined,1.1469,7.9000,0.3652,-0.3600,0.1067,0.4074,0.1512,0.7597
0.1464,1.6399,0.6086,path,1.7215,5.5000,0.0067,0.0799,0.1226,0.6546,0.3577,0.3358
0.4738,42.5548,0.2696,path,2.3763,5.5400,0.0290,-0.1583,0.4466,1.2719,0.7174,1.4369
0.5952,5.4444,0.0371,combined,0.3339,7.9400,0.3339,-0.0109,0.5951,0.4338,0.1517,0.3340
1.8528,17.7989,1.6638,path,2.4963,6.1600,0.0316,-1.8526,0.0226,1.8556,0.7580,1.5821
0.5260,5.1998,0.1666,combined,1.8927,5.7800,0.5260,-0.5245,0.0398,0.6866,0.2913,0.7185
0.0331,1.0025,0.0458,stand,0.0000,5.5800,0.0000,nan,nan,0.1889,0.0389,1.5345
0.3874,0.5687,0.9721,path,4.0918,5.4800,0.0173,-0.3612,0.1402,1.3818,0.7772,0.8756
0.4036,5.8269,1.1975,path,0.6341,4.9600,0.0217,0.1067,0.3892,1.4471,0.8926,1.0835
0.4686,0.6004,0.7065,path,2.7587,5.7200,0.0134,-0.4565,0.1060,1.2466,0.6439,0.6705
0.2023,0.2257,0.0507,lateral,0.2987,7.8200,0.1995,-0.1081,0.1711,0.1810,0.0774,0.4700
0.5349,5.6893,0.1269,straight,1.2477,4.7600,0.2103,0.4864,0.2226,1.3959,0.4405,0.3367
0.3434,0.7742,0.4249,path,3.0229,6.3200,0.0115,-0.2011,0.2784,1.2033,0.5055,0.5748
0.2089,4.4203,1.4175,path,3.4395,5.5600,0.0204,0.1937,0.0782,1.6251,0.9915,1.0271
0.3974,6.0728,0.1180,combined,1.0624,4.9400,0.1143,0.3947,0.0464,1.3278,0.4489,1.5933
0.4506,9.5834,0.1422,lateral,0.9328,5.5800,0.4506,-0.4277,0.1418,0.2909,0.1124,0.8015
1.2532,7.6772,1.2727,path,5.7004,7.5400,0.0293,0.8373,0.9324,1.8359,1.1881,1.4570
1.5376,4.1869,1.7806,path,1.8308,5.7200,0.0225,0.4183,1.4796,1.6641,1.0519,1.1336
0.2707,8.6061,0.2096,path,2.9678,6.6400,0.0092,0.0823,0.2578,1.6736,0.5283,0.4600
0.9338,4.3776,1.3938,path,6.7439,6.4600,0.0272,0.2076,0.9104,1.7612,1.3457,1.3677
0.6758,10.1519,0.2434,combined,2.3013,4.1200,0.6758,-0.6712,0.0793,0.7062,0.4060,0.4433
0.2868,2.7914,0.2412,path,2.3798,7.7400,0.0064,0.1445,0.2478,0.7704,0.3781,0.3187
0.3010,2.1173,0.1142,turn,0.0000,7.7600,0.0000,nan,nan,0.3195,0.0998,1.5489
0.2399,2.1064,0.1749,path,2.0364,7.3000,0.0315,0.2085,0.1186,1.6205,0.8434,1.5865
0.2250,17.5299,0.6267,path,1.9530,5.5000,0.0085,0.0137,0.2246,1.2594,0.5191,0.4260
0.4943,2.0098,0.1342,turn,0.0000,4.0600,0.0000,nan,nan,0.5248,0.2667,1.2707
0.2903,5.1600,0.0315,turn,0.0000,5.2200,0.0000,nan,nan,0.2626,0.0976,0.6793
0.2817,4.4989,0.6919,path,2.5974,5.4000,0.0098,-0.1410,0.2439,0.8026,0.4607,0.4900
0.4275,6.7725,1.0227,path,3.6135,7.3000,0.0252,-0.2081,0.3734,1.4397,1.0949,1.2613
0.3731,0.9939,0.0912,turn,0.0000,7.4800,0.0000,nan,nan,0.3182,0.1181,1.0832
0.4270,12.1778,0.1795,combined,1.5347,5.2000,0.4270,-0.4269,0.0034,0.5115,0.2337,0.6207
0.7863,26.2015,0.3691,path,5.7448,6.2200,0.0285,-0.7101,0.3377,1.5056,1.0166,1.4141
0.4105,5.0423,0.0305,straight,1.0931,7.4400,0.4019,-0.3837,0.1458,0.3871,0.1521,0.3931
0.2672,4.2805,1.1088,path,3.1037,7.9800,0.0106,0.1611,0.2132,1.2206,0.8386,0.7985
1.2326,3.6967,1.4232,path,6.2731,4.9400,0.0300,-1.0255,0.6839,1.7024,1.2479,1.4983
0.5461,1.3208,0.1005,combined,0.8553,5.1000,0.4398,0.2390,0.4910,1.1375,0.3069,0.4434
0.2174,0.5916,0.7516,path,2.6896,5.7800,0.0148,-0.0395,0.2138,1.3633,0.7268,0.7411
0.4691,25.5228,0.4048,path,2.3177,4.2000,0.0145,-0.4380,0.1678,1.6381,0.5901,0.7271
0.7577,0.4721,0.7151,path,2.8896,4.8400,0.0255,0.1981,0.7313,1.4653,0.8601,1.2866
0.2895,8.0267,0.1018,combined,1.7883,7.9200,0.2895,-0.1914,0.2172,0.6028,0.2251,0.9842
0.6468,7.7010,1.0509,path,1.1490,7.1000,0.0206,-0.6467,0.0148,1.2987,0.8155,1.0291
0.4529,8.4277,0.0677,lateral,0.0675,6.7400,0.0652,0.0656,0.4481,0.3481,0.1163,0.5402
0.6735,2.7871,1.0483,path,3.2384,4.5800,0.0195,-0.6257,0.2491,1.2963,0.6707,0.9815
0.9213,4.2062,1.0539,path,5.1803,4.5400,0.0311,-0.3150,0.8657,1.7616,1.2287,1.5414
0.0560,2.2945,0.2442,path,2.1232,7.5400,0.0064,0.0536,0.0162,1.0851,0.3452,0.3184
0.3475,0.0533,0.0576,turn,0.0000,6.4800,0.0000,nan,nan,0.2199,0.0979,0.7930
0.4402,12.5697,0.2484,path,1.3469,7.4000,0.0128,0.0349,0.4388,1.6936,0.7808,0.6405
0.3576,0.5047,0.1089,combined,0.8046,6.7200,0.3282,-0.0914,0.3457,0.3266,0.1385,1.5419
1.1804,4.1101,0.9542,path,2.9640,5.9400,0.0241,-0.5247,1.0574,1.3668,0.6591,1.2115
0.6374,15.4200,1.5518,path,3.4762,6.4000,0.0221,-0.0622,0.6344,1.6033,0.9302,1.0943
0.4266,6.3173,0.0447,turn,0.0000,6.9600,0.0000,nan,nan,0.2577,0.1066,1.5021
0.4182,4.1251,0.0418,turn,0.0000,6.2200,0.0000,nan,nan,0.4917,0.1101,1.3017
0.3959,7.9984,0.9675,path,4.5907,5.5000,0.0077,-0.3835,0.0985,1.4985,0.8222,0.8442
0.2900,1.0604,0.1110,turn,0.0000,6.5400,0.0000,nan,nan,0.6923,0.1247,0.4338
0.4843,0.2084,0.0816,turn,0.0000,5.1200,0.0000,nan,nan,0.5623,0.1484,0.5038
0.3448,2.0859,0.6480,path,4.0338,5.9400,0.0144,-0.1725,0.2985,1.1769,0.7287,0.7188
0.6276,6.3843,0.0195,straight,1.4307,5.8400,0.6276,-0.6205,0.0941,0.4873,0.1764,1.3555
0.1769,7.6770,0.5767,path,4.3765,6.9600,0.0127,-0.1592,0.0770,1.4329,0.6996,0.6314
0.3537,6.9763,1.4583,path,4.2138,5.6400,0.0221,0.0209,0.3531,1.3906,1.0566,1.1125
0.3729,0.0080,0.0464,lateral,0.1420,4.0000,0.1420,-0.2409,0.2846,0.2170,0.1086,1.4870
0.5549,3.4464,0.0803,lateral,1.3811,7.2600,0.5544,-0.2249,0.5073,0.6177,0.1950,0.5778
1.4053,6.3714,1.1034,path,2.0643,7.6800,0.0249,-1.3250,0.4683,1.3452,0.7621,1.2477
0.9447,5.6991,0.6758,path,0.8372,5.4800,0.0253,-0.8212,0.4670,1.3068,0.6879,1.2627
0.0804,0.8866,0.0245,stand,0.0000,4.1400,0.0000,nan,nan,0.3446,0.0834,0.6316
0.3497,20.1092,0.6492,path,3.8946,4.8600,0.0174,-0.2805,0.2089,1.0898,0.7811,0.8733
0.3755,3.1144,0.0346,straight,1.9713,7.7800,0.1317,0.3755,0.0004,1.6227,0.4344,0.6879
0.4690,10.2582,0.7731,path,3.3552,4.4000,0.0100,0.1109,0.4557,1.8354,0.8120,0.7629
0.3429,0.4322,0.0566,straight,1.8242,7.0200,0.3429,-0.3428,0.0082,0.6236,0.2455,1.0848
0.5661,4.2918,0.5163,path,3.8289,7.1400,0.0306,0.5655,0.0249,1.5507,1.1347,1.5419
0.1270,6.7105,0.3454,path,2.2191,5.5000,0.0107,-0.1162,0.0513,0.8568,0.5304,0.5377
0.6465,0.9305,0.4473,path,2.6413,5.0400,0.0184,-0.5137,0.3925,1.5725,0.7276,0.9181
0.2956,6.5434,0.3668,path,1.9437,6.1800,0.0085,0.2901,0.0568,1.5824,0.4943,0.4256
0.3494,8.5393,0.0712,straight,0.2908,7.8600,0.2773,-0.3457,0.0506,0.2122,0.0970,0.9392
0.4010,5.6999,0.0938,lateral,1.1692,6.8800,0.4007,-0.2035,0.3455,0.4819,0.1602,1.3693
0.3210,2.0806,0.0305,turn,0.0000,7.9600,0.0000,nan,nan,0.5665,0.1156,0.3986
0.4964,0.8130,0.0895,straight,1.4979,6.5000,0.4901,-0.4860,0.1010,0.4867,0.1939,0.5081
0.9667,5.6638,0.6759,path,4.0247,6.2800,0.0221,-0.8465,0.4669,1.0791,0.7936,1.1051
0.3361,6.8954,0.1249,combined,0.9762,4.7000,0.3361,-0.3210,0.0996,0.4245,0.1716,1.2560
0.5138,10.6189,0.2921,path,2.0147,7.3200,0.0221,-0.4719,0.2033,1.3776,0.7026,1.1087
0.2312,6.5668,0.1773,lateral,1.0339,6.0200,0.2238,-0.0785,0.2175,0.4920,0.1794,0.9853
0.3240,5.6667,0.2363,path,1.8165,5.4600,0.0048,0.2934,0.1375,0.9270,0.4025,0.3368
0.1530,7.6674,0.2426,path,2.1459,5.5400,0.0118,-0.1527,0.0089,1.5070,0.4636,0.5901
0.4716,4.9606,0.2590,lateral,0.8531,6.2600,0.4527,-0.2088,0.4229,0.4226,0.1478,1.4644
0.8146,6.1158,1.1582,path,5.6069,6.8600,0.0189,-0.8013,0.1468,1.9120,0.9459,0.9452
0.6676,4.6601,0.2380,combined,1.5437,7.2600,0.6676,-0.5014,0.4407,0.5410,0.1865,0.5375
1.3328,15.3471,1.3228,path,4.2082,4.0600,0.0304,-0.6112,1.1844,1.4981,1.0831,1.5347
0.8938,11.5655,0.1314,path,2.7876,7.3000,0.0227,-0.3387,0.8271,1.4547,0.7158,1.1369
0.3961,2.8854,0.6313,path,2.0631,7.2800,0.0160,-0.3030,0.2550,1.1700,0.6243,0.7994
0.6061,8.2285,0.0623,straight,0.4029,7.0000,0.0335,0.5590,0.2341,1.1440,0.2462,0.9383
0.4107,1.4237,0.0419,turn,0.0000,7.1400,0.0000,nan,nan,0.4488,0.1294,0.3823
0.2199,5.0843,0.1119,combined,0.6677,6.4400,0.2199,-0.0618,0.2110,0.7516,0.1379,0.4688
0.3339,6.4385,0.0718,straight,1.9722,6.4600,0.3339,-0.3296,0.0537,0.6308,0.2739,0.5110
0.1690,4.9733,0.1007,turn,0.0000,7.1800,0.0000,nan,nan,0.6248,0.1079,1.5590
0.0660,13.6698,0.3395,path,2.9450,5.6200,0.0044,-0.0657,0.0059,1.4011,0.5546,0.5704
0.4322,7.9254,0.1115,straight,0.5940,4.4400,0.0111,0.4322,0.0000,1.0314,0.3625,0.8311
0.2177,5.9405,1.1644,path,2.5482,7.0800,0.0143,-0.0580,0.2098,1.5976,0.9136,0.7153
0.4955,1.2072,0.0841,path,1.5496,5.2800,0.0077,-0.4739,0.1447,1.6328,0.4253,0.3865
0.1138,1.8670,0.0717,stand,0.0000,6.1000,0.0000,nan,nan,0.2943,0.0435,1.1485
0.4132,7.5862,0.1635,combined,1.4252,7.3000,0.4132,-0.3687,0.1865,0.4986,0.2065,0.3841
0.0776,2.1339,0.1035,stand,0.0000,4.0400,0.0000,nan,nan,0.2839,0.0617,1.0355
0.2506,10.4229,0.1750,lateral,1.3654,4.8200,0.2506,-0.2018,0.1485,0.7686,0.2664,1.4231
0.7449,8.0006,0.8452,path,5.2612,7.3200,0.0173,-0.7394,0.0903,1.5596,0.7204,0.8632
0.8616,0.5270,1.5964,path,0.4914,5.3000,0.0271,0.8545,0.1110,1.7492,1.1076,1.3408
0.5001,0.6907,0.1780,straight,1.8666,7.1600,0.4836,-0.4992,0.0305,0.6365,0.2364,1.2172
0.4407,2.5601,0.2813,combined,1.1643,4.3400,0.4407,-0.3786,0.2256,0.5359,0.1941,0.9965
0.3119,0.7680,0.0768,turn,0.0000,6.7200,0.0000,nan,nan,0.5254,0.1329,1.4568
0.4642,5.3094,0.1400,path,2.4058,5.2000,0.0281,0.1299,0.4457,1.5566,0.9033,1.4186
0.4361,1.4994,0.0786,straight,1.8124,6.2200,0.1584,0.4354,0.0261,1.5189,0.4985,1.3050
0.8615,2.1372,1.0993,path,4.0235,7.8200,0.0230,0.8184,0.2691,1.5025,1.0028,1.1470
0.3400,11.1248,0.0685,combined,2.2397,7.1000,0.3391,-0.3364,0.0498,0.6020,0.2802,0.9177
0.1038,2.3857,0.2394,path,1.8949,4.5400,0.0084,-0.1031,0.0115,1.4562,0.4946,0.4171
0.3400,7.3858,0.0451,combined,0.5405,7.9600,0.3148,-0.3027,0.1549,0.2293,0.0729,0.8331
0.4276,0.2730,0.0926,turn,0.0000,6.8000,0.0000,nan,nan,0.5609,0.1320,0.7836
1.0124,0.2350,0.9289,path,1.5572,5.6400,0.0292,-0.2966,0.9680,1.4086,0.7732,1.4748
0.3963,0.9467,0.1623,straight,0.9173,7.5800,0.0182,0.3908,0.0655,1.1113,0.2524,0.5101
0.1959,5.2627,0.9581,path,1.8997,5.1400,0.0075,-0.1000,0.1684,1.6705,0.4130,0.3737
0.3029,1.0132,0.0700,lateral,0.2549,7.4800,0.2474,-0.0170,0.3024,0.2863,0.1025,0.6501
0.3379,5.6034,1.1948,path,3.9776,4.2000,0.0199,-0.0980,0.3234,1.7826,1.2202,0.9926
0.2867,8.7787,0.0187,turn,0.0000,6.2800,0.0000,nan,nan,0.4563,0.1115,1.4466
0.0136,0.3396,0.0308,stand,0.0000,4.0600,0.0000,nan,nan,0.0783,0.0347,1.1885
0.1518,11.2651,0.9365,path,4.7375,7.9400,0.0159,-0.1482,0.0328,1.3430,0.7200,0.7949
0.4741,1.2359,0.1866,combined,0.4186,5.6600,0.3957,-0.2152,0.4225,0.2976,0.1304,0.3890
1.7402,47.6822,1.2524,path,2.3997,7.8800,0.0290,-1.4720,0.9282,1.5695,0.7055,1.4501
0.5812,1.3190,0.2143,path,1.5806,4.6400,0.0310,-0.4590,0.3564,1.4077,0.7034,1.5562
0.2914,5.3238,0.0135,combined,1.3137,6.4600,0.2914,0.2561,0.1390,1.2818,0.3636,1.4919
0.5764,4.5300,0.1479,straight,1.4707,6.0600,0.5764,-0.5524,0.1646,0.4605,0.1880,0.3482
0.3763,10.1364,0.0728,straight,1.1408,7.8000,0.1690,0.3761,0.0141,1.1008,0.2795,1.1764
0.2686,7.9024,0.0946,lateral,0.5325,4.6800,0.2605,-0.0330,0.2666,0.3865,0.1400,1.2377
0.6043,5.5930,0.0496,combined,1.0672,5.4800,0.2740,0.5521,0.2456,1.3587,0.3841,1.3384
0.4110,1.0214,0.1455,straight,1.6288,7.3600,0.4083,-0.4109,0.0067,0.4351,0.2002,1.2013
0.2819,9.6497,0.0220,combined,1.3576,7.7400,0.1317,0.2816,0.0127,1.1909,0.2957,0.6244
0.3209,5.9681,0.0364,turn,0.0000,5.4800,0.0000,nan,nan,0.5502,0.1408,0.3338
0.4302,22.0356,0.8289,path,2.0039,5.4200,0.0105,-0.3646,0.2282,1.5245,0.4229,0.5252
0.1004,2.9745,0.0387,stand,0.0000,4.7400,0.0000,nan,nan,0.3919,0.0630,1.3995
0.5436,2.2589,0.0558,turn,0.0000,7.2200,0.0000,nan,nan,0.4273,0.1333,0.3620
0.6720,1.2797,0.2233,straight,1.0715,4.5000,0.0874,0.6609,0.1215,1.3813,0.5486,0.9181
0.4716,9.2548,0.0424,combined,0.8403,7.6000,0.4343,0.0591,0.4679,0.4917,0.1719,0.3914
0.2179,0.1594,0.0585,turn,0.0000,7.3800,0.0000,nan,nan,0.3495,0.0908,1.5972
0.4649,4.8404,0.0114,turn,0.0000,4.3800,0.0000,nan,nan,0.4058,0.1578,1.1245
0.4495,5.1323,0.0621,straight,1.9625,7.3600,0.1249,0.4494,0.0108,1.6031,0.4661,1.3728
0.3481,0.0011,0.1109,combined,1.7354,6.1200,0.3481,-0.3481,0.0006,0.5546,0.2400,0.7074
0.1840,21.7537,0.4545,path,2.9333,6.3000,0.0153,0.0440,0.1786,1.2100,0.6414,0.7626
0.2553,4.9293,0.0901,straight,1.1815,7.3600,0.2509,-0.2386,0.0909,0.3994,0.1800,0.7705
0.6123,4.6378,0.0515,combined,0.9604,4.8800,0.6112,-0.0297,0.6115,0.9483,0.2952,1.2472
0.4416,2.1253,0.0571,straight,0.6564,4.0000,0.4416,-0.4414,0.0130,0.2492,0.1218,0.8345
1.0884,7.9118,0.9581,path,2.2241,4.1400,0.0263,-0.5813,0.9202,1.4919,0.7071,1.3209
0.4151,1.3907,0.0992,turn,0.0000,6.2200,0.0000,nan,nan,0.8253,0.1593,1.4335
0.3320,9.5757,0.0645,combined,2.2057,7.4800,0.3292,0.2533,0.2147,1.4654,0.4332,1.2178
0.1635,6.6254,1.3837,path,2.7364,7.9400,0.0038,0.1138,0.1174,1.6312,1.2037,1.1807
1.1034,9.4918,1.2627,path,4.5629,6.7200,0.0234,-0.3369,1.0507,1.4978,1.0044,1.1702
1.1020,23.2865,1.5434,path,3.2646,4.0600,0.0254,-0.9407,0.5740,1.7619,0.9891,1.2621
0.5378,1.0931,0.1735,lateral,0.4666,7.1400,0.4583,-0.1071,0.5270,0.3303,0.1308,0.7489
0.6410,7.5738,0.0531,path,2.4091,7.3600,0.0201,-0.5425,0.3415,1.4425,0.7499,1.0054
0.3407,4.7489,0.0928,straight,1.7700,6.0600,0.3407,-0.2962,0.1683,0.6304,0.2759,1.5612
0.3303,10.0539,0.0639,combined,0.5880,4.4000,0.3303,-0.2961,0.1464,0.2885,0.1156,0.8119
0.4629,3.4757,0.1086,turn,0.0000,4.1800,0.0000,nan,nan,0.7839,0.2352,1.4041
1.0247,4.8990,1.1567,path,5.8809,4.7600,0.0298,-0.8350,0.5940,1.6113,1.1232,1.3629
0.2395,9.4445,0.7828,path,2.4525,4.7200,0.0109,-0.2387,0.0199,0.8457,0.5109,0.5454
0.5296,18.1946,0.3067,combined,1.8103,4.7000,0.5296,-0.4375,0.2985,0.7629,0.3242,1.3989
0.2965,3.4667,0.0366,turn,0.0000,7.7600,0.0000,nan,nan,0.6376,0.1038,0.4911
0.5815,6.9419,1.1374,path,4.9673,6.6400,0.0213,-0.4971,0.3016,1.4592,0.9779,1.0315
0.5363,7.2770,0.0738,turn,0.0000,6.6000,0.0000,nan,nan,0.7961,0.1583,1.0532
0.4270,6.6253,0.1668,combined,1.3323,6.5800,0.0795,0.4239,0.0511,1.3306,0.3435,0.5952
0.6259,19.0563,0.1166,combined,1.5042,5.1200,0.6259,-0.5632,0.2730,0.4807,0.1848,0.9541
0.2078,5.6056,0.5961,path,3.8770,4.2000,0.0209,-0.0904,0.1872,1.5061,0.9577,1.0460
0.2186,0.5393,0.2512,path,0.8899,4.2200,0.0074,0.0130,0.2182,1.3200,0.4474,0.3738
0.6307,1.3058,0.1740,straight,0.2883,7.4000,0.2850,-0.6300,0.0298,0.2266,0.1010,0.5281
0.2814,5.1295,0.0671,combined,0.3212,4.3800,0.2239,-0.1243,0.2524,0.7764,0.1975,1.4455
0.1915,3.8306,1.1023,path,1.6630,6.2000,0.0063,0.1350,0.1358,1.6310,0.9826,0.9808
1.0550,21.3736,0.2833,path,3.6829,4.1800,0.0191,-0.9633,0.4301,1.2661,0.7084,0.9513
0.3869,9.6817,1.0196,path,2.9956,4.1800,0.0166,-0.1129,0.3701,1.2047,0.8329,0.8272
0.4358,6.1701,0.0686,combined,1.4534,7.2400,0.0229,0.4276,0.0843,1.4858,0.5164,0.4970
0.2772,1.5429,0.1471,turn,0.0000,6.9400,0.0000,nan,nan,0.3224,0.1019,0.6282
0.3497,11.6401,0.3286,path,3.0903,6.3200,0.0102,0.1507,0.3155,1.2119,0.6228,0.5089
0.3876,1.1873,0.4434,path,1.6926,4.0000,0.0086,-0.3097,0.2330,0.5353,0.3835,0.4282
0.1478,4.2719,0.8899,path,3.5920,4.3000,0.0191,-0.1474,0.0110,1.1766,0.8688,0.9496
0.5407,1.4579,0.9995,path,5.1260,4.8600,0.0244,-0.5378,0.0556,1.4870,1.0617,1.2179
1.0782,4.6998,0.6369,path,0.6693,7.2400,0.0263,-1.0025,0.3969,1.2770,0.7926,1.3160
0.5763,6.6822,0.0558,path,3.7229,7.2000,0.0176,-0.2488,0.5199,1.2706,0.6007,0.8796
0.3339,2.2135,0.1026,lateral,0.8295,6.3200,0.3129,-0.1226,0.3106,0.4025,0.1477,1.4359
0.3435,3.9911,0.0391,straight,0.6546,7.8000,0.0263,0.3195,0.1262,1.1330,0.3021,1.1064
0.4323,6.0417,0.0671,straight,1.5549,7.1400,0.0772,0.4184,0.1089,1.7042,0.4461,0.4444
1.3786,34.3846,0.4728,path,4.0758,7.0000,0.0174,-1.1179,0.8067,1.4058,0.6808,0.8720
0.3691,2.4711,0.0576,lateral,0.3757,5.1000,0.2936,0.0149,0.3688,0.3460,0.1273,1.5938
0.8835,1.5535,0.7577,path,1.2478,4.8000,0.0224,-0.2704,0.8410,1.2255,0.7128,1.1232
0.2531,7.9401,0.9729,path,5.2653,5.0000,0.0229,-0.1899,0.1673,1.5445,1.0820,1.1430
0.4994,10.3809,0.1728,path,2.9974,7.1400,0.0087,0.1873,0.4629,1.0835,0.4842,0.4337
0.2616,2.9435,0.0398,lateral,0.4824,5.3600,0.2010,0.1256,0.2295,0.3964,0.1467,0.4895
0.8568,14.7641,0.9258,path,5.4674,4.1000,0.0319,-0.7411,0.4300,1.7299,1.2837,1.5965
0.0172,3.7810,0.0479,stand,0.0000,5.1000,0.0000,nan,nan,0.1262,0.0490,1.4207
0.2824,3.0537,0.1150,turn,0.0000,5.9200,0.0000,nan,nan,0.6574,0.1608,0.8538
0.8082,8.8493,0.8391,path,4.6819,5.3600,0.0194,-0.7934,0.1540,1.2039,0.8114,0.9713
0.4189,15.9022,0.3318,combined,1.8816,5.8000,0.4189,0.1508,0.3908,1.6302,0.5784,0.5794
0.2745,4.5243,0.4663,path,2.3207,4.6200,0.0101,-0.2655,0.0695,0.9045,0.5130,0.5025
0.2441,9.1003,0.0322,lateral,0.1831,6.2000,0.1787,0.0185,0.2434,0.2816,0.1023,1.0563
0.2145,4.5664,0.0766,turn,0.0000,6.7800,0.0000,nan,nan,0.6025,0.1138,1.2213
0.4283,1.9860,0.0898,turn,0.0000,5.9400,0.0000,nan,nan,0.3720,0.1283,0.3258
0.7595,66.7358,0.4692,path,3.4909,4.8400,0.0196,0.1951,0.7340,1.6628,0.9264,0.9289
0.3694,8.7491,0.4716,path,2.2261,6.3600,0.0032,0.1478,0.3385,0.6135,0.4013,0.3554
0.1723,4.5542,0.0714,turn,0.0000,4.9400,0.0000,nan,nan,0.2584,0.0843,0.7219
0.4903,0.6222,0.1048,straight,0.7814,6.4400,0.4845,-0.4896,0.0251,0.2466,0.0981,1.1369
0.2620,11.2972,0.0654,lateral,0.8238,5.4000,0.2588,-0.1258,0.2298,0.4076,0.1521,0.9175
0.2520,6.4507,0.0944,turn,0.0000,6.0800,0.0000,nan,nan,0.3680,0.0988,0.6779
0.8644,2.7437,0.2723,path,0.9750,7.6200,0.0254,-0.8331,0.2305,1.4164,0.6473,1.2696
0.3671,4.2996,0.0400,lateral,1.1291,7.9800,0.3605,-0.0229,0.3663,0.5667,0.1719,1.2099
0.7691,17.4932,0.1106,path,2.5529,4.4000,0.0131,-0.2954,0.7101,1.8201,0.7872,0.6530
0.6788,14.4813,1.0467,path,0.3303,5.6400,0.0123,0.5924,0.3314,1.3305,0.8248,0.6137
0.1702,5.1593,1.2207,path,4.2556,5.6000,0.0164,-0.0207,0.1690,1.4329,0.9172,0.8186
0.3730,3.6677,1.0197,path,0.4142,4.2200,0.0180,-0.3723,0.0238,1.4247,0.7376,0.9024
0.3351,2.9477,0.8935,path,1.2208,5.4400,0.0170,-0.2515,0.2215,1.5914,0.9011,0.8515
0.8260,10.1866,1.0999,path,3.2672,7.6600,0.0229,-0.2740,0.7793,1.4744,1.0138,1.1432
1.3079,13.5902,1.3252,path,2.6503,7.7000,0.0316,0.4196,1.2388,1.8592,0.9278,1.5775
0.4228,6.3133,0.1152,combined,1.8402,7.2000,0.4228,0.1547,0.3935,1.5728,0.4062,0.6228
0.2840,9.9141,0.0336,combined,0.9137,7.1200,0.2155,0.2214,0.1778,1.3302,0.2959,0.3949
0.4021,1.3590,0.0140,turn,0.0000,5.9800,0.0000,nan,nan,0.3953,0.1307,0.6979
0.5772,14.5439,0.2619,combined,1.7710,5.4200,0.5772,-0.5500,0.1751,0.6026,0.2647,0.3163
0.1180,11.4146,0.5280,path,2.9382,7.7600,0.0060,-0.0519,0.1060,0.8855,0.4212,0.3877
0.5758,7.3494,1.1055,path,2.6976,5.8600,0.0234,-0.5111,0.2652,1.4085,0.8910,1.1722
0.7698,9.2465,1.4310,path,4.4596,5.3400,0.0188,-0.2829,0.7159,1.8024,1.0453,0.9369
0.4386,5.0094,0.0975,turn,0.0000,5.6600,0.0000,nan,nan,0.4798,0.1536,0.3199
0.8873,4.7109,1.0625,path,6.3243,5.5400,0.0293,-0.8853,0.0600,1.5982,1.2525,1.4651
0.3868,0.0414,0.9582,path,1.0806,6.1000,0.0207,-0.3106,0.2306,1.3474,0.9259,1.0335
0.7444,9.8974,0.0350,combined,1.9533,4.4400,0.7444,-0.1944,0.7185,1.4752,0.5123,0.4434
0.8542,0.4141,0.9123,path,3.0100,4.3800,0.0167,-0.8192,0.2423,1.1584,0.6070,0.8395
0.6656,3.8412,1.1983,path,7.1802,6.5000,0.0230,-0.0316,0.6649,1.6234,1.1724,1.1498
1.0537,17.8539,0.4074,combined,1.7160,5.4600,0.3184,0.6977,0.7897,1.6463,0.7146,0.6612
0.2782,2.5132,0.1751,combined,1.6338,7.6200,0.1643,0.2777,0.0164,1.5045,0.4082,1.1457
0.8621,2.1955,1.2226,path,4.0864,4.3800,0.0258,-0.8566,0.0970,1.5255,1.0436,1.2919
1.7653,3.7228,1.7885,path,2.0013,4.0200,0.0307,-1.6294,0.6793,1.6888,0.9507,1.5195
0.0465,3.6457,0.0518,stand,0.0000,5.9600,0.0000,nan,nan,0.1839,0.0389,1.3952
0.3434,2.8235,0.1313,straight,1.3696,4.5000,0.3434,-0.3131,0.1409,0.5088,0.2592,0.9842
0.3348,2.1615,0.1481,combined,0.9885,6.9600,0.3167,-0.2299,0.2434,0.4477,0.1512,1.2680
0.2717,1.4289,0.9132,path,5.6851,7.9800,0.0172,-0.1226,0.2425,1.2493,0.8705,0.8623
0.3883,0.8391,0.7508,path,3.4392,4.3800,0.0189,-0.2303,0.3126,1.5715,0.8132,0.9453
1.1765,5.6848,0.3825,path,2.2442,6.9200,0.0274,-1.1762,0.0257,1.2649,0.5278,1.3722
0.4457,5.1965,0.0827,turn,0.0000,5.6800,0.0000,nan,nan,0.5535,0.1387,0.5509
0.4760,11.0863,0.2057,combined,1.4120,5.9400,0.4760,-0.1339,0.4568,0.8064,0.3136,1.1584
1.2557,9.8970,1.8105,path,2.0079,4.9600,0.0281,-0.1349,1.2485,1.8384,1.0336,1.4167
0.5213,6.9062,1.1704,path,2.7434,4.8600,0.0176,-0.5023,0.1397,1.2980,0.6935,0.8830
0.3551,0.4163,0.6359,path,3.6784,6.8000,0.0116,-0.3438,0.0887,0.9170,0.5334,0.5818
0.4859,7.9367,0.3459,path,1.9494,7.5600,0.0095,-0.4548,0.1710,0.6957,0.3651,0.4773
0.3141,3.3056,0.0234,combined,0.9009,7.3000,0.1109,0.3134,0.0221,1.0029,0.2226,0.4223
0.9750,2.3646,1.1568,path,2.0082,6.5000,0.0264,-0.9414,0.2536,1.6003,0.9120,1.3205
0.4808,8.0196,1.1527,path,5.9347,6.5800,0.0221,0.0216,0.4803,1.4826,1.0766,1.1067
