pos_err_m,heading_err_deg,final_speed_mps,category,start_dist_m,duration_s,min_dist_m,along_err_m,cross_err_m
0.0345,11.0193,0.0280,straight,1.6213,4.0000,0.0087,-0.0045,0.0342
0.0540,6.6724,0.0343,stand,0.0000,4.0000,0.0000,nan,nan
0.0368,5.0542,0.0307,lateral,0.1486,4.0200,0.0064,0.0129,0.0345
0.0825,4.3253,0.0710,lateral,1.2265,4.0000,0.0825,-0.0807,0.0173
0.0356,3.7301,0.0191,turn,0.0000,4.0400,0.0000,nan,nan
0.0291,8.7807,0.0473,lateral,0.5644,4.0600,0.0118,0.0267,0.0117
0.0689,3.6571,0.0157,straight,0.3903,4.0600,0.0653,-0.0186,0.0664
0.0067,5.4649,0.0494,lateral,0.5120,4.0800,0.0067,0.0054,0.0039
0.0519,6.8921,0.0417,turn,0.0000,4.1000,0.0000,nan,nan
0.0640,13.4761,0.0037,straight,0.7604,4.1200,0.0417,0.0586,0.0257
0.1811,16.1474,0.0140,stand,0.0000,4.1200,0.0000,nan,nan
0.0633,12.3518,0.0352,lateral,0.7995,4.1400,0.0624,-0.0616,0.0147
0.0138,4.2168,0.0353,stand,0.0000,4.1600,0.0000,nan,nan
0.0256,4.8670,0.0091,straight,1.0835,4.1600,0.0256,-0.0059,0.0249
0.0227,6.6132,0.0336,straight,0.2940,4.1800,0.0226,-0.0111,0.0198
0.0197,7.1862,0.0263,lateral,1.2723,4.2000,0.0197,-0.0013,0.0197
0.0097,7.0746,0.0447,combined,1.6663,4.2000,0.0063,-0.0059,0.0078
0.1270,7.1542,0.0075,stand,0.0000,4.2200,0.0000,nan,nan
0.0891,6.9578,0.0810,lateral,1.1702,4.2600,0.0876,-0.0884,0.0108
0.0145,5.3728,0.0162,turn,0.0000,4.2800,0.0000,nan,nan
0.0450,9.9377,0.0123,turn,0.0000,4.2800,0.0000,nan,nan
0.0194,3.6894,0.0110,combined,1.3294,4.3000,0.0009,0.0194,0.0005
0.0489,12.3647,0.0151,straight,1.4486,4.2800,0.0422,0.0073,0.0484
0.0238,6.4042,0.0375,turn,0.0000,4.3400,0.0000,nan,nan
0.0295,8.0401,0.0383,straight,0.3736,4.3400,0.0134,0.0022,0.0294
0.2104,6.9835,0.1698,combined,2.3763,4.3600,0.2104,-0.1995,0.0670
0.0282,9.7848,0.0146,combined,1.5353,4.3800,0.0216,-0.0044,0.0278
0.0697,11.0287,0.0226,stand,0.0000,4.3800,0.0000,nan,nan
0.0674,10.9846,0.0286,straight,1.8087,4.4000,0.0648,-0.0467,0.0486
0.0347,13.0387,0.0179,turn,0.0000,4.4200,0.0000,nan,nan
0.0583,3.3527,0.0068,combined,1.0583,4.4400,0.0578,-0.0583,0.0018
0.0414,5.1941,0.0271,turn,0.0000,4.4400,0.0000,nan,nan
0.0422,8.4107,0.0417,combined,1.1134,4.4600,0.0422,-0.0105,0.0409
0.0686,7.0992,0.0154,turn,0.0000,4.4800,0.0000,nan,nan
0.0744,14.5575,0.0214,turn,0.0000,4.4800,0.0000,nan,nan
0.0331,8.1316,0.0331,combined,0.6579,4.5000,0.0331,-0.0331,0.0000
0.0544,4.6815,0.0230,lateral,1.1520,4.5200,0.0544,-0.0521,0.0156
0.0387,5.4302,0.0069,combined,0.9433,4.5400,0.0160,0.0379,0.0080
0.0298,5.6843,0.0275,lateral,0.0827,4.5800,0.0074,0.0103,0.0280
0.0146,4.4601,0.0338,straight,1.3550,4.5800,0.0010,0.0090,0.0115
0.0397,10.1686,0.0529,lateral,0.2763,4.6200,0.0397,-0.0235,0.0320
0.0224,4.8891,0.0884,lateral,0.4627,4.6400,0.0002,0.0210,0.0076
0.0161,7.4888,0.0242,stand,0.0000,4.6400,0.0000,nan,nan
0.0073,6.5585,0.0479,combined,2.0390,4.6600,0.0055,0.0068,0.0027
0.0250,7.6694,0.0501,lateral,0.2251,4.6600,0.0250,-0.0189,0.0164
0.0293,12.0914,0.0544,lateral,0.6565,4.6600,0.0189,0.0087,0.0280
0.0421,8.8114,0.0073,straight,0.7295,4.6800,0.0405,-0.0230,0.0353
0.0207,11.0138,0.0586,turn,0.0000,4.7400,0.0000,nan,nan
0.0214,13.5927,0.0323,straight,1.1381,4.7400,0.0074,0.0184,0.0110
0.0367,9.6271,0.0205,combined,1.5424,4.7400,0.0261,-0.0339,0.0140
0.0235,3.8808,0.0069,combined,1.4375,4.7600,0.0235,-0.0049,0.0229
0.0507,6.0687,0.0219,straight,1.0497,4.7800,0.0155,0.0284,0.0420
0.0658,3.5668,0.0228,stand,0.0000,4.8000,0.0000,nan,nan
0.0543,3.4062,0.0188,straight,0.4014,4.8000,0.0141,0.0392,0.0375
0.0449,13.3667,0.0570,combined,0.7821,4.8400,0.0445,-0.0376,0.0245
0.0370,8.4972,0.0646,straight,0.3844,4.8600,0.0048,0.0037,0.0368
0.0706,7.3825,0.0828,lateral,1.3513,4.8600,0.0706,-0.0705,0.0036
0.0573,5.6657,0.1174,straight,1.7704,4.8600,0.0573,-0.0091,0.0566
0.0069,11.4224,0.0058,turn,0.0000,4.8800,0.0000,nan,nan
0.0688,17.4272,0.0364,lateral,1.4496,4.8800,0.0688,-0.0666,0.0173
0.0510,9.6963,0.0276,lateral,1.0024,4.9000,0.0426,-0.0500,0.0104
0.0238,3.7211,0.0134,combined,0.4523,4.9000,0.0228,-0.0190,0.0143
0.0744,5.1434,0.0247,turn,0.0000,4.9400,0.0000,nan,nan
0.0581,15.0569,0.0295,stand,0.0000,4.9600,0.0000,nan,nan
0.0681,2.7476,0.0923,combined,0.5752,4.9600,0.0545,0.0260,0.0630
0.0661,3.1728,0.0884,straight,1.5851,4.9800,0.0656,-0.0658,0.0067
0.0666,6.2760,0.0320,combined,1.9659,5.0000,0.0567,0.0395,0.0536
0.0417,5.1680,0.0346,combined,1.1245,5.0000,0.0204,0.0346,0.0232
0.0328,10.0019,0.0300,straight,1.5508,5.0200,0.0316,-0.0173,0.0279
0.0474,10.4854,0.0224,combined,1.7521,5.0000,0.0306,0.0307,0.0361
0.0217,2.3919,0.0168,combined,0.9575,4.0800,0.0168,-0.0052,0.0211
0.0230,5.9650,0.0128,turn,0.0000,5.0600,0.0000,nan,nan
0.0570,4.8783,0.0636,lateral,1.1042,5.0800,0.0416,-0.0417,0.0388
0.0288,5.9775,0.0665,lateral,0.7101,5.0800,0.0153,-0.0276,0.0082
0.0297,0.9172,0.0595,combined,1.0111,5.1000,0.0292,-0.0296,0.0017
0.0170,5.1747,0.0207,turn,0.0000,4.8400,0.0000,nan,nan
0.0322,2.4201,0.0305,combined,1.8472,5.1600,0.0165,0.0318,0.0048
0.0541,3.8139,0.0244,lateral,1.4010,5.1600,0.0541,-0.0540,0.0034
0.0272,9.6496,0.0663,lateral,0.1621,5.1800,0.0194,0.0250,0.0107
0.0255,8.9091,0.0082,turn,0.0000,5.2000,0.0000,nan,nan
0.0047,5.5961,0.0394,straight,1.9252,5.2200,0.0047,-0.0003,0.0047
0.0500,14.8685,0.0186,combined,0.8800,5.2200,0.0059,0.0413,0.0282
0.0249,0.8742,0.0420,lateral,0.7240,5.2400,0.0087,0.0076,0.0237
0.0731,4.6674,0.0348,combined,2.0102,5.2600,0.0084,0.0687,0.0249
0.0333,8.7664,0.0088,combined,1.4622,5.2600,0.0321,-0.0036,0.0331
0.0801,3.2310,0.0492,combined,2.1056,5.2800,0.0801,-0.0705,0.0380
0.0723,1.8001,0.0171,straight,0.9922,5.2800,0.0669,-0.0647,0.0324
0.0350,1.2350,0.0717,combined,1.0624,5.3000,0.0222,-0.0349,0.0015
0.0557,1.5545,0.0274,straight,0.7416,5.3200,0.0368,0.0111,0.0546
0.0567,11.1784,0.0618,combined,1.2033,5.3200,0.0427,0.0507,0.0254
0.0584,2.1850,0.0696,combined,1.4924,5.4200,0.0584,0.0468,0.0349
0.0130,7.8709,0.0441,lateral,1.3074,5.4200,0.0130,0.0130,0.0004
0.0613,14.1512,0.0336,lateral,0.8076,5.4000,0.0613,-0.0554,0.0261
0.0700,1.7992,0.0587,lateral,0.6279,5.2600,0.0556,0.0470,0.0520
0.0262,5.5746,0.0377,straight,0.6332,5.5400,0.0191,-0.0237,0.0111
0.0394,8.6170,0.0268,combined,1.5059,5.5600,0.0340,0.0110,0.0379
0.0533,0.0311,0.0505,straight,0.9632,5.5800,0.0415,0.0362,0.0392
0.0252,12.6268,0.0267,turn,0.0000,5.5800,0.0000,nan,nan
0.0576,10.2331,0.0175,straight,0.5245,5.6000,0.0540,-0.0342,0.0463
0.0492,10.2862,0.0199,lateral,0.9998,5.6600,0.0427,-0.0362,0.0333
0.0197,3.6148,0.0664,combined,0.9143,5.7000,0.0068,0.0182,0.0076
0.0490,15.5176,0.0247,combined,1.7328,5.6800,0.0487,-0.0421,0.0250
0.0635,3.6938,0.0278,lateral,0.8265,5.7200,0.0540,-0.0566,0.0288
0.0597,10.2511,0.0329,straight,0.2329,5.7200,0.0273,-0.0565,0.0193
0.0207,4.1495,0.0507,combined,1.2067,5.7200,0.0012,0.0198,0.0058
0.0182,8.3553,0.0175,straight,1.0259,5.7400,0.0153,0.0057,0.0172
0.0521,10.4907,0.0243,straight,1.4441,5.7200,0.0377,-0.0225,0.0470
0.0603,5.6956,0.0256,turn,0.0000,5.7800,0.0000,nan,nan
0.0958,9.4397,0.0284,lateral,0.5661,5.8000,0.0783,-0.0882,0.0373
0.0680,4.5443,0.0406,straight,0.0867,5.8200,0.0370,0.0583,0.0350
0.0409,2.1136,0.0250,combined,0.5592,5.8400,0.0240,0.0155,0.0379
0.0277,5.7892,0.0447,lateral,0.8427,5.8400,0.0236,-0.0139,0.0240
0.0740,11.5514,0.0269,combined,0.7928,5.8000,0.0692,-0.0677,0.0300
0.0268,10.5355,0.0105,combined,1.7698,5.8600,0.0221,-0.0266,0.0033
0.0380,10.4392,0.0306,combined,1.4622,5.8800,0.0153,0.0050,0.0377
0.0477,0.7432,0.0361,straight,0.0663,5.9000,0.0445,-0.0452,0.0151
0.0301,5.6578,0.0653,straight,0.9544,5.9000,0.0140,0.0088,0.0288
0.0597,11.9977,0.0221,combined,1.4585,5.9200,0.0260,0.0433,0.0410
0.0491,6.6919,0.0320,turn,0.0000,5.9200,0.0000,nan,nan
0.0521,13.4795,0.0212,straight,1.4151,5.9200,0.0234,0.0416,0.0314
0.0638,10.5749,0.0512,turn,0.0000,5.9400,0.0000,nan,nan
0.0415,8.3119,0.0631,lateral,1.1082,5.9600,0.0301,-0.0263,0.0321
0.0363,9.3791,0.0309,turn,0.0000,5.9600,0.0000,nan,nan
0.0256,1.1333,0.0283,lateral,1.0306,5.9800,0.0240,0.0255,0.0014
0.0208,6.7224,0.0377,turn,0.0000,6.0200,0.0000,nan,nan
0.0412,4.6065,0.0079,straight,0.1738,6.0200,0.0412,-0.0159,0.0380
0.0566,11.1608,0.0217,combined,1.4341,6.0000,0.0405,0.0240,0.0513
0.0210,7.5119,0.0628,turn,0.0000,6.0000,0.0000,nan,nan
0.0528,6.8360,0.0715,lateral,1.0605,6.0200,0.0278,0.0465,0.0250
0.0380,11.6713,0.0016,lateral,0.8624,6.0200,0.0266,0.0354,0.0139
0.0269,10.6264,0.0212,turn,0.0000,6.0600,0.0000,nan,nan
0.0365,9.5486,0.0365,lateral,0.5080,6.0600,0.0302,-0.0233,0.0281
0.0225,4.3589,0.0578,stand,0.0000,6.0400,0.0000,nan,nan
0.0457,9.0289,0.0449,lateral,1.2391,6.1000,0.0355,-0.0457,0.0026
0.0631,8.7150,0.0207,straight,0.3250,6.1000,0.0258,0.0462,0.0430
0.0397,11.9668,0.0240,combined,1.8306,6.1000,0.0163,0.0230,0.0324
0.0347,5.2318,0.0232,straight,1.9984,6.1000,0.0022,0.0327,0.0115
0.0452,9.8410,0.0565,combined,0.5448,6.1000,0.0225,-0.0117,0.0436
0.0901,9.4502,0.0066,combined,0.3153,6.1000,0.0843,-0.0810,0.0393
0.0636,1.6020,0.0572,turn,0.0000,6.1200,0.0000,nan,nan
0.0072,14.1449,0.0538,turn,0.0000,6.1200,0.0000,nan,nan
0.0306,11.5334,0.0104,turn,0.0000,6.1400,0.0000,nan,nan
0.0503,5.3565,0.0338,turn,0.0000,6.1400,0.0000,nan,nan
0.0479,11.3926,0.0045,combined,0.5441,6.1400,0.0138,0.0478,0.0037
0.0361,5.6502,0.0392,turn,0.0000,6.2200,0.0000,nan,nan
0.0623,4.6366,0.0292,combined,1.4166,6.2200,0.0110,0.0565,0.0264
0.0218,0.1849,0.0746,lateral,0.5503,6.2600,0.0083,0.0050,0.0213
0.0221,6.2993,0.0078,lateral,0.1730,6.3000,0.0009,0.0028,0.0219
0.0131,10.0014,0.0231,lateral,1.3728,6.3000,0.0004,0.0112,0.0068
0.0226,10.4340,0.0231,combined,1.4206,6.3400,0.0112,0.0177,0.0140
0.0311,7.9549,0.0042,combined,0.7385,6.3600,0.0300,-0.0280,0.0135
0.0288,3.9812,0.0241,straight,0.8642,6.3800,0.0274,-0.0286,0.0031
0.0653,9.1742,0.0050,stand,0.0000,6.4000,0.0000,nan,nan
0.0361,7.2804,0.0316,straight,0.8589,6.4200,0.0058,0.0168,0.0319
0.0237,13.0641,0.0259,lateral,0.0215,6.4200,0.0215,-0.0197,0.0131
0.0220,2.7204,0.0573,stand,0.0000,6.4200,0.0000,nan,nan
0.0324,3.6325,0.0637,stand,0.0000,6.4400,0.0000,nan,nan
0.0433,8.7677,0.0083,combined,2.4174,6.5200,0.0394,-0.0431,0.0034
0.0369,5.8319,0.0875,turn,0.0000,6.5400,0.0000,nan,nan
0.0321,3.2565,0.0235,stand,0.0000,6.5400,0.0000,nan,nan
0.0509,10.6748,0.0197,turn,0.0000,6.5000,0.0000,nan,nan
0.0095,2.5215,0.0515,combined,1.8695,6.5600,0.0095,-0.0095,0.0000
0.0316,7.1949,0.0113,combined,1.9744,6.5600,0.0257,-0.0179,0.0261
0.0162,9.0685,0.0439,combined,2.2227,6.5800,0.0109,-0.0108,0.0120
0.0499,9.6738,0.0293,lateral,0.6951,6.6000,0.0475,-0.0498,0.0035
0.0217,14.0809,0.0647,combined,1.3435,6.6000,0.0080,-0.0080,0.0202
0.0301,9.9292,0.0470,straight,0.6590,6.6200,0.0133,-0.0301,0.0005
0.0088,5.3847,0.0161,combined,1.4740,6.6400,0.0082,-0.0054,0.0070
0.0473,11.4908,0.0228,lateral,0.0159,6.6600,0.0134,-0.0305,0.0361
0.0515,7.2479,0.0426,straight,0.3055,6.6800,0.0339,-0.0327,0.0397
0.0212,7.6472,0.0210,turn,0.0000,6.5400,0.0000,nan,nan
0.0351,8.0734,0.0191,lateral,0.8684,6.7400,0.0167,-0.0175,0.0305
0.0384,13.8332,0.0130,lateral,0.2424,6.7400,0.0106,-0.0349,0.0160
0.0353,4.6484,0.0283,combined,0.7989,6.7600,0.0124,0.0348,0.0058
0.0260,2.5453,0.0236,turn,0.0000,6.7800,0.0000,nan,nan
0.0507,5.8942,0.0274,lateral,1.1270,6.8000,0.0496,0.0057,0.0503
0.0403,7.1500,0.0255,lateral,0.0398,6.6200,0.0336,-0.0311,0.0257
0.0754,3.7369,0.0392,stand,0.0000,6.8000,0.0000,nan,nan
0.0315,5.8589,0.0284,lateral,1.4576,6.8200,0.0315,-0.0315,0.0016
0.0367,3.6269,0.0403,straight,0.3782,6.8200,0.0345,-0.0227,0.0289
0.0107,3.6158,0.0357,combined,1.2576,6.8400,0.0021,-0.0008,0.0107
0.0668,11.5251,0.0319,combined,1.0371,6.6200,0.0014,-0.0490,0.0454
0.0159,6.5602,0.0365,straight,1.4414,6.8600,0.0073,-0.0157,0.0023
0.0618,4.0405,0.0025,stand,0.0000,6.8600,0.0000,nan,nan
0.0188,3.7008,0.0426,straight,0.3712,6.8600,0.0070,-0.0182,0.0045
0.0213,9.7361,0.0130,straight,0.6483,6.5200,0.0056,0.0211,0.0030
0.0356,6.9388,0.0164,turn,0.0000,6.9000,0.0000,nan,nan
0.0603,6.1828,0.0422,turn,0.0000,6.9000,0.0000,nan,nan
0.0792,5.9967,0.0503,stand,0.0000,6.9000,0.0000,nan,nan
0.0689,10.7490,0.0196,combined,0.5189,6.9000,0.0619,0.0225,0.0651
0.0492,6.9941,0.0761,straight,1.0249,6.9400,0.0454,-0.0314,0.0379
0.0359,6.0957,0.0204,turn,0.0000,6.9600,0.0000,nan,nan
0.0247,8.4203,0.0038,straight,1.8244,6.9800,0.0068,0.0069,0.0238
0.0501,4.1618,0.0522,straight,0.3896,6.9800,0.0368,-0.0391,0.0313
0.0193,11.1628,0.0223,combined,2.3123,6.9600,0.0180,-0.0119,0.0152
0.0399,12.0064,0.0352,turn,0.0000,6.9600,0.0000,nan,nan
0.0261,12.9304,0.0193,turn,0.0000,7.0200,0.0000,nan,nan
0.0407,1.0580,0.0321,combined,0.5910,7.0200,0.0206,0.0138,0.0383
0.0503,8.8469,0.0371,turn,0.0000,7.0400,0.0000,nan,nan
0.0340,10.0191,0.0281,lateral,0.0141,7.0200,0.0039,0.0229,0.0251
0.0207,6.3778,0.0409,straight,0.4493,7.0600,0.0002,0.0072,0.0194
0.0725,7.7215,0.0374,combined,1.1445,7.1000,0.0626,0.0174,0.0704
0.0567,9.0054,0.0303,straight,1.4458,7.1000,0.0405,0.0240,0.0514
0.0307,8.4084,0.0436,straight,1.6518,7.1200,0.0075,-0.0295,0.0083
0.0386,14.5162,0.0194,turn,0.0000,7.1200,0.0000,nan,nan
0.0568,3.7727,0.0465,stand,0.0000,7.1600,0.0000,nan,nan
0.0414,9.5567,0.0305,turn,0.0000,7.1600,0.0000,nan,nan
0.0401,7.5321,0.0655,combined,0.2478,7.1600,0.0162,-0.0227,0.0331
0.0537,7.8902,0.0411,combined,1.5748,7.2000,0.0452,0.0032,0.0536
0.0798,7.7666,0.0271,combined,0.6406,7.2200,0.0614,-0.0382,0.0701
0.0470,0.4372,0.0735,combined,1.9684,7.2200,0.0159,0.0464,0.0076
0.0234,10.3979,0.0521,straight,1.4075,7.2400,0.0191,0.0127,0.0197
0.0364,10.8495,0.0311,turn,0.0000,7.2400,0.0000,nan,nan
0.0635,13.2111,0.0450,combined,1.3707,7.2400,0.0451,0.0094,0.0628
0.0336,11.5789,0.0424,lateral,0.7669,7.2400,0.0313,-0.0215,0.0259
0.0432,5.1557,0.0291,lateral,0.8396,7.3200,0.0078,0.0426,0.0071
0.0307,11.0776,0.0366,straight,1.3331,7.3400,0.0039,0.0016,0.0307
0.0478,13.3534,0.0605,turn,0.0000,7.3600,0.0000,nan,nan
0.0491,8.4432,0.0497,combined,2.2542,7.3800,0.0442,-0.0234,0.0432
0.0971,15.5203,0.0292,stand,0.0000,7.4200,0.0000,nan,nan
0.0380,20.6310,0.0141,stand,0.0000,7.4200,0.0000,nan,nan
0.0424,10.4566,0.0928,combined,1.9067,7.4200,0.0212,0.0193,0.0378
0.0228,3.4576,0.0536,lateral,0.1622,7.2400,0.0117,-0.0132,0.0186
0.0404,5.4659,0.0027,turn,0.0000,7.4400,0.0000,nan,nan
0.0346,2.6903,0.0545,combined,0.5045,7.4400,0.0346,0.0246,0.0244
0.0211,5.9030,0.0061,turn,0.0000,7.4400,0.0000,nan,nan
0.0249,7.0200,0.0360,straight,1.4742,7.4600,0.0035,0.0233,0.0087
0.0165,3.8162,0.0136,straight,0.1789,7.4600,0.0165,0.0164,0.0013
0.0641,0.7510,0.0484,combined,1.7037,7.4600,0.0547,-0.0641,0.0002
0.0118,4.6980,0.0429,turn,0.0000,7.4600,0.0000,nan,nan
0.0476,7.7483,0.0353,combined,0.4917,7.4800,0.0321,0.0142,0.0454
0.0740,7.4344,0.0489,lateral,1.2405,6.7800,0.0607,-0.0693,0.0261
0.0745,3.0052,0.0253,turn,0.0000,7.5400,0.0000,nan,nan
0.0416,12.7410,0.0118,turn,0.0000,7.5400,0.0000,nan,nan
0.0305,4.1541,0.0359,stand,0.0000,7.5600,0.0000,nan,nan
0.0131,11.1958,0.0420,turn,0.0000,7.5600,0.0000,nan,nan
0.0391,6.6406,0.0547,straight,1.8612,7.5800,0.0358,-0.0350,0.0174
0.0577,9.9120,0.0297,straight,1.5194,7.6000,0.0313,-0.0340,0.0466
0.0461,7.7527,0.0290,straight,1.8310,7.7400,0.0342,-0.0390,0.0246
0.0329,7.0336,0.0349,stand,0.0000,7.7400,0.0000,nan,nan
0.0130,9.9563,0.0926,lateral,1.4896,7.7400,0.0016,0.0057,0.0117
0.0269,11.8183,0.0325,stand,0.0000,7.7800,0.0000,nan,nan
0.0602,12.0566,0.0197,lateral,0.7466,7.8200,0.0573,-0.0231,0.0556
0.0488,5.2928,0.0941,lateral,0.3270,7.8200,0.0434,-0.0488,0.0028
0.0480,13.5790,0.0178,combined,1.3797,7.8400,0.0444,-0.0239,0.0417
0.0646,0.0279,0.0111,straight,1.1149,7.8800,0.0366,0.0244,0.0598
0.0266,4.4567,0.0297,turn,0.0000,7.9000,0.0000,nan,nan
0.0669,11.3631,0.0178,combined,0.6161,7.9000,0.0402,-0.0142,0.0653
0.0429,2.0729,0.0336,turn,0.0000,7.9400,0.0000,nan,nan
0.0612,5.2391,0.0060,combined,1.1866,7.9600,0.0532,-0.0531,0.0303
0.0421,4.3651,0.0550,lateral,0.1765,7.9600,0.0195,0.0420,0.0028
0.0478,9.6999,0.0206,straight,0.0252,7.9600,0.0058,-0.0242,0.0412
0.0138,1.0319,0.0242,combined,1.7762,7.9600,0.0112,0.0055,0.0126
0.0426,7.2813,0.0515,lateral,0.4218,7.9800,0.0415,-0.0126,0.0407
0.0805,6.3707,0.0480,straight,1.2559,7.4800,0.0092,0.0536,0.0601
0.0342,11.0878,0.0417,straight,1.2519,4.2000,0.0304,0.0032,0.0341
0.1060,9.3712,0.0806,combined,2.0545,4.2800,0.1060,-0.0998,0.0358
0.0386,4.3311,0.0599,combined,1.1954,7.7800,0.0321,0.0380,0.0070
0.0245,4.7098,0.0413,lateral,1.2847,4.2200,0.0245,0.0211,0.0126
0.0782,13.2205,0.0598,combined,1.6262,4.0800,0.0781,-0.0767,0.0150
0.0694,9.9412,0.0695,combined,1.4337,4.0200,0.0694,-0.0610,0.0333
0.0433,12.8674,0.0880,combined,1.2172,4.5200,0.0317,0.0239,0.0361
0.0214,6.3908,0.0265,combined,1.1488,4.2400,0.0062,0.0001,0.0214
0.1017,12.5562,0.0707,combined,1.7659,4.1800,0.1017,-0.0898,0.0478
0.0078,7.4180,0.0295,turn,0.0000,4.1000,0.0000,nan,nan
0.0611,9.8907,0.0335,lateral,0.9922,4.6400,0.0454,0.0212,0.0573
0.0441,9.0814,0.0156,turn,0.0000,4.3200,0.0000,nan,nan
0.0524,7.4283,0.0209,turn,0.0000,4.5200,0.0000,nan,nan
0.0350,10.1267,0.0420,turn,0.0000,4.0000,0.0000,nan,nan
0.0111,2.4012,0.0188,stand,0.0000,4.9400,0.0000,nan,nan
0.0367,1.5418,0.0197,stand,0.0000,4.2800,0.0000,nan,nan
0.0214,1.5070,0.0213,stand,0.0000,5.0600,0.0000,nan,nan
0.0168,6.0622,0.0448,turn,0.0000,4.9600,0.0000,nan,nan
0.0821,11.6880,0.0320,turn,0.0000,4.3000,0.0000,nan,nan
0.0160,8.2730,0.0161,straight,0.4167,4.6000,0.0091,0.0155,0.0040
0.0198,12.3282,0.0431,turn,0.0000,4.0000,0.0000,nan,nan
0.0561,12.5753,0.0642,lateral,1.1018,4.0800,0.0561,-0.0557,0.0071
0.0047,1.4069,0.0209,stand,0.0000,4.4400,0.0000,nan,nan
0.0334,8.2018,0.0155,lateral,0.4471,4.7200,0.0250,-0.0118,0.0312
0.0711,5.7329,0.0119,turn,0.0000,5.0200,0.0000,nan,nan
0.0706,0.0765,0.0248,straight,1.3838,4.2400,0.0706,-0.0531,0.0464
0.0243,6.9687,0.0462,combined,1.8689,5.6000,0.0009,0.0093,0.0225
0.0466,7.8854,0.0358,lateral,0.3422,4.8800,0.0152,0.0466,0.0011
0.0545,8.5759,0.0278,turn,0.0000,5.4600,0.0000,nan,nan
0.0410,2.6636,0.0450,straight,1.8435,5.2000,0.0328,-0.0119,0.0392
0.0819,8.4371,0.0245,turn,0.0000,4.9800,0.0000,nan,nan
0.0750,3.7612,0.0256,straight,0.7208,5.7000,0.0515,0.0290,0.0692
0.0157,0.5595,0.0462,stand,0.0000,5.3600,0.0000,nan,nan
0.0572,9.6382,0.0261,combined,0.7113,4.5800,0.0504,0.0378,0.0429
0.0384,12.7985,0.0483,lateral,0.5296,4.4000,0.0384,-0.0113,0.0367
0.0153,11.5917,0.0194,straight,1.9679,4.9400,0.0139,0.0082,0.0129
0.0237,4.5258,0.0229,lateral,1.3060,4.7200,0.0237,-0.0173,0.0161
0.0439,3.4775,0.0256,lateral,0.7560,5.0000,0.0296,-0.0351,0.0264
0.0155,2.5880,0.0252,stand,0.0000,4.9000,0.0000,nan,nan
0.0324,15.1501,0.0323,combined,1.8734,4.8400,0.0100,0.0285,0.0156
0.0365,9.6453,0.0510,lateral,0.6588,5.4800,0.0041,0.0347,0.0114
0.0677,5.8294,0.0370,combined,1.5328,4.8400,0.0599,-0.0648,0.0196
0.0243,6.3462,0.0146,combined,1.4465,5.4000,0.0116,-0.0234,0.0062
0.0196,5.3895,0.0951,turn,0.0000,5.6400,0.0000,nan,nan
0.0443,6.8385,0.0319,combined,1.3698,4.3400,0.0443,-0.0281,0.0342
0.0607,7.2991,0.0504,combined,0.5232,4.8200,0.0308,0.0603,0.0064
0.0287,5.1711,0.0294,turn,0.0000,6.2000,0.0000,nan,nan
0.0282,11.0966,0.0446,combined,1.1873,4.0000,0.0282,-0.0148,0.0240
0.0560,2.4279,0.0203,straight,0.0080,4.2800,0.0067,0.0246,0.0502
0.0261,6.6952,0.0080,turn,0.0000,4.2200,0.0000,nan,nan
0.0476,9.9574,0.0078,straight,1.8083,4.5000,0.0469,0.0159,0.0449
0.0336,5.5197,0.0084,turn,0.0000,5.7200,0.0000,nan,nan
0.0416,5.0011,0.0290,combined,1.2148,4.1600,0.0416,-0.0292,0.0296
0.0182,10.7181,0.0318,turn,0.0000,5.1200,0.0000,nan,nan
0.0383,5.1272,0.0834,combined,1.3289,5.7800,0.0157,0.0378,0.0058
0.0215,4.5920,0.0739,lateral,1.4389,6.2200,0.0177,0.0210,0.0046
0.0231,8.9023,0.0672,turn,0.0000,4.7200,0.0000,nan,nan
0.0656,0.5938,0.0317,lateral,1.1745,4.4600,0.0656,-0.0655,0.0048
0.0265,4.2571,0.0141,stand,0.0000,4.8600,0.0000,nan,nan
0.0324,10.5337,0.0122,combined,1.5551,4.3600,0.0318,-0.0230,0.0229
0.0220,1.5777,0.0106,combined,1.5915,4.4400,0.0220,-0.0209,0.0066
0.0298,13.8411,0.0199,lateral,0.8210,4.3800,0.0246,-0.0132,0.0267
0.0592,9.3727,0.0288,turn,0.0000,4.5200,0.0000,nan,nan
0.0330,12.3603,0.0402,straight,1.1629,6.2800,0.0295,-0.0330,0.0003
0.0587,7.6165,0.0040,combined,1.5919,4.9400,0.0587,-0.0451,0.0375
0.0489,12.1761,0.0204,turn,0.0000,6.5200,0.0000,nan,nan
0.0286,13.1954,0.0391,combined,1.5500,6.0600,0.0103,0.0149,0.0245
0.0138,0.7565,0.0197,stand,0.0000,4.8600,0.0000,nan,nan
0.0406,5.8855,0.0477,combined,1.1852,5.1400,0.0131,0.0245,0.0324
0.0571,3.9565,0.0230,lateral,1.4916,5.1800,0.0478,0.0542,0.0181
0.0254,4.4948,0.0508,combined,0.4843,4.4800,0.0230,0.0029,0.0252
0.0194,1.8667,0.0346,stand,0.0000,5.0400,0.0000,nan,nan
0.0482,8.5098,0.0155,straight,0.4571,4.8400,0.0249,0.0311,0.0368
0.0175,0.6673,0.0422,stand,0.0000,4.0800,0.0000,nan,nan
0.0301,10.0767,0.0153,combined,1.5153,6.8200,0.0185,-0.0166,0.0252
0.0179,5.0326,0.0059,combined,0.6607,6.3600,0.0038,-0.0179,0.0003
0.0805,1.7411,0.0155,stand,0.0000,5.2000,0.0000,nan,nan
0.0761,0.1557,0.0186,straight,0.9723,4.8600,0.0625,-0.0155,0.0745
0.0402,13.2463,0.0390,lateral,0.4149,5.0800,0.0334,-0.0380,0.0130
0.0289,11.4262,0.0551,turn,0.0000,6.5800,0.0000,nan,nan
0.0883,11.1539,0.0574,stand,0.0000,4.0600,0.0000,nan,nan
0.0379,7.0216,0.0383,straight,0.5685,4.6800,0.0055,0.0357,0.0129
0.0108,0.4948,0.0265,stand,0.0000,5.5800,0.0000,nan,nan
0.0572,4.1866,0.1039,turn,0.0000,4.0400,0.0000,nan,nan
0.0760,1.5894,0.0455,combined,2.3647,4.8600,0.0760,-0.0753,0.0109
0.0395,9.2520,0.0240,lateral,0.0284,7.1200,0.0100,0.0372,0.0134
0.0488,11.1304,0.0461,turn,0.0000,6.4400,0.0000,nan,nan
0.0099,4.9348,0.0070,combined,1.7638,4.4400,0.0068,-0.0011,0.0099
0.0193,1.7457,0.0446,straight,0.3137,7.0200,0.0042,-0.0030,0.0191
0.0610,9.5669,0.0311,turn,0.0000,6.3800,0.0000,nan,nan
0.0536,13.1151,0.0162,turn,0.0000,4.4600,0.0000,nan,nan
0.0174,10.4293,0.0511,combined,0.3642,5.8400,0.0126,-0.0174,0.0004
0.0265,6.1533,0.0165,straight,1.1931,4.5600,0.0265,-0.0219,0.0149
0.0067,5.6241,0.0262,turn,0.0000,4.3600,0.0000,nan,nan
0.0673,11.5621,0.0602,combined,1.5183,6.4400,0.0633,-0.0321,0.0592
0.0560,9.6812,0.0628,straight,1.0983,6.5200,0.0560,-0.0511,0.0229
0.0788,7.9680,0.0123,straight,1.3804,6.2600,0.0564,-0.0034,0.0787
0.0643,6.3886,0.0244,lateral,1.1635,4.0600,0.0031,0.0594,0.0248
0.0453,13.6378,0.0238,lateral,0.0355,7.0800,0.0191,0.0422,0.0165
0.0346,5.6326,0.0420,straight,1.3385,7.2600,0.0333,-0.0176,0.0298
0.0308,4.4654,0.0352,stand,0.0000,5.5000,0.0000,nan,nan
0.0289,6.5738,0.0200,lateral,0.3223,7.2400,0.0181,0.0041,0.0286
0.0284,4.7144,0.0429,combined,0.6588,7.4400,0.0218,-0.0254,0.0126
0.0314,11.1769,0.0271,straight,1.1468,6.8000,0.0142,0.0023,0.0313
0.0713,11.7277,0.0370,combined,1.8501,4.1200,0.0652,-0.0399,0.0591
0.0158,8.3694,0.0311,combined,0.8190,6.5000,0.0024,-0.0095,0.0126
0.0452,10.2017,0.0320,combined,1.9166,4.7000,0.0175,0.0261,0.0369
0.0195,7.1724,0.0298,turn,0.0000,5.4200,0.0000,nan,nan
0.0356,13.6763,0.0227,straight,1.8453,7.3600,0.0354,0.0107,0.0339
0.0298,5.8413,0.0091,combined,1.5199,6.6800,0.0189,0.0176,0.0241
0.0389,12.6833,0.0207,combined,1.1937,4.7600,0.0088,0.0379,0.0089
0.0400,6.9542,0.0360,lateral,0.7209,7.7800,0.0382,-0.0394,0.0072
0.0029,5.6565,0.0119,combined,0.4460,5.8400,0.0029,0.0017,0.0024
0.0315,7.6526,0.0274,straight,0.4388,5.7200,0.0209,0.0314,0.0018
0.0248,7.7779,0.0555,straight,1.8309,5.8600,0.0242,0.0078,0.0235
0.0262,4.2652,0.0526,lateral,0.5199,7.8600,0.0178,0.0233,0.0119
0.0438,12.8717,0.0165,lateral,0.8193,5.5200,0.0355,-0.0409,0.0157
0.0498,4.1482,0.0228,turn,0.0000,7.4200,0.0000,nan,nan
0.0346,6.9091,0.0461,combined,1.5281,6.9200,0.0321,-0.0054,0.0342
0.0599,8.0649,0.0331,turn,0.0000,4.7600,0.0000,nan,nan
0.0346,8.4149,0.0198,combined,0.7817,5.4200,0.0302,-0.0249,0.0240
0.0620,5.1509,0.0098,combined,0.7338,4.0400,0.0238,0.0162,0.0599
0.0556,4.6708,0.0489,turn,0.0000,7.1600,0.0000,nan,nan
0.0337,5.8007,0.0304,combined,0.2228,5.0400,0.0232,0.0179,0.0285
0.0438,7.3061,0.0136,combined,1.3436,6.4200,0.0438,-0.0428,0.0091
0.0212,10.8405,0.0461,combined,1.5659,7.0000,0.0176,-0.0204,0.0056
0.0564,9.9520,0.0384,combined,1.6088,4.6000,0.0564,-0.0564,0.0021
0.0504,9.7919,0.0439,lateral,0.7130,4.6000,0.0504,-0.0498,0.0079
0.0570,7.3926,0.0541,lateral,1.4182,5.2400,0.0458,0.0267,0.0503
0.0534,6.5413,0.0208,turn,0.0000,4.8200,0.0000,nan,nan
0.0364,6.4346,0.0256,turn,0.0000,7.3200,0.0000,nan,nan
0.0489,10.9461,0.0361,combined,1.5060,6.9200,0.0177,-0.0476,0.0113
0.0271,7.6494,0.0672,combined,0.5745,5.2600,0.0201,0.0030,0.0269
0.0302,8.3915,0.0275,combined,1.3644,7.4200,0.0030,0.0301,0.0022
0.0332,5.2220,0.0447,turn,0.0000,4.7200,0.0000,nan,nan
0.0644,3.3724,0.0454,combined,0.9396,7.1600,0.0549,-0.0638,0.0082
0.0541,8.3102,0.0184,turn,0.0000,7.8800,0.0000,nan,nan
0.0450,8.3972,0.0435,turn,0.0000,6.2000,0.0000,nan,nan
0.0093,10.6879,0.0200,combined,0.9066,7.8600,0.0034,-0.0067,0.0065
0.0246,6.8566,0.0452,straight,1.3887,6.3400,0.0242,-0.0209,0.0129
0.0255,10.2213,0.0139,turn,0.0000,7.1600,0.0000,nan,nan
0.0329,1.7337,0.0478,turn,0.0000,7.1600,0.0000,nan,nan
0.0623,5.6071,0.0281,lateral,0.8175,6.5400,0.0508,0.0340,0.0522
0.0391,3.3168,0.0476,lateral,1.1638,5.2400,0.0034,0.0379,0.0095
0.0492,10.4617,0.0365,turn,0.0000,5.5200,0.0000,nan,nan
0.0338,12.7948,0.0366,lateral,0.6190,7.4400,0.0208,-0.0284,0.0184
0.0656,9.5923,0.0217,lateral,0.7360,6.4400,0.0451,0.0399,0.0520
0.0225,7.2914,0.0188,lateral,0.5129,6.9400,0.0225,-0.0179,0.0136
0.0440,7.7023,0.0354,straight,0.0653,4.9400,0.0018,0.0082,0.0433
0.0116,7.1560,0.0377,straight,1.2490,6.6600,0.0116,-0.0079,0.0085
0.0424,2.9272,0.0356,stand,0.0000,5.9400,0.0000,nan,nan
0.0328,8.5323,0.0267,turn,0.0000,5.6800,0.0000,nan,nan
0.0625,7.5891,0.0601,turn,0.0000,6.7200,0.0000,nan,nan
0.0548,10.9419,0.0127,straight,0.1114,6.3400,0.0239,0.0476,0.0270
0.0208,8.5124,0.0563,combined,1.9388,7.6400,0.0078,-0.0129,0.0162
0.0398,8.5325,0.0307,combined,1.9943,4.5600,0.0266,0.0340,0.0206
0.0376,6.7311,0.0380,straight,0.2209,7.7000,0.0011,-0.0126,0.0354
0.0546,8.0597,0.0894,combined,1.6555,5.6200,0.0347,-0.0343,0.0425
0.0438,1.7675,0.0690,straight,0.3178,7.9400,0.0204,-0.0219,0.0380
0.0116,7.7500,0.0504,combined,0.5600,6.0400,0.0022,0.0078,0.0086
0.0639,2.5219,0.0064,combined,0.4913,6.8000,0.0639,0.0638,0.0039
0.0371,10.2604,0.0654,turn,0.0000,5.9400,0.0000,nan,nan
0.0566,0.3520,0.0395,combined,1.6586,7.3800,0.0566,-0.0562,0.0065
0.0380,16.1221,0.0428,combined,0.4396,5.6000,0.0319,-0.0375,0.0060
0.0275,3.1469,0.0269,stand,0.0000,7.9000,0.0000,nan,nan
0.0402,0.6868,0.0171,stand,0.0000,5.8000,0.0000,nan,nan
0.0207,10.3496,0.0676,straight,1.6610,5.3600,0.0025,0.0115,0.0172
0.0071,8.3702,0.0441,lateral,0.6981,6.2600,0.0007,0.0071,0.0006
0.0537,10.8954,0.0561,straight,1.5844,5.6400,0.0403,-0.0272,0.0463
0.0361,7.7197,0.0198,lateral,0.0811,6.4200,0.0042,0.0349,0.0092
0.0845,4.9761,0.0361,turn,0.0000,6.8000,0.0000,nan,nan
0.0602,16.7333,0.0324,lateral,0.7126,4.0000,0.0602,-0.0523,0.0299
0.0273,1.4109,0.0374,lateral,0.4437,4.9400,0.0058,0.0273,0.0014
0.0621,0.1552,0.0522,turn,0.0000,5.4600,0.0000,nan,nan
0.0220,3.9865,0.0089,stand,0.0000,7.0200,0.0000,nan,nan
0.0205,11.6352,0.0369,combined,1.6868,5.7000,0.0187,-0.0175,0.0107
0.0403,6.8030,0.0418,lateral,1.0860,6.9400,0.0300,-0.0252,0.0315
0.0183,10.2694,0.0356,lateral,0.0755,7.7800,0.0178,-0.0038,0.0179
0.0581,7.7119,0.0226,lateral,0.3038,7.3800,0.0463,-0.0264,0.0518
0.0230,11.3007,0.0402,combined,1.9475,5.2400,0.0214,-0.0027,0.0229
0.0343,7.8420,0.0464,turn,0.0000,7.8400,0.0000,nan,nan
0.0421,12.9311,0.0239,straight,1.0050,5.7000,0.0339,0.0007,0.0421
0.0227,1.9672,0.0560,lateral,0.5469,7.0600,0.0227,0.0205,0.0098
0.0180,5.4952,0.0459,lateral,0.1091,7.8600,0.0016,0.0174,0.0047
0.0385,7.3922,0.0367,turn,0.0000,5.7800,0.0000,nan,nan
0.0192,11.5128,0.0224,combined,1.6861,5.7000,0.0178,0.0051,0.0185
0.0008,12.1949,0.0375,combined,1.7463,6.5800,0.0008,0.0006,0.0005
0.0421,10.8445,0.0229,lateral,0.0907,6.5800,0.0338,-0.0330,0.0261
0.0463,10.8602,0.0137,combined,1.5253,5.3000,0.0236,0.0463,0.0006
0.0202,4.3780,0.0264,straight,1.7215,5.8200,0.0197,-0.0182,0.0087
0.0199,9.3682,0.0491,straight,1.0307,5.9600,0.0149,-0.0074,0.0185
0.0394,5.3947,0.0125,lateral,0.1645,7.4600,0.0082,0.0391,0.0044
0.0182,12.4896,0.0383,combined,1.3149,6.6800,0.0020,0.0182,0.0003
0.0164,8.2895,0.0333,turn,0.0000,6.9800,0.0000,nan,nan
0.0406,6.1283,0.0297,combined,1.0256,5.5800,0.0246,0.0284,0.0290
0.0124,11.1160,0.0276,straight,1.5950,7.6000,0.0032,-0.0035,0.0120
0.0163,10.8887,0.0328,straight,1.0379,7.3200,0.0029,0.0017,0.0162
0.0146,10.8533,0.0288,turn,0.0000,4.0600,0.0000,nan,nan
0.0756,6.4680,0.0548,combined,0.9454,7.6000,0.0562,-0.0595,0.0467
0.0247,4.2284,0.0042,straight,0.2055,6.7000,0.0091,-0.0149,0.0197
0.0605,10.5469,0.0232,straight,0.1174,6.0000,0.0429,-0.0320,0.0513
0.0236,5.9883,0.0196,turn,0.0000,6.5200,0.0000,nan,nan
0.0779,1.5211,0.0346,combined,1.1886,7.4400,0.0640,-0.0380,0.0679
0.0248,10.4249,0.0624,turn,0.0000,7.0200,0.0000,nan,nan
0.0037,3.7827,0.0453,turn,0.0000,7.6600,0.0000,nan,nan
0.0558,10.8110,0.0144,combined,1.8713,5.1600,0.0464,0.0481,0.0284
0.0501,1.8749,0.0253,combined,1.5308,7.4600,0.0395,-0.0303,0.0399
0.0062,13.9670,0.0366,lateral,0.1656,6.0400,0.0004,-0.0013,0.0061
0.0420,5.5985,0.0690,turn,0.0000,7.5400,0.0000,nan,nan
0.0175,3.6379,0.0464,lateral,0.0186,5.0400,0.0100,-0.0062,0.0164
0.0475,4.9678,0.0314,combined,0.6252,7.0800,0.0034,0.0386,0.0277
0.0398,9.2650,0.0261,combined,0.5372,6.8200,0.0145,0.0304,0.0256
0.0227,7.8397,0.0288,combined,1.0406,7.3000,0.0163,0.0139,0.0180
0.0240,4.4881,0.0363,straight,1.3447,6.7000,0.0240,-0.0240,0.0011
0.0134,4.6878,0.0459,turn,0.0000,6.9000,0.0000,nan,nan
0.0282,10.8876,0.0372,combined,1.7118,7.6600,0.0202,0.0197,0.0202
0.0354,0.9001,0.0183,stand,0.0000,6.9400,0.0000,nan,nan
0.0108,10.1583,0.0328,combined,1.8018,7.9000,0.0005,-0.0089,0.0062
0.0421,7.6469,0.0428,combined,1.0787,6.8800,0.0129,0.0275,0.0319
0.0544,3.4951,0.0582,lateral,0.8871,5.9800,0.0515,-0.0544,0.0021
0.0084,14.2938,0.0148,turn,0.0000,6.7800,0.0000,nan,nan
0.0449,5.7167,0.0309,straight,1.9746,7.0600,0.0373,-0.0054,0.0446
0.0601,6.1361,0.0483,lateral,1.4943,6.3200,0.0592,-0.0581,0.0154
0.0827,5.5353,0.0506,straight,0.4778,7.6400,0.0549,0.0261,0.0785
0.0376,14.5405,0.0112,straight,0.1016,4.2400,0.0341,-0.0371,0.0056
0.0741,8.2023,0.0272,turn,0.0000,6.6800,0.0000,nan,nan
0.0412,12.8007,0.0323,combined,0.4864,5.3600,0.0406,-0.0404,0.0079
0.0668,13.1690,0.0616,straight,1.0700,4.2800,0.0602,-0.0589,0.0315
0.0674,11.1480,0.0564,combined,0.9527,6.6200,0.0563,-0.0320,0.0594
0.0395,15.3757,0.0312,straight,0.0325,6.2000,0.0010,-0.0056,0.0391
0.0459,5.7592,0.0180,straight,0.3303,5.3000,0.0454,-0.0430,0.0159
0.0443,6.5688,0.0198,combined,1.4503,7.2000,0.0308,-0.0282,0.0341
0.0569,8.8461,0.0242,combined,0.5942,6.9800,0.0484,-0.0195,0.0535
0.0509,11.7851,0.0561,turn,0.0000,6.1400,0.0000,nan,nan
0.0357,4.4056,0.0242,lateral,0.9375,7.4200,0.0183,-0.0047,0.0353
0.0055,1.8720,0.0268,stand,0.0000,7.3600,0.0000,nan,nan
0.0322,5.6954,0.0175,combined,0.5232,7.7200,0.0040,-0.0127,0.0296
0.0340,5.5163,0.0441,combined,1.7217,7.8600,0.0257,-0.0258,0.0221
0.0391,8.7528,0.0269,lateral,0.6602,4.2600,0.0317,-0.0143,0.0364
0.0240,9.9650,0.0198,straight,0.2944,7.4800,0.0240,0.0063,0.0232
0.0362,2.6201,0.0375,straight,1.0485,6.3000,0.0319,0.0161,0.0324
0.0449,9.1194,0.0381,turn,0.0000,7.3400,0.0000,nan,nan
0.0144,7.3872,0.0252,straight,1.4410,7.8400,0.0044,0.0118,0.0084
0.0147,0.6518,0.0208,lateral,0.2913,7.0200,0.0135,-0.0132,0.0065
0.0123,10.9764,0.0417,straight,0.7858,7.5600,0.0068,0.0092,0.0081
0.0664,7.9574,0.0288,turn,0.0000,5.9600,0.0000,nan,nan
0.0238,0.5006,0.0341,lateral,1.4994,7.2800,0.0109,0.0224,0.0082
0.0244,3.1525,0.0248,stand,0.0000,7.9200,0.0000,nan,nan
0.0264,6.1373,0.0178,lateral,0.7725,7.6200,0.0124,0.0263,0.0018
0.0395,10.0390,0.0635,lateral,0.9602,7.0600,0.0034,0.0355,0.0172
0.0474,8.5148,0.0338,combined,0.6782,4.0400,0.0406,-0.0348,0.0321
0.0433,14.5756,0.0806,combined,1.5689,7.9600,0.0036,-0.0391,0.0186
0.0541,4.5282,0.0606,turn,0.0000,7.3400,0.0000,nan,nan
0.0217,4.4728,0.0068,combined,1.4140,5.8400,0.0017,-0.0201,0.0081
0.0153,11.8146,0.0121,lateral,0.7378,4.1800,0.0113,-0.0013,0.0153
0.0390,4.9299,0.0398,combined,0.8459,4.3000,0.0346,-0.0259,0.0292
0.0476,8.2346,0.0871,straight,1.3310,7.3000,0.0173,0.0385,0.0280
0.0469,4.5909,0.0368,lateral,0.5747,6.1400,0.0416,-0.0141,0.0447
0.0140,3.6580,0.1119,combined,0.9229,4.7600,0.0140,0.0088,0.0109
0.0913,8.3725,0.0129,combined,0.5983,7.5800,0.0836,-0.0659,0.0632
0.0529,11.8996,0.0310,combined,1.4653,7.2400,0.0268,-0.0391,0.0357
0.0412,1.5891,0.0150,lateral,0.8400,7.1200,0.0168,-0.0403,0.0085
0.0276,4.2613,0.0396,lateral,1.0652,4.4200,0.0261,-0.0183,0.0207
0.0713,0.0582,0.0644,straight,1.0120,7.1000,0.0503,-0.0416,0.0579
0.0441,7.9160,0.0271,combined,1.9907,7.7200,0.0062,0.0441,0.0019
0.0690,0.8464,0.0527,lateral,1.3433,7.9000,0.0645,-0.0044,0.0688
0.0273,8.0289,0.0334,straight,1.3801,7.2800,0.0186,-0.0004,0.0273
0.0483,1.7968,0.0255,combined,1.1430,7.1400,0.0147,0.0308,0.0372
0.0567,8.1819,0.0449,lateral,1.3520,6.3600,0.0542,0.0354,0.0443
0.0826,13.0495,0.0429,turn,0.0000,5.9200,0.0000,nan,nan
0.0518,11.7867,0.0677,turn,0.0000,4.7000,0.0000,nan,nan
0.0419,10.1347,0.0651,combined,1.5701,6.3400,0.0302,0.0128,0.0399
0.0291,7.0270,0.0453,combined,1.8003,7.7400,0.0291,-0.0162,0.0241
0.0384,3.1140,0.0348,straight,0.5144,7.7400,0.0337,-0.0146,0.0355
0.0526,7.4005,0.0375,straight,0.9521,4.2400,0.0526,-0.0523,0.0052
0.0572,7.9146,0.0197,turn,0.0000,5.8800,0.0000,nan,nan
0.0623,8.6988,0.0473,combined,1.2106,5.6000,0.0134,0.0559,0.0276
0.0322,10.8202,0.0258,combined,2.1526,4.4600,0.0322,-0.0321,0.0024
0.0462,4.4075,0.0290,stand,0.0000,6.7800,0.0000,nan,nan
0.0466,6.8106,0.0368,straight,1.0555,7.2200,0.0366,0.0005,0.0466
0.0414,5.8053,0.0228,combined,1.8093,7.5600,0.0185,0.0203,0.0361
0.0278,8.1257,0.0521,turn,0.0000,4.3000,0.0000,nan,nan
0.0662,0.6525,0.0997,lateral,0.7143,7.4000,0.0487,0.0338,0.0568
0.0753,13.9257,0.0232,lateral,0.5268,7.7400,0.0637,-0.0113,0.0744
0.0682,3.8280,0.0550,straight,0.6991,5.9000,0.0623,-0.0326,0.0599
0.0446,4.8512,0.0612,stand,0.0000,4.6400,0.0000,nan,nan
0.0173,2.2509,0.0672,combined,0.6389,5.9800,0.0165,-0.0075,0.0155
0.0280,11.1136,0.0141,lateral,1.2235,4.4200,0.0253,0.0127,0.0249
0.0632,4.3472,0.0248,turn,0.0000,6.5000,0.0000,nan,nan
0.0659,3.7717,0.0314,turn,0.0000,4.7800,0.0000,nan,nan
0.0159,10.3420,0.0229,turn,0.0000,6.5400,0.0000,nan,nan
0.0737,9.0701,0.0382,combined,1.0040,4.2800,0.0728,-0.0642,0.0362
0.0318,5.2490,0.0356,turn,0.0000,4.2200,0.0000,nan,nan
0.0525,9.5949,0.0163,lateral,1.4994,4.8200,0.0347,0.0229,0.0473
0.0396,8.0324,0.0392,lateral,0.4598,7.5600,0.0092,0.0391,0.0063
0.0533,13.0253,0.0317,lateral,0.5418,5.8200,0.0334,0.0392,0.0361
0.0453,6.9718,0.0379,combined,1.8040,4.1800,0.0453,-0.0435,0.0127
0.0271,8.5898,0.0637,straight,1.2653,4.2800,0.0271,-0.0270,0.0032
0.0101,4.7142,0.0217,combined,0.8996,4.0400,0.0082,-0.0038,0.0093
0.0650,11.5733,0.0190,turn,0.0000,5.7600,0.0000,nan,nan
0.0151,8.9081,0.0619,turn,0.0000,6.8800,0.0000,nan,nan
0.0298,5.7298,0.0091,lateral,1.4596,7.7200,0.0203,-0.0066,0.0291
0.0348,6.5959,0.0412,combined,1.0413,4.2800,0.0305,0.0187,0.0293
0.0607,0.2623,0.0134,stand,0.0000,5.9200,0.0000,nan,nan
0.0280,6.0720,0.0283,lateral,1.4650,6.0600,0.0040,0.0146,0.0238
0.0569,2.0804,0.0770,turn,0.0000,6.5600,0.0000,nan,nan
0.0459,9.6974,0.0600,lateral,0.4383,7.4000,0.0346,0.0281,0.0364
0.0481,2.1940,0.0313,straight,0.1044,6.9200,0.0320,-0.0271,0.0397
0.0348,3.0767,0.0279,lateral,0.2505,6.5400,0.0105,0.0347,0.0020
0.0450,4.6650,0.0382,lateral,0.6766,5.9800,0.0387,-0.0435,0.0115
0.0707,8.5343,0.0623,straight,0.5987,4.3400,0.0624,-0.0549,0.0446
0.0297,2.2386,0.0271,turn,0.0000,5.2200,0.0000,nan,nan
0.0243,7.2260,0.0214,combined,2.0299,7.0400,0.0133,0.0214,0.0114
0.0323,10.9251,0.0154,lateral,0.5594,5.9400,0.0097,0.0304,0.0111
0.0637,4.5776,0.0586,lateral,0.1662,5.4800,0.0200,0.0549,0.0324
0.0141,13.0659,0.0225,turn,0.0000,4.2400,0.0000,nan,nan
0.0223,2.1007,0.0116,stand,0.0000,4.6200,0.0000,nan,nan
0.0635,1.7540,0.0127,lateral,0.3801,4.9600,0.0055,0.0610,0.0176
0.0255,9.4588,0.0731,lateral,0.4394,6.3400,0.0183,0.0091,0.0239
0.0400,6.1900,0.0161,turn,0.0000,4.2600,0.0000,nan,nan
0.0593,5.9732,0.0189,combined,1.4298,5.2200,0.0514,-0.0228,0.0548
0.0397,8.6512,0.0499,straight,1.2453,4.5400,0.0285,-0.0065,0.0392
0.0624,1.5341,0.0324,combined,1.3427,6.5000,0.0585,-0.0622,0.0043
0.0429,11.4578,0.0584,combined,1.5781,7.4000,0.0284,0.0108,0.0415
0.0305,5.2125,0.0258,turn,0.0000,5.4800,0.0000,nan,nan
0.0167,1.1737,0.0285,stand,0.0000,5.8800,0.0000,nan,nan
0.0218,8.3048,0.0130,turn,0.0000,6.6400,0.0000,nan,nan
0.0077,10.1450,0.0426,turn,0.0000,6.4800,0.0000,nan,nan
0.0333,1.3282,0.0314,lateral,1.2370,6.7200,0.0126,0.0333,0.0009
0.0395,1.0201,0.0255,stand,0.0000,5.8600,0.0000,nan,nan
0.0307,7.2985,0.0649,straight,1.0838,4.8400,0.0304,-0.0062,0.0301
0.0272,8.1951,0.0677,turn,0.0000,4.2600,0.0000,nan,nan
0.0634,11.3020,0.0682,straight,1.7644,5.3600,0.0548,0.0286,0.0566
0.0377,4.8221,0.0259,turn,0.0000,4.8800,0.0000,nan,nan
0.0312,4.5675,0.0187,turn,0.0000,4.1000,0.0000,nan,nan
0.0540,6.3963,0.0361,combined,1.7320,6.6600,0.0466,-0.0195,0.0504
0.0438,11.3692,0.0362,straight,1.7181,5.0000,0.0438,-0.0424,0.0110
0.0321,8.0914,0.0198,lateral,0.2414,5.5800,0.0057,-0.0310,0.0080
0.0451,9.2163,0.0428,combined,1.5448,4.5400,0.0311,-0.0058,0.0447
0.0485,1.7130,0.0265,stand,0.0000,4.4000,0.0000,nan,nan
0.0624,2.9917,0.0396,straight,0.9445,5.9200,0.0459,0.0351,0.0516
0.0071,2.8713,0.0482,combined,0.8421,4.1400,0.0049,0.0024,0.0067
0.0667,7.7073,0.0248,turn,0.0000,6.8000,0.0000,nan,nan
0.0265,3.5598,0.0587,combined,1.1534,6.6400,0.0234,-0.0111,0.0240
0.0380,9.4306,0.0288,combined,1.9013,7.6200,0.0310,-0.0325,0.0198
0.0452,12.5775,0.0477,combined,2.1508,5.8200,0.0005,0.0382,0.0241
0.0622,1.6257,0.0095,stand,0.0000,6.8600,0.0000,nan,nan
0.0449,12.3272,0.0254,straight,1.2944,4.4800,0.0431,-0.0362,0.0266
0.0816,7.0164,0.0518,stand,0.0000,5.1400,0.0000,nan,nan
0.0583,8.5682,0.0374,lateral,1.0000,7.4200,0.0240,0.0580,0.0063
0.0343,7.0269,0.0384,lateral,1.2187,7.2800,0.0259,-0.0058,0.0338
0.0365,4.3922,0.0592,turn,0.0000,6.8800,0.0000,nan,nan
0.0207,3.3483,0.0334,combined,2.0343,7.2800,0.0153,-0.0205,0.0029
0.0155,4.0260,0.0344,turn,0.0000,4.9600,0.0000,nan,nan
0.0099,0.5051,0.0265,stand,0.0000,4.9000,0.0000,nan,nan
0.0314,6.4940,0.0600,combined,1.7591,5.9800,0.0242,0.0217,0.0227
0.0480,8.2181,0.0506,combined,1.1474,7.5200,0.0312,-0.0012,0.0480
0.0320,10.5677,0.0373,lateral,1.1148,6.3000,0.0135,-0.0225,0.0227
0.0509,7.8919,0.0383,straight,0.1580,4.5200,0.0444,-0.0254,0.0441
0.0270,11.4172,0.0194,straight,0.6815,5.2400,0.0060,0.0212,0.0168
0.0226,8.3361,0.0386,straight,0.6212,6.8400,0.0217,-0.0171,0.0148
0.0405,5.9319,0.0232,straight,1.2085,4.4400,0.0015,0.0310,0.0261
0.0300,8.8721,0.0345,lateral,0.2804,6.0600,0.0289,-0.0047,0.0296
0.0267,10.8134,0.0149,turn,0.0000,6.7600,0.0000,nan,nan
0.0496,8.9083,0.0877,turn,0.0000,5.1800,0.0000,nan,nan
0.0599,0.0878,0.0227,lateral,0.1752,4.7400,0.0452,-0.0534,0.0270
0.0394,6.0115,0.0623,combined,1.6130,5.7800,0.0169,0.0333,0.0210
0.0306,6.3988,0.0069,turn,0.0000,5.6400,0.0000,nan,nan
0.0146,5.2245,0.0206,straight,0.6273,4.6600,0.0087,0.0030,0.0143
0.0214,10.0313,0.0210,turn,0.0000,5.5400,0.0000,nan,nan
0.0658,6.2325,0.0143,combined,1.4826,4.2200,0.0658,-0.0584,0.0304
0.0338,2.7473,0.0220,combined,1.0451,6.2200,0.0305,-0.0237,0.0242
0.0473,7.1868,0.0319,straight,1.9443,6.9200,0.0363,-0.0395,0.0260
0.0589,4.6175,0.0603,turn,0.0000,5.8000,0.0000,nan,nan
0.0250,4.5692,0.0211,lateral,0.9362,5.9800,0.0250,-0.0103,0.0228
0.0147,5.4675,0.0204,lateral,0.5493,5.5400,0.0142,0.0094,0.0113
0.0368,3.9943,0.0384,straight,1.1099,7.5000,0.0091,-0.0031,0.0367
0.0223,2.7920,0.0554,lateral,0.8281,6.2400,0.0128,0.0214,0.0062
0.0628,6.1783,0.0253,combined,1.9006,7.2600,0.0354,0.0601,0.0181
0.0362,7.8656,0.0064,combined,1.4736,4.2200,0.0338,-0.0354,0.0075
0.0297,11.0114,0.0389,lateral,0.2380,4.6600,0.0116,0.0044,0.0294
0.0510,6.2498,0.0400,combined,1.1792,5.8400,0.0226,0.0500,0.0100
0.0589,9.7140,0.0171,combined,0.5371,6.2600,0.0429,-0.0577,0.0123
0.0546,12.1878,0.0633,combined,1.7582,7.4000,0.0332,0.0035,0.0545
0.0105,12.4769,0.0242,combined,0.4162,4.3200,0.0069,0.0081,0.0066
0.0569,9.7642,0.0282,straight,1.4229,5.8000,0.0467,-0.0556,0.0122
0.0161,10.0462,0.0426,combined,1.2643,7.5600,0.0105,-0.0154,0.0048
0.0227,7.1718,0.0542,lateral,0.4423,6.7000,0.0211,-0.0197,0.0113
0.0196,6.7314,0.0610,combined,1.2309,4.6400,0.0194,-0.0095,0.0171
0.0206,5.4523,0.0574,straight,0.8985,4.8200,0.0206,-0.0197,0.0058
0.0429,7.8412,0.0936,turn,0.0000,6.5200,0.0000,nan,nan
0.0406,4.2089,0.0170,combined,1.1665,4.0800,0.0402,-0.0401,0.0066
0.0084,1.9843,0.0154,lateral,0.1607,6.7400,0.0003,0.0082,0.0016
0.0558,12.4241,0.0212,straight,1.2974,6.6800,0.0533,-0.0173,0.0531
0.0365,11.7971,0.0316,lateral,0.7406,7.8800,0.0208,-0.0150,0.0332
0.0212,7.3506,0.0226,straight,1.4666,5.1000,0.0121,0.0162,0.0137
0.0810,8.3192,0.0226,lateral,0.9689,5.9400,0.0351,0.0615,0.0527
0.0145,10.1611,0.0219,turn,0.0000,7.3600,0.0000,nan,nan
0.0508,11.2719,0.0223,turn,0.0000,7.9600,0.0000,nan,nan
0.0597,3.0551,0.0523,turn,0.0000,6.2400,0.0000,nan,nan
0.0221,5.2176,0.0046,combined,1.0047,6.6800,0.0150,-0.0220,0.0015
0.0501,5.0286,0.0243,combined,0.3491,6.6200,0.0220,0.0009,0.0501
0.0360,8.5100,0.0553,turn,0.0000,6.4600,0.0000,nan,nan
0.0480,0.7855,0.0026,stand,0.0000,7.8600,0.0000,nan,nan
0.0557,8.3380,0.0262,lateral,0.6679,4.8800,0.0412,-0.0544,0.0123
0.0583,1.5129,0.0377,turn,0.0000,5.5200,0.0000,nan,nan
0.0201,13.3913,0.0280,combined,0.4947,4.3800,0.0201,-0.0144,0.0140
0.0467,6.5050,0.0201,turn,0.0000,5.9800,0.0000,nan,nan
0.0417,9.4137,0.0281,combined,1.6341,5.6800,0.0301,-0.0414,0.0049
0.0179,9.5396,0.0772,straight,1.7353,5.0400,0.0146,-0.0043,0.0173
0.0345,1.3681,0.0392,lateral,0.5370,4.4400,0.0345,-0.0295,0.0178
0.0329,3.8254,0.0805,combined,1.4347,6.4200,0.0229,-0.0163,0.0286
0.0811,10.5766,0.0647,lateral,1.4550,4.1600,0.0757,-0.0777,0.0232
0.0267,7.3054,0.0261,combined,1.1974,5.8200,0.0146,-0.0076,0.0257
0.0432,15.7242,0.0121,straight,0.5055,4.7000,0.0390,-0.0087,0.0423
0.0259,6.7248,0.0297,straight,0.7786,4.3800,0.0241,-0.0016,0.0258
0.0484,11.9476,0.0498,straight,1.3550,7.6800,0.0217,0.0319,0.0363
0.0611,5.0795,0.0377,combined,2.1444,7.6800,0.0095,0.0607,0.0068
0.0155,7.1404,0.0318,lateral,0.1619,4.9200,0.0120,-0.0015,0.0154
0.0580,10.3379,0.0359,straight,1.0158,7.8800,0.0313,-0.0573,0.0087
0.0550,0.2032,0.0260,straight,0.5882,6.0200,0.0491,-0.0261,0.0485
0.0301,2.4646,0.0273,stand,0.0000,6.6000,0.0000,nan,nan
0.0568,7.4196,0.0919,combined,1.6850,7.2000,0.0427,0.0101,0.0559
0.1555,3.9232,0.0242,stand,0.0000,4.4000,0.0000,nan,nan
0.0349,2.3350,0.0061,stand,0.0000,5.9000,0.0000,nan,nan
0.0342,0.1812,0.0117,stand,0.0000,7.4200,0.0000,nan,nan
0.0262,11.8825,0.0498,combined,1.1869,6.4200,0.0221,0.0089,0.0246
0.0300,8.9675,0.0159,straight,1.5982,5.6400,0.0095,0.0289,0.0078
0.0723,9.0678,0.0499,straight,0.8261,4.0200,0.0116,0.0721,0.0047
0.0369,9.6152,0.0206,combined,0.2693,7.2000,0.0188,0.0349,0.0121
0.0173,3.8372,0.0181,stand,0.0000,4.2400,0.0000,nan,nan
0.0340,0.2567,0.0082,stand,0.0000,5.3200,0.0000,nan,nan
0.0293,4.7891,0.0105,stand,0.0000,4.3800,0.0000,nan,nan
0.0140,5.4062,0.0536,combined,1.1974,7.5000,0.0090,-0.0096,0.0103
0.0645,12.2138,0.0630,combined,1.2096,7.7400,0.0553,-0.0519,0.0383
0.0315,1.9858,0.0367,stand,0.0000,4.5600,0.0000,nan,nan
0.0651,6.0640,0.0149,lateral,0.3455,5.3400,0.0573,-0.0541,0.0363
0.0662,9.4367,0.0560,turn,0.0000,5.1600,0.0000,nan,nan
0.0556,8.8535,0.0234,lateral,1.3309,4.2600,0.0556,-0.0553,0.0061
0.0296,7.3417,0.0234,lateral,1.1923,4.2200,0.0224,0.0294,0.0035
0.0251,8.5599,0.0334,lateral,0.5425,5.1400,0.0099,-0.0250,0.0021
0.0284,0.1276,0.0248,straight,0.9414,7.4200,0.0214,-0.0284,0.0006
0.0349,0.5234,0.0647,straight,0.7205,7.4600,0.0233,0.0053,0.0345
0.0202,1.0840,0.0215,stand,0.0000,6.8600,0.0000,nan,nan
0.0462,4.4225,0.0074,straight,1.0148,7.3200,0.0194,0.0347,0.0305
0.0472,7.0339,0.0583,straight,0.2202,6.0800,0.0327,-0.0441,0.0168
0.0536,13.5889,0.0155,turn,0.0000,6.6400,0.0000,nan,nan
0.0106,4.2657,0.0160,turn,0.0000,5.0600,0.0000,nan,nan
0.0395,0.3584,0.0153,stand,0.0000,4.9600,0.0000,nan,nan
0.0073,10.8539,0.0154,turn,0.0000,4.1600,0.0000,nan,nan
0.0269,6.4390,0.0137,lateral,0.1059,7.3000,0.0128,-0.0233,0.0134
0.0308,13.6249,0.0202,lateral,0.9086,5.6600,0.0301,-0.0227,0.0208
0.0521,6.8215,0.0325,combined,0.2138,7.5800,0.0159,0.0517,0.0066
0.0433,5.3230,0.0175,straight,0.3390,7.5000,0.0282,0.0170,0.0399
0.0506,8.6464,0.0249,lateral,0.8336,6.9600,0.0316,-0.0316,0.0395
0.0699,13.6905,0.0198,straight,0.7666,6.2400,0.0305,0.0068,0.0696
0.0775,10.3577,0.0352,lateral,0.7869,4.3000,0.0230,0.0767,0.0109
0.0139,7.7340,0.0207,combined,1.3314,7.9000,0.0073,0.0118,0.0074
0.0351,3.7556,0.0238,lateral,0.0674,6.4000,0.0299,-0.0286,0.0203
0.0666,0.4785,0.0211,combined,1.1098,7.0800,0.0664,0.0513,0.0425
0.0459,12.0601,0.0603,combined,1.7653,6.7400,0.0412,-0.0456,0.0048
0.0064,10.6469,0.0324,lateral,0.0858,5.9400,0.0061,0.0011,0.0063
0.0183,9.3714,0.0677,straight,1.3367,6.7800,0.0091,-0.0148,0.0107
0.0407,3.4960,0.0616,combined,1.1376,6.1200,0.0329,0.0148,0.0379
0.0400,10.7046,0.0353,lateral,1.0130,6.1000,0.0257,-0.0374,0.0143
0.0364,5.9874,0.0168,turn,0.0000,4.2400,0.0000,nan,nan
0.0711,8.8963,0.0258,combined,0.8256,6.7600,0.0581,-0.0635,0.0321
0.0072,5.0417,0.0167,lateral,0.1185,6.1600,0.0060,-0.0051,0.0051
0.0249,3.5577,0.0453,turn,0.0000,6.9200,0.0000,nan,nan
0.0503,8.3263,0.0480,combined,1.2767,5.6200,0.0404,0.0141,0.0483
0.0405,8.2071,0.0584,lateral,0.7218,4.4800,0.0326,-0.0081,0.0397
0.0160,4.2630,0.0098,lateral,0.3806,7.8200,0.0100,-0.0141,0.0076
0.0321,12.9711,0.0504,lateral,0.4578,7.5200,0.0318,-0.0312,0.0073
0.0037,3.8280,0.0238,stand,0.0000,7.2600,0.0000,nan,nan
0.0659,4.7583,0.0584,lateral,0.9353,7.9800,0.0526,0.0405,0.0520
0.0103,4.5426,0.0249,straight,1.1567,7.9200,0.0013,-0.0031,0.0099
0.0382,7.3895,0.0468,straight,1.5309,7.3600,0.0064,0.0275,0.0265
0.0765,9.7397,0.0032,lateral,0.1953,7.0800,0.0566,-0.0539,0.0542
0.0747,5.6975,0.0669,lateral,1.0235,4.2200,0.0747,-0.0692,0.0280
0.0213,12.2258,0.0214,combined,2.0434,6.3400,0.0172,-0.0139,0.0162
0.0610,1.4834,0.0419,combined,1.1921,5.1400,0.0571,-0.0105,0.0600
0.0543,6.2768,0.0191,combined,2.0503,7.8000,0.0455,-0.0246,0.0485
0.0608,7.0816,0.0342,turn,0.0000,4.6800,0.0000,nan,nan
0.0150,3.0525,0.0306,stand,0.0000,7.0800,0.0000,nan,nan
0.0117,8.8965,0.0668,combined,1.7627,5.6200,0.0017,0.0097,0.0066
0.0107,7.9854,0.0153,combined,0.8985,6.6200,0.0008,-0.0008,0.0107
0.0814,13.7031,0.0223,turn,0.0000,4.6400,0.0000,nan,nan
0.0171,9.2525,0.0708,straight,0.5800,6.8600,0.0056,-0.0104,0.0136
0.0348,7.8715,0.0775,lateral,1.2040,7.0200,0.0270,-0.0302,0.0174
0.0365,15.2807,0.0071,combined,2.1158,7.4000,0.0365,-0.0360,0.0061
0.0565,10.7724,0.0342,lateral,0.4500,5.5600,0.0379,-0.0135,0.0548
0.0330,4.6376,0.0297,lateral,0.5522,5.9600,0.0197,0.0240,0.0226
0.0290,4.8243,0.0092,stand,0.0000,7.1800,0.0000,nan,nan
0.0445,11.0405,0.0704,straight,1.8308,6.7400,0.0361,0.0165,0.0413
0.0819,6.9890,0.0053,straight,0.1183,6.9200,0.0559,-0.0036,0.0819
0.0407,5.7642,0.0546,combined,1.2636,6.4400,0.0407,-0.0364,0.0182
0.0300,6.5659,0.0597,turn,0.0000,7.5400,0.0000,nan,nan
0.0259,6.7166,0.0250,straight,1.1817,7.2000,0.0171,-0.0124,0.0228
0.0229,2.5995,0.0331,straight,0.2029,6.4600,0.0177,0.0141,0.0181
0.0608,4.5118,0.0478,combined,0.8912,7.8000,0.0488,-0.0606,0.0048
0.0202,10.7083,0.0166,straight,1.8842,6.1800,0.0179,-0.0201,0.0014
0.0352,12.6702,0.0345,turn,0.0000,6.3400,0.0000,nan,nan
0.0190,7.4567,0.0388,combined,1.9360,6.1000,0.0165,0.0099,0.0161
0.0483,0.9630,0.0203,stand,0.0000,5.1000,0.0000,nan,nan
0.0152,9.2429,0.0686,lateral,0.9130,4.4200,0.0086,0.0114,0.0100
0.0208,3.4815,0.0280,turn,0.0000,4.4400,0.0000,nan,nan
0.0633,8.9685,0.0062,straight,1.5974,6.7200,0.0633,-0.0497,0.0392
0.0683,12.1967,0.0433,lateral,1.1634,5.6200,0.0671,0.0149,0.0666
0.0341,10.4550,0.0667,lateral,0.8279,5.0000,0.0334,-0.0203,0.0273
0.0555,14.9271,0.0323,lateral,1.0451,7.4000,0.0523,-0.0492,0.0256
0.0279,8.9313,0.0397,turn,0.0000,7.9800,0.0000,nan,nan
0.0373,9.5732,0.0303,combined,1.3441,6.2400,0.0113,0.0355,0.0116
0.0292,8.8139,0.0531,combined,2.3567,6.9000,0.0260,0.0036,0.0290
0.0274,2.7293,0.0172,straight,1.8038,7.8600,0.0119,-0.0099,0.0256
0.0196,7.5910,0.0133,combined,0.5492,5.6200,0.0091,0.0185,0.0065
0.0209,12.3232,0.0302,combined,1.5183,7.6800,0.0053,0.0117,0.0173
0.0159,10.6258,0.0722,combined,0.9795,7.8000,0.0033,0.0014,0.0158
0.0449,6.4346,0.0485,combined,1.1712,4.2000,0.0413,-0.0068,0.0444
0.0179,4.7109,0.0615,turn,0.0000,4.8200,0.0000,nan,nan
0.0284,0.4678,0.0218,stand,0.0000,7.4400,0.0000,nan,nan
0.0277,3.6515,0.0198,lateral,1.2072,6.7600,0.0108,-0.0273,0.0044
0.0099,12.5670,0.0394,combined,1.4765,4.8400,0.0099,-0.0055,0.0083
0.0250,8.4583,0.0513,combined,0.5743,5.5400,0.0250,0.0131,0.0213
0.0441,5.6926,0.0302,turn,0.0000,6.7600,0.0000,nan,nan
0.0472,5.9018,0.0317,combined,1.3459,7.2200,0.0472,-0.0448,0.0149
0.0774,5.2195,0.0458,combined,1.4745,7.2400,0.0527,-0.0772,0.0050
0.0382,7.3664,0.0356,combined,1.8761,4.5200,0.0370,0.0303,0.0233
0.0727,3.0844,0.0369,stand,0.0000,4.1400,0.0000,nan,nan
0.0473,9.4546,0.0382,combined,2.2582,7.5800,0.0075,0.0469,0.0058
0.0370,5.9615,0.0487,combined,1.1873,7.6800,0.0347,0.0233,0.0287
0.0300,5.4139,0.0375,lateral,0.2038,5.3600,0.0170,0.0123,0.0274
0.0435,5.7704,0.0382,straight,1.3653,7.9000,0.0363,-0.0349,0.0260
0.0420,12.0488,0.0287,combined,1.4815,7.4800,0.0420,-0.0228,0.0353
0.0306,2.5396,0.0175,combined,0.9774,4.7000,0.0274,-0.0237,0.0194
0.0491,4.8756,0.0260,combined,1.9721,4.5200,0.0420,0.0036,0.0490
0.0451,2.9061,0.0318,lateral,1.4467,5.4600,0.0403,0.0388,0.0230
0.0427,7.3806,0.0324,straight,0.8130,4.7000,0.0128,0.0421,0.0072
0.0184,8.8910,0.0118,turn,0.0000,5.3000,0.0000,nan,nan
0.0421,8.0630,0.0160,lateral,0.5721,7.8800,0.0383,-0.0194,0.0373
0.0145,10.9996,0.0306,turn,0.0000,7.8200,0.0000,nan,nan
0.0657,4.6696,0.0599,straight,0.8450,4.6600,0.0562,0.0385,0.0532
0.0584,1.8457,0.0397,combined,2.0174,5.4800,0.0584,-0.0515,0.0276
0.0381,10.2023,0.0883,turn,0.0000,6.7200,0.0000,nan,nan
0.0671,10.4579,0.0427,straight,1.3999,5.1200,0.0589,0.0605,0.0288
0.0632,10.1337,0.0284,turn,0.0000,7.7000,0.0000,nan,nan
0.0685,0.7813,0.0134,straight,1.1687,7.9200,0.0480,-0.0213,0.0651
0.0273,11.4759,0.0196,straight,0.1173,6.5200,0.0214,-0.0254,0.0100
0.0344,10.7043,0.0370,combined,0.5376,6.5000,0.0301,-0.0043,0.0342
0.0094,5.4766,0.0561,stand,0.0000,5.8600,0.0000,nan,nan
0.0352,10.9096,0.0344,combined,1.9717,5.2200,0.0324,-0.0129,0.0327
0.0393,3.3488,0.0419,straight,0.2936,6.6000,0.0335,-0.0078,0.0386
0.0708,8.4245,0.0871,lateral,1.0230,6.1200,0.0560,-0.0381,0.0597
0.0320,8.2249,0.0288,lateral,1.3918,4.6200,0.0320,-0.0320,0.0012
0.0774,5.3554,0.0724,combined,2.0953,4.2600,0.0774,-0.0493,0.0596
0.0455,2.3529,0.0102,lateral,1.1613,5.0800,0.0247,0.0236,0.0389
0.0172,4.3718,0.0071,straight,1.4105,7.4400,0.0025,-0.0030,0.0169
0.0420,9.8974,0.0310,combined,1.1369,6.7200,0.0212,-0.0388,0.0162
0.0524,2.0559,0.0469,stand,0.0000,6.6200,0.0000,nan,nan
0.0128,6.1336,0.0289,straight,0.4711,5.5000,0.0128,0.0038,0.0122
0.0574,2.7203,0.0675,combined,1.7370,6.5400,0.0553,0.0193,0.0541
0.0642,5.8990,0.0273,turn,0.0000,4.3600,0.0000,nan,nan
0.0693,4.4595,0.0242,combined,1.4545,6.4400,0.0235,0.0693,0.0029
0.0525,14.6803,0.0581,turn,0.0000,6.9600,0.0000,nan,nan
0.0091,0.9400,0.0104,stand,0.0000,4.6600,0.0000,nan,nan
0.0312,7.3108,0.0570,lateral,0.0935,4.9400,0.0181,0.0287,0.0124
0.0602,9.0630,0.0387,straight,0.7595,6.0600,0.0501,-0.0254,0.0546
0.0194,8.1029,0.0354,straight,0.1444,5.4200,0.0135,0.0099,0.0166
0.0266,1.5535,0.0251,stand,0.0000,7.2800,0.0000,nan,nan
0.0623,6.0702,0.0328,combined,1.2589,5.8400,0.0353,0.0231,0.0579
0.0735,8.1462,0.0185,combined,2.3422,5.1800,0.0692,-0.0472,0.0563
0.0151,7.3508,0.0292,straight,1.3555,6.2600,0.0128,-0.0148,0.0032
0.0479,9.0219,0.0509,turn,0.0000,7.8000,0.0000,nan,nan
0.0351,4.5049,0.0355,stand,0.0000,4.5400,0.0000,nan,nan
0.0229,9.3705,0.0261,combined,1.9261,5.5400,0.0126,0.0154,0.0169
0.0136,6.7367,0.0366,lateral,0.0774,4.4000,0.0086,-0.0132,0.0032
0.0455,2.7388,0.0161,stand,0.0000,5.8400,0.0000,nan,nan
0.0085,5.6470,0.0069,turn,0.0000,7.4200,0.0000,nan,nan
0.0282,8.4376,0.0363,combined,1.0035,6.1400,0.0161,0.0174,0.0222
0.0325,3.1856,0.0435,turn,0.0000,4.5000,0.0000,nan,nan
0.0185,10.3456,0.0327,lateral,1.0113,7.6200,0.0092,0.0082,0.0167
0.0716,9.2154,0.1154,lateral,0.2327,6.7000,0.0155,0.0548,0.0461
0.0439,13.2907,0.0188,straight,0.6599,5.4000,0.0271,-0.0259,0.0354
0.0155,5.0750,0.0793,lateral,0.2568,4.6400,0.0008,0.0087,0.0128
0.0544,0.8941,0.0386,straight,1.0936,6.2400,0.0304,0.0407,0.0361
0.0071,2.0233,0.0062,stand,0.0000,4.2400,0.0000,nan,nan
0.0466,1.8167,0.0302,straight,1.1979,6.9000,0.0204,-0.0008,0.0466
0.0151,7.4874,0.0181,lateral,0.5543,4.4800,0.0081,-0.0033,0.0147
0.0415,8.4774,0.0241,turn,0.0000,6.0800,0.0000,nan,nan
0.0588,8.4925,0.0346,combined,0.9259,4.3200,0.0578,-0.0297,0.0508
0.0322,7.0069,0.0271,turn,0.0000,4.4400,0.0000,nan,nan
0.0300,10.3422,0.0228,lateral,1.1813,6.8400,0.0178,0.0056,0.0295
0.0672,5.1884,0.0535,straight,1.3705,4.6800,0.0625,-0.0369,0.0561
0.0590,6.8082,0.0431,combined,1.0241,4.8800,0.0484,-0.0360,0.0468
0.0528,6.9658,0.0357,lateral,1.1358,5.1000,0.0465,-0.0481,0.0217
0.0924,10.1312,0.0323,lateral,0.2601,7.9200,0.0753,-0.0563,0.0733
0.0324,4.3883,0.0725,straight,0.0918,4.1200,0.0208,-0.0036,0.0322
0.0217,8.7354,0.0468,turn,0.0000,4.1000,0.0000,nan,nan
0.0617,1.8682,0.0680,turn,0.0000,4.3200,0.0000,nan,nan
0.0422,5.8457,0.0258,combined,1.0828,5.0000,0.0417,-0.0238,0.0349
0.0395,9.5216,0.0576,straight,1.1654,5.0200,0.0171,0.0394,0.0024
0.0562,10.2378,0.0597,combined,1.8147,7.0800,0.0425,-0.0406,0.0388
0.1659,4.4092,0.0584,combined,2.0136,4.1600,0.1659,-0.1493,0.0724
0.0531,10.4155,0.0112,straight,1.3832,5.1400,0.0531,-0.0501,0.0174
0.0387,4.1246,0.0706,combined,1.1322,6.6800,0.0273,-0.0352,0.0159
0.0350,11.6478,0.0255,straight,0.0328,4.1000,0.0014,0.0101,0.0335
0.0404,9.4016,0.0087,straight,1.0723,6.3000,0.0004,0.0377,0.0143
0.0540,8.9996,0.0088,lateral,0.1061,6.8200,0.0402,-0.0256,0.0475
0.0098,6.9205,0.0580,straight,0.9189,6.9000,0.0005,-0.0022,0.0095
0.0508,2.4255,0.0111,stand,0.0000,6.2000,0.0000,nan,nan
0.0096,4.0184,0.0184,stand,0.0000,7.8200,0.0000,nan,nan
0.0144,8.4429,0.0266,straight,1.1414,5.0000,0.0072,0.0109,0.0094
0.0344,10.4973,0.0334,straight,1.1662,6.0200,0.0328,-0.0340,0.0053
0.0636,2.0401,0.0615,turn,0.0000,4.9000,0.0000,nan,nan
0.0294,9.5432,0.0626,lateral,0.4110,6.8800,0.0118,0.0157,0.0249
0.0792,5.7277,0.0306,combined,1.7692,5.3200,0.0622,-0.0259,0.0749
0.0310,7.4779,0.0093,lateral,0.4192,4.7400,0.0013,0.0310,0.0014
0.0336,13.3655,0.0335,straight,1.1086,5.4400,0.0321,0.0050,0.0332
0.0568,10.3402,0.0197,straight,1.9880,7.1400,0.0520,-0.0534,0.0193
0.0107,5.0127,0.0224,combined,0.9027,7.6800,0.0007,-0.0010,0.0106
0.0533,14.3319,0.0361,straight,1.8581,7.5600,0.0445,-0.0444,0.0294
0.0612,11.1038,0.0137,straight,1.6725,5.0000,0.0529,-0.0518,0.0327
0.0377,8.1997,0.0258,lateral,1.4050,5.1400,0.0318,0.0090,0.0367
0.0173,6.1625,0.0161,lateral,0.0661,5.4800,0.0129,-0.0106,0.0138
0.0595,2.4462,0.0789,combined,1.1253,4.3800,0.0430,0.0380,0.0457
0.0380,7.2628,0.0337,combined,2.0964,5.6400,0.0308,-0.0221,0.0310
0.0711,9.8929,0.0218,combined,1.3623,4.1000,0.0711,-0.0255,0.0663
0.0125,10.5660,0.0196,combined,1.6321,5.1000,0.0094,-0.0022,0.0123
0.0380,12.6142,0.0248,lateral,0.2943,7.0200,0.0233,-0.0375,0.0059
0.0373,0.7900,0.0413,straight,1.3350,4.3000,0.0373,-0.0371,0.0037
0.0259,4.9533,0.0689,straight,0.1400,4.0200,0.0252,-0.0210,0.0151
0.0449,13.5472,0.0515,turn,0.0000,6.9800,0.0000,nan,nan
0.0160,1.2534,0.0175,stand,0.0000,6.9400,0.0000,nan,nan
0.0356,3.1256,0.0220,turn,0.0000,4.6400,0.0000,nan,nan
0.0638,0.5579,0.0071,stand,0.0000,4.0200,0.0000,nan,nan
0.0405,5.6119,0.0280,turn,0.0000,6.0400,0.0000,nan,nan
0.0943,9.1578,0.0747,lateral,0.2852,4.1400,0.0893,-0.0899,0.0285
0.0616,1.4153,0.0306,lateral,1.3936,5.9600,0.0484,-0.0222,0.0575
0.0330,12.0870,0.0567,combined,0.9725,7.7000,0.0116,-0.0295,0.0148
0.0450,3.3255,0.0249,lateral,0.4745,4.2800,0.0014,0.0444,0.0074
0.0517,10.4531,0.0232,turn,0.0000,6.9000,0.0000,nan,nan
0.0093,6.8067,0.0452,turn,0.0000,4.6800,0.0000,nan,nan
0.0072,9.6399,0.0180,combined,1.7884,5.3800,0.0072,-0.0071,0.0008
0.0568,7.3461,0.0366,combined,1.9543,5.8600,0.0568,-0.0559,0.0098
0.0399,0.0104,0.0354,straight,1.1468,7.7000,0.0348,-0.0291,0.0273
0.0137,8.4282,0.0229,straight,0.4480,6.9000,0.0124,0.0048,0.0129
0.0350,6.2681,0.0539,turn,0.0000,4.4800,0.0000,nan,nan
0.0467,1.6346,0.0249,stand,0.0000,4.9200,0.0000,nan,nan
0.0676,4.0238,0.0206,straight,0.2258,7.4200,0.0556,-0.0599,0.0314
0.0155,10.5908,0.0272,combined,1.6125,5.9200,0.0140,-0.0019,0.0154
0.0219,5.5733,0.0705,turn,0.0000,4.7000,0.0000,nan,nan
0.0271,12.7038,0.0276,turn,0.0000,6.8600,0.0000,nan,nan
0.0384,10.2289,0.0374,combined,1.8248,5.7000,0.0268,0.0044,0.0382
0.0221,4.8974,0.0674,lateral,1.3210,5.0000,0.0213,0.0011,0.0221
0.0188,7.0470,0.0551,combined,1.4761,5.2600,0.0110,-0.0100,0.0159
0.0272,5.0128,0.0608,combined,1.1327,6.4600,0.0157,-0.0272,0.0012
0.0158,12.8959,0.0128,combined,1.5561,4.8800,0.0104,0.0028,0.0156
0.0755,3.5642,0.0103,straight,0.1129,5.1800,0.0193,0.0732,0.0182
0.0415,10.5917,0.0343,combined,1.1741,6.4600,0.0268,-0.0292,0.0294
0.0504,3.0100,0.0605,straight,1.8198,4.1000,0.0465,0.0230,0.0449
0.0306,6.0577,0.0321,straight,1.8056,6.7000,0.0109,0.0301,0.0058
0.0261,1.8324,0.0134,stand,0.0000,4.6600,0.0000,nan,nan
0.0467,9.0386,0.0296,combined,1.5874,5.5400,0.0458,-0.0467,0.0011
0.0218,7.3595,0.0658,combined,0.7048,5.6800,0.0156,-0.0212,0.0048
0.0296,10.5821,0.0526,straight,0.4731,4.4400,0.0030,0.0294,0.0033
0.0266,10.7736,0.0280,straight,0.4859,4.5800,0.0255,0.0037,0.0263
0.0441,11.2013,0.0660,turn,0.0000,6.1200,0.0000,nan,nan
0.0032,9.4551,0.0658,lateral,1.3592,6.7200,0.0017,-0.0022,0.0023
0.0291,6.9386,0.0847,combined,0.1664,7.3600,0.0291,-0.0291,0.0000
0.0283,3.1041,0.0092,stand,0.0000,5.5000,0.0000,nan,nan
0.0491,0.2538,0.0638,stand,0.0000,4.0400,0.0000,nan,nan
0.0508,10.9130,0.0263,straight,0.0410,5.8200,0.0160,-0.0288,0.0418
0.0560,8.6334,0.0597,turn,0.0000,5.1200,0.0000,nan,nan
0.0498,10.1510,0.0556,turn,0.0000,5.8800,0.0000,nan,nan
0.0482,9.7576,0.0545,turn,0.0000,5.4800,0.0000,nan,nan
0.0306,8.6295,0.0442,combined,1.0375,4.2400,0.0025,0.0306,0.0021
0.0275,5.7499,0.0037,straight,0.5853,7.4400,0.0094,0.0248,0.0118
0.0434,9.8073,0.0122,combined,2.1889,5.4600,0.0313,0.0354,0.0251
0.0238,8.8142,0.0230,combined,2.0056,6.1600,0.0125,-0.0094,0.0219
0.0053,4.3133,0.0323,lateral,1.2302,6.9600,0.0016,0.0031,0.0043
0.0442,11.7614,0.0379,turn,0.0000,4.8600,0.0000,nan,nan
0.0185,9.7483,0.0658,combined,1.2497,6.9800,0.0185,0.0101,0.0154
0.0250,8.9420,0.0106,lateral,0.7213,4.5200,0.0028,0.0246,0.0042
0.0518,5.8380,0.0664,straight,1.0115,5.0800,0.0370,0.0063,0.0514
0.0572,5.5477,0.0548,turn,0.0000,7.8800,0.0000,nan,nan
0.0518,10.2243,0.0551,lateral,0.4890,7.2800,0.0178,0.0474,0.0209
0.0531,2.2400,0.0246,straight,0.7857,6.2800,0.0354,-0.0065,0.0527
0.0314,7.4656,0.0247,turn,0.0000,6.4400,0.0000,nan,nan
0.0400,7.5523,0.0099,combined,1.5015,7.5200,0.0196,0.0322,0.0238
0.0231,2.8249,0.0233,straight,1.9734,6.2200,0.0164,-0.0064,0.0222
0.0882,11.6343,0.0910,combined,1.3583,7.8200,0.0368,0.0246,0.0847
0.0441,4.1096,0.0237,turn,0.0000,5.4400,0.0000,nan,nan
0.0628,1.8570,0.0368,straight,0.1866,4.9400,0.0073,0.0458,0.0429
0.0297,1.2549,0.0392,stand,0.0000,4.6600,0.0000,nan,nan
0.0201,8.2147,0.0229,combined,1.3851,7.8800,0.0015,0.0201,0.0001
0.0102,6.3280,0.0792,straight,1.6163,5.2000,0.0009,0.0068,0.0077
0.0171,4.7818,0.0501,combined,1.3078,4.3000,0.0161,0.0084,0.0149
0.0224,4.8656,0.0296,lateral,1.2883,7.2200,0.0004,0.0223,0.0025
0.0457,4.7276,0.0380,combined,1.4055,6.8400,0.0339,-0.0411,0.0200
0.0379,2.9959,0.0351,lateral,1.3840,5.2200,0.0220,0.0335,0.0178
0.0196,14.5890,0.0366,turn,0.0000,6.9000,0.0000,nan,nan
0.0059,5.6533,0.0315,straight,1.9954,4.8000,0.0059,-0.0001,0.0058
0.0636,5.9248,0.0326,turn,0.0000,7.8000,0.0000,nan,nan
0.0095,6.3102,0.0469,combined,1.8150,7.1200,0.0095,0.0012,0.0095
0.0300,4.1609,0.0652,lateral,0.8331,6.6400,0.0009,0.0288,0.0084
0.0326,6.7861,0.0368,turn,0.0000,6.2400,0.0000,nan,nan
0.0420,0.1925,0.0359,stand,0.0000,7.8200,0.0000,nan,nan
0.0470,1.4599,0.0284,lateral,0.4168,5.4600,0.0412,-0.0401,0.0246
0.0547,7.8454,0.0366,turn,0.0000,7.2600,0.0000,nan,nan
0.0166,12.2949,0.0442,turn,0.0000,6.2600,0.0000,nan,nan
0.0960,5.6161,0.0779,turn,0.0000,4.7400,0.0000,nan,nan
0.0201,12.7971,0.0192,turn,0.0000,6.9600,0.0000,nan,nan
0.0545,7.6390,0.0663,combined,1.6980,6.9000,0.0412,-0.0442,0.0319
0.0320,13.3655,0.0312,combined,1.4274,7.0800,0.0284,0.0191,0.0257
0.0271,7.0792,0.0123,turn,0.0000,7.5200,0.0000,nan,nan
0.0506,1.6509,0.0125,stand,0.0000,5.0200,0.0000,nan,nan
0.0676,4.2549,0.0422,lateral,1.2505,5.8000,0.0540,-0.0655,0.0166
0.0730,6.7540,0.0159,lateral,0.8445,4.8400,0.0597,-0.0729,0.0038
0.0263,9.4056,0.0429,lateral,0.4582,7.6000,0.0073,-0.0076,0.0252
0.0408,12.3592,0.0247,lateral,1.4037,6.2600,0.0401,-0.0393,0.0109
0.0377,11.8967,0.0230,combined,0.4062,5.2800,0.0117,0.0301,0.0226
0.0529,7.9266,0.0465,combined,1.1267,7.1200,0.0525,-0.0529,0.0005
0.0570,6.9946,0.0387,turn,0.0000,7.0400,0.0000,nan,nan
0.0241,9.9259,0.0280,combined,1.5092,5.8800,0.0130,0.0125,0.0206
0.0180,1.5664,0.0305,stand,0.0000,6.9200,0.0000,nan,nan
0.0083,9.8893,0.0576,combined,1.8001,4.9200,0.0023,0.0077,0.0031
0.0279,6.0358,0.0201,lateral,0.5030,6.2200,0.0055,0.0276,0.0037
0.0215,7.7195,0.0230,lateral,1.0115,4.6600,0.0155,0.0063,0.0205
0.0658,7.7285,0.0069,lateral,0.1657,4.7400,0.0390,0.0259,0.0605
0.0676,2.9845,0.0430,turn,0.0000,4.1600,0.0000,nan,nan
0.0313,6.8936,0.0549,combined,2.0385,4.8600,0.0287,-0.0066,0.0306
0.0358,6.3934,0.0407,straight,0.4477,5.4200,0.0277,-0.0334,0.0129
0.0466,9.6622,0.0544,combined,0.7301,5.9200,0.0184,0.0463,0.0049
0.0171,5.6704,0.0404,straight,1.9217,6.3800,0.0012,0.0091,0.0145
0.0208,8.3631,0.0192,lateral,0.3020,4.1800,0.0061,0.0204,0.0043
0.0389,8.2967,0.0256,lateral,1.1346,6.7600,0.0389,-0.0168,0.0350
0.0361,10.8577,0.0417,turn,0.0000,7.0800,0.0000,nan,nan
0.1115,5.9509,0.0045,stand,0.0000,7.5600,0.0000,nan,nan
0.0539,5.2005,0.0445,combined,1.0344,4.1600,0.0433,-0.0119,0.0526
0.0747,7.8941,0.0539,combined,1.5748,4.4800,0.0722,-0.0136,0.0735
0.0441,13.0554,0.0228,lateral,0.2668,6.0800,0.0326,-0.0440,0.0034
0.0426,3.8854,0.0421,straight,0.4673,5.5400,0.0269,-0.0059,0.0422
0.0288,9.6595,0.0263,combined,1.1016,4.4800,0.0230,0.0201,0.0206
0.0253,2.8743,0.0183,turn,0.0000,4.0200,0.0000,nan,nan
0.0210,3.0246,0.0182,straight,0.6219,6.5600,0.0035,0.0107,0.0181
0.0426,7.4358,0.0312,straight,1.8970,6.6000,0.0304,0.0424,0.0041
0.0436,7.3407,0.0227,turn,0.0000,4.7800,0.0000,nan,nan
0.0669,1.6558,0.0104,combined,0.7612,5.8200,0.0655,-0.0400,0.0536
0.0274,6.5800,0.0205,lateral,1.0230,6.8400,0.0108,-0.0185,0.0202
0.0218,7.0748,0.0025,turn,0.0000,4.9800,0.0000,nan,nan
0.0128,4.9756,0.0200,straight,0.7780,4.0800,0.0097,0.0041,0.0122
0.0400,9.5331,0.0454,combined,0.5868,4.8000,0.0300,-0.0382,0.0118
0.0397,2.0012,0.0421,lateral,0.4609,4.9000,0.0099,0.0371,0.0140
0.0136,5.8618,0.0105,turn,0.0000,7.0000,0.0000,nan,nan
0.0289,6.0725,0.0383,stand,0.0000,4.6400,0.0000,nan,nan
0.0604,10.5856,0.0250,combined,1.8853,7.3000,0.0568,-0.0059,0.0602
0.0292,4.2311,0.0250,stand,0.0000,6.0400,0.0000,nan,nan
0.0251,10.8248,0.0578,lateral,0.0062,4.2800,0.0060,0.0242,0.0069
0.0133,0.0820,0.0032,stand,0.0000,5.1000,0.0000,nan,nan
0.0129,7.7013,0.0417,turn,0.0000,5.0000,0.0000,nan,nan
0.0495,5.9097,0.0534,combined,1.8219,4.7400,0.0492,-0.0304,0.0391
0.0507,5.4431,0.0349,lateral,1.1090,6.0000,0.0507,-0.0429,0.0270
0.0634,2.9898,0.0228,lateral,0.1629,4.9800,0.0484,-0.0328,0.0543
0.0109,12.3761,0.0645,straight,1.2069,5.6400,0.0059,-0.0090,0.0061
0.0654,1.7925,0.0561,combined,1.4641,7.9800,0.0426,0.0146,0.0638
0.0806,12.8591,0.0576,combined,0.2079,6.5200,0.0706,-0.0357,0.0723
0.0589,9.3369,0.0555,straight,1.3234,7.0600,0.0046,0.0437,0.0394
0.0097,10.4503,0.0194,lateral,0.9264,5.3000,0.0002,0.0065,0.0071
0.0581,3.6072,0.0134,straight,0.2917,5.1200,0.0550,-0.0436,0.0384
0.0676,10.3413,0.0438,turn,0.0000,6.8800,0.0000,nan,nan
0.0496,13.1399,0.0245,turn,0.0000,7.0200,0.0000,nan,nan
0.0529,11.7937,0.0404,straight,0.2695,7.3200,0.0342,0.0150,0.0508
0.0564,7.4584,0.0365,combined,1.1269,4.1400,0.0448,0.0257,0.0502
0.0458,7.5951,0.0260,combined,1.3851,7.0200,0.0447,-0.0184,0.0419
0.0340,1.5832,0.0105,stand,0.0000,6.6800,0.0000,nan,nan
0.0797,10.1709,0.0314,turn,0.0000,6.1600,0.0000,nan,nan
0.0292,7.4483,0.0110,combined,2.0733,5.7400,0.0292,-0.0283,0.0073
0.0198,15.2762,0.0531,straight,1.8245,7.1600,0.0010,0.0023,0.0196
0.0219,10.1651,0.0084,combined,0.2661,4.7600,0.0049,0.0213,0.0052
0.0706,2.7913,0.0218,lateral,0.4851,4.7000,0.0076,0.0652,0.0272
0.0217,0.1786,0.0030,stand,0.0000,4.4800,0.0000,nan,nan
0.0174,0.5223,0.0403,stand,0.0000,4.8800,0.0000,nan,nan
0.0167,14.1321,0.0722,turn,0.0000,6.8400,0.0000,nan,nan
0.0617,4.4046,0.0499,straight,1.1236,7.3600,0.0268,0.0523,0.0327
0.0440,10.5210,0.0474,straight,1.0116,6.1800,0.0347,-0.0166,0.0407
0.0435,4.2029,0.0856,straight,1.3609,5.7600,0.0301,-0.0309,0.0305
0.0657,3.0943,0.0386,stand,0.0000,5.4200,0.0000,nan,nan
0.0495,4.2651,0.0538,combined,1.1675,4.6400,0.0495,-0.0476,0.0136
0.0256,9.5448,0.0373,turn,0.0000,6.6600,0.0000,nan,nan
0.0445,3.2443,0.0303,combined,0.4205,4.4600,0.0445,-0.0385,0.0224
0.0142,10.9364,0.0313,straight,1.4511,4.7200,0.0077,0.0060,0.0129
0.0540,10.4092,0.0321,combined,0.5895,6.9800,0.0404,-0.0230,0.0489
0.0246,1.1678,0.0225,straight,0.8937,7.9800,0.0246,-0.0175,0.0174
0.0162,4.2316,0.0914,straight,1.0320,4.2200,0.0147,-0.0160,0.0030
0.0144,7.4967,0.0165,straight,1.6765,7.6000,0.0036,-0.0131,0.0059
0.0296,10.9701,0.0712,straight,0.7057,7.2800,0.0012,0.0247,0.0164
0.0774,11.7303,0.0605,turn,0.0000,4.4000,0.0000,nan,nan
0.0459,3.8538,0.0627,turn,0.0000,6.5200,0.0000,nan,nan
0.0407,9.8731,0.0544,combined,0.6288,7.4200,0.0199,0.0034,0.0406
0.0258,0.3110,0.0285,stand,0.0000,4.2600,0.0000,nan,nan
0.0487,7.4078,0.0363,combined,1.4249,5.4600,0.0481,-0.0236,0.0426
0.0061,0.2250,0.0380,turn,0.0000,7.5800,0.0000,nan,nan
0.0534,5.9581,0.0174,combined,0.9326,4.7200,0.0534,0.0253,0.0470
0.0374,0.5981,0.0351,stand,0.0000,5.3400,0.0000,nan,nan
0.0612,6.0564,0.0403,turn,0.0000,4.1200,0.0000,nan,nan
0.0157,4.4209,0.0490,combined,0.7212,6.3600,0.0074,-0.0083,0.0133
0.0450,12.8415,0.0326,combined,0.7932,5.5200,0.0295,0.0010,0.0450
0.0418,15.7335,0.0213,lateral,0.8544,4.4000,0.0340,-0.0160,0.0386
0.0307,10.7101,0.0808,turn,0.0000,6.6200,0.0000,nan,nan
0.0559,11.0673,0.0404,lateral,1.4322,7.0000,0.0488,-0.0465,0.0310
0.0248,8.6309,0.0588,combined,1.8030,4.7800,0.0248,0.0156,0.0193
0.0420,7.5563,0.0319,lateral,0.6232,6.9800,0.0256,0.0334,0.0254
0.0512,7.0417,0.0279,straight,1.1173,7.3200,0.0243,0.0107,0.0501
0.0353,7.5140,0.0126,straight,1.0254,5.5000,0.0222,-0.0307,0.0173
0.0401,11.7796,0.0428,turn,0.0000,5.8200,0.0000,nan,nan
0.0629,8.6419,0.0144,straight,0.1296,6.3800,0.0322,-0.0317,0.0544
0.0279,8.2767,0.0648,straight,0.8602,5.9200,0.0263,0.0098,0.0261
0.0371,6.5460,0.1308,straight,1.4883,5.2600,0.0371,0.0176,0.0326
0.0356,9.6240,0.0198,straight,0.2817,5.2800,0.0232,-0.0333,0.0127
0.0391,2.7860,0.0076,stand,0.0000,5.1600,0.0000,nan,nan
0.0301,7.0922,0.0647,lateral,0.1783,5.6800,0.0135,-0.0289,0.0086
0.0560,3.8284,0.0173,combined,1.4482,4.2000,0.0549,-0.0539,0.0153
0.0402,6.7905,0.0497,turn,0.0000,5.0600,0.0000,nan,nan
0.0501,10.2164,0.0163,lateral,1.2401,6.7200,0.0110,0.0461,0.0196
0.0218,9.1303,0.0377,straight,0.6956,4.8800,0.0089,0.0166,0.0140
0.0168,0.5959,0.0308,straight,1.3570,5.7400,0.0065,0.0163,0.0040
0.0614,0.3381,0.0557,combined,1.2885,5.4200,0.0548,-0.0316,0.0526
0.0286,12.7343,0.0350,turn,0.0000,7.5600,0.0000,nan,nan
0.0444,6.1459,0.0681,lateral,0.7103,4.5400,0.0339,0.0128,0.0425
0.0097,2.7857,0.0163,stand,0.0000,6.3000,0.0000,nan,nan
0.0320,10.6801,0.0158,combined,2.0238,6.8200,0.0237,0.0169,0.0272
0.0714,4.1487,0.0133,turn,0.0000,6.1800,0.0000,nan,nan
0.0366,10.9065,0.0310,lateral,1.3404,5.5200,0.0235,0.0246,0.0271
0.0342,7.5085,0.0283,turn,0.0000,7.3400,0.0000,nan,nan
0.0850,12.7642,0.0378,turn,0.0000,5.5400,0.0000,nan,nan
0.0266,9.4259,0.0265,combined,0.7268,4.0000,0.0226,0.0210,0.0163
0.0427,9.9095,0.0760,lateral,0.7109,4.9800,0.0220,0.0416,0.0092
0.0411,8.6812,0.0244,combined,1.8268,6.0800,0.0365,0.0326,0.0250
0.0519,9.1883,0.0291,straight,1.7957,6.1000,0.0221,0.0319,0.0409
0.0241,14.3058,0.0199,straight,1.4406,7.4200,0.0222,-0.0131,0.0202
0.0337,7.6774,0.0125,combined,1.0939,5.7400,0.0258,-0.0334,0.0044
0.0288,4.9571,0.0204,turn,0.0000,7.2200,0.0000,nan,nan
0.0676,2.4046,0.0186,straight,1.9310,6.9200,0.0385,0.0133,0.0663
0.0445,8.9926,0.0490,straight,0.3723,7.1800,0.0298,-0.0330,0.0299
0.0431,10.4329,0.0436,lateral,0.1851,4.6400,0.0189,0.0244,0.0355
0.0284,6.5975,0.0491,combined,1.1667,4.4000,0.0057,0.0143,0.0246
0.0203,10.6239,0.0281,lateral,1.2160,7.4600,0.0130,-0.0072,0.0189
0.1172,22.5533,0.0386,stand,0.0000,7.9200,0.0000,nan,nan
0.0384,0.8789,0.0143,stand,0.0000,4.4400,0.0000,nan,nan
0.0358,10.4852,0.0619,straight,0.4340,4.4600,0.0259,-0.0341,0.0108
0.0373,12.0263,0.0340,combined,1.9486,5.9400,0.0280,-0.0286,0.0239
0.0347,0.5316,0.0180,straight,1.2237,6.0200,0.0123,-0.0111,0.0329
0.0396,6.2962,0.0188,combined,1.8493,4.8200,0.0379,-0.0281,0.0279
0.0528,3.9186,0.0482,lateral,0.2237,5.0400,0.0482,-0.0488,0.0202
0.0644,9.3435,0.0150,combined,1.2498,6.0400,0.0131,0.0638,0.0083
0.0182,8.2371,0.0360,lateral,0.0976,4.7800,0.0182,-0.0174,0.0054
0.0277,2.7412,0.0318,straight,1.0995,6.7400,0.0228,-0.0269,0.0066
0.0358,2.9322,0.0240,stand,0.0000,4.8800,0.0000,nan,nan
0.0408,0.3753,0.0137,lateral,1.2817,6.1400,0.0339,0.0233,0.0335
0.0316,5.4274,0.0507,straight,0.0116,7.0400,0.0062,0.0271,0.0162
0.0173,5.2413,0.0369,turn,0.0000,6.5200,0.0000,nan,nan
0.0108,0.5925,0.0130,stand,0.0000,4.7200,0.0000,nan,nan
0.0268,3.4004,0.0146,lateral,0.1745,4.4400,0.0173,-0.0038,0.0265
0.0352,0.0210,0.0145,stand,0.0000,4.8600,0.0000,nan,nan
0.0476,10.8496,0.0518,combined,1.6391,7.7000,0.0392,-0.0470,0.0077
0.0601,7.8990,0.0384,turn,0.0000,6.2400,0.0000,nan,nan
0.0669,0.4228,0.0225,stand,0.0000,7.3400,0.0000,nan,nan
0.0466,3.8147,0.0218,combined,0.5821,6.5000,0.0321,-0.0125,0.0449
0.0687,9.7545,0.0227,turn,0.0000,4.3400,0.0000,nan,nan
0.0531,11.0232,0.0228,combined,0.9160,4.7200,0.0361,-0.0342,0.0406
0.0512,10.3082,0.0016,straight,0.5483,5.7600,0.0402,-0.0414,0.0302
0.0250,10.0893,0.0331,turn,0.0000,4.5200,0.0000,nan,nan
0.0306,2.4984,0.0568,straight,0.7234,5.0200,0.0305,0.0109,0.0286
0.0073,5.4023,0.0025,stand,0.0000,4.5000,0.0000,nan,nan
0.0234,11.3040,0.0039,straight,0.8950,5.6800,0.0129,-0.0199,0.0123
0.0260,5.9217,0.0436,turn,0.0000,7.1600,0.0000,nan,nan
0.0573,11.5069,0.0252,turn,0.0000,4.7800,0.0000,nan,nan
0.0367,0.1013,0.0163,stand,0.0000,4.2600,0.0000,nan,nan
0.0777,4.3791,0.0843,lateral,1.3793,4.0600,0.0777,-0.0776,0.0042
0.0172,6.1063,0.0200,combined,1.9018,7.4400,0.0019,0.0102,0.0138
0.0330,4.4728,0.0216,combined,0.6621,7.6400,0.0274,-0.0302,0.0133
0.0560,10.1621,0.0354,combined,0.6830,6.8800,0.0125,0.0547,0.0122
0.0326,8.1037,0.0229,turn,0.0000,5.7400,0.0000,nan,nan
0.0439,14.4917,0.0271,straight,0.9464,5.3000,0.0421,0.0176,0.0402
0.0566,1.8481,0.0464,straight,1.4344,5.4200,0.0479,0.0140,0.0548
0.0186,6.3371,0.0676,lateral,0.2310,4.8400,0.0178,-0.0049,0.0179
0.0776,6.6883,0.0345,lateral,0.7739,5.9000,0.0428,0.0401,0.0664
0.0450,6.0278,0.0283,straight,0.0468,7.8000,0.0238,0.0160,0.0421
0.0194,8.1954,0.0373,turn,0.0000,7.7600,0.0000,nan,nan
0.0171,9.0785,0.0205,straight,1.4651,5.8400,0.0135,-0.0162,0.0056
0.0312,5.7780,0.0136,lateral,1.4186,7.3000,0.0287,-0.0312,0.0002
0.0042,6.6216,0.0522,lateral,0.6924,4.6600,0.0012,-0.0021,0.0037
0.0492,0.9137,0.0472,straight,0.0717,4.8800,0.0480,-0.0143,0.0471
0.0253,4.0275,0.0218,stand,0.0000,5.4200,0.0000,nan,nan
0.0524,3.6945,0.0243,straight,1.4107,5.2400,0.0398,-0.0090,0.0516
0.0428,7.9883,0.0494,turn,0.0000,5.8000,0.0000,nan,nan
0.0266,1.1670,0.0173,straight,1.2858,5.4000,0.0197,0.0114,0.0240
0.0434,13.4971,0.0399,combined,1.4220,7.1400,0.0395,-0.0321,0.0292
0.0213,9.0848,0.0362,combined,0.9798,4.7400,0.0213,-0.0074,0.0200
0.0581,13.1831,0.0300,combined,1.1070,4.9800,0.0475,0.0164,0.0558
0.0130,7.6872,0.0091,turn,0.0000,7.5400,0.0000,nan,nan
0.0569,7.0144,0.0504,combined,1.5189,4.7000,0.0569,-0.0563,0.0081
0.0365,7.3357,0.0211,combined,1.4238,7.6800,0.0031,0.0359,0.0062
0.0332,1.9956,0.0197,combined,1.4307,7.6400,0.0325,-0.0329,0.0047
0.0147,7.9241,0.0468,combined,1.8247,7.7400,0.0004,0.0136,0.0057
0.0438,10.2690,0.0532,combined,2.0710,5.0600,0.0347,-0.0365,0.0243
0.0130,2.6630,0.0092,combined,0.4977,6.3200,0.0026,0.0048,0.0121
0.0490,6.9719,0.0302,straight,1.8652,5.6200,0.0216,0.0079,0.0484
0.0749,1.6984,0.0295,lateral,0.8489,6.0800,0.0577,-0.0749,0.0017
0.0394,9.0104,0.0115,straight,0.0730,6.4600,0.0349,-0.0188,0.0347
0.0414,8.9170,0.0331,turn,0.0000,6.4000,0.0000,nan,nan
0.0542,0.8887,0.0763,straight,1.2185,5.1600,0.0396,0.0216,0.0497
0.0322,5.0057,0.0310,stand,0.0000,5.8200,0.0000,nan,nan
0.0781,8.4387,0.0712,combined,1.3546,5.2000,0.0607,-0.0256,0.0738
0.0533,10.0769,0.0519,lateral,1.0011,4.6200,0.0152,0.0530,0.0059
0.0726,7.3146,0.0510,turn,0.0000,7.8800,0.0000,nan,nan
0.0562,2.9389,0.0298,straight,1.6815,5.3000,0.0560,-0.0121,0.0549
0.0408,9.9597,0.0693,combined,0.1876,5.7200,0.0235,-0.0058,0.0404
0.0070,8.7326,0.0669,combined,2.0048,6.6800,0.0043,0.0067,0.0020
0.0587,7.5395,0.0218,lateral,1.4167,4.0000,0.0570,0.0526,0.0262
0.0815,1.4607,0.0574,lateral,1.3087,4.0400,0.0815,-0.0760,0.0294
0.0152,8.4511,0.0552,straight,0.8220,4.0400,0.0145,-0.0033,0.0148
0.0222,4.9195,0.0212,combined,1.7349,4.0600,0.0222,-0.0119,0.0188
0.0791,0.6858,0.0267,lateral,1.3843,4.0800,0.0783,-0.0780,0.0132
0.0276,5.2736,0.0314,stand,0.0000,4.1000,0.0000,nan,nan
0.0427,4.2449,0.0203,lateral,0.4084,4.1000,0.0239,0.0306,0.0297
0.0348,2.5279,0.0156,straight,0.1899,4.1000,0.0348,0.0301,0.0175
0.0240,12.8511,0.0098,straight,1.5118,4.1200,0.0130,0.0104,0.0216
0.0506,6.8184,0.0531,combined,1.8284,4.1400,0.0506,-0.0463,0.0204
0.0413,5.4932,0.1102,combined,1.9013,4.2000,0.0413,-0.0004,0.0413
0.0326,9.4964,0.0270,combined,0.7102,4.2000,0.0204,-0.0305,0.0113
0.0513,2.7969,0.0207,straight,0.2841,4.2200,0.0085,0.0394,0.0329
0.0633,10.0505,0.0336,combined,1.0669,4.2200,0.0532,-0.0632,0.0019
0.0295,0.2429,0.0394,straight,0.6332,4.2400,0.0229,0.0150,0.0254
0.0664,5.4262,0.0219,straight,1.3562,4.2800,0.0625,0.0047,0.0662
0.0203,4.0119,0.0257,turn,0.0000,4.3200,0.0000,nan,nan
0.0356,7.9484,0.0645,straight,1.0500,4.3400,0.0276,-0.0306,0.0184
0.0770,1.1352,0.0261,combined,1.9075,4.3400,0.0770,-0.0417,0.0648
0.0516,7.0986,0.0484,straight,1.2104,4.3400,0.0516,-0.0515,0.0041
0.0760,3.3609,0.0302,stand,0.0000,4.3400,0.0000,nan,nan
0.0723,12.5090,0.0379,turn,0.0000,4.3200,0.0000,nan,nan
0.0298,4.4119,0.0508,turn,0.0000,4.3600,0.0000,nan,nan
0.0439,5.2366,0.0428,combined,0.9441,4.3600,0.0232,0.0112,0.0425
0.0524,5.8728,0.0261,straight,0.4313,4.3800,0.0393,-0.0516,0.0092
0.0351,4.6800,0.0636,straight,0.9759,4.3800,0.0042,0.0312,0.0159
0.0275,5.5390,0.0940,combined,0.7874,4.4000,0.0228,-0.0077,0.0264
0.0447,8.8665,0.0456,turn,0.0000,4.4200,0.0000,nan,nan
0.0163,6.2798,0.0900,combined,1.1433,4.4400,0.0160,-0.0092,0.0135
0.0449,6.1594,0.0212,lateral,0.0319,4.4600,0.0295,0.0365,0.0261
0.0670,3.3648,0.0289,straight,0.6078,4.2000,0.0639,-0.0556,0.0374
0.0629,1.9012,0.0325,straight,1.8649,4.4800,0.0573,0.0418,0.0471
0.0303,10.1203,0.0381,lateral,1.0942,4.4800,0.0180,-0.0165,0.0254
0.0509,7.6254,0.0257,stand,0.0000,4.5000,0.0000,nan,nan
0.0435,6.3501,0.0220,lateral,0.1941,4.5000,0.0315,0.0100,0.0423
0.0058,7.7747,0.0403,combined,1.7002,4.5000,0.0056,-0.0051,0.0027
0.0402,3.3212,0.0562,turn,0.0000,4.5200,0.0000,nan,nan
0.0350,4.7290,0.0094,stand,0.0000,4.5600,0.0000,nan,nan
0.0439,12.0480,0.0336,lateral,1.1852,4.5800,0.0422,-0.0434,0.0063
0.0184,5.4105,0.0659,straight,0.9722,4.5800,0.0135,-0.0164,0.0082
0.0316,7.6062,0.0278,straight,1.5403,4.6200,0.0282,0.0078,0.0306
0.0223,11.5025,0.0157,combined,0.3913,4.6400,0.0145,-0.0213,0.0069
0.0546,3.4070,0.0090,stand,0.0000,4.6400,0.0000,nan,nan
0.0163,7.6370,0.0297,combined,1.1282,4.6400,0.0043,0.0162,0.0013
0.0373,12.9862,0.0487,straight,1.1308,4.6800,0.0307,0.0260,0.0268
0.0161,3.3592,0.0485,combined,1.8066,4.6800,0.0149,0.0089,0.0134
0.0688,11.9781,0.0078,combined,1.3996,4.7000,0.0635,-0.0668,0.0164
0.0118,8.1882,0.0508,combined,1.8794,4.7000,0.0010,0.0069,0.0095
0.0519,6.4943,0.0488,straight,1.9715,4.7200,0.0519,-0.0202,0.0478
0.0382,8.6523,0.0314,combined,1.0059,4.7200,0.0362,0.0129,0.0360
0.0431,1.1986,0.0479,straight,0.6834,4.7400,0.0428,-0.0341,0.0263
0.0311,8.9681,0.0399,combined,1.9067,4.7400,0.0311,-0.0311,0.0014
0.0687,8.7346,0.0253,straight,0.1057,4.7600,0.0229,-0.0154,0.0670
0.0491,10.6136,0.0074,combined,1.4500,4.7800,0.0490,0.0285,0.0399
0.0403,10.1151,0.0231,straight,0.2795,4.8000,0.0308,-0.0328,0.0233
0.0572,4.2485,0.0338,combined,1.5865,4.8000,0.0559,-0.0552,0.0149
0.0276,6.4815,0.0336,combined,0.7876,4.8000,0.0247,-0.0212,0.0177
0.0523,8.6988,0.0454,lateral,0.2678,4.8400,0.0465,-0.0368,0.0372
0.0502,8.6370,0.0368,turn,0.0000,4.6600,0.0000,nan,nan
0.0267,9.6125,0.0154,lateral,1.1955,4.8600,0.0196,-0.0225,0.0144
0.0197,7.6519,0.0179,lateral,0.7772,4.8800,0.0140,-0.0178,0.0083
0.0236,6.6854,0.0242,combined,0.2602,4.8800,0.0049,0.0043,0.0232
0.0698,10.9159,0.0675,lateral,1.4426,4.8800,0.0698,-0.0454,0.0530
0.0474,0.7497,0.0212,stand,0.0000,4.9200,0.0000,nan,nan
0.0569,6.9360,0.0349,straight,0.9278,4.9600,0.0512,-0.0564,0.0082
0.0396,0.7854,0.0408,lateral,0.0323,4.0200,0.0319,0.0026,0.0395
0.0410,8.9290,0.0413,straight,0.5639,5.0000,0.0326,-0.0382,0.0149
0.0244,11.2696,0.0543,straight,1.2061,4.6400,0.0242,-0.0232,0.0075
0.0564,11.3231,0.0484,straight,1.6268,5.0200,0.0564,-0.0146,0.0545
0.0448,9.8753,0.0446,straight,0.5186,5.0200,0.0395,-0.0089,0.0439
0.0494,0.6253,0.0323,combined,0.7712,5.0200,0.0491,-0.0313,0.0381
0.0235,13.1020,0.0601,turn,0.0000,5.0200,0.0000,nan,nan
0.0217,4.3799,0.0558,combined,1.2164,5.0400,0.0117,0.0191,0.0102
0.0293,7.7110,0.0118,combined,1.2987,5.0600,0.0200,0.0117,0.0269
0.0337,13.5274,0.0723,turn,0.0000,5.0800,0.0000,nan,nan
0.0450,3.3073,0.0565,stand,0.0000,5.0800,0.0000,nan,nan
0.0214,7.0706,0.0241,combined,1.3969,5.1000,0.0118,-0.0185,0.0108
0.0504,3.3553,0.0236,combined,1.1513,5.1000,0.0377,-0.0185,0.0469
0.0603,9.4308,0.0357,turn,0.0000,5.0800,0.0000,nan,nan
0.0158,3.3425,0.0318,combined,1.5516,5.1200,0.0017,-0.0036,0.0154
0.0152,5.7638,0.0219,lateral,0.6116,5.1200,0.0095,-0.0015,0.0151
0.0904,8.7665,0.0203,turn,0.0000,5.1200,0.0000,nan,nan
0.0299,10.8371,0.0594,lateral,0.5663,5.1400,0.0243,0.0136,0.0266
0.0398,7.9708,0.0226,turn,0.0000,5.1600,0.0000,nan,nan
0.0224,0.4756,0.0484,stand,0.0000,5.1800,0.0000,nan,nan
0.0363,12.5822,0.0740,turn,0.0000,5.1600,0.0000,nan,nan
0.0416,0.4886,0.0165,straight,1.9172,5.1800,0.0416,0.0051,0.0413
0.0630,8.4827,0.0221,straight,0.3834,5.1800,0.0323,0.0548,0.0311
0.0226,2.6090,0.0287,turn,0.0000,5.2000,0.0000,nan,nan
0.0273,9.1478,0.0326,combined,1.4631,5.2200,0.0134,0.0207,0.0177
0.0655,6.1665,0.0351,combined,0.1320,5.2400,0.0409,0.0010,0.0655
0.0678,10.1865,0.0187,straight,1.1638,5.2200,0.0545,0.0018,0.0678
0.0372,5.3095,0.0158,combined,1.3668,5.2600,0.0340,-0.0289,0.0234
0.0481,5.0120,0.0376,combined,1.1826,5.2600,0.0403,0.0442,0.0190
0.0141,1.5427,0.0531,lateral,1.0402,5.2800,0.0141,0.0047,0.0133
0.0802,5.1551,0.0794,straight,1.4199,5.2800,0.0742,-0.0630,0.0496
0.0651,6.9093,0.0515,turn,0.0000,5.3200,0.0000,nan,nan
0.0062,5.8544,0.0821,lateral,0.8687,5.3400,0.0021,0.0061,0.0010
0.0512,6.6877,0.0338,turn,0.0000,5.3400,0.0000,nan,nan
0.0317,4.1210,0.0013,lateral,0.8669,5.3200,0.0219,0.0060,0.0312
0.0420,7.2639,0.0525,lateral,0.8473,5.4000,0.0411,-0.0317,0.0274
0.0469,8.5626,0.0444,turn,0.0000,5.4000,0.0000,nan,nan
0.0525,13.3340,0.0575,straight,0.4116,5.4000,0.0519,-0.0507,0.0135
0.0543,10.7865,0.0375,combined,1.4362,5.5200,0.0470,-0.0014,0.0542
0.0545,15.7152,0.0645,straight,0.5529,5.5600,0.0053,0.0273,0.0472
0.0225,6.9515,0.0324,lateral,0.2290,5.5600,0.0041,0.0205,0.0092
0.0601,8.0363,0.0225,combined,1.6294,5.5400,0.0567,-0.0488,0.0352
0.0344,1.5509,0.0281,turn,0.0000,5.6400,0.0000,nan,nan
0.0178,6.8759,0.0313,stand,0.0000,5.6600,0.0000,nan,nan
0.0501,8.8562,0.0462,straight,0.5543,5.6600,0.0431,-0.0062,0.0498
0.0830,3.0422,0.0433,stand,0.0000,5.7200,0.0000,nan,nan
0.0606,15.0945,0.0476,turn,0.0000,5.7000,0.0000,nan,nan
0.0379,13.5813,0.0745,combined,0.4487,5.7400,0.0379,-0.0131,0.0356
0.0381,10.7607,0.0378,combined,1.4155,5.7400,0.0236,0.0378,0.0043
0.0462,7.2561,0.0181,combined,1.5408,5.7600,0.0439,-0.0454,0.0082
0.0610,3.6767,0.0298,straight,1.8436,5.7400,0.0472,-0.0478,0.0380
0.0465,10.0542,0.0569,combined,0.6492,5.7800,0.0305,0.0465,0.0015
0.0231,0.2997,0.0476,turn,0.0000,5.7800,0.0000,nan,nan
0.0529,10.8198,0.0383,lateral,0.0320,5.8200,0.0045,-0.0083,0.0522
0.0891,9.1358,0.0207,stand,0.0000,5.8200,0.0000,nan,nan
0.0314,6.2336,0.0412,combined,0.2202,5.8200,0.0279,0.0166,0.0267
0.0405,10.5358,0.0372,turn,0.0000,5.8400,0.0000,nan,nan
0.0094,7.9835,0.0381,combined,0.4627,5.8400,0.0049,-0.0064,0.0068
0.0245,5.9425,0.0114,combined,1.3506,5.8400,0.0183,0.0120,0.0213
0.0710,11.0151,0.0658,turn,0.0000,5.8800,0.0000,nan,nan
0.0799,2.0189,0.0575,turn,0.0000,5.8800,0.0000,nan,nan
0.0086,6.9216,0.0567,straight,0.5399,5.9000,0.0005,-0.0063,0.0059
0.0676,3.6543,0.0286,combined,2.0357,5.9200,0.0597,-0.0039,0.0675
0.0624,11.9897,0.0519,combined,1.4496,5.9400,0.0608,-0.0301,0.0546
0.0632,7.7496,0.0258,lateral,0.8657,5.9400,0.0461,-0.0627,0.0074
0.0342,9.6412,0.0512,lateral,0.0761,5.9400,0.0013,0.0246,0.0237
0.0112,10.6614,0.0121,turn,0.0000,5.9600,0.0000,nan,nan
0.0750,8.5078,0.0571,lateral,1.1398,6.0000,0.0567,-0.0678,0.0321
0.0201,10.1250,0.0440,combined,1.8203,6.0200,0.0037,-0.0200,0.0023
0.0538,4.4131,0.0204,stand,0.0000,6.0800,0.0000,nan,nan
0.0082,3.4289,0.0686,turn,0.0000,6.0800,0.0000,nan,nan
0.0609,7.0236,0.0489,straight,1.4206,6.1600,0.0232,0.0563,0.0232
0.0404,8.1304,0.0516,combined,0.7154,6.1600,0.0323,0.0261,0.0308
0.0630,15.0732,0.0319,straight,0.9306,6.1600,0.0141,0.0527,0.0345
0.0295,6.7040,0.0299,stand,0.0000,6.1800,0.0000,nan,nan
0.0193,6.0578,0.0567,combined,1.0319,6.2000,0.0016,0.0154,0.0116
0.0747,6.5334,0.0267,straight,0.5994,6.2200,0.0308,0.0632,0.0399
0.0627,10.0623,0.0143,combined,0.5703,6.2200,0.0521,0.0547,0.0306
0.0656,0.4498,0.0127,lateral,0.7705,6.2400,0.0483,0.0474,0.0454
0.0749,10.7594,0.0305,straight,0.1430,6.2400,0.0005,0.0746,0.0069
0.0429,7.3125,0.0407,straight,0.5164,6.2400,0.0335,-0.0352,0.0245
0.0245,4.6104,0.0228,turn,0.0000,6.2400,0.0000,nan,nan
0.0047,9.7808,0.0571,combined,1.8686,6.2600,0.0033,0.0047,0.0009
0.0557,7.3832,0.0160,combined,1.0946,6.2400,0.0542,-0.0221,0.0512
0.0146,9.3252,0.0031,lateral,1.4511,6.2600,0.0146,-0.0138,0.0048
0.0316,3.7562,0.0117,stand,0.0000,6.2800,0.0000,nan,nan
0.0813,1.5845,0.0351,straight,0.4966,6.2800,0.0571,0.0125,0.0803
0.0333,10.3060,0.0147,lateral,0.0827,6.3200,0.0196,0.0313,0.0114
0.0534,9.2832,0.0350,straight,1.2082,6.3200,0.0314,0.0437,0.0307
0.0215,11.5311,0.0250,turn,0.0000,6.3400,0.0000,nan,nan
0.0549,5.6333,0.0257,lateral,0.5346,6.3200,0.0363,-0.0423,0.0350
0.0315,8.4407,0.0261,turn,0.0000,6.3600,0.0000,nan,nan
0.0320,5.3572,0.0182,combined,0.9707,6.3800,0.0291,-0.0006,0.0320
0.0272,4.1421,0.0550,turn,0.0000,6.3800,0.0000,nan,nan
0.0558,5.0035,0.0319,combined,1.4985,6.4400,0.0320,0.0214,0.0515
0.0180,8.1430,0.0342,lateral,0.4672,6.4400,0.0077,-0.0045,0.0174
0.0451,9.5365,0.0422,lateral,0.1725,6.4600,0.0259,-0.0158,0.0423
0.0246,10.2749,0.0201,straight,1.4908,6.4800,0.0030,0.0232,0.0084
0.0758,0.3053,0.0046,stand,0.0000,6.5000,0.0000,nan,nan
0.0473,3.9296,0.0389,straight,1.8190,6.5000,0.0426,-0.0469,0.0061
0.0291,6.7190,0.0073,straight,0.5290,6.5000,0.0250,-0.0275,0.0095
0.0166,2.6922,0.0477,combined,1.0796,6.5400,0.0138,-0.0161,0.0041
0.0205,10.2462,0.0293,turn,0.0000,6.5400,0.0000,nan,nan
0.0757,8.5770,0.0052,combined,0.7637,6.5000,0.0621,-0.0662,0.0366
0.0535,1.1526,0.0494,straight,0.6230,6.5600,0.0220,0.0271,0.0461
0.0688,1.7555,0.0481,stand,0.0000,6.6200,0.0000,nan,nan
0.0490,3.2093,0.0278,turn,0.0000,6.6200,0.0000,nan,nan
0.0583,5.2197,0.0304,stand,0.0000,6.6800,0.0000,nan,nan
0.0387,9.6381,0.0386,lateral,0.9307,6.6800,0.0136,0.0286,0.0261
0.0512,9.6569,0.0602,combined,2.0410,6.7000,0.0471,-0.0030,0.0511
0.0490,2.1104,0.0184,stand,0.0000,6.7400,0.0000,nan,nan
0.0234,8.9967,0.0630,lateral,0.9054,6.7600,0.0034,0.0211,0.0101
0.0095,10.7955,0.0515,turn,0.0000,6.7800,0.0000,nan,nan
0.0825,6.8036,0.0184,lateral,0.8536,6.8200,0.0726,-0.0797,0.0211
0.0488,14.2370,0.0287,combined,1.3604,6.8400,0.0377,-0.0360,0.0330
0.0064,6.6182,0.0461,lateral,0.2707,6.8400,0.0064,0.0005,0.0064
0.0305,3.4721,0.0747,turn,0.0000,6.8400,0.0000,nan,nan
0.0250,5.1662,0.0069,turn,0.0000,6.8600,0.0000,nan,nan
0.0423,4.1634,0.0369,combined,1.4920,6.8800,0.0035,0.0423,0.0020
0.0462,9.9395,0.0318,turn,0.0000,6.9200,0.0000,nan,nan
0.0171,10.0977,0.0446,combined,1.6219,6.9200,0.0052,-0.0017,0.0170
0.0439,3.4315,0.0184,combined,0.7596,6.9400,0.0309,-0.0195,0.0394
0.0385,2.8939,0.0231,turn,0.0000,6.9400,0.0000,nan,nan
0.0245,9.7475,0.0303,lateral,1.4706,6.9400,0.0191,-0.0179,0.0168
0.0131,7.9495,0.0106,combined,1.4679,6.9600,0.0023,-0.0117,0.0060
0.0930,12.5837,0.0274,stand,0.0000,6.9600,0.0000,nan,nan
0.0249,8.3092,0.0588,turn,0.0000,6.9600,0.0000,nan,nan
0.0254,9.4759,0.0360,lateral,0.9961,7.0000,0.0153,-0.0173,0.0185
0.0474,10.3715,0.0384,lateral,0.2333,6.9600,0.0372,-0.0404,0.0247
0.0478,3.1279,0.0531,straight,0.7760,7.0400,0.0217,-0.0043,0.0476
0.0626,6.1815,0.0328,turn,0.0000,7.0400,0.0000,nan,nan
0.0510,9.4728,0.0299,lateral,0.4249,7.0400,0.0131,0.0506,0.0062
0.0280,11.3173,0.0283,straight,0.1481,6.9000,0.0189,0.0175,0.0218
0.0303,2.0822,0.0429,stand,0.0000,7.0400,0.0000,nan,nan
0.0231,0.5466,0.0221,lateral,0.9601,7.0600,0.0091,-0.0203,0.0109
0.0365,9.6650,0.0331,combined,0.7483,7.1000,0.0324,0.0231,0.0282
0.0791,7.1716,0.0498,combined,0.9377,6.4600,0.0684,-0.0581,0.0538
0.0473,2.4365,0.0136,stand,0.0000,7.1000,0.0000,nan,nan
0.0368,2.1744,0.0425,straight,0.0973,7.1000,0.0296,0.0141,0.0340
0.0161,12.8923,0.0239,combined,1.1838,7.1000,0.0106,0.0008,0.0161
0.0649,6.5250,0.0255,straight,0.7890,7.1200,0.0417,0.0328,0.0561
0.0160,4.5338,0.0253,lateral,0.6190,7.1400,0.0037,-0.0042,0.0154
0.0200,7.3726,0.0179,straight,0.5975,7.1400,0.0199,-0.0176,0.0094
0.0276,10.9681,0.0029,straight,1.8789,7.1800,0.0142,-0.0159,0.0225
0.0135,0.5864,0.0482,turn,0.0000,7.1800,0.0000,nan,nan
0.0806,2.1200,0.0079,stand,0.0000,7.2000,0.0000,nan,nan
0.0466,6.4329,0.0273,turn,0.0000,7.2200,0.0000,nan,nan
0.0402,14.1215,0.0689,turn,0.0000,7.2600,0.0000,nan,nan
0.0466,9.5839,0.0612,combined,1.5829,7.2600,0.0064,0.0466,0.0002
0.0286,7.4412,0.0706,straight,0.5295,7.3000,0.0135,0.0095,0.0270
0.0432,6.4146,0.0289,lateral,0.8786,7.3000,0.0028,0.0424,0.0084
0.0574,7.9270,0.0464,lateral,0.5416,7.0800,0.0475,0.0339,0.0463
0.0451,4.7345,0.0402,lateral,0.6038,7.3400,0.0337,-0.0359,0.0274
0.0478,3.3957,0.0282,straight,0.2892,7.3600,0.0388,0.0013,0.0478
0.0393,13.0606,0.0352,straight,0.4154,7.3600,0.0239,0.0082,0.0384
0.0248,11.0403,0.0577,turn,0.0000,7.3800,0.0000,nan,nan
0.0805,7.3393,0.0252,stand,0.0000,7.4000,0.0000,nan,nan
0.0775,7.6460,0.0138,combined,0.9111,7.4200,0.0614,0.0017,0.0775
0.0429,14.0593,0.0971,combined,1.1983,7.4200,0.0378,-0.0417,0.0104
0.0281,9.1762,0.0245,combined,1.8943,7.4800,0.0196,-0.0014,0.0280
0.0481,8.0722,0.0455,straight,0.4553,7.4800,0.0335,-0.0408,0.0255
0.0424,9.2636,0.0524,straight,1.9325,7.4800,0.0310,0.0216,0.0364
0.0132,0.1891,0.0396,turn,0.0000,7.5000,0.0000,nan,nan
0.0321,6.3110,0.0560,lateral,1.4325,7.5200,0.0282,0.0031,0.0320
0.0378,8.7810,0.0369,combined,1.1511,7.5400,0.0103,0.0332,0.0180
0.0371,5.4036,0.0321,straight,0.7960,7.5400,0.0015,0.0361,0.0084
0.0171,6.0616,0.0303,straight,1.0742,7.6200,0.0049,0.0111,0.0130
0.0243,10.1342,0.0252,turn,0.0000,7.6600,0.0000,nan,nan
0.0197,13.5351,0.0498,combined,1.4529,7.7000,0.0057,0.0080,0.0179
0.0242,4.8054,0.0270,turn,0.0000,7.7200,0.0000,nan,nan
0.0565,1.2199,0.0172,stand,0.0000,7.7400,0.0000,nan,nan
0.0664,6.4579,0.0299,combined,0.9057,7.7200,0.0510,-0.0148,0.0647
0.0581,7.5329,0.0044,stand,0.0000,7.7400,0.0000,nan,nan
0.0589,1.8166,0.0178,stand,0.0000,7.7800,0.0000,nan,nan
0.0264,4.5385,0.0389,combined,1.8389,7.8000,0.0129,-0.0064,0.0256
0.0135,6.4576,0.0235,combined,2.0474,7.8200,0.0038,-0.0122,0.0056
0.0527,11.3632,0.0613,turn,0.0000,7.8200,0.0000,nan,nan
0.0197,6.6536,0.0057,straight,0.8045,7.8200,0.0108,0.0078,0.0181
0.0385,0.7243,0.0138,turn,0.0000,7.8400,0.0000,nan,nan
0.0637,2.0265,0.0587,turn,0.0000,7.8400,0.0000,nan,nan
0.0446,11.7142,0.0312,turn,0.0000,7.8600,0.0000,nan,nan
0.0948,4.6826,0.0658,combined,1.0046,7.5000,0.0779,-0.0937,0.0143
0.0381,13.1160,0.0338,combined,1.5221,7.8800,0.0381,-0.0094,0.0369
0.0607,7.3884,0.0830,turn,0.0000,7.8800,0.0000,nan,nan
0.0497,2.8522,0.0118,stand,0.0000,7.9200,0.0000,nan,nan
0.0399,8.3803,0.0098,straight,1.1198,7.9400,0.0070,-0.0200,0.0346
0.0376,8.5867,0.0498,stand,0.0000,7.6600,0.0000,nan,nan
0.0292,6.3583,0.0055,straight,0.7322,7.9800,0.0172,0.0023,0.0291
0.0657,11.2352,0.0476,combined,0.6396,7.3000,0.0545,-0.0607,0.0250
0.0064,9.3040,0.0372,combined,1.5267,7.8600,0.0064,0.0053,0.0036
0.0277,2.4937,0.0350,stand,0.0000,4.3600,0.0000,nan,nan
0.0486,12.6326,0.0658,lateral,0.2105,4.3800,0.0347,0.0341,0.0347
0.0526,5.0572,0.0745,turn,0.0000,4.1200,0.0000,nan,nan
0.0135,9.1190,0.0142,turn,0.0000,4.4400,0.0000,nan,nan
0.0504,3.4408,0.0106,lateral,0.2057,7.9600,0.0307,0.0307,0.0400
0.0397,9.1573,0.0325,straight,1.0120,4.6400,0.0034,0.0305,0.0255
0.0177,5.8897,0.0649,turn,0.0000,4.0400,0.0000,nan,nan
0.0554,7.4441,0.0502,lateral,1.4606,4.2800,0.0306,0.0529,0.0166
0.0254,1.7137,0.0337,stand,0.0000,4.4200,0.0000,nan,nan
0.0372,10.0634,0.0242,combined,0.9012,4.0200,0.0192,-0.0152,0.0340
0.0548,6.0163,0.0730,lateral,0.7812,4.6200,0.0548,0.0398,0.0377
0.0197,5.5412,0.0391,turn,0.0000,4.3400,0.0000,nan,nan
0.0102,4.7407,0.0283,stand,0.0000,5.0000,0.0000,nan,nan
0.0463,5.7398,0.0432,straight,1.9088,4.2400,0.0299,0.0222,0.0406
0.0308,0.3402,0.0131,combined,1.5284,5.1400,0.0102,0.0120,0.0284
0.0673,10.2998,0.0182,combined,1.4639,4.0000,0.0665,-0.0504,0.0447
0.0533,7.8784,0.0408,lateral,0.3506,5.3600,0.0533,-0.0461,0.0269
0.0576,6.5350,0.0439,turn,0.0000,4.6800,0.0000,nan,nan
0.0118,4.6910,0.0364,combined,0.4801,4.3000,0.0118,-0.0114,0.0032
0.0360,9.7633,0.0277,turn,0.0000,5.3200,0.0000,nan,nan
0.0321,9.1346,0.0265,straight,1.6090,4.4800,0.0144,0.0320,0.0017
0.0080,1.2709,0.0227,stand,0.0000,4.2000,0.0000,nan,nan
0.0509,9.0626,0.0212,lateral,0.4092,4.6200,0.0278,-0.0287,0.0421
0.0364,4.6762,0.0146,lateral,1.0706,5.2200,0.0245,0.0015,0.0364
0.0091,7.4040,0.0323,turn,0.0000,4.4800,0.0000,nan,nan
0.0148,6.9986,0.0247,straight,1.3367,4.5800,0.0148,-0.0052,0.0139
0.0343,2.5314,0.0644,stand,0.0000,4.5600,0.0000,nan,nan
0.0424,7.2138,0.0351,combined,1.3861,5.1800,0.0424,-0.0319,0.0280
0.0443,1.9471,0.0516,lateral,1.2916,5.3800,0.0341,0.0264,0.0356
0.0298,10.3846,0.0112,straight,1.5559,5.3200,0.0206,0.0202,0.0219
0.0627,8.7406,0.0208,straight,1.4477,5.4400,0.0627,-0.0409,0.0475
0.0663,9.3998,0.0188,straight,1.5713,4.0400,0.0663,0.0150,0.0646
0.0625,5.9098,0.0567,lateral,0.8482,4.8400,0.0591,-0.0615,0.0107
0.0276,1.5216,0.0449,stand,0.0000,4.0000,0.0000,nan,nan
0.0329,1.4398,0.0519,lateral,0.3365,4.2800,0.0200,0.0049,0.0325
0.0259,7.7389,0.0433,combined,1.7599,4.9200,0.0209,0.0212,0.0149
0.0811,8.9381,0.0558,lateral,0.5933,4.2200,0.0706,-0.0632,0.0507
0.0204,5.8048,0.0234,lateral,0.9834,5.2600,0.0051,0.0043,0.0199
0.1134,3.8579,0.0706,stand,0.0000,5.3600,0.0000,nan,nan
0.0509,9.9171,0.0155,straight,1.4800,5.4400,0.0400,-0.0077,0.0503
0.0529,11.8915,0.0409,lateral,0.2259,4.2600,0.0318,0.0231,0.0476
0.0374,4.5635,0.0423,turn,0.0000,5.0600,0.0000,nan,nan
0.0542,10.5036,0.0364,combined,1.2424,5.4000,0.0527,-0.0542,0.0004
0.0093,4.2166,0.0271,combined,1.4838,5.9200,0.0086,-0.0060,0.0071
0.0058,5.7946,0.0476,straight,1.2112,5.5600,0.0054,-0.0055,0.0017
0.0321,0.1654,0.0170,stand,0.0000,5.7600,0.0000,nan,nan
0.0331,0.5085,0.0371,turn,0.0000,6.2800,0.0000,nan,nan
0.0446,5.5671,0.0322,lateral,0.5798,4.4200,0.0349,0.0324,0.0306
0.0475,14.4761,0.0321,combined,2.0663,4.3000,0.0475,-0.0271,0.0390
0.0542,3.2363,0.0140,combined,1.5260,6.0800,0.0493,-0.0013,0.0542
0.0333,1.2704,0.0736,stand,0.0000,5.3000,0.0000,nan,nan
0.0323,9.8278,0.0367,straight,0.7307,4.7600,0.0249,0.0157,0.0283
0.0256,3.9995,0.0175,straight,1.8572,5.7600,0.0036,0.0142,0.0212
0.0485,9.5130,0.0522,lateral,1.3993,4.9400,0.0006,0.0478,0.0083
0.0588,9.6314,0.0384,turn,0.0000,4.1800,0.0000,nan,nan
0.0653,3.2652,0.0522,turn,0.0000,6.0600,0.0000,nan,nan
0.0275,14.2881,0.0515,turn,0.0000,4.1000,0.0000,nan,nan
0.0400,10.3616,0.0424,combined,1.5374,5.6400,0.0295,-0.0398,0.0037
0.0245,14.2243,0.0284,turn,0.0000,5.3800,0.0000,nan,nan
0.0166,7.4454,0.0766,lateral,1.1822,4.2200,0.0045,-0.0109,0.0126
0.0116,0.5875,0.0282,stand,0.0000,6.1400,0.0000,nan,nan
0.0425,8.3119,0.0075,combined,1.1841,4.3200,0.0252,0.0128,0.0405
0.0357,9.0711,0.0690,combined,1.6221,4.1600,0.0155,0.0316,0.0166
0.0585,12.6793,0.0661,lateral,1.2187,5.5000,0.0576,-0.0549,0.0202
0.0838,3.3522,0.0510,stand,0.0000,5.7000,0.0000,nan,nan
0.0549,3.9721,0.0185,turn,0.0000,6.1200,0.0000,nan,nan
0.0325,8.0621,0.0235,combined,0.8264,5.9800,0.0224,-0.0313,0.0086
0.0369,6.7164,0.0948,straight,1.0518,6.3400,0.0174,-0.0322,0.0179
0.0256,6.5977,0.0727,lateral,0.5935,4.5400,0.0105,0.0256,0.0010
0.0165,5.3120,0.0303,combined,0.4928,6.6800,0.0140,-0.0068,0.0150
0.0576,5.6750,0.0196,combined,0.7272,6.0400,0.0532,-0.0480,0.0318
0.0658,2.2906,0.0083,combined,0.6666,4.0400,0.0628,0.0353,0.0556
0.0533,9.3996,0.0142,combined,1.7813,5.4000,0.0521,-0.0471,0.0251
0.0175,5.6638,0.0033,combined,1.4329,4.0200,0.0034,0.0164,0.0061
0.0340,5.2731,0.0244,turn,0.0000,4.2200,0.0000,nan,nan
0.0603,5.7437,0.0225,combined,1.2082,5.9400,0.0563,-0.0536,0.0277
0.0467,8.4668,0.0226,combined,1.4760,5.7400,0.0467,-0.0465,0.0048
0.0201,1.1233,0.0231,stand,0.0000,5.7400,0.0000,nan,nan
0.0606,9.4052,0.0224,straight,1.9796,6.1000,0.0489,-0.0421,0.0436
0.0137,4.6597,0.0433,straight,0.7115,6.5000,0.0031,-0.0122,0.0062
0.0417,7.8067,0.0854,turn,0.0000,5.2400,0.0000,nan,nan
0.0477,5.7080,0.0148,combined,1.7209,4.7800,0.0442,-0.0464,0.0108
0.0532,6.0491,0.0618,combined,1.8370,4.8600,0.0532,-0.0456,0.0274
0.0284,10.2930,0.0398,lateral,1.3947,5.5000,0.0018,0.0165,0.0231
0.0537,7.1861,0.0349,combined,2.1684,6.4000,0.0537,-0.0340,0.0416
0.0376,8.4264,0.0188,lateral,1.2487,6.7800,0.0196,0.0351,0.0135
0.0736,0.6697,0.0220,combined,1.9658,6.8400,0.0527,0.0427,0.0599
0.0287,8.8926,0.0549,combined,1.2151,6.6600,0.0199,-0.0201,0.0205
0.0152,0.8056,0.0296,stand,0.0000,5.4000,0.0000,nan,nan
0.0567,8.0750,0.0364,lateral,1.2084,4.1800,0.0567,-0.0520,0.0226
0.0265,3.3705,0.0223,stand,0.0000,4.9000,0.0000,nan,nan
0.0214,4.7889,0.0368,lateral,1.1027,6.8000,0.0061,0.0214,0.0003
0.0437,6.1401,0.0160,turn,0.0000,4.2000,0.0000,nan,nan
0.0346,0.8502,0.0397,combined,1.7706,6.9400,0.0238,0.0186,0.0292
0.0263,0.3886,0.0578,stand,0.0000,5.9800,0.0000,nan,nan
0.0260,12.0850,0.0259,combined,1.6204,6.2800,0.0221,-0.0011,0.0259
0.0282,4.7578,0.0231,combined,1.7664,4.1400,0.0233,0.0005,0.0282
0.0357,3.9369,0.0125,stand,0.0000,4.6800,0.0000,nan,nan
0.0176,13.1362,0.0289,lateral,1.1180,6.0400,0.0046,-0.0051,0.0168
0.0437,0.2688,0.0693,turn,0.0000,7.3600,0.0000,nan,nan
0.0503,1.1956,0.0095,combined,1.2486,5.5800,0.0426,-0.0387,0.0321
0.0449,7.0319,0.0417,lateral,0.6692,4.9000,0.0412,-0.0037,0.0447
0.0207,4.7916,0.0199,turn,0.0000,5.4600,0.0000,nan,nan
0.0381,9.2882,0.0303,straight,1.2524,5.9000,0.0230,0.0324,0.0201
0.0514,13.8900,0.0129,combined,1.1027,4.4800,0.0500,-0.0485,0.0169
0.0429,6.7202,0.0455,lateral,1.4329,5.7000,0.0429,-0.0262,0.0341
0.0834,5.0252,0.0508,combined,1.6798,5.2400,0.0691,-0.0112,0.0826
0.0135,6.5022,0.0415,lateral,0.9947,5.5200,0.0078,-0.0124,0.0053
0.0423,10.0789,0.0189,combined,0.4414,5.1000,0.0299,0.0048,0.0420
0.0052,4.6509,0.0237,stand,0.0000,5.8000,0.0000,nan,nan
0.0167,1.7666,0.0056,stand,0.0000,7.3200,0.0000,nan,nan
0.0785,3.2655,0.0291,lateral,1.1179,6.3400,0.0595,0.0379,0.0687
0.0332,8.7552,0.0584,turn,0.0000,4.4600,0.0000,nan,nan
0.0438,6.2473,0.0379,lateral,1.3652,5.7400,0.0261,-0.0368,0.0237
0.0270,9.5204,0.0148,straight,1.3222,4.6600,0.0239,0.0030,0.0268
0.0214,1.1136,0.0122,stand,0.0000,4.2200,0.0000,nan,nan
0.0508,3.7838,0.0262,straight,0.1143,6.7200,0.0259,0.0337,0.0381
0.0536,10.9968,0.0206,turn,0.0000,5.8800,0.0000,nan,nan
0.0702,11.8466,0.0514,combined,1.3881,5.2800,0.0603,-0.0660,0.0239
0.0252,8.0820,0.0431,turn,0.0000,4.7000,0.0000,nan,nan
0.0758,10.1298,0.0148,combined,0.8375,5.4200,0.0263,0.0689,0.0316
0.0504,6.2525,0.0130,lateral,1.1747,5.0800,0.0504,-0.0504,0.0003
0.0152,8.4711,0.0004,lateral,1.4969,5.1600,0.0152,-0.0106,0.0109
0.0238,9.7329,0.0364,combined,0.8437,6.5800,0.0112,-0.0214,0.0105
0.0331,4.6779,0.0269,turn,0.0000,7.6400,0.0000,nan,nan
0.0227,2.8865,0.0315,combined,1.7014,6.8600,0.0144,-0.0226,0.0018
0.0525,9.9667,0.0129,combined,1.5009,7.4200,0.0485,-0.0298,0.0432
0.0470,7.9721,0.0555,straight,1.6292,6.0400,0.0380,-0.0211,0.0420
0.0109,3.9581,0.0085,combined,1.1854,6.9600,0.0051,0.0030,0.0104
0.0407,10.5288,0.0772,combined,1.9153,7.0600,0.0289,-0.0281,0.0294
0.0244,6.7244,0.0212,turn,0.0000,6.1000,0.0000,nan,nan
0.0104,9.7953,0.0412,turn,0.0000,5.0200,0.0000,nan,nan
0.0332,10.8112,0.0167,combined,1.9376,6.9800,0.0103,0.0177,0.0280
0.0459,9.8239,0.0441,straight,0.8760,6.1600,0.0230,0.0167,0.0428
0.0798,13.4866,0.0448,lateral,1.2092,6.7600,0.0743,-0.0686,0.0409
0.0083,3.3878,0.0277,turn,0.0000,5.8800,0.0000,nan,nan
0.0068,0.0082,0.0386,stand,0.0000,6.5800,0.0000,nan,nan
0.0277,12.9366,0.0130,turn,0.0000,4.9200,0.0000,nan,nan
0.0383,10.3304,0.0503,combined,1.9107,4.7400,0.0290,-0.0071,0.0377
0.0566,2.7638,0.0266,straight,0.4642,7.5400,0.0431,-0.0290,0.0486
0.0453,1.3356,0.0563,combined,1.1595,7.2800,0.0453,0.0154,0.0426
0.0058,10.3219,0.0205,lateral,0.7855,4.2600,0.0051,0.0046,0.0035
0.0210,1.3618,0.0102,straight,1.2042,5.1000,0.0007,-0.0112,0.0177
0.0384,2.6740,0.0308,straight,0.0320,7.6800,0.0076,-0.0205,0.0325
0.0701,6.8780,0.0080,turn,0.0000,4.7400,0.0000,nan,nan
0.0546,6.6548,0.0197,combined,0.5262,4.6200,0.0118,0.0395,0.0378
0.0491,10.9087,0.0341,combined,0.9363,7.6800,0.0404,-0.0004,0.0491
0.0111,7.3068,0.0303,combined,1.8091,4.5800,0.0046,0.0043,0.0102
0.0478,7.0708,0.0190,turn,0.0000,5.7600,0.0000,nan,nan
0.0459,2.2001,0.0398,straight,1.8379,6.0800,0.0182,0.0454,0.0068
0.0220,8.3334,0.0426,straight,0.0460,5.7000,0.0076,-0.0005,0.0220
0.0700,1.5865,0.0479,turn,0.0000,7.0000,0.0000,nan,nan
0.0204,5.0155,0.0253,combined,1.7515,5.0800,0.0127,0.0174,0.0106
0.0644,3.6598,0.0323,combined,2.3178,6.3600,0.0584,-0.0640,0.0069
0.0500,8.6028,0.0482,straight,0.8953,5.6000,0.0338,0.0039,0.0499
0.0433,8.0525,0.0070,straight,1.7602,7.0800,0.0283,-0.0030,0.0432
0.0172,8.3036,0.0569,combined,1.3025,7.8000,0.0074,-0.0105,0.0137
0.0457,6.9119,0.0019,combined,1.8154,6.4400,0.0077,0.0375,0.0261
0.0185,11.3457,0.0361,combined,1.6912,5.4000,0.0154,-0.0152,0.0107
0.0124,4.4198,0.0194,turn,0.0000,7.7600,0.0000,nan,nan
0.0714,3.8343,0.0117,turn,0.0000,5.2800,0.0000,nan,nan
0.0184,8.2664,0.0316,turn,0.0000,5.6400,0.0000,nan,nan
0.0471,10.5719,0.0264,lateral,0.2542,6.5000,0.0432,-0.0119,0.0456
0.0114,4.8246,0.0383,combined,2.2544,6.1200,0.0035,-0.0103,0.0049
0.0389,6.7051,0.0120,combined,1.3552,5.6200,0.0357,-0.0293,0.0257
0.0147,3.0305,0.0464,stand,0.0000,7.3600,0.0000,nan,nan
0.0209,11.6005,0.0461,turn,0.0000,4.9600,0.0000,nan,nan
0.0384,5.3233,0.0753,turn,0.0000,6.2600,0.0000,nan,nan
0.0259,6.5441,0.0311,straight,0.2965,7.2600,0.0060,0.0081,0.0246
0.0266,8.3125,0.0367,combined,1.5651,4.9200,0.0239,-0.0063,0.0258
0.0500,11.0143,0.0351,turn,0.0000,7.0000,0.0000,nan,nan
0.0494,6.5745,0.0452,combined,1.4677,5.4600,0.0303,0.0428,0.0245
0.0309,3.2792,0.0171,combined,1.7343,5.5200,0.0259,-0.0047,0.0306
0.0382,4.6492,0.0132,turn,0.0000,6.1000,0.0000,nan,nan
0.0392,1.9231,0.1065,lateral,0.3131,4.7600,0.0018,0.0391,0.0027
0.0866,12.8928,0.0138,lateral,0.9298,7.8400,0.0465,0.0847,0.0184
0.0315,8.5482,0.0544,combined,0.5682,7.3400,0.0226,-0.0315,0.0006
0.0482,9.9357,0.0386,straight,1.6753,7.9000,0.0164,-0.0074,0.0476
0.0858,3.7895,0.0284,stand,0.0000,7.5000,0.0000,nan,nan
0.0227,1.9172,0.0054,stand,0.0000,7.5800,0.0000,nan,nan
0.0348,7.3940,0.0088,turn,0.0000,7.4200,0.0000,nan,nan
0.0462,10.3401,0.0081,combined,1.1601,6.5600,0.0460,-0.0009,0.0462
0.0449,1.3796,0.0206,lateral,0.9257,6.1800,0.0326,0.0371,0.0252
0.0464,0.8789,0.0512,combined,1.5026,5.3800,0.0444,-0.0202,0.0418
0.0197,14.5292,0.0035,lateral,1.4096,4.9800,0.0188,-0.0061,0.0187
0.0463,9.4163,0.0056,combined,0.3622,7.4400,0.0463,-0.0380,0.0265
0.0672,5.2316,0.0411,lateral,0.0630,5.9600,0.0630,-0.0647,0.0180
0.0671,6.0353,0.0382,combined,1.0149,7.5800,0.0559,-0.0216,0.0636
0.0100,8.5478,0.0522,straight,0.0875,7.7400,0.0022,0.0018,0.0099
0.0434,14.0356,0.0344,combined,1.4961,5.4400,0.0168,0.0353,0.0251
0.0311,6.9597,0.0467,combined,1.3735,5.7600,0.0034,0.0242,0.0196
0.0626,8.4819,0.0278,combined,1.0806,5.9600,0.0525,-0.0280,0.0560
0.0215,13.9796,0.0367,combined,1.7142,5.3200,0.0017,0.0213,0.0026
0.0722,6.5301,0.0442,combined,1.4640,5.6400,0.0697,-0.0671,0.0267
0.0146,9.9393,0.0749,straight,1.1239,7.2400,0.0112,-0.0115,0.0090
0.0216,9.5847,0.0578,straight,1.3546,5.1800,0.0207,-0.0145,0.0160
0.0527,10.8663,0.0491,combined,1.8904,6.0600,0.0182,0.0510,0.0131
0.0255,10.7521,0.0144,lateral,1.2282,6.7000,0.0041,-0.0059,0.0248
0.0561,11.8359,0.0696,straight,1.7100,6.9400,0.0212,-0.0215,0.0518
0.0105,8.3025,0.0441,combined,1.4168,7.1800,0.0008,0.0105,0.0004
0.0283,13.0168,0.0490,turn,0.0000,7.3600,0.0000,nan,nan
0.0613,11.3187,0.0360,combined,1.5097,4.1200,0.0606,-0.0572,0.0220
0.0337,4.9323,0.0451,lateral,1.0198,6.3000,0.0075,0.0325,0.0087
0.0389,4.0053,0.0217,straight,1.4368,6.7600,0.0345,-0.0388,0.0033
0.0664,5.6449,0.0324,combined,2.2075,6.8400,0.0516,-0.0248,0.0616
0.0270,0.3947,0.0471,turn,0.0000,6.2200,0.0000,nan,nan
0.0489,3.2759,0.0174,turn,0.0000,7.2000,0.0000,nan,nan
0.0658,12.0972,0.0643,combined,1.1245,5.4600,0.0523,0.0067,0.0654
0.1155,7.9688,0.0581,stand,0.0000,7.0600,0.0000,nan,nan
0.0323,5.8197,0.0400,combined,0.3717,7.6800,0.0085,-0.0284,0.0154
0.0417,10.4325,0.1010,straight,0.5295,7.4400,0.0417,0.0012,0.0417
0.0438,2.7760,0.0277,straight,0.2476,4.2600,0.0231,0.0352,0.0260
0.0435,8.6934,0.0677,lateral,0.4263,4.3200,0.0155,0.0360,0.0244
0.0120,2.9798,0.0152,stand,0.0000,4.9200,0.0000,nan,nan
0.0319,3.8876,0.0385,turn,0.0000,6.6600,0.0000,nan,nan
0.0366,3.7216,0.0546,straight,1.1910,6.3800,0.0204,-0.0208,0.0302
0.0533,9.7318,0.0360,combined,2.3505,7.1400,0.0495,-0.0358,0.0395
0.0294,10.3357,0.0293,combined,1.1598,6.6600,0.0202,0.0117,0.0270
0.0138,0.3239,0.0190,turn,0.0000,6.1800,0.0000,nan,nan
0.0642,11.6939,0.0145,turn,0.0000,7.5000,0.0000,nan,nan
0.0151,8.2243,0.0555,straight,0.7659,7.4800,0.0014,0.0109,0.0104
0.0225,11.9808,0.0055,combined,1.0139,5.9600,0.0118,0.0153,0.0164
0.0520,10.0084,0.0601,straight,0.3475,5.8800,0.0426,0.0112,0.0508
0.0837,4.8214,0.0096,turn,0.0000,7.2000,0.0000,nan,nan
0.0361,11.5169,0.0489,combined,2.0457,5.8800,0.0331,0.0296,0.0206
0.0627,6.8676,0.0126,lateral,0.9072,6.3600,0.0014,0.0507,0.0368
0.0402,1.4317,0.0366,straight,0.4722,6.7200,0.0354,-0.0202,0.0348
0.0532,7.5712,0.0451,straight,0.5101,6.4600,0.0200,-0.0127,0.0517
0.0054,0.1939,0.0139,combined,1.2092,6.9200,0.0011,0.0017,0.0052
0.0401,10.2129,0.0794,combined,1.3837,4.1800,0.0277,0.0398,0.0048
0.0407,3.7182,0.0159,straight,1.2284,7.6800,0.0233,-0.0406,0.0008
0.0346,5.7812,0.0562,straight,1.1386,4.1800,0.0319,0.0320,0.0132
0.0103,12.4965,0.0568,turn,0.0000,4.4200,0.0000,nan,nan
0.0422,5.0652,0.0364,lateral,0.7412,5.4600,0.0260,-0.0186,0.0379
0.0599,3.7790,0.0529,combined,0.7550,7.4400,0.0331,-0.0221,0.0556
0.0204,9.2665,0.0088,combined,1.3973,4.1200,0.0016,0.0203,0.0014
0.0314,5.8977,0.0243,straight,1.9548,5.3400,0.0306,-0.0282,0.0137
0.0184,3.8496,0.0130,combined,1.9730,4.9400,0.0023,0.0179,0.0043
0.0442,9.8540,0.0456,combined,1.3730,4.6000,0.0432,-0.0337,0.0285
0.0139,7.1106,0.0129,combined,1.7669,6.5200,0.0031,-0.0056,0.0127
0.0522,9.6862,0.0221,combined,1.6809,4.0600,0.0185,0.0323,0.0409
0.0102,5.4918,0.0605,combined,1.8993,7.9400,0.0039,-0.0035,0.0096
0.0481,6.8860,0.0191,turn,0.0000,6.6800,0.0000,nan,nan
0.0637,2.9450,0.0425,combined,0.6825,7.3600,0.0266,0.0514,0.0378
0.0173,2.5207,0.0272,stand,0.0000,4.9200,0.0000,nan,nan
0.0645,11.5050,0.0024,lateral,0.2240,7.2200,0.0458,-0.0340,0.0548
0.0304,8.2537,0.0230,straight,1.7352,7.0800,0.0246,0.0025,0.0303
0.0358,6.7632,0.0119,combined,2.3589,7.6600,0.0158,-0.0304,0.0188
0.0794,3.7114,0.0140,lateral,0.0006,4.6600,0.0001,nan,nan
0.0524,12.8806,0.0417,lateral,0.2297,6.7400,0.0238,0.0148,0.0503
0.0474,6.3256,0.0552,straight,1.7415,6.7000,0.0248,0.0152,0.0448
0.0047,9.9536,0.0279,combined,1.4272,4.4800,0.0047,-0.0045,0.0011
0.0252,6.0066,0.0619,straight,1.6485,7.9600,0.0047,-0.0212,0.0136
0.0775,0.3247,0.0561,combined,2.3111,6.9000,0.0761,-0.0462,0.0622
0.0312,7.7169,0.0193,combined,1.2924,7.6800,0.0118,0.0311,0.0025
0.0297,6.0308,0.0461,straight,1.7874,5.8000,0.0249,-0.0271,0.0121
0.0517,6.6641,0.0704,turn,0.0000,6.7600,0.0000,nan,nan
0.0289,8.5200,0.0282,combined,0.9361,7.9000,0.0229,0.0122,0.0262
0.0466,6.3591,0.0384,straight,1.6779,4.4000,0.0388,-0.0206,0.0418
0.0417,4.5472,0.0328,straight,1.4022,5.6200,0.0417,-0.0400,0.0119
0.0453,5.1929,0.0320,stand,0.0000,6.4200,0.0000,nan,nan
0.0689,6.4029,0.0399,combined,1.4288,4.0000,0.0658,-0.0689,0.0015
0.0408,7.2936,0.0394,straight,1.3458,5.3000,0.0373,-0.0394,0.0103
0.0409,10.9775,0.0211,combined,1.5751,7.6400,0.0290,-0.0289,0.0289
0.0201,11.2805,0.0424,combined,1.2313,7.5800,0.0044,-0.0063,0.0191
0.0341,6.9637,0.0526,lateral,1.0298,7.4200,0.0329,-0.0014,0.0340
0.0311,4.7116,0.0397,turn,0.0000,7.2400,0.0000,nan,nan
0.0187,4.2002,0.0294,straight,0.3150,6.9200,0.0031,0.0050,0.0180
0.0625,10.2452,0.0153,straight,1.4712,5.1200,0.0476,0.0286,0.0556
0.0433,2.4130,0.0438,turn,0.0000,7.2600,0.0000,nan,nan
0.0133,8.5660,0.0454,lateral,1.4617,7.8800,0.0002,0.0065,0.0116
0.0275,8.9995,0.0409,lateral,0.6065,7.1000,0.0223,-0.0266,0.0069
0.0163,3.2834,0.0219,combined,1.9212,7.7600,0.0125,0.0066,0.0150
0.0206,11.0755,0.0632,combined,2.2450,7.9200,0.0117,0.0187,0.0087
0.1572,14.3205,0.0863,stand,0.0000,4.4000,0.0000,nan,nan
0.0274,8.4086,0.0529,combined,0.6640,7.8800,0.0060,0.0274,0.0000
0.0554,2.3452,0.0369,stand,0.0000,4.2800,0.0000,nan,nan
0.0205,3.2517,0.0427,lateral,1.3677,4.2000,0.0205,-0.0010,0.0205
0.0230,2.8352,0.0387,lateral,0.1154,5.0800,0.0230,-0.0215,0.0082
0.0507,8.0266,0.0886,straight,1.0762,4.5200,0.0468,0.0072,0.0502
0.0410,8.2007,0.0185,straight,0.9633,4.0200,0.0311,-0.0401,0.0086
0.1196,6.1711,0.0686,combined,1.0164,7.5800,0.0508,0.0220,0.1175
0.0395,2.9597,0.0409,stand,0.0000,6.1400,0.0000,nan,nan
0.0258,10.6989,0.0382,lateral,1.4280,5.0400,0.0209,-0.0243,0.0086
0.0463,11.3884,0.0283,turn,0.0000,5.2000,0.0000,nan,nan
0.0362,9.1525,0.0538,straight,0.4085,7.8600,0.0250,-0.0080,0.0353
0.0291,7.5945,0.0439,combined,1.6202,4.6600,0.0264,-0.0145,0.0251
0.0222,10.7275,0.0284,combined,1.5487,4.1800,0.0146,0.0189,0.0116
0.0676,2.0265,0.0433,straight,1.3585,5.2600,0.0599,-0.0265,0.0623
0.0357,5.6733,0.0241,lateral,0.2734,4.3600,0.0318,0.0252,0.0252
0.0533,9.2353,0.0378,turn,0.0000,5.1000,0.0000,nan,nan
0.0338,12.1582,0.0379,straight,0.6457,7.7800,0.0136,0.0136,0.0309
0.0727,9.3233,0.0038,combined,1.7321,5.2800,0.0679,-0.0709,0.0163
0.0476,8.8167,0.0317,combined,0.8142,6.2400,0.0354,-0.0169,0.0445
0.0607,4.8903,0.0116,turn,0.0000,4.0200,0.0000,nan,nan
0.0541,12.1181,0.0395,lateral,1.3275,4.7200,0.0517,-0.0402,0.0362
0.0478,8.0327,0.0390,lateral,0.7968,5.7000,0.0165,0.0448,0.0167
0.0360,6.8979,0.0159,straight,1.8217,5.1600,0.0081,0.0348,0.0093
0.0337,4.2754,0.0514,turn,0.0000,6.0400,0.0000,nan,nan
0.0438,9.4093,0.0538,lateral,1.2731,4.9800,0.0438,-0.0370,0.0235
0.0162,10.2360,0.0794,combined,1.5649,4.4400,0.0135,-0.0031,0.0159
0.0418,6.3555,0.0369,turn,0.0000,4.8200,0.0000,nan,nan
0.0208,5.6610,0.0390,combined,1.5017,7.9600,0.0044,0.0059,0.0200
0.0088,4.7883,0.0267,turn,0.0000,4.0000,0.0000,nan,nan
0.0603,0.6002,0.0423,turn,0.0000,5.7400,0.0000,nan,nan
0.0538,4.6788,0.0044,turn,0.0000,5.6600,0.0000,nan,nan
0.0310,10.9734,0.0301,lateral,0.5453,4.7400,0.0255,-0.0117,0.0287
0.0333,6.6156,0.0288,lateral,0.3419,5.5400,0.0149,0.0301,0.0144
0.0388,11.6367,0.0413,lateral,1.1871,7.5800,0.0374,-0.0047,0.0386
0.0250,10.1482,0.0547,combined,0.1840,4.6000,0.0197,-0.0250,0.0002
0.0663,11.3483,0.0407,straight,0.3331,4.4400,0.0653,-0.0642,0.0166
0.0131,0.1507,0.0175,stand,0.0000,7.7400,0.0000,nan,nan
0.0600,4.2912,0.0535,turn,0.0000,5.7800,0.0000,nan,nan
0.0670,5.5553,0.0269,stand,0.0000,6.4000,0.0000,nan,nan
0.0522,2.4342,0.0579,turn,0.0000,4.7200,0.0000,nan,nan
0.0820,0.3537,0.1008,combined,2.0697,4.8000,0.0820,-0.0794,0.0206
0.0078,8.6074,0.0162,turn,0.0000,6.5400,0.0000,nan,nan
0.0330,10.4382,0.0439,turn,0.0000,5.8000,0.0000,nan,nan
0.0728,2.6690,0.0079,lateral,1.3335,5.4400,0.0728,0.0594,0.0421
0.0719,9.1282,0.0346,combined,0.8704,4.0600,0.0637,-0.0608,0.0383
0.0239,8.5687,0.0248,combined,0.4193,4.7000,0.0093,0.0079,0.0226
0.0438,8.6702,0.0659,straight,0.8278,5.7600,0.0376,-0.0309,0.0310
0.0300,13.7279,0.0542,combined,2.1021,5.1400,0.0079,0.0288,0.0087
0.0419,3.8572,0.0687,straight,0.7628,6.0600,0.0170,-0.0194,0.0371
0.0422,1.2544,0.0413,straight,0.4404,7.1200,0.0309,-0.0356,0.0226
0.0272,7.5015,0.0252,combined,1.9979,7.3400,0.0260,-0.0271,0.0020
0.0212,8.7473,0.0300,lateral,0.5537,6.3400,0.0196,-0.0037,0.0209
0.0219,11.6918,0.0182,turn,0.0000,4.0400,0.0000,nan,nan
0.0165,13.6805,0.0360,combined,1.4884,5.9600,0.0025,0.0159,0.0042
0.0396,9.1029,0.0657,combined,1.1124,6.1200,0.0301,-0.0156,0.0364
0.0753,2.7678,0.0142,lateral,0.3405,5.3400,0.0737,-0.0753,0.0019
0.0649,3.8988,0.0324,straight,1.0345,7.0200,0.0395,0.0397,0.0514
0.0344,3.0955,0.0311,straight,1.2154,5.2400,0.0332,0.0003,0.0344
0.0215,4.0644,0.0695,combined,0.5797,6.5800,0.0157,-0.0214,0.0026
0.0657,5.6116,0.0612,combined,0.6209,4.8200,0.0493,0.0448,0.0480
0.0336,11.4571,0.0551,combined,1.8274,4.2800,0.0279,0.0048,0.0333
0.0432,9.5999,0.0150,straight,0.4160,5.2200,0.0161,-0.0159,0.0402
0.0304,7.8936,0.0368,combined,1.8966,7.1200,0.0109,-0.0089,0.0291
0.0351,2.2685,0.0288,combined,1.7830,7.0000,0.0253,-0.0299,0.0185
0.0365,8.9124,0.0171,combined,2.0471,6.8800,0.0240,-0.0305,0.0201
0.0196,10.8468,0.0493,combined,1.9450,4.8400,0.0183,-0.0043,0.0191
0.0620,5.7468,0.0549,turn,0.0000,5.5200,0.0000,nan,nan
0.0570,5.1684,0.0185,lateral,1.2561,5.2400,0.0484,0.0291,0.0490
0.0426,9.5680,0.0802,lateral,1.2085,5.3000,0.0402,-0.0421,0.0067
0.0217,4.6220,0.0243,straight,1.2801,7.1600,0.0217,-0.0215,0.0025
0.0326,7.1178,0.0469,straight,1.8619,4.2400,0.0240,-0.0121,0.0302
0.0333,5.9090,0.0467,lateral,1.0906,5.5200,0.0333,-0.0323,0.0080
0.0245,6.5027,0.0665,combined,0.8282,4.9000,0.0007,0.0223,0.0100
0.0332,4.0943,0.0299,turn,0.0000,5.2600,0.0000,nan,nan
0.0761,0.0487,0.0213,straight,0.5714,4.7400,0.0629,-0.0571,0.0504
0.0546,7.0530,0.0599,straight,1.1330,5.3800,0.0441,-0.0284,0.0467
0.0377,11.1337,0.0171,straight,0.5954,5.6000,0.0338,-0.0289,0.0243
0.0464,12.3977,0.0132,turn,0.0000,5.9400,0.0000,nan,nan
0.0494,6.4434,0.1019,lateral,0.2491,5.0400,0.0256,0.0427,0.0248
0.0181,11.1467,0.0188,straight,1.2694,7.8800,0.0042,0.0066,0.0168
0.0974,13.7467,0.0605,combined,1.1963,4.1200,0.0974,-0.0720,0.0656
0.0285,8.3352,0.0421,combined,1.6626,5.3600,0.0042,0.0202,0.0201
0.0140,8.4308,0.0327,combined,0.8018,6.0800,0.0072,-0.0126,0.0061
0.0170,1.8894,0.0231,stand,0.0000,6.8000,0.0000,nan,nan
0.0312,7.6568,0.0343,combined,0.2680,6.4000,0.0216,0.0005,0.0312
0.0063,9.3412,0.0315,turn,0.0000,4.8400,0.0000,nan,nan
0.0356,5.8134,0.0728,turn,0.0000,5.8200,0.0000,nan,nan
0.0166,5.7567,0.0328,combined,2.4082,7.2800,0.0126,-0.0083,0.0143
0.0385,7.7404,0.0620,combined,1.1310,4.3600,0.0278,0.0239,0.0302
0.0141,3.8735,0.0183,lateral,0.7927,5.3800,0.0048,-0.0130,0.0053
0.0723,13.0435,0.0353,combined,1.5195,7.2000,0.0550,0.0321,0.0647
0.0316,11.6745,0.0479,straight,0.6720,6.4200,0.0316,-0.0136,0.0285
0.0194,9.0986,0.0474,turn,0.0000,5.0400,0.0000,nan,nan
0.1232,14.3002,0.1372,combined,2.0987,4.1000,0.1176,0.0932,0.0806
0.0544,6.0128,0.0112,combined,1.3348,7.3200,0.0325,0.0152,0.0522
0.0240,7.3588,0.0214,turn,0.0000,4.5400,0.0000,nan,nan
0.0280,3.9945,0.0393,straight,0.8297,7.0800,0.0140,-0.0013,0.0280
0.0347,10.0489,0.0275,turn,0.0000,6.0000,0.0000,nan,nan
0.0223,7.8164,0.0382,straight,0.3492,5.5800,0.0168,0.0223,0.0011
0.0158,0.6524,0.0318,stand,0.0000,6.2800,0.0000,nan,nan
0.0095,0.5068,0.0221,stand,0.0000,5.1200,0.0000,nan,nan
0.0387,11.8203,0.0310,straight,0.1888,5.5200,0.0017,0.0296,0.0249
0.0738,7.6850,0.0212,straight,0.2984,7.6000,0.0489,-0.0352,0.0649
0.0284,0.1243,0.0107,straight,1.4924,5.0800,0.0170,-0.0257,0.0122
0.0151,2.2096,0.0426,stand,0.0000,6.8200,0.0000,nan,nan
0.0320,10.2615,0.0459,combined,1.1438,7.5600,0.0287,-0.0227,0.0225
0.0254,7.5042,0.0064,straight,1.8576,4.4600,0.0030,0.0118,0.0225
0.0177,5.2043,0.0182,combined,2.0676,6.1600,0.0130,-0.0015,0.0176
0.0566,12.2989,0.0408,combined,1.0984,7.8800,0.0541,-0.0557,0.0097
0.0358,6.7380,0.0388,combined,1.7817,5.1600,0.0305,0.0008,0.0357
0.0575,3.4173,0.0157,turn,0.0000,5.7000,0.0000,nan,nan
0.0291,12.4573,0.0634,straight,0.5345,4.2600,0.0244,-0.0260,0.0131
0.0313,9.8544,0.0094,straight,0.0502,6.6400,0.0126,0.0238,0.0203
0.0400,2.9700,0.0753,combined,1.3180,5.6400,0.0101,0.0324,0.0234
0.0546,3.3389,0.0374,combined,1.5122,5.8200,0.0086,0.0546,0.0025
0.0471,2.6179,0.0033,stand,0.0000,6.1400,0.0000,nan,nan
0.0672,6.9684,0.0386,combined,1.6175,5.9200,0.0655,0.0113,0.0662
0.0345,3.3014,0.0116,combined,0.8029,5.6200,0.0142,-0.0271,0.0214
0.0272,7.4350,0.0467,straight,1.3200,6.2800,0.0078,-0.0090,0.0256
0.0248,3.4159,0.0242,stand,0.0000,5.4000,0.0000,nan,nan
0.0269,1.9362,0.0293,stand,0.0000,5.3000,0.0000,nan,nan
0.0517,7.2531,0.0292,lateral,1.4806,7.4200,0.0234,0.0422,0.0299
0.0049,10.1205,0.0514,lateral,0.4152,4.7000,0.0005,0.0038,0.0032
0.0324,8.5701,0.0431,lateral,1.3928,4.1000,0.0313,0.0145,0.0290
0.0245,7.0444,0.0129,combined,1.2810,7.2800,0.0189,-0.0020,0.0244
0.0627,10.5525,0.0455,lateral,0.6046,5.6600,0.0228,0.0584,0.0228
0.0358,11.5368,0.0249,straight,1.3478,7.5200,0.0131,0.0150,0.0325
0.0265,1.6859,0.0294,stand,0.0000,4.1200,0.0000,nan,nan
0.0295,8.2627,0.0473,combined,1.2988,4.7200,0.0199,-0.0119,0.0270
0.0497,1.8225,0.0356,combined,2.1541,4.7400,0.0483,0.0144,0.0476
0.0138,2.0141,0.0162,stand,0.0000,7.1200,0.0000,nan,nan
0.0042,5.9968,0.0421,combined,1.0643,6.3600,0.0014,0.0010,0.0041
0.0432,8.5851,0.0570,combined,2.0362,4.7000,0.0432,-0.0375,0.0215
0.0114,6.3703,0.0084,turn,0.0000,5.8200,0.0000,nan,nan
0.0517,8.7374,0.0385,lateral,0.4902,5.5400,0.0430,-0.0478,0.0195
0.0615,11.8957,0.0180,straight,1.6921,6.6200,0.0406,-0.0210,0.0578
0.0498,11.7129,0.0280,straight,1.0388,5.2800,0.0440,-0.0189,0.0460
0.0289,10.8725,0.0118,straight,0.9261,6.5600,0.0030,0.0254,0.0138
0.0474,3.6446,0.0608,turn,0.0000,4.2400,0.0000,nan,nan
0.0337,8.7865,0.0741,combined,1.2679,4.6400,0.0087,0.0321,0.0100
0.0737,0.7428,0.0653,combined,1.6506,7.0600,0.0703,-0.0672,0.0302
0.0454,10.5420,0.0423,straight,1.9531,5.7800,0.0427,-0.0322,0.0320
0.0545,12.7219,0.0894,combined,0.2828,4.5600,0.0493,-0.0310,0.0448
0.0594,11.8904,0.0668,lateral,0.3983,6.8800,0.0231,0.0134,0.0578
0.0644,6.5379,0.0276,lateral,0.6603,5.1800,0.0580,-0.0621,0.0169
0.0387,3.4845,0.0425,straight,0.0002,5.2200,0.0002,nan,nan
0.0198,5.5992,0.0268,lateral,0.3751,6.0600,0.0017,0.0111,0.0164
0.0531,4.7826,0.0238,combined,1.8578,7.9000,0.0070,0.0524,0.0086
0.0350,7.7320,0.0280,straight,1.9286,6.9600,0.0052,0.0203,0.0285
0.0459,4.3316,0.0449,lateral,0.3971,7.7000,0.0221,0.0458,0.0027
0.0542,5.2776,0.0345,straight,0.9322,5.8600,0.0182,0.0426,0.0336
0.0279,3.0266,0.0393,combined,1.7738,5.4600,0.0279,-0.0089,0.0265
0.0180,13.1898,0.0239,combined,0.7197,5.4400,0.0098,-0.0179,0.0017
0.1338,11.0130,0.0802,stand,0.0000,4.7400,0.0000,nan,nan
0.0666,8.4128,0.0071,lateral,0.2704,6.7600,0.0190,-0.0578,0.0331
0.0700,11.1828,0.0242,turn,0.0000,5.0600,0.0000,nan,nan
0.0422,11.0810,0.0719,lateral,0.7089,4.1600,0.0422,-0.0375,0.0195
0.0460,8.2722,0.0297,straight,0.9512,4.5800,0.0460,-0.0434,0.0154
0.0473,1.7613,0.1089,lateral,0.7143,6.1800,0.0176,0.0438,0.0178
0.0095,0.2537,0.0143,stand,0.0000,6.1600,0.0000,nan,nan
0.0597,12.1955,0.0321,turn,0.0000,5.1600,0.0000,nan,nan
0.0377,8.5657,0.0256,combined,1.6106,6.8000,0.0220,0.0377,0.0008
0.0510,7.6240,0.0262,straight,0.7672,4.0800,0.0347,-0.0205,0.0467
0.0344,0.7479,0.0624,combined,1.0987,7.7200,0.0137,0.0242,0.0243
0.0496,9.9183,0.0654,lateral,0.3959,6.0600,0.0232,-0.0445,0.0220
0.0353,14.3967,0.0279,combined,1.1404,6.2400,0.0211,-0.0347,0.0066
0.0321,1.6011,0.0356,lateral,0.8978,7.9800,0.0123,-0.0287,0.0143
0.0535,4.8260,0.1010,lateral,0.1185,7.1800,0.0465,-0.0292,0.0449
0.0638,9.5890,0.0233,combined,1.6969,4.4600,0.0622,-0.0173,0.0614
0.0490,8.0338,0.0218,combined,1.9037,7.0000,0.0372,0.0071,0.0485
0.0183,5.0380,0.0476,combined,1.7200,7.0800,0.0020,0.0083,0.0163
0.0436,14.0982,0.0296,combined,0.2403,4.1000,0.0341,-0.0345,0.0267
0.0749,14.8215,0.0270,turn,0.0000,6.5400,0.0000,nan,nan
0.0300,9.5984,0.0873,straight,0.9019,6.1000,0.0088,-0.0155,0.0257
0.0173,9.2768,0.0337,straight,0.6395,7.6200,0.0070,0.0066,0.0160
0.0396,7.9522,0.0337,turn,0.0000,7.4200,0.0000,nan,nan
0.0704,5.8503,0.0295,straight,1.9179,6.8400,0.0704,-0.0681,0.0177
0.0303,3.0721,0.0401,turn,0.0000,7.8400,0.0000,nan,nan
0.0385,10.8172,0.0462,turn,0.0000,7.6600,0.0000,nan,nan
0.0207,6.7607,0.0536,combined,2.1487,4.6200,0.0205,-0.0099,0.0181
0.0239,7.0407,0.0402,combined,1.7322,7.7200,0.0049,-0.0233,0.0053
0.0706,14.3080,0.0538,combined,1.1436,7.3800,0.0344,-0.0127,0.0695
0.0164,0.6094,0.0196,turn,0.0000,7.2000,0.0000,nan,nan
0.0087,5.9588,0.0377,straight,1.9850,5.8000,0.0087,-0.0079,0.0036
0.0317,5.5012,0.0093,combined,1.4470,6.4000,0.0309,-0.0204,0.0242
0.0089,10.6164,0.0089,turn,0.0000,7.3800,0.0000,nan,nan
0.0425,12.2544,0.0180,turn,0.0000,4.6200,0.0000,nan,nan
0.0605,4.5326,0.0432,combined,0.2918,5.7800,0.0111,0.0551,0.0250
0.0330,5.3818,0.0213,straight,0.0981,4.3000,0.0034,0.0146,0.0295
0.0322,5.8651,0.0314,turn,0.0000,6.5600,0.0000,nan,nan
0.0379,7.8591,0.0075,straight,1.1403,7.6000,0.0274,-0.0159,0.0344
0.0794,9.3698,0.0962,straight,0.6287,6.6200,0.0761,-0.0704,0.0366
0.0532,4.0677,0.0140,turn,0.0000,7.4000,0.0000,nan,nan
0.0654,6.4157,0.0673,combined,0.5350,4.2400,0.0293,0.0413,0.0507
0.0738,8.2586,0.0286,turn,0.0000,6.9200,0.0000,nan,nan
0.0329,11.0253,0.0879,combined,1.5327,5.8000,0.0329,0.0071,0.0322
0.0510,2.6257,0.0376,lateral,0.7906,6.9800,0.0079,0.0495,0.0122
0.0507,5.6209,0.0158,lateral,1.2063,7.6800,0.0303,-0.0427,0.0273
0.0334,11.9960,0.0443,straight,1.9015,7.2800,0.0170,0.0228,0.0245
0.0329,0.2859,0.0185,stand,0.0000,7.5800,0.0000,nan,nan
0.0288,13.9798,0.0701,lateral,1.4170,5.5400,0.0288,-0.0270,0.0100
0.0286,10.0597,0.0272,turn,0.0000,4.9400,0.0000,nan,nan
0.0660,9.0360,0.0390,combined,1.9136,5.4000,0.0603,-0.0215,0.0624
0.0643,9.5877,0.0338,straight,0.8492,7.5000,0.0040,0.0452,0.0457
0.0650,12.3868,0.0505,straight,0.3195,5.5800,0.0324,0.0433,0.0484
0.0451,2.8100,0.0508,lateral,0.2124,7.2800,0.0222,0.0353,0.0281
0.0989,11.1153,0.0399,stand,0.0000,4.3000,0.0000,nan,nan
0.0694,18.3071,0.0044,stand,0.0000,7.4400,0.0000,nan,nan
0.0412,9.1525,0.0227,lateral,0.1768,4.3400,0.0268,0.0392,0.0128
0.0598,1.6901,0.0394,lateral,0.5001,5.4600,0.0424,0.0141,0.0581
0.0471,14.4475,0.0427,lateral,0.7923,6.3000,0.0393,-0.0394,0.0259
0.0345,5.8014,0.0569,lateral,1.2779,6.5800,0.0103,-0.0211,0.0272
0.0275,10.5236,0.0275,turn,0.0000,5.0200,0.0000,nan,nan
0.0499,9.4096,0.0476,lateral,0.9052,6.4400,0.0386,-0.0499,0.0001
0.0088,9.3370,0.0102,combined,2.4434,7.5800,0.0086,0.0032,0.0082
0.0344,8.5411,0.0485,combined,0.7869,6.9600,0.0162,-0.0264,0.0219
0.0533,0.2382,0.0067,combined,0.4509,5.4800,0.0525,-0.0499,0.0185
0.0632,7.5584,0.0206,turn,0.0000,7.1000,0.0000,nan,nan
0.0640,14.1461,0.0488,turn,0.0000,5.9200,0.0000,nan,nan
0.0330,10.4880,0.0333,lateral,0.9011,6.1800,0.0263,0.0111,0.0310
0.0713,6.0158,0.0337,straight,0.4221,4.1800,0.0633,-0.0241,0.0671
0.0341,2.6396,0.0060,stand,0.0000,7.9400,0.0000,nan,nan
0.0701,14.7256,0.0678,straight,0.5945,7.7800,0.0593,0.0052,0.0699
0.0309,10.1741,0.0187,straight,0.1232,7.7600,0.0281,0.0218,0.0219
0.0224,9.7299,0.0168,combined,2.0716,4.5400,0.0196,-0.0044,0.0219
0.0554,9.8780,0.0168,combined,1.4924,7.9400,0.0425,-0.0546,0.0094
0.0164,2.0737,0.0475,stand,0.0000,4.5600,0.0000,nan,nan
0.0417,6.7622,0.0161,straight,1.5540,6.7800,0.0168,0.0146,0.0391
0.0659,2.5633,0.0295,combined,1.2347,7.3800,0.0410,0.0412,0.0515
0.0525,6.7133,0.0443,lateral,0.4060,5.7400,0.0390,-0.0485,0.0200
0.0308,5.6599,0.0095,lateral,0.3773,5.1400,0.0277,-0.0177,0.0253
0.0446,11.2551,0.0491,turn,0.0000,5.9000,0.0000,nan,nan
0.0548,3.4865,0.0198,combined,0.4312,4.6000,0.0548,-0.0399,0.0375
0.0463,4.9173,0.0213,combined,1.9542,6.6800,0.0376,0.0325,0.0331
0.0506,13.5132,0.0242,combined,1.6673,7.4400,0.0382,0.0435,0.0257
0.0768,2.0264,0.0323,combined,2.0911,5.3000,0.0755,-0.0500,0.0584
0.0392,10.3353,0.0237,combined,1.8648,5.7400,0.0386,-0.0383,0.0084
0.0134,4.7372,0.0411,combined,1.7740,4.5600,0.0126,0.0025,0.0131
0.0437,8.4049,0.0390,turn,0.0000,7.0800,0.0000,nan,nan
0.0573,10.8332,0.0315,turn,0.0000,5.9600,0.0000,nan,nan
0.0420,11.7845,0.0417,straight,1.3897,4.2400,0.0420,-0.0151,0.0392
0.0036,1.4187,0.0496,turn,0.0000,7.0800,0.0000,nan,nan
0.0215,4.8874,0.0203,straight,0.3764,6.2600,0.0022,0.0215,0.0012
0.0464,3.3926,0.0520,combined,0.7096,7.8400,0.0105,0.0425,0.0186
0.0633,5.7681,0.0037,turn,0.0000,7.0000,0.0000,nan,nan
0.0532,5.5980,0.0253,combined,1.2274,7.6800,0.0469,0.0077,0.0526
0.0476,0.9055,0.0396,combined,2.2236,5.1600,0.0476,-0.0049,0.0474
0.0183,10.9549,0.0526,straight,1.7619,5.0600,0.0015,0.0182,0.0017
0.0086,8.4342,0.0515,combined,1.5561,4.9600,0.0086,-0.0035,0.0079
0.0131,4.4433,0.0722,straight,1.0199,6.7800,0.0008,0.0131,0.0000
0.0424,11.4628,0.0147,combined,1.3402,7.9600,0.0254,-0.0407,0.0117
0.0355,10.7428,0.0460,combined,1.8938,6.5600,0.0183,-0.0064,0.0349
0.0449,9.7664,0.0468,combined,0.6722,7.8600,0.0445,-0.0401,0.0200
0.0260,9.7648,0.0230,combined,2.0306,6.7600,0.0187,0.0033,0.0258
0.0525,2.3038,0.0214,combined,1.4227,4.1400,0.0478,-0.0478,0.0217
0.0427,4.0240,0.0325,stand,0.0000,5.2400,0.0000,nan,nan
0.0763,1.3158,0.0442,combined,1.9868,5.4200,0.0729,-0.0739,0.0191
0.0638,4.8709,0.0390,turn,0.0000,5.1400,0.0000,nan,nan
0.0381,10.5626,0.0190,turn,0.0000,7.4000,0.0000,nan,nan
0.0204,1.0195,0.0284,stand,0.0000,6.6800,0.0000,nan,nan
0.0681,11.4487,0.0531,combined,1.9342,4.1200,0.0656,-0.0659,0.0171
0.0778,7.3123,0.0047,straight,1.8414,4.1000,0.0736,-0.0633,0.0453
0.0443,2.1531,0.0277,straight,0.1435,5.1800,0.0253,0.0375,0.0237
0.0268,9.9255,0.0274,lateral,0.3355,7.8000,0.0008,-0.0141,0.0228
0.0328,8.4942,0.0535,combined,1.7494,7.8400,0.0025,0.0327,0.0023
0.0142,1.7587,0.0239,stand,0.0000,6.4000,0.0000,nan,nan
0.0606,10.5102,0.0154,straight,1.6316,5.3600,0.0526,-0.0351,0.0493
0.0448,8.6922,0.0494,lateral,1.0817,6.2600,0.0319,-0.0112,0.0434
0.0352,4.9300,0.0336,straight,1.4063,6.8600,0.0161,-0.0339,0.0096
0.0044,3.4027,0.0162,stand,0.0000,5.8000,0.0000,nan,nan
0.0430,12.2445,0.0285,combined,1.1717,6.8400,0.0076,0.0396,0.0168
0.0277,11.2285,0.0484,turn,0.0000,6.2000,0.0000,nan,nan
0.0526,5.3288,0.0749,straight,0.3809,4.4200,0.0372,-0.0510,0.0128
0.0680,1.7382,0.0116,combined,1.2115,5.6200,0.0671,0.0174,0.0657
0.0319,4.3964,0.0219,stand,0.0000,4.2000,0.0000,nan,nan
0.0244,6.5009,0.0526,turn,0.0000,4.9400,0.0000,nan,nan
0.0582,9.1033,0.0287,straight,1.4714,6.5800,0.0513,0.0135,0.0566
0.0579,8.3248,0.0502,turn,0.0000,7.4200,0.0000,nan,nan
0.0472,5.9972,0.0315,combined,1.3467,5.9800,0.0413,-0.0454,0.0130
0.0433,1.5885,0.0008,stand,0.0000,6.0400,0.0000,nan,nan
0.0284,8.6950,0.0462,lateral,1.0715,5.8600,0.0219,-0.0266,0.0099
0.0321,5.1639,0.0534,turn,0.0000,4.3400,0.0000,nan,nan
0.0145,8.2863,0.0149,straight,0.8516,4.5400,0.0036,0.0137,0.0048
0.0449,2.8783,0.0076,turn,0.0000,5.4800,0.0000,nan,nan
0.0287,1.5357,0.0247,stand,0.0000,5.0600,0.0000,nan,nan
0.0919,3.7768,0.0345,lateral,0.3031,6.6200,0.0809,-0.0898,0.0196
0.0304,10.5376,0.0335,combined,1.0222,4.3600,0.0044,-0.0097,0.0288
0.0510,11.3291,0.0327,combined,0.8641,6.3400,0.0392,0.0062,0.0506
0.0430,8.3159,0.0538,lateral,0.4456,5.3400,0.0059,0.0424,0.0069
0.0308,7.1781,0.0212,combined,1.0529,7.1000,0.0169,0.0016,0.0308
0.0288,10.0152,0.0111,straight,1.9969,7.4200,0.0183,-0.0240,0.0158
0.0184,6.4811,0.0449,lateral,0.0419,7.4200,0.0075,0.0151,0.0105
0.0867,9.6875,0.0211,turn,0.0000,5.4200,0.0000,nan,nan
0.0378,2.7466,0.0240,straight,1.2084,7.3000,0.0011,0.0373,0.0061
0.0288,6.2642,0.0663,lateral,0.0191,5.6000,0.0057,0.0277,0.0078
0.0385,8.5948,0.0397,combined,0.6112,5.4200,0.0370,0.0041,0.0383
0.0346,7.6601,0.0562,straight,0.7300,7.1000,0.0000,-0.0157,0.0309
0.0217,5.2775,0.0208,combined,1.8011,5.2000,0.0085,-0.0047,0.0212
0.0259,7.3709,0.0311,straight,0.2273,7.4000,0.0155,0.0077,0.0248
0.0122,11.7208,0.0197,turn,0.0000,5.9600,0.0000,nan,nan
0.0366,1.8990,0.0341,turn,0.0000,7.2200,0.0000,nan,nan
0.0375,0.0578,0.0486,lateral,0.4790,5.3400,0.0245,0.0137,0.0349
0.0233,5.1789,0.0169,straight,0.0297,7.9800,0.0033,0.0222,0.0071
0.0231,4.2433,0.0136,combined,1.8584,7.4400,0.0033,0.0101,0.0208
0.0591,3.4496,0.1012,combined,2.1005,4.9000,0.0591,-0.0397,0.0438
0.0398,9.5535,0.0353,combined,1.0953,7.6200,0.0149,0.0393,0.0062
0.0475,8.8889,0.0441,straight,0.9485,5.9400,0.0052,0.0423,0.0214
0.0295,9.6061,0.0179,combined,0.7319,4.0400,0.0140,-0.0049,0.0290
0.0146,4.6938,0.0370,stand,0.0000,7.0600,0.0000,nan,nan
0.0359,7.5530,0.0481,combined,1.2717,4.7400,0.0225,0.0152,0.0325
0.0127,3.2385,0.0214,combined,1.5106,5.0800,0.0127,0.0005,0.0127
0.0515,12.6561,0.0400,straight,1.8335,6.5400,0.0495,-0.0475,0.0198
0.0125,8.0691,0.0337,combined,0.6122,5.5000,0.0020,0.0094,0.0082
0.0566,5.7688,0.0298,lateral,1.4359,6.6600,0.0393,-0.0467,0.0321
0.0605,4.4711,0.0290,stand,0.0000,5.3800,0.0000,nan,nan
0.0701,8.0434,0.0552,turn,0.0000,5.0600,0.0000,nan,nan
0.0436,10.1935,0.0404,straight,0.2883,7.1800,0.0345,0.0160,0.0406
0.0413,8.0680,0.0355,combined,1.2317,6.2400,0.0384,0.0393,0.0126
0.0266,10.8934,0.0806,lateral,0.8392,7.2000,0.0090,0.0072,0.0256
0.0519,9.3954,0.0145,turn,0.0000,6.3200,0.0000,nan,nan
0.0257,5.1350,0.0477,lateral,1.2277,7.3200,0.0103,0.0220,0.0134
0.0203,8.9520,0.0383,lateral,0.7008,7.9000,0.0172,-0.0041,0.0199
0.0102,2.0470,0.0784,lateral,0.5614,4.5800,0.0098,-0.0075,0.0068
0.0704,1.8120,0.0647,combined,1.9052,4.5600,0.0694,-0.0567,0.0417
0.0209,3.1121,0.0046,turn,0.0000,6.6800,0.0000,nan,nan
0.0292,6.0304,0.0399,lateral,0.0050,7.9400,0.0006,0.0225,0.0186
0.0378,6.3040,0.0241,combined,1.0323,6.3800,0.0295,0.0373,0.0056
0.0178,7.6646,0.0492,straight,0.1146,5.8600,0.0085,-0.0049,0.0171
0.0536,11.8606,0.0135,combined,1.3207,6.0400,0.0368,0.0187,0.0502
0.1801,28.7063,0.1501,stand,0.0000,4.9800,0.0000,nan,nan
0.0525,2.7127,0.0615,turn,0.0000,7.5000,0.0000,nan,nan
0.0591,3.5183,0.0313,combined,1.3410,5.2800,0.0070,0.0583,0.0093
0.0410,6.7698,0.0151,straight,0.5943,6.3000,0.0325,-0.0082,0.0402
0.0072,5.1373,0.0386,stand,0.0000,5.2600,0.0000,nan,nan
0.0331,5.2348,0.0341,lateral,1.1578,5.5600,0.0331,-0.0097,0.0316
0.0767,2.4593,0.0451,stand,0.0000,4.2000,0.0000,nan,nan
0.0499,2.2730,0.0357,lateral,0.3597,4.5000,0.0420,-0.0497,0.0041
0.0427,10.1742,0.0251,turn,0.0000,4.9400,0.0000,nan,nan
0.0372,9.8550,0.0515,lateral,1.3463,7.0800,0.0337,-0.0339,0.0154
0.0364,1.8020,0.0094,straight,1.9535,7.1000,0.0314,-0.0241,0.0272
0.0188,2.3995,0.0212,stand,0.0000,4.3200,0.0000,nan,nan
0.0341,7.9195,0.0442,straight,1.0379,6.9600,0.0317,-0.0055,0.0337
0.0294,4.6249,0.0206,stand,0.0000,6.9800,0.0000,nan,nan
0.0211,0.8196,0.0438,turn,0.0000,7.0600,0.0000,nan,nan
0.0120,4.6985,0.0169,lateral,0.7129,7.4400,0.0073,-0.0105,0.0058
0.0412,3.9553,0.0585,turn,0.0000,5.2400,0.0000,nan,nan
0.0435,2.1582,0.0062,stand,0.0000,6.4000,0.0000,nan,nan
0.0473,8.3399,0.0541,straight,0.7999,5.8400,0.0254,0.0159,0.0445
0.0580,14.3290,0.0368,combined,0.9896,7.8800,0.0417,-0.0051,0.0578
0.0322,10.9922,0.0282,lateral,0.0204,5.1400,0.0204,-0.0157,0.0281
0.0512,0.5917,0.0575,combined,1.4640,7.3200,0.0457,-0.0389,0.0333
0.0122,1.1407,0.0348,turn,0.0000,4.0400,0.0000,nan,nan
0.0381,5.0030,0.0417,straight,0.5821,6.5800,0.0108,0.0092,0.0370
0.0212,11.0181,0.0086,combined,1.2428,7.6000,0.0032,-0.0022,0.0211
0.0494,12.8924,0.0082,turn,0.0000,7.2200,0.0000,nan,nan
0.0305,14.2411,0.0378,straight,0.5889,6.9800,0.0303,-0.0049,0.0301
0.0151,5.2499,0.0385,combined,2.1521,6.5800,0.0151,-0.0137,0.0064
0.0642,5.9689,0.0044,combined,1.9038,5.2200,0.0537,-0.0524,0.0371
0.0386,2.9020,0.0560,combined,2.4002,6.3800,0.0224,-0.0366,0.0121
0.0147,0.0537,0.0519,stand,0.0000,5.5800,0.0000,nan,nan
0.0744,7.2279,0.0455,combined,0.9059,7.9800,0.0738,-0.0634,0.0390
0.0230,14.0215,0.0407,combined,1.6474,4.5400,0.0230,-0.0218,0.0074
0.0521,0.3147,0.0120,stand,0.0000,5.4000,0.0000,nan,nan
0.0140,0.0761,0.0360,stand,0.0000,7.9400,0.0000,nan,nan
0.0400,11.3063,0.0437,combined,0.8164,5.7800,0.0199,0.0386,0.0104
0.0183,10.2452,0.0315,combined,1.5868,7.2200,0.0109,0.0033,0.0180
0.0324,2.2704,0.0129,stand,0.0000,4.7400,0.0000,nan,nan
0.0414,12.3268,0.0201,combined,1.3291,5.6200,0.0132,0.0352,0.0218
0.0486,8.9535,0.0588,straight,1.8213,7.1400,0.0288,0.0041,0.0485
0.0434,13.8931,0.0266,lateral,0.5843,5.5400,0.0426,-0.0150,0.0408
0.0160,6.6231,0.0393,stand,0.0000,5.4600,0.0000,nan,nan
0.0360,3.7441,0.0185,stand,0.0000,4.6600,0.0000,nan,nan
0.0367,12.3608,0.0218,lateral,1.1522,6.9400,0.0354,-0.0244,0.0275
0.0125,10.8776,0.0627,lateral,1.1378,5.9200,0.0089,0.0084,0.0093
0.0192,9.3530,0.0326,straight,0.2276,5.3400,0.0002,0.0143,0.0128
0.0558,11.5211,0.0692,turn,0.0000,6.8200,0.0000,nan,nan
0.0521,1.3896,0.0235,stand,0.0000,6.1400,0.0000,nan,nan
0.0431,0.2163,0.0283,lateral,0.6995,7.0800,0.0417,-0.0240,0.0358
0.0231,4.5603,0.0343,turn,0.0000,5.1200,0.0000,nan,nan
0.0221,4.6882,0.0786,combined,1.8818,7.8200,0.0201,-0.0169,0.0142
0.0191,10.0548,0.0100,turn,0.0000,6.2800,0.0000,nan,nan
0.0496,8.2970,0.0370,straight,0.3904,5.4600,0.0469,-0.0493,0.0053
0.0222,8.9761,0.0330,turn,0.0000,6.8800,0.0000,nan,nan
0.0237,9.4749,0.0294,straight,0.5020,7.8400,0.0154,0.0051,0.0231
0.0422,9.2430,0.0704,combined,1.4302,4.8400,0.0346,-0.0295,0.0302
0.0764,3.8929,0.0566,lateral,0.2114,7.9000,0.0203,0.0754,0.0122
0.0378,10.2216,0.0536,combined,0.9922,5.0800,0.0306,-0.0378,0.0005
0.0647,1.2307,0.0403,lateral,0.7318,4.0200,0.0091,0.0618,0.0192
0.0481,7.2401,0.0470,turn,0.0000,4.2200,0.0000,nan,nan
0.0322,8.9736,0.0272,straight,1.8050,5.4800,0.0234,-0.0069,0.0315
0.0483,10.3821,0.0285,turn,0.0000,5.2600,0.0000,nan,nan
0.0700,5.0869,0.0320,straight,1.9837,7.5000,0.0187,0.0564,0.0415
0.0305,8.3578,0.0829,straight,1.0021,7.0800,0.0281,-0.0286,0.0107
0.0157,1.5811,0.0282,straight,1.0392,6.3200,0.0017,0.0094,0.0125
0.1284,17.2677,0.0629,stand,0.0000,4.5200,0.0000,nan,nan
0.0540,4.8505,0.0282,combined,1.4493,7.9600,0.0465,0.0070,0.0535
0.0100,9.9739,0.0038,turn,0.0000,6.0600,0.0000,nan,nan
0.0854,7.6642,0.0285,combined,1.0117,6.9000,0.0681,-0.0822,0.0234
0.0233,13.0765,0.0541,turn,0.0000,7.5600,0.0000,nan,nan
0.0333,9.7545,0.0071,straight,1.7376,7.4800,0.0241,-0.0170,0.0286
0.0667,5.5880,0.0178,combined,0.6181,4.9600,0.0557,0.0571,0.0344
0.0645,2.2750,0.0117,straight,0.8243,4.4200,0.0524,-0.0124,0.0633
0.0563,6.1247,0.0268,lateral,0.4391,4.5200,0.0218,0.0248,0.0505
0.0208,8.8902,0.0255,lateral,1.1569,5.5200,0.0178,-0.0107,0.0179
0.0399,5.4859,0.0517,lateral,0.3022,6.1800,0.0397,-0.0378,0.0130
0.0612,8.1043,0.0111,lateral,0.3544,5.1800,0.0446,0.0353,0.0500
0.0278,10.0310,0.0354,turn,0.0000,6.8800,0.0000,nan,nan
0.0058,6.9599,0.0269,straight,1.7171,6.0800,0.0058,-0.0058,0.0006
0.0506,12.8305,0.0290,turn,0.0000,5.6800,0.0000,nan,nan
0.0048,4.9296,0.0696,straight,0.8682,6.5400,0.0010,-0.0007,0.0048
0.0731,4.3279,0.0246,turn,0.0000,5.5600,0.0000,nan,nan
0.0480,6.3282,0.0544,lateral,1.4993,5.0600,0.0425,0.0109,0.0468
0.0139,12.2894,0.0143,turn,0.0000,7.1200,0.0000,nan,nan
0.0323,8.9164,0.0139,combined,0.5837,6.5800,0.0170,-0.0097,0.0308
0.0427,1.2986,0.0239,stand,0.0000,7.8400,0.0000,nan,nan
0.0476,2.0776,0.0348,lateral,0.8135,7.1800,0.0416,0.0396,0.0264
0.0174,2.1303,0.0297,stand,0.0000,4.6400,0.0000,nan,nan
0.0200,3.8070,0.0327,straight,1.9011,7.0800,0.0149,-0.0063,0.0189
0.0298,3.7357,0.0127,stand,0.0000,7.2600,0.0000,nan,nan
0.0049,13.3338,0.0430,straight,1.6426,5.9800,0.0046,-0.0009,0.0048
0.0367,4.9050,0.0439,straight,1.3791,7.2200,0.0246,-0.0365,0.0041
0.0274,8.8519,0.0309,combined,1.0150,7.1600,0.0080,0.0249,0.0116
0.0975,11.3791,0.0397,lateral,1.0704,4.6800,0.0897,-0.0972,0.0068
0.0512,9.8070,0.0286,straight,0.7749,4.0200,0.0386,0.0162,0.0486
0.0062,2.9348,0.0295,stand,0.0000,6.9000,0.0000,nan,nan
0.0512,8.3843,0.0207,lateral,0.2520,5.6000,0.0291,0.0337,0.0386
0.1037,8.0385,0.0389,lateral,1.3030,4.1000,0.1001,-0.0996,0.0290
0.0676,6.5576,0.0734,turn,0.0000,5.4600,0.0000,nan,nan
0.0464,5.8928,0.0594,combined,1.0881,4.0000,0.0273,-0.0300,0.0354
0.0718,7.4125,0.0526,combined,1.7040,5.2600,0.0649,-0.0636,0.0333
0.0542,7.4462,0.0417,turn,0.0000,4.9600,0.0000,nan,nan
0.0558,1.6203,0.0260,stand,0.0000,7.8000,0.0000,nan,nan
0.0154,13.2974,0.0248,straight,1.3310,7.9000,0.0112,0.0040,0.0149
0.0438,8.1489,0.0298,lateral,0.6700,6.7400,0.0282,0.0204,0.0388
0.0484,13.8399,0.0422,turn,0.0000,7.8600,0.0000,nan,nan
0.0405,8.3774,0.0079,turn,0.0000,6.5400,0.0000,nan,nan
0.0495,7.2282,0.0372,turn,0.0000,5.3200,0.0000,nan,nan
0.0216,8.6371,0.0123,combined,1.2512,6.8000,0.0003,0.0174,0.0128
0.0440,6.0686,0.0431,combined,0.9507,7.6200,0.0410,-0.0368,0.0240
0.0400,9.8120,0.0046,combined,2.3794,7.6600,0.0034,0.0161,0.0366
0.0312,14.2293,0.0390,straight,0.3310,7.5600,0.0113,0.0078,0.0302
0.0547,5.2431,0.0060,combined,1.9237,5.8800,0.0347,-0.0049,0.0544
0.0023,0.5617,0.0127,stand,0.0000,4.0800,0.0000,nan,nan
0.0327,0.0392,0.0312,stand,0.0000,6.1600,0.0000,nan,nan
0.0415,6.6182,0.0366,combined,1.8433,7.0600,0.0368,0.0017,0.0415
0.0387,8.0319,0.0363,straight,0.4843,7.0800,0.0253,-0.0124,0.0366
0.0650,2.4929,0.0168,combined,1.0915,7.1400,0.0438,-0.0311,0.0571
0.0667,8.3533,0.0402,lateral,0.7628,7.5400,0.0633,-0.0589,0.0312
0.0554,7.7358,0.0642,turn,0.0000,6.0800,0.0000,nan,nan
0.0479,9.0128,0.0305,straight,0.3222,7.9600,0.0376,-0.0388,0.0281
0.0416,11.9654,0.0137,combined,1.3751,5.9400,0.0173,0.0234,0.0344
0.0498,5.7493,0.0417,combined,1.7145,7.8600,0.0284,0.0083,0.0491
0.0254,3.4757,0.0476,lateral,0.2855,4.8000,0.0217,-0.0253,0.0015
0.0300,8.5144,0.0004,lateral,0.6189,5.0000,0.0267,-0.0300,0.0001
0.0453,13.0759,0.0206,combined,0.6269,6.5200,0.0354,0.0274,0.0361
0.0437,8.0970,0.0322,straight,0.9440,5.9000,0.0406,0.0102,0.0425
0.0263,7.9670,0.0196,combined,1.0327,6.7200,0.0144,-0.0058,0.0257
0.0165,5.6490,0.0115,combined,0.9741,7.7400,0.0065,0.0057,0.0155
0.0618,9.8999,0.0483,combined,1.5978,7.1000,0.0515,-0.0525,0.0325
0.0267,5.1760,0.0038,combined,1.7586,4.9400,0.0267,-0.0264,0.0034
0.0415,5.9306,0.0093,straight,0.3209,5.6000,0.0248,0.0042,0.0413
0.0409,7.6118,0.0548,turn,0.0000,4.3400,0.0000,nan,nan
0.0262,9.6211,0.0536,combined,2.0268,7.3800,0.0145,-0.0222,0.0140
0.0264,9.8140,0.0234,turn,0.0000,4.9200,0.0000,nan,nan
0.0536,11.9555,0.0301,combined,0.7149,4.5800,0.0429,-0.0492,0.0214
0.0302,7.1049,0.0073,straight,0.2704,4.3200,0.0105,0.0278,0.0119
0.0310,5.1758,0.0245,combined,0.9162,6.4600,0.0194,-0.0054,0.0305
0.0335,3.4816,0.0228,turn,0.0000,4.6200,0.0000,nan,nan
0.0299,5.2931,0.0494,combined,1.1274,4.4200,0.0263,0.0109,0.0278
0.0431,3.7050,0.0126,straight,1.8227,7.0800,0.0195,0.0362,0.0233
0.0274,2.5782,0.0261,lateral,0.0116,6.2800,0.0005,0.0174,0.0211
0.0073,6.0921,0.0098,combined,1.0137,4.2800,0.0073,0.0020,0.0070
0.0361,11.8664,0.0522,lateral,0.9090,5.9400,0.0199,0.0348,0.0098
0.0504,11.6310,0.0456,lateral,0.0272,7.7600,0.0185,0.0054,0.0501
0.0050,11.0829,0.0567,lateral,0.2864,6.6000,0.0049,0.0004,0.0049
0.0358,7.0614,0.0300,combined,0.6973,7.4600,0.0310,-0.0357,0.0029
0.0681,5.5590,0.0360,lateral,1.4799,4.7200,0.0596,0.0566,0.0379
0.0532,6.2898,0.0236,lateral,0.4417,6.5600,0.0309,-0.0363,0.0389
0.0452,6.7908,0.0315,turn,0.0000,7.4400,0.0000,nan,nan
0.0452,9.3239,0.0565,straight,1.7576,6.8400,0.0388,0.0186,0.0412
0.0725,12.0636,0.0613,straight,0.4683,6.2400,0.0018,0.0618,0.0379
0.0346,8.5139,0.0214,combined,2.1425,5.4600,0.0302,-0.0171,0.0301
0.0409,5.1936,0.0158,lateral,1.3654,6.3400,0.0365,-0.0253,0.0321
0.0700,11.1624,0.0476,turn,0.0000,7.5200,0.0000,nan,nan
0.0315,12.5424,0.0343,lateral,0.2698,6.1000,0.0010,0.0288,0.0127
0.0249,3.4357,0.0264,turn,0.0000,4.5400,0.0000,nan,nan
0.0355,6.6283,0.0077,lateral,0.6220,6.1000,0.0299,-0.0265,0.0237
0.0548,5.7501,0.0236,turn,0.0000,4.5800,0.0000,nan,nan
0.0492,9.6535,0.0241,turn,0.0000,5.8800,0.0000,nan,nan
0.0321,1.7293,0.0087,turn,0.0000,4.3800,0.0000,nan,nan
0.0237,7.6124,0.0325,lateral,1.1179,4.0000,0.0236,-0.0060,0.0229
0.0610,3.5529,0.0502,turn,0.0000,4.9800,0.0000,nan,nan
0.0268,5.8437,0.0160,turn,0.0000,4.7400,0.0000,nan,nan
0.0278,1.5748,0.0757,straight,1.5032,4.4600,0.0069,-0.0125,0.0248
0.0208,13.3781,0.0237,combined,1.5271,7.3400,0.0085,0.0001,0.0208
0.0519,7.4798,0.0572,turn,0.0000,4.3200,0.0000,nan,nan
0.0393,12.3246,0.0605,straight,1.1612,7.3400,0.0186,-0.0149,0.0364
0.0384,3.9704,0.0300,stand,0.0000,6.1600,0.0000,nan,nan
0.0356,3.3149,0.0359,combined,1.1405,4.3600,0.0336,0.0034,0.0354
0.0148,9.6299,0.0486,combined,1.2453,5.4000,0.0104,-0.0043,0.0142
0.0664,11.8878,0.0292,turn,0.0000,5.6400,0.0000,nan,nan
0.0293,6.8013,0.0156,turn,0.0000,7.6200,0.0000,nan,nan
0.0482,4.6019,0.0218,straight,0.5286,4.3000,0.0398,0.0277,0.0395
0.0482,10.9592,0.0639,straight,1.5358,6.3400,0.0482,-0.0256,0.0408
0.0695,5.4531,0.0534,combined,0.8124,7.3400,0.0516,-0.0510,0.0471
0.0202,11.3935,0.0191,combined,1.0892,7.1400,0.0146,-0.0104,0.0173
0.0295,0.0165,0.0698,combined,1.8449,5.1200,0.0046,0.0249,0.0159
0.0465,4.3893,0.0445,lateral,0.1072,5.7400,0.0307,-0.0389,0.0256
0.0172,4.5515,0.0297,lateral,0.1298,4.4600,0.0079,0.0172,0.0011
0.0151,0.9370,0.0994,straight,0.8353,7.5200,0.0147,0.0016,0.0150
0.0160,10.7853,0.0487,lateral,0.8581,4.8800,0.0059,0.0136,0.0083
0.0627,6.1001,0.0571,straight,0.3554,6.4600,0.0423,-0.0165,0.0605
0.0060,4.4493,0.0593,turn,0.0000,4.5400,0.0000,nan,nan
0.0297,6.5786,0.0451,combined,1.0411,6.1600,0.0074,0.0285,0.0082
0.0547,4.3546,0.0768,combined,1.3001,4.1000,0.0521,-0.0283,0.0468
0.0156,3.3822,0.0266,stand,0.0000,7.8000,0.0000,nan,nan
0.0547,9.1200,0.0202,combined,2.1753,7.3400,0.0073,0.0515,0.0184
0.0357,9.2013,0.0261,lateral,0.2871,6.8200,0.0134,0.0253,0.0252
0.0219,7.8561,0.0162,combined,1.8330,6.3800,0.0041,-0.0031,0.0217
0.0196,8.0173,0.0262,lateral,1.1122,6.4800,0.0196,-0.0160,0.0113
0.0359,3.6112,0.0225,turn,0.0000,4.5800,0.0000,nan,nan
0.0595,0.8310,0.0229,lateral,1.0532,4.0600,0.0592,-0.0594,0.0031
0.0157,3.8536,0.0182,combined,1.3324,4.8600,0.0063,-0.0003,0.0157
0.0581,5.5329,0.0661,turn,0.0000,5.9600,0.0000,nan,nan
0.0410,9.3729,0.0240,combined,1.4626,7.3800,0.0408,-0.0261,0.0316
0.0124,10.5173,0.0100,combined,0.2872,5.7600,0.0069,-0.0041,0.0117
0.0303,5.6170,0.0541,straight,0.4239,4.3200,0.0022,0.0285,0.0103
0.0119,10.4687,0.0190,straight,1.6197,4.1200,0.0063,0.0002,0.0119
0.0166,2.5674,0.0308,lateral,0.3359,4.7000,0.0019,-0.0020,0.0165
0.0886,9.6137,0.0201,straight,0.6368,5.5600,0.0864,-0.0056,0.0884
0.0333,2.4064,0.0386,lateral,0.5249,5.6600,0.0332,-0.0172,0.0285
0.0475,2.5874,0.0379,turn,0.0000,6.1600,0.0000,nan,nan
0.0788,7.0489,0.0263,turn,0.0000,7.6600,0.0000,nan,nan
0.0554,0.4436,0.0691,lateral,1.0866,6.9400,0.0420,0.0470,0.0293
0.0638,2.3929,0.0642,turn,0.0000,6.4400,0.0000,nan,nan
0.0088,4.2160,0.0113,turn,0.0000,7.2600,0.0000,nan,nan
0.0286,12.7319,0.0305,turn,0.0000,7.8200,0.0000,nan,nan
0.0472,8.0346,0.0276,combined,1.4734,5.3800,0.0424,-0.0276,0.0383
0.0333,2.8111,0.0094,combined,1.9716,4.8400,0.0119,0.0023,0.0332
0.0355,4.4444,0.0655,turn,0.0000,7.9800,0.0000,nan,nan
0.0138,8.8546,0.0751,lateral,0.7279,4.0800,0.0122,-0.0097,0.0098
0.0078,2.9923,0.0178,combined,1.1008,7.8600,0.0045,-0.0024,0.0074
0.0184,11.9685,0.0125,lateral,0.8039,6.2400,0.0128,-0.0153,0.0103
0.0545,6.9578,0.0544,straight,1.5719,6.9000,0.0326,-0.0434,0.0330
0.0312,6.0873,0.0377,combined,0.9156,7.2000,0.0177,-0.0053,0.0307
0.0251,11.5731,0.0600,lateral,0.0681,4.8600,0.0038,0.0219,0.0123
0.0245,10.2355,0.0393,lateral,1.0597,4.2200,0.0203,-0.0202,0.0138
0.0141,9.9897,0.0736,turn,0.0000,4.3600,0.0000,nan,nan
0.0433,8.3729,0.0204,lateral,1.0527,5.1200,0.0332,0.0372,0.0221
0.0500,14.7868,0.0426,lateral,0.8598,4.7400,0.0184,0.0429,0.0257
0.0433,11.3996,0.0370,combined,1.1186,5.4000,0.0168,0.0431,0.0045
0.0249,0.4454,0.0152,stand,0.0000,4.0800,0.0000,nan,nan
0.0659,11.4751,0.0293,straight,0.4721,5.5600,0.0243,0.0543,0.0375
0.0275,0.4627,0.0428,stand,0.0000,6.4600,0.0000,nan,nan
0.0463,15.3317,0.0507,lateral,1.3052,4.8000,0.0413,-0.0354,0.0298
0.0813,13.8183,0.0119,combined,2.3581,4.7600,0.0813,-0.0803,0.0121
0.0618,3.1664,0.0168,lateral,1.2688,4.7800,0.0618,-0.0603,0.0138
0.0522,9.8753,0.0089,combined,1.5559,7.6000,0.0269,0.0407,0.0328
0.0613,11.0385,0.0406,combined,1.9928,4.4400,0.0480,-0.0147,0.0595
0.0166,3.1542,0.0258,straight,1.6049,6.0600,0.0024,0.0140,0.0090
0.0547,4.3550,0.0388,combined,2.1590,4.1000,0.0547,-0.0289,0.0464
0.0869,5.0176,0.0290,combined,1.8205,4.8400,0.0351,0.0852,0.0175
0.0191,6.8149,0.0771,turn,0.0000,5.5200,0.0000,nan,nan
0.0120,1.9700,0.0237,stand,0.0000,7.0800,0.0000,nan,nan
0.0594,9.1184,0.0208,straight,1.3138,7.7200,0.0451,-0.0096,0.0586
0.0360,1.1204,0.0453,combined,1.4815,5.6000,0.0148,0.0358,0.0039
0.0758,3.9904,0.0158,lateral,0.3083,5.6600,0.0639,-0.0473,0.0592
0.0370,17.0914,0.0138,combined,0.9681,4.6800,0.0034,0.0369,0.0009
0.0477,0.3742,0.0282,stand,0.0000,7.3800,0.0000,nan,nan
0.0214,10.6617,0.0388,combined,2.2001,6.7000,0.0027,0.0145,0.0157
0.0432,8.3754,0.0436,straight,0.8591,7.6600,0.0278,-0.0136,0.0410
0.0145,8.8347,0.0215,combined,0.9720,4.2800,0.0075,-0.0143,0.0027
0.0398,10.5004,0.0322,turn,0.0000,6.8200,0.0000,nan,nan
0.0412,10.1258,0.0475,lateral,0.6878,4.9400,0.0406,0.0037,0.0410
0.0490,6.8079,0.0347,straight,1.9379,5.9400,0.0429,-0.0110,0.0477
0.0541,10.7976,0.0442,combined,0.8720,7.1800,0.0541,0.0065,0.0537
0.0489,11.0569,0.0702,turn,0.0000,5.2200,0.0000,nan,nan
0.0368,12.2538,0.0237,straight,1.8863,7.2400,0.0304,0.0221,0.0294
0.0566,7.0874,0.0612,combined,1.2919,4.3600,0.0163,0.0307,0.0476
0.0044,8.3293,0.0411,straight,0.8412,6.1600,0.0036,-0.0042,0.0014
0.0438,2.7625,0.0537,turn,0.0000,7.9600,0.0000,nan,nan
0.0222,5.9001,0.0415,lateral,0.2457,6.8400,0.0161,0.0114,0.0191
0.0393,4.8967,0.0097,turn,0.0000,4.9000,0.0000,nan,nan
0.0148,7.8003,0.0376,lateral,0.4916,7.2600,0.0074,-0.0017,0.0147
0.0473,9.8258,0.0479,combined,1.5102,5.1400,0.0396,-0.0342,0.0326
0.0360,3.7931,0.0332,straight,0.0567,6.6800,0.0015,0.0249,0.0259
0.0132,6.9181,0.0728,turn,0.0000,7.8600,0.0000,nan,nan
0.0429,4.2888,0.0377,combined,0.7921,7.9000,0.0261,-0.0319,0.0287
0.0249,12.3527,0.0532,combined,0.6375,4.9800,0.0249,-0.0235,0.0083
0.0461,1.4088,0.0134,stand,0.0000,7.3400,0.0000,nan,nan
0.0193,10.1865,0.0223,combined,0.6663,6.5600,0.0109,0.0076,0.0177
0.0070,3.2714,0.0582,combined,0.6746,6.0800,0.0003,0.0067,0.0023
0.0369,7.2566,0.0544,straight,0.6026,7.3400,0.0116,0.0046,0.0367
0.0527,7.7223,0.0074,straight,1.1054,7.0200,0.0324,-0.0057,0.0524
0.0382,4.2155,0.0252,turn,0.0000,5.9000,0.0000,nan,nan
0.0544,5.7336,0.0306,lateral,0.2298,7.0000,0.0516,-0.0378,0.0391
0.0087,10.3450,0.0588,lateral,1.4200,6.3200,0.0034,-0.0013,0.0086
0.0122,10.9623,0.0254,lateral,1.2305,5.0200,0.0046,0.0094,0.0078
0.0319,15.7914,0.0530,combined,2.0051,5.6600,0.0319,0.0319,0.0023
0.0068,12.1880,0.0147,turn,0.0000,4.8200,0.0000,nan,nan
0.0816,9.5507,0.0291,combined,1.7732,4.1000,0.0816,-0.0816,0.0009
0.0435,12.7192,0.0542,straight,0.9003,7.8200,0.0432,-0.0116,0.0419
0.0241,8.2143,0.0260,lateral,0.2639,6.8200,0.0091,0.0133,0.0201
0.0407,0.4471,0.0505,stand,0.0000,7.3800,0.0000,nan,nan
0.0359,9.4459,0.0686,turn,0.0000,4.6000,0.0000,nan,nan
0.0334,5.6299,0.0594,combined,1.8448,5.6400,0.0281,-0.0273,0.0192
0.0399,11.5158,0.0648,lateral,1.1873,6.7400,0.0168,-0.0021,0.0398
0.0358,10.0726,0.0320,combined,1.1181,4.7400,0.0266,-0.0334,0.0128
0.0168,9.0808,0.0109,combined,2.1889,6.1200,0.0097,-0.0099,0.0136
0.0193,4.0897,0.0492,combined,1.7178,7.2600,0.0027,0.0134,0.0138
0.0542,7.9908,0.0742,turn,0.0000,5.1000,0.0000,nan,nan
0.0617,9.9583,0.0246,combined,1.9799,7.5000,0.0434,0.0321,0.0527
0.0100,9.0419,0.0380,straight,1.7064,6.1000,0.0083,-0.0100,0.0007
0.0298,10.2023,0.0904,turn,0.0000,5.9400,0.0000,nan,nan
0.0375,6.8845,0.0260,combined,0.8154,7.6800,0.0199,-0.0127,0.0353
0.0561,7.0275,0.1038,combined,0.9256,5.8800,0.0401,0.0105,0.0552
0.0560,13.0017,0.0214,straight,0.4550,7.0800,0.0352,0.0220,0.0515
0.0605,2.8862,0.0412,lateral,0.0660,6.7000,0.0565,-0.0578,0.0179
0.0556,10.5831,0.0044,turn,0.0000,5.7200,0.0000,nan,nan
0.0300,15.1352,0.0535,combined,0.4667,4.1200,0.0298,-0.0205,0.0218
0.0592,9.0248,0.0749,straight,1.1967,5.1400,0.0504,-0.0429,0.0408
0.0393,5.3375,0.0634,straight,0.7961,5.4800,0.0161,0.0074,0.0386
0.0124,11.3955,0.0297,combined,1.5818,7.7400,0.0111,-0.0100,0.0073
0.0089,5.2970,0.0634,lateral,0.4216,5.2000,0.0008,0.0075,0.0048
0.0560,6.7917,0.0321,straight,1.4011,5.4000,0.0189,0.0025,0.0560
0.0484,11.1709,0.0397,lateral,1.1698,5.8200,0.0226,0.0354,0.0329
0.0345,2.3863,0.0076,lateral,0.3036,6.7200,0.0257,-0.0271,0.0214
0.0731,5.6229,0.0332,lateral,1.4364,5.3000,0.0711,-0.0729,0.0055
0.0248,3.5080,0.0353,straight,0.6129,4.0000,0.0244,-0.0177,0.0174
0.0419,9.5424,0.0686,lateral,1.3976,4.0200,0.0419,-0.0419,0.0012
0.0461,9.2776,0.0645,combined,0.2700,4.0200,0.0283,-0.0069,0.0455
0.0618,10.3478,0.0799,combined,1.6568,4.0000,0.0618,-0.0528,0.0321
0.0433,7.7999,0.0202,turn,0.0000,4.0200,0.0000,nan,nan
0.0603,6.6913,0.0488,lateral,0.9223,4.0400,0.0535,-0.0530,0.0288
0.0183,9.3004,0.0199,turn,0.0000,4.0400,0.0000,nan,nan
0.0090,8.5384,0.0607,straight,1.2938,4.0800,0.0083,-0.0076,0.0048
0.0275,14.5326,0.0226,lateral,0.2332,4.1200,0.0231,0.0071,0.0266
0.0409,5.6557,0.0336,straight,0.4658,4.1400,0.0217,0.0290,0.0289
0.0571,6.8021,0.0081,straight,0.3625,4.1400,0.0286,0.0540,0.0184
0.0299,9.2790,0.0548,combined,1.8314,4.1400,0.0299,-0.0110,0.0278
0.0500,9.9220,0.0563,turn,0.0000,4.1400,0.0000,nan,nan
0.0451,2.3013,0.0398,lateral,0.9447,4.1600,0.0451,0.0097,0.0441
0.0544,7.9643,0.0483,combined,0.1830,4.2000,0.0540,-0.0525,0.0144
0.0025,11.6992,0.0463,straight,1.6859,4.2000,0.0025,-0.0016,0.0020
0.0377,7.4147,0.0336,turn,0.0000,4.2200,0.0000,nan,nan
0.0334,6.5152,0.0378,combined,0.8060,4.2200,0.0294,-0.0283,0.0178
0.0442,1.0789,0.0436,combined,2.3206,4.2200,0.0442,-0.0341,0.0281
0.0344,5.7465,0.0566,stand,0.0000,4.2800,0.0000,nan,nan
0.0649,3.7304,0.0218,combined,0.3285,4.2800,0.0575,-0.0631,0.0149
0.0383,3.2778,0.0394,turn,0.0000,4.2800,0.0000,nan,nan
0.0227,3.3912,0.0303,lateral,1.1183,4.3200,0.0007,0.0191,0.0122
0.0222,3.3599,0.0330,stand,0.0000,4.2800,0.0000,nan,nan
0.0176,8.5190,0.0153,stand,0.0000,4.3200,0.0000,nan,nan
0.0383,7.1815,0.0038,lateral,0.4359,4.3400,0.0351,-0.0370,0.0099
0.0141,7.2586,0.0170,stand,0.0000,4.3600,0.0000,nan,nan
0.0258,10.0879,0.0701,straight,1.9979,4.3600,0.0244,-0.0248,0.0071
0.0086,8.1193,0.0379,straight,0.1982,4.3600,0.0040,-0.0068,0.0053
0.0299,10.9280,0.0456,combined,0.6802,4.3800,0.0219,0.0230,0.0191
0.0188,5.9627,0.0158,straight,0.5143,4.3800,0.0073,-0.0183,0.0043
0.0126,6.3301,0.0123,straight,0.9021,4.3800,0.0106,0.0076,0.0101
0.0327,12.3620,0.0488,turn,0.0000,4.4200,0.0000,nan,nan
0.0614,5.0804,0.0177,lateral,0.8093,4.4200,0.0480,0.0611,0.0060
0.0569,12.6396,0.0513,lateral,0.7216,4.4200,0.0569,-0.0335,0.0460
0.0567,0.9238,0.0508,combined,2.0229,4.5000,0.0507,0.0171,0.0541
0.0554,8.0018,0.0250,combined,0.6825,4.5200,0.0438,-0.0551,0.0057
0.0385,5.1132,0.0377,lateral,1.1898,4.5600,0.0017,0.0381,0.0058
0.0351,6.8008,0.0630,straight,1.7193,4.5800,0.0185,-0.0029,0.0349
0.0295,6.0547,0.0171,turn,0.0000,4.6000,0.0000,nan,nan
0.0323,1.7539,0.0776,combined,2.0960,4.6200,0.0010,0.0205,0.0250
0.0635,8.7099,0.0685,combined,1.3618,4.3800,0.0635,-0.0571,0.0278
0.0262,7.9854,0.0594,straight,1.1100,4.6400,0.0149,0.0056,0.0256
0.0696,4.6795,0.0366,turn,0.0000,4.6600,0.0000,nan,nan
0.0294,3.4002,0.0235,straight,0.2259,4.6600,0.0181,-0.0292,0.0028
0.0179,10.1178,0.0097,combined,1.8500,4.6600,0.0161,0.0025,0.0177
0.0141,7.5503,0.0478,straight,0.4078,4.6800,0.0141,-0.0137,0.0033
0.0715,8.1158,0.0567,lateral,0.9812,4.6800,0.0714,-0.0623,0.0351
0.0292,3.0658,0.0341,stand,0.0000,4.7000,0.0000,nan,nan
0.0175,10.3240,0.0304,turn,0.0000,4.7200,0.0000,nan,nan
0.0398,5.7772,0.0741,combined,0.9835,4.7800,0.0331,-0.0320,0.0237
0.0440,9.4154,0.0528,lateral,0.3140,4.7800,0.0172,0.0365,0.0246
0.0680,8.5434,0.0400,lateral,0.8470,4.7800,0.0194,0.0625,0.0269
0.0090,10.4596,0.0441,turn,0.0000,4.7800,0.0000,nan,nan
0.0235,3.3051,0.0684,lateral,1.3223,4.8000,0.0129,0.0090,0.0217
0.0482,7.9662,0.0293,lateral,0.1808,4.9000,0.0472,-0.0474,0.0086
0.0676,10.0924,0.0397,turn,0.0000,4.9400,0.0000,nan,nan
0.0603,9.9450,0.0595,lateral,0.1219,4.2400,0.0552,-0.0538,0.0272
0.0294,7.3307,0.0044,combined,1.3799,4.9600,0.0243,-0.0170,0.0239
0.0340,3.4615,0.0353,stand,0.0000,4.9400,0.0000,nan,nan
0.0250,8.5983,0.0198,combined,1.9557,5.0400,0.0121,0.0248,0.0033
0.0160,4.4100,0.0251,stand,0.0000,5.0400,0.0000,nan,nan
0.0453,10.6162,0.0564,straight,1.1983,5.0400,0.0362,-0.0165,0.0422
0.0254,8.8639,0.0226,combined,1.2056,5.0400,0.0182,0.0028,0.0252
0.0516,8.1717,0.0338,combined,2.0294,5.0600,0.0108,0.0463,0.0228
0.0376,8.8100,0.0667,lateral,0.3987,5.0600,0.0018,0.0347,0.0145
0.0744,12.5890,0.0430,lateral,0.4040,5.0600,0.0371,0.0549,0.0503
0.0366,4.4627,0.0167,stand,0.0000,5.0400,0.0000,nan,nan
0.0475,12.0719,0.0267,turn,0.0000,5.0600,0.0000,nan,nan
0.0236,8.3949,0.0369,lateral,1.0180,5.0600,0.0048,0.0087,0.0219
0.0569,10.2192,0.0527,lateral,0.4058,5.1000,0.0496,0.0543,0.0171
0.0792,7.6230,0.0354,lateral,1.0469,5.1000,0.0681,-0.0765,0.0205
0.0593,10.6885,0.0264,turn,0.0000,5.1000,0.0000,nan,nan
0.0265,9.5918,0.0153,combined,0.4996,5.1000,0.0228,-0.0190,0.0186
0.0568,9.2388,0.0797,lateral,0.1212,5.1400,0.0503,-0.0568,0.0022
0.0263,1.8368,0.0248,straight,1.8998,5.1600,0.0215,-0.0039,0.0260
0.0295,1.9339,0.0530,combined,0.8466,5.1600,0.0209,0.0246,0.0163
0.0409,12.4174,0.0337,lateral,1.1343,5.2000,0.0155,0.0293,0.0285
0.0522,3.2897,0.0123,turn,0.0000,5.2000,0.0000,nan,nan
0.0777,5.9208,0.0307,lateral,0.0982,5.2200,0.0635,0.0479,0.0611
0.0480,8.9471,0.0201,lateral,0.5467,5.2400,0.0327,0.0211,0.0431
0.0432,9.2258,0.0462,straight,1.0542,5.2400,0.0383,-0.0036,0.0430
0.0445,4.4966,0.0368,straight,0.5710,5.2800,0.0314,0.0229,0.0381
0.0670,7.7084,0.0453,straight,0.8948,5.2800,0.0670,-0.0527,0.0413
0.0578,2.7239,0.0098,stand,0.0000,5.2600,0.0000,nan,nan
0.0565,3.3431,0.0595,combined,0.7239,5.3000,0.0210,0.0414,0.0385
0.0469,5.6965,0.0328,combined,1.1260,5.3200,0.0421,-0.0406,0.0235
0.0279,10.3221,0.0126,turn,0.0000,5.3200,0.0000,nan,nan
0.0229,0.5388,0.0314,stand,0.0000,5.4000,0.0000,nan,nan
0.0151,2.4474,0.0080,turn,0.0000,5.4200,0.0000,nan,nan
0.0363,12.6561,0.0128,straight,1.2777,5.3800,0.0363,0.0024,0.0363
0.0261,15.7154,0.0102,stand,0.0000,5.4400,0.0000,nan,nan
0.0752,5.8938,0.0812,lateral,0.9669,5.5000,0.0275,0.0708,0.0255
0.0346,3.6037,0.0430,turn,0.0000,5.5000,0.0000,nan,nan
0.0196,10.2335,0.0781,lateral,1.3764,5.5200,0.0181,-0.0094,0.0171
0.0394,10.3938,0.0481,combined,1.3271,5.5200,0.0154,0.0341,0.0197
0.0707,4.4519,0.0254,turn,0.0000,5.5200,0.0000,nan,nan
0.0543,3.7801,0.0542,lateral,0.9750,5.5400,0.0532,-0.0538,0.0075
0.0080,10.3288,0.0156,straight,0.1335,5.5600,0.0080,-0.0075,0.0028
0.0654,4.7709,0.0352,turn,0.0000,5.5600,0.0000,nan,nan
0.0158,14.2019,0.0129,straight,1.4640,5.4000,0.0149,-0.0153,0.0041
0.0600,2.8578,0.0785,lateral,0.6524,5.6600,0.0455,0.0236,0.0551
0.0245,4.1039,0.0525,turn,0.0000,5.6800,0.0000,nan,nan
0.0618,1.3320,0.0474,lateral,0.1256,5.6800,0.0411,-0.0618,0.0005
0.0438,8.6404,0.0324,combined,1.0399,5.6800,0.0294,-0.0434,0.0059
0.0644,6.2128,0.0751,lateral,1.2907,5.7200,0.0644,0.0197,0.0613
0.0427,10.7404,0.0141,combined,1.5220,5.7400,0.0063,0.0427,0.0005
0.0790,6.2238,0.0349,lateral,0.3283,5.7000,0.0177,0.0698,0.0371
0.0375,5.3053,0.0550,lateral,1.3730,5.5000,0.0375,0.0046,0.0372
0.0721,7.7173,0.0393,combined,0.9564,5.7800,0.0616,-0.0594,0.0408
0.0523,13.9261,0.0133,turn,0.0000,5.7800,0.0000,nan,nan
0.0880,14.2033,0.0254,combined,1.9730,5.8000,0.0838,-0.0329,0.0816
0.0547,10.0877,0.0510,combined,1.1306,5.8600,0.0337,0.0420,0.0350
0.0504,3.3493,0.0520,stand,0.0000,5.8600,0.0000,nan,nan
0.0258,6.1052,0.0107,stand,0.0000,5.9200,0.0000,nan,nan
0.0513,10.1733,0.0366,lateral,0.0584,5.9600,0.0390,0.0084,0.0506
0.0521,0.8862,0.0242,lateral,0.4015,5.9600,0.0361,-0.0285,0.0437
0.0345,0.2741,0.0584,stand,0.0000,5.9800,0.0000,nan,nan
0.0485,11.0191,0.0449,straight,0.6625,5.9800,0.0482,-0.0048,0.0483
0.0357,6.4668,0.0593,straight,0.2306,5.8400,0.0176,0.0044,0.0355
0.0217,10.2041,0.0731,combined,1.5020,6.0200,0.0163,-0.0086,0.0199
0.0194,2.0112,0.0267,lateral,0.1690,6.0400,0.0133,0.0033,0.0191
0.0221,2.0328,0.0246,straight,0.5725,6.0600,0.0012,-0.0136,0.0174
0.0275,1.9302,0.0133,lateral,0.9441,6.0800,0.0252,-0.0264,0.0077
0.0348,12.6845,0.0640,lateral,1.0308,6.0800,0.0348,-0.0215,0.0274
0.0252,12.3853,0.0209,combined,1.6495,6.0800,0.0252,-0.0238,0.0081
0.0282,1.0481,0.0573,straight,1.9233,6.0800,0.0103,-0.0049,0.0277
0.0281,11.2639,0.0109,combined,2.1676,6.0800,0.0217,-0.0266,0.0092
0.0300,10.6068,0.0390,turn,0.0000,6.1000,0.0000,nan,nan
0.0330,9.1405,0.0202,straight,0.9665,6.1000,0.0322,-0.0197,0.0265
0.0297,10.5731,0.0311,combined,1.4840,6.1000,0.0200,0.0184,0.0233
0.0649,12.5719,0.0408,lateral,0.2431,6.1000,0.0438,-0.0518,0.0391
0.0521,6.8192,0.0114,lateral,0.4720,6.1000,0.0465,0.0072,0.0516
0.0361,9.6125,0.0201,straight,0.0644,6.1400,0.0293,0.0330,0.0146
0.0503,4.8512,0.0469,stand,0.0000,6.1400,0.0000,nan,nan
0.0747,7.1683,0.0752,lateral,0.4483,6.1400,0.0234,0.0447,0.0598
0.0198,3.4953,0.0189,combined,0.9159,6.1400,0.0174,-0.0176,0.0091
0.0454,2.5106,0.0438,combined,1.1624,6.1600,0.0348,-0.0139,0.0432
0.0339,8.3470,0.0294,lateral,1.0637,6.1600,0.0307,0.0120,0.0317
0.0271,7.8250,0.0087,lateral,1.2204,6.1800,0.0265,0.0211,0.0170
0.0257,6.8605,0.0232,turn,0.0000,6.1800,0.0000,nan,nan
0.0429,8.9309,0.0287,lateral,0.0558,6.1600,0.0031,0.0427,0.0041
0.0471,5.5358,0.0584,combined,1.5510,6.2000,0.0431,-0.0380,0.0279
0.0978,7.5835,0.0281,stand,0.0000,6.2000,0.0000,nan,nan
0.0472,6.7966,0.0400,combined,0.6785,6.2400,0.0123,0.0292,0.0370
0.0350,12.3303,0.0287,combined,1.9588,6.2400,0.0033,0.0313,0.0156
0.0740,2.2477,0.0395,straight,1.7764,6.2400,0.0488,-0.0507,0.0539
0.0691,10.2568,0.0595,straight,0.0361,6.2800,0.0169,0.0671,0.0166
0.0285,7.7622,0.0756,combined,1.2850,6.2800,0.0192,-0.0271,0.0086
0.0192,10.6442,0.0107,turn,0.0000,6.2800,0.0000,nan,nan
0.0249,6.6526,0.0623,lateral,0.3244,6.3000,0.0058,0.0202,0.0146
0.0300,9.9847,0.0238,combined,0.9645,6.3200,0.0240,0.0300,0.0017
0.0780,0.1143,0.0281,turn,0.0000,6.3200,0.0000,nan,nan
0.0412,10.4078,0.0363,lateral,0.7831,6.3200,0.0235,0.0045,0.0410
0.0460,8.5501,0.0459,lateral,0.7875,6.3400,0.0271,-0.0425,0.0175
0.0327,11.3961,0.0333,lateral,0.9352,6.3800,0.0192,0.0264,0.0193
0.0263,12.7912,0.0541,combined,1.3190,6.3800,0.0097,0.0248,0.0089
0.0758,4.8259,0.0262,combined,0.6032,6.4000,0.0714,0.0017,0.0758
0.0546,7.4968,0.0305,turn,0.0000,6.4200,0.0000,nan,nan
0.0185,11.2651,0.0629,straight,0.6524,6.4200,0.0136,-0.0040,0.0181
0.0452,9.8648,0.0161,lateral,1.2790,5.8400,0.0350,-0.0254,0.0374
0.0593,11.5056,0.0406,combined,1.4029,6.4600,0.0573,-0.0583,0.0106
0.0318,2.2128,0.0065,turn,0.0000,6.4800,0.0000,nan,nan
0.0298,2.8266,0.0571,straight,0.6003,6.5000,0.0223,-0.0152,0.0256
0.0314,5.2716,0.0140,combined,1.5609,6.5200,0.0143,0.0261,0.0175
0.0351,5.7142,0.0338,stand,0.0000,6.1800,0.0000,nan,nan
0.0319,5.6972,0.0542,straight,0.7078,6.6000,0.0194,-0.0315,0.0050
0.0353,4.2507,0.0427,straight,1.2820,6.6200,0.0313,-0.0133,0.0327
0.0390,6.0908,0.0286,turn,0.0000,6.6200,0.0000,nan,nan
0.0227,6.5799,0.0537,straight,1.9473,6.6200,0.0227,0.0002,0.0227
0.0609,7.5336,0.0566,straight,1.0820,6.6400,0.0581,-0.0574,0.0204
0.0582,7.2244,0.0131,lateral,0.3905,6.6800,0.0480,-0.0579,0.0061
0.0694,7.0492,0.0282,straight,1.3827,6.6600,0.0137,0.0551,0.0422
0.0334,10.7695,0.0416,straight,1.2456,6.6800,0.0331,-0.0136,0.0305
0.0411,0.9143,0.0242,stand,0.0000,6.6800,0.0000,nan,nan
0.0563,6.4735,0.0328,straight,0.0903,6.6800,0.0233,0.0346,0.0444
0.0181,14.0445,0.0105,turn,0.0000,6.7000,0.0000,nan,nan
0.0471,7.6245,0.0237,lateral,0.0059,6.7000,0.0059,-0.0470,0.0018
0.0170,10.5837,0.0211,lateral,0.1778,6.7000,0.0088,-0.0003,0.0170
0.0175,9.5119,0.0438,combined,0.8505,6.7200,0.0091,-0.0133,0.0113
0.0138,6.1835,0.0141,combined,2.1257,6.7400,0.0074,-0.0131,0.0044
0.0137,12.8430,0.0475,combined,1.5029,6.3800,0.0137,-0.0126,0.0056
0.0326,5.5771,0.0093,combined,0.5257,6.7400,0.0085,-0.0322,0.0050
0.0539,7.9298,0.0648,straight,1.4875,6.5800,0.0395,-0.0205,0.0498
0.0397,8.3977,0.0650,combined,0.8893,6.7600,0.0261,0.0139,0.0372
0.0193,7.0624,0.0362,lateral,0.6146,6.7800,0.0029,-0.0161,0.0106
0.0259,6.3758,0.0350,lateral,0.4632,6.7800,0.0161,0.0258,0.0021
0.0235,4.9304,0.0516,straight,0.7899,6.7800,0.0095,-0.0122,0.0201
0.0268,15.1367,0.0366,turn,0.0000,6.7800,0.0000,nan,nan
0.0438,13.9167,0.0270,turn,0.0000,6.8200,0.0000,nan,nan
0.0248,10.9979,0.0146,combined,0.2518,6.8600,0.0246,-0.0181,0.0169
0.0393,13.3948,0.0083,turn,0.0000,6.8600,0.0000,nan,nan
0.0189,4.8104,0.0395,stand,0.0000,6.9000,0.0000,nan,nan
0.0192,4.4261,0.0918,combined,1.1571,6.9000,0.0122,0.0191,0.0020
0.0183,8.9632,0.0139,straight,0.9015,6.9000,0.0028,0.0181,0.0031
0.0482,9.4685,0.0116,combined,1.6874,7.0000,0.0075,0.0470,0.0105
0.0724,0.8929,0.0387,stand,0.0000,6.9800,0.0000,nan,nan
0.0124,9.2413,0.0503,turn,0.0000,7.0000,0.0000,nan,nan
0.0732,8.1325,0.0394,lateral,0.2953,7.0000,0.0495,-0.0365,0.0635
0.0133,13.6448,0.0401,combined,0.9054,7.0200,0.0023,-0.0024,0.0131
0.0220,9.4292,0.0672,lateral,0.4933,7.0200,0.0093,0.0174,0.0135
0.0244,6.3453,0.0509,turn,0.0000,7.0400,0.0000,nan,nan
0.0739,5.7484,0.0396,combined,1.4025,7.0000,0.0514,-0.0353,0.0650
0.0460,13.5187,0.0366,lateral,1.3687,7.0600,0.0010,0.0388,0.0247
0.0262,7.4945,0.0499,lateral,1.3834,7.0800,0.0262,-0.0113,0.0236
0.0372,9.7622,0.0204,straight,0.1513,7.1000,0.0245,-0.0031,0.0371
0.0716,1.5451,0.0052,stand,0.0000,7.1200,0.0000,nan,nan
0.0262,2.1527,0.0044,combined,0.6885,7.1600,0.0203,-0.0244,0.0096
0.0413,9.1202,0.0379,straight,0.9721,7.1400,0.0199,-0.0274,0.0309
0.0198,7.1370,0.0613,combined,0.6830,7.2000,0.0061,0.0191,0.0054
0.0639,5.4654,0.0127,combined,0.6931,6.5800,0.0631,-0.0482,0.0420
0.0635,4.4306,0.0246,turn,0.0000,7.2400,0.0000,nan,nan
0.0286,7.9592,0.0216,lateral,0.4479,7.2400,0.0046,0.0203,0.0201
0.0536,8.5391,0.0410,straight,1.5635,7.2600,0.0413,-0.0496,0.0203
0.0382,6.1996,0.0276,combined,1.8160,7.2600,0.0313,0.0055,0.0378
0.0199,16.4593,0.0153,turn,0.0000,7.2600,0.0000,nan,nan
0.0801,12.6947,0.0358,lateral,0.6632,7.2600,0.0517,-0.0788,0.0145
0.0397,11.9491,0.0164,straight,1.7177,7.3800,0.0397,-0.0358,0.0173
0.0538,11.7815,0.0499,lateral,1.4501,7.4000,0.0325,0.0356,0.0404
0.0347,11.2551,0.0722,combined,1.7105,7.4000,0.0191,0.0259,0.0231
0.0206,1.6979,0.0089,combined,0.6328,7.4600,0.0029,0.0160,0.0130
0.0702,6.3985,0.0378,combined,1.9934,7.4800,0.0394,-0.0670,0.0207
0.0651,7.0638,0.0312,combined,0.6616,7.4800,0.0508,-0.0285,0.0586
0.0379,11.8653,0.0584,straight,1.1098,7.5000,0.0339,-0.0267,0.0269
0.0252,5.1811,0.0596,straight,1.0507,7.5000,0.0208,-0.0068,0.0243
0.0533,4.0116,0.0464,combined,1.8556,7.5200,0.0387,-0.0053,0.0530
0.0426,8.5665,0.0267,stand,0.0000,7.5400,0.0000,nan,nan
0.0373,11.2064,0.0318,turn,0.0000,7.5600,0.0000,nan,nan
0.0452,9.7700,0.0348,combined,0.7171,7.6000,0.0289,0.0285,0.0352
0.0757,2.6646,0.0256,lateral,0.9652,7.6400,0.0646,-0.0648,0.0392
0.0582,3.6944,0.0270,combined,1.1818,7.6400,0.0198,0.0530,0.0241
0.0423,5.9711,0.0349,combined,1.8706,7.6600,0.0340,-0.0262,0.0333
0.0462,4.2951,0.0032,lateral,0.1055,7.6600,0.0184,0.0347,0.0304
0.0552,3.8147,0.0181,stand,0.0000,7.6600,0.0000,nan,nan
0.0730,1.0243,0.0065,stand,0.0000,7.6600,0.0000,nan,nan
0.0323,11.9761,0.0435,straight,0.6239,7.7000,0.0100,0.0272,0.0175
0.0400,3.1903,0.0322,turn,0.0000,7.7000,0.0000,nan,nan
0.0328,6.9918,0.0741,combined,1.6694,7.7000,0.0274,-0.0236,0.0229
0.0389,8.4709,0.0666,combined,0.2277,7.7200,0.0225,-0.0055,0.0385
0.0265,12.9798,0.0170,lateral,0.3902,7.7600,0.0135,0.0188,0.0187
0.0422,10.8850,0.0210,lateral,0.9508,7.7800,0.0255,0.0199,0.0372
0.0247,0.7303,0.0524,turn,0.0000,7.7800,0.0000,nan,nan
0.0824,3.5446,0.0128,stand,0.0000,7.7800,0.0000,nan,nan
0.0303,4.7929,0.0409,combined,0.8420,7.5200,0.0225,0.0105,0.0284
0.0932,0.6750,0.0648,stand,0.0000,7.8200,0.0000,nan,nan
0.0098,6.7356,0.0248,combined,0.5733,7.8600,0.0004,-0.0040,0.0090
0.0511,3.4154,0.0523,stand,0.0000,7.9000,0.0000,nan,nan
0.0133,11.3237,0.0193,lateral,1.1897,7.9000,0.0022,0.0092,0.0096
0.0486,11.5888,0.0120,stand,0.0000,7.9200,0.0000,nan,nan
0.0512,6.9585,0.0238,combined,1.6254,7.9400,0.0197,0.0477,0.0186
0.0712,6.5624,0.0114,combined,1.6989,7.9400,0.0393,0.0262,0.0662
0.0463,8.9417,0.0164,turn,0.0000,7.9400,0.0000,nan,nan
0.0601,9.6875,0.0218,lateral,0.3178,7.9400,0.0378,-0.0435,0.0415
0.0194,10.0481,0.0407,straight,0.7913,7.9600,0.0122,0.0193,0.0016
0.0883,3.7106,0.0750,stand,0.0000,7.9800,0.0000,nan,nan
0.0375,4.1432,0.0620,turn,0.0000,4.0800,0.0000,nan,nan
0.0349,2.7714,0.0403,combined,1.2392,7.6400,0.0174,-0.0181,0.0299
0.0357,4.9197,0.0480,combined,0.8609,4.4600,0.0357,-0.0247,0.0257
0.0261,7.3943,0.0622,straight,1.5028,4.5200,0.0209,-0.0203,0.0164
0.0220,11.7607,0.0296,lateral,1.2601,4.4200,0.0168,-0.0037,0.0217
0.0412,13.3804,0.0208,turn,0.0000,4.6800,0.0000,nan,nan
0.0112,10.8055,0.0220,combined,1.7468,4.2800,0.0043,-0.0054,0.0098
0.0504,11.1877,0.0345,combined,1.8277,4.4000,0.0504,-0.0320,0.0389
0.0390,7.1682,0.0118,lateral,0.5030,4.4200,0.0290,-0.0097,0.0377
0.0433,3.5907,0.1036,combined,0.3801,4.3000,0.0046,0.0432,0.0027
0.0098,6.8268,0.0190,turn,0.0000,5.1600,0.0000,nan,nan
0.0242,4.0673,0.0711,turn,0.0000,4.8400,0.0000,nan,nan
0.0415,5.8718,0.0411,combined,0.5674,4.1800,0.0319,-0.0414,0.0033
0.0113,6.3773,0.0297,straight,0.0979,4.8800,0.0003,-0.0105,0.0040
0.0529,11.8246,0.0148,turn,0.0000,4.1600,0.0000,nan,nan
0.0261,8.1498,0.0324,straight,1.4014,4.3800,0.0140,-0.0025,0.0259
0.0519,2.1180,0.0315,stand,0.0000,5.0600,0.0000,nan,nan
0.0154,4.4621,0.0473,combined,1.4460,5.0200,0.0023,0.0022,0.0152
0.0050,9.1217,0.0291,straight,0.7426,5.4000,0.0005,0.0016,0.0048
0.0528,4.9554,0.0670,lateral,0.8256,5.2200,0.0485,-0.0250,0.0464
0.0351,5.1216,0.0349,stand,0.0000,4.4200,0.0000,nan,nan
0.0450,6.2944,0.0276,turn,0.0000,4.4600,0.0000,nan,nan
0.0349,8.8375,0.0183,turn,0.0000,4.5600,0.0000,nan,nan
0.0566,8.9734,0.0335,turn,0.0000,5.0800,0.0000,nan,nan
0.0562,12.8869,0.0385,turn,0.0000,4.7000,0.0000,nan,nan
0.0303,7.5517,0.0569,lateral,1.4862,5.5200,0.0223,0.0102,0.0286
0.0478,2.6986,0.0503,combined,0.9091,5.1800,0.0429,-0.0234,0.0417
0.0242,11.6699,0.0588,lateral,1.0632,5.3800,0.0200,-0.0167,0.0176
0.0183,10.3386,0.0309,straight,1.4944,5.3400,0.0134,0.0077,0.0166
0.0504,6.0344,0.0745,combined,0.6591,4.4000,0.0504,-0.0285,0.0416
0.0950,8.6211,0.0155,lateral,0.1620,4.6400,0.0591,-0.0651,0.0691
0.0412,7.5649,0.0409,combined,0.6672,5.6800,0.0412,-0.0368,0.0187
0.0912,7.4517,0.0125,turn,0.0000,5.1000,0.0000,nan,nan
0.0087,10.7560,0.0530,combined,1.8045,4.4200,0.0087,-0.0073,0.0047
0.0380,6.2746,0.0263,straight,1.6376,5.6600,0.0296,-0.0082,0.0372
0.0695,1.8755,0.0452,combined,1.7859,4.2800,0.0695,0.0387,0.0577
0.0290,7.0615,0.0199,straight,1.9560,5.6800,0.0243,-0.0233,0.0173
0.0442,12.0980,0.0238,turn,0.0000,4.9200,0.0000,nan,nan
0.0392,6.4294,0.0442,stand,0.0000,5.2600,0.0000,nan,nan
0.0525,12.4469,0.0661,combined,1.8998,5.9400,0.0426,-0.0012,0.0525
0.0284,12.3392,0.0468,combined,1.2331,4.1200,0.0277,0.0169,0.0228
0.0352,5.3896,0.0361,lateral,0.8652,6.2200,0.0352,-0.0343,0.0078
0.0579,9.9933,0.0258,combined,0.6047,5.1000,0.0238,-0.0319,0.0483
0.0681,7.6486,0.0410,combined,0.4546,4.0800,0.0523,-0.0662,0.0161
0.0491,0.2699,0.0466,stand,0.0000,4.5400,0.0000,nan,nan
0.0231,5.8396,0.0167,combined,1.5414,5.9200,0.0205,-0.0154,0.0173
0.0375,6.5875,0.0395,straight,1.8580,4.6200,0.0325,-0.0011,0.0374
0.0305,8.9079,0.0520,lateral,0.8622,6.3400,0.0175,0.0174,0.0251
0.0380,10.6982,0.0197,straight,1.6321,6.0800,0.0004,0.0299,0.0235
0.0404,3.4141,0.0248,combined,1.7404,4.1400,0.0391,-0.0374,0.0153
0.0731,5.3001,0.0644,turn,0.0000,5.3400,0.0000,nan,nan
0.0456,7.4349,0.0077,turn,0.0000,5.2600,0.0000,nan,nan
0.0073,12.2577,0.0136,turn,0.0000,6.0200,0.0000,nan,nan
0.0135,8.9852,0.0490,straight,1.8066,4.5000,0.0087,0.0032,0.0131
0.1275,11.9884,0.0128,stand,0.0000,6.4000,0.0000,nan,nan
0.0585,15.5958,0.0702,straight,0.7028,4.8000,0.0456,-0.0491,0.0318
0.0568,4.7762,0.0391,turn,0.0000,6.0800,0.0000,nan,nan
0.0483,12.0616,0.0465,combined,0.6197,4.6200,0.0476,0.0282,0.0392
0.0261,7.4639,0.0458,combined,0.8706,4.6800,0.0261,-0.0253,0.0064
0.0179,8.5214,0.0637,lateral,1.1861,5.1800,0.0179,-0.0053,0.0171
0.0245,0.8570,0.0058,stand,0.0000,4.6000,0.0000,nan,nan
0.0274,0.9782,0.0361,lateral,0.8734,4.7200,0.0274,-0.0252,0.0106
0.0746,10.0534,0.0152,turn,0.0000,4.5600,0.0000,nan,nan
0.0649,8.0890,0.0540,straight,1.3075,6.5400,0.0594,0.0068,0.0645
0.0322,8.0617,0.0679,straight,1.6869,5.6400,0.0228,0.0120,0.0299
0.0569,5.1021,0.0288,turn,0.0000,6.2200,0.0000,nan,nan
0.0407,6.1685,0.0287,turn,0.0000,5.8600,0.0000,nan,nan
0.0537,11.5327,0.0267,straight,0.1937,5.7200,0.0419,-0.0411,0.0345
0.0643,8.4878,0.0237,combined,1.3272,4.5000,0.0094,0.0517,0.0381
0.0688,10.6363,0.0208,combined,1.3347,5.2800,0.0627,-0.0680,0.0102
0.0439,7.6724,0.0291,turn,0.0000,6.4200,0.0000,nan,nan
0.0469,8.0110,0.0230,turn,0.0000,6.0200,0.0000,nan,nan
0.0418,3.6141,0.0286,turn,0.0000,4.9600,0.0000,nan,nan
0.0650,9.6381,0.0539,combined,1.9756,4.7600,0.0650,-0.0649,0.0042
0.0219,7.0022,0.0842,combined,0.9392,5.6000,0.0077,-0.0148,0.0162
0.0516,7.2344,0.0401,lateral,0.3092,4.9600,0.0513,-0.0097,0.0506
0.0749,0.4317,0.0052,combined,1.6404,5.6600,0.0693,-0.0736,0.0138
0.0304,3.8855,0.0234,lateral,0.1350,4.9000,0.0276,0.0057,0.0298
0.0934,8.9309,0.0765,straight,1.8728,4.6400,0.0879,-0.0161,0.0920
0.0746,0.0103,0.0341,combined,2.1657,5.9800,0.0744,0.0577,0.0473
0.0198,3.4684,0.0133,stand,0.0000,5.7000,0.0000,nan,nan
0.0523,11.5493,0.0347,combined,1.2363,4.4800,0.0461,0.0129,0.0507
0.0282,10.1529,0.0092,combined,2.0949,6.5000,0.0262,-0.0174,0.0223
0.0382,4.7195,0.0148,combined,1.3604,5.3000,0.0109,0.0186,0.0334
0.0625,7.5529,0.0446,lateral,0.0648,6.7000,0.0487,-0.0438,0.0446
0.0620,3.5890,0.0304,combined,2.0079,5.8400,0.0620,-0.0472,0.0402
0.0855,10.1178,0.0752,turn,0.0000,6.0800,0.0000,nan,nan
0.0514,13.3834,0.0384,lateral,0.3321,6.9800,0.0207,0.0182,0.0481
0.0077,11.2479,0.0259,combined,1.2343,5.7600,0.0022,-0.0052,0.0057
0.0507,8.4271,0.0152,straight,1.5737,7.4600,0.0440,-0.0006,0.0507
0.0541,7.8278,0.0712,combined,1.6462,4.0000,0.0531,0.0119,0.0528
0.0687,5.6702,0.0411,straight,0.4677,5.1000,0.0500,-0.0291,0.0622
0.0550,6.1836,0.0369,combined,0.1412,7.4800,0.0313,0.0491,0.0248
0.0600,7.2530,0.0888,lateral,0.5453,6.2000,0.0480,-0.0396,0.0451
0.0186,5.3838,0.0290,stand,0.0000,7.4000,0.0000,nan,nan
0.0319,4.5750,0.0330,turn,0.0000,5.4000,0.0000,nan,nan
0.0178,2.5080,0.0214,combined,0.8830,6.1400,0.0031,-0.0177,0.0021
0.0405,11.2443,0.0164,combined,1.5413,7.0400,0.0307,-0.0405,0.0004
0.0257,12.0615,0.0343,straight,0.2902,7.5600,0.0234,-0.0256,0.0025
0.0293,1.4422,0.0464,combined,0.6442,5.3200,0.0268,0.0014,0.0293
0.0696,0.9227,0.0488,combined,1.4536,5.3800,0.0693,-0.0490,0.0494
0.0411,13.9657,0.0223,straight,0.7657,4.9600,0.0264,0.0046,0.0409
0.0253,7.5823,0.0325,turn,0.0000,6.8800,0.0000,nan,nan
0.0145,7.4291,0.0196,combined,0.8349,5.0400,0.0124,0.0130,0.0063
0.0401,8.2477,0.0237,combined,1.0648,4.5600,0.0368,-0.0366,0.0162
0.0453,4.9237,0.0379,combined,1.2050,6.4800,0.0453,-0.0438,0.0115
0.0251,4.1774,0.0082,combined,0.7844,4.9600,0.0031,0.0219,0.0122
0.0495,14.5369,0.0440,combined,0.5517,5.9000,0.0272,-0.0444,0.0219
0.0321,9.3743,0.0514,combined,1.1432,4.0600,0.0321,-0.0252,0.0199
0.1117,2.7515,0.1035,combined,1.5627,4.0800,0.1117,-0.0750,0.0828
0.0451,4.1721,0.0285,lateral,0.2885,4.2200,0.0341,-0.0422,0.0158
0.0500,1.5900,0.0301,combined,1.0228,7.0800,0.0395,0.0357,0.0351
0.0372,3.0761,0.0263,lateral,1.4818,5.2600,0.0109,0.0355,0.0111
0.0252,7.3556,0.0549,straight,0.5607,7.5800,0.0029,0.0231,0.0102
0.0320,9.9178,0.0266,combined,1.7259,5.2000,0.0224,0.0054,0.0315
0.0581,10.7996,0.0248,combined,0.4351,4.7600,0.0475,-0.0295,0.0501
0.0497,7.3898,0.0435,lateral,0.0490,7.2200,0.0179,0.0478,0.0137
0.0722,1.4090,0.0311,stand,0.0000,5.7600,0.0000,nan,nan
0.0337,7.4623,0.0449,combined,1.5302,6.5000,0.0250,-0.0154,0.0299
0.0602,5.2900,0.0338,lateral,0.9986,7.4800,0.0581,-0.0515,0.0312
0.0397,7.3600,0.0162,turn,0.0000,4.9400,0.0000,nan,nan
0.0227,3.6303,0.0197,stand,0.0000,6.7800,0.0000,nan,nan
0.0236,6.4698,0.0341,turn,0.0000,5.4600,0.0000,nan,nan
0.0342,13.8446,0.0216,lateral,0.5905,4.8200,0.0336,0.0288,0.0183
0.0137,1.1664,0.0158,stand,0.0000,6.5200,0.0000,nan,nan
0.0485,12.4067,0.0613,turn,0.0000,6.8200,0.0000,nan,nan
0.0563,7.2168,0.0243,turn,0.0000,5.6800,0.0000,nan,nan
0.0354,12.2044,0.0118,straight,0.0413,6.8800,0.0250,-0.0354,0.0008
0.0649,10.2325,0.0083,straight,0.6030,4.2800,0.0649,-0.0529,0.0376
0.0521,8.1112,0.0320,straight,0.0593,5.1800,0.0373,-0.0304,0.0423
0.0154,8.2351,0.0278,combined,2.1521,7.7600,0.0111,-0.0005,0.0154
0.0630,4.8026,0.0036,turn,0.0000,4.7000,0.0000,nan,nan
0.0115,0.2346,0.0379,stand,0.0000,6.8200,0.0000,nan,nan
0.0338,12.7794,0.0367,straight,0.1569,7.7000,0.0098,0.0206,0.0268
0.0822,5.9961,0.0518,turn,0.0000,7.6200,0.0000,nan,nan
0.0191,9.3431,0.0485,turn,0.0000,7.3600,0.0000,nan,nan
0.0147,9.7359,0.0179,combined,1.1626,4.2400,0.0084,-0.0147,0.0007
0.0552,8.9922,0.0322,turn,0.0000,4.9600,0.0000,nan,nan
0.0445,12.0573,0.0346,lateral,0.9470,6.7200,0.0066,0.0429,0.0115
0.0061,7.2722,0.0518,turn,0.0000,6.1000,0.0000,nan,nan
0.0354,11.3960,0.0487,combined,1.8656,4.5800,0.0282,0.0266,0.0233
0.0576,9.3569,0.0190,combined,1.1797,5.3400,0.0475,-0.0410,0.0404
0.0721,10.1804,0.0087,combined,1.5261,5.5400,0.0620,-0.0708,0.0136
0.0378,6.9087,0.0070,turn,0.0000,4.6800,0.0000,nan,nan
0.0182,5.2990,0.0464,combined,0.7768,7.2200,0.0005,0.0054,0.0173
0.0560,6.5125,0.0335,straight,0.9474,6.6400,0.0447,-0.0014,0.0560
0.0620,5.8969,0.0558,combined,1.3301,7.2000,0.0555,-0.0117,0.0608
0.0156,6.6730,0.0345,combined,1.3766,7.5200,0.0122,-0.0142,0.0065
0.0558,2.4269,0.0269,straight,0.2095,6.6400,0.0558,-0.0537,0.0148
0.0223,7.3092,0.0081,lateral,0.0864,5.3200,0.0057,-0.0018,0.0223
0.0561,2.1807,0.0493,combined,1.2416,6.9600,0.0399,-0.0388,0.0405
0.0465,9.9431,0.0164,lateral,0.4112,6.4800,0.0098,0.0465,0.0000
0.0197,12.8849,0.0289,combined,1.7105,5.9600,0.0062,-0.0164,0.0110
0.0652,8.4835,0.0192,straight,1.6260,4.9000,0.0108,0.0575,0.0309
0.0217,10.9579,0.0515,turn,0.0000,5.5800,0.0000,nan,nan
0.0240,12.7397,0.0567,combined,0.9405,6.8600,0.0154,-0.0148,0.0189
0.0314,3.5778,0.0459,combined,0.2550,5.2200,0.0116,0.0082,0.0303
0.0048,0.9174,0.0219,stand,0.0000,6.5000,0.0000,nan,nan
0.0421,1.9157,0.0200,stand,0.0000,4.4800,0.0000,nan,nan
0.0664,1.0214,0.0299,combined,1.7003,6.1400,0.0542,0.0044,0.0662
0.0566,3.6937,0.0714,combined,1.9276,4.8000,0.0519,-0.0501,0.0263
0.0379,9.2642,0.0491,combined,0.8458,4.3600,0.0337,-0.0235,0.0297
0.0152,7.4419,0.0220,combined,1.2002,6.5000,0.0011,0.0136,0.0069
0.0425,2.6804,0.1123,lateral,0.3889,6.3000,0.0245,-0.0403,0.0135
0.0328,5.7065,0.0482,stand,0.0000,5.7400,0.0000,nan,nan
0.0480,0.7689,0.0431,stand,0.0000,6.7400,0.0000,nan,nan
0.0547,12.8342,0.0287,straight,0.8063,7.0400,0.0290,-0.0207,0.0506
0.0310,0.4958,0.0472,stand,0.0000,7.5800,0.0000,nan,nan
0.0475,5.6250,0.0264,combined,1.9865,4.7600,0.0452,-0.0449,0.0155
0.0482,2.6365,0.0487,turn,0.0000,6.0600,0.0000,nan,nan
0.0285,7.5097,0.0443,straight,1.5689,4.7400,0.0101,0.0122,0.0258
0.0149,3.2646,0.0538,stand,0.0000,4.9000,0.0000,nan,nan
0.0368,9.9239,0.0536,turn,0.0000,4.9800,0.0000,nan,nan
0.0770,7.9420,0.0648,lateral,0.5382,4.7600,0.0028,0.0712,0.0294
0.0056,7.4850,0.0569,lateral,1.2785,6.6200,0.0056,-0.0056,0.0005
0.0541,11.8330,0.0378,lateral,0.5192,5.7200,0.0336,0.0152,0.0520
0.0335,7.3602,0.0243,stand,0.0000,7.7200,0.0000,nan,nan
0.0429,2.3612,0.0554,stand,0.0000,5.5600,0.0000,nan,nan
0.0297,3.7700,0.0317,turn,0.0000,7.8000,0.0000,nan,nan
0.0244,10.0780,0.0271,straight,0.9725,6.1400,0.0055,0.0221,0.0104
0.0403,2.1397,0.0115,stand,0.0000,5.8800,0.0000,nan,nan
0.0436,11.0371,0.0309,combined,2.0136,6.2200,0.0436,0.0009,0.0436
0.0374,2.8625,0.0070,stand,0.0000,6.8600,0.0000,nan,nan
0.0256,4.0344,0.0203,combined,0.4935,6.2400,0.0033,-0.0153,0.0204
0.0364,3.8164,0.0333,lateral,0.4974,6.3400,0.0075,0.0354,0.0087
0.0217,3.9658,0.1004,lateral,0.7972,7.8400,0.0002,0.0183,0.0118
0.0396,7.1993,0.0367,straight,0.7275,6.3200,0.0309,-0.0099,0.0383
0.0709,10.6174,0.0636,lateral,0.9712,7.0600,0.0130,0.0666,0.0245
0.0570,4.4721,0.0426,turn,0.0000,5.6600,0.0000,nan,nan
0.0491,8.0548,0.0360,lateral,0.9946,5.2800,0.0397,-0.0490,0.0026
0.0260,9.6394,0.0117,straight,1.0603,5.3200,0.0218,-0.0138,0.0220
0.0279,2.9189,0.0230,combined,0.9549,6.9400,0.0168,0.0275,0.0048
0.0592,5.7711,0.0295,combined,1.2903,6.4200,0.0209,0.0575,0.0142
0.0168,8.6656,0.0478,lateral,1.3616,5.6400,0.0142,-0.0124,0.0114
0.0297,6.5916,0.0235,turn,0.0000,4.1400,0.0000,nan,nan
0.0334,6.0256,0.0250,lateral,0.1412,7.5000,0.0191,0.0052,0.0330
0.0312,4.9380,0.0437,turn,0.0000,4.2600,0.0000,nan,nan
0.0525,0.5857,0.0199,stand,0.0000,4.0600,0.0000,nan,nan
0.0534,8.9041,0.0157,combined,1.8897,6.8200,0.0235,0.0064,0.0530
0.0763,5.2648,0.0305,combined,1.4008,6.1000,0.0733,-0.0260,0.0717
0.0426,5.9898,0.0226,combined,1.0399,5.4200,0.0426,-0.0419,0.0077
0.0335,7.1349,0.0792,straight,0.0995,5.7000,0.0164,0.0172,0.0287
0.0103,5.7151,0.0507,combined,1.5607,7.5000,0.0079,0.0101,0.0016
0.0521,11.7646,0.0681,combined,1.7263,7.2600,0.0059,0.0521,0.0010
0.0287,7.8515,0.0381,straight,0.3658,7.2400,0.0012,-0.0286,0.0026
0.0132,10.3246,0.0442,combined,1.1380,7.2200,0.0080,-0.0118,0.0060
0.0301,5.2871,0.0453,combined,0.5815,6.5200,0.0113,-0.0033,0.0300
0.0305,6.6700,0.0447,straight,0.5547,4.8400,0.0219,0.0066,0.0298
0.0348,11.3261,0.0693,straight,0.2369,6.4400,0.0239,-0.0260,0.0231
0.0686,5.3027,0.0461,straight,1.9584,7.0400,0.0565,0.0306,0.0613
0.0203,7.2437,0.0269,combined,2.1560,7.4200,0.0065,0.0203,0.0013
0.0547,5.6138,0.0130,combined,1.7387,6.3000,0.0522,-0.0011,0.0547
0.0418,6.0213,0.0156,combined,1.1981,5.7400,0.0273,-0.0414,0.0056
0.0567,10.9868,0.0388,combined,0.9211,6.1000,0.0244,0.0275,0.0496
0.0289,11.2526,0.0245,lateral,0.0996,7.3000,0.0050,0.0241,0.0160
0.0455,12.2511,0.0301,lateral,0.7903,7.6800,0.0403,-0.0097,0.0445
0.0819,10.3950,0.0204,lateral,1.1091,7.8600,0.0635,0.0310,0.0758
0.0418,8.9914,0.0397,turn,0.0000,7.4800,0.0000,nan,nan
0.0577,0.3016,0.0255,lateral,0.6792,7.6800,0.0261,0.0434,0.0379
0.0446,10.4785,0.0478,combined,1.9663,6.6600,0.0414,-0.0444,0.0040
0.0758,5.5138,0.0523,straight,1.0474,7.9600,0.0610,-0.0588,0.0478
0.0209,9.0524,0.0261,combined,1.0421,4.6000,0.0177,-0.0208,0.0023
0.0310,10.7222,0.0325,straight,0.8051,6.6000,0.0299,-0.0106,0.0291
0.0402,3.6330,0.1032,lateral,0.8598,7.6200,0.0180,-0.0305,0.0261
0.0164,10.2550,0.0296,combined,2.0970,7.6600,0.0149,-0.0086,0.0139
0.0374,8.2255,0.0388,combined,1.9460,6.3600,0.0323,-0.0332,0.0171
0.0387,6.2314,0.0449,lateral,1.3768,5.1400,0.0283,0.0154,0.0355
0.0446,0.0987,0.0334,lateral,0.2674,7.0800,0.0402,0.0312,0.0320
0.0572,10.7597,0.0242,turn,0.0000,7.6400,0.0000,nan,nan
0.0243,8.4601,0.0546,combined,1.1441,7.1600,0.0223,0.0198,0.0141
0.0578,7.9542,0.0389,straight,0.8497,7.1400,0.0196,0.0217,0.0536
0.0273,2.2263,0.0418,combined,1.5258,7.0600,0.0051,-0.0025,0.0272
0.0213,4.9851,0.0831,turn,0.0000,7.0000,0.0000,nan,nan
0.0698,4.8993,0.0248,straight,0.1191,4.3800,0.0509,-0.0592,0.0370
0.0633,11.4313,0.0732,combined,1.5848,4.0000,0.0633,-0.0609,0.0171
0.0333,4.5935,0.0255,turn,0.0000,6.7200,0.0000,nan,nan
0.0475,5.6897,0.0300,combined,1.0857,6.4400,0.0183,0.0370,0.0298
0.0287,1.0132,0.0252,stand,0.0000,4.3000,0.0000,nan,nan
0.0423,10.0806,0.0171,turn,0.0000,6.3400,0.0000,nan,nan
0.0182,4.6234,0.0303,turn,0.0000,6.8000,0.0000,nan,nan
0.0120,1.8350,0.0566,lateral,1.4534,7.3400,0.0048,-0.0120,0.0009
0.0238,2.1498,0.0151,stand,0.0000,6.4600,0.0000,nan,nan
0.0373,9.8717,0.0573,straight,1.0693,7.8600,0.0026,-0.0179,0.0328
0.0391,3.1454,0.0365,turn,0.0000,7.8200,0.0000,nan,nan
0.0437,9.9130,0.0255,lateral,1.1352,4.9200,0.0393,-0.0367,0.0237
0.0496,0.8097,0.0123,stand,0.0000,7.8000,0.0000,nan,nan
0.0100,6.1466,0.1051,straight,0.7264,7.6200,0.0012,0.0092,0.0039
0.0312,10.3670,0.0954,straight,1.8329,7.4400,0.0248,0.0160,0.0268
0.0268,7.5175,0.0327,combined,1.2202,7.5600,0.0171,0.0264,0.0048
0.0159,15.3799,0.0262,combined,1.5207,5.7200,0.0125,-0.0018,0.0158
0.0395,9.6799,0.0361,lateral,0.0604,7.1000,0.0073,0.0364,0.0155
0.0387,6.3045,0.0316,turn,0.0000,7.9200,0.0000,nan,nan
0.0442,7.4323,0.0655,combined,1.4047,4.2800,0.0214,0.0438,0.0056
0.0069,5.2727,0.0332,turn,0.0000,4.9200,0.0000,nan,nan
0.0075,4.6558,0.0882,turn,0.0000,7.4800,0.0000,nan,nan
0.0511,13.0819,0.0810,combined,0.8745,7.5200,0.0469,-0.0034,0.0510
0.0477,5.8851,0.0446,stand,0.0000,4.5600,0.0000,nan,nan
0.0845,8.1435,0.0403,lateral,1.3076,4.7200,0.0226,0.0789,0.0304
0.0349,7.5936,0.0341,turn,0.0000,7.5400,0.0000,nan,nan
0.0145,2.3430,0.0140,stand,0.0000,7.9000,0.0000,nan,nan
0.0214,10.9468,0.0235,turn,0.0000,6.6800,0.0000,nan,nan
0.0360,8.8333,0.0379,lateral,0.3240,5.1600,0.0013,0.0302,0.0197
0.0526,3.7568,0.0134,straight,1.2536,7.2200,0.0416,-0.0283,0.0443
0.0898,11.1454,0.0435,combined,1.3961,4.4400,0.0759,-0.0063,0.0896
0.0405,9.4389,0.0787,combined,1.3230,7.0200,0.0260,0.0058,0.0401
0.0473,7.2857,0.0349,lateral,0.0534,7.5000,0.0240,0.0406,0.0242
0.0640,13.4088,0.0050,combined,1.9854,5.1200,0.0627,-0.0588,0.0252
0.0012,6.1453,0.0372,lateral,0.4126,6.8800,0.0007,-0.0010,0.0006
0.0344,11.9129,0.0931,turn,0.0000,4.6400,0.0000,nan,nan
0.0199,6.2180,0.0458,straight,1.3070,7.8800,0.0062,0.0121,0.0158
0.0382,11.9374,0.0088,combined,1.4369,6.9800,0.0058,0.0305,0.0231
0.0083,10.0835,0.0093,combined,1.9460,5.7400,0.0046,-0.0076,0.0033
0.0460,11.3357,0.0599,combined,1.8852,4.0400,0.0460,-0.0182,0.0422
0.0740,5.4652,0.0130,turn,0.0000,4.1800,0.0000,nan,nan
0.0134,3.8927,0.0080,stand,0.0000,4.0200,0.0000,nan,nan
0.0671,6.9579,0.0528,combined,2.0100,4.6000,0.0541,-0.0468,0.0481
0.0113,2.9269,0.0268,stand,0.0000,5.9000,0.0000,nan,nan
0.0144,13.0373,0.0329,straight,1.2364,6.3800,0.0054,0.0080,0.0120
0.0405,3.1503,0.0105,lateral,1.4935,5.6000,0.0375,-0.0374,0.0156
0.0724,9.4403,0.0493,combined,1.9853,5.4000,0.0524,-0.0184,0.0700
0.0454,11.3678,0.0277,lateral,0.2917,4.4000,0.0046,0.0413,0.0191
0.0193,0.2635,0.0126,stand,0.0000,7.4200,0.0000,nan,nan
0.0371,12.1374,0.0370,combined,2.0268,4.7800,0.0371,-0.0325,0.0178
0.0394,5.5897,0.0214,lateral,0.0831,7.4800,0.0046,0.0303,0.0253
0.0363,6.3400,0.0086,straight,0.2202,7.4400,0.0057,0.0236,0.0275
0.0289,6.1465,0.0493,lateral,0.7099,4.9200,0.0178,0.0275,0.0087
0.0183,10.0327,0.0094,turn,0.0000,4.3600,0.0000,nan,nan
0.0580,9.3163,0.0506,combined,0.9738,4.4000,0.0580,-0.0572,0.0092
0.0258,10.7912,0.0225,combined,1.1310,4.1000,0.0163,-0.0034,0.0256
0.0372,0.7067,0.0567,lateral,1.1991,7.8400,0.0293,-0.0331,0.0170
0.0483,10.1246,0.0207,turn,0.0000,6.3000,0.0000,nan,nan
0.0761,9.2420,0.0265,turn,0.0000,5.9000,0.0000,nan,nan
0.0547,9.4988,0.0459,lateral,0.4493,4.7200,0.0298,-0.0538,0.0098
0.0491,5.1763,0.0280,straight,0.6625,5.0000,0.0376,-0.0443,0.0212
0.0196,4.3652,0.0457,lateral,0.1875,5.4600,0.0188,0.0013,0.0196
0.0265,8.7823,0.0257,lateral,0.5657,6.1000,0.0173,-0.0134,0.0229
0.0661,7.8885,0.0283,combined,1.7397,7.9800,0.0539,-0.0656,0.0075
0.0268,1.1858,0.0442,combined,1.6046,4.0800,0.0268,-0.0091,0.0252
0.0413,3.2354,0.0139,combined,1.2838,6.1600,0.0375,0.0008,0.0413
0.0378,3.4446,0.0128,combined,1.6195,4.1400,0.0111,0.0377,0.0017
0.0495,7.2423,0.0756,turn,0.0000,4.2600,0.0000,nan,nan
0.0491,8.7834,0.0833,straight,1.0381,4.8200,0.0059,0.0396,0.0291
0.0635,9.4058,0.0152,straight,0.0659,6.4400,0.0046,0.0478,0.0417
0.0229,2.7233,0.0078,stand,0.0000,6.7200,0.0000,nan,nan
0.0268,11.3150,0.0435,turn,0.0000,4.4200,0.0000,nan,nan
0.0570,7.2976,0.0100,combined,0.3916,4.1600,0.0448,-0.0083,0.0564
0.0255,10.5491,0.1009,lateral,1.4138,4.3200,0.0255,-0.0180,0.0181
0.0184,8.9938,0.0188,straight,1.3789,6.8200,0.0078,0.0177,0.0050
0.0214,2.4217,0.0216,straight,1.3676,6.2600,0.0214,0.0135,0.0166
0.0451,11.8283,0.0600,straight,0.8298,7.0000,0.0240,0.0293,0.0342
0.0378,7.9431,0.0249,turn,0.0000,4.6600,0.0000,nan,nan
0.0562,0.0795,0.0722,combined,1.3536,6.4000,0.0336,0.0410,0.0385
0.0725,3.6467,0.0599,turn,0.0000,4.5200,0.0000,nan,nan
0.0345,10.3486,0.0530,combined,1.2267,5.2000,0.0313,-0.0092,0.0333
0.0257,3.4582,0.0151,lateral,1.4975,4.9400,0.0253,0.0147,0.0211
0.0458,9.8554,0.0174,straight,0.3265,5.7400,0.0207,0.0230,0.0397
0.0423,5.4629,0.0727,combined,1.6043,4.3000,0.0296,0.0411,0.0100
0.0734,6.5055,0.0266,combined,2.1813,4.5800,0.0645,-0.0135,0.0721
0.0377,13.2714,0.0835,straight,0.8292,4.3800,0.0325,0.0072,0.0370
0.0139,8.3393,0.0152,combined,1.8583,5.0400,0.0070,0.0043,0.0133
0.0190,11.9464,0.0434,combined,2.0417,5.8000,0.0075,0.0182,0.0056
0.0125,11.0218,0.0352,turn,0.0000,6.6600,0.0000,nan,nan
0.0544,1.8552,0.0392,lateral,1.1151,6.3800,0.0530,-0.0536,0.0098
0.0237,4.3352,0.0109,stand,0.0000,7.7800,0.0000,nan,nan
0.0178,7.5153,0.0291,combined,1.1625,7.0000,0.0076,0.0154,0.0090
0.0876,6.8433,0.0783,combined,2.1291,5.1800,0.0876,-0.0772,0.0414
0.0093,7.7597,0.0132,combined,0.2028,6.6600,0.0002,0.0074,0.0057
0.0369,4.6973,0.0539,lateral,0.5161,5.4400,0.0285,-0.0347,0.0126
0.0519,7.3460,0.0097,straight,0.5527,4.8600,0.0191,0.0331,0.0400
0.0630,5.4901,0.0549,straight,1.2016,7.6600,0.0494,0.0134,0.0615
0.0449,5.5403,0.0235,combined,1.5377,6.3600,0.0209,0.0067,0.0444
0.0281,9.4601,0.0472,combined,0.7635,5.1600,0.0281,-0.0079,0.0269
0.0186,4.3330,0.0460,turn,0.0000,4.2800,0.0000,nan,nan
0.0239,3.4247,0.0304,straight,0.9163,4.3800,0.0228,-0.0226,0.0079
0.0453,10.5255,0.0068,turn,0.0000,5.9400,0.0000,nan,nan
0.0470,9.0259,0.0106,combined,1.1583,6.6600,0.0222,0.0185,0.0432
0.0247,4.2687,0.0189,straight,0.9497,4.7000,0.0206,-0.0054,0.0241
0.0218,6.8586,0.0326,straight,0.8444,4.0600,0.0178,-0.0176,0.0129
0.0167,8.5648,0.0115,lateral,1.0103,4.8800,0.0035,0.0125,0.0110
0.0150,4.1752,0.0022,stand,0.0000,4.8200,0.0000,nan,nan
0.0519,11.7744,0.1153,combined,1.5958,5.5600,0.0519,-0.0064,0.0515
0.0220,10.2748,0.0412,turn,0.0000,6.2200,0.0000,nan,nan
0.0420,6.0585,0.0462,lateral,0.9379,4.4800,0.0323,0.0314,0.0280
0.0552,0.1883,0.0421,combined,0.8761,5.5200,0.0229,0.0399,0.0381
0.0405,7.5454,0.0241,lateral,0.8838,5.4200,0.0277,0.0303,0.0268
0.0599,7.9069,0.0190,straight,0.4487,6.1600,0.0313,-0.0377,0.0466
0.0224,6.5666,0.0385,combined,1.6934,5.2400,0.0054,0.0072,0.0212
0.0223,4.5979,0.0481,lateral,1.4850,6.5600,0.0220,-0.0208,0.0082
0.0643,11.2101,0.0398,combined,1.9763,6.2600,0.0159,0.0532,0.0362
0.0443,4.7393,0.0473,combined,2.4781,4.4000,0.0426,-0.0024,0.0442
0.0302,5.1301,0.0351,combined,1.4691,4.7800,0.0260,0.0107,0.0283
0.0106,0.3718,0.0274,stand,0.0000,4.3800,0.0000,nan,nan
0.0349,10.7268,0.0282,turn,0.0000,4.4000,0.0000,nan,nan
0.0287,17.1973,0.0376,straight,1.4309,4.9200,0.0030,0.0286,0.0029
0.0633,10.9861,0.0240,turn,0.0000,5.0000,0.0000,nan,nan
0.0125,6.7837,0.0225,turn,0.0000,5.7600,0.0000,nan,nan
0.0625,1.0997,0.0237,straight,0.3999,4.8600,0.0418,0.0378,0.0497
0.0502,4.7888,0.0265,straight,0.6018,4.1200,0.0337,0.0438,0.0245
0.0065,1.4047,0.0098,stand,0.0000,5.4400,0.0000,nan,nan
0.0531,12.7385,0.0137,combined,1.7943,5.8000,0.0290,0.0408,0.0340
0.0488,6.6034,0.0323,turn,0.0000,7.0400,0.0000,nan,nan
0.0802,11.8052,0.0273,straight,0.2719,6.7000,0.0173,0.0523,0.0608
0.0318,0.1029,0.0508,combined,1.7998,4.3000,0.0318,-0.0207,0.0241
0.0610,4.2619,0.0542,lateral,0.8333,6.1600,0.0515,-0.0598,0.0119
0.0040,5.4263,0.0443,lateral,0.2321,4.0600,0.0011,0.0023,0.0032
0.0472,2.8988,0.0317,turn,0.0000,4.0200,0.0000,nan,nan
0.0432,0.2421,0.0561,lateral,1.1237,4.0000,0.0427,-0.0417,0.0115
0.0676,8.1555,0.0424,turn,0.0000,6.1600,0.0000,nan,nan
0.0659,9.3341,0.0035,lateral,0.5100,6.2000,0.0512,0.0364,0.0550
0.0360,11.8564,0.0327,lateral,0.2750,6.9800,0.0232,-0.0249,0.0260
0.0632,6.7269,0.0277,combined,0.7759,7.9200,0.0543,0.0266,0.0573
0.0406,7.5587,0.0114,combined,1.0841,6.3200,0.0209,0.0285,0.0289
0.0413,8.1597,0.0198,lateral,1.1365,4.8800,0.0362,-0.0280,0.0304
0.0786,9.6172,0.0475,combined,0.9548,5.5600,0.0270,0.0760,0.0200
0.0223,3.7856,0.0345,lateral,0.4908,7.2800,0.0085,-0.0179,0.0133
0.0626,8.1637,0.0461,combined,0.9304,4.7400,0.0319,0.0624,0.0046
0.0228,11.8026,0.0219,combined,1.6205,7.9400,0.0075,0.0184,0.0135
0.0535,7.5421,0.0289,straight,0.7862,5.4800,0.0385,-0.0068,0.0530
0.0246,4.1519,0.0749,combined,1.8254,4.9200,0.0246,-0.0158,0.0188
0.0707,2.9317,0.0104,straight,1.5002,6.5000,0.0594,-0.0598,0.0377
0.0299,1.9870,0.0379,stand,0.0000,6.1000,0.0000,nan,nan
0.0594,11.4972,0.0695,combined,0.2366,6.7800,0.0479,0.0332,0.0493
0.0171,5.9150,0.0405,turn,0.0000,4.4200,0.0000,nan,nan
0.0377,5.1576,0.0294,straight,0.3639,6.8200,0.0181,-0.0164,0.0339
0.0265,5.2553,0.0326,combined,0.7961,5.9200,0.0123,0.0030,0.0263
0.0153,11.3753,0.0588,lateral,0.6225,5.7200,0.0152,-0.0153,0.0009
0.0428,2.1621,0.0259,stand,0.0000,7.4000,0.0000,nan,nan
0.0493,6.7526,0.0163,turn,0.0000,6.7400,0.0000,nan,nan
0.0170,12.0672,0.0627,lateral,0.3839,5.7800,0.0130,0.0062,0.0158
0.0384,2.4830,0.0280,lateral,0.4066,4.2400,0.0367,-0.0370,0.0105
0.0389,9.9386,0.0933,turn,0.0000,7.8400,0.0000,nan,nan
0.0104,2.2722,0.0084,straight,0.4381,6.2000,0.0029,0.0001,0.0104
0.0713,7.8762,0.0403,combined,1.3567,5.9800,0.0461,0.0359,0.0616
0.0128,0.2861,0.0360,combined,1.4509,5.1600,0.0076,0.0119,0.0045
0.0375,5.2221,0.0423,lateral,1.2990,6.4200,0.0145,0.0358,0.0112
0.0194,8.3762,0.0115,combined,1.2235,5.7800,0.0129,-0.0042,0.0190
0.0278,2.1242,0.0291,stand,0.0000,6.1000,0.0000,nan,nan
0.0570,10.1134,0.0268,turn,0.0000,6.4800,0.0000,nan,nan
0.0548,6.8728,0.0188,straight,1.4127,4.7600,0.0362,0.0336,0.0433
0.0285,0.8429,0.0528,straight,0.1515,7.6600,0.0164,-0.0136,0.0251
0.0078,5.3518,0.0337,straight,0.7005,6.2600,0.0048,-0.0017,0.0076
0.0312,7.3417,0.0242,lateral,0.2905,5.9000,0.0276,-0.0050,0.0308
0.0418,8.8615,0.0158,turn,0.0000,6.1200,0.0000,nan,nan
0.0230,9.3230,0.0479,turn,0.0000,6.8600,0.0000,nan,nan
0.0121,1.6580,0.0556,stand,0.0000,5.5200,0.0000,nan,nan
0.0074,7.1558,0.0411,lateral,0.8026,7.4400,0.0041,-0.0070,0.0024
0.0463,11.1870,0.0544,combined,0.7203,5.1800,0.0151,0.0285,0.0365
0.0372,9.7776,0.0424,combined,1.4076,6.7400,0.0294,-0.0108,0.0356
0.0486,4.8911,0.0079,combined,1.0340,5.3600,0.0208,-0.0485,0.0008
0.0414,14.7928,0.0346,turn,0.0000,4.1400,0.0000,nan,nan
0.0302,7.8969,0.0625,combined,1.8592,7.9200,0.0200,0.0252,0.0166
0.0526,9.3901,0.0160,combined,1.7633,6.9800,0.0259,0.0222,0.0477
0.0609,4.1117,0.0239,straight,0.9040,6.0200,0.0586,0.0036,0.0608
0.0353,3.5931,0.0359,straight,1.6776,7.3800,0.0351,-0.0306,0.0177
0.0183,0.5658,0.0448,stand,0.0000,7.5600,0.0000,nan,nan
0.0075,8.3411,0.0468,combined,1.7265,5.9600,0.0075,0.0008,0.0075
0.0335,11.6318,0.0715,combined,1.7196,7.2200,0.0335,0.0141,0.0304
0.0706,8.6193,0.0569,turn,0.0000,4.0400,0.0000,nan,nan
0.0127,1.7025,0.0045,stand,0.0000,5.5800,0.0000,nan,nan
0.0370,7.6258,0.0304,straight,1.4002,6.5000,0.0024,0.0141,0.0343
0.0348,6.8508,0.0030,turn,0.0000,7.0600,0.0000,nan,nan
0.0131,11.6951,0.0165,lateral,1.4182,5.1800,0.0116,-0.0034,0.0126
0.0384,11.2186,0.0265,turn,0.0000,6.8600,0.0000,nan,nan
0.0436,8.3890,0.0542,combined,1.7139,5.1400,0.0405,-0.0436,0.0017
0.0602,4.4087,0.0395,combined,2.0643,6.9400,0.0547,-0.0569,0.0196
0.0429,3.2578,0.0075,stand,0.0000,7.0200,0.0000,nan,nan
0.0481,8.1971,0.0480,straight,0.1062,7.4400,0.0413,-0.0347,0.0333
0.0531,5.8969,0.0649,combined,0.7311,5.5400,0.0139,0.0337,0.0410
0.0529,8.8471,0.0080,combined,1.9469,6.4800,0.0361,0.0527,0.0044
0.0057,10.0909,0.0415,lateral,0.9348,4.1200,0.0017,-0.0010,0.0056
0.0408,8.5049,0.0214,combined,2.2993,6.9200,0.0408,-0.0405,0.0048
0.0307,4.8103,0.0374,combined,1.7589,7.3800,0.0252,-0.0305,0.0032
0.0438,3.4630,0.0480,stand,0.0000,7.3000,0.0000,nan,nan
0.0372,5.4171,0.0496,combined,1.9722,7.2000,0.0267,0.0170,0.0331
0.0251,4.9037,0.0216,turn,0.0000,5.3400,0.0000,nan,nan
0.0491,7.9680,0.0514,combined,1.0439,4.4000,0.0451,0.0108,0.0479
0.0258,10.1568,0.0306,combined,2.2988,6.4200,0.0258,-0.0062,0.0250
0.0759,8.3486,0.0157,lateral,0.4651,7.9800,0.0232,0.0753,0.0090
0.0406,10.6726,0.0351,combined,0.6348,7.6600,0.0200,0.0296,0.0277
0.0267,2.2986,0.0201,stand,0.0000,7.6000,0.0000,nan,nan
0.0215,4.7171,0.0280,lateral,0.7364,6.1400,0.0168,-0.0194,0.0091
0.0316,4.9526,0.0255,straight,0.8950,6.7600,0.0210,-0.0227,0.0220
0.0186,7.0168,0.0283,turn,0.0000,7.1400,0.0000,nan,nan
0.0309,3.0652,0.0054,turn,0.0000,7.0600,0.0000,nan,nan
0.0281,5.0063,0.0237,turn,0.0000,7.4400,0.0000,nan,nan
0.0548,3.8758,0.0416,turn,0.0000,7.0800,0.0000,nan,nan
0.0283,3.6908,0.0778,straight,1.2536,6.1600,0.0019,0.0278,0.0053
0.0541,0.7696,0.0064,stand,0.0000,7.0200,0.0000,nan,nan
0.0595,10.9549,0.0211,straight,0.3162,7.6600,0.0430,0.0239,0.0545
0.0095,8.4832,0.0356,combined,0.5220,7.2200,0.0010,0.0065,0.0069
0.0294,10.0258,0.0835,combined,0.4030,6.9000,0.0113,-0.0146,0.0255
0.0320,6.4185,0.0395,lateral,0.7521,6.1200,0.0199,0.0197,0.0252
0.0356,11.5271,0.0338,turn,0.0000,7.6400,0.0000,nan,nan
0.0316,5.3700,0.0293,straight,0.5031,5.7800,0.0244,-0.0216,0.0231
0.0576,8.9434,0.0218,combined,0.8873,5.3800,0.0497,-0.0567,0.0100
0.0076,0.2798,0.0194,stand,0.0000,7.1200,0.0000,nan,nan
0.0284,10.3729,0.0431,turn,0.0000,7.6200,0.0000,nan,nan
0.0590,0.4361,0.0146,stand,0.0000,6.6000,0.0000,nan,nan
0.0725,11.2740,0.0670,combined,1.7475,7.6000,0.0585,-0.0633,0.0354
0.0550,11.8248,0.0521,lateral,0.9799,7.0600,0.0146,0.0434,0.0339
0.0375,7.1821,0.0060,combined,1.9723,6.5800,0.0341,-0.0044,0.0372
0.0205,0.4913,0.0315,stand,0.0000,7.4800,0.0000,nan,nan
0.0213,6.0484,0.0396,turn,0.0000,5.8400,0.0000,nan,nan
0.0458,11.4296,0.0106,combined,1.7368,5.0200,0.0243,0.0442,0.0118
0.0691,7.0907,0.0591,combined,1.3398,7.9800,0.0147,0.0568,0.0393
0.0395,14.7729,0.0271,combined,1.9380,5.4200,0.0356,-0.0162,0.0360
0.0027,6.6297,0.0481,stand,0.0000,6.0600,0.0000,nan,nan
0.0446,7.5871,0.0181,combined,0.5014,6.0200,0.0247,0.0398,0.0200
0.0490,9.6652,0.0514,turn,0.0000,7.2600,0.0000,nan,nan
0.0107,5.6391,0.0347,turn,0.0000,7.2800,0.0000,nan,nan
0.0420,6.2981,0.0176,turn,0.0000,5.0000,0.0000,nan,nan
0.0525,6.9668,0.0439,combined,1.6480,5.7000,0.0255,0.0239,0.0468
0.0593,11.2134,0.0251,lateral,1.3489,6.3000,0.0559,-0.0588,0.0078
0.0815,1.9971,0.0485,combined,1.1858,4.0400,0.0815,-0.0798,0.0167
0.0203,6.6462,0.0443,lateral,0.1685,5.4200,0.0025,-0.0166,0.0116
0.0466,5.8029,0.0530,straight,1.2355,6.0000,0.0428,-0.0445,0.0139
0.0470,9.0754,0.0534,straight,0.7767,4.0400,0.0132,0.0448,0.0143
0.0287,11.5074,0.0309,straight,1.3042,5.7000,0.0200,0.0015,0.0287
0.0039,7.3176,0.0577,combined,1.5774,4.5400,0.0017,0.0023,0.0031
0.0535,0.9430,0.0230,lateral,0.6571,7.5600,0.0535,-0.0374,0.0382
0.0051,9.5173,0.0342,lateral,1.0900,4.9200,0.0044,-0.0008,0.0050
0.0425,10.0199,0.0207,turn,0.0000,5.5800,0.0000,nan,nan
0.0481,1.8645,0.0182,turn,0.0000,6.4000,0.0000,nan,nan
0.0077,2.7208,0.0616,stand,0.0000,5.4000,0.0000,nan,nan
0.0383,7.9034,0.0541,lateral,0.5008,5.2600,0.0047,0.0383,0.0002
0.0509,13.2895,0.0632,turn,0.0000,4.9400,0.0000,nan,nan
0.0591,15.2098,0.0306,turn,0.0000,4.4400,0.0000,nan,nan
0.0356,2.4498,0.0291,lateral,0.6133,6.6400,0.0329,-0.0162,0.0317
0.0283,2.8877,0.0274,combined,0.9360,4.9400,0.0193,0.0044,0.0280
0.0446,5.9874,0.0538,turn,0.0000,7.3200,0.0000,nan,nan
0.0402,9.7128,0.0516,straight,0.8099,5.7200,0.0104,0.0307,0.0259
0.0359,4.8664,0.0432,combined,1.2493,5.1200,0.0284,-0.0208,0.0293
0.0306,1.3049,0.0296,stand,0.0000,7.6600,0.0000,nan,nan
0.0487,3.2378,0.0215,straight,1.4911,4.6600,0.0487,-0.0396,0.0283
0.0198,2.7433,0.0255,stand,0.0000,7.2800,0.0000,nan,nan
0.0545,3.7816,0.0126,combined,1.8039,6.0600,0.0388,-0.0224,0.0496
0.0214,8.4656,0.0453,lateral,0.7572,6.0200,0.0014,0.0185,0.0109
0.0674,7.7622,0.0438,combined,0.7606,5.4000,0.0544,-0.0208,0.0642
0.0446,9.1460,0.0379,lateral,0.2507,6.5800,0.0017,0.0431,0.0114
0.0188,3.7350,0.0121,lateral,0.8686,7.0800,0.0188,-0.0088,0.0167
0.0060,10.0053,0.0205,straight,1.1276,6.1600,0.0021,-0.0001,0.0060
0.0682,8.5805,0.0655,turn,0.0000,6.9400,0.0000,nan,nan
0.0117,9.6129,0.0095,straight,1.2587,4.0400,0.0079,0.0100,0.0061
0.0729,6.2429,0.0657,turn,0.0000,7.3000,0.0000,nan,nan
0.0179,4.9118,0.0387,straight,1.5338,6.3400,0.0086,-0.0123,0.0130
0.0555,3.8959,0.0294,turn,0.0000,7.1000,0.0000,nan,nan
0.0384,2.2133,0.0363,stand,0.0000,7.0200,0.0000,nan,nan
0.0201,10.7852,0.0389,straight,0.3092,7.2200,0.0084,0.0099,0.0174
0.0606,9.0036,0.0213,combined,1.0053,7.3000,0.0470,-0.0566,0.0214
0.0233,5.4779,0.0117,lateral,0.6770,7.4400,0.0203,-0.0206,0.0111
0.0472,9.6310,0.0523,lateral,1.1295,7.0200,0.0300,-0.0275,0.0383
0.0300,9.3354,0.0074,lateral,0.5333,7.1800,0.0232,-0.0283,0.0099
0.0180,0.0170,0.0369,turn,0.0000,5.2400,0.0000,nan,nan
0.0706,3.3370,0.0293,stand,0.0000,7.5400,0.0000,nan,nan
0.0407,10.0202,0.0653,straight,0.1027,4.0600,0.0019,0.0237,0.0331
0.0190,11.8887,0.0246,straight,0.3470,5.0600,0.0055,0.0138,0.0130
0.0523,4.4471,0.0198,combined,2.4120,4.7400,0.0523,0.0270,0.0447
0.0337,9.9980,0.0321,turn,0.0000,6.1800,0.0000,nan,nan
0.0436,9.8658,0.0226,straight,1.4515,7.2200,0.0021,0.0348,0.0263
0.0441,0.1197,0.0656,straight,1.6926,7.9800,0.0307,0.0198,0.0394
0.0290,2.5646,0.0373,lateral,1.4933,6.5800,0.0204,0.0077,0.0279
0.0322,7.5136,0.0070,combined,1.2837,7.6400,0.0253,0.0132,0.0293
0.0516,10.7865,0.0177,turn,0.0000,7.9800,0.0000,nan,nan
0.0263,5.7772,0.0680,lateral,1.1620,5.1200,0.0262,-0.0205,0.0165
0.0230,7.5226,0.0129,lateral,0.1593,6.9600,0.0147,0.0220,0.0067
0.0074,1.0388,0.0082,stand,0.0000,5.9400,0.0000,nan,nan
0.0534,12.4341,0.0334,combined,0.8437,4.6200,0.0168,0.0442,0.0300
0.0423,3.9301,0.0813,combined,1.0259,7.2200,0.0423,-0.0294,0.0304
0.0192,6.6104,0.0166,lateral,0.3171,4.3800,0.0067,0.0192,0.0003
0.0224,6.9330,0.0130,combined,1.2976,7.1400,0.0149,0.0098,0.0202
0.0775,0.1382,0.0540,combined,1.2467,4.1400,0.0775,-0.0572,0.0523
0.0852,2.0821,0.0279,straight,0.8491,7.5000,0.0499,0.0749,0.0406
0.0221,14.0727,0.0500,straight,0.4699,5.7000,0.0201,-0.0219,0.0032
0.0582,4.3364,0.0189,stand,0.0000,5.4400,0.0000,nan,nan
0.0350,7.4813,0.0131,lateral,0.8889,4.6800,0.0028,0.0349,0.0023
0.0536,3.5144,0.0128,stand,0.0000,7.4800,0.0000,nan,nan
0.0418,12.0502,0.0250,lateral,1.1021,4.2600,0.0312,-0.0209,0.0362
0.0064,0.5257,0.0299,lateral,0.8907,7.1800,0.0010,0.0009,0.0063
0.0202,3.8441,0.0443,straight,1.8745,4.6200,0.0169,-0.0192,0.0064
0.0410,13.2529,0.0068,lateral,0.7960,6.9400,0.0397,0.0113,0.0394
0.0665,9.2087,0.0222,combined,0.8127,4.4200,0.0377,-0.0036,0.0664
0.0145,11.4493,0.0127,turn,0.0000,5.3000,0.0000,nan,nan
0.0421,3.2770,0.0236,combined,1.5986,4.9200,0.0072,0.0314,0.0280
0.0361,7.3272,0.0222,turn,0.0000,4.6800,0.0000,nan,nan
0.0177,2.9999,0.0319,turn,0.0000,4.0800,0.0000,nan,nan
0.0618,6.6394,0.0349,lateral,1.3179,4.4600,0.0618,-0.0602,0.0140
0.0386,11.7212,0.0540,lateral,1.1180,7.3000,0.0260,-0.0162,0.0351
0.0240,2.5142,0.0541,turn,0.0000,4.6800,0.0000,nan,nan
0.0461,14.0317,0.0203,combined,1.3213,4.9200,0.0460,-0.0091,0.0452
0.0974,7.8084,0.0159,stand,0.0000,5.8000,0.0000,nan,nan
0.0221,0.0401,0.0769,turn,0.0000,4.0800,0.0000,nan,nan
0.0245,3.3119,0.0099,combined,1.0480,4.7800,0.0225,0.0219,0.0111
0.0090,12.6416,0.0584,combined,1.1895,7.9600,0.0088,0.0011,0.0089
0.0386,9.7985,0.0130,combined,1.7688,4.0400,0.0278,-0.0356,0.0149
0.0268,4.8491,0.0389,turn,0.0000,7.6800,0.0000,nan,nan
0.0205,6.4198,0.0306,combined,0.3165,7.7200,0.0004,0.0140,0.0149
0.0543,12.2395,0.0212,combined,1.4380,5.3800,0.0298,0.0334,0.0427
0.0491,2.9213,0.0425,straight,1.8916,7.7600,0.0279,0.0027,0.0491
0.0253,0.8126,0.0186,stand,0.0000,7.1600,0.0000,nan,nan
0.0419,12.0797,0.0283,straight,0.7991,7.8000,0.0263,-0.0005,0.0419
0.0308,11.3952,0.0370,turn,0.0000,6.9000,0.0000,nan,nan
0.0064,4.9032,0.0276,straight,0.6070,5.2200,0.0015,-0.0020,0.0061
0.0587,5.7274,0.0570,turn,0.0000,6.4400,0.0000,nan,nan
0.0623,8.9045,0.0267,combined,0.5423,7.1200,0.0013,0.0611,0.0122
0.0401,7.5041,0.0335,turn,0.0000,4.7400,0.0000,nan,nan
0.0161,8.2835,0.0612,turn,0.0000,5.2400,0.0000,nan,nan
0.0274,13.4725,0.0073,combined,1.5034,7.3400,0.0020,0.0213,0.0172
0.0532,1.0930,0.0488,turn,0.0000,6.8600,0.0000,nan,nan
0.0317,1.1991,0.0341,straight,1.1470,6.2800,0.0148,-0.0302,0.0096
0.0531,9.6588,0.0260,lateral,0.4162,7.9800,0.0422,0.0380,0.0371
0.0617,7.5169,0.0551,lateral,0.8923,5.5800,0.0541,-0.0614,0.0060
0.0724,6.2999,0.0601,straight,1.2900,7.4200,0.0616,0.0360,0.0628
0.0223,9.0154,0.0484,straight,1.2836,4.2600,0.0223,-0.0103,0.0198
0.0327,4.8434,0.0503,lateral,0.9590,4.8600,0.0279,0.0020,0.0327
0.0422,6.3726,0.0091,lateral,0.3022,6.2200,0.0251,-0.0160,0.0391
0.0806,11.5499,0.0316,turn,0.0000,6.6000,0.0000,nan,nan
0.0631,3.5015,0.0262,combined,0.4842,4.5000,0.0630,0.0631,0.0028
0.0530,6.7852,0.0241,combined,1.6325,4.8800,0.0530,0.0184,0.0497
0.0521,8.1122,0.0365,turn,0.0000,4.7200,0.0000,nan,nan
0.0484,7.4002,0.0135,straight,0.3076,6.2600,0.0248,0.0075,0.0478
0.0786,14.5462,0.0393,lateral,1.3081,5.0400,0.0739,-0.0527,0.0583
0.0483,3.3082,0.0070,lateral,1.2896,6.0000,0.0234,0.0432,0.0216
0.0248,5.2930,0.0252,lateral,0.6733,4.3000,0.0200,-0.0239,0.0066
0.0289,13.8037,0.0286,combined,1.3106,7.7400,0.0029,-0.0087,0.0276
0.0077,10.7141,0.0398,turn,0.0000,7.5400,0.0000,nan,nan
0.0256,6.1214,0.0221,turn,0.0000,7.0400,0.0000,nan,nan
0.0406,8.9179,0.0256,turn,0.0000,4.9600,0.0000,nan,nan
0.0203,10.0535,0.0212,lateral,1.3568,7.2200,0.0009,0.0179,0.0095
0.0205,6.0729,0.0388,lateral,1.1373,4.8000,0.0205,-0.0204,0.0013
0.0511,2.0804,0.0179,stand,0.0000,7.4000,0.0000,nan,nan
0.0478,7.8041,0.0385,straight,1.9681,7.1400,0.0470,0.0090,0.0470
0.0148,5.0440,0.0925,lateral,1.2697,5.7400,0.0122,0.0004,0.0148
0.0390,5.4119,0.0364,lateral,1.0015,7.3000,0.0035,0.0290,0.0261
0.0477,5.3857,0.0249,straight,1.7623,5.4000,0.0432,-0.0410,0.0244
0.0258,0.7486,0.0198,stand,0.0000,5.2200,0.0000,nan,nan
0.0568,7.4985,0.0384,turn,0.0000,4.4600,0.0000,nan,nan
0.0668,1.1567,0.0114,combined,1.5622,6.4600,0.0536,-0.0342,0.0573
0.0149,8.3154,0.0291,turn,0.0000,4.3600,0.0000,nan,nan
0.0087,0.1407,0.0076,stand,0.0000,6.2400,0.0000,nan,nan
0.0243,10.6319,0.0239,straight,0.8808,5.4000,0.0166,0.0147,0.0194
0.0388,3.8727,0.0418,lateral,0.4425,5.8800,0.0323,0.0272,0.0276
0.0399,15.1423,0.0561,combined,1.3999,5.6600,0.0367,-0.0397,0.0038
0.0324,6.2215,0.0624,combined,0.7871,4.8400,0.0284,-0.0251,0.0205
0.0196,5.7861,0.0329,combined,0.7085,7.8600,0.0072,-0.0096,0.0171
0.0375,4.0184,0.0384,combined,1.8744,5.0600,0.0375,-0.0054,0.0371
0.0150,7.3647,0.0134,lateral,0.5992,7.0400,0.0119,-0.0051,0.0142
0.0198,9.8444,0.0156,lateral,1.2164,6.1400,0.0005,0.0188,0.0063
0.0386,7.3550,0.0345,lateral,0.6966,5.8800,0.0220,0.0151,0.0355
0.0378,7.4260,0.0075,straight,1.9034,4.3200,0.0181,0.0021,0.0378
0.0403,4.3487,0.0496,turn,0.0000,5.3600,0.0000,nan,nan
0.0069,0.9293,0.0064,stand,0.0000,4.6800,0.0000,nan,nan
0.0228,6.2334,0.0624,turn,0.0000,6.3200,0.0000,nan,nan
0.0418,3.4130,0.0397,lateral,0.0986,4.9200,0.0189,0.0288,0.0304
0.0275,1.8633,0.0236,stand,0.0000,6.8800,0.0000,nan,nan
0.0127,1.0816,0.0159,stand,0.0000,7.5600,0.0000,nan,nan
0.0405,3.4064,0.0364,combined,1.1265,4.2000,0.0405,-0.0361,0.0184
0.0660,8.3431,0.0151,lateral,0.2476,6.2200,0.0340,0.0395,0.0528
0.0630,1.4017,0.0297,straight,0.0993,4.3400,0.0380,0.0194,0.0600
0.0451,11.1082,0.0508,combined,1.1081,7.9200,0.0083,0.0347,0.0288
0.0290,5.3153,0.0556,lateral,0.1827,4.9800,0.0221,-0.0286,0.0043
0.0411,3.3167,0.0381,combined,1.6481,4.4600,0.0158,0.0192,0.0364
0.0405,0.4321,0.0552,turn,0.0000,6.5800,0.0000,nan,nan
0.0581,2.8275,0.0323,turn,0.0000,4.8600,0.0000,nan,nan
0.0384,11.3201,0.0228,lateral,1.1114,6.6400,0.0271,0.0217,0.0317
0.0726,7.0433,0.0067,combined,0.5524,4.8200,0.0200,0.0717,0.0118
0.0289,8.2104,0.0768,lateral,1.0030,4.4200,0.0105,0.0283,0.0059
0.0328,14.0991,0.0608,combined,1.0078,5.5000,0.0309,0.0189,0.0268
0.0506,8.7621,0.0316,combined,1.1603,7.3200,0.0291,-0.0242,0.0445
0.0520,13.5337,0.0181,lateral,0.4719,4.9600,0.0520,-0.0516,0.0061
0.0421,1.4844,0.0384,lateral,1.1271,6.6400,0.0268,0.0280,0.0315
0.0049,12.6969,0.0093,turn,0.0000,4.4000,0.0000,nan,nan
0.0148,3.5586,0.0117,combined,2.0005,4.9200,0.0063,-0.0115,0.0093
0.0384,5.0252,0.0366,straight,1.1007,4.8000,0.0024,0.0336,0.0186
0.0987,0.6386,0.0502,combined,2.0878,4.6000,0.0987,-0.0946,0.0281
0.0227,3.2165,0.0125,straight,1.4439,7.3800,0.0004,0.0119,0.0193
0.0351,8.5650,0.0034,lateral,1.0862,5.1400,0.0304,0.0138,0.0323
0.0187,5.6543,0.0410,combined,1.0583,7.6600,0.0187,-0.0070,0.0173
0.0144,5.8154,0.0430,lateral,0.7589,7.7000,0.0040,0.0076,0.0122
0.0301,6.0677,0.0599,lateral,1.3677,4.7600,0.0207,0.0125,0.0274
0.0297,9.3427,0.0172,straight,1.1400,4.1800,0.0278,0.0075,0.0287
0.0162,4.6630,0.0490,turn,0.0000,5.4200,0.0000,nan,nan
0.0461,2.5125,0.0386,combined,1.4199,4.7000,0.0444,-0.0190,0.0420
0.0758,11.9779,0.0156,combined,1.9984,4.3600,0.0758,-0.0554,0.0517
0.1869,33.4187,0.2977,stand,0.0000,4.8800,0.0000,nan,nan
0.0591,4.1320,0.0214,combined,1.8855,6.2800,0.0584,0.0009,0.0591
0.0221,8.5042,0.0532,combined,1.6541,7.0600,0.0099,0.0162,0.0150
0.0394,4.0753,0.0566,combined,1.1066,4.5200,0.0337,-0.0239,0.0313
0.0664,3.2551,0.0526,combined,1.0710,4.2400,0.0664,-0.0380,0.0544
0.0363,1.3237,0.0156,combined,1.0073,6.7400,0.0254,-0.0247,0.0266
0.0528,1.7652,0.0395,combined,0.6977,4.8600,0.0346,0.0510,0.0137
0.0158,5.6901,0.0114,lateral,1.4404,7.3200,0.0130,-0.0125,0.0096
0.0251,1.9607,0.0400,stand,0.0000,6.2600,0.0000,nan,nan
0.0341,1.4106,0.0066,stand,0.0000,4.2600,0.0000,nan,nan
0.0179,8.0431,0.0250,straight,0.1375,6.6000,0.0043,0.0002,0.0179
0.0196,6.9692,0.0381,combined,1.6763,7.3000,0.0018,0.0195,0.0022
0.0568,0.9661,0.0183,turn,0.0000,6.9800,0.0000,nan,nan
0.0529,7.2277,0.0529,lateral,1.1380,5.3000,0.0513,-0.0512,0.0133
0.0144,10.4829,0.0156,lateral,0.5091,5.7200,0.0006,0.0075,0.0123
0.0178,7.6766,0.0248,straight,0.6877,6.8200,0.0066,-0.0176,0.0023
0.0416,8.5855,0.0176,straight,1.0532,5.1200,0.0114,0.0080,0.0408
0.0469,9.4389,0.0191,lateral,1.1126,5.6800,0.0283,-0.0469,0.0012
0.0412,5.0934,0.0607,turn,0.0000,6.6800,0.0000,nan,nan
0.0339,6.0107,0.0091,combined,1.7933,7.7800,0.0328,-0.0288,0.0179
0.0118,1.7920,0.0292,stand,0.0000,7.5400,0.0000,nan,nan
0.0591,9.1386,0.0465,turn,0.0000,5.7400,0.0000,nan,nan
0.0221,5.3846,0.0220,straight,0.6167,5.0000,0.0138,0.0167,0.0145
0.0446,11.9558,0.0127,straight,0.2482,7.1800,0.0309,0.0190,0.0403
0.0680,2.7323,0.0673,straight,0.3000,6.8600,0.0365,0.0673,0.0096
0.0474,0.0133,0.0288,stand,0.0000,6.3000,0.0000,nan,nan
0.0066,5.3765,0.0360,turn,0.0000,4.7400,0.0000,nan,nan
0.0432,5.8209,0.0462,combined,1.6028,7.8000,0.0247,0.0423,0.0091
0.0402,7.0681,0.0761,combined,1.0917,4.3000,0.0321,-0.0155,0.0371
0.0495,2.4968,0.0155,stand,0.0000,7.3800,0.0000,nan,nan
0.0698,5.9994,0.0127,straight,0.5006,6.3800,0.0346,-0.0412,0.0564
0.0178,5.8275,0.0228,lateral,1.2713,5.4800,0.0178,-0.0157,0.0085
0.0487,8.4715,0.0351,combined,2.2116,4.0800,0.0487,-0.0487,0.0003
0.0058,9.2200,0.0337,combined,1.9741,7.3600,0.0005,0.0050,0.0030
0.0634,11.7442,0.0425,turn,0.0000,5.1600,0.0000,nan,nan
0.0546,4.3509,0.0271,combined,1.1895,4.7200,0.0467,0.0127,0.0531
0.0346,6.3612,0.0550,straight,0.0299,5.0200,0.0203,-0.0197,0.0285
0.0249,4.0567,0.0395,combined,1.9795,5.3200,0.0179,-0.0122,0.0217
0.0303,13.5474,0.0342,combined,1.9774,5.5400,0.0209,-0.0007,0.0303
0.0315,5.1290,0.0236,lateral,0.0611,6.4000,0.0024,0.0280,0.0144
0.0214,0.9008,0.0170,stand,0.0000,6.1800,0.0000,nan,nan
0.0697,5.0009,0.0152,turn,0.0000,5.0000,0.0000,nan,nan
0.0383,2.5690,0.0222,turn,0.0000,7.7000,0.0000,nan,nan
0.0635,9.7876,0.0156,combined,1.5604,5.9000,0.0272,0.0411,0.0484
0.0690,4.2812,0.0191,stand,0.0000,7.4200,0.0000,nan,nan
0.0366,5.7677,0.0224,turn,0.0000,5.5600,0.0000,nan,nan
0.0817,8.7381,0.0626,straight,1.1158,7.4800,0.0793,-0.0144,0.0805
0.0152,9.7144,0.0344,turn,0.0000,5.3000,0.0000,nan,nan
0.0379,7.2767,0.0256,combined,0.3730,7.8600,0.0272,0.0060,0.0375
0.0416,9.1638,0.0520,lateral,0.6374,7.1200,0.0289,-0.0409,0.0074
0.0630,9.4956,0.0293,combined,1.2099,7.5800,0.0171,0.0618,0.0123
0.0494,10.4714,0.0061,straight,0.0312,6.9800,0.0030,0.0251,0.0425
0.0705,7.6617,0.0447,lateral,1.4105,5.0000,0.0080,0.0703,0.0041
0.0523,10.0229,0.0025,combined,1.8110,7.8200,0.0402,-0.0057,0.0520
0.0522,1.9946,0.0091,combined,1.8490,7.8800,0.0147,0.0511,0.0111
0.0646,1.5337,0.0308,combined,2.3292,4.3000,0.0583,-0.0385,0.0519
0.0493,6.0117,0.0740,lateral,0.7130,6.3200,0.0360,0.0490,0.0047
0.0091,0.8614,0.0352,stand,0.0000,6.0600,0.0000,nan,nan
0.0430,6.4134,0.0139,combined,1.3132,5.1800,0.0106,0.0413,0.0120
0.0104,4.0844,0.0401,combined,1.7501,6.2400,0.0104,0.0101,0.0027
0.0196,12.2207,0.0443,combined,1.6177,6.7000,0.0148,-0.0158,0.0116
0.0326,7.5879,0.0283,combined,0.9149,4.6400,0.0285,-0.0083,0.0315
0.0394,11.5006,0.0525,turn,0.0000,5.6800,0.0000,nan,nan
0.0469,11.2265,0.0120,lateral,0.1193,5.8800,0.0045,0.0305,0.0356
0.0715,12.2193,0.1154,straight,1.4214,7.6200,0.0553,-0.0457,0.0550
0.0376,12.2113,0.0247,combined,0.6065,6.6200,0.0263,-0.0274,0.0258
0.0486,13.3547,0.0581,lateral,1.0519,6.1400,0.0485,-0.0473,0.0112
0.0477,13.3280,0.0940,straight,1.4744,7.4400,0.0133,-0.0006,0.0477
0.0558,9.8007,0.0106,straight,0.0818,7.1800,0.0214,-0.0148,0.0538
0.0144,0.1894,0.0408,stand,0.0000,6.5400,0.0000,nan,nan
0.0280,12.8844,0.0500,combined,1.4190,5.1600,0.0047,0.0276,0.0047
0.0592,1.6348,0.0175,turn,0.0000,5.8000,0.0000,nan,nan
0.0387,8.5555,0.0480,turn,0.0000,4.5600,0.0000,nan,nan
0.0362,11.7787,0.0425,straight,0.2165,7.9800,0.0123,-0.0285,0.0222
0.0370,1.1845,0.0439,combined,2.2164,5.3200,0.0356,0.0033,0.0368
0.0713,9.3872,0.0416,turn,0.0000,7.4600,0.0000,nan,nan
0.0591,7.9144,0.0433,turn,0.0000,4.5600,0.0000,nan,nan
0.0688,9.7467,0.0434,combined,1.8254,6.3000,0.0299,0.0590,0.0355
0.0263,11.8554,0.0364,lateral,1.3747,7.6400,0.0214,-0.0007,0.0263
0.0466,10.5604,0.0365,straight,1.5911,4.7000,0.0272,-0.0192,0.0425
0.0651,7.6659,0.0560,straight,1.2545,4.9200,0.0456,0.0495,0.0424
0.0372,10.8867,0.0047,turn,0.0000,4.9600,0.0000,nan,nan
0.0608,6.2941,0.0580,turn,0.0000,5.2200,0.0000,nan,nan
0.0505,0.1997,0.0364,stand,0.0000,4.5600,0.0000,nan,nan
0.0321,1.5777,0.0144,combined,1.2453,6.9600,0.0223,0.0226,0.0228
0.0246,6.2373,0.0438,straight,0.5007,6.4800,0.0241,-0.0224,0.0103
0.0680,2.9537,0.0170,combined,1.0369,5.4400,0.0677,-0.0053,0.0678
0.0221,9.1286,0.0081,combined,1.4792,5.9000,0.0040,-0.0095,0.0199
0.0305,9.3879,0.0273,straight,1.0165,6.5600,0.0228,-0.0185,0.0242
0.0475,2.9235,0.0368,straight,0.7425,5.3400,0.0127,0.0022,0.0474
0.0345,9.1001,0.0613,turn,0.0000,6.3800,0.0000,nan,nan
0.0377,5.7211,0.0162,lateral,0.2936,4.1800,0.0376,0.0036,0.0375
0.0500,2.6563,0.0478,combined,1.4993,5.8600,0.0448,0.0113,0.0487
0.0429,12.0545,0.0379,combined,1.6837,4.7800,0.0429,-0.0263,0.0339
0.0665,10.8944,0.0129,straight,1.0352,5.3000,0.0648,-0.0150,0.0648
0.0550,10.4866,0.0165,combined,1.3448,5.6600,0.0550,-0.0474,0.0278
0.0653,11.8193,0.0376,combined,1.1341,4.0000,0.0600,-0.0603,0.0251
0.0178,0.3652,0.0217,stand,0.0000,7.2800,0.0000,nan,nan
0.0203,8.2785,0.0316,turn,0.0000,5.2200,0.0000,nan,nan
0.0148,9.0077,0.0187,straight,0.9887,7.6000,0.0104,0.0148,0.0003
0.0355,11.6859,0.0581,turn,0.0000,4.6600,0.0000,nan,nan
0.0150,6.3382,0.0045,turn,0.0000,7.5800,0.0000,nan,nan
0.0394,3.8086,0.0092,straight,0.3954,7.6800,0.0370,-0.0394,0.0026
0.0158,13.4334,0.0236,turn,0.0000,4.5600,0.0000,nan,nan
0.0549,2.1024,0.0450,lateral,0.6163,5.4600,0.0493,-0.0548,0.0026
0.0201,8.2111,0.0180,turn,0.0000,7.7000,0.0000,nan,nan
0.0140,8.6875,0.0485,turn,0.0000,6.4800,0.0000,nan,nan
0.0582,13.2715,0.0602,lateral,0.0433,7.7600,0.0317,-0.0556,0.0174
0.0166,10.6706,0.0465,combined,1.1067,5.8400,0.0050,-0.0117,0.0118
0.0195,4.2787,0.0610,turn,0.0000,6.9800,0.0000,nan,nan
0.0417,4.6096,0.0289,lateral,1.1411,6.5000,0.0306,-0.0248,0.0336
0.0184,1.9556,0.0473,turn,0.0000,7.9400,0.0000,nan,nan
0.0285,11.4034,0.0275,combined,1.5834,4.4800,0.0176,0.0242,0.0152
0.0425,11.6321,0.0313,lateral,1.0019,4.4800,0.0387,-0.0217,0.0366
0.0744,1.4425,0.0580,lateral,1.4322,5.5600,0.0744,0.0368,0.0647
0.0874,12.5887,0.0712,stand,0.0000,5.3600,0.0000,nan,nan
0.0110,0.9785,0.0225,stand,0.0000,5.5000,0.0000,nan,nan
0.0695,6.9851,0.0173,lateral,0.8042,6.4000,0.0551,-0.0421,0.0553
0.0602,2.5591,0.0529,combined,2.0185,6.8800,0.0592,-0.0309,0.0516
0.0358,16.6392,0.0316,combined,1.6209,7.2400,0.0332,-0.0002,0.0358
0.0366,10.6534,0.0377,lateral,0.5819,5.1600,0.0135,0.0189,0.0314
0.0303,1.4781,0.0188,stand,0.0000,7.0400,0.0000,nan,nan
0.0592,13.2662,0.0210,turn,0.0000,7.8800,0.0000,nan,nan
0.0297,5.3924,0.0536,combined,0.1131,7.7800,0.0245,-0.0296,0.0013
0.0151,8.9505,0.0171,combined,0.6104,5.5400,0.0136,-0.0147,0.0035
0.0187,9.9333,0.0464,combined,0.7335,5.6400,0.0056,0.0115,0.0147
0.0242,10.1980,0.0231,combined,1.5493,6.3000,0.0187,-0.0028,0.0241
0.0598,10.1512,0.0497,combined,2.0641,5.1600,0.0591,-0.0194,0.0565
0.0307,5.0578,0.0470,lateral,0.0755,4.5400,0.0176,-0.0191,0.0240
0.0289,6.8707,0.0536,straight,1.5590,4.2400,0.0064,0.0174,0.0231
0.0447,7.9400,0.0253,turn,0.0000,4.9200,0.0000,nan,nan
0.0167,6.8275,0.0461,turn,0.0000,6.6600,0.0000,nan,nan
0.0242,8.5838,0.0473,lateral,0.1279,6.2600,0.0130,0.0025,0.0241
0.0184,5.5948,0.0717,turn,0.0000,7.6200,0.0000,nan,nan
0.0245,9.3399,0.0383,lateral,0.9412,7.8800,0.0206,-0.0202,0.0140
0.0264,17.5073,0.0189,straight,0.3879,4.1800,0.0171,-0.0254,0.0070
0.0441,12.2319,0.0227,straight,1.6079,7.4600,0.0413,-0.0108,0.0428
0.0244,7.1207,0.0326,combined,0.4849,6.7200,0.0243,-0.0040,0.0240
0.0426,8.1484,0.0470,lateral,1.1384,7.1800,0.0426,-0.0019,0.0425
0.0335,2.7265,0.0315,straight,1.1839,5.6600,0.0249,-0.0201,0.0268
0.0155,7.3477,0.0517,straight,1.4663,4.7800,0.0153,-0.0153,0.0019
0.0441,6.3293,0.0123,straight,1.5708,6.9000,0.0341,-0.0426,0.0115
0.0478,8.5158,0.0087,lateral,1.3905,6.1400,0.0045,0.0441,0.0183
0.0325,11.1981,0.0809,combined,1.8650,5.7800,0.0117,0.0230,0.0229
0.0524,9.6931,0.0461,straight,1.1089,7.4000,0.0492,-0.0008,0.0524
0.0717,1.8363,0.0459,straight,0.2905,7.2000,0.0604,-0.0522,0.0491
0.0373,8.8367,0.0132,combined,0.3191,4.0800,0.0080,0.0201,0.0314
0.0456,15.0510,0.0379,combined,1.7830,5.9800,0.0450,-0.0399,0.0220
0.0293,8.9557,0.0396,straight,0.0853,4.1000,0.0121,0.0101,0.0275
0.0388,8.8755,0.0194,turn,0.0000,5.7200,0.0000,nan,nan
0.0431,11.3063,0.0283,lateral,0.9558,5.9200,0.0339,-0.0429,0.0036
0.0168,4.9150,0.0283,stand,0.0000,6.1400,0.0000,nan,nan
0.0477,11.6320,0.0507,combined,1.7043,5.1400,0.0396,0.0047,0.0474
0.0140,9.7412,0.0055,turn,0.0000,6.8600,0.0000,nan,nan
0.0194,5.1029,0.0503,combined,1.0278,5.7000,0.0086,-0.0030,0.0192
0.0391,9.0969,0.0492,combined,1.0318,6.7600,0.0255,-0.0063,0.0386
0.0553,9.8356,0.0252,turn,0.0000,4.8400,0.0000,nan,nan
0.0155,6.2493,0.0466,lateral,0.6239,4.8800,0.0095,0.0055,0.0144
0.0580,8.7506,0.0480,straight,0.2988,7.2200,0.0156,-0.0143,0.0562
0.0805,6.4393,0.0365,straight,1.6755,4.1200,0.0777,0.0039,0.0804
0.0103,9.6798,0.0297,straight,1.4614,5.6000,0.0056,0.0073,0.0073
0.0463,8.3379,0.0276,straight,0.7773,6.1200,0.0287,-0.0166,0.0432
0.0150,6.7159,0.0898,lateral,0.2115,7.6800,0.0010,-0.0139,0.0056
0.0486,7.5340,0.0132,lateral,1.3827,6.4200,0.0245,-0.0311,0.0374
0.0524,5.9069,0.0181,turn,0.0000,6.4400,0.0000,nan,nan
0.0222,4.7040,0.0284,stand,0.0000,5.4400,0.0000,nan,nan
0.0752,9.4412,0.0549,combined,1.3606,7.4400,0.0565,0.0459,0.0595
0.0287,8.7432,0.0223,lateral,1.1561,7.0200,0.0238,-0.0255,0.0131
0.0806,11.2521,0.0061,straight,0.0962,7.3000,0.0175,0.0649,0.0479
0.0628,4.5632,0.0414,turn,0.0000,6.0600,0.0000,nan,nan
0.0211,3.2550,0.0151,lateral,0.6669,7.6400,0.0078,-0.0150,0.0148
0.0380,7.9786,0.0693,lateral,0.9783,4.3000,0.0237,-0.0121,0.0360
0.0105,7.5672,0.0465,combined,1.6138,6.8400,0.0067,-0.0076,0.0073
0.0144,5.4192,0.0466,turn,0.0000,7.1600,0.0000,nan,nan
0.0198,7.3651,0.0233,combined,0.7640,5.8400,0.0189,0.0020,0.0197
0.0248,1.3936,0.0164,stand,0.0000,4.2000,0.0000,nan,nan
0.0785,6.6888,0.0423,combined,1.9502,4.6600,0.0745,-0.0647,0.0444
0.0441,9.5274,0.0501,lateral,0.0430,5.4200,0.0355,-0.0180,0.0403
0.0826,11.6338,0.0872,lateral,0.6854,7.8400,0.0621,-0.0506,0.0653
0.0265,4.3657,0.0278,turn,0.0000,6.1400,0.0000,nan,nan
0.0383,9.3395,0.0258,straight,1.7484,7.9000,0.0354,-0.0016,0.0383
0.0684,0.4627,0.0151,straight,0.5404,6.9600,0.0596,0.0213,0.0650
0.0280,5.4829,0.0493,lateral,1.3252,4.6200,0.0211,-0.0083,0.0267
0.0368,7.7380,0.0310,straight,1.2009,6.3400,0.0139,0.0295,0.0220
0.0634,9.6735,0.0857,lateral,0.2250,5.9800,0.0535,-0.0500,0.0389
0.0252,3.1009,0.0560,combined,1.1294,5.6000,0.0190,0.0252,0.0002
0.0353,12.3561,0.0848,lateral,0.9574,7.4600,0.0166,0.0230,0.0267
0.0290,8.1796,0.0526,combined,1.6446,5.0400,0.0123,0.0151,0.0248
0.0204,10.8381,0.0278,lateral,1.3477,7.9000,0.0196,0.0121,0.0164
0.0481,5.1463,0.0296,straight,1.6611,4.8000,0.0271,0.0047,0.0479
0.0282,14.0073,0.0420,lateral,1.2946,7.9000,0.0062,-0.0037,0.0280
0.0263,6.0487,0.0328,combined,1.9733,5.4400,0.0226,-0.0253,0.0072
0.0416,14.0732,0.0757,lateral,1.3331,5.5400,0.0347,-0.0383,0.0162
0.0220,11.8384,0.0020,combined,0.8360,4.0800,0.0061,0.0207,0.0073
0.0681,5.0628,0.0558,straight,1.2886,4.4200,0.0550,-0.0168,0.0660
0.0672,4.6581,0.0593,lateral,1.4764,7.0200,0.0565,-0.0644,0.0190
0.0751,8.5774,0.0255,straight,1.4435,7.2600,0.0550,-0.0078,0.0747
0.0153,12.5940,0.0404,straight,1.8512,7.9000,0.0070,-0.0145,0.0050
0.0433,11.3348,0.0708,combined,0.7849,4.9000,0.0328,-0.0140,0.0410
0.0387,1.1071,0.0291,lateral,0.1379,4.9600,0.0333,-0.0334,0.0194
0.0012,4.4755,0.0712,turn,0.0000,5.8800,0.0000,nan,nan
0.0472,1.0267,0.0379,stand,0.0000,7.8600,0.0000,nan,nan
0.0419,0.8272,0.0356,turn,0.0000,4.8800,0.0000,nan,nan
0.0556,9.6868,0.0022,turn,0.0000,5.9800,0.0000,nan,nan
0.0127,11.5983,0.0092,straight,1.3897,5.4400,0.0011,0.0116,0.0053
0.0528,9.3338,0.0271,combined,1.7712,6.5200,0.0498,-0.0473,0.0235
0.0138,8.4579,0.0243,straight,1.2557,4.9600,0.0109,-0.0132,0.0040
0.0403,5.9737,0.0170,stand,0.0000,6.6800,0.0000,nan,nan
0.0513,1.7541,0.0031,stand,0.0000,7.6600,0.0000,nan,nan
0.0748,9.8498,0.0243,combined,1.5952,7.2600,0.0548,0.0054,0.0746
0.0418,6.5126,0.0374,turn,0.0000,5.0200,0.0000,nan,nan
0.0434,5.3116,0.0366,combined,1.1135,6.5000,0.0355,0.0304,0.0309
0.0140,9.4768,0.0175,straight,1.7303,7.5800,0.0021,-0.0029,0.0137
0.0246,5.6972,0.0364,lateral,0.6784,7.5800,0.0148,0.0113,0.0218
0.0197,5.0180,0.0360,turn,0.0000,6.4200,0.0000,nan,nan
0.0297,7.7151,0.0293,turn,0.0000,4.6800,0.0000,nan,nan
0.0563,12.4161,0.0551,straight,0.7588,7.0800,0.0563,-0.0241,0.0509
0.0046,1.5343,0.0051,stand,0.0000,5.4800,0.0000,nan,nan
0.0302,7.6548,0.0150,straight,0.2116,5.7200,0.0176,-0.0283,0.0107
0.0329,8.6549,0.0334,combined,1.9478,7.9000,0.0174,0.0102,0.0312
0.0260,11.5482,0.0461,combined,2.1926,4.5600,0.0260,0.0012,0.0260
0.0224,7.7671,0.0269,stand,0.0000,7.8800,0.0000,nan,nan
0.0394,7.6254,0.0191,straight,0.9714,4.3400,0.0310,0.0257,0.0299
0.0251,4.8408,0.0182,straight,1.0010,7.4200,0.0100,-0.0157,0.0196
0.0212,6.8712,0.0208,turn,0.0000,4.8000,0.0000,nan,nan
0.0347,10.1750,0.0798,combined,1.6572,5.2200,0.0318,0.0125,0.0324
0.0785,0.8607,0.0280,turn,0.0000,6.9400,0.0000,nan,nan
0.0126,9.1664,0.0354,turn,0.0000,7.5600,0.0000,nan,nan
0.0136,6.0868,0.0249,straight,1.7692,5.1800,0.0127,-0.0086,0.0106
0.0475,7.9675,0.0332,turn,0.0000,7.5000,0.0000,nan,nan
0.0114,4.3279,0.0039,turn,0.0000,6.0200,0.0000,nan,nan
0.0494,5.1742,0.0303,lateral,0.1553,4.9400,0.0278,0.0416,0.0267
0.0354,4.1659,0.0260,turn,0.0000,4.1400,0.0000,nan,nan
0.0137,8.5429,0.0064,straight,0.4655,4.1800,0.0008,0.0109,0.0083
0.0157,9.7175,0.0272,lateral,0.3296,4.9000,0.0128,0.0118,0.0103
0.0434,12.1436,0.0217,turn,0.0000,4.1600,0.0000,nan,nan
0.0105,3.3356,0.0560,turn,0.0000,4.6600,0.0000,nan,nan
0.0150,11.0314,0.0408,combined,0.5625,4.0600,0.0150,-0.0086,0.0123
0.0439,9.1683,0.0538,straight,1.2316,6.0800,0.0342,0.0218,0.0382
0.0602,3.4344,0.0720,straight,0.5579,4.1200,0.0487,0.0103,0.0594
0.0420,0.2692,0.0260,stand,0.0000,4.9600,0.0000,nan,nan
0.0242,11.2678,0.0523,turn,0.0000,4.4600,0.0000,nan,nan
0.0773,9.8163,0.0122,lateral,0.8809,4.2000,0.0730,-0.0724,0.0271
0.0482,12.4461,0.0269,turn,0.0000,6.6800,0.0000,nan,nan
0.0501,13.2104,0.0623,lateral,1.3477,4.9800,0.0171,0.0496,0.0073
0.0323,8.3468,0.0486,combined,1.8739,5.1600,0.0222,0.0008,0.0322
0.0292,10.3168,0.0047,straight,1.3268,5.9600,0.0124,0.0141,0.0255
0.2565,40.4769,0.1317,stand,0.0000,7.8200,0.0000,nan,nan
0.0174,6.5737,0.0536,straight,0.7584,7.5400,0.0098,-0.0051,0.0167
0.0415,1.7669,0.0085,stand,0.0000,6.5200,0.0000,nan,nan
0.0497,7.2399,0.0281,combined,1.8657,6.7200,0.0439,-0.0420,0.0265
0.0324,4.8292,0.0217,combined,1.3795,4.3400,0.0163,0.0095,0.0310
0.0283,13.6282,0.0301,lateral,0.5050,4.4000,0.0117,0.0244,0.0142
0.0594,9.6847,0.1106,turn,0.0000,4.9400,0.0000,nan,nan
0.0402,11.4308,0.0367,straight,0.2413,4.7600,0.0392,-0.0349,0.0199
0.0502,8.7865,0.0127,turn,0.0000,6.3600,0.0000,nan,nan
0.0989,11.6985,0.0417,stand,0.0000,4.7600,0.0000,nan,nan
0.0328,12.4835,0.0362,lateral,0.4875,5.0200,0.0275,-0.0314,0.0097
0.0873,9.9797,0.1044,lateral,1.4356,4.2800,0.0873,-0.0735,0.0470
0.0468,4.3522,0.0365,combined,1.3063,6.9000,0.0276,-0.0468,0.0006
0.0313,7.9518,0.0243,lateral,0.5313,6.4600,0.0061,0.0281,0.0139
0.0247,7.4360,0.0569,combined,2.1917,5.6200,0.0247,-0.0236,0.0073
0.0777,5.5980,0.1016,turn,0.0000,7.8000,0.0000,nan,nan
0.0128,12.1275,0.0451,combined,0.8959,6.1000,0.0068,-0.0068,0.0109
0.0279,3.2900,0.0486,straight,1.2605,6.0600,0.0184,0.0181,0.0212
0.0247,8.6376,0.0251,turn,0.0000,4.0000,0.0000,nan,nan
0.0904,9.4528,0.0455,combined,0.9968,4.0400,0.0895,-0.0729,0.0535
0.0920,10.2238,0.0447,combined,2.2988,4.0400,0.0775,0.0910,0.0134
0.0502,0.7990,0.0738,straight,1.8139,4.0600,0.0452,-0.0334,0.0374
0.0372,6.3474,0.0353,straight,1.0697,4.0600,0.0364,-0.0323,0.0184
0.0165,1.4085,0.0369,straight,0.7459,4.0600,0.0073,0.0111,0.0122
0.0248,11.2239,0.0282,combined,1.9163,4.0600,0.0248,-0.0238,0.0067
0.0638,11.5866,0.0334,turn,0.0000,4.0600,0.0000,nan,nan
0.0435,11.0062,0.0298,straight,1.3369,4.0600,0.0245,0.0165,0.0403
0.0718,1.1126,0.0611,lateral,0.1933,4.1800,0.0580,0.0501,0.0514
0.0611,7.2883,0.0644,combined,1.7627,4.2200,0.0611,-0.0595,0.0138
0.0434,10.3354,0.0107,combined,0.4742,4.2200,0.0374,0.0407,0.0151
0.0317,6.3617,0.0124,straight,0.3937,4.2400,0.0178,-0.0197,0.0248
0.0687,10.3120,0.0049,turn,0.0000,4.2400,0.0000,nan,nan
0.0420,12.7900,0.0493,combined,1.0007,4.2400,0.0006,0.0419,0.0021
0.0272,4.4824,0.0387,turn,0.0000,4.2600,0.0000,nan,nan
0.0271,4.6239,0.0167,straight,0.4246,4.2800,0.0271,-0.0228,0.0147
0.0528,6.0167,0.0404,combined,0.2926,4.3000,0.0447,-0.0427,0.0310
0.0499,11.7374,0.0384,lateral,0.3011,4.3000,0.0469,-0.0359,0.0347
0.0401,8.0585,0.0266,turn,0.0000,4.3000,0.0000,nan,nan
0.0306,9.9489,0.0355,lateral,0.1614,4.3000,0.0177,-0.0019,0.0305
0.0304,5.3304,0.0305,stand,0.0000,4.3400,0.0000,nan,nan
0.0432,2.0984,0.0239,straight,1.9330,4.3600,0.0260,0.0305,0.0306
0.0598,8.3866,0.0211,combined,1.8405,4.3600,0.0598,-0.0480,0.0357
0.0472,9.9835,0.0207,turn,0.0000,4.3600,0.0000,nan,nan
0.0622,13.7997,0.0273,turn,0.0000,4.3400,0.0000,nan,nan
0.0491,11.3436,0.0100,lateral,1.3876,4.4000,0.0491,-0.0438,0.0223
0.0211,3.0499,0.0300,stand,0.0000,4.4200,0.0000,nan,nan
0.0461,7.9312,0.0138,straight,0.9347,4.4400,0.0378,-0.0042,0.0459
0.0435,8.4731,0.0302,straight,1.4693,4.2600,0.0367,-0.0365,0.0237
0.0089,7.6689,0.0547,turn,0.0000,4.4400,0.0000,nan,nan
0.0557,8.8633,0.0435,straight,1.9664,4.4600,0.0556,-0.0546,0.0107
0.0304,5.6466,0.0341,straight,0.8661,4.4400,0.0260,-0.0104,0.0286
0.0280,9.0855,0.0489,combined,1.9533,4.4800,0.0251,-0.0280,0.0007
0.0884,11.4720,0.0382,combined,2.1416,4.5600,0.0869,-0.0798,0.0380
0.0170,13.9420,0.0733,turn,0.0000,4.5800,0.0000,nan,nan
0.0325,11.1791,0.0094,combined,1.3030,4.6000,0.0242,0.0324,0.0021
0.0510,12.7966,0.0248,turn,0.0000,4.6000,0.0000,nan,nan
0.0468,9.6436,0.0430,turn,0.0000,4.6600,0.0000,nan,nan
0.0304,9.3136,0.0156,turn,0.0000,4.6600,0.0000,nan,nan
0.0272,9.7742,0.0521,turn,0.0000,4.6600,0.0000,nan,nan
0.0341,8.4550,0.0175,lateral,1.1194,4.6400,0.0287,-0.0313,0.0136
0.0221,9.0897,0.0379,combined,1.0908,4.6800,0.0171,0.0202,0.0089
0.0613,10.7344,0.0512,straight,1.1298,4.7000,0.0613,-0.0254,0.0558
0.0047,6.8509,0.0276,turn,0.0000,4.7000,0.0000,nan,nan
0.0591,4.3157,0.0097,stand,0.0000,4.7200,0.0000,nan,nan
0.0597,7.7488,0.0104,lateral,0.0938,4.7200,0.0487,0.0233,0.0549
0.0410,6.5203,0.0368,stand,0.0000,4.7200,0.0000,nan,nan
0.0097,6.0235,0.0214,combined,1.4532,4.7400,0.0028,0.0083,0.0051
0.0016,9.9476,0.0514,straight,0.1368,4.7400,0.0004,0.0005,0.0015
0.0683,10.4956,0.0739,combined,0.8849,4.7600,0.0644,0.0526,0.0435
0.0503,13.6579,0.0532,combined,1.6626,4.7600,0.0208,0.0432,0.0257
0.0616,1.5709,0.0030,stand,0.0000,4.7800,0.0000,nan,nan
0.0601,4.2970,0.0269,stand,0.0000,4.8000,0.0000,nan,nan
0.0375,12.5129,0.0100,combined,0.6084,4.8000,0.0214,-0.0374,0.0033
0.0138,9.5168,0.0376,combined,1.0869,4.8400,0.0055,-0.0064,0.0122
0.0727,8.9417,0.0524,straight,0.2899,4.8400,0.0562,-0.0499,0.0528
0.0421,4.1791,0.0297,combined,0.5914,4.9000,0.0237,-0.0326,0.0267
0.0207,9.8067,0.0355,lateral,0.3308,4.9200,0.0207,-0.0169,0.0119
0.0334,8.4551,0.0426,combined,1.1302,4.9400,0.0334,0.0066,0.0327
0.0199,6.4542,0.0336,combined,1.4194,4.9600,0.0022,0.0198,0.0023
0.0219,5.5454,0.0509,straight,0.4973,4.9800,0.0079,0.0212,0.0054
0.0843,4.8724,0.0127,stand,0.0000,5.0000,0.0000,nan,nan
0.0204,4.2730,0.0178,combined,0.3511,5.0000,0.0014,-0.0156,0.0131
0.0581,8.8239,0.0125,lateral,0.2041,5.0000,0.0383,0.0079,0.0576
0.0181,11.5307,0.0188,straight,1.9431,5.0800,0.0105,-0.0171,0.0060
0.0167,3.7200,0.0203,lateral,0.8881,5.1200,0.0036,0.0130,0.0105
0.0463,5.5855,0.0319,turn,0.0000,5.1200,0.0000,nan,nan
0.0015,6.9352,0.0156,combined,0.5823,5.1400,0.0004,0.0001,0.0015
0.0627,1.0846,0.0335,stand,0.0000,5.1400,0.0000,nan,nan
0.0448,10.1637,0.0233,combined,0.7934,5.1600,0.0100,0.0443,0.0070
0.0336,10.9462,0.0657,turn,0.0000,5.2000,0.0000,nan,nan
0.0337,10.2447,0.0523,combined,1.2907,5.2200,0.0325,-0.0274,0.0196
0.0749,15.1281,0.0397,combined,1.1487,5.2000,0.0723,-0.0590,0.0461
0.0364,11.8259,0.0376,combined,1.1641,5.2000,0.0074,0.0269,0.0245
0.0062,6.8210,0.0583,combined,1.6301,5.2400,0.0013,0.0051,0.0035
0.0840,1.2046,0.0665,combined,1.6779,5.2600,0.0758,-0.0790,0.0286
0.0457,11.8461,0.0495,lateral,0.6083,5.2400,0.0452,-0.0201,0.0411
0.0658,4.3394,0.0093,stand,0.0000,5.2400,0.0000,nan,nan
0.0748,2.9069,0.0259,turn,0.0000,5.2800,0.0000,nan,nan
0.0426,4.7352,0.0367,lateral,0.9132,5.3000,0.0310,0.0370,0.0212
0.0470,0.6649,0.0123,straight,0.3310,5.3000,0.0453,0.0101,0.0459
0.0621,1.4365,0.0470,lateral,0.0299,4.6800,0.0040,0.0231,0.0576
0.0228,0.2431,0.0247,stand,0.0000,5.3400,0.0000,nan,nan
0.0820,0.7307,0.0172,straight,0.0265,5.3400,0.0235,-0.0486,0.0660
0.0265,5.7070,0.0648,combined,2.0504,5.3400,0.0265,-0.0244,0.0102
0.0641,2.2823,0.0548,straight,0.0919,5.3600,0.0414,0.0347,0.0539
0.0608,8.1283,0.0357,combined,1.7027,5.3800,0.0285,0.0240,0.0558
0.0622,5.1819,0.0362,turn,0.0000,5.4000,0.0000,nan,nan
0.0813,0.4375,0.0203,turn,0.0000,5.4600,0.0000,nan,nan
0.0279,5.9162,0.0499,combined,0.6909,5.4800,0.0252,-0.0136,0.0244
0.0192,5.1277,0.0606,turn,0.0000,5.5000,0.0000,nan,nan
0.0351,7.1898,0.0468,turn,0.0000,5.5000,0.0000,nan,nan
0.0364,7.1402,0.0372,straight,1.8363,5.5200,0.0228,0.0207,0.0299
0.0347,8.4392,0.0291,turn,0.0000,5.5400,0.0000,nan,nan
0.0069,7.4358,0.0135,combined,1.0972,5.5600,0.0005,0.0033,0.0061
0.0881,5.9998,0.0354,lateral,1.0462,5.5600,0.0785,-0.0686,0.0554
0.0603,8.0111,0.0446,lateral,1.3789,5.5800,0.0013,0.0584,0.0151
0.0340,14.1710,0.0556,combined,1.7947,5.6000,0.0294,0.0338,0.0040
0.0374,5.3124,0.0051,stand,0.0000,5.6600,0.0000,nan,nan
0.0371,5.6074,0.0145,lateral,0.1636,5.6600,0.0304,-0.0325,0.0178
0.0267,15.6539,0.0217,combined,0.5338,5.6600,0.0256,-0.0129,0.0234
0.0565,0.6851,0.0223,turn,0.0000,5.4000,0.0000,nan,nan
0.0355,9.9805,0.0688,straight,0.6077,5.6800,0.0340,-0.0011,0.0355
0.0246,12.4906,0.0386,turn,0.0000,5.7000,0.0000,nan,nan
0.0093,7.5160,0.0323,straight,0.6380,5.7000,0.0009,-0.0092,0.0010
0.0371,4.9814,0.0406,straight,0.5001,5.7400,0.0264,0.0001,0.0371
0.0207,9.1889,0.0118,combined,1.5766,5.7400,0.0058,-0.0207,0.0011
0.0404,5.7553,0.0031,combined,2.0703,5.7600,0.0344,-0.0396,0.0083
0.0087,7.5059,0.0121,combined,1.4740,5.7600,0.0008,-0.0012,0.0086
0.0495,0.8796,0.0512,combined,1.9571,5.7800,0.0195,0.0401,0.0291
0.0200,8.5252,0.0590,turn,0.0000,5.8000,0.0000,nan,nan
0.0369,11.3700,0.0320,straight,0.7478,5.8000,0.0118,-0.0331,0.0163
0.0491,5.6489,0.0682,combined,0.7297,5.7800,0.0106,0.0489,0.0043
0.0247,3.3473,0.0350,lateral,0.3438,5.8400,0.0067,0.0190,0.0158
0.0602,14.2121,0.0355,combined,1.3246,5.1200,0.0499,-0.0355,0.0487
0.0517,9.4152,0.0440,combined,0.3316,5.6200,0.0478,-0.0262,0.0446
0.0649,5.1528,0.0294,straight,1.2907,5.8800,0.0605,0.0117,0.0638
0.0091,9.4530,0.0557,turn,0.0000,5.8800,0.0000,nan,nan
0.0701,1.9767,0.0201,lateral,1.2757,5.8800,0.0668,-0.0691,0.0121
0.0257,7.6588,0.0386,combined,0.9535,5.8800,0.0093,0.0101,0.0236
0.0585,7.7000,0.0327,lateral,1.1648,5.9000,0.0238,0.0538,0.0229
0.0404,9.2645,0.0092,lateral,1.3543,5.9200,0.0404,-0.0403,0.0027
0.0090,6.3168,0.0171,lateral,0.7092,5.9200,0.0089,0.0020,0.0088
0.0199,7.0444,0.0682,combined,2.1795,5.9200,0.0165,-0.0151,0.0130
0.0990,8.0908,0.0522,lateral,0.2916,5.9200,0.0108,0.0989,0.0051
0.0096,15.8385,0.0159,straight,1.7676,5.9400,0.0035,0.0005,0.0096
0.0612,11.5185,0.0607,straight,0.2747,5.9000,0.0596,0.0014,0.0612
0.0376,7.7889,0.0121,straight,0.7690,5.9600,0.0167,0.0312,0.0210
0.0335,11.3307,0.0332,combined,1.8574,5.9600,0.0256,-0.0330,0.0056
0.0781,5.3662,0.0217,straight,0.8921,5.9400,0.0256,0.0440,0.0645
0.0130,12.4587,0.0353,turn,0.0000,5.8400,0.0000,nan,nan
0.0846,6.5218,0.0180,turn,0.0000,6.0600,0.0000,nan,nan
0.0394,6.5212,0.0223,combined,1.8837,5.9000,0.0255,0.0267,0.0289
0.0322,1.5393,0.0216,combined,1.0607,6.0800,0.0180,0.0312,0.0077
0.0511,11.7997,0.0310,turn,0.0000,6.0800,0.0000,nan,nan
0.0282,5.3623,0.0382,combined,1.5183,6.0800,0.0103,-0.0115,0.0258
0.0458,10.1251,0.0200,lateral,0.0715,6.1200,0.0149,0.0374,0.0265
0.0562,2.2869,0.0705,combined,1.3257,6.1400,0.0099,0.0455,0.0329
0.0313,8.8794,0.0237,turn,0.0000,6.1600,0.0000,nan,nan
0.0272,11.4688,0.0461,lateral,0.2779,6.1800,0.0017,-0.0011,0.0272
0.0203,11.3323,0.0370,straight,1.9314,6.2200,0.0090,0.0149,0.0137
0.0343,7.7443,0.0185,turn,0.0000,6.2200,0.0000,nan,nan
0.0623,9.6680,0.0298,straight,1.4262,6.2200,0.0574,-0.0558,0.0278
0.0590,5.4813,0.0140,turn,0.0000,6.2600,0.0000,nan,nan
0.0280,6.1957,0.0083,combined,2.3858,6.2600,0.0272,-0.0279,0.0026
0.0264,14.2476,0.0544,straight,0.4854,6.2800,0.0060,0.0216,0.0151
0.0310,9.4861,0.0271,straight,1.2285,6.3000,0.0109,-0.0047,0.0307
0.0597,8.1870,0.0663,combined,1.9591,6.3000,0.0588,-0.0597,0.0003
0.0141,9.0699,0.0200,combined,1.3762,6.3200,0.0123,-0.0057,0.0129
0.0459,10.8647,0.0150,combined,1.7309,6.3600,0.0396,-0.0164,0.0428
0.0515,2.3154,0.0300,stand,0.0000,6.3800,0.0000,nan,nan
0.0237,10.1259,0.0947,straight,1.6669,6.3800,0.0056,-0.0090,0.0220
0.0460,0.8702,0.0276,straight,0.7051,6.4000,0.0340,0.0119,0.0444
0.0237,7.8094,0.0942,turn,0.0000,6.4200,0.0000,nan,nan
0.0410,9.4274,0.0297,turn,0.0000,6.4200,0.0000,nan,nan
0.0478,14.3122,0.0430,straight,1.9473,6.4200,0.0384,-0.0212,0.0428
0.0152,4.1636,0.0475,lateral,0.0104,6.4800,0.0009,0.0001,0.0152
0.0472,9.6132,0.0342,turn,0.0000,6.4800,0.0000,nan,nan
0.0463,2.4511,0.0127,stand,0.0000,6.4800,0.0000,nan,nan
0.0445,7.2641,0.0366,lateral,1.0110,6.5000,0.0434,-0.0357,0.0265
0.0657,10.6199,0.0259,turn,0.0000,6.5000,0.0000,nan,nan
0.0365,8.7099,0.0574,combined,0.3789,6.5200,0.0225,-0.0072,0.0358
0.0384,8.0533,0.0424,lateral,0.0313,6.5400,0.0211,0.0383,0.0028
0.0660,2.4541,0.1055,straight,0.8249,6.5600,0.0036,0.0590,0.0296
0.0488,8.9278,0.0174,straight,1.9354,6.5600,0.0286,-0.0088,0.0480
0.0306,1.9287,0.0387,turn,0.0000,6.5800,0.0000,nan,nan
0.0559,6.8137,0.0189,lateral,0.6194,6.5800,0.0431,-0.0559,0.0005
0.0445,10.4914,0.0339,turn,0.0000,6.6400,0.0000,nan,nan
0.0696,7.8209,0.0488,straight,1.3657,6.7000,0.0696,-0.0687,0.0115
0.0467,1.9463,0.0104,combined,1.8902,6.7000,0.0368,0.0078,0.0461
0.0221,14.2471,0.0225,straight,1.6548,6.7000,0.0199,-0.0179,0.0130
0.0343,15.9093,0.0149,turn,0.0000,6.7000,0.0000,nan,nan
0.0488,0.4932,0.0727,combined,0.7430,6.7200,0.0027,-0.0074,0.0482
0.0357,4.1700,0.0278,turn,0.0000,6.7400,0.0000,nan,nan
0.0105,13.2753,0.0132,combined,0.3127,6.7400,0.0007,0.0097,0.0039
0.0620,5.9173,0.0469,turn,0.0000,6.7600,0.0000,nan,nan
0.0273,5.9615,0.0172,straight,0.1343,6.7600,0.0183,-0.0061,0.0266
0.0399,3.9459,0.0557,straight,0.7292,6.7600,0.0215,0.0315,0.0245
0.0554,13.3006,0.0229,combined,1.2493,6.7600,0.0453,-0.0224,0.0506
0.0229,10.6658,0.0161,combined,1.7684,6.7800,0.0003,0.0011,0.0229
0.0825,0.9714,0.0080,stand,0.0000,6.8000,0.0000,nan,nan
0.0303,11.9231,0.0105,lateral,0.5648,6.8200,0.0260,-0.0303,0.0008
0.0287,9.2043,0.0373,lateral,0.7964,6.8200,0.0229,0.0013,0.0286
0.0561,10.7395,0.0368,stand,0.0000,6.8400,0.0000,nan,nan
0.0463,4.8576,0.0570,straight,1.7422,6.8400,0.0038,0.0315,0.0339
0.0110,9.9344,0.0222,combined,0.4649,6.8600,0.0035,-0.0100,0.0044
0.0456,6.5640,0.0389,stand,0.0000,6.5600,0.0000,nan,nan
0.0272,6.0461,0.0456,combined,0.9313,6.8600,0.0272,-0.0214,0.0168
0.0430,13.0072,0.0442,combined,0.7781,6.8600,0.0378,0.0135,0.0408
0.0681,8.7392,0.0398,lateral,1.4727,6.8600,0.0322,0.0617,0.0287
0.0480,12.3942,0.0249,combined,1.9376,6.8800,0.0127,0.0401,0.0264
0.0812,6.5537,0.0233,combined,1.9754,6.5200,0.0584,0.0516,0.0627
0.0086,8.9919,0.0243,straight,1.9921,6.9200,0.0021,0.0033,0.0079
0.0264,4.8182,0.0155,straight,1.5870,6.9400,0.0070,0.0198,0.0176
0.0483,0.7815,0.0155,lateral,1.1222,6.9400,0.0210,0.0400,0.0270
0.0128,2.9483,0.0639,lateral,0.1413,6.9400,0.0128,-0.0077,0.0102
0.0412,0.4332,0.0247,turn,0.0000,6.9400,0.0000,nan,nan
0.0300,3.7005,0.0222,combined,1.7864,6.9600,0.0255,0.0200,0.0224
0.0530,8.6619,0.0750,turn,0.0000,6.9400,0.0000,nan,nan
0.0162,8.6267,0.0326,lateral,1.0554,6.9800,0.0119,0.0054,0.0152
0.0423,14.8355,0.0135,straight,0.9543,6.9800,0.0305,0.0216,0.0364
0.0357,8.0283,0.0378,straight,0.6624,7.0200,0.0170,0.0133,0.0331
0.0500,0.2660,0.0741,turn,0.0000,7.0600,0.0000,nan,nan
0.0474,2.7200,0.0564,combined,1.3520,7.0800,0.0120,0.0365,0.0303
0.0231,6.7594,0.0627,straight,1.2806,6.1200,0.0149,0.0181,0.0145
0.0840,8.6444,0.0296,combined,1.0924,7.1000,0.0684,-0.0549,0.0636
0.0522,9.6111,0.0315,lateral,0.9779,7.1000,0.0423,-0.0365,0.0373
0.0404,9.8045,0.0362,turn,0.0000,7.1400,0.0000,nan,nan
0.0709,3.5236,0.0318,turn,0.0000,7.1600,0.0000,nan,nan
0.0389,6.6546,0.0136,stand,0.0000,7.2200,0.0000,nan,nan
0.0324,2.7866,0.0289,stand,0.0000,7.2200,0.0000,nan,nan
0.0329,7.0281,0.0272,lateral,0.7994,7.2400,0.0202,-0.0325,0.0055
0.0582,9.6287,0.0164,straight,1.3600,7.2600,0.0219,0.0556,0.0171
0.0516,3.5795,0.0199,stand,0.0000,7.2600,0.0000,nan,nan
0.0196,9.6468,0.0135,straight,1.7980,6.9000,0.0053,0.0078,0.0180
0.0824,7.1077,0.0711,combined,1.2587,7.2600,0.0747,-0.0469,0.0677
0.0152,4.5690,0.0077,straight,1.6835,7.2800,0.0007,-0.0015,0.0151
0.0612,0.7783,0.0379,lateral,0.2547,7.3000,0.0508,-0.0573,0.0215
0.0104,3.3607,0.0288,combined,2.2914,7.3400,0.0022,0.0047,0.0093
0.0330,9.5069,0.0180,turn,0.0000,7.4000,0.0000,nan,nan
0.0405,13.0411,0.0445,combined,1.2420,7.4000,0.0358,0.0315,0.0254
0.0598,9.0586,0.0247,turn,0.0000,7.4200,0.0000,nan,nan
0.0484,12.1400,0.0383,combined,1.6162,7.4200,0.0069,0.0456,0.0162
0.0324,8.0227,0.0328,turn,0.0000,7.4400,0.0000,nan,nan
0.0144,6.5034,0.0373,straight,0.5150,7.4800,0.0141,0.0034,0.0140
0.0369,9.3890,0.0189,turn,0.0000,7.4800,0.0000,nan,nan
0.0294,8.8741,0.0336,lateral,0.1945,7.4800,0.0110,0.0271,0.0114
0.0431,8.4026,0.0093,lateral,0.5321,7.5200,0.0368,0.0098,0.0420
0.0566,8.2436,0.0342,turn,0.0000,7.5200,0.0000,nan,nan
0.0357,9.4048,0.0058,lateral,1.4248,7.6000,0.0170,-0.0195,0.0299
0.0515,7.0129,0.0356,lateral,1.3918,7.6000,0.0404,-0.0401,0.0322
0.0438,8.6685,0.0350,lateral,0.1610,7.6400,0.0385,-0.0196,0.0392
0.0695,7.8047,0.0479,turn,0.0000,7.6400,0.0000,nan,nan
0.0129,3.2559,0.0735,lateral,0.7080,7.6400,0.0042,0.0094,0.0089
0.0572,9.5330,0.0264,combined,0.4401,7.6600,0.0472,-0.0571,0.0036
0.0528,0.1601,0.0551,turn,0.0000,7.6800,0.0000,nan,nan
0.0801,6.9285,0.0196,straight,1.3301,6.9800,0.0354,0.0388,0.0700
0.0303,3.4895,0.0089,combined,0.3662,7.7200,0.0073,-0.0278,0.0123
0.0424,12.3315,0.0171,lateral,0.2409,7.7400,0.0005,0.0412,0.0103
0.0451,0.9577,0.0770,straight,0.5428,7.7400,0.0370,0.0451,0.0003
0.0440,5.9343,0.0107,combined,1.4865,7.7600,0.0354,0.0134,0.0419
0.1419,3.2149,0.0138,stand,0.0000,7.7600,0.0000,nan,nan
0.0762,1.9546,0.0229,stand,0.0000,7.7800,0.0000,nan,nan
0.0293,4.4043,0.0231,turn,0.0000,7.7800,0.0000,nan,nan
0.0328,4.6213,0.0208,stand,0.0000,7.8000,0.0000,nan,nan
0.0256,9.5194,0.0749,lateral,0.2618,7.7800,0.0131,-0.0237,0.0098
0.0573,8.8107,0.0440,stand,0.0000,7.8400,0.0000,nan,nan
0.0365,4.1543,0.0222,lateral,0.9956,7.8400,0.0114,0.0349,0.0106
0.0223,3.3370,0.0345,straight,1.0495,7.8600,0.0117,-0.0050,0.0218
0.0361,0.9749,0.0118,straight,0.4936,7.8600,0.0128,0.0273,0.0236
0.0327,6.6184,0.0546,turn,0.0000,7.9000,0.0000,nan,nan
0.0854,13.2746,0.0178,stand,0.0000,7.9200,0.0000,nan,nan
0.0388,5.6893,0.0567,combined,1.9628,7.9800,0.0354,-0.0225,0.0317
0.0588,8.3136,0.0380,lateral,1.1124,7.9800,0.0430,0.0216,0.0547
0.0346,0.6450,0.0079,stand,0.0000,4.0000,0.0000,nan,nan
0.0290,5.6194,0.0856,lateral,0.2664,4.1000,0.0034,0.0208,0.0202
0.0385,6.1446,0.0401,lateral,0.3729,7.9200,0.0164,-0.0184,0.0338
0.0614,5.7543,0.0360,straight,1.9237,4.1400,0.0602,-0.0589,0.0172
0.0408,8.0581,0.0256,combined,1.3588,4.3600,0.0260,0.0222,0.0342
0.0537,5.2149,0.0224,straight,0.2068,4.0000,0.0382,0.0102,0.0527
0.0320,8.3532,0.0637,combined,0.3382,4.3400,0.0058,0.0203,0.0247
0.0311,0.0818,0.0445,stand,0.0000,4.6000,0.0000,nan,nan
0.0368,7.3478,0.0214,lateral,0.2241,4.5600,0.0106,0.0239,0.0280
0.0374,0.5063,0.0181,stand,0.0000,4.9400,0.0000,nan,nan
0.0367,13.4101,0.0490,straight,1.1180,4.9800,0.0303,-0.0324,0.0173
0.0308,8.8966,0.0138,turn,0.0000,4.7800,0.0000,nan,nan
0.0028,7.3240,0.0718,combined,0.8354,4.3600,0.0028,-0.0024,0.0014
0.0331,6.6938,0.0578,combined,0.8664,4.2800,0.0331,-0.0295,0.0150
0.0104,12.0593,0.0175,combined,1.3060,4.7400,0.0104,-0.0098,0.0035
0.0612,5.9919,0.0451,lateral,1.0650,5.2200,0.0205,0.0599,0.0122
0.0220,11.0846,0.0029,straight,0.8180,5.0600,0.0164,-0.0215,0.0046
0.0309,9.0561,0.0613,straight,1.0004,4.1000,0.0137,0.0218,0.0219
0.0520,9.4752,0.0174,combined,1.9883,5.2400,0.0520,-0.0251,0.0455
0.0374,8.4433,0.0183,straight,1.7208,5.2600,0.0288,-0.0373,0.0019
0.0881,0.3586,0.0514,lateral,0.6508,4.1000,0.0861,-0.0868,0.0148
0.0542,9.7998,0.0233,combined,1.5127,5.0000,0.0461,0.0085,0.0536
0.0432,12.0190,0.0343,straight,1.4437,5.0400,0.0346,-0.0368,0.0226
0.0287,4.9316,0.0323,combined,1.4352,5.2400,0.0254,0.0131,0.0255
0.0180,11.0123,0.0612,combined,1.3986,5.3000,0.0005,0.0163,0.0076
0.0733,11.5603,0.0258,combined,1.3933,4.5800,0.0731,-0.0450,0.0579
0.0614,5.6191,0.0219,straight,1.4820,4.1600,0.0600,-0.0496,0.0361
0.0667,2.3196,0.0704,combined,1.8921,4.5800,0.0667,-0.0269,0.0611
0.0124,6.0683,0.0313,turn,0.0000,4.1800,0.0000,nan,nan
0.0150,2.2758,0.0326,combined,0.5544,4.2800,0.0150,0.0139,0.0055
0.0357,11.6858,0.0132,straight,0.7236,5.1000,0.0178,-0.0042,0.0355
0.0585,10.6550,0.0399,combined,2.1976,5.8000,0.0567,-0.0480,0.0334
0.0493,8.5470,0.0337,lateral,1.1494,4.0400,0.0426,-0.0460,0.0175
0.0514,9.3457,0.0291,straight,1.5466,5.5200,0.0466,-0.0379,0.0347
0.0248,10.7109,0.0123,straight,1.9907,5.4200,0.0174,0.0237,0.0073
0.0120,1.3401,0.0148,stand,0.0000,4.9000,0.0000,nan,nan
0.0471,3.4823,0.0254,turn,0.0000,5.6000,0.0000,nan,nan
0.0775,4.5451,0.0542,turn,0.0000,5.3400,0.0000,nan,nan
0.0439,11.9776,0.0536,straight,1.0548,4.0400,0.0364,-0.0365,0.0244
0.0521,14.0953,0.0252,combined,1.9715,4.1600,0.0514,-0.0463,0.0239
0.0172,0.2521,0.0027,turn,0.0000,4.8400,0.0000,nan,nan
0.0779,9.1478,0.0337,lateral,0.4958,5.2200,0.0620,-0.0449,0.0636
0.0256,8.3495,0.0612,lateral,1.4859,5.4400,0.0230,-0.0231,0.0110
0.0503,7.8864,0.0336,straight,0.9323,5.7200,0.0302,-0.0266,0.0427
0.0172,5.7453,0.0257,combined,1.4744,5.1600,0.0148,0.0096,0.0143
0.0641,0.7640,0.0418,stand,0.0000,5.3800,0.0000,nan,nan
0.0381,8.6200,0.0603,straight,1.7234,4.5400,0.0296,0.0141,0.0354
0.0350,0.9284,0.0043,stand,0.0000,4.8600,0.0000,nan,nan
0.0135,6.4318,0.0153,combined,1.5769,5.7400,0.0126,-0.0059,0.0122
0.0867,14.8950,0.0432,combined,1.7574,5.4400,0.0825,-0.0632,0.0593
0.0482,0.1562,0.0312,turn,0.0000,4.0800,0.0000,nan,nan
0.0640,16.2512,0.0857,combined,2.0122,4.3800,0.0618,-0.0412,0.0490
0.0264,2.9590,0.0385,turn,0.0000,4.0800,0.0000,nan,nan
0.0337,8.1634,0.0405,lateral,0.6428,5.0200,0.0113,0.0307,0.0138
0.0185,2.1739,0.0291,combined,0.6881,4.6200,0.0181,0.0110,0.0148
0.0046,4.6895,0.0299,straight,0.5186,5.4400,0.0041,0.0041,0.0021
0.0354,1.6059,0.0579,straight,1.6272,6.4000,0.0227,0.0198,0.0294
0.0650,3.1209,0.0661,combined,0.7186,4.5800,0.0650,-0.0505,0.0409
0.0312,10.8481,0.0757,lateral,0.3085,5.4000,0.0040,0.0272,0.0152
0.0756,12.3151,0.0640,combined,1.2675,4.4400,0.0699,-0.0021,0.0755
0.0181,15.2572,0.0082,turn,0.0000,4.6400,0.0000,nan,nan
0.0178,10.9752,0.0370,straight,0.5337,4.3400,0.0090,0.0006,0.0178
0.0298,0.2694,0.0166,stand,0.0000,5.1400,0.0000,nan,nan
0.0111,11.5980,0.0573,lateral,1.0746,4.3000,0.0093,0.0011,0.0110
0.0219,6.9084,0.0358,straight,1.9876,5.6200,0.0113,0.0004,0.0219
0.0640,8.9731,0.0177,combined,1.1559,4.6600,0.0424,-0.0063,0.0637
0.0277,6.0215,0.0327,lateral,0.7822,4.1800,0.0265,-0.0026,0.0276
0.0858,2.7596,0.0238,straight,0.9568,6.5200,0.0089,0.0631,0.0582
0.0294,3.1650,0.0540,lateral,1.3120,5.5800,0.0294,-0.0246,0.0162
0.0198,2.4850,0.0241,stand,0.0000,4.9200,0.0000,nan,nan
0.1420,5.0789,0.0363,combined,2.0712,4.0600,0.1420,-0.1275,0.0624
0.0182,11.8070,0.0168,lateral,0.5980,5.9400,0.0051,0.0162,0.0084
0.0238,2.3742,0.0279,stand,0.0000,6.1200,0.0000,nan,nan
0.0664,8.4459,0.0534,combined,0.8845,5.4200,0.0646,-0.0616,0.0248
0.0353,9.6830,0.0177,turn,0.0000,4.0800,0.0000,nan,nan
0.0085,4.1182,0.0118,stand,0.0000,4.4400,0.0000,nan,nan
0.0505,3.8789,0.0662,combined,0.6918,4.5000,0.0465,-0.0308,0.0400
0.0235,4.7780,0.0401,lateral,0.3004,4.7400,0.0138,0.0227,0.0061
0.0506,5.9787,0.0344,stand,0.0000,4.1200,0.0000,nan,nan
0.0543,3.9929,0.0094,straight,1.1986,4.2600,0.0491,-0.0154,0.0521
0.0644,3.3026,0.0189,stand,0.0000,4.2200,0.0000,nan,nan
0.0385,7.5404,0.0490,turn,0.0000,4.9400,0.0000,nan,nan
0.0107,9.5816,0.0256,combined,1.8349,7.0400,0.0016,-0.0009,0.0106
0.0203,3.7599,0.0214,stand,0.0000,6.7400,0.0000,nan,nan
0.0600,5.1539,0.0155,combined,1.5407,5.7800,0.0399,0.0195,0.0567
0.0530,12.3289,0.0263,combined,0.7185,5.7800,0.0457,0.0348,0.0399
0.0708,5.3893,0.0531,lateral,1.0598,6.8600,0.0561,-0.0434,0.0560
0.0308,7.9581,0.0421,combined,0.9992,4.3400,0.0205,0.0305,0.0045
0.0190,8.6177,0.0189,combined,1.1477,5.6000,0.0145,0.0102,0.0160
0.0189,4.2349,0.0182,turn,0.0000,5.6200,0.0000,nan,nan
0.0204,9.8362,0.0489,lateral,0.3553,6.5000,0.0189,-0.0197,0.0053
0.0660,9.8846,0.0953,combined,1.0510,4.9200,0.0402,0.0452,0.0481
0.0332,8.1334,0.0414,lateral,0.3405,4.2000,0.0064,0.0291,0.0158
0.0489,8.9129,0.0517,lateral,1.1428,4.4000,0.0489,-0.0371,0.0320
0.0256,7.0641,0.0142,lateral,0.8766,6.5600,0.0244,-0.0253,0.0038
0.0545,5.3208,0.0238,stand,0.0000,6.4200,0.0000,nan,nan
0.0126,5.7066,0.0288,straight,1.2070,5.6000,0.0100,-0.0095,0.0082
0.0293,5.4811,0.0508,straight,1.1482,6.9800,0.0184,0.0156,0.0248
0.0208,13.1231,0.0231,lateral,0.8732,4.5800,0.0065,0.0035,0.0205
0.0477,0.2818,0.0327,stand,0.0000,5.2200,0.0000,nan,nan
0.0584,4.8976,0.0552,lateral,0.4437,7.0000,0.0113,0.0439,0.0385
0.0396,1.5687,0.0239,stand,0.0000,4.0400,0.0000,nan,nan
0.0644,13.5708,0.0556,combined,1.7791,5.2000,0.0521,-0.0082,0.0639
0.0339,8.1885,0.0235,lateral,0.9957,5.5600,0.0325,-0.0151,0.0304
0.0293,13.1698,0.0262,straight,1.7204,4.6200,0.0130,-0.0285,0.0070
0.0429,10.0382,0.0506,lateral,0.7988,6.6400,0.0201,-0.0373,0.0213
0.0392,0.7055,0.0303,lateral,0.2725,5.6800,0.0035,0.0392,0.0015
0.0329,6.5089,0.0106,turn,0.0000,5.5000,0.0000,nan,nan
0.0511,9.2388,0.0534,turn,0.0000,7.4600,0.0000,nan,nan
0.0356,4.2318,0.0239,stand,0.0000,5.6200,0.0000,nan,nan
0.0265,11.0269,0.0313,straight,1.1713,5.7000,0.0203,-0.0010,0.0265
0.0338,5.4563,0.0458,straight,1.2906,6.2800,0.0251,0.0118,0.0317
0.0570,2.7181,0.0154,turn,0.0000,6.0200,0.0000,nan,nan
0.0228,13.8434,0.0279,combined,0.5010,4.0600,0.0221,0.0192,0.0124
0.0723,0.3329,0.0306,lateral,1.2394,6.4400,0.0621,-0.0389,0.0610
0.0443,7.2266,0.0555,lateral,0.1636,5.8200,0.0189,0.0443,0.0003
0.0478,8.7382,0.0299,combined,0.6827,6.3800,0.0304,-0.0427,0.0215
0.0513,9.3947,0.0509,turn,0.0000,6.1800,0.0000,nan,nan
0.0149,4.3022,0.0210,turn,0.0000,7.0000,0.0000,nan,nan
0.0406,7.9585,0.0403,combined,1.7462,7.2200,0.0245,0.0272,0.0302
0.0647,3.0330,0.0083,stand,0.0000,5.2400,0.0000,nan,nan
0.0544,2.0511,0.0108,turn,0.0000,4.0000,0.0000,nan,nan
0.0274,5.3644,0.0561,stand,0.0000,7.4400,0.0000,nan,nan
0.0453,5.9614,0.0689,turn,0.0000,4.2600,0.0000,nan,nan
0.0675,5.1065,0.0548,lateral,1.1657,7.2400,0.0484,-0.0571,0.0361
0.0128,4.8714,0.0093,straight,0.7584,5.7400,0.0111,-0.0127,0.0013
0.0323,9.0076,0.0574,combined,1.6589,5.4200,0.0319,-0.0184,0.0266
0.0398,11.8935,0.0717,lateral,0.3661,5.0000,0.0352,-0.0124,0.0378
0.0461,8.8799,0.0559,turn,0.0000,6.2200,0.0000,nan,nan
0.0437,6.9418,0.0107,lateral,0.7804,4.5000,0.0437,0.0056,0.0433
0.0675,7.9477,0.0518,turn,0.0000,6.7600,0.0000,nan,nan
0.0093,11.3939,0.0675,lateral,0.6706,7.2800,0.0013,0.0070,0.0062
0.0143,9.3371,0.0098,turn,0.0000,5.6400,0.0000,nan,nan
0.0340,11.1470,0.0371,lateral,0.4743,6.3600,0.0165,0.0340,0.0008
0.0682,6.7755,0.0550,straight,1.8775,5.1400,0.0682,0.0083,0.0677
0.0569,0.4761,0.0237,lateral,1.1456,6.7600,0.0569,-0.0567,0.0054
0.0213,11.7677,0.0350,turn,0.0000,6.9400,0.0000,nan,nan
0.0912,5.6424,0.0491,turn,0.0000,6.1600,0.0000,nan,nan
0.0492,3.5111,0.0577,lateral,0.8771,5.1600,0.0153,0.0423,0.0251
0.0334,9.7246,0.0483,straight,1.2928,5.1800,0.0134,0.0099,0.0319
0.0342,5.1728,0.0695,straight,1.8097,4.4800,0.0259,-0.0247,0.0236
0.0538,10.2367,0.0820,turn,0.0000,5.6000,0.0000,nan,nan
0.0418,0.8150,0.0129,stand,0.0000,4.5000,0.0000,nan,nan
0.0421,7.5082,0.0658,combined,1.1088,7.0000,0.0345,-0.0147,0.0394
0.0291,10.2817,0.0277,straight,0.3838,7.2600,0.0180,-0.0290,0.0027
0.0322,2.2216,0.0424,lateral,0.7155,7.5000,0.0321,-0.0020,0.0322
0.0323,9.8008,0.0112,straight,0.9912,7.8200,0.0269,-0.0322,0.0028
0.0616,10.0008,0.0174,straight,0.0479,7.0200,0.0052,0.0429,0.0442
0.0328,5.5840,0.0716,combined,1.7418,6.6800,0.0280,0.0140,0.0297
0.0110,11.2480,0.0324,straight,1.0158,6.5400,0.0013,0.0022,0.0108
0.0318,8.3153,0.0882,turn,0.0000,5.5800,0.0000,nan,nan
0.0148,10.0769,0.0201,straight,0.5785,6.5400,0.0037,0.0096,0.0112
0.0230,9.7709,0.0211,turn,0.0000,7.9000,0.0000,nan,nan
0.0508,7.8466,0.0465,turn,0.0000,6.0000,0.0000,nan,nan
0.0564,11.1215,0.0588,lateral,0.1241,4.7200,0.0185,0.0059,0.0561
0.0412,8.2532,0.0571,straight,1.0084,4.7600,0.0281,0.0155,0.0382
0.0426,16.4121,0.0254,combined,0.7148,7.3000,0.0327,0.0383,0.0185
0.0400,13.6463,0.0365,combined,2.1780,7.9600,0.0371,-0.0215,0.0337
0.0164,10.1128,0.0164,lateral,0.0635,6.1600,0.0039,0.0115,0.0117
0.0203,9.3706,0.0401,straight,0.7019,5.9600,0.0183,-0.0133,0.0154
0.0750,8.9288,0.0209,lateral,0.0029,7.3200,0.0029,-0.0522,0.0538
0.0127,1.9297,0.0310,stand,0.0000,5.7600,0.0000,nan,nan
0.0487,7.2719,0.0133,lateral,1.0020,6.4000,0.0459,-0.0264,0.0410
0.0177,7.3358,0.0442,lateral,0.0839,6.2000,0.0019,-0.0158,0.0079
0.0435,10.0110,0.0110,combined,1.9147,6.1000,0.0412,0.0054,0.0432
0.0219,5.5933,0.0897,combined,1.5934,5.8600,0.0088,0.0206,0.0074
0.0494,5.2259,0.0242,combined,0.9134,4.7000,0.0387,0.0448,0.0209
0.0026,12.2083,0.0538,combined,1.8433,6.4000,0.0001,0.0010,0.0024
0.0074,7.6152,0.0529,turn,0.0000,5.4400,0.0000,nan,nan
0.0485,6.5374,0.0826,turn,0.0000,4.2600,0.0000,nan,nan
0.0181,12.7997,0.0268,turn,0.0000,7.9800,0.0000,nan,nan
0.0478,6.2584,0.0230,combined,1.8012,6.8600,0.0309,-0.0147,0.0454
0.0507,7.1632,0.0322,lateral,0.5225,6.6800,0.0071,0.0507,0.0016
0.0347,8.5738,0.0379,straight,0.8137,6.2400,0.0121,-0.0030,0.0346
0.0160,4.5484,0.0336,stand,0.0000,7.8800,0.0000,nan,nan
0.0393,10.6061,0.0336,combined,1.8419,7.9600,0.0349,-0.0331,0.0213
0.0390,7.3770,0.0298,straight,1.5026,7.0800,0.0225,-0.0376,0.0103
0.0236,9.9861,0.0248,straight,0.6555,7.2200,0.0186,-0.0087,0.0219
0.0520,5.8810,0.0654,lateral,0.2426,6.0800,0.0472,-0.0348,0.0387
0.0478,3.2914,0.0189,turn,0.0000,5.3600,0.0000,nan,nan
0.0171,5.6054,0.0132,stand,0.0000,7.7400,0.0000,nan,nan
0.0176,11.6298,0.0091,turn,0.0000,7.4600,0.0000,nan,nan
0.0554,5.8773,0.0266,straight,1.8891,5.7400,0.0033,0.0552,0.0048
0.0526,4.2037,0.0147,turn,0.0000,7.2400,0.0000,nan,nan
0.0666,8.2543,0.0228,turn,0.0000,5.7200,0.0000,nan,nan
0.0312,2.2851,0.0350,turn,0.0000,5.8200,0.0000,nan,nan
0.0178,9.2801,0.0314,lateral,0.5316,7.1800,0.0041,0.0169,0.0057
0.0328,4.2876,0.0134,straight,1.7752,5.3800,0.0039,0.0171,0.0280
0.0579,9.8136,0.0504,straight,0.9963,7.2400,0.0475,-0.0462,0.0350
0.0617,4.1596,0.0166,turn,0.0000,7.8200,0.0000,nan,nan
0.0159,4.3816,0.0263,straight,1.1273,6.3600,0.0151,0.0027,0.0156
0.0155,6.4041,0.0670,combined,1.0037,6.2600,0.0016,-0.0065,0.0141
0.0612,5.7801,0.0500,straight,0.0298,6.8200,0.0298,0.0324,0.0519
0.0107,7.0488,0.0657,turn,0.0000,7.6400,0.0000,nan,nan
0.0474,14.0263,0.0268,straight,1.4112,6.5000,0.0455,-0.0361,0.0307
0.0787,5.6910,0.0325,straight,1.9911,6.5800,0.0758,0.0785,0.0058
0.0592,7.9505,0.0516,combined,1.3483,6.1200,0.0169,0.0591,0.0038
0.0262,7.8560,0.0095,combined,1.0917,7.5200,0.0224,0.0061,0.0255
0.0188,8.3933,0.0388,combined,0.7434,7.7800,0.0101,0.0184,0.0039
0.0372,6.5124,0.0385,turn,0.0000,7.3400,0.0000,nan,nan
0.0174,5.2836,0.0171,straight,0.4582,4.0200,0.0129,0.0052,0.0166
0.0341,12.4969,0.0221,straight,1.6692,4.1000,0.0259,0.0265,0.0215
0.0586,6.6442,0.0134,turn,0.0000,4.1200,0.0000,nan,nan
0.0126,8.4230,0.0375,combined,1.8901,6.5600,0.0112,0.0114,0.0054
0.0635,8.8717,0.0247,lateral,0.4771,5.7200,0.0543,-0.0470,0.0427
0.0545,10.4863,0.0181,straight,1.2392,6.0200,0.0403,-0.0426,0.0340
0.0483,13.2870,0.0417,turn,0.0000,7.1800,0.0000,nan,nan
0.0124,10.7303,0.0654,straight,0.9543,7.3200,0.0041,0.0110,0.0056
0.0469,3.3622,0.0439,stand,0.0000,4.9600,0.0000,nan,nan
0.0167,5.4508,0.0230,combined,1.3400,7.8600,0.0031,0.0146,0.0079
0.0263,11.5268,0.0580,combined,1.1117,6.1000,0.0196,0.0144,0.0220
0.0513,11.3925,0.0154,turn,0.0000,6.7800,0.0000,nan,nan
0.0458,10.5493,0.0306,combined,1.2685,4.4400,0.0455,-0.0243,0.0389
0.0566,2.8161,0.0202,lateral,0.1505,6.5800,0.0036,0.0565,0.0031
0.0483,0.0956,0.0178,straight,1.7373,5.7000,0.0173,0.0276,0.0396
0.0439,4.9713,0.0117,lateral,0.1491,6.7400,0.0252,-0.0301,0.0319
0.0760,13.3858,0.0454,combined,1.0909,6.4400,0.0520,0.0583,0.0488
0.0085,1.0425,0.0246,stand,0.0000,7.2600,0.0000,nan,nan
0.0528,5.6929,0.0587,straight,0.0524,7.2800,0.0190,0.0398,0.0347
0.0119,10.1153,0.0344,combined,1.1634,7.5400,0.0063,-0.0073,0.0094
0.0478,1.6885,0.0112,lateral,1.3768,6.3200,0.0303,0.0072,0.0473
0.0526,6.2117,0.0269,combined,1.7399,6.4200,0.0319,0.0300,0.0432
0.0565,4.6602,0.0148,combined,1.3759,6.7400,0.0461,0.0149,0.0545
0.0204,0.5755,0.0084,stand,0.0000,7.1400,0.0000,nan,nan
0.0593,1.5160,0.0510,lateral,0.4669,6.2000,0.0105,0.0591,0.0045
0.0092,11.8098,0.0386,straight,0.7559,4.7400,0.0092,-0.0089,0.0022
0.0031,7.6328,0.0322,combined,0.4652,7.9200,0.0011,0.0019,0.0025
0.0271,14.2045,0.0157,combined,0.6263,6.6000,0.0201,-0.0254,0.0094
0.0281,3.0533,0.0019,combined,0.8679,6.9400,0.0281,-0.0164,0.0229
0.0643,8.3372,0.0249,combined,0.6249,4.6600,0.0280,0.0240,0.0596
0.0491,8.6920,0.0365,combined,1.3420,6.1600,0.0312,-0.0017,0.0491
0.0353,5.7273,0.0243,lateral,0.5815,4.3400,0.0318,-0.0320,0.0150
0.0428,5.4055,0.0463,straight,0.4312,4.1400,0.0149,0.0415,0.0104
0.0378,6.0717,0.0302,straight,1.4014,7.8600,0.0280,-0.0015,0.0378
0.0699,5.0415,0.0265,lateral,1.2320,7.0200,0.0509,0.0110,0.0691
0.0559,11.8252,0.0646,combined,1.6841,4.4600,0.0559,-0.0541,0.0138
0.0134,1.3352,0.0323,stand,0.0000,7.4600,0.0000,nan,nan
0.0292,16.6788,0.0136,lateral,1.1458,7.8800,0.0138,0.0291,0.0020
0.0141,7.3618,0.0155,turn,0.0000,7.1400,0.0000,nan,nan
0.0206,8.4276,0.0279,lateral,0.8270,6.7600,0.0035,0.0092,0.0184
0.0194,3.5790,0.1050,stand,0.0000,7.5200,0.0000,nan,nan
0.0311,8.3138,0.0341,combined,1.3104,7.1600,0.0267,-0.0258,0.0173
0.0382,1.6900,0.0267,stand,0.0000,7.6400,0.0000,nan,nan
0.0075,6.2931,0.0584,turn,0.0000,6.5600,0.0000,nan,nan
0.0217,1.3124,0.0577,combined,2.4900,4.3400,0.0205,0.0018,0.0216
0.0276,10.2472,0.0477,turn,0.0000,5.1400,0.0000,nan,nan
0.0539,4.1849,0.0360,turn,0.0000,7.5600,0.0000,nan,nan
0.0724,5.1581,0.0323,lateral,0.0770,7.8800,0.0495,0.0385,0.0613
0.0330,10.1230,0.0229,combined,1.3374,7.5800,0.0017,0.0328,0.0035
0.0375,8.1062,0.0397,combined,1.3170,7.5000,0.0188,0.0180,0.0329
0.0502,9.3453,0.0069,straight,1.0528,7.6000,0.0188,0.0436,0.0249
0.0587,9.7790,0.0176,turn,0.0000,7.1000,0.0000,nan,nan
0.0379,8.0764,0.0435,lateral,1.2615,7.1800,0.0295,0.0334,0.0179
0.0270,4.2582,0.0589,straight,1.0506,4.0200,0.0262,-0.0204,0.0177
0.0429,10.9333,0.0434,lateral,0.7332,6.9000,0.0259,-0.0337,0.0266
0.0196,6.9122,0.0537,lateral,0.1267,7.3200,0.0013,-0.0192,0.0039
0.0300,9.6775,0.0709,lateral,0.9816,7.7200,0.0300,-0.0192,0.0230
0.0398,11.0644,0.0633,lateral,0.9064,7.7400,0.0176,-0.0366,0.0155
0.0668,8.7643,0.0460,turn,0.0000,7.6000,0.0000,nan,nan
0.0561,0.1954,0.0782,combined,0.5419,4.9800,0.0554,-0.0469,0.0307
0.0722,8.8659,0.0681,combined,2.2443,4.7000,0.0722,-0.0407,0.0596
0.0513,2.9742,0.0318,lateral,0.4452,4.4200,0.0113,0.0481,0.0181
0.0234,6.6088,0.0210,lateral,0.3862,7.1400,0.0141,0.0216,0.0091
0.0325,5.5914,0.0538,combined,0.9591,7.4400,0.0055,0.0323,0.0040
0.0591,6.5009,0.0343,turn,0.0000,7.8400,0.0000,nan,nan
0.0774,7.2215,0.0105,turn,0.0000,4.5000,0.0000,nan,nan
0.0382,10.3503,0.0827,lateral,0.5171,6.3000,0.0361,-0.0382,0.0002
0.0195,2.7900,0.0354,turn,0.0000,6.4600,0.0000,nan,nan
0.0658,10.5964,0.0613,combined,1.5039,4.0000,0.0615,-0.0632,0.0181
0.0373,5.0101,0.0498,combined,0.9159,7.6600,0.0006,0.0342,0.0148
0.0420,4.5626,0.0233,combined,1.4396,7.2200,0.0314,-0.0225,0.0354
0.0295,3.3319,0.0622,straight,0.2138,7.2200,0.0015,0.0252,0.0153
0.0507,4.7024,0.0130,combined,1.1252,7.3800,0.0365,0.0481,0.0163
0.0377,8.7792,0.0268,turn,0.0000,5.6800,0.0000,nan,nan
0.0610,6.5162,0.0035,turn,0.0000,5.8800,0.0000,nan,nan
0.0107,4.1719,0.0359,lateral,0.1993,6.1400,0.0051,0.0076,0.0075
0.0112,1.3625,0.0349,stand,0.0000,7.4400,0.0000,nan,nan
0.0483,11.3485,0.0549,combined,1.2971,5.9000,0.0483,-0.0175,0.0450
0.0426,8.8487,0.0361,combined,1.0115,7.5000,0.0174,0.0386,0.0179
0.0331,10.4807,0.0249,lateral,1.0859,5.2000,0.0222,0.0244,0.0224
0.0361,3.0104,0.0685,turn,0.0000,7.5200,0.0000,nan,nan
0.0164,2.1564,0.0614,combined,0.6418,4.9800,0.0164,-0.0160,0.0033
0.0854,11.3782,0.0912,combined,2.0698,4.4000,0.0847,-0.0745,0.0418
0.0313,7.3936,0.0311,turn,0.0000,4.6400,0.0000,nan,nan
0.0587,7.5692,0.0325,combined,1.2157,5.5000,0.0337,0.0404,0.0425
0.0366,0.4280,0.0312,lateral,1.4678,4.7400,0.0304,0.0357,0.0081
0.0212,10.0420,0.0380,combined,1.6076,6.5000,0.0085,-0.0188,0.0098
0.0295,5.5876,0.0651,combined,1.7567,5.5200,0.0291,-0.0148,0.0255
0.0610,9.7654,0.0154,straight,1.3292,4.7200,0.0066,0.0280,0.0542
0.0639,5.0214,0.0540,combined,0.8647,7.9600,0.0517,-0.0533,0.0353
0.0471,4.0772,0.0209,stand,0.0000,5.0800,0.0000,nan,nan
0.0564,1.1584,0.0508,stand,0.0000,5.4800,0.0000,nan,nan
0.0638,4.6908,0.0437,straight,0.7107,5.9800,0.0480,-0.0447,0.0454
0.0711,0.0721,0.0089,stand,0.0000,6.6000,0.0000,nan,nan
0.0175,10.4837,0.0316,lateral,0.6589,6.9400,0.0068,0.0016,0.0174
0.0157,7.4486,0.0580,turn,0.0000,5.5600,0.0000,nan,nan
0.0630,9.3204,0.0391,lateral,1.4424,5.6200,0.0529,0.0215,0.0592
0.0266,8.0220,0.0610,straight,0.2772,7.5400,0.0125,0.0266,0.0009
0.0477,5.9543,0.0661,combined,1.3446,7.1200,0.0473,-0.0078,0.0470
0.0297,11.5131,0.0383,turn,0.0000,5.8000,0.0000,nan,nan
0.0376,8.4615,0.0318,turn,0.0000,4.6200,0.0000,nan,nan
0.0533,7.0946,0.1002,straight,1.8189,4.0200,0.0533,-0.0526,0.0085
0.0411,4.5490,0.0306,stand,0.0000,6.3600,0.0000,nan,nan
0.0451,2.7140,0.0054,straight,1.7694,6.0200,0.0226,0.0004,0.0451
0.0494,7.5845,0.0227,turn,0.0000,4.6800,0.0000,nan,nan
0.0287,7.3654,0.0324,combined,1.8384,6.2000,0.0108,0.0253,0.0135
0.0532,9.7041,0.0147,combined,0.5517,6.2200,0.0306,0.0504,0.0172
0.0273,2.3933,0.0353,combined,0.3134,5.9000,0.0094,0.0259,0.0086
0.0165,12.5511,0.0164,lateral,0.5258,5.9800,0.0098,-0.0083,0.0142
0.0820,10.2569,0.0130,combined,1.6802,4.0000,0.0820,-0.0466,0.0675
0.0653,8.0970,0.0264,lateral,0.2608,5.9200,0.0552,-0.0304,0.0578
0.0607,2.5552,0.0345,turn,0.0000,4.0600,0.0000,nan,nan
0.0346,5.6264,0.0100,turn,0.0000,7.3000,0.0000,nan,nan
0.0366,6.6309,0.0278,lateral,0.9257,4.2600,0.0358,-0.0325,0.0168
0.0299,7.8429,0.0244,lateral,0.8792,7.2600,0.0196,0.0297,0.0037
0.0358,13.7581,0.0257,turn,0.0000,4.2800,0.0000,nan,nan
0.0744,13.0447,0.0472,combined,1.2449,5.6200,0.0742,-0.0007,0.0743
0.0200,11.6781,0.0087,straight,1.0644,4.2800,0.0081,0.0152,0.0131
0.0222,5.8831,0.0235,straight,1.4098,4.0800,0.0113,0.0171,0.0141
0.0158,8.7668,0.0370,lateral,0.7380,5.9000,0.0050,0.0134,0.0085
0.0509,7.3392,0.0222,turn,0.0000,4.9200,0.0000,nan,nan
0.0527,10.0643,0.0305,straight,0.7931,7.9000,0.0468,0.0436,0.0297
0.0455,6.6265,0.0044,combined,1.1616,5.2800,0.0304,-0.0187,0.0415
0.0176,13.2931,0.0330,turn,0.0000,5.9600,0.0000,nan,nan
0.0254,6.9258,0.0085,lateral,0.2061,4.3200,0.0233,0.0084,0.0240
0.0161,6.8319,0.0235,straight,1.8675,4.1000,0.0132,0.0060,0.0149
0.0300,5.8955,0.0251,lateral,1.2254,4.7000,0.0300,-0.0254,0.0161
0.0091,1.7573,0.0432,stand,0.0000,5.0600,0.0000,nan,nan
0.0699,13.7772,0.0532,straight,0.3788,4.8600,0.0414,0.0218,0.0664
0.0447,5.7263,0.0676,lateral,0.9178,6.3000,0.0110,0.0443,0.0055
0.0231,9.4547,0.0198,turn,0.0000,5.4600,0.0000,nan,nan
0.0242,3.1530,0.0354,stand,0.0000,4.1200,0.0000,nan,nan
0.0266,4.2309,0.0445,lateral,0.4695,5.3600,0.0126,0.0183,0.0193
0.0278,6.5059,0.0320,turn,0.0000,6.6400,0.0000,nan,nan
0.0375,7.6137,0.0070,combined,1.4889,5.9400,0.0363,-0.0283,0.0247
0.0139,4.8374,0.0276,combined,1.1365,4.8200,0.0015,0.0121,0.0069
0.0359,8.8370,0.0083,combined,0.9121,4.3200,0.0177,-0.0219,0.0284
0.0262,9.4488,0.0273,lateral,0.4039,4.4400,0.0261,-0.0260,0.0031
0.0272,10.7010,0.0172,combined,0.9653,6.0800,0.0264,-0.0079,0.0260
0.0253,12.4909,0.0153,lateral,1.4679,4.3000,0.0149,0.0226,0.0113
0.0474,11.2830,0.0684,straight,1.7744,4.2000,0.0002,0.0434,0.0189
0.0295,7.6991,0.0092,combined,1.1811,5.5400,0.0002,0.0261,0.0136
0.0077,4.4142,0.0215,straight,1.3455,5.6200,0.0032,0.0065,0.0041
0.0676,7.2542,0.0403,turn,0.0000,5.7600,0.0000,nan,nan
0.0432,10.5150,0.0046,combined,0.6569,7.5200,0.0020,0.0429,0.0050
0.0142,4.5982,0.0219,lateral,0.2697,6.9400,0.0142,-0.0122,0.0072
0.0214,8.6230,0.0373,lateral,0.5320,5.6000,0.0134,-0.0158,0.0144
0.0591,0.6358,0.0539,lateral,1.1620,6.7600,0.0345,0.0536,0.0248
0.0518,11.8337,0.0193,straight,1.9804,4.3800,0.0434,-0.0313,0.0412
0.0328,7.0226,0.0228,combined,1.4303,4.9000,0.0296,-0.0226,0.0238
0.0423,9.4482,0.0564,turn,0.0000,4.6800,0.0000,nan,nan
0.0508,14.5770,0.0660,lateral,0.2105,6.0600,0.0148,0.0288,0.0418
0.0665,0.6440,0.0080,turn,0.0000,6.4600,0.0000,nan,nan
0.0765,8.4663,0.0570,lateral,0.6460,6.2000,0.0722,-0.0659,0.0388
0.0731,4.0358,0.0362,combined,1.3822,4.2400,0.0696,-0.0413,0.0604
0.0066,3.9185,0.0470,stand,0.0000,4.5800,0.0000,nan,nan
0.0329,9.6037,0.0122,lateral,0.6302,4.0600,0.0137,0.0235,0.0231
0.0642,6.7621,0.0445,lateral,1.0024,6.1800,0.0513,-0.0188,0.0614
0.0369,1.8885,0.0174,stand,0.0000,5.2600,0.0000,nan,nan
0.0364,8.3678,0.0170,lateral,0.9242,7.7200,0.0233,-0.0335,0.0141
0.0247,6.4891,0.0104,straight,0.1294,6.5000,0.0005,0.0239,0.0063
0.0510,16.5403,0.0436,straight,0.8449,6.3600,0.0441,0.0083,0.0504
0.0704,3.8741,0.0682,lateral,0.9588,6.7400,0.0674,-0.0448,0.0542
0.0425,11.8120,0.0513,straight,1.8516,6.4000,0.0176,0.0117,0.0409
0.0304,12.5795,0.0548,combined,2.0716,5.6000,0.0194,0.0301,0.0046
0.0022,10.9014,0.0424,straight,0.4142,6.1000,0.0005,0.0009,0.0020
0.0229,11.9760,0.0200,turn,0.0000,6.2800,0.0000,nan,nan
0.0275,9.1229,0.0297,turn,0.0000,4.9200,0.0000,nan,nan
0.0527,6.3014,0.0138,combined,1.6817,5.7600,0.0363,-0.0143,0.0507
0.0247,0.1219,0.0676,straight,0.0889,7.2200,0.0002,-0.0179,0.0171
0.0333,10.6609,0.0596,lateral,0.8590,6.0000,0.0304,-0.0327,0.0067
0.0261,11.7622,0.0642,combined,0.8162,6.6200,0.0203,0.0050,0.0256
0.0074,12.3951,0.0098,combined,1.3840,7.4000,0.0019,0.0064,0.0037
0.0526,10.1244,0.0322,lateral,0.7541,4.7200,0.0451,-0.0498,0.0169
0.0218,11.5907,0.0137,straight,0.8233,7.0000,0.0104,-0.0173,0.0132
0.0153,5.4869,0.0451,straight,0.4385,7.6000,0.0009,0.0095,0.0120
0.0411,10.9042,0.0669,straight,0.2582,4.2200,0.0210,0.0376,0.0166
0.0202,10.1917,0.0273,lateral,0.1066,6.8600,0.0128,-0.0160,0.0123
0.0574,7.0312,0.0568,straight,1.4619,6.4400,0.0238,0.0437,0.0373
0.0634,3.4928,0.0305,combined,1.1356,5.9400,0.0509,0.0112,0.0624
0.0201,7.4313,0.0253,straight,0.1759,5.4000,0.0015,0.0015,0.0200
0.0519,14.0259,0.0139,combined,1.1034,4.4600,0.0407,-0.0519,0.0000
0.0231,7.9641,0.0209,combined,1.5377,6.0000,0.0109,-0.0202,0.0111
0.0371,0.1796,0.0424,stand,0.0000,7.8600,0.0000,nan,nan
0.0608,5.3441,0.0511,lateral,1.1282,6.2400,0.0583,-0.0494,0.0354
0.0496,6.2947,0.0550,stand,0.0000,4.5200,0.0000,nan,nan
0.0416,1.3643,0.0194,stand,0.0000,6.3600,0.0000,nan,nan
0.0226,13.0518,0.0462,straight,0.8842,5.1000,0.0224,-0.0162,0.0158
0.0696,14.6672,0.0132,lateral,0.9994,4.9000,0.0108,0.0636,0.0284
0.0544,6.4099,0.0155,combined,1.7093,6.2200,0.0427,0.0023,0.0544
0.0491,8.6861,0.0334,lateral,0.4624,5.1600,0.0444,-0.0223,0.0438
0.0061,4.2873,0.0712,combined,1.3485,4.8000,0.0053,0.0009,0.0060
0.0624,0.1420,0.0212,straight,0.9289,5.4000,0.0588,0.0165,0.0602
0.0461,9.2237,0.0418,straight,0.9818,5.9600,0.0124,0.0348,0.0301
0.0078,2.6314,0.0520,lateral,0.2392,7.7200,0.0078,-0.0071,0.0032
0.0166,9.9734,0.0459,turn,0.0000,7.5600,0.0000,nan,nan
0.0347,0.0649,0.0596,straight,1.8900,7.2400,0.0346,-0.0098,0.0333
0.0269,7.9470,0.0607,lateral,0.6959,5.1400,0.0156,-0.0055,0.0263
0.0193,4.9794,0.0136,lateral,0.8886,5.1600,0.0149,-0.0027,0.0191
0.0897,8.7077,0.0188,lateral,1.2154,4.5600,0.0850,-0.0865,0.0238
0.0632,9.5603,0.0368,combined,1.3002,5.8200,0.0449,-0.0627,0.0076
0.0583,9.6392,0.0261,lateral,0.7472,6.9200,0.0454,-0.0568,0.0132
0.0148,13.6859,0.0350,turn,0.0000,6.1600,0.0000,nan,nan
0.0456,2.7447,0.0151,lateral,0.8703,7.4800,0.0272,-0.0134,0.0436
0.0438,4.6169,0.0719,combined,2.1594,4.4400,0.0438,-0.0245,0.0363
0.0631,6.8512,0.0117,combined,1.3893,5.0600,0.0514,0.0333,0.0536
0.0226,8.1123,0.0249,combined,1.2561,7.6600,0.0082,0.0195,0.0115
0.0303,4.3623,0.0389,turn,0.0000,6.6000,0.0000,nan,nan
0.0369,2.4842,0.0246,combined,1.5825,4.2400,0.0318,-0.0156,0.0334
0.0295,8.0631,0.0062,lateral,0.7697,5.2200,0.0155,0.0294,0.0021
0.0466,2.7234,0.0086,turn,0.0000,5.7200,0.0000,nan,nan
0.0257,9.4556,0.0121,straight,1.6757,7.9200,0.0065,0.0245,0.0075
0.0189,8.1592,0.0319,combined,1.5550,7.3200,0.0060,-0.0014,0.0188
0.0110,7.6593,0.0336,turn,0.0000,7.3200,0.0000,nan,nan
0.0569,7.9716,0.0198,straight,1.4740,5.0400,0.0558,-0.0430,0.0373
0.0493,3.7476,0.0702,turn,0.0000,7.0800,0.0000,nan,nan
0.0642,12.3795,0.0456,turn,0.0000,6.7800,0.0000,nan,nan
0.0787,6.5769,0.0358,straight,0.7756,5.5200,0.0553,0.0115,0.0778
0.0977,9.4928,0.0997,lateral,0.2676,6.4600,0.0860,-0.0976,0.0037
0.0412,2.3529,0.0371,lateral,0.8538,7.1400,0.0231,0.0392,0.0129
0.0084,4.6727,0.0563,combined,1.5185,5.3800,0.0012,0.0082,0.0018
0.0350,5.7571,0.0538,combined,0.8265,6.1000,0.0206,0.0349,0.0027
0.0584,5.5785,0.0595,turn,0.0000,4.6600,0.0000,nan,nan
0.0058,3.7115,0.0154,stand,0.0000,6.1000,0.0000,nan,nan
0.0338,1.0635,0.0130,lateral,0.7224,6.5000,0.0174,-0.0289,0.0177
0.0463,0.2505,0.0350,stand,0.0000,5.6800,0.0000,nan,nan
0.0668,11.6827,0.0214,combined,1.5304,6.7200,0.0381,-0.0380,0.0549
0.0269,10.9327,0.0189,straight,1.5868,7.9600,0.0134,0.0241,0.0121
0.0187,10.2190,0.0059,turn,0.0000,5.8400,0.0000,nan,nan
0.0190,1.1636,0.0165,lateral,0.5558,6.0800,0.0070,0.0021,0.0189
0.0220,1.9945,0.0686,straight,0.6989,4.4200,0.0187,-0.0203,0.0087
0.0821,4.0525,0.0228,combined,1.3676,4.0800,0.0821,-0.0607,0.0553
0.0571,2.6746,0.0403,stand,0.0000,4.4400,0.0000,nan,nan
0.0150,1.5870,0.0262,stand,0.0000,7.6200,0.0000,nan,nan
0.0539,6.2735,0.0154,combined,1.3830,5.2000,0.0539,-0.0536,0.0063
0.0560,11.3673,0.0400,straight,1.5187,6.2200,0.0223,0.0508,0.0235
0.0513,1.3981,0.0248,turn,0.0000,5.9000,0.0000,nan,nan
0.0386,9.2872,0.0288,combined,0.7937,4.2400,0.0049,0.0325,0.0208
0.0499,9.3640,0.0039,lateral,0.7855,7.7600,0.0258,-0.0425,0.0263
0.0487,4.6253,0.0394,combined,2.2517,7.8600,0.0303,0.0454,0.0177
0.0574,5.3097,0.0452,combined,1.7383,7.2400,0.0444,-0.0092,0.0567
0.0272,1.8563,0.0076,turn,0.0000,5.3600,0.0000,nan,nan
0.0388,10.3652,0.0167,straight,1.2838,7.8200,0.0321,0.0227,0.0315
0.0443,1.2795,0.0385,combined,1.6339,7.2000,0.0319,-0.0429,0.0112
0.0319,3.1314,0.0330,stand,0.0000,7.0200,0.0000,nan,nan
0.0486,9.4718,0.0496,straight,0.5428,6.3200,0.0313,-0.0228,0.0429
0.0229,5.6662,0.0483,combined,1.0430,6.5000,0.0084,0.0228,0.0003
0.0476,4.9615,0.0335,turn,0.0000,5.1800,0.0000,nan,nan
0.0475,0.7941,0.0462,turn,0.0000,4.9400,0.0000,nan,nan
0.0433,5.4224,0.0385,combined,0.5467,5.5000,0.0277,-0.0059,0.0429
0.0165,0.9208,0.0564,stand,0.0000,5.3400,0.0000,nan,nan
0.0758,6.0023,0.0235,combined,1.3847,6.6200,0.0172,0.0705,0.0279
0.0248,6.4377,0.0417,straight,0.5186,5.5600,0.0003,0.0189,0.0161
0.0230,14.2422,0.0230,combined,0.4470,4.9800,0.0209,0.0139,0.0184
0.0464,3.6640,0.0287,stand,0.0000,7.5400,0.0000,nan,nan
0.0260,8.6640,0.0373,combined,2.1245,5.4200,0.0260,-0.0088,0.0244
0.0560,7.5056,0.0187,turn,0.0000,7.3200,0.0000,nan,nan
0.0463,11.3662,0.0383,straight,0.5605,6.4200,0.0260,-0.0280,0.0368
0.0320,0.3660,0.0556,stand,0.0000,6.5800,0.0000,nan,nan
0.0560,4.2771,0.0366,lateral,1.0074,7.3600,0.0179,0.0539,0.0151
0.0423,8.2617,0.0381,turn,0.0000,4.5200,0.0000,nan,nan
0.0118,4.5025,0.0510,straight,1.5655,6.7600,0.0092,-0.0117,0.0010
0.0737,12.0677,0.0480,combined,1.6722,4.2800,0.0737,-0.0466,0.0571
0.0226,10.1616,0.0125,turn,0.0000,5.0600,0.0000,nan,nan
0.0213,4.9255,0.0179,turn,0.0000,4.2600,0.0000,nan,nan
0.0488,8.5150,0.0188,straight,1.1788,7.9800,0.0260,0.0026,0.0487
0.0827,3.7338,0.0644,combined,1.3714,6.3600,0.0743,-0.0612,0.0556
0.0670,0.4013,0.0322,stand,0.0000,6.4800,0.0000,nan,nan
0.0413,9.1184,0.0424,straight,1.9380,7.5000,0.0261,-0.0143,0.0388
0.0276,10.3744,0.0208,straight,0.1136,6.2000,0.0004,0.0229,0.0154
0.0464,5.3823,0.0394,turn,0.0000,6.3400,0.0000,nan,nan
0.0508,7.1308,0.0221,straight,1.2283,6.0800,0.0158,0.0495,0.0115
0.0733,9.6840,0.0308,combined,1.6035,6.8400,0.0417,-0.0396,0.0617
0.0390,1.1449,0.0070,lateral,0.1089,4.2000,0.0125,0.0345,0.0181
0.0172,1.6880,0.0239,straight,1.9154,4.8200,0.0159,0.0056,0.0163
0.0833,12.9548,0.0283,combined,0.5003,7.6200,0.0445,0.0701,0.0450
0.0530,10.0270,0.0505,lateral,1.1881,7.4400,0.0395,0.0393,0.0356
0.0429,7.8360,0.0530,combined,2.2741,4.4400,0.0409,-0.0418,0.0098
0.0278,5.1130,0.0161,lateral,0.8761,5.4000,0.0238,-0.0193,0.0199
0.0297,2.3217,0.0142,stand,0.0000,4.3800,0.0000,nan,nan
0.0107,10.1725,0.0193,combined,1.2378,7.2000,0.0024,0.0103,0.0030
0.0251,11.5024,0.0111,turn,0.0000,4.7600,0.0000,nan,nan
0.0553,6.7786,0.0480,combined,1.2547,6.7600,0.0265,0.0027,0.0553
0.0075,4.9936,0.0112,combined,1.5268,6.2800,0.0063,-0.0073,0.0019
0.0575,5.2425,0.0130,turn,0.0000,4.6400,0.0000,nan,nan
0.0334,8.7368,0.0180,straight,0.3560,4.2200,0.0251,-0.0244,0.0228
0.0432,9.5701,0.0245,lateral,1.4367,5.1000,0.0415,-0.0355,0.0245
0.0428,3.8843,0.0227,straight,1.5833,7.6600,0.0379,-0.0211,0.0372
0.0228,6.2001,0.0446,lateral,0.5428,4.4000,0.0135,0.0047,0.0223
0.0345,8.6363,0.0330,combined,1.6992,5.5200,0.0285,-0.0135,0.0318
0.0453,3.8352,0.0361,combined,0.4486,4.6800,0.0308,0.0147,0.0428
0.0081,5.9085,0.0066,straight,1.8815,7.0600,0.0011,-0.0075,0.0031
0.0584,5.1761,0.0278,combined,1.2536,5.5400,0.0465,0.0176,0.0557
0.0205,10.4232,0.0590,turn,0.0000,6.0400,0.0000,nan,nan
0.0730,9.8188,0.0268,lateral,1.0872,5.6600,0.0575,-0.0491,0.0541
0.1497,8.6462,0.1683,combined,2.1782,4.6200,0.0089,0.1468,0.0293
0.0334,8.4425,0.0352,straight,0.1265,5.9000,0.0009,0.0281,0.0181
0.0149,2.3988,0.0196,stand,0.0000,4.5400,0.0000,nan,nan
0.0754,4.9143,0.0114,turn,0.0000,4.8200,0.0000,nan,nan
0.0494,12.6638,0.0163,straight,1.7354,7.7800,0.0415,0.0010,0.0494
0.0540,0.5345,0.0891,straight,1.3343,7.8400,0.0395,-0.0212,0.0496
0.0060,5.7639,0.0264,combined,0.6809,6.6000,0.0006,-0.0051,0.0031
0.0550,11.9373,0.0465,combined,1.9773,5.6400,0.0517,-0.0294,0.0465
0.0113,12.3376,0.0413,lateral,0.3058,4.3000,0.0067,0.0044,0.0104
0.0429,9.7104,0.0297,straight,1.2560,5.6200,0.0082,0.0348,0.0251
0.0183,9.7317,0.0319,combined,0.8114,7.3600,0.0124,-0.0174,0.0058
0.0459,11.6939,0.0169,combined,0.4287,4.4000,0.0457,-0.0368,0.0274
0.0411,0.4760,0.0420,lateral,0.9522,4.5000,0.0401,0.0364,0.0191
0.0216,9.6016,0.0445,lateral,1.2509,6.3200,0.0120,-0.0120,0.0180
0.0457,10.5639,0.0350,combined,1.7743,5.1200,0.0454,-0.0385,0.0245
0.0259,2.0167,0.0176,stand,0.0000,7.0600,0.0000,nan,nan
0.0414,8.7380,0.0425,straight,0.1820,5.5600,0.0414,-0.0412,0.0044
0.0635,5.1925,0.0541,combined,1.4921,7.2400,0.0276,0.0197,0.0604
0.0611,9.3491,0.0155,straight,0.0656,7.3200,0.0143,0.0223,0.0569
0.0180,1.4404,0.0523,turn,0.0000,7.2000,0.0000,nan,nan
0.0150,0.5454,0.0193,stand,0.0000,4.8200,0.0000,nan,nan
0.0209,9.1721,0.0248,turn,0.0000,6.1200,0.0000,nan,nan
0.0587,13.3740,0.0358,straight,0.4611,5.0200,0.0531,-0.0531,0.0249
0.0507,6.2993,0.0665,turn,0.0000,6.9400,0.0000,nan,nan
0.0544,6.6333,0.0371,turn,0.0000,5.0000,0.0000,nan,nan
0.0070,11.3437,0.0665,lateral,1.1838,6.2000,0.0009,0.0066,0.0022
0.0210,0.5121,0.0570,stand,0.0000,6.4600,0.0000,nan,nan
0.0244,11.5470,0.0413,combined,1.7617,6.2600,0.0177,-0.0244,0.0000
0.0727,5.2551,0.0867,lateral,1.3807,6.4600,0.0640,0.0418,0.0594
0.0662,4.0001,0.0440,straight,0.9166,6.6400,0.0602,-0.0614,0.0248
0.0359,2.6991,0.0471,lateral,0.8051,6.3600,0.0013,0.0356,0.0046
0.0462,7.8527,0.0225,straight,1.8085,7.4000,0.0019,0.0461,0.0033
0.0509,3.5177,0.0599,straight,1.5880,5.9800,0.0298,0.0041,0.0507
0.0333,9.1152,0.0210,straight,1.6395,6.9200,0.0190,0.0280,0.0181
0.0764,7.7867,0.0192,combined,1.2309,7.7400,0.0643,-0.0332,0.0688
0.0062,0.0105,0.0342,straight,0.1964,7.0200,0.0015,0.0062,0.0008
0.0340,4.7108,0.0161,combined,0.8697,7.4400,0.0161,0.0198,0.0276
0.0633,12.5399,0.0043,combined,1.7393,6.7000,0.0387,0.0270,0.0573
0.0668,6.9933,0.0561,turn,0.0000,7.2800,0.0000,nan,nan
0.0298,1.6064,0.0406,stand,0.0000,4.2400,0.0000,nan,nan
0.0106,4.1336,0.0254,stand,0.0000,7.9800,0.0000,nan,nan
0.0323,1.0459,0.0060,stand,0.0000,5.9800,0.0000,nan,nan
0.0809,12.5029,0.0240,straight,1.1739,5.4400,0.0420,0.0641,0.0494
0.0250,7.2921,0.0334,lateral,0.1123,4.3200,0.0125,0.0237,0.0081
0.0021,6.3384,0.0293,turn,0.0000,5.5600,0.0000,nan,nan
0.0270,13.0462,0.0149,lateral,0.2147,6.9000,0.0196,-0.0093,0.0253
0.0244,5.4863,0.0456,straight,0.0173,5.3400,0.0093,0.0044,0.0240
0.0354,13.0860,0.0030,combined,1.4199,5.2400,0.0354,0.0175,0.0308
0.0491,9.5932,0.0961,combined,1.0208,4.0400,0.0491,-0.0471,0.0140
0.0184,11.0636,0.0063,combined,0.4321,4.0400,0.0184,-0.0139,0.0120
0.0385,9.6336,0.0210,combined,1.6325,7.2400,0.0265,-0.0071,0.0378
0.0221,6.3465,0.0193,lateral,0.4345,5.9600,0.0130,-0.0220,0.0020
0.0503,9.5484,0.0084,combined,1.4022,5.2400,0.0410,-0.0502,0.0043
0.0348,0.1384,0.0505,stand,0.0000,4.4400,0.0000,nan,nan
0.0330,8.5589,0.0440,combined,1.0923,6.3000,0.0234,-0.0328,0.0027
0.0317,13.7156,0.0429,combined,2.0755,5.7000,0.0277,-0.0317,0.0007
0.0436,7.8171,0.0381,straight,1.9550,7.4600,0.0328,-0.0224,0.0374
0.0497,6.4863,0.0406,combined,0.9133,5.0800,0.0469,-0.0330,0.0371
0.0086,6.0886,0.0286,combined,0.7714,6.9000,0.0085,-0.0085,0.0010
0.0290,7.6917,0.0762,turn,0.0000,4.1200,0.0000,nan,nan
0.0250,10.0152,0.0643,turn,0.0000,5.2800,0.0000,nan,nan
0.0621,5.2024,0.0103,turn,0.0000,4.3400,0.0000,nan,nan
0.0619,2.1170,0.0206,turn,0.0000,6.7800,0.0000,nan,nan
0.0892,12.9490,0.0403,lateral,0.9219,4.3800,0.0861,-0.0841,0.0297
0.0596,6.7813,0.0340,combined,1.3119,7.1200,0.0433,0.0442,0.0400
0.0388,8.8627,0.0348,turn,0.0000,4.1600,0.0000,nan,nan
0.0610,3.2723,0.0321,stand,0.0000,4.1200,0.0000,nan,nan
0.0773,3.1592,0.0756,combined,1.4156,7.7800,0.0238,0.0263,0.0727
0.0111,4.6858,0.0125,stand,0.0000,5.6000,0.0000,nan,nan
0.0479,5.9200,0.0179,lateral,0.1538,7.3800,0.0020,0.0476,0.0055
0.0621,9.4573,0.0209,lateral,0.1587,6.8600,0.0463,0.0058,0.0618
0.0415,0.7177,0.0232,lateral,0.9377,6.5200,0.0405,-0.0414,0.0032
0.0653,5.8492,0.0572,straight,1.4908,6.2600,0.0625,-0.0475,0.0448
0.0652,9.4601,0.0512,lateral,0.4061,4.6600,0.0216,0.0484,0.0437
0.0137,7.0764,0.0520,combined,1.8530,5.4000,0.0070,-0.0023,0.0136
0.0528,7.9949,0.0484,turn,0.0000,5.3400,0.0000,nan,nan
0.0184,6.7450,0.0172,lateral,1.1937,6.0600,0.0184,-0.0157,0.0097
0.0305,5.1467,0.0200,combined,1.8187,6.2800,0.0280,0.0167,0.0255
0.0698,3.4498,0.0574,turn,0.0000,4.5400,0.0000,nan,nan
0.0384,7.3846,0.0163,combined,1.4986,6.7600,0.0368,-0.0316,0.0219
0.0865,1.2447,0.0601,straight,1.9941,4.9200,0.0836,-0.0722,0.0477
0.0425,7.7981,0.0124,combined,0.6601,6.8000,0.0261,0.0412,0.0102
0.0469,5.4184,0.0567,turn,0.0000,5.0600,0.0000,nan,nan
0.0444,13.1631,0.0150,straight,1.5465,6.3000,0.0421,-0.0241,0.0373
0.0584,6.6015,0.0464,turn,0.0000,4.4800,0.0000,nan,nan
0.0443,8.8669,0.0396,turn,0.0000,4.6800,0.0000,nan,nan
0.0207,6.8154,0.0245,combined,0.3644,7.8200,0.0065,0.0137,0.0155
0.0492,12.7401,0.0235,lateral,1.2077,4.5400,0.0475,-0.0457,0.0181
0.0243,4.0546,0.0409,straight,1.8622,5.3600,0.0207,-0.0065,0.0234
0.0194,10.6496,0.0446,straight,0.6112,4.9200,0.0009,0.0183,0.0064
0.0219,9.5718,0.0030,lateral,0.1838,4.9200,0.0048,0.0219,0.0014
0.0458,12.8929,0.0455,turn,0.0000,7.3600,0.0000,nan,nan
0.0438,11.6189,0.0480,combined,0.8816,7.8000,0.0342,0.0029,0.0437
0.0339,3.5471,0.0477,combined,1.3456,5.9000,0.0270,-0.0338,0.0026
0.0475,7.5993,0.0022,combined,2.0178,5.7800,0.0417,0.0111,0.0462
0.0559,5.0940,0.0331,combined,0.5606,7.0000,0.0365,-0.0054,0.0557
0.0286,10.2128,0.0401,turn,0.0000,6.3800,0.0000,nan,nan
0.0269,6.9026,0.0697,combined,1.9157,5.8200,0.0142,-0.0267,0.0039
0.0679,5.9200,0.0230,combined,0.8754,4.4000,0.0643,0.0049,0.0677
0.0550,6.3623,0.0111,turn,0.0000,4.4800,0.0000,nan,nan
0.0434,8.1258,0.0192,combined,1.7466,5.0000,0.0079,0.0418,0.0116
0.0288,5.0570,0.0221,straight,1.4834,5.7400,0.0171,-0.0283,0.0049
0.0316,9.4471,0.0290,combined,1.1810,6.0200,0.0269,0.0048,0.0312
0.0266,11.8591,0.0478,straight,1.4108,5.4200,0.0266,-0.0063,0.0259
0.0676,7.1653,0.0442,turn,0.0000,5.9200,0.0000,nan,nan
0.0400,5.3003,0.0647,lateral,0.3299,7.8400,0.0080,0.0349,0.0196
0.0219,2.7139,0.0328,stand,0.0000,5.9800,0.0000,nan,nan
0.0673,7.9214,0.0610,turn,0.0000,4.3800,0.0000,nan,nan
0.0114,12.8798,0.0285,turn,0.0000,6.2200,0.0000,nan,nan
0.0301,9.0176,0.0814,straight,0.9510,4.5200,0.0265,-0.0233,0.0191
0.0397,9.2726,0.0088,turn,0.0000,7.7000,0.0000,nan,nan
0.0484,1.4944,0.0231,straight,1.8050,4.8000,0.0399,-0.0026,0.0484
0.0237,7.8365,0.0369,turn,0.0000,6.9200,0.0000,nan,nan
0.0260,12.3837,0.0304,lateral,1.3132,4.6800,0.0159,0.0180,0.0187
0.0201,1.1609,0.0244,combined,1.2115,5.5800,0.0161,-0.0131,0.0151
0.0557,2.5947,0.0456,stand,0.0000,4.0400,0.0000,nan,nan
0.0380,9.3245,0.0104,turn,0.0000,4.8200,0.0000,nan,nan
0.0616,7.9687,0.0607,straight,1.5415,5.3800,0.0504,-0.0396,0.0471
0.0269,8.0668,0.0186,lateral,1.4692,6.3200,0.0269,-0.0253,0.0091
0.0654,7.0656,0.0285,combined,2.3578,6.4600,0.0515,-0.0515,0.0403
0.0125,10.8082,0.0129,combined,1.6967,6.6400,0.0017,0.0103,0.0070
0.0487,10.4103,0.0477,combined,1.8943,5.4200,0.0487,-0.0470,0.0129
0.0151,6.2926,0.0248,straight,1.2074,6.2600,0.0041,0.0016,0.0150
0.0474,7.7590,0.0417,straight,1.2003,6.5800,0.0352,-0.0225,0.0418
0.0397,12.3793,0.0294,lateral,0.2329,7.1800,0.0364,-0.0252,0.0307
0.0043,3.2641,0.0201,stand,0.0000,4.4600,0.0000,nan,nan
0.0562,15.6424,0.0502,turn,0.0000,4.2400,0.0000,nan,nan
0.0204,4.6800,0.0128,turn,0.0000,7.3600,0.0000,nan,nan
0.0339,7.5025,0.0335,straight,1.0731,4.2000,0.0042,0.0023,0.0338
0.0676,13.6626,0.0568,lateral,0.9165,7.3600,0.0364,0.0628,0.0250
0.0113,10.6237,0.0297,straight,0.4390,4.0200,0.0042,-0.0106,0.0038
0.0282,5.2848,0.0271,stand,0.0000,5.4800,0.0000,nan,nan
0.0476,9.9885,0.0121,combined,1.6306,4.4600,0.0470,-0.0466,0.0099
0.0195,6.7543,0.0171,straight,1.7498,6.9200,0.0088,-0.0119,0.0154
0.0159,11.7362,0.0631,straight,0.4977,7.4600,0.0015,0.0136,0.0083
0.0728,5.5459,0.0607,turn,0.0000,6.9000,0.0000,nan,nan
0.0220,1.0562,0.0482,lateral,0.4014,5.6200,0.0068,0.0192,0.0106
0.0221,7.2306,0.0645,turn,0.0000,5.0400,0.0000,nan,nan
0.0430,6.8438,0.0270,turn,0.0000,5.9600,0.0000,nan,nan
0.0729,4.5691,0.0119,lateral,0.5130,7.4000,0.0660,-0.0695,0.0220
0.0024,6.7497,0.0384,turn,0.0000,6.8600,0.0000,nan,nan
0.0414,1.7808,0.0184,combined,0.3893,7.9000,0.0325,-0.0349,0.0222
0.0500,11.3304,0.0419,straight,1.1898,4.9800,0.0500,-0.0455,0.0208
0.1051,2.8042,0.0729,combined,1.9436,5.3000,0.1040,-0.0928,0.0492
0.0297,13.0886,0.0525,lateral,0.1495,4.4600,0.0184,0.0114,0.0275
0.0332,1.0377,0.0490,stand,0.0000,6.1000,0.0000,nan,nan
0.0535,3.1156,0.0244,stand,0.0000,4.2600,0.0000,nan,nan
0.0629,12.7789,0.0820,turn,0.0000,4.6600,0.0000,nan,nan
0.0015,1.2144,0.0206,stand,0.0000,7.3600,0.0000,nan,nan
0.0326,8.4084,0.0241,turn,0.0000,5.8800,0.0000,nan,nan
0.0420,1.7074,0.0308,stand,0.0000,6.7600,0.0000,nan,nan
0.0553,8.5702,0.0409,lateral,0.0007,5.9200,0.0007,nan,nan
0.0419,3.3693,0.0202,straight,1.1169,6.1400,0.0393,-0.0400,0.0123
0.0399,4.7310,0.0431,combined,1.2899,4.5800,0.0344,-0.0258,0.0305
0.0383,12.5333,0.0425,lateral,0.9041,6.7000,0.0035,0.0366,0.0115
0.0497,13.6904,0.0562,straight,1.9442,5.5000,0.0450,0.0278,0.0411
0.0350,5.2100,0.0666,lateral,0.7186,4.6600,0.0102,0.0310,0.0163
0.0285,3.0126,0.0460,stand,0.0000,5.6200,0.0000,nan,nan
0.0850,6.9409,0.0213,straight,1.1301,6.2400,0.0236,0.0759,0.0383
0.0302,6.8898,0.0330,turn,0.0000,7.9800,0.0000,nan,nan
0.0556,10.7652,0.0716,combined,0.8865,5.5600,0.0149,0.0413,0.0372
0.0239,1.9347,0.0409,stand,0.0000,6.4000,0.0000,nan,nan
0.0700,3.1167,0.0615,straight,0.3203,4.7600,0.0674,-0.0550,0.0433
0.0524,11.4031,0.0466,combined,0.8883,6.2200,0.0443,-0.0491,0.0181
0.0146,2.3564,0.0418,stand,0.0000,5.5400,0.0000,nan,nan
0.0301,11.0412,0.0541,turn,0.0000,5.6800,0.0000,nan,nan
0.0818,6.4810,0.0670,lateral,0.0523,7.0800,0.0494,-0.0816,0.0049
0.0161,5.1381,0.0169,straight,1.5487,7.8400,0.0161,0.0074,0.0143
0.0434,12.5255,0.0259,combined,1.2495,6.1200,0.0373,-0.0307,0.0307
0.0137,1.8830,0.0396,stand,0.0000,5.8600,0.0000,nan,nan
0.0352,8.9036,0.0363,combined,1.8776,7.1800,0.0293,-0.0219,0.0276
0.0169,11.6045,0.0293,turn,0.0000,6.8000,0.0000,nan,nan
0.0526,7.2763,0.0303,lateral,1.0391,5.7800,0.0301,0.0294,0.0436
0.0404,9.3403,0.0411,combined,0.9617,5.3400,0.0265,-0.0086,0.0395
0.0192,7.8597,0.0207,combined,1.1463,7.6200,0.0103,0.0126,0.0145
0.0384,4.8333,0.0329,stand,0.0000,6.4000,0.0000,nan,nan
0.0269,6.7698,0.0478,combined,1.9530,5.9200,0.0149,0.0003,0.0269
0.0332,8.4957,0.0298,combined,2.4786,5.1800,0.0181,0.0300,0.0143
0.0385,10.7907,0.0291,combined,1.8049,7.0600,0.0085,0.0353,0.0153
0.0420,1.0122,0.0286,stand,0.0000,6.2800,0.0000,nan,nan
0.0604,8.6137,0.0274,lateral,0.7472,7.8200,0.0508,-0.0524,0.0300
0.0315,0.9692,0.0495,turn,0.0000,5.5200,0.0000,nan,nan
0.0169,6.1954,0.0573,turn,0.0000,6.3400,0.0000,nan,nan
0.0377,5.9054,0.0098,combined,1.5643,7.9600,0.0195,0.0154,0.0344
0.0432,0.9142,0.0286,combined,1.7581,4.6200,0.0391,-0.0400,0.0162
0.0318,11.1155,0.0395,combined,1.2163,5.1600,0.0318,0.0076,0.0309
0.0067,3.5770,0.0215,straight,1.3708,6.2800,0.0008,-0.0019,0.0064
0.0196,2.7925,0.0110,stand,0.0000,7.9200,0.0000,nan,nan
0.0694,6.5383,0.0409,lateral,0.4654,7.6800,0.0544,-0.0684,0.0119
0.0509,9.7311,0.0639,straight,1.5597,5.6600,0.0389,-0.0408,0.0303
0.0295,7.4935,0.0270,turn,0.0000,5.5800,0.0000,nan,nan
0.0630,9.5890,0.0094,straight,1.4318,7.9200,0.0451,-0.0391,0.0494
0.0052,0.3631,0.0247,stand,0.0000,5.5000,0.0000,nan,nan
0.0707,2.1119,0.0456,combined,0.9899,6.9800,0.0571,-0.0694,0.0136
0.0179,3.9475,0.0410,lateral,0.2135,4.3600,0.0132,-0.0099,0.0148
0.0285,1.2007,0.0073,stand,0.0000,6.8000,0.0000,nan,nan
0.0435,12.1315,0.0396,turn,0.0000,6.3400,0.0000,nan,nan
0.0530,2.1549,0.0838,straight,1.0574,7.7400,0.0178,0.0357,0.0392
0.0506,12.9288,0.0473,combined,0.5962,6.8400,0.0282,0.0279,0.0421
0.0365,8.4336,0.0317,combined,0.5993,7.0000,0.0239,-0.0365,0.0017
0.0654,8.0937,0.0299,combined,1.8832,4.5000,0.0654,-0.0644,0.0113
0.0183,8.0487,0.0427,lateral,0.4729,4.2600,0.0021,0.0169,0.0070
0.0378,2.4774,0.0306,stand,0.0000,5.1400,0.0000,nan,nan
0.0372,5.8787,0.0265,combined,0.8297,7.2400,0.0113,-0.0364,0.0074
0.0453,10.1665,0.0117,lateral,0.8132,5.3600,0.0174,-0.0014,0.0453
0.0592,11.5528,0.0647,combined,0.7134,4.2800,0.0578,0.0032,0.0591
0.0473,6.5664,0.0391,combined,1.3957,6.1200,0.0382,-0.0375,0.0289
0.0443,11.0408,0.0266,combined,0.5633,6.1400,0.0384,-0.0258,0.0361
0.0557,1.7302,0.0228,turn,0.0000,4.8800,0.0000,nan,nan
0.0075,0.8346,0.0419,stand,0.0000,6.5800,0.0000,nan,nan
0.0266,2.1531,0.0320,turn,0.0000,5.6800,0.0000,nan,nan
0.0227,2.8808,0.0166,stand,0.0000,4.5200,0.0000,nan,nan
0.0090,5.3009,0.0575,turn,0.0000,5.2400,0.0000,nan,nan
0.0711,5.3227,0.0397,straight,0.5023,6.9800,0.0487,-0.0055,0.0709
0.0682,12.4820,0.0631,lateral,0.0478,6.5600,0.0048,0.0673,0.0108
0.0393,9.0145,0.0403,combined,1.2486,4.8800,0.0343,-0.0005,0.0393
0.0421,15.2790,0.0693,combined,0.2184,4.5600,0.0307,0.0406,0.0114
0.0641,8.0742,0.0147,turn,0.0000,4.9600,0.0000,nan,nan
0.0462,0.5724,0.0075,stand,0.0000,7.3800,0.0000,nan,nan
0.0576,1.0619,0.0489,stand,0.0000,7.3800,0.0000,nan,nan
0.0509,11.2078,0.0106,lateral,0.2173,5.6000,0.0309,-0.0178,0.0476
0.0083,11.2608,0.0608,straight,1.8945,7.2400,0.0004,0.0068,0.0047
0.0584,6.9314,0.0207,combined,1.4002,4.8800,0.0450,-0.0468,0.0349
0.0403,4.2312,0.0580,combined,1.6759,7.2800,0.0372,-0.0171,0.0365
0.0397,15.3039,0.0365,turn,0.0000,4.3000,0.0000,nan,nan
0.0697,9.9424,0.0273,lateral,1.4077,7.4400,0.0011,0.0688,0.0111
0.0352,0.4431,0.0318,lateral,0.4915,4.8400,0.0352,-0.0352,0.0000
0.0384,4.1541,0.0505,turn,0.0000,6.9600,0.0000,nan,nan
0.0646,1.5168,0.0362,combined,1.2688,4.9200,0.0134,0.0603,0.0232
0.0298,5.4554,0.0459,combined,1.5243,6.5800,0.0288,-0.0269,0.0128
0.0498,8.9724,0.0367,turn,0.0000,7.3200,0.0000,nan,nan
0.0562,2.7947,0.0583,stand,0.0000,6.2200,0.0000,nan,nan
0.0385,5.6700,0.0295,lateral,0.2775,6.9600,0.0297,0.0234,0.0305
0.0242,2.4700,0.0383,combined,1.7966,7.0000,0.0094,0.0006,0.0242
0.0585,3.2816,0.0938,straight,0.6376,6.5000,0.0502,-0.0075,0.0580
0.0465,3.5619,0.0159,combined,1.4365,7.1800,0.0208,-0.0291,0.0363
0.0504,4.7890,0.0075,combined,2.0440,5.8600,0.0347,0.0496,0.0092
0.0221,13.3435,0.0242,turn,0.0000,5.3600,0.0000,nan,nan
0.0615,12.3085,0.0537,turn,0.0000,7.5200,0.0000,nan,nan
0.0382,5.0072,0.0570,combined,1.6903,7.1000,0.0378,-0.0361,0.0125
0.0483,13.1372,0.0573,turn,0.0000,7.7200,0.0000,nan,nan
0.0390,9.7505,0.0237,straight,1.9146,6.7800,0.0363,-0.0228,0.0317
0.0527,3.0523,0.0370,straight,1.8186,6.3800,0.0462,-0.0055,0.0524
0.0147,2.1921,0.0368,stand,0.0000,6.9800,0.0000,nan,nan
0.0219,6.6784,0.0106,turn,0.0000,4.9000,0.0000,nan,nan
0.0455,11.1758,0.0116,combined,1.9564,7.6200,0.0438,-0.0455,0.0003
0.0110,0.6407,0.0392,stand,0.0000,6.9400,0.0000,nan,nan
0.0562,6.9296,0.0380,combined,1.9399,7.8600,0.0523,0.0562,0.0017
0.0392,9.7007,0.0436,lateral,1.1686,5.6400,0.0243,-0.0366,0.0142
0.0533,11.0103,0.0610,lateral,0.1505,6.5800,0.0396,-0.0136,0.0515
0.0377,4.5288,0.0288,straight,1.0327,6.7400,0.0261,0.0308,0.0217
0.0337,4.1308,0.0164,lateral,0.1018,5.8600,0.0190,-0.0168,0.0292
0.0569,1.6814,0.0501,straight,1.7485,4.6200,0.0569,-0.0175,0.0541
0.0384,3.9972,0.0268,straight,0.3145,7.9000,0.0271,-0.0034,0.0383
0.0345,8.1591,0.0161,straight,1.1203,7.1400,0.0271,-0.0077,0.0336
0.0120,4.8888,0.0131,lateral,1.2308,7.5000,0.0075,0.0115,0.0032
0.0206,3.2255,0.0283,straight,1.5357,7.9800,0.0105,0.0024,0.0205
0.0671,6.1154,0.0259,lateral,0.9509,4.4800,0.0641,-0.0664,0.0098
0.0346,3.8168,0.0324,straight,1.4345,7.3800,0.0267,-0.0313,0.0148
0.0182,4.5640,0.0574,straight,1.7562,5.1600,0.0137,0.0024,0.0181
0.0395,10.7854,0.0459,straight,0.5728,4.2200,0.0337,-0.0237,0.0316
0.0313,8.9605,0.0815,straight,0.5886,4.7200,0.0105,-0.0045,0.0310
0.0124,6.2421,0.0503,lateral,0.4665,7.0600,0.0055,-0.0098,0.0076
0.0795,8.9673,0.0463,straight,0.2702,5.5600,0.0112,0.0795,0.0025
0.0253,8.7717,0.0292,combined,0.4626,4.4000,0.0120,0.0244,0.0065
0.0196,7.3117,0.0117,turn,0.0000,7.4600,0.0000,nan,nan
0.0482,11.6277,0.0313,combined,1.0522,5.2200,0.0409,-0.0467,0.0118
0.0311,9.5287,0.0694,combined,0.4039,7.8600,0.0112,0.0249,0.0186
0.0612,8.6574,0.0386,combined,1.7640,5.7200,0.0535,0.0127,0.0598
0.0327,3.4239,0.0440,stand,0.0000,5.7400,0.0000,nan,nan
0.0539,12.7551,0.0395,straight,0.6502,5.3800,0.0205,0.0479,0.0247
0.0521,9.0233,0.0178,combined,0.3350,5.0400,0.0382,-0.0460,0.0243
0.0460,6.7345,0.0622,combined,1.8275,6.1200,0.0453,-0.0185,0.0421
0.0638,9.3487,0.0666,combined,0.3245,6.0200,0.0531,-0.0633,0.0079
0.0322,6.7742,0.0320,lateral,1.3311,5.3400,0.0137,0.0303,0.0111
0.0590,4.4564,0.0435,combined,1.0813,5.0600,0.0497,-0.0508,0.0300
0.0122,10.7403,0.0315,lateral,0.4483,5.3800,0.0016,0.0062,0.0105
0.0510,12.2997,0.0309,straight,1.1510,5.3200,0.0319,0.0084,0.0503
0.0396,5.8216,0.0020,straight,0.0027,6.4000,0.0023,-0.0325,0.0226
0.0143,0.8081,0.0124,stand,0.0000,7.1200,0.0000,nan,nan
0.0949,3.5821,0.0446,lateral,0.6279,5.2600,0.0195,0.0913,0.0259
0.0390,9.0809,0.0703,turn,0.0000,5.0400,0.0000,nan,nan
0.0712,7.2718,0.0240,turn,0.0000,6.4400,0.0000,nan,nan
0.0258,9.8246,0.0275,straight,1.2945,5.6000,0.0182,-0.0253,0.0052
0.0303,6.9397,0.0719,turn,0.0000,4.6800,0.0000,nan,nan
0.0333,7.0438,0.0526,straight,1.4169,4.5800,0.0280,-0.0127,0.0308
0.0279,9.1698,0.0498,combined,0.9860,4.8400,0.0239,-0.0064,0.0272
0.0144,9.6241,0.0233,lateral,0.6649,4.3000,0.0060,-0.0128,0.0065
0.0224,13.3157,0.0353,turn,0.0000,7.1800,0.0000,nan,nan
0.0711,10.5576,0.0249,turn,0.0000,5.3600,0.0000,nan,nan
0.0202,7.0289,0.0163,lateral,0.7722,4.0800,0.0202,-0.0101,0.0175
0.0655,9.2989,0.0473,lateral,0.5948,5.7400,0.0393,0.0272,0.0596
0.0057,8.1020,0.0446,combined,1.2639,6.0200,0.0007,0.0047,0.0032
0.0144,5.6362,0.0410,straight,0.5090,7.4400,0.0050,-0.0068,0.0127
0.0182,6.5374,0.0269,straight,1.7502,7.5600,0.0153,-0.0083,0.0162
0.0357,8.7674,0.0279,lateral,0.1922,6.8800,0.0188,-0.0092,0.0345
0.0486,14.8628,0.0475,straight,1.6132,5.3200,0.0326,0.0105,0.0475
0.0308,2.0155,0.0277,combined,2.0974,7.2600,0.0117,0.0296,0.0085
0.0652,1.0624,0.0367,combined,1.2526,6.5200,0.0372,0.0412,0.0506
0.0073,10.3110,0.0281,combined,2.3625,5.5000,0.0041,0.0031,0.0066
0.0522,11.3254,0.0779,combined,1.2050,6.9000,0.0510,-0.0467,0.0234
0.0168,5.4629,0.0383,lateral,0.2416,4.3400,0.0168,-0.0139,0.0094
0.0517,4.7461,0.0649,straight,0.0345,5.0000,0.0153,-0.0210,0.0473
0.0418,5.2243,0.0392,turn,0.0000,7.2800,0.0000,nan,nan
0.0873,13.1567,0.0073,straight,1.9009,7.7400,0.0584,0.0840,0.0239
0.1409,16.6195,0.0222,stand,0.0000,6.7800,0.0000,nan,nan
0.0572,7.6824,0.0263,turn,0.0000,6.4800,0.0000,nan,nan
0.0728,8.3297,0.0262,turn,0.0000,7.7800,0.0000,nan,nan
0.0303,3.6100,0.0226,lateral,0.5023,6.2000,0.0074,0.0289,0.0090
0.0439,6.1103,0.0400,lateral,0.5682,6.7800,0.0249,0.0404,0.0172
0.0080,7.8790,0.0405,turn,0.0000,6.2000,0.0000,nan,nan
0.0542,0.6409,0.0224,combined,0.7712,6.5400,0.0353,0.0500,0.0210
0.0712,2.9654,0.0446,combined,1.2579,7.1200,0.0593,-0.0710,0.0057
0.0383,1.9147,0.0392,combined,0.7487,4.5600,0.0315,-0.0086,0.0373
0.0338,5.0926,0.0830,turn,0.0000,7.4800,0.0000,nan,nan
0.0413,6.7037,0.0244,lateral,1.4140,4.0600,0.0412,-0.0388,0.0142
0.0322,7.7262,0.0371,turn,0.0000,4.1400,0.0000,nan,nan
0.0608,12.2606,0.0203,straight,0.2123,7.1600,0.0420,-0.0480,0.0373
0.0355,6.3857,0.0353,lateral,1.0314,5.2400,0.0017,0.0325,0.0144
0.0325,4.5121,0.0452,combined,0.7957,6.5800,0.0033,-0.0012,0.0325
0.0348,0.2450,0.0182,straight,0.5798,7.1000,0.0347,-0.0019,0.0347
0.0087,2.6396,0.0381,turn,0.0000,6.9400,0.0000,nan,nan
0.0420,17.0845,0.0135,lateral,0.4762,4.2800,0.0411,-0.0400,0.0128
0.0300,12.2300,0.0597,combined,0.8683,6.9400,0.0264,-0.0293,0.0062
0.0641,11.1644,0.0297,straight,0.6270,7.1400,0.0290,0.0416,0.0488
0.0269,11.1614,0.0214,turn,0.0000,4.8400,0.0000,nan,nan
0.0469,11.8132,0.0131,lateral,0.7354,6.5800,0.0459,0.0345,0.0317
0.0374,2.7210,0.0250,stand,0.0000,6.4800,0.0000,nan,nan
0.0489,4.5160,0.0356,lateral,0.8450,4.1200,0.0474,0.0256,0.0417
0.0248,0.8254,0.0257,stand,0.0000,6.9600,0.0000,nan,nan
0.0286,14.7730,0.0272,combined,1.1741,7.8600,0.0153,0.0144,0.0246
0.0715,11.2321,0.0347,combined,0.3906,7.6400,0.0253,0.0197,0.0687
0.0536,12.4428,0.0209,straight,1.8723,5.5800,0.0235,0.0243,0.0478
0.0291,4.1426,0.0283,combined,1.5264,5.6000,0.0024,0.0267,0.0117
0.0089,8.7881,0.0112,straight,1.0267,5.9800,0.0005,0.0086,0.0026
0.0595,3.7565,0.0517,lateral,0.4395,5.9400,0.0241,0.0410,0.0431
0.0495,7.9717,0.0266,lateral,1.0414,7.2600,0.0405,-0.0247,0.0429
0.0252,5.6217,0.0198,straight,0.1932,5.1200,0.0019,-0.0054,0.0246
0.0355,12.4297,0.0383,combined,0.2276,5.2200,0.0041,-0.0066,0.0349
0.0563,4.7218,0.0341,straight,1.4369,5.6000,0.0482,-0.0337,0.0451
0.0360,10.8116,0.0252,straight,1.1855,7.6600,0.0119,0.0014,0.0359
0.0602,9.7025,0.0297,straight,1.0038,7.8000,0.0578,-0.0447,0.0402
0.0206,2.9155,0.0289,stand,0.0000,5.8800,0.0000,nan,nan
0.0398,10.1618,0.0598,lateral,1.2649,5.2600,0.0398,-0.0365,0.0158
0.0877,8.8810,0.0906,turn,0.0000,5.2400,0.0000,nan,nan
0.0140,9.3180,0.0178,combined,1.5678,7.6000,0.0040,0.0137,0.0028
0.0409,3.7139,0.0099,combined,0.6769,4.9200,0.0235,0.0331,0.0241
0.0216,8.3020,0.0469,combined,0.6164,4.6400,0.0197,-0.0015,0.0216
0.0184,6.0483,0.0522,lateral,0.7544,7.9200,0.0118,0.0025,0.0182
0.0364,7.9380,0.0299,combined,1.2452,4.3000,0.0364,-0.0070,0.0357
0.0908,9.0216,0.0629,stand,0.0000,7.6600,0.0000,nan,nan
0.0544,9.8678,0.0498,turn,0.0000,4.2600,0.0000,nan,nan
0.0355,4.9140,0.0298,combined,0.5397,4.6200,0.0052,0.0350,0.0060
0.0085,1.2051,0.0154,stand,0.0000,6.4600,0.0000,nan,nan
0.0500,10.4452,0.0768,combined,1.7653,6.1000,0.0149,0.0497,0.0057
0.0582,10.5922,0.0448,combined,1.6592,7.5400,0.0399,0.0402,0.0420
0.0668,8.5077,0.0102,combined,1.8173,7.5000,0.0507,0.0393,0.0540
0.0053,0.2896,0.0073,stand,0.0000,6.8400,0.0000,nan,nan
0.0290,0.1797,0.0561,stand,0.0000,6.8800,0.0000,nan,nan
0.0207,5.0620,0.0129,lateral,0.8541,7.9000,0.0103,-0.0190,0.0081
0.0224,2.4325,0.0673,combined,1.4186,4.7400,0.0159,0.0189,0.0120
0.0402,7.1592,0.0326,turn,0.0000,4.5600,0.0000,nan,nan
0.0235,1.8641,0.0276,stand,0.0000,5.2000,0.0000,nan,nan
0.0490,5.6141,0.0285,turn,0.0000,4.0200,0.0000,nan,nan
0.0287,1.6604,0.0227,combined,0.4858,5.8400,0.0214,0.0010,0.0287
0.0260,5.0120,0.0107,lateral,1.4708,7.7200,0.0208,-0.0224,0.0132
0.0105,10.6290,0.0270,lateral,1.3726,7.7400,0.0074,0.0007,0.0105
0.0304,9.6303,0.0296,lateral,0.6917,5.2400,0.0259,0.0243,0.0181
0.0532,1.1545,0.0251,stand,0.0000,6.1200,0.0000,nan,nan
0.0252,10.4842,0.0384,combined,1.8022,7.6000,0.0179,0.0250,0.0037
0.0581,10.2577,0.0698,turn,0.0000,6.6800,0.0000,nan,nan
0.0285,6.8423,0.0051,turn,0.0000,4.2000,0.0000,nan,nan
0.0554,9.7836,0.0203,lateral,0.9373,7.2200,0.0025,0.0472,0.0291
0.0164,8.8257,0.0747,combined,1.8034,4.8200,0.0110,0.0072,0.0147
0.0517,5.8964,0.0291,combined,1.6684,7.5000,0.0026,0.0087,0.0510
0.0346,8.2568,0.0240,lateral,1.1966,7.9400,0.0317,-0.0109,0.0328
0.0546,7.5730,0.0171,lateral,1.3243,6.1000,0.0420,0.0247,0.0487
0.0481,9.3332,0.0369,lateral,0.5515,7.3000,0.0296,0.0480,0.0036
0.0938,3.0072,0.0445,turn,0.0000,5.0000,0.0000,nan,nan
0.0587,6.1312,0.0255,lateral,0.9322,4.4600,0.0295,0.0381,0.0447
0.0735,12.7021,0.0164,combined,1.8042,7.5800,0.0628,-0.0525,0.0514
0.0559,12.3099,0.0320,lateral,1.3956,4.1800,0.0557,-0.0444,0.0339
0.0613,8.1694,0.0189,turn,0.0000,5.6800,0.0000,nan,nan
0.0098,12.9572,0.0729,combined,1.5523,5.8200,0.0013,0.0084,0.0051
0.0333,5.2655,0.0066,lateral,0.7001,4.8400,0.0187,0.0122,0.0310
0.0132,12.2984,0.0387,turn,0.0000,7.2200,0.0000,nan,nan
0.0200,5.7121,0.0332,combined,1.1271,6.9200,0.0127,0.0156,0.0125
0.0247,9.7471,0.0344,turn,0.0000,6.8000,0.0000,nan,nan
0.0587,6.6827,0.0385,straight,1.3130,7.4600,0.0471,-0.0330,0.0485
0.0444,9.3776,0.0095,straight,1.3302,7.5000,0.0218,0.0382,0.0225
0.0669,8.8468,0.0344,straight,1.8006,4.2000,0.0669,-0.0221,0.0631
0.0488,10.7380,0.0588,turn,0.0000,5.6600,0.0000,nan,nan
0.0319,8.1939,0.0186,straight,1.3858,7.4200,0.0247,-0.0024,0.0318
0.0318,6.9702,0.0315,lateral,0.2133,5.2200,0.0022,0.0230,0.0220
0.0456,2.7454,0.0344,straight,1.4854,7.1000,0.0274,-0.0393,0.0231
0.0521,4.4628,0.0029,straight,1.3233,6.6000,0.0491,-0.0323,0.0409
0.0222,12.3490,0.0452,combined,1.6508,5.4400,0.0167,-0.0153,0.0162
0.0440,10.3468,0.0517,combined,0.9497,6.3600,0.0305,-0.0172,0.0405
0.0177,6.3393,0.0050,turn,0.0000,4.2400,0.0000,nan,nan
0.0379,7.9139,0.0487,combined,1.5648,4.8600,0.0082,0.0223,0.0307
0.0374,3.2222,0.0280,combined,0.8729,6.7800,0.0286,0.0228,0.0296
0.0617,5.4037,0.0166,lateral,1.4519,4.5200,0.0509,-0.0606,0.0113
0.0699,0.0095,0.0133,lateral,1.0194,5.7000,0.0606,0.0262,0.0648
