pos_err_m,heading_err_deg,final_speed_mps,category,start_dist_m,duration_s,min_dist_m,along_err_m,cross_err_m
0.4987,6.4516,0.1932,straight,1.6213,4.0000,0.4987,-0.4979,0.0284
0.0432,0.7057,0.0125,stand,0.0000,4.0000,0.0000,nan,nan
0.0479,1.0827,0.0517,lateral,0.1486,4.0200,0.0479,-0.0477,0.0032
0.7053,1.8745,0.2182,turn,0.0000,4.0400,0.0000,nan,nan
0.1093,0.1526,0.0892,lateral,0.5644,4.0600,0.1093,-0.1063,0.0252
0.0666,4.8968,0.0837,straight,0.3903,4.0600,0.0666,-0.0211,0.0631
0.4627,0.2291,0.1647,lateral,0.5120,4.0800,0.4017,-0.3554,0.2962
0.0812,1.3819,0.1198,turn,0.0000,4.1000,0.0000,nan,nan
0.1226,5.7948,0.1091,straight,0.7604,4.1200,0.0828,0.0457,0.1137
0.8629,17.2007,0.3472,combined,2.0320,4.1200,0.8629,-0.8072,0.3048
0.1533,13.2342,0.0382,stand,0.0000,4.1200,0.0000,nan,nan
0.0804,5.3516,0.0735,lateral,0.7995,4.1400,0.0804,-0.0799,0.0082
0.0725,1.9331,0.0193,stand,0.0000,4.1600,0.0000,nan,nan
0.2116,2.1945,0.2491,straight,1.0835,4.1600,0.2116,-0.1711,0.1245
0.0770,5.6762,0.1279,straight,0.2940,4.1800,0.0770,-0.0763,0.0106
0.3827,4.3845,0.0749,lateral,1.2723,4.2000,0.3815,-0.2817,0.2591
0.1866,4.5040,0.2261,combined,1.6663,4.2000,0.1866,-0.1850,0.0241
0.1196,5.7200,0.0518,stand,0.0000,4.2200,0.0000,nan,nan
0.6546,0.3730,0.0519,lateral,1.1702,4.2600,0.6515,-0.6433,0.1209
0.2076,1.6766,0.1602,turn,0.0000,4.2800,0.0000,nan,nan
0.0693,4.1721,0.1342,turn,0.0000,4.2800,0.0000,nan,nan
0.6228,0.9606,0.1048,combined,1.3294,4.3000,0.6228,-0.6204,0.0550
0.1250,3.7256,0.1036,turn,0.0000,4.3400,0.0000,nan,nan
0.1903,3.5699,0.1669,straight,0.3736,4.3400,0.0433,0.1590,0.1045
0.4521,0.0502,0.2313,combined,1.5353,4.3800,0.4521,-0.4290,0.1426
0.0713,23.7196,0.0290,stand,0.0000,4.3800,0.0000,nan,nan
0.7259,1.9737,0.1200,combined,2.3763,4.3600,0.7259,-0.7259,0.0066
0.6266,5.8615,0.2038,straight,1.8087,4.4000,0.6266,-0.6259,0.0313
0.1843,6.0830,0.0852,turn,0.0000,4.4200,0.0000,nan,nan
0.1530,3.6370,0.1269,combined,1.0583,4.4400,0.1530,-0.1497,0.0314
0.1863,3.3948,0.1751,turn,0.0000,4.4400,0.0000,nan,nan
0.2289,0.3741,0.0536,combined,1.4895,4.4600,0.2289,-0.1744,0.1482
0.4552,1.2369,0.1193,combined,1.1134,4.4600,0.4552,-0.3626,0.2751
0.1175,4.5842,0.0277,turn,0.0000,4.4800,0.0000,nan,nan
0.1519,6.6695,0.0109,combined,1.3003,4.4800,0.1519,-0.1477,0.0357
0.2340,6.6128,0.0397,combined,0.6579,4.5000,0.2340,-0.2269,0.0573
0.1793,9.6455,0.2147,lateral,1.1520,4.5200,0.1793,-0.1025,0.1471
0.1641,2.4944,0.2559,lateral,1.3195,4.5200,0.1641,-0.1638,0.0103
0.3726,4.1714,0.2219,combined,0.9433,4.5400,0.3726,-0.3700,0.0443
0.0847,9.3929,0.2235,lateral,0.0827,4.5800,0.0446,-0.0765,0.0363
0.2313,3.4694,0.1427,lateral,0.5202,4.5800,0.2307,-0.0445,0.2270
0.4997,6.6921,0.1295,straight,1.3550,4.5800,0.4997,-0.4511,0.2151
0.5691,7.2168,0.2073,straight,1.9288,4.6000,0.5691,-0.5578,0.1130
0.1253,2.4845,0.0178,lateral,0.2763,4.6200,0.1253,-0.1116,0.0570
0.1103,1.7533,0.0601,lateral,0.4627,4.6400,0.1067,-0.0444,0.1010
0.1186,4.0136,0.2849,stand,0.0000,4.6400,0.0000,nan,nan
0.6323,5.7628,0.3073,combined,2.0390,4.6600,0.6323,-0.6182,0.1330
0.2654,2.9432,0.0563,lateral,0.2251,4.6600,0.0674,0.2158,0.1546
0.1273,3.6891,0.0538,lateral,0.6565,4.6600,0.1260,-0.0849,0.0948
0.2271,5.3634,0.1069,straight,0.7295,4.6800,0.2248,-0.2162,0.0696
0.1172,7.6594,0.0735,turn,0.0000,4.7400,0.0000,nan,nan
0.3739,7.7578,0.0901,straight,1.1381,4.7400,0.3739,-0.3406,0.1542
0.5627,0.7008,0.1338,combined,1.5424,4.7400,0.5577,-0.5192,0.2171
0.1491,3.7231,0.0756,combined,1.4375,4.7600,0.1491,-0.1484,0.0147
0.4548,4.8963,0.0952,straight,1.0497,4.7800,0.4548,-0.4374,0.1244
0.1002,2.9776,0.0031,stand,0.0000,4.8000,0.0000,nan,nan
0.1842,6.2281,0.0514,straight,0.4014,4.8000,0.1681,-0.1106,0.1473
0.3006,0.8735,0.1867,combined,0.7821,4.8400,0.3006,-0.2897,0.0802
0.3807,2.6046,0.1369,straight,0.3844,4.8600,0.2605,-0.3658,0.1055
0.1698,6.7460,0.2227,lateral,1.3513,4.8600,0.1690,-0.0570,0.1600
0.5223,4.7650,0.2781,straight,1.7704,4.8600,0.5223,-0.5219,0.0218
0.1107,2.4088,0.1042,turn,0.0000,4.8800,0.0000,nan,nan
0.4299,4.7621,0.1418,lateral,1.4496,4.8800,0.4299,-0.3961,0.1672
0.3396,2.3997,0.1282,lateral,1.0024,4.9000,0.3396,-0.3385,0.0274
0.1587,2.2764,0.1627,combined,0.4523,4.9000,0.0146,0.1583,0.0106
0.0111,7.8278,0.0845,turn,0.0000,4.9400,0.0000,nan,nan
0.1184,6.2412,0.0106,stand,0.0000,4.9600,0.0000,nan,nan
0.2821,8.4709,0.1120,combined,0.5752,4.9600,0.2624,-0.2622,0.1041
0.1804,7.7436,0.1707,straight,1.5851,4.9800,0.1804,-0.1767,0.0365
0.1592,2.2859,0.1655,combined,1.9659,5.0000,0.1592,-0.1518,0.0479
0.4745,8.2622,0.1840,combined,1.1245,5.0000,0.4681,-0.4225,0.2159
0.3401,3.7293,0.1881,straight,1.5508,5.0200,0.3401,-0.3351,0.0581
0.1089,0.4551,0.1416,turn,0.0000,5.0600,0.0000,nan,nan
0.2609,5.0544,0.0645,lateral,1.1042,5.0800,0.2609,-0.2537,0.0611
0.2844,4.4222,0.0585,lateral,0.7101,5.0800,0.2799,-0.2772,0.0636
0.0479,10.3384,0.1115,combined,1.0111,5.1000,0.0060,0.0373,0.0301
0.7184,4.7614,0.0333,combined,1.8472,5.1600,0.7184,-0.7154,0.0654
0.1682,10.0188,0.1204,lateral,1.4010,5.1600,0.1403,0.0142,0.1676
0.2973,3.5171,0.0399,lateral,0.1621,5.1800,0.1046,-0.1363,0.2643
0.2980,3.4390,0.1631,straight,1.4431,5.1800,0.2980,-0.2945,0.0455
0.3164,1.0108,0.1204,turn,0.0000,5.2000,0.0000,nan,nan
0.6792,1.3598,0.1316,straight,1.9252,5.2200,0.6792,-0.6581,0.1682
0.0620,15.7395,0.0387,stand,0.0000,5.2200,0.0000,nan,nan
0.3030,4.0927,0.0375,lateral,0.7240,5.2400,0.3011,-0.2799,0.1161
0.3789,2.8437,0.1340,combined,0.8800,5.2200,0.3789,-0.3270,0.1915
0.8539,1.8867,0.0257,combined,2.0102,5.2600,0.8539,-0.8521,0.0553
0.3402,3.3601,0.1792,combined,1.4622,5.2600,0.3402,-0.3081,0.1442
0.2266,0.7495,0.1132,combined,2.1056,5.2800,0.2266,-0.2257,0.0206
0.1524,7.7710,0.1934,straight,0.9922,5.2800,0.1524,-0.0535,0.1427
0.6348,2.5150,0.1244,combined,1.0624,5.3000,0.6293,-0.6347,0.0046
0.3941,5.5882,0.0286,straight,0.7416,5.3200,0.0337,-0.3012,0.2542
0.3833,5.7232,0.0778,combined,1.2033,5.3200,0.3293,-0.3825,0.0251
0.3865,4.7314,0.1417,lateral,1.3074,5.4200,0.3783,-0.3663,0.1233
0.4410,6.7945,0.2165,straight,1.7676,5.4200,0.4410,-0.4264,0.1124
0.0229,3.4951,0.0547,turn,0.0000,5.4800,0.0000,nan,nan
0.1393,3.6082,0.1634,straight,0.6332,5.5400,0.1393,-0.0975,0.0995
0.3168,1.0039,0.0812,combined,1.5059,5.5600,0.3168,-0.3113,0.0590
0.1411,2.8619,0.0770,straight,0.3466,5.5600,0.1378,-0.1372,0.0330
0.4885,3.7378,0.0518,straight,0.9632,5.5800,0.4606,-0.3865,0.2988
0.2700,0.5461,0.1008,turn,0.0000,5.5800,0.0000,nan,nan
0.1089,1.6813,0.1214,straight,0.5245,5.6000,0.1089,-0.1022,0.0378
0.3454,0.2142,0.0909,lateral,0.9998,5.6600,0.3371,-0.2343,0.2537
0.6415,1.6754,0.1365,combined,2.0123,5.6800,0.6415,-0.6371,0.0749
0.1152,2.6059,0.1127,combined,0.9143,5.7000,0.1139,-0.0295,0.1113
0.0961,6.5850,0.0734,combined,1.7328,5.6800,0.0955,-0.0959,0.0055
0.1412,7.3970,0.0942,lateral,0.8265,5.7200,0.1284,0.0056,0.1411
0.1526,1.5313,0.0839,straight,0.2329,5.7200,0.1526,-0.1474,0.0397
0.4621,2.0604,0.1566,combined,1.2067,5.7200,0.4621,-0.4535,0.0892
0.5087,6.5828,0.1675,straight,1.0259,5.7400,0.4983,-0.5035,0.0729
0.2771,0.6891,0.1169,turn,0.0000,5.7800,0.0000,nan,nan
0.0493,4.4320,0.1331,lateral,0.5661,5.8000,0.0493,-0.0470,0.0150
0.2428,11.6286,0.1049,straight,0.0867,5.8200,0.0361,-0.1470,0.1933
0.4000,10.5497,0.1368,combined,0.5592,5.8400,0.2565,0.2292,0.3278
0.1715,3.2560,0.1078,lateral,0.8427,5.8400,0.1686,-0.1520,0.0796
0.4471,1.8127,0.0528,combined,1.7698,5.8600,0.4471,-0.4452,0.0414
0.1679,5.6535,0.0968,combined,1.4622,5.8800,0.1679,-0.1275,0.1092
0.1424,0.7412,0.0509,straight,0.0663,5.9000,0.0607,-0.0982,0.1032
0.1419,5.5557,0.0711,combined,1.4585,5.9200,0.1109,-0.1054,0.0950
0.1289,3.1350,0.1820,lateral,1.1403,5.9200,0.1289,-0.1277,0.0171
0.3410,9.7082,0.1056,straight,0.9544,5.9000,0.3410,-0.3373,0.0500
0.1351,0.6108,0.1835,turn,0.0000,5.9200,0.0000,nan,nan
0.3545,1.3548,0.0502,straight,1.4151,5.9200,0.3545,-0.3082,0.1751
0.1694,8.1252,0.2244,turn,0.0000,5.9400,0.0000,nan,nan
0.1879,1.6995,0.0829,lateral,1.1082,5.9600,0.1690,0.0278,0.1859
0.2243,5.3621,0.1411,turn,0.0000,5.9600,0.0000,nan,nan
0.5826,2.6893,0.0619,lateral,1.0306,5.9800,0.5801,-0.5305,0.2408
0.4595,6.7574,0.2425,turn,0.0000,6.0200,0.0000,nan,nan
0.1304,2.7658,0.0693,straight,0.1738,6.0200,0.1252,-0.1003,0.0833
0.3451,3.6533,0.0737,lateral,1.0605,6.0200,0.2662,-0.2572,0.2302
0.2097,0.2182,0.0323,lateral,0.8624,6.0200,0.1781,0.0523,0.2031
0.2762,2.3025,0.0396,combined,0.1634,6.0400,0.1597,-0.2760,0.0100
0.3680,5.0173,0.0969,turn,0.0000,6.0600,0.0000,nan,nan
0.5207,3.7925,0.0704,lateral,1.2391,6.1000,0.5169,-0.5173,0.0595
0.1226,5.9878,0.0457,straight,0.3250,6.1000,0.0166,0.1187,0.0308
0.4018,0.3044,0.1148,combined,1.8306,6.1000,0.4018,-0.4000,0.0382
0.3249,0.5533,0.1540,straight,1.9984,6.1000,0.3249,-0.2586,0.1967
0.1141,0.6118,0.0877,combined,0.5448,6.1000,0.1126,-0.0920,0.0674
0.2776,7.7462,0.0859,turn,0.0000,6.1200,0.0000,nan,nan
0.1707,3.6114,0.0655,turn,0.0000,6.1200,0.0000,nan,nan
0.3618,2.4802,0.0478,turn,0.0000,6.1400,0.0000,nan,nan
0.4248,5.2387,0.0701,turn,0.0000,6.1400,0.0000,nan,nan
0.1619,1.5310,0.0474,combined,2.1614,6.1600,0.1619,-0.1607,0.0196
0.0663,4.3022,0.1158,turn,0.0000,6.2200,0.0000,nan,nan
0.4008,3.4716,0.1676,combined,1.4166,6.2200,0.4008,-0.3930,0.0787
0.4079,6.0443,0.0917,lateral,0.5503,6.2600,0.3162,-0.3734,0.1642
0.2271,1.0195,0.1061,lateral,0.1730,6.3000,0.0199,0.0741,0.2146
0.2518,2.0958,0.0193,lateral,1.3728,6.3000,0.2482,-0.1917,0.1633
0.4449,0.3980,0.0568,combined,1.4206,6.3400,0.4449,-0.4067,0.1803
0.2159,2.9324,0.1473,combined,0.7385,6.3600,0.2159,-0.1218,0.1782
0.0834,3.9350,0.1381,straight,0.8642,6.3800,0.0256,0.0797,0.0245
0.0344,14.8184,0.0400,stand,0.0000,6.4000,0.0000,nan,nan
0.4570,7.9245,0.0966,straight,0.8589,6.4200,0.3306,-0.3334,0.3125
0.1824,1.0372,0.0300,lateral,0.0215,6.4200,0.0208,-0.1253,0.1326
0.0581,0.6206,0.0709,stand,0.0000,6.4400,0.0000,nan,nan
0.3016,9.1276,0.1921,combined,2.4174,6.5200,0.3016,-0.1616,0.2547
0.2332,3.8682,0.1262,turn,0.0000,6.5400,0.0000,nan,nan
0.0680,8.6022,0.1027,stand,0.0000,6.5400,0.0000,nan,nan
0.4804,0.5625,0.2330,combined,1.8695,6.5600,0.4804,-0.3799,0.2940
0.2545,2.6585,0.2086,combined,1.9744,6.5600,0.2545,-0.2481,0.0568
0.3928,10.4280,0.3522,combined,2.2227,6.5800,0.3928,-0.1694,0.3544
0.0832,4.8869,0.1671,lateral,0.6951,6.6000,0.0100,0.0747,0.0365
0.4418,5.5643,0.1576,combined,1.3435,6.6000,0.4418,-0.2867,0.3362
0.1774,1.8164,0.1274,combined,1.1616,6.6000,0.1022,0.0678,0.1639
0.1492,2.5575,0.0348,straight,0.6590,6.6200,0.0494,0.1074,0.1035
0.4262,2.7694,0.1312,combined,1.4740,6.6400,0.3983,-0.2395,0.3525
0.0365,3.5696,0.0282,lateral,0.0159,6.6600,0.0003,-0.0158,0.0329
0.2185,8.9120,0.3222,straight,0.3055,6.6800,0.0391,0.1701,0.1371
0.2149,3.5787,0.1308,combined,1.5381,6.7000,0.1779,0.1260,0.1741
0.2244,1.7214,0.2623,lateral,1.3688,6.7400,0.2244,-0.1916,0.1168
0.1703,1.4038,0.0449,lateral,0.8684,6.7400,0.1463,0.0421,0.1650
0.1721,0.0825,0.1075,turn,0.0000,6.7400,0.0000,nan,nan
0.3635,2.2566,0.0319,lateral,0.2424,6.7400,0.2281,-0.1002,0.3495
0.4784,0.7801,0.1889,combined,0.7989,6.7600,0.4780,-0.4252,0.2192
0.0695,0.5871,0.0874,turn,0.0000,6.7800,0.0000,nan,nan
0.4588,1.1788,0.1333,lateral,1.1270,6.8000,0.4538,-0.4110,0.2039
0.0954,9.2351,0.0522,stand,0.0000,6.8000,0.0000,nan,nan
0.3138,2.6271,0.0956,lateral,1.4576,6.8200,0.1585,0.1901,0.2497
0.1520,2.5749,0.1359,straight,0.3782,6.8200,0.0586,0.1177,0.0962
0.4169,6.1477,0.0753,straight,1.4414,6.8600,0.3832,-0.2591,0.3266
0.0426,5.6253,0.1952,stand,0.0000,6.8600,0.0000,nan,nan
0.0763,0.0816,0.0101,straight,0.3712,6.8600,0.0636,-0.0007,0.0763
0.0279,0.4624,0.0573,turn,0.0000,6.9000,0.0000,nan,nan
0.0433,2.2959,0.0720,turn,0.0000,6.9000,0.0000,nan,nan
0.1358,8.5913,0.0158,stand,0.0000,6.9000,0.0000,nan,nan
0.1930,3.3315,0.1112,straight,1.0249,6.9400,0.1687,-0.1270,0.1454
0.4547,2.8448,0.0767,turn,0.0000,6.9600,0.0000,nan,nan
0.0925,0.0259,0.1013,straight,1.8244,6.9800,0.0907,-0.0037,0.0925
0.0848,4.1655,0.0647,straight,0.3896,6.9800,0.0848,-0.0779,0.0336
0.0950,11.1262,0.0190,stand,0.0000,6.9800,0.0000,nan,nan
0.2335,0.5462,0.0769,turn,0.0000,7.0200,0.0000,nan,nan
0.6045,5.6203,0.1687,combined,0.5910,7.0200,0.1550,-0.1088,0.5946
0.2960,5.5006,0.0308,turn,0.0000,7.0400,0.0000,nan,nan
0.4120,1.3553,0.1288,straight,1.8259,7.0400,0.4120,-0.4119,0.0091
0.0893,2.6373,0.0601,straight,0.4493,7.0600,0.0892,0.0437,0.0779
0.1998,7.8658,0.1267,combined,1.1181,7.0600,0.1987,-0.1865,0.0719
0.4318,2.7612,0.0998,combined,1.1445,7.1000,0.4139,-0.3970,0.1699
0.4633,3.6382,0.0860,straight,1.4458,7.1000,0.4633,-0.2993,0.3537
0.2997,1.4437,0.1720,straight,1.6518,7.1200,0.2639,-0.0262,0.2986
0.4045,2.0205,0.1142,turn,0.0000,7.1200,0.0000,nan,nan
0.0837,0.8609,0.1149,combined,0.4771,7.1200,0.0817,-0.0743,0.0384
0.0572,6.5748,0.0582,stand,0.0000,7.1600,0.0000,nan,nan
0.1749,2.0393,0.1322,turn,0.0000,7.1600,0.0000,nan,nan
0.3607,1.6269,0.0720,combined,0.2478,7.1600,0.0511,-0.0434,0.3581
0.4008,0.4762,0.1831,combined,2.3946,7.1800,0.4008,-0.3877,0.1013
0.4404,0.3060,0.0665,combined,1.5748,7.2000,0.4404,-0.4383,0.0430
0.3098,3.9541,0.1402,combined,0.6406,7.2200,0.3098,-0.2904,0.1077
0.8748,8.1001,0.3278,combined,1.9684,7.2200,0.8748,-0.8037,0.3454
0.1735,0.8937,0.1001,straight,1.4075,7.2400,0.1668,-0.0286,0.1712
0.4072,7.4005,0.1225,turn,0.0000,7.2400,0.0000,nan,nan
0.2502,1.9785,0.1501,combined,1.3707,7.2400,0.2502,-0.1802,0.1736
0.3134,3.6854,0.1190,combined,1.7547,7.2600,0.3134,-0.3060,0.0676
0.1489,3.0027,0.1768,lateral,0.8396,7.3200,0.1306,-0.0685,0.1322
0.1736,0.2703,0.0946,straight,1.3331,7.3400,0.1593,-0.0013,0.1736
0.0729,0.5191,0.1114,turn,0.0000,7.3600,0.0000,nan,nan
0.4048,3.5669,0.1888,combined,2.2542,7.3800,0.4048,-0.3740,0.1548
0.2466,0.3749,0.2384,combined,2.3916,7.4000,0.2466,-0.2080,0.1326
0.0757,14.0738,0.0124,stand,0.0000,7.4200,0.0000,nan,nan
0.1942,1.4313,0.2110,stand,0.0000,7.4200,0.0000,nan,nan
0.2695,3.7583,0.2906,combined,1.9067,7.4200,0.2658,-0.2580,0.0779
0.2410,9.6618,0.0827,combined,1.6835,7.4400,0.1676,0.1018,0.2185
0.3030,1.1251,0.1241,turn,0.0000,7.4400,0.0000,nan,nan
0.2363,2.2595,0.1350,combined,0.5045,7.4400,0.2359,-0.2233,0.0773
0.3487,1.6144,0.0357,turn,0.0000,7.4400,0.0000,nan,nan
0.3563,3.9856,0.1426,straight,1.4742,7.4600,0.3563,-0.3447,0.0900
0.2470,2.8766,0.0896,straight,0.1789,7.4600,0.1451,-0.2302,0.0897
0.1385,11.0341,0.0978,combined,1.7037,7.4600,0.1117,0.0946,0.1011
0.4997,4.3874,0.1555,turn,0.0000,7.4600,0.0000,nan,nan
0.1872,2.9102,0.0866,combined,0.4917,7.4800,0.0679,0.1152,0.1475
0.2164,9.9108,0.0942,turn,0.0000,7.5400,0.0000,nan,nan
0.1058,0.7541,0.0758,turn,0.0000,7.5400,0.0000,nan,nan
0.0140,3.7146,0.0843,stand,0.0000,7.5600,0.0000,nan,nan
0.3943,2.9851,0.1884,turn,0.0000,7.5600,0.0000,nan,nan
0.0692,4.5455,0.1565,straight,1.8612,7.5800,0.0515,0.0307,0.0620
0.2862,1.0271,0.2501,straight,1.5194,7.6000,0.2862,-0.2861,0.0100
0.0877,13.1911,0.0521,stand,0.0000,7.6400,0.0000,nan,nan
0.4352,7.9194,0.1098,combined,1.8066,7.6400,0.3880,0.1877,0.3927
0.1098,3.4891,0.0751,straight,1.0003,7.6600,0.1082,-0.0872,0.0667
0.2569,2.6357,0.1234,straight,1.8310,7.7400,0.2569,-0.2498,0.0599
0.1335,12.2086,0.0440,stand,0.0000,7.7400,0.0000,nan,nan
0.1411,0.3231,0.1594,lateral,1.4896,7.7400,0.1334,0.0326,0.1373
0.0276,2.9291,0.0506,stand,0.0000,7.7800,0.0000,nan,nan
0.4521,28.4022,0.2472,lateral,0.7466,7.8200,0.1992,0.3908,0.2274
0.3487,6.7421,0.0719,lateral,0.3270,7.8200,0.0095,0.2566,0.2361
0.4399,3.1750,0.1199,combined,1.3797,7.8400,0.4399,-0.4341,0.0708
0.4419,10.0383,0.0954,straight,1.1149,7.8800,0.4347,-0.3499,0.2700
0.3640,4.2024,0.1055,turn,0.0000,7.9000,0.0000,nan,nan
0.3761,7.3743,0.0457,turn,0.0000,7.9400,0.0000,nan,nan
0.2109,4.3904,0.1552,combined,1.1866,7.9600,0.2022,-0.1300,0.1661
0.3539,1.8672,0.1475,lateral,0.1765,7.9600,0.0549,0.0365,0.3520
0.1042,3.5343,0.1056,straight,0.0252,7.9600,0.0111,0.0957,0.0413
0.1588,2.8804,0.0429,combined,1.7762,7.9600,0.1588,-0.0115,0.1584
0.1087,0.8402,0.2088,lateral,0.4218,7.9800,0.0409,0.0974,0.0482
0.1791,5.5938,0.1984,lateral,0.1486,4.1200,0.1486,-0.1669,0.0650
0.3210,0.6751,0.1082,straight,0.8803,4.0800,0.3210,-0.3105,0.0813
0.1363,0.2032,0.0739,turn,0.0000,6.6600,0.0000,nan,nan
0.5203,5.1227,0.1407,lateral,0.9308,7.6800,0.5154,-0.4382,0.2805
0.4195,3.5064,0.0694,straight,0.8429,4.1800,0.4195,-0.3767,0.1845
0.0803,7.4479,0.0163,stand,0.0000,7.9600,0.0000,nan,nan
0.5157,3.2407,0.1657,combined,1.7046,4.9000,0.5157,-0.5069,0.0948
0.3004,3.6033,0.0243,turn,0.0000,4.1400,0.0000,nan,nan
0.3156,1.6035,0.3191,combined,1.3924,4.3000,0.3156,-0.2985,0.1025
0.1742,6.4087,0.1144,lateral,0.4608,4.1000,0.1727,-0.1209,0.1254
0.2466,0.5162,0.0425,combined,0.7627,4.6200,0.2330,-0.1548,0.1920
0.2105,12.4020,0.1998,straight,0.4153,4.5600,0.0286,0.1421,0.1553
0.3162,1.6390,0.1396,combined,1.9055,6.6600,0.3162,-0.0237,0.3153
0.2796,0.4893,0.1591,combined,1.0347,4.6600,0.2796,-0.2726,0.0622
0.5025,3.3730,0.2012,lateral,1.1589,4.5800,0.5025,-0.4994,0.0561
0.1660,7.7877,0.1703,combined,1.5873,4.9400,0.1660,-0.0978,0.1341
0.2823,1.2939,0.1716,straight,1.0920,4.0400,0.2823,-0.2755,0.0617
0.2711,11.3181,0.2840,lateral,1.2961,4.0600,0.2711,-0.1563,0.2215
0.3467,3.5641,0.1594,combined,2.3801,5.1600,0.3467,-0.3389,0.0731
0.3950,4.0165,0.2267,combined,1.4640,4.6600,0.3950,-0.3864,0.0816
0.2969,8.5391,0.0754,straight,0.3600,4.2400,0.2875,-0.2164,0.2034
0.1916,3.0212,0.0158,lateral,0.6535,5.1200,0.1044,0.1441,0.1263
0.0479,3.5648,0.1550,stand,0.0000,5.2200,0.0000,nan,nan
0.1365,0.1613,0.0639,turn,0.0000,4.9600,0.0000,nan,nan
0.0643,2.6312,0.0570,stand,0.0000,4.8400,0.0000,nan,nan
0.0681,4.3053,0.0552,stand,0.0000,4.7000,0.0000,nan,nan
0.0546,2.6892,0.0821,turn,0.0000,4.2000,0.0000,nan,nan
0.2951,2.3948,0.1136,lateral,0.6553,5.4200,0.2559,0.0710,0.2864
0.0071,2.1387,0.0581,stand,0.0000,5.1400,0.0000,nan,nan
0.1930,1.1432,0.0935,lateral,0.9163,5.5200,0.1833,-0.1596,0.1085
0.0655,0.8269,0.1220,lateral,0.1067,4.7800,0.0085,-0.0612,0.0233
0.2438,6.2203,0.1197,combined,1.0661,5.5000,0.2438,-0.2438,0.0015
0.2457,1.5342,0.1026,straight,0.6510,6.0200,0.1589,0.1589,0.1874
0.4032,3.3291,0.1093,straight,0.8496,5.6600,0.3873,-0.3125,0.2548
0.1686,3.4474,0.1054,turn,0.0000,4.2400,0.0000,nan,nan
0.3069,3.0852,0.1186,combined,0.5191,6.0800,0.2678,-0.3064,0.0175
0.1794,3.3587,0.0529,turn,0.0000,6.0000,0.0000,nan,nan
0.5275,0.0441,0.1627,lateral,1.2657,4.3400,0.5254,-0.4338,0.3000
0.2090,4.0781,0.1179,lateral,0.6027,4.4800,0.1375,0.0841,0.1913
0.1992,6.5497,0.0845,combined,0.7369,5.3800,0.1992,-0.1964,0.0333
0.2602,9.6682,0.2143,straight,1.4277,4.4400,0.2602,-0.2548,0.0528
0.2015,8.6974,0.0693,combined,1.3881,5.4400,0.1987,-0.1975,0.0402
0.0565,4.7065,0.0405,stand,0.0000,4.0400,0.0000,nan,nan
0.3349,3.3361,0.0734,straight,0.4284,5.6000,0.3349,-0.3341,0.0228
0.5088,4.5853,0.1845,combined,1.4301,4.4400,0.5088,-0.4583,0.2209
0.6611,13.5336,0.1080,straight,1.6943,4.2800,0.6611,-0.5605,0.3507
0.2537,8.9910,0.0371,turn,0.0000,6.3000,0.0000,nan,nan
0.3449,2.8808,0.0717,lateral,1.2719,4.3200,0.3449,-0.3282,0.1060
0.2391,2.1853,0.0312,lateral,0.6794,5.5400,0.1759,0.1032,0.2157
0.1252,7.3660,0.0401,stand,0.0000,5.8800,0.0000,nan,nan
0.1442,5.7212,0.0497,combined,0.8359,5.2200,0.1350,-0.1352,0.0502
0.2821,2.2801,0.1366,straight,1.9109,5.8800,0.2821,-0.2346,0.1566
0.4162,0.4333,0.0813,combined,1.0907,4.9400,0.4162,-0.3645,0.2010
0.1324,4.2967,0.2197,combined,0.4413,4.3800,0.1324,-0.1108,0.0725
0.1168,1.6299,0.1645,combined,0.9445,5.0000,0.1168,-0.1051,0.0509
0.1203,0.7882,0.0878,turn,0.0000,5.6600,0.0000,nan,nan
0.3722,12.1882,0.3177,combined,1.7408,4.5000,0.3722,-0.2974,0.2239
0.2168,0.4815,0.0237,straight,0.4509,5.8000,0.2142,-0.1977,0.0891
0.3831,2.7682,0.1871,combined,0.5608,5.9800,0.3620,-0.2879,0.2528
0.0667,1.6008,0.0245,stand,0.0000,4.1200,0.0000,nan,nan
0.0922,0.0244,0.1169,combined,1.3940,5.9400,0.0922,-0.0863,0.0324
0.2145,3.4457,0.1859,combined,1.3470,6.3000,0.2145,-0.1915,0.0967
0.1052,0.9716,0.1031,lateral,0.9529,6.0400,0.0769,0.0653,0.0824
0.4084,0.4937,0.0330,combined,1.9379,6.4600,0.4061,-0.2732,0.3036
0.2520,1.2989,0.1372,straight,0.5498,6.2200,0.2302,-0.0390,0.2490
0.1179,1.0084,0.0287,combined,1.1351,5.6600,0.1173,-0.0853,0.0813
0.1366,0.3316,0.0289,turn,0.0000,4.9800,0.0000,nan,nan
0.2636,6.9042,0.1570,combined,1.9336,6.3200,0.2588,-0.2606,0.0394
0.2274,7.5918,0.1018,turn,0.0000,5.1600,0.0000,nan,nan
0.1209,3.3562,0.2514,lateral,0.5350,5.8800,0.1184,-0.0461,0.1117
0.0190,6.3525,0.1548,turn,0.0000,6.4400,0.0000,nan,nan
0.0239,2.5632,0.0471,stand,0.0000,4.5600,0.0000,nan,nan
0.3831,5.9534,0.0389,turn,0.0000,5.6800,0.0000,nan,nan
0.0055,0.2572,0.0143,stand,0.0000,6.8400,0.0000,nan,nan
0.1731,0.7723,0.1427,lateral,0.0817,5.1400,0.0752,-0.0058,0.1730
0.5327,0.8686,0.1879,straight,0.7307,5.8600,0.5247,-0.5146,0.1379
0.0590,4.5657,0.1818,straight,1.0247,5.8000,0.0590,-0.0538,0.0243
0.4105,8.2811,0.0311,combined,1.5888,5.9400,0.4047,-0.0997,0.3982
0.5198,5.1220,0.0723,combined,1.0623,5.2600,0.5176,-0.4726,0.2165
0.5730,0.1839,0.1205,straight,1.0987,5.6800,0.5730,-0.4978,0.2836
0.0437,2.2432,0.0828,straight,0.3232,6.4200,0.0421,-0.0423,0.0107
0.0555,0.9426,0.0995,stand,0.0000,4.2400,0.0000,nan,nan
0.0747,1.5387,0.0249,stand,0.0000,5.9600,0.0000,nan,nan
0.3016,4.1147,0.1534,combined,1.5595,4.5600,0.3016,-0.2148,0.2117
0.6603,9.4577,0.2153,combined,1.1525,4.1400,0.6232,-0.4465,0.4864
0.0626,0.1497,0.0613,stand,0.0000,5.9000,0.0000,nan,nan
0.0526,11.5304,0.1913,combined,1.4398,6.1800,0.0526,-0.0525,0.0027
0.3315,1.2404,0.0888,turn,0.0000,5.5200,0.0000,nan,nan
0.0115,1.1697,0.0231,stand,0.0000,6.7400,0.0000,nan,nan
0.2647,3.4386,0.0424,lateral,0.9971,7.0600,0.2462,-0.0955,0.2469
0.0796,1.0987,0.1016,lateral,0.8793,7.1600,0.0751,-0.0165,0.0778
0.3318,4.1235,0.1810,combined,1.4743,6.5200,0.2728,0.0205,0.3311
0.0326,3.6676,0.1053,turn,0.0000,4.4200,0.0000,nan,nan
0.2454,3.8242,0.1255,straight,1.1919,4.9800,0.2454,-0.2198,0.1092
0.3824,3.2281,0.0373,combined,1.4286,7.0200,0.3824,-0.3238,0.2034
0.7698,8.3330,0.1205,lateral,0.9654,6.2000,0.7647,-0.6082,0.4720
0.2311,0.0282,0.2041,lateral,0.8590,4.6400,0.2311,-0.2141,0.0871
0.3582,3.0082,0.1070,straight,1.5863,5.0200,0.3582,-0.3581,0.0075
0.4080,3.4090,0.1617,combined,1.1587,6.4800,0.4080,-0.3095,0.2659
0.4704,5.4795,0.0180,combined,1.8489,7.3000,0.4704,-0.4525,0.1285
0.1328,0.6529,0.0241,lateral,1.0081,6.2800,0.1328,-0.0813,0.1050
0.2655,5.5665,0.0753,combined,0.9659,4.8800,0.2655,-0.2644,0.0240
0.0551,4.6649,0.0455,stand,0.0000,4.8200,0.0000,nan,nan
0.0154,0.1143,0.0805,stand,0.0000,4.2000,0.0000,nan,nan
0.1194,0.2094,0.1099,turn,0.0000,5.9200,0.0000,nan,nan
0.0641,0.8836,0.0264,stand,0.0000,7.5200,0.0000,nan,nan
0.4540,7.2241,0.0890,lateral,0.8015,6.8800,0.4226,-0.1927,0.4110
0.5442,2.0693,0.1910,combined,1.8488,4.3800,0.5442,-0.5377,0.0838
0.0497,3.7458,0.0254,stand,0.0000,5.5400,0.0000,nan,nan
0.7598,2.3342,0.1408,straight,0.6811,7.6200,0.6174,-0.4889,0.5816
0.2177,1.2768,0.0344,combined,2.4173,7.1800,0.2177,-0.1811,0.1209
0.1113,1.8074,0.1183,turn,0.0000,4.2200,0.0000,nan,nan
0.0585,2.0818,0.1585,straight,0.8195,4.7000,0.0403,0.0291,0.0508
0.2433,7.0103,0.1449,turn,0.0000,4.4600,0.0000,nan,nan
0.2217,5.4376,0.0789,straight,0.7371,6.6200,0.2134,-0.0474,0.2165
0.1650,0.1692,0.1249,straight,0.2119,4.7600,0.0749,0.0960,0.1343
0.3355,2.5729,0.1643,lateral,0.9038,4.1600,0.3283,-0.2061,0.2647
0.3600,3.6956,0.3777,combined,1.6187,4.8600,0.3600,-0.3595,0.0183
0.1735,1.7123,0.0565,combined,1.6035,7.5600,0.0422,0.1712,0.0281
0.3626,7.2784,0.0740,straight,0.6714,5.5600,0.3621,-0.2978,0.2069
0.1147,0.9259,0.1541,straight,1.4566,6.0400,0.0602,0.0667,0.0933
0.0058,0.8168,0.0310,stand,0.0000,7.6000,0.0000,nan,nan
0.0629,3.9286,0.1987,straight,0.9767,4.3800,0.0301,0.0513,0.0364
0.2816,6.2313,0.1284,combined,1.0951,4.7400,0.2621,-0.1105,0.2590
0.2415,1.0348,0.0607,lateral,0.7159,5.7200,0.2409,-0.2311,0.0701
0.0790,0.0017,0.0448,turn,0.0000,7.1400,0.0000,nan,nan
0.4217,7.7965,0.1114,combined,1.5467,5.4600,0.4206,-0.2978,0.2986
0.0522,7.4828,0.1832,turn,0.0000,6.0000,0.0000,nan,nan
0.2786,1.1548,0.0622,lateral,0.4911,6.0200,0.2103,0.0821,0.2662
0.2991,4.8402,0.0780,straight,0.7697,6.6400,0.1690,0.1367,0.2660
0.1219,7.4631,0.1348,combined,1.8461,6.1600,0.0601,0.1144,0.0419
0.0327,2.4510,0.2307,straight,1.3513,5.2200,0.0061,0.0324,0.0039
0.1188,0.0150,0.0802,turn,0.0000,4.8000,0.0000,nan,nan
0.0437,0.7824,0.0676,stand,0.0000,4.4400,0.0000,nan,nan
0.1907,0.0726,0.0778,lateral,0.5860,4.3800,0.1906,-0.1906,0.0033
0.4187,13.7789,0.1170,straight,0.2874,7.9800,0.1091,0.2238,0.3538
0.1532,9.1951,0.2566,combined,1.8829,5.1600,0.1532,-0.1525,0.0148
0.2081,2.3648,0.0181,combined,1.9657,7.1400,0.2081,-0.1882,0.0888
0.0857,1.5211,0.1221,turn,0.0000,5.1600,0.0000,nan,nan
0.3534,5.0415,0.0789,turn,0.0000,6.0000,0.0000,nan,nan
0.4033,12.8598,0.1611,combined,1.3079,7.9200,0.1092,0.3165,0.2499
0.1385,1.9679,0.0888,lateral,0.5562,5.0600,0.1363,-0.1366,0.0227
0.3900,10.7486,0.2164,lateral,1.4126,5.2400,0.3900,-0.2617,0.2892
0.2365,3.6928,0.0929,turn,0.0000,5.7600,0.0000,nan,nan
0.0560,1.5813,0.0198,stand,0.0000,4.9800,0.0000,nan,nan
0.6397,1.3894,0.1476,straight,1.3637,6.5800,0.6397,-0.4597,0.4449
0.0268,1.9439,0.0385,stand,0.0000,6.2200,0.0000,nan,nan
0.3215,7.6553,0.2360,lateral,1.0515,5.9200,0.1894,0.1971,0.2540
0.5663,3.7439,0.1111,combined,1.4999,6.4600,0.5607,-0.4922,0.2800
0.6092,5.7391,0.2105,combined,2.0666,4.4800,0.6092,-0.5779,0.1929
0.2935,0.6555,0.1193,straight,0.6362,5.1400,0.2885,-0.2841,0.0736
0.0663,0.5276,0.0112,stand,0.0000,7.8400,0.0000,nan,nan
0.1906,1.9490,0.0891,combined,1.0217,6.3600,0.1906,-0.0441,0.1854
0.5220,3.6611,0.0296,lateral,0.5245,7.6600,0.3274,-0.4093,0.3240
0.1650,2.9856,0.0712,combined,0.6369,7.5000,0.1381,-0.0078,0.1648
0.3541,8.9768,0.2260,lateral,1.3444,5.6000,0.2144,0.2293,0.2698
0.2257,4.6426,0.0608,turn,0.0000,5.7800,0.0000,nan,nan
0.3571,0.4972,0.0405,combined,1.3637,5.3400,0.3561,-0.2164,0.2841
0.0610,0.8887,0.0662,stand,0.0000,7.7600,0.0000,nan,nan
0.5339,0.1999,0.1070,combined,1.8755,4.9400,0.5339,-0.5214,0.1147
0.4626,4.5998,0.0549,straight,0.5738,7.0800,0.1438,0.3367,0.3172
0.0863,1.9590,0.1030,lateral,0.6739,5.4000,0.0777,-0.0201,0.0839
0.0715,3.0016,0.0278,stand,0.0000,5.3600,0.0000,nan,nan
0.3816,2.6409,0.1467,combined,1.5367,4.5000,0.3816,-0.3806,0.0274
0.0529,7.0970,0.1832,turn,0.0000,6.6400,0.0000,nan,nan
0.4461,7.1768,0.1933,turn,0.0000,6.3800,0.0000,nan,nan
0.0436,0.0500,0.0329,turn,0.0000,6.3200,0.0000,nan,nan
0.2313,4.7315,0.1169,lateral,0.2284,5.4000,0.1295,0.0544,0.2248
0.3400,0.6109,0.0662,straight,0.1720,7.3200,0.1707,-0.3385,0.0320
0.4573,7.5320,0.0611,combined,1.6862,7.7600,0.4396,-0.1449,0.4337
0.1187,0.1172,0.2429,lateral,0.7314,6.5400,0.1187,-0.0211,0.1168
0.2895,3.3635,0.1104,combined,1.9629,7.2200,0.2895,-0.2892,0.0123
0.4357,2.2175,0.1603,combined,1.2862,7.4800,0.4357,-0.2162,0.3783
0.5742,5.9182,0.1282,straight,0.9811,4.7800,0.5721,-0.5369,0.2037
0.2287,2.6242,0.1059,turn,0.0000,7.8600,0.0000,nan,nan
0.2669,4.3764,0.0982,lateral,1.1028,7.0600,0.2524,-0.2640,0.0392
0.5069,3.8185,0.1371,lateral,0.8330,5.3200,0.4924,-0.4380,0.2552
0.4404,3.1782,0.1445,turn,0.0000,5.8400,0.0000,nan,nan
0.2215,1.4434,0.1667,turn,0.0000,5.3200,0.0000,nan,nan
0.2316,4.5551,0.0950,straight,0.4055,5.5800,0.0287,0.2299,0.0283
0.1494,3.8814,0.1309,combined,0.2813,6.2600,0.1124,-0.0435,0.1429
0.1405,6.4274,0.2263,lateral,1.2556,5.1800,0.1405,-0.1000,0.0986
0.2272,1.6067,0.0156,combined,1.6776,6.7400,0.2272,-0.2064,0.0951
0.2087,7.7613,0.1939,straight,1.9292,6.4200,0.2018,-0.0085,0.2085
0.3675,9.8849,0.1431,combined,0.9812,5.4000,0.3665,-0.2944,0.2200
0.2097,5.4159,0.1490,combined,1.4093,7.7000,0.2083,-0.2079,0.0279
0.3027,2.0558,0.0562,combined,1.1283,6.1000,0.3011,-0.3026,0.0072
0.0656,2.4232,0.0607,turn,0.0000,5.5400,0.0000,nan,nan
0.3021,15.5185,0.2473,straight,0.4564,5.1400,0.1243,0.1703,0.2496
0.1856,9.7949,0.2169,lateral,1.4585,5.0200,0.1699,0.0659,0.1735
0.4490,1.1867,0.1790,combined,1.7387,7.4200,0.4490,-0.3020,0.3323
0.3073,7.4664,0.1607,straight,0.5056,7.6800,0.0384,0.2841,0.1172
0.1075,6.2127,0.0849,turn,0.0000,7.5400,0.0000,nan,nan
0.1618,1.0173,0.2769,combined,1.4356,5.4800,0.1576,-0.0907,0.1340
0.3992,1.3180,0.0907,straight,0.3121,5.2000,0.3100,-0.3904,0.0835
0.2270,0.9084,0.1344,lateral,1.2343,6.3600,0.2270,-0.1133,0.1967
0.3606,8.6108,0.2120,combined,1.7500,7.1400,0.1055,0.3264,0.1533
0.2696,2.2426,0.0782,lateral,0.2470,4.0800,0.2228,-0.2618,0.0647
0.0961,7.2848,0.2009,lateral,0.8887,7.2200,0.0883,0.0116,0.0954
0.1012,8.0693,0.1225,straight,0.3662,5.7200,0.0693,0.0122,0.1004
0.5245,0.2364,0.1939,lateral,1.0553,5.3400,0.5237,-0.4607,0.2506
0.1758,0.9340,0.1282,straight,0.8398,7.5600,0.1728,-0.1442,0.1007
0.4705,1.7470,0.0251,combined,1.3219,7.1200,0.4705,-0.4682,0.0464
0.5070,4.4949,0.0550,combined,1.3648,6.0800,0.5014,-0.2996,0.4090
0.2958,0.4032,0.0979,combined,0.7674,6.2000,0.2958,-0.2847,0.0803
0.5978,1.7736,0.1146,combined,1.3369,4.1600,0.5978,-0.5974,0.0237
0.0872,2.1548,0.0312,lateral,1.0277,6.0200,0.0867,-0.0871,0.0050
0.2993,0.9533,0.0130,lateral,1.3571,6.4600,0.2993,-0.2993,0.0008
0.5695,3.0589,0.0574,combined,1.2357,6.5000,0.5647,-0.4660,0.3273
0.2691,4.7938,0.0785,combined,1.4736,7.2000,0.2618,-0.2281,0.1427
0.2301,6.1602,0.0634,stand,0.0000,6.7600,0.0000,nan,nan
0.2202,1.3440,0.0219,combined,0.6688,6.5800,0.2119,-0.0557,0.2130
0.2084,1.3766,0.0934,turn,0.0000,5.5400,0.0000,nan,nan
0.0653,1.8603,0.0368,stand,0.0000,6.8200,0.0000,nan,nan
0.0274,1.8327,0.1049,stand,0.0000,5.2600,0.0000,nan,nan
0.0454,4.2032,0.0771,lateral,0.2416,4.4400,0.0370,-0.0395,0.0222
0.2926,6.1821,0.0485,straight,0.7410,6.7800,0.0090,0.2395,0.1680
0.1103,5.7568,0.0197,combined,2.0048,6.4800,0.1103,-0.1094,0.0140
0.2802,1.1980,0.1672,combined,0.9275,6.1200,0.2802,-0.2134,0.1816
0.1659,2.0253,0.2027,straight,0.2652,5.5400,0.1520,-0.1239,0.1103
0.2634,3.7181,0.1024,straight,1.4610,7.5000,0.1693,0.1032,0.2423
0.2485,0.8699,0.0567,combined,0.4414,6.9200,0.0388,0.2483,0.0103
0.1663,3.1596,0.1154,straight,1.1719,5.6000,0.1480,0.1256,0.1090
0.0080,1.5202,0.0266,stand,0.0000,5.8200,0.0000,nan,nan
0.3067,0.4997,0.1564,combined,2.0206,6.9600,0.2868,-0.1126,0.2853
0.6433,1.3270,0.0717,combined,1.9473,6.8200,0.6387,-0.4518,0.4579
0.0506,1.0451,0.0058,stand,0.0000,6.5200,0.0000,nan,nan
0.2719,2.2821,0.0679,turn,0.0000,7.9800,0.0000,nan,nan
0.1340,3.1958,0.0688,combined,0.7255,7.9200,0.1340,-0.0762,0.1102
0.1427,1.3942,0.1385,combined,0.5837,6.8000,0.1427,-0.0168,0.1417
0.1666,8.2966,0.1885,turn,0.0000,7.7800,0.0000,nan,nan
0.3533,9.2299,0.2439,combined,1.7714,7.1800,0.3420,-0.1527,0.3186
0.1009,0.7315,0.1269,turn,0.0000,7.7400,0.0000,nan,nan
0.4216,1.4117,0.0976,straight,1.5567,7.7200,0.4197,-0.3880,0.1648
0.0403,2.5732,0.0523,stand,0.0000,7.2600,0.0000,nan,nan
0.1809,5.1161,0.1394,straight,1.2344,7.8800,0.1656,-0.1273,0.1285
0.1689,0.5955,0.1002,lateral,0.3983,6.5200,0.1204,0.0124,0.1685
0.1968,2.5102,0.1938,combined,1.3987,7.5200,0.1233,0.0944,0.1727
0.1902,2.3654,0.1417,turn,0.0000,7.5800,0.0000,nan,nan
0.1382,3.5429,0.2076,turn,0.0000,4.8000,0.0000,nan,nan
0.5023,6.8778,0.1581,lateral,0.4035,6.7800,0.1093,0.3849,0.3227
0.2750,2.6797,0.0496,lateral,1.1410,6.8200,0.2084,0.0849,0.2615
0.2566,1.5266,0.0311,turn,0.0000,7.6400,0.0000,nan,nan
0.0732,1.0439,0.0739,stand,0.0000,6.8200,0.0000,nan,nan
0.1759,3.7945,0.1284,combined,0.8954,6.8400,0.1759,-0.1754,0.0142
0.0154,1.2867,0.0447,stand,0.0000,6.7800,0.0000,nan,nan
0.4057,1.7118,0.0746,straight,1.4393,6.1000,0.4057,-0.3826,0.1347
0.2403,2.0089,0.0052,straight,0.6760,5.3600,0.2403,-0.2192,0.0985
0.2932,3.9423,0.1454,turn,0.0000,4.6800,0.0000,nan,nan
0.0345,0.4188,0.0180,stand,0.0000,5.6200,0.0000,nan,nan
0.2383,3.3502,0.1262,combined,1.3059,4.1200,0.2383,-0.2369,0.0252
0.3607,4.3157,0.0818,straight,1.2438,7.4800,0.3607,-0.2408,0.2686
0.3971,12.8044,0.1757,combined,0.3784,4.2000,0.3276,-0.2128,0.3352
0.1726,4.3912,0.0424,lateral,0.0590,4.2000,0.0590,-0.0511,0.1648
0.1707,1.6973,0.0659,turn,0.0000,7.0200,0.0000,nan,nan
0.4578,2.3600,0.2048,combined,2.0180,4.4000,0.4578,-0.4317,0.1524
0.4528,5.1028,0.0979,combined,1.7799,7.0800,0.4061,-0.1132,0.4384
0.2750,2.4563,0.1248,combined,0.5892,7.3000,0.1140,0.1187,0.2481
0.3586,0.2442,0.1128,turn,0.0000,7.3400,0.0000,nan,nan
0.5764,0.8486,0.0425,combined,1.7630,4.4800,0.5764,-0.5076,0.2730
0.3062,4.7207,0.0968,turn,0.0000,7.2400,0.0000,nan,nan
0.5313,3.2832,0.2075,combined,1.3894,4.0000,0.5313,-0.5228,0.0949
0.0745,0.2616,0.0229,stand,0.0000,6.9600,0.0000,nan,nan
0.3526,4.6281,0.0771,turn,0.0000,7.8200,0.0000,nan,nan
0.2444,3.0616,0.2066,combined,1.7748,7.6600,0.1623,0.0981,0.2239
0.2085,1.7642,0.1639,straight,0.8619,7.8000,0.2043,-0.1830,0.0999
0.1333,0.7310,0.0997,turn,0.0000,4.2400,0.0000,nan,nan
0.1693,3.2584,0.0918,combined,0.9377,6.7400,0.1693,-0.1583,0.0601
0.2688,0.5765,0.0762,combined,1.3489,7.2000,0.2687,-0.1332,0.2335
0.3842,2.1619,0.0559,combined,1.3127,5.2000,0.3842,-0.3778,0.0696
0.0953,5.9299,0.0765,lateral,0.1193,4.6600,0.0526,-0.0396,0.0866
0.1188,0.6575,0.0116,lateral,1.1719,5.9800,0.1106,-0.1080,0.0496
0.3802,8.1582,0.1721,turn,0.0000,4.0400,0.0000,nan,nan
0.5548,1.9634,0.1588,straight,0.7747,6.6400,0.5484,-0.3986,0.3859
0.0210,1.4656,0.0225,stand,0.0000,5.5600,0.0000,nan,nan
0.2015,1.2921,0.0972,straight,0.8237,6.0600,0.1907,-0.1078,0.1702
0.1027,3.7419,0.0978,straight,0.6715,4.7400,0.0267,0.0917,0.0462
0.4053,1.5424,0.0698,lateral,1.1252,7.9400,0.3958,-0.3201,0.2485
0.3231,0.7802,0.2003,turn,0.0000,5.0200,0.0000,nan,nan
0.2308,5.4608,0.0656,combined,0.8740,4.8800,0.2308,-0.2290,0.0293
0.0252,1.4881,0.1860,straight,0.4338,4.2000,0.0249,-0.0080,0.0239
0.0157,1.7017,0.0893,lateral,0.7025,4.8400,0.0157,-0.0145,0.0061
0.1608,7.8488,0.0915,lateral,1.2007,4.0000,0.1608,-0.0773,0.1410
0.0819,7.7162,0.1508,combined,1.2039,4.8000,0.0819,-0.0774,0.0269
0.2513,1.4330,0.1374,turn,0.0000,6.0200,0.0000,nan,nan
0.2768,0.4271,0.0717,lateral,0.5799,6.9800,0.2759,-0.2022,0.1890
0.3506,1.2020,0.1912,straight,1.5262,5.1200,0.3506,-0.3389,0.0897
0.2315,10.8134,0.0980,turn,0.0000,4.7600,0.0000,nan,nan
0.1348,0.4542,0.1258,combined,1.3528,7.9200,0.1348,-0.1331,0.0210
0.0521,0.4675,0.0077,stand,0.0000,5.4000,0.0000,nan,nan
0.3817,0.8685,0.0195,lateral,0.9292,6.8200,0.3806,-0.2311,0.3038
0.3327,1.8235,0.2210,lateral,1.2156,4.3000,0.3327,-0.3274,0.0590
0.3991,4.2461,0.1336,lateral,0.4027,6.6000,0.3602,-0.2614,0.3015
0.0371,3.6926,0.0841,turn,0.0000,7.8200,0.0000,nan,nan
0.4036,1.8872,0.0811,straight,0.4696,5.0600,0.4015,-0.3960,0.0781
0.2332,8.8667,0.1409,turn,0.0000,5.6600,0.0000,nan,nan
0.3267,6.3846,0.1282,straight,1.6411,4.7800,0.3267,-0.3082,0.1083
0.1563,0.6888,0.1520,turn,0.0000,4.7000,0.0000,nan,nan
0.1818,10.2211,0.1955,straight,0.1518,6.1200,0.0927,-0.1316,0.1254
0.2430,2.7372,0.1446,turn,0.0000,4.8200,0.0000,nan,nan
0.1897,3.3643,0.1250,turn,0.0000,5.5000,0.0000,nan,nan
0.1909,4.9363,0.1957,combined,1.3863,6.8400,0.1904,-0.1035,0.1603
0.2347,0.9345,0.2841,combined,0.5059,4.4600,0.2347,-0.1614,0.1704
0.0991,0.2527,0.1274,turn,0.0000,4.0400,0.0000,nan,nan
0.1740,8.3839,0.0311,lateral,0.9872,4.1600,0.1451,0.1036,0.1398
0.2225,0.4909,0.1707,straight,0.6877,6.1000,0.2185,-0.1918,0.1127
0.3255,5.6210,0.0634,turn,0.0000,5.0600,0.0000,nan,nan
0.5986,2.4541,0.0514,straight,0.2386,4.5600,0.2386,-0.3691,0.4712
0.2282,2.4221,0.0233,lateral,0.1984,5.2800,0.0409,0.0516,0.2223
0.1572,4.8897,0.1327,straight,0.9425,6.5400,0.0289,0.1566,0.0133
0.3319,1.0247,0.2639,lateral,1.1602,4.6000,0.3319,-0.3259,0.0629
0.3717,1.7974,0.1051,lateral,0.4208,4.6200,0.3270,-0.3666,0.0614
0.2646,1.0852,0.1147,turn,0.0000,4.9400,0.0000,nan,nan
0.0787,1.8413,0.0461,stand,0.0000,4.9400,0.0000,nan,nan
0.6295,4.4764,0.2014,combined,2.3654,5.8200,0.6295,-0.6258,0.0674
0.1218,5.8408,0.1499,combined,1.5291,7.4200,0.1218,-0.1210,0.0140
0.1754,5.1122,0.1923,turn,0.0000,4.8600,0.0000,nan,nan
0.0451,0.0765,0.0663,turn,0.0000,6.1400,0.0000,nan,nan
0.4526,3.3867,0.0334,combined,1.7480,5.1400,0.4526,-0.3961,0.2188
0.1702,1.4116,0.0448,turn,0.0000,4.9000,0.0000,nan,nan
0.3393,7.5809,0.1141,straight,1.0344,4.0400,0.3393,-0.3325,0.0675
0.0068,0.9213,0.0411,stand,0.0000,7.8200,0.0000,nan,nan
0.3403,6.0440,0.2406,lateral,1.1884,4.8600,0.3403,-0.3403,0.0022
0.4299,1.6804,0.1049,lateral,0.1615,6.8800,0.1610,-0.1430,0.4054
0.5738,8.3158,0.1965,combined,1.4803,4.1800,0.5738,-0.5686,0.0771
0.5699,0.8028,0.1226,turn,0.0000,5.4400,0.0000,nan,nan
0.2201,0.0756,0.1490,straight,0.1773,6.3000,0.0113,0.2199,0.0108
0.2998,10.3469,0.1892,straight,1.0131,7.6800,0.1177,0.1727,0.2451
0.6281,6.7891,0.1849,combined,1.3129,5.6200,0.6220,-0.6141,0.1320
0.1172,7.1465,0.0498,straight,0.0027,5.8200,0.0027,-0.1125,0.0331
0.3468,8.0216,0.1218,turn,0.0000,4.7600,0.0000,nan,nan
0.2192,11.0732,0.1840,straight,1.3324,7.5400,0.2140,-0.0400,0.2155
0.2421,2.1100,0.2094,lateral,1.0839,5.1200,0.2421,-0.1083,0.2165
0.4863,5.7104,0.1401,straight,1.2509,4.0600,0.4863,-0.4791,0.0832
0.1494,0.2264,0.1105,lateral,0.6312,4.3800,0.1475,-0.1407,0.0502
0.6251,1.4909,0.1598,combined,1.3570,5.0200,0.6251,-0.4676,0.4148
0.3086,4.7967,0.1187,combined,1.5563,4.1200,0.3086,-0.2614,0.1640
0.0257,2.5097,0.0119,stand,0.0000,7.9800,0.0000,nan,nan
0.4149,0.3981,0.1637,lateral,1.3830,4.9600,0.4113,-0.3980,0.1174
0.6815,10.4852,0.0368,combined,1.5776,4.1600,0.6811,-0.6519,0.1988
0.1593,0.3447,0.1411,lateral,0.3220,4.7600,0.0322,0.1552,0.0361
0.1435,8.2756,0.1019,lateral,0.7124,5.2600,0.0745,0.0875,0.1138
0.2806,2.9781,0.2028,combined,1.0247,4.2000,0.2806,-0.1492,0.2376
0.0469,2.3304,0.0569,stand,0.0000,4.2800,0.0000,nan,nan
0.1504,1.7750,0.1547,turn,0.0000,5.9200,0.0000,nan,nan
0.2198,2.9135,0.1197,lateral,0.7989,5.6000,0.2157,-0.1706,0.1386
0.5834,3.4007,0.1132,lateral,1.0194,4.9200,0.5734,-0.5059,0.2904
0.2609,12.3097,0.1876,straight,1.0946,4.2000,0.2609,-0.2558,0.0516
0.4279,7.1475,0.0696,combined,1.0497,5.1800,0.4279,-0.3334,0.2682
0.3807,1.3362,0.1285,straight,1.5540,6.5200,0.3807,-0.3612,0.1203
0.1171,3.9439,0.1085,combined,0.5642,7.1000,0.0294,0.0800,0.0855
0.3546,4.9921,0.2177,straight,0.4437,4.9400,0.1946,0.1362,0.3274
0.2659,2.9339,0.0659,lateral,1.2471,7.8600,0.1419,0.2222,0.1462
0.5119,2.5810,0.2123,combined,1.0815,4.2000,0.5113,-0.5044,0.0873
0.1863,0.2131,0.0309,combined,2.3967,7.3600,0.1863,-0.1653,0.0860
0.3435,2.4000,0.0111,turn,0.0000,6.9600,0.0000,nan,nan
0.1355,10.3592,0.1538,straight,0.9834,4.8200,0.1305,-0.0748,0.1130
0.3973,3.0910,0.0586,lateral,1.3295,5.0400,0.3973,-0.3928,0.0596
0.2356,9.6634,0.0351,combined,1.6201,5.4600,0.2355,-0.2164,0.0930
0.2531,3.6545,0.1072,lateral,0.8966,5.5800,0.2531,-0.1270,0.2189
0.1372,1.4173,0.1479,turn,0.0000,5.3400,0.0000,nan,nan
0.0593,5.3213,0.1723,lateral,1.3112,6.9000,0.0340,0.0255,0.0535
0.3373,3.0704,0.0735,combined,0.7996,5.8800,0.3373,-0.1978,0.2732
0.0486,1.6999,0.0865,lateral,1.3065,5.2400,0.0486,-0.0419,0.0247
0.3625,2.1701,0.0808,combined,1.2633,6.7800,0.3619,-0.2490,0.2635
0.0516,2.5352,0.0676,lateral,1.1483,5.8400,0.0383,0.0506,0.0103
0.4404,9.7153,0.2335,combined,1.9855,7.2600,0.4404,-0.3784,0.2255
0.1273,0.0684,0.0582,turn,0.0000,6.9000,0.0000,nan,nan
0.5175,0.1836,0.3086,combined,1.9355,5.6800,0.5175,-0.5092,0.0924
0.3447,4.2232,0.1165,combined,1.3134,7.0200,0.3370,-0.2199,0.2655
0.3097,1.4692,0.0676,combined,1.7690,6.0800,0.2894,-0.3093,0.0146
0.3960,3.9989,0.1723,straight,1.8734,5.8200,0.3960,-0.3953,0.0234
0.3139,4.7761,0.1303,turn,0.0000,6.1800,0.0000,nan,nan
0.2019,1.9840,0.2128,straight,0.9029,6.1600,0.2019,-0.1557,0.1286
0.4920,13.4738,0.1246,turn,0.0000,5.7400,0.0000,nan,nan
0.1572,1.3682,0.0696,straight,1.6443,6.7000,0.1572,-0.1501,0.0466
0.1072,0.6852,0.1355,turn,0.0000,5.4200,0.0000,nan,nan
0.4038,0.9713,0.1144,lateral,0.3236,6.7200,0.2999,-0.3299,0.2328
0.0948,1.0636,0.1530,straight,0.0133,5.2000,0.0047,-0.0914,0.0254
0.0269,2.1425,0.0269,stand,0.0000,6.4800,0.0000,nan,nan
0.3279,7.3869,0.0927,combined,1.1635,5.6000,0.2981,-0.3212,0.0662
0.4625,1.9442,0.0743,turn,0.0000,7.7800,0.0000,nan,nan
0.5266,1.1873,0.1022,lateral,0.6002,5.7200,0.5010,-0.4517,0.2707
0.4171,4.9075,0.2053,straight,0.6014,7.5600,0.3960,-0.4095,0.0794
0.2246,3.4136,0.1675,straight,0.2972,4.7200,0.0515,0.1754,0.1402
0.4513,0.4820,0.1529,combined,1.7752,4.4200,0.4513,-0.4480,0.0548
0.4287,6.5604,0.2167,combined,1.4438,5.3600,0.4287,-0.3147,0.2910
0.0206,2.3703,0.0158,stand,0.0000,4.0800,0.0000,nan,nan
0.0411,0.1436,0.0242,stand,0.0000,4.8600,0.0000,nan,nan
0.2643,5.5051,0.1424,turn,0.0000,4.3000,0.0000,nan,nan
0.1888,5.9749,0.1067,lateral,0.0255,5.8400,0.0175,-0.1071,0.1555
0.1576,3.8546,0.1039,turn,0.0000,4.9400,0.0000,nan,nan
0.3770,6.8447,0.2010,turn,0.0000,5.4200,0.0000,nan,nan
0.3699,5.4012,0.1025,turn,0.0000,4.7400,0.0000,nan,nan
0.1194,1.9341,0.0779,turn,0.0000,7.6000,0.0000,nan,nan
0.4293,12.7331,0.2980,combined,0.7887,5.9400,0.4293,-0.3749,0.2091
0.2980,0.2644,0.1234,straight,1.9805,6.8600,0.2980,-0.2680,0.1303
0.3188,0.4471,0.1331,combined,0.9413,7.8000,0.3126,-0.2634,0.1795
0.1576,4.8461,0.1401,lateral,1.2862,6.5800,0.1576,-0.1574,0.0072
0.0539,3.4127,0.0915,turn,0.0000,5.2200,0.0000,nan,nan
0.1063,1.0538,0.1383,straight,0.8805,4.6000,0.1063,-0.0415,0.0979
0.0526,0.8643,0.0220,stand,0.0000,7.5400,0.0000,nan,nan
0.0333,2.0806,0.1976,straight,0.7242,7.1800,0.0333,0.0071,0.0326
0.5345,1.3849,0.0358,straight,1.8940,7.1600,0.5334,-0.5324,0.0475
0.3762,2.3700,0.1653,combined,0.3894,7.4800,0.3498,-0.3735,0.0451
0.1039,0.3204,0.1046,combined,0.7791,4.6800,0.0676,0.0680,0.0786
0.1396,0.7395,0.1115,combined,0.8629,7.5000,0.1360,-0.1182,0.0744
0.4922,6.0765,0.0317,combined,1.4248,7.3200,0.4577,-0.4155,0.2638
0.4039,1.3972,0.0497,combined,1.4928,7.1000,0.3983,-0.1734,0.3648
0.3244,4.9414,0.1201,combined,0.4337,6.3000,0.0665,0.2958,0.1331
0.0426,4.2902,0.1464,combined,1.0092,6.4600,0.0426,-0.0313,0.0289
0.0865,0.4880,0.1272,combined,1.4213,7.6400,0.0853,-0.0842,0.0201
0.1576,2.2038,0.1783,straight,0.2623,5.9000,0.1576,-0.1367,0.0783
0.3442,1.9348,0.0912,combined,1.2984,6.6400,0.3361,-0.0746,0.3360
0.1534,0.0959,0.1275,combined,0.7084,5.1600,0.1534,-0.1028,0.1138
0.4647,9.1093,0.2314,combined,1.4687,6.5400,0.4484,-0.0806,0.4576
0.3734,5.0110,0.0684,straight,1.1336,6.2800,0.3734,-0.3555,0.1142
0.1952,0.1096,0.1777,straight,1.6848,6.9800,0.1952,-0.1891,0.0487
0.3602,2.8536,0.1181,straight,1.0895,4.2000,0.3602,-0.3600,0.0132
0.1354,1.2549,0.1173,straight,1.2129,6.1800,0.0179,0.1333,0.0242
0.5635,2.9063,0.0910,turn,0.0000,6.2400,0.0000,nan,nan
0.1648,2.5845,0.0754,straight,1.3761,7.3200,0.1589,0.0755,0.1464
0.0292,3.8945,0.1460,combined,1.5529,5.8400,0.0282,-0.0210,0.0202
0.2166,0.6264,0.1138,straight,0.4883,7.7200,0.2130,-0.2158,0.0188
0.3500,4.4051,0.0291,combined,1.7884,6.8000,0.3489,-0.3204,0.1408
0.1592,0.3350,0.1269,turn,0.0000,6.9600,0.0000,nan,nan
0.0671,0.8512,0.0586,stand,0.0000,5.8800,0.0000,nan,nan
0.0670,0.5073,0.0311,stand,0.0000,5.1600,0.0000,nan,nan
0.1939,0.2045,0.0452,combined,1.3270,7.4800,0.1485,0.0346,0.1908
0.1220,6.8865,0.1496,lateral,0.4366,6.3800,0.0483,0.1055,0.0614
0.1013,4.5128,0.1102,combined,0.4123,5.2200,0.1013,-0.0749,0.0682
0.1696,2.9643,0.0410,straight,0.9354,7.3800,0.1688,-0.1650,0.0393
0.4551,2.2626,0.1792,straight,0.2314,4.7000,0.1295,0.2539,0.3777
0.0033,0.4366,0.0526,stand,0.0000,5.0800,0.0000,nan,nan
0.5668,5.6345,0.1850,combined,0.9395,7.4200,0.5572,-0.5627,0.0677
0.0200,5.0599,0.0479,combined,0.4505,5.5800,0.0135,-0.0033,0.0198
0.4359,5.0417,0.0499,combined,0.7164,7.7200,0.4359,-0.3070,0.3095
0.4294,7.1466,0.0740,straight,1.7353,5.0400,0.4294,-0.4246,0.0642
0.2225,3.8758,0.1192,combined,1.6268,5.8000,0.2225,-0.2220,0.0137
0.6443,2.3540,0.1000,straight,1.4697,4.4000,0.6443,-0.6389,0.0838
0.2572,5.6885,0.0610,straight,0.9745,5.9600,0.2572,-0.2383,0.0968
0.1510,5.6946,0.0707,lateral,0.9574,4.1400,0.1484,-0.0716,0.1329
0.0480,0.9012,0.1463,stand,0.0000,6.8200,0.0000,nan,nan
0.1632,1.7409,0.0689,turn,0.0000,4.3600,0.0000,nan,nan
0.4583,1.1044,0.1393,lateral,0.0278,5.4000,0.0278,-0.3422,0.3048
0.0912,3.4552,0.1707,turn,0.0000,5.3600,0.0000,nan,nan
0.1427,0.2425,0.1356,combined,1.4776,7.3600,0.1427,0.0049,0.1426
0.3700,8.2012,0.3130,lateral,1.4924,4.3200,0.3700,-0.2883,0.2319
0.0542,0.6067,0.0180,stand,0.0000,5.9000,0.0000,nan,nan
0.2839,1.3560,0.1166,turn,0.0000,5.1800,0.0000,nan,nan
0.4322,1.6825,0.0884,combined,1.3289,7.2800,0.4221,-0.4279,0.0611
0.2373,3.1855,0.1010,turn,0.0000,7.4000,0.0000,nan,nan
0.0186,1.3751,0.0359,stand,0.0000,5.8000,0.0000,nan,nan
0.0271,0.1666,0.0121,stand,0.0000,4.4000,0.0000,nan,nan
0.4639,1.7463,0.0055,turn,0.0000,5.9000,0.0000,nan,nan
0.3624,0.9263,0.1364,combined,1.6441,7.4400,0.3278,0.0701,0.3556
0.0345,1.0751,0.0365,stand,0.0000,4.5600,0.0000,nan,nan
0.4669,6.0062,0.1388,combined,1.9479,6.2600,0.4644,-0.2515,0.3934
0.0598,5.2055,0.0237,stand,0.0000,5.3200,0.0000,nan,nan
0.1484,3.4797,0.1111,lateral,1.4466,6.6800,0.1369,-0.1023,0.1074
0.3069,4.3636,0.0909,combined,1.0260,7.6000,0.0717,0.2265,0.2071
0.3532,0.5956,0.0111,combined,1.2256,4.6200,0.3532,-0.3525,0.0226
0.0229,2.0997,0.1075,combined,1.4875,7.8800,0.0176,-0.0043,0.0225
0.2906,3.0751,0.0695,combined,0.8571,7.6600,0.2705,-0.0104,0.2904
0.3556,3.7312,0.0897,straight,1.0883,7.2800,0.3548,-0.3443,0.0888
0.2559,0.4309,0.0421,lateral,0.4556,5.2600,0.2386,-0.2409,0.0861
0.0288,0.4784,0.1146,turn,0.0000,6.7800,0.0000,nan,nan
0.0600,0.7860,0.1249,turn,0.0000,6.0800,0.0000,nan,nan
0.3691,8.6106,0.1581,turn,0.0000,6.7600,0.0000,nan,nan
0.2400,6.7579,0.1236,turn,0.0000,4.2800,0.0000,nan,nan
0.3259,4.1351,0.1250,combined,1.3947,6.9600,0.3087,0.0273,0.3247
0.4024,2.2662,0.0818,lateral,0.7120,7.9800,0.2862,0.0381,0.4006
0.2683,2.0868,0.0880,lateral,0.0089,6.9600,0.0060,0.0074,0.2682
0.4554,0.0681,0.0908,combined,1.7341,5.4600,0.4554,-0.4457,0.0936
0.1485,5.6369,0.1273,turn,0.0000,6.9600,0.0000,nan,nan
0.3292,0.8190,0.0623,combined,1.4252,6.5400,0.3292,-0.2971,0.1419
0.4819,1.2634,0.1360,straight,1.3172,5.3000,0.4819,-0.4809,0.0320
0.2742,4.8554,0.1675,combined,0.8759,7.3200,0.0959,0.2604,0.0859
0.4343,1.9788,0.2329,lateral,1.4918,4.8400,0.4343,-0.4297,0.0628
0.2172,0.6711,0.0815,lateral,0.2162,7.2200,0.1757,-0.1852,0.1136
0.3618,2.8458,0.0299,lateral,0.6709,6.7800,0.3371,-0.1730,0.3178
0.5517,0.2820,0.1271,lateral,0.0626,6.7600,0.0521,0.3980,0.3821
0.2675,3.7375,0.0809,combined,2.0320,6.7400,0.2675,-0.2601,0.0625
0.5419,4.3637,0.0755,straight,0.2610,7.5000,0.0458,0.4229,0.3388
0.3334,2.4498,0.0710,combined,1.5113,7.9400,0.3229,-0.3301,0.0471
0.2550,4.8871,0.0908,combined,1.2451,7.7800,0.0717,0.2506,0.0476
0.2016,2.4177,0.1164,combined,0.8256,6.7600,0.2016,-0.1377,0.1473
0.5152,5.6083,0.2236,straight,1.4997,7.2600,0.5144,-0.5068,0.0922
0.0198,0.1237,0.0410,stand,0.0000,4.5000,0.0000,nan,nan
0.4851,0.5548,0.1611,straight,1.4812,7.1800,0.4792,-0.4500,0.1813
0.3154,2.2551,0.1350,straight,0.4469,5.6000,0.2944,-0.1628,0.2701
0.1378,0.8499,0.1036,combined,0.7679,7.3200,0.1378,-0.1051,0.0891
0.1440,2.2294,0.1356,turn,0.0000,6.6000,0.0000,nan,nan
0.4454,5.5746,0.0923,turn,0.0000,5.5600,0.0000,nan,nan
0.3884,2.9385,0.1242,straight,1.3990,7.7200,0.3807,-0.3884,0.0037
0.4350,4.3219,0.0804,lateral,1.0474,4.2600,0.4350,-0.4346,0.0171
0.1064,3.2323,0.0909,lateral,0.3558,7.5000,0.0691,0.0399,0.0986
0.0619,3.1542,0.0409,stand,0.0000,6.6000,0.0000,nan,nan
0.4940,3.1816,0.0910,turn,0.0000,6.9000,0.0000,nan,nan
0.0533,0.0246,0.0314,stand,0.0000,4.7000,0.0000,nan,nan
0.3459,3.3980,0.0910,combined,0.8250,5.7600,0.3424,-0.2327,0.2559
0.3479,0.2495,0.0577,turn,0.0000,6.0200,0.0000,nan,nan
0.0254,2.6940,0.0497,stand,0.0000,7.0800,0.0000,nan,nan
0.0936,3.7008,0.0887,lateral,0.1760,6.1600,0.0788,-0.0736,0.0579
0.0108,3.9276,0.0937,turn,0.0000,7.9800,0.0000,nan,nan
0.1757,0.8154,0.1227,lateral,0.9509,7.3000,0.1727,-0.1675,0.0532
0.1640,2.4483,0.1714,combined,2.2737,7.3000,0.1640,-0.1320,0.0974
0.3924,3.8693,0.1741,straight,1.7977,6.6000,0.3924,-0.3779,0.1057
0.3027,1.0744,0.0849,lateral,1.2212,6.7600,0.2840,-0.0573,0.2973
0.6178,8.8941,0.2240,combined,1.9035,4.5600,0.6178,-0.3870,0.4816
0.3287,6.6358,0.0254,lateral,1.4701,7.5200,0.1891,0.1977,0.2626
0.1361,1.4764,0.1754,lateral,0.1798,6.9400,0.0567,0.0518,0.1259
0.5619,5.3548,0.0187,straight,1.1824,4.2400,0.5611,-0.5588,0.0594
0.2421,10.7265,0.2593,straight,1.1254,4.0200,0.2421,-0.1883,0.1522
0.0376,0.3725,0.1392,stand,0.0000,5.0000,0.0000,nan,nan
0.5625,4.9538,0.0573,straight,1.6780,6.2000,0.5625,-0.5516,0.1102
0.2645,1.7673,0.2314,straight,1.9911,7.5200,0.2645,-0.2216,0.1443
0.1630,1.2240,0.1561,straight,0.9505,6.1200,0.0774,0.1437,0.0770
0.0099,1.6272,0.0166,stand,0.0000,6.9800,0.0000,nan,nan
0.1791,5.5535,0.0288,lateral,0.9592,5.9000,0.1791,-0.1643,0.0714
0.3648,5.3821,0.1380,turn,0.0000,4.1800,0.0000,nan,nan
0.3691,2.5903,0.1854,combined,1.6613,7.2600,0.3691,-0.2493,0.2723
0.4259,2.8573,0.1247,straight,0.7578,7.9200,0.3939,-0.4171,0.0862
0.6667,5.1472,0.0935,straight,0.7274,4.3600,0.6248,-0.4847,0.4579
0.3198,0.9259,0.2608,combined,1.8391,4.3600,0.3198,-0.2250,0.2273
0.0366,0.6265,0.0192,stand,0.0000,5.5400,0.0000,nan,nan
0.3879,5.2212,0.1587,straight,0.1542,7.6200,0.1440,-0.3776,0.0890
0.3362,0.2890,0.1259,turn,0.0000,7.5000,0.0000,nan,nan
0.1840,5.6036,0.0807,combined,0.6299,5.1000,0.0927,0.0729,0.1689
0.5232,6.2305,0.1077,combined,2.3635,5.0600,0.5232,-0.5010,0.1509
0.1774,9.2705,0.0827,straight,1.0703,6.3000,0.1660,0.0263,0.1754
0.3312,0.2913,0.1269,lateral,1.0451,7.4000,0.3259,-0.0790,0.3216
0.1404,7.4203,0.1952,lateral,1.3134,7.7600,0.1019,0.0538,0.1296
0.1565,8.4766,0.1181,combined,0.9709,4.6600,0.1565,-0.0770,0.1362
0.0052,0.0369,0.0258,stand,0.0000,7.6800,0.0000,nan,nan
0.3208,6.1279,0.1012,lateral,1.1634,5.6200,0.3208,-0.3011,0.1108
0.1296,0.1272,0.1067,lateral,0.8279,5.0000,0.1061,0.0494,0.1198
0.2434,0.3598,0.1180,lateral,1.1178,5.9800,0.2212,0.0412,0.2399
0.4784,5.5417,0.1948,straight,0.2627,6.3600,0.2627,-0.3535,0.3223
0.4432,14.2112,0.3432,combined,1.9087,4.5000,0.4432,-0.3910,0.2086
0.5999,6.5961,0.0877,lateral,0.0070,5.1400,0.0066,-0.4598,0.3853
0.0477,1.9259,0.0262,stand,0.0000,5.7000,0.0000,nan,nan
0.2832,2.8291,0.1819,turn,0.0000,4.3800,0.0000,nan,nan
0.2608,4.4888,0.1131,turn,0.0000,4.3200,0.0000,nan,nan
0.0301,1.4804,0.0138,stand,0.0000,5.5200,0.0000,nan,nan
0.2831,10.7682,0.1933,combined,1.0583,6.5800,0.1733,0.0466,0.2792
0.3751,6.6174,0.0877,combined,0.5742,5.5400,0.2825,-0.1089,0.3589
0.0698,0.5807,0.1165,turn,0.0000,6.7600,0.0000,nan,nan
0.2924,4.7304,0.2005,turn,0.0000,6.9200,0.0000,nan,nan
0.3976,1.2566,0.0740,lateral,0.0023,7.0200,0.0012,0.1226,0.3782
0.1020,0.9017,0.1359,turn,0.0000,4.9600,0.0000,nan,nan
0.1701,0.0538,0.0529,turn,0.0000,6.6800,0.0000,nan,nan
0.1234,2.5821,0.0693,turn,0.0000,6.2200,0.0000,nan,nan
0.4934,0.6894,0.0948,straight,0.2592,4.0800,0.2592,-0.4206,0.2580
0.1102,3.3489,0.1413,turn,0.0000,5.9600,0.0000,nan,nan
0.0910,1.2508,0.0162,stand,0.0000,7.2600,0.0000,nan,nan
0.1645,1.6204,0.0886,combined,0.6764,4.1200,0.1645,-0.1522,0.0624
0.3538,7.3884,0.1769,straight,0.6756,6.0000,0.3490,-0.3460,0.0736
0.3510,8.4464,0.0470,lateral,0.8685,7.6800,0.1450,0.2485,0.2479
0.1902,8.8989,0.0589,combined,1.5413,4.9200,0.1902,-0.1901,0.0056
0.2409,3.1427,0.2642,combined,1.0226,4.2400,0.2409,-0.2389,0.0306
0.1224,3.4924,0.0272,combined,0.7693,7.1600,0.1172,-0.1094,0.0549
0.3305,3.0238,0.0921,combined,0.9774,4.7000,0.3305,-0.3209,0.0794
0.1714,6.7069,0.1374,combined,1.8255,6.2400,0.1704,-0.0377,0.1672
0.0951,4.0026,0.1204,turn,0.0000,4.2200,0.0000,nan,nan
0.2075,1.5883,0.1536,lateral,1.0832,4.2400,0.1919,-0.0222,0.2063
0.4376,0.4785,0.1345,combined,1.5183,4.2400,0.4376,-0.4356,0.0427
0.1837,5.3010,0.2758,straight,0.1875,4.0600,0.0985,0.0663,0.1713
0.2030,4.8589,0.1488,lateral,0.1299,5.6600,0.1299,-0.0730,0.1894
0.1445,2.9605,0.0440,combined,1.5886,5.1200,0.1445,-0.1021,0.1023
0.3057,7.9247,0.0800,turn,0.0000,4.1200,0.0000,nan,nan
0.2800,0.1637,0.0520,combined,0.8994,7.3800,0.2511,-0.2800,0.0032
0.2200,1.2313,0.0875,combined,1.0686,5.0800,0.2190,-0.1936,0.1043
0.1621,4.1212,0.0902,turn,0.0000,4.6200,0.0000,nan,nan
0.0253,0.5857,0.0046,stand,0.0000,4.8400,0.0000,nan,nan
0.1086,2.0366,0.0910,stand,0.0000,6.7600,0.0000,nan,nan
0.5654,3.4829,0.0459,combined,1.3517,4.2400,0.5654,-0.5237,0.2131
0.2397,4.7710,0.1939,turn,0.0000,4.2000,0.0000,nan,nan
0.1954,0.3316,0.1448,turn,0.0000,7.3400,0.0000,nan,nan
0.2962,3.6672,0.1107,lateral,0.5763,6.5200,0.2797,-0.2527,0.1546
0.2278,1.9672,0.0861,lateral,1.0230,6.1200,0.2215,-0.2227,0.0479
0.1299,5.2885,0.2110,combined,1.8718,6.1800,0.1299,-0.1298,0.0048
0.1105,0.0984,0.2470,stand,0.0000,5.9400,0.0000,nan,nan
0.0746,3.9674,0.0226,lateral,0.5465,7.1000,0.0746,-0.0556,0.0496
0.0862,1.8764,0.0166,stand,0.0000,6.6200,0.0000,nan,nan
0.2176,0.5676,0.0276,combined,1.1143,5.3600,0.2174,-0.2099,0.0571
0.0441,0.4341,0.0863,stand,0.0000,7.2800,0.0000,nan,nan
0.0453,2.4570,0.0921,combined,1.2724,6.2800,0.0453,-0.0159,0.0424
0.1985,0.1732,0.0687,lateral,0.1593,4.7000,0.1446,-0.1836,0.0755
0.5265,4.5621,0.1876,combined,1.8208,5.5000,0.5227,-0.2992,0.4333
0.0477,0.6966,0.0209,stand,0.0000,4.4600,0.0000,nan,nan
0.3586,4.1080,0.1243,lateral,1.2298,4.0000,0.3586,-0.3582,0.0168
0.1289,0.7449,0.0837,turn,0.0000,4.0800,0.0000,nan,nan
0.6246,0.5906,0.1283,turn,0.0000,6.5800,0.0000,nan,nan
0.1454,5.0912,0.0970,turn,0.0000,7.4200,0.0000,nan,nan
0.2138,6.3545,0.1229,lateral,0.7697,4.9400,0.1310,0.1184,0.1779
0.1749,7.7063,0.0971,turn,0.0000,7.6800,0.0000,nan,nan
0.0410,0.3293,0.0491,stand,0.0000,6.5800,0.0000,nan,nan
0.2253,7.2064,0.0299,combined,0.2916,5.8200,0.2235,-0.0526,0.2191
0.4145,2.0872,0.0576,lateral,0.1212,5.7600,0.0741,0.2975,0.2887
0.2416,1.0582,0.1453,combined,0.1997,4.7400,0.0808,-0.1044,0.2179
0.1883,2.6487,0.1333,lateral,1.0019,6.9200,0.1870,-0.1725,0.0755
0.0848,4.3547,0.1226,lateral,0.2144,7.8400,0.0783,-0.0610,0.0590
0.1509,2.8626,0.0131,combined,0.8717,5.7200,0.1404,-0.1401,0.0559
0.3958,10.2732,0.1669,combined,1.5562,4.1600,0.3958,-0.3762,0.1230
0.2155,1.3255,0.1677,turn,0.0000,4.4000,0.0000,nan,nan
0.0182,1.5135,0.0250,stand,0.0000,5.6000,0.0000,nan,nan
0.2895,10.9098,0.0461,turn,0.0000,6.3200,0.0000,nan,nan
0.5096,1.0420,0.0146,straight,0.3489,6.1400,0.3489,-0.4603,0.2188
0.6063,4.8092,0.0526,combined,1.7070,4.7600,0.6063,-0.6011,0.0791
0.0285,5.0536,0.0358,turn,0.0000,4.3600,0.0000,nan,nan
0.2999,0.2835,0.1862,combined,1.6506,6.1800,0.2999,-0.2996,0.0146
0.3445,4.5033,0.2457,straight,1.9953,4.7200,0.3445,-0.2444,0.2428
0.0610,0.7781,0.1151,stand,0.0000,7.5800,0.0000,nan,nan
0.2019,0.1822,0.1680,combined,0.6740,5.3400,0.1835,-0.1333,0.1517
0.3580,3.5059,0.0763,lateral,0.4294,7.4600,0.3204,-0.2372,0.2682
0.3461,5.0287,0.1004,straight,0.8884,7.5600,0.3461,-0.2915,0.1867
0.2316,3.0290,0.0802,turn,0.0000,5.8200,0.0000,nan,nan
0.0080,0.4574,0.0141,stand,0.0000,5.0400,0.0000,nan,nan
0.3192,5.4827,0.0563,straight,1.3013,6.7800,0.3192,-0.3188,0.0157
0.0440,1.7200,0.1578,turn,0.0000,4.1600,0.0000,nan,nan
0.2381,2.3546,0.1555,lateral,0.5626,4.6600,0.2381,-0.2255,0.0765
0.2443,1.9919,0.1461,lateral,0.0663,4.7400,0.0607,0.0277,0.2427
0.1466,4.6149,0.2075,turn,0.0000,5.9600,0.0000,nan,nan
0.2795,0.7413,0.0973,lateral,0.6178,5.1000,0.2426,-0.0173,0.2789
0.4998,0.9449,0.0589,combined,1.2510,4.1200,0.4998,-0.4622,0.1902
0.2801,2.3563,0.1653,lateral,0.5807,6.8400,0.2791,-0.2672,0.0842
0.6631,6.2534,0.2670,combined,2.2736,4.5400,0.6631,-0.6624,0.0320
0.4548,24.8910,0.2331,turn,0.0000,6.3000,0.0000,nan,nan
0.2445,0.2562,0.0263,straight,1.6960,7.6800,0.2409,-0.2435,0.0225
0.1988,1.8058,0.2461,lateral,0.2940,7.4000,0.1569,-0.1020,0.1707
0.8023,7.5890,0.2380,combined,0.7674,4.7800,0.7460,-0.7313,0.3299
0.2175,3.4030,0.1704,straight,1.0746,6.9200,0.0464,0.2040,0.0755
0.4799,0.7100,0.1275,straight,1.2850,4.0200,0.4799,-0.4789,0.0313
0.1152,1.7651,0.1087,turn,0.0000,6.0000,0.0000,nan,nan
0.2909,1.4653,0.1125,turn,0.0000,5.0800,0.0000,nan,nan
0.3130,5.7797,0.0847,combined,1.5167,6.3600,0.2928,-0.0222,0.3123
0.6972,4.7497,0.1573,lateral,1.2350,4.9400,0.6939,-0.6128,0.3325
0.1747,7.0428,0.1081,turn,0.0000,7.1400,0.0000,nan,nan
0.0319,6.4070,0.0151,straight,0.8671,7.3200,0.0250,-0.0182,0.0261
0.1362,6.0939,0.1842,straight,0.9059,5.0200,0.1205,0.0441,0.1288
0.0339,1.3563,0.0357,stand,0.0000,7.0200,0.0000,nan,nan
0.2891,2.1384,0.1146,straight,1.3251,6.9600,0.2891,-0.2709,0.1009
0.6641,1.8678,0.1818,straight,1.9007,5.1600,0.6641,-0.6343,0.1968
0.2990,9.2613,0.2917,straight,1.9639,4.0400,0.2990,-0.2989,0.0069
0.5151,0.7066,0.1559,combined,1.3062,6.5600,0.4997,-0.4682,0.2147
0.0880,1.1106,0.0785,turn,0.0000,5.7800,0.0000,nan,nan
0.0956,3.5000,0.1829,lateral,0.4211,4.0000,0.0604,0.0188,0.0937
0.0736,1.1214,0.0331,stand,0.0000,7.6600,0.0000,nan,nan
0.0772,0.0531,0.0569,stand,0.0000,5.5000,0.0000,nan,nan
0.3153,4.8472,0.1966,lateral,0.6553,4.1600,0.3153,-0.2144,0.2312
0.1498,2.7679,0.1678,combined,1.2921,7.4200,0.1348,-0.0170,0.1488
0.3438,1.7465,0.1004,turn,0.0000,6.7800,0.0000,nan,nan
0.0745,5.2051,0.1648,turn,0.0000,5.1000,0.0000,nan,nan
0.0316,0.4873,0.0612,stand,0.0000,6.3400,0.0000,nan,nan
0.5125,2.2416,0.0446,lateral,0.2943,7.0200,0.2833,-0.3665,0.3583
0.0790,4.9479,0.1355,turn,0.0000,6.9800,0.0000,nan,nan
0.3821,5.4965,0.0178,turn,0.0000,6.3000,0.0000,nan,nan
0.0907,5.9327,0.1697,combined,1.6794,6.1400,0.0905,-0.0907,0.0027
0.0449,4.1071,0.1085,stand,0.0000,4.0000,0.0000,nan,nan
0.0420,2.6925,0.1560,turn,0.0000,6.8600,0.0000,nan,nan
0.0194,0.5841,0.0075,stand,0.0000,4.0600,0.0000,nan,nan
0.0229,2.4481,0.0165,stand,0.0000,4.4400,0.0000,nan,nan
0.2705,0.7568,0.2073,turn,0.0000,6.7400,0.0000,nan,nan
0.5801,1.4684,0.1077,straight,1.3227,5.1600,0.5801,-0.4615,0.3515
0.0459,2.3405,0.0188,stand,0.0000,4.5800,0.0000,nan,nan
0.3551,2.8021,0.1179,straight,1.4299,4.8600,0.3551,-0.3357,0.1157
0.1895,2.5276,0.1709,straight,0.1141,7.1000,0.1140,-0.1794,0.0610
0.1952,7.5994,0.0530,lateral,0.7063,7.7200,0.1824,-0.0837,0.1763
0.2940,4.3462,0.1292,turn,0.0000,6.6000,0.0000,nan,nan
0.2732,9.6956,0.2604,turn,0.0000,5.5000,0.0000,nan,nan
0.1592,2.7335,0.1922,straight,0.2258,7.4200,0.0585,0.0672,0.1443
0.2562,2.1313,0.0122,straight,0.3602,7.0400,0.2508,-0.2139,0.1411
0.3198,5.5350,0.1674,turn,0.0000,7.7800,0.0000,nan,nan
0.1886,6.6825,0.0881,combined,1.4733,5.5200,0.1886,-0.1555,0.1067
0.0276,0.5383,0.0288,stand,0.0000,6.7000,0.0000,nan,nan
0.2195,0.0103,0.0973,combined,2.0790,6.3200,0.2195,-0.2133,0.0519
0.4798,10.0154,0.1886,straight,1.4345,6.5000,0.4718,-0.4732,0.0796
0.2409,4.8086,0.0913,turn,0.0000,7.7800,0.0000,nan,nan
0.2727,9.0601,0.2080,lateral,1.4648,4.8200,0.1872,0.1222,0.2438
0.5269,0.1055,0.0841,straight,0.8405,6.4000,0.5247,-0.4958,0.1784
0.0298,3.1121,0.0226,stand,0.0000,4.4000,0.0000,nan,nan
0.0756,0.9278,0.1029,straight,0.5314,5.4200,0.0125,0.0746,0.0124
0.5631,4.3664,0.0400,lateral,1.1113,4.9400,0.5506,-0.5374,0.1680
0.0630,2.7293,0.1261,straight,1.9478,5.5400,0.0630,-0.0498,0.0385
0.0719,0.8863,0.1484,combined,1.4032,6.8800,0.0174,0.0640,0.0328
0.7254,0.2718,0.1698,straight,1.8960,4.1000,0.7254,-0.7099,0.1489
0.0652,1.6770,0.0696,combined,0.4672,6.5000,0.0634,-0.0652,0.0006
0.5101,7.9268,0.0420,combined,1.6259,7.6800,0.5092,-0.4919,0.1353
0.5718,4.4621,0.3316,combined,0.9900,4.2000,0.5718,-0.5545,0.1396
0.2719,2.8525,0.0512,combined,0.9960,5.4000,0.2719,-0.1611,0.2191
0.3712,8.9204,0.1461,straight,1.9464,4.9600,0.3712,-0.3355,0.1589
0.5196,6.2685,0.1424,straight,1.4575,5.2600,0.5196,-0.4802,0.1984
0.6397,4.7883,0.1781,straight,1.8234,5.2600,0.6340,-0.5133,0.3817
0.0462,1.8008,0.0456,turn,0.0000,6.3200,0.0000,nan,nan
0.2357,2.4226,0.1028,combined,1.7392,6.5600,0.2315,-0.2261,0.0667
0.0805,6.2195,0.1720,combined,0.6587,6.9400,0.0427,0.0198,0.0780
0.5225,2.5477,0.0921,straight,1.9641,7.1400,0.5225,-0.5078,0.1231
0.4687,0.3647,0.1277,turn,0.0000,6.0000,0.0000,nan,nan
0.0882,3.1534,0.0639,stand,0.0000,4.5800,0.0000,nan,nan
0.2494,3.1597,0.1558,lateral,0.0453,5.8400,0.0259,0.1458,0.2024
0.0465,0.2190,0.1855,turn,0.0000,4.5200,0.0000,nan,nan
0.1360,0.0610,0.0562,lateral,0.4890,7.2800,0.1094,0.0245,0.1338
0.5251,9.8979,0.0228,combined,1.4871,4.8800,0.5153,-0.4287,0.3033
0.2653,1.3353,0.0771,lateral,1.0916,4.5600,0.2653,-0.1707,0.2031
0.2816,5.4586,0.2446,combined,0.8540,6.5600,0.2816,-0.2691,0.0828
0.2408,0.1073,0.1103,straight,0.8739,5.5800,0.2408,-0.2391,0.0282
0.1648,2.2595,0.1046,lateral,1.4656,6.6000,0.1648,-0.1400,0.0869
0.0692,1.1162,0.0060,stand,0.0000,7.5600,0.0000,nan,nan
0.0197,2.3634,0.0102,stand,0.0000,7.0400,0.0000,nan,nan
0.5857,0.5014,0.0578,straight,0.3711,6.7200,0.3711,-0.3943,0.4330
0.1999,15.7850,0.2379,combined,1.8805,4.5200,0.1999,-0.1999,0.0014
0.4106,2.7176,0.1379,turn,0.0000,7.0000,0.0000,nan,nan
0.3859,6.7788,0.2533,combined,1.8832,4.2000,0.3859,-0.3500,0.1626
0.5635,3.6957,0.0904,straight,1.7817,6.4000,0.5635,-0.5480,0.1311
0.2628,0.5154,0.0486,combined,1.3488,7.1400,0.2369,0.0497,0.2581
0.1942,2.3110,0.0531,combined,1.9310,6.9400,0.1942,-0.1942,0.0021
0.0384,2.8012,0.0296,stand,0.0000,6.2400,0.0000,nan,nan
0.3636,3.9442,0.1277,lateral,1.4604,7.1600,0.2550,0.1509,0.3308
0.0575,2.0212,0.0089,stand,0.0000,4.0600,0.0000,nan,nan
0.3827,4.3501,0.1183,lateral,0.8369,7.5200,0.2766,0.0977,0.3700
0.1546,2.0779,0.1917,straight,0.7441,6.1800,0.1545,-0.1473,0.0468
0.0083,0.1556,0.0246,stand,0.0000,4.0000,0.0000,nan,nan
0.3435,4.7822,0.0996,turn,0.0000,7.9600,0.0000,nan,nan
0.3105,1.4097,0.1092,straight,0.6602,5.3000,0.3100,-0.2682,0.1564
0.4588,4.5792,0.1196,lateral,0.8329,4.8800,0.4461,-0.3150,0.3336
0.2798,5.2957,0.1731,combined,0.8322,7.8800,0.0332,0.2436,0.1378
0.0612,1.9773,0.0147,stand,0.0000,7.2200,0.0000,nan,nan
0.2708,7.3547,0.1667,turn,0.0000,6.0600,0.0000,nan,nan
0.3290,11.4539,0.3522,combined,1.9396,5.5800,0.3290,-0.2169,0.2474
0.4145,8.1129,0.0520,combined,1.8231,4.8000,0.4145,-0.3989,0.1126
0.4232,0.2406,0.0735,lateral,0.8710,4.5000,0.4162,-0.3296,0.2655
0.2353,4.5912,0.0509,combined,0.6472,5.3000,0.0724,0.2222,0.0774
0.0722,1.3559,0.0664,straight,1.8422,7.8000,0.0601,-0.0208,0.0691
0.3631,6.4105,0.1073,turn,0.0000,6.2600,0.0000,nan,nan
0.4115,1.2812,0.1461,straight,0.1901,7.9000,0.1088,0.3252,0.2521
0.1581,1.4061,0.0407,combined,0.3985,4.8800,0.1563,-0.0650,0.1441
0.0172,3.6645,0.2063,stand,0.0000,7.1600,0.0000,nan,nan
0.0443,6.0815,0.0452,stand,0.0000,4.8000,0.0000,nan,nan
0.0936,0.1676,0.1092,straight,1.5432,7.3800,0.0918,-0.0481,0.0803
0.1587,2.4492,0.0754,combined,1.1909,4.7800,0.1466,-0.0028,0.1587
0.1429,11.9193,0.0522,stand,0.0000,5.0200,0.0000,nan,nan
0.1539,1.4507,0.0926,combined,1.2191,7.7400,0.1525,-0.1536,0.0101
0.1940,4.1510,0.1584,straight,0.8760,5.7000,0.1940,-0.1729,0.0878
0.4389,0.6547,0.0714,straight,1.3749,6.1400,0.4389,-0.4334,0.0693
0.2879,0.8682,0.0201,turn,0.0000,6.3800,0.0000,nan,nan
0.0313,1.6205,0.0337,stand,0.0000,7.9400,0.0000,nan,nan
0.6824,5.0564,0.0923,combined,2.0723,5.1600,0.6824,-0.6808,0.0464
0.1385,1.6948,0.1599,lateral,0.1237,5.7600,0.0692,0.0340,0.1343
0.0572,1.9345,0.0217,stand,0.0000,4.3200,0.0000,nan,nan
0.1278,2.4071,0.1072,straight,0.1881,5.5600,0.0871,0.0090,0.1275
0.2926,1.7472,0.1709,straight,1.6736,6.7800,0.2926,-0.2918,0.0218
0.4251,6.3466,0.1947,combined,1.6262,4.8800,0.4251,-0.3761,0.1982
0.4950,2.8305,0.1305,straight,1.8156,6.2400,0.4950,-0.4882,0.0818
0.1055,4.1979,0.1125,combined,1.6512,6.7800,0.0128,0.1007,0.0315
0.3090,0.1811,0.0921,straight,1.2191,7.8400,0.3090,-0.3087,0.0137
0.3734,8.3695,0.1890,straight,0.9486,4.9600,0.3716,-0.3342,0.1666
0.2138,2.2140,0.0683,combined,1.2352,6.3600,0.2138,-0.1797,0.1158
0.2544,3.8782,0.0860,combined,0.0341,6.1800,0.0333,-0.2521,0.0341
0.0745,0.9184,0.1291,lateral,1.4824,5.6800,0.0745,-0.0709,0.0227
0.3248,7.9676,0.1092,straight,1.0540,5.3400,0.3248,-0.3223,0.0403
0.5559,2.4174,0.0720,combined,1.6537,4.4200,0.5559,-0.5490,0.0873
0.4979,2.3684,0.1334,combined,1.3180,5.4800,0.4979,-0.4921,0.0761
0.0407,2.1068,0.1161,turn,0.0000,4.3000,0.0000,nan,nan
0.3345,2.2140,0.0378,combined,1.0504,4.2200,0.3345,-0.3325,0.0370
0.1490,1.2432,0.1760,turn,0.0000,4.4600,0.0000,nan,nan
0.6913,1.6713,0.0958,combined,1.9731,4.9200,0.6872,-0.6661,0.1849
0.1191,1.8049,0.1751,lateral,0.3206,4.4600,0.1191,-0.1167,0.0239
0.5172,11.3058,0.1949,combined,2.3454,4.5000,0.5172,-0.5144,0.0544
0.1785,5.2900,0.1467,lateral,1.3774,7.8200,0.1621,0.0305,0.1759
0.0217,0.1076,0.0224,stand,0.0000,6.7400,0.0000,nan,nan
0.2267,6.7782,0.1560,combined,1.8284,6.9000,0.2267,-0.2139,0.0751
0.4694,14.8132,0.1200,straight,1.6555,4.2000,0.4694,-0.4545,0.1171
0.5578,1.7097,0.1568,straight,0.8913,7.5000,0.5068,-0.4918,0.2632
0.2415,6.2277,0.2739,combined,1.6764,4.7000,0.2415,-0.1696,0.1719
0.0594,6.1256,0.0753,turn,0.0000,7.5200,0.0000,nan,nan
0.3982,12.6399,0.1158,turn,0.0000,4.6800,0.0000,nan,nan
0.0689,1.7255,0.0258,stand,0.0000,6.9800,0.0000,nan,nan
0.2845,3.1072,0.1666,straight,1.3638,6.7200,0.2845,-0.2793,0.0541
0.1623,7.2557,0.0495,lateral,0.8066,7.6400,0.0232,0.1556,0.0462
0.4320,0.3622,0.1464,straight,0.4284,5.4400,0.3988,-0.3634,0.2337
0.2920,3.1507,0.0715,turn,0.0000,5.7200,0.0000,nan,nan
0.3272,6.3251,0.0697,straight,1.4352,7.4400,0.2180,-0.3198,0.0694
0.1421,9.7182,0.1412,combined,1.7190,7.1200,0.1181,0.0649,0.1264
0.3478,10.8749,0.1422,combined,1.2738,6.1800,0.3357,-0.1595,0.3091
0.3509,6.0021,0.0271,turn,0.0000,5.4200,0.0000,nan,nan
0.5254,5.0884,0.1330,straight,1.2938,4.7200,0.5254,-0.5253,0.0087
0.0310,0.6931,0.0102,stand,0.0000,6.7200,0.0000,nan,nan
0.2301,5.0315,0.2172,straight,1.1676,6.3200,0.2301,-0.1737,0.1508
0.1930,6.7730,0.1456,combined,1.1032,4.3400,0.1930,-0.1710,0.0894
0.1438,1.8196,0.1619,combined,0.5883,6.8200,0.1392,-0.1341,0.0519
0.2194,1.9306,0.1686,lateral,0.6557,5.0000,0.2183,-0.1712,0.1371
0.0964,2.5463,0.1048,turn,0.0000,7.2000,0.0000,nan,nan
0.3173,0.6979,0.1188,straight,1.0405,4.6600,0.3173,-0.3084,0.0746
0.1442,2.5607,0.0672,turn,0.0000,4.9400,0.0000,nan,nan
0.3161,2.9010,0.1008,lateral,0.9264,5.3000,0.3120,-0.1384,0.2842
0.1087,2.8681,0.0543,turn,0.0000,4.2800,0.0000,nan,nan
0.6022,1.1128,0.1615,lateral,0.7132,7.3600,0.5511,-0.3812,0.4662
0.6793,2.6926,0.1433,combined,1.9393,4.1600,0.6793,-0.6790,0.0203
0.2103,0.9229,0.1573,combined,1.8135,7.6600,0.2103,-0.1540,0.1432
0.2682,6.7855,0.1083,straight,0.9029,6.6200,0.1911,0.0799,0.2561
0.3067,3.7148,0.0566,lateral,1.1342,5.0200,0.3063,-0.2911,0.0964
0.2919,3.6016,0.2297,straight,1.2869,5.3000,0.2919,-0.2417,0.1636
0.6177,6.3710,0.1019,combined,1.9961,4.3200,0.6177,-0.5622,0.2559
0.2648,3.4127,0.2043,combined,1.0555,5.2000,0.2648,-0.2216,0.1449
0.6541,1.4254,0.1425,combined,1.9392,5.3400,0.6541,-0.6301,0.1758
0.2097,2.5230,0.2570,combined,1.9429,6.1200,0.2095,-0.0644,0.1996
0.1842,1.8572,0.1894,combined,1.5698,6.9200,0.1842,-0.1736,0.0615
0.0654,0.0825,0.1052,lateral,0.5685,4.7600,0.0542,0.0117,0.0644
0.3720,6.1762,0.1179,lateral,0.7531,6.4400,0.3493,-0.1022,0.3577
0.0389,0.8380,0.0285,stand,0.0000,4.3800,0.0000,nan,nan
0.0337,1.4134,0.0397,stand,0.0000,4.2800,0.0000,nan,nan
0.0819,3.3961,0.0972,turn,0.0000,5.6000,0.0000,nan,nan
0.0688,3.7020,0.1495,turn,0.0000,5.1000,0.0000,nan,nan
0.2615,0.0599,0.0712,combined,1.3514,7.8200,0.2615,-0.2225,0.1373
0.4243,2.6294,0.1209,combined,1.1675,4.6400,0.4133,-0.2684,0.3286
0.3624,1.7637,0.2131,straight,0.6011,7.2200,0.3548,-0.3374,0.1322
0.0753,3.0195,0.0254,stand,0.0000,6.7000,0.0000,nan,nan
0.0576,0.2269,0.0809,turn,0.0000,4.1000,0.0000,nan,nan
0.4879,6.0239,0.0581,straight,1.4511,4.7200,0.4879,-0.4214,0.2460
0.3865,4.9652,0.0381,turn,0.0000,5.5600,0.0000,nan,nan
0.3268,6.6275,0.0851,lateral,0.5859,4.6200,0.3233,-0.2652,0.1909
0.2182,6.9098,0.0755,turn,0.0000,4.9800,0.0000,nan,nan
0.2958,4.8461,0.2030,straight,0.8004,4.2200,0.2554,-0.0260,0.2946
0.3449,3.6737,0.1190,combined,1.0858,4.4400,0.3449,-0.2771,0.2054
0.0620,2.5160,0.0526,turn,0.0000,6.0200,0.0000,nan,nan
0.0296,0.7770,0.1978,stand,0.0000,5.9200,0.0000,nan,nan
0.2413,1.0181,0.0566,straight,0.5419,4.5600,0.2288,-0.1722,0.1690
0.2780,1.0901,0.1003,lateral,0.6003,5.0400,0.2659,-0.2582,0.1032
0.6759,1.4055,0.1212,straight,1.8663,4.6600,0.6759,-0.6728,0.0649
0.1256,6.6006,0.1892,straight,1.9082,6.9400,0.0948,0.0160,0.1246
0.3507,0.0119,0.1272,lateral,0.2367,7.8400,0.2241,-0.3490,0.0341
0.2311,1.6538,0.2670,combined,1.3106,7.7400,0.2311,0.0420,0.2273
0.3809,3.3103,0.1673,combined,1.4203,5.8600,0.3798,-0.1807,0.3353
0.0569,4.0913,0.0452,stand,0.0000,6.2400,0.0000,nan,nan
0.2774,3.6156,0.1271,straight,0.5672,7.4600,0.2572,-0.2755,0.0329
0.1853,1.7886,0.1793,straight,0.7391,6.3600,0.0327,0.1789,0.0485
0.1814,0.6188,0.0931,combined,1.1701,7.6200,0.1581,-0.1755,0.0459
0.0224,2.4323,0.1743,straight,0.0262,5.4000,0.0071,0.0197,0.0107
0.5397,6.8493,0.1689,straight,1.6875,5.9600,0.5397,-0.5278,0.1126
0.0020,0.0517,0.0346,stand,0.0000,4.2800,0.0000,nan,nan
0.4142,4.6334,0.1663,lateral,1.2011,6.6800,0.4142,-0.3302,0.2500
0.2771,0.0203,0.1192,turn,0.0000,5.1800,0.0000,nan,nan
0.3360,5.2665,0.1937,straight,1.4347,5.0200,0.3360,-0.3280,0.0726
0.3015,3.3312,0.1473,combined,2.2528,7.1000,0.3015,-0.3004,0.0263
0.2384,7.0406,0.0997,straight,1.4236,6.7200,0.1706,0.0365,0.2356
0.5256,3.6509,0.0587,straight,1.9481,7.5000,0.5220,-0.4874,0.1967
0.5032,2.5573,0.3085,lateral,0.9990,4.5600,0.5032,-0.2820,0.4168
0.0730,2.2463,0.0093,stand,0.0000,6.9400,0.0000,nan,nan
0.0156,0.3814,0.0184,stand,0.0000,5.5400,0.0000,nan,nan
0.3325,3.5462,0.1441,straight,0.8668,4.4400,0.3325,-0.3304,0.0378
0.0720,4.5525,0.1289,turn,0.0000,4.1400,0.0000,nan,nan
0.1500,4.0566,0.0358,combined,1.6250,5.4200,0.1476,-0.1405,0.0526
0.0625,0.1611,0.0055,stand,0.0000,4.8000,0.0000,nan,nan
0.1619,0.1581,0.1582,combined,0.8452,6.0600,0.1619,-0.1472,0.0675
0.2944,0.1274,0.0058,lateral,0.9748,4.7000,0.2773,-0.0061,0.2944
0.5687,1.8202,0.0852,straight,1.2030,4.2800,0.5687,-0.5685,0.0169
0.0475,0.0032,0.0415,stand,0.0000,5.2600,0.0000,nan,nan
0.0365,0.2841,0.0712,turn,0.0000,7.5400,0.0000,nan,nan
0.0920,9.9263,0.0438,combined,1.1579,4.9800,0.0848,-0.0363,0.0846
0.1648,8.4408,0.0604,combined,1.6184,5.8400,0.0545,0.1527,0.0621
0.1783,0.4955,0.0186,combined,1.0433,7.3000,0.1770,-0.1503,0.0960
0.6283,1.0529,0.1280,straight,1.1983,4.7000,0.6283,-0.5618,0.2814
0.3397,5.0572,0.0568,combined,1.5820,5.6200,0.3397,-0.3273,0.0906
0.0411,2.0342,0.1467,stand,0.0000,6.0800,0.0000,nan,nan
0.1183,12.7976,0.1592,turn,0.0000,4.2400,0.0000,nan,nan
0.2317,0.6015,0.0964,lateral,0.3733,6.4200,0.1443,0.0627,0.2231
0.1109,0.8031,0.0684,straight,0.2840,6.2000,0.1025,-0.0304,0.1067
0.5380,8.6969,0.1562,straight,1.9310,6.9200,0.5324,-0.4211,0.3348
0.3375,4.3458,0.1812,lateral,0.8888,5.0800,0.3375,-0.3357,0.0350
0.1073,7.9811,0.1495,lateral,0.5265,5.5000,0.0085,0.1051,0.0216
0.2159,0.9304,0.0188,lateral,0.2829,4.6400,0.1836,-0.1886,0.1052
0.1647,1.4321,0.1344,combined,1.4679,7.1000,0.1647,-0.1609,0.0351
0.2760,4.4155,0.1180,combined,1.3797,6.7600,0.2760,-0.2452,0.1267
0.3357,8.2517,0.0993,turn,0.0000,6.6800,0.0000,nan,nan
0.0687,0.1615,0.0912,stand,0.0000,4.0200,0.0000,nan,nan
0.1420,0.1766,0.1155,straight,0.5648,4.2400,0.1420,-0.1021,0.0987
0.0340,0.2692,0.0347,stand,0.0000,7.6200,0.0000,nan,nan
0.2230,5.8416,0.0997,turn,0.0000,7.8400,0.0000,nan,nan
0.1102,11.3816,0.2871,lateral,1.3586,4.3400,0.1102,-0.0416,0.1021
0.1461,17.3753,0.1796,stand,0.0000,5.1000,0.0000,nan,nan
0.0897,0.2677,0.1145,combined,1.3928,6.2800,0.0718,0.0101,0.0892
0.0914,10.4175,0.0751,combined,1.0199,5.7200,0.0913,-0.0914,0.0017
0.0365,0.4065,0.0614,stand,0.0000,7.0400,0.0000,nan,nan
0.2764,6.4187,0.0659,combined,1.4044,6.4600,0.2764,-0.2537,0.1096
0.1387,2.3002,0.1083,combined,1.0863,6.5000,0.1295,-0.0207,0.1372
0.2223,9.8705,0.2373,combined,0.8781,4.0600,0.2097,-0.1128,0.1915
0.5266,0.7076,0.1539,combined,1.8574,4.6400,0.5266,-0.5205,0.0802
0.0912,0.9770,0.0833,straight,0.1674,7.2000,0.0900,-0.0888,0.0207
0.2450,6.5885,0.0556,straight,1.4628,6.3800,0.2450,-0.2352,0.0687
0.0095,1.6931,0.0052,stand,0.0000,5.0200,0.0000,nan,nan
0.0121,1.3864,0.0473,stand,0.0000,7.0400,0.0000,nan,nan
0.6139,7.3025,0.2026,combined,2.2067,4.4800,0.6139,-0.3967,0.4685
0.8674,3.1946,0.1641,lateral,0.9913,6.7400,0.8490,-0.7044,0.5062
0.0387,1.4606,0.0533,stand,0.0000,6.3000,0.0000,nan,nan
0.3737,3.0163,0.1436,combined,1.2882,4.3800,0.3737,-0.3701,0.0517
0.3364,0.5492,0.1282,lateral,0.1072,4.8800,0.0860,-0.1820,0.2830
0.4885,7.5709,0.1608,combined,1.7319,4.8800,0.4885,-0.4598,0.1652
0.2314,7.9767,0.0864,straight,1.7634,5.5000,0.2225,-0.2135,0.0894
0.5512,14.3392,0.0995,straight,1.8406,7.8200,0.5509,-0.4206,0.3562
0.1291,6.8181,0.0711,lateral,0.3746,5.9600,0.1222,-0.0724,0.1070
0.5074,0.2555,0.1183,turn,0.0000,6.9000,0.0000,nan,nan
0.0172,2.4912,0.0167,turn,0.0000,6.3200,0.0000,nan,nan
0.3499,5.2742,0.1320,straight,1.6643,5.6400,0.3498,-0.3357,0.0985
0.0725,1.0436,0.0597,straight,0.1561,6.8400,0.0526,0.0238,0.0684
0.5356,6.3699,0.1456,combined,1.8851,4.4400,0.5356,-0.5325,0.0580
0.3931,9.3030,0.1119,combined,0.3850,4.5000,0.3850,-0.3888,0.0579
0.4170,2.6261,0.1787,straight,0.0458,4.8400,0.0239,0.2762,0.3124
0.5655,1.0133,0.0498,combined,2.0618,4.7200,0.5650,-0.5492,0.1345
0.2350,7.0014,0.1654,straight,0.9753,4.0800,0.2350,-0.2350,0.0028
0.1823,1.2483,0.0704,combined,1.1481,4.5200,0.1823,-0.0913,0.1578
0.1114,0.2789,0.1002,lateral,0.2310,4.8400,0.0474,0.0356,0.1056
0.4961,3.3417,0.2559,lateral,1.3201,5.1600,0.4961,-0.3180,0.3808
0.2488,3.0178,0.0610,combined,2.0023,6.9400,0.2433,-0.1679,0.1837
0.0818,3.9122,0.0248,stand,0.0000,6.8400,0.0000,nan,nan
0.0673,1.1446,0.0542,stand,0.0000,4.0600,0.0000,nan,nan
0.3762,0.6768,0.2096,turn,0.0000,4.0800,0.0000,nan,nan
0.2821,2.8609,0.0915,turn,0.0000,4.0800,0.0000,nan,nan
0.5218,2.0950,0.1865,straight,1.8219,4.0800,0.5218,-0.5215,0.0172
0.6642,4.7751,0.1055,combined,1.7790,4.1000,0.6642,-0.6032,0.2780
0.2891,9.6452,0.1256,straight,1.0060,4.1200,0.2891,-0.2877,0.0279
0.5510,5.7032,0.2009,combined,1.1912,4.1800,0.5510,-0.4726,0.2833
0.1809,6.4081,0.2659,lateral,1.0563,4.2000,0.1809,-0.1442,0.1093
0.0688,0.9508,0.0544,turn,0.0000,4.2000,0.0000,nan,nan
0.1607,7.3825,0.0644,combined,1.7333,4.2000,0.1607,-0.1125,0.1147
0.3166,3.8639,0.0954,combined,0.8487,4.2000,0.3166,-0.2841,0.1397
0.2505,4.4964,0.2178,lateral,1.4905,4.2200,0.2505,-0.1817,0.1725
0.0776,0.7926,0.0629,stand,0.0000,4.2400,0.0000,nan,nan
0.0579,0.8945,0.1895,turn,0.0000,4.2600,0.0000,nan,nan
0.2247,0.1413,0.0818,straight,0.2269,4.2600,0.1944,-0.1692,0.1479
0.0896,0.0203,0.0256,stand,0.0000,4.2600,0.0000,nan,nan
0.0558,1.9681,0.1050,turn,0.0000,4.4800,0.0000,nan,nan
0.4648,1.9657,0.1987,straight,0.9772,4.2800,0.4648,-0.4324,0.1704
0.5515,8.2961,0.2161,combined,2.2142,4.2800,0.5515,-0.5281,0.1588
0.0222,1.2231,0.1309,turn,0.0000,4.3000,0.0000,nan,nan
0.7045,5.4810,0.1970,straight,1.8222,4.3000,0.7045,-0.6711,0.2143
0.2028,1.1222,0.0941,lateral,0.7581,4.3200,0.2028,-0.2025,0.0106
0.2971,2.7743,0.0050,turn,0.0000,4.3200,0.0000,nan,nan
0.0634,1.4097,0.1980,turn,0.0000,4.3200,0.0000,nan,nan
0.2928,0.9139,0.0607,combined,1.1376,4.3400,0.2928,-0.2489,0.1542
0.7002,4.5886,0.2179,combined,2.0415,4.3800,0.7002,-0.6979,0.0573
0.6917,0.7198,0.2260,straight,1.8438,4.3800,0.6917,-0.6898,0.0502
0.1749,8.1680,0.1647,combined,1.6211,4.4400,0.1749,-0.1166,0.1303
0.6600,5.2452,0.0758,combined,1.4170,4.4600,0.6594,-0.6596,0.0220
0.2502,0.1943,0.0744,turn,0.0000,4.4600,0.0000,nan,nan
0.1223,2.4221,0.0804,stand,0.0000,4.4600,0.0000,nan,nan
0.4955,9.1693,0.1465,straight,1.4901,4.4600,0.4955,-0.4866,0.0933
0.1351,0.2076,0.0439,combined,0.9410,6.8200,0.1329,-0.1338,0.0187
0.1778,0.0331,0.0578,straight,0.6134,4.5000,0.1778,-0.1635,0.0699
0.6143,0.5841,0.1177,combined,1.7844,4.5200,0.6143,-0.6139,0.0231
0.3985,5.4575,0.0984,lateral,1.1603,4.5200,0.3985,-0.3536,0.1837
0.1412,3.2112,0.0972,straight,0.1423,4.5400,0.1128,-0.1396,0.0215
0.2924,6.3976,0.0749,turn,0.0000,4.5800,0.0000,nan,nan
0.0687,1.2565,0.0152,stand,0.0000,4.6200,0.0000,nan,nan
0.3363,6.0673,0.1606,combined,1.1910,4.6200,0.3329,-0.1378,0.3067
0.3080,4.7286,0.1883,straight,1.7621,4.6200,0.3080,-0.3070,0.0245
0.0829,7.8222,0.1938,turn,0.0000,4.6400,0.0000,nan,nan
0.2531,6.0352,0.0616,turn,0.0000,4.6600,0.0000,nan,nan
0.2577,0.3991,0.2269,turn,0.0000,4.6800,0.0000,nan,nan
0.4516,1.3536,0.0845,combined,1.6290,4.6800,0.4516,-0.4086,0.1923
0.2415,8.2467,0.1576,straight,0.3122,4.7000,0.0808,0.1392,0.1973
0.2635,9.0098,0.1100,turn,0.0000,4.7400,0.0000,nan,nan
0.3165,4.0879,0.0241,turn,0.0000,4.7400,0.0000,nan,nan
0.1799,0.1729,0.1228,lateral,0.0323,4.7600,0.0319,-0.0124,0.1795
0.0769,1.0348,0.0605,stand,0.0000,4.8200,0.0000,nan,nan
0.1764,3.5289,0.0519,straight,1.1214,4.8200,0.1764,-0.0664,0.1634
0.4931,7.4935,0.2188,combined,1.9919,4.8400,0.4931,-0.4794,0.1156
0.5354,3.9404,0.2942,combined,1.2890,4.8600,0.5354,-0.5326,0.0550
0.4564,4.5069,0.2246,lateral,0.4956,4.8800,0.3933,-0.2150,0.4026
0.2329,2.7589,0.0483,lateral,0.4910,4.9000,0.2310,-0.2075,0.1058
0.0455,6.8613,0.0592,stand,0.0000,4.9200,0.0000,nan,nan
0.1754,5.6473,0.0491,turn,0.0000,4.9200,0.0000,nan,nan
0.1194,4.3115,0.0715,turn,0.0000,4.9400,0.0000,nan,nan
0.2103,2.6182,0.1400,straight,0.4590,4.9400,0.2035,-0.1469,0.1505
0.3471,4.0682,0.1750,straight,0.9084,4.9600,0.3471,-0.3458,0.0296
0.2238,8.9264,0.2626,combined,1.9838,5.0000,0.2238,-0.2232,0.0163
0.2742,0.0751,0.1271,turn,0.0000,5.0200,0.0000,nan,nan
0.5377,1.4475,0.0937,straight,1.4923,5.0200,0.5377,-0.5167,0.1491
0.0612,3.3070,0.0021,straight,0.2915,5.0600,0.0598,-0.0602,0.0111
0.1254,6.6026,0.1868,straight,0.7448,5.0800,0.1088,0.0539,0.1132
0.2507,7.0203,0.1952,turn,0.0000,5.0800,0.0000,nan,nan
0.4417,5.0665,0.1813,straight,1.9226,5.0800,0.4417,-0.4273,0.1117
0.0325,0.1716,0.0298,stand,0.0000,5.1400,0.0000,nan,nan
0.2554,0.5310,0.1428,lateral,0.4179,5.1600,0.1462,-0.0353,0.2530
0.3414,2.3052,0.0432,combined,1.0589,5.1800,0.3387,-0.2224,0.2590
0.1030,1.1614,0.0172,stand,0.0000,5.2000,0.0000,nan,nan
0.0676,2.8042,0.0505,straight,0.3747,5.2000,0.0676,-0.0487,0.0468
0.4927,3.5675,0.1018,straight,1.3918,5.2400,0.4927,-0.4773,0.1221
0.3161,2.9961,0.1383,straight,1.1070,5.2400,0.3161,-0.2885,0.1292
0.2335,8.4236,0.0660,straight,0.0414,5.2400,0.0414,0.0504,0.2279
0.0919,3.4570,0.1992,lateral,0.7854,5.2600,0.0919,-0.0906,0.0158
0.3507,0.9434,0.1372,turn,0.0000,5.2600,0.0000,nan,nan
0.2787,1.4566,0.0810,combined,1.6935,5.2600,0.2787,-0.2756,0.0414
0.4433,4.1776,0.1187,turn,0.0000,5.2800,0.0000,nan,nan
0.3196,3.0855,0.1192,straight,0.2902,5.2800,0.2711,-0.2979,0.1158
0.0478,0.0258,0.1167,turn,0.0000,5.3000,0.0000,nan,nan
0.3267,6.6387,0.0409,lateral,1.3287,5.3000,0.3227,-0.1280,0.3006
0.2968,1.2535,0.1988,lateral,1.1278,5.3200,0.2968,-0.2073,0.2124
0.2424,7.1018,0.0810,straight,0.9528,5.3200,0.2415,-0.1087,0.2167
0.3036,1.2045,0.1461,turn,0.0000,5.3400,0.0000,nan,nan
0.0692,1.0673,0.0445,turn,0.0000,5.3600,0.0000,nan,nan
0.0139,1.0153,0.0084,stand,0.0000,5.3600,0.0000,nan,nan
0.1020,1.6794,0.1268,straight,0.7551,5.3600,0.0999,-0.0539,0.0866
0.0914,0.7159,0.0294,stand,0.0000,5.3800,0.0000,nan,nan
0.3884,1.4929,0.0567,combined,1.0113,5.3800,0.3884,-0.3683,0.1234
0.1908,2.6126,0.0591,combined,0.6860,5.4000,0.1876,-0.1162,0.1513
0.1463,2.0542,0.2285,combined,1.7800,5.4400,0.1463,-0.1377,0.0494
0.3574,7.2769,0.0721,lateral,1.4969,5.4400,0.3574,-0.3537,0.0509
0.0697,1.9437,0.0798,turn,0.0000,5.4400,0.0000,nan,nan
0.1737,0.5569,0.2035,combined,0.6173,5.4600,0.1421,0.1082,0.1359
0.1619,7.8144,0.1688,combined,1.6327,5.4600,0.1619,-0.1616,0.0094
0.3113,2.2595,0.0321,combined,1.4945,5.4800,0.3113,-0.3102,0.0264
0.4349,0.4190,0.0823,straight,1.8538,5.4800,0.4349,-0.4347,0.0123
0.4024,4.6833,0.1746,turn,0.0000,5.5000,0.0000,nan,nan
0.1544,3.0313,0.0680,combined,0.5625,5.5000,0.1544,-0.1518,0.0284
0.2448,4.5086,0.1335,turn,0.0000,5.5400,0.0000,nan,nan
0.4693,2.9969,0.0693,combined,0.8857,5.5600,0.4560,-0.4275,0.1937
0.2396,0.5228,0.2172,lateral,0.1171,5.5800,0.0573,0.2345,0.0491
0.2785,0.3598,0.1929,lateral,0.9934,5.5800,0.2774,-0.2232,0.1665
0.5106,9.7115,0.2407,straight,1.1750,5.6000,0.5106,-0.5057,0.0707
0.2560,0.2174,0.0298,combined,0.5574,5.6400,0.2556,-0.2288,0.1149
0.0601,3.9412,0.1124,lateral,0.2865,5.6400,0.0316,-0.0600,0.0036
0.3812,2.3342,0.2308,combined,0.8094,5.6400,0.3181,-0.1013,0.3675
0.0827,1.3220,0.0177,stand,0.0000,5.6600,0.0000,nan,nan
0.3148,5.2526,0.0838,turn,0.0000,5.6600,0.0000,nan,nan
0.2490,3.3306,0.0501,turn,0.0000,5.6600,0.0000,nan,nan
0.3297,2.1368,0.0819,lateral,0.8291,5.6800,0.3279,-0.3096,0.1133
0.2878,1.0972,0.1141,combined,1.1646,5.6800,0.2756,-0.1113,0.2654
0.1217,1.0379,0.1056,turn,0.0000,5.6800,0.0000,nan,nan
0.5962,6.5118,0.0831,lateral,0.1727,5.7000,0.1727,-0.5123,0.3049
0.2940,1.2482,0.1812,straight,1.1241,5.7400,0.2940,-0.2897,0.0499
0.1543,0.1642,0.0966,turn,0.0000,5.7600,0.0000,nan,nan
0.3731,6.8115,0.0494,lateral,0.5425,5.7800,0.1067,0.2533,0.2740
0.2108,0.3866,0.0960,combined,1.4681,5.8200,0.2108,-0.1948,0.0806
0.5252,9.1152,0.1861,straight,1.0895,5.1400,0.5224,-0.3995,0.3409
0.4030,8.0266,0.0540,turn,0.0000,5.8800,0.0000,nan,nan
0.1361,12.4181,0.2430,combined,1.8233,5.9000,0.1361,-0.1189,0.0663
0.3097,0.6831,0.0975,lateral,0.3037,5.9600,0.2118,-0.1016,0.2926
0.2642,5.9022,0.2609,lateral,1.4369,5.9800,0.2642,-0.0812,0.2514
0.1417,2.4348,0.0750,combined,1.5686,5.9800,0.0347,0.1221,0.0719
0.0347,0.7768,0.1681,stand,0.0000,5.9800,0.0000,nan,nan
0.3014,3.2758,0.1150,lateral,1.2351,6.0000,0.3014,-0.3010,0.0149
0.2129,0.9052,0.1110,lateral,1.3177,6.0000,0.2107,-0.1651,0.1345
0.3266,7.2893,0.0661,turn,0.0000,6.0200,0.0000,nan,nan
0.4264,6.9146,0.1950,combined,1.8265,6.0200,0.4264,-0.2803,0.3214
0.2664,1.3308,0.1246,combined,2.0341,6.0400,0.2664,-0.2522,0.0857
0.3970,2.0339,0.1072,turn,0.0000,6.0600,0.0000,nan,nan
0.2745,4.1267,0.1824,combined,0.4683,6.0800,0.2656,-0.0524,0.2695
0.1999,6.4406,0.1348,lateral,0.1457,6.1000,0.1308,-0.1176,0.1616
0.1160,3.3936,0.0401,turn,0.0000,6.1000,0.0000,nan,nan
0.3436,7.0153,0.0950,straight,1.0594,6.1200,0.2979,-0.0308,0.3423
0.1752,5.0898,0.1056,combined,1.1713,6.1000,0.1752,-0.1649,0.0594
0.1442,5.7982,0.0712,turn,0.0000,6.1200,0.0000,nan,nan
0.5265,10.7057,0.2181,combined,1.7148,6.1600,0.5265,-0.4119,0.3279
0.1833,11.6568,0.2406,straight,1.3481,6.1800,0.1617,-0.0484,0.1768
0.3170,1.8075,0.1143,combined,1.3545,6.1800,0.3103,-0.3153,0.0334
0.3145,1.3623,0.0443,lateral,1.2474,6.2000,0.2424,0.1229,0.2895
0.1962,0.4309,0.0462,combined,1.2045,6.2000,0.1962,-0.1405,0.1369
0.2995,5.6900,0.0649,combined,1.2523,6.2200,0.2995,-0.2688,0.1319
0.0905,1.6558,0.0673,turn,0.0000,6.2600,0.0000,nan,nan
0.2624,7.1192,0.0740,combined,1.4860,6.2600,0.2298,0.0678,0.2535
0.0361,5.3544,0.0861,combined,0.2654,6.2600,0.0217,-0.0333,0.0139
0.1790,0.4737,0.0427,stand,0.0000,6.3000,0.0000,nan,nan
0.3324,0.3570,0.1370,turn,0.0000,6.3200,0.0000,nan,nan
0.5598,9.0687,0.0255,straight,1.7128,6.3200,0.5333,-0.3950,0.3967
0.2895,6.0408,0.1423,turn,0.0000,6.3600,0.0000,nan,nan
0.0645,0.3370,0.1570,turn,0.0000,6.3600,0.0000,nan,nan
0.2288,3.2175,0.0440,straight,0.4881,6.3800,0.2232,-0.1886,0.1296
0.2007,3.0018,0.1014,combined,1.3118,6.3800,0.1944,-0.0829,0.1828
0.1792,10.0928,0.1905,straight,0.7610,6.4000,0.1792,-0.1320,0.1212
0.1294,0.7940,0.1288,turn,0.0000,6.4000,0.0000,nan,nan
0.0495,3.1224,0.1657,lateral,0.7470,6.5000,0.0495,-0.0452,0.0200
0.5707,1.4752,0.0923,lateral,0.1133,6.5000,0.1133,-0.4535,0.3465
0.2025,5.4799,0.0929,straight,1.0269,6.5400,0.1083,0.0760,0.1877
0.4524,1.1666,0.0839,lateral,0.4058,6.5600,0.0577,0.3424,0.2957
0.5174,4.2447,0.0643,lateral,1.2138,6.5600,0.5146,-0.2728,0.4396
0.2223,4.8715,0.0961,turn,0.0000,6.5800,0.0000,nan,nan
0.5389,4.2785,0.1227,straight,1.1412,6.5800,0.5389,-0.5118,0.1688
0.3115,3.5184,0.1199,combined,1.5430,6.5800,0.3115,-0.3104,0.0255
0.2234,1.0409,0.0156,lateral,0.2495,6.6000,0.1308,0.0030,0.2234
0.4057,0.5949,0.0386,turn,0.0000,6.6000,0.0000,nan,nan
0.1448,2.3230,0.0373,combined,0.6258,6.6000,0.1448,-0.0951,0.1091
0.1285,2.8198,0.1570,combined,1.2561,6.6200,0.1129,0.0216,0.1267
0.6254,0.4167,0.0527,combined,1.8324,6.6400,0.5699,-0.5010,0.3743
0.1124,4.9766,0.0885,combined,0.5859,5.9200,0.0539,0.1010,0.0493
0.2971,6.7476,0.0918,combined,1.4028,6.6800,0.2895,-0.1555,0.2532
0.4061,0.1974,0.0573,turn,0.0000,6.6800,0.0000,nan,nan
0.2100,5.0418,0.2048,turn,0.0000,6.7200,0.0000,nan,nan
0.7125,1.7961,0.1860,turn,0.0000,6.7400,0.0000,nan,nan
0.2308,1.9656,0.1398,straight,0.6987,6.7400,0.0656,0.2180,0.0756
0.1831,2.7018,0.2193,turn,0.0000,6.7600,0.0000,nan,nan
0.5398,0.8468,0.0565,straight,0.6193,6.8000,0.5050,-0.4098,0.3513
0.1016,4.6567,0.0326,stand,0.0000,6.8000,0.0000,nan,nan
0.0830,1.5983,0.0212,stand,0.0000,6.8000,0.0000,nan,nan
0.0729,2.5691,0.1156,turn,0.0000,6.8200,0.0000,nan,nan
0.3238,2.9789,0.0384,lateral,0.2472,6.8200,0.1862,-0.0470,0.3204
0.1422,5.2427,0.1265,turn,0.0000,6.8200,0.0000,nan,nan
0.2200,2.6158,0.1074,straight,0.8992,6.8200,0.2200,-0.2186,0.0255
0.0939,2.1981,0.1137,turn,0.0000,6.8600,0.0000,nan,nan
0.0950,1.6350,0.0768,combined,1.1128,6.8600,0.0950,-0.0506,0.0804
0.2041,0.4897,0.2418,lateral,0.8876,6.8800,0.2041,-0.1876,0.0803
0.0758,7.7084,0.0589,lateral,1.4427,6.9000,0.0647,0.0250,0.0715
0.1387,5.1440,0.1664,combined,1.4781,6.9400,0.1387,0.0475,0.1303
0.0236,0.4230,0.0543,straight,0.2973,6.9200,0.0126,0.0225,0.0071
0.2799,0.1630,0.1102,turn,0.0000,6.9600,0.0000,nan,nan
0.0805,1.3364,0.0396,stand,0.0000,6.9800,0.0000,nan,nan
0.1597,1.6062,0.2806,combined,1.2503,6.9800,0.1597,-0.0761,0.1404
0.4332,8.9165,0.0461,combined,0.9669,7.0800,0.4332,-0.2078,0.3801
0.2592,6.7334,0.0786,combined,1.0523,7.0800,0.2501,0.1603,0.2037
0.4491,4.6607,0.0872,combined,2.1922,7.1000,0.4491,-0.4161,0.1691
0.3930,0.0323,0.0720,turn,0.0000,7.1200,0.0000,nan,nan
0.3497,2.9219,0.1159,lateral,0.5243,7.1400,0.1676,0.1825,0.2983
0.2371,2.6160,0.1170,combined,0.9388,7.1400,0.0464,0.2323,0.0478
0.3020,1.2497,0.0978,combined,1.6963,7.2000,0.3020,-0.2980,0.0491
0.1109,2.8308,0.0869,turn,0.0000,7.2200,0.0000,nan,nan
0.0755,2.3955,0.0241,stand,0.0000,7.2200,0.0000,nan,nan
0.3219,3.8448,0.0805,turn,0.0000,7.2400,0.0000,nan,nan
0.1141,0.1319,0.0670,lateral,0.1248,7.9000,0.0070,0.1030,0.0490
0.1151,4.7887,0.0762,straight,1.2330,7.2600,0.0034,0.1115,0.0284
0.3775,16.5815,0.1381,straight,0.5435,7.2800,0.1019,0.2078,0.3152
0.5632,14.1405,0.1935,lateral,0.6786,7.3000,0.2403,0.3969,0.3996
0.3781,3.0435,0.1109,turn,0.0000,7.3000,0.0000,nan,nan
0.2504,3.3339,0.1122,combined,0.3821,7.3200,0.0619,0.2430,0.0603
0.2090,0.9191,0.1951,turn,0.0000,7.3400,0.0000,nan,nan
0.2907,9.0732,0.1003,lateral,0.4193,7.3400,0.2470,-0.1441,0.2524
0.0540,0.2003,0.0418,stand,0.0000,7.3600,0.0000,nan,nan
0.0218,1.3669,0.1429,straight,0.2635,7.3600,0.0042,0.0218,0.0002
0.0992,5.0351,0.1965,combined,0.3595,7.4000,0.0348,0.0833,0.0538
0.0702,6.1589,0.1896,straight,1.8414,7.4200,0.0069,0.0702,0.0002
0.0883,3.0616,0.0411,stand,0.0000,7.4200,0.0000,nan,nan
0.5214,2.9496,0.1208,straight,1.2972,7.4200,0.5160,-0.4467,0.2689
0.1673,3.7505,0.0973,combined,2.0629,7.4400,0.1585,-0.1173,0.1194
0.5466,6.7284,0.1649,lateral,1.4691,7.4400,0.5236,-0.2613,0.4800
0.4022,4.4671,0.1267,turn,0.0000,7.5000,0.0000,nan,nan
0.1506,3.7938,0.1364,combined,0.6750,7.5200,0.1506,-0.1183,0.0932
0.5116,1.8465,0.1774,combined,1.9803,7.5200,0.5116,-0.5105,0.0327
0.5258,8.1379,0.1003,turn,0.0000,7.5200,0.0000,nan,nan
0.1889,0.0635,0.0417,lateral,0.9466,7.5400,0.1800,-0.1186,0.1469
0.3893,0.3026,0.0559,lateral,1.4105,7.5400,0.3796,-0.1417,0.3626
0.2014,2.4392,0.0571,lateral,1.1356,7.5600,0.1971,-0.1960,0.0463
0.1971,1.6721,0.1676,turn,0.0000,7.5800,0.0000,nan,nan
0.3510,2.5440,0.2436,lateral,0.0149,7.6000,0.0062,0.3078,0.1686
0.2295,2.0983,0.0312,turn,0.0000,7.6000,0.0000,nan,nan
0.1491,3.6813,0.0903,combined,0.8128,7.6000,0.1445,-0.1462,0.0290
0.3724,2.5023,0.1090,lateral,0.7969,7.6200,0.3122,-0.2673,0.2593
0.4740,6.7102,0.0622,turn,0.0000,7.6200,0.0000,nan,nan
0.4571,1.7736,0.0654,combined,0.5425,7.6200,0.4278,-0.4144,0.1931
0.3100,2.2171,0.0968,combined,1.9008,7.6400,0.3087,-0.2883,0.1139
0.1827,0.2239,0.1344,turn,0.0000,7.6400,0.0000,nan,nan
0.2694,0.8317,0.1383,lateral,0.5218,7.6600,0.2459,-0.1113,0.2453
0.0550,3.2178,0.1937,lateral,0.0655,7.6800,0.0172,0.0017,0.0549
0.3065,5.9334,0.0254,turn,0.0000,7.7600,0.0000,nan,nan
0.0294,8.8073,0.2434,straight,0.9675,7.7600,0.0033,0.0219,0.0196
0.2272,4.3933,0.1248,straight,1.1572,7.7800,0.2272,-0.1587,0.1626
0.4396,0.4832,0.0458,combined,1.6641,7.7800,0.4383,-0.2998,0.3215
0.4231,3.8864,0.2415,turn,0.0000,7.7800,0.0000,nan,nan
0.1569,0.0435,0.0765,turn,0.0000,7.8000,0.0000,nan,nan
0.4657,4.2742,0.0420,turn,0.0000,7.8000,0.0000,nan,nan
0.1034,0.4617,0.0140,stand,0.0000,7.8000,0.0000,nan,nan
0.2888,1.1877,0.1630,straight,0.4272,7.8600,0.2888,-0.2811,0.0665
0.2631,1.8810,0.1070,straight,1.1449,7.8800,0.2631,-0.2327,0.1228
0.2190,4.8014,0.0354,turn,0.0000,7.9000,0.0000,nan,nan
0.0931,1.1571,0.1439,lateral,1.0225,7.9000,0.0862,-0.0795,0.0484
0.0987,3.5049,0.1426,straight,1.8558,7.9000,0.0891,-0.0171,0.0972
0.4633,5.0516,0.1452,turn,0.0000,7.9200,0.0000,nan,nan
0.3615,1.3782,0.0697,lateral,1.1768,7.9200,0.3482,-0.3584,0.0476
0.2090,2.1461,0.0635,straight,0.2848,7.9400,0.1731,-0.2051,0.0403
0.3355,2.3884,0.1900,combined,1.1974,7.9800,0.3292,-0.2699,0.1993
0.1962,3.7208,0.1383,straight,1.8921,7.9800,0.1951,-0.1421,0.1353
0.8136,0.3175,0.3004,straight,1.9796,4.1000,0.8136,-0.7859,0.2105
0.2396,0.5325,0.2835,straight,0.6374,4.2800,0.2396,-0.2390,0.0175
0.3300,6.9984,0.0444,combined,1.4742,6.2200,0.3300,-0.2880,0.1611
0.2092,3.5458,0.1503,combined,0.8655,4.2200,0.2005,-0.1612,0.1332
0.0563,4.7967,0.1615,turn,0.0000,4.7000,0.0000,nan,nan
0.2088,2.8770,0.1816,combined,0.2651,4.4000,0.1753,-0.0649,0.1985
0.0381,0.7463,0.1209,turn,0.0000,4.6000,0.0000,nan,nan
0.4367,2.7883,0.1175,straight,0.2922,4.9000,0.2760,-0.2749,0.3393
0.0526,1.1837,0.1565,turn,0.0000,4.6200,0.0000,nan,nan
0.1115,0.2208,0.0812,lateral,0.8506,7.5400,0.1057,-0.0654,0.0903
0.5433,1.7894,0.1015,combined,1.5488,5.0400,0.5427,-0.4800,0.2546
0.0260,0.7703,0.0769,stand,0.0000,4.3600,0.0000,nan,nan
0.1499,1.4731,0.1491,lateral,0.5638,4.7200,0.1341,-0.0475,0.1421
0.2500,1.8811,0.1784,turn,0.0000,4.1200,0.0000,nan,nan
0.1120,3.2865,0.1366,combined,1.3682,5.0400,0.1120,-0.1043,0.0407
0.2141,1.1216,0.1316,turn,0.0000,4.7000,0.0000,nan,nan
0.3421,6.3056,0.1745,combined,1.2025,4.2600,0.3421,-0.3355,0.0668
0.2523,0.6747,0.1104,lateral,0.4898,5.0600,0.2366,-0.2066,0.1448
0.0116,2.1562,0.0848,turn,0.0000,4.4400,0.0000,nan,nan
0.2953,3.9540,0.0592,turn,0.0000,5.3000,0.0000,nan,nan
0.6819,0.4828,0.2048,combined,2.3477,4.1800,0.6819,-0.6813,0.0271
0.2024,4.3697,0.1706,straight,0.6672,4.5800,0.2024,-0.1955,0.0524
0.2985,4.6560,0.1620,turn,0.0000,4.6400,0.0000,nan,nan
0.3232,4.3407,0.1186,straight,0.3079,4.0200,0.3042,-0.3008,0.1182
0.3944,7.7791,0.2028,straight,0.8873,5.1200,0.3944,-0.3615,0.1577
0.0585,0.1551,0.0336,stand,0.0000,5.5600,0.0000,nan,nan
0.1245,9.2985,0.0687,straight,0.8702,5.1000,0.1245,-0.0631,0.1074
0.0872,0.8530,0.0104,stand,0.0000,4.4800,0.0000,nan,nan
0.2369,7.4417,0.1317,turn,0.0000,5.3200,0.0000,nan,nan
0.4174,3.3302,0.1270,straight,0.1867,5.3400,0.0970,0.3082,0.2815
0.2916,5.2290,0.0749,lateral,0.5216,5.3000,0.2916,-0.2485,0.1525
0.3268,5.0843,0.0753,turn,0.0000,5.5400,0.0000,nan,nan
0.4180,3.4915,0.0541,lateral,0.8610,5.8600,0.4180,-0.3583,0.2152
0.1366,7.9449,0.1749,straight,1.1332,4.7800,0.1366,-0.1283,0.0470
0.0899,5.7129,0.0941,lateral,0.0291,5.2000,0.0214,-0.0294,0.0849
0.3753,5.4787,0.1097,turn,0.0000,4.6800,0.0000,nan,nan
0.0447,1.8000,0.1726,stand,0.0000,5.5800,0.0000,nan,nan
0.1477,7.7125,0.2689,combined,1.7759,5.3600,0.1477,-0.0439,0.1410
0.2940,6.7129,0.0843,lateral,0.4691,4.9600,0.2485,-0.0693,0.2857
0.0347,1.6076,0.0094,turn,0.0000,5.9600,0.0000,nan,nan
0.0191,2.5460,0.1577,lateral,0.8804,6.0600,0.0191,-0.0141,0.0130
0.0364,3.6586,0.0791,lateral,0.0410,6.0600,0.0044,0.0308,0.0193
0.1074,5.0110,0.1160,lateral,0.7944,4.2600,0.1074,-0.0182,0.1058
0.0513,2.5099,0.0044,lateral,0.0919,5.3800,0.0470,-0.0496,0.0133
0.0561,3.2498,0.0211,stand,0.0000,4.9000,0.0000,nan,nan
0.5100,6.1014,0.2316,straight,1.5604,4.7400,0.5100,-0.5084,0.0404
0.3226,0.1468,0.0591,lateral,1.0706,5.2200,0.3190,-0.2178,0.2379
0.3297,2.3662,0.1064,straight,0.9373,4.2200,0.3297,-0.3215,0.0731
0.3312,5.3689,0.1362,lateral,0.3957,6.3400,0.1220,0.2255,0.2425
0.2435,6.0264,0.0407,lateral,1.2758,4.7800,0.2435,-0.2428,0.0187
0.3364,0.8833,0.1418,lateral,0.3980,5.8200,0.3001,-0.1683,0.2913
0.2770,1.6036,0.0554,lateral,0.9990,5.2600,0.2742,-0.0704,0.2679
0.2564,4.4158,0.1280,turn,0.0000,5.2800,0.0000,nan,nan
0.2010,3.4680,0.1427,combined,1.3861,5.1800,0.2010,-0.1457,0.1385
0.3823,7.2529,0.1240,straight,1.2801,4.5400,0.3801,-0.3706,0.0938
0.2980,1.2734,0.1176,straight,0.1281,4.2400,0.1273,-0.0787,0.2874
0.1749,4.6900,0.0844,turn,0.0000,5.4400,0.0000,nan,nan
0.1881,8.1961,0.1591,straight,1.0041,4.1000,0.1880,-0.1412,0.1244
0.1033,6.4997,0.1906,straight,0.7555,5.2200,0.0823,0.0617,0.0828
0.3724,1.0744,0.1670,turn,0.0000,5.0000,0.0000,nan,nan
0.3041,5.9657,0.1964,turn,0.0000,6.4600,0.0000,nan,nan
0.1963,1.7994,0.1220,straight,1.3231,6.3400,0.1963,-0.1924,0.0390
0.0173,0.2987,0.1498,turn,0.0000,5.0600,0.0000,nan,nan
0.2236,0.5085,0.1613,turn,0.0000,6.6800,0.0000,nan,nan
0.3981,3.7832,0.2192,straight,0.1094,5.1400,0.0492,0.2574,0.3037
0.0570,0.0614,0.0131,stand,0.0000,4.8200,0.0000,nan,nan
0.2734,1.5795,0.1032,straight,0.4569,4.6400,0.2674,-0.2473,0.1165
0.3371,3.4652,0.1288,straight,1.3402,5.5400,0.3371,-0.3369,0.0110
0.2127,2.2317,0.0831,lateral,1.4512,5.3800,0.2108,-0.1988,0.0758
0.1221,2.1737,0.1625,turn,0.0000,6.0400,0.0000,nan,nan
0.6715,7.1428,0.2325,straight,1.8572,5.7600,0.6715,-0.6438,0.1908
0.1721,7.1209,0.0929,lateral,1.1461,6.6800,0.1334,0.0625,0.1604
0.0355,2.6085,0.1165,straight,0.9002,6.8400,0.0355,-0.0342,0.0097
0.1133,1.4285,0.0891,combined,1.0501,6.0800,0.1036,-0.0135,0.1125
0.3163,4.1069,0.1352,combined,1.5413,5.8400,0.2967,0.0524,0.3119
0.0794,2.8584,0.1272,combined,1.1581,5.2200,0.0774,-0.0053,0.0792
0.2530,4.8440,0.0863,lateral,0.7790,6.1200,0.2236,-0.0329,0.2508
0.0676,4.0269,0.0528,lateral,0.1896,6.8200,0.0250,0.0389,0.0552
0.3481,2.4964,0.0846,lateral,1.4597,4.4000,0.3481,-0.3050,0.1678
0.3676,2.5117,0.0968,straight,1.9042,6.2800,0.3676,-0.3635,0.0547
0.1973,2.7300,0.0982,combined,1.5374,5.6400,0.1973,-0.1930,0.0409
0.1431,0.2064,0.1762,combined,0.7888,5.9200,0.1134,-0.0627,0.1286
0.3517,1.5736,0.1348,combined,1.5190,5.9800,0.3517,-0.3411,0.0857
0.2828,11.5510,0.1143,lateral,0.5692,6.5200,0.1462,0.1560,0.2359
0.1611,11.4702,0.1769,lateral,0.9053,6.0400,0.0806,0.1256,0.1010
0.2960,6.9954,0.1435,lateral,1.2437,7.0200,0.1457,0.2192,0.1989
0.4020,7.0550,0.0631,lateral,1.3051,5.3000,0.4020,-0.3017,0.2657
0.5550,3.5367,0.0744,combined,1.0049,5.4600,0.5527,-0.5550,0.0022
0.3519,0.3576,0.1925,turn,0.0000,5.7800,0.0000,nan,nan
0.1234,1.8339,0.1313,lateral,0.7178,5.9200,0.1189,-0.0589,0.1085
0.0832,0.3193,0.0625,straight,0.0754,5.4000,0.0619,-0.0812,0.0183
0.1189,1.1901,0.1539,combined,1.0057,6.9600,0.1189,-0.1178,0.0165
0.0819,6.6034,0.0969,combined,1.1947,5.9200,0.0621,-0.0276,0.0771
0.2971,9.5630,0.1436,straight,0.8250,6.7200,0.1831,0.1305,0.2669
0.4716,3.8510,0.2554,straight,1.7558,5.1800,0.4716,-0.4645,0.0817
0.2213,1.8281,0.1312,straight,1.3578,7.2400,0.2213,-0.2203,0.0214
0.4706,2.5372,0.1109,combined,0.6651,4.1600,0.3284,0.0539,0.4675
0.0875,11.9991,0.1537,combined,1.2253,5.8000,0.0122,0.0666,0.0568
0.4179,2.1569,0.0657,turn,0.0000,4.6800,0.0000,nan,nan
0.4573,6.7053,0.0814,combined,1.8143,5.3800,0.4573,-0.4464,0.0995
0.1718,0.2462,0.1706,combined,1.4424,5.2800,0.1718,-0.1698,0.0258
0.1476,8.5807,0.1383,lateral,1.4398,4.8400,0.1476,-0.1443,0.0310
0.1715,9.9629,0.2869,combined,0.4928,6.6800,0.1486,-0.1569,0.0693
0.0220,1.0670,0.0154,stand,0.0000,6.1200,0.0000,nan,nan
0.2814,7.1461,0.1135,lateral,1.2264,5.3000,0.2795,-0.2506,0.1279
0.1901,7.4752,0.1119,turn,0.0000,5.4800,0.0000,nan,nan
0.1571,1.9309,0.0589,turn,0.0000,5.8600,0.0000,nan,nan
0.3886,0.9904,0.1534,lateral,1.3408,4.2600,0.3886,-0.3811,0.0761
0.2617,2.6335,0.2996,lateral,1.1342,4.6600,0.2617,-0.1986,0.1704
0.0208,1.9802,0.0910,turn,0.0000,4.1000,0.0000,nan,nan
0.0618,1.7549,0.0329,stand,0.0000,4.4200,0.0000,nan,nan
0.3528,1.6104,0.0718,turn,0.0000,7.6000,0.0000,nan,nan
0.0691,2.5077,0.0521,turn,0.0000,7.2600,0.0000,nan,nan
0.2997,5.6545,0.1361,combined,1.6140,7.5000,0.1727,0.1423,0.2638
0.4593,5.1029,0.1211,straight,0.0551,7.4400,0.0493,-0.3597,0.2856
0.2917,7.7281,0.1023,straight,1.0789,7.3400,0.2769,0.0322,0.2899
0.1951,3.4979,0.1323,combined,2.3668,7.0400,0.1951,-0.1222,0.1521
0.6608,2.7188,0.0291,straight,1.9843,6.7200,0.6608,-0.6011,0.2744
0.5641,5.4878,0.1076,combined,1.9332,5.7600,0.5448,-0.3745,0.4219
0.2041,5.6464,0.0405,straight,1.5359,6.6200,0.2041,-0.1956,0.0582
0.2677,2.3899,0.1979,combined,2.1410,6.2000,0.2677,-0.1945,0.1838
0.1871,4.5046,0.1662,turn,0.0000,6.9000,0.0000,nan,nan
0.0246,0.3875,0.0326,stand,0.0000,6.5200,0.0000,nan,nan
0.2095,7.2617,0.2314,combined,1.1024,5.5200,0.2095,-0.1998,0.0630
0.4096,1.9687,0.1957,straight,0.2069,5.1600,0.0770,0.2310,0.3383
0.2670,1.4422,0.1107,lateral,0.7396,7.4600,0.2441,-0.2576,0.0702
0.3453,2.5523,0.0917,lateral,0.2298,4.6600,0.2271,-0.1235,0.3225
0.1720,2.5994,0.1209,lateral,0.0104,5.4400,0.0104,0.0314,0.1691
0.3766,4.4001,0.0611,combined,1.0123,5.8200,0.3749,-0.2070,0.3146
0.1257,1.9470,0.1765,combined,1.1951,5.2600,0.1257,-0.1256,0.0043
0.1029,1.0916,0.1964,turn,0.0000,4.6200,0.0000,nan,nan
0.1858,1.2887,0.1010,lateral,1.0632,6.8000,0.1666,0.0129,0.1854
0.1447,7.3548,0.1254,turn,0.0000,7.3600,0.0000,nan,nan
0.2270,1.0533,0.0300,combined,1.6499,6.7400,0.2235,-0.2237,0.0384
0.3832,1.3612,0.0814,combined,1.3674,4.8600,0.3798,-0.3117,0.2229
0.1424,3.5740,0.2044,lateral,0.9467,6.7000,0.1247,-0.0365,0.1377
0.2539,3.0300,0.1033,straight,1.1425,5.9600,0.2539,-0.2096,0.1432
0.0790,1.5905,0.0951,straight,0.9168,7.9400,0.0790,-0.0776,0.0148
0.4873,15.3368,0.2236,combined,1.5463,5.1400,0.4873,-0.4681,0.1354
0.4441,1.2301,0.1010,combined,1.4959,5.3400,0.4441,-0.4418,0.0450
0.2526,3.1957,0.1495,combined,1.1251,7.9400,0.2526,-0.2247,0.1154
0.2739,0.5549,0.0777,turn,0.0000,7.6600,0.0000,nan,nan
0.3460,3.6624,0.1585,straight,1.8659,7.1400,0.3460,-0.3195,0.1329
0.0214,0.7174,0.0371,stand,0.0000,5.0200,0.0000,nan,nan
0.6186,5.2571,0.0457,combined,1.5807,6.0800,0.6071,-0.6151,0.0659
0.4053,1.0849,0.1291,straight,1.4562,5.2200,0.4053,-0.3947,0.0921
0.1249,3.5151,0.0303,turn,0.0000,6.5400,0.0000,nan,nan
0.0643,0.9210,0.1641,stand,0.0000,5.3000,0.0000,nan,nan
0.4209,5.3715,0.1324,combined,1.6025,4.6600,0.4209,-0.4208,0.0080
0.2620,2.2238,0.1949,turn,0.0000,4.8600,0.0000,nan,nan
0.2261,2.0484,0.2190,combined,0.9882,4.5600,0.2261,-0.2224,0.0411
0.4349,1.2450,0.0677,straight,0.2876,4.8400,0.2876,-0.4166,0.1248
0.0854,8.6963,0.1542,turn,0.0000,7.6400,0.0000,nan,nan
0.3025,6.4308,0.0904,combined,1.9136,5.3600,0.3025,-0.2035,0.2239
0.1616,5.1899,0.1088,turn,0.0000,6.5200,0.0000,nan,nan
0.2210,1.0962,0.0124,combined,1.2335,7.2800,0.2210,-0.2173,0.0405
0.6066,2.0045,0.2020,straight,1.9973,6.5600,0.6066,-0.5479,0.2603
0.1038,2.5529,0.1445,turn,0.0000,4.9800,0.0000,nan,nan
0.3334,7.4311,0.1553,straight,1.8935,5.8800,0.3334,-0.3287,0.0560
0.6026,2.5161,0.1419,straight,1.5384,5.1200,0.6026,-0.5490,0.2484
0.2464,2.5829,0.1582,combined,1.1243,6.8600,0.2346,-0.1351,0.2061
0.0616,2.0741,0.0072,stand,0.0000,6.2800,0.0000,nan,nan
0.3529,1.5122,0.0405,combined,1.9153,7.0600,0.3334,-0.0975,0.3391
0.2750,5.4669,0.1460,combined,1.5193,6.0000,0.2147,-0.0324,0.2731
0.5914,2.0708,0.0695,straight,1.5345,5.1200,0.5914,-0.5366,0.2486
0.3469,5.4938,0.2334,lateral,1.3624,7.7600,0.3377,-0.0413,0.3444
0.4420,0.9536,0.1666,straight,0.9299,6.2800,0.3260,0.1355,0.4207
0.5823,5.8398,0.0810,lateral,0.8250,6.9200,0.5421,-0.4797,0.3301
0.4402,2.3700,0.0945,combined,0.8184,7.5200,0.4182,-0.2528,0.3604
0.0438,1.4599,0.0327,stand,0.0000,7.3800,0.0000,nan,nan
0.0611,1.2259,0.0172,stand,0.0000,5.9800,0.0000,nan,nan
0.9134,6.1743,0.2634,combined,2.4736,4.0800,0.9134,-0.8720,0.2718
0.3214,4.5764,0.1142,straight,0.9363,7.6800,0.2147,0.1401,0.2892
0.2059,7.5521,0.1399,straight,1.3493,5.5000,0.2059,-0.2055,0.0123
0.6479,6.2457,0.0866,combined,1.4563,5.3200,0.6479,-0.5123,0.3967
0.0657,2.4971,0.0867,combined,0.7102,6.6200,0.0653,-0.0657,0.0020
0.0976,5.3293,0.0746,turn,0.0000,6.8600,0.0000,nan,nan
0.5063,5.5200,0.1258,straight,0.2525,7.3600,0.2525,-0.3847,0.3291
0.0241,1.0125,0.0408,stand,0.0000,6.3600,0.0000,nan,nan
0.2690,2.3059,0.0623,combined,1.1021,6.8400,0.2663,-0.2132,0.1641
0.3735,0.4329,0.0735,straight,1.3330,6.7400,0.3735,-0.3485,0.1344
0.1780,0.7993,0.0890,turn,0.0000,6.2600,0.0000,nan,nan
0.0398,0.3786,0.0531,turn,0.0000,7.7600,0.0000,nan,nan
0.3579,4.3005,0.1026,straight,0.8061,4.2000,0.3579,-0.3506,0.0717
0.0562,2.3141,0.2627,stand,0.0000,6.5200,0.0000,nan,nan
0.0706,7.6329,0.0048,stand,0.0000,7.1200,0.0000,nan,nan
0.3542,19.2625,0.3442,straight,0.1133,5.8800,0.0251,-0.2191,0.2783
0.4160,5.6178,0.1425,lateral,0.2176,5.8600,0.1819,-0.0632,0.4112
0.0723,3.2487,0.0194,stand,0.0000,7.4600,0.0000,nan,nan
0.5964,4.0434,0.1337,straight,1.2473,7.5200,0.5897,-0.4045,0.4382
0.3669,0.7595,0.1170,combined,1.5029,4.6200,0.3669,-0.3669,0.0060
0.4164,0.7547,0.2084,combined,2.0885,6.4000,0.4164,-0.3515,0.2233
0.1287,0.2935,0.0582,turn,0.0000,6.8200,0.0000,nan,nan
0.1755,5.2494,0.1268,combined,1.3136,5.8000,0.1423,0.0771,0.1577
0.0349,0.8619,0.1224,stand,0.0000,7.2600,0.0000,nan,nan
0.3746,3.5196,0.1188,combined,0.9850,7.1200,0.0211,0.3327,0.1721
0.1619,1.0554,0.1190,combined,1.1225,6.7400,0.1619,-0.1606,0.0210
0.2216,4.3011,0.1859,combined,0.6794,7.2800,0.0415,0.2065,0.0805
0.1821,0.3739,0.2179,lateral,0.4826,7.8800,0.0166,0.1607,0.0856
0.1934,1.3000,0.0497,lateral,0.9714,6.3200,0.1934,-0.1588,0.1104
0.3877,1.4574,0.1191,combined,1.3104,5.9200,0.3877,-0.3725,0.1074
0.4965,5.7581,0.0904,combined,0.5712,5.3600,0.4222,-0.4735,0.1493
0.3578,1.5511,0.1872,lateral,1.4907,6.9000,0.3547,-0.2409,0.2646
0.1617,11.4434,0.1822,combined,1.7586,7.1800,0.1617,-0.1463,0.0688
0.6347,0.1446,0.2849,combined,1.1584,4.0200,0.6347,-0.6103,0.1744
0.3541,2.7951,0.2062,lateral,0.9298,7.8400,0.3478,-0.1524,0.3196
0.0129,1.1754,0.0168,stand,0.0000,6.8200,0.0000,nan,nan
0.2174,2.0313,0.0831,combined,1.6550,5.6800,0.2174,-0.2070,0.0667
0.1612,2.4612,0.1025,turn,0.0000,6.6000,0.0000,nan,nan
0.3470,3.0595,0.1125,combined,1.0737,7.3200,0.2188,0.1798,0.2968
0.1597,3.6195,0.0986,lateral,0.2701,5.6200,0.1030,0.0330,0.1563
0.2317,5.2230,0.1300,lateral,1.4683,6.0400,0.2280,-0.1779,0.1484
0.0428,1.5672,0.0317,stand,0.0000,6.0400,0.0000,nan,nan
0.5309,1.8788,0.1036,turn,0.0000,7.0400,0.0000,nan,nan
0.6271,4.6159,0.0994,combined,1.5899,4.2600,0.6271,-0.6186,0.1029
0.3152,0.4012,0.0677,turn,0.0000,5.8800,0.0000,nan,nan
0.1986,4.4495,0.1845,lateral,1.1272,5.0000,0.1942,-0.0617,0.1888
0.0879,0.4556,0.1029,turn,0.0000,4.6000,0.0000,nan,nan
0.6543,1.9206,0.0666,lateral,1.0469,6.5200,0.6351,-0.5426,0.3656
0.2052,5.9029,0.0750,turn,0.0000,6.0200,0.0000,nan,nan
0.1722,12.7634,0.2158,combined,0.9229,7.2000,0.0927,0.0118,0.1718
0.3599,0.5590,0.1018,straight,1.5872,7.0400,0.3596,-0.3357,0.1299
0.4536,0.8181,0.0224,combined,1.2903,6.2400,0.4536,-0.4178,0.1767
0.4735,1.3702,0.0748,combined,1.2205,7.2400,0.4191,-0.2198,0.4194
0.2468,6.5867,0.2237,combined,1.8423,4.5200,0.2468,-0.2375,0.0668
0.0537,0.6571,0.0125,stand,0.0000,6.8400,0.0000,nan,nan
0.0546,3.5885,0.0506,lateral,1.0777,7.3800,0.0546,-0.0480,0.0259
0.1418,2.3385,0.1969,lateral,0.4404,4.5400,0.1391,-0.1034,0.0969
0.0223,5.2444,0.1146,turn,0.0000,7.0600,0.0000,nan,nan
0.3136,2.4302,0.0692,turn,0.0000,7.3000,0.0000,nan,nan
0.2965,2.0259,0.1450,straight,0.2217,5.7000,0.1754,-0.2842,0.0845
0.4849,2.2807,0.0977,combined,2.0080,6.2000,0.4849,-0.4802,0.0675
0.3712,1.4223,0.0745,lateral,0.0030,6.3000,0.0030,0.1380,0.3446
0.2612,0.8925,0.0191,lateral,1.0308,5.3000,0.2461,-0.1453,0.2171
0.1168,1.0580,0.1433,combined,1.0277,6.5400,0.1168,-0.1081,0.0443
0.3862,4.9322,0.0237,straight,0.9519,6.7000,0.3553,-0.3671,0.1199
0.2485,2.9159,0.0932,combined,1.8641,7.0800,0.2394,-0.0730,0.2375
0.4345,8.0679,0.1059,combined,0.2960,7.6800,0.2960,-0.4064,0.1539
0.5794,5.3383,0.0360,combined,0.6173,7.5600,0.0262,0.5478,0.1887
0.1234,6.8072,0.1360,lateral,0.4088,6.9000,0.0759,0.0201,0.1217
0.2158,0.9309,0.0384,lateral,1.4282,7.7800,0.1356,0.1201,0.1793
0.3404,7.5363,0.1003,straight,1.4844,4.6400,0.3404,-0.3276,0.0926
0.0416,2.4452,0.0256,stand,0.0000,7.0000,0.0000,nan,nan
0.0346,1.7172,0.0206,stand,0.0000,7.7600,0.0000,nan,nan
0.3627,5.2586,0.0478,combined,0.3247,4.3800,0.2616,-0.3576,0.0605
0.1569,2.9185,0.1761,combined,1.5014,7.3200,0.0661,0.0989,0.1218
0.1700,5.3890,0.0599,straight,1.8821,5.3200,0.1685,-0.1424,0.0928
0.2993,4.9474,0.0979,combined,0.2866,4.1200,0.1064,0.0065,0.2992
0.4833,0.7680,0.2221,combined,1.3003,5.2600,0.4811,-0.4706,0.1103
0.1794,6.1674,0.1799,lateral,0.0081,4.5200,0.0073,0.0317,0.1765
0.0632,2.4666,0.1191,turn,0.0000,4.0400,0.0000,nan,nan
0.0375,0.6216,0.0154,stand,0.0000,6.9400,0.0000,nan,nan
0.0688,0.7699,0.0348,stand,0.0000,7.0600,0.0000,nan,nan
0.1857,0.7066,0.0431,combined,1.2934,7.4200,0.1804,-0.1857,0.0017
0.3860,1.3798,0.2021,lateral,1.1139,7.8400,0.3775,-0.0915,0.3750
0.1358,2.6913,0.0637,straight,1.4441,7.7000,0.0368,0.0781,0.1111
0.0413,0.6449,0.0537,stand,0.0000,7.7600,0.0000,nan,nan
0.1183,2.2401,0.1772,straight,0.7925,7.9200,0.1163,-0.0912,0.0753
0.2718,4.8202,0.1750,lateral,0.0379,7.6200,0.0302,-0.2669,0.0515
0.0515,6.3528,0.1009,combined,2.0516,5.8000,0.0515,-0.0162,0.0489
0.6043,0.9602,0.0865,combined,1.7749,4.2400,0.6043,-0.6028,0.0421
0.2534,0.7288,0.0735,lateral,0.0746,4.6800,0.0275,0.1887,0.1690
0.0520,0.5902,0.0320,stand,0.0000,7.0800,0.0000,nan,nan
0.1491,0.8428,0.0753,combined,0.7133,7.4200,0.1120,0.1005,0.1102
0.2874,7.7566,0.1117,straight,0.4079,5.2200,0.2817,-0.1908,0.2148
0.2025,2.1018,0.2026,turn,0.0000,4.8200,0.0000,nan,nan
0.5868,2.9723,0.2158,combined,1.6053,7.5600,0.5868,-0.5399,0.2298
0.1127,4.3784,0.1772,straight,0.7048,7.9200,0.1127,-0.0307,0.1084
0.1964,6.2829,0.1933,straight,1.0049,5.2000,0.1964,-0.1784,0.0821
0.1089,3.0011,0.0708,lateral,0.9568,7.3000,0.1052,-0.0424,0.1003
0.3664,4.7312,0.1883,lateral,1.1059,7.7600,0.3664,-0.2458,0.2717
0.2383,0.0686,0.1726,straight,0.6939,7.4400,0.2365,-0.2367,0.0277
0.1876,1.4677,0.2107,lateral,0.7349,7.2800,0.1853,-0.0309,0.1851
0.4870,9.3794,0.0481,turn,0.0000,7.7600,0.0000,nan,nan
0.0585,3.4302,0.1229,turn,0.0000,7.6200,0.0000,nan,nan
0.1045,1.1904,0.0161,turn,0.0000,6.0600,0.0000,nan,nan
0.1755,1.8685,0.1242,lateral,0.9680,4.3000,0.1755,-0.1593,0.0737
0.4012,0.8486,0.1083,straight,0.9388,4.0000,0.4012,-0.3774,0.1362
0.0866,4.6167,0.0275,turn,0.0000,4.7200,0.0000,nan,nan
0.0733,2.6081,0.0723,combined,0.4112,6.4000,0.0586,-0.0565,0.0468
0.3951,2.3315,0.0812,lateral,1.2205,4.9200,0.3928,-0.2369,0.3161
0.4600,3.5324,0.2993,combined,1.6976,4.3000,0.4600,-0.4580,0.0428
0.1443,2.9212,0.0474,turn,0.0000,7.6200,0.0000,nan,nan
0.4399,2.9366,0.0824,combined,1.1971,5.5000,0.4371,-0.3586,0.2548
0.5787,1.2752,0.1843,combined,1.3751,5.0600,0.5787,-0.4754,0.3299
0.0764,0.4380,0.0820,turn,0.0000,7.1800,0.0000,nan,nan
0.1940,2.5064,0.0474,lateral,1.3777,7.6800,0.1862,0.0056,0.1939
0.3895,4.4534,0.1342,combined,1.8054,7.7800,0.3895,-0.3859,0.0521
0.1055,7.3854,0.1730,straight,1.2268,5.0800,0.0991,0.0223,0.1031
0.3587,0.4856,0.0892,combined,0.7420,5.2600,0.2981,-0.3033,0.1916
0.0404,0.9827,0.0721,stand,0.0000,4.6000,0.0000,nan,nan
0.4160,0.4215,0.2394,straight,1.0168,4.1200,0.4160,-0.4148,0.0310
0.4682,5.2217,0.0935,straight,1.8415,5.2800,0.4680,-0.4672,0.0307
0.1307,0.0803,0.2404,combined,0.6371,4.8000,0.1307,-0.1298,0.0159
0.3475,0.8845,0.1188,turn,0.0000,4.5600,0.0000,nan,nan
0.3337,3.3279,0.2289,straight,1.9101,6.3600,0.3337,-0.3280,0.0616
0.4595,1.5477,0.1825,combined,1.7341,5.1800,0.4595,-0.4387,0.1366
0.5479,3.3748,0.2414,combined,1.7790,4.3200,0.5479,-0.4710,0.2799
0.4293,4.8860,0.0459,lateral,0.2646,7.9600,0.1160,0.3292,0.2755
0.6483,3.2983,0.2400,straight,1.6687,4.2800,0.6483,-0.6002,0.2450
0.3840,3.8011,0.2503,combined,1.0627,4.6200,0.3840,-0.3501,0.1578
0.4883,4.0040,0.0596,combined,1.6315,5.5400,0.4883,-0.4883,0.0003
0.3788,0.0010,0.1292,straight,1.4022,5.6200,0.3788,-0.3718,0.0722
0.3014,3.7925,0.0371,straight,1.8757,7.9400,0.2945,-0.3000,0.0291
0.8842,8.3668,0.1543,straight,1.2565,4.5000,0.8815,-0.7214,0.5112
0.3591,7.4487,0.1802,combined,1.4407,4.1000,0.3591,-0.3433,0.1054
0.1216,1.7776,0.0832,lateral,0.3479,5.9600,0.0828,0.0096,0.1213
0.1860,2.4559,0.1582,straight,0.9290,5.6800,0.1488,0.0862,0.1648
0.3061,5.4441,0.1048,lateral,0.0893,4.3800,0.0893,-0.2565,0.1669
0.3532,5.9538,0.2236,combined,1.2629,6.7000,0.3459,-0.1018,0.3382
0.0766,1.4193,0.1096,turn,0.0000,5.2000,0.0000,nan,nan
0.1154,0.1256,0.0654,stand,0.0000,4.0800,0.0000,nan,nan
0.2546,4.6950,0.0513,straight,1.3989,6.7800,0.2544,-0.2520,0.0363
0.3403,0.9584,0.0712,combined,2.1587,5.4600,0.3403,-0.3281,0.0904
0.2917,0.3857,0.1191,turn,0.0000,7.0600,0.0000,nan,nan
0.4113,1.4991,0.1434,combined,1.4454,4.7800,0.4113,-0.4098,0.0350
0.2527,3.3210,0.0931,lateral,0.7262,4.3400,0.2517,-0.1894,0.1673
0.3368,0.6417,0.1981,combined,0.7101,7.2600,0.2058,0.1784,0.2857
0.4747,4.6947,0.0768,combined,1.1973,5.1800,0.4747,-0.4744,0.0173
0.4325,7.1145,0.1580,straight,1.3811,4.2400,0.4325,-0.4300,0.0467
0.0694,1.1627,0.0422,stand,0.0000,5.2800,0.0000,nan,nan
0.1940,4.2575,0.0806,turn,0.0000,7.3000,0.0000,nan,nan
0.1514,1.6408,0.1330,lateral,0.5371,6.7800,0.1442,-0.0225,0.1497
0.2580,10.8683,0.1831,straight,0.9090,5.5400,0.2524,-0.1463,0.2125
0.0411,1.8827,0.0255,stand,0.0000,5.2400,0.0000,nan,nan
0.4850,3.8667,0.0994,straight,0.7726,6.4800,0.4596,-0.4532,0.1725
0.2120,4.9779,0.1474,turn,0.0000,7.0000,0.0000,nan,nan
0.2927,0.5119,0.0806,combined,0.8201,6.2400,0.2638,-0.1165,0.2685
0.0093,1.8670,0.0280,stand,0.0000,4.4200,0.0000,nan,nan
0.7922,9.7716,0.2219,straight,1.9771,4.0200,0.7922,-0.6358,0.4727
0.5290,7.0139,0.0926,combined,1.2706,6.0000,0.5172,-0.2118,0.4848
0.6066,5.9728,0.1383,lateral,0.9208,6.9600,0.5644,-0.4187,0.4389
0.2429,1.8827,0.0904,lateral,0.3240,6.0400,0.2347,-0.2386,0.0458
0.3056,0.1194,0.0254,combined,0.6985,4.7200,0.3056,-0.2885,0.1008
0.3625,1.5386,0.1231,lateral,1.2582,5.5200,0.3625,-0.3548,0.0742
0.0736,4.2121,0.0531,stand,0.0000,4.8200,0.0000,nan,nan
0.3279,6.3298,0.0354,combined,1.4991,4.1000,0.3279,-0.3259,0.0358
0.4031,6.4026,0.0808,turn,0.0000,5.8000,0.0000,nan,nan
0.2121,1.2159,0.0951,straight,0.6278,4.0400,0.2121,-0.2117,0.0136
0.1365,9.8259,0.1565,combined,2.1504,5.5600,0.1365,-0.1178,0.0689
0.1429,2.3217,0.1524,turn,0.0000,5.4000,0.0000,nan,nan
0.0576,4.7385,0.0145,turn,0.0000,5.7800,0.0000,nan,nan
0.4376,9.9029,0.1823,combined,1.9973,5.5800,0.4376,-0.4256,0.1016
0.0521,4.7212,0.0450,stand,0.0000,4.3800,0.0000,nan,nan
0.1570,0.5643,0.1461,straight,1.4394,6.2000,0.1559,-0.1494,0.0481
0.3880,1.3400,0.0338,lateral,0.8712,5.3200,0.2312,0.2010,0.3318
0.1674,0.3439,0.1878,turn,0.0000,5.1000,0.0000,nan,nan
0.3060,8.2811,0.1303,combined,1.7688,7.4600,0.2960,-0.1023,0.2884
0.2253,6.1508,0.1317,straight,0.7226,7.0600,0.0616,0.2250,0.0110
0.2638,2.8187,0.0490,combined,1.0651,4.9200,0.2638,-0.2273,0.1337
0.1422,1.6468,0.0904,combined,1.7509,7.0400,0.1417,-0.0814,0.1166
0.3998,1.8392,0.2548,lateral,1.1264,4.1200,0.3998,-0.3947,0.0636
0.0791,0.6235,0.1012,turn,0.0000,4.1200,0.0000,nan,nan
0.0763,0.9543,0.0575,stand,0.0000,7.7200,0.0000,nan,nan
0.1416,7.5786,0.4245,stand,0.0000,4.9200,0.0000,nan,nan
0.1304,0.1655,0.0378,turn,0.0000,5.5400,0.0000,nan,nan
0.3808,1.2446,0.0893,lateral,0.5702,6.2800,0.3565,-0.1830,0.3339
0.1053,4.5927,0.1118,straight,1.8749,5.0200,0.1053,-0.0951,0.0453
0.2752,11.9540,0.1880,lateral,0.8665,5.1000,0.1661,0.1571,0.2260
0.0280,1.2682,0.0206,stand,0.0000,6.2000,0.0000,nan,nan
0.3244,9.2265,0.0335,straight,1.7296,6.1400,0.3230,-0.2355,0.2231
0.3279,3.6746,0.0282,combined,0.9154,5.8800,0.2225,0.1454,0.2939
0.2772,6.3939,0.2184,turn,0.0000,4.3800,0.0000,nan,nan
0.3750,1.0397,0.1493,combined,1.1331,4.6600,0.3750,-0.3713,0.0525
0.1836,2.4108,0.1455,turn,0.0000,6.1800,0.0000,nan,nan
0.2903,0.7593,0.0443,lateral,1.4116,7.1800,0.2903,-0.0920,0.2754
0.1237,2.5957,0.0596,combined,1.0992,7.2600,0.0988,-0.1223,0.0186
0.3378,1.7339,0.1773,combined,1.0522,6.5400,0.3378,-0.2553,0.2213
0.0700,0.2676,0.0071,stand,0.0000,4.8600,0.0000,nan,nan
0.1307,0.2842,0.0574,lateral,1.0375,5.8400,0.1221,-0.0583,0.1169
0.2293,1.4276,0.1058,combined,0.8957,6.2000,0.2236,-0.2108,0.0903
0.0425,0.5466,0.2089,stand,0.0000,5.8600,0.0000,nan,nan
0.1522,2.7706,0.1273,straight,0.6037,6.3600,0.1371,-0.1502,0.0244
0.2459,0.4870,0.1864,combined,1.5812,6.6000,0.2459,-0.2456,0.0129
0.0803,0.4415,0.0628,lateral,0.0361,4.7000,0.0006,0.0783,0.0177
0.3457,1.6735,0.1039,lateral,0.4444,4.0200,0.2003,0.1979,0.2835
0.3169,0.0961,0.0263,combined,0.7847,6.7400,0.3168,-0.3086,0.0721
0.3579,0.6680,0.1240,lateral,0.7424,4.6000,0.3530,-0.2696,0.2354
0.4154,8.4619,0.1692,straight,1.6405,6.4800,0.4154,-0.4110,0.0607
0.4780,5.8466,0.1589,turn,0.0000,7.6600,0.0000,nan,nan
0.4136,6.1383,0.1467,straight,0.6671,6.9200,0.4020,-0.4039,0.0890
0.2014,5.7876,0.1391,turn,0.0000,6.3600,0.0000,nan,nan
0.2914,1.0925,0.1078,lateral,0.1137,5.3600,0.0369,0.1847,0.2253
0.4207,2.9429,0.1054,turn,0.0000,6.1600,0.0000,nan,nan
0.2168,4.0426,0.1106,lateral,0.2955,4.7400,0.0361,0.2109,0.0505
0.3743,1.1345,0.1971,turn,0.0000,7.3400,0.0000,nan,nan
0.2758,8.2671,0.1766,combined,0.6588,4.9000,0.2392,0.0823,0.2633
0.2119,1.6572,0.1546,straight,0.6328,4.5200,0.2119,-0.1908,0.0922
0.3017,3.9313,0.0702,combined,2.0081,7.7400,0.2971,-0.2594,0.1540
0.0765,9.9033,0.1142,straight,0.2910,4.8400,0.0241,0.0166,0.0747
0.0154,0.0835,0.0121,stand,0.0000,5.9400,0.0000,nan,nan
0.3575,0.4856,0.0864,combined,1.2458,6.7000,0.3575,-0.3146,0.1697
0.3868,4.1798,0.1066,straight,0.2438,7.4400,0.1244,0.2312,0.3100
0.4234,21.1937,0.0942,lateral,0.1533,5.2000,0.1533,-0.3731,0.2003
0.0344,0.5400,0.0597,stand,0.0000,4.8400,0.0000,nan,nan
0.1690,0.6739,0.0682,combined,1.0683,6.6800,0.1685,-0.1690,0.0009
0.0171,0.2382,0.0642,stand,0.0000,5.8800,0.0000,nan,nan
0.3168,1.9090,0.0788,lateral,0.2217,6.2600,0.1628,0.0477,0.3132
0.4504,1.7306,0.1641,turn,0.0000,5.4200,0.0000,nan,nan
0.0834,3.4879,0.0709,lateral,0.1906,7.0200,0.0426,0.0572,0.0606
0.0494,2.9583,0.0293,straight,0.1669,5.8800,0.0157,0.0487,0.0087
0.2615,0.7768,0.0746,combined,1.9234,7.0600,0.2615,-0.2326,0.1195
0.3440,0.4998,0.1656,lateral,1.2474,5.7000,0.3427,-0.1078,0.3267
0.2516,2.7119,0.1328,lateral,0.2326,6.3400,0.1591,-0.2208,0.1207
0.0278,0.1193,0.0325,stand,0.0000,7.2400,0.0000,nan,nan
0.1541,0.2962,0.0579,lateral,0.0583,4.7400,0.0583,-0.1511,0.0306
0.3655,5.4206,0.0461,combined,1.4624,7.4000,0.3650,-0.3275,0.1621
0.1625,4.4470,0.0925,combined,0.6026,6.1400,0.1625,-0.1611,0.0212
0.0827,4.4652,0.1128,straight,0.0712,6.1200,0.0515,-0.0728,0.0392
0.1764,4.2993,0.0890,turn,0.0000,5.9600,0.0000,nan,nan
0.1085,3.9002,0.1087,turn,0.0000,4.9800,0.0000,nan,nan
0.1373,3.5749,0.0880,turn,0.0000,6.1000,0.0000,nan,nan
0.1338,0.3896,0.1821,turn,0.0000,4.5800,0.0000,nan,nan
0.2616,3.3158,0.1013,straight,0.8076,4.8400,0.2616,-0.2194,0.1425
0.3493,6.1600,0.1496,turn,0.0000,7.4200,0.0000,nan,nan
0.0463,0.4136,0.0954,combined,0.5186,7.4400,0.0379,-0.0260,0.0383
0.3424,5.9763,0.0992,straight,0.9742,6.9800,0.3424,-0.2992,0.1666
0.2423,3.8549,0.1138,straight,0.7057,5.5200,0.2421,-0.2327,0.0674
0.1892,1.7592,0.1779,turn,0.0000,7.1000,0.0000,nan,nan
0.3301,3.5440,0.1787,lateral,0.8945,4.1000,0.3293,-0.1999,0.2627
0.3988,2.4612,0.0523,straight,0.7086,7.5600,0.3988,-0.3786,0.1255
0.0741,3.8257,0.1461,turn,0.0000,5.7000,0.0000,nan,nan
0.1115,0.2591,0.2089,straight,0.0076,6.9400,0.0012,0.0483,0.1004
0.4357,4.9251,0.0644,combined,0.9909,5.8400,0.4182,-0.2711,0.3411
0.3385,1.7940,0.0787,combined,0.2420,6.2200,0.2188,-0.3367,0.0339
0.0274,3.6725,0.1442,combined,1.8813,7.3000,0.0274,-0.0270,0.0047
0.2074,4.0535,0.1026,lateral,0.2859,5.8200,0.1057,-0.0318,0.2050
0.3551,5.4183,0.0409,turn,0.0000,6.8200,0.0000,nan,nan
0.2211,6.6342,0.0645,lateral,1.4962,5.9000,0.2156,-0.2146,0.0534
0.2404,2.6883,0.0554,lateral,0.0866,4.4200,0.0692,-0.0442,0.2363
0.1677,5.1926,0.1100,straight,0.9160,5.7400,0.0032,0.1646,0.0323
0.0206,0.0900,0.0336,stand,0.0000,7.1400,0.0000,nan,nan
0.2524,2.5818,0.1130,combined,0.7839,6.8600,0.2344,-0.0447,0.2484
0.1880,0.3434,0.1306,combined,0.9186,7.8200,0.0858,0.1584,0.1013
0.3678,1.8025,0.1489,combined,1.1280,7.0600,0.0982,-0.1538,0.3341
0.4535,3.3740,0.0839,straight,0.7277,4.8400,0.4490,-0.4169,0.1785
0.2227,3.4007,0.1375,turn,0.0000,5.9600,0.0000,nan,nan
0.0450,2.7668,0.0440,stand,0.0000,5.0400,0.0000,nan,nan
0.3840,3.7738,0.0377,combined,1.8085,6.7000,0.3840,-0.3584,0.1377
0.1113,2.4449,0.1010,combined,1.0281,4.1000,0.1113,-0.1059,0.0340
0.0143,1.8893,0.0402,stand,0.0000,6.7600,0.0000,nan,nan
0.4035,9.0306,0.1054,lateral,0.5526,7.8000,0.1598,0.2636,0.3056
0.4942,1.3212,0.0729,lateral,0.0537,5.6400,0.0216,0.3872,0.3070
0.4390,5.2179,0.1003,combined,1.7345,6.6600,0.4390,-0.4144,0.1450
0.1593,6.2953,0.0718,turn,0.0000,4.9200,0.0000,nan,nan
0.1356,0.9531,0.1179,turn,0.0000,5.2000,0.0000,nan,nan
0.3444,0.7365,0.1388,lateral,0.0172,7.0200,0.0006,0.1506,0.3097
0.3276,3.4961,0.0567,combined,1.6938,6.2600,0.3276,-0.3185,0.0770
0.1679,1.4840,0.0594,lateral,0.1534,6.1600,0.0532,0.1475,0.0800
0.0224,2.4746,0.0586,lateral,0.5628,4.8600,0.0149,0.0086,0.0207
0.2770,11.3285,0.1001,straight,1.2265,4.2400,0.2683,-0.1327,0.2432
0.2016,2.2085,0.1757,turn,0.0000,5.1800,0.0000,nan,nan
0.2292,2.3620,0.1244,straight,0.7577,7.8800,0.2292,-0.1085,0.2019
0.3406,5.2859,0.0425,lateral,0.8761,6.7400,0.2701,0.0415,0.3380
0.1426,3.5380,0.1227,straight,0.3235,7.1200,0.1424,-0.0275,0.1399
0.1799,8.3273,0.0825,lateral,1.3659,6.6200,0.1754,-0.0852,0.1585
0.4239,8.6130,0.0502,combined,0.4982,5.6600,0.4239,-0.4236,0.0144
0.2187,0.4836,0.1311,straight,1.0405,7.9000,0.0066,0.2119,0.0538
0.5617,5.4737,0.1571,straight,1.1164,6.3400,0.5561,-0.4783,0.2945
0.0375,3.8662,0.0559,turn,0.0000,4.1000,0.0000,nan,nan
0.1673,1.0127,0.1309,combined,0.9901,5.6000,0.1673,-0.1539,0.0655
0.1793,0.5947,0.0864,lateral,0.0964,4.5800,0.0848,-0.1671,0.0652
0.2668,0.2729,0.0528,straight,0.2070,7.3600,0.0741,0.2336,0.1290
0.5397,2.7114,0.0493,lateral,1.2693,6.4800,0.5382,-0.4701,0.2650
0.2875,2.0342,0.1227,turn,0.0000,6.0000,0.0000,nan,nan
0.3570,3.0889,0.1651,lateral,0.1654,6.1600,0.0769,0.2612,0.2433
0.3360,0.7176,0.1932,lateral,1.2114,4.4600,0.3360,-0.3097,0.1302
0.4621,3.1256,0.1895,lateral,0.2895,7.9000,0.1149,0.3197,0.3337
0.0759,2.9185,0.0910,turn,0.0000,7.5600,0.0000,nan,nan
0.1105,0.6316,0.0610,lateral,0.2073,7.3800,0.1049,-0.1062,0.0304
0.1604,2.9644,0.1128,turn,0.0000,4.5800,0.0000,nan,nan
0.4686,3.5259,0.1265,lateral,1.4245,6.8400,0.4612,-0.3955,0.2513
0.1261,1.8302,0.1797,stand,0.0000,5.3400,0.0000,nan,nan
0.3175,7.3828,0.2562,combined,1.8078,5.9200,0.3095,-0.1163,0.2955
0.1184,0.6347,0.1155,straight,0.4644,7.6600,0.0953,-0.0178,0.1171
0.0513,10.6700,0.0449,turn,0.0000,4.4800,0.0000,nan,nan
0.4093,4.4330,0.1430,straight,1.1355,4.2200,0.4093,-0.4074,0.0395
0.6870,0.7817,0.0595,straight,0.8471,6.1600,0.6701,-0.5136,0.4563
0.2244,1.8583,0.0160,combined,0.6836,4.2600,0.2244,-0.2050,0.0915
0.1232,0.5823,0.0626,turn,0.0000,4.0000,0.0000,nan,nan
0.5624,1.4428,0.2238,combined,1.5723,4.4000,0.5624,-0.5624,0.0053
0.2116,0.1783,0.1030,combined,0.5938,5.4000,0.1726,-0.0360,0.2085
0.0875,4.3664,0.1565,straight,1.6666,5.4000,0.0875,-0.0555,0.0676
0.7212,2.9407,0.1041,lateral,0.6979,4.0800,0.6872,-0.5831,0.4244
0.0578,0.5654,0.0344,stand,0.0000,7.9200,0.0000,nan,nan
0.2978,5.6888,0.0600,lateral,0.3695,5.1400,0.2836,-0.2655,0.1348
0.5116,2.1083,0.1362,turn,0.0000,7.3400,0.0000,nan,nan
0.0560,5.2504,0.0791,stand,0.0000,7.5600,0.0000,nan,nan
0.0283,0.2861,0.0546,lateral,0.1217,6.9400,0.0017,0.0177,0.0220
0.4221,5.6024,0.0932,combined,1.0162,5.6000,0.4221,-0.4016,0.1298
0.0717,0.0717,0.0256,stand,0.0000,7.5600,0.0000,nan,nan
0.1849,0.6008,0.0631,turn,0.0000,7.5200,0.0000,nan,nan
0.2759,5.3535,0.2081,combined,0.4658,7.6800,0.2715,-0.1799,0.2091
0.3772,4.7455,0.1458,lateral,1.1325,5.9000,0.3772,-0.3020,0.2260
0.2783,0.4461,0.1134,turn,0.0000,5.8400,0.0000,nan,nan
0.1824,2.6691,0.1380,combined,0.7587,4.6200,0.0316,0.1740,0.0548
0.4495,0.6288,0.0473,combined,2.0395,6.2800,0.4446,-0.3509,0.2809
0.0501,0.5324,0.0088,stand,0.0000,4.0200,0.0000,nan,nan
0.0303,1.7663,0.0385,stand,0.0000,4.2800,0.0000,nan,nan
0.6292,2.0853,0.1124,straight,1.6312,7.2800,0.6115,-0.4524,0.4372
0.2528,1.3838,0.0463,combined,0.7094,5.3400,0.2528,-0.2528,0.0015
0.1016,3.3922,0.1616,lateral,0.5753,5.1800,0.0940,0.0419,0.0926
0.3092,2.1280,0.1629,combined,2.4726,6.3600,0.3092,-0.1742,0.2555
0.0487,1.4621,0.0285,stand,0.0000,7.3600,0.0000,nan,nan
0.5905,1.1588,0.0262,combined,2.1333,6.9000,0.5905,-0.5533,0.2063
0.1953,3.0531,0.0380,lateral,1.0331,4.6600,0.1952,-0.1611,0.1103
0.3762,1.2151,0.0416,combined,0.3183,7.8000,0.1782,-0.0035,0.3762
0.1067,0.4898,0.0403,straight,0.1727,5.3800,0.0061,0.1061,0.0108
0.3644,2.3004,0.1389,combined,2.1516,6.1400,0.3642,-0.2454,0.2694
0.6592,0.0800,0.1626,combined,1.5417,4.3200,0.6592,-0.6534,0.0874
0.2640,3.7130,0.1922,lateral,1.4932,7.5600,0.2533,0.0013,0.2640
0.1159,6.0152,0.1829,combined,1.6502,5.4600,0.1159,-0.0931,0.0690
0.0297,3.9650,0.1320,turn,0.0000,7.1400,0.0000,nan,nan
0.1515,2.1114,0.1650,straight,0.5172,4.4200,0.1515,-0.1412,0.0549
0.1714,8.5395,0.2187,straight,1.8680,5.0600,0.1714,-0.1351,0.1055
0.4156,1.2480,0.1781,straight,0.9720,4.4000,0.4156,-0.4155,0.0074
0.2074,1.0079,0.1800,turn,0.0000,7.2800,0.0000,nan,nan
0.3986,2.3665,0.0632,straight,1.3760,5.4800,0.3984,-0.3846,0.1047
0.0590,0.2608,0.0136,stand,0.0000,7.5600,0.0000,nan,nan
0.2198,10.4804,0.2923,lateral,1.0427,5.6000,0.1951,0.0606,0.2113
0.2838,3.9004,0.1354,turn,0.0000,7.0400,0.0000,nan,nan
0.6955,0.0566,0.0713,lateral,1.2252,5.9600,0.6954,-0.6037,0.3454
0.1619,6.0232,0.0796,lateral,0.0106,4.1800,0.0075,-0.1247,0.1031
0.7784,1.6377,0.1411,combined,1.8021,7.7200,0.7784,-0.7007,0.3391
0.1452,6.6285,0.1541,lateral,1.2213,6.6600,0.1273,-0.1208,0.0806
0.1649,3.9161,0.0431,combined,1.1888,6.9000,0.1004,0.1495,0.0696
0.1660,1.1889,0.1806,combined,0.9403,4.9800,0.1543,-0.0713,0.1499
0.3935,8.1241,0.1002,combined,1.9851,7.7200,0.3932,-0.3637,0.1503
0.0803,6.3487,0.1095,turn,0.0000,5.9400,0.0000,nan,nan
0.1472,5.5488,0.1008,turn,0.0000,5.5400,0.0000,nan,nan
0.1517,2.2559,0.0777,turn,0.0000,7.7600,0.0000,nan,nan
0.2908,3.6571,0.0656,turn,0.0000,4.6000,0.0000,nan,nan
0.3640,1.5243,0.1959,lateral,0.1945,6.3000,0.1700,0.0372,0.3621
0.1622,1.7761,0.0309,combined,0.4157,6.0600,0.1199,-0.0852,0.1380
0.0372,2.7614,0.1568,straight,1.1607,5.7400,0.0182,0.0165,0.0333
0.0617,4.3656,0.1208,straight,1.3769,5.7000,0.0584,0.0093,0.0610
0.1285,2.9457,0.1025,turn,0.0000,6.0000,0.0000,nan,nan
0.0504,2.5764,0.0558,stand,0.0000,5.0000,0.0000,nan,nan
0.1978,1.6666,0.0889,straight,0.0129,7.9800,0.0129,-0.1877,0.0624
0.3305,16.6906,0.2698,combined,1.4750,7.6800,0.3305,-0.3241,0.0648
0.3086,4.3064,0.1423,straight,0.3969,6.7600,0.3086,-0.3081,0.0177
0.2930,0.0724,0.0470,combined,1.9917,6.1000,0.2927,-0.2912,0.0324
0.1167,12.7029,0.1775,straight,0.4221,4.1800,0.0087,0.1154,0.0174
0.0356,1.2867,0.0218,stand,0.0000,7.4800,0.0000,nan,nan
0.2738,2.2218,0.0876,combined,1.0771,4.3400,0.2738,-0.2018,0.1851
0.2197,3.1342,0.0121,combined,1.5712,7.5800,0.2197,-0.2064,0.0751
0.2268,1.6292,0.0712,turn,0.0000,6.7200,0.0000,nan,nan
0.5144,0.6881,0.1407,straight,1.5565,5.3800,0.5144,-0.5015,0.1143
0.1359,6.6497,0.0691,lateral,0.1062,5.6000,0.1052,-0.0755,0.1130
0.0959,0.9881,0.1146,straight,0.8453,7.9800,0.0959,-0.0874,0.0395
0.7172,2.7115,0.0294,combined,1.8052,5.0400,0.7172,-0.7108,0.0955
0.1155,3.9987,0.1303,turn,0.0000,7.1200,0.0000,nan,nan
0.0071,3.5037,0.0396,turn,0.0000,5.8600,0.0000,nan,nan
0.0907,3.6261,0.0343,turn,0.0000,6.1600,0.0000,nan,nan
0.3749,4.2996,0.0657,combined,1.6734,6.1000,0.3662,-0.3523,0.1282
0.8595,2.6577,0.1350,straight,1.2608,7.5000,0.8595,-0.5733,0.6404
0.4347,4.0971,0.1938,combined,1.6730,7.2600,0.4347,-0.3165,0.2980
0.3132,6.9507,0.0460,combined,1.9542,6.6800,0.3080,-0.0583,0.3077
0.5237,5.2633,0.1186,turn,0.0000,5.0000,0.0000,nan,nan
0.0617,5.9628,0.0585,straight,0.0982,4.2400,0.0027,0.0375,0.0490
0.2635,10.2515,0.1005,straight,1.5718,4.6400,0.2635,-0.2627,0.0207
0.1500,1.4918,0.1356,combined,1.7089,7.9200,0.0855,0.1370,0.0612
0.3501,11.3579,0.1626,combined,1.7389,4.2000,0.3501,-0.3134,0.1560
0.1324,0.3634,0.1080,combined,1.4030,6.1400,0.1324,-0.1199,0.0560
0.5009,4.1100,0.2269,straight,1.4939,7.9800,0.5009,-0.4568,0.2056
0.1288,1.2113,0.2016,straight,0.5248,4.7000,0.1288,-0.0918,0.0904
0.1845,1.3365,0.0561,combined,0.9726,6.0400,0.1845,-0.1491,0.1087
0.2327,3.3249,0.0590,combined,1.6798,6.6400,0.2320,-0.2272,0.0504
0.2475,5.7931,0.2072,combined,1.1731,4.2400,0.2475,-0.1955,0.1518
0.1820,2.1387,0.0486,lateral,0.2753,5.2200,0.1677,-0.1641,0.0788
0.1686,4.2953,0.1784,straight,1.8130,7.8000,0.1069,0.1251,0.1130
0.2320,4.4109,0.0774,lateral,0.8812,5.0200,0.2308,-0.2275,0.0456
0.4135,4.4865,0.1480,combined,1.8364,7.2000,0.4135,-0.3224,0.2590
0.3482,6.4006,0.2771,combined,2.0014,4.4200,0.3482,-0.2994,0.1779
0.1877,1.3054,0.1668,straight,0.5913,4.5800,0.1532,-0.0824,0.1686
0.4863,7.4895,0.2647,combined,1.3652,5.3200,0.4863,-0.4574,0.1651
0.3621,3.8057,0.1323,combined,1.8594,7.6200,0.3621,-0.3592,0.0453
0.3690,3.7816,0.0679,lateral,0.1791,4.9400,0.1774,-0.0773,0.3609
0.0482,6.4258,0.1981,combined,0.7545,6.8200,0.0313,0.0160,0.0455
0.2966,0.6820,0.0275,lateral,0.5436,5.5200,0.2770,-0.2937,0.0414
0.3369,6.5158,0.0841,straight,0.1569,4.9600,0.1368,-0.2450,0.2312
0.0916,4.4274,0.1743,lateral,0.7272,4.8000,0.0916,-0.0905,0.0136
0.2975,2.0390,0.1099,lateral,1.2953,6.0800,0.2816,-0.2260,0.1935
0.2078,2.5326,0.0347,lateral,0.6805,4.7800,0.2072,-0.1809,0.1021
0.1179,0.6850,0.2351,straight,1.4063,6.8600,0.0968,0.0315,0.1136
0.5210,1.8771,0.2006,combined,1.2062,4.8600,0.5210,-0.4543,0.2549
0.2049,6.3840,0.1654,straight,0.7730,7.0200,0.2008,-0.0706,0.1923
0.0534,2.4336,0.0451,stand,0.0000,4.4000,0.0000,nan,nan
0.3021,2.3087,0.0656,turn,0.0000,7.9800,0.0000,nan,nan
0.2220,9.1259,0.2177,turn,0.0000,4.4600,0.0000,nan,nan
0.5009,1.8071,0.2027,straight,1.9639,5.9600,0.5009,-0.4832,0.1322
0.2567,0.7970,0.0911,turn,0.0000,5.9000,0.0000,nan,nan
0.1404,4.3193,0.1393,lateral,1.0002,6.4000,0.1404,-0.1181,0.0759
0.2871,2.9467,0.1158,straight,0.5777,4.2600,0.2256,0.0261,0.2860
0.4463,2.8688,0.0684,combined,1.6387,7.1600,0.4429,-0.3952,0.2075
0.4338,7.1017,0.0638,combined,1.0747,5.8200,0.3238,0.1883,0.3908
0.2848,5.4012,0.1218,combined,0.3676,4.7600,0.1361,0.2042,0.1986
0.2463,4.0449,0.1961,combined,1.7874,5.6000,0.2463,-0.2227,0.1052
0.1399,6.3006,0.1595,turn,0.0000,4.9400,0.0000,nan,nan
0.1607,15.9520,0.0363,straight,0.6764,4.5200,0.1516,-0.1551,0.0419
0.1661,8.7948,0.0737,combined,1.1938,5.4000,0.0867,0.1567,0.0549
0.4857,1.1171,0.1471,straight,1.6430,5.2000,0.4857,-0.4850,0.0256
0.5192,3.4067,0.1399,straight,1.5464,7.3600,0.5192,-0.5126,0.0829
0.0375,0.9772,0.1012,straight,0.0041,4.4800,0.0010,-0.0178,0.0331
0.5208,6.0117,0.1464,straight,1.6086,7.2400,0.5208,-0.3946,0.3398
0.1528,9.3121,0.1869,straight,0.3422,5.2200,0.1528,-0.1478,0.0385
0.0659,1.3452,0.1166,stand,0.0000,5.7400,0.0000,nan,nan
0.0533,0.7234,0.0214,stand,0.0000,5.0600,0.0000,nan,nan
0.5234,3.3052,0.1067,straight,0.8655,4.0000,0.5224,-0.5151,0.0929
0.3889,0.4498,0.0925,combined,0.7822,7.4800,0.3889,-0.3764,0.0980
0.3127,2.8125,0.1043,straight,0.9360,4.6400,0.3127,-0.2445,0.1950
0.2400,1.9125,0.0627,combined,1.0122,5.9800,0.2379,-0.2034,0.1275
0.2363,11.3301,0.0867,combined,1.5715,5.6400,0.2328,-0.1662,0.1680
0.1108,2.7496,0.0355,straight,0.5271,7.6200,0.1077,-0.0989,0.0499
0.1150,2.5641,0.0986,lateral,0.0818,4.7400,0.0750,-0.1071,0.0417
0.2253,1.5218,0.0135,lateral,0.4823,5.2200,0.2109,-0.2223,0.0371
0.2826,5.7081,0.1261,turn,0.0000,4.7000,0.0000,nan,nan
0.1571,1.5240,0.0860,turn,0.0000,6.4400,0.0000,nan,nan
0.3081,12.4743,0.2763,combined,1.0592,7.8200,0.0640,0.2882,0.1091
0.1881,2.5877,0.1217,straight,0.6534,4.9800,0.1881,-0.1839,0.0393
0.3971,3.4773,0.2342,combined,2.0885,4.5800,0.3971,-0.3925,0.0600
0.1786,1.4674,0.1360,turn,0.0000,4.8000,0.0000,nan,nan
0.4888,8.3876,0.0319,combined,1.3964,6.2000,0.4887,-0.3637,0.3265
0.5550,0.4449,0.0993,combined,1.8899,6.0600,0.5550,-0.5443,0.1082
0.0173,1.3341,0.0507,stand,0.0000,4.2800,0.0000,nan,nan
0.0441,0.3364,0.1243,straight,0.8672,6.2400,0.0441,-0.0438,0.0050
0.0904,4.4332,0.2235,turn,0.0000,5.0400,0.0000,nan,nan
0.0637,0.9922,0.0669,turn,0.0000,6.1600,0.0000,nan,nan
0.4120,1.9517,0.0750,combined,1.9657,5.1600,0.4120,-0.4108,0.0311
0.1375,0.2697,0.2372,turn,0.0000,4.6800,0.0000,nan,nan
0.4433,3.6549,0.1114,combined,1.2979,4.9200,0.4433,-0.4316,0.1008
0.3483,3.5705,0.1295,turn,0.0000,5.5800,0.0000,nan,nan
0.1746,0.5206,0.0820,turn,0.0000,4.2200,0.0000,nan,nan
0.0887,6.0580,0.1539,lateral,1.0341,5.3000,0.0825,-0.0226,0.0858
0.5217,7.2483,0.0311,turn,0.0000,6.7800,0.0000,nan,nan
0.2847,4.5957,0.0743,turn,0.0000,4.7200,0.0000,nan,nan
0.0448,0.3548,0.0212,stand,0.0000,6.6400,0.0000,nan,nan
0.2106,4.2168,0.0909,lateral,1.0177,7.1600,0.1233,0.1376,0.1594
0.1979,0.0642,0.1208,turn,0.0000,7.4600,0.0000,nan,nan
0.1313,0.1088,0.1187,lateral,0.3797,4.0000,0.1175,-0.0941,0.0916
0.0718,0.6330,0.1529,straight,0.5017,6.4600,0.0718,-0.0019,0.0718
0.1792,3.9307,0.1341,straight,0.2962,4.3600,0.0321,0.1630,0.0744
0.3169,1.8529,0.1152,combined,0.3691,6.5600,0.1013,0.2164,0.2315
0.4436,5.6494,0.1207,turn,0.0000,6.0800,0.0000,nan,nan
0.5170,3.7005,0.0791,combined,1.3160,5.2400,0.5169,-0.4799,0.1922
0.2565,1.0484,0.1385,turn,0.0000,6.5800,0.0000,nan,nan
0.3702,2.7366,0.0255,combined,1.9820,4.5400,0.3702,-0.3688,0.0331
0.0528,3.2639,0.0696,lateral,1.3844,6.6800,0.0501,-0.0510,0.0139
0.0610,2.8895,0.0145,stand,0.0000,4.0200,0.0000,nan,nan
0.3542,1.6514,0.1660,combined,1.2242,4.3400,0.3542,-0.3447,0.0816
0.1915,2.3281,0.0789,combined,1.0591,6.3000,0.1915,-0.1830,0.0562
0.3567,5.9185,0.2320,lateral,0.2880,7.8800,0.2522,-0.1157,0.3374
0.1677,2.8617,0.1284,lateral,0.7189,7.3400,0.1504,-0.0684,0.1531
0.2264,0.5302,0.1440,turn,0.0000,4.9600,0.0000,nan,nan
0.4352,2.4352,0.2111,combined,1.6115,5.3600,0.4352,-0.2950,0.3199
0.1731,2.4741,0.0865,straight,0.0313,7.5600,0.0229,0.1633,0.0576
0.3628,1.0760,0.0587,straight,1.2083,5.6800,0.3613,-0.3134,0.1828
0.1700,4.6771,0.0306,turn,0.0000,5.7200,0.0000,nan,nan
0.1436,2.5793,0.1312,turn,0.0000,7.9800,0.0000,nan,nan
0.3358,1.9737,0.1833,straight,1.5640,6.1600,0.3358,-0.3311,0.0564
0.0305,0.6432,0.0253,stand,0.0000,7.7000,0.0000,nan,nan
0.1212,3.3933,0.1966,straight,0.9501,5.4800,0.0472,0.0939,0.0766
0.3568,4.2296,0.1701,combined,1.2395,4.8200,0.3568,-0.2328,0.2703
0.0404,0.1678,0.0452,stand,0.0000,4.7800,0.0000,nan,nan
0.2593,9.3854,0.1559,turn,0.0000,4.5000,0.0000,nan,nan
0.1542,1.6666,0.0672,turn,0.0000,6.9200,0.0000,nan,nan
0.0399,0.6970,0.0140,stand,0.0000,5.9400,0.0000,nan,nan
0.5005,0.8081,0.0461,straight,0.4561,4.2200,0.4335,-0.4106,0.2862
0.4207,2.0480,0.0544,straight,0.2250,5.0000,0.2250,-0.4133,0.0782
0.1160,3.0184,0.0587,lateral,0.5110,7.3200,0.1160,-0.1057,0.0477
0.1089,1.9125,0.1173,turn,0.0000,6.8400,0.0000,nan,nan
0.0335,0.3589,0.0648,stand,0.0000,6.8000,0.0000,nan,nan
0.1533,4.5037,0.0557,lateral,1.0792,5.9200,0.1460,-0.1531,0.0080
0.2987,3.7862,0.0639,turn,0.0000,7.0600,0.0000,nan,nan
0.1504,0.7411,0.0904,turn,0.0000,4.5600,0.0000,nan,nan
0.0377,2.7883,0.2110,stand,0.0000,6.3200,0.0000,nan,nan
0.0737,3.3060,0.0472,stand,0.0000,7.4800,0.0000,nan,nan
0.0872,6.5814,0.1813,straight,1.4754,5.7000,0.0842,0.0027,0.0871
0.0360,1.0124,0.0172,stand,0.0000,7.6600,0.0000,nan,nan
0.0715,3.0864,0.0135,stand,0.0000,4.3200,0.0000,nan,nan
0.1356,6.5520,0.1916,straight,1.1173,6.1800,0.1187,0.0885,0.1027
0.0531,4.1297,0.0087,stand,0.0000,6.9200,0.0000,nan,nan
0.2229,1.0964,0.2054,lateral,0.6960,7.8600,0.2106,-0.2193,0.0398
0.2728,8.9957,0.1056,straight,0.5985,5.8000,0.1626,0.1332,0.2381
0.3558,0.3633,0.2177,turn,0.0000,5.9400,0.0000,nan,nan
0.2229,2.4909,0.2024,lateral,0.6995,7.0800,0.0454,0.2160,0.0552
0.3530,4.8599,0.1546,turn,0.0000,4.5000,0.0000,nan,nan
0.2667,2.1817,0.1512,turn,0.0000,4.6200,0.0000,nan,nan
0.0535,8.6449,0.0219,combined,1.6225,6.0600,0.0535,-0.0405,0.0349
0.2204,0.1033,0.0613,combined,1.4290,4.8000,0.2152,-0.1823,0.1239
0.0552,2.5226,0.0419,stand,0.0000,5.0200,0.0000,nan,nan
0.0071,0.8833,0.0038,stand,0.0000,5.8000,0.0000,nan,nan
0.0959,7.9071,0.1388,combined,1.3620,5.4800,0.0959,-0.0932,0.0226
0.2606,3.6901,0.1158,lateral,0.0474,6.8600,0.0214,-0.2502,0.0728
0.2964,1.4002,0.0778,lateral,0.7760,4.1200,0.2919,-0.2016,0.2173
0.4689,4.0720,0.1839,turn,0.0000,7.7800,0.0000,nan,nan
0.0555,1.2281,0.0422,stand,0.0000,7.7800,0.0000,nan,nan
0.3411,3.2090,0.0986,turn,0.0000,4.9000,0.0000,nan,nan
0.1858,1.3025,0.0832,combined,1.8626,7.5800,0.1858,-0.0797,0.1678
0.4154,4.5063,0.0655,straight,0.8889,6.8000,0.4150,-0.3041,0.2830
0.2652,8.5794,0.1086,turn,0.0000,4.7400,0.0000,nan,nan
0.0542,1.2426,0.0211,stand,0.0000,5.7600,0.0000,nan,nan
0.1325,2.0025,0.0813,turn,0.0000,4.9800,0.0000,nan,nan
0.4506,8.7498,0.0698,lateral,0.3725,6.0600,0.1573,0.2681,0.3622
0.3015,2.3378,0.1524,lateral,0.3531,5.2000,0.0862,0.1841,0.2388
0.1522,0.3975,0.1397,combined,1.4066,5.6200,0.1345,-0.0287,0.1494
0.3556,3.3421,0.2161,combined,1.3589,4.1000,0.3556,-0.3214,0.1522
0.1985,7.8616,0.0732,lateral,0.4218,6.7200,0.1940,-0.1610,0.1160
0.3178,2.6073,0.0666,combined,0.9530,6.3400,0.3159,-0.2344,0.2147
0.0802,1.9446,0.1348,lateral,0.2375,7.8400,0.0727,-0.0186,0.0780
0.2297,0.5600,0.1286,turn,0.0000,7.0000,0.0000,nan,nan
0.3877,3.5100,0.1000,combined,1.8821,7.3800,0.3877,-0.3871,0.0213
0.2988,2.6075,0.1335,turn,0.0000,7.8800,0.0000,nan,nan
0.5479,6.5835,0.0537,straight,1.0975,5.3400,0.5479,-0.4479,0.3156
0.3691,3.9088,0.1698,lateral,1.1863,5.0800,0.3642,-0.2715,0.2500
0.2142,1.8254,0.0447,straight,0.1649,4.5000,0.1649,-0.2118,0.0318
0.5883,5.0170,0.1745,combined,1.5144,7.0200,0.5869,-0.5663,0.1593
0.1487,5.2094,0.1864,lateral,0.7647,7.2800,0.1367,-0.0427,0.1425
0.2764,4.6650,0.2393,lateral,0.8706,6.1200,0.1824,0.1237,0.2471
0.3487,7.6672,0.0925,combined,1.6875,4.9600,0.3487,-0.3376,0.0874
0.1305,7.9721,0.1621,straight,0.5745,5.6400,0.0241,0.1297,0.0142
0.2127,2.6562,0.0563,lateral,1.0799,5.3800,0.1994,-0.1313,0.1673
0.0630,0.4251,0.1162,turn,0.0000,6.0600,0.0000,nan,nan
0.1681,4.6254,0.2336,turn,0.0000,7.8200,0.0000,nan,nan
0.4448,2.1047,0.1780,combined,1.6244,4.4800,0.4448,-0.4439,0.0283
0.3800,3.9383,0.0590,combined,1.2048,6.4600,0.3774,-0.3785,0.0338
0.3173,3.5780,0.1997,combined,0.7138,5.9600,0.3020,-0.3024,0.0962
0.2252,2.6061,0.0966,combined,1.4474,6.9800,0.2252,-0.2223,0.0364
0.1755,0.6910,0.1466,lateral,1.0907,7.4600,0.1738,-0.1571,0.0782
0.5878,6.5561,0.2438,combined,1.3090,4.2800,0.5878,-0.5422,0.2269
0.2488,11.6044,0.1676,turn,0.0000,6.3000,0.0000,nan,nan
0.0580,0.1146,0.0287,stand,0.0000,6.5600,0.0000,nan,nan
0.3178,6.0172,0.1500,straight,0.5311,5.3000,0.3178,-0.3165,0.0281
0.1277,0.0734,0.1256,lateral,0.8125,6.5200,0.0168,0.1266,0.0167
0.0554,0.9398,0.0692,stand,0.0000,4.4200,0.0000,nan,nan
0.3123,1.1090,0.2394,combined,1.5912,7.0000,0.3123,-0.2457,0.1927
0.0959,6.4134,0.1993,straight,0.9387,7.6000,0.0793,0.0222,0.0933
0.0114,0.8371,0.1892,combined,1.5407,5.6600,0.0114,-0.0109,0.0032
0.1115,2.7699,0.1370,combined,0.7336,6.4000,0.1115,-0.0874,0.0692
0.2211,1.9173,0.1570,combined,0.7590,7.7800,0.1309,0.1715,0.1396
0.0463,0.9203,0.0080,stand,0.0000,5.5800,0.0000,nan,nan
0.2790,1.0336,0.2286,lateral,1.0551,6.6800,0.2713,-0.0240,0.2779
0.0455,1.5538,0.0205,straight,0.4513,7.8000,0.0139,0.0044,0.0453
0.2533,0.6814,0.1124,lateral,0.6626,7.5200,0.2396,-0.1734,0.1846
0.0857,0.2653,0.0197,combined,1.4168,7.8000,0.0857,-0.0845,0.0140
0.0401,5.5322,0.1340,turn,0.0000,7.4800,0.0000,nan,nan
0.0908,0.7944,0.0143,stand,0.0000,6.9800,0.0000,nan,nan
0.3286,3.4798,0.0955,straight,0.3531,6.3400,0.3132,-0.3205,0.0728
0.2934,2.1596,0.1561,turn,0.0000,4.3600,0.0000,nan,nan
0.5880,2.5359,0.1261,turn,0.0000,6.6400,0.0000,nan,nan
0.3538,3.1616,0.0796,straight,0.1949,7.6400,0.1207,0.1836,0.3024
0.0074,0.4934,0.0311,stand,0.0000,6.3600,0.0000,nan,nan
0.3547,0.7009,0.1612,lateral,1.0935,5.3200,0.3510,-0.2176,0.2801
0.3226,0.1129,0.2125,combined,1.8708,5.9000,0.3226,-0.2755,0.1677
0.0754,4.3453,0.0685,stand,0.0000,6.0600,0.0000,nan,nan
0.0212,0.5294,0.0531,stand,0.0000,6.8600,0.0000,nan,nan
0.4784,5.6989,0.0600,straight,0.9159,4.3800,0.4750,-0.4780,0.0192
0.6321,2.5724,0.1231,combined,0.8072,7.5200,0.6279,-0.4565,0.4373
0.1294,0.8796,0.1443,turn,0.0000,7.7400,0.0000,nan,nan
0.2484,0.4508,0.0441,lateral,1.0810,6.4400,0.2062,0.0824,0.2343
0.0500,4.2391,0.1126,turn,0.0000,4.0200,0.0000,nan,nan
0.4562,0.7720,0.0943,combined,1.9231,6.2200,0.4562,-0.2918,0.3507
0.2028,1.1002,0.1503,straight,1.7406,7.0800,0.2012,-0.1994,0.0370
0.4430,5.4599,0.2108,combined,1.4572,5.6000,0.4430,-0.4138,0.1580
0.2120,2.1610,0.0264,lateral,1.4063,7.2400,0.2085,-0.1130,0.1794
0.0408,0.7417,0.0343,stand,0.0000,6.0400,0.0000,nan,nan
0.1712,1.3955,0.1985,straight,0.5077,5.3800,0.1712,-0.1712,0.0020
0.5671,0.7011,0.2231,lateral,1.4800,7.2600,0.5671,-0.4990,0.2695
0.4050,11.3505,0.1585,combined,2.0358,7.6600,0.4050,-0.3527,0.1991
0.3601,0.3056,0.0616,combined,1.1579,7.5800,0.3043,0.0492,0.3567
0.1108,0.4580,0.0695,turn,0.0000,7.4400,0.0000,nan,nan
0.3623,2.5984,0.2258,lateral,0.7309,4.8000,0.3623,-0.2122,0.2937
0.3315,4.4830,0.1067,straight,0.7734,7.4400,0.1814,0.1382,0.3013
0.6110,8.1044,0.1993,straight,1.5606,4.6400,0.6110,-0.5498,0.2664
0.0827,0.9630,0.1248,straight,0.2071,4.8800,0.0669,-0.0053,0.0825
1.0004,2.7947,0.1889,straight,1.7888,5.3200,0.9955,-0.7690,0.6398
0.0804,0.2815,0.0225,stand,0.0000,5.9400,0.0000,nan,nan
0.1850,4.8001,0.0802,straight,1.6489,5.7200,0.1816,-0.1845,0.0127
0.1045,1.1505,0.1437,straight,1.2133,7.9800,0.0694,0.0209,0.1024
0.2926,0.5736,0.0421,combined,1.1714,6.9400,0.2645,-0.2838,0.0711
0.1386,1.5461,0.1196,combined,1.9501,7.6800,0.0789,0.0083,0.1384
0.1626,0.2720,0.1401,straight,1.9470,7.5400,0.1626,-0.1464,0.0708
0.6413,5.7889,0.2072,turn,0.0000,6.3400,0.0000,nan,nan
0.5052,7.4362,0.1165,lateral,0.6270,7.6200,0.4686,-0.3796,0.3333
0.1735,2.9409,0.0314,straight,0.8681,6.4600,0.1711,-0.1685,0.0414
0.1197,1.2899,0.1140,combined,1.1522,7.7600,0.0982,0.0178,0.1184
0.4831,6.0474,0.1261,straight,1.5353,6.1800,0.4831,-0.4406,0.1981
0.1220,5.0120,0.1921,lateral,0.4296,7.7400,0.0820,-0.1220,0.0011
0.1892,0.7323,0.1379,turn,0.0000,7.3800,0.0000,nan,nan
0.4830,4.8973,0.0547,straight,1.0837,7.2600,0.4830,-0.4247,0.2299
0.3856,3.7597,0.0416,straight,1.8848,6.9200,0.3856,-0.3647,0.1252
0.3106,3.4749,0.2254,turn,0.0000,5.2400,0.0000,nan,nan
0.1387,1.3527,0.1945,turn,0.0000,5.8400,0.0000,nan,nan
0.5044,0.4932,0.1232,combined,2.0416,5.8800,0.5044,-0.5034,0.0315
0.2904,0.2359,0.0458,straight,0.5663,6.0000,0.2751,-0.1590,0.2430
0.0789,4.5793,0.1812,combined,0.2758,4.2600,0.0697,-0.0426,0.0664
0.0125,0.9833,0.0285,stand,0.0000,7.0800,0.0000,nan,nan
0.1656,3.6208,0.2143,turn,0.0000,7.7200,0.0000,nan,nan
0.2683,4.2355,0.0862,straight,1.3801,5.6000,0.2683,-0.1997,0.1792
0.1850,1.0300,0.0661,turn,0.0000,5.3000,0.0000,nan,nan
0.1895,3.3155,0.1069,straight,1.9157,7.0800,0.0837,0.1202,0.1465
0.0312,1.4804,0.0429,stand,0.0000,5.4200,0.0000,nan,nan
0.3253,9.4125,0.2554,combined,1.4204,6.8800,0.3095,0.0233,0.3245
0.1527,7.0802,0.1077,lateral,0.7358,6.4800,0.1467,-0.1047,0.1112
0.0538,1.8162,0.0195,stand,0.0000,6.4000,0.0000,nan,nan
0.5017,6.0468,0.0345,lateral,1.2804,7.8000,0.4780,-0.3964,0.3075
0.0206,0.6939,0.0348,stand,0.0000,7.2400,0.0000,nan,nan
0.4226,9.4742,0.2269,turn,0.0000,5.1400,0.0000,nan,nan
0.1722,1.0601,0.1973,straight,0.0565,6.0200,0.0384,-0.1422,0.0970
0.1875,0.8107,0.0774,combined,0.9486,4.7400,0.1875,-0.1784,0.0579
0.1176,1.4772,0.0398,turn,0.0000,5.8600,0.0000,nan,nan
0.1570,2.4361,0.1535,turn,0.0000,7.0000,0.0000,nan,nan
0.2224,3.9966,0.0155,lateral,0.8069,5.5000,0.1770,-0.0025,0.2224
0.0771,1.7297,0.0128,stand,0.0000,4.7400,0.0000,nan,nan
0.0328,1.4501,0.0271,stand,0.0000,7.7800,0.0000,nan,nan
0.3911,0.6490,0.0308,straight,0.7627,7.1200,0.3863,-0.3911,0.0031
0.3325,4.8726,0.0384,turn,0.0000,4.5800,0.0000,nan,nan
0.3517,3.3032,0.1180,turn,0.0000,7.4000,0.0000,nan,nan
0.0590,1.5348,0.0188,stand,0.0000,6.3000,0.0000,nan,nan
0.1624,0.5095,0.0372,combined,1.6236,7.6400,0.0904,0.1343,0.0912
0.1721,2.5584,0.0760,turn,0.0000,5.9400,0.0000,nan,nan
0.2235,1.3212,0.1359,straight,1.2400,7.0400,0.0315,0.2175,0.0514
0.1902,1.7837,0.0356,combined,2.0155,6.5800,0.1713,-0.1786,0.0653
0.5965,1.0060,0.1097,combined,1.1849,4.4000,0.5965,-0.5762,0.1545
0.0563,2.8319,0.0170,stand,0.0000,7.6000,0.0000,nan,nan
0.1176,4.0053,0.2286,combined,1.0212,5.7800,0.0997,-0.0367,0.1117
0.0593,4.4937,0.1124,turn,0.0000,6.8200,0.0000,nan,nan
0.2708,3.5453,0.0250,combined,1.1871,4.3200,0.2708,-0.2584,0.0810
0.3150,5.4058,0.1434,straight,0.4465,5.9600,0.1880,0.1231,0.2900
0.1676,5.5550,0.1442,turn,0.0000,5.9400,0.0000,nan,nan
0.0186,0.3354,0.0012,stand,0.0000,5.5800,0.0000,nan,nan
0.2633,2.9473,0.1239,turn,0.0000,6.6200,0.0000,nan,nan
0.4458,7.1912,0.1059,combined,2.2050,6.8800,0.4458,-0.4009,0.1950
0.3660,0.6709,0.1290,lateral,0.9154,4.0200,0.3660,-0.3639,0.0398
0.0581,1.5179,0.0812,stand,0.0000,6.2400,0.0000,nan,nan
0.0841,10.7193,0.1331,turn,0.0000,7.6200,0.0000,nan,nan
0.3986,6.4755,0.1137,lateral,1.2547,5.0400,0.3895,-0.2734,0.2900
0.7561,3.5784,0.0674,combined,1.4475,4.1600,0.7561,-0.7258,0.2119
0.2250,5.9689,0.2191,combined,0.8162,6.2400,0.1614,0.1610,0.1571
0.1199,1.5173,0.0787,lateral,0.1070,4.9200,0.0401,0.0116,0.1193
0.4468,0.1133,0.0957,combined,0.9895,6.1400,0.4278,-0.2122,0.3932
0.2737,0.1467,0.0635,straight,1.3642,5.8600,0.2734,-0.2726,0.0245
0.3638,2.5412,0.0844,turn,0.0000,6.1000,0.0000,nan,nan
0.2984,5.7835,0.1514,straight,1.3519,6.4000,0.2984,-0.2928,0.0578
0.2502,4.8156,0.0726,lateral,0.0533,4.2000,0.0533,-0.1176,0.2209
0.0934,3.0987,0.0899,turn,0.0000,7.7200,0.0000,nan,nan
0.4321,0.2181,0.1856,straight,1.6886,4.5600,0.4321,-0.4321,0.0002
0.4036,10.1219,0.1385,straight,1.0731,7.2000,0.3990,-0.3066,0.2624
0.1249,1.7480,0.0389,straight,0.7261,7.3000,0.0732,-0.0166,0.1238
0.2721,4.0750,0.0980,straight,0.9674,5.4200,0.2721,-0.2651,0.0612
0.3231,1.1273,0.0716,combined,1.3556,7.6200,0.3231,-0.2903,0.1418
0.0717,0.5761,0.0105,stand,0.0000,6.3800,0.0000,nan,nan
0.1043,2.3834,0.0542,lateral,0.2585,4.9800,0.1037,-0.0523,0.0902
0.5688,2.2430,0.0304,combined,1.4997,7.1000,0.5674,-0.4633,0.3299
0.3020,0.4783,0.2360,straight,0.6627,7.6800,0.2809,-0.3020,0.0026
0.1757,2.5404,0.1343,combined,1.4332,7.6000,0.1757,-0.1607,0.0709
0.0680,0.6724,0.0685,turn,0.0000,5.7200,0.0000,nan,nan
0.7884,5.3790,0.0790,lateral,1.0527,5.1200,0.7699,-0.6600,0.4312
0.0109,4.3751,0.0199,stand,0.0000,5.6200,0.0000,nan,nan
0.0368,0.1729,0.0363,stand,0.0000,6.8200,0.0000,nan,nan
0.7224,2.8159,0.0898,combined,0.9219,7.3800,0.7067,-0.6392,0.3365
0.2116,4.2807,0.0731,combined,1.1186,5.4000,0.1859,-0.0173,0.2109
0.2314,2.1454,0.2595,combined,1.4266,6.0400,0.2000,-0.1102,0.2035
0.4848,2.9876,0.0913,straight,0.8896,4.3000,0.4848,-0.4789,0.0756
0.0511,7.3450,0.1097,lateral,1.4143,5.5600,0.0456,-0.0178,0.0479
0.3807,5.9618,0.1674,straight,0.2966,7.5600,0.1417,0.2706,0.2677
0.6014,1.5435,0.1661,lateral,1.4856,5.1000,0.6014,-0.5851,0.1392
0.1646,2.4297,0.1531,combined,0.9681,7.3000,0.1613,-0.1583,0.0451
0.0291,4.7594,0.0877,combined,1.0028,7.4000,0.0291,-0.0252,0.0145
0.3295,0.4256,0.2136,combined,1.6161,4.3200,0.3274,-0.2417,0.2240
0.2625,0.4812,0.0716,lateral,0.7931,4.9800,0.2605,-0.0260,0.2612
0.1894,0.3889,0.1429,turn,0.0000,6.0400,0.0000,nan,nan
0.1153,4.2591,0.1750,straight,0.7515,5.5800,0.1132,-0.1020,0.0538
0.3199,1.9537,0.2120,turn,0.0000,5.5200,0.0000,nan,nan
0.2271,2.9863,0.0762,combined,2.1544,6.9800,0.2265,-0.1378,0.1805
0.2233,1.1261,0.2066,turn,0.0000,4.8000,0.0000,nan,nan
0.1123,0.9567,0.1702,lateral,0.4253,7.3200,0.0897,-0.1093,0.0257
0.4727,1.6849,0.1669,lateral,1.3975,7.6200,0.4727,-0.2225,0.4171
0.3668,7.1629,0.1520,turn,0.0000,6.8800,0.0000,nan,nan
0.4843,2.3381,0.1327,combined,2.1614,4.8400,0.4843,-0.4687,0.1219
0.4798,30.2579,0.1218,straight,0.9343,6.7600,0.2788,0.1878,0.4415
0.4120,5.1181,0.0151,combined,2.0996,6.1600,0.4070,-0.4026,0.0872
0.2914,1.6447,0.0537,combined,0.9681,4.6800,0.2880,-0.2158,0.1958
0.1854,3.9199,0.1001,lateral,1.3609,7.2200,0.1823,-0.1587,0.0958
0.1768,3.1865,0.2575,combined,1.0097,4.1600,0.1684,-0.1625,0.0697
0.3349,4.0402,0.0696,lateral,0.2793,4.7200,0.2435,-0.2408,0.2327
0.3835,2.6798,0.0267,combined,0.9488,4.0000,0.3834,-0.3721,0.0927
0.3409,3.0798,0.1293,straight,0.0736,5.7400,0.0736,-0.3383,0.0427
0.3109,11.0158,0.1396,turn,0.0000,4.9000,0.0000,nan,nan
0.3217,4.2916,0.0420,combined,1.4665,6.6800,0.2239,-0.0469,0.3182
0.4868,0.0972,0.3114,combined,2.4102,4.3000,0.4868,-0.4161,0.2527
0.4940,1.4539,0.2633,lateral,1.4239,5.3600,0.4940,-0.4707,0.1501
0.4273,1.2530,0.1405,lateral,0.5815,7.5200,0.2840,0.1011,0.4152
0.0154,2.1244,0.0092,stand,0.0000,7.4200,0.0000,nan,nan
0.5290,6.5350,0.1259,straight,1.8621,4.4400,0.5290,-0.5231,0.0789
0.0155,3.0914,0.0736,turn,0.0000,6.2800,0.0000,nan,nan
0.0447,6.6905,0.0251,stand,0.0000,6.0800,0.0000,nan,nan
0.1130,1.7892,0.0965,lateral,0.5047,4.0000,0.1076,-0.1111,0.0207
0.1382,10.3673,0.2252,turn,0.0000,4.0400,0.0000,nan,nan
0.1034,9.1137,0.1574,turn,0.0000,4.0400,0.0000,nan,nan
0.1319,0.1602,0.0763,turn,0.0000,4.0600,0.0000,nan,nan
0.4577,2.3060,0.0759,turn,0.0000,4.0600,0.0000,nan,nan
0.1634,4.1774,0.1513,turn,0.0000,4.0600,0.0000,nan,nan
0.4268,3.1374,0.1562,combined,1.1591,4.0600,0.4268,-0.4266,0.0148
0.2721,5.3758,0.2647,lateral,1.2126,4.1000,0.2721,-0.2557,0.0930
0.0899,4.0546,0.0129,lateral,0.0924,4.0800,0.0713,-0.0719,0.0539
0.0766,2.7163,0.0648,turn,0.0000,4.1200,0.0000,nan,nan
0.0567,2.4386,0.1985,stand,0.0000,4.1200,0.0000,nan,nan
0.4223,4.5936,0.1320,turn,0.0000,4.1200,0.0000,nan,nan
0.4178,1.1141,0.1616,lateral,1.3636,4.1400,0.4178,-0.3945,0.1377
0.3641,3.8559,0.1962,combined,0.9857,4.1400,0.3641,-0.3634,0.0213
0.4562,5.9307,0.1592,combined,1.8878,4.1400,0.4562,-0.4555,0.0265
0.2230,9.1343,0.0832,turn,0.0000,4.1600,0.0000,nan,nan
0.1753,0.6444,0.1725,turn,0.0000,4.1800,0.0000,nan,nan
0.3144,7.6142,0.0946,combined,1.8296,4.2000,0.3144,-0.2299,0.2145
0.3875,3.2313,0.1525,straight,0.2111,4.2000,0.2111,-0.3688,0.1190
0.2107,1.9889,0.1430,combined,0.6495,4.2200,0.1695,-0.1064,0.1818
0.1343,2.0843,0.2348,lateral,0.7070,4.2400,0.1343,-0.0936,0.0964
0.3413,5.3220,0.1118,combined,0.3293,4.2800,0.1714,-0.1567,0.3032
0.4984,2.2957,0.2191,combined,1.9177,4.2800,0.4984,-0.4855,0.1124
0.0766,1.8295,0.0333,stand,0.0000,4.2800,0.0000,nan,nan
0.0574,0.0380,0.1756,stand,0.0000,4.3600,0.0000,nan,nan
0.1443,5.2457,0.0831,turn,0.0000,4.7400,0.0000,nan,nan
0.3589,4.7236,0.1322,combined,0.4205,4.4000,0.2863,-0.2812,0.2231
0.5076,6.8081,0.2046,combined,1.1922,4.4200,0.5076,-0.4962,0.1072
0.0914,7.8730,0.0481,stand,0.0000,4.4200,0.0000,nan,nan
0.2078,1.1990,0.1059,combined,1.3504,5.1400,0.2078,-0.2061,0.0260
0.3996,8.4961,0.0644,combined,1.5425,4.5000,0.3996,-0.3840,0.1108
0.1398,4.9028,0.2080,straight,0.4190,4.5200,0.1346,-0.1265,0.0595
0.2089,1.3246,0.0469,turn,0.0000,4.5200,0.0000,nan,nan
0.4958,8.1306,0.2080,lateral,1.3725,4.5400,0.4872,-0.4876,0.0900
0.2056,3.7594,0.1723,combined,1.4264,4.5800,0.2056,-0.1935,0.0697
0.1587,9.9613,0.1026,combined,0.8881,4.5800,0.1551,-0.0972,0.1255
0.2586,2.7705,0.0958,lateral,1.0058,4.5800,0.2586,-0.1961,0.1686
0.6314,5.2877,0.1294,combined,1.9410,4.6000,0.6314,-0.6298,0.0443
0.3305,2.9371,0.1123,combined,1.6710,4.6600,0.3305,-0.3219,0.0751
0.4572,1.2873,0.1612,straight,1.7560,4.6800,0.4572,-0.4330,0.1468
0.1347,0.4054,0.2022,turn,0.0000,4.6800,0.0000,nan,nan
0.3483,2.4871,0.1628,turn,0.0000,4.7200,0.0000,nan,nan
0.0586,0.2725,0.1237,lateral,0.4538,4.7200,0.0586,-0.0586,0.0012
0.2556,3.6036,0.0471,lateral,1.2139,4.7200,0.2556,-0.0796,0.2428
0.0414,1.6053,0.1414,turn,0.0000,7.0800,0.0000,nan,nan
0.7406,5.6782,0.2109,combined,1.9678,4.7400,0.7406,-0.7294,0.1284
0.2287,5.3780,0.0082,lateral,0.7085,4.7600,0.2258,-0.0820,0.2135
0.2815,0.9807,0.1502,lateral,0.7852,4.7800,0.2796,-0.2472,0.1347
0.2499,5.5093,0.1475,combined,1.2955,4.7800,0.0319,0.2347,0.0857
0.2609,6.2913,0.1860,turn,0.0000,4.8000,0.0000,nan,nan
0.5853,3.8434,0.1705,combined,1.5891,4.8000,0.5853,-0.5766,0.1003
0.1430,10.6065,0.2618,straight,1.8819,4.8400,0.1430,-0.1420,0.0169
0.2436,11.4047,0.1252,combined,1.3413,4.8400,0.2436,-0.1954,0.1455
0.2038,1.2510,0.0718,turn,0.0000,4.9000,0.0000,nan,nan
0.2180,7.3162,0.0821,turn,0.0000,4.9200,0.0000,nan,nan
0.1884,2.8853,0.0554,combined,1.0663,4.9200,0.1884,-0.1870,0.0231
0.2851,0.8347,0.0238,combined,1.1502,4.9200,0.2846,-0.2698,0.0922
0.5267,2.5722,0.2096,straight,1.8133,4.9200,0.5267,-0.4771,0.2231
0.0436,2.0748,0.0475,stand,0.0000,4.9200,0.0000,nan,nan
0.4886,5.3423,0.1795,straight,1.6067,4.9200,0.4886,-0.4804,0.0894
0.3222,0.9150,0.1636,straight,1.0393,4.9200,0.3222,-0.3199,0.0385
0.0290,2.7467,0.0765,turn,0.0000,5.4000,0.0000,nan,nan
0.1457,0.6497,0.0584,lateral,0.3574,4.9600,0.1200,-0.1328,0.0599
0.1244,8.9715,0.1347,turn,0.0000,4.2400,0.0000,nan,nan
0.1731,4.3687,0.1691,straight,0.8299,5.0200,0.1731,-0.1380,0.1045
0.7183,1.7176,0.0776,straight,1.6051,5.0400,0.7183,-0.6163,0.3689
0.4041,4.0990,0.1258,lateral,1.1268,5.0600,0.4041,-0.3982,0.0688
0.1640,2.7601,0.0749,turn,0.0000,5.0800,0.0000,nan,nan
0.1279,1.9803,0.1421,turn,0.0000,5.1000,0.0000,nan,nan
0.1234,0.5771,0.1531,lateral,0.2954,5.1000,0.0803,0.0232,0.1212
0.4530,4.5733,0.1431,combined,1.1485,5.1200,0.4401,-0.3018,0.3378
0.4451,3.8764,0.1655,straight,0.9071,5.1400,0.4451,-0.4070,0.1801
0.5809,4.0873,0.1437,straight,0.8301,5.1400,0.5781,-0.4574,0.3582
0.1442,4.8616,0.1489,lateral,0.4788,5.1600,0.1441,-0.0397,0.1386
0.4754,3.8432,0.1648,combined,1.6141,5.1600,0.4754,-0.4683,0.0822
0.1141,5.1120,0.2112,lateral,0.4578,5.1600,0.1030,0.0581,0.0983
0.1168,7.5831,0.0290,stand,0.0000,5.1600,0.0000,nan,nan
0.1515,1.2969,0.0704,turn,0.0000,5.1800,0.0000,nan,nan
0.1704,7.2972,0.2888,combined,1.1371,5.2000,0.1578,-0.0476,0.1637
0.3272,5.3104,0.2258,lateral,0.9679,5.2000,0.3272,-0.3042,0.1204
0.2043,8.9323,0.1447,straight,1.7052,5.2400,0.2043,-0.1496,0.1391
0.2554,4.1302,0.1492,straight,0.2223,5.2600,0.2223,-0.2020,0.1564
0.1967,3.1533,0.0711,combined,1.5009,5.2800,0.1883,-0.1335,0.1445
0.2772,2.3319,0.1221,straight,0.7158,5.3600,0.2699,-0.1703,0.2188
0.0422,4.6687,0.1046,straight,0.1111,5.3800,0.0422,-0.0083,0.0413
0.6004,6.0731,0.0409,combined,2.1775,5.3800,0.6004,-0.5238,0.2935
0.3029,3.7594,0.2334,combined,1.0079,5.3800,0.3029,-0.3008,0.0349
0.1632,3.0123,0.0584,lateral,1.0798,5.3800,0.1629,-0.1504,0.0633
0.1700,2.3232,0.1818,turn,0.0000,5.3800,0.0000,nan,nan
0.3327,3.3330,0.0311,lateral,1.4145,5.4000,0.3327,-0.2730,0.1901
0.3467,3.1177,0.0799,straight,1.0392,5.4200,0.3467,-0.3466,0.0050
0.1414,2.2041,0.0737,straight,0.5452,5.4600,0.1414,-0.0925,0.1070
0.4058,0.0566,0.0842,combined,1.4050,6.0800,0.4044,-0.3886,0.1168
0.2973,4.0336,0.1973,turn,0.0000,5.4800,0.0000,nan,nan
0.3371,8.4888,0.2057,turn,0.0000,5.5000,0.0000,nan,nan
0.2990,4.8569,0.0955,turn,0.0000,5.5000,0.0000,nan,nan
0.3914,1.9699,0.2990,combined,2.1429,5.5000,0.3914,-0.3874,0.0559
0.5270,6.7258,0.1183,combined,1.1217,5.5200,0.5270,-0.5262,0.0295
0.0423,1.4469,0.0169,stand,0.0000,5.5600,0.0000,nan,nan
0.1891,8.2098,0.2563,combined,0.6797,5.5600,0.0665,0.1613,0.0987
0.1870,3.1836,0.0664,turn,0.0000,5.5800,0.0000,nan,nan
0.0865,0.8540,0.0562,lateral,0.2424,5.5800,0.0164,0.0579,0.0642
0.2033,1.2846,0.1730,combined,1.7757,5.6200,0.2033,-0.1735,0.1060
0.3457,4.4689,0.0417,combined,1.7743,5.6400,0.3457,-0.3198,0.1315
0.0374,5.9018,0.1433,combined,0.8989,5.6600,0.0053,0.0366,0.0074
0.2103,0.1958,0.0775,turn,0.0000,5.6800,0.0000,nan,nan
0.3252,6.0187,0.1300,combined,1.6697,5.6800,0.3172,-0.0786,0.3156
0.0901,5.7666,0.1471,combined,0.7367,5.7000,0.0856,-0.0396,0.0810
0.0819,1.4662,0.0517,stand,0.0000,5.7400,0.0000,nan,nan
0.0587,8.8293,0.0253,stand,0.0000,5.7400,0.0000,nan,nan
0.1419,1.3360,0.0705,straight,0.7002,5.7400,0.1004,0.0762,0.1196
0.0329,1.5403,0.0392,stand,0.0000,5.7400,0.0000,nan,nan
0.0826,4.3235,0.0156,stand,0.0000,5.7600,0.0000,nan,nan
0.1045,6.9365,0.1732,lateral,0.8044,5.7600,0.0885,0.0527,0.0903
0.4205,7.0509,0.0946,combined,0.5075,5.7600,0.3064,-0.0186,0.4201
0.4843,8.0953,0.1700,turn,0.0000,5.7800,0.0000,nan,nan
0.1082,2.2683,0.0663,turn,0.0000,5.7800,0.0000,nan,nan
0.0861,3.5801,0.0942,straight,0.1247,5.7800,0.0706,-0.0010,0.0861
0.2966,1.2816,0.1374,turn,0.0000,5.8000,0.0000,nan,nan
0.1389,2.7480,0.0598,lateral,0.5039,5.8200,0.1042,-0.0148,0.1381
0.5968,4.6593,0.1515,straight,1.8649,5.8400,0.5968,-0.5959,0.0328
0.1220,10.4668,0.0450,stand,0.0000,5.8600,0.0000,nan,nan
0.1861,0.5288,0.0682,turn,0.0000,5.8600,0.0000,nan,nan
0.1204,3.4101,0.0491,lateral,1.2292,5.8800,0.0331,0.0973,0.0709
0.1808,3.0971,0.1514,turn,0.0000,5.9000,0.0000,nan,nan
0.3707,4.1665,0.0874,turn,0.0000,5.9200,0.0000,nan,nan
0.3678,0.8258,0.0525,lateral,0.0914,5.9400,0.0703,0.0490,0.3646
0.2531,6.0114,0.1380,turn,0.0000,5.9400,0.0000,nan,nan
0.3477,0.9426,0.0741,straight,1.6560,5.9600,0.3477,-0.3466,0.0269
0.1844,2.3617,0.2970,lateral,1.1315,5.9600,0.1701,0.0237,0.1829
0.1095,1.6320,0.1379,turn,0.0000,6.0400,0.0000,nan,nan
0.1164,6.1763,0.2272,lateral,0.9223,6.0400,0.1095,-0.0892,0.0747
0.2902,0.6039,0.0627,turn,0.0000,6.0600,0.0000,nan,nan
0.3667,1.7996,0.0205,lateral,1.1761,6.0600,0.3667,-0.0997,0.3529
0.3307,5.0503,0.1256,straight,0.9276,6.0600,0.3307,-0.3101,0.1150
0.0835,4.4916,0.0531,lateral,0.9828,6.0600,0.0835,-0.0477,0.0686
0.5934,0.5918,0.1732,combined,2.2550,6.0800,0.5934,-0.5024,0.3158
0.3567,0.9265,0.1163,lateral,0.3687,6.0800,0.2907,-0.1463,0.3253
0.1037,0.5042,0.1406,stand,0.0000,6.1000,0.0000,nan,nan
0.0803,0.4263,0.0620,stand,0.0000,6.1000,0.0000,nan,nan
0.1640,1.2871,0.1128,straight,1.7596,6.1200,0.1589,-0.0522,0.1554
0.5758,8.8043,0.0549,turn,0.0000,6.1400,0.0000,nan,nan
0.3781,0.9545,0.0434,combined,1.2093,6.1400,0.3740,-0.3735,0.0590
0.3058,3.1025,0.0756,combined,1.6279,6.1400,0.2833,-0.0072,0.3057
0.2299,4.4248,0.0912,combined,0.8046,6.1600,0.2277,-0.2204,0.0653
0.1944,1.9459,0.0889,combined,0.3715,6.1600,0.1827,-0.1836,0.0637
0.0888,2.9425,0.0133,stand,0.0000,6.1600,0.0000,nan,nan
0.0807,0.2402,0.0334,stand,0.0000,6.1800,0.0000,nan,nan
0.0673,0.1657,0.1628,turn,0.0000,6.1800,0.0000,nan,nan
0.1492,6.3795,0.2451,combined,0.4834,6.1800,0.0254,-0.0130,0.1486
0.1124,4.6056,0.1333,combined,0.8950,6.2200,0.0278,0.0956,0.0592
0.1012,2.0453,0.0648,stand,0.0000,6.2400,0.0000,nan,nan
0.1805,2.2297,0.1553,straight,0.8578,6.2800,0.1455,0.1689,0.0635
0.1526,0.2026,0.1257,turn,0.0000,6.2800,0.0000,nan,nan
0.5040,7.8532,0.1821,straight,1.3669,6.2800,0.5003,-0.4351,0.2544
0.0616,1.3397,0.1452,lateral,0.1713,6.3200,0.0616,-0.0495,0.0366
0.0656,0.0017,0.0801,turn,0.0000,6.3400,0.0000,nan,nan
0.2860,5.4605,0.1832,combined,0.5315,6.3400,0.1903,0.1214,0.2589
0.5287,2.9021,0.0811,combined,2.1997,6.3800,0.5287,-0.5122,0.1311
0.2952,2.7569,0.2570,combined,1.5985,6.3800,0.2952,-0.2193,0.1976
0.1215,0.4690,0.0678,turn,0.0000,6.3800,0.0000,nan,nan
0.1140,2.8505,0.0361,stand,0.0000,6.4000,0.0000,nan,nan
0.1076,1.1523,0.1477,combined,0.9076,6.4000,0.1076,-0.1056,0.0202
0.2341,4.8627,0.2163,combined,1.9539,6.4600,0.2341,-0.2312,0.0367
0.1385,5.0048,0.1122,combined,0.6774,6.4800,0.1385,-0.1122,0.0812
0.2368,5.9771,0.1821,lateral,1.3421,6.4800,0.2368,-0.1811,0.1525
0.3365,7.2811,0.0756,turn,0.0000,6.5000,0.0000,nan,nan
0.3645,7.3234,0.0936,lateral,0.1107,6.5000,0.0111,0.3053,0.1991
0.5247,7.8710,0.1186,turn,0.0000,6.5200,0.0000,nan,nan
0.3031,7.7250,0.1982,straight,1.0903,6.5200,0.2529,0.0684,0.2952
0.1262,1.2923,0.0803,turn,0.0000,6.5600,0.0000,nan,nan
0.1425,5.1185,0.1549,straight,0.9798,6.5600,0.1354,-0.1249,0.0686
0.2263,1.1811,0.0453,lateral,0.4878,6.5800,0.0706,0.1661,0.1537
0.4955,2.9924,0.0314,combined,2.0113,6.6000,0.4955,-0.4754,0.1397
0.1769,0.4524,0.1239,straight,1.4047,6.6200,0.1769,-0.1680,0.0555
0.2764,2.3341,0.0746,combined,1.3860,6.6200,0.2762,-0.2376,0.1412
0.2121,1.2785,0.1287,lateral,0.7504,6.6400,0.1804,0.0437,0.2075
0.1308,3.5472,0.1126,turn,0.0000,6.6400,0.0000,nan,nan
0.1103,3.7564,0.0095,stand,0.0000,6.6600,0.0000,nan,nan
0.4247,5.8884,0.1129,lateral,0.7769,6.6600,0.4099,-0.1677,0.3902
0.1862,4.3853,0.0944,straight,0.2868,6.7200,0.1758,-0.1643,0.0875
0.1723,1.7445,0.1780,turn,0.0000,6.7200,0.0000,nan,nan
0.1800,2.5494,0.1337,straight,1.5081,6.7800,0.1705,-0.1753,0.0408
0.0196,4.1755,0.1715,straight,0.3784,6.8600,0.0136,0.0079,0.0179
0.1844,8.0742,0.2838,combined,1.4296,6.8600,0.1728,0.0902,0.1608
0.1058,5.7329,0.1281,combined,1.3596,6.8800,0.1058,-0.1010,0.0315
0.5299,3.6063,0.0609,combined,1.0241,6.8800,0.5205,-0.4774,0.2299
0.6123,3.0432,0.0556,combined,1.7664,6.9000,0.6123,-0.5867,0.1753
0.3548,3.8146,0.1649,combined,2.2871,6.9000,0.3548,-0.3515,0.0484
0.2024,3.3803,0.2092,combined,1.9439,6.8800,0.2024,-0.1764,0.0993
0.2169,0.1568,0.1184,turn,0.0000,6.9400,0.0000,nan,nan
0.0083,1.0814,0.1204,stand,0.0000,6.9600,0.0000,nan,nan
0.1089,7.9007,0.0403,stand,0.0000,6.9600,0.0000,nan,nan
0.0755,1.3696,0.0353,stand,0.0000,6.9800,0.0000,nan,nan
0.2623,2.0119,0.1600,combined,0.8369,7.0200,0.2154,-0.0005,0.2623
0.0878,10.5419,0.1628,lateral,0.4483,5.3200,0.0775,-0.0878,0.0028
0.1794,2.0776,0.1095,lateral,0.3481,7.0400,0.1112,-0.1780,0.0231
0.3665,6.7067,0.0348,turn,0.0000,7.0800,0.0000,nan,nan
0.4649,6.6347,0.0920,straight,0.3137,7.1000,0.1339,0.2624,0.3838
0.5026,9.1207,0.2578,combined,1.9793,7.1000,0.5026,-0.3126,0.3936
0.2438,1.8831,0.2012,lateral,0.8133,7.1000,0.2438,-0.1775,0.1672
0.1173,1.5173,0.0335,combined,1.0548,7.1200,0.1166,-0.1163,0.0148
0.0490,0.1082,0.0616,lateral,0.4764,7.1400,0.0430,-0.0474,0.0128
0.5598,8.1256,0.1734,combined,0.8697,6.4400,0.5351,-0.5173,0.2139
0.2340,2.8512,0.1900,combined,1.5714,7.2000,0.2335,-0.1895,0.1373
0.4189,9.2672,0.0602,straight,0.2867,7.2000,0.2867,-0.2982,0.2941
0.3182,0.1922,0.0260,turn,0.0000,7.2000,0.0000,nan,nan
0.1428,4.3866,0.1096,combined,1.5391,7.2000,0.0220,0.1386,0.0341
0.1486,3.8519,0.0669,straight,0.1347,7.2200,0.0795,-0.1002,0.1097
0.1203,3.3766,0.0234,lateral,0.5668,7.2400,0.0193,0.0858,0.0842
0.3644,4.8078,0.1338,straight,0.7080,7.2600,0.1005,0.2849,0.2273
0.0704,0.2009,0.0138,stand,0.0000,7.2600,0.0000,nan,nan
0.1271,7.4095,0.0426,combined,0.6807,7.2800,0.0750,-0.1172,0.0491
0.1612,7.0632,0.0727,combined,1.8442,7.2800,0.0728,0.1054,0.1220
0.0513,0.4297,0.0077,stand,0.0000,7.2800,0.0000,nan,nan
0.3871,0.3821,0.0772,combined,0.8679,7.3000,0.3319,-0.2234,0.3161
0.2640,0.8839,0.0897,straight,0.5318,7.3000,0.0118,0.2525,0.0771
0.3437,2.6237,0.0661,turn,0.0000,7.3000,0.0000,nan,nan
0.4827,2.6624,0.0259,combined,0.6922,7.3400,0.4340,-0.2320,0.4233
0.5322,0.4929,0.1193,lateral,0.6195,7.3400,0.4701,-0.3949,0.3567
0.2754,4.5982,0.0386,combined,0.7290,7.3400,0.1795,0.2287,0.1535
0.0989,4.9598,0.1383,turn,0.0000,7.3600,0.0000,nan,nan
0.2939,2.7298,0.0619,lateral,0.1042,7.3600,0.0749,0.0860,0.2810
0.0290,1.4519,0.0873,stand,0.0000,7.4400,0.0000,nan,nan
0.1698,0.6729,0.1788,straight,1.8034,7.4600,0.1518,0.0410,0.1648
0.3465,1.2314,0.0888,combined,1.5794,7.4600,0.3410,-0.2188,0.2687
0.1688,1.1723,0.0719,combined,0.8797,7.4800,0.1688,-0.1618,0.0481
0.3747,2.3989,0.0913,turn,0.0000,7.5000,0.0000,nan,nan
0.2007,3.6295,0.0914,turn,0.0000,7.5000,0.0000,nan,nan
0.1919,3.6495,0.0588,straight,0.7499,7.5200,0.1919,-0.1639,0.0998
0.4749,23.0412,0.1277,straight,1.3065,7.5200,0.2236,0.1546,0.4490
0.2254,7.1465,0.1390,straight,1.9220,7.5200,0.1506,0.0811,0.2103
0.3393,7.5350,0.0818,lateral,0.2307,7.5400,0.2143,-0.2228,0.2560
0.0477,2.3049,0.0284,stand,0.0000,7.5600,0.0000,nan,nan
0.7881,1.6807,0.1529,straight,1.9750,7.5800,0.7785,-0.5658,0.5486
0.1457,1.3498,0.1584,lateral,0.7884,7.6000,0.1357,-0.0980,0.1078
0.1428,3.3100,0.0858,lateral,0.0378,7.6200,0.0051,0.1077,0.0939
0.3106,2.1290,0.1654,straight,1.7439,7.6400,0.3017,-0.1494,0.2723
0.5339,12.4496,0.1745,lateral,0.2563,7.6800,0.1172,-0.3717,0.3833
0.2551,7.0414,0.1068,straight,0.8482,7.7000,0.0037,0.2536,0.0273
0.2136,6.4856,0.1160,lateral,0.1472,7.7000,0.1367,-0.0957,0.1910
0.0555,2.7613,0.1064,lateral,0.5255,7.7600,0.0297,-0.0174,0.0527
0.5224,3.9573,0.1127,straight,0.3573,7.7600,0.0990,0.4030,0.3324
0.1612,2.8371,0.1428,straight,0.0722,7.7800,0.0722,-0.0995,0.1268
0.1292,4.0296,0.1636,turn,0.0000,7.8000,0.0000,nan,nan
0.3736,2.0470,0.0394,turn,0.0000,7.8000,0.0000,nan,nan
0.4736,2.7592,0.0197,turn,0.0000,7.8600,0.0000,nan,nan
0.2012,0.4934,0.0985,turn,0.0000,7.8800,0.0000,nan,nan
0.3372,3.6815,0.1209,straight,0.0817,7.8800,0.0183,-0.3240,0.0935
0.5105,6.4520,0.2380,combined,1.1890,7.9000,0.5105,-0.5088,0.0420
0.5061,1.3382,0.0974,lateral,0.0727,7.9600,0.0382,0.3541,0.3617
0.2716,3.0237,0.1442,combined,1.3608,7.9600,0.2716,-0.2537,0.0970
0.1617,1.1778,0.1863,combined,1.0614,7.9800,0.1617,-0.1522,0.0548
0.4972,3.7753,0.1180,combined,1.7887,4.1000,0.4972,-0.4819,0.1223
0.2623,1.9650,0.1377,lateral,0.5213,4.1200,0.1827,0.0760,0.2510
0.1216,0.7754,0.0163,lateral,0.0845,6.8600,0.0458,-0.0976,0.0726
0.0773,6.6122,0.1150,turn,0.0000,4.1000,0.0000,nan,nan
0.4067,6.5933,0.1977,combined,1.6101,4.5200,0.4067,-0.3698,0.1693
0.7356,9.0210,0.1182,combined,2.3282,4.1000,0.7356,-0.7124,0.1836
0.4262,7.9638,0.1401,lateral,0.1464,4.6600,0.0745,0.3177,0.2841
0.2464,4.2851,0.1010,turn,0.0000,4.2400,0.0000,nan,nan
0.2263,11.7608,0.2367,combined,1.4980,4.8200,0.2263,-0.2101,0.0841
0.2938,1.3963,0.0658,straight,0.1808,4.1200,0.1807,-0.2338,0.1778
0.2009,4.7559,0.2492,lateral,0.8492,4.0600,0.2009,-0.2008,0.0066
0.1567,3.6375,0.1680,lateral,0.2198,4.0600,0.1250,0.0095,0.1564
0.1552,4.4404,0.0256,stand,0.0000,6.8600,0.0000,nan,nan
0.0148,1.7459,0.1857,turn,0.0000,4.3000,0.0000,nan,nan
0.0459,2.8887,0.1418,turn,0.0000,4.5800,0.0000,nan,nan
0.1651,4.0217,0.1826,turn,0.0000,4.5200,0.0000,nan,nan
0.2364,3.3456,0.2676,combined,1.6985,5.0400,0.2364,-0.2104,0.1080
0.2603,1.2281,0.0829,turn,0.0000,4.9600,0.0000,nan,nan
0.0317,0.3180,0.1333,turn,0.0000,4.4800,0.0000,nan,nan
0.6052,6.1970,0.0771,straight,1.8061,4.8800,0.6052,-0.5940,0.1155
0.3576,4.1957,0.0728,straight,0.4751,5.1800,0.1252,0.1542,0.3226
0.0053,1.6573,0.0550,stand,0.0000,5.9800,0.0000,nan,nan
0.2446,2.8685,0.1383,straight,1.5974,5.3800,0.2446,-0.2006,0.1400
0.2496,2.2268,0.0179,lateral,1.3729,5.6800,0.2486,-0.2252,0.1078
0.0735,0.1259,0.1679,turn,0.0000,4.4400,0.0000,nan,nan
0.2800,2.3070,0.0355,turn,0.0000,4.1400,0.0000,nan,nan
0.2954,4.1621,0.1257,lateral,1.1309,5.0800,0.2830,-0.2915,0.0480
0.3962,8.3593,0.1561,lateral,0.7789,4.3000,0.3794,-0.2441,0.3121
0.3871,2.8073,0.1628,combined,1.8437,4.5000,0.3871,-0.3870,0.0087
0.1508,1.8826,0.0841,turn,0.0000,4.8400,0.0000,nan,nan
0.1881,2.9832,0.1026,lateral,0.4050,5.2600,0.1866,-0.1722,0.0757
0.5898,6.1875,0.1095,combined,1.1410,4.1800,0.5898,-0.4249,0.4089
0.0204,0.1183,0.0372,stand,0.0000,5.4800,0.0000,nan,nan
0.1220,1.3603,0.1775,combined,1.1038,5.7000,0.1220,-0.1213,0.0135
0.2836,7.9640,0.0698,lateral,1.3996,4.7600,0.2836,-0.2493,0.1352
0.1725,4.5922,0.1907,lateral,0.1473,4.3000,0.0747,0.1182,0.1257
0.2765,8.1082,0.1004,lateral,1.1549,6.1200,0.1953,0.1015,0.2571
0.0299,1.8008,0.1321,stand,0.0000,5.8400,0.0000,nan,nan
0.2282,8.8011,0.1875,turn,0.0000,6.0600,0.0000,nan,nan
0.4210,3.2529,0.1627,combined,1.1659,4.6600,0.4210,-0.4209,0.0106
0.2785,0.3665,0.1658,combined,1.9331,6.0800,0.2760,-0.1305,0.2461
0.2653,0.2079,0.1785,combined,0.5674,4.1800,0.2556,-0.2153,0.1552
0.4364,9.8368,0.1563,combined,2.1900,4.0200,0.4364,-0.4221,0.1106
0.3205,6.3193,0.1896,turn,0.0000,4.1600,0.0000,nan,nan
0.4041,0.3470,0.1977,combined,1.9129,4.3800,0.4041,-0.4030,0.0302
0.4763,4.4981,0.0301,lateral,1.1303,5.5400,0.4704,-0.4162,0.2316
0.2386,6.4893,0.0656,turn,0.0000,4.2800,0.0000,nan,nan
0.4070,0.0266,0.0834,combined,1.3109,5.4600,0.4070,-0.2297,0.3360
0.5957,4.8082,0.0408,combined,1.3240,4.6000,0.5936,-0.5354,0.2611
0.4140,2.7800,0.1437,straight,1.9519,4.6400,0.4099,-0.3871,0.1467
0.1670,1.1946,0.1420,turn,0.0000,5.2200,0.0000,nan,nan
0.0937,2.0250,0.0313,turn,0.0000,6.4000,0.0000,nan,nan
0.0117,1.5351,0.2620,stand,0.0000,4.4200,0.0000,nan,nan
0.2301,1.4017,0.0659,turn,0.0000,5.4600,0.0000,nan,nan
0.4460,2.0380,0.1246,combined,1.8117,5.6400,0.4425,-0.4437,0.0447
0.0273,2.2376,0.1332,turn,0.0000,4.4600,0.0000,nan,nan
0.1681,1.5533,0.1742,lateral,1.2886,4.9600,0.1681,-0.1189,0.1188
0.2784,7.1961,0.1613,lateral,0.5465,4.1000,0.2117,0.0672,0.2702
0.2788,4.0697,0.0918,straight,0.8735,4.6200,0.2778,-0.2691,0.0727
0.3276,4.6826,0.1196,straight,1.6406,6.5200,0.3110,-0.0348,0.3257
0.4405,2.5682,0.2572,lateral,1.2307,4.8800,0.4405,-0.3020,0.3207
0.2408,6.2062,0.0866,combined,0.2666,5.6000,0.2089,0.0264,0.2394
0.2439,3.1013,0.1003,lateral,1.0710,4.1400,0.2439,-0.2305,0.0797
0.2545,2.8389,0.1180,straight,0.1429,6.7200,0.1429,-0.2109,0.1426
0.2973,5.4809,0.0514,combined,1.4554,6.3800,0.2962,-0.1135,0.2748
0.0163,3.7362,0.1004,turn,0.0000,4.0200,0.0000,nan,nan
0.3443,5.9394,0.2761,combined,1.3871,5.9000,0.3443,-0.3189,0.1298
0.0982,1.9500,0.1624,turn,0.0000,4.7800,0.0000,nan,nan
0.2406,3.0889,0.1660,turn,0.0000,5.8400,0.0000,nan,nan
0.6056,2.6041,0.0253,lateral,1.3135,5.7400,0.6051,-0.5500,0.2534
0.5628,2.7798,0.1625,straight,0.5281,5.8400,0.5072,-0.4212,0.3734
0.4422,1.8554,0.2299,combined,1.2713,5.4400,0.4422,-0.4361,0.0737
0.1021,3.0434,0.0844,turn,0.0000,4.2000,0.0000,nan,nan
0.1614,2.7521,0.1134,straight,0.3964,5.6600,0.0692,0.1151,0.1132
0.3703,0.2450,0.1273,turn,0.0000,5.0000,0.0000,nan,nan
0.0033,0.1218,0.0428,stand,0.0000,4.8000,0.0000,nan,nan
0.0606,1.7244,0.0318,stand,0.0000,5.2400,0.0000,nan,nan
0.0352,1.8614,0.0670,turn,0.0000,4.6200,0.0000,nan,nan
0.0928,1.0096,0.0736,turn,0.0000,4.3600,0.0000,nan,nan
0.1725,2.2283,0.1792,turn,0.0000,5.1400,0.0000,nan,nan
0.0501,2.8144,0.1194,turn,0.0000,4.6600,0.0000,nan,nan
0.5997,6.8190,0.1629,straight,1.0768,6.9600,0.5931,-0.4338,0.4141
0.4014,0.8264,0.0244,lateral,0.3979,6.2800,0.2553,0.1267,0.3809
0.0349,2.9469,0.2190,straight,0.8888,6.9000,0.0349,-0.0182,0.0298
0.4503,7.6800,0.0325,straight,1.3124,6.2400,0.4488,-0.4276,0.1412
0.3145,1.5504,0.1539,turn,0.0000,5.0800,0.0000,nan,nan
0.0718,2.1397,0.0986,lateral,0.0218,6.5800,0.0011,0.0578,0.0425
0.3597,3.8838,0.1522,lateral,1.3259,5.9800,0.2374,0.1755,0.3140
0.1441,3.3300,0.0895,lateral,0.0986,4.9000,0.0948,-0.0667,0.1278
0.2707,0.5173,0.0824,combined,0.8666,6.0000,0.2705,-0.2693,0.0277
0.6106,3.5332,0.2469,combined,1.3982,5.1400,0.6105,-0.4900,0.3643
0.1488,3.3835,0.0256,turn,0.0000,5.8200,0.0000,nan,nan
0.1844,2.7964,0.1153,lateral,0.6353,4.8600,0.1844,-0.1311,0.1297
0.3614,5.1816,0.2231,combined,2.1690,4.2200,0.3614,-0.3612,0.0120
0.2233,1.2147,0.1440,straight,0.6210,6.5400,0.1240,0.1006,0.1994
0.4912,0.2237,0.0154,lateral,1.2282,4.3600,0.4839,-0.4907,0.0218
0.0935,5.1044,0.1157,straight,1.3559,7.3000,0.0934,-0.0864,0.0357
0.0379,0.1918,0.0434,stand,0.0000,5.9400,0.0000,nan,nan
0.1067,3.2013,0.0639,turn,0.0000,7.2000,0.0000,nan,nan
0.4419,3.7272,0.2108,straight,0.9996,6.7800,0.3923,-0.2396,0.3713
0.0549,2.7981,0.2046,turn,0.0000,7.3000,0.0000,nan,nan
0.2509,2.1764,0.1604,straight,0.8634,4.2400,0.2509,-0.2466,0.0461
0.4598,5.2938,0.1785,straight,1.3210,5.3000,0.4598,-0.4374,0.1419
0.1702,9.7134,0.1512,lateral,1.4803,5.8200,0.1673,-0.0557,0.1608
0.3709,2.0622,0.2393,combined,1.3383,5.7600,0.3709,-0.2852,0.2371
0.2240,0.1176,0.1278,combined,0.8393,6.4800,0.2195,-0.1619,0.1547
0.1405,2.9261,0.0556,straight,0.6013,6.6000,0.1344,-0.1092,0.0884
0.2474,7.7848,0.1526,combined,1.0903,5.3600,0.2474,-0.2374,0.0697
0.3339,3.9873,0.1631,straight,1.7077,6.5200,0.3339,-0.3226,0.0861
0.1750,2.2890,0.1906,lateral,1.4284,4.9000,0.1750,-0.1579,0.0755
0.3910,5.3676,0.1864,combined,0.4733,4.2200,0.3357,-0.0977,0.3786
0.1626,10.6699,0.3060,combined,2.0265,5.0800,0.1626,-0.1240,0.1052
0.5392,0.9033,0.3133,combined,1.7404,4.1400,0.5392,-0.4865,0.2324
0.1227,1.8559,0.0307,turn,0.0000,5.0000,0.0000,nan,nan
0.5598,5.3943,0.3929,combined,1.9850,4.2600,0.5598,-0.3153,0.4626
0.2719,3.1439,0.0922,turn,0.0000,7.0400,0.0000,nan,nan
0.1974,4.0735,0.1283,straight,1.5848,6.7800,0.1974,-0.1703,0.0998
0.2216,4.2446,0.1052,straight,1.6969,7.4200,0.2216,-0.1970,0.1016
0.2249,5.0043,0.1292,turn,0.0000,4.3800,0.0000,nan,nan
0.3028,7.3384,0.2008,straight,1.9779,6.2400,0.3028,-0.3002,0.0402
0.1635,3.5483,0.1182,combined,1.2511,6.5800,0.1601,-0.1276,0.1022
0.0579,1.7071,0.1617,turn,0.0000,4.5600,0.0000,nan,nan
0.0868,4.0093,0.0555,stand,0.0000,7.0200,0.0000,nan,nan
0.4147,1.8437,0.0152,straight,1.8220,6.2600,0.4124,-0.4137,0.0290
0.2987,1.9229,0.0725,turn,0.0000,7.2000,0.0000,nan,nan
0.3449,10.1110,0.1643,straight,1.0920,6.8000,0.3413,-0.2725,0.2114
0.2772,5.8681,0.1871,combined,2.0294,5.4400,0.2772,-0.1762,0.2139
0.2290,1.5503,0.0820,combined,1.0722,4.2600,0.2290,-0.1981,0.1148
0.3535,8.9194,0.1841,combined,1.2622,4.9400,0.3394,-0.1625,0.3140
0.2741,1.5543,0.0757,straight,1.4246,5.7600,0.2741,-0.2740,0.0092
0.3159,7.7489,0.0973,turn,0.0000,4.8600,0.0000,nan,nan
0.5033,0.5601,0.1666,straight,1.1987,6.4800,0.4921,-0.4276,0.2655
0.2741,0.6167,0.0730,lateral,1.1167,6.1200,0.2669,-0.1296,0.2415
0.6143,0.9277,0.0415,turn,0.0000,5.8600,0.0000,nan,nan
0.4069,2.9985,0.0998,combined,0.7556,4.3800,0.0230,0.3418,0.2208
0.4735,1.6386,0.1191,combined,0.8369,6.0600,0.4591,-0.4486,0.1512
0.1271,3.2188,0.0451,turn,0.0000,7.5400,0.0000,nan,nan
0.3018,17.3752,0.3242,straight,1.8898,4.5200,0.2815,-0.1049,0.2829
0.2659,5.1528,0.0607,turn,0.0000,5.0600,0.0000,nan,nan
0.0822,0.4954,0.2283,combined,0.7240,4.2400,0.0818,-0.0054,0.0820
0.2485,2.7399,0.1743,straight,0.3071,7.9600,0.2424,-0.2027,0.1438
0.5612,6.4872,0.1536,straight,1.3555,6.3000,0.5612,-0.3928,0.4008
0.4020,7.4518,0.0064,turn,0.0000,6.3200,0.0000,nan,nan
0.6394,6.9866,0.2915,combined,1.9241,4.2800,0.6394,-0.6392,0.0123
0.1320,1.7991,0.0944,combined,0.2619,6.9400,0.0533,0.1316,0.0107
0.3805,4.1854,0.0051,turn,0.0000,7.9800,0.0000,nan,nan
0.0778,1.2243,0.0253,stand,0.0000,6.0400,0.0000,nan,nan
0.2216,0.8018,0.0788,lateral,1.3277,7.9600,0.2105,-0.0091,0.2214
0.3398,5.9319,0.0760,straight,0.7198,7.0400,0.3340,-0.2273,0.2526
0.4199,5.6474,0.0509,straight,0.7702,6.2200,0.4059,-0.3310,0.2584
0.2316,0.7874,0.2468,combined,1.5421,5.2200,0.2316,-0.2129,0.0913
0.2600,2.5869,0.2913,turn,0.0000,6.0200,0.0000,nan,nan
0.2273,2.2864,0.1153,lateral,1.1591,5.3600,0.2192,-0.1840,0.1334
0.0670,4.4604,0.0707,straight,0.1864,5.8400,0.0668,0.0080,0.0666
0.5798,1.4437,0.1089,combined,2.1657,5.9800,0.5798,-0.5780,0.0463
0.0589,0.0031,0.0520,lateral,0.9800,5.2200,0.0584,-0.0412,0.0421
0.0107,0.8982,0.0234,stand,0.0000,6.5200,0.0000,nan,nan
0.3142,4.3680,0.1628,straight,0.9076,7.5200,0.2607,0.0283,0.3129
0.1496,3.9428,0.2582,combined,2.3527,7.4600,0.1496,-0.1337,0.0670
0.2473,0.9388,0.0766,lateral,0.5207,4.8200,0.2473,-0.2045,0.1390
0.2095,1.0102,0.2224,lateral,1.0448,5.9600,0.2095,-0.2070,0.0321
0.1639,1.4613,0.1040,lateral,0.4086,6.4800,0.1449,-0.0685,0.1489
0.3818,6.6566,0.0842,turn,0.0000,7.0600,0.0000,nan,nan
0.4316,2.2914,0.1160,combined,2.0346,6.6400,0.4316,-0.2923,0.3175
0.4233,6.5846,0.0390,straight,0.7885,7.5800,0.4108,-0.3884,0.1684
0.3789,1.2165,0.2208,combined,1.7120,7.2000,0.3789,-0.2216,0.3073
0.4732,0.7473,0.1130,lateral,0.6408,5.4400,0.4308,-0.3891,0.2694
0.3297,3.2876,0.1262,lateral,0.2330,6.1000,0.1951,-0.1295,0.3032
0.4209,3.9819,0.1132,turn,0.0000,5.6800,0.0000,nan,nan
0.1162,6.1668,0.0286,combined,0.8171,7.8400,0.1162,-0.1162,0.0003
0.3509,1.7480,0.0851,straight,0.0972,5.5000,0.0972,-0.3263,0.1290
0.5536,1.3497,0.0177,combined,1.5604,5.0600,0.5501,-0.5527,0.0303
0.5979,19.9515,0.3782,combined,2.4616,5.3000,0.5979,-0.4863,0.3478
0.0133,0.8803,0.0511,stand,0.0000,5.1200,0.0000,nan,nan
0.2374,3.0401,0.1333,straight,0.0443,7.3200,0.0013,0.1941,0.1366
0.2941,8.8929,0.1403,turn,0.0000,6.0800,0.0000,nan,nan
0.0824,1.7005,0.0591,turn,0.0000,6.9400,0.0000,nan,nan
0.4306,7.3312,0.1075,turn,0.0000,4.8000,0.0000,nan,nan
0.2281,2.6441,0.1724,straight,0.5954,4.7200,0.1536,0.1320,0.1860
0.4068,5.0843,0.1416,combined,0.6693,7.0600,0.4060,-0.4067,0.0057
0.2360,3.8168,0.1496,straight,0.4677,5.1000,0.1497,0.1513,0.1811
0.3405,6.8500,0.1192,turn,0.0000,6.6600,0.0000,nan,nan
0.2892,0.5416,0.1225,turn,0.0000,5.3000,0.0000,nan,nan
0.0482,2.5623,0.0534,stand,0.0000,4.8200,0.0000,nan,nan
0.5464,2.6615,0.0300,straight,1.5852,7.0800,0.5464,-0.5042,0.2104
0.1081,3.1235,0.0234,stand,0.0000,5.2600,0.0000,nan,nan
0.5773,9.0306,0.1202,combined,1.4797,6.1200,0.5773,-0.4824,0.3172
0.1683,2.4007,0.1824,combined,0.8830,6.1400,0.1676,-0.1523,0.0715
0.2559,5.3766,0.1611,combined,1.8705,6.8600,0.2559,-0.2550,0.0206
0.3273,7.6779,0.1043,lateral,1.2457,4.8400,0.3273,-0.1464,0.2927
0.5661,2.3142,0.1079,combined,1.5383,6.9400,0.5632,-0.5587,0.0918
0.0124,1.5600,0.0765,stand,0.0000,7.5400,0.0000,nan,nan
0.4085,6.4308,0.1454,straight,0.6020,7.3600,0.4045,-0.4005,0.0803
0.0440,0.6967,0.0835,stand,0.0000,7.8800,0.0000,nan,nan
0.4980,3.4969,0.0892,straight,1.7929,7.4000,0.4940,-0.4951,0.0531
0.4178,0.1246,0.1558,turn,0.0000,4.9400,0.0000,nan,nan
0.4328,3.9759,0.0764,turn,0.0000,6.4000,0.0000,nan,nan
0.2315,0.8816,0.2111,combined,1.5264,6.3000,0.2315,-0.2303,0.0228
0.3790,5.5458,0.2690,combined,0.8024,5.0600,0.3790,-0.2553,0.2801
0.1660,3.0703,0.0831,straight,0.0413,6.8800,0.0413,-0.0340,0.1625
0.2987,3.4217,0.1087,lateral,1.0252,5.8800,0.2605,0.0353,0.2966
0.1287,1.4019,0.0942,turn,0.0000,6.8200,0.0000,nan,nan
0.1034,0.4621,0.0170,stand,0.0000,6.5200,0.0000,nan,nan
0.1701,5.3687,0.1776,combined,1.8558,7.6200,0.1701,-0.1387,0.0984
0.3849,10.3209,0.1369,combined,0.9643,5.8200,0.3832,-0.0946,0.3731
0.3491,4.4901,0.1979,turn,0.0000,5.7200,0.0000,nan,nan
0.1799,4.7374,0.1679,combined,1.1770,5.8800,0.1560,0.0976,0.1511
0.2069,0.7483,0.1714,lateral,0.9470,6.7200,0.1937,-0.1245,0.1652
0.1790,1.9479,0.0998,lateral,0.0150,5.3400,0.0038,0.1084,0.1425
0.3221,0.9026,0.0829,combined,0.8243,5.7400,0.2921,-0.1279,0.2956
0.3275,2.5968,0.1060,turn,0.0000,7.8600,0.0000,nan,nan
0.1451,7.9053,0.1644,lateral,1.4760,5.7000,0.1236,0.0323,0.1415
0.1995,2.1484,0.1394,straight,0.9526,6.0600,0.1995,-0.1461,0.1358
0.2522,0.8762,0.1030,combined,1.2416,6.9600,0.2511,-0.1807,0.1760
0.2071,5.1295,0.1358,lateral,0.2090,7.3800,0.1542,-0.1130,0.1735
0.3803,2.9309,0.0965,straight,1.5697,5.8000,0.3507,-0.0386,0.3784
0.2259,2.4879,0.1414,combined,1.1338,7.8800,0.2234,-0.1892,0.1235
0.1781,0.9079,0.1022,straight,0.2324,7.8000,0.0697,0.1613,0.0754
0.3417,3.9788,0.0500,combined,1.2720,7.8000,0.3356,-0.3335,0.0746
0.2423,3.8735,0.1657,combined,1.0730,5.9000,0.2423,-0.2363,0.0533
0.3135,3.2054,0.1673,straight,1.7487,6.6600,0.3135,-0.3134,0.0051
0.0821,1.7948,0.0601,stand,0.0000,4.8800,0.0000,nan,nan
0.1564,5.2295,0.0196,turn,0.0000,7.4000,0.0000,nan,nan
0.3600,7.1458,0.2041,turn,0.0000,6.0400,0.0000,nan,nan
0.3233,5.0141,0.0715,lateral,0.8125,7.8800,0.1697,0.2091,0.2465
0.2877,5.2488,0.1740,straight,0.3078,7.8200,0.0493,0.2868,0.0227
0.0674,6.3526,0.2328,lateral,1.1624,6.8000,0.0455,0.0459,0.0493
0.4815,2.5954,0.0339,lateral,0.6481,6.2800,0.4658,-0.3250,0.3553
0.0228,4.0729,0.0296,turn,0.0000,5.2400,0.0000,nan,nan
0.4207,0.3578,0.1292,combined,2.1700,4.6200,0.4207,-0.4191,0.0359
0.0366,0.0573,0.0256,stand,0.0000,6.6200,0.0000,nan,nan
0.1513,3.4323,0.1053,combined,0.7977,6.5800,0.1091,0.1315,0.0749
0.3824,3.5417,0.0600,combined,1.6126,6.1200,0.3823,-0.3683,0.1029
0.5019,1.9691,0.2618,lateral,1.4700,4.0800,0.5019,-0.4701,0.1758
0.0485,2.7097,0.0028,turn,0.0000,4.0800,0.0000,nan,nan
0.3460,3.1214,0.1326,straight,0.5253,6.4000,0.3416,-0.2003,0.2821
0.2388,3.9722,0.1911,combined,0.6174,7.8000,0.1496,0.1072,0.2134
0.3453,3.9819,0.0293,lateral,1.2850,6.7400,0.3179,-0.0401,0.3429
0.1023,0.5343,0.0972,straight,1.7743,6.1400,0.0180,0.0626,0.0810
0.4516,0.6921,0.1129,combined,1.7453,4.7400,0.4516,-0.4331,0.1279
0.0645,2.6903,0.1502,turn,0.0000,7.2000,0.0000,nan,nan
0.2712,9.6983,0.2600,combined,1.4678,7.8400,0.1175,0.0564,0.2653
0.4142,4.3704,0.1743,lateral,0.8673,6.8400,0.4122,-0.1751,0.3754
0.2771,1.0896,0.1093,combined,0.7302,4.9400,0.2758,-0.1999,0.1919
0.4447,0.6050,0.0497,combined,1.8903,5.3600,0.4447,-0.3252,0.3033
0.2213,8.4209,0.0817,lateral,1.4612,4.6000,0.1916,0.0361,0.2184
0.1978,7.3821,0.1961,turn,0.0000,7.7200,0.0000,nan,nan
0.2228,1.5557,0.0644,lateral,1.3600,7.7200,0.2182,-0.1572,0.1579
0.8021,0.5449,0.0322,straight,1.5264,5.6800,0.7982,-0.6279,0.4991
0.0299,1.1944,0.0768,stand,0.0000,6.4200,0.0000,nan,nan
0.0875,2.6073,0.1945,turn,0.0000,7.7200,0.0000,nan,nan
0.4662,1.2281,0.2075,combined,1.9526,4.6200,0.4662,-0.4661,0.0082
0.0254,1.8972,0.0244,stand,0.0000,6.7400,0.0000,nan,nan
0.6775,2.4599,0.0953,combined,1.4638,4.0600,0.6775,-0.6774,0.0136
0.2516,1.5740,0.0696,straight,0.1902,7.8400,0.1827,-0.2357,0.0879
0.2514,1.6184,0.0184,combined,0.5815,6.5200,0.2496,-0.2473,0.0451
0.1138,1.6668,0.1031,straight,1.9740,7.3800,0.1097,-0.0653,0.0932
0.0978,0.2572,0.0572,straight,0.0077,6.1000,0.0016,0.0773,0.0599
0.2820,3.5361,0.1592,lateral,1.1101,7.9600,0.2783,-0.2340,0.1573
0.2364,5.1857,0.1793,straight,0.6339,4.2200,0.2200,-0.0502,0.2310
0.0616,0.5161,0.0996,lateral,0.8283,7.0400,0.0575,0.0170,0.0592
0.2889,0.5048,0.1028,straight,0.9848,5.5200,0.2889,-0.2871,0.0325
0.0231,1.4200,0.0285,stand,0.0000,4.4200,0.0000,nan,nan
0.3784,4.0962,0.0889,lateral,0.7585,7.6800,0.1655,0.2358,0.2960
0.1438,2.6475,0.1038,straight,0.0773,7.4600,0.0501,-0.0826,0.1177
0.0323,4.7091,0.1218,lateral,1.1582,7.4200,0.0239,0.0074,0.0315
0.3037,4.0656,0.1250,straight,0.4983,4.7800,0.3037,-0.3026,0.0251
0.0409,0.7998,0.1919,stand,0.0000,7.6200,0.0000,nan,nan
0.4772,1.3272,0.0622,combined,0.9647,7.9800,0.4424,-0.0849,0.4696
0.0624,2.8419,0.1121,stand,0.0000,4.2400,0.0000,nan,nan
0.3577,5.3953,0.0781,straight,0.5414,4.3600,0.3575,-0.3177,0.1645
0.5470,5.3619,0.0276,lateral,1.4039,7.7800,0.5313,-0.4521,0.3078
0.3474,3.5884,0.1483,turn,0.0000,7.6600,0.0000,nan,nan
0.5939,4.7594,0.1573,combined,1.5848,4.0000,0.5939,-0.5913,0.0556
0.2658,4.4183,0.0482,lateral,1.0475,6.1600,0.2580,-0.1030,0.2450
0.0280,3.7930,0.1974,lateral,0.9764,6.5800,0.0273,-0.0251,0.0123
0.1839,8.6920,0.0363,combined,0.9637,7.3600,0.1836,-0.0771,0.1670
0.0523,0.9813,0.0216,stand,0.0000,4.3600,0.0000,nan,nan
0.3283,2.3189,0.0725,turn,0.0000,4.8200,0.0000,nan,nan
0.0233,1.0124,0.0881,turn,0.0000,5.9600,0.0000,nan,nan
0.4340,1.1527,0.1429,lateral,0.9505,4.0400,0.4314,-0.3176,0.2958
0.4652,0.4062,0.2706,combined,1.6260,5.2200,0.4652,-0.4604,0.0667
0.4374,3.3514,0.0661,combined,1.1024,6.4400,0.4368,-0.4105,0.1511
0.1988,4.9557,0.1331,turn,0.0000,4.4400,0.0000,nan,nan
0.1476,5.0605,0.1279,straight,0.2883,6.0600,0.1403,-0.0925,0.1150
0.0550,0.6891,0.0075,stand,0.0000,7.7800,0.0000,nan,nan
0.0522,0.4898,0.0348,lateral,0.0360,7.1000,0.0106,-0.0057,0.0519
0.5143,2.4238,0.3672,combined,1.3212,4.0200,0.5143,-0.5132,0.0331
0.3401,1.6436,0.0238,lateral,1.1352,4.9200,0.3304,-0.3061,0.1482
0.5261,2.2879,0.1162,combined,1.6008,4.0000,0.5261,-0.5233,0.0536
0.4335,1.4672,0.1252,lateral,1.1129,5.5600,0.4279,-0.2017,0.3837
0.2892,1.2465,0.0572,straight,0.7654,4.6600,0.2892,-0.2607,0.1251
0.4036,2.6882,0.0638,combined,2.2133,5.0400,0.4036,-0.3955,0.0806
0.0653,0.5908,0.0816,stand,0.0000,4.5000,0.0000,nan,nan
0.1486,0.7777,0.0446,lateral,1.2843,5.6000,0.1486,-0.0362,0.1441
0.2628,3.2180,0.0910,lateral,0.2037,4.9000,0.1976,-0.2159,0.1498
0.3928,4.5525,0.1009,turn,0.0000,4.2200,0.0000,nan,nan
0.5493,9.8743,0.0359,straight,1.5016,4.1000,0.5488,-0.5360,0.1203
0.8153,6.1798,0.2009,combined,2.0012,5.0200,0.8153,-0.7429,0.3360
0.3674,2.8345,0.1619,turn,0.0000,7.5800,0.0000,nan,nan
0.1981,8.5220,0.2455,straight,0.3396,5.2000,0.1824,-0.0430,0.1934
0.4885,1.9211,0.0255,straight,1.1681,4.5600,0.4884,-0.4797,0.0922
0.2829,2.8159,0.1161,turn,0.0000,5.0600,0.0000,nan,nan
0.0386,2.2817,0.0031,stand,0.0000,4.9800,0.0000,nan,nan
0.1502,3.7266,0.2360,straight,1.2003,5.7000,0.1178,0.0373,0.1455
0.2875,7.8247,0.1961,combined,1.3653,6.8000,0.2331,-0.0478,0.2835
0.5218,0.5600,0.0503,combined,1.9460,5.7400,0.5132,-0.5041,0.1345
0.6527,2.2654,0.2184,straight,1.4093,4.5400,0.6527,-0.6349,0.1514
0.7443,0.9443,0.1461,lateral,1.2743,6.5200,0.7433,-0.6317,0.3936
0.3726,4.5392,0.1420,combined,0.2050,6.7800,0.1944,-0.1602,0.3364
0.4305,1.5522,0.0119,lateral,0.6981,4.2800,0.4076,-0.2517,0.3493
0.5469,6.7658,0.0931,lateral,0.7056,5.3200,0.5372,-0.4704,0.2790
0.1579,2.9082,0.0814,straight,0.3027,4.4200,0.0039,0.1571,0.0153
0.3044,9.0105,0.1582,straight,1.0050,4.0000,0.3044,-0.2455,0.1799
0.0124,1.8796,0.1074,stand,0.0000,6.1000,0.0000,nan,nan
0.6648,2.0656,0.0500,straight,1.3073,4.2200,0.6648,-0.6648,0.0065
0.2146,10.3104,0.3456,lateral,1.3710,4.0000,0.2146,-0.1169,0.1800
0.1250,0.5301,0.1510,turn,0.0000,5.1400,0.0000,nan,nan
0.4781,2.3329,0.1098,straight,0.9383,5.8800,0.4781,-0.4280,0.2131
0.3316,6.7986,0.2051,turn,0.0000,6.1000,0.0000,nan,nan
0.0745,3.0299,0.0219,turn,0.0000,5.3000,0.0000,nan,nan
0.2097,3.5873,0.1685,turn,0.0000,4.7800,0.0000,nan,nan
0.1435,0.8016,0.1223,turn,0.0000,5.3400,0.0000,nan,nan
0.5188,2.7897,0.2684,combined,1.5410,5.1800,0.5188,-0.5168,0.0460
0.3607,1.7495,0.1016,lateral,0.9806,4.9800,0.3469,-0.2281,0.2794
0.3239,7.2169,0.0769,turn,0.0000,6.3000,0.0000,nan,nan
0.2234,1.8491,0.1474,combined,1.9956,5.6800,0.2234,-0.1464,0.1688
0.1217,1.7290,0.3062,turn,0.0000,5.3000,0.0000,nan,nan
0.1306,2.6465,0.1442,turn,0.0000,5.4800,0.0000,nan,nan
0.0444,0.7162,0.0088,stand,0.0000,6.7200,0.0000,nan,nan
0.2906,1.6092,0.0995,combined,0.7109,5.3400,0.2902,-0.2503,0.1476
0.5568,0.0791,0.1360,straight,1.4588,4.1000,0.5568,-0.5472,0.1033
0.7004,6.0587,0.1032,straight,1.9643,4.3200,0.7004,-0.5996,0.3620
0.0701,0.4623,0.1367,straight,0.5531,7.0600,0.0077,0.0692,0.0113
0.0640,0.6613,0.1947,turn,0.0000,5.3000,0.0000,nan,nan
0.2870,2.3432,0.0943,lateral,1.3750,6.4400,0.2870,-0.2839,0.0420
0.3148,1.6041,0.1025,turn,0.0000,4.1800,0.0000,nan,nan
0.1806,3.6310,0.1974,lateral,0.7350,7.4000,0.1764,-0.1754,0.0432
0.1833,4.1104,0.0147,stand,0.0000,5.5600,0.0000,nan,nan
0.1457,3.0939,0.1030,turn,0.0000,5.4200,0.0000,nan,nan
0.0412,1.1152,0.0915,stand,0.0000,4.5400,0.0000,nan,nan
0.0728,10.0897,0.1376,lateral,1.0378,4.7400,0.0652,0.0388,0.0616
0.4842,3.8046,0.1307,turn,0.0000,6.9600,0.0000,nan,nan
0.3329,1.9316,0.1685,straight,1.6825,4.6400,0.3329,-0.3296,0.0465
0.3740,11.1633,0.1096,combined,0.3255,4.5400,0.1756,0.0379,0.3721
0.0575,0.0305,0.0497,turn,0.0000,4.6200,0.0000,nan,nan
0.2465,6.9153,0.0882,combined,1.6849,7.5400,0.2427,-0.0948,0.2276
0.1412,11.1667,0.1392,combined,1.4381,7.2800,0.1063,0.0513,0.1316
0.1014,3.6657,0.0436,turn,0.0000,4.7400,0.0000,nan,nan
0.1349,1.0775,0.1230,combined,0.5920,5.0200,0.1349,-0.1337,0.0184
0.4658,10.5450,0.0535,straight,0.4720,4.8400,0.4151,-0.3622,0.2929
0.1242,4.4122,0.2811,lateral,0.5513,4.5000,0.0803,-0.0688,0.1034
0.3237,0.2639,0.0935,turn,0.0000,5.9000,0.0000,nan,nan
0.5228,0.7304,0.2061,straight,1.8347,5.1600,0.5228,-0.4258,0.3034
0.0952,2.6106,0.0341,lateral,0.8702,5.2400,0.0952,-0.0837,0.0453
0.7286,1.7412,0.3169,combined,2.2629,4.5600,0.7286,-0.5993,0.4144
0.2307,2.3580,0.0314,combined,1.2103,4.8600,0.2304,-0.2144,0.0851
0.0066,0.5154,0.0537,stand,0.0000,7.3200,0.0000,nan,nan
0.2086,5.2245,0.1047,combined,0.7300,5.0400,0.0837,0.1136,0.1749
0.7707,10.3306,0.0512,combined,2.2399,4.7200,0.7703,-0.7640,0.1015
0.1387,4.8185,0.1534,combined,0.2786,4.7600,0.1387,-0.1384,0.0083
0.0931,0.9129,0.1585,straight,1.3466,7.4600,0.0894,-0.0441,0.0821
0.2606,4.1791,0.0653,turn,0.0000,4.3200,0.0000,nan,nan
0.1556,5.3972,0.1014,turn,0.0000,6.0400,0.0000,nan,nan
0.5160,6.1159,0.1484,turn,0.0000,4.0400,0.0000,nan,nan
0.5514,1.0194,0.0405,combined,1.0756,4.2000,0.5514,-0.4793,0.2725
0.0797,11.2341,0.0724,straight,1.0192,6.3200,0.0011,0.0608,0.0515
0.0497,1.7009,0.0927,straight,0.3041,6.8800,0.0114,0.0422,0.0263
0.0281,0.3257,0.0426,stand,0.0000,4.5400,0.0000,nan,nan
0.1014,0.6963,0.0624,turn,0.0000,7.6400,0.0000,nan,nan
0.0295,1.1664,0.0447,stand,0.0000,6.8200,0.0000,nan,nan
0.5261,7.7826,0.2252,combined,1.8001,6.6000,0.5196,-0.5171,0.0970
0.2841,1.8887,0.2052,straight,1.8106,5.4600,0.2841,-0.2841,0.0019
0.3520,1.9423,0.0700,lateral,0.7710,6.4400,0.2871,0.0568,0.3474
0.3017,7.6241,0.0533,straight,1.0981,6.1400,0.3017,-0.2956,0.0605
0.3443,6.9187,0.0411,straight,0.1763,4.3400,0.1751,-0.2219,0.2633
0.2339,6.6398,0.1903,combined,1.5114,7.0000,0.2339,-0.2237,0.0685
0.2542,0.4748,0.0399,lateral,1.3196,6.7800,0.2542,-0.2445,0.0696
0.1410,0.6141,0.1091,turn,0.0000,6.6600,0.0000,nan,nan
0.5165,2.3075,0.1572,combined,1.6436,5.6200,0.5165,-0.4423,0.2667
0.1117,5.6546,0.2419,combined,1.0536,6.0200,0.1081,-0.0036,0.1116
0.0589,2.8440,0.0568,stand,0.0000,6.4600,0.0000,nan,nan
0.2162,7.2246,0.1140,lateral,0.5449,4.1400,0.2114,-0.2135,0.0341
0.0497,6.6750,0.1292,lateral,0.6650,6.4400,0.0373,-0.0173,0.0466
0.3509,4.3525,0.2433,combined,1.9775,7.0400,0.3466,-0.1129,0.3322
0.3854,5.9726,0.0855,turn,0.0000,7.6400,0.0000,nan,nan
0.4395,0.1416,0.0759,combined,1.8741,7.5800,0.4394,-0.4389,0.0239
0.0748,1.7501,0.0115,stand,0.0000,4.1400,0.0000,nan,nan
0.1692,3.5844,0.0289,combined,1.2408,6.7600,0.1691,-0.1684,0.0169
0.3209,2.9844,0.3050,turn,0.0000,5.4200,0.0000,nan,nan
0.3496,8.4009,0.0312,turn,0.0000,4.8200,0.0000,nan,nan
0.4769,3.7263,0.1658,straight,0.5960,4.8800,0.4717,-0.4768,0.0104
0.7796,1.8974,0.1156,straight,1.8429,4.6000,0.7796,-0.7796,0.0011
0.3002,0.6162,0.0730,turn,0.0000,6.9600,0.0000,nan,nan
0.0209,0.1012,0.0443,stand,0.0000,7.7800,0.0000,nan,nan
0.4107,0.5140,0.1094,straight,1.5508,7.7400,0.4107,-0.3911,0.1255
0.4978,2.1101,0.1205,combined,0.5770,4.9800,0.4928,-0.4929,0.0700
0.3719,4.0945,0.0804,combined,2.0762,6.7400,0.3719,-0.3628,0.0820
0.4850,1.5735,0.0504,combined,0.8805,5.9400,0.4831,-0.4666,0.1323
0.1169,4.5915,0.2465,turn,0.0000,5.9200,0.0000,nan,nan
0.3434,3.9073,0.0730,lateral,1.3726,6.8200,0.3431,-0.3323,0.0866
0.1747,1.7789,0.1132,turn,0.0000,6.1400,0.0000,nan,nan
0.4659,3.7912,0.1357,combined,1.3839,4.9800,0.4659,-0.4657,0.0144
0.3177,4.6456,0.1245,turn,0.0000,5.9000,0.0000,nan,nan
0.1083,6.0805,0.1027,straight,1.0661,5.6400,0.0856,0.0716,0.0812
0.1806,2.4445,0.1744,combined,1.1065,5.9200,0.1344,0.0487,0.1740
0.5250,1.8853,0.1302,straight,1.6945,5.9200,0.5250,-0.5234,0.0409
0.7290,8.4712,0.1626,combined,1.8717,5.8000,0.7285,-0.6029,0.4098
0.2287,1.2141,0.0492,combined,1.2480,6.8200,0.0849,0.2061,0.0992
0.6039,4.4153,0.1395,combined,1.6764,6.3800,0.6039,-0.5438,0.2626
0.4442,1.4914,0.1721,straight,0.3469,6.7600,0.2244,0.2274,0.3816
0.2446,1.5256,0.1238,straight,0.2140,7.1800,0.0682,0.1619,0.1833
0.2742,1.4471,0.1437,combined,0.6454,7.5800,0.0864,0.2174,0.1670
0.2118,5.7684,0.0931,straight,1.7368,6.1600,0.2118,-0.2113,0.0149
0.0583,1.0736,0.0920,lateral,0.4948,6.9800,0.0050,0.0567,0.0137
0.2328,0.2977,0.0554,lateral,0.8393,5.8800,0.1474,0.1476,0.1800
0.2292,0.8496,0.0840,combined,1.7944,7.6800,0.2292,-0.1959,0.1191
0.3122,4.2053,0.0663,combined,1.0788,5.5000,0.3122,-0.1377,0.2802
0.1891,1.8302,0.1575,lateral,0.8042,7.8200,0.1891,-0.1478,0.1178
0.4143,0.0205,0.1211,combined,1.0338,6.0600,0.3739,-0.2926,0.2932
0.4115,7.4348,0.1025,turn,0.0000,6.4600,0.0000,nan,nan
0.0680,1.9148,0.0318,turn,0.0000,6.3600,0.0000,nan,nan
0.1850,3.6092,0.2260,turn,0.0000,7.5000,0.0000,nan,nan
0.0139,0.1860,0.0411,stand,0.0000,4.4200,0.0000,nan,nan
0.0220,1.9518,0.0632,turn,0.0000,4.7400,0.0000,nan,nan
0.2314,2.4107,0.0852,straight,1.8640,7.7600,0.2314,-0.2308,0.0170
0.2959,7.6656,0.1449,lateral,0.7328,7.2200,0.2739,-0.2452,0.1657
0.1549,1.7181,0.1237,straight,0.5252,7.4200,0.0086,0.1501,0.0386
0.0787,1.4109,0.1023,turn,0.0000,7.0000,0.0000,nan,nan
0.6609,3.4465,0.1906,combined,1.7494,4.9000,0.6609,-0.6596,0.0415
0.4389,1.9736,0.1228,straight,0.6706,5.9800,0.4363,-0.4389,0.0006
0.1140,3.2340,0.1005,straight,0.4071,4.8600,0.1056,-0.0843,0.0767
0.0757,1.8191,0.1419,turn,0.0000,4.8800,0.0000,nan,nan
0.5165,9.6060,0.1757,combined,2.1532,5.3200,0.5165,-0.5142,0.0479
0.1041,0.1050,0.0854,lateral,0.6995,7.0800,0.0986,-0.1041,0.0022
0.0223,1.0358,0.0191,stand,0.0000,7.2400,0.0000,nan,nan
0.0457,5.6387,0.1456,straight,1.1887,7.9200,0.0457,-0.0130,0.0438
0.5075,3.9367,0.1823,lateral,0.3080,7.6800,0.1440,0.3190,0.3947
0.2535,0.4155,0.1516,combined,2.0420,6.9000,0.2517,-0.0660,0.2447
0.1803,9.1165,0.0410,lateral,0.4586,7.3200,0.1665,-0.1510,0.0986
0.4187,6.0900,0.0830,combined,1.0233,6.6400,0.3777,-0.3291,0.2589
0.0630,2.0885,0.0468,turn,0.0000,4.5400,0.0000,nan,nan
0.0492,1.8390,0.0287,stand,0.0000,7.3600,0.0000,nan,nan
0.4201,3.5944,0.1623,lateral,0.9854,6.4400,0.4125,-0.3005,0.2935
0.2095,5.6369,0.0328,turn,0.0000,4.0400,0.0000,nan,nan
0.3126,7.4108,0.0550,lateral,0.4278,5.1200,0.2983,-0.1579,0.2698
0.1489,1.2673,0.1599,combined,1.5503,7.2200,0.1489,-0.1478,0.0183
0.1388,0.7928,0.0531,lateral,0.7028,6.1400,0.1324,-0.1269,0.0564
0.0277,1.6846,0.0281,stand,0.0000,7.1200,0.0000,nan,nan
0.3460,4.4136,0.0731,turn,0.0000,7.0400,0.0000,nan,nan
0.2123,1.2824,0.0993,straight,0.8538,6.8000,0.0489,0.1977,0.0773
0.0727,0.5819,0.0828,stand,0.0000,4.4400,0.0000,nan,nan
0.2082,2.0853,0.1051,straight,0.7153,6.9600,0.1965,-0.0767,0.1936
0.0385,2.7103,0.1571,stand,0.0000,5.6000,0.0000,nan,nan
0.4562,0.6607,0.0304,combined,1.6459,6.9400,0.4560,-0.3935,0.2309
0.5341,10.1256,0.2322,straight,1.0151,7.2800,0.4968,-0.3633,0.3915
0.3057,1.5028,0.0801,combined,1.2448,4.8200,0.3005,-0.2864,0.1069
0.5129,4.1334,0.1566,straight,1.9891,5.4600,0.5129,-0.5042,0.0938
0.3975,2.8329,0.0275,combined,1.6805,7.7400,0.3971,-0.3923,0.0639
0.3409,5.3326,0.2859,lateral,1.2511,4.9000,0.3293,-0.2620,0.2181
0.3848,5.8790,0.0459,combined,0.4227,5.8000,0.3246,-0.0714,0.3781
0.4634,2.2497,0.1137,straight,0.5223,7.5800,0.4634,-0.4543,0.0911
0.0459,0.6887,0.0734,turn,0.0000,7.7000,0.0000,nan,nan
0.3028,4.4073,0.1404,straight,1.5142,6.5400,0.2515,0.0577,0.2972
0.4914,0.9403,0.0682,turn,0.0000,6.8000,0.0000,nan,nan
0.0219,1.2947,0.0108,stand,0.0000,7.4800,0.0000,nan,nan
0.3570,1.2834,0.0955,turn,0.0000,7.3400,0.0000,nan,nan
0.3470,6.6096,0.0987,turn,0.0000,7.1000,0.0000,nan,nan
0.2808,1.2094,0.0372,turn,0.0000,4.7600,0.0000,nan,nan
0.3655,0.8153,0.0746,combined,0.9587,7.5000,0.3602,-0.3316,0.1538
0.3685,2.9533,0.0715,lateral,0.3193,7.8400,0.1207,0.1824,0.3202
0.1591,0.2748,0.1344,straight,0.4150,6.2600,0.1124,0.1075,0.1172
0.3707,1.3856,0.1276,lateral,0.4777,7.7800,0.2594,0.0001,0.3707
0.3167,1.2220,0.1108,lateral,0.4973,7.7800,0.2609,-0.0772,0.3071
0.3497,5.1337,0.1597,straight,0.1178,6.9600,0.0085,0.3430,0.0679
0.2814,2.4387,0.0944,turn,0.0000,5.9800,0.0000,nan,nan
0.3205,7.6790,0.1095,combined,1.4799,4.8000,0.2979,-0.2823,0.1518
0.5651,4.7550,0.1032,straight,1.7452,6.9000,0.5598,-0.5323,0.1895
0.1999,0.2861,0.1457,combined,1.2556,6.6000,0.1999,-0.1784,0.0901
0.2491,5.5069,0.0767,straight,0.2454,7.6400,0.2281,-0.2339,0.0857
0.2054,3.4824,0.1186,straight,0.3820,6.9200,0.1896,-0.2040,0.0238
0.6887,7.2894,0.1278,turn,0.0000,7.9600,0.0000,nan,nan
0.3914,1.1845,0.0800,turn,0.0000,7.4000,0.0000,nan,nan
0.4386,3.9229,0.0787,turn,0.0000,7.6600,0.0000,nan,nan
0.0326,0.4828,0.0200,stand,0.0000,6.4800,0.0000,nan,nan
0.1483,4.1563,0.1155,combined,0.7824,5.3000,0.1483,-0.1293,0.0725
0.1230,0.4874,0.2076,turn,0.0000,5.6600,0.0000,nan,nan
0.1476,0.1860,0.0701,straight,1.7550,7.8600,0.1431,-0.1317,0.0667
0.5271,4.8218,0.1415,combined,1.7984,5.7600,0.5169,-0.2411,0.4688
0.0339,5.6150,0.0510,turn,0.0000,7.4000,0.0000,nan,nan
0.5941,2.4667,0.1397,lateral,1.2865,4.1000,0.5941,-0.5931,0.0349
0.5078,4.0943,0.0945,combined,0.6162,4.3200,0.4795,-0.3564,0.3618
0.0115,2.4601,0.0850,stand,0.0000,7.5400,0.0000,nan,nan
0.1500,2.8343,0.0389,lateral,0.0974,4.9200,0.0608,-0.0178,0.1489
0.3940,1.5657,0.2160,turn,0.0000,6.2400,0.0000,nan,nan
0.2014,9.5202,0.1953,combined,1.1808,5.7600,0.1980,-0.0194,0.2005
0.4366,5.0027,0.1927,combined,1.6180,4.7600,0.4366,-0.4345,0.0422
0.3088,6.4756,0.0707,lateral,1.0764,4.3800,0.3040,-0.2939,0.0947
0.4775,2.7988,0.0805,turn,0.0000,7.4200,0.0000,nan,nan
0.2944,9.4113,0.0081,turn,0.0000,4.5600,0.0000,nan,nan
0.7073,0.7977,0.0915,lateral,0.2876,6.1000,0.2876,-0.5919,0.3872
0.4209,4.3061,0.0945,straight,1.2536,6.1600,0.4209,-0.4045,0.1164
0.0513,1.3675,0.0609,stand,0.0000,5.7400,0.0000,nan,nan
0.2914,0.7583,0.1244,turn,0.0000,6.9400,0.0000,nan,nan
0.1824,2.3576,0.1425,straight,1.2362,4.3400,0.1824,-0.1654,0.0769
0.3009,0.2856,0.0862,lateral,0.5971,5.7800,0.2870,-0.1511,0.2602
0.1947,6.9217,0.1911,combined,1.4717,6.6000,0.1936,-0.0157,0.1940
0.3089,5.7314,0.0095,straight,0.6310,6.0000,0.3082,-0.2986,0.0790
0.0736,1.1991,0.1057,lateral,1.4671,5.4400,0.0736,-0.0729,0.0101
0.1201,3.3370,0.0951,lateral,0.2464,7.4400,0.1181,-0.1041,0.0599
0.3529,7.6961,0.0819,combined,1.5543,6.1800,0.3513,-0.3226,0.1430
0.7607,1.9003,0.0975,straight,1.6714,4.4800,0.7607,-0.7361,0.1919
0.1744,3.6072,0.0977,straight,0.4844,5.2400,0.0100,0.1721,0.0285
0.2065,6.9294,0.1626,combined,0.5503,6.8400,0.2059,-0.1666,0.1220
0.1562,1.9983,0.0624,turn,0.0000,5.0800,0.0000,nan,nan
0.4553,8.2181,0.1626,combined,1.4194,4.4600,0.4522,-0.3855,0.2422
0.3879,5.6533,0.0668,lateral,1.1855,4.8600,0.3782,-0.3850,0.0479
0.1323,0.3100,0.0933,combined,0.8911,7.4800,0.1323,-0.1164,0.0629
0.0864,0.9908,0.0695,turn,0.0000,5.5800,0.0000,nan,nan
0.0943,6.6294,0.0799,turn,0.0000,5.5200,0.0000,nan,nan
0.4482,5.6427,0.1077,combined,1.8860,6.7800,0.4482,-0.4456,0.0483
0.0933,2.5002,0.0842,turn,0.0000,4.1800,0.0000,nan,nan
0.7145,4.4277,0.1028,combined,1.7608,4.9400,0.7145,-0.4678,0.5401
0.4793,7.5585,0.1690,combined,1.3730,4.2000,0.4793,-0.4793,0.0028
0.3145,6.1915,0.1565,combined,1.5803,7.0400,0.3145,-0.2613,0.1750
0.2638,1.6612,0.1504,lateral,0.5827,7.4800,0.2435,-0.1062,0.2415
0.3479,2.4351,0.1047,straight,1.6314,6.6800,0.3416,-0.2991,0.1778
0.1269,2.3356,0.0163,combined,0.4327,5.7400,0.1028,0.0267,0.1241
0.4302,2.1186,0.1839,lateral,0.9704,5.8400,0.4302,-0.2322,0.3621
0.0371,0.6538,0.2024,combined,1.2090,7.7200,0.0118,0.0144,0.0342
0.5094,6.8545,0.1602,straight,1.3343,4.2600,0.5094,-0.4979,0.1076
0.4539,2.6808,0.1699,combined,1.3494,4.0400,0.4539,-0.4536,0.0177
0.1920,3.4066,0.0879,turn,0.0000,6.0800,0.0000,nan,nan
0.2622,2.1932,0.1249,lateral,0.0861,6.6200,0.0539,0.1320,0.2265
0.3346,2.1532,0.0449,combined,1.3111,5.9400,0.3346,-0.3345,0.0054
0.3078,4.0865,0.1180,lateral,0.7595,6.0000,0.3016,-0.2647,0.1570
0.2721,1.5698,0.1210,combined,1.7511,6.6200,0.2721,-0.2554,0.0939
0.1727,0.0235,0.0483,lateral,0.5665,5.1600,0.1158,0.1065,0.1359
0.3831,13.1473,0.3273,straight,1.6038,4.0400,0.3831,-0.3570,0.1389
0.6380,8.6831,0.2788,straight,1.6184,4.5400,0.6380,-0.5975,0.2237
0.1585,1.9170,0.0828,lateral,0.1201,7.9800,0.0999,-0.1135,0.1106
0.2681,15.1868,0.1428,lateral,0.1574,4.0800,0.0799,0.1757,0.2024
0.0698,4.1916,0.0867,turn,0.0000,5.9600,0.0000,nan,nan
0.3030,12.5487,0.0869,lateral,1.4500,4.5400,0.3030,-0.1790,0.2446
0.3985,1.7023,0.0558,combined,1.4695,4.5200,0.3985,-0.3982,0.0159
0.5866,3.4885,0.1748,lateral,1.0322,4.4000,0.5794,-0.5145,0.2818
0.4216,6.8414,0.1074,turn,0.0000,7.8000,0.0000,nan,nan
0.0193,1.9778,0.1529,lateral,0.2198,4.2600,0.0164,-0.0058,0.0184
0.3008,0.2072,0.1184,combined,1.7697,7.9200,0.3008,-0.2489,0.1689
0.0797,1.6585,0.1317,turn,0.0000,7.4000,0.0000,nan,nan
0.2323,2.5791,0.0340,turn,0.0000,7.5600,0.0000,nan,nan
0.2213,0.5627,0.0925,lateral,0.1474,4.8600,0.0959,-0.0584,0.2134
0.0096,1.4239,0.0218,stand,0.0000,6.7000,0.0000,nan,nan
0.0080,0.2580,0.0377,stand,0.0000,7.2800,0.0000,nan,nan
0.2375,2.5605,0.1473,lateral,1.3936,6.3400,0.2322,-0.0686,0.2274
0.1741,11.3644,0.1853,straight,1.0399,5.5800,0.1497,0.0282,0.1718
0.3766,3.3396,0.0952,lateral,1.4124,4.5400,0.3738,-0.3290,0.1832
0.0450,3.4806,0.0548,stand,0.0000,4.0800,0.0000,nan,nan
0.4607,3.6119,0.0285,lateral,1.3235,6.5600,0.4394,-0.3380,0.3131
0.0476,3.7544,0.0315,stand,0.0000,4.2800,0.0000,nan,nan
0.1886,1.9788,0.0559,turn,0.0000,7.3200,0.0000,nan,nan
0.3561,4.8055,0.0556,turn,0.0000,5.3200,0.0000,nan,nan
0.5003,5.3761,0.2295,straight,1.8824,4.3400,0.5003,-0.4960,0.0654
0.3754,9.2855,0.2142,combined,1.2952,6.4800,0.3754,-0.3619,0.1000
0.3471,5.6155,0.0407,combined,0.4927,5.0600,0.3281,-0.2912,0.1889
0.2720,4.7096,0.1374,straight,1.6953,4.8400,0.2720,-0.2344,0.1380
0.2210,2.6491,0.0760,turn,0.0000,6.3000,0.0000,nan,nan
0.0510,5.7614,0.2170,stand,0.0000,6.0400,0.0000,nan,nan
0.1772,3.3359,0.1929,turn,0.0000,7.6800,0.0000,nan,nan
0.3122,11.4451,0.1372,straight,1.2164,7.1600,0.1506,0.1590,0.2687
0.1754,0.7548,0.0963,combined,1.7350,6.4600,0.1736,-0.1646,0.0607
0.3235,3.7644,0.0804,straight,0.1763,7.9800,0.0644,0.1924,0.2601
0.5452,7.5039,0.1954,combined,2.0475,5.2600,0.5452,-0.5173,0.1723
0.2478,7.3959,0.1175,straight,1.6731,5.8800,0.2474,-0.0584,0.2409
0.4409,4.4865,0.0865,straight,1.6952,7.1400,0.4409,-0.4234,0.1230
0.1307,1.2187,0.0967,straight,1.4395,7.6800,0.1307,-0.0945,0.0903
0.0984,4.7257,0.1382,turn,0.0000,4.8400,0.0000,nan,nan
0.3888,9.6102,0.1408,combined,1.6947,5.9400,0.3888,-0.3719,0.1131
0.3634,9.8702,0.2678,lateral,1.1620,5.1200,0.2706,0.1191,0.3433
0.4674,0.6709,0.1632,lateral,0.9709,7.2800,0.4674,-0.3712,0.2840
0.2579,0.8534,0.1635,straight,0.5795,6.0200,0.1394,0.1731,0.1913
0.4283,0.5231,0.0499,lateral,1.2343,5.4400,0.4267,-0.3996,0.1541
0.4034,0.9760,0.2186,lateral,1.2513,7.7200,0.3930,-0.0786,0.3957
0.7612,0.5971,0.1156,combined,1.9326,4.4400,0.7612,-0.7400,0.1781
0.0809,1.0836,0.1112,lateral,0.3154,6.8800,0.0739,-0.0780,0.0212
0.5285,2.6149,0.0796,straight,0.9353,4.1800,0.5285,-0.4789,0.2236
0.2893,4.4804,0.2710,combined,1.6123,5.0400,0.2893,-0.2675,0.1100
0.4240,2.2363,0.1270,straight,1.9950,5.9000,0.4240,-0.4163,0.0802
0.1895,4.8109,0.0854,lateral,0.7378,7.8400,0.1872,-0.1715,0.0807
0.3076,4.2739,0.1100,straight,0.9666,4.9200,0.3076,-0.2972,0.0795
0.0128,1.1186,0.1808,combined,1.2603,7.6000,0.0098,0.0072,0.0106
0.4844,1.0881,0.1458,combined,2.0087,5.8600,0.4844,-0.4812,0.0553
0.3323,2.5705,0.0821,turn,0.0000,5.8000,0.0000,nan,nan
0.4642,6.8438,0.0688,combined,1.2985,6.3800,0.3245,0.1918,0.4227
0.4858,5.2107,0.0411,combined,1.6073,4.7400,0.4858,-0.4125,0.2565
0.2905,1.8347,0.1271,combined,0.8476,4.1000,0.2866,-0.2550,0.1393
0.4158,2.4799,0.0877,lateral,1.0321,5.8800,0.4076,-0.2299,0.3464
0.2900,1.1756,0.0674,straight,1.5577,5.1400,0.2880,-0.2693,0.1075
0.4960,1.7920,0.0912,turn,0.0000,7.8000,0.0000,nan,nan
0.4647,6.5691,0.1464,combined,1.8443,4.9400,0.4647,-0.4647,0.0010
0.3033,3.8067,0.1617,lateral,0.1712,4.2800,0.1566,-0.0443,0.3000
0.0086,0.0261,0.0232,stand,0.0000,5.2600,0.0000,nan,nan
0.1308,9.7853,0.1186,combined,1.1828,6.1800,0.1294,-0.1275,0.0292
0.3602,3.7491,0.1351,lateral,0.6995,4.5800,0.2661,0.0841,0.3502
0.4247,2.1364,0.1987,straight,1.0374,4.8000,0.4247,-0.4239,0.0256
0.3271,5.1500,0.1444,turn,0.0000,4.2600,0.0000,nan,nan
0.1925,3.6789,0.0823,turn,0.0000,6.1600,0.0000,nan,nan
0.1046,6.9944,0.0939,straight,0.9761,4.9200,0.0614,0.0526,0.0904
0.2385,3.9400,0.2121,lateral,0.8895,6.6400,0.2385,-0.1150,0.2089
0.0423,0.2342,0.1119,turn,0.0000,7.8600,0.0000,nan,nan
0.1591,2.8550,0.1008,turn,0.0000,6.8800,0.0000,nan,nan
0.3846,0.9398,0.1295,turn,0.0000,5.9400,0.0000,nan,nan
0.1839,5.2081,0.1059,turn,0.0000,5.2800,0.0000,nan,nan
0.1387,4.3547,0.0791,turn,0.0000,4.9000,0.0000,nan,nan
0.2613,2.5048,0.1612,turn,0.0000,4.9400,0.0000,nan,nan
0.2257,3.5969,0.0223,lateral,0.6733,4.3000,0.2219,-0.2134,0.0735
0.1364,2.2198,0.0970,straight,0.3076,6.2600,0.1234,-0.0655,0.1197
0.1145,3.5967,0.1475,turn,0.0000,6.8600,0.0000,nan,nan
0.2515,5.7477,0.2233,lateral,1.4721,5.3000,0.2458,-0.0803,0.2383
0.3287,1.7028,0.0785,straight,0.0496,6.3600,0.0178,0.2864,0.1614
0.4322,5.4019,0.0312,combined,1.2274,4.8800,0.4303,-0.4322,0.0012
0.3975,2.0366,0.2020,combined,1.6287,6.8200,0.3975,-0.3665,0.1538
0.2140,3.0903,0.1644,lateral,1.1582,7.7800,0.1316,0.0990,0.1897
0.1501,2.3389,0.2364,turn,0.0000,6.0000,0.0000,nan,nan
0.1553,11.1696,0.2108,lateral,0.5103,5.1200,0.1553,-0.1537,0.0227
0.3486,3.0918,0.1027,combined,0.9799,7.2800,0.2659,0.1064,0.3320
0.5135,4.9179,0.1762,straight,1.7642,4.8400,0.5135,-0.5029,0.1036
0.0836,3.0422,0.0556,straight,0.1849,5.8800,0.0792,-0.0072,0.0833
0.0692,2.0623,0.0555,stand,0.0000,5.0800,0.0000,nan,nan
0.0349,6.9393,0.0874,combined,1.9478,7.5400,0.0229,0.0330,0.0114
0.2353,11.4696,0.1985,combined,1.6921,7.5000,0.2353,-0.0826,0.2203
0.1080,1.0980,0.1100,straight,1.9008,7.4000,0.0597,0.0669,0.0848
0.5081,0.7580,0.0845,combined,1.8806,4.9800,0.5081,-0.5049,0.0568
0.0644,0.2195,0.0341,stand,0.0000,6.1800,0.0000,nan,nan
0.3284,9.6644,0.0829,lateral,0.5983,5.2000,0.2937,-0.2915,0.1513
0.3604,2.8930,0.2724,combined,1.5605,4.7400,0.3604,-0.3478,0.0946
0.2917,3.8313,0.0969,turn,0.0000,4.7600,0.0000,nan,nan
0.1413,6.4612,0.1115,turn,0.0000,4.5000,0.0000,nan,nan
0.2608,1.3869,0.0832,turn,0.0000,6.7200,0.0000,nan,nan
0.3701,11.5128,0.2524,stand,0.0000,4.5600,0.0000,nan,nan
0.0519,3.8970,0.2497,turn,0.0000,4.7400,0.0000,nan,nan
0.0363,5.0149,0.1480,straight,1.2055,5.2200,0.0305,0.0214,0.0293
0.1589,1.5924,0.1146,lateral,0.3082,7.2200,0.1203,-0.0410,0.1535
0.1576,3.1917,0.0862,lateral,0.8841,7.3800,0.1542,-0.1005,0.1214
0.1244,0.5594,0.0251,stand,0.0000,5.4200,0.0000,nan,nan
0.5763,0.9166,0.1912,straight,1.4030,4.1600,0.5763,-0.5752,0.0352
0.4777,4.6344,0.0730,straight,1.1539,6.5200,0.4754,-0.4167,0.2336
0.6448,6.8340,0.0984,straight,1.9288,5.7000,0.6448,-0.5840,0.2734
0.0700,3.2377,0.1332,turn,0.0000,4.2000,0.0000,nan,nan
0.2596,3.7219,0.1088,straight,0.0987,5.6800,0.0444,0.2049,0.1594
0.0294,1.8401,0.0361,stand,0.0000,6.6400,0.0000,nan,nan
0.3710,4.7488,0.1536,combined,0.3775,7.7200,0.3014,-0.3628,0.0775
0.1261,0.5992,0.1070,straight,0.1613,6.5400,0.1089,0.0235,0.1239
0.5720,8.3351,0.1368,straight,1.5489,4.3600,0.5720,-0.5685,0.0633
0.3911,1.3368,0.1650,lateral,1.1052,5.9600,0.3833,-0.1745,0.3500
0.4593,1.7441,0.1582,combined,1.0186,6.4000,0.4487,-0.3313,0.3181
0.1611,10.5427,0.0553,lateral,0.6477,4.5600,0.1070,0.0801,0.1398
0.1353,2.1793,0.0749,turn,0.0000,7.5400,0.0000,nan,nan
0.0975,1.4805,0.0613,straight,0.5428,7.8400,0.0911,-0.0663,0.0715
0.3897,1.8667,0.1167,lateral,1.2477,4.8200,0.3897,-0.3637,0.1398
0.1191,1.6073,0.1388,turn,0.0000,5.2800,0.0000,nan,nan
0.3448,8.3149,0.1282,combined,1.1588,5.0800,0.3286,-0.0705,0.3376
0.3125,0.2346,0.1433,turn,0.0000,6.2000,0.0000,nan,nan
0.4267,0.3037,0.0967,combined,1.2306,5.3000,0.4197,-0.4202,0.0744
0.3543,0.5207,0.0984,turn,0.0000,6.6200,0.0000,nan,nan
0.2610,3.6181,0.2187,straight,0.4372,6.6400,0.2545,-0.1916,0.1773
0.2887,1.1429,0.1761,lateral,1.0187,7.0800,0.2239,0.0746,0.2789
0.0962,5.4458,0.0355,stand,0.0000,6.9200,0.0000,nan,nan
0.2191,1.1534,0.1454,straight,0.3207,7.5600,0.2160,-0.2153,0.0410
0.1572,8.0372,0.1791,combined,1.0078,5.5000,0.1572,-0.1359,0.0790
0.1077,1.0993,0.1455,turn,0.0000,5.4600,0.0000,nan,nan
0.1970,0.2376,0.2276,combined,2.1132,7.1800,0.1970,-0.1638,0.1094
0.0890,3.8392,0.0416,turn,0.0000,4.2400,0.0000,nan,nan
0.0305,2.0397,0.0228,stand,0.0000,5.7000,0.0000,nan,nan
0.3489,0.4154,0.0802,straight,1.1712,7.8200,0.3367,-0.3244,0.1283
0.3632,8.3070,0.1696,combined,1.5890,7.2000,0.0954,0.3133,0.1837
0.2613,6.7025,0.1290,turn,0.0000,4.4000,0.0000,nan,nan
0.5029,6.4723,0.0570,straight,1.1019,6.8000,0.5029,-0.4016,0.3027
0.1059,0.0184,0.0446,straight,0.9016,6.6000,0.0872,-0.0720,0.0776
0.3206,4.4385,0.0692,lateral,0.3676,4.8000,0.2902,-0.0689,0.3131
0.0073,0.5088,0.0087,stand,0.0000,5.9000,0.0000,nan,nan
0.0504,5.1073,0.0564,straight,0.2839,4.9400,0.0170,0.0296,0.0408
0.3151,4.1779,0.1014,turn,0.0000,6.9400,0.0000,nan,nan
0.0545,1.0827,0.0149,stand,0.0000,5.3600,0.0000,nan,nan
0.3401,0.4349,0.1111,turn,0.0000,5.7000,0.0000,nan,nan
0.4601,9.1353,0.1332,turn,0.0000,7.6200,0.0000,nan,nan
0.3083,1.7031,0.0756,lateral,1.3310,4.7800,0.3083,-0.3081,0.0093
0.0429,0.3983,0.0389,stand,0.0000,4.1400,0.0000,nan,nan
0.0896,0.3041,0.0811,turn,0.0000,4.8800,0.0000,nan,nan
0.1482,5.6527,0.1408,combined,1.3372,7.6000,0.1482,-0.1478,0.0101
0.0718,1.4998,0.0333,stand,0.0000,6.2600,0.0000,nan,nan
0.2434,7.8828,0.1683,lateral,1.4312,4.4200,0.2434,-0.1425,0.1973
0.1796,6.1245,0.0424,combined,1.0140,5.8800,0.0195,0.1750,0.0404
0.0230,0.6424,0.1547,stand,0.0000,7.9600,0.0000,nan,nan
0.4895,6.5493,0.0953,straight,1.3014,5.2400,0.4895,-0.4847,0.0683
0.5852,1.0912,0.1020,straight,1.9930,4.8000,0.5852,-0.5747,0.1103
0.1798,3.6611,0.1774,turn,0.0000,7.6800,0.0000,nan,nan
0.3011,2.9107,0.0294,combined,1.3089,7.4600,0.3002,-0.2981,0.0428
0.3309,2.3762,0.2398,straight,0.1307,7.8200,0.0093,0.3148,0.1019
0.3803,1.0249,0.1073,straight,1.0335,4.9200,0.3803,-0.2940,0.2412
0.2795,5.4169,0.2186,combined,1.5000,7.6000,0.1489,0.2119,0.1822
0.2105,3.1371,0.0971,combined,1.7126,6.7800,0.2105,-0.2096,0.0197
0.1178,3.9975,0.1880,combined,1.8178,7.0400,0.1066,-0.0443,0.1092
0.0920,1.7371,0.1207,combined,1.3829,7.4800,0.0920,-0.0778,0.0492
0.4834,6.9453,0.1966,straight,0.0244,6.9000,0.0244,-0.4380,0.2046
0.4857,5.4273,0.1096,lateral,1.4899,4.4000,0.4820,-0.4855,0.0159
0.5333,0.3589,0.0950,turn,0.0000,6.9000,0.0000,nan,nan
0.2694,1.8811,0.0738,combined,1.4121,7.6000,0.2682,-0.2516,0.0964
0.4719,2.3328,0.0437,straight,0.5046,4.4400,0.4103,-0.3534,0.3127
0.1364,7.3142,0.1555,combined,1.0180,7.5800,0.1364,-0.1301,0.0409
0.1931,4.4952,0.0976,straight,1.8042,7.3000,0.1815,-0.1405,0.1324
0.0304,0.3513,0.0227,stand,0.0000,7.5400,0.0000,nan,nan
0.5348,4.7058,0.1568,straight,1.8289,5.4400,0.5348,-0.5243,0.1057
0.0967,6.8691,0.0358,combined,0.5379,7.6400,0.0739,0.0469,0.0845
0.2234,2.4370,0.0850,combined,1.0879,7.4400,0.1085,0.1166,0.1905
0.9238,1.7387,0.0637,straight,1.7493,5.0400,0.9213,-0.6856,0.6191
0.2971,0.5679,0.2012,combined,0.7595,4.7200,0.2971,-0.2484,0.1630
0.1436,0.6535,0.0902,turn,0.0000,6.0400,0.0000,nan,nan
0.2878,3.3335,0.1499,combined,0.8896,6.5800,0.1918,0.0654,0.2803
0.3964,5.2002,0.0458,turn,0.0000,6.9200,0.0000,nan,nan
0.4515,1.8154,0.0770,combined,1.0917,4.3000,0.4515,-0.4486,0.0515
0.3663,4.9219,0.0898,combined,1.8271,4.6600,0.3663,-0.3629,0.0495
0.0302,3.3833,0.0743,turn,0.0000,4.0800,0.0000,nan,nan
0.0605,1.8786,0.0150,stand,0.0000,4.1200,0.0000,nan,nan
0.2660,1.5974,0.2038,combined,1.4263,7.1000,0.2660,-0.2458,0.1019
0.2809,6.9309,0.0677,lateral,0.7532,4.2800,0.2012,0.1049,0.2606
0.2998,3.7428,0.1914,combined,1.6067,5.3600,0.2998,-0.2920,0.0680
0.0758,5.8331,0.0459,combined,0.9244,7.4000,0.0393,0.0697,0.0300
0.2767,0.8839,0.0927,straight,0.5557,4.6000,0.2767,-0.2265,0.1590
0.2766,1.5333,0.1837,straight,0.7632,4.4800,0.2766,-0.2763,0.0130
0.1224,4.9822,0.1618,straight,1.4209,7.6000,0.0934,0.0470,0.1130
0.4721,0.2694,0.1200,combined,1.4085,7.6000,0.4721,-0.4712,0.0289
0.4413,3.3865,0.0394,lateral,1.1374,5.0200,0.4178,-0.2303,0.3765
0.2383,7.2200,0.2045,lateral,1.4647,4.0000,0.2383,-0.1394,0.1933
0.1269,1.6251,0.0958,combined,1.4805,6.8800,0.1238,-0.1057,0.0701
0.2846,7.4576,0.3228,combined,1.9920,6.3600,0.2846,-0.1185,0.2588
0.1517,1.4850,0.0406,turn,0.0000,6.0400,0.0000,nan,nan
0.4215,10.3510,0.1754,straight,1.3318,5.0400,0.4215,-0.3924,0.1540
0.4512,9.2272,0.1393,combined,1.1720,4.7200,0.4512,-0.3829,0.2387
0.1221,0.0475,0.1386,turn,0.0000,5.0200,0.0000,nan,nan
0.0320,3.9302,0.1750,turn,0.0000,7.4400,0.0000,nan,nan
0.0093,1.4490,0.0159,stand,0.0000,4.1400,0.0000,nan,nan
0.3671,3.4929,0.0820,lateral,0.2381,7.4000,0.2381,-0.1372,0.3405
0.0683,0.8764,0.2523,combined,1.8829,7.3600,0.0636,-0.0407,0.0549
0.0624,1.8141,0.0328,stand,0.0000,6.2000,0.0000,nan,nan
0.3303,2.9295,0.2291,turn,0.0000,5.6200,0.0000,nan,nan
0.2942,6.8829,0.1725,straight,1.9900,4.6200,0.2942,-0.2533,0.1496
0.1864,1.1317,0.1227,combined,1.3979,5.1000,0.1773,-0.1116,0.1493
0.2063,2.4337,0.1562,turn,0.0000,6.9400,0.0000,nan,nan
0.1153,0.9292,0.0374,turn,0.0000,7.7200,0.0000,nan,nan
0.7263,4.2153,0.2191,straight,0.9657,6.0200,0.7188,-0.5750,0.4437
0.0575,0.9587,0.0074,lateral,0.9260,6.7800,0.0574,-0.0469,0.0333
0.2211,2.2938,0.2261,straight,1.7262,6.2400,0.2211,-0.1197,0.1858
0.0303,0.4745,0.0098,stand,0.0000,5.9000,0.0000,nan,nan
0.2603,3.5023,0.0584,combined,0.7647,4.1000,0.2499,-0.1401,0.2194
0.3011,3.6886,0.2215,combined,1.7280,4.7800,0.3011,-0.2932,0.0684
0.2036,0.1915,0.1877,straight,0.3193,5.8400,0.0073,0.2033,0.0109
0.2167,9.4491,0.0862,lateral,0.4076,7.4400,0.2012,-0.1774,0.1244
0.0214,2.1669,0.0465,stand,0.0000,5.8000,0.0000,nan,nan
0.4618,3.9662,0.1248,turn,0.0000,6.0600,0.0000,nan,nan
0.0543,0.2342,0.0297,stand,0.0000,6.5400,0.0000,nan,nan
0.2729,3.2108,0.2329,combined,1.6936,7.8800,0.2729,-0.2624,0.0750
0.5366,3.7280,0.2207,combined,1.3404,4.1200,0.5366,-0.5366,0.0027
0.0018,0.1284,0.0378,stand,0.0000,7.6400,0.0000,nan,nan
0.2341,3.6520,0.0782,turn,0.0000,5.4200,0.0000,nan,nan
0.1299,3.1941,0.0615,turn,0.0000,5.2800,0.0000,nan,nan
0.1152,2.3981,0.1141,straight,0.3695,6.5200,0.1152,-0.0986,0.0595
0.2957,2.9442,0.0866,turn,0.0000,5.9200,0.0000,nan,nan
0.3633,7.9517,0.0853,turn,0.0000,7.6800,0.0000,nan,nan
0.2562,0.4125,0.1527,lateral,0.8535,4.2600,0.2562,-0.2539,0.0340
0.0957,2.7190,0.0787,combined,1.4286,6.5000,0.0957,-0.0733,0.0616
0.1681,4.5495,0.1414,turn,0.0000,6.1800,0.0000,nan,nan
0.4099,0.9221,0.0608,turn,0.0000,7.6600,0.0000,nan,nan
0.4344,5.2044,0.1045,turn,0.0000,4.8000,0.0000,nan,nan
0.0713,0.0640,0.0425,stand,0.0000,6.9400,0.0000,nan,nan
0.0713,0.4211,0.0163,stand,0.0000,7.5600,0.0000,nan,nan
0.1545,2.7781,0.1612,lateral,0.3679,7.6200,0.0305,0.1544,0.0073
0.4223,3.6927,0.1602,combined,1.2969,6.4400,0.4223,-0.2189,0.3612
0.1314,1.1660,0.1366,straight,1.0406,7.6000,0.1314,-0.1283,0.0281
0.3728,5.9966,0.0925,turn,0.0000,7.4200,0.0000,nan,nan
0.3095,5.7420,0.0428,lateral,0.1008,5.2400,0.1008,0.0024,0.3095
0.4291,0.4847,0.0755,combined,1.4993,5.8600,0.4291,-0.2915,0.3148
0.5267,1.8142,0.0230,combined,0.4250,7.6400,0.2512,0.2547,0.4611
0.0457,2.9932,0.0643,lateral,1.4677,6.6000,0.0437,-0.0439,0.0126
0.4069,5.6399,0.1330,lateral,1.3075,7.7800,0.4069,-0.3106,0.2629
0.1044,1.7213,0.0449,combined,0.1988,7.0800,0.0945,-0.0873,0.0572
0.1320,4.1333,0.1358,combined,0.2169,5.1800,0.1305,-0.0603,0.1174
0.2524,3.3550,0.1950,lateral,0.4506,5.8400,0.1912,-0.0101,0.2522
0.4767,4.4337,0.0301,combined,1.6207,7.5200,0.4729,-0.4573,0.1348
0.2520,2.6746,0.0347,straight,0.8571,5.1200,0.2520,-0.2470,0.0501
0.3148,3.8365,0.0978,combined,0.5177,5.5400,0.3049,-0.2910,0.1201
0.3079,3.4938,0.1152,lateral,0.6033,5.9600,0.1317,0.2162,0.2193
0.6067,41.1478,0.1457,turn,0.0000,6.8600,0.0000,nan,nan
0.3276,9.5100,0.1122,turn,0.0000,5.7600,0.0000,nan,nan
0.4061,4.1276,0.0999,turn,0.0000,7.0000,0.0000,nan,nan
0.2127,3.0628,0.0876,combined,0.8102,6.5000,0.1867,-0.0522,0.2062
0.1531,0.2235,0.0619,turn,0.0000,7.5600,0.0000,nan,nan
0.0931,9.5222,0.1849,turn,0.0000,4.6400,0.0000,nan,nan
0.0816,1.4662,0.0716,turn,0.0000,6.7800,0.0000,nan,nan
0.0712,8.0010,0.3008,lateral,1.4135,5.5400,0.0430,0.0474,0.0531
0.4880,5.2012,0.1818,turn,0.0000,5.9000,0.0000,nan,nan
0.2192,1.0894,0.1539,lateral,0.9806,5.5600,0.2125,-0.1748,0.1322
0.5343,1.3595,0.0966,combined,1.1826,4.0800,0.5343,-0.4995,0.1896
0.2815,0.5303,0.1121,lateral,0.9614,6.0400,0.2589,-0.0626,0.2745
0.1677,16.2195,0.1337,lateral,0.8042,6.4000,0.1677,-0.1676,0.0060
0.1500,3.2129,0.0506,turn,0.0000,4.3200,0.0000,nan,nan
0.4372,0.5574,0.0732,combined,0.3683,7.9000,0.2850,-0.4207,0.1187
0.2579,2.0115,0.1921,combined,1.3706,6.1400,0.2579,-0.2579,0.0008
0.0605,0.8442,0.0835,turn,0.0000,6.6200,0.0000,nan,nan
0.0304,0.2636,0.1667,combined,1.3665,5.7000,0.0304,-0.0303,0.0017
0.3520,3.1958,0.1727,turn,0.0000,5.7600,0.0000,nan,nan
0.0637,0.2542,0.0438,stand,0.0000,5.5200,0.0000,nan,nan
0.8569,0.8377,0.1129,combined,0.9474,7.8800,0.7466,-0.7705,0.3749
0.2749,1.5962,0.0598,lateral,0.5930,5.7800,0.2630,-0.2229,0.1609
0.1560,1.6003,0.0460,lateral,0.0652,7.0200,0.0443,0.1298,0.0866
0.3560,4.8942,0.1810,straight,1.3819,5.5400,0.3560,-0.3396,0.1069
0.6441,7.4173,0.1169,combined,2.0460,5.1600,0.6437,-0.5147,0.3872
0.0322,1.9238,0.0417,stand,0.0000,7.6600,0.0000,nan,nan
0.0529,2.2563,0.0185,stand,0.0000,7.6600,0.0000,nan,nan
0.0237,4.5861,0.0818,turn,0.0000,4.3600,0.0000,nan,nan
0.1570,0.5328,0.0634,combined,0.1816,4.7000,0.1403,0.0267,0.1547
0.3501,0.4648,0.0691,straight,1.1780,6.4000,0.3490,-0.3490,0.0277
0.0843,3.5198,0.0668,straight,1.2813,7.0200,0.0711,-0.0418,0.0732
0.4845,3.1309,0.1453,combined,0.9704,4.1800,0.4845,-0.4319,0.2195
0.0259,0.9586,0.0863,stand,0.0000,4.0600,0.0000,nan,nan
0.4535,1.1523,0.0458,straight,1.8831,7.6800,0.4524,-0.4298,0.1445
0.0465,0.5470,0.1118,stand,0.0000,4.1600,0.0000,nan,nan
0.0826,2.4829,0.1645,combined,1.0138,7.3000,0.0751,-0.0027,0.0825
0.0617,3.9157,0.0957,turn,0.0000,6.0800,0.0000,nan,nan
0.2836,4.0183,0.0505,lateral,0.1899,4.2400,0.1595,-0.0713,0.2745
0.0818,0.4928,0.0243,turn,0.0000,7.4400,0.0000,nan,nan
0.5748,4.0161,0.0947,combined,2.0062,7.8400,0.5748,-0.5010,0.2818
0.3498,5.4407,0.0800,combined,1.0087,4.9400,0.3455,-0.2623,0.2315
0.2697,0.3536,0.0494,combined,1.1389,6.0800,0.2686,-0.2312,0.1388
0.0326,0.1138,0.1461,stand,0.0000,4.9400,0.0000,nan,nan
0.3136,2.7985,0.0215,turn,0.0000,7.9200,0.0000,nan,nan
0.2824,7.6027,0.1955,lateral,0.1503,4.0200,0.1465,-0.0572,0.2766
0.0958,0.0996,0.0858,lateral,0.8397,6.1600,0.0596,0.0632,0.0720
0.1152,1.5698,0.0394,turn,0.0000,6.0400,0.0000,nan,nan
0.0657,4.6911,0.0361,stand,0.0000,4.1800,0.0000,nan,nan
0.4575,1.1003,0.2172,straight,1.9395,5.4200,0.4575,-0.3347,0.3119
0.3517,2.5313,0.1566,straight,0.2769,4.4000,0.2734,-0.3512,0.0188
0.0989,2.7468,0.1502,lateral,0.9067,7.5400,0.0989,-0.0824,0.0546
0.2988,2.2709,0.0253,lateral,0.8487,6.5000,0.2063,0.1106,0.2776
0.4234,15.9927,0.1564,combined,1.3606,7.4400,0.4188,-0.0715,0.4174
0.5028,2.2547,0.1263,combined,1.2598,6.5200,0.4926,-0.3882,0.3196
0.1016,2.8364,0.0616,lateral,0.2925,4.9400,0.0954,-0.1009,0.0120
0.4475,2.0713,0.0451,combined,1.1461,4.8200,0.4444,-0.4257,0.1378
0.1898,3.3208,0.1961,combined,1.7100,7.7600,0.1898,-0.1568,0.1069
0.0716,0.8772,0.0450,stand,0.0000,6.3000,0.0000,nan,nan
0.1898,1.7463,0.0639,lateral,0.6669,7.6400,0.1287,0.1092,0.1553
0.0537,5.3640,0.2226,lateral,0.2937,4.8800,0.0080,0.0537,0.0014
0.3687,7.5607,0.0917,lateral,0.4083,4.5400,0.3593,-0.3103,0.1991
0.6641,2.6691,0.0360,combined,0.9720,7.6200,0.6441,-0.6402,0.1766
0.4592,1.9564,0.1090,combined,1.1776,4.4200,0.4592,-0.4591,0.0099
0.4104,3.6066,0.0281,combined,1.5667,6.6200,0.4099,-0.2828,0.2974
0.0505,0.0216,0.0452,stand,0.0000,7.6800,0.0000,nan,nan
0.2058,6.1344,0.0643,lateral,0.2150,4.8600,0.1034,0.0497,0.1997
0.1054,0.2471,0.0444,stand,0.0000,5.9000,0.0000,nan,nan
0.4449,5.0096,0.0815,lateral,1.3477,7.9000,0.4352,-0.3513,0.2729
0.1650,4.9692,0.0614,lateral,1.2946,7.9000,0.1403,-0.0543,0.1558
0.3307,1.5389,0.0831,combined,1.1844,5.5600,0.3299,-0.3030,0.1325
0.2992,2.5013,0.0450,turn,0.0000,4.0800,0.0000,nan,nan
0.4753,14.8763,0.1541,lateral,1.0544,7.0200,0.2816,0.2838,0.3812
0.2112,0.6540,0.0849,straight,1.2284,4.6800,0.2110,-0.1979,0.0736
0.6860,0.1240,0.1246,straight,1.0351,6.3200,0.6775,-0.5792,0.3677
0.3623,1.2844,0.0753,combined,2.0888,6.0200,0.3623,-0.3244,0.1613
0.1321,2.3310,0.0658,straight,1.0282,7.8000,0.1321,-0.1108,0.0720
0.5064,10.0575,0.0351,combined,1.6075,4.6600,0.5064,-0.4585,0.2151
0.3534,4.4310,0.1006,straight,1.8440,5.7800,0.3534,-0.3388,0.1005
0.1864,1.3373,0.0464,combined,1.8675,7.5400,0.1847,-0.1311,0.1324
0.0558,1.1948,0.0313,stand,0.0000,7.5000,0.0000,nan,nan
0.3321,2.3141,0.1330,straight,1.8283,5.7000,0.3321,-0.3211,0.0846
0.3496,0.1296,0.0706,lateral,1.4379,5.1400,0.3496,-0.2038,0.2841
0.5119,3.3040,0.1579,combined,1.8231,4.9200,0.5119,-0.4411,0.2599
0.4157,3.8737,0.0880,straight,0.2654,6.6200,0.1516,0.1862,0.3717
0.0908,1.5965,0.1031,lateral,0.5183,5.0400,0.0853,-0.0051,0.0907
0.3412,0.8272,0.0517,combined,0.9253,5.2800,0.3412,-0.3400,0.0285
0.5783,5.3774,0.0491,straight,1.5616,5.0400,0.5719,-0.3992,0.4184
0.1766,6.3290,0.0942,lateral,0.3327,7.4000,0.1403,-0.0781,0.1584
0.3182,2.7702,0.1905,combined,1.1754,6.7800,0.2793,-0.0341,0.3163
0.4171,2.6179,0.1044,combined,0.7276,5.8400,0.4150,-0.2674,0.3202
0.0426,0.8186,0.0399,stand,0.0000,5.3400,0.0000,nan,nan
0.3618,1.6665,0.1219,straight,1.9540,6.2200,0.3618,-0.3413,0.1202
0.2380,8.8847,0.0824,straight,1.1717,7.7200,0.2320,-0.0229,0.2369
0.2610,0.9834,0.0670,combined,1.4470,5.3200,0.2610,-0.2586,0.0353
0.1216,6.3231,0.1135,lateral,0.3296,4.5800,0.1216,-0.0957,0.0750
0.3671,13.3916,0.2395,lateral,1.4703,4.9800,0.3671,-0.2552,0.2639
0.2162,5.6865,0.1565,turn,0.0000,6.7400,0.0000,nan,nan
0.4524,11.5851,0.1216,lateral,0.9029,7.7400,0.2680,0.2678,0.3646
0.1250,2.1818,0.1377,combined,1.4059,7.7600,0.1232,-0.1028,0.0710
0.2757,3.3383,0.1877,combined,1.1171,7.6800,0.2757,-0.2383,0.1386
0.1163,0.1190,0.1162,lateral,0.3813,5.8600,0.0929,0.0357,0.1107
0.1010,2.5560,0.0985,turn,0.0000,5.3000,0.0000,nan,nan
0.0636,3.6833,0.0165,stand,0.0000,7.8400,0.0000,nan,nan
0.0206,1.2681,0.1496,stand,0.0000,4.8800,0.0000,nan,nan
0.4455,0.6875,0.0775,combined,1.4381,4.5200,0.4455,-0.4364,0.0893
0.1480,6.7213,0.1468,straight,1.0079,5.9600,0.1259,0.0274,0.1455
0.3717,0.3335,0.0974,combined,1.5165,7.5600,0.3418,-0.0427,0.3693
0.1680,0.6032,0.0843,turn,0.0000,5.3600,0.0000,nan,nan
0.0012,3.2411,0.1498,turn,0.0000,7.9200,0.0000,nan,nan
0.0296,1.0394,0.0011,stand,0.0000,5.4400,0.0000,nan,nan
0.1636,5.8620,0.1250,straight,0.5556,5.8000,0.1636,-0.1484,0.0690
0.0246,1.6723,0.0505,stand,0.0000,5.9800,0.0000,nan,nan
0.2418,2.9789,0.2030,lateral,1.0599,5.1800,0.2418,-0.1982,0.1385
0.3946,5.2217,0.0426,combined,1.1271,5.7400,0.3796,-0.3910,0.0533
0.4045,6.7090,0.1263,straight,0.8626,5.5600,0.2676,0.1140,0.3881
0.0855,2.6096,0.0145,stand,0.0000,4.0000,0.0000,nan,nan
0.2445,3.9347,0.0615,lateral,0.0846,4.0200,0.0846,-0.0159,0.2440
0.3101,8.7234,0.3368,combined,1.3245,4.0200,0.3101,-0.2372,0.1997
0.2939,3.0671,0.1580,turn,0.0000,4.0200,0.0000,nan,nan
0.1152,1.8993,0.1243,straight,0.5511,4.0400,0.0570,0.0628,0.0966
0.4506,0.7571,0.0462,combined,1.2496,4.0400,0.4489,-0.2884,0.3462
0.2381,5.7018,0.1142,turn,0.0000,4.0400,0.0000,nan,nan
0.3113,3.6891,0.1962,turn,0.0000,4.0600,0.0000,nan,nan
0.0792,0.0318,0.1379,stand,0.0000,4.0600,0.0000,nan,nan
0.0791,6.1364,0.1085,turn,0.0000,4.0600,0.0000,nan,nan
0.3602,9.3890,0.2210,combined,1.6681,4.0800,0.3602,-0.3592,0.0264
0.1134,2.3342,0.1816,lateral,0.6113,4.1000,0.1123,-0.1021,0.0494
0.3192,3.9544,0.1232,combined,0.6495,4.1000,0.2992,-0.1037,0.3019
0.3836,6.7973,0.1036,straight,1.5469,4.1200,0.3836,-0.3832,0.0167
0.1129,4.3990,0.1043,lateral,0.5060,4.1400,0.1129,-0.1113,0.0192
0.5644,0.8567,0.1725,lateral,1.2282,4.1400,0.5644,-0.5419,0.1576
0.0989,0.1494,0.0898,turn,0.0000,4.1600,0.0000,nan,nan
0.5067,1.9628,0.0829,lateral,1.1244,4.1800,0.5037,-0.3640,0.3524
0.5183,8.1364,0.2292,straight,1.9729,4.2000,0.5183,-0.5139,0.0677
0.3889,0.5634,0.1658,lateral,1.0411,4.2200,0.3840,-0.3784,0.0896
0.5114,11.1346,0.1227,straight,1.3750,4.2200,0.5114,-0.4945,0.1305
0.3484,3.4914,0.0534,combined,1.1259,4.2200,0.3484,-0.3306,0.1102
0.0472,0.4681,0.0426,stand,0.0000,4.2400,0.0000,nan,nan
0.3289,3.9943,0.1812,straight,0.8850,4.2600,0.3209,-0.2839,0.1661
0.1749,5.8671,0.2048,lateral,1.0885,4.2600,0.1749,-0.0286,0.1726
0.0433,0.6742,0.0592,lateral,0.1344,4.2400,0.0371,0.0195,0.0387
0.4663,5.8957,0.2586,combined,1.3646,4.2600,0.4663,-0.4657,0.0247
0.4447,6.1418,0.1121,combined,1.2854,4.2800,0.4438,-0.4171,0.1543
0.0692,3.3100,0.0302,stand,0.0000,4.3200,0.0000,nan,nan
0.0566,4.7202,0.0625,stand,0.0000,4.3200,0.0000,nan,nan
0.2506,4.9308,0.1884,combined,0.0567,5.0000,0.0244,0.2336,0.0906
0.3175,4.3875,0.1716,lateral,0.1304,4.3400,0.0599,-0.2342,0.2143
0.2911,2.5768,0.1205,lateral,1.2373,4.3600,0.2900,-0.2583,0.1342
0.1544,8.2764,0.0870,stand,0.0000,4.3600,0.0000,nan,nan
0.5598,3.3947,0.1238,straight,1.9103,4.3600,0.5598,-0.5308,0.1776
0.2714,3.9522,0.0607,lateral,0.6834,4.3800,0.2696,-0.2693,0.0330
0.1077,1.8655,0.0778,turn,0.0000,4.3800,0.0000,nan,nan
0.5827,1.5573,0.0673,combined,1.1823,4.3800,0.5818,-0.5614,0.1560
0.4866,7.7979,0.0823,straight,0.8755,4.4200,0.4866,-0.4248,0.2373
0.2331,2.6311,0.0626,lateral,1.1980,4.4200,0.2329,-0.0143,0.2326
0.3763,4.8892,0.1074,lateral,0.8220,4.4800,0.3700,-0.1576,0.3417
0.5485,2.5375,0.0829,combined,1.2303,4.5000,0.5485,-0.5191,0.1769
0.3115,5.4133,0.1616,lateral,0.9237,4.5400,0.2958,-0.2796,0.1373
0.1186,5.1775,0.1683,straight,0.1087,4.5800,0.0811,0.0049,0.1185
0.1439,1.8277,0.0920,lateral,0.8310,4.6000,0.1439,-0.1401,0.0326
0.2464,3.0051,0.1858,lateral,0.6005,4.6000,0.2349,-0.1350,0.2061
0.5477,2.4356,0.1292,straight,1.8612,4.6200,0.5477,-0.5402,0.0905
0.5988,3.4605,0.1174,straight,1.3530,4.6200,0.5988,-0.5671,0.1924
0.1624,5.2357,0.0560,combined,0.5564,4.6400,0.1624,-0.1261,0.1023
0.1886,2.9757,0.1901,lateral,0.4824,4.6400,0.0446,0.1123,0.1516
0.3216,0.8400,0.2176,combined,1.6442,4.6800,0.3205,-0.2070,0.2461
0.1451,2.1351,0.1151,combined,0.5828,4.7000,0.0948,0.0290,0.1422
0.3036,5.7675,0.1146,lateral,0.8077,4.7000,0.3036,-0.2959,0.0681
0.1373,0.3789,0.0468,combined,1.1132,4.7400,0.1373,-0.1373,0.0006
0.4036,4.3635,0.1533,combined,2.0931,4.7800,0.4036,-0.3984,0.0643
0.3234,7.0694,0.2054,straight,0.2070,4.8000,0.1251,0.1870,0.2638
0.5294,0.6962,0.0696,straight,1.7732,4.8200,0.5294,-0.4261,0.3143
0.4634,3.4299,0.3356,combined,2.0138,4.8200,0.4634,-0.3666,0.2834
0.2168,1.2606,0.1075,turn,0.0000,4.8200,0.0000,nan,nan
0.3994,10.0998,0.1059,combined,1.6616,4.8400,0.3916,-0.2724,0.2921
0.1425,1.4681,0.2085,combined,0.4415,4.8600,0.1174,0.0435,0.1357
0.5767,0.8287,0.1545,combined,1.6780,4.8800,0.5767,-0.5765,0.0160
0.5848,1.2013,0.0640,combined,1.7520,4.8800,0.5848,-0.5733,0.1152
0.1041,3.5960,0.0461,stand,0.0000,7.2400,0.0000,nan,nan
0.1147,12.3281,0.3081,combined,1.2469,4.9200,0.1147,-0.0748,0.0870
0.5399,6.0724,0.0382,combined,1.6124,4.9200,0.5399,-0.4802,0.2467
0.0621,4.7271,0.1813,straight,0.0475,4.9200,0.0048,-0.0412,0.0464
0.4856,5.6943,0.2099,straight,1.9189,4.9200,0.4856,-0.4641,0.1427
0.4215,0.5796,0.0431,combined,1.2087,4.9400,0.4215,-0.3602,0.2189
0.2355,7.0379,0.1455,combined,0.6230,4.9400,0.1642,-0.0976,0.2144
0.3664,3.9962,0.1767,combined,1.0363,4.9600,0.3664,-0.3097,0.1959
0.3386,5.1709,0.1463,combined,0.6283,4.9800,0.2903,-0.0383,0.3365
0.1687,1.0863,0.0867,lateral,0.9173,5.0000,0.1668,-0.1492,0.0787
0.0672,0.6594,0.1041,stand,0.0000,5.0000,0.0000,nan,nan
0.0891,1.3919,0.0582,stand,0.0000,5.0000,0.0000,nan,nan
0.1395,3.7314,0.1627,straight,1.8548,5.0200,0.1395,-0.1370,0.0263
0.5480,4.5087,0.0217,straight,1.7896,5.0200,0.5480,-0.5479,0.0060
0.0604,5.5736,0.0542,stand,0.0000,5.0200,0.0000,nan,nan
0.2567,4.7978,0.1500,lateral,0.0848,5.0200,0.0085,0.0869,0.2415
0.0805,3.0989,0.0560,straight,0.1759,5.0200,0.0568,-0.0091,0.0800
0.2392,12.5311,0.1645,combined,1.0337,5.0400,0.2311,-0.2392,0.0038
0.3859,2.3981,0.1659,combined,2.1688,5.0600,0.3859,-0.3859,0.0062
0.1834,0.5898,0.1333,turn,0.0000,5.0800,0.0000,nan,nan
0.0710,4.8474,0.1350,turn,0.0000,5.1400,0.0000,nan,nan
0.4278,3.9307,0.1007,combined,1.5261,5.1600,0.4278,-0.3141,0.2905
0.2114,4.5668,0.1205,straight,1.9204,5.1600,0.2114,-0.1964,0.0783
0.0388,0.6581,0.0053,stand,0.0000,5.1800,0.0000,nan,nan
0.3337,1.3652,0.1906,combined,1.2684,5.1800,0.3337,-0.3337,0.0025
0.0228,4.6951,0.0821,stand,0.0000,5.2000,0.0000,nan,nan
0.3445,3.8467,0.1303,turn,0.0000,5.2200,0.0000,nan,nan
0.2181,1.6630,0.0935,combined,0.0908,5.2400,0.0796,-0.1826,0.1193
0.1167,0.3369,0.1745,combined,0.3067,5.2600,0.1167,-0.0379,0.1104
0.4282,6.7583,0.1158,lateral,0.4940,5.2600,0.2935,0.1500,0.4011
0.2978,5.2535,0.2955,lateral,0.7354,5.2800,0.1057,0.2620,0.1414
0.3808,4.9986,0.1680,straight,1.7015,5.2800,0.3808,-0.3531,0.1427
0.2230,5.2521,0.2676,straight,1.6361,5.3000,0.2230,-0.1626,0.1527
0.0642,0.2191,0.0973,lateral,0.4323,5.3000,0.0629,-0.0642,0.0010
0.1344,5.5666,0.0815,lateral,0.5947,5.3200,0.1209,-0.0493,0.1250
0.1186,4.9011,0.1417,combined,1.2387,5.3200,0.1034,-0.0982,0.0665
0.4390,2.7327,0.0564,lateral,0.4838,5.3400,0.3456,-0.3443,0.2723
0.0852,2.7259,0.0555,stand,0.0000,5.3800,0.0000,nan,nan
0.1878,4.6683,0.0709,lateral,1.0895,5.3800,0.1470,0.0516,0.1805
0.2407,9.9062,0.2309,straight,1.2717,5.4000,0.2317,-0.0976,0.2200
0.0757,3.1505,0.0676,stand,0.0000,5.4000,0.0000,nan,nan
0.0520,2.8146,0.0625,combined,2.0285,5.4200,0.0520,-0.0371,0.0364
0.4694,0.5722,0.1579,turn,0.0000,5.4600,0.0000,nan,nan
0.5436,4.3877,0.2029,combined,1.7201,5.4800,0.5436,-0.5186,0.1628
0.1510,2.1189,0.1884,turn,0.0000,5.5000,0.0000,nan,nan
0.0901,4.9999,0.1345,combined,0.2314,5.5200,0.0119,-0.0836,0.0336
0.1556,10.1497,0.2085,lateral,0.9420,5.5400,0.1465,-0.1372,0.0734
0.3052,10.6629,0.1749,combined,1.0170,5.5400,0.1961,0.1827,0.2445
0.1098,4.3366,0.1346,straight,0.7368,5.5400,0.1098,-0.1041,0.0348
0.0337,0.8282,0.0581,stand,0.0000,5.5800,0.0000,nan,nan
0.3896,6.3750,0.1331,combined,1.7183,5.6000,0.3896,-0.3891,0.0190
0.1707,3.2918,0.2779,straight,1.7771,5.6000,0.1707,-0.1701,0.0143
0.3920,1.9754,0.1614,straight,1.8001,5.6600,0.3920,-0.3912,0.0256
0.2923,8.3384,0.0809,straight,0.0403,5.6800,0.0060,0.1600,0.2447
0.1009,4.7106,0.0867,turn,0.0000,5.7400,0.0000,nan,nan
0.4735,8.6870,0.1145,straight,0.2312,5.7400,0.2312,-0.4501,0.1471
0.4501,4.2271,0.1410,combined,1.5263,5.8000,0.4501,-0.4388,0.1003
0.3461,1.4031,0.0947,straight,0.4616,5.8200,0.0412,0.3188,0.1347
0.4031,6.0774,0.1501,straight,0.1174,5.8400,0.1174,-0.3578,0.1857
0.1091,4.9834,0.1361,straight,0.8645,5.8800,0.0270,0.0978,0.0483
0.4960,5.6162,0.1481,lateral,1.3382,5.9000,0.4748,-0.3949,0.3001
0.2548,5.8343,0.1887,lateral,0.5806,5.9200,0.2299,-0.0438,0.2510
0.1029,0.6160,0.0510,turn,0.0000,6.0000,0.0000,nan,nan
0.2908,1.9512,0.0878,turn,0.0000,6.0000,0.0000,nan,nan
0.0935,2.2187,0.0156,stand,0.0000,6.0400,0.0000,nan,nan
0.4174,4.0312,0.1431,combined,1.1835,6.0400,0.4174,-0.4133,0.0585
0.1455,1.4666,0.1890,straight,0.2157,6.0600,0.0592,0.1107,0.0944
0.1240,4.1819,0.2158,combined,0.8359,6.0800,0.1230,-0.1240,0.0034
0.0750,13.5599,0.3032,combined,1.6280,5.3400,0.0670,-0.0070,0.0747
0.4347,1.4954,0.1334,turn,0.0000,6.1000,0.0000,nan,nan
0.3561,7.4332,0.0457,turn,0.0000,6.1200,0.0000,nan,nan
0.0241,3.3738,0.0865,straight,0.1284,6.1200,0.0241,0.0117,0.0210
0.1898,3.6098,0.0707,lateral,0.1891,6.1400,0.0312,0.1658,0.0924
0.1361,1.1461,0.0454,stand,0.0000,6.1400,0.0000,nan,nan
0.3239,3.3390,0.2818,combined,1.5245,6.1400,0.3137,-0.3227,0.0279
0.1752,9.7080,0.1056,combined,0.7203,6.1800,0.1603,0.0102,0.1749
0.3654,8.9386,0.1131,lateral,0.9576,6.2000,0.3566,-0.3591,0.0676
0.5301,1.1620,0.1433,combined,1.4899,6.2000,0.5301,-0.4996,0.1774
0.2835,2.1457,0.0147,straight,1.1770,6.2200,0.2810,-0.2810,0.0383
0.3045,1.0475,0.1055,straight,1.3076,6.2600,0.3045,-0.2995,0.0548
0.0678,2.9822,0.0982,lateral,1.0525,6.2800,0.0678,-0.0474,0.0484
0.0887,6.9133,0.0351,lateral,0.0956,6.3000,0.0534,-0.0583,0.0669
0.1574,1.8435,0.0545,turn,0.0000,6.3200,0.0000,nan,nan
0.4162,5.1709,0.1362,combined,1.2694,6.3400,0.4057,-0.3441,0.2341
0.3734,5.4156,0.1211,turn,0.0000,6.3600,0.0000,nan,nan
0.1270,4.5993,0.1386,straight,0.1230,6.3600,0.0312,0.1186,0.0456
0.1961,0.4751,0.0976,turn,0.0000,6.4200,0.0000,nan,nan
0.7507,2.1821,0.1706,lateral,1.1679,6.4400,0.7358,-0.6277,0.4118
0.5261,3.6204,0.0882,combined,0.8368,6.4800,0.5184,-0.4578,0.2592
0.1565,2.0643,0.0699,straight,0.2883,6.5000,0.0062,0.1554,0.0186
0.1307,4.9351,0.1827,lateral,0.8804,6.5800,0.0116,0.1283,0.0249
0.1110,3.6411,0.1066,straight,0.9445,6.6000,0.0960,-0.0230,0.1085
0.0833,1.2221,0.1588,combined,1.2844,6.6000,0.0586,0.0209,0.0807
0.1706,0.0604,0.1613,straight,0.6609,6.6000,0.0830,0.0989,0.1390
0.1934,1.7671,0.0589,turn,0.0000,6.6200,0.0000,nan,nan
0.3471,2.2937,0.0726,combined,1.4661,6.6600,0.3471,-0.3458,0.0297
0.0445,1.5507,0.1594,stand,0.0000,6.6600,0.0000,nan,nan
0.1626,0.7567,0.1823,combined,1.2587,6.6800,0.1626,-0.1596,0.0312
0.5548,1.1142,0.1285,straight,1.7444,6.6800,0.5548,-0.5474,0.0906
0.0725,1.3716,0.0502,combined,0.5929,6.7000,0.0724,-0.0073,0.0721
0.3515,8.4715,0.0845,turn,0.0000,6.7000,0.0000,nan,nan
0.6498,2.7580,0.2180,turn,0.0000,6.7000,0.0000,nan,nan
0.1503,6.1401,0.1567,combined,1.6746,6.7200,0.1447,-0.1367,0.0624
0.1724,22.4110,0.1506,stand,0.0000,6.7400,0.0000,nan,nan
0.3115,1.9207,0.1439,lateral,0.8454,6.7400,0.1405,0.2053,0.2343
0.0986,0.5810,0.0663,lateral,0.9716,6.7400,0.0960,-0.0848,0.0503
0.4762,2.5337,0.0595,straight,0.8810,6.8200,0.3821,-0.3395,0.3339
0.1034,6.1510,0.0758,lateral,0.3211,6.8200,0.0711,0.0004,0.1034
0.0879,3.9585,0.0527,stand,0.0000,6.8200,0.0000,nan,nan
0.3242,1.2443,0.1500,combined,1.3977,4.4600,0.3242,-0.2933,0.1382
0.5150,2.1060,0.1200,straight,0.1265,6.8400,0.1127,-0.3581,0.3701
0.3370,9.5124,0.1225,combined,1.4244,6.8400,0.3225,-0.0465,0.3338
0.3482,3.1015,0.2020,combined,1.0938,6.8600,0.3482,-0.1054,0.3318
0.2699,4.4086,0.1720,turn,0.0000,6.8600,0.0000,nan,nan
0.1496,1.9250,0.1073,combined,1.4282,6.8800,0.0647,0.0903,0.1192
0.1022,5.4537,0.1055,turn,0.0000,6.8800,0.0000,nan,nan
0.1051,3.1155,0.0908,straight,0.6795,6.9000,0.1001,-0.1034,0.0191
0.2032,6.6210,0.1761,straight,1.8201,6.9000,0.2032,-0.1974,0.0480
0.1446,4.8326,0.1477,turn,0.0000,6.9000,0.0000,nan,nan
0.1471,0.1282,0.2122,straight,0.5169,6.9200,0.1471,-0.1463,0.0155
0.2840,3.6549,0.0315,lateral,1.4643,6.9400,0.2834,-0.2754,0.0694
0.1638,2.7323,0.1654,straight,1.4156,6.9600,0.1067,0.0858,0.1395
0.3436,1.8635,0.1732,lateral,0.1865,6.9800,0.1405,-0.2261,0.2588
0.2822,2.8234,0.1203,lateral,0.8706,6.9800,0.2623,-0.0774,0.2714
0.4488,6.5016,0.1178,straight,0.6223,6.9800,0.4488,-0.3684,0.2564
0.2113,0.4909,0.1054,combined,1.9328,7.0000,0.2113,-0.2008,0.0659
0.4680,0.6738,0.1242,straight,1.6667,7.2000,0.4680,-0.4622,0.0735
0.3342,8.6166,0.0250,combined,2.2311,7.0000,0.3319,-0.1988,0.2687
0.2584,1.1812,0.0484,lateral,1.0425,7.0200,0.1684,0.0896,0.2424
0.2365,4.1045,0.0717,combined,1.7216,7.0200,0.2365,-0.2365,0.0004
0.2100,1.7068,0.0252,straight,0.8399,7.0200,0.2066,-0.2083,0.0267
0.3141,2.2456,0.0323,turn,0.0000,7.0400,0.0000,nan,nan
0.2190,2.7984,0.0693,lateral,1.0528,7.0600,0.1043,0.1604,0.1491
0.0522,1.8497,0.0585,turn,0.0000,7.0600,0.0000,nan,nan
0.1111,1.7961,0.3003,straight,0.0093,7.0600,0.0061,0.0001,0.1111
0.2042,2.0876,0.1814,combined,1.8925,7.0800,0.2017,-0.0053,0.2041
0.2081,1.5530,0.0852,straight,1.3503,7.0800,0.2081,-0.1939,0.0755
0.3308,6.0624,0.2142,combined,1.1534,7.1000,0.3148,-0.0141,0.3305
0.2667,7.3617,0.2404,lateral,1.2335,7.1000,0.1026,0.1589,0.2142
0.2335,2.5603,0.0866,lateral,0.7734,7.1200,0.2118,-0.0583,0.2261
0.3084,3.4536,0.0989,straight,0.7817,7.7600,0.3084,-0.3062,0.0365
0.2864,5.7741,0.1446,lateral,1.1789,7.2000,0.2739,-0.1927,0.2118
0.3209,5.2089,0.0865,combined,2.2384,7.2000,0.2713,0.0328,0.3192
0.6836,1.0154,0.0804,lateral,0.1203,7.2000,0.0359,0.5646,0.3854
0.0697,1.3470,0.0727,stand,0.0000,7.2200,0.0000,nan,nan
0.2906,3.6652,0.1854,combined,1.6813,7.2200,0.2906,-0.2902,0.0141
0.0716,0.9761,0.1452,stand,0.0000,7.2400,0.0000,nan,nan
0.0437,2.4961,0.1052,turn,0.0000,7.2400,0.0000,nan,nan
0.1722,5.0396,0.0267,straight,0.7839,7.2800,0.1346,-0.0144,0.1716
0.3351,2.4684,0.0964,turn,0.0000,7.2800,0.0000,nan,nan
0.1165,0.7103,0.2009,combined,1.6594,7.3000,0.1165,-0.0972,0.0643
0.0450,0.6583,0.0856,lateral,0.3541,7.3200,0.0335,-0.0335,0.0300
0.3318,0.5371,0.1445,combined,1.8737,7.3400,0.3318,-0.3277,0.0517
0.1529,1.2683,0.0519,combined,0.9195,7.3400,0.1299,-0.1518,0.0179
0.2740,4.8536,0.0387,combined,1.9842,7.3800,0.2739,-0.2734,0.0176
0.3431,2.9409,0.0301,combined,1.9799,7.3800,0.3205,-0.2854,0.1905
0.4389,0.1747,0.1155,combined,1.7320,7.4000,0.4353,-0.1788,0.4009
0.0624,0.1809,0.0091,stand,0.0000,7.4800,0.0000,nan,nan
0.1997,6.7459,0.1132,turn,0.0000,7.4800,0.0000,nan,nan
0.1762,4.7232,0.1059,straight,1.9095,7.4800,0.1761,-0.1514,0.0902
0.0945,2.2072,0.0638,lateral,0.6149,7.4800,0.0498,0.0575,0.0749
0.1636,3.1157,0.0989,turn,0.0000,7.5000,0.0000,nan,nan
0.1383,6.1145,0.0289,turn,0.0000,4.6400,0.0000,nan,nan
0.4778,0.8396,0.0562,turn,0.0000,7.5400,0.0000,nan,nan
0.0421,0.9588,0.0383,turn,0.0000,7.5400,0.0000,nan,nan
0.3651,3.9605,0.1102,lateral,0.5914,7.5400,0.3131,-0.2013,0.3046
0.2750,7.4074,0.1402,straight,1.0715,7.5400,0.2292,0.0553,0.2694
0.0808,0.8792,0.1567,straight,0.1031,6.1000,0.0549,0.0422,0.0689
0.0785,1.7317,0.0689,lateral,0.8073,7.6600,0.0759,-0.0784,0.0042
0.1621,4.5709,0.0770,combined,1.5241,7.7000,0.1618,-0.1243,0.1041
0.3887,4.6069,0.0497,turn,0.0000,7.7000,0.0000,nan,nan
0.1785,7.7949,0.1856,combined,1.0300,7.7000,0.0703,0.1717,0.0489
0.0933,1.3246,0.0257,stand,0.0000,7.7400,0.0000,nan,nan
0.3870,1.1049,0.0747,straight,1.3919,7.7400,0.3867,-0.3419,0.1814
0.0721,2.4014,0.1601,combined,0.4443,7.7600,0.0452,0.0582,0.0426
0.4772,6.8922,0.0160,combined,0.6414,7.7600,0.2886,-0.2826,0.3845
0.3524,0.0650,0.0881,turn,0.0000,7.7800,0.0000,nan,nan
0.2716,6.6020,0.1246,lateral,0.7358,7.7800,0.2553,-0.2026,0.1809
0.5271,8.1154,0.1176,combined,2.1663,7.8200,0.5262,-0.4193,0.3194
0.0348,4.5426,0.1473,combined,1.6220,7.8200,0.0295,-0.0221,0.0269
0.1304,3.4224,0.1237,combined,2.1199,7.8800,0.1304,-0.0331,0.1262
0.2253,3.9172,0.1431,straight,1.8340,7.8800,0.2193,-0.2162,0.0633
0.3551,0.5365,0.0564,straight,1.2904,7.9000,0.3551,-0.3412,0.0984
0.0974,5.1122,0.1194,lateral,0.2621,7.9200,0.0303,0.0829,0.0511
0.1233,11.8907,0.0291,stand,0.0000,7.9400,0.0000,nan,nan
0.3701,0.6229,0.1021,turn,0.0000,7.9600,0.0000,nan,nan
0.4366,1.8333,0.0594,turn,0.0000,7.9800,0.0000,nan,nan
0.3867,7.4519,0.1419,straight,1.4939,7.9800,0.3867,-0.3839,0.0463
0.5739,5.6433,0.0762,straight,0.0240,4.9800,0.0028,0.3204,0.4762
0.2267,7.7620,0.0340,lateral,0.1709,4.0600,0.0394,0.1576,0.1629
0.0283,1.7224,0.0563,stand,0.0000,4.2400,0.0000,nan,nan
0.2371,0.5218,0.0645,straight,0.3908,4.0000,0.2351,-0.2187,0.0917
0.1141,1.5357,0.0297,turn,0.0000,4.1600,0.0000,nan,nan
0.0799,0.8966,0.0836,stand,0.0000,4.1000,0.0000,nan,nan
0.2276,1.8606,0.0641,lateral,0.1400,4.5200,0.1035,0.0461,0.2229
0.1626,1.6060,0.1334,straight,1.5771,7.9200,0.1626,-0.1555,0.0475
0.0252,2.4999,0.1802,stand,0.0000,4.5200,0.0000,nan,nan
0.2317,3.3986,0.1323,combined,0.8245,4.0000,0.2231,-0.0998,0.2091
0.0829,13.6755,0.1261,combined,0.9710,7.9200,0.0325,0.0817,0.0136
0.2312,1.7078,0.0334,turn,0.0000,4.0600,0.0000,nan,nan
0.0173,1.4882,0.0697,stand,0.0000,4.1200,0.0000,nan,nan
0.3553,6.6689,0.0605,lateral,1.2931,4.4000,0.3553,-0.3390,0.1062
0.3239,5.5506,0.2515,combined,1.5237,4.4000,0.3239,-0.2466,0.2101
0.0848,4.4336,0.1503,straight,1.8777,7.1000,0.0848,-0.0828,0.0184
0.2511,6.7651,0.1468,turn,0.0000,4.3800,0.0000,nan,nan
0.6841,1.0290,0.1602,straight,1.5946,4.6000,0.6841,-0.6344,0.2560
0.1228,4.9058,0.0807,turn,0.0000,4.2400,0.0000,nan,nan
0.1484,5.2366,0.0156,lateral,1.1361,4.6200,0.1364,0.0093,0.1481
0.1472,0.2788,0.1181,turn,0.0000,4.3200,0.0000,nan,nan
0.3824,3.6327,0.0671,straight,1.0014,4.8400,0.3824,-0.3579,0.1347
0.0207,1.6981,0.0757,lateral,0.5980,5.0000,0.0199,0.0083,0.0189
0.3993,3.2766,0.0487,combined,1.5231,4.5200,0.3992,-0.3574,0.1781
0.7096,3.2685,0.2752,combined,2.1469,4.2400,0.7096,-0.7094,0.0191
0.0669,0.3365,0.0080,stand,0.0000,4.9400,0.0000,nan,nan
0.1182,8.7093,0.1460,combined,1.7798,5.1200,0.1182,-0.0849,0.0823
0.2877,2.0804,0.0565,combined,1.9206,5.0000,0.2877,-0.1887,0.2172
0.5176,3.7724,0.1314,combined,1.9012,4.4200,0.5176,-0.5161,0.0396
0.4404,6.3059,0.1232,straight,0.3812,5.2800,0.3812,-0.4068,0.1687
0.6363,1.0618,0.0175,combined,1.8851,4.8000,0.6363,-0.6348,0.0436
0.3711,0.4401,0.0696,turn,0.0000,5.3800,0.0000,nan,nan
0.4477,2.8177,0.1229,straight,1.1503,4.4400,0.4477,-0.4468,0.0275
0.3935,2.2445,0.0244,lateral,1.0698,4.1000,0.3935,-0.3924,0.0295
0.0019,1.5718,0.0299,stand,0.0000,5.2400,0.0000,nan,nan
0.3969,21.4662,0.1275,combined,1.2540,7.0200,0.3963,0.0582,0.3926
0.0393,0.3598,0.0917,stand,0.0000,4.1800,0.0000,nan,nan
0.0057,0.3192,0.0326,stand,0.0000,4.0600,0.0000,nan,nan
0.1651,1.6171,0.1503,turn,0.0000,5.6000,0.0000,nan,nan
0.0506,1.8561,0.0510,stand,0.0000,4.7800,0.0000,nan,nan
0.1746,0.3059,0.1332,combined,0.8074,4.7000,0.1746,-0.1522,0.0856
0.4153,7.0165,0.1674,lateral,0.1777,4.9600,0.1263,0.2862,0.3010
0.2539,9.5947,0.2699,straight,0.4215,4.8600,0.0198,0.2451,0.0661
0.6158,3.3508,0.0582,straight,1.0004,4.1000,0.6158,-0.5844,0.1942
0.3243,7.7590,0.1187,combined,0.5087,5.7400,0.3087,-0.3100,0.0952
0.3405,4.6516,0.1190,turn,0.0000,5.9000,0.0000,nan,nan
0.6913,1.0289,0.1016,straight,1.5013,4.6800,0.6913,-0.5857,0.3673
0.2657,1.6238,0.1630,turn,0.0000,4.7600,0.0000,nan,nan
0.4844,5.3618,0.0681,combined,1.6876,4.6800,0.4844,-0.2606,0.4083
0.7806,1.8742,0.0736,combined,1.5306,4.5400,0.7806,-0.7755,0.0893
0.5638,2.7845,0.1717,straight,1.4787,5.2000,0.5638,-0.5612,0.0542
0.1113,0.8900,0.0863,lateral,0.4318,5.6800,0.0429,0.0981,0.0524
0.2378,1.9675,0.0841,turn,0.0000,5.1200,0.0000,nan,nan
0.2274,4.8069,0.1552,turn,0.0000,5.2200,0.0000,nan,nan
0.3545,0.7897,0.0877,straight,1.5362,5.8600,0.3545,-0.3095,0.1728
0.4537,3.5630,0.1036,straight,0.2886,5.2400,0.2859,-0.3559,0.2814
0.2228,7.8912,0.1996,straight,1.3896,5.8600,0.2228,-0.1413,0.1723
0.0756,1.0537,0.0166,turn,0.0000,5.4000,0.0000,nan,nan
0.4033,0.5041,0.0853,straight,0.1420,4.4200,0.1420,-0.3829,0.1266
0.0716,1.6524,0.1240,turn,0.0000,5.2800,0.0000,nan,nan
0.3301,1.2158,0.1173,turn,0.0000,6.2000,0.0000,nan,nan
0.0587,0.1574,0.0791,stand,0.0000,6.1000,0.0000,nan,nan
0.3180,2.0148,0.0882,lateral,1.0432,5.9400,0.1938,0.1865,0.2576
0.1386,5.3532,0.2125,combined,1.3937,5.1600,0.0012,0.1386,0.0017
0.1782,2.0526,0.0818,lateral,0.2072,6.0400,0.1026,0.0481,0.1716
0.0852,7.1674,0.1238,turn,0.0000,4.2400,0.0000,nan,nan
0.0167,3.1761,0.0625,stand,0.0000,5.3600,0.0000,nan,nan
0.2390,1.6453,0.0629,turn,0.0000,5.8800,0.0000,nan,nan
0.3507,0.0565,0.1235,lateral,0.8647,5.5200,0.1779,0.2255,0.2687
0.0808,4.2452,0.1211,turn,0.0000,4.1600,0.0000,nan,nan
0.3411,2.2664,0.1145,turn,0.0000,5.3200,0.0000,nan,nan
0.2940,3.0857,0.0923,straight,1.1386,5.6000,0.2940,-0.2940,0.0053
0.3624,3.4374,0.2860,combined,1.5640,4.2000,0.3624,-0.3257,0.1589
0.1359,0.2588,0.1898,straight,0.2304,6.3800,0.0241,0.1315,0.0343
0.0116,0.4261,0.0282,stand,0.0000,5.4000,0.0000,nan,nan
0.1464,4.3660,0.1582,lateral,0.3677,6.2800,0.1061,0.0660,0.1307
0.2776,1.2033,0.1103,straight,0.1526,6.5800,0.1526,-0.2370,0.1445
0.1457,2.3915,0.1219,turn,0.0000,4.9200,0.0000,nan,nan
0.0202,1.4601,0.0405,turn,0.0000,4.6600,0.0000,nan,nan
0.4090,1.2209,0.1385,combined,0.8093,6.5800,0.4090,-0.3509,0.2101
0.2737,1.8633,0.1215,straight,1.7088,6.8800,0.2737,-0.2688,0.0517
0.4876,3.3066,0.0815,lateral,1.2545,6.5800,0.4665,-0.4064,0.2696
0.4183,3.2933,0.0457,straight,0.7497,6.1200,0.4102,-0.2578,0.3294
0.0421,2.9674,0.0702,stand,0.0000,5.2600,0.0000,nan,nan
0.4306,4.3866,0.2577,combined,1.4930,5.4600,0.4306,-0.4114,0.1273
0.2955,4.0932,0.0787,turn,0.0000,6.1600,0.0000,nan,nan
0.5573,1.5958,0.1725,turn,0.0000,5.7200,0.0000,nan,nan
0.0174,0.6891,0.0431,stand,0.0000,6.0800,0.0000,nan,nan
0.4344,2.2465,0.1972,combined,1.8498,4.7200,0.4344,-0.4219,0.1037
0.2208,1.8758,0.1218,turn,0.0000,4.2000,0.0000,nan,nan
0.1059,8.9388,0.1378,straight,0.9149,4.9400,0.1029,-0.1040,0.0199
0.2483,3.2225,0.1623,straight,0.2793,5.7600,0.2446,-0.2261,0.1026
0.7037,1.6426,0.2181,straight,1.9992,4.3000,0.7037,-0.7026,0.0382
0.3577,6.4354,0.0708,combined,1.5100,6.1000,0.3577,-0.2445,0.2612
0.0662,1.4229,0.0512,stand,0.0000,4.7000,0.0000,nan,nan
0.2181,2.3709,0.0769,straight,0.4715,4.9600,0.2179,-0.2154,0.0342
0.4888,0.8186,0.3140,combined,1.3581,5.1200,0.4888,-0.3684,0.3214
0.2015,0.8686,0.0283,lateral,0.6017,4.0600,0.2015,-0.1630,0.1186
0.1671,0.0700,0.1183,turn,0.0000,4.6400,0.0000,nan,nan
0.2818,5.2578,0.1533,combined,1.4061,5.9400,0.2818,-0.2806,0.0257
0.4088,1.5880,0.1889,straight,0.4193,4.2400,0.3345,-0.2815,0.2964
0.4232,4.9753,0.0206,lateral,0.2603,6.0800,0.2597,-0.3323,0.2622
0.3588,5.5218,0.0569,lateral,0.6077,5.0600,0.3552,-0.3472,0.0908
0.0646,8.2391,0.2172,turn,0.0000,4.0800,0.0000,nan,nan
0.2220,7.7197,0.0905,straight,0.6917,4.4000,0.2220,-0.2052,0.0847
0.3032,3.5750,0.0480,combined,0.9143,6.0000,0.2958,-0.3015,0.0321
0.0489,4.7857,0.0848,straight,0.0934,5.2400,0.0200,0.0180,0.0455
0.2819,3.6371,0.1353,straight,1.3321,7.0200,0.2817,-0.2719,0.0745
0.1805,5.8165,0.0693,stand,0.0000,4.1200,0.0000,nan,nan
0.4848,0.2319,0.0456,combined,1.3600,5.3600,0.4848,-0.4689,0.1231
0.2731,1.7868,0.1354,straight,0.1845,6.1400,0.1789,-0.2724,0.0203
0.0676,2.5871,0.0335,stand,0.0000,6.4000,0.0000,nan,nan
0.2369,6.5270,0.0688,straight,0.7430,4.1800,0.2365,-0.1842,0.1490
0.4173,6.7841,0.0218,turn,0.0000,5.7200,0.0000,nan,nan
0.2401,0.1180,0.0259,straight,0.8825,5.2200,0.2401,-0.2321,0.0613
0.3629,5.9268,0.1197,combined,1.4629,7.4400,0.3287,-0.0506,0.3593
0.0836,0.7303,0.1020,straight,0.1722,4.4800,0.0546,0.0256,0.0795
0.0411,0.9796,0.0136,stand,0.0000,6.7600,0.0000,nan,nan
0.1896,2.3897,0.1336,lateral,1.0126,4.6400,0.1791,-0.0545,0.1816
0.3644,2.8132,0.1817,lateral,1.3507,4.7600,0.3644,-0.3194,0.1755
0.0299,1.3569,0.0604,lateral,1.0711,6.2000,0.0299,-0.0096,0.0283
0.4279,10.4460,0.2162,turn,0.0000,5.5000,0.0000,nan,nan
0.1570,4.0963,0.0593,turn,0.0000,4.1600,0.0000,nan,nan
0.4874,4.3409,0.1579,turn,0.0000,6.3000,0.0000,nan,nan
0.2022,1.2344,0.1510,turn,0.0000,4.4000,0.0000,nan,nan
0.0766,5.3302,0.0179,turn,0.0000,4.7200,0.0000,nan,nan
0.0928,4.2782,0.1094,turn,0.0000,7.6800,0.0000,nan,nan
0.1348,1.2456,0.0713,turn,0.0000,4.2800,0.0000,nan,nan
0.2989,3.9190,0.1202,combined,1.4463,6.7600,0.2989,-0.2989,0.0014
0.2839,1.0886,0.1896,straight,0.4963,7.6400,0.2801,-0.2714,0.0835
0.3049,7.0270,0.0965,straight,1.7073,7.2000,0.3049,-0.2882,0.0996
0.0825,1.3116,0.1549,lateral,0.1729,6.6000,0.0736,0.0102,0.0818
0.1016,1.6467,0.0395,stand,0.0000,4.8000,0.0000,nan,nan
0.1217,0.1250,0.1529,turn,0.0000,4.4600,0.0000,nan,nan
0.5317,4.5721,0.0074,straight,0.9492,5.1600,0.5277,-0.4493,0.2843
0.1832,2.1558,0.1399,combined,0.6246,4.9200,0.1012,0.1372,0.1215
0.2371,0.9814,0.0858,lateral,0.7506,5.2000,0.2314,-0.2249,0.0751
0.0673,1.7049,0.0395,stand,0.0000,5.2200,0.0000,nan,nan
0.5642,2.0708,0.0972,combined,1.9609,5.2800,0.5642,-0.5598,0.0701
0.3493,1.6698,0.3851,combined,1.4885,4.1200,0.3493,-0.3487,0.0195
0.1991,3.8961,0.0207,straight,0.2875,6.8400,0.1909,-0.1930,0.0488
0.3483,0.7833,0.0524,straight,1.9477,4.3400,0.3483,-0.3007,0.1757
0.1605,4.7248,0.1162,lateral,0.3549,4.2600,0.0355,0.1304,0.0936
0.1987,6.5120,0.2514,lateral,0.8512,7.3400,0.1885,-0.1930,0.0470
0.2522,1.1032,0.1562,lateral,0.9986,7.6000,0.1762,0.0534,0.2465
0.3005,2.3679,0.1004,combined,0.9507,6.7800,0.1173,0.2829,0.1014
0.1864,3.2545,0.0404,lateral,0.4453,5.9800,0.0123,0.1843,0.0281
0.1521,4.9976,0.2034,straight,1.0805,6.6600,0.0775,0.1184,0.0954
0.3260,3.3697,0.1264,lateral,0.1902,5.0800,0.1902,-0.2235,0.2373
0.0775,0.9357,0.0237,turn,0.0000,4.5200,0.0000,nan,nan
0.0294,0.6093,0.0775,stand,0.0000,4.0400,0.0000,nan,nan
0.3688,6.4243,0.1473,lateral,0.2341,7.8200,0.0673,0.2959,0.2202
0.0847,0.9989,0.0772,stand,0.0000,6.3600,0.0000,nan,nan
0.2155,6.6060,0.2212,combined,1.0752,6.7400,0.2142,-0.2155,0.0025
0.5381,4.6754,0.1329,straight,1.6813,4.5800,0.5381,-0.5351,0.0571
0.4919,3.7188,0.0557,combined,2.2591,7.2600,0.4919,-0.4851,0.0818
0.2862,5.7058,0.1396,turn,0.0000,6.7400,0.0000,nan,nan
0.4403,7.6816,0.0335,straight,0.3249,4.5200,0.3193,-0.3398,0.2800
0.3422,9.6415,0.2779,straight,1.9465,4.0600,0.3422,-0.3384,0.0507
0.2143,0.9484,0.0468,combined,0.5771,5.3200,0.1702,0.0565,0.2067
0.3498,3.6675,0.0983,combined,1.0524,5.2600,0.3096,-0.0291,0.3486
0.4058,2.7020,0.1805,combined,1.7717,5.8400,0.3990,-0.2278,0.3358
0.8813,3.0350,0.1192,combined,1.2009,5.1200,0.8790,-0.8477,0.2411
0.0632,5.2729,0.1990,lateral,1.1955,4.0800,0.0632,-0.0377,0.0508
0.0348,3.8406,0.1278,turn,0.0000,5.4400,0.0000,nan,nan
0.2455,1.0577,0.0437,straight,0.9010,4.8600,0.2455,-0.2347,0.0723
0.4084,6.0730,0.0847,straight,1.6997,4.6200,0.4084,-0.3851,0.1359
0.3785,5.7185,0.1115,straight,0.9085,6.6600,0.3785,-0.3503,0.1434
0.3592,4.3259,0.1397,combined,1.6000,6.4000,0.3592,-0.3276,0.1473
0.2553,3.2236,0.1405,combined,1.5399,6.4000,0.2553,-0.2547,0.0170
0.3483,5.9581,0.1758,turn,0.0000,6.6200,0.0000,nan,nan
0.3385,0.0908,0.0652,turn,0.0000,7.6200,0.0000,nan,nan
0.1999,3.8127,0.1170,combined,1.1973,5.4800,0.1997,-0.1673,0.1094
0.0421,3.6971,0.0467,stand,0.0000,6.0800,0.0000,nan,nan
0.2845,11.3123,0.3019,combined,2.1185,5.0600,0.2845,-0.1519,0.2406
0.1328,1.9535,0.1550,combined,1.7907,7.3200,0.1328,-0.1300,0.0272
0.0417,1.7930,0.0658,stand,0.0000,7.5400,0.0000,nan,nan
0.0820,3.7843,0.1961,turn,0.0000,7.7000,0.0000,nan,nan
0.4528,5.9369,0.1779,turn,0.0000,5.8400,0.0000,nan,nan
0.0475,1.4945,0.0785,turn,0.0000,5.3400,0.0000,nan,nan
0.3079,0.9505,0.1115,combined,1.2724,7.9800,0.1211,0.1845,0.2465
0.2562,2.7969,0.1165,combined,1.2800,6.5800,0.2504,-0.1823,0.1799
0.1956,11.1637,0.2153,combined,1.2874,4.3400,0.1956,-0.1684,0.0995
0.1274,8.7262,0.0867,combined,0.5794,7.1400,0.1037,0.0494,0.1175
0.5469,5.2470,0.2303,straight,1.9882,4.0000,0.5469,-0.5441,0.0559
0.2925,0.0633,0.2004,straight,0.0015,6.1400,0.0015,-0.2229,0.1894
0.0612,2.8404,0.0531,stand,0.0000,7.9200,0.0000,nan,nan
0.0073,0.4486,0.0194,stand,0.0000,7.6000,0.0000,nan,nan
0.1472,3.5675,0.1043,turn,0.0000,5.9800,0.0000,nan,nan
0.0268,0.4542,0.0537,stand,0.0000,5.3000,0.0000,nan,nan
0.0498,1.4402,0.0275,stand,0.0000,5.6000,0.0000,nan,nan
0.4866,4.0185,0.1735,turn,0.0000,7.2800,0.0000,nan,nan
0.0328,0.6642,0.0075,stand,0.0000,7.8000,0.0000,nan,nan
0.3171,2.1349,0.0517,turn,0.0000,7.8200,0.0000,nan,nan
0.1013,0.6155,0.0501,lateral,1.4771,6.8000,0.1010,-0.0928,0.0406
0.1931,0.3663,0.0764,turn,0.0000,7.2600,0.0000,nan,nan
0.5597,7.2290,0.0942,lateral,1.2301,5.1200,0.5591,-0.4898,0.2708
0.0444,0.1032,0.0280,stand,0.0000,5.6400,0.0000,nan,nan
0.5430,0.3047,0.0223,combined,1.4928,4.1800,0.5430,-0.5076,0.1928
0.0266,0.0662,0.0662,turn,0.0000,5.5000,0.0000,nan,nan
0.0206,2.8840,0.0566,stand,0.0000,6.6400,0.0000,nan,nan
0.1933,2.1243,0.1573,lateral,0.5800,6.3200,0.1427,0.0524,0.1860
0.1242,3.1046,0.0658,turn,0.0000,5.5200,0.0000,nan,nan
0.1974,1.3934,0.0317,combined,1.1558,6.1200,0.1974,-0.1959,0.0246
0.2114,8.9521,0.2345,lateral,1.3900,6.1400,0.2114,-0.1777,0.1145
0.4529,3.2797,0.1348,combined,0.7071,5.2800,0.4478,-0.4156,0.1801
0.0532,0.8403,0.0283,stand,0.0000,6.3200,0.0000,nan,nan
0.3930,8.8837,0.2160,turn,0.0000,6.2200,0.0000,nan,nan
0.0410,3.4897,0.1068,stand,0.0000,6.1600,0.0000,nan,nan
0.4058,7.0207,0.0730,turn,0.0000,7.7600,0.0000,nan,nan
0.1148,4.3494,0.1093,lateral,1.2405,6.4400,0.1110,-0.0836,0.0787
0.3332,3.1444,0.0853,lateral,1.4761,7.1000,0.3272,-0.2041,0.2634
0.2886,10.1488,0.1318,straight,1.8109,6.1000,0.2759,-0.1114,0.2663
0.6873,2.8403,0.1649,combined,2.1509,5.6800,0.6873,-0.6370,0.2581
0.2095,2.7919,0.1519,turn,0.0000,6.1400,0.0000,nan,nan
0.0988,2.0324,0.0378,lateral,0.4025,5.4000,0.0830,-0.0313,0.0937
0.3650,1.3554,0.1016,lateral,1.0027,7.4000,0.3650,-0.1454,0.3347
0.4808,6.5176,0.0573,combined,1.9218,4.3400,0.4808,-0.4099,0.2512
0.1938,1.9959,0.1353,turn,0.0000,7.7400,0.0000,nan,nan
0.0594,1.7372,0.0350,stand,0.0000,5.2800,0.0000,nan,nan
0.4677,2.9516,0.0534,straight,1.6345,7.1000,0.4677,-0.4633,0.0638
0.0451,2.0660,0.0100,stand,0.0000,7.9200,0.0000,nan,nan
0.3396,7.4103,0.1359,combined,1.0286,6.2200,0.3161,-0.0430,0.3369
0.2819,0.4204,0.1861,combined,2.1662,5.7800,0.2819,-0.2787,0.0425
0.0486,0.4268,0.0976,turn,0.0000,6.5000,0.0000,nan,nan
0.3239,2.3107,0.0829,turn,0.0000,6.6600,0.0000,nan,nan
0.2899,4.2875,0.0288,lateral,0.3753,6.3400,0.2651,-0.1330,0.2575
0.1785,0.3992,0.1499,combined,1.1984,6.5000,0.1486,0.0715,0.1636
0.3919,0.3019,0.1404,lateral,1.2217,7.0000,0.3827,-0.0283,0.3909
0.1331,4.7120,0.1169,straight,1.1610,7.4000,0.0525,0.0930,0.0952
0.0665,1.6412,0.0869,turn,0.0000,6.2800,0.0000,nan,nan
0.0885,2.7822,0.1173,straight,0.6625,5.6800,0.0808,0.0084,0.0881
0.1727,2.5160,0.1188,lateral,0.2437,7.3400,0.1025,0.0541,0.1640
0.3678,2.4664,0.1319,combined,2.1715,7.1200,0.3644,-0.3117,0.1952
0.0343,2.3199,0.0664,combined,0.6628,6.8800,0.0343,-0.0079,0.0333
0.3221,4.8797,0.0661,turn,0.0000,6.3000,0.0000,nan,nan
0.1960,2.7320,0.1125,combined,1.3609,6.9400,0.1960,-0.1806,0.0761
0.1700,2.6575,0.2157,lateral,1.0341,6.1200,0.1657,-0.0748,0.1527
0.5181,9.3648,0.0356,straight,1.8413,7.9200,0.5097,-0.4016,0.3272
0.2692,8.7193,0.1689,lateral,0.2982,7.0400,0.1114,0.1737,0.2057
0.2337,5.5214,0.0651,turn,0.0000,7.4600,0.0000,nan,nan
0.1868,0.6345,0.2106,combined,2.1363,5.5400,0.1868,-0.1570,0.1012
0.0644,1.7276,0.0751,turn,0.0000,5.3200,0.0000,nan,nan
0.4229,0.1686,0.1257,straight,1.8333,6.2600,0.4229,-0.3427,0.2477
0.0406,2.1280,0.0228,stand,0.0000,7.9400,0.0000,nan,nan
0.1634,1.0112,0.1018,straight,0.5448,4.5600,0.1624,-0.1587,0.0387
0.4038,1.5015,0.1925,straight,1.4494,4.6600,0.4038,-0.3487,0.2037
0.5473,1.5057,0.0501,combined,1.1814,7.6000,0.3485,0.0969,0.5387
0.2891,9.9301,0.0921,straight,0.8230,5.6400,0.2874,-0.2637,0.1184
0.5788,9.4828,0.2484,combined,1.7091,4.2600,0.5788,-0.5724,0.0859
0.0723,6.0964,0.1178,turn,0.0000,6.9400,0.0000,nan,nan
0.1665,6.3736,0.1879,turn,0.0000,7.2600,0.0000,nan,nan
0.5682,1.5169,0.0962,straight,1.5221,6.9800,0.5682,-0.5666,0.0426
0.1792,6.5294,0.0883,combined,0.7150,7.4800,0.1719,-0.1630,0.0746
0.1250,8.2730,0.1541,straight,1.9949,7.2000,0.1250,-0.1245,0.0103
0.3893,5.9556,0.1117,combined,1.2295,5.5800,0.3893,-0.3788,0.0894
0.3831,9.8722,0.1334,lateral,0.8074,7.6800,0.1699,0.2485,0.2916
0.2355,7.2902,0.0677,turn,0.0000,7.0600,0.0000,nan,nan
0.2209,1.3985,0.0621,combined,0.7512,5.7600,0.2135,-0.1829,0.1239
0.2872,0.4513,0.2680,turn,0.0000,7.4000,0.0000,nan,nan
0.1272,6.1751,0.1682,lateral,0.2796,7.7400,0.0232,0.1265,0.0136
0.3057,0.8644,0.1402,combined,1.7069,7.9800,0.2996,-0.1142,0.2835
0.0307,7.2198,0.1900,combined,1.6361,5.4400,0.0224,0.0270,0.0147
0.0393,0.3437,0.1266,lateral,0.9470,7.1200,0.0271,0.0322,0.0224
0.3448,1.2171,0.0823,combined,1.3821,5.6800,0.3448,-0.3378,0.0691
0.0404,0.3183,0.0326,stand,0.0000,5.3400,0.0000,nan,nan
0.0346,2.6374,0.0472,turn,0.0000,4.3400,0.0000,nan,nan
0.6835,0.8240,0.0153,straight,1.7083,7.9600,0.6814,-0.5150,0.4494
0.2570,10.0075,0.1900,straight,0.6855,7.1200,0.0305,0.2507,0.0567
0.3707,6.0037,0.1550,turn,0.0000,5.6400,0.0000,nan,nan
0.0159,1.0283,0.0556,turn,0.0000,4.1200,0.0000,nan,nan
0.3361,5.9544,0.1658,turn,0.0000,5.5600,0.0000,nan,nan
0.4251,5.6579,0.1200,lateral,1.2979,4.5400,0.4251,-0.3691,0.2109
0.2275,0.0458,0.1010,combined,2.2864,7.9600,0.2275,-0.1394,0.1799
0.1757,4.5003,0.0674,lateral,0.7028,4.0600,0.1448,0.0190,0.1747
0.2974,6.8705,0.3308,lateral,1.3115,5.0200,0.2295,0.1405,0.2621
0.2098,0.0181,0.1006,turn,0.0000,4.0600,0.0000,nan,nan
0.2560,3.3502,0.0173,straight,0.1509,4.1400,0.1163,-0.0143,0.2556
0.4228,4.2350,0.1057,combined,0.7839,4.6600,0.4228,-0.4117,0.0961
0.1291,3.2010,0.1013,lateral,1.0631,6.0800,0.1012,0.0072,0.1289
0.2517,11.5130,0.0991,straight,1.0100,5.6200,0.1378,0.0928,0.2339
0.5054,4.5343,0.1802,turn,0.0000,7.2400,0.0000,nan,nan
0.0637,3.9129,0.1078,turn,0.0000,4.0200,0.0000,nan,nan
0.3464,4.0162,0.0226,straight,0.6752,4.2200,0.3464,-0.3462,0.0120
0.1555,0.6489,0.1510,turn,0.0000,6.9200,0.0000,nan,nan
0.5839,0.0358,0.0987,combined,1.7992,4.0400,0.5839,-0.5429,0.2149
0.2498,2.1627,0.1450,combined,1.1381,4.9600,0.2498,-0.2494,0.0138
0.3179,0.4186,0.1059,combined,1.4163,4.9400,0.3179,-0.3156,0.0383
0.0686,0.4392,0.0089,stand,0.0000,6.7200,0.0000,nan,nan
0.6238,5.6339,0.0278,straight,1.3878,5.4800,0.6238,-0.5920,0.1968
0.3656,6.7718,0.1112,lateral,0.0192,5.3400,0.0190,-0.1631,0.3272
0.5353,5.8806,0.0871,straight,0.5021,5.3200,0.4982,-0.5149,0.1467
0.2649,1.0476,0.2631,combined,1.8337,7.3200,0.2649,-0.2590,0.0554
0.1107,3.6574,0.0885,combined,1.4915,7.8400,0.1107,-0.0686,0.0869
0.2807,2.3003,0.1432,straight,1.7170,7.0600,0.2744,-0.0723,0.2712
0.0676,1.4174,0.0139,stand,0.0000,6.7800,0.0000,nan,nan
0.1106,4.8279,0.0067,lateral,0.4124,7.8000,0.0524,0.0841,0.0718
0.4867,5.1099,0.1279,lateral,0.2803,7.7800,0.2530,-0.2400,0.4235
0.3660,1.6922,0.0094,lateral,0.1548,7.2000,0.1548,-0.0818,0.3567
0.0986,3.3043,0.0319,straight,0.2626,5.5800,0.0805,-0.0174,0.0971
0.2490,0.5642,0.2031,straight,0.7182,7.8800,0.0394,0.2426,0.0560
0.5984,1.6922,0.2192,lateral,1.3299,6.1200,0.5931,-0.4884,0.3457
0.4681,4.6133,0.0184,straight,1.7564,5.2200,0.4681,-0.4639,0.0621
0.3187,3.6849,0.2050,lateral,0.0506,4.8200,0.0469,0.0342,0.3169
0.6694,4.0765,0.2218,combined,2.0599,4.6000,0.6694,-0.6639,0.0859
0.1546,3.5172,0.0455,lateral,0.4325,4.5000,0.1546,-0.1357,0.0740
0.4043,2.4252,0.0707,turn,0.0000,6.8000,0.0000,nan,nan
0.4169,7.4874,0.1501,turn,0.0000,4.8000,0.0000,nan,nan
0.2337,1.3468,0.2524,lateral,1.3865,6.5800,0.2337,-0.2312,0.0339
0.5291,7.2295,0.2170,combined,2.0210,4.2800,0.5291,-0.4550,0.2700
0.2182,7.7052,0.2050,turn,0.0000,5.0800,0.0000,nan,nan
0.2226,1.6337,0.1566,combined,1.3383,4.9400,0.2224,-0.1478,0.1665
0.1466,7.3997,0.1563,combined,1.4623,4.2600,0.1466,-0.1327,0.0621
0.2910,1.1477,0.0253,turn,0.0000,6.9400,0.0000,nan,nan
0.3885,0.7086,0.0325,combined,1.8003,7.0400,0.3885,-0.3593,0.1478
0.3169,3.5901,0.1165,turn,0.0000,4.8000,0.0000,nan,nan
0.2779,0.8600,0.2343,lateral,1.3177,4.5400,0.2779,-0.2746,0.0426
0.4707,8.8053,0.1535,combined,1.4022,5.0600,0.4655,-0.4576,0.1105
0.0547,0.4892,0.0108,stand,0.0000,4.1000,0.0000,nan,nan
0.1402,5.4675,0.1276,turn,0.0000,4.6000,0.0000,nan,nan
0.0267,0.6556,0.0385,stand,0.0000,5.2600,0.0000,nan,nan
0.0709,2.0412,0.1192,combined,1.6162,6.3400,0.0279,0.0671,0.0229
0.1245,1.4367,0.0755,straight,0.3417,4.9600,0.1161,-0.1147,0.0485
0.0776,4.4860,0.0364,stand,0.0000,5.7200,0.0000,nan,nan
0.1139,0.4809,0.1104,lateral,0.3397,7.4000,0.0976,-0.1016,0.0514
0.3154,1.6598,0.1365,lateral,0.2728,7.6200,0.1194,0.1718,0.2645
0.3656,1.0513,0.0894,turn,0.0000,6.0200,0.0000,nan,nan
0.2385,5.8647,0.1109,combined,0.8443,4.7400,0.2385,-0.2385,0.0010
0.3367,3.2349,0.0669,straight,0.4771,6.5800,0.2199,0.2147,0.2594
0.3550,1.5540,0.1740,combined,1.7430,5.0600,0.3546,-0.2623,0.2393
0.5817,0.8722,0.0851,combined,1.1263,6.6000,0.5762,-0.3099,0.4923
0.1198,4.0346,0.1964,straight,1.8891,6.6400,0.1198,-0.0853,0.0842
0.3337,6.0171,0.1321,straight,1.7645,5.3800,0.3337,-0.2828,0.1770
0.5218,1.9135,0.0548,straight,1.0455,4.0400,0.5218,-0.5204,0.0391
0.7925,0.6492,0.0791,combined,2.2390,4.5200,0.7925,-0.7450,0.2703
0.1120,5.9433,0.0448,stand,0.0000,4.3800,0.0000,nan,nan
0.0537,0.1579,0.0363,combined,0.3284,4.0400,0.0362,-0.0362,0.0396
0.3109,8.1741,0.1224,turn,0.0000,4.4600,0.0000,nan,nan
0.4720,10.1757,0.1282,straight,0.1870,5.7400,0.0685,0.3538,0.3124
0.5100,3.9359,0.1292,straight,1.0803,4.4600,0.5100,-0.4797,0.1731
0.2528,3.9719,0.2762,combined,1.7982,4.3600,0.2528,-0.2310,0.1027
0.2743,0.9027,0.0588,combined,0.7408,5.7400,0.2743,-0.2552,0.1006
0.0141,1.0422,0.0028,stand,0.0000,6.7200,0.0000,nan,nan
0.0752,8.3144,0.0170,stand,0.0000,5.3800,0.0000,nan,nan
0.7138,7.0005,0.1025,combined,1.9186,5.2800,0.7138,-0.6161,0.3603
0.0674,1.0771,0.1266,turn,0.0000,4.0800,0.0000,nan,nan
0.1179,1.4903,0.0385,lateral,0.2074,4.1000,0.1179,-0.1136,0.0317
0.1356,2.7354,0.0923,straight,1.9463,5.5800,0.1342,-0.1236,0.0557
0.5197,6.8933,0.0540,combined,1.9616,4.7800,0.5197,-0.4732,0.2151
0.3646,6.6308,0.1395,combined,0.6312,7.3200,0.3544,-0.1615,0.3268
0.0812,0.1739,0.0373,lateral,0.4197,7.3400,0.0711,-0.0363,0.0726
0.4848,1.6831,0.2133,combined,2.0641,5.0400,0.4848,-0.4732,0.1055
0.0888,2.8970,0.1110,straight,0.3551,4.7000,0.0888,-0.0747,0.0480
0.1851,4.6461,0.1536,straight,0.6389,7.6200,0.0470,0.1838,0.0217
0.2311,2.0080,0.0674,lateral,0.7460,7.3600,0.2310,-0.2295,0.0265
0.1848,0.4600,0.0261,combined,0.5145,6.4400,0.1824,-0.1837,0.0200
0.2069,1.4874,0.0658,lateral,0.4949,5.8000,0.2057,-0.1989,0.0570
0.4334,4.3551,0.1273,straight,1.4255,5.0800,0.4334,-0.4071,0.1487
0.5292,1.7116,0.0878,combined,1.3753,7.1600,0.5114,-0.4858,0.2097
0.3556,0.3436,0.0100,straight,0.3849,7.7000,0.0189,0.3503,0.0610
0.1624,1.1721,0.1817,combined,2.1138,7.8800,0.1624,-0.1458,0.0715
0.4482,2.9036,0.1358,combined,1.3389,7.3600,0.4468,-0.3857,0.2283
0.4231,23.0016,0.0513,straight,1.5247,4.9600,0.4231,-0.3771,0.1920
0.2368,1.1557,0.0069,combined,1.2383,7.3000,0.1862,0.0088,0.2367
0.1781,0.1602,0.1282,lateral,0.1437,6.0800,0.0966,-0.0510,0.1706
0.0637,10.2365,0.2722,combined,0.3363,6.3200,0.0310,-0.0211,0.0602
0.3997,1.3512,0.2631,combined,1.6450,6.8600,0.3997,-0.3983,0.0334
0.2058,0.5478,0.2377,combined,1.8064,5.4200,0.2058,-0.2056,0.0097
0.2948,2.6747,0.1729,lateral,0.4039,4.4400,0.2820,-0.2345,0.1787
0.0027,0.6310,0.0235,stand,0.0000,7.1400,0.0000,nan,nan
0.2650,10.5738,0.1364,turn,0.0000,7.2800,0.0000,nan,nan
0.2835,0.2071,0.0726,combined,1.6274,6.6000,0.2835,-0.2804,0.0418
0.2998,9.8897,0.1276,combined,0.8619,4.8800,0.2993,-0.1592,0.2540
0.3824,0.7491,0.1402,lateral,0.3271,5.2400,0.2735,-0.2901,0.2491
0.3058,1.9987,0.1178,combined,1.3458,6.8600,0.3058,-0.2950,0.0807
0.2056,1.1103,0.1005,combined,0.6114,6.5600,0.1772,-0.0622,0.1960
0.5873,5.4282,0.0982,straight,1.2542,4.8800,0.5873,-0.5119,0.2879
0.3146,1.1917,0.1100,lateral,0.4456,4.2200,0.2954,-0.1558,0.2733
0.0138,1.9985,0.0405,stand,0.0000,4.4400,0.0000,nan,nan
0.0752,0.5074,0.1136,lateral,0.2079,5.4000,0.0739,-0.0399,0.0637
0.2969,2.7676,0.1434,combined,0.6703,7.4800,0.2792,-0.2967,0.0109
0.3306,1.7987,0.1314,combined,0.9300,5.8600,0.3306,-0.3242,0.0645
0.1557,1.6639,0.0762,lateral,0.8425,4.9800,0.1385,-0.1451,0.0566
0.3731,0.4784,0.1237,lateral,1.1473,7.6800,0.2775,-0.0282,0.3720
0.6357,0.6162,0.1359,straight,1.2148,5.9600,0.6357,-0.4938,0.4002
0.4034,5.0371,0.0578,combined,0.5756,6.5400,0.1334,0.3101,0.2580
0.4247,8.0653,0.1586,turn,0.0000,6.4600,0.0000,nan,nan
0.1726,6.5207,0.1832,straight,1.3634,5.7600,0.1726,-0.0909,0.1467
0.0538,1.1317,0.0351,stand,0.0000,7.4400,0.0000,nan,nan
0.1884,5.9225,0.0562,lateral,0.5538,5.6800,0.1780,-0.1882,0.0086
0.3241,0.8796,0.0117,straight,1.6819,6.2200,0.3222,-0.3172,0.0666
0.0101,0.4898,0.0491,stand,0.0000,5.1200,0.0000,nan,nan
0.4265,3.3592,0.2444,combined,2.1948,5.2400,0.4265,-0.3806,0.1924
0.3368,2.2373,0.0625,straight,0.8340,5.9800,0.3368,-0.3082,0.1357
0.0422,0.0430,0.0891,turn,0.0000,5.0800,0.0000,nan,nan
0.1190,4.0228,0.1377,combined,0.6987,4.9000,0.0921,0.0671,0.0983
0.5561,0.2372,0.1136,combined,1.0652,4.8000,0.5506,-0.5542,0.0454
0.3898,1.8619,0.0111,combined,0.3284,4.5600,0.3175,-0.3859,0.0552
0.1434,4.4259,0.0933,turn,0.0000,5.2800,0.0000,nan,nan
0.0767,0.8278,0.0179,lateral,0.6556,7.8400,0.0632,-0.0403,0.0653
0.4498,4.0097,0.1176,straight,0.3624,7.6600,0.3624,-0.2815,0.3508
0.2133,4.9183,0.0185,lateral,0.9879,5.2000,0.2133,-0.2063,0.0540
0.1224,3.4926,0.1038,straight,0.9248,7.6400,0.1224,-0.1214,0.0156
0.0873,1.2693,0.0184,stand,0.0000,7.7000,0.0000,nan,nan
0.4230,7.2583,0.2320,combined,2.1305,4.1400,0.4230,-0.4228,0.0140
0.3516,5.8020,0.0757,combined,1.6977,7.2600,0.3189,-0.0529,0.3476
0.1060,1.2427,0.0588,turn,0.0000,6.4000,0.0000,nan,nan
0.1798,0.5997,0.1468,turn,0.0000,7.6400,0.0000,nan,nan
0.1616,11.0890,0.2001,straight,0.7632,4.9000,0.1395,0.0137,0.1610
0.0594,1.4305,0.0984,stand,0.0000,4.7200,0.0000,nan,nan
0.4058,1.3225,0.1062,straight,1.2892,6.7400,0.4058,-0.3583,0.1906
0.4139,5.0334,0.0998,lateral,0.2003,7.8800,0.1068,0.2884,0.2969
0.0655,0.6305,0.0301,stand,0.0000,4.1400,0.0000,nan,nan
0.0827,1.5325,0.0243,stand,0.0000,6.0200,0.0000,nan,nan
0.0311,0.9538,0.0324,stand,0.0000,5.8000,0.0000,nan,nan
0.3127,0.5413,0.0212,lateral,1.3765,4.9200,0.3127,-0.2817,0.1358
0.1718,2.4347,0.1161,turn,0.0000,6.9400,0.0000,nan,nan
0.1014,1.3679,0.1101,turn,0.0000,6.6600,0.0000,nan,nan
0.4965,7.6174,0.1329,combined,0.9777,4.3800,0.4965,-0.4600,0.1868
0.3589,0.6726,0.1465,straight,1.3124,7.7200,0.3499,-0.1727,0.3146
0.4375,6.9426,0.0833,combined,1.9056,5.6200,0.4140,-0.0788,0.4304
0.0158,3.9478,0.1489,turn,0.0000,7.3200,0.0000,nan,nan
0.3481,2.5777,0.2421,combined,1.4493,7.1000,0.3481,-0.1696,0.3039
0.2340,2.8802,0.1298,combined,1.2815,6.7000,0.2340,-0.2312,0.0365
0.2271,1.7322,0.1584,turn,0.0000,6.5400,0.0000,nan,nan
0.2452,0.8941,0.1176,straight,0.9454,5.3600,0.2452,-0.2237,0.1004
0.0632,11.7256,0.1978,combined,2.0692,6.6600,0.0503,0.0323,0.0543
0.3703,3.7960,0.1020,straight,0.0360,6.6400,0.0360,-0.2495,0.2736
0.5498,14.6772,0.3479,combined,1.8307,5.5000,0.5498,-0.4525,0.3123
0.0598,2.4585,0.0493,turn,0.0000,5.4200,0.0000,nan,nan
0.0947,17.1874,0.2189,turn,0.0000,7.1600,0.0000,nan,nan
0.5109,14.2545,0.0720,lateral,1.3581,5.4800,0.4984,-0.5035,0.0865
0.3402,0.3143,0.0471,straight,1.1673,6.8800,0.3402,-0.3402,0.0056
0.4817,4.7229,0.0641,lateral,1.0132,5.4400,0.4811,-0.3634,0.3161
0.2771,0.9368,0.0776,lateral,1.0226,7.3200,0.2771,-0.2765,0.0183
0.7825,1.4820,0.1485,straight,1.3679,6.3800,0.7584,-0.5339,0.5720
0.1261,0.3762,0.1760,combined,1.9593,6.1000,0.1162,-0.1075,0.0660
0.2674,5.3479,0.1117,straight,1.1696,6.0200,0.2674,-0.1749,0.2022
0.4047,1.6752,0.1247,combined,1.0880,6.6200,0.4047,-0.3749,0.1522
0.4924,5.7236,0.1535,lateral,0.2698,5.3200,0.0792,0.4042,0.2813
0.1583,7.5610,0.1827,straight,0.1802,5.5200,0.0085,0.1579,0.0104
0.2188,1.0098,0.0411,lateral,0.7643,6.2600,0.0664,0.2008,0.0869
0.4748,0.7582,0.2873,combined,1.4374,5.2400,0.4748,-0.3816,0.2825
0.2711,2.3522,0.1137,turn,0.0000,4.0400,0.0000,nan,nan
0.1520,1.7994,0.0956,combined,0.7784,7.3000,0.1520,-0.0393,0.1468
0.1720,3.0131,0.1389,straight,1.3777,7.1000,0.0857,0.1344,0.1073
0.5231,0.4552,0.1069,straight,1.4014,6.2000,0.5231,-0.4986,0.1582
0.1451,2.3062,0.1291,lateral,0.5488,6.5600,0.1418,-0.0599,0.1321
0.2127,1.8330,0.1546,lateral,0.6243,7.6000,0.1826,-0.0390,0.2091
0.0326,0.0194,0.0528,stand,0.0000,6.2200,0.0000,nan,nan
0.5501,1.6682,0.1130,combined,1.7597,6.0800,0.5501,-0.4818,0.2654
0.4348,0.3503,0.1367,combined,1.7355,6.0600,0.4327,-0.3498,0.2582
0.1580,3.7565,0.0757,straight,0.7998,7.5400,0.0098,0.1531,0.0390
0.2690,2.2607,0.0433,lateral,0.8591,6.6800,0.2600,-0.2397,0.1221
0.2491,8.4349,0.2027,combined,1.3427,4.8400,0.2491,-0.2172,0.1219
0.3600,4.0846,0.1833,combined,1.4427,7.9000,0.3460,-0.3562,0.0518
0.4573,17.2123,0.1481,straight,1.2127,5.5800,0.4567,-0.3378,0.3082
0.0088,0.0733,0.0119,stand,0.0000,6.1800,0.0000,nan,nan
0.0879,8.7412,0.0988,combined,2.3593,7.9800,0.0879,-0.0314,0.0821
0.3625,1.1754,0.1764,lateral,1.0901,7.6000,0.3625,-0.2387,0.2729
0.4478,5.8042,0.1451,combined,1.4176,6.2000,0.4478,-0.3845,0.2295
0.0564,5.4181,0.1003,straight,1.6474,5.8400,0.0485,-0.0324,0.0461
0.1695,1.6182,0.1526,turn,0.0000,7.1000,0.0000,nan,nan
0.5504,5.2700,0.1408,straight,1.9312,6.3400,0.5504,-0.5450,0.0774
0.1565,0.4026,0.2121,combined,1.4326,7.3000,0.1002,0.0492,0.1486
0.0907,4.1034,0.1307,combined,0.6015,5.9000,0.0907,-0.0904,0.0074
0.1395,4.4246,0.1108,straight,0.5229,5.8000,0.1324,-0.1371,0.0256
0.4093,4.9743,0.1539,straight,1.9360,7.0600,0.4093,-0.4063,0.0496
0.2587,0.0045,0.1138,turn,0.0000,5.4200,0.0000,nan,nan
0.2100,2.1519,0.1116,combined,0.9470,6.9600,0.2100,-0.1264,0.1677
0.3227,7.0847,0.0231,straight,0.0132,7.2600,0.0132,-0.2831,0.1551
0.1465,3.2677,0.1646,lateral,0.5983,5.4800,0.1307,-0.1431,0.0312
0.0623,3.1998,0.1013,turn,0.0000,5.3000,0.0000,nan,nan
0.0827,4.4892,0.0444,lateral,0.5486,5.0000,0.0799,-0.0796,0.0223
0.0836,1.3096,0.0909,turn,0.0000,6.3600,0.0000,nan,nan
0.4685,0.0067,0.2466,combined,1.9733,7.4000,0.4677,-0.1889,0.4287
0.5982,12.4740,0.3109,combined,1.3087,4.1400,0.5982,-0.5666,0.1916
0.2815,2.6614,0.2658,lateral,0.5808,6.1600,0.0816,0.2525,0.1246
0.3076,6.2386,0.1271,turn,0.0000,6.9200,0.0000,nan,nan
0.2705,3.1957,0.1239,combined,1.2662,7.4200,0.2675,-0.2602,0.0739
0.3608,2.7273,0.1375,turn,0.0000,5.7600,0.0000,nan,nan
0.0241,0.7777,0.0481,stand,0.0000,6.4400,0.0000,nan,nan
0.4567,1.9396,0.0753,combined,2.1349,4.4600,0.4550,-0.4548,0.0417
0.0085,0.1025,0.0344,stand,0.0000,7.1800,0.0000,nan,nan
0.3883,2.8553,0.1605,combined,1.1703,4.8400,0.3883,-0.3767,0.0941
0.0619,5.3640,0.0701,turn,0.0000,5.7400,0.0000,nan,nan
0.1351,2.9198,0.1386,straight,0.4484,6.0200,0.1305,-0.1327,0.0253
0.2719,1.8545,0.2183,combined,1.2782,4.2400,0.2719,-0.1865,0.1979
0.4465,9.3778,0.1136,straight,1.6993,7.1000,0.4463,-0.4462,0.0146
0.4871,1.7276,0.0990,turn,0.0000,7.9800,0.0000,nan,nan
0.4904,2.7887,0.0552,straight,0.9307,7.8200,0.4886,-0.4903,0.0077
0.2904,3.9842,0.1441,combined,0.9934,5.1000,0.0630,0.2643,0.1203
0.4884,4.5025,0.1522,straight,0.7374,6.5200,0.4786,-0.4413,0.2093
0.1120,0.5360,0.1180,straight,1.5052,6.3000,0.0615,0.1030,0.0440
0.2897,7.2937,0.1668,straight,1.1986,4.2000,0.2884,-0.2310,0.1750
0.4755,4.3260,0.0532,lateral,0.2618,7.2600,0.2472,-0.3692,0.2996
0.1945,0.2691,0.1422,turn,0.0000,4.3600,0.0000,nan,nan
0.5293,0.2200,0.1809,combined,1.4872,5.1600,0.5293,-0.5234,0.0783
0.3928,0.4503,0.1238,lateral,0.1142,7.9600,0.1137,-0.0303,0.3916
0.1472,4.2529,0.0574,straight,0.2884,7.5200,0.0283,0.1440,0.0305
0.3176,3.7475,0.1191,straight,0.7095,5.0400,0.3176,-0.3173,0.0142
0.3760,6.4215,0.1502,combined,1.0887,7.5000,0.2830,-0.1244,0.3549
0.1198,0.8330,0.0579,straight,0.3334,5.2000,0.1198,-0.1174,0.0238
0.3759,0.0414,0.1278,lateral,1.4382,5.3400,0.3743,-0.2986,0.2283
0.4552,0.3177,0.0870,turn,0.0000,5.6600,0.0000,nan,nan
0.1359,1.9759,0.1182,combined,0.7096,7.4000,0.1288,-0.1205,0.0629
0.1613,2.3516,0.2199,lateral,1.3814,5.3400,0.1613,-0.1555,0.0430
0.1309,1.8193,0.0676,lateral,0.8310,5.8000,0.0335,0.1268,0.0322
0.0086,3.9733,0.1404,stand,0.0000,5.0600,0.0000,nan,nan
0.2541,1.7222,0.0760,lateral,0.2743,4.0200,0.1715,0.0505,0.2491
0.2125,2.0035,0.1891,straight,1.5939,5.9800,0.2125,-0.1639,0.1353
0.1789,2.2266,0.1453,lateral,0.3750,7.7200,0.1680,-0.1154,0.1367
0.3918,2.4787,0.1729,straight,1.1405,4.0800,0.3918,-0.3904,0.0337
0.2327,2.0430,0.1570,turn,0.0000,4.4400,0.0000,nan,nan
0.4100,2.2607,0.0661,straight,1.0428,6.5800,0.4050,-0.3770,0.1612
0.2537,6.0001,0.1537,combined,0.4930,7.9800,0.2536,-0.2255,0.1163
0.1765,2.9234,0.2010,lateral,0.3674,6.8800,0.1399,-0.0475,0.1699
0.3050,2.6556,0.1211,turn,0.0000,6.2800,0.0000,nan,nan
0.0320,4.4061,0.1063,straight,0.3791,4.5400,0.0307,-0.0063,0.0314
0.0301,0.2829,0.0333,stand,0.0000,7.6800,0.0000,nan,nan
0.1488,0.8555,0.1241,lateral,1.1513,7.6600,0.1420,-0.1487,0.0069
0.1984,5.8957,0.2611,turn,0.0000,6.3800,0.0000,nan,nan
0.1224,0.5579,0.1090,straight,0.1595,6.0800,0.0328,0.1127,0.0478
0.2566,0.8931,0.1737,straight,1.7145,6.4600,0.2566,-0.2303,0.1132
0.3156,4.2546,0.1409,lateral,0.6251,4.5800,0.3128,-0.2041,0.2408
0.2481,7.4468,0.0751,turn,0.0000,6.1600,0.0000,nan,nan
0.2826,5.0214,0.1527,straight,0.1235,7.2600,0.0057,0.2735,0.0711
0.1660,6.3650,0.0729,turn,0.0000,4.0400,0.0000,nan,nan
0.3803,12.8309,0.0961,turn,0.0000,6.3400,0.0000,nan,nan
0.1041,1.0531,0.1507,turn,0.0000,6.1200,0.0000,nan,nan
0.1878,1.7345,0.1400,combined,1.6103,7.3600,0.1831,-0.0789,0.1704
0.2156,3.0883,0.2462,combined,1.2126,4.3400,0.2156,-0.2116,0.0411
0.0678,0.2597,0.0265,stand,0.0000,4.4000,0.0000,nan,nan
0.6296,5.7152,0.1140,turn,0.0000,5.7600,0.0000,nan,nan
0.2686,1.1320,0.0974,stand,0.0000,4.2800,0.0000,nan,nan
0.0727,3.7811,0.1886,lateral,0.3926,4.6000,0.0725,0.0067,0.0724
0.1601,1.9722,0.1163,turn,0.0000,6.9400,0.0000,nan,nan
0.3098,2.1842,0.0670,lateral,0.6885,6.4800,0.2813,-0.2840,0.1239
0.2386,1.5935,0.1595,lateral,0.8407,4.0800,0.2328,-0.1361,0.1960
0.4856,0.5339,0.0739,straight,1.1948,5.4800,0.4855,-0.4543,0.1715
0.4268,1.4936,0.1053,combined,0.8823,5.6800,0.3832,-0.2437,0.3503
0.3558,9.1170,0.2566,combined,2.0540,6.7400,0.3558,-0.3412,0.1010
0.3000,0.5471,0.1056,turn,0.0000,5.0600,0.0000,nan,nan
0.2745,2.1906,0.0548,lateral,0.7248,4.7800,0.2745,-0.2622,0.0815
0.6261,3.1672,0.1966,combined,1.8816,4.8200,0.6261,-0.5931,0.2005
0.4900,5.6403,0.1167,straight,1.1814,4.7400,0.4900,-0.4703,0.1374
0.0166,0.4911,0.0327,stand,0.0000,7.1200,0.0000,nan,nan
0.2977,7.9432,0.1580,turn,0.0000,4.7000,0.0000,nan,nan
0.1399,3.2227,0.1550,lateral,0.9864,5.7800,0.1399,-0.1157,0.0787
0.4935,6.7663,0.1209,combined,1.9773,5.6400,0.4935,-0.4719,0.1445
0.3822,5.8785,0.1737,lateral,0.1768,6.5200,0.1282,0.1610,0.3466
0.3047,5.5737,0.0555,straight,0.3271,4.4200,0.3023,-0.2828,0.1135
0.3098,2.9027,0.2001,turn,0.0000,5.0600,0.0000,nan,nan
0.1396,4.7324,0.1140,straight,1.2040,5.9200,0.0447,0.1290,0.0535
0.2242,8.5604,0.1959,turn,0.0000,4.1600,0.0000,nan,nan
0.3259,0.1971,0.0843,turn,0.0000,4.5000,0.0000,nan,nan
0.0504,1.8691,0.0951,straight,0.8474,6.2800,0.0504,-0.0481,0.0149
0.2978,8.0051,0.0635,turn,0.0000,5.3600,0.0000,nan,nan
0.3374,0.0020,0.2517,straight,0.9291,5.9000,0.3348,-0.3215,0.1024
0.2259,0.2690,0.0435,straight,1.9713,7.0400,0.2241,-0.2157,0.0673
0.2988,0.5713,0.0885,turn,0.0000,6.9800,0.0000,nan,nan
0.2154,0.0545,0.1995,combined,1.8753,5.9000,0.2154,-0.2058,0.0635
0.5182,0.8689,0.0788,straight,1.4777,5.0800,0.5182,-0.5182,0.0035
0.0859,4.6192,0.1242,stand,0.0000,4.1600,0.0000,nan,nan
0.2494,1.1286,0.0774,combined,1.6341,4.7200,0.2494,-0.2414,0.0629
0.2656,0.6589,0.0987,combined,1.5533,7.0400,0.2656,-0.2638,0.0313
0.0878,2.5169,0.0131,turn,0.0000,4.8800,0.0000,nan,nan
0.2797,5.2361,0.0884,lateral,0.9550,5.6200,0.1224,0.1913,0.2041
0.3832,0.1982,0.1714,combined,1.3823,7.1200,0.3034,0.1048,0.3686
0.0629,0.1304,0.1440,turn,0.0000,4.8600,0.0000,nan,nan
0.3364,11.8232,0.1061,lateral,0.4846,7.9000,0.1247,0.2378,0.2379
0.4926,8.6875,0.0929,turn,0.0000,6.0600,0.0000,nan,nan
0.3130,3.8274,0.1027,turn,0.0000,4.7400,0.0000,nan,nan
0.2396,0.8444,0.1254,lateral,0.9058,7.7600,0.2331,-0.2363,0.0396
0.2437,5.5898,0.0817,straight,1.1346,6.4600,0.2353,-0.0383,0.2407
0.5917,4.4223,0.1456,turn,0.0000,7.7800,0.0000,nan,nan
0.2116,2.8620,0.0478,turn,0.0000,7.3400,0.0000,nan,nan
0.4695,2.2205,0.1484,turn,0.0000,5.5800,0.0000,nan,nan
0.3479,2.7787,0.0706,straight,0.8097,5.1000,0.3479,-0.3266,0.1199
0.3865,3.6702,0.1395,combined,1.0679,4.4800,0.3522,-0.2833,0.2629
0.0846,6.8122,0.2294,lateral,1.1052,4.1800,0.0846,-0.0836,0.0133
0.4189,2.8188,0.1624,combined,1.8714,6.9800,0.4189,-0.4189,0.0013
0.2313,3.1173,0.0574,straight,0.3318,5.3200,0.2245,-0.1891,0.1332
0.1240,6.5858,0.3436,lateral,1.2747,7.8400,0.0791,0.0757,0.0981
0.0726,6.5331,0.0609,lateral,0.7465,6.3400,0.0726,-0.0648,0.0328
0.2815,4.9759,0.0826,combined,0.4670,7.8400,0.2762,-0.2813,0.0111
0.1796,0.8630,0.0960,straight,0.7119,7.2600,0.0581,0.1551,0.0905
0.1245,1.8250,0.1383,turn,0.0000,7.1400,0.0000,nan,nan
0.4758,5.3013,0.0771,combined,1.9605,5.6200,0.4758,-0.4752,0.0244
0.2540,0.2140,0.1083,lateral,1.1706,5.8800,0.2540,-0.2537,0.0128
0.0087,0.3960,0.0996,stand,0.0000,4.1800,0.0000,nan,nan
0.0687,4.1847,0.1672,lateral,0.6163,5.6600,0.0687,-0.0542,0.0422
0.1617,2.7908,0.0826,turn,0.0000,5.0200,0.0000,nan,nan
0.1289,1.1758,0.0710,turn,0.0000,4.9600,0.0000,nan,nan
0.0035,0.2476,0.0606,stand,0.0000,6.2800,0.0000,nan,nan
0.3348,1.0854,0.1020,lateral,1.4627,5.1600,0.3348,-0.3348,0.0067
0.3025,0.2774,0.1655,lateral,0.5915,6.4400,0.2940,-0.1186,0.2783
0.0670,8.1134,0.0989,lateral,0.9164,5.2000,0.0653,-0.0656,0.0138
0.4670,5.5564,0.0725,combined,0.9963,6.4400,0.4580,-0.4656,0.0370
0.2038,6.7635,0.2037,combined,2.0566,7.5200,0.1902,-0.0754,0.1893
0.1625,4.2481,0.1435,turn,0.0000,4.4600,0.0000,nan,nan
0.3761,8.2711,0.1495,straight,1.4620,4.8200,0.3761,-0.3740,0.0401
0.3530,2.2065,0.1435,combined,0.9318,7.7600,0.3381,-0.0151,0.3527
0.1325,4.2872,0.0897,turn,0.0000,6.4200,0.0000,nan,nan
0.0628,0.3500,0.0207,stand,0.0000,5.1000,0.0000,nan,nan
0.1340,4.6429,0.0636,lateral,0.7987,4.6800,0.1340,-0.1269,0.0431
0.2205,9.4449,0.0988,turn,0.0000,5.8800,0.0000,nan,nan
0.0550,1.5350,0.0436,stand,0.0000,6.8600,0.0000,nan,nan
0.1906,1.9206,0.1047,turn,0.0000,4.4800,0.0000,nan,nan
0.1414,7.0041,0.1236,stand,0.0000,5.4200,0.0000,nan,nan
0.1408,2.3857,0.1409,turn,0.0000,4.6000,0.0000,nan,nan
0.4715,7.3888,0.0592,turn,0.0000,7.5200,0.0000,nan,nan
0.4598,4.4498,0.1497,combined,1.6683,7.1400,0.4561,-0.3180,0.3321
0.0537,8.6897,0.1589,turn,0.0000,4.8600,0.0000,nan,nan
0.4637,3.6346,0.1100,straight,1.3977,7.8800,0.4637,-0.4280,0.1785
0.6646,6.0332,0.1941,combined,0.3824,4.4400,0.3764,-0.6393,0.1816
0.0957,1.1885,0.1190,turn,0.0000,5.5600,0.0000,nan,nan
0.1454,0.9938,0.1274,straight,0.4497,7.0800,0.1454,-0.1335,0.0576
0.3161,3.8721,0.0471,combined,1.5205,6.1600,0.3161,-0.3150,0.0265
0.3410,1.8367,0.0849,combined,0.3711,6.6000,0.3390,-0.3372,0.0509
0.0373,0.3462,0.0452,stand,0.0000,6.5600,0.0000,nan,nan
0.5514,0.8234,0.0237,combined,1.4340,5.3000,0.5514,-0.5472,0.0677
0.3360,0.5361,0.0870,lateral,0.3996,7.6000,0.2498,0.0586,0.3308
0.2964,2.4946,0.0585,lateral,1.3065,6.8000,0.2943,-0.2961,0.0121
0.2898,3.0725,0.0577,combined,0.6129,4.7000,0.2898,-0.2875,0.0363
0.2225,2.6246,0.0914,combined,1.2638,6.5600,0.2225,-0.1361,0.1761
0.3464,1.9839,0.2707,combined,1.5397,4.7200,0.3464,-0.2581,0.2311
0.0340,1.3083,0.0177,stand,0.0000,5.0200,0.0000,nan,nan
0.2273,6.1481,0.1042,lateral,0.5754,5.0200,0.2009,-0.1334,0.1840
0.1570,2.4496,0.0502,straight,1.0318,4.7800,0.1568,-0.1566,0.0106
0.3141,0.2570,0.0430,combined,1.2358,7.5400,0.3140,-0.3094,0.0543
0.2236,0.7003,0.1056,combined,0.9470,5.9000,0.2157,-0.2195,0.0423
0.3713,5.2509,0.1750,straight,1.9378,5.1000,0.3713,-0.2285,0.2926
0.3767,4.9981,0.0804,combined,0.3337,5.9000,0.2305,-0.0284,0.3757
0.2322,0.2337,0.0834,turn,0.0000,7.4400,0.0000,nan,nan
0.3976,1.8440,0.1689,combined,1.8952,5.0600,0.3976,-0.3789,0.1207
0.2369,4.6750,0.1992,combined,2.0351,6.7000,0.2369,-0.2326,0.0447
0.0390,0.0206,0.1315,turn,0.0000,5.2400,0.0000,nan,nan
0.3858,4.0425,0.1426,combined,0.3639,6.4200,0.3607,-0.3813,0.0589
0.2753,0.5284,0.0676,turn,0.0000,5.7400,0.0000,nan,nan
0.4393,1.0675,0.1514,straight,0.0564,5.6200,0.0505,-0.2936,0.3267
0.1377,0.4296,0.1363,lateral,0.8056,6.8000,0.1268,-0.0241,0.1356
0.4270,6.6015,0.2554,turn,0.0000,6.6600,0.0000,nan,nan
0.1031,0.0139,0.1285,straight,0.8076,4.8200,0.1031,-0.0952,0.0397
0.3115,6.5467,0.1060,turn,0.0000,4.4800,0.0000,nan,nan
0.4180,3.0911,0.0263,combined,0.5783,4.6800,0.4171,-0.3931,0.1420
0.4218,11.5843,0.1125,combined,1.6112,4.3400,0.4202,-0.3454,0.2421
0.6852,0.2077,0.0656,straight,1.6092,6.2400,0.6849,-0.6389,0.2477
0.0574,2.0544,0.0081,stand,0.0000,6.4800,0.0000,nan,nan
0.5066,0.5706,0.1554,straight,1.4392,5.9200,0.5066,-0.4878,0.1365
0.0431,1.3147,0.0095,stand,0.0000,5.9600,0.0000,nan,nan
0.0371,1.7324,0.0951,stand,0.0000,6.9000,0.0000,nan,nan
0.3354,8.1502,0.1263,turn,0.0000,6.3200,0.0000,nan,nan
0.1486,0.2043,0.0568,lateral,0.6441,4.1000,0.1486,-0.1462,0.0270
0.2189,1.0477,0.0661,straight,1.1750,7.4000,0.2189,-0.2165,0.0324
0.1390,1.4439,0.0523,turn,0.0000,6.3400,0.0000,nan,nan
0.3397,0.0435,0.1138,lateral,1.3495,4.8400,0.3397,-0.2348,0.2454
0.2716,2.5761,0.0670,turn,0.0000,5.7800,0.0000,nan,nan
0.5220,8.7307,0.1818,combined,0.7363,5.5600,0.5194,-0.5219,0.0101
0.3259,2.1053,0.1884,straight,1.9708,6.5400,0.3259,-0.3249,0.0258
0.1807,2.7049,0.2676,lateral,1.1581,4.7600,0.1807,-0.1751,0.0447
0.3565,4.5868,0.0224,straight,0.1312,6.6600,0.0725,0.1680,0.3144
0.5303,4.8990,0.1589,combined,1.3912,4.4000,0.5240,-0.4912,0.1999
0.3332,1.1691,0.1373,combined,1.8046,5.5800,0.3332,-0.3237,0.0791
0.2910,7.9522,0.0814,combined,1.5255,6.6400,0.2910,-0.2766,0.0904
0.4401,0.1157,0.1189,straight,0.3209,5.7000,0.3196,-0.3768,0.2275
0.2332,0.8434,0.0318,lateral,0.1281,4.3600,0.0700,0.1289,0.1944
0.5235,5.8869,0.0675,lateral,0.5075,7.5400,0.2522,0.2804,0.4421
0.2978,5.8396,0.1186,straight,1.3603,6.7600,0.2263,0.0882,0.2844
0.0775,3.2227,0.1803,straight,0.5723,6.1200,0.0775,-0.0749,0.0199
0.4083,2.3227,0.1727,lateral,0.4712,7.8200,0.3394,-0.2152,0.3470
0.4643,0.2574,0.0806,combined,0.9582,7.9800,0.4260,-0.1810,0.4276
0.2473,5.8924,0.0508,combined,1.1375,6.6000,0.2400,-0.2026,0.1419
0.3568,7.3880,0.1781,combined,1.0462,7.0000,0.3568,-0.2920,0.2050
0.1470,2.0549,0.1721,lateral,0.1519,5.3600,0.0715,0.0694,0.1296
0.1141,0.0847,0.1467,lateral,0.0586,6.0200,0.0458,-0.0909,0.0689
0.2835,7.9833,0.1893,straight,0.2145,6.1200,0.0795,0.1905,0.2099
0.2986,7.7884,0.1778,combined,1.8585,4.2400,0.2986,-0.2764,0.1131
0.1982,3.1878,0.0763,turn,0.0000,4.3600,0.0000,nan,nan
0.2058,6.1013,0.1552,lateral,0.6992,5.2000,0.2058,-0.1201,0.1671
0.5983,4.6825,0.1697,straight,1.2110,7.7400,0.5914,-0.4241,0.4219
0.2978,10.0855,0.2548,combined,2.0513,5.3200,0.2978,-0.2894,0.0701
0.3776,1.6997,0.0337,straight,0.2512,7.0800,0.2512,-0.3723,0.0626
0.1769,9.2830,0.2042,lateral,1.0576,7.8200,0.1387,0.0894,0.1526
0.0060,0.0034,0.0198,stand,0.0000,7.2000,0.0000,nan,nan
0.0332,0.2845,0.0438,stand,0.0000,7.3400,0.0000,nan,nan
0.2328,0.8695,0.1112,straight,1.3821,6.5200,0.2328,-0.2048,0.1107
0.1356,0.3480,0.0968,combined,1.3128,6.3400,0.1356,-0.1160,0.0703
0.3735,5.4863,0.1268,combined,0.2828,4.8400,0.0693,0.3372,0.1605
0.0442,0.3762,0.0162,stand,0.0000,7.1200,0.0000,nan,nan
0.2120,7.7157,0.1391,combined,1.8545,6.6200,0.2120,-0.0357,0.2090
0.1204,7.3498,0.1425,combined,2.1634,5.5000,0.1204,-0.0922,0.0774
0.3540,5.6562,0.2349,lateral,1.1257,6.0400,0.3436,-0.2015,0.2910
0.3782,6.3105,0.0152,combined,0.6730,6.0400,0.3278,-0.3665,0.0933
0.0487,2.2186,0.0286,lateral,0.1295,7.4600,0.0424,-0.0486,0.0034
0.0862,0.2337,0.1002,turn,0.0000,7.8600,0.0000,nan,nan
0.4129,3.7693,0.0843,combined,1.6940,4.3200,0.4129,-0.4076,0.0654
0.3252,6.2180,0.1410,straight,1.6476,7.8600,0.2465,-0.3109,0.0953
0.0165,1.4010,0.0299,stand,0.0000,5.1600,0.0000,nan,nan
0.0584,1.7430,0.0158,stand,0.0000,5.4800,0.0000,nan,nan
0.1936,1.3510,0.0215,lateral,0.8063,6.1400,0.1936,-0.1266,0.1464
0.6717,1.4241,0.1148,combined,1.9787,4.3000,0.6717,-0.6695,0.0541
0.0324,0.6950,0.1392,stand,0.0000,4.5600,0.0000,nan,nan
0.1096,4.7696,0.0820,turn,0.0000,7.3200,0.0000,nan,nan
0.0998,1.9342,0.1460,straight,1.3577,7.0400,0.0998,-0.0876,0.0479
0.2715,7.0775,0.0579,combined,1.4103,5.6400,0.2715,-0.2465,0.1138
0.2714,4.9153,0.0806,combined,1.3287,6.8200,0.2714,-0.2619,0.0712
0.2001,6.7106,0.0940,straight,1.1117,7.0800,0.1207,0.1073,0.1689
0.2452,2.5389,0.1555,combined,1.1262,5.9200,0.2452,-0.2290,0.0877
0.4659,2.7142,0.0222,combined,1.8415,4.7000,0.4659,-0.4552,0.0993
0.7349,4.3985,0.1159,combined,1.4854,6.6200,0.6696,-0.2843,0.6777
0.0776,9.8962,0.1631,combined,1.6890,7.5200,0.0725,-0.0427,0.0648
0.1193,2.9759,0.0899,turn,0.0000,5.1200,0.0000,nan,nan
0.4970,0.2694,0.0358,straight,1.2662,5.7200,0.4909,-0.4852,0.1073
0.1721,0.2505,0.1086,turn,0.0000,7.9400,0.0000,nan,nan
0.0723,2.1146,0.0605,stand,0.0000,4.3400,0.0000,nan,nan
0.3305,4.2149,0.1216,combined,1.8754,6.6200,0.3305,-0.2671,0.1947
0.2467,0.7583,0.0628,turn,0.0000,5.8400,0.0000,nan,nan
0.2000,8.0420,0.1301,lateral,0.5392,6.5200,0.1798,-0.1310,0.1512
0.2771,0.3048,0.1101,lateral,0.5072,5.9200,0.2422,-0.2757,0.0283
0.2616,9.0630,0.0366,turn,0.0000,6.5200,0.0000,nan,nan
0.1317,2.2593,0.1231,turn,0.0000,4.6800,0.0000,nan,nan
0.1329,2.2631,0.0567,turn,0.0000,6.1200,0.0000,nan,nan
0.3641,6.5679,0.0127,combined,1.3795,7.1200,0.3641,-0.3641,0.0043
0.3050,2.4351,0.0741,combined,1.6746,7.8200,0.2665,0.0300,0.3035
0.0132,1.4969,0.0363,stand,0.0000,6.8600,0.0000,nan,nan
0.1658,4.6064,0.0453,combined,1.0132,5.4200,0.1658,-0.1214,0.1130
0.4398,7.7399,0.1358,combined,1.7186,4.4800,0.4398,-0.4092,0.1612
0.4247,4.4902,0.1402,straight,1.2634,4.5800,0.4247,-0.4019,0.1373
0.2558,9.1659,0.0577,combined,1.5030,7.7200,0.2230,0.0421,0.2523
0.0704,4.6111,0.0287,stand,0.0000,7.2800,0.0000,nan,nan
0.1530,0.3812,0.0765,combined,2.0003,7.9200,0.1524,-0.1443,0.0509
0.1080,10.9031,0.1209,straight,0.8937,7.3600,0.1080,-0.0801,0.0725
0.0329,1.8702,0.0382,combined,0.3689,5.5200,0.0066,0.0310,0.0109
0.0807,2.0869,0.0137,stand,0.0000,7.4200,0.0000,nan,nan
0.1690,1.7538,0.1670,lateral,0.7780,5.4800,0.1680,-0.1531,0.0716
0.2326,6.5624,0.1376,turn,0.0000,4.9400,0.0000,nan,nan
0.0442,4.1641,0.0459,lateral,1.0125,7.8400,0.0389,-0.0093,0.0432
0.3347,2.1421,0.0967,combined,0.9936,7.2000,0.3133,-0.0996,0.3195
0.4882,1.5928,0.1573,straight,1.4441,4.6400,0.4882,-0.4862,0.0439
0.6543,3.9667,0.1269,combined,1.4968,5.3000,0.6543,-0.6337,0.1629
0.0817,2.0317,0.2243,straight,1.9855,6.9000,0.0817,-0.0774,0.0261
0.2253,3.2485,0.1631,turn,0.0000,7.8000,0.0000,nan,nan
0.5352,1.1536,0.0531,combined,0.5265,5.3000,0.5249,-0.5325,0.0542
0.3765,3.5810,0.0229,lateral,1.0063,4.3200,0.3765,-0.3756,0.0263
0.0675,1.1903,0.0584,combined,0.5790,6.6400,0.0624,-0.0389,0.0552
0.3222,0.7431,0.1971,combined,1.6560,5.6000,0.3222,-0.3220,0.0122
0.3516,3.3318,0.1106,straight,1.6410,6.9000,0.3516,-0.3470,0.0564
0.4384,7.0551,0.0957,combined,1.4086,4.3000,0.4363,-0.4342,0.0605
0.1571,0.4244,0.1087,turn,0.0000,6.4400,0.0000,nan,nan
0.2889,8.4934,0.1424,straight,0.5119,6.5400,0.2889,-0.2719,0.0975
0.3464,1.9202,0.1156,lateral,1.3998,6.4000,0.3171,0.0754,0.3381
0.4866,2.9234,0.1828,combined,1.3953,4.8400,0.4866,-0.4569,0.1673
0.4407,1.7958,0.0442,straight,1.8742,6.1600,0.4397,-0.4152,0.1478
0.2209,3.1615,0.1648,combined,1.2066,5.4800,0.2209,-0.1549,0.1575
0.1206,7.4129,0.1180,straight,0.7558,7.8400,0.0559,0.0789,0.0913
0.3183,5.9142,0.1377,lateral,0.4938,4.5400,0.0908,0.2585,0.1857
0.3313,3.3294,0.1426,turn,0.0000,6.3600,0.0000,nan,nan
0.2095,1.1569,0.1575,lateral,0.1615,4.1600,0.1258,-0.0491,0.2037
0.3274,0.9696,0.0477,combined,1.7400,6.1000,0.3266,-0.3205,0.0668
0.3598,5.8146,0.1411,straight,1.4763,4.8400,0.3598,-0.3583,0.0322
0.0942,3.8846,0.0502,turn,0.0000,6.2200,0.0000,nan,nan
0.2507,0.2570,0.1427,lateral,0.9092,7.7200,0.2461,-0.0763,0.2388
0.3727,0.0370,0.1209,combined,1.2770,5.8000,0.3727,-0.3475,0.1347
0.3648,0.3149,0.1385,lateral,0.1090,4.9200,0.0997,-0.0559,0.3605
0.1799,2.0370,0.0803,lateral,0.4627,5.8200,0.1020,0.0993,0.1500
0.5541,4.9668,0.1768,combined,1.9556,4.8600,0.5541,-0.5533,0.0293
0.3506,1.7164,0.0677,lateral,0.2276,7.7000,0.0865,0.1864,0.2969
0.2935,0.9807,0.1378,turn,0.0000,6.4600,0.0000,nan,nan
0.8034,6.7293,0.1179,combined,0.9011,5.7200,0.7785,-0.6663,0.4488
0.1397,1.3694,0.1300,straight,0.8798,7.0600,0.1397,-0.1394,0.0092
0.0385,1.0307,0.1061,stand,0.0000,7.7400,0.0000,nan,nan
0.4894,4.6028,0.0946,lateral,1.1481,5.3400,0.4881,-0.3613,0.3302
0.0653,9.6808,0.0105,turn,0.0000,4.6000,0.0000,nan,nan
0.0569,2.1432,0.0427,stand,0.0000,4.5200,0.0000,nan,nan
0.5270,1.9763,0.0659,lateral,0.2855,7.7000,0.2313,-0.3516,0.3926
0.0443,1.6261,0.1001,stand,0.0000,7.2400,0.0000,nan,nan
0.1239,1.1900,0.1743,combined,1.2871,7.3400,0.0594,0.1083,0.0603
0.1924,4.3237,0.0572,straight,0.4692,7.7000,0.0734,0.1549,0.1141
0.3169,1.4555,0.0730,turn,0.0000,6.6600,0.0000,nan,nan
0.5603,6.4468,0.0368,combined,1.4498,6.5600,0.5603,-0.3962,0.3962
0.0359,1.2439,0.2199,stand,0.0000,4.7000,0.0000,nan,nan
0.1623,2.6950,0.1270,combined,1.1015,7.8000,0.0925,0.1288,0.0987
0.2817,0.5300,0.0550,combined,0.8464,5.0000,0.2817,-0.2808,0.0230
0.0809,1.3025,0.0334,stand,0.0000,4.5800,0.0000,nan,nan
0.6099,1.5041,0.1143,combined,2.2375,5.5600,0.6099,-0.4926,0.3595
0.4066,0.8825,0.0572,lateral,1.4883,6.6400,0.4034,-0.2035,0.3520
0.5337,2.8360,0.0822,straight,0.9121,6.2400,0.5287,-0.5296,0.0659
0.2123,0.4129,0.0739,lateral,0.0207,7.4000,0.0207,0.2109,0.0247
0.1714,5.6197,0.2025,combined,2.2548,5.1800,0.1714,-0.1174,0.1249
0.2365,0.5658,0.1669,combined,1.6867,4.5600,0.2365,-0.2254,0.0717
0.2563,10.3103,0.2792,lateral,0.8032,5.2000,0.1881,0.1228,0.2250
0.3939,6.3782,0.0359,lateral,1.2273,4.5400,0.3939,-0.3248,0.2227
0.5759,3.8587,0.1646,straight,1.0435,7.0400,0.5759,-0.5118,0.2641
0.1182,1.1706,0.0669,lateral,0.9550,4.4800,0.1082,-0.1182,0.0022
0.3190,0.9623,0.1742,straight,1.3027,7.5000,0.3133,-0.0941,0.3048
0.0872,2.4481,0.0825,stand,0.0000,6.5200,0.0000,nan,nan
0.0222,5.3007,0.0857,turn,0.0000,4.7600,0.0000,nan,nan
0.4510,0.8874,0.1529,turn,0.0000,5.1000,0.0000,nan,nan
0.4229,0.1101,0.1116,straight,0.5973,4.3600,0.3039,-0.3128,0.2846
0.5150,1.5055,0.0686,combined,1.7899,4.1400,0.5150,-0.4836,0.1771
0.0285,5.1900,0.0560,stand,0.0000,7.9000,0.0000,nan,nan
0.3577,2.0918,0.0852,turn,0.0000,6.8400,0.0000,nan,nan
0.0587,2.0970,0.1954,straight,1.9252,7.0400,0.0587,-0.0536,0.0239
0.2806,2.5504,0.0660,turn,0.0000,7.1200,0.0000,nan,nan
0.5870,6.5819,0.1934,combined,1.8974,4.6000,0.5870,-0.5863,0.0280
0.3254,3.0072,0.0231,straight,0.3016,6.1400,0.0720,0.2726,0.1776
0.1178,1.0937,0.1088,lateral,0.9514,4.5800,0.1178,-0.1176,0.0062
0.3431,2.1737,0.1181,lateral,0.6230,6.6200,0.3271,-0.1584,0.3044
0.2946,6.3507,0.1727,lateral,1.3367,6.2800,0.2946,-0.2813,0.0875
0.2759,3.5517,0.0866,straight,0.9486,6.8400,0.2438,-0.2750,0.0231
0.1494,1.6605,0.1613,turn,0.0000,4.1000,0.0000,nan,nan
0.2899,3.1421,0.2376,combined,1.3015,5.1800,0.2899,-0.2794,0.0774
0.4803,7.7303,0.1217,lateral,1.1209,5.8200,0.4722,-0.4095,0.2510
0.1927,0.5844,0.1970,combined,1.5055,6.8000,0.1927,-0.1802,0.0683
0.1546,4.1434,0.1187,straight,0.5560,4.9600,0.1546,-0.1519,0.0287
0.3785,4.1872,0.0328,lateral,0.6722,4.5000,0.3769,-0.2223,0.3063
0.0827,0.4697,0.1020,lateral,0.8008,7.0200,0.0822,-0.0825,0.0057
0.1406,11.0992,0.2364,turn,0.0000,5.3400,0.0000,nan,nan
0.3619,0.3925,0.0962,turn,0.0000,6.9800,0.0000,nan,nan
0.4483,3.5280,0.1412,straight,1.2376,5.2200,0.4483,-0.4207,0.1548
0.0907,0.0224,0.1855,straight,0.2860,6.2400,0.0757,0.0291,0.0859
0.0354,0.1776,0.0256,stand,0.0000,6.3000,0.0000,nan,nan
0.5480,0.3312,0.1666,combined,1.2488,6.1000,0.5480,-0.4951,0.2349
0.1130,3.0794,0.0646,straight,0.1775,6.8200,0.1028,-0.0854,0.0740
0.1752,2.9777,0.0661,turn,0.0000,6.7200,0.0000,nan,nan
0.5438,1.9134,0.1109,lateral,0.6209,7.6200,0.4789,-0.4254,0.3387
0.1616,4.6024,0.0164,lateral,0.5807,4.0000,0.1615,-0.1595,0.0260
0.2219,9.5051,0.0390,combined,1.0829,6.1000,0.2188,-0.0585,0.2141
0.4001,4.0464,0.0792,combined,0.8222,7.4600,0.3483,-0.2586,0.3054
0.2385,0.8620,0.1439,combined,1.9170,5.9800,0.2385,-0.2116,0.1100
0.3046,7.3672,0.0812,turn,0.0000,4.1600,0.0000,nan,nan
0.0968,0.1208,0.0567,turn,0.0000,4.8400,0.0000,nan,nan
0.3988,6.7005,0.0867,straight,1.3366,6.3400,0.3860,-0.3773,0.1290
0.0667,1.1523,0.2045,turn,0.0000,5.6000,0.0000,nan,nan
0.4602,0.0232,0.1175,straight,1.4255,6.0600,0.4601,-0.4566,0.0570
0.5899,4.6204,0.1411,straight,0.4687,5.8000,0.4399,-0.4230,0.4111
0.1254,4.9193,0.0727,turn,0.0000,7.2600,0.0000,nan,nan
0.5421,6.5360,0.1175,turn,0.0000,7.8400,0.0000,nan,nan
0.1873,0.8468,0.0155,turn,0.0000,5.4400,0.0000,nan,nan
0.4175,0.3740,0.0717,combined,1.2439,7.0800,0.4163,-0.4084,0.0863
0.3754,3.1842,0.0942,combined,0.8282,7.8200,0.3032,-0.0197,0.3749
0.1197,2.7361,0.1753,combined,0.0325,7.6200,0.0319,-0.0009,0.1197
0.4947,13.3663,0.3721,combined,0.8940,5.0000,0.4947,-0.3712,0.3270
0.3452,9.4262,0.1144,straight,0.5611,7.2600,0.1155,0.1958,0.2843
0.3825,4.3074,0.0384,combined,1.1145,4.8600,0.3793,-0.2524,0.2875
0.0723,3.3465,0.0740,straight,0.4975,5.0000,0.0723,-0.0674,0.0261
0.1279,2.9342,0.1177,combined,1.9925,7.5200,0.1224,-0.0868,0.0939
0.3855,4.2934,0.0601,combined,0.7025,7.3200,0.0200,0.3774,0.0788
0.3315,0.8346,0.1467,straight,0.7986,6.9200,0.3315,-0.2887,0.1629
0.2231,5.4441,0.1750,combined,1.5517,5.4400,0.2089,0.0062,0.2230
0.5868,3.3710,0.1566,straight,1.6697,4.8600,0.5868,-0.4873,0.3268
0.1113,6.3710,0.1146,lateral,0.7237,4.9200,0.1019,0.0128,0.1106
0.2573,1.9519,0.1353,combined,1.5044,6.3400,0.1832,0.0598,0.2502
0.0633,1.2943,0.1327,stand,0.0000,6.0000,0.0000,nan,nan
0.5857,6.6209,0.2275,straight,1.3580,4.3000,0.5857,-0.5272,0.2553
0.3358,2.9634,0.2798,lateral,0.9658,7.3800,0.3339,-0.3117,0.1249
0.1084,1.4353,0.1659,combined,0.9303,6.1800,0.1084,-0.0860,0.0660
0.3171,0.2989,0.1053,combined,1.1669,7.9400,0.3159,-0.3155,0.0320
0.0110,2.2798,0.1475,stand,0.0000,4.4400,0.0000,nan,nan
0.3990,5.9446,0.0794,lateral,1.3709,5.7400,0.3932,-0.3390,0.2103
0.2835,0.6074,0.0850,straight,0.7387,6.4000,0.2827,-0.2719,0.0805
0.2827,1.4767,0.1279,turn,0.0000,4.3800,0.0000,nan,nan
0.2553,0.8368,0.0875,lateral,1.4209,5.5200,0.2553,-0.2530,0.0340
0.1814,2.2871,0.1629,turn,0.0000,4.0800,0.0000,nan,nan
0.5382,4.2376,0.0566,combined,1.7306,5.3200,0.5382,-0.4960,0.2088
0.3722,2.3665,0.0405,turn,0.0000,4.9600,0.0000,nan,nan
0.2817,9.2794,0.1080,lateral,0.3000,4.2200,0.0657,0.2178,0.1786
0.0545,2.6830,0.2012,straight,0.2345,5.4000,0.0123,0.0534,0.0107
0.3003,1.6957,0.0307,combined,1.2532,4.8000,0.3003,-0.2980,0.0376
0.4744,6.9743,0.1298,straight,0.5303,4.5800,0.4736,-0.3727,0.2935
0.4096,6.5821,0.0933,lateral,1.4448,4.8200,0.4096,-0.3205,0.2551
0.3787,1.0807,0.1717,straight,1.8391,7.0000,0.3787,-0.3783,0.0159
0.0766,1.8709,0.0140,stand,0.0000,5.0800,0.0000,nan,nan
0.3978,2.8400,0.0530,turn,0.0000,7.1600,0.0000,nan,nan
0.0440,8.7441,0.2362,combined,1.9098,6.3600,0.0275,0.0328,0.0293
0.6228,5.3563,0.0831,lateral,1.1272,4.8200,0.6206,-0.4815,0.3950
0.4567,1.3116,0.0848,combined,0.6483,6.4200,0.3672,-0.4260,0.1646
0.1258,6.7133,0.1501,turn,0.0000,4.7200,0.0000,nan,nan
0.2329,1.1186,0.2377,lateral,1.3964,7.2800,0.2329,-0.2320,0.0203
0.3256,7.4680,0.2166,combined,2.2424,6.8400,0.3158,-0.0977,0.3106
0.1874,9.4355,0.1653,straight,1.6433,6.1000,0.1817,-0.0214,0.1862
0.2295,2.1131,0.0344,combined,1.3489,7.3800,0.2295,-0.2285,0.0216
0.4122,0.5211,0.0990,combined,2.2432,6.7600,0.4122,-0.3966,0.1123
0.0307,7.2174,0.1324,straight,0.2721,4.2400,0.0307,-0.0279,0.0128
0.0648,4.4228,0.1021,lateral,0.3043,4.4200,0.0648,-0.0335,0.0555
0.1722,4.1078,0.0636,lateral,0.8769,7.0800,0.1588,-0.0628,0.1603
0.3239,9.3117,0.0541,turn,0.0000,5.6400,0.0000,nan,nan
0.2870,3.2547,0.0811,lateral,0.0280,4.5400,0.0279,-0.0775,0.2764
0.3467,5.4866,0.1242,combined,1.8588,6.2200,0.3467,-0.3114,0.1525
0.4394,1.0972,0.1150,combined,1.4320,6.7000,0.4340,-0.3422,0.2756
0.2200,6.6378,0.1984,lateral,0.0016,5.9600,0.0014,0.1429,0.1672
0.4500,6.1535,0.1498,combined,1.1919,4.5800,0.4500,-0.2793,0.3528
0.0254,13.5004,0.2303,turn,0.0000,6.9200,0.0000,nan,nan
0.0867,0.0282,0.0062,lateral,0.9070,7.6400,0.0376,0.0622,0.0605
0.3464,2.3895,0.0150,combined,0.9723,6.6800,0.3404,-0.2262,0.2623
0.6887,4.4334,0.0701,straight,0.9736,6.8200,0.6832,-0.5299,0.4398
0.0790,0.7917,0.1523,lateral,0.4052,5.5400,0.0693,0.0169,0.0771
0.2176,10.3579,0.2556,straight,1.3252,5.6800,0.1975,-0.0683,0.2066
0.4876,5.5059,0.0950,lateral,1.3787,4.3600,0.4857,-0.4848,0.0521
0.5618,11.2030,0.1626,straight,0.9073,7.9200,0.5561,-0.3971,0.3975
0.0539,2.4805,0.1781,lateral,0.8898,6.2400,0.0399,0.0305,0.0444
0.2339,3.4591,0.1363,combined,1.6097,5.7000,0.2242,-0.0843,0.2182
