pos_err_m,heading_err_deg,final_speed_mps,category,start_dist_m,duration_s,min_dist_m,along_err_m,cross_err_m,peak_speed_mps,mean_speed_mps,cmd_speed_mps
0.9600,3.6076,0.3364,path,1.7654,4.0200,0.0089,-0.9581,0.0603,0.5816,0.2764,0.4467
0.1626,10.8513,0.0558,lateral,0.7462,4.0600,0.1626,-0.1598,0.0301,0.4584,0.1607,0.0000
1.0383,35.5747,0.6310,path,2.5506,4.0600,0.0155,-0.9115,0.4972,0.8617,0.4310,0.7727
1.3143,5.1833,0.4091,path,2.2357,4.0800,0.0158,-1.2953,0.2222,0.5757,0.3300,0.7954
1.2657,6.5196,0.3709,path,2.2631,4.0800,0.0130,-1.2496,0.2013,0.4330,0.2577,0.6525
0.3814,2.5820,0.1018,combined,1.5171,4.1600,0.3814,-0.3733,0.0781,0.7855,0.2950,0.0000
2.0227,12.5407,0.7006,path,3.2949,4.1600,0.0164,-2.0225,0.0243,0.7086,0.2941,0.8172
0.9948,34.7266,0.2789,path,1.5131,4.1600,0.0106,-0.9458,0.3085,0.4137,0.2214,0.5294
0.4352,1.6358,0.1063,straight,1.1866,4.1800,0.4352,-0.4251,0.0933,0.4553,0.2044,0.0000
0.2013,5.2544,0.0161,combined,0.2666,4.2000,0.1899,-0.2011,0.0073,0.2748,0.0738,0.0000
0.0768,4.6924,0.0637,combined,0.7092,4.2000,0.0767,-0.0053,0.0766,0.8355,0.2122,0.0000
0.3122,5.4486,0.1284,combined,1.8995,4.3000,0.3122,-0.3116,0.0191,0.9054,0.3824,0.0000
0.0180,5.1181,0.0391,stand,0.0000,4.3000,0.0000,nan,nan,0.2544,0.0405,0.0000
1.2394,0.7680,0.2614,path,1.5475,4.3000,0.0160,-1.1459,0.4723,0.4323,0.1997,0.8010
0.3906,9.6199,0.2058,combined,1.3881,4.3200,0.3906,-0.3850,0.0658,0.6662,0.2968,0.0000
0.1823,0.0862,0.1113,lateral,1.3929,4.3000,0.1823,-0.1812,0.0204,0.9090,0.2918,0.0000
1.5476,32.7307,0.3898,path,2.5379,4.3400,0.0147,-1.5161,0.3106,0.5003,0.3023,0.7331
0.1373,8.7054,0.0469,turn,0.0000,4.3600,0.0000,nan,nan,0.2556,0.0614,0.0000
0.0676,3.1192,0.0980,straight,0.7491,4.3600,0.0014,0.0674,0.0053,0.7029,0.2019,0.0000
0.1197,4.4921,0.0407,stand,0.0000,4.3800,0.0000,nan,nan,0.3675,0.0574,0.0000
0.1822,0.3536,0.0655,lateral,0.4942,4.4000,0.1755,-0.1440,0.1116,0.5357,0.1417,0.0000
0.6122,13.2430,0.2701,path,1.2837,4.4200,0.0061,-0.6122,0.0019,0.2827,0.1703,0.3031
0.9880,42.5808,0.3324,path,1.5661,4.4200,0.0132,-0.8484,0.5064,0.3880,0.2675,0.6620
0.2409,13.7019,0.0422,combined,0.6970,4.4200,0.2409,-0.2361,0.0478,0.3342,0.1447,0.0000
0.1858,9.6288,0.0582,combined,0.9888,4.4400,0.1824,-0.1116,0.1485,0.5515,0.2140,0.0000
0.9896,0.9155,0.3494,path,1.9771,4.4800,0.0089,-0.9888,0.0380,0.4287,0.2846,0.4463
0.5908,6.1656,0.1966,lateral,1.4603,4.5000,0.5908,-0.5797,0.1137,0.4826,0.2181,0.0000
1.6864,3.4207,0.5459,path,2.8971,4.5200,0.0138,-1.6703,0.2322,0.6370,0.3028,0.6919
0.1058,0.1654,0.0184,stand,0.0000,4.5200,0.0000,nan,nan,0.2503,0.0583,0.0000
0.2011,10.5567,0.0619,lateral,0.8950,4.5200,0.2011,-0.1768,0.0958,0.5961,0.1760,0.0000
0.1428,7.4262,0.0830,lateral,0.5859,4.5800,0.1428,-0.1374,0.0388,0.3793,0.1156,0.0000
1.4472,1.4137,0.4789,path,2.3545,4.6000,0.0105,-1.4472,0.0041,0.5020,0.2880,0.5249
1.4121,2.4396,0.5181,path,2.7807,4.6200,0.0123,-1.4116,0.0362,0.5271,0.2998,0.6150
1.2423,12.6972,0.7130,path,2.8279,4.6200,0.0150,-1.1517,0.4657,0.8294,0.4833,0.7495
0.2444,1.2369,0.0993,combined,0.8937,4.6200,0.2444,-0.2432,0.0250,0.3632,0.1618,0.0000
0.2320,6.3638,0.0785,turn,0.0000,4.6200,0.0000,nan,nan,0.2838,0.0817,0.0000
0.0677,9.4990,0.0232,turn,0.0000,4.6200,0.0000,nan,nan,0.2968,0.0721,0.0000
0.4351,0.2147,0.0707,combined,2.0759,4.6600,0.4351,-0.4066,0.1551,1.3524,0.5232,0.0000
0.0300,6.6106,0.0522,lateral,0.6512,4.6800,0.0300,-0.0279,0.0109,0.4494,0.1498,0.0000
0.9676,35.8999,0.3561,path,2.5042,4.6800,0.0133,-0.8142,0.5228,0.7919,0.4351,0.6665
0.9902,10.9735,0.7492,path,3.0479,4.7000,0.0143,-0.9819,0.1279,0.9484,0.4830,0.7125
0.7780,25.9745,0.1330,path,1.4035,4.7400,0.0083,-0.7580,0.1754,0.3291,0.1837,0.4132
1.3717,14.5067,0.5206,path,2.5304,4.7600,0.0110,-1.3496,0.2453,0.5292,0.2981,0.5481
1.9936,5.9257,0.3132,path,3.0796,4.7600,0.0141,-1.9830,0.2059,0.5568,0.2575,0.7067
1.4577,19.1984,0.4793,path,2.5659,4.7800,0.0112,-1.4458,0.1855,0.5578,0.2654,0.5611
0.3762,11.6994,0.0764,straight,1.3440,4.7800,0.3762,-0.3761,0.0056,0.5560,0.2194,0.0000
1.0435,7.0877,0.3418,path,2.0791,4.8000,0.0089,-1.0427,0.0412,0.5113,0.2323,0.4429
0.1950,5.4695,0.0218,lateral,0.9494,4.8000,0.1869,-0.0739,0.1805,0.9426,0.2015,0.0000
0.5840,2.6003,0.3362,path,1.4600,4.8200,0.0063,-0.5838,0.0132,0.4078,0.2220,0.3135
0.0888,13.5256,0.0418,straight,0.7338,4.8600,0.0888,-0.0840,0.0289,0.6671,0.1508,0.0000
0.1518,7.3575,0.0189,turn,0.0000,4.8600,0.0000,nan,nan,0.3043,0.0646,0.0000
1.3123,13.8864,0.4955,path,2.7058,4.8600,0.0160,-1.2046,0.5206,0.7056,0.3734,0.8001
1.1220,16.6805,0.3466,path,1.2568,4.8800,0.0123,-1.1216,0.0284,0.4373,0.1866,0.6184
0.0488,0.5105,0.0176,straight,0.2012,4.8800,0.0488,0.0265,0.0410,0.3994,0.0824,0.0000
0.1229,7.3621,0.0371,turn,0.0000,4.8800,0.0000,nan,nan,0.4179,0.0778,0.0000
1.0531,23.3927,0.3715,path,2.4226,4.9000,0.0114,-1.0173,0.2723,0.5952,0.3369,0.5726
0.2338,8.7532,0.0630,lateral,1.3697,4.9200,0.2338,-0.2306,0.0383,0.6607,0.2463,0.0000
0.3441,0.5901,0.0685,combined,0.9057,4.9200,0.3406,-0.3301,0.0973,0.4358,0.1350,0.0000
0.0243,5.1973,0.0983,combined,0.4842,4.9600,0.0243,-0.0222,0.0098,0.4262,0.1276,0.0000
0.8779,9.1404,0.2021,path,1.7641,4.9600,0.0083,-0.8539,0.2038,0.3692,0.1979,0.4172
0.2390,10.8652,0.0615,straight,0.6827,4.9800,0.2390,-0.2184,0.0971,0.2407,0.1153,0.0000
0.8007,5.8067,0.2181,path,1.3911,4.9800,0.0064,-0.7908,0.1256,0.3602,0.1766,0.3212
0.4693,7.2539,0.1622,combined,1.8607,5.0000,0.4693,-0.4571,0.1065,0.6105,0.2834,0.0000
0.2584,5.3287,0.1038,combined,0.8683,5.0400,0.2584,-0.2342,0.1091,0.4280,0.1568,0.0000
0.0694,5.6457,0.0369,lateral,0.7716,5.0800,0.0683,-0.0450,0.0528,0.6452,0.1589,0.0000
0.1251,12.1525,0.0361,lateral,0.6068,5.0800,0.1251,-0.0771,0.0986,0.2881,0.1193,0.0000
0.6681,0.3382,0.2725,path,1.4645,5.1000,0.0062,-0.6656,0.0576,0.3369,0.2027,0.3079
1.2054,4.5342,0.3846,path,2.3999,5.1200,0.0097,-1.1911,0.1854,0.5110,0.2689,0.4855
1.4679,22.6611,0.5591,path,2.7797,5.1200,0.0143,-1.2759,0.7258,0.6997,0.4621,0.7173
1.1912,2.1462,0.5511,path,2.7398,5.1200,0.0117,-1.1890,0.0709,0.6221,0.3488,0.5842
0.1714,0.7956,0.0232,stand,0.0000,5.1600,0.0000,nan,nan,0.4015,0.0741,0.0000
0.2673,4.5150,0.0269,straight,1.4140,5.1600,0.2671,-0.2643,0.0400,0.7200,0.2390,0.0000
1.3101,9.2677,0.3129,path,2.6104,5.1800,0.0137,-1.1796,0.5699,0.5628,0.3593,0.6847
1.1346,2.5142,0.5003,path,2.2676,5.1800,0.0088,-1.1337,0.0457,0.5089,0.2572,0.4382
0.2589,4.0156,0.0516,straight,1.3221,5.1800,0.2589,-0.2542,0.0489,0.6772,0.2217,0.0000
0.2491,3.8012,0.0278,lateral,1.2319,5.2000,0.2491,-0.2459,0.0399,0.7522,0.2098,0.0000
0.7692,14.5386,0.3195,path,1.6997,5.2600,0.0077,-0.7358,0.2243,0.3974,0.2146,0.3836
1.3881,14.8494,0.2773,path,2.1026,5.2600,0.0082,-1.3880,0.0200,0.5331,0.2261,0.4093
0.0843,0.2028,0.0242,stand,0.0000,5.2600,0.0000,nan,nan,0.3365,0.0453,0.0000
1.2001,21.9213,0.4030,path,2.5344,5.3000,0.0098,-1.1921,0.1385,0.4658,0.2841,0.4899
0.3000,8.6199,0.1404,combined,1.2866,5.3000,0.3000,-0.2988,0.0270,0.4160,0.2084,0.0000
1.3866,1.7161,0.2470,path,2.7758,5.3200,0.0448,-1.2595,0.5799,0.7277,0.3376,0.7076
0.7328,18.1988,0.1331,path,1.1678,5.3200,0.0093,-0.5789,0.4493,0.3336,0.1931,0.4681
0.2095,6.3543,0.0953,path,0.5586,5.3400,0.0069,0.0456,0.2044,0.4556,0.1595,0.3468
0.1591,11.9811,0.0265,combined,1.1989,5.3400,0.1590,-0.1561,0.0306,0.6616,0.2008,0.0000
0.0496,4.2445,0.0476,turn,0.0000,5.3400,0.0000,nan,nan,0.2379,0.0600,0.0000
1.0019,13.2588,0.3858,path,2.1109,5.3600,0.0080,-0.9913,0.1453,0.4123,0.2491,0.4021
1.7899,11.6121,0.6138,path,3.8842,5.3800,0.0149,-1.7705,0.2626,0.6555,0.4184,0.7424
0.6563,22.0867,0.3244,path,1.8177,5.4000,0.0068,-0.6524,0.0714,0.5054,0.2684,0.3417
0.8941,8.1590,0.3406,path,1.3739,4.3800,0.0106,-0.8018,0.3955,0.4998,0.3001,0.5295
1.2479,30.1915,0.4941,path,2.6406,5.4000,0.0108,-1.2150,0.2848,0.5980,0.3407,0.5410
0.1261,0.5277,0.0092,turn,0.0000,5.4200,0.0000,nan,nan,0.2547,0.0684,0.0000
1.6321,23.2957,0.8575,path,3.8144,5.4200,0.0169,-1.6007,0.3185,0.8676,0.4494,0.7686
0.0736,4.9589,0.0670,turn,0.0000,5.4200,0.0000,nan,nan,0.2686,0.0611,0.0000
1.0966,22.2570,0.1985,path,2.4880,5.4200,0.0113,-1.0114,0.4238,0.5264,0.3094,0.5632
0.4961,6.1187,0.3445,path,1.6994,5.4200,0.0066,-0.4878,0.0904,0.5623,0.2385,0.3319
1.3223,3.7129,0.5091,path,3.2812,5.4400,0.0129,-1.3214,0.0463,0.6765,0.3895,0.6429
0.1474,3.9449,0.0589,lateral,0.0967,5.5000,0.0967,-0.1430,0.0354,0.2750,0.0669,0.0000
1.2216,24.2580,0.4026,path,3.1311,5.5200,0.0125,-1.0501,0.6241,0.8707,0.4691,0.6276
0.0650,5.4385,0.0819,turn,0.0000,5.5400,0.0000,nan,nan,0.7456,0.1101,0.0000
0.6305,15.6537,0.2150,path,0.8497,5.5600,0.0149,0.4457,0.4460,0.7455,0.3389,0.7432
0.3601,4.2302,0.1125,combined,1.0119,5.5800,0.3601,-0.3599,0.0114,0.3622,0.1299,0.0000
1.0892,17.6040,0.3205,path,2.3141,5.6000,0.0097,-1.0198,0.3826,0.4546,0.2561,0.4863
1.3085,14.2347,0.3037,path,2.6903,5.6000,0.0125,-1.2243,0.4618,0.6006,0.3132,0.6273
0.1813,14.5957,0.0116,stand,0.0000,5.6000,0.0000,nan,nan,0.2359,0.0590,0.0000
0.6374,17.0739,0.2248,path,1.5153,5.6200,0.0065,-0.6157,0.1652,0.3938,0.1636,0.3235
0.0170,0.9087,0.0396,straight,1.9159,5.6200,0.0037,-0.0071,0.0154,1.3090,0.3611,0.0000
0.2211,6.8410,0.0701,lateral,0.6379,5.6400,0.2177,-0.1990,0.0963,0.4248,0.1183,0.0000
0.0790,9.5200,0.0146,lateral,0.5826,5.6400,0.0788,-0.0740,0.0277,0.4502,0.0993,0.0000
1.6529,21.7501,0.5894,path,3.6411,5.6600,0.0130,-1.6500,0.0972,0.6380,0.3552,0.6489
1.3675,17.5397,0.4726,path,3.1696,5.6600,0.0120,-1.3674,0.0188,0.5891,0.3380,0.5976
0.1051,4.8821,0.1077,combined,1.0239,5.6800,0.1035,0.0273,0.1015,0.5551,0.2126,0.0000
0.1220,14.6955,0.0316,straight,0.2353,5.7000,0.1220,-0.1013,0.0679,0.2532,0.0682,0.0000
0.8635,15.1557,0.2912,path,1.8707,5.7000,0.0066,-0.8363,0.2149,0.2947,0.1676,0.3288
1.0814,2.9708,0.3713,path,2.6222,5.7400,0.0095,-1.0575,0.2260,0.4743,0.2921,0.4738
0.2787,0.1325,0.0372,lateral,1.2889,5.7400,0.2787,-0.2753,0.0430,0.7503,0.1907,0.0000
0.1697,12.7141,0.0438,lateral,0.6155,5.7600,0.1563,0.0412,0.1646,0.4736,0.1345,0.0000
1.2093,16.0507,0.4807,path,3.0464,5.7600,0.0112,-1.2080,0.0563,0.5675,0.3429,0.5317
0.7643,2.5952,0.2110,path,1.6656,5.7600,0.0066,-0.7426,0.1805,0.3343,0.2011,0.3312
1.1415,10.4015,0.4377,path,2.9064,5.7800,0.0101,-1.1413,0.0212,0.5598,0.3512,0.5029
1.5154,21.0713,0.4653,path,3.1926,5.7800,0.0139,-1.3686,0.6508,0.6690,0.3782,0.6958
0.8434,19.8604,0.1637,path,1.5661,5.8000,0.0069,-0.7645,0.3561,0.4105,0.1688,0.3462
0.0805,1.7375,0.0412,straight,0.0433,5.8000,0.0241,-0.0036,0.0804,0.3943,0.0645,0.0000
0.1418,3.3088,0.0365,straight,0.4049,5.8200,0.0452,0.1267,0.0637,0.4620,0.1098,0.0000
0.1309,12.0007,0.0115,stand,0.0000,5.8400,0.0000,nan,nan,0.2609,0.0477,0.0000
0.8254,104.6285,0.8676,path,3.7504,5.8600,0.0161,-0.7908,0.2364,1.2020,0.5386,0.8051
0.0855,0.9972,0.0364,stand,0.0000,5.8800,0.0000,nan,nan,0.2648,0.0421,0.0000
1.2667,15.6892,0.4820,path,2.6029,5.8800,0.0089,-1.2603,0.1271,0.4774,0.2289,0.4428
1.7024,61.6798,0.7871,path,3.3029,5.8800,0.0152,-1.5201,0.7665,1.3555,0.4583,0.7552
0.6502,35.4539,0.2627,path,1.8322,5.9000,0.0075,-0.6345,0.1420,0.4556,0.2150,0.3758
1.4424,6.2428,0.5310,path,1.8518,5.9000,0.0139,-1.4334,0.1612,0.5844,0.2453,0.6978
1.5955,2.0959,0.7452,path,3.7876,5.9200,0.0151,-1.5041,0.5322,0.7879,0.4339,0.7510
0.2331,3.7192,0.0625,combined,1.5659,5.9600,0.2331,-0.2299,0.0384,0.7223,0.2384,0.0000
0.0791,1.1527,0.0092,lateral,0.2053,5.9800,0.0791,-0.0746,0.0263,0.3378,0.0627,0.0000
1.0872,31.5905,0.3470,path,2.0471,5.9800,0.0101,-0.9215,0.5769,0.5593,0.2986,0.5049
1.0112,8.3007,0.3402,path,0.4405,6.0000,0.0151,-0.9523,0.3401,0.6694,0.2448,0.7568
0.1301,11.2303,0.1011,combined,1.1140,6.0000,0.1287,-0.0387,0.1243,0.3922,0.1886,0.0000
0.0926,7.0280,0.0903,turn,0.0000,6.0200,0.0000,nan,nan,0.4199,0.0909,0.0000
0.0696,4.6206,0.1284,turn,0.0000,6.0400,0.0000,nan,nan,0.3475,0.0757,0.0000
1.1388,3.3713,0.4695,path,2.7004,6.0600,0.0120,-1.0922,0.3221,0.5428,0.3724,0.6017
0.7328,1.3267,0.3192,path,1.9062,6.0600,0.0063,-0.7301,0.0627,0.3606,0.2436,0.3167
0.8371,2.5192,0.4154,path,2.3762,6.0800,0.0072,-0.8133,0.1983,0.4731,0.2742,0.4004
0.2856,8.7463,0.1158,lateral,1.2170,6.0800,0.2856,-0.2379,0.1580,0.5350,0.1908,0.0000
1.1947,5.2553,0.1858,path,1.8602,6.0800,0.0092,-1.1181,0.4209,0.4694,0.1720,0.4617
0.1632,6.1221,0.0767,straight,0.2974,6.1000,0.1492,-0.0648,0.1498,0.2628,0.0689,0.0000
0.0897,4.1425,0.0625,straight,0.4270,6.1200,0.0084,0.0891,0.0105,0.2764,0.1103,0.0000
0.0689,9.2048,0.0433,straight,1.3435,6.1200,0.0689,-0.0460,0.0513,0.8635,0.2345,0.0000
1.4637,60.7401,0.5176,path,2.4229,6.1200,0.0159,-1.3186,0.6353,0.5926,0.3483,0.7981
0.0834,0.4699,0.0639,lateral,0.1494,6.1400,0.0756,0.0478,0.0684,0.4779,0.0783,0.0000
0.0915,0.9454,0.0883,turn,0.0000,6.1600,0.0000,nan,nan,0.4761,0.0910,0.0000
1.6834,28.3417,0.5515,path,3.7095,6.1800,0.0146,-1.6203,0.4568,0.6656,0.3738,0.7277
1.4434,14.8338,0.5176,path,3.5937,6.2000,0.0117,-1.4344,0.1610,0.6323,0.3649,0.5856
0.9265,0.4780,0.4375,path,2.0749,6.2200,0.0112,-0.7438,0.5524,0.5752,0.3585,0.5573
0.6471,17.6868,0.3550,path,2.1261,6.2200,0.0074,-0.6405,0.0923,0.4610,0.2840,0.3703
1.2271,25.7826,0.4891,path,2.8722,6.2200,0.0109,-1.1291,0.4804,0.6216,0.3123,0.5425
0.7306,4.3430,0.1967,path,1.1154,6.2400,0.0083,-0.6701,0.2910,0.3661,0.1309,0.4134
0.0347,1.6073,0.0234,lateral,0.7599,6.2600,0.0038,0.0330,0.0107,0.7069,0.1533,0.0000
0.5880,90.7461,0.4037,path,2.1526,6.2600,0.0161,-0.5622,0.1722,1.0254,0.3577,0.8072
1.9773,4.2474,0.3361,path,3.9267,6.2800,0.0140,-1.9367,0.3987,0.5549,0.3312,0.7000
1.0613,20.3507,0.2507,path,1.9666,6.3400,0.0063,-1.0545,0.1200,0.5236,0.1866,0.3146
0.0810,7.9547,0.0451,turn,0.0000,6.3400,0.0000,nan,nan,0.2752,0.0686,0.0000
1.2875,20.0194,0.1222,path,2.3524,6.3400,0.0083,-1.2874,0.0137,0.5075,0.2112,0.4128
0.1778,9.1741,0.0530,combined,1.3330,6.3800,0.1778,-0.0816,0.1579,0.6337,0.2267,0.0000
0.2920,2.2852,0.0047,lateral,1.4026,6.4000,0.2920,-0.2675,0.1173,0.7783,0.1852,0.0000
0.0682,9.4495,0.0399,straight,1.3013,6.4200,0.0564,0.0149,0.0666,0.6275,0.2260,0.0000
0.1302,14.6281,0.0566,lateral,1.0420,6.4600,0.1269,-0.1280,0.0242,0.7341,0.1618,0.0000
0.7965,11.9159,0.2152,path,1.8997,6.4600,0.0063,-0.7943,0.0594,0.3833,0.1960,0.3141
0.2513,10.2291,0.0344,combined,0.7900,6.4800,0.2513,-0.2487,0.0359,0.5066,0.1088,0.0000
1.3820,28.2626,0.4992,path,3.6123,6.5400,0.0140,-1.2397,0.6107,0.6818,0.4213,0.7015
0.8294,4.5101,0.2615,path,2.2931,6.5600,0.0070,-0.8229,0.1032,0.3769,0.2553,0.3509
0.0972,0.0655,0.0309,stand,0.0000,6.6000,0.0000,nan,nan,0.4225,0.0398,0.0000
0.2016,3.8380,0.0613,combined,1.3070,6.6400,0.2016,-0.2015,0.0084,0.7729,0.2030,0.0000
0.8762,28.5950,0.2181,path,1.7407,6.6400,0.0062,-0.8398,0.2499,0.4668,0.1403,0.3119
0.1294,9.2544,0.0433,stand,0.0000,6.6400,0.0000,nan,nan,0.2020,0.0567,0.0000
0.0809,0.0260,0.0788,straight,1.6806,6.6400,0.0809,-0.0791,0.0166,0.7063,0.2512,0.0000
1.3325,18.2909,0.4179,path,2.7367,6.6600,0.0084,-1.3276,0.1149,0.5407,0.2505,0.4104
0.1688,14.5379,0.0196,combined,1.5056,6.6800,0.1688,-0.1627,0.0451,0.6389,0.2111,0.0000
0.9607,36.0773,0.8491,path,3.1472,6.7200,0.0133,-0.8779,0.3900,1.2302,0.4718,0.6655
0.0652,2.1151,0.0391,straight,0.0704,6.7800,0.0397,-0.0083,0.0647,0.3200,0.0592,0.0000
1.4319,8.4386,0.5558,path,3.7255,6.7800,0.0115,-1.4200,0.1844,0.6826,0.3694,0.5754
0.7582,1.1953,0.1090,path,1.5996,6.7800,0.0061,-0.7142,0.2545,0.3343,0.1256,0.3059
1.7251,15.1943,0.7180,path,4.5688,6.7800,0.0149,-1.6534,0.4922,0.8088,0.4816,0.7428
0.8624,43.4916,0.3852,path,2.3381,6.8000,0.0078,-0.7811,0.3656,0.4191,0.2606,0.3866
0.2161,0.0033,0.0202,lateral,0.8800,6.8000,0.2152,-0.1226,0.1780,0.5561,0.1310,0.0000
0.9793,14.6485,0.4348,path,3.2831,6.8000,0.0103,-0.9410,0.2709,0.5622,0.3669,0.5144
0.2313,11.0980,0.1021,combined,1.9861,6.8000,0.2313,-0.2313,0.0008,0.7698,0.2754,0.0000
1.0367,22.7112,0.3151,path,2.3443,6.8400,0.0070,-1.0277,0.1362,0.3618,0.1970,0.3435
0.0815,5.4751,0.0237,straight,0.6908,6.8800,0.0470,-0.0640,0.0504,0.6743,0.1337,0.0000
1.4911,15.7669,0.3153,path,2.6456,6.9000,0.0098,-1.4427,0.3768,0.5298,0.2266,0.4923
1.1206,7.3465,0.2568,path,0.3280,6.9000,0.0154,-1.0766,0.3112,0.8560,0.3191,0.7701
0.0454,3.8609,0.0498,turn,0.0000,6.9000,0.0000,nan,nan,0.2428,0.0690,0.0000
1.5265,5.5697,0.3574,path,3.4182,6.9000,0.0106,-1.4761,0.3890,0.5542,0.3107,0.5286
0.4068,9.4561,0.0686,combined,1.6170,6.9000,0.4068,-0.3930,0.1051,0.3727,0.1893,0.0000
0.9713,25.4249,0.4373,path,2.8112,6.9200,0.0100,-0.8347,0.4967,0.5417,0.3332,0.5016
0.5588,40.4840,0.2307,path,1.2159,6.9400,0.0065,-0.3017,0.4703,0.4746,0.2256,0.3230
0.7711,18.2807,0.2874,path,1.5762,7.0000,0.0069,-0.6711,0.3796,0.4663,0.2649,0.3448
1.0209,46.7947,0.3547,path,3.0881,7.0000,0.0161,-0.6221,0.8095,1.0172,0.4305,0.8091
1.1004,28.8555,0.2534,path,1.0373,7.0000,0.0156,-0.1675,1.0876,1.0884,0.3195,0.7773
0.3140,9.2968,0.0946,path,0.5486,7.0200,0.0060,0.2050,0.2379,0.4246,0.1582,0.3011
1.0920,37.9231,0.3993,path,1.1051,7.0400,0.0119,-0.8673,0.6634,0.6990,0.1920,0.5982
0.3112,5.4387,0.0747,straight,1.6122,7.0800,0.3112,-0.2863,0.1219,0.7707,0.2077,0.0000
0.8981,1.0285,0.3321,path,2.1085,7.1000,0.0082,-0.8553,0.2738,0.3547,0.2530,0.4085
0.1058,7.8076,0.0500,straight,1.0116,7.1200,0.1058,-0.0961,0.0443,0.4307,0.1476,0.0000
0.8363,7.4396,0.3622,path,2.3940,7.1200,0.0077,-0.8141,0.1915,0.4610,0.2564,0.3846
0.0828,4.4822,0.0267,turn,0.0000,7.1600,0.0000,nan,nan,0.2517,0.0557,0.0000
0.2481,11.7762,0.0643,straight,0.9653,7.2400,0.2477,-0.2377,0.0709,0.4537,0.1154,0.0000
0.0407,0.1064,0.0951,lateral,0.3350,7.2400,0.0255,0.0239,0.0330,0.3982,0.0798,0.0000
0.8230,0.3813,0.3022,path,2.0303,7.2600,0.0076,-0.7711,0.2877,0.5733,0.2143,0.3822
0.1863,6.7506,0.0370,lateral,0.2233,7.2800,0.0898,0.0683,0.1734,0.3482,0.0771,0.0000
0.0650,11.7401,0.0589,turn,0.0000,7.2800,0.0000,nan,nan,0.3218,0.0659,0.0000
1.4018,2.5875,0.4761,path,3.9589,7.2800,0.0110,-1.4012,0.0409,0.6481,0.4533,0.5477
0.0939,8.1899,0.0652,turn,0.0000,7.3200,0.0000,nan,nan,0.3145,0.0698,0.0000
1.4527,26.2907,0.3492,path,2.8765,7.3200,0.0090,-1.3952,0.4045,0.4562,0.2568,0.4477
0.0658,6.1846,0.0402,lateral,0.3257,7.3200,0.0648,-0.0654,0.0076,0.3545,0.0781,0.0000
0.3788,6.1181,0.0810,combined,1.6614,7.3400,0.3788,-0.3711,0.0757,0.4767,0.2189,0.0000
0.1402,0.0719,0.0696,lateral,0.0108,7.3600,0.0108,-0.0399,0.1344,0.3475,0.0743,0.0000
0.3899,15.2875,0.0387,stand,0.0000,7.3800,0.0000,nan,nan,0.4989,0.1023,0.0000
1.0652,43.9298,0.3513,path,3.1649,7.3800,0.0140,-0.7415,0.7647,0.7310,0.4304,0.7025
0.0844,1.1984,0.0346,combined,1.1945,7.3800,0.0844,-0.0807,0.0246,0.5169,0.1746,0.0000
0.3558,1.7626,0.0419,combined,1.9183,7.3800,0.3545,-0.2705,0.2311,0.7241,0.2495,0.0000
0.2503,3.1539,0.0445,combined,2.0448,7.3800,0.2503,-0.2491,0.0245,0.7140,0.2591,0.0000
0.1798,14.0152,0.0803,combined,1.0464,7.4400,0.1734,-0.0052,0.1797,0.5154,0.1878,0.0000
1.1559,3.0724,0.4251,path,2.9964,7.4600,0.0085,-1.1552,0.0405,0.4927,0.2634,0.4233
1.2261,13.9066,0.4033,path,2.3108,7.4800,0.0144,-0.7325,0.9832,0.6888,0.3298,0.7191
0.0694,4.0503,0.1123,straight,0.6565,7.4800,0.0643,-0.0172,0.0672,0.3215,0.1119,0.0000
0.1618,0.7100,0.1064,combined,0.9704,7.4800,0.1583,0.0326,0.1585,0.4231,0.1594,0.0000
1.1864,15.8530,0.3600,path,0.6327,7.5000,0.0136,-0.5886,1.0301,0.7275,0.2931,0.6809
0.1824,0.5954,0.0849,turn,0.0000,7.5200,0.0000,nan,nan,0.3710,0.0692,0.0000
0.9295,15.3208,0.4446,path,2.6242,7.5200,0.0106,-0.5996,0.7103,0.6709,0.3914,0.5291
0.1404,10.7196,0.0525,combined,1.2949,7.6000,0.1404,-0.1290,0.0553,0.5354,0.1774,0.0000
0.0292,1.8757,0.0129,stand,0.0000,7.6200,0.0000,nan,nan,0.2005,0.0382,0.0000
0.0276,2.0074,0.0420,lateral,0.5880,7.6400,0.0211,0.0034,0.0274,0.4035,0.0957,0.0000
0.2519,8.3055,0.0858,straight,0.8985,7.6400,0.2519,-0.2153,0.1308,0.3993,0.1145,0.0000
0.1958,5.6567,0.0657,straight,1.2543,7.6600,0.1958,-0.1713,0.0948,0.5130,0.1608,0.0000
0.2136,4.5999,0.0734,combined,1.7292,7.6800,0.2136,-0.2130,0.0162,0.7782,0.2585,0.0000
0.1329,2.2355,0.0163,stand,0.0000,7.7000,0.0000,nan,nan,0.2256,0.0496,0.0000
0.2087,9.5345,0.0656,combined,1.3332,7.7000,0.2077,-0.1722,0.1179,0.5665,0.1609,0.0000
1.1924,2.6213,0.5343,path,4.0298,7.7000,0.0110,-1.1727,0.2159,0.6030,0.4416,0.5516
0.1038,8.0068,0.1025,straight,1.9198,7.7200,0.1038,-0.0782,0.0682,0.9437,0.2531,0.0000
0.8775,10.5936,0.3409,path,2.6100,7.7600,0.0071,-0.8553,0.1962,0.4061,0.2582,0.3549
1.0541,17.7961,0.3296,path,2.7011,7.7600,0.0071,-1.0206,0.2637,0.4314,0.2454,0.3565
0.0787,4.4046,0.0474,straight,0.7324,7.7800,0.0787,-0.0682,0.0392,0.5379,0.1041,0.0000
0.0765,1.2595,0.0691,turn,0.0000,7.7800,0.0000,nan,nan,0.4063,0.0651,0.0000
0.0657,1.7283,0.0644,straight,1.1019,7.8000,0.0548,0.0039,0.0655,0.4636,0.1666,0.0000
0.0179,4.8686,0.0647,combined,1.5878,7.8200,0.0179,-0.0123,0.0129,0.7893,0.2166,0.0000
0.1644,2.0189,0.0392,combined,1.3591,7.8400,0.1644,-0.1634,0.0186,0.5436,0.1688,0.0000
0.9962,34.1523,0.3261,path,1.5440,7.8400,0.0145,0.0723,0.9936,1.0459,0.3571,0.7166
0.2237,7.3850,0.0388,combined,1.8312,7.8600,0.2166,-0.2201,0.0399,0.7049,0.2254,0.0000
0.0765,2.1849,0.0701,turn,0.0000,7.8800,0.0000,nan,nan,0.3941,0.0605,0.0000
0.2201,4.5495,0.0381,turn,0.0000,7.9200,0.0000,nan,nan,0.5035,0.1151,0.0000
1.2024,5.3680,0.3312,path,2.6701,7.9200,0.0070,-1.2019,0.0354,0.3984,0.2205,0.3519
0.1930,2.4683,0.0077,combined,0.8043,7.9200,0.1757,-0.1803,0.0690,0.3668,0.1128,0.0000
0.0914,5.3953,0.0414,combined,0.6737,7.9400,0.0899,-0.0293,0.0866,0.3479,0.0917,0.0000
1.0751,21.4919,0.4191,path,3.7981,7.9400,0.0097,-1.0354,0.2894,0.6134,0.3732,0.4846
0.4104,42.6971,0.0432,path,2.1787,7.9800,0.0117,0.0167,0.4101,0.6904,0.3425,0.5844
0.0138,1.7439,0.0280,stand,0.0000,4.2800,0.0000,nan,nan,0.0840,0.0303,0.0000
0.2877,2.1931,0.1309,lateral,1.0873,4.1200,0.2877,-0.2782,0.0735,0.4813,0.2040,0.0000
0.0375,11.1427,0.1184,lateral,0.2853,4.0400,0.0352,-0.0194,0.0320,0.1737,0.0730,0.0000
0.7346,12.7409,0.2875,path,1.4577,4.4400,0.0066,-0.7275,0.1021,0.6310,0.2826,0.3287
1.9465,22.6166,1.0244,path,3.6053,4.4200,0.0165,-1.9237,0.2974,1.0158,0.4864,0.8173
1.3452,11.5625,0.4090,path,2.2969,4.2000,0.0122,-1.3410,0.1066,0.4497,0.2334,0.6130
0.3392,7.3897,0.2083,straight,1.9661,4.0600,0.3392,-0.3340,0.0590,0.8575,0.4076,0.0000
0.2788,10.9374,0.1286,straight,1.7293,4.6200,0.2788,-0.2750,0.0460,0.7637,0.3240,0.0000
1.4033,9.1803,0.5747,path,2.7233,4.2200,0.0132,-1.3929,0.1711,0.7084,0.4664,0.6609
0.6174,32.0308,0.2162,path,0.4774,4.9000,0.0128,-0.0334,0.6165,0.5957,0.2398,0.6410
0.0505,1.5904,0.0301,lateral,0.2700,4.7200,0.0393,0.0200,0.0464,0.2345,0.0874,0.0000
0.5641,10.5998,0.1390,lateral,1.3062,4.0600,0.5641,-0.5500,0.1253,0.3461,0.1890,0.0000
0.2516,3.9134,0.1133,combined,1.2846,4.7800,0.2516,-0.2060,0.1446,0.6436,0.2497,0.0000
0.8635,15.0757,0.4614,path,1.8892,4.1200,0.0093,-0.8591,0.0864,0.5377,0.2549,0.4674
0.3013,7.0685,0.1633,combined,1.9650,4.9200,0.3013,-0.2927,0.0715,0.7298,0.3478,0.0000
0.7984,1.5561,0.2840,path,1.4137,4.4400,0.0084,-0.7927,0.0957,0.3801,0.1527,0.4217
1.3379,20.2597,0.7662,path,3.1722,5.3200,0.0123,-1.2977,0.3253,0.8172,0.3941,0.6157
0.0992,4.2214,0.0442,turn,0.0000,5.1400,0.0000,nan,nan,0.1715,0.0570,0.0000
0.4269,2.1821,0.1695,straight,1.6904,4.0400,0.4269,-0.4209,0.0713,0.5955,0.3238,0.0000
0.1838,5.5310,0.0816,combined,1.1617,5.1000,0.1838,-0.1833,0.0137,0.4987,0.1940,0.0000
0.9483,27.7512,0.4182,path,1.8636,4.0000,0.0099,-0.9146,0.2503,0.4604,0.2749,0.4956
1.8387,2.1206,0.5156,path,3.4936,4.8200,0.0150,-1.8294,0.1841,0.9149,0.5406,0.7513
0.6071,7.2413,0.3678,path,1.8048,4.8600,0.0080,-0.6000,0.0921,0.4983,0.2726,0.3991
0.8101,1.1399,0.3033,path,1.6431,4.3000,0.0077,-0.8100,0.0120,0.3462,0.2086,0.3848
0.2851,2.3039,0.0578,combined,1.5312,5.1400,0.2851,-0.2851,0.0033,0.5576,0.2645,0.0000
0.8589,6.5872,0.3075,path,1.6695,4.4600,0.0076,-0.8532,0.0986,0.3517,0.2292,0.3797
1.0376,3.5084,0.3540,path,1.7953,4.3200,0.0085,-1.0342,0.0836,0.3531,0.1827,0.4225
0.8413,10.0267,0.4577,path,2.0206,4.4000,0.0093,-0.8407,0.0324,0.4656,0.2737,0.4654
0.1421,2.8958,0.0528,stand,0.0000,5.4600,0.0000,nan,nan,0.2903,0.0539,0.0000
1.1709,20.3401,0.4402,path,2.3980,4.0800,0.0146,-1.1147,0.3586,0.8034,0.3395,0.7295
0.0034,2.1916,0.0500,stand,0.0000,4.0200,0.0000,nan,nan,0.0755,0.0314,0.0000
0.3390,5.3929,0.0282,lateral,1.1900,4.3200,0.3390,-0.3306,0.0749,0.5524,0.2013,0.0000
0.6641,18.1358,0.1743,path,1.2512,4.6800,0.0100,-0.5273,0.4037,0.4525,0.2300,0.4998
1.2253,16.5127,0.4434,path,2.1932,4.3400,0.0114,-1.2099,0.1937,0.4726,0.2562,0.5715
0.1466,6.4410,0.0410,combined,0.6657,5.5000,0.1446,-0.1429,0.0329,0.2883,0.1015,0.0000
0.9015,0.1094,0.3001,path,1.3364,4.0200,0.0067,-0.8877,0.1573,0.5827,0.2133,0.3343
0.4064,15.9075,0.0495,straight,0.8649,4.3800,0.4062,-0.4062,0.0126,0.2463,0.1133,0.0000
0.2339,7.7751,0.0764,combined,1.3700,5.2200,0.2339,-0.2328,0.0231,0.5316,0.2275,0.0000
0.2102,5.5086,0.1466,combined,0.9748,5.0800,0.2102,-0.1431,0.1540,0.4610,0.1949,0.0000
1.0326,7.0341,0.2452,path,1.7985,4.5600,0.0119,-0.9972,0.2679,0.3218,0.2052,0.5972
2.1709,3.0584,0.4050,path,3.3084,5.0200,0.0137,-2.1483,0.3125,0.7053,0.2641,0.6610
1.0654,9.0937,0.2741,path,1.9804,5.9000,0.0067,-1.0607,0.1002,0.3315,0.1648,0.3357
1.0183,21.7009,0.4459,path,2.1041,4.3600,0.0099,-1.0027,0.1774,0.4936,0.2822,0.4938
0.0588,14.2705,0.0724,turn,0.0000,4.5800,0.0000,nan,nan,0.1338,0.0495,0.0000
0.0759,9.7813,0.0142,turn,0.0000,4.4600,0.0000,nan,nan,0.1589,0.0612,0.0000
0.1352,9.6017,0.0472,combined,0.6438,5.4000,0.1352,-0.1287,0.0415,0.2847,0.1200,0.0000
0.6725,7.0034,0.3598,path,1.4357,4.9800,0.0065,-0.6533,0.1597,0.3934,0.2359,0.3236
0.3142,5.4799,0.0787,combined,1.2571,4.2600,0.3142,-0.2976,0.1005,0.4665,0.2183,0.0000
1.3396,29.2476,0.4253,path,1.7755,4.7000,0.0154,-1.1950,0.6054,0.4876,0.2982,0.7720
1.2747,10.2657,0.3627,path,2.5555,5.6400,0.0087,-1.2742,0.0358,0.4793,0.2361,0.4643
0.4039,4.0397,0.1595,straight,1.3523,5.6800,0.4039,-0.3968,0.0754,0.4190,0.1780,0.0000
1.0447,0.1584,0.2589,path,1.9529,4.2400,0.0099,-1.0433,0.0550,0.3652,0.1937,0.4931
2.3381,12.4677,0.2138,path,3.0684,4.6200,0.0144,-2.2829,0.5052,0.8665,0.2936,0.7197
0.2433,3.1230,0.0409,combined,0.9862,5.5600,0.2433,-0.2408,0.0346,0.3698,0.1482,0.0000
0.0223,0.7001,0.0119,stand,0.0000,6.2800,0.0000,nan,nan,0.2058,0.0347,0.0000
0.8639,8.3286,0.2059,combined,2.2019,4.5800,0.8639,-0.8523,0.1413,0.6028,0.3103,0.0000
0.9130,63.9931,0.4571,path,1.2978,5.2800,0.0075,-0.8831,0.2320,0.6138,0.1258,0.3887
1.3481,26.6526,0.5953,path,2.7008,4.1600,0.0136,-1.3220,0.2641,0.7056,0.3350,0.6780
0.1336,5.9365,0.0684,combined,1.5468,6.6000,0.1334,-0.1153,0.0675,0.7900,0.2375,0.0000
0.7641,7.8032,0.3154,path,1.9539,5.0200,0.0081,-0.7637,0.0232,0.6858,0.2813,0.4038
0.4612,13.1697,0.1860,combined,1.9154,5.1600,0.4612,-0.4368,0.1481,0.4845,0.2719,0.0000
0.8910,33.5381,0.3516,path,1.7937,5.4400,0.0089,-0.7442,0.4899,0.5004,0.2703,0.4454
1.3219,1.4587,0.4493,path,2.3206,5.0000,0.0130,-1.1309,0.6845,0.8676,0.3148,0.7065
0.8869,6.6619,0.3070,path,2.1488,6.2600,0.0075,-0.8765,0.1356,0.5181,0.2749,0.3769
0.9758,41.0512,0.3691,path,0.8456,6.1200,0.0146,-0.5413,0.8119,0.5724,0.3150,0.7274
0.2769,0.3202,0.0815,straight,0.9868,5.7000,0.2769,-0.2677,0.0709,0.3133,0.1395,0.0000
1.0715,0.7078,0.4954,path,3.4681,6.0800,0.0116,-1.0711,0.0306,0.8567,0.4389,0.5787
1.1293,6.3003,0.4941,path,3.2609,6.8400,0.0095,-1.1132,0.1901,0.5836,0.3563,0.4769
0.0440,1.9522,0.0746,turn,0.0000,6.3400,0.0000,nan,nan,0.1108,0.0477,0.0000
0.0628,8.6694,0.0554,straight,0.7735,4.1600,0.0628,-0.0134,0.0614,0.4400,0.1920,0.0000
1.1794,13.8804,0.4877,path,3.0716,6.0000,0.0106,-1.1756,0.0950,0.6835,0.3489,0.5318
0.1025,8.0683,0.0289,lateral,0.4911,6.0200,0.1025,-0.0838,0.0591,0.2527,0.0850,0.0000
0.3043,11.2960,0.0471,combined,0.8491,6.3800,0.3040,-0.2067,0.2234,0.2516,0.1023,0.0000
0.2407,3.7737,0.0891,straight,1.3537,5.9400,0.2407,-0.2382,0.0347,0.4973,0.2004,0.0000
0.1420,8.2001,0.0377,combined,1.5150,6.1600,0.1420,-0.1005,0.1003,0.6371,0.2644,0.0000
1.1701,1.8587,0.2412,path,2.4654,6.1400,0.0112,-1.0018,0.6045,0.5334,0.3151,0.5620
1.5301,10.8637,0.3703,path,2.3830,4.0400,0.0122,-1.5247,0.1291,0.5930,0.3209,0.6117
1.1351,24.8654,0.5078,path,2.2558,6.4600,0.0102,-0.8012,0.8041,0.7434,0.4086,0.5314
0.0763,2.4171,0.1083,straight,0.5572,6.4200,0.0637,0.0171,0.0743,0.2522,0.1028,0.0000
0.1602,3.7984,0.0575,combined,0.8421,5.9000,0.1602,-0.0811,0.1382,0.2803,0.1276,0.0000
1.5164,14.4108,0.4324,path,2.5025,5.5000,0.0104,-1.5111,0.1261,0.4246,0.1993,0.5178
0.0204,1.6883,0.0411,stand,0.0000,6.9000,0.0000,nan,nan,0.0983,0.0297,0.0000
0.3598,2.9578,0.1682,straight,1.6255,4.2000,0.3598,-0.3327,0.1368,0.6720,0.3165,0.0000
1.3075,13.6170,0.3496,path,2.7882,6.8000,0.0088,-1.3037,0.0993,0.4656,0.2487,0.4401
0.1280,8.7914,0.0167,turn,0.0000,5.4800,0.0000,nan,nan,0.1641,0.0631,0.0000
0.2393,10.1091,0.0438,combined,1.1048,5.3600,0.2393,-0.2310,0.0627,0.4498,0.1765,0.0000
0.1151,2.9674,0.0424,turn,0.0000,5.0600,0.0000,nan,nan,0.1465,0.0492,0.0000
0.8461,2.9739,0.2976,path,1.4519,4.4200,0.0069,-0.8433,0.0688,0.5892,0.2577,0.3435
1.1314,24.9719,0.3975,path,2.2930,5.8000,0.0106,-1.0446,0.4344,0.8575,0.3392,0.5320
1.1280,15.6525,0.4709,path,2.5491,5.1200,0.0100,-1.1279,0.0090,0.5176,0.2863,0.4976
0.5183,7.5832,0.1215,combined,1.7250,5.2800,0.5183,-0.5140,0.0666,0.6090,0.2065,0.0000
0.2012,3.1504,0.0013,combined,1.0159,5.2400,0.1991,-0.2012,0.0012,0.4205,0.1538,0.0000
0.0795,2.8898,0.0498,turn,0.0000,4.9200,0.0000,nan,nan,0.1900,0.0504,0.0000
0.8564,20.8933,0.0705,path,0.5064,6.5800,0.0143,-0.6399,0.5691,0.7104,0.2012,0.7168
0.9394,10.3194,0.2631,path,1.7566,6.0000,0.0074,-0.8761,0.3392,0.3858,0.1980,0.3704
0.9020,66.9108,0.2832,path,3.1306,6.8800,0.0119,-0.7792,0.4545,0.6031,0.3859,0.5930
0.1019,0.2854,0.0901,combined,0.7620,4.9800,0.1019,-0.0939,0.0394,0.2806,0.1408,0.0000
0.1154,4.4869,0.0245,combined,1.6894,6.5400,0.1143,-0.1012,0.0555,0.8182,0.2439,0.0000
0.0910,0.7224,0.0759,lateral,0.4202,5.4400,0.0910,-0.0832,0.0368,0.2153,0.0758,0.0000
0.4063,8.6677,0.0834,lateral,1.4580,5.7800,0.4063,-0.4025,0.0553,0.5028,0.1839,0.0000
0.5420,34.5335,0.2536,path,1.5702,5.0800,0.0127,-0.0889,0.5346,0.8648,0.3736,0.6338
0.2828,6.8863,0.0908,combined,0.9298,6.5200,0.2828,-0.1341,0.2491,0.2973,0.1304,0.0000
0.4729,5.0850,0.1105,combined,2.1792,6.4600,0.4729,-0.3442,0.3242,0.9899,0.3167,0.0000
0.1326,7.6231,0.0378,lateral,0.8703,6.1600,0.1300,-0.1189,0.0586,0.5072,0.1387,0.0000
0.2690,15.2462,0.0360,lateral,0.7555,4.2400,0.2690,-0.2583,0.0751,0.3481,0.1293,0.0000
0.2937,11.8451,0.1493,combined,1.6258,5.6400,0.2937,-0.2567,0.1427,0.5474,0.2535,0.0000
1.0510,20.6926,0.2942,path,0.5787,7.3200,0.0150,-0.6584,0.8192,0.4737,0.2159,0.7485
0.1242,9.2574,0.0563,lateral,0.9574,6.3400,0.1242,-0.1183,0.0379,0.5355,0.1499,0.0000
0.9555,6.3789,0.3047,path,1.6172,4.0200,0.0104,-0.9144,0.2770,0.4760,0.2146,0.5183
0.2939,1.3248,0.1305,combined,0.9256,4.3600,0.2939,-0.2939,0.0006,0.4421,0.1667,0.0000
0.0844,3.2042,0.0673,straight,0.1366,5.4200,0.0582,-0.0673,0.0509,0.1533,0.0588,0.0000
0.8673,18.6743,0.2433,path,2.1341,6.0000,0.0076,-0.8482,0.1809,0.4784,0.2697,0.3802
1.7155,14.8702,0.6067,path,3.9455,5.5600,0.0159,-1.5974,0.6254,0.8595,0.4848,0.7926
0.9335,2.5640,0.3396,path,2.2503,6.6600,0.0069,-0.9268,0.1112,0.4073,0.2046,0.3454
1.2167,22.5277,0.3626,path,3.5843,6.2400,0.0163,-0.8277,0.8918,0.9025,0.4790,0.8100
0.4483,33.5210,0.1072,path,1.0219,4.6600,0.0124,0.1676,0.4158,0.8128,0.2934,0.6194
0.3430,8.7687,0.1403,combined,1.8751,5.5800,0.3430,-0.3063,0.1545,0.8713,0.2954,0.0000
0.7224,26.0158,0.2404,path,0.6274,6.4000,0.0122,0.5786,0.4325,0.5508,0.2858,0.6093
1.7339,11.4342,0.4746,path,3.9144,6.9000,0.0119,-1.7209,0.2115,0.6568,0.3357,0.5973
0.4167,1.3879,0.1598,combined,1.2177,4.1800,0.4167,-0.4156,0.0303,0.4720,0.2194,0.0000
1.2198,3.5206,0.4990,path,2.4744,6.3200,0.0079,-1.2110,0.1465,0.5059,0.2347,0.3941
1.1061,24.5337,0.3755,path,1.9507,4.9800,0.0082,-1.0961,0.1487,0.4272,0.2231,0.4091
0.4744,25.4402,0.1919,path,0.8959,5.5800,0.0148,0.4313,0.1975,0.7287,0.3385,0.7405
0.7080,7.0588,0.5114,path,2.7873,6.3800,0.0090,-0.6967,0.1264,0.6432,0.3733,0.4502
0.4627,0.6665,0.2070,lateral,1.3213,4.6200,0.4627,-0.4595,0.0547,0.4982,0.1926,0.0000
0.4223,6.2652,0.1250,combined,2.3125,6.5400,0.4223,-0.3976,0.1424,0.8524,0.2861,0.0000
1.3387,8.4006,0.6217,path,3.5457,5.0000,0.0151,-1.3269,0.1777,0.7885,0.5262,0.7565
0.2008,18.7189,0.0218,lateral,0.8906,6.3400,0.2008,-0.1615,0.1194,0.2805,0.1195,0.0000
0.1111,7.2599,0.0345,turn,0.0000,7.7800,0.0000,nan,nan,0.1635,0.0536,0.0000
1.4316,1.4328,0.6508,path,2.9956,4.0200,0.0156,-1.4302,0.0654,0.6979,0.4297,0.7780
0.3295,0.6547,0.1740,lateral,1.3110,4.1800,0.3295,-0.3233,0.0640,0.5491,0.2396,0.0000
1.2177,1.2993,0.5701,path,3.6591,6.9000,0.0110,-1.2167,0.0479,0.7605,0.4654,0.5521
1.8665,5.0163,0.4880,path,3.5120,6.1400,0.0149,-1.7056,0.7581,0.6336,0.4327,0.7465
1.8921,10.2381,0.8718,path,3.5518,7.5200,0.0163,-1.5700,1.0560,0.8711,0.4566,0.8128
1.2086,13.9247,0.4655,path,2.4008,6.9800,0.0107,-0.8796,0.8289,0.4819,0.2956,0.5363
1.1856,23.4999,0.2964,path,2.7942,5.2200,0.0164,-0.9694,0.6826,0.8189,0.4241,0.8190
0.1314,6.9555,0.0424,turn,0.0000,4.7000,0.0000,nan,nan,0.1426,0.0664,0.0000
0.1403,1.3636,0.1202,lateral,0.8608,4.4600,0.1403,-0.1401,0.0064,0.4618,0.1648,0.0000
1.1013,9.2639,0.3575,path,2.7212,6.5800,0.0088,-1.0785,0.2231,0.4779,0.2587,0.4390
0.7947,20.7289,0.1358,path,1.1727,7.4200,0.0091,-0.5184,0.6023,0.4498,0.2142,0.4530
0.0930,0.7982,0.0214,lateral,0.3061,4.9000,0.0901,-0.0665,0.0650,0.2127,0.0738,0.0000
1.5141,25.8468,0.3541,path,3.1301,7.0600,0.0134,-1.1922,0.9334,0.5767,0.3698,0.6723
0.8875,0.8387,0.4197,path,2.5170,5.9200,0.0151,-0.5771,0.6742,1.1542,0.4280,0.7532
1.2245,20.2310,0.5768,path,4.7232,7.3400,0.0129,-1.1838,0.3132,0.8766,0.5162,0.6432
0.1897,11.7731,0.1034,lateral,1.3932,7.3800,0.0548,0.1697,0.0849,0.9035,0.2209,0.0000
0.0887,3.3922,0.0775,turn,0.0000,7.6000,0.0000,nan,nan,0.1288,0.0512,0.0000
0.0419,2.0742,0.0285,stand,0.0000,7.6400,0.0000,nan,nan,0.0641,0.0236,0.0000
0.1665,0.8363,0.0741,lateral,1.3435,6.7400,0.1665,-0.1070,0.1275,0.7603,0.1970,0.0000
0.0325,9.2251,0.0069,turn,0.0000,7.7600,0.0000,nan,nan,0.1338,0.0477,0.0000
0.0664,3.8512,0.1245,turn,0.0000,7.8200,0.0000,nan,nan,0.1966,0.0537,0.0000
0.0922,1.9679,0.0216,turn,0.0000,6.8400,0.0000,nan,nan,0.1784,0.0545,0.0000
1.5483,57.3976,0.8369,path,4.4494,7.9600,0.0121,-1.5360,0.1950,0.8379,0.4052,0.6412
1.9363,13.6196,0.7473,path,4.5934,6.2000,0.0149,-1.9354,0.0587,0.8013,0.4485,0.7411
0.0329,5.7245,0.0125,turn,0.0000,7.1600,0.0000,nan,nan,0.0971,0.0381,0.0000
0.3534,1.2517,0.1546,lateral,1.3440,4.5000,0.3534,-0.3510,0.0411,0.5988,0.2239,0.0000
1.7222,4.3999,0.5821,path,3.8380,6.2200,0.0151,-1.5233,0.8036,0.7143,0.4407,0.7555
1.9506,25.9820,0.4970,path,3.4950,5.5400,0.0151,-1.8996,0.4428,0.6320,0.3314,0.7555
0.1271,10.0210,0.0787,combined,0.8699,5.7800,0.1271,-0.1227,0.0332,0.3065,0.1387,0.0000
0.0140,0.6444,0.0320,stand,0.0000,4.9000,0.0000,nan,nan,0.1015,0.0317,0.0000
1.2513,2.5225,0.2245,path,2.3387,7.2600,0.0080,-1.2182,0.2857,0.4492,0.1570,0.3990
0.2044,6.5207,0.0585,combined,0.9372,5.2400,0.2044,-0.2014,0.0350,0.3460,0.1290,0.0000
0.2933,2.6045,0.0261,lateral,1.0301,5.1800,0.2929,-0.2933,0.0008,0.4566,0.1500,0.0000
0.6932,60.3872,0.0823,path,0.8475,6.6600,0.0107,-0.5421,0.4320,0.4820,0.1377,0.5384
0.3309,11.0855,0.1108,straight,1.0593,4.7200,0.3309,-0.3203,0.0830,0.3381,0.1652,0.0000
0.0565,10.6806,0.0071,lateral,0.9181,7.2400,0.0565,-0.0561,0.0063,0.5565,0.1290,0.0000
0.0195,4.6215,0.0834,straight,0.7564,7.2200,0.0195,-0.0033,0.0193,0.3223,0.1167,0.0000
1.1560,4.9006,0.3400,path,3.0173,5.6600,0.0163,-0.9586,0.6461,0.8029,0.4352,0.8143
1.3782,71.5414,1.8672,path,4.7800,6.9000,0.0145,-1.3547,0.2535,1.7377,0.5117,0.7240
0.1834,0.1628,0.0586,straight,0.2944,7.9200,0.1698,-0.1545,0.0989,0.1224,0.0501,0.0000
1.0849,48.9963,0.4067,path,1.6460,4.9800,0.0150,-0.7818,0.7522,0.6251,0.3957,0.7495
0.9186,5.4697,0.4092,path,2.6589,7.0000,0.0075,-0.9174,0.0470,0.5006,0.2570,0.3857
0.0788,4.1064,0.0706,straight,1.1424,5.2800,0.0786,-0.0465,0.0635,0.5549,0.2181,0.0000
0.1877,12.4506,0.0561,lateral,1.3331,6.3800,0.1877,-0.0304,0.1852,0.7435,0.2273,0.0000
1.4376,14.9368,0.4784,path,3.5487,6.8200,0.0111,-1.4352,0.0827,0.5253,0.3504,0.5537
1.5912,8.7390,0.5318,path,3.7528,6.8600,0.0113,-1.5905,0.0456,0.6675,0.3614,0.5653
0.8951,19.1921,0.2689,path,0.7078,7.4400,0.0136,-0.1676,0.8793,0.5741,0.3344,0.6786
1.0937,21.4185,0.2670,path,2.0446,6.8200,0.0062,-1.0793,0.1770,0.3025,0.1530,0.3125
0.0301,1.2762,0.0264,stand,0.0000,6.6600,0.0000,nan,nan,0.0852,0.0343,0.0000
0.0454,2.4361,0.0915,turn,0.0000,7.7600,0.0000,nan,nan,0.2292,0.0623,0.0000
0.0821,2.8543,0.0708,turn,0.0000,6.9400,0.0000,nan,nan,0.2291,0.0630,0.0000
0.1211,7.2335,0.1054,straight,0.7148,6.0600,0.1193,-0.1155,0.0363,0.2778,0.1125,0.0000
1.1078,30.7531,0.4151,path,2.2665,5.4800,0.0099,-1.0512,0.3493,0.4696,0.3188,0.4939
1.0343,36.4315,0.1345,path,2.1233,6.2000,0.0079,-0.9652,0.3717,0.4729,0.2383,0.3928
1.6391,1.5738,0.7044,path,3.5885,4.5200,0.0159,-1.6237,0.2240,0.8404,0.4726,0.7956
1.7601,20.8810,0.5777,path,4.6305,7.4200,0.0126,-1.7509,0.1794,0.8168,0.4886,0.6236
1.5726,21.2894,0.7180,path,4.6161,7.0000,0.0160,-1.3754,0.7625,0.9185,0.5996,0.7983
0.1062,0.5175,0.0154,straight,0.0761,6.9400,0.0754,-0.0973,0.0426,0.1166,0.0443,0.0000
0.1002,1.6106,0.0925,turn,0.0000,5.3200,0.0000,nan,nan,0.2620,0.0743,0.0000
0.1918,1.8164,0.0585,straight,1.6506,6.5800,0.1918,-0.1881,0.0372,0.6262,0.2332,0.0000
1.0664,31.3421,0.7941,path,3.6101,5.3000,0.0153,-0.8061,0.6982,1.1042,0.6503,0.7643
0.1615,2.1477,0.0690,combined,1.6742,6.6000,0.1615,-0.1585,0.0306,0.7114,0.2416,0.0000
0.7009,48.5605,0.2208,path,0.6246,6.6200,0.0111,-0.4171,0.5632,0.4530,0.2514,0.5577
0.4692,0.6088,0.0528,straight,1.8767,7.2000,0.4692,-0.4286,0.1910,0.4922,0.2103,0.0000
0.0929,1.8871,0.0525,straight,0.6298,6.2200,0.0810,0.0470,0.0802,0.2695,0.1248,0.0000
1.2309,3.2169,0.4384,path,2.8966,6.7800,0.0095,-1.2088,0.2322,0.5079,0.3193,0.4748
0.4171,57.1174,0.2322,path,2.5237,6.5400,0.0155,0.1775,0.3775,0.7465,0.4730,0.7726
1.0039,3.5286,0.2226,path,1.8465,7.6200,0.0087,-0.6853,0.7336,0.4653,0.2290,0.4340
0.0440,1.2408,0.0348,stand,0.0000,4.3200,0.0000,nan,nan,0.1390,0.0409,0.0000
0.1983,8.8315,0.0342,turn,0.0000,6.1200,0.0000,nan,nan,0.1309,0.0579,0.0000
0.1918,1.1041,0.0101,lateral,0.4528,7.7000,0.1829,-0.1897,0.0280,0.2281,0.0746,0.0000
1.4986,18.7879,0.7796,path,5.0685,7.2400,0.0142,-1.4531,0.3663,0.8325,0.5100,0.7052
0.3282,6.2027,0.1320,combined,1.8040,4.1800,0.3282,-0.2585,0.2023,0.8990,0.3710,0.0000
0.0373,1.9477,0.0371,stand,0.0000,5.9800,0.0000,nan,nan,0.1151,0.0342,0.0000
0.4689,4.6899,0.0709,combined,1.4173,5.0200,0.4689,-0.4689,0.0088,0.5493,0.1847,0.0000
1.5774,6.7399,0.3676,path,2.4992,4.9200,0.0102,-1.5699,0.1536,1.0433,0.3609,0.5093
0.0827,2.7129,0.0348,combined,1.5061,7.9200,0.0827,-0.0818,0.0118,0.5155,0.1825,0.0000
0.1487,7.3293,0.0452,combined,0.7244,4.8800,0.1456,-0.1472,0.0209,0.2618,0.1051,0.0000
1.4076,17.4312,0.5436,path,2.8198,4.3000,0.0159,-1.3738,0.3068,0.7436,0.3847,0.7927
2.0642,12.1399,0.5872,path,4.2032,7.2200,0.0136,-2.0613,0.1088,0.7104,0.3152,0.6939
0.9037,8.1234,0.5432,path,2.3427,7.8200,0.0117,-0.7852,0.4473,0.6899,0.4050,0.5835
0.8134,9.1079,0.3399,path,2.7852,7.3400,0.0100,-0.6687,0.4631,0.5861,0.3532,0.4987
0.2132,8.3867,0.0629,straight,0.9363,5.7200,0.2132,-0.2087,0.0436,0.3261,0.1436,0.0000
0.4222,1.5321,0.1606,combined,1.2380,6.2600,0.4222,-0.4185,0.0552,0.3236,0.1411,0.0000
0.0772,7.5696,0.0718,lateral,0.7670,7.2000,0.0772,-0.0676,0.0373,0.5247,0.1199,0.0000
0.2704,7.8090,0.1060,straight,1.0981,4.2200,0.2704,-0.2559,0.0872,0.4859,0.2112,0.0000
0.6457,57.2596,0.2939,path,4.6145,7.7400,0.0160,-0.6434,0.0548,0.9817,0.5691,0.8105
0.9171,10.3792,0.2799,path,1.9372,6.0000,0.0080,-0.8032,0.4425,0.5343,0.2289,0.3978
1.8170,7.7144,0.4236,path,4.2742,7.1000,0.0158,-1.7159,0.5975,0.7638,0.4221,0.7896
0.0784,5.5719,0.0586,combined,0.7522,5.3600,0.0713,-0.0713,0.0325,0.3862,0.1416,0.0000
0.1529,3.3472,0.0333,lateral,0.0190,6.1400,0.0190,-0.1342,0.0733,0.1615,0.0537,0.0000
0.0228,1.9913,0.0520,stand,0.0000,7.3000,0.0000,nan,nan,0.1058,0.0312,0.0000
1.7291,13.5916,0.5894,path,3.8666,6.7000,0.0143,-1.7144,0.2249,0.7717,0.4166,0.7146
0.8583,26.2496,0.3276,path,1.5926,6.3600,0.0160,0.0901,0.8535,0.7517,0.3741,0.7978
1.3726,11.2742,0.4706,path,3.5273,7.5600,0.0133,-1.2189,0.6311,0.6701,0.3970,0.6633
1.1234,38.1911,0.5603,path,2.3795,4.9200,0.0103,-1.0938,0.2563,0.5854,0.2850,0.5159
1.3248,16.5103,0.5869,path,2.6104,6.8400,0.0128,-0.9829,0.8881,0.5722,0.3733,0.6395
1.4777,44.8314,0.4327,path,4.1084,7.3200,0.0148,-1.2776,0.7425,0.8858,0.4430,0.7368
1.4762,8.8602,0.6720,path,4.3745,6.8600,0.0140,-1.4751,0.0561,0.7811,0.4913,0.7024
0.1103,4.7544,0.0167,lateral,0.1880,6.9000,0.1102,-0.1058,0.0312,0.1213,0.0431,0.0000
0.2350,6.0712,0.1981,combined,1.9520,7.3800,0.2350,-0.2109,0.1038,0.7771,0.2473,0.0000
0.1085,5.0505,0.0496,straight,0.6316,6.1600,0.1068,-0.1076,0.0136,0.2625,0.1042,0.0000
0.8737,55.7258,0.3614,path,2.4470,7.5600,0.0075,-0.7453,0.4560,0.3870,0.2691,0.3747
0.1801,4.7912,0.0573,combined,1.2486,6.4200,0.1801,-0.1791,0.0192,0.3514,0.1811,0.0000
0.3693,8.3631,0.0466,straight,1.7643,6.3600,0.3693,-0.3565,0.0965,0.6098,0.2331,0.0000
0.0234,0.1257,0.0409,stand,0.0000,7.3000,0.0000,nan,nan,0.0848,0.0311,0.0000
0.3837,3.3010,0.0360,combined,1.9662,7.2800,0.3837,-0.3836,0.0054,0.5743,0.2046,0.0000
0.1088,1.3420,0.0726,turn,0.0000,7.4600,0.0000,nan,nan,0.1386,0.0524,0.0000
2.1390,56.9850,1.2414,path,1.7653,4.3400,0.0110,-1.2587,1.7294,1.4839,0.5990,0.5505
0.0132,0.4499,0.0111,stand,0.0000,6.4800,0.0000,nan,nan,0.0797,0.0267,0.0000
1.1059,6.3562,0.4338,path,2.7471,6.6400,0.0092,-1.0603,0.3144,0.5087,0.3679,0.4609
1.3715,1.5660,0.6901,path,4.4020,6.9200,0.0135,-1.3438,0.2744,0.8520,0.4608,0.6771
0.1280,14.6734,0.0494,lateral,1.3333,7.9000,0.1241,-0.1147,0.0569,0.5019,0.1590,0.0000
1.0448,43.9315,0.3988,path,2.4042,5.6400,0.0091,-0.9964,0.3145,0.5045,0.3457,0.4541
1.7527,24.6449,0.6810,path,4.3347,7.2800,0.0127,-1.6377,0.6245,0.7364,0.4023,0.6373
0.3963,8.2713,0.0655,combined,1.9891,6.0000,0.3963,-0.3962,0.0101,0.6882,0.2608,0.0000
0.0676,10.2360,0.0451,straight,0.0161,6.6200,0.0018,0.0657,0.0161,0.1753,0.0589,0.0000
0.9690,0.3028,0.3725,path,2.7734,7.4200,0.0076,-0.9685,0.0323,0.4302,0.2477,0.3814
0.1151,3.1836,0.0292,straight,0.2110,6.9800,0.1151,-0.0436,0.1065,0.1379,0.0533,0.0000
0.1338,9.1792,0.0456,turn,0.0000,4.1000,0.0000,nan,nan,0.1557,0.0535,0.0000
0.0641,4.1446,0.0333,straight,0.4023,7.5600,0.0431,-0.0233,0.0597,0.2279,0.0748,0.0000
0.1379,8.1754,0.0044,straight,0.5433,7.0600,0.1379,-0.1287,0.0496,0.2342,0.0792,0.0000
1.9524,31.8259,0.1522,path,2.1085,4.0400,0.0124,-1.9492,0.1122,0.4077,0.1035,0.6196
0.0843,2.5695,0.0276,straight,0.0708,5.7000,0.0111,0.0689,0.0486,0.1286,0.0521,0.0000
1.1567,9.6213,0.4366,path,2.4964,7.6400,0.0093,-1.0203,0.5449,0.4439,0.2284,0.4663
2.0776,22.5208,0.8071,path,6.2973,7.7400,0.0164,-2.0115,0.5203,0.9855,0.6360,0.8148
0.6949,23.9211,0.1587,path,0.7172,7.6400,0.0088,-0.2985,0.6275,0.3372,0.1904,0.4390
0.2155,6.5240,0.0598,lateral,0.8091,7.2200,0.2155,-0.2075,0.0582,0.3001,0.0985,0.0000
1.7150,25.2359,0.4634,path,3.9433,7.2600,0.0123,-1.6684,0.3972,0.6383,0.3609,0.6130
0.7610,55.7848,0.3733,path,3.4738,7.9000,0.0138,-0.5644,0.5105,0.8495,0.4268,0.6846
0.7287,4.6054,0.1053,stand,0.0000,7.3200,0.0000,nan,nan,0.8240,0.1535,0.0000
0.0259,1.1689,0.1232,lateral,0.6507,5.6600,0.0244,0.0050,0.0254,0.3474,0.1236,0.0000
0.1401,11.7931,0.0475,turn,0.0000,7.0200,0.0000,nan,nan,0.1675,0.0658,0.0000
0.4480,0.9388,0.1145,combined,1.3610,4.2000,0.4480,-0.4408,0.0802,0.4693,0.2258,0.0000
2.1932,32.4611,0.8042,path,3.4728,5.3000,0.0141,-1.9719,0.9602,0.9853,0.4627,0.7032
0.0923,1.0691,0.0707,combined,1.3632,5.4200,0.0923,-0.0917,0.0106,0.6668,0.2602,0.0000
0.1908,8.5906,0.0729,lateral,0.2477,4.2200,0.1908,-0.1440,0.1253,0.1860,0.0615,0.0000
1.2876,5.1036,0.5718,path,1.8550,5.5000,0.0136,-1.2812,0.1280,0.6123,0.2472,0.6821
1.7397,18.2729,0.7141,path,3.5200,4.4000,0.0175,-1.7358,0.1170,0.7186,0.4202,0.7971
0.0774,4.6179,0.0372,combined,1.1891,7.2400,0.0772,-0.0674,0.0381,0.4608,0.1718,0.0000
1.3046,22.8353,0.6493,path,1.9849,7.8800,0.0134,-1.1305,0.6512,0.6921,0.3981,0.6706
0.1872,8.4075,0.0252,combined,0.6527,4.1200,0.1872,-0.1847,0.0302,0.5767,0.1648,0.0000
0.0185,0.3620,0.0110,straight,0.8489,7.9200,0.0185,-0.0179,0.0044,0.2772,0.1212,0.0000
0.2419,1.3877,0.1378,straight,0.6808,5.8200,0.2419,-0.0908,0.2242,0.2421,0.1174,0.0000
0.0079,6.8661,0.0785,turn,0.0000,7.3600,0.0000,nan,nan,0.1989,0.0688,0.0000
1.1993,5.7685,0.6910,path,4.4766,7.9200,0.0121,-1.1992,0.0123,0.7546,0.4604,0.6034
0.6735,0.4339,0.2626,path,1.0308,7.4000,0.0100,-0.3532,0.5734,0.4291,0.2194,0.5015
0.3838,4.6172,0.0634,combined,1.4546,4.0000,0.3838,-0.3834,0.0179,0.6091,0.2618,0.0000
0.0883,4.4048,0.1091,lateral,1.4250,7.6600,0.0883,-0.0558,0.0684,0.6857,0.1837,0.0000
1.6939,19.1070,0.6883,path,4.7644,7.6600,0.0137,-1.5697,0.6366,1.0487,0.4665,0.6850
0.1907,6.0374,0.1246,lateral,0.4625,7.9200,0.1907,-0.1905,0.0094,0.1848,0.0637,0.0000
1.3699,17.1814,0.5491,path,1.8242,7.8800,0.0130,-1.2042,0.6532,0.5870,0.3515,0.6495
1.0821,11.2446,0.2307,path,2.1151,4.0000,0.0171,-1.0366,0.3103,0.6625,0.3353,0.8558
0.3159,60.4038,0.1752,path,1.4917,6.2000,0.0027,-0.3155,0.0159,0.5156,0.2036,0.3224
0.0975,5.8328,0.0450,turn,0.0000,4.4200,0.0000,nan,nan,0.1599,0.0747,0.0000
0.0131,2.0600,0.0374,stand,0.0000,7.9800,0.0000,nan,nan,0.0787,0.0260,0.0000
1.0775,7.2624,0.4398,path,1.8157,4.4600,0.0124,-1.0204,0.3461,0.4521,0.1880,0.6180
0.2230,12.7077,0.0697,combined,1.0640,4.1200,0.2230,-0.2058,0.0860,0.3949,0.2124,0.0000
0.5564,11.6579,0.1036,combined,1.7963,4.8400,0.5564,-0.5442,0.1159,0.6172,0.2638,0.0000
0.0771,5.2286,0.0906,straight,0.0069,4.4200,0.0069,0.0612,0.0469,0.1205,0.0538,0.0000
0.0202,0.0481,0.0117,stand,0.0000,5.4000,0.0000,nan,nan,0.1595,0.0327,0.0000
0.0234,0.7723,0.0193,stand,0.0000,4.7800,0.0000,nan,nan,0.0851,0.0312,0.0000
2.1257,44.7644,0.8104,path,2.6203,5.7000,0.0172,-1.5081,1.4981,1.0840,0.4487,0.8617
0.0911,8.8866,0.0612,lateral,0.7035,6.3000,0.0911,-0.0614,0.0673,0.3274,0.1126,0.0000
0.3291,7.5746,0.0745,combined,1.1979,4.4000,0.3291,-0.3262,0.0433,0.5750,0.2336,0.0000
0.1688,6.7990,0.0599,turn,0.0000,4.7200,0.0000,nan,nan,0.1641,0.0637,0.0000
1.2219,2.8353,0.2611,path,2.1224,5.8200,0.0076,-1.2172,0.1065,0.3884,0.1799,0.3786
1.4516,14.0072,0.5090,path,3.7977,5.9000,0.0139,-1.1443,0.8932,0.9464,0.5535,0.6932
1.7340,28.5577,0.6336,path,3.3260,4.3000,0.0166,-1.6270,0.5999,0.8503,0.4787,0.8291
0.0928,1.5074,0.1194,combined,1.1279,6.2800,0.0928,-0.0907,0.0194,0.6652,0.1964,0.0000
1.1560,20.1593,0.4037,path,1.8456,4.3600,0.0089,-1.1396,0.1939,0.4450,0.2731,0.4459
0.1381,6.8325,0.0802,combined,1.2959,5.6400,0.1381,-0.1126,0.0800,0.5493,0.2101,0.0000
1.2823,27.9762,0.4005,path,2.4832,5.1400,0.0117,-1.2666,0.1998,0.4572,0.2934,0.5853
0.5784,29.8943,0.2242,path,1.0294,6.2600,0.0069,-0.3344,0.4720,0.3181,0.1893,0.3433
1.7017,17.8992,0.5488,path,3.0347,4.8000,0.0128,-1.6938,0.1641,0.5941,0.2778,0.6352
1.2099,5.2269,0.3571,path,3.9804,6.0600,0.0172,-0.9904,0.6950,1.0139,0.5830,0.8578
0.0692,10.8121,0.0150,lateral,0.5191,6.0000,0.0676,-0.0651,0.0236,0.3094,0.0858,0.0000
1.5809,19.2498,0.8258,path,5.1568,6.5000,0.0164,-1.5426,0.3457,0.8730,0.5640,0.7981
1.5016,4.8456,0.7336,path,3.3383,4.6200,0.0147,-1.5007,0.0512,0.8470,0.4185,0.7317
0.0466,0.4614,0.0480,stand,0.0000,4.9400,0.0000,nan,nan,0.0980,0.0290,0.0000
1.0796,25.6270,0.2826,path,1.6786,7.5800,0.0130,-0.4816,0.9662,0.5914,0.3366,0.6483
1.1224,3.6667,0.5272,path,2.5040,5.0800,0.0123,-1.0913,0.2626,0.5581,0.3558,0.6148
1.9515,53.9231,0.7183,path,4.7005,6.1000,0.0165,-1.7406,0.8825,1.1823,0.6117,0.8246
1.1607,15.4125,0.3303,path,1.8913,4.3200,0.0093,-1.1482,0.1702,0.4197,0.1950,0.4647
0.4080,1.6379,0.0752,combined,1.2023,4.2600,0.4080,-0.4001,0.0797,0.4607,0.2086,0.0000
0.2747,9.1710,0.0379,lateral,0.5987,5.3600,0.2747,-0.2066,0.1811,0.3055,0.0919,0.0000
0.0459,6.9450,0.0347,combined,0.1733,4.7000,0.0439,-0.0325,0.0324,0.2299,0.0572,0.0000
0.2555,5.0641,0.0713,combined,1.2252,4.1400,0.2555,-0.2550,0.0150,0.7834,0.2411,0.0000
1.0333,0.9268,0.2922,path,2.0097,4.2400,0.0098,-1.0320,0.0534,0.8369,0.2401,0.4877
1.3634,0.5901,0.3630,path,2.7374,5.6800,0.0101,-1.3618,0.0668,0.5955,0.3210,0.5039
1.4364,57.7198,0.5919,path,3.5379,5.8000,0.0156,-1.1676,0.8366,0.9349,0.5137,0.7721
0.9421,21.7790,0.1903,path,1.4956,5.6000,0.0063,-0.9376,0.0919,0.4324,0.1426,0.3127
1.0319,2.2080,0.3139,path,1.9876,5.0000,0.0102,-1.0041,0.2380,0.4169,0.2471,0.5090
0.7563,28.9662,0.3242,path,3.0304,6.2800,0.0173,-0.5926,0.4699,0.7789,0.4587,0.8613
0.5609,10.7423,0.2715,path,1.8416,5.1400,0.0144,-0.3859,0.4071,0.7598,0.3536,0.7191
0.1042,5.0509,0.0076,straight,1.5398,6.6800,0.1042,-0.1005,0.0272,0.7385,0.2318,0.0000
1.5241,2.6560,0.4540,path,2.7413,4.8200,0.0121,-1.5192,0.1224,0.8718,0.3143,0.6034
1.2731,19.5844,0.3887,path,1.9301,4.4200,0.0122,-1.2551,0.2131,0.5038,0.2350,0.6112
1.1492,19.1658,0.3244,path,2.7682,7.4800,0.0074,-1.1268,0.2259,0.7693,0.2645,0.3706
0.1042,7.7660,0.0592,path,1.3341,7.5800,0.0084,0.0627,0.0833,0.6532,0.2195,0.4218
1.3600,21.2971,0.6453,path,3.2397,4.8200,0.0137,-1.3596,0.0343,0.7246,0.4087,0.6830
0.1827,1.7870,0.0918,straight,1.6554,6.6400,0.1827,-0.1780,0.0411,0.6472,0.2398,0.0000
0.7657,9.5990,0.4398,path,2.6073,7.4400,0.0078,-0.6781,0.3556,0.4826,0.2949,0.3911
0.0729,8.9725,0.0077,turn,0.0000,4.7000,0.0000,nan,nan,0.1136,0.0460,0.0000
1.7107,11.1183,0.7921,path,5.5691,7.3400,0.0153,-1.7005,0.1870,0.9359,0.5408,0.7629
0.9115,21.6624,0.3267,path,2.5160,7.3200,0.0070,-0.8984,0.1539,0.3999,0.2605,0.3521
0.1436,3.3104,0.0146,lateral,0.2204,6.0000,0.0901,0.0513,0.1341,0.1929,0.0622,0.0000
1.2429,4.1556,0.3846,path,2.0588,4.2600,0.0127,-1.1647,0.4338,0.5278,0.2979,0.6356
0.6959,34.4588,0.2963,path,1.6008,6.1200,0.0117,-0.1710,0.6746,0.6457,0.3119,0.5845
0.8334,21.0096,0.3469,path,2.5251,6.7400,0.0079,-0.8106,0.1936,0.4904,0.2785,0.3945
0.1876,3.8907,0.0219,turn,0.0000,5.5600,0.0000,nan,nan,0.1685,0.0539,0.0000
1.3426,17.0328,0.6498,path,2.6045,4.8600,0.0142,-1.1377,0.7130,0.9049,0.4345,0.7094
0.2157,0.0161,0.0949,combined,1.1163,7.9800,0.2157,-0.1949,0.0925,0.3936,0.1390,0.0000
1.0730,27.0693,0.5608,path,2.4009,6.2800,0.0149,-0.6542,0.8506,0.8051,0.5126,0.7467
0.0981,8.9856,0.0307,turn,0.0000,5.7200,0.0000,nan,nan,0.4204,0.0932,0.0000
0.0317,0.6290,0.0278,stand,0.0000,7.2400,0.0000,nan,nan,0.0737,0.0290,0.0000
0.7023,25.9393,0.0721,path,1.4799,5.0400,0.0129,-0.5128,0.4798,0.4303,0.2341,0.6447
0.2620,6.4738,0.0393,lateral,1.0690,7.1200,0.2620,-0.2492,0.0809,0.3653,0.1248,0.0000
0.6459,30.4214,0.2138,path,1.8554,5.9400,0.0076,-0.5133,0.3919,0.4516,0.2853,0.3812
0.1738,5.5474,0.0954,straight,1.0541,5.7400,0.1738,-0.1716,0.0277,0.3584,0.1622,0.0000
0.1469,6.1383,0.0277,straight,0.1923,7.0600,0.1401,-0.1259,0.0758,0.1361,0.0497,0.0000
1.5346,4.2590,0.4841,path,2.1461,6.5400,0.0152,-1.4470,0.5112,0.6246,0.3000,0.7603
0.3180,2.7186,0.1315,lateral,0.8552,5.1000,0.3180,-0.3170,0.0256,0.2632,0.1158,0.0000
0.0193,1.9213,0.0988,lateral,0.4953,5.1000,0.0127,0.0151,0.0120,0.3087,0.1076,0.0000
1.3065,15.0548,0.5618,path,2.7396,5.2800,0.0144,-1.1785,0.5640,0.6676,0.3979,0.7168
0.0426,4.2799,0.0763,lateral,0.5666,7.4200,0.0231,0.0411,0.0110,0.3929,0.0925,0.0000
0.3271,10.8898,0.1124,combined,1.8677,5.0200,0.3271,-0.3155,0.0865,0.7320,0.3150,0.0000
0.3831,4.3315,0.0865,straight,1.6125,6.3000,0.3831,-0.3819,0.0299,0.5475,0.2053,0.0000
0.1592,14.2573,0.0348,turn,0.0000,7.3600,0.0000,nan,nan,0.2117,0.0571,0.0000
1.8362,6.5172,0.6659,path,3.9210,6.0000,0.0151,-1.7763,0.4651,0.8288,0.4232,0.7518
1.1024,13.7368,0.6049,path,2.7102,4.8400,0.0131,-1.0438,0.3545,0.8467,0.3886,0.6565
1.3927,0.6867,0.3208,path,3.1141,7.0200,0.0093,-1.3801,0.1868,0.4790,0.2693,0.4637
1.3968,27.5230,0.5246,path,3.5952,7.5200,0.0149,-1.0216,0.9526,0.6914,0.4631,0.7450
0.2258,1.7109,0.0749,straight,1.4117,6.7400,0.2258,-0.2255,0.0114,0.5412,0.1884,0.0000
1.0293,0.6503,0.2567,path,2.4466,6.7400,0.0077,-1.0222,0.1213,0.7326,0.2664,0.3896
0.0486,3.5589,0.1249,straight,0.8639,7.7200,0.0486,-0.0185,0.0449,0.3933,0.1315,0.0000
1.3517,14.6254,0.3116,path,2.0112,6.9600,0.0098,-1.1759,0.6665,0.6602,0.3116,0.4918
0.2511,7.0886,0.0498,combined,0.9774,4.7000,0.2504,-0.2027,0.1482,0.5056,0.1756,0.0000
1.3930,6.5509,0.3902,path,2.8303,6.5200,0.0104,-1.3688,0.2587,0.4587,0.2694,0.5217
0.2260,2.1509,0.1633,lateral,1.3563,6.5800,0.2260,-0.2259,0.0041,0.5349,0.1775,0.0000
0.8580,7.3979,0.3278,path,2.5719,6.8000,0.0106,-0.7718,0.3748,0.5198,0.3318,0.5312
0.2970,13.4249,0.0490,lateral,1.2382,6.2400,0.2970,-0.2185,0.2011,0.4710,0.1746,0.0000
0.0392,5.9401,0.0152,turn,0.0000,6.3600,0.0000,nan,nan,0.1383,0.0569,0.0000
0.1955,10.7620,0.0464,straight,0.4007,6.2600,0.1853,-0.1360,0.1404,0.1665,0.0689,0.0000
0.1208,5.4930,0.0342,turn,0.0000,5.6400,0.0000,nan,nan,0.1784,0.0638,0.0000
0.8943,29.0001,0.3224,path,0.3614,5.3600,0.0156,-0.6400,0.6247,0.5821,0.2656,0.7793
0.0918,2.8257,0.0462,straight,1.1253,6.7600,0.0593,0.0490,0.0776,0.5941,0.1903,0.0000
0.0312,2.0799,0.0238,stand,0.0000,6.8600,0.0000,nan,nan,0.0746,0.0267,0.0000
1.1303,10.9711,0.3697,path,1.9154,5.3200,0.0118,-1.1114,0.2058,0.5314,0.2385,0.5912
0.1910,0.6580,0.0690,straight,0.9004,6.9200,0.1910,-0.1885,0.0307,0.3043,0.1215,0.0000
0.7465,6.7382,0.3715,path,2.1543,6.2600,0.0074,-0.7417,0.0842,0.5643,0.2972,0.3632
0.8055,4.8344,0.2074,path,1.4062,4.0000,0.0032,-0.7953,0.1275,0.6776,0.1774,0.3581
0.2101,2.0254,0.0253,straight,0.9062,6.0800,0.2093,-0.2066,0.0381,0.2964,0.1300,0.0000
1.5642,6.0972,0.6640,path,3.6366,4.9000,0.0150,-1.5320,0.3155,0.7637,0.5320,0.7427
0.8758,9.0953,0.4080,path,2.7881,7.9200,0.0094,-0.7338,0.4781,0.5436,0.3313,0.4716
1.3336,10.1312,0.2085,path,2.5887,4.7200,0.0150,-1.2764,0.3863,0.7096,0.3289,0.7481
0.0616,14.4073,0.0354,turn,0.0000,4.5600,0.0000,nan,nan,0.1332,0.0522,0.0000
1.0483,2.6394,0.3261,path,2.7775,6.0200,0.0093,-1.0307,0.1910,0.6421,0.3408,0.4631
0.1973,11.5877,0.0632,straight,0.3295,5.2800,0.1910,-0.1835,0.0726,0.1680,0.0569,0.0000
0.3479,7.9976,0.1342,combined,1.2818,5.5400,0.3479,-0.3373,0.0855,0.4496,0.1658,0.0000
1.0399,16.3028,0.3506,path,1.9675,4.4400,0.0093,-1.0342,0.1085,0.4402,0.2878,0.4632
0.0167,6.0566,0.1499,lateral,0.6585,5.9400,0.0167,-0.0018,0.0166,0.4006,0.1249,0.0000
0.8956,12.4521,0.2372,path,2.1691,6.9800,0.0064,-0.8916,0.0842,0.3975,0.2179,0.3222
0.8683,53.2371,0.4686,path,0.3314,7.0200,0.0146,-0.0692,0.8655,0.5938,0.3349,0.7290
0.1506,1.0210,0.0328,combined,1.1145,5.9200,0.1506,-0.0939,0.1178,0.4772,0.1828,0.0000
0.0987,5.7529,0.0407,turn,0.0000,7.6800,0.0000,nan,nan,0.2589,0.0569,0.0000
0.1175,0.7962,0.0637,straight,0.5309,6.1400,0.0912,0.0376,0.1114,0.2569,0.1070,0.0000
0.0304,4.3065,0.0885,combined,0.6315,7.4600,0.0304,-0.0288,0.0097,0.2269,0.0915,0.0000
0.0794,8.6977,0.0169,combined,1.1225,7.2600,0.0793,-0.0123,0.0784,0.5379,0.1600,0.0000
0.3869,0.4811,0.1144,combined,1.6343,4.6400,0.3869,-0.3656,0.1266,0.6639,0.2512,0.0000
0.4055,14.4859,0.0802,combined,1.8622,6.7400,0.4055,-0.3208,0.2480,0.7145,0.2340,0.0000
0.0545,1.1412,0.0126,stand,0.0000,7.4400,0.0000,nan,nan,0.0907,0.0330,0.0000
0.1576,7.0912,0.1267,straight,1.5427,4.8200,0.1576,-0.1115,0.1114,0.6168,0.3029,0.0000
0.0724,7.5735,0.0609,straight,1.4044,7.2200,0.0723,-0.0545,0.0478,0.4963,0.1966,0.0000
0.6940,0.6831,0.2015,combined,1.8682,4.0200,0.6940,-0.6937,0.0204,0.6737,0.3323,0.0000
0.0771,6.5574,0.0360,straight,0.8444,7.3400,0.0447,0.0498,0.0590,0.3705,0.1338,0.0000
1.0358,99.5878,0.7226,path,2.1576,4.6000,0.0108,-1.0336,0.0669,0.6849,0.2704,0.5378
1.5455,0.4568,0.4751,path,4.3195,7.6600,0.0119,-1.5238,0.2581,0.7605,0.4012,0.5946
1.0071,16.7329,0.4242,path,2.9615,7.4600,0.0065,-0.9640,0.2913,0.5078,0.2927,0.4123
1.3312,4.4857,0.4195,path,3.6734,7.1800,0.0109,-1.2889,0.3328,0.7196,0.3378,0.5446
1.6782,3.3859,0.4170,path,3.3819,7.0200,0.0130,-1.5527,0.6370,0.7684,0.3421,0.6477
0.0361,6.8457,0.0282,turn,0.0000,4.6000,0.0000,nan,nan,0.1440,0.0499,0.0000
0.1369,7.5743,0.1296,lateral,0.7534,5.0800,0.1369,-0.1275,0.0498,0.2778,0.1282,0.0000
1.2012,6.4884,0.4219,path,2.2422,4.1200,0.0151,-1.1511,0.3434,0.5974,0.3217,0.7542
0.3962,3.4635,0.0878,straight,1.0103,5.9800,0.3962,-0.3893,0.0734,0.3176,0.1219,0.0000
0.1698,36.4174,0.0894,path,1.7887,7.1600,0.0170,0.1698,0.0016,0.6241,0.3305,0.8597
0.1917,11.8375,0.0924,combined,1.2221,6.3200,0.1917,-0.1916,0.0075,0.5251,0.1670,0.0000
2.1309,33.4031,0.7525,path,3.2016,5.3000,0.0167,-2.1239,0.1726,0.7121,0.2401,0.8363
1.2145,45.1673,0.3950,path,1.6118,7.6400,0.0123,-0.7335,0.9680,0.6930,0.3244,0.6141
1.0368,1.4826,0.2873,path,1.8350,4.5400,0.0120,-0.9667,0.3748,0.4214,0.2242,0.6013
1.1904,32.1840,0.4430,path,1.3529,4.8800,0.0133,-1.0404,0.5784,0.4754,0.2852,0.6682
0.0622,9.1546,0.0241,turn,0.0000,4.5800,0.0000,nan,nan,0.1096,0.0476,0.0000
0.1241,8.3197,0.0477,combined,0.6881,5.1400,0.1241,-0.0957,0.0789,0.4313,0.1104,0.0000
2.3073,3.0595,0.4722,path,5.5417,7.9200,0.0172,-2.0965,0.9636,0.8828,0.4752,0.8592
0.4235,0.1696,0.0443,straight,1.4541,7.0400,0.4235,-0.4230,0.0205,0.4411,0.1607,0.0000
0.6960,34.0024,0.2924,path,1.3274,5.6800,0.0096,-0.3871,0.5784,0.4024,0.2698,0.4793
0.0937,8.7347,0.0357,straight,0.7562,7.6200,0.0937,-0.0710,0.0611,0.2575,0.1024,0.0000
1.6250,5.3645,0.6910,path,4.3457,6.0600,0.0158,-1.5993,0.2879,0.7940,0.4567,0.7890
0.1053,1.0114,0.0196,combined,0.1618,5.9400,0.1028,-0.0966,0.0419,0.1376,0.0570,0.0000
1.7745,5.3153,0.4704,path,3.3977,6.5400,0.0110,-1.7624,0.2068,0.5392,0.2430,0.5477
1.1366,39.2239,0.0716,path,1.7295,7.1800,0.0104,-1.1366,0.0017,0.6594,0.1327,0.5203
0.3097,62.7704,0.3134,path,3.2239,6.9000,0.0144,0.0024,0.3097,1.1990,0.5125,0.7168
0.0615,1.9426,0.0489,turn,0.0000,5.4800,0.0000,nan,nan,0.1666,0.0550,0.0000
1.4921,6.0239,0.5463,path,2.8060,4.9800,0.0113,-1.4807,0.1844,0.6901,0.3927,0.5635
0.0371,0.0845,0.0700,stand,0.0000,7.7400,0.0000,nan,nan,0.0940,0.0335,0.0000
1.1352,26.4316,0.5424,path,2.8183,6.2200,0.0117,-1.1308,0.0991,0.6340,0.3096,0.5912
0.0838,0.2740,0.0607,turn,0.0000,6.3800,0.0000,nan,nan,0.3613,0.0811,0.7473
0.0411,1.7662,0.0572,lateral,0.0886,5.8600,0.0293,-0.0260,0.0318,0.1237,0.0431,0.0000
1.0978,12.5763,0.3381,path,2.1142,6.2800,0.0084,-1.0972,0.0349,0.7165,0.2283,0.4216
0.8596,7.0067,0.2934,path,1.8687,6.6200,0.0090,-0.8093,0.2897,0.4982,0.2112,0.4489
0.1627,7.7115,0.0332,lateral,0.8000,7.4600,0.1615,-0.0633,0.1499,0.3328,0.1067,0.0000
0.0812,4.7556,0.0555,lateral,1.1203,6.9600,0.0812,-0.0287,0.0760,0.5470,0.1647,0.0000
0.8980,76.2488,1.0253,path,2.3457,6.5000,0.0167,-0.8510,0.2866,1.0188,0.3305,0.8350
0.7769,4.2363,0.2977,path,1.6752,5.7400,0.0061,-0.7757,0.0436,0.3330,0.1776,0.3069
0.0581,8.0951,0.0707,straight,1.6046,6.3200,0.0581,-0.0521,0.0259,0.5859,0.2508,0.0000
0.1017,9.7504,0.0766,lateral,0.3008,5.9200,0.0287,0.0997,0.0199,0.2313,0.0809,0.0000
0.3921,5.4610,0.0987,straight,1.7669,6.2800,0.3921,-0.3642,0.1451,0.5580,0.2313,0.0000
1.3738,10.9876,0.6561,path,4.7379,7.9800,0.0125,-1.3579,0.2082,0.7184,0.4367,0.6245
0.1217,1.9664,0.0840,lateral,0.8904,6.4000,0.1217,-0.1208,0.0154,0.4448,0.1295,0.0000
0.1197,1.1597,0.0631,straight,0.8996,5.2800,0.1197,-0.1197,0.0006,0.4026,0.1630,0.0000
1.3732,21.3743,0.3769,path,1.8390,5.8000,0.0140,-1.3159,0.3925,0.7059,0.2724,0.7004
0.1633,11.7049,0.0974,combined,1.6118,6.2400,0.0874,0.1629,0.0114,0.9083,0.2864,0.0000
0.0812,3.6277,0.0416,combined,0.6841,7.4000,0.0779,-0.0772,0.0251,0.2863,0.1060,0.0000
0.2010,4.3594,0.0524,turn,0.0000,4.4200,0.0000,nan,nan,0.1839,0.0793,0.0000
0.2257,3.1875,0.0783,combined,1.4761,5.2600,0.2257,-0.2237,0.0301,0.5146,0.2626,0.0000
0.1362,5.3680,0.0613,turn,0.0000,6.2800,0.0000,nan,nan,0.2144,0.0736,0.0000
0.8811,40.5044,0.3169,path,2.6324,7.9200,0.0082,-0.2929,0.8310,0.7915,0.3507,0.4106
0.0510,4.7800,0.0124,turn,0.0000,5.5000,0.0000,nan,nan,0.3174,0.0691,0.0000
0.1562,9.4297,0.0311,straight,0.4731,4.4400,0.1562,-0.1559,0.0086,0.1741,0.0937,0.0000
0.0181,0.8574,0.0528,stand,0.0000,6.2400,0.0000,nan,nan,0.0723,0.0238,0.0000
0.9875,14.6650,0.3479,path,2.3416,6.8800,0.0079,-0.9874,0.0141,0.3892,0.2258,0.3945
0.3765,6.9215,0.1437,combined,1.5832,4.2000,0.3765,-0.3714,0.0618,0.5754,0.3265,0.0000
0.2312,3.8721,0.0719,straight,1.5396,7.7600,0.2312,-0.2223,0.0637,0.5106,0.1832,0.0000
0.1017,2.4602,0.0039,straight,0.9891,7.6600,0.0953,-0.0461,0.0907,0.3720,0.1404,0.0000
1.1977,22.1680,0.2523,path,2.6669,7.4200,0.0084,-1.1851,0.1732,0.7849,0.2740,0.4176
0.1204,13.3237,0.1095,combined,1.6646,7.2400,0.1204,-0.1092,0.0506,0.6667,0.2268,0.0000
1.1349,25.0483,0.2634,path,0.1359,7.7000,0.0132,-1.0641,0.3945,0.9868,0.4274,0.6606
0.3274,10.4303,0.0224,lateral,0.8012,5.4600,0.3148,-0.1435,0.2943,0.5741,0.1421,0.7642
1.3843,17.9706,0.5628,path,3.3625,5.6200,0.0125,-1.3332,0.3726,0.7757,0.4550,0.6235
0.4523,4.3892,0.0754,combined,1.9282,6.4000,0.4523,-0.4386,0.1104,0.7965,0.2229,0.0000
0.1019,9.1908,0.0559,straight,0.4082,7.3600,0.0946,-0.0092,0.1015,0.1451,0.0685,0.0000
0.3303,1.1025,0.0956,combined,1.3147,5.8400,0.3303,-0.3303,0.0012,0.4621,0.1719,0.0000
0.3132,6.3853,0.1616,combined,1.5495,5.7800,0.3132,-0.2719,0.1555,0.5485,0.2139,0.0000
1.7585,49.3249,0.8817,path,5.7449,7.9000,0.0170,-1.7288,0.3217,1.0004,0.5552,0.8042
1.4214,34.0687,0.5958,path,4.7335,7.9400,0.0124,-1.2784,0.6212,0.6825,0.5208,0.6196
0.1122,3.3344,0.0519,turn,0.0000,4.0800,0.0000,nan,nan,0.2093,0.0696,0.0000
0.1840,0.5538,0.0726,turn,0.0000,7.2400,0.0000,nan,nan,0.1498,0.0542,0.0000
0.0871,3.2457,0.0259,lateral,1.0501,7.0400,0.0871,-0.0863,0.0121,0.5861,0.1530,0.0000
0.0483,0.6512,0.0729,turn,0.0000,6.4600,0.0000,nan,nan,0.1486,0.0521,0.0000
1.2838,20.4254,0.4218,path,1.9366,4.5200,0.0099,-1.2747,0.1524,0.8047,0.2736,0.4967
0.1856,8.2538,0.1949,combined,2.1277,5.6600,0.1856,-0.1704,0.0736,0.6896,0.3467,0.0000
1.3760,29.1741,0.3788,path,2.4798,5.6000,0.0106,-1.3065,0.4317,0.4853,0.2635,0.5289
1.3958,11.3496,0.5453,path,3.1619,7.2600,0.0070,-1.3933,0.0836,0.5505,0.2575,0.4505
1.3363,10.9300,0.6394,path,2.4807,7.3600,0.0112,-1.3340,0.0772,0.6407,0.2588,0.5625
0.2130,11.5788,0.0654,straight,0.9319,6.6800,0.2130,-0.2124,0.0164,0.3018,0.1287,0.0000
0.6768,31.6285,0.2099,path,1.4008,6.9000,0.0063,-0.5527,0.3906,0.8695,0.2305,0.3168
0.0934,5.7936,0.0673,combined,1.4276,7.6400,0.0854,-0.0933,0.0048,0.7319,0.1774,0.0000
0.0699,1.6140,0.0438,lateral,1.4602,6.4800,0.0699,-0.0383,0.0584,0.8100,0.2277,0.0000
1.7705,6.1632,1.3137,path,3.8106,5.1200,0.0167,-1.7278,0.3863,1.3260,0.5127,0.8407
0.0624,5.1925,0.0790,turn,0.0000,7.6400,0.0000,nan,nan,0.1271,0.0505,0.0000
0.1494,6.3043,0.0393,straight,0.3751,7.2400,0.1490,-0.1489,0.0126,0.1518,0.0576,0.0000
0.9552,18.4044,0.2259,path,1.3326,6.0600,0.0104,-0.7949,0.5297,0.7298,0.1752,0.5531
0.0997,5.6105,0.0347,combined,1.1885,7.3800,0.0997,-0.0370,0.0926,0.5959,0.1915,0.0000
1.1426,5.7827,0.4950,path,2.7307,6.8200,0.0107,-1.1164,0.2436,0.5524,0.2893,0.5345
1.3661,6.3979,0.3460,path,2.8938,7.0000,0.0093,-1.3563,0.1637,0.4590,0.2448,0.4633
1.1608,37.8209,0.7711,path,3.5786,6.7400,0.0173,-1.1572,0.0907,1.0616,0.4932,0.8616
0.8231,28.4147,0.4449,path,1.9069,5.7800,0.0082,-0.7374,0.3657,0.8991,0.3645,0.4118
0.0129,6.0711,0.0482,turn,0.0000,6.2400,0.0000,nan,nan,0.1881,0.0588,0.0000
0.2512,16.9877,0.2813,path,1.1181,4.6000,0.0068,-0.2242,0.1134,0.7108,0.2884,0.3424
0.6974,15.5241,0.1553,path,1.2650,4.3400,0.0062,-0.6965,0.0352,0.7444,0.1657,0.3082
0.2001,5.5909,0.0291,combined,0.9215,6.6400,0.2001,-0.1617,0.1178,0.4427,0.1379,0.0000
0.1418,3.8726,0.0458,turn,0.0000,5.9000,0.0000,nan,nan,0.2287,0.0646,0.0000
0.0574,5.3136,0.0597,turn,0.0000,7.8800,0.0000,nan,nan,0.1819,0.0558,0.0000
0.3300,4.6677,0.1299,straight,1.7145,6.1200,0.3300,-0.2841,0.1678,0.6033,0.2447,0.0000
0.8639,11.6288,0.2890,path,1.2978,4.3200,0.0061,-0.8582,0.0992,0.7549,0.2608,0.3023
0.9165,3.3771,0.3189,path,1.8436,5.5200,0.0068,-0.9161,0.0264,0.3498,0.1877,0.3390
1.5136,29.9642,0.2670,path,2.1175,4.1600,0.0122,-1.5018,0.1884,0.3713,0.1910,0.6104
1.9438,4.0159,0.2621,path,3.3070,7.9800,0.0131,-1.6984,0.9453,0.6330,0.2906,0.6551
1.1466,15.7463,0.4309,path,2.5399,7.3400,0.0093,-0.9935,0.5724,0.6325,0.2443,0.4664
0.0658,2.4303,0.0454,turn,0.0000,4.9400,0.0000,nan,nan,0.1664,0.0597,0.0000
0.8799,11.0749,0.1867,path,2.2800,7.4600,0.0043,-0.8750,0.0925,0.7838,0.2092,0.3062
0.7954,0.9126,0.2094,path,0.2606,6.4200,0.0126,0.2344,0.7601,0.8212,0.2173,0.6971
0.8535,30.2660,0.1731,path,0.5595,6.3800,0.0102,-0.7728,0.3624,0.6411,0.2159,0.5126
1.5556,14.7862,0.8326,path,4.9768,6.8400,0.0149,-1.5553,0.0266,0.9157,0.5310,0.7420
1.2765,4.4088,0.3819,path,0.5429,7.1800,0.0161,-1.2708,0.1206,0.5869,0.3249,0.8061
1.2054,21.3942,0.4139,path,1.8074,5.9200,0.0105,-1.2030,0.0758,0.7141,0.1833,0.5263
0.7918,21.3939,0.2926,path,1.3124,4.3600,0.0080,-0.7581,0.2287,0.6049,0.2936,0.3990
0.7537,49.9254,0.3204,path,1.6207,4.2400,0.0082,-0.6894,0.3046,0.5260,0.2277,0.4063
0.1441,4.3675,0.0617,lateral,0.2339,4.0600,0.1441,-0.1015,0.1023,0.1304,0.0612,0.0000
0.1552,7.7106,0.0297,straight,1.9787,7.1200,0.1548,-0.1024,0.1167,1.0196,0.2771,0.0000
1.3301,19.3798,0.8116,path,3.1385,7.6000,0.0164,-0.7053,1.1278,0.9523,0.5391,0.8190
1.0877,13.8656,0.5972,path,2.3454,4.1000,0.0119,-1.0861,0.0589,0.6187,0.3213,0.5921
0.0811,2.9468,0.0261,lateral,0.5889,7.8000,0.0682,-0.0682,0.0438,0.3284,0.0854,0.0000
0.9018,2.5280,0.3033,path,2.6608,7.8200,0.0053,-0.8473,0.3089,0.4384,0.2591,0.3488
2.2124,9.3422,0.7182,path,4.1576,7.7600,0.0172,-1.9993,0.9474,0.7777,0.4248,0.8576
2.4651,32.4718,0.8205,path,2.9978,4.0000,0.0164,-2.4469,0.2985,0.7662,0.1866,0.8177
0.0998,7.6183,0.1079,lateral,0.2144,5.8000,0.0050,0.0898,0.0435,0.2017,0.0757,0.0000
0.6887,20.1571,0.2717,path,1.2657,4.2000,0.0085,-0.6438,0.2447,0.3846,0.1511,0.4231
0.2187,11.6201,0.0458,lateral,1.0677,4.9000,0.2167,-0.2117,0.0549,0.5124,0.1768,0.0000
0.2084,6.7732,0.0636,combined,0.9795,5.8000,0.2084,-0.2053,0.0359,0.4333,0.1416,0.0000
1.2465,7.8620,0.4182,path,2.8994,6.8000,0.0077,-1.2435,0.0858,0.4706,0.2923,0.4317
0.1752,2.3561,0.0184,straight,0.2528,4.5200,0.1552,-0.1053,0.1400,0.2055,0.0626,0.0000
1.0570,15.9321,0.3468,path,2.1775,7.7200,0.0092,-1.0545,0.0736,0.5023,0.2556,0.4632
1.1998,7.8709,0.6736,path,3.3422,4.3600,0.0155,-1.1871,0.1745,1.0435,0.5065,0.7744
1.4971,6.6845,0.6199,path,4.0058,7.5800,0.0107,-1.4922,0.1213,0.7112,0.4109,0.5355
0.7325,9.3234,0.1828,path,1.4535,4.7200,0.0066,-0.7303,0.0573,0.3139,0.1479,0.3322
0.0521,5.9638,0.0611,combined,0.2100,5.5600,0.0473,-0.0521,0.0019,0.1408,0.0578,0.0000
0.0058,0.4292,0.0369,stand,0.0000,4.2600,0.0000,nan,nan,0.0649,0.0282,0.0000
1.3457,24.1258,0.4991,path,3.4552,7.7200,0.0093,-1.3010,0.3441,0.5404,0.2881,0.4669
0.2202,3.3325,0.0429,straight,1.2516,7.2000,0.2181,-0.2039,0.0832,0.4069,0.1574,0.0000
0.2115,4.6993,0.0693,straight,0.8906,4.1400,0.2115,-0.2112,0.0101,0.3028,0.1733,0.0000
0.1785,8.8955,0.0140,turn,0.0000,7.6200,0.0000,nan,nan,0.1783,0.0714,0.0000
1.2353,1.4596,0.2411,path,2.4848,6.0200,0.0089,-1.2302,0.1128,0.5937,0.2832,0.4434
0.0312,2.4379,0.0272,turn,0.0000,7.7600,0.0000,nan,nan,0.1247,0.0457,0.0000
0.1380,2.1646,0.0240,combined,1.6297,7.2000,0.1380,-0.1212,0.0661,0.6384,0.2163,0.0000
0.0472,6.1180,0.0354,turn,0.0000,7.8400,0.0000,nan,nan,0.2771,0.0635,0.0000
0.3446,2.5326,0.1626,straight,1.7938,4.2000,0.3446,-0.3444,0.0129,0.7056,0.3499,0.0000
0.1781,7.3476,0.0362,straight,1.3073,7.8600,0.1758,-0.1495,0.0969,0.4363,0.1593,0.0000
0.9198,8.0596,0.3410,path,1.6844,5.0800,0.0067,-0.9193,0.0304,0.4440,0.2168,0.3344
1.6748,34.9795,0.6027,path,3.5656,6.1800,0.0128,-1.5351,0.6698,0.6536,0.3903,0.6405
1.4737,17.9421,0.5421,path,3.1506,4.9600,0.0132,-1.4736,0.0120,0.7908,0.3697,0.6336
0.1050,0.0350,0.0151,straight,1.5876,7.2200,0.0234,0.1049,0.0014,0.8355,0.2611,0.0000
1.3696,45.3279,0.4607,path,3.3969,5.4000,0.0147,-1.3052,0.4152,0.8306,0.4161,0.7393
1.0655,13.2354,0.2682,path,0.9757,7.5600,0.0151,-0.1529,1.0545,0.5802,0.2859,0.7554
0.0983,12.1189,0.0592,turn,0.0000,6.2000,0.0000,nan,nan,0.1681,0.0534,0.0000
0.0830,12.1325,0.0828,turn,0.0000,6.3000,0.0000,nan,nan,0.2351,0.0538,0.0000
0.3728,0.0251,0.0847,straight,1.9757,4.9400,0.3728,-0.3706,0.0407,0.7289,0.3363,0.0000
0.8885,0.6022,0.2513,path,1.8246,5.8200,0.0066,-0.8884,0.0133,0.4785,0.2093,0.3294
0.0053,0.8953,0.0574,stand,0.0000,6.2600,0.0000,nan,nan,0.0872,0.0311,0.0000
0.1180,2.1636,0.0838,straight,1.7825,7.4400,0.1180,-0.1140,0.0305,0.7541,0.2405,0.0000
0.4892,13.2860,0.0992,straight,1.7906,5.6800,0.4892,-0.4854,0.0607,0.4607,0.2361,0.0000
0.4485,4.1295,0.0865,combined,1.7899,4.4200,0.4485,-0.4476,0.0287,0.9302,0.3482,0.0000
1.0842,5.0827,0.3220,path,2.1609,5.7000,0.0079,-1.0827,0.0571,0.3781,0.2062,0.3936
1.6350,23.2458,0.5100,path,2.9825,5.5600,0.0120,-1.5308,0.5743,0.7788,0.3374,0.5989
0.9591,33.8728,0.3442,path,1.5087,4.2800,0.0086,-0.9338,0.2188,0.3587,0.2053,0.4289
1.7401,20.7325,0.4901,path,3.4812,5.0400,0.0173,-1.6787,0.4582,0.7214,0.4120,0.8673
1.7722,25.7182,0.9405,path,4.1126,6.6400,0.0110,-1.7168,0.4397,0.9720,0.4173,0.8280
0.2674,9.2993,0.0092,lateral,0.7264,4.6600,0.2672,-0.2657,0.0301,0.2693,0.1040,0.0000
0.1165,10.0355,0.0439,combined,0.8575,7.6800,0.1073,-0.0554,0.1025,0.4588,0.1261,0.0000
1.7906,7.2874,0.4235,path,2.9071,6.1000,0.0134,-1.7254,0.4789,0.6559,0.2552,0.6699
1.7834,1.4865,0.3600,path,2.9412,5.5400,0.0157,-1.6723,0.6196,0.6076,0.2928,0.7875
1.0523,7.2490,0.5587,path,3.1094,6.3600,0.0099,-1.0514,0.0437,0.6449,0.3651,0.4964
0.9252,0.8811,0.4512,path,1.4765,7.1600,0.0155,-0.5506,0.7436,0.7356,0.4591,0.7744
0.0810,3.0707,0.0651,lateral,1.1509,5.4800,0.0294,0.0410,0.0698,0.7837,0.2285,0.0000
1.6800,4.1588,0.6843,path,3.5035,4.8200,0.0166,-1.6621,0.2445,0.7428,0.4597,0.8307
0.6059,11.3485,0.3146,path,1.1473,4.5200,0.0074,-0.5405,0.2737,0.4094,0.2087,0.3701
0.0450,2.7101,0.0248,stand,0.0000,6.7400,0.0000,nan,nan,0.1266,0.0316,0.0000
1.0706,21.0509,0.3312,path,2.2212,5.1800,0.0148,-0.9095,0.5648,0.6625,0.4480,0.7419
0.1117,8.1728,0.0709,straight,0.1840,5.6800,0.0445,0.0672,0.0892,0.1727,0.0640,0.0000
0.0413,5.6361,0.0601,lateral,0.0611,7.3400,0.0273,-0.0395,0.0122,0.1421,0.0518,0.0000
0.0861,5.8960,0.0850,turn,0.0000,4.9800,0.0000,nan,nan,0.2325,0.0678,0.0000
0.8776,21.9418,0.2856,path,2.1678,6.7800,0.0061,-0.8163,0.3223,0.8104,0.2152,0.3235
0.0285,4.0239,0.0608,combined,1.3767,7.5400,0.0285,-0.0285,0.0001,0.6715,0.1813,0.0000
0.2347,7.4976,0.0792,lateral,1.3104,4.8600,0.2347,-0.1854,0.1440,0.6727,0.2376,0.0000
0.8384,39.3189,0.2622,path,2.3731,5.7600,0.0095,-0.4423,0.7122,0.8076,0.3676,0.6724
0.8550,10.1752,0.3112,path,2.3122,7.7000,0.0083,-0.6873,0.5087,0.6317,0.3340,0.4149
0.1010,4.3015,0.0919,turn,0.0000,4.4400,0.0000,nan,nan,0.2375,0.0526,0.0000
0.0628,1.4375,0.0762,turn,0.0000,5.4800,0.0000,nan,nan,0.2408,0.0680,0.0000
0.8952,9.7340,0.4509,path,2.1912,6.4400,0.0074,-0.8634,0.2363,0.4904,0.2804,0.3717
0.3389,4.7355,0.0150,lateral,1.3276,7.8600,0.3381,-0.2796,0.1914,0.4874,0.1466,0.0000
1.5360,19.0626,0.6577,path,4.0967,6.1200,0.0142,-1.4397,0.5354,0.8600,0.4855,0.7111
0.0141,0.3899,0.0183,stand,0.0000,6.3400,0.0000,nan,nan,0.0808,0.0300,0.0000
1.3320,91.1263,0.7855,path,3.4314,4.9200,0.0175,-1.2918,0.3248,1.1291,0.5065,0.8697
0.2074,8.0089,0.0738,lateral,0.7645,7.1800,0.2021,-0.1993,0.0577,0.2736,0.0938,0.0000
0.1116,3.5440,0.0499,combined,0.2383,7.7000,0.0957,-0.0789,0.0790,0.2046,0.0492,0.0000
1.8048,8.7656,0.7893,path,4.6029,6.7000,0.0114,-1.8046,0.0230,0.8874,0.4265,0.6908
1.0287,8.6722,0.4151,path,2.3995,6.0000,0.0084,-0.9988,0.2464,0.6453,0.3360,0.4223
0.0796,0.9180,0.0481,turn,0.0000,4.4800,0.0000,nan,nan,0.2650,0.0682,0.0000
1.4941,6.6756,0.6474,path,4.5402,6.6200,0.0168,-1.2893,0.7551,0.9207,0.5719,0.8411
0.0306,0.0357,0.0377,stand,0.0000,6.8800,0.0000,nan,nan,0.1194,0.0338,0.0000
1.5127,27.4976,0.5235,path,2.0625,6.1600,0.0157,-1.4086,0.5515,0.6141,0.3190,0.7872
0.8715,15.1543,0.3439,path,1.9881,5.4400,0.0091,-0.7784,0.3919,0.4816,0.2750,0.4550
1.0863,45.8763,0.3391,path,2.3179,5.1000,0.0095,-1.0860,0.0252,0.6321,0.2400,0.4766
0.9995,14.3497,0.3838,path,2.0924,5.7200,0.0075,-0.9989,0.0352,0.4957,0.2569,0.3726
0.6001,46.8202,0.2964,path,2.5606,6.7200,0.0155,-0.0227,0.5997,0.7866,0.4586,0.7728
0.1237,6.4449,0.0530,combined,0.2921,7.3200,0.1219,-0.0607,0.1078,0.1326,0.0579,0.0000
1.6972,16.9533,0.9917,path,3.8644,4.7000,0.0166,-1.6964,0.0534,0.9902,0.4878,0.8246
0.4635,7.0576,0.1139,combined,1.9339,5.1200,0.4635,-0.4074,0.2211,1.0917,0.3395,0.0000
0.9731,2.8845,0.4173,path,1.8002,4.7200,0.0080,-0.9677,0.1021,0.5596,0.2435,0.3984
0.0210,1.4832,0.0034,stand,0.0000,6.2800,0.0000,nan,nan,0.0954,0.0243,0.0000
1.9750,20.6002,0.2511,path,2.1927,4.2000,0.0107,-1.9738,0.0686,0.5225,0.1036,0.5316
0.1476,7.8165,0.0161,turn,0.0000,5.7600,0.0000,nan,nan,0.1969,0.0798,0.0000
0.0898,6.4993,0.0081,turn,0.0000,5.0200,0.0000,nan,nan,0.1487,0.0573,0.0000
1.4332,10.6768,0.4369,path,2.8130,5.4600,0.0103,-1.4253,0.1505,0.5638,0.3141,0.5152
1.8608,8.5048,0.6570,path,4.4593,5.8000,0.0162,-1.8403,0.2753,0.9369,0.4969,0.8080
0.1869,1.2213,0.0123,lateral,1.2159,5.6800,0.1851,-0.1226,0.1411,0.6861,0.2072,0.0000
1.4462,23.0840,0.5410,path,3.5737,5.4000,0.0146,-1.4182,0.2833,0.6580,0.4152,0.7270
0.0208,0.3026,0.0467,stand,0.0000,5.0200,0.0000,nan,nan,0.0885,0.0351,0.0000
1.2357,28.8491,0.4949,path,2.5768,7.1200,0.0148,-0.7295,0.9974,0.7346,0.4021,0.7412
0.1543,8.3231,0.1011,combined,1.4503,6.0000,0.1543,-0.1527,0.0220,0.5832,0.2482,0.0000
0.1281,8.9091,0.0174,turn,0.0000,7.0200,0.0000,nan,nan,0.1116,0.0440,0.0000
0.5884,4.1708,0.2718,path,2.1278,6.4400,0.0072,-0.5526,0.2021,0.4398,0.2780,0.3576
1.4680,38.1599,0.3614,path,2.2508,7.3800,0.0159,-0.9981,1.0765,0.6160,0.3803,0.7967
1.3518,21.3485,0.2953,path,2.4807,5.9200,0.0096,-1.3314,0.2339,0.7923,0.2955,0.4830
0.7607,0.1971,0.1861,path,1.5889,5.9000,0.0084,-0.7096,0.2741,0.5606,0.2578,0.4213
0.7300,9.6643,0.4767,path,1.6738,5.5800,0.0061,-0.7297,0.0207,0.5061,0.2286,0.3037
0.1364,1.8114,0.0258,lateral,0.5784,5.9000,0.1341,-0.1289,0.0447,0.3015,0.0903,0.0000
0.0411,5.6642,0.0786,turn,0.0000,4.0800,0.0000,nan,nan,0.1428,0.0612,0.0000
0.1109,0.7387,0.1117,lateral,0.4487,5.0400,0.1109,-0.0888,0.0665,0.2069,0.0824,0.0000
1.3293,22.6363,0.4370,path,3.2886,7.4400,0.0089,-1.3208,0.1504,0.5213,0.2657,0.4446
0.8521,33.3685,0.6258,path,0.1407,7.9400,0.0162,-0.8486,0.0770,0.9772,0.5075,0.8122
0.0257,1.5465,0.0281,stand,0.0000,4.5800,0.0000,nan,nan,0.0848,0.0361,0.0000
0.0525,0.8949,0.0262,turn,0.0000,7.9800,0.0000,nan,nan,0.1316,0.0531,0.0000
0.4327,1.0247,0.1190,straight,1.6503,5.8600,0.4327,-0.4309,0.0397,0.5444,0.2187,0.0000
0.0323,6.5730,0.0256,turn,0.0000,6.5200,0.0000,nan,nan,0.1400,0.0458,0.0000
1.2177,8.5333,0.3426,path,2.4832,6.9000,0.0107,-1.1598,0.3713,0.4703,0.2550,0.5372
1.2492,7.3079,0.3654,path,2.4004,6.1400,0.0078,-1.2470,0.0738,0.3902,0.1967,0.3910
0.8458,29.1261,0.2342,path,0.9878,6.8600,0.0101,-0.4515,0.7152,0.3355,0.2254,0.5034
0.1606,6.8403,0.0768,combined,2.2378,5.4800,0.1606,-0.1274,0.0977,1.0918,0.4075,0.0000
0.1054,8.4742,0.0452,turn,0.0000,6.1000,0.0000,nan,nan,0.1832,0.0632,0.0000
0.1258,15.8756,0.0228,lateral,0.7739,5.9000,0.1258,-0.1192,0.0400,0.3693,0.1290,0.0000
1.8786,10.0187,0.2402,path,2.1864,4.8200,0.0094,-1.8756,0.1054,0.3169,0.0877,0.4720
1.1401,11.3423,0.5885,path,3.1981,6.4200,0.0111,-1.0510,0.4417,0.6768,0.3970,0.5574
0.0642,4.1017,0.0687,combined,1.2201,6.8000,0.0546,0.0166,0.0621,0.6067,0.1985,0.0000
0.1752,2.3084,0.0218,combined,0.9914,4.3800,0.1747,-0.1595,0.0725,0.6006,0.1971,0.0000
0.2978,7.7749,0.1618,lateral,0.7891,4.3400,0.2978,-0.2852,0.0855,0.2894,0.1260,0.0000
1.1195,11.3056,0.4157,path,2.9490,5.8800,0.0103,-1.0761,0.3087,0.5685,0.3491,0.5172
0.0518,2.1077,0.0391,stand,0.0000,7.4800,0.0000,nan,nan,0.0793,0.0279,0.0000
0.0812,16.5204,0.0286,turn,0.0000,6.5800,0.0000,nan,nan,0.1653,0.0529,0.0000
0.1522,0.3266,0.1128,combined,2.3562,7.9400,0.1522,-0.1332,0.0738,0.7785,0.2872,0.0000
0.9086,48.2551,0.2669,path,2.0182,5.8800,0.0084,-0.8602,0.2925,0.5993,0.2814,0.4222
0.0772,10.8158,0.1313,combined,0.6900,6.0200,0.0735,-0.0116,0.0764,0.3771,0.1512,0.0000
0.8228,20.3835,0.2976,path,1.5856,4.7000,0.0068,-0.8144,0.1173,0.3484,0.2219,0.3397
0.5786,10.9896,0.1257,straight,1.8414,4.4400,0.5786,-0.5644,0.1271,0.5666,0.2908,0.0000
1.0567,15.0804,0.3410,path,2.1131,5.2600,0.0082,-1.0383,0.1966,0.3612,0.2332,0.4092
0.6636,36.1489,0.0583,combined,1.1366,4.3200,0.5410,-0.4476,0.4899,0.6306,0.2638,0.7642
1.0621,22.4200,0.5158,path,1.4953,7.0400,0.0167,0.3580,0.9999,0.9312,0.4528,0.8326
0.0691,1.5848,0.0243,lateral,0.3737,4.4800,0.0691,-0.0368,0.0585,0.2605,0.0968,0.0000
1.4376,2.4687,0.4934,path,3.0665,4.4600,0.0142,-1.4363,0.0603,0.7329,0.3864,0.7119
0.0506,0.7155,0.0929,straight,0.0386,5.8800,0.0020,0.0382,0.0332,0.1404,0.0512,0.0000
0.0171,3.3546,0.0273,stand,0.0000,5.8200,0.0000,nan,nan,0.0715,0.0267,0.0000
1.9182,23.1082,0.6710,path,4.7238,5.6800,0.0173,-1.9174,0.0544,0.9368,0.5703,0.8631
0.1094,5.2426,0.0754,combined,1.1206,7.0200,0.1093,-0.1071,0.0219,0.3948,0.1508,0.0000
0.6833,34.3869,0.2543,path,1.2181,4.2000,0.0035,-0.6281,0.2691,0.6394,0.1896,0.3630
0.4722,7.2971,0.1476,combined,2.0523,5.9000,0.4722,-0.4686,0.0580,0.5387,0.2762,0.0000
0.0259,2.5446,0.0621,turn,0.0000,7.8400,0.0000,nan,nan,0.2061,0.0539,0.0000
0.1982,9.3763,0.0958,combined,0.9558,4.3600,0.1982,-0.1876,0.0637,0.4694,0.1823,0.0000
0.1746,10.9761,0.0229,turn,0.0000,5.9400,0.0000,nan,nan,0.1413,0.0590,0.0000
0.0536,1.3425,0.0449,lateral,1.2363,6.4600,0.0536,-0.0517,0.0143,0.7233,0.1931,0.0000
0.0372,1.7165,0.0138,stand,0.0000,4.4800,0.0000,nan,nan,0.0842,0.0320,0.0000
0.1148,0.8534,0.0427,straight,0.1246,6.2800,0.0957,-0.0873,0.0746,0.1257,0.0491,0.0000
1.4079,10.7136,0.3704,path,2.4511,4.5000,0.0113,-1.4063,0.0674,0.5437,0.2482,0.5644
0.2651,12.2728,0.0234,lateral,0.7152,5.6400,0.2649,-0.2640,0.0242,0.2875,0.0897,0.0000
1.1365,21.8418,0.2275,path,1.7941,4.4400,0.0100,-1.1341,0.0750,0.5453,0.1770,0.4976
0.1503,4.3341,0.0508,straight,0.1461,4.6600,0.1419,-0.1434,0.0449,0.1759,0.0622,0.0000
0.5799,13.8148,0.2025,path,1.0062,5.7000,0.0163,0.4544,0.3604,0.6468,0.3071,0.8139
1.3526,9.5806,0.4462,path,1.9801,6.4200,0.0137,-1.1644,0.6883,0.5158,0.2796,0.6846
0.5352,7.6383,0.3333,path,1.9972,4.9000,0.0091,-0.5137,0.1499,0.6034,0.3479,0.4550
1.2307,2.3851,0.1953,path,1.6744,5.8400,0.0112,-1.1708,0.3794,0.7525,0.1914,0.5615
0.6401,19.1915,0.3492,path,1.4440,4.0000,0.0077,-0.6244,0.1406,0.3901,0.2167,0.3852
0.0306,0.3627,0.0356,stand,0.0000,5.9800,0.0000,nan,nan,0.1407,0.0290,0.0000
1.4993,17.0789,0.7400,path,4.1127,5.5200,0.0150,-1.4343,0.4368,0.9079,0.6113,0.7444
0.2718,4.6681,0.0872,combined,1.6291,7.3000,0.2718,-0.2136,0.1681,0.6566,0.1994,0.0000
0.1782,9.6726,0.0451,straight,1.1571,5.0400,0.1782,-0.1726,0.0442,0.4202,0.2055,0.0000
0.6561,20.7705,0.2570,path,1.5349,5.2200,0.0070,-0.6156,0.2270,0.4345,0.2321,0.3483
0.1307,0.9921,0.0618,turn,0.0000,4.5200,0.0000,nan,nan,0.1815,0.0642,0.0000
1.0959,18.8167,0.4687,path,2.6538,5.8400,0.0096,-1.0333,0.3651,0.5948,0.3556,0.4817
0.3491,3.2588,0.0643,straight,0.6951,4.5200,0.3491,-0.3460,0.0465,0.1734,0.0944,0.0000
0.1570,5.4214,0.0080,combined,0.4473,7.1400,0.1146,-0.0348,0.1531,0.3128,0.0829,0.0000
0.1894,5.1549,0.0840,combined,1.5054,7.5200,0.1894,-0.1868,0.0308,0.3583,0.1827,0.0000
0.1577,7.0477,0.1014,straight,1.4135,6.0600,0.1577,-0.1545,0.0316,0.5124,0.2178,0.0000
0.0264,8.7971,0.1121,combined,1.7995,6.8200,0.0264,-0.0201,0.0172,0.8657,0.2915,0.0000
0.9552,9.0806,0.4138,path,2.8012,6.4800,0.0087,-0.9549,0.0238,0.4962,0.3340,0.4340
0.0866,1.4472,0.0446,lateral,0.1571,5.4400,0.0378,0.0769,0.0399,0.1846,0.0705,0.0000
0.9990,2.6491,0.7305,path,2.4086,4.1000,0.0120,-0.9380,0.3438,0.9451,0.5734,0.5997
0.1032,8.8671,0.0721,turn,0.0000,6.3400,0.0000,nan,nan,0.1415,0.0567,0.0000
1.0569,4.3674,0.3177,path,1.6948,4.3000,0.0079,-1.0556,0.0533,0.3696,0.1858,0.3939
1.2866,23.9247,0.4942,path,2.4688,4.2600,0.0119,-1.2701,0.2052,0.5929,0.3102,0.5927
0.8060,0.2573,0.2800,path,1.3182,5.3200,0.0073,-0.7543,0.2841,0.8817,0.1947,0.3644
0.9879,20.5016,0.2017,path,1.8442,4.5800,0.0101,-0.9625,0.2226,0.3724,0.2136,0.5034
1.1716,19.6063,0.5013,path,1.7690,5.9400,0.0067,-1.0695,0.4784,0.6026,0.2339,0.3335
1.1424,52.2570,0.5929,path,3.0393,6.4200,0.0109,-0.9723,0.5997,0.7273,0.4373,0.5449
0.1947,1.2791,0.0899,straight,1.7100,5.7400,0.1947,-0.1426,0.1325,0.6640,0.2879,0.0000
0.9260,10.6528,0.2108,path,1.5434,7.8600,0.0104,-0.5641,0.7343,0.7979,0.3147,0.5210
1.0398,42.3421,0.5534,path,3.2605,5.8400,0.0012,-1.0245,0.1776,1.0253,0.4206,0.5662
0.0569,3.1306,0.0506,lateral,0.1050,7.9600,0.0282,0.0223,0.0523,0.1507,0.0562,0.0000
0.2101,3.1678,0.0191,straight,0.7688,6.9400,0.2101,-0.2096,0.0137,0.2602,0.0966,0.0000
0.0390,1.9623,0.0211,stand,0.0000,6.6800,0.0000,nan,nan,0.0878,0.0290,0.0000
0.9753,0.4710,0.4303,path,3.4569,7.6800,0.0102,-0.9538,0.2035,0.5595,0.3655,0.5112
1.7808,33.8785,0.6038,path,3.2991,4.5600,0.0188,-1.7015,0.5258,0.9618,0.4254,0.9383
0.1384,2.5687,0.0099,straight,0.7779,6.5200,0.1378,-0.1381,0.0098,0.2595,0.1120,0.0000
1.8168,13.6239,1.0636,path,4.6641,5.5600,0.0169,-1.7920,0.2993,1.1684,0.5501,0.8408
0.8046,41.1206,0.3142,path,0.1805,6.8400,0.0132,-0.8029,0.0520,0.5428,0.3063,0.6617
0.2099,0.3077,0.1615,lateral,1.3311,5.8800,0.2099,-0.2031,0.0532,0.6321,0.1969,0.0000
0.3256,6.0655,0.1622,lateral,1.1248,5.8800,0.3256,-0.3172,0.0739,0.5204,0.1531,0.0000
0.0695,0.6020,0.0739,turn,0.0000,6.6400,0.0000,nan,nan,0.2695,0.0695,0.0000
1.2765,15.2572,0.5856,path,2.7992,5.5800,0.0123,-1.2052,0.4204,0.6306,0.3526,0.6185
1.4876,17.1731,0.3846,path,2.1686,6.0000,0.0130,-1.4348,0.3930,0.4189,0.2144,0.6509
1.1948,54.1891,0.5269,path,0.7633,6.8000,0.0176,-1.0542,0.5624,0.7728,0.4030,0.8822
0.6799,13.4586,0.3296,path,1.9017,7.3200,0.0019,-0.6317,0.2514,0.5196,0.2252,0.3038
0.2176,9.0020,0.0419,lateral,1.0943,6.0200,0.2176,-0.1541,0.1536,0.5442,0.1641,0.0000
0.0473,12.7561,0.0473,combined,0.9319,6.4200,0.0473,-0.0472,0.0017,0.4055,0.1564,0.0000
1.1741,25.5700,0.3665,path,2.3587,4.8600,0.0100,-1.1623,0.1659,0.6102,0.3213,0.5003
0.0348,4.9251,0.0596,turn,0.0000,4.2200,0.0000,nan,nan,0.2106,0.0598,0.0000
1.0520,20.3116,0.3978,path,1.9189,4.6200,0.0090,-1.0185,0.2631,0.4576,0.2834,0.4520
1.3232,19.6396,0.4317,path,2.8694,7.3200,0.0105,-1.1610,0.6348,0.4512,0.3052,0.5253
2.5119,3.8185,0.6568,path,4.0474,5.2800,0.0154,-2.5054,0.1815,0.7431,0.2961,0.7688
1.3735,1.6128,0.7617,path,3.4686,6.2800,0.0169,-1.1237,0.7898,1.0090,0.5699,0.8467
0.0349,0.2123,0.0235,stand,0.0000,4.3200,0.0000,nan,nan,0.0875,0.0328,0.0000
1.1845,30.6032,0.4407,path,2.1022,5.3200,0.0120,-1.1123,0.4075,0.4681,0.2851,0.5991
0.3166,5.2363,0.1249,straight,1.6660,7.5800,0.3166,-0.2982,0.1063,0.5377,0.1961,0.0000
0.0447,3.1792,0.0619,stand,0.0000,6.5800,0.0000,nan,nan,0.1164,0.0374,0.0000
0.1331,4.6905,0.0280,turn,0.0000,6.0600,0.0000,nan,nan,0.1777,0.0659,0.0000
0.2388,17.1947,0.1077,straight,1.6236,6.5800,0.2388,-0.2343,0.0463,0.5073,0.2202,0.0000
1.9795,11.1538,0.2949,path,2.9480,5.9800,0.0187,-1.7471,0.9306,0.6405,0.3113,0.9300
0.0244,3.2154,0.0498,stand,0.0000,7.0400,0.0000,nan,nan,0.0828,0.0339,0.0000
0.2300,2.4229,0.1057,lateral,0.7274,4.9000,0.2300,-0.2156,0.0801,0.2950,0.1116,0.0000
1.1523,7.0353,0.4103,path,2.2903,5.0600,0.0091,-1.1507,0.0603,0.4693,0.3193,0.4566
1.7356,17.4228,0.8900,path,2.6277,4.5400,0.0188,-1.7325,0.1029,0.8962,0.3733,0.9463
0.0823,4.6976,0.0949,combined,0.3577,4.6000,0.0823,-0.0822,0.0040,0.2571,0.0872,0.0000
1.3795,29.0727,0.4034,path,2.7765,6.6800,0.0120,-1.1801,0.7143,0.5628,0.3639,0.6021
0.0569,10.2579,0.0331,straight,0.7927,7.6200,0.0473,0.0400,0.0405,0.3252,0.1221,0.0000
1.1574,11.8992,0.2977,path,2.1025,5.2000,0.0089,-1.1232,0.2795,0.6199,0.2835,0.4445
0.2488,0.6748,0.0723,lateral,0.7768,5.4400,0.2488,-0.2432,0.0528,0.2813,0.1119,0.0000
0.1805,0.2696,0.0342,lateral,0.7728,5.5400,0.1805,-0.1761,0.0397,0.3535,0.1184,0.0000
1.5155,20.8270,0.5288,path,4.0425,7.1000,0.0119,-1.4297,0.5028,0.6924,0.3941,0.5975
0.1373,6.2823,0.0424,lateral,1.4214,5.4400,0.1373,-0.1265,0.0536,0.6793,0.2410,0.0000
1.5359,71.0264,0.7926,path,2.6490,5.7000,0.0181,-1.5303,0.1317,0.8436,0.4736,0.9102
0.7427,4.7852,0.1495,path,1.2457,4.1200,0.0079,-0.7368,0.0933,0.2906,0.1595,0.3941
1.5423,2.7787,0.6175,path,4.3148,5.6600,0.0168,-1.5272,0.2151,0.9385,0.5310,0.8365
1.3192,8.0649,0.4576,path,2.6730,5.4200,0.0172,-1.0313,0.8226,0.7935,0.4387,0.8609
1.7013,25.0046,1.0105,path,5.2100,6.2200,0.0186,-1.4060,0.9580,1.1601,0.6765,0.9288
0.8302,55.6749,0.3499,path,1.3207,6.3000,0.0098,-0.5766,0.5974,0.5285,0.2537,0.4915
0.0438,4.9417,0.0556,lateral,0.3162,7.1800,0.0211,0.0413,0.0147,0.2260,0.0699,0.0000
0.9301,6.9880,0.5520,path,2.4699,5.7000,0.0090,-0.8739,0.3183,0.5794,0.3391,0.4519
0.5994,5.0471,0.2549,path,1.6730,7.9000,0.0060,-0.5028,0.3263,0.5723,0.2448,0.3003
1.1437,36.3478,0.3511,path,1.3066,7.8000,0.0170,-1.1291,0.1818,0.5222,0.3155,0.8511
0.1053,5.1814,0.0684,straight,0.2283,7.7600,0.0175,0.0975,0.0397,0.1558,0.0668,0.0000
0.1478,11.1807,0.0648,turn,0.0000,4.4200,0.0000,nan,nan,0.1363,0.0523,0.0000
0.1171,3.2524,0.0788,turn,0.0000,6.3400,0.0000,nan,nan,0.2181,0.0635,0.0000
1.1398,9.5974,0.4371,path,3.3016,7.8600,0.0097,-1.0462,0.4524,0.5463,0.3327,0.4863
0.1999,4.6826,0.1254,combined,1.6491,4.9000,0.1999,-0.1999,0.0021,0.6959,0.3215,0.0000
0.0947,2.3350,0.0293,turn,0.0000,7.3600,0.0000,nan,nan,0.2180,0.0584,0.0000
0.0202,15.0530,0.0790,turn,0.0000,5.5400,0.0000,nan,nan,0.1485,0.0616,0.0000
0.3146,9.8287,0.0648,combined,1.8434,7.4800,0.3146,-0.2635,0.1718,0.9301,0.2420,0.0000
0.0078,2.0449,0.0420,stand,0.0000,7.6400,0.0000,nan,nan,0.0987,0.0283,0.0000
0.9677,14.5248,0.2720,path,1.8610,5.7800,0.0066,-0.9626,0.0992,0.4991,0.1799,0.3283
0.0566,2.3385,0.0746,straight,0.3295,7.9800,0.0391,0.0285,0.0489,0.1508,0.0657,0.7473
0.1042,16.5122,0.0210,path,1.8637,7.4200,0.0094,0.0991,0.0320,0.5851,0.3058,0.4722
1.1394,59.4707,0.0854,path,2.1946,6.2400,0.0114,-0.8593,0.7483,0.7118,0.2548,0.5677
0.0518,1.5851,0.0636,turn,0.0000,7.3000,0.0000,nan,nan,0.2089,0.0610,0.0000
0.1123,11.9136,0.0009,turn,0.0000,7.4000,0.0000,nan,nan,0.1470,0.0578,0.0000
1.8950,17.6089,0.7348,path,4.7292,6.1000,0.0175,-1.8647,0.3375,0.8499,0.5482,0.8764
1.1190,16.0099,0.4091,path,0.5407,7.7400,0.0176,-1.1159,0.0832,0.7590,0.3933,0.8812
1.2088,15.5645,0.3820,path,2.8639,6.3400,0.0116,-1.1069,0.4858,0.5309,0.3381,0.5800
0.0859,10.7581,0.0295,turn,0.0000,4.1200,0.0000,nan,nan,0.1583,0.0594,0.0000
0.2185,7.7732,0.0925,combined,1.0058,5.1800,0.2185,-0.2096,0.0617,0.4862,0.1330,0.0000
0.0488,2.7946,0.0213,lateral,0.1644,6.2600,0.0390,0.0027,0.0487,0.1391,0.0500,0.0000
0.1599,7.4455,0.0991,straight,1.2402,7.4400,0.1559,-0.0232,0.1582,0.5273,0.1699,0.0000
0.0174,5.9647,0.0055,stand,0.0000,4.8200,0.0000,nan,nan,0.0840,0.0322,0.0000
0.1555,5.0162,0.0394,lateral,0.9938,7.9600,0.1542,-0.1507,0.0381,0.4664,0.1232,0.0000
0.9477,4.7887,0.4114,path,1.5473,4.1800,0.0051,-0.9202,0.2264,0.6570,0.2295,0.4235
0.2330,2.8450,0.1243,straight,1.3957,7.6000,0.2330,-0.2067,0.1076,0.4272,0.1667,0.0000
1.4773,58.6079,0.6394,path,2.4248,5.1800,0.0183,-1.3077,0.6874,0.9405,0.4732,0.9187
0.0683,0.5949,0.0247,turn,0.0000,4.6400,0.0000,nan,nan,0.1873,0.0637,0.0000
1.1316,1.1622,0.4459,path,3.0644,7.1600,0.0131,-0.8531,0.7435,0.7205,0.4012,0.6525
1.3639,9.7181,0.3859,path,2.9268,5.9400,0.0114,-1.3318,0.2943,0.5347,0.2687,0.5673
0.1688,11.0664,0.0770,lateral,1.0653,4.6600,0.1688,-0.1660,0.0309,0.6618,0.1990,0.0000
1.0629,29.3257,0.3934,path,2.6231,6.9800,0.0081,-1.0163,0.3115,0.4782,0.3155,0.4029
0.1807,6.0534,0.0691,combined,1.4518,6.2000,0.1807,-0.1745,0.0466,0.4605,0.2027,0.0000
0.0443,0.4558,0.0081,stand,0.0000,4.1000,0.0000,nan,nan,0.1293,0.0345,0.0000
1.4727,51.9046,0.0755,path,1.7612,5.7000,0.0010,-1.4563,0.2191,0.6441,0.1014,0.3823
1.6248,20.1977,0.6505,path,3.5283,5.1400,0.0188,-1.5251,0.5605,0.8854,0.5523,0.9390
0.0514,6.4870,0.0288,turn,0.0000,7.5200,0.0000,nan,nan,0.1471,0.0479,0.0000
0.9981,1.3546,0.2319,path,2.1086,5.6800,0.0078,-0.9978,0.0252,0.5721,0.3005,0.3900
0.0375,8.6011,0.0323,lateral,0.8594,6.9200,0.0370,-0.0324,0.0190,0.4875,0.1313,0.0000
0.1169,0.5569,0.0075,turn,0.0000,4.2200,0.0000,nan,nan,0.1749,0.0579,0.0000
1.4528,22.0411,0.3130,path,2.3515,4.1800,0.0118,-1.4507,0.0784,0.4878,0.2421,0.5874
0.2317,3.6171,0.0726,combined,1.3595,6.5000,0.2310,-0.1992,0.1182,0.5482,0.1811,0.0000
0.1040,12.7020,0.0278,turn,0.0000,7.9600,0.0000,nan,nan,0.1828,0.0541,0.0000
0.0185,4.5974,0.0540,stand,0.0000,6.0400,0.0000,nan,nan,0.0852,0.0327,0.0000
0.4763,0.6461,0.1049,lateral,1.4192,4.0200,0.4763,-0.4596,0.1250,0.5553,0.2441,0.0000
1.6262,41.1172,0.0524,path,3.0900,5.8200,0.0139,-1.6189,0.1546,0.6819,0.2703,0.6924
1.0243,17.9772,0.5132,path,2.7494,5.4000,0.0102,-0.9189,0.4526,0.6394,0.3590,0.5091
0.1363,3.0769,0.0842,turn,0.0000,7.9800,0.0000,nan,nan,0.1735,0.0537,0.0000
1.4924,9.5878,0.1907,path,2.5013,7.0000,0.0093,-1.4383,0.3979,0.4558,0.1885,0.4658
0.0696,2.1315,0.0302,straight,0.1298,7.1200,0.0200,0.0638,0.0279,0.1555,0.0608,0.0000
0.1453,4.5200,0.0783,lateral,0.3886,7.6400,0.1375,-0.1375,0.0468,0.2004,0.0625,0.0000
0.4986,3.0722,0.0134,combined,2.0719,7.0800,0.4986,-0.4960,0.0508,0.6732,0.2355,0.0000
0.1086,1.5499,0.0225,straight,0.2223,6.6400,0.1086,-0.0808,0.0726,0.1283,0.0530,0.0000
0.0274,0.4932,0.0449,stand,0.0000,7.2200,0.0000,nan,nan,0.1299,0.0343,0.0000
0.2496,1.9431,0.0274,combined,0.7702,4.1400,0.2496,-0.2376,0.0764,0.2730,0.1231,0.0000
0.8949,5.9307,0.2803,path,1.7185,6.9400,0.0059,-0.8924,0.0666,0.7647,0.1699,0.3002
0.1065,9.3117,0.0184,turn,0.0000,7.9800,0.0000,nan,nan,0.1347,0.0522,0.0000
0.2387,7.8999,0.0417,combined,1.8695,7.0200,0.2387,-0.0844,0.2232,0.8034,0.2693,0.0000
1.5784,19.9642,0.6315,path,3.1377,4.2200,0.0172,-1.5586,0.2493,0.8630,0.4270,0.8553
0.8115,42.3616,0.1944,path,0.6080,6.7600,0.0137,-0.5725,0.5751,0.7090,0.2207,0.6848
1.2028,45.8637,0.6488,path,2.4518,5.3200,0.0173,-0.9665,0.7160,0.8122,0.4817,0.8688
1.4241,8.0904,0.6673,path,4.0999,5.4600,0.0165,-1.3814,0.3464,0.9411,0.5752,0.8203
0.8939,3.1237,0.3818,path,1.2568,5.2200,0.0134,-0.5528,0.7025,0.6573,0.3771,0.6768
0.1501,3.1275,0.0617,straight,0.9589,6.7000,0.1499,-0.1492,0.0163,0.3230,0.1355,0.0000
1.5401,17.6531,0.3821,path,2.3021,7.4400,0.0102,-1.5374,0.0921,0.4309,0.1840,0.5099
0.1167,4.3954,0.0369,combined,1.0581,7.6000,0.1114,-0.0844,0.0805,0.3742,0.1543,0.0000
0.9124,5.3724,0.1890,path,1.4569,4.5400,0.0064,-0.9099,0.0673,0.3654,0.1357,0.3209
0.3071,93.0551,0.1390,path,1.2598,7.7200,0.0128,-0.2488,0.1800,0.6717,0.2766,0.6418
0.5350,3.3202,0.0971,combined,1.5466,5.6200,0.5350,-0.5327,0.0494,0.4839,0.2024,0.0000
1.0354,21.3191,0.1982,path,0.2753,7.6000,0.0141,0.6173,0.8312,0.5859,0.2601,0.7041
1.5232,0.7257,0.7031,path,4.2999,6.1200,0.0156,-1.5136,0.1705,0.8958,0.5928,0.7775
0.1249,10.4431,0.0329,straight,0.0158,4.4000,0.0056,0.0554,0.1120,0.1863,0.0607,0.0000
0.2064,7.9404,0.0528,combined,1.8853,6.4000,0.2064,-0.1771,0.1060,0.9092,0.2632,0.0000
0.1402,3.3348,0.0822,lateral,0.9956,5.8400,0.1402,-0.1402,0.0027,0.4369,0.1559,0.0000
1.3717,27.4468,0.4458,path,2.6121,6.1200,0.0095,-1.3327,0.3247,0.4482,0.2694,0.4762
0.0193,7.2374,0.0629,straight,0.2585,4.7800,0.0168,-0.0105,0.0162,0.1454,0.0719,0.0000
1.6446,50.1920,0.4132,path,2.6700,5.3400,0.0172,-1.5145,0.6410,1.0372,0.4978,0.8609
0.9055,4.0721,0.2997,path,2.0494,5.9600,0.0069,-0.9032,0.0643,0.3736,0.2218,0.3439
1.3931,26.8557,0.8383,path,3.5595,6.4600,0.0161,-1.1745,0.7491,0.8549,0.4926,0.8060
0.6211,15.7115,0.2342,path,1.2122,4.3800,0.0071,-0.6181,0.0617,0.5158,0.2441,0.3526
1.5761,13.4161,0.5867,path,3.7936,5.6000,0.0140,-1.5634,0.2004,0.7892,0.4486,0.7002
0.0713,6.6047,0.0414,lateral,0.0589,4.1000,0.0589,-0.0623,0.0347,0.1231,0.0481,0.0000
0.9452,2.2955,0.3103,path,1.7144,5.2600,0.0070,-0.9429,0.0652,0.3687,0.1478,0.3481
0.9982,9.3703,0.3918,path,2.1668,5.3600,0.0104,-0.8940,0.4440,0.5424,0.2791,0.5192
1.3821,12.3901,0.4446,path,2.3244,4.1800,0.0113,-1.3765,0.1244,0.4407,0.2527,0.5629
1.4064,39.8548,0.5620,path,3.9020,7.7600,0.0131,-1.3361,0.4391,0.7172,0.3784,0.6582
0.8476,13.0226,0.1907,path,1.4907,5.7000,0.0082,-0.7665,0.3619,0.3838,0.1693,0.4108
1.3589,24.2975,0.3197,path,2.1046,4.2400,0.0102,-1.3542,0.1128,0.3825,0.1951,0.5103
0.5385,7.5636,0.1215,combined,1.6226,5.4400,0.5385,-0.5352,0.0591,0.4932,0.2020,0.0000
0.0998,0.6541,0.0261,turn,0.0000,5.6400,0.0000,nan,nan,0.1270,0.0542,0.0000
0.7532,33.0104,0.4001,path,2.0212,5.3600,0.0087,-0.5702,0.4921,0.5888,0.2986,0.4345
1.0065,19.0042,0.4037,path,2.0387,4.7400,0.0089,-1.0007,0.1086,0.4099,0.2376,0.4428
0.1412,8.8713,0.0850,lateral,0.8103,6.2800,0.1412,-0.0856,0.1123,0.3583,0.1286,0.0000
0.0676,1.2592,0.0762,turn,0.0000,5.0000,0.0000,nan,nan,0.3480,0.0753,0.0000
0.1286,6.4258,0.0421,lateral,0.5379,5.4600,0.1273,-0.0823,0.0989,0.2371,0.0949,0.0000
0.6936,10.9984,0.2160,combined,1.5293,4.1400,0.6936,-0.6927,0.0347,0.4279,0.2167,0.0000
1.4763,141.0400,0.6907,path,4.5498,6.1400,0.0156,-1.4732,0.0963,0.8666,0.5552,0.7791
1.4496,18.2514,0.5722,path,2.8875,4.4400,0.0135,-1.4488,0.0500,0.6653,0.3820,0.6754
0.7277,4.0685,0.2955,path,1.5844,5.0400,0.0063,-0.7272,0.0252,0.4416,0.2094,0.3144
0.1236,3.1713,0.0185,lateral,0.3146,7.3400,0.0763,0.0523,0.1120,0.2393,0.0682,0.0000
0.9707,25.2512,0.4479,path,2.4912,7.9000,0.0084,-0.7292,0.6408,0.4738,0.3002,0.4208
0.2694,11.4726,0.0988,combined,0.7424,4.0200,0.2694,-0.2537,0.0905,0.3046,0.1352,0.0000
1.6893,14.3552,0.7677,path,2.8376,6.2600,0.0168,-1.4583,0.8526,0.7646,0.4083,0.8370
0.3441,8.1806,0.0637,straight,1.2935,5.4400,0.3441,-0.3414,0.0426,0.4133,0.1849,0.0000
1.6166,12.3312,0.5712,path,3.6445,5.7600,0.0144,-1.5890,0.2976,0.7101,0.3882,0.7200
0.1966,2.7761,0.1125,combined,1.0637,7.0600,0.1966,-0.1802,0.0785,0.3533,0.1353,0.0000
1.4285,20.3068,0.4997,path,2.4351,4.0600,0.0124,-1.4231,0.1243,0.5593,0.2491,0.6208
1.7313,7.8241,0.8657,path,5.3680,6.4600,0.0159,-1.7306,0.0485,1.0267,0.5873,0.8545
0.1827,9.7406,0.0283,turn,0.0000,7.6400,0.0000,nan,nan,0.1556,0.0529,0.0000
0.1167,0.5756,0.1379,lateral,1.1083,4.7000,0.1167,-0.1165,0.0067,0.6367,0.2158,0.0000
0.5064,8.2806,0.3626,path,2.4093,5.5800,0.0092,-0.4983,0.0898,0.8924,0.4879,0.4600
1.1577,31.8864,0.5322,path,2.5580,5.9400,0.0093,-1.1204,0.2916,0.5319,0.2701,0.4648
0.3008,1.8284,0.0401,straight,1.4123,7.2600,0.2958,-0.3002,0.0197,0.4552,0.1723,0.0000
0.1346,8.1993,0.0180,combined,0.4788,7.0800,0.1346,-0.1247,0.0507,0.2190,0.0774,0.0000
1.0853,4.6400,0.3298,path,2.2566,7.1400,0.0072,-1.0639,0.2149,0.3365,0.2012,0.3634
0.9920,28.3849,0.3119,path,1.5537,6.2600,0.0134,-0.6418,0.7564,0.6284,0.2558,0.6690
0.4307,11.2327,0.0466,straight,1.2925,5.2000,0.4307,-0.4237,0.0774,0.3693,0.1826,0.7642
0.1450,6.1434,0.0614,turn,0.0000,7.2400,0.0000,nan,nan,0.1631,0.0574,0.0000
0.0715,7.9876,0.0648,straight,0.1215,6.9000,0.0523,0.0098,0.0709,0.1640,0.0539,0.0000
1.5781,49.1278,0.5866,path,2.4554,6.3600,0.0163,-1.4706,0.5724,0.6401,0.3777,0.8233
0.1657,1.9637,0.0495,straight,0.8136,4.6000,0.1657,-0.1564,0.0547,0.3443,0.1565,0.0000
1.1754,5.9426,0.4444,path,1.9082,4.1600,0.0126,-1.1456,0.2630,0.4602,0.2515,0.6338
0.2177,3.6695,0.1028,lateral,0.2240,5.0600,0.1901,-0.1274,0.1765,0.2094,0.0815,0.0000
0.8680,17.8107,0.3403,path,1.8908,7.4400,0.0061,-0.7836,0.3734,0.3794,0.2080,0.3046
0.1617,4.2771,0.0682,straight,0.6231,6.2200,0.1545,-0.1602,0.0214,0.2243,0.0929,0.0000
0.1790,4.7090,0.1404,combined,0.9673,4.2000,0.1790,-0.1718,0.0504,0.3604,0.2022,0.0000
1.6125,10.6226,0.4661,path,3.3236,6.2600,0.0106,-1.6083,0.1161,0.6288,0.2939,0.5315
0.1731,3.8334,0.1034,turn,0.0000,4.6600,0.0000,nan,nan,0.1659,0.0684,0.0000
0.7983,1.5659,0.3800,path,1.6874,6.1400,0.0103,-0.4852,0.6339,0.4288,0.2436,0.5161
0.2562,13.4608,0.0473,combined,1.1804,6.6800,0.2562,-0.2259,0.1208,0.4494,0.1461,0.0000
0.4005,3.6946,0.1807,combined,2.2371,5.1400,0.4005,-0.3653,0.1641,0.9999,0.4185,0.0000
0.3448,8.0734,0.0890,combined,1.8266,5.3000,0.3448,-0.3442,0.0213,0.6067,0.2924,0.0000
0.0624,2.0382,0.0963,lateral,0.1634,4.8800,0.0006,0.0611,0.0130,0.1443,0.0542,0.0000
0.0357,3.4180,0.0463,stand,0.0000,5.5400,0.0000,nan,nan,0.1542,0.0392,0.0000
0.0355,1.4288,0.0053,stand,0.0000,7.3000,0.0000,nan,nan,0.0822,0.0289,0.0000
0.0713,7.5457,0.0586,turn,0.0000,7.0800,0.0000,nan,nan,0.1141,0.0487,0.0000
1.6155,20.7188,0.7566,path,4.5749,6.4800,0.0161,-1.4672,0.6760,0.8995,0.5824,0.8050
1.5347,10.6354,0.6992,path,3.1211,4.5600,0.0142,-1.5290,0.1329,0.7292,0.4309,0.7090
0.1498,4.5019,0.0307,straight,0.6244,6.3800,0.1498,-0.1380,0.0585,0.2126,0.0970,0.0000
0.0545,8.5922,0.0240,lateral,0.3233,4.7600,0.0420,0.0023,0.0544,0.2251,0.0865,0.0000
0.0677,0.7772,0.0382,straight,0.6150,6.4000,0.0677,-0.0641,0.0217,0.2570,0.0961,0.0000
0.0440,1.7656,0.0344,combined,0.6498,6.6200,0.0440,-0.0352,0.0263,0.3387,0.1010,0.0000
1.1324,23.1618,0.4099,path,1.9467,4.5800,0.0087,-1.1316,0.0433,0.8534,0.4007,0.4333
1.6182,0.3127,0.8897,path,5.1127,7.6600,0.0137,-1.6180,0.0253,0.8752,0.5138,0.6809
0.1876,3.3132,0.0960,straight,1.4016,5.8000,0.1876,-0.1686,0.0822,0.4865,0.2220,0.0000
0.9495,30.6526,0.4110,path,2.4767,5.1800,0.0108,-0.9165,0.2482,0.8251,0.3556,0.5377
0.2220,12.0191,0.0360,combined,1.9264,7.8200,0.2220,-0.1028,0.1968,0.9447,0.2565,0.0000
0.8890,16.6229,0.4088,path,0.8001,7.5400,0.0114,-0.4957,0.7379,0.4879,0.2195,0.5688
0.7970,9.1138,0.2605,path,1.5177,4.6200,0.0068,-0.7964,0.0311,0.2979,0.1659,0.3400
0.2183,3.1534,0.0412,lateral,1.4531,5.6400,0.2183,-0.2118,0.0528,0.7507,0.2320,0.0000
1.0153,41.7577,0.3551,path,1.7300,4.0400,0.0129,-0.9564,0.3410,0.3989,0.2673,0.6459
1.1138,9.0083,0.3711,path,1.9839,4.0000,0.0103,-1.1135,0.0272,0.4135,0.2103,0.5170
0.0658,4.5781,0.0856,turn,0.0000,4.0200,0.0000,nan,nan,0.4049,0.0833,0.0000
0.0738,3.8367,0.0415,turn,0.0000,4.0200,0.0000,nan,nan,0.2806,0.0698,0.0000
0.9082,3.7611,0.3422,path,1.5029,4.0200,0.0113,-0.9081,0.0149,0.4094,0.1968,0.5700
0.3687,7.5158,0.1415,straight,1.8548,4.0400,0.3687,-0.3394,0.1440,0.8069,0.3823,0.0000
2.2534,78.8281,0.2875,path,0.7199,4.6600,0.0165,1.5899,1.5969,1.7017,0.6125,0.8241
0.0415,2.7057,0.0153,turn,0.0000,4.0800,0.0000,nan,nan,0.2140,0.0713,0.0000
1.6436,9.3004,0.8397,path,3.2636,4.0800,0.0168,-1.6435,0.0157,0.9435,0.4289,0.8410
0.3937,7.3364,0.3174,combined,1.8636,4.1000,0.3937,-0.3894,0.0580,0.8997,0.3838,0.8393
0.5115,11.5742,0.2315,path,1.3797,4.1200,0.0067,-0.5106,0.0304,0.4968,0.2214,0.3371
1.1103,28.8296,0.3122,path,1.8737,4.1200,0.0154,-0.9279,0.6097,0.5275,0.3295,0.7669
2.1134,17.4837,0.8747,path,3.9535,4.1400,0.0192,-2.1134,0.0083,0.8554,0.4618,0.9536
0.0470,4.1703,0.0954,turn,0.0000,4.1400,0.0000,nan,nan,0.1625,0.0613,0.0000
0.0693,0.9887,0.0450,straight,0.2052,4.1600,0.0636,-0.0096,0.0687,0.3476,0.0743,0.8327
1.2357,22.5378,0.6782,path,3.6035,5.6200,0.0128,-1.2318,0.0985,0.8811,0.4657,0.6652
1.2942,22.0994,0.3947,path,2.2024,4.1600,0.0119,-1.2671,0.2632,0.4904,0.2802,0.5929
0.2522,13.7653,0.0613,combined,1.1345,4.1600,0.2522,-0.2521,0.0068,0.7347,0.2030,0.3211
1.4084,7.9302,0.5637,path,2.3056,4.1800,0.0144,-1.3863,0.2482,0.7375,0.3186,0.7270
0.3367,12.0657,0.1186,combined,0.8114,4.2000,0.3367,-0.3352,0.0317,0.3960,0.1411,0.0000
0.6815,26.2607,0.3002,path,1.3106,4.2200,0.0100,-0.6067,0.3103,0.4249,0.2516,0.5013
0.1151,11.6043,0.0589,combined,0.4367,4.2400,0.1151,-0.1133,0.0206,0.4146,0.0894,0.0000
0.1437,11.2045,0.0366,straight,0.2859,4.2400,0.1435,-0.1284,0.0646,0.2034,0.0653,0.8500
0.2522,0.3317,0.0562,combined,0.6261,4.2400,0.2522,-0.2520,0.0111,0.5268,0.1615,0.0000
0.1048,6.2428,0.0367,combined,0.8862,7.0400,0.1048,-0.1046,0.0067,0.3085,0.1259,0.7473
0.3759,4.9524,0.2050,lateral,1.1872,4.2800,0.3759,-0.3749,0.0269,0.4952,0.2017,0.0000
1.6879,7.2120,0.8135,path,3.6720,4.2800,0.0175,-1.6788,0.1756,0.9151,0.4895,0.8759
0.1520,1.3455,0.1105,turn,0.0000,4.2800,0.0000,nan,nan,0.4610,0.0892,0.9155
0.3654,9.9771,0.0440,combined,1.3911,4.2800,0.3654,-0.3228,0.1711,0.6335,0.2309,0.4388
0.3453,1.3770,0.1339,straight,1.4424,4.3200,0.3453,-0.3453,0.0036,0.6278,0.2735,0.0000
0.1011,5.2685,0.0827,turn,0.0000,4.3200,0.0000,nan,nan,0.1920,0.0507,0.6124
1.6395,23.0155,0.4770,path,2.5227,4.3200,0.0178,-1.5438,0.5520,0.5715,0.2721,0.8920
1.0357,35.3260,0.4468,path,1.3133,4.3200,0.0157,-0.8118,0.6432,0.4071,0.2264,0.7839
0.0787,1.0578,0.0150,combined,0.2372,4.3600,0.0783,-0.0606,0.0501,0.2441,0.0879,0.7673
2.4189,8.4151,0.3498,path,3.3092,4.3600,0.0158,-2.4021,0.2841,0.6752,0.2557,0.7917
0.3894,5.5850,0.1006,straight,1.7439,4.3600,0.3894,-0.3890,0.0193,0.6153,0.3462,0.0000
0.5017,13.4508,0.1563,combined,1.9732,5.0200,0.5017,-0.4813,0.1416,0.5955,0.2677,0.7642
0.9700,0.4199,0.5942,path,2.4317,4.3600,0.0113,-0.9681,0.0607,0.6152,0.3605,0.5630
0.1003,3.7366,0.0426,lateral,0.5148,4.3800,0.1003,-0.0656,0.0759,0.3894,0.1245,0.7327
0.0984,6.3658,0.0467,straight,0.0033,4.4400,0.0033,-0.0983,0.0044,0.3306,0.0769,0.0000
1.0335,32.3005,0.5221,path,2.2131,4.4800,0.0099,-1.0282,0.1051,0.6275,0.3283,0.4964
0.1263,3.3406,0.1033,turn,0.0000,4.4800,0.0000,nan,nan,0.2429,0.0716,0.3866
0.9799,20.2404,0.3187,combined,2.1452,4.5000,0.9799,-0.4526,0.8691,1.3364,0.6225,0.6232
1.3023,0.9114,0.2510,path,2.0910,4.5400,0.0103,-1.3019,0.0303,0.4719,0.2089,0.5148
0.4994,6.3051,0.0719,combined,1.0853,4.5600,0.4994,-0.4824,0.1292,0.2432,0.1291,0.0000
0.0804,2.2022,0.0668,stand,0.0000,4.6000,0.0000,nan,nan,0.2578,0.0492,0.4430
0.8933,14.2891,0.5063,path,2.6745,4.6200,0.0121,-0.8933,0.0113,0.7228,0.4197,0.6050
1.1222,35.0656,0.2956,path,2.2533,4.6400,0.0139,-0.9954,0.5180,0.6524,0.3448,0.6926
0.2163,1.6691,0.1313,straight,1.8057,4.6800,0.2163,-0.2152,0.0216,0.9406,0.3493,0.0000
0.2616,4.2429,0.1261,straight,1.8386,4.6800,0.2616,-0.2588,0.0383,0.8294,0.3504,0.4897
1.1341,7.5431,0.4411,path,2.2413,4.6800,0.0106,-1.1252,0.1419,0.4650,0.2748,0.5290
0.0350,1.2490,0.0113,stand,0.0000,4.7000,0.0000,nan,nan,0.1220,0.0382,0.7386
0.1230,4.3962,0.0920,straight,1.6160,4.7200,0.1215,-0.0847,0.0892,0.8907,0.3447,0.5889
1.2412,35.7964,0.5704,path,2.2562,4.7200,0.0153,-0.9769,0.7657,0.6371,0.4061,0.7643
0.6311,8.7806,0.2353,path,1.0993,4.7400,0.0089,-0.5013,0.3834,0.3994,0.2088,0.4453
0.3756,20.9313,0.1571,path,0.6523,4.7400,0.0190,0.3661,0.0841,0.7322,0.2884,0.9481
1.4554,24.8639,0.5479,path,2.5142,4.7600,0.0116,-1.4317,0.2619,0.5385,0.2714,0.5792
0.2200,8.9668,0.0876,combined,2.0712,4.7800,0.2200,-0.2190,0.0203,1.1025,0.4024,0.3790
0.1471,1.0117,0.0964,combined,0.5103,4.8000,0.1471,-0.1322,0.0646,0.3124,0.0959,0.8668
0.1271,14.0585,0.0150,turn,0.0000,4.8000,0.0000,nan,nan,0.2925,0.0775,0.0000
0.6970,34.6451,0.1211,path,0.4506,4.8200,0.0192,0.2938,0.6320,0.5468,0.2709,0.9595
0.1800,6.3255,0.0394,straight,0.6848,4.8400,0.1800,-0.1766,0.0349,0.4055,0.1231,0.0000
1.3890,23.8743,0.3464,path,2.4409,4.8200,0.0138,-1.2801,0.5392,0.5710,0.3349,0.6904
0.0250,3.6802,0.0331,stand,0.0000,4.8400,0.0000,nan,nan,0.2171,0.0418,0.0000
0.8317,8.5006,0.3710,path,1.5698,4.8600,0.0065,-0.8316,0.0162,0.4915,0.2004,0.3264
0.4534,3.2648,0.1356,combined,1.8769,4.9000,0.4534,-0.4530,0.0190,0.4866,0.2939,0.0000
0.1809,0.6952,0.0723,lateral,0.3991,4.9000,0.1809,-0.1763,0.0406,0.2613,0.0850,0.0000
0.0519,2.2966,0.0902,lateral,0.3375,4.9200,0.0519,-0.0514,0.0071,0.4617,0.0919,0.0000
0.6946,5.4900,0.4892,path,2.1010,4.9400,0.0089,-0.6797,0.1429,0.5668,0.2976,0.4490
0.1065,5.0977,0.0451,turn,0.0000,4.9600,0.0000,nan,nan,0.4319,0.0849,0.7558
1.1378,78.2438,0.0439,path,1.2141,4.9800,0.0080,-1.1376,0.0176,0.2497,0.0697,0.4000
0.1467,3.4204,0.0436,lateral,0.5565,5.0000,0.1467,-0.1301,0.0679,0.2829,0.1098,0.0000
0.2519,11.0089,0.0530,combined,0.8551,5.0000,0.2519,-0.2069,0.1437,0.4234,0.1841,0.0000
2.1721,1.9828,0.6089,path,4.2623,5.0400,0.0199,-2.1224,0.4617,0.8528,0.4430,0.9953
1.4375,34.6184,0.7207,path,3.7475,5.0600,0.0201,-1.3480,0.4992,0.9875,0.5559,1.0121
1.1356,11.0854,0.3343,path,1.2217,5.0600,0.0110,-1.1214,0.1785,0.5170,0.1644,0.5508
0.7606,14.3565,0.2755,path,1.6178,5.0800,0.0074,-0.7261,0.2263,0.4149,0.2358,0.3694
0.0667,2.3190,0.0367,turn,0.0000,5.1000,0.0000,nan,nan,0.2786,0.0650,0.3174
0.3032,3.9602,0.0950,combined,1.1229,5.1200,0.3032,-0.3020,0.0278,0.6122,0.1724,0.4617
0.1288,1.4914,0.0269,combined,0.5832,5.1400,0.1279,-0.1244,0.0332,0.5396,0.1334,0.0000
0.1878,5.9566,0.1246,straight,1.0884,5.1600,0.1878,-0.1789,0.0571,0.3825,0.1904,0.0000
0.9105,8.6173,0.2943,path,2.1680,5.1600,0.0087,-0.9104,0.0129,0.4716,0.2535,0.4356
0.7341,3.7051,0.8790,path,3.0743,5.1800,0.0177,-0.6299,0.3770,1.0564,0.5723,0.8846
1.4428,1.1895,0.3335,path,2.5859,5.2000,0.0102,-1.4410,0.0710,0.4975,0.2737,0.5090
0.2823,4.0343,0.0761,straight,1.7222,5.2200,0.2823,-0.2756,0.0609,0.6454,0.3179,0.0000
1.7918,3.5547,0.5849,path,4.4495,5.2600,0.0195,-1.7815,0.1914,0.9269,0.5311,0.9690
0.1291,1.9240,0.0419,lateral,0.0873,5.2600,0.0821,-0.0412,0.1223,0.2248,0.0637,0.9175
0.3849,16.6814,0.0732,combined,1.5367,5.2800,0.3849,-0.3728,0.0958,0.5668,0.2147,0.0000
0.1341,1.4334,0.0558,straight,0.7023,5.2800,0.1341,-0.1244,0.0500,0.3826,0.1378,0.7374
1.3922,5.1711,0.7173,path,3.9613,5.3000,0.0157,-1.3747,0.2202,0.7179,0.4916,0.7827
0.0474,5.9859,0.0391,stand,0.0000,5.3200,0.0000,nan,nan,0.1012,0.0325,0.3692
2.0644,0.5627,0.6065,path,3.4695,5.3200,0.0184,-1.8840,0.8441,0.7418,0.4505,0.9181
0.0551,3.4939,0.0642,turn,0.0000,5.3400,0.0000,nan,nan,0.3905,0.0738,0.0000
0.3805,8.9154,0.0410,stand,0.0000,5.3600,0.0000,nan,nan,0.5878,0.1218,0.0000
1.8135,23.4041,0.9981,path,4.6199,5.3800,0.0195,-1.7294,0.5459,1.0857,0.6080,0.9758
1.4909,16.0046,0.3712,path,2.4082,5.3800,0.0097,-1.4836,0.1469,0.3569,0.1938,0.4851
0.1504,2.8701,0.0693,lateral,1.1746,5.4000,0.1504,-0.1503,0.0022,0.5083,0.2005,0.0000
1.1970,1.1288,0.7120,path,3.1815,5.4200,0.0136,-1.1650,0.2750,0.7137,0.4087,0.6812
0.0641,1.2382,0.0622,turn,0.0000,5.4400,0.0000,nan,nan,0.3015,0.0741,0.0000
0.7946,10.8193,0.4360,path,1.5125,5.4600,0.0062,-0.7332,0.3061,0.5429,0.2034,0.3077
0.2633,12.2836,0.1666,combined,1.9277,5.4600,0.2633,-0.2625,0.0201,0.6612,0.3160,0.0000
0.0434,3.8029,0.0036,stand,0.0000,5.4800,0.0000,nan,nan,0.1337,0.0343,0.3173
1.1476,5.5314,0.2707,path,2.0373,5.4800,0.0127,-0.9796,0.5978,0.5007,0.2737,0.6328
1.0471,28.6177,0.3168,path,1.8279,5.4800,0.0072,-1.0446,0.0724,0.3259,0.1878,0.3610
0.1910,5.6181,0.0698,combined,1.2882,5.5200,0.1910,-0.0537,0.1833,0.5935,0.2341,0.0000
0.0928,2.0219,0.0286,straight,0.0834,5.5200,0.0697,0.0782,0.0500,0.3866,0.0967,0.0000
0.1246,0.6720,0.0748,turn,0.0000,5.5600,0.0000,nan,nan,0.1878,0.0706,0.8874
1.0678,3.7801,0.4689,path,1.6037,5.5600,0.0172,-0.5334,0.9250,0.6848,0.3353,0.8647
0.4788,6.4894,0.0902,combined,1.2898,5.5800,0.4788,-0.4786,0.0122,0.4089,0.1732,0.3679
1.1710,19.2522,0.2913,path,0.7880,5.5800,0.0158,-0.7319,0.9141,0.5092,0.2521,0.7896
0.0642,1.4655,0.0737,turn,0.0000,5.6000,0.0000,nan,nan,0.2733,0.0777,0.5025
0.1482,4.2597,0.1039,straight,0.1968,5.6000,0.0910,-0.0087,0.1480,0.2043,0.0698,0.0000
0.7855,15.5598,0.2922,path,1.8948,5.6000,0.0072,-0.7705,0.1529,0.3419,0.2054,0.3561
0.0181,1.4875,0.0807,turn,0.0000,5.6400,0.0000,nan,nan,0.2368,0.0672,0.8334
1.3997,15.9564,0.3337,path,2.2256,5.6400,0.0182,-0.9643,1.0146,0.6747,0.3720,0.9095
1.2618,1.5429,0.2415,path,1.8486,5.6600,0.0194,-0.8933,0.8911,0.7297,0.3266,0.9731
0.2457,36.8523,0.1632,path,1.5127,5.6600,0.0187,0.1984,0.1449,0.8771,0.4197,0.9450
0.0698,7.2901,0.0544,turn,0.0000,5.7000,0.0000,nan,nan,0.1924,0.0587,0.7011
0.1500,0.4372,0.0363,combined,0.8461,5.7000,0.1500,-0.1454,0.0371,0.3327,0.1380,0.0000
0.1399,10.4432,0.0253,lateral,0.9705,5.7200,0.1393,-0.0755,0.1179,0.6388,0.1678,0.8626
1.3402,3.3495,0.6915,path,4.0594,5.7200,0.0150,-1.3263,0.1923,0.8261,0.5123,0.7506
0.3514,7.0372,0.1001,combined,1.3258,5.7400,0.3514,-0.3439,0.0720,0.4770,0.1986,0.4401
1.6890,15.5216,0.6688,path,4.3200,5.7400,0.0160,-1.6745,0.2212,0.8375,0.4951,0.7953
0.1399,3.3153,0.0459,lateral,0.4290,5.7600,0.1353,-0.1030,0.0946,0.3836,0.0970,0.0000
1.5080,18.1258,0.6942,path,4.2788,5.7600,0.0150,-1.5080,0.0055,0.8354,0.5130,0.7452
0.1623,4.6920,0.0904,combined,1.3099,5.7800,0.1623,-0.1490,0.0644,0.6286,0.2197,0.8255
0.2064,5.7470,0.0176,lateral,0.0508,5.7800,0.0207,0.0572,0.1983,0.2358,0.0758,0.0000
0.1267,9.0261,0.0370,turn,0.0000,5.7800,0.0000,nan,nan,0.3268,0.0736,0.8420
0.3921,4.6292,0.0753,combined,1.8953,5.8200,0.3921,-0.3838,0.0803,0.8780,0.3034,0.0000
0.0969,0.1259,0.0752,stand,0.0000,5.8400,0.0000,nan,nan,0.2066,0.0413,0.0000
0.1944,4.5972,0.0990,combined,0.3966,5.8400,0.1940,-0.1625,0.1067,0.4159,0.0819,0.3444
1.1368,7.8707,0.4028,path,2.7699,5.8600,0.0101,-1.0693,0.3860,0.5357,0.3290,0.5042
0.3886,6.1158,0.0673,combined,1.8553,5.8600,0.3886,-0.3886,0.0034,0.6705,0.2778,0.0000
0.1293,1.4901,0.0364,lateral,0.2040,5.8600,0.0061,0.1258,0.0298,0.2183,0.0819,0.0000
0.8765,15.7910,0.3600,path,2.8214,5.8800,0.0111,-0.8609,0.1646,0.5889,0.3736,0.5559
1.2352,15.2624,0.2437,path,2.2384,5.8800,0.0105,-1.1843,0.3507,0.4124,0.2223,0.5242
0.1092,5.5709,0.0951,straight,0.4675,5.8800,0.1077,-0.0867,0.0663,0.2465,0.0835,0.0000
0.0828,3.2417,0.0690,lateral,0.6123,5.8800,0.0821,-0.0791,0.0245,0.4655,0.1059,0.9325
1.7912,26.0726,0.7021,path,3.0332,5.9000,0.0177,-1.4108,1.1037,0.7148,0.3851,0.8821
0.2388,14.2220,0.0663,combined,1.8415,5.9000,0.2388,-0.2292,0.0669,0.9483,0.3002,0.0000
0.2062,0.5961,0.0705,combined,0.7377,5.9200,0.2062,-0.1516,0.1398,0.5722,0.1380,0.7729
0.3298,3.6113,0.0601,combined,2.1971,5.9400,0.3298,-0.3234,0.0645,0.9062,0.3216,0.0000
1.7600,59.6883,0.8773,path,4.8214,5.9400,0.0185,-1.7425,0.2476,1.1548,0.5352,0.9215
0.2171,7.1159,0.0977,combined,1.7938,5.9600,0.2171,-0.2089,0.0592,0.7472,0.2792,0.4106
2.0385,17.4439,0.7126,path,5.2385,5.9600,0.0199,-1.9124,0.7058,1.1557,0.6154,0.9958
1.1317,6.4677,0.3426,path,1.6791,5.9800,0.0151,-0.5985,0.9604,0.5837,0.3725,0.7530
0.0884,5.8543,0.0378,lateral,0.3070,5.9800,0.0784,-0.0875,0.0126,0.2708,0.0769,0.8171
0.0217,9.3907,0.0734,turn,0.0000,5.9800,0.0000,nan,nan,0.1589,0.0504,0.0000
0.0995,10.9963,0.0751,turn,0.0000,6.0000,0.0000,nan,nan,0.1271,0.0544,0.0000
1.2905,10.8939,0.4962,path,2.2315,6.0000,0.0107,-1.2254,0.4048,0.5075,0.2676,0.5369
1.6898,1.2925,0.5444,path,3.3198,6.0000,0.0148,-1.6000,0.5433,0.6563,0.3131,0.7423
0.1566,7.3249,0.0620,turn,0.0000,6.0200,0.0000,nan,nan,0.2982,0.0688,0.0000
0.8893,49.0181,0.3755,path,1.3152,6.0400,0.0124,-0.5897,0.6656,0.4795,0.2525,0.6197
0.1425,5.5018,0.0382,lateral,0.0472,6.0800,0.0472,-0.0724,0.1228,0.4991,0.0831,0.6034
0.2622,13.8481,0.0582,combined,1.0193,6.0800,0.2622,-0.2246,0.1353,0.5288,0.1280,0.8555
1.0864,7.0606,0.3572,path,2.6039,6.1000,0.0089,-1.0864,0.0085,0.5395,0.2477,0.4470
0.1532,10.8401,0.0274,straight,1.8223,6.1200,0.1532,-0.1199,0.0953,0.8795,0.2882,0.0000
1.1741,9.7096,0.4209,path,2.5098,6.1200,0.0082,-1.1725,0.0618,0.4474,0.2486,0.4102
0.1040,2.3960,0.1106,combined,0.8975,6.1400,0.1005,-0.0001,0.1040,0.4575,0.1597,0.8525
0.8942,15.7601,0.3592,path,2.0101,6.1800,0.0076,-0.8572,0.2544,0.4138,0.2401,0.3806
2.1155,26.7674,0.9734,path,4.2462,6.1800,0.0165,-1.9916,0.7135,0.9974,0.4436,0.8260
1.4030,35.5288,0.4517,path,2.7986,6.2000,0.0105,-1.3386,0.4201,0.5106,0.3082,0.5249
0.1886,0.9631,0.0703,combined,1.2878,6.2400,0.1886,-0.1615,0.0974,0.5601,0.1961,0.4414
0.4615,11.2920,0.0456,combined,1.9249,6.2600,0.4615,-0.3769,0.2663,0.7748,0.2774,0.0000
0.0867,15.2602,0.0174,combined,0.2950,6.2800,0.0782,-0.0819,0.0286,0.2609,0.0577,0.0000
1.2896,7.0042,0.4344,path,2.7301,6.3000,0.0089,-1.2889,0.0423,0.4888,0.2662,0.4467
0.0687,0.8899,0.0832,stand,0.0000,6.3400,0.0000,nan,nan,0.1129,0.0332,0.6654
1.1394,9.1473,0.4749,path,1.0043,6.3400,0.0191,0.0615,1.1378,1.0036,0.4623,0.9557
0.2347,6.6224,0.0932,straight,1.4709,6.3800,0.2347,-0.2345,0.0091,0.5865,0.2055,0.5596
1.0621,68.7361,0.7283,path,2.0842,6.3800,0.0192,0.5390,0.9151,1.0750,0.5567,0.9542
0.0348,6.6407,0.0326,turn,0.0000,6.4000,0.0000,nan,nan,0.3040,0.0542,0.0000
1.5210,61.9402,0.2715,path,2.1893,6.4200,0.0118,-1.3709,0.6589,0.5350,0.2275,0.5889
0.2268,0.5054,0.0162,lateral,0.9374,6.4200,0.2268,-0.2129,0.0783,0.3017,0.1251,0.4032
0.2130,0.1425,0.0450,combined,1.7992,6.4200,0.2123,-0.1925,0.0913,0.7142,0.2611,0.0000
0.3117,19.3694,0.1450,combined,1.7000,6.4200,0.3117,-0.3106,0.0261,0.6716,0.2367,0.8410
0.1654,12.2619,0.0253,lateral,0.4678,6.4400,0.1650,-0.1653,0.0064,0.3124,0.0757,0.4727
0.0635,8.8668,0.0744,straight,1.0628,6.4600,0.0614,-0.0151,0.0617,0.4618,0.1816,0.0000
0.1949,6.9097,0.0153,combined,0.8143,6.4800,0.1949,-0.1946,0.0110,0.6678,0.1319,0.0000
0.1470,0.6241,0.0785,turn,0.0000,6.4800,0.0000,nan,nan,0.3836,0.0866,0.0000
0.1147,2.4118,0.0620,combined,0.8525,6.4800,0.1141,-0.0967,0.0617,0.5927,0.1387,0.0000
1.3564,1.7816,0.3766,path,3.0957,6.4800,0.0141,-1.2016,0.6293,0.6300,0.3563,0.7027
0.0623,12.6986,0.0641,turn,0.0000,6.5000,0.0000,nan,nan,0.2336,0.0666,0.0000
0.0606,4.5202,0.0366,stand,0.0000,6.5000,0.0000,nan,nan,0.2050,0.0482,0.7057
0.1944,13.0747,0.0221,lateral,0.8327,6.5200,0.1944,-0.1565,0.1154,0.3600,0.1214,0.0000
0.2053,13.1769,0.0406,combined,1.5454,6.5200,0.2035,-0.1876,0.0835,0.6556,0.2040,0.0000
0.1416,6.0989,0.0303,straight,0.0659,6.5400,0.0618,-0.0726,0.1216,0.3054,0.0646,0.0000
0.6171,16.1953,0.2893,path,0.8343,6.5800,0.0147,0.4458,0.4267,0.6782,0.3098,0.7364
1.1844,28.4121,0.3988,path,2.3032,6.5800,0.0085,-1.0861,0.4724,0.4157,0.2727,0.4268
1.7034,9.9426,0.4866,path,1.9251,6.5800,0.0191,-1.1345,1.2706,0.9307,0.4096,0.9605
0.2137,3.9905,0.0272,straight,1.1101,6.5800,0.2137,-0.2098,0.0409,0.5166,0.1537,0.5694
1.1821,74.2180,0.5407,path,4.0436,6.6000,0.0167,-0.9766,0.6660,0.9049,0.5236,0.8255
0.0941,3.7163,0.0416,lateral,0.1216,6.6000,0.0905,-0.0674,0.0656,0.2480,0.0562,0.0000
0.1339,5.5244,0.0923,combined,0.9726,6.6200,0.1339,-0.1172,0.0647,0.4109,0.1557,0.4078
2.2600,1.8799,1.0150,path,5.4310,6.6200,0.0181,-2.2013,0.5118,1.3142,0.5843,0.9042
0.2220,12.5859,0.0434,straight,0.4165,6.6400,0.0378,0.2214,0.0157,0.3639,0.1207,0.0000
0.1957,1.8020,0.0346,combined,0.7237,6.6600,0.1835,-0.1756,0.0863,0.3719,0.1162,0.9028
1.8330,1.3713,0.6828,path,2.8784,6.6600,0.0164,-1.6607,0.7757,0.8149,0.3450,0.8211
1.7518,22.0738,0.4254,path,3.1322,6.6600,0.0181,-1.3546,1.1108,0.6985,0.4019,0.9063
0.2500,0.1036,0.1134,lateral,1.1058,6.7000,0.2500,-0.2409,0.0667,0.5570,0.1681,0.0000
0.0884,11.3407,0.0688,combined,2.0311,6.7200,0.0884,-0.0700,0.0539,0.8727,0.3232,0.0000
0.8390,18.0639,0.2570,path,1.3667,5.1000,0.0065,-0.7763,0.3183,0.3551,0.2100,0.3248
0.1420,7.9978,0.0641,lateral,0.8763,6.7600,0.1418,-0.0037,0.1419,0.3504,0.1396,0.0000
1.1786,14.0787,0.3915,path,2.5487,6.7800,0.0139,-0.8204,0.8461,0.5786,0.3648,0.6939
0.5496,25.8090,0.2113,path,1.2555,6.8200,0.0063,-0.3855,0.3918,0.3458,0.1982,0.3130
0.1381,1.9824,0.0445,lateral,1.1735,6.8200,0.1376,-0.1247,0.0593,0.6537,0.1645,0.3400
0.7556,2.7492,0.2579,path,2.0607,6.8200,0.0062,-0.7379,0.1625,0.5681,0.2164,0.3076
0.1779,3.8545,0.0384,straight,0.6871,6.8400,0.1779,-0.1475,0.0996,0.3592,0.1060,0.8488
1.2170,14.9799,0.6829,path,4.0971,6.8800,0.0135,-1.1698,0.3356,0.9178,0.4871,0.6763
1.2612,15.5751,0.6086,path,1.3728,6.8800,0.0152,-0.7279,1.0300,0.7074,0.3204,0.7620
1.4309,6.5131,0.5990,path,4.2991,6.9000,0.0125,-1.4303,0.0431,0.7316,0.4527,0.6242
0.1720,2.0348,0.1039,lateral,1.1259,6.9600,0.1720,-0.1425,0.0962,0.8548,0.1533,0.4234
1.3322,10.7099,0.6664,path,4.8080,7.0200,0.0149,-1.2566,0.4423,0.8456,0.5282,0.7445
0.6959,13.1227,0.2229,path,1.6549,7.0200,0.0131,0.3703,0.5892,0.9121,0.3608,0.6547
0.9374,21.5399,0.3162,path,2.2102,7.0400,0.0064,-0.9315,0.1050,0.3437,0.2167,0.3206
0.0874,14.6738,0.0904,turn,0.0000,7.0400,0.0000,nan,nan,0.2801,0.0745,0.4275
1.3471,39.2504,0.5794,path,3.9984,7.1000,0.0168,-0.6717,1.1677,0.9702,0.5606,0.8426
1.1612,3.1993,0.4318,path,3.1940,7.1400,0.0098,-1.0941,0.3891,0.5403,0.3321,0.4878
0.1400,3.4940,0.0217,straight,1.6374,7.1600,0.1400,-0.1371,0.0282,0.7124,0.2292,0.9021
0.2876,17.8201,0.0687,straight,1.0269,7.2200,0.2876,-0.1644,0.2359,0.3597,0.1302,0.7244
0.8100,21.0144,0.4118,path,2.9109,7.2600,0.0084,-0.7477,0.3114,0.5000,0.3286,0.4191
0.1630,4.1234,0.0954,straight,0.3187,7.2800,0.1556,-0.1630,0.0039,0.2178,0.0765,0.0000
0.2264,3.9956,0.0496,combined,0.2785,7.2800,0.1807,-0.1163,0.1943,0.2919,0.0884,0.0000
1.6132,36.4855,0.5021,path,1.6672,7.3000,0.0199,-0.9002,1.3387,0.8202,0.4550,0.9964
0.2973,1.7894,0.1536,straight,1.9704,7.3400,0.2973,-0.2839,0.0881,0.6903,0.2475,0.0000
1.3877,6.9874,0.5717,path,4.0745,7.3400,0.0118,-1.3876,0.0150,0.6138,0.3670,0.5877
1.0574,5.3745,0.2526,path,1.4890,7.4000,0.0082,-1.0456,0.1574,0.3654,0.1429,0.4119
1.9539,24.9129,0.5366,path,4.7463,7.4200,0.0177,-1.7086,0.9478,0.9375,0.5031,0.8832
1.7162,7.3252,0.3207,path,3.1896,7.4400,0.0144,-1.3846,1.0141,0.5834,0.3294,0.7205
0.2150,2.7137,0.0786,lateral,0.9970,7.4600,0.2144,-0.1944,0.0917,0.3570,0.1186,0.4627
0.1138,2.7365,0.0584,straight,1.1446,7.4600,0.1138,-0.1131,0.0131,0.4838,0.1581,0.6056
1.3188,19.5497,0.4297,path,1.5916,7.4600,0.0156,-0.3213,1.2791,0.5912,0.3877,0.7786
0.2244,7.7720,0.0160,combined,2.0817,7.4800,0.2244,0.1784,0.1361,1.0150,0.3231,0.4417
1.3768,6.2283,0.5835,path,4.7486,7.5200,0.0127,-1.3635,0.1907,0.7675,0.4542,0.6337
0.1587,7.3654,0.0283,lateral,1.2204,7.5200,0.1587,-0.1536,0.0400,0.4914,0.1513,0.3031
0.9173,93.1732,0.0275,path,0.6071,7.5400,0.0118,-0.7466,0.5330,0.4526,0.1509,0.5901
0.2560,2.0819,0.0286,combined,1.0591,7.5400,0.2518,-0.2532,0.0379,0.5394,0.1232,0.0000
0.8965,6.4065,0.3262,path,2.3121,7.5600,0.0068,-0.8674,0.2266,0.3707,0.2454,0.3392
0.2386,0.5088,0.0534,combined,1.7255,7.5600,0.2386,-0.2295,0.0654,0.7203,0.2385,0.0000
1.1017,1.6188,0.2688,path,2.5801,7.5800,0.0078,-1.0473,0.3419,0.3880,0.2060,0.3909
0.1274,1.9165,0.0327,straight,1.7192,7.5800,0.1266,-0.0446,0.1194,0.6666,0.2329,0.6044
1.0067,15.0782,0.3044,path,0.5520,7.5800,0.0137,0.7382,0.6844,0.5920,0.3115,0.6860
0.2205,0.9054,0.0752,combined,1.9713,7.6000,0.2205,-0.2145,0.0509,1.0421,0.2300,0.5775
0.1864,5.6698,0.1031,combined,1.9935,7.6000,0.1864,-0.1611,0.0937,0.7127,0.2543,0.0000
1.2028,49.3220,0.2724,path,1.5786,7.6000,0.0181,-1.2028,0.0022,0.4170,0.2253,0.9061
1.6868,5.0888,0.5200,path,3.2906,7.6200,0.0133,-1.5005,0.7705,0.6884,0.3185,0.6670
1.0922,10.6582,0.3622,path,3.1627,7.6400,0.0086,-1.0801,0.1623,0.4907,0.3452,0.4296
0.8696,2.5706,0.2044,path,1.4818,7.6600,0.0064,-0.7992,0.3427,0.3620,0.1420,0.3188
1.4539,11.1017,0.4395,path,2.7889,7.6600,0.0136,-1.3653,0.4998,0.6181,0.3533,0.6805
0.9250,25.1729,0.2712,path,2.3219,7.6600,0.0078,-0.7847,0.4897,0.4227,0.2445,0.3885
0.3812,6.9046,0.0194,combined,1.8031,7.7000,0.3811,-0.1662,0.3431,0.7071,0.2517,0.0000
2.2565,25.2076,0.7467,path,3.5819,7.7200,0.0183,-1.8712,1.2611,0.8340,0.4291,0.9121
2.1345,7.6367,0.7352,path,6.4966,7.7400,0.0186,-2.1224,0.2268,0.9565,0.5769,0.8453
0.0829,0.6250,0.0120,stand,0.0000,7.7800,0.0000,nan,nan,0.2287,0.0411,0.0000
0.2173,3.3023,0.0664,straight,1.0175,7.7800,0.2173,-0.1913,0.1032,0.2905,0.1223,0.0000
0.1766,0.2324,0.0323,turn,0.0000,7.8400,0.0000,nan,nan,0.1914,0.0606,0.7976
0.6368,7.1588,0.1969,path,2.4208,7.9200,0.0134,0.4925,0.4037,0.7790,0.4209,0.6674
0.2000,5.0657,0.0960,lateral,0.7294,7.9800,0.1810,0.0108,0.1997,0.3706,0.1099,0.0000
0.0190,0.3954,0.0293,stand,0.0000,4.0200,0.0000,nan,nan,0.1019,0.0342,0.7327
0.0177,0.1184,0.0291,stand,0.0000,4.0000,0.0000,nan,nan,0.0934,0.0371,0.0000
0.1026,6.8823,0.0445,combined,0.1686,4.0000,0.1023,-0.0899,0.0494,0.3187,0.0749,0.6232
0.9290,11.1187,0.2230,path,1.4478,4.2800,0.0068,-0.9286,0.0290,0.5035,0.2016,0.3404
1.5373,47.5452,0.3873,path,2.9674,4.4400,0.0200,-1.2454,0.9012,1.1252,0.5368,0.9996
1.3770,24.5099,0.9085,path,2.7717,4.1400,0.0140,-1.2935,0.4724,0.8643,0.4303,0.6994
0.0164,0.3908,0.0160,stand,0.0000,4.1200,0.0000,nan,nan,0.0677,0.0294,0.0000
0.7056,5.2411,0.2422,path,1.4711,4.7600,0.0063,-0.6973,0.1083,0.8135,0.1958,0.3153
1.0465,25.3324,0.4505,path,2.4118,4.9200,0.0103,-1.0006,0.3066,0.6448,0.3708,0.5132
1.2362,16.3738,0.4350,path,2.1434,4.0800,0.0105,-1.2232,0.1787,0.7726,0.2920,0.5254
0.0064,0.9582,0.0287,stand,0.0000,4.6400,0.0000,nan,nan,0.0964,0.0318,0.4430
0.2534,0.5011,0.0152,lateral,0.9871,4.0000,0.2534,-0.2523,0.0239,0.5286,0.1852,0.0000
0.0802,14.3354,0.1114,path,2.1719,5.2600,0.0144,0.0479,0.0643,0.7788,0.4542,0.7205
0.0823,5.9754,0.0642,lateral,0.9873,5.0400,0.0823,-0.0440,0.0696,0.5124,0.1951,0.0000
1.3021,18.2346,0.6794,path,3.1126,5.3000,0.0125,-1.2515,0.3593,0.7545,0.3815,0.6263
1.6847,17.4055,1.1618,path,3.7673,4.1400,0.0184,-1.6700,0.2220,1.2530,0.6197,0.9120
0.1818,5.4709,0.0275,lateral,1.0017,5.3800,0.1800,-0.1786,0.0341,0.5239,0.1602,0.0000
0.3719,5.4837,0.0783,combined,1.5007,5.2000,0.3719,-0.3463,0.1357,0.5697,0.2176,0.4388
1.4447,35.7084,0.8236,path,3.5658,4.8800,0.0178,-1.1665,0.8523,0.9187,0.5690,0.8886
0.9741,6.0252,0.2732,path,1.5864,4.3400,0.0075,-0.9451,0.2358,0.9368,0.3268,0.3741
0.2177,6.1014,0.0434,lateral,0.7944,5.6400,0.2134,-0.2142,0.0386,0.3526,0.1135,0.0000
0.1879,1.6930,0.1127,straight,0.9303,4.4000,0.1879,-0.1843,0.0366,0.3187,0.1802,0.7374
1.0964,30.8727,0.4518,path,2.2603,4.4600,0.0106,-1.0900,0.1176,0.6885,0.3478,0.5301
0.5581,9.7468,0.1575,lateral,1.4876,4.9000,0.5581,-0.5552,0.0569,0.4111,0.1943,0.0000
0.2122,9.4871,0.0798,straight,0.5993,5.6400,0.2122,-0.1531,0.1470,0.3174,0.1117,0.8393
0.0117,1.0536,0.0312,stand,0.0000,5.1200,0.0000,nan,nan,0.0799,0.0320,0.7386
0.7849,18.6368,0.3713,path,1.4451,4.1200,0.0074,-0.7485,0.2362,0.7066,0.2553,0.3676
1.4255,16.3957,0.6401,path,3.5181,5.7600,0.0123,-1.4067,0.2309,0.9225,0.4117,0.6118
0.3527,0.2491,0.1138,combined,1.3889,4.8800,0.3527,-0.3029,0.1807,0.7292,0.2400,0.0000
0.2944,5.1996,0.1650,lateral,1.3178,4.9800,0.2944,-0.2744,0.1067,0.5446,0.2170,0.0000
0.6975,1.6076,0.4793,path,2.7845,5.5200,0.0101,-0.6597,0.2266,0.8614,0.5146,0.5043
0.2769,4.8313,0.0928,combined,1.3378,5.5400,0.2769,-0.2753,0.0302,0.4539,0.2055,0.7673
0.1486,8.5830,0.0867,straight,0.0956,5.6400,0.0327,0.1390,0.0527,0.1768,0.0705,0.7642
0.6901,53.7263,0.3377,path,1.7707,4.1400,0.0119,-0.6540,0.2201,0.5359,0.2971,0.5961
0.4274,4.1447,0.0866,lateral,1.3239,4.2800,0.4274,-0.4274,0.0053,0.4677,0.2138,0.8420
0.9684,10.9707,0.4792,path,2.2221,4.3200,0.0121,-0.9545,0.1638,0.7238,0.3535,0.6257
0.1198,1.1372,0.0259,turn,0.0000,4.3800,0.0000,nan,nan,0.1903,0.0691,0.0000
0.0339,0.3900,0.0223,stand,0.0000,5.4000,0.0000,nan,nan,0.1355,0.0306,0.4897
1.2703,14.8321,0.5053,path,2.8301,5.3600,0.0108,-1.2604,0.1579,0.5058,0.3471,0.5386
0.2460,5.4920,0.1490,lateral,1.3396,4.1200,0.2460,-0.2266,0.0957,0.7608,0.2767,0.8171
0.0133,1.6733,0.0335,stand,0.0000,4.1600,0.0000,nan,nan,0.1080,0.0316,0.4106
0.0882,4.5162,0.0262,turn,0.0000,5.8400,0.0000,nan,nan,0.2050,0.0473,0.0000
0.0355,3.9041,0.0183,stand,0.0000,4.3200,0.0000,nan,nan,0.0899,0.0308,0.0000
0.1703,2.5885,0.0792,straight,1.8900,5.0800,0.1703,-0.1594,0.0601,0.9107,0.3472,0.3174
1.6154,28.4674,0.3478,path,2.8549,5.3400,0.0151,-1.5093,0.5760,0.5572,0.3659,0.7574
0.3633,29.4042,0.1922,path,2.5889,5.8600,0.0186,-0.0373,0.3613,0.9963,0.4849,0.9249
1.2595,35.0911,0.3732,path,1.4247,4.2200,0.0157,-1.1761,0.4507,0.4962,0.2827,0.7886
0.3252,7.6160,0.0251,straight,1.2421,4.6400,0.3252,-0.2997,0.1262,0.4990,0.2127,0.0000
1.7913,44.7226,0.1756,path,2.5763,4.8800,0.0142,-1.7786,0.2123,0.4299,0.1869,0.7100
0.1140,8.5661,0.0525,straight,0.2508,4.5000,0.0415,0.0970,0.0597,0.1970,0.0910,0.0000
0.0144,1.3405,0.0094,stand,0.0000,5.4800,0.0000,nan,nan,0.0964,0.0310,0.8668
0.3716,0.8693,0.1623,combined,1.9506,5.1000,0.3716,-0.3558,0.1072,0.8121,0.3171,0.0000
0.7177,19.0653,0.2562,path,1.1115,4.9000,0.0002,-0.6615,0.2784,0.7120,0.1728,0.3110
0.1639,0.1258,0.1048,straight,0.7135,4.7800,0.1628,-0.0963,0.1326,0.3297,0.1451,0.3679
0.0563,12.9394,0.0504,turn,0.0000,4.2800,0.0000,nan,nan,0.1649,0.0685,0.8555
1.8864,4.9805,0.4302,path,3.9306,5.5600,0.0153,-1.8630,0.2959,0.6735,0.3751,0.7656
0.1894,1.5402,0.0868,straight,1.3079,6.0800,0.1894,-0.1845,0.0430,0.4559,0.1959,0.0000
1.4446,4.5783,0.6380,path,3.7868,6.2600,0.0139,-1.4077,0.3244,0.6457,0.4269,0.6952
0.0141,0.7587,0.0041,stand,0.0000,4.0400,0.0000,nan,nan,0.1450,0.0260,0.8410
0.2078,7.4097,0.0965,combined,1.8381,6.2400,0.2078,-0.1996,0.0580,0.7478,0.2722,0.8500
0.2462,12.4868,0.0180,combined,1.9272,6.3200,0.2462,-0.2445,0.0287,0.7415,0.2597,0.0000
1.4121,30.9434,0.4764,path,1.8820,5.7600,0.0156,-1.3647,0.3628,0.5790,0.2613,0.7804
0.0938,7.3841,0.0753,straight,0.1038,4.5800,0.0738,-0.0425,0.0836,0.1247,0.0561,0.0000
0.0347,1.3746,0.0421,lateral,0.4875,6.4200,0.0307,-0.0003,0.0347,0.3429,0.0939,0.3211
0.0534,0.7370,0.1041,combined,2.0377,5.0000,0.0413,0.0308,0.0436,1.1421,0.4285,0.5025
0.2053,8.1097,0.0868,combined,0.9498,4.3200,0.2053,-0.1925,0.0712,0.4227,0.1985,0.0000
1.6470,0.0842,0.3892,path,2.8657,4.4200,0.0143,-1.6301,0.2353,0.5971,0.3044,0.7151
0.2326,8.5253,0.1308,lateral,0.9489,4.5400,0.2326,-0.2131,0.0931,0.4706,0.1669,0.6034
1.6293,11.0388,0.3630,path,2.9238,5.4400,0.0154,-1.4376,0.7668,0.6384,0.3521,0.7683
1.4551,33.5624,0.6007,path,2.9581,5.2000,0.0129,-1.3791,0.4640,0.6743,0.3459,0.6433
1.3149,7.6764,0.6095,path,2.9592,5.8800,0.0168,-1.0795,0.7509,0.8306,0.4491,0.8406
0.1569,0.7878,0.0892,straight,1.5896,5.8600,0.1569,-0.1427,0.0652,0.6741,0.2565,0.0000
0.1484,6.9410,0.0547,turn,0.0000,6.3200,0.0000,nan,nan,0.1575,0.0606,0.3866
0.1004,2.7689,0.0731,combined,0.2161,6.2400,0.0683,-0.0361,0.0937,0.2459,0.0790,0.0000
1.0687,4.5470,0.3257,path,2.0307,5.2400,0.0081,-1.0630,0.1096,0.4085,0.2059,0.3899
0.9141,13.0153,0.3680,path,1.7717,4.8400,0.0074,-0.9098,0.0880,0.4457,0.1947,0.3673
1.6381,3.8330,0.8005,path,2.9448,5.7200,0.0177,-1.5008,0.6566,0.8796,0.4034,0.8798
0.0380,2.7576,0.0750,turn,0.0000,6.8800,0.0000,nan,nan,0.3231,0.0672,0.0000
0.7454,14.5858,0.2908,path,1.5137,5.0600,0.0066,-0.7132,0.2166,0.7021,0.2058,0.3286
0.3141,0.7795,0.0672,straight,1.0075,5.4000,0.3126,-0.2716,0.1579,0.3447,0.1525,0.8874
0.3330,12.8009,0.1482,combined,2.1005,4.9000,0.3330,-0.3316,0.0301,0.9229,0.3881,0.0000
1.9066,16.3606,0.7333,path,4.3181,5.9800,0.0158,-1.8647,0.3974,0.8255,0.4133,0.7838
1.5788,12.9215,0.5195,path,2.7246,4.6600,0.0123,-1.5785,0.0314,0.7283,0.3635,0.6126
1.4248,18.4731,0.5031,path,3.7392,7.0400,0.0112,-1.3327,0.5041,0.5782,0.3688,0.5583
0.0080,0.7096,0.0522,stand,0.0000,4.6000,0.0000,nan,nan,0.0784,0.0308,0.0000
0.3943,2.0617,0.1442,combined,1.6764,5.8000,0.3943,-0.3891,0.0637,0.5807,0.2134,0.0000
0.1677,3.7582,0.1083,turn,0.0000,4.2400,0.0000,nan,nan,0.1804,0.0616,0.8488
0.8311,3.7205,0.4487,path,2.2509,6.6200,0.0097,-0.6441,0.5252,0.6768,0.3547,0.4875
1.0718,19.8840,0.5245,path,2.6689,4.7800,0.0132,-1.0251,0.3129,0.6317,0.3990,0.6602
0.5149,15.9322,0.1501,path,3.4860,6.8000,0.0173,-0.2479,0.4513,0.9022,0.5353,0.8746
0.0143,4.7886,0.0367,turn,0.0000,5.2600,0.0000,nan,nan,0.1430,0.0519,0.9325
0.2187,19.0383,0.1060,combined,0.8268,4.6600,0.2187,-0.1909,0.1068,0.3371,0.1691,0.0000
0.3823,6.7582,0.2253,combined,2.0421,5.5200,0.3823,-0.3617,0.1239,0.8834,0.3160,0.8334
1.0333,54.4997,0.4819,path,2.0491,4.7000,0.0117,-0.9719,0.3508,0.4702,0.2837,0.5853
0.9361,5.9795,0.2589,path,1.6905,5.0600,0.0094,-0.9032,0.2461,0.5103,0.2194,0.4737
1.3288,24.5087,0.4879,path,3.1585,5.8200,0.0120,-1.2749,0.3749,0.9981,0.3544,0.6008
0.2465,5.0385,0.1664,combined,1.9976,6.0600,0.2465,-0.2464,0.0044,0.8681,0.3019,0.0000
1.6013,43.5744,0.7192,path,3.2565,7.2400,0.0168,-1.6008,0.0409,1.0412,0.3414,0.8356
1.2160,15.6935,0.3854,path,2.5923,4.8200,0.0147,-1.0182,0.6648,0.8390,0.4749,0.7305
0.1907,3.7991,0.0687,combined,1.8912,7.1000,0.1907,-0.1903,0.0126,0.5438,0.2652,0.0000
0.3091,3.1967,0.0839,lateral,1.1355,5.0200,0.3084,-0.2952,0.0917,0.4228,0.1748,0.4414
0.1075,2.1716,0.1455,straight,1.2658,7.0000,0.1075,-0.1064,0.0150,0.4394,0.1775,0.7473
0.0561,9.1013,0.0523,lateral,0.5207,7.0400,0.0445,0.0425,0.0366,0.2688,0.0930,0.0000
0.1433,17.2117,0.0188,lateral,0.1396,4.6400,0.0844,0.0240,0.1413,0.1789,0.0715,0.0000
0.0942,8.0233,0.0060,combined,0.3856,5.9400,0.0942,-0.0884,0.0324,0.1676,0.0677,0.0000
0.2549,1.4379,0.0459,combined,1.6555,5.3000,0.2535,-0.2549,0.0046,0.6736,0.2542,0.0000
0.0575,1.1328,0.0535,stand,0.0000,5.4600,0.0000,nan,nan,0.1328,0.0435,0.3444
0.3461,4.1220,0.0665,combined,1.5466,5.3800,0.3461,-0.3209,0.1296,0.6472,0.2411,0.0000
1.9163,34.3167,0.9410,path,3.9843,4.4400,0.0202,-1.8254,0.5833,1.0879,0.5018,1.0121
0.4300,2.8695,0.0235,lateral,1.2880,4.9200,0.4300,-0.4178,0.1014,0.4288,0.1817,0.4032
1.0129,34.5348,0.3525,path,0.7405,6.7000,0.0143,-0.6488,0.7778,0.5221,0.2355,0.7163
0.1294,14.6183,0.0452,straight,1.3269,4.8400,0.1294,-0.0588,0.1152,0.6371,0.2761,0.0000
0.4216,0.1675,0.0648,combined,1.3605,6.2600,0.4188,-0.4148,0.0757,0.4172,0.1525,0.0000
0.0543,2.9884,0.0121,lateral,0.2894,7.4200,0.0474,-0.0243,0.0486,0.1698,0.0589,0.0000
1.6547,35.2147,0.6955,path,2.9439,4.0800,0.0148,-1.6401,0.2194,0.6977,0.3322,0.7389
0.0059,1.6136,0.0172,stand,0.0000,6.1800,0.0000,nan,nan,0.0663,0.0267,0.3692
0.2378,7.9426,0.1040,straight,1.6646,5.7200,0.2376,-0.2182,0.0946,0.5952,0.2680,0.8255
1.5342,8.7492,0.3084,path,3.4219,6.9600,0.0126,-1.4784,0.4097,0.6626,0.2991,0.6275
0.1800,2.1131,0.1044,lateral,1.1254,5.0800,0.1800,-0.1786,0.0222,0.5871,0.1913,0.0000
0.3227,2.0766,0.0233,combined,0.7125,6.2400,0.3224,-0.3211,0.0322,0.2475,0.0825,0.9175
0.9598,27.2737,0.3186,path,2.3899,5.9000,0.0091,-0.9325,0.2272,0.4361,0.2778,0.4547
1.1507,8.5143,0.3278,path,1.9957,6.5400,0.0067,-1.1472,0.0895,0.3720,0.1604,0.3357
0.3994,16.2782,0.2601,combined,1.7924,4.8600,0.3994,-0.3904,0.0844,0.7809,0.3170,0.0000
0.7822,6.4830,0.2653,path,1.1743,6.1400,0.0079,-0.7307,0.2791,0.4376,0.1677,0.3946
0.0062,0.1120,0.0558,stand,0.0000,4.9600,0.0000,nan,nan,0.0773,0.0320,0.9028
0.0507,7.3877,0.0246,turn,0.0000,5.2400,0.0000,nan,nan,0.1488,0.0467,0.0000
0.0430,4.0898,0.0545,lateral,0.0219,4.6200,0.0184,0.0052,0.0427,0.1473,0.0588,0.4275
0.4496,19.1088,0.3201,path,2.3182,7.6400,0.0063,-0.2108,0.3971,0.5831,0.3203,0.3173
1.8231,5.4016,0.6979,path,4.5220,5.7200,0.0169,-1.8153,0.1683,0.9080,0.4810,0.8415
1.0086,1.9421,0.2566,path,1.9146,5.8600,0.0067,-1.0054,0.0802,0.3392,0.1783,0.3346
0.2489,3.6595,0.0123,combined,1.3411,5.8800,0.2482,-0.2488,0.0085,0.5111,0.1956,0.0000
0.0863,7.0185,0.0602,turn,0.0000,4.0400,0.0000,nan,nan,0.1456,0.0620,0.0000
0.1870,3.5925,0.1057,combined,0.9414,6.8400,0.1843,-0.1723,0.0725,0.4346,0.1323,0.7558
1.2616,38.5038,1.8247,path,1.5196,5.6200,0.0082,-0.4513,1.1781,1.9531,0.6401,0.5512
1.8651,11.2875,0.7965,path,3.5557,4.4000,0.0195,-1.8318,0.3506,0.9655,0.4984,0.9772
0.3712,43.0318,0.4394,path,3.0354,6.9200,0.0167,-0.1328,0.3467,0.8519,0.5837,0.8380
0.2048,2.5386,0.0392,straight,0.1622,5.1200,0.1459,-0.1762,0.1043,0.1291,0.0466,0.0000
0.0554,3.1710,0.0547,turn,0.0000,5.7600,0.0000,nan,nan,0.1344,0.0523,0.8525
1.0157,2.4993,0.3637,path,2.2871,5.7400,0.0081,-1.0086,0.1204,0.4093,0.2741,0.4069
0.3832,9.3040,0.0719,lateral,1.3447,5.3000,0.3832,-0.3788,0.0578,0.4828,0.1907,0.4078
0.1608,0.3336,0.0949,combined,1.3469,7.8000,0.1608,-0.1595,0.0208,0.5349,0.1610,0.8327
1.5714,6.8592,0.7314,path,4.4816,7.3000,0.0136,-1.4429,0.6223,0.7840,0.4528,0.6781
0.1228,6.1918,0.0522,lateral,0.1058,7.2000,0.1000,-0.0793,0.0938,0.1548,0.0626,0.3790
0.0555,9.8650,0.0456,turn,0.0000,4.3800,0.0000,nan,nan,0.1213,0.0598,0.0000
0.1700,8.7076,0.0275,straight,0.4690,5.2600,0.1672,-0.1689,0.0191,0.3316,0.0804,0.0000
0.0713,0.9557,0.0644,turn,0.0000,4.2200,0.0000,nan,nan,0.1666,0.0558,0.0000
0.1012,3.0339,0.0625,turn,0.0000,6.5600,0.0000,nan,nan,0.1666,0.0556,0.0000
0.9264,7.3552,0.2554,path,2.2343,6.3600,0.0073,-0.9194,0.1137,0.4232,0.2421,0.3627
0.3575,4.1673,0.0178,straight,1.6397,7.7200,0.3569,-0.3493,0.0762,0.5720,0.1811,0.6124
0.1068,0.2399,0.0230,turn,0.0000,6.2800,0.0000,nan,nan,0.1287,0.0491,0.0000
1.5275,26.9580,0.7729,path,4.1979,5.3800,0.0169,-1.4869,0.3498,0.9117,0.6230,0.8391
0.1860,9.3006,0.0427,turn,0.0000,5.7400,0.0000,nan,nan,0.2289,0.0736,0.6654
1.7642,33.4814,0.6994,path,3.1937,5.2200,0.0165,-1.7271,0.3596,0.7926,0.3622,0.8269
0.9562,13.5315,0.2143,path,3.5816,7.9600,0.0119,-0.6270,0.7219,0.8747,0.4424,0.5959
0.1354,0.1350,0.0120,lateral,1.2220,6.4200,0.1354,-0.1352,0.0079,0.5154,0.1744,0.7011
0.0532,3.3457,0.0472,turn,0.0000,4.8000,0.0000,nan,nan,0.1536,0.0543,0.0000
0.2095,1.4337,0.0535,turn,0.0000,5.5400,0.0000,nan,nan,0.1349,0.0617,0.0000
1.4724,12.1913,0.3195,path,2.4346,4.5200,0.0110,-1.4719,0.0393,0.5620,0.2344,0.5518
0.1103,9.4621,0.0485,combined,1.3984,6.6200,0.1103,-0.1043,0.0360,0.5537,0.1994,0.0000
0.0139,2.1971,0.0499,stand,0.0000,6.7000,0.0000,nan,nan,0.0837,0.0324,0.3173
1.5378,27.5524,0.4267,path,3.1700,7.4600,0.0138,-1.3407,0.7531,0.6271,0.3550,0.6913
0.0566,3.6980,0.0655,turn,0.0000,7.9600,0.0000,nan,nan,0.2344,0.0656,0.0000
1.2221,0.7289,0.5450,path,3.9830,7.1600,0.0126,-1.2210,0.0523,0.7456,0.4398,0.6270
1.1615,1.4185,0.5611,path,2.6431,5.6400,0.0098,-1.1563,0.1098,0.5343,0.2772,0.4903
0.0323,2.0667,0.0993,combined,2.3325,7.5800,0.0252,-0.0281,0.0159,1.1539,0.3193,0.0000
0.2179,4.3598,0.1248,combined,1.4599,7.9800,0.2095,-0.2179,0.0027,0.5951,0.1584,0.9155
0.1705,1.4171,0.0831,combined,1.5061,7.2600,0.1705,-0.0476,0.1637,0.7417,0.2296,0.0000
0.9948,12.6003,0.4914,path,2.4811,4.6000,0.0184,-0.8346,0.5414,0.8705,0.4196,0.9271
1.7233,6.0822,0.6634,path,3.8427,5.4600,0.0151,-1.6997,0.2845,0.8124,0.4339,0.7570
0.1777,0.1911,0.0228,lateral,1.4367,6.5800,0.1777,-0.1498,0.0956,0.7999,0.2006,0.8626
0.9920,26.4878,0.3476,path,2.1681,7.0400,0.0193,0.9352,0.3308,1.0208,0.5889,0.9628
0.1270,9.7005,0.0411,lateral,0.9341,7.6000,0.1268,-0.1172,0.0488,0.2998,0.1162,0.0000
1.5482,12.5519,0.2703,path,2.4972,4.7400,0.0177,-1.4501,0.5425,0.5288,0.2670,0.8841
0.3094,7.6345,0.0841,combined,1.0147,5.9000,0.3094,-0.2947,0.0942,0.2564,0.1159,0.0000
1.6140,16.6925,0.5720,path,2.8789,6.7800,0.0135,-1.4306,0.7471,0.6085,0.3017,0.6768
0.0337,4.5986,0.0345,straight,0.1610,4.9600,0.0303,-0.0120,0.0315,0.1105,0.0576,0.4417
0.5960,7.3582,0.1557,straight,1.7764,5.9800,0.5960,-0.5916,0.0722,0.5563,0.2101,0.0000
0.0725,11.9190,0.0521,combined,1.8678,7.7600,0.0725,-0.0714,0.0126,0.6630,0.2723,0.5889
0.6709,0.5593,0.3232,path,1.0874,6.3800,0.0097,-0.4889,0.4594,0.5192,0.2902,0.4831
0.3291,8.4028,0.2685,combined,2.1693,5.9600,0.3291,-0.3291,0.0007,0.9559,0.3209,0.0000
0.2652,6.7148,0.0874,combined,1.4933,5.9400,0.2652,-0.2639,0.0259,0.7382,0.2479,0.5694
0.2011,10.8040,0.0109,lateral,1.3329,6.7000,0.2011,-0.2003,0.0179,0.8190,0.1748,0.0000
0.2255,7.0143,0.0902,straight,0.9060,5.4000,0.2255,-0.1321,0.1827,0.2945,0.1561,0.7244
1.3766,7.5487,0.5151,path,2.8939,5.7600,0.0157,-1.0928,0.8371,0.7028,0.4518,0.7840
0.1422,5.7248,0.0362,turn,0.0000,7.7600,0.0000,nan,nan,0.1755,0.0529,0.0000
0.2050,5.2509,0.0914,straight,1.3350,5.1000,0.2050,-0.1794,0.0992,0.5205,0.2363,0.0000
1.1939,14.3848,0.3786,path,1.6467,6.9200,0.0118,-0.6377,1.0094,0.7167,0.3705,0.5899
0.5125,55.2952,0.0816,path,1.5873,6.7600,0.0065,-0.4500,0.2454,0.8773,0.2192,0.3264
0.5347,2.3257,0.1143,combined,1.5961,4.7400,0.5347,-0.5347,0.0014,0.4624,0.2302,0.0000
0.0117,3.4610,0.0324,stand,0.0000,5.3200,0.0000,nan,nan,0.0890,0.0304,0.4627
0.2906,0.2787,0.0774,combined,1.3008,5.6400,0.2906,-0.2816,0.0717,0.4837,0.1691,0.9021
1.4600,27.8989,0.4914,path,1.2933,5.3400,0.0197,-1.4575,0.0861,0.5753,0.3077,0.9842
0.2214,6.2735,0.0752,combined,1.4317,6.3400,0.2214,-0.2046,0.0847,0.3929,0.2041,0.0000
0.0719,7.5916,0.0671,turn,0.0000,7.4400,0.0000,nan,nan,0.1089,0.0422,0.0000
1.1595,18.1100,0.8919,path,3.0667,5.3000,0.0173,-0.9324,0.6892,1.0338,0.5432,0.8664
1.4637,6.1393,0.6456,path,3.1848,5.5600,0.0147,-1.3986,0.4318,0.6875,0.3582,0.7359
1.8428,12.8298,0.9287,path,5.2052,7.1000,0.0159,-1.8411,0.0798,0.9812,0.5199,0.7997
0.4530,7.3664,0.0817,combined,1.4761,5.4600,0.4530,-0.4506,0.0463,0.4905,0.1729,0.3031
1.3676,25.9617,0.3702,path,3.5911,6.4400,0.0154,-1.2156,0.6266,0.7582,0.4214,0.7686
1.6034,22.8608,0.7592,path,3.7159,7.9600,0.0157,-1.3904,0.7985,0.8563,0.4575,0.7894
0.2993,3.2009,0.0705,combined,1.3965,7.9400,0.2993,-0.2855,0.0897,0.7409,0.1701,0.4617
0.2610,7.8021,0.0991,lateral,0.9464,5.7800,0.2610,-0.2574,0.0435,0.4545,0.1309,0.0000
0.0847,0.3819,0.0854,lateral,0.4620,7.1600,0.0362,0.0544,0.0650,0.2594,0.0869,0.7729
0.1232,4.3040,0.0536,turn,0.0000,5.3200,0.0000,nan,nan,0.1936,0.0561,0.0000
0.0776,0.9242,0.0854,straight,1.0021,7.0800,0.0377,0.0627,0.0457,0.3527,0.1620,0.0000
1.7477,4.1415,0.8371,path,4.3061,6.0200,0.0183,-1.6971,0.4176,0.9305,0.5177,0.9164
0.1861,6.0755,0.0823,combined,1.7142,7.7200,0.1861,-0.1699,0.0759,0.5422,0.2080,0.0000
1.0684,27.1043,0.3714,path,2.5081,7.6200,0.0068,-1.0411,0.2402,0.4689,0.2226,0.3378
1.9773,11.7722,0.4808,path,4.0519,7.7000,0.0153,-1.7466,0.9271,1.0194,0.4342,0.7651
0.0443,9.2973,0.0261,straight,0.4692,7.3600,0.0254,0.0257,0.0361,0.3747,0.0950,0.0000
1.8434,11.5161,0.4376,path,3.0059,6.1800,0.0186,-1.3074,1.2994,0.6964,0.4008,0.9301
1.8232,36.2104,0.8515,path,5.0237,7.2000,0.0173,-1.4795,1.0654,0.9822,0.5683,0.8659
0.1809,0.0542,0.0558,lateral,0.1912,7.3800,0.1720,-0.1755,0.0440,0.1081,0.0477,0.0000
0.0315,0.6186,0.0426,stand,0.0000,4.8400,0.0000,nan,nan,0.0911,0.0374,0.7327
1.5611,29.0225,0.4576,path,2.3036,6.6400,0.0169,-1.1051,1.1026,1.2152,0.5761,0.8437
0.0228,0.2727,0.0700,straight,0.1627,7.7600,0.0081,-0.0188,0.0130,0.1308,0.0511,0.0000
0.0292,2.2578,0.0457,stand,0.0000,7.4400,0.0000,nan,nan,0.0951,0.0312,0.0000
0.0485,9.1539,0.0405,turn,0.0000,4.1600,0.0000,nan,nan,0.1210,0.0521,0.4430
0.2304,3.4920,0.0507,turn,0.0000,5.5800,0.0000,nan,nan,0.1195,0.0562,0.7976
0.2129,1.9399,0.0396,combined,1.5778,7.6800,0.2129,-0.2035,0.0625,0.5567,0.1913,0.4401
0.8602,8.7632,0.2926,path,2.5599,6.8400,0.0202,0.4925,0.7053,1.0352,0.6106,1.0073
1.5150,2.7415,0.6377,path,3.3789,5.8800,0.0143,-1.3774,0.6309,0.7680,0.4138,0.7128
1.2649,12.0072,0.4631,path,3.3982,7.5200,0.0123,-1.2614,0.0931,0.7126,0.3432,0.4507
0.5968,44.5686,0.2875,path,1.2193,4.0000,0.0200,0.5572,0.2137,1.0315,0.5767,0.9963
0.1830,4.5064,0.0485,straight,1.7196,6.5600,0.1830,-0.1722,0.0621,0.6165,0.2452,0.4234
0.1376,10.6059,0.1159,straight,1.9474,7.1000,0.1376,-0.1256,0.0561,0.7291,0.2685,0.4727
0.1994,6.0367,0.0771,combined,0.5579,4.1600,0.1987,-0.1739,0.0976,0.4068,0.1443,0.0000
0.8661,44.4736,0.3690,path,4.6160,7.9600,0.0152,-0.7352,0.4579,1.2534,0.5291,0.7596
0.0623,1.1336,0.0499,lateral,1.0670,7.1600,0.0590,-0.0622,0.0032,0.4741,0.1514,0.0000
0.6198,23.5260,0.1805,path,2.5416,7.0800,0.0141,-0.0406,0.6185,0.9903,0.4221,0.7052
1.7557,5.8599,0.6431,path,3.3088,6.9400,0.0199,-1.0080,1.4376,0.8854,0.5025,0.9958
0.1770,7.0083,0.0955,straight,1.9491,7.4000,0.1770,-0.1701,0.0489,0.7561,0.2501,0.5596
1.5292,10.2835,0.6712,path,3.5083,7.0200,0.0152,-1.4334,0.5328,0.6842,0.4373,0.7579
1.8374,0.6157,0.3715,path,3.4500,6.2000,0.0118,-1.8372,0.0255,0.5332,0.2743,0.5892
0.9224,10.7651,0.2642,path,1.3160,6.2800,0.0087,-0.7775,0.4964,0.3460,0.2061,0.4338
0.7730,6.3144,0.3665,path,2.4936,6.9000,0.0079,-0.7208,0.2794,0.6664,0.3615,0.3935
0.5059,3.2403,0.0591,lateral,1.4753,4.0400,0.5059,-0.5006,0.0731,0.6436,0.2465,0.0000
0.0053,1.5005,0.0171,stand,0.0000,7.4400,0.0000,nan,nan,0.0746,0.0267,0.7057
1.7578,23.5704,0.7970,path,5.1907,7.6600,0.0168,-1.5842,0.7618,0.9487,0.5619,0.8403
0.1002,3.7084,0.0636,combined,0.5574,4.0200,0.1002,-0.0995,0.0115,0.2666,0.1279,0.4897
1.3293,35.2403,0.7959,path,4.8454,7.0800,0.0155,-0.9719,0.9069,0.9434,0.6006,0.7697
0.7161,33.1809,0.1313,path,2.1671,7.4400,0.0078,-0.6118,0.3722,0.5385,0.2532,0.3917
1.6594,6.0068,0.7099,path,3.3836,5.0800,0.0181,-1.4293,0.8429,0.7687,0.4417,0.9063
0.2436,0.1588,0.0240,turn,0.0000,7.9000,0.0000,nan,nan,0.1582,0.0548,0.0000
1.6763,4.0362,0.4256,path,4.7778,6.4600,0.0195,-1.3321,1.0176,1.0377,0.5791,0.9671
0.7812,3.4660,0.4243,path,2.3650,6.9800,0.0071,-0.7374,0.2581,0.6407,0.3179,0.3537
1.7366,10.5826,0.6564,path,3.7963,4.8800,0.0192,-1.5814,0.7176,0.9859,0.5366,0.9601
0.4199,1.2467,0.1271,straight,1.4823,4.2000,0.4199,-0.4112,0.0850,0.5622,0.2673,0.0000
1.3770,10.7038,0.3852,path,2.6510,6.7000,0.0082,-1.3746,0.0818,0.4729,0.2108,0.4108
0.4440,2.7818,0.1027,combined,1.2356,5.3800,0.4440,-0.4437,0.0171,0.4480,0.1781,0.0000
0.2348,10.3722,0.0561,combined,2.1693,6.8000,0.2348,-0.2348,0.0012,0.7585,0.2660,0.6044
1.9778,4.9045,0.7019,path,5.1360,7.8200,0.0185,-1.4126,1.3844,1.0485,0.6127,0.9238
1.7206,25.7439,0.7402,path,3.3779,5.3000,0.0162,-1.6473,0.4968,0.7458,0.4325,0.8097
0.0295,0.3463,0.0479,stand,0.0000,4.2200,0.0000,nan,nan,0.0754,0.0258,0.0000
1.4614,18.0755,0.6526,path,2.9195,4.3600,0.0138,-1.4591,0.0821,0.6729,0.3608,0.6878
1.9372,9.0426,0.9004,path,4.1166,4.4200,0.0200,-1.9370,0.0242,0.9494,0.5378,0.9985
0.1287,0.9646,0.0273,turn,0.0000,6.0000,0.0000,nan,nan,0.1778,0.0701,0.6232
0.2802,5.9691,0.0741,lateral,0.6589,4.6800,0.2802,-0.2794,0.0215,0.3305,0.0921,0.7386
1.6263,26.5959,0.5776,path,2.6497,4.2000,0.0166,-1.5783,0.3925,0.6131,0.3088,0.8300
0.2535,8.0338,0.1261,lateral,1.3331,4.6400,0.2535,-0.2494,0.0451,0.5895,0.2397,0.7673
2.5052,19.5769,1.3203,path,5.6707,5.9400,0.0196,-2.4928,0.2484,1.3399,0.5656,0.9747
1.4906,26.2747,0.4545,path,2.3875,4.6800,0.0199,-1.1904,0.8970,0.7411,0.4010,0.9918
0.0085,0.0486,0.0531,combined,2.1717,7.7600,0.0085,0.0015,0.0084,0.9572,0.2895,0.3400
0.0704,1.5441,0.0698,straight,1.1413,6.9800,0.0327,0.0409,0.0572,0.5714,0.1836,0.5775
1.0588,20.5675,0.4305,path,1.1486,7.0800,0.0158,-0.5407,0.9104,0.5880,0.3832,0.7905
1.1630,11.2287,0.3755,path,2.7532,7.5200,0.0094,-0.9773,0.6305,0.4459,0.3355,0.4726
0.9148,12.9393,0.2872,path,1.8600,7.9200,0.0075,-0.8999,0.1642,0.3936,0.2282,0.3788
0.0609,6.7082,0.0318,lateral,0.1450,4.9600,0.0592,-0.0028,0.0609,0.1854,0.0600,0.0000
0.2346,0.9970,0.0511,straight,0.7375,7.4200,0.2310,-0.2296,0.0486,0.2645,0.0946,0.0000
0.9648,1.2054,0.3295,path,3.4665,7.4400,0.0136,-0.9448,0.1952,0.7319,0.3794,0.6793
0.1453,1.8970,0.0330,combined,0.9822,7.3200,0.1448,-0.1442,0.0177,0.4560,0.1259,0.6056
0.1422,2.2809,0.0647,combined,1.2963,7.2400,0.1422,-0.1167,0.0812,0.4030,0.1737,0.0000
0.2228,0.4741,0.0990,combined,1.1871,4.3200,0.2228,-0.2073,0.0818,0.5296,0.2308,0.0000
0.1004,8.6586,0.0479,lateral,0.3596,4.2400,0.1004,-0.0973,0.0246,0.1722,0.0766,0.0000
1.4602,27.1902,0.4980,path,2.8157,7.1200,0.0134,-1.0034,1.0608,0.7467,0.4095,0.6703
0.3791,31.2922,0.1230,path,3.1967,7.3600,0.0181,0.0458,0.3763,0.8821,0.5096,0.9017
0.0610,12.2071,0.0861,straight,0.3367,4.6400,0.0360,0.0421,0.0442,0.2249,0.0979,0.0000
0.0730,7.7914,0.0758,straight,0.2373,4.8400,0.0727,-0.0712,0.0160,0.1376,0.0578,0.4106
1.0205,5.7184,0.3526,path,2.1270,5.8800,0.0075,-1.0152,0.1034,0.4505,0.2320,0.3748
1.9694,4.1350,0.7227,path,4.1735,7.5800,0.0084,-1.8723,0.6109,0.8450,0.3954,0.8171
0.0895,2.4080,0.0643,turn,0.0000,5.6200,0.0000,nan,nan,0.1937,0.0519,0.0000
1.7162,9.4490,0.7729,path,2.5190,4.4400,0.0118,-1.6737,0.3793,0.8292,0.3750,0.5918
1.8721,6.1633,0.4345,path,2.7976,4.3000,0.0214,-1.7149,0.7509,0.7415,0.3722,1.0705
1.3135,2.0042,0.4985,path,2.4649,4.0600,0.0124,-1.3122,0.0579,0.6092,0.2968,0.6208
0.6974,40.0436,0.1158,path,0.4629,4.0400,0.0213,-0.0171,0.6972,1.0045,0.3202,1.0654
0.0495,1.1166,0.0095,stand,0.0000,4.7800,0.0000,nan,nan,0.0909,0.0329,0.3211
1.3532,27.7345,0.6410,path,3.1444,5.1600,0.0157,-1.1890,0.6461,0.8166,0.4563,0.7868
0.0336,5.8838,0.0757,turn,0.0000,4.3200,0.0000,nan,nan,0.1320,0.0485,0.0000
0.7860,11.2858,0.2134,path,1.5229,4.6800,0.0042,-0.7845,0.0484,0.6095,0.1618,0.3257
0.4660,1.5743,0.1047,lateral,1.2212,5.0800,0.4660,-0.4591,0.0798,0.4290,0.1557,0.3679
1.6113,33.4642,0.6344,path,3.8403,5.7400,0.0151,-1.5317,0.4999,0.7684,0.4665,0.7566
1.7688,0.0144,0.6520,path,3.4912,4.0200,0.0184,-1.7649,0.1175,0.7484,0.4583,0.9218
0.3250,10.6346,0.0573,straight,0.9674,5.4200,0.3250,-0.2925,0.1417,0.2750,0.1388,0.0000
0.0131,0.0617,0.0211,stand,0.0000,4.4800,0.0000,nan,nan,0.1083,0.0297,0.8488
1.0835,44.9864,0.4518,path,1.3917,4.4000,0.0081,-1.0556,0.2442,0.5491,0.1096,0.4087
1.5347,0.6201,0.7574,path,3.2737,6.8000,0.0150,-1.1722,0.9906,0.9627,0.5790,0.7483
0.3694,2.5588,0.0533,lateral,1.3569,5.5600,0.3694,-0.3676,0.0366,0.5766,0.1889,0.8171
0.0749,4.9867,0.0726,turn,0.0000,6.0000,0.0000,nan,nan,0.1297,0.0520,0.0000
1.2674,35.9108,0.4924,path,2.8704,4.8800,0.0133,-1.2351,0.2842,0.6651,0.4214,0.6669
0.0796,0.3256,0.0881,turn,0.0000,4.8400,0.0000,nan,nan,0.1217,0.0584,0.0000
1.7934,5.2955,0.6844,path,3.7299,5.5600,0.0181,-1.7841,0.1819,0.8197,0.4252,0.9115
0.4338,15.3949,0.2700,path,1.1229,7.8200,0.0062,-0.1868,0.3915,0.3309,0.2224,0.3101
1.1800,36.1295,0.3273,path,2.5874,5.9200,0.0087,-1.1397,0.3059,0.6633,0.2727,0.4877
0.0405,1.6906,0.0271,stand,0.0000,6.4200,0.0000,nan,nan,0.1104,0.0365,0.0000
0.1431,10.1441,0.0791,straight,0.9708,4.3400,0.1431,-0.1406,0.0265,0.4102,0.2004,0.8255
0.1162,2.3056,0.0435,turn,0.0000,5.9600,0.0000,nan,nan,0.1409,0.0412,0.0000
0.0285,0.5640,0.0104,stand,0.0000,4.3600,0.0000,nan,nan,0.0820,0.0407,0.9175
0.1249,9.2928,0.0207,turn,0.0000,4.3200,0.0000,nan,nan,0.2619,0.0616,0.0000
0.9133,19.4491,0.4309,path,3.2437,6.4600,0.0114,-0.8055,0.4305,1.0469,0.5350,0.5708
0.1193,12.2447,0.0323,lateral,0.4511,4.6400,0.1188,-0.1193,0.0002,0.2477,0.0814,0.0000
0.2092,8.6591,0.0204,lateral,0.6566,5.6600,0.2085,-0.1691,0.1231,0.2970,0.1038,0.8555
0.0223,4.3947,0.0475,stand,0.0000,6.3600,0.0000,nan,nan,0.1127,0.0384,0.7374
0.0890,2.0188,0.0696,straight,0.5046,5.3600,0.0768,0.0155,0.0876,0.2337,0.1138,0.0000
1.3246,9.3040,0.4205,path,2.3815,4.9000,0.0128,-1.2876,0.3112,0.4366,0.2699,0.6388
0.0769,6.0798,0.1097,straight,0.2476,7.8200,0.0477,0.0350,0.0685,0.2035,0.0666,0.0000
1.5547,30.9755,0.5853,path,5.3488,7.6600,0.0172,-1.4151,0.6440,0.9440,0.5936,0.8559
0.0636,3.0285,0.0475,straight,0.4461,5.7000,0.0587,-0.0595,0.0224,0.1980,0.0872,0.6034
0.1634,5.5743,0.0223,straight,0.2849,4.2000,0.1626,-0.1219,0.1089,0.1392,0.0643,0.0000
0.1314,6.1299,0.1020,lateral,0.4623,6.0600,0.1237,-0.1268,0.0343,0.2374,0.0735,0.8668
0.0732,0.6886,0.0226,straight,1.6704,6.8800,0.0732,-0.0476,0.0555,0.8277,0.2495,0.4388
0.1715,6.2879,0.0511,lateral,0.5357,4.8200,0.1704,-0.1205,0.1220,0.3006,0.1021,0.4275
1.0116,28.6022,0.3508,path,1.7467,5.6200,0.0100,-0.8715,0.5137,0.9771,0.2621,0.5044
0.1258,1.4002,0.0660,lateral,0.9376,6.4600,0.1258,-0.0666,0.1067,0.4240,0.1454,0.8420
0.0751,4.3981,0.0731,straight,0.8728,5.0200,0.0751,-0.0750,0.0050,0.3661,0.1675,0.0000
0.0863,5.0161,0.0142,turn,0.0000,5.1000,0.0000,nan,nan,0.1440,0.0558,0.0000
1.3317,35.5380,0.5715,path,2.7892,4.6400,0.0129,-1.3050,0.2654,0.7188,0.3722,0.6434
1.0404,0.6512,0.4359,path,1.6307,4.1400,0.0080,-1.0396,0.0416,0.5720,0.2389,0.3990
0.1050,1.8109,0.0488,straight,0.4721,4.3200,0.1039,-0.0434,0.0956,0.2045,0.1092,0.0000
0.0414,3.6529,0.0210,stand,0.0000,6.1800,0.0000,nan,nan,0.1265,0.0342,0.8500
1.8043,24.0434,1.1217,path,3.8390,4.5600,0.0176,-1.7100,0.5757,1.1464,0.5278,0.8817
0.0499,7.1080,0.0639,combined,1.5703,6.1200,0.0208,0.0460,0.0194,0.8327,0.2857,0.5025
0.3070,2.2031,0.0577,combined,2.0352,6.6000,0.3070,-0.3067,0.0127,0.7064,0.2749,0.0000
0.7043,20.3617,0.1800,combined,1.6778,4.3600,0.7043,-0.7014,0.0628,0.4995,0.2589,0.0000
0.7258,5.4812,0.3922,path,2.4756,6.9400,0.0071,-0.7054,0.1708,0.4591,0.3485,0.3570
0.0559,1.8387,0.0367,stand,0.0000,4.6800,0.0000,nan,nan,0.0719,0.0293,0.0000
0.5744,0.5602,0.1120,combined,2.0883,4.5800,0.5744,-0.5668,0.0931,0.8587,0.3082,0.9155
1.0741,29.0377,0.4201,path,1.9748,6.8400,0.0213,-1.0484,0.2337,0.5583,0.3357,1.0658
1.2876,13.5748,0.4915,path,2.4517,4.4200,0.0130,-1.2876,0.0016,0.6778,0.3510,0.6554
0.5456,6.3118,0.1756,straight,1.5553,4.4200,0.5456,-0.5281,0.1373,0.4636,0.2491,0.5694
0.0289,6.8574,0.0549,lateral,0.1909,4.5200,0.0289,-0.0273,0.0096,0.1459,0.0570,0.0000
2.0589,4.7388,1.1530,path,5.6865,6.3200,0.0207,-2.0588,0.0047,1.2156,0.6126,1.0452
1.1627,14.4048,0.4985,path,3.6205,7.5400,0.0128,-0.8416,0.8022,1.2454,0.4910,0.6398
0.1110,3.1587,0.0485,lateral,0.6853,4.3600,0.1110,-0.1074,0.0279,0.4332,0.1396,0.0000
0.7130,15.5619,0.2784,path,1.3662,5.0200,0.0062,-0.6844,0.1999,0.3032,0.1804,0.3079
0.1771,5.6143,0.0940,straight,0.9547,6.8800,0.1771,-0.1712,0.0453,0.2738,0.1265,0.3174
0.0927,7.5589,0.0094,turn,0.0000,6.6000,0.0000,nan,nan,0.2786,0.0591,0.8410
0.2076,4.5977,0.1174,straight,1.3020,6.5000,0.2076,-0.1925,0.0776,0.4587,0.1858,0.0000
0.8304,11.2834,0.2481,path,0.5339,7.5600,0.0090,-0.8070,0.1955,0.4192,0.2091,0.4490
0.0092,6.2050,0.0700,turn,0.0000,6.7000,0.0000,nan,nan,0.1364,0.0533,0.0000
0.8640,15.5513,0.2810,path,2.4638,6.7000,0.0083,-0.8219,0.2663,0.6502,0.2623,0.4136
0.2966,7.6624,0.0841,straight,1.6510,5.9600,0.2966,-0.2578,0.1468,0.6314,0.2425,0.0000
0.0112,0.0232,0.0151,stand,0.0000,4.9800,0.0000,nan,nan,0.0641,0.0249,0.3173
0.3486,9.6322,0.1340,combined,2.2592,5.2400,0.3486,-0.3471,0.0321,0.8206,0.3513,0.0000
1.0487,11.1759,0.3226,path,1.8346,5.0200,0.0073,-1.0405,0.1306,0.5625,0.2149,0.3656
0.4944,15.1013,0.0538,combined,2.2771,5.1200,0.4944,-0.4902,0.0647,0.7857,0.3468,0.0000
0.0356,3.7431,0.0611,stand,0.0000,4.7800,0.0000,nan,nan,0.0574,0.0244,0.5889
0.0167,1.6086,0.0200,stand,0.0000,4.2000,0.0000,nan,nan,0.0960,0.0258,0.0000
1.5613,26.4992,0.6029,path,2.9862,4.4200,0.0136,-1.5594,0.0771,0.6485,0.3828,0.6770
0.0852,15.8163,0.0235,straight,0.1282,5.3600,0.0399,0.0372,0.0767,0.1502,0.0626,0.3790
1.5982,8.1112,0.7794,path,3.6511,4.2200,0.0176,-1.5816,0.2300,0.9871,0.6622,0.8772
0.3907,3.5096,0.0812,combined,1.0093,4.4000,0.3907,-0.3788,0.0960,0.5495,0.1935,0.4617
2.6136,28.9616,0.8407,path,3.4197,7.0800,0.0210,-2.2605,1.3120,0.7922,0.4179,1.0490
2.6864,0.5956,0.9820,path,6.0716,6.3600,0.0203,-2.6861,0.0402,1.1099,0.5794,1.0391
0.3676,1.4299,0.0782,straight,1.9724,7.7400,0.3676,-0.3676,0.0024,0.6816,0.2172,0.8393
0.1012,0.4647,0.0200,turn,0.0000,4.3000,0.0000,nan,nan,0.2362,0.0889,0.0000
1.4222,14.4271,0.5345,path,2.5027,4.3600,0.0098,-1.4219,0.0293,0.6174,0.3111,0.5798
1.2157,49.7283,0.6107,path,2.2093,6.3200,0.0188,-1.0973,0.5233,0.9165,0.2979,0.9441
1.2471,38.5128,0.3902,path,2.7472,6.9400,0.0090,-1.2145,0.2831,0.5456,0.2466,0.4474
0.1082,0.9739,0.0712,turn,0.0000,7.2800,0.0000,nan,nan,0.1996,0.0674,0.0000
1.2444,0.9156,0.5412,path,2.5797,4.9200,0.0109,-1.2406,0.0971,0.5645,0.3112,0.5452
0.8397,0.1939,0.2829,path,1.9383,6.4200,0.0075,-0.8202,0.1797,0.5233,0.2454,0.3742
0.1204,8.1220,0.0234,combined,0.6749,4.9400,0.1200,-0.1168,0.0290,0.2971,0.1412,0.9021
0.0653,7.5886,0.0499,turn,0.0000,6.5000,0.0000,nan,nan,0.1455,0.0544,0.0000
0.7727,26.3246,0.2397,path,1.5822,5.9800,0.0053,-0.7209,0.2783,0.7965,0.1947,0.3075
0.0964,3.4165,0.0700,straight,0.5840,5.1000,0.0931,-0.0339,0.0902,0.2622,0.1204,0.0000
1.2914,29.6805,0.2460,path,0.9097,6.7400,0.0168,-0.8661,0.9579,0.4766,0.2359,0.8399
0.5722,11.5255,0.1716,path,1.3248,5.1800,0.0060,-0.5522,0.1501,0.5325,0.2310,0.3003
0.3479,24.2662,0.0936,path,3.1978,7.6600,0.0197,0.2697,0.2197,0.9994,0.5267,0.9826
0.1665,11.9588,0.0677,combined,0.2917,4.8200,0.1660,-0.1649,0.0230,0.1548,0.0682,0.7729
0.1158,10.9105,0.0750,combined,1.9023,7.1000,0.1120,0.0462,0.1062,0.8917,0.2718,0.3866
0.8766,44.6125,0.1390,path,1.6649,5.8400,0.0156,-0.3114,0.8195,0.5802,0.2946,0.7762
1.6645,12.5453,0.8342,path,2.1032,7.4200,0.0168,-1.6261,0.3556,0.8811,0.3717,0.8401
1.4096,10.9013,0.3726,path,2.5509,7.7200,0.0104,-1.2451,0.6608,0.4094,0.2367,0.5215
0.1574,8.1874,0.0304,combined,1.2116,6.0400,0.1574,-0.1526,0.0384,0.6161,0.1921,0.8327
0.2036,7.7206,0.0418,straight,0.5699,6.2600,0.0395,0.2018,0.0266,0.4060,0.1457,0.0000
1.2832,5.6348,0.3488,path,2.6543,6.3200,0.0099,-1.2311,0.3617,0.7209,0.2401,0.4968
0.2119,4.7052,0.0369,straight,0.1658,4.6400,0.1655,-0.2099,0.0290,0.1013,0.0406,0.7976
0.0138,4.4665,0.0179,straight,0.1991,6.7800,0.0009,0.0047,0.0129,0.1327,0.0598,0.0000
1.6471,55.1049,0.7098,path,3.8156,4.9400,0.0196,-1.5615,0.5241,1.0521,0.5030,0.9736
0.8101,12.6678,0.1554,path,1.7173,6.5600,0.0061,-0.8036,0.1022,0.2669,0.1636,0.3076
0.0830,8.9460,0.0826,lateral,0.0352,6.1800,0.0302,0.0462,0.0689,0.1265,0.0522,0.0000
0.0611,1.2261,0.0554,turn,0.0000,7.0600,0.0000,nan,nan,0.1341,0.0563,0.9325
1.1808,24.4154,0.8072,path,2.6558,4.1000,0.0131,-1.1798,0.0473,0.8024,0.4222,0.6479
0.4774,1.2337,0.0948,combined,1.4719,6.0000,0.4774,-0.4633,0.1153,0.5497,0.2087,0.0000
0.0388,0.7111,0.0651,turn,0.0000,4.1200,0.0000,nan,nan,0.1338,0.0627,0.4897
0.1853,3.6227,0.0482,straight,0.8887,6.2200,0.1853,-0.1851,0.0082,0.2900,0.1246,0.0000
0.1401,1.2189,0.0547,turn,0.0000,6.2400,0.0000,nan,nan,0.1394,0.0589,0.6124
1.5880,5.4548,0.4827,path,3.6497,6.5400,0.0115,-1.5798,0.1613,0.6005,0.3290,0.5756
0.9095,1.3263,0.3864,path,2.8984,7.3400,0.0081,-0.9080,0.0537,0.4360,0.2818,0.4034
0.8525,30.0794,0.4755,path,1.8285,6.2600,0.0081,-0.7899,0.3205,0.7729,0.2675,0.4028
0.0687,11.1902,0.0687,straight,0.8625,7.1800,0.0687,-0.0293,0.0621,0.3468,0.1346,0.0000
0.0187,0.7924,0.0036,stand,0.0000,4.9200,0.0000,nan,nan,0.0672,0.0321,0.4401
0.8742,8.7319,0.5388,path,1.5667,6.7000,0.0176,-0.2594,0.8349,0.8765,0.5198,0.8783
0.1811,2.3107,0.0844,straight,1.5774,6.6000,0.1811,-0.1527,0.0973,0.6891,0.2316,0.7558
0.3310,3.2135,0.1427,combined,1.9438,6.7800,0.3310,-0.3235,0.0704,0.5040,0.2598,0.0000
0.1200,7.3039,0.0226,straight,0.4976,5.6400,0.1188,-0.0693,0.0980,0.2752,0.0974,0.0000
1.3965,18.7050,0.4660,path,2.5206,4.8400,0.0105,-1.3965,0.0006,0.5082,0.2551,0.5253
0.2634,12.1545,0.0483,lateral,1.2702,6.6200,0.2634,-0.1558,0.2124,0.6335,0.1751,0.0000
0.0519,0.3666,0.0198,stand,0.0000,6.0000,0.0000,nan,nan,0.2685,0.0408,0.0000
1.3849,7.4792,0.9292,path,3.8827,6.2800,0.0154,-1.3586,0.2683,1.0665,0.4909,0.7707
1.5343,48.4206,0.6687,path,2.2528,6.2400,0.0189,-1.5303,0.1101,0.9099,0.4728,0.9460
0.1282,8.6907,0.0230,straight,0.2157,6.2800,0.1253,-0.1193,0.0471,0.1365,0.0516,0.0000
0.1442,3.3570,0.0553,turn,0.0000,5.9200,0.0000,nan,nan,0.1475,0.0618,0.7244
0.1543,7.9171,0.0586,turn,0.0000,7.7600,0.0000,nan,nan,0.2434,0.0662,0.0000
0.0298,4.2485,0.0541,turn,0.0000,6.9600,0.0000,nan,nan,0.2175,0.0617,0.9028
0.2520,3.9743,0.0237,combined,2.2386,7.6600,0.2491,-0.2459,0.0549,0.8410,0.2706,0.8874
0.5829,19.7991,0.1365,lateral,1.3525,4.2400,0.5829,-0.5294,0.2438,0.5959,0.2041,0.7642
0.2577,4.8626,0.1005,combined,1.7897,7.3400,0.2577,-0.2537,0.0451,0.6626,0.2102,0.0000
0.2286,0.5902,0.0504,combined,1.0436,7.5600,0.2286,-0.2285,0.0084,0.4068,0.1217,0.0000
1.4533,3.5485,0.4687,path,2.0934,6.2800,0.0069,-1.4427,0.1747,0.5380,0.1480,0.3444
0.1623,6.5150,0.1639,combined,1.3937,4.7000,0.1623,-0.1621,0.0067,0.5203,0.2876,0.7057
0.0528,10.4331,0.0861,straight,1.9027,7.6400,0.0527,-0.0511,0.0135,0.7072,0.2573,0.0000
0.5059,11.9624,0.1791,path,1.5901,4.4000,0.0190,0.1335,0.4879,1.0307,0.4692,0.9582
0.0202,6.1710,0.0572,straight,0.7148,5.3800,0.0202,-0.0138,0.0147,0.3280,0.1435,0.0000
0.9120,17.5553,0.3613,path,2.1272,5.6400,0.0086,-0.9043,0.1189,0.5179,0.2497,0.4316
0.1284,38.4782,0.1943,path,2.9337,6.5800,0.0154,-0.0250,0.1259,1.2547,0.5790,0.7674
1.0804,10.5316,0.4385,path,0.8358,7.8600,0.0135,-0.5059,0.9547,0.5805,0.3252,0.6753
0.8994,38.6182,0.3276,path,3.0746,7.6000,0.0128,-0.2221,0.8716,0.8854,0.4813,0.6389
0.3154,4.9620,0.0932,straight,1.7514,7.2000,0.3154,-0.3150,0.0161,0.5823,0.2137,0.3692
0.5963,8.7431,0.1724,combined,2.1517,4.2200,0.5963,-0.5959,0.0230,0.8010,0.4119,0.7386
0.0290,2.0719,0.0153,straight,0.1251,5.9600,0.0225,-0.0157,0.0244,0.1304,0.0529,0.4627
0.1681,3.8582,0.0063,lateral,1.2219,7.5800,0.1681,-0.1647,0.0335,0.5037,0.1511,0.8334
0.4288,5.1662,0.1411,combined,1.4903,4.3600,0.4288,-0.4227,0.0720,0.5278,0.2732,0.6044
1.2667,5.9895,0.2978,path,2.6937,4.7800,0.0056,-1.2646,0.0717,0.8540,0.2930,0.5912
1.5491,30.7480,0.5742,path,3.2073,7.2400,0.0141,-1.2368,0.9327,0.6623,0.3977,0.7058
0.1251,6.2343,0.0571,combined,1.5277,6.6400,0.1251,-0.1158,0.0473,0.6723,0.2111,0.7011
0.2108,13.8369,0.0060,combined,1.3190,7.4800,0.2108,-0.1549,0.1430,0.6359,0.1759,0.0000
0.0364,0.0493,0.0229,lateral,1.0164,6.8600,0.0359,-0.0345,0.0117,0.5343,0.1535,0.8525
1.1250,31.0992,0.3305,path,0.9710,7.7200,0.0138,-0.6439,0.9224,0.5222,0.3131,0.6906
0.0085,6.7180,0.0437,straight,0.1146,4.4400,0.0028,0.0051,0.0068,0.1219,0.0496,0.0000
0.4297,5.9103,0.0880,combined,2.2146,5.8600,0.4297,-0.4293,0.0171,0.9550,0.3410,0.3031
0.1064,2.6976,0.0500,straight,1.8258,6.8600,0.1064,-0.1064,0.0035,0.7413,0.2612,0.0000
0.1174,5.9529,0.0440,straight,0.5968,6.8200,0.1122,-0.0650,0.0977,0.3298,0.1108,0.6424
1.7501,15.9458,0.4833,path,3.2479,7.9000,0.0157,-1.3439,1.1210,0.7333,0.3851,0.7833
0.0911,2.9648,0.0497,lateral,0.8340,7.7000,0.0891,-0.0754,0.0510,0.5041,0.1171,0.0000
0.0901,0.5586,0.0153,lateral,0.6279,7.6400,0.0901,-0.0319,0.0842,0.2819,0.0884,0.4032
0.7653,8.3019,0.6634,path,3.2945,7.1400,0.0093,-0.7620,0.0706,0.7293,0.4032,0.4637
0.0089,1.6922,0.0279,stand,0.0000,7.7600,0.0000,nan,nan,0.0974,0.0269,0.4414
0.1495,0.1543,0.0532,straight,0.5340,5.3000,0.1495,-0.1494,0.0068,0.1915,0.0874,0.5596
0.0488,7.4221,0.0478,turn,0.0000,6.6400,0.0000,nan,nan,0.1186,0.0493,0.4417
1.8289,3.7032,0.5495,path,4.9905,7.9000,0.0171,-1.4907,1.0596,0.8483,0.5069,0.8541
1.6547,5.1994,0.6440,path,4.1368,6.1400,0.0144,-1.6347,0.2565,0.9287,0.4773,0.7226
1.2748,94.0055,0.9938,path,3.8360,4.5400,0.0204,-1.2721,0.0835,1.2069,0.6020,1.0195
0.0551,4.4512,0.1141,straight,0.4220,4.6200,0.0409,0.0035,0.0550,0.2045,0.1061,0.6232
1.1559,6.1476,0.2854,path,2.3547,5.4000,0.0124,-1.0121,0.5585,0.6431,0.3548,0.6173
0.1488,4.8986,0.0272,lateral,1.2510,6.5000,0.1488,-0.1262,0.0789,0.4952,0.1809,0.0000
0.0412,4.0371,0.0250,stand,0.0000,7.8000,0.0000,nan,nan,0.1247,0.0227,0.0000
0.6442,4.7364,0.1401,path,2.7491,7.7200,0.0162,0.2854,0.5775,1.3577,0.4993,0.8198
0.1087,5.0660,0.0477,straight,0.6648,7.5200,0.1078,-0.0960,0.0511,0.2279,0.0948,0.0000
1.4060,25.2474,0.6060,path,3.6069,6.2400,0.0127,-1.3426,0.4175,0.8173,0.5160,0.6376
0.2127,2.8545,0.0968,combined,1.7702,7.9800,0.2127,-0.1946,0.0859,1.0155,0.2165,0.3444
0.0272,9.4475,0.0144,straight,0.1387,4.7800,0.0214,-0.0271,0.0028,0.1603,0.0543,0.7673
1.6987,7.0255,0.5994,path,3.1986,4.2200,0.0196,-1.5877,0.6039,0.8523,0.4554,0.9788
0.1000,10.2280,0.0792,turn,0.0000,5.8600,0.0000,nan,nan,0.1318,0.0579,0.4727
0.0478,1.4580,0.0110,stand,0.0000,7.9800,0.0000,nan,nan,0.1038,0.0325,0.0000
0.0177,0.4266,0.0192,stand,0.0000,4.0400,0.0000,nan,nan,0.0829,0.0319,0.0000
0.1682,9.1432,0.0355,turn,0.0000,7.3600,0.0000,nan,nan,0.1774,0.0576,0.6654
0.1980,2.8830,0.0841,combined,1.0482,5.9400,0.1980,-0.1893,0.0580,0.4259,0.1309,0.4234
1.4264,9.4327,0.6236,path,4.5524,6.7000,0.0147,-1.4225,0.1045,0.7789,0.5455,0.7343
0.1090,2.1815,0.0677,straight,0.2270,6.1200,0.0859,-0.0512,0.0962,0.1612,0.0614,0.4430
2.2166,4.7150,0.8587,path,5.4310,7.2200,0.0202,-1.9137,1.1186,0.9703,0.5886,1.0051
0.0652,3.5777,0.0533,turn,0.0000,7.3400,0.0000,nan,nan,0.1089,0.0468,0.8626
1.3086,0.9182,0.7299,path,3.4446,6.7800,0.0166,-1.1671,0.5918,1.0014,0.4901,0.8292
0.0638,3.1364,0.0575,turn,0.0000,6.1200,0.0000,nan,nan,0.1549,0.0668,0.0000
1.5383,17.5490,0.4597,path,0.3067,7.7200,0.0175,-1.5264,0.1907,0.7314,0.3793,0.8737
1.9514,50.4028,0.9281,path,3.2416,5.6400,0.0187,-1.9336,0.2631,0.9406,0.3387,0.9290
0.2175,3.7755,0.0646,combined,1.8291,6.9200,0.2175,-0.2030,0.0783,0.7150,0.2525,0.0000
0.2595,1.8956,0.0420,combined,2.0606,7.8600,0.2595,-0.2573,0.0333,0.5113,0.2380,0.4078
0.7192,36.9532,0.4757,path,0.2302,4.2800,0.0198,-0.2496,0.6745,0.7225,0.3681,0.9913
1.2649,1.9850,0.4829,path,1.9584,6.4000,0.0145,-0.8019,0.9782,0.6470,0.3002,0.7263
0.1453,0.8924,0.0800,combined,1.4493,7.8800,0.1453,-0.1222,0.0785,0.5946,0.1828,0.0000
0.2172,1.5658,0.1134,straight,0.6071,6.7400,0.2142,-0.2135,0.0399,0.2045,0.0837,0.0000
0.6426,11.5893,0.1875,path,0.7702,7.6600,0.0095,0.5832,0.2698,0.5647,0.2600,0.4729
1.8401,6.4691,0.2641,path,2.4993,7.7400,0.0066,-1.8384,0.0795,0.4267,0.0997,0.3294
0.9956,3.4176,0.3696,path,1.6412,4.1800,0.0084,-0.9942,0.0524,0.4814,0.2208,0.4180
1.5271,23.9384,0.5634,path,4.7053,7.3000,0.0167,-1.2371,0.8953,0.8498,0.5570,0.8294
0.1568,5.2251,0.0666,combined,0.5083,5.1200,0.1568,-0.1326,0.0838,0.2409,0.0885,0.0000
0.0790,0.7778,0.0319,turn,0.0000,4.1000,0.0000,nan,nan,0.0979,0.0394,0.9175
0.0271,5.2244,0.0666,turn,0.0000,7.3800,0.0000,nan,nan,0.1315,0.0566,0.0000
1.4741,13.1264,0.6277,path,4.0589,6.5800,0.0132,-1.4627,0.1826,0.6901,0.4362,0.6590
1.3581,4.6636,0.3383,path,2.2592,6.1600,0.0080,-1.3317,0.2661,0.3925,0.1967,0.4004
0.3502,4.7760,0.0294,combined,1.8470,6.1000,0.3502,-0.3472,0.0452,0.7029,0.2622,0.0000
0.3473,3.3039,0.1202,straight,1.9333,4.7800,0.3473,-0.3361,0.0873,0.8143,0.3506,1.0086
0.1986,0.4762,0.0974,combined,0.4042,5.5200,0.1816,-0.1973,0.0228,0.2052,0.0756,0.5775
1.8495,26.6746,0.5545,path,2.8251,5.5200,0.0213,-1.4023,1.2059,0.7509,0.4720,1.0639
1.1968,31.6144,0.4250,path,2.1730,6.7600,0.0097,-1.1870,0.1529,0.5937,0.1696,0.4856
1.0705,5.7194,0.3290,path,2.2304,5.8400,0.0077,-1.0682,0.0709,0.7831,0.2439,0.3874
0.7802,6.4165,0.3313,path,1.3985,4.6200,0.0061,-0.7689,0.1325,0.8616,0.3480,0.3028
0.0376,0.0062,0.0429,turn,0.0000,7.0000,0.0000,nan,nan,0.1682,0.0574,0.0000
0.7715,3.8876,0.2743,path,1.9193,5.8400,0.0070,-0.7668,0.0856,0.9004,0.3110,0.3519
0.2120,4.6477,0.0396,combined,1.5335,7.8800,0.2094,-0.1161,0.1774,0.6992,0.1963,0.0000
0.0737,6.7084,0.0547,turn,0.0000,6.0800,0.0000,nan,nan,0.1271,0.0538,0.0000
0.0408,6.2645,0.0634,turn,0.0000,6.7600,0.0000,nan,nan,0.1495,0.0610,0.0000
0.0158,1.1786,0.0214,stand,0.0000,5.7200,0.0000,nan,nan,0.0942,0.0312,0.0000
1.5807,0.1893,0.6730,path,4.0843,5.9800,0.0144,-1.5547,0.2856,0.8165,0.5178,0.7180
0.7340,54.6772,0.2147,path,0.9206,5.5800,0.0114,-0.4503,0.5796,0.3706,0.2142,0.5728
0.1424,8.3339,0.0352,combined,0.3460,7.2600,0.0537,0.1149,0.0841,0.3579,0.0923,0.0000
1.9969,7.2615,0.7845,path,3.8924,5.0400,0.0170,-1.9969,0.0101,0.8507,0.4048,0.8316
1.5996,11.2751,0.6117,path,3.6071,4.7600,0.0161,-1.5972,0.0887,0.7930,0.4483,0.8056
0.0352,2.4205,0.0768,straight,1.6604,7.3000,0.0096,0.0296,0.0190,0.8439,0.2496,0.7327
1.7880,86.8896,0.8276,path,4.1085,6.1800,0.0209,-1.7630,0.2975,1.1209,0.5022,1.0437
0.3155,25.2428,0.0707,path,1.6994,5.2200,0.0201,0.3134,0.0359,0.9307,0.5011,1.0012
0.1192,5.3928,0.0338,lateral,0.5536,7.5400,0.0218,0.1191,0.0020,0.3664,0.1029,0.0000
0.6103,7.4772,0.2824,combined,1.8829,4.0400,0.6103,-0.5835,0.1786,0.7836,0.3601,0.0000
0.2846,13.4543,0.1543,lateral,1.1331,5.7000,0.2846,-0.2175,0.1836,0.4382,0.1668,0.0000
1.0628,10.2092,0.3731,path,2.9060,7.8200,0.0075,-1.0506,0.1611,1.1480,0.2947,0.3729
1.2718,5.0974,0.5191,path,2.8306,6.0800,0.0102,-1.2153,0.3750,0.6083,0.3245,0.5109
0.2307,2.1599,0.1371,lateral,1.0181,7.6400,0.2307,-0.2269,0.0414,0.4459,0.1170,0.0000
1.0427,13.6547,0.5188,path,3.0583,6.5000,0.0099,-1.0251,0.1909,0.5350,0.3623,0.4979
0.5882,46.9446,0.1360,path,0.1503,5.4200,0.0153,-0.4803,0.3395,0.3854,0.2072,0.7674
1.0958,28.1590,0.3607,path,2.4301,5.9600,0.0098,-1.0235,0.3915,0.5074,0.2961,0.4897
0.4247,7.0103,0.2156,lateral,1.3738,4.9400,0.4247,-0.4108,0.1081,0.4118,0.2016,0.0000
1.4576,51.8513,0.5325,path,2.9191,7.0000,0.0161,-1.0645,0.9957,0.7815,0.4413,0.8136
1.4127,6.4590,0.3381,path,2.3400,4.3600,0.0154,-1.3733,0.3313,0.5339,0.2894,0.7720
0.5049,25.1965,0.1667,path,0.3469,7.5400,0.0206,0.4548,0.2192,0.9152,0.3270,1.0318
0.1997,11.0071,0.0773,combined,1.2009,5.9000,0.1997,-0.1988,0.0187,0.4728,0.1913,0.0000
0.4611,27.3061,0.0556,path,0.3791,7.3600,0.0087,-0.3361,0.3157,0.4872,0.0888,0.4345
0.1110,0.4956,0.0889,turn,0.0000,5.5800,0.0000,nan,nan,0.1649,0.0514,0.3679
0.0358,1.9951,0.0229,stand,0.0000,4.5400,0.0000,nan,nan,0.1170,0.0347,0.8420
1.0934,24.3854,0.4752,path,2.8914,7.1400,0.0098,-0.9860,0.4727,0.5932,0.3783,0.4857
1.6053,25.8002,0.8208,path,3.3644,7.8200,0.0177,-1.3823,0.8162,1.0700,0.4872,0.8864
1.5365,17.1284,0.5284,path,4.1219,7.9000,0.0112,-1.5195,0.2280,0.6342,0.3833,0.5612
1.2713,33.2927,0.3062,path,2.0244,4.0000,0.0145,-1.1579,0.5249,0.5192,0.2980,0.7229
0.0170,0.8056,0.0563,stand,0.0000,7.0000,0.0000,nan,nan,0.0822,0.0317,0.0000
0.1149,2.1496,0.0963,lateral,0.2282,5.1800,0.0902,-0.0479,0.1045,0.1492,0.0632,0.8555
1.2898,0.4882,0.4185,path,3.1885,7.9800,0.0044,-1.0732,0.7154,0.9312,0.3333,0.5481
0.3249,0.2861,0.0713,combined,1.7197,6.8000,0.3249,-0.2660,0.1867,0.6852,0.2431,0.0000
1.5764,11.1275,0.4569,path,3.2303,7.4000,0.0104,-1.5135,0.4409,0.5121,0.2917,0.5227
1.2882,39.2748,0.3342,path,4.1121,6.3400,0.0159,-1.1143,0.6465,0.9522,0.5203,0.7894
1.6720,42.0707,0.7812,path,4.0311,4.9800,0.0198,-1.3282,1.0156,1.1879,0.6278,0.9899
0.0774,3.3840,0.0089,lateral,0.1961,5.5200,0.0730,-0.0096,0.0768,0.1467,0.0523,0.0000
0.0519,1.2656,0.0405,lateral,0.7886,5.7200,0.0502,-0.0182,0.0486,0.5359,0.1488,0.8171
0.1779,5.1260,0.0048,combined,1.0311,6.8200,0.1773,-0.1737,0.0384,0.3230,0.1243,0.3400
0.5480,6.3276,0.0777,combined,1.7714,6.7200,0.5480,-0.5427,0.0762,0.3869,0.1918,0.0000
1.0984,38.1900,0.5609,path,3.5027,6.9000,0.0135,-0.8888,0.6453,0.7759,0.4361,0.6760
0.0500,8.5176,0.1232,turn,0.0000,5.6000,0.0000,nan,nan,0.1301,0.0553,0.8255
0.3509,14.9773,0.1633,combined,2.3060,5.9200,0.3509,-0.3491,0.0350,0.8873,0.3527,0.0000
0.1762,0.8143,0.0367,straight,0.4247,5.9600,0.1744,-0.1374,0.1103,0.1690,0.0697,0.8488
1.5505,20.2208,0.4477,path,1.9517,7.2400,0.0142,-1.4563,0.5321,0.5114,0.2425,0.7136
0.0119,3.6461,0.0507,stand,0.0000,5.2000,0.0000,nan,nan,0.0636,0.0298,0.4388
1.7057,26.9150,0.6721,path,4.4729,6.3200,0.0178,-1.4693,0.8664,0.9316,0.5768,0.8885
0.0687,1.1947,0.0498,lateral,0.7502,4.4200,0.0687,-0.0668,0.0160,0.5638,0.1629,0.3173
0.1028,0.5306,0.0546,turn,0.0000,6.8200,0.0000,nan,nan,0.1218,0.0542,0.6056
1.2456,14.7571,0.3686,path,2.0384,6.3200,0.0177,-0.4522,1.1606,0.7027,0.4241,0.8874
1.2496,24.1176,0.3982,path,2.1716,5.9200,0.0170,-0.8611,0.9056,0.6138,0.4117,0.8502
0.0956,17.6040,0.0646,combined,0.4734,4.6000,0.0956,-0.0908,0.0300,0.2308,0.1074,0.8410
1.0822,43.0017,0.6695,path,1.9137,4.2600,0.0181,-0.9537,0.5114,1.0807,0.6158,0.9080
0.1182,15.0560,0.0198,turn,0.0000,6.9600,0.0000,nan,nan,0.1077,0.0414,0.0000
0.0509,4.7719,0.0363,straight,1.9273,5.8400,0.0503,-0.0267,0.0434,0.8571,0.3316,0.0000
1.0568,23.6764,0.2467,path,1.7318,4.2800,0.0083,-1.0460,0.1510,0.3902,0.1638,0.4152
1.9002,7.0033,0.8286,path,3.7347,4.2400,0.0190,-1.9001,0.0192,0.9513,0.5153,0.9386
0.0871,7.8800,0.0706,lateral,0.3484,6.9200,0.0122,0.0837,0.0238,0.2095,0.0763,0.4106
1.6420,7.1150,0.4471,path,0.3592,7.7800,0.0205,1.6401,0.0787,0.9942,0.4959,1.0271
0.3708,1.6610,0.1736,lateral,0.9681,4.1800,0.3708,-0.3528,0.1139,0.3793,0.1625,0.9021
1.3165,5.4649,0.4447,path,3.6638,7.7200,0.0105,-1.2608,0.3787,0.5647,0.3757,0.5268
0.0880,2.0619,0.0745,turn,0.0000,5.9400,0.0000,nan,nan,0.2880,0.0774,0.7374
1.5325,22.6942,0.5150,path,4.2441,6.1200,0.0194,-1.2169,0.9315,1.0202,0.6081,0.9682
0.7882,2.4013,0.2765,path,1.7588,5.5200,0.0064,-0.7882,0.0083,0.5715,0.2268,0.3211
1.3318,5.4385,0.3912,path,2.1059,4.2600,0.0107,-1.3302,0.0665,0.4387,0.2075,0.5331
1.2164,4.2770,0.7146,path,2.9962,5.1600,0.0124,-1.2152,0.0529,0.6777,0.3580,0.6193
1.3305,15.0644,0.3691,path,2.4124,7.2600,0.0080,-1.2945,0.3075,0.7927,0.2419,0.4016
0.8153,22.8362,0.1524,path,1.9840,6.8600,0.0084,-0.8030,0.1411,0.7049,0.2323,0.4218
0.8321,6.5109,0.3042,combined,2.1863,4.0800,0.8321,-0.6285,0.5453,0.8624,0.4744,0.0000
1.6178,5.8144,0.5697,path,2.9993,4.1400,0.0155,-1.6177,0.0175,0.8072,0.3804,0.7756
0.1621,5.0962,0.0909,turn,0.0000,6.0200,0.0000,nan,nan,0.1482,0.0618,0.6034
1.7552,15.1525,0.4888,path,3.1767,4.8000,0.0143,-1.7435,0.2015,0.6107,0.3232,0.7155
0.1811,10.9608,0.0540,turn,0.0000,5.6000,0.0000,nan,nan,0.1889,0.0792,0.0000
0.5677,11.3154,0.1540,combined,1.9568,5.4200,0.5677,-0.5457,0.1568,0.6215,0.2487,0.5694
1.1913,7.2541,0.6191,path,2.8090,4.0800,0.0142,-1.1873,0.0973,0.8817,0.4645,0.7098
0.0996,2.6034,0.0442,lateral,0.0568,7.5400,0.0466,-0.0926,0.0365,0.1120,0.0437,0.0000
0.2551,11.8712,0.0952,combined,1.2953,4.4000,0.2551,-0.2551,0.0038,0.4229,0.2374,0.8327
1.2198,25.2181,0.4824,path,2.9851,6.8200,0.0099,-1.1696,0.3461,0.5187,0.3118,0.4941
0.2547,10.1414,0.1223,straight,1.4483,4.9800,0.2547,-0.2332,0.1023,0.4934,0.2551,0.4617
0.2459,10.7203,0.0123,lateral,0.9410,5.7800,0.2459,-0.2459,0.0046,0.4222,0.1328,0.8500
0.2192,13.1682,0.1422,lateral,0.8426,5.1000,0.2192,-0.2189,0.0115,0.3726,0.1282,0.3790
0.1348,2.7413,0.0610,straight,1.7675,6.7200,0.1348,-0.1307,0.0329,0.8445,0.2549,0.0000
0.9108,0.6944,0.2726,path,1.5178,6.7200,0.0186,0.8521,0.3218,0.8709,0.4512,0.9412
1.2514,23.7708,0.3589,path,2.2062,4.1800,0.0121,-1.2475,0.0985,0.4755,0.3050,0.6050
2.0329,16.7260,0.4525,path,2.4879,7.7400,0.0167,-1.8647,0.8096,0.6487,0.3012,0.8374
0.0881,3.0146,0.0320,turn,0.0000,7.1200,0.0000,nan,nan,0.1287,0.0484,0.3211
1.3469,23.2608,0.3907,path,2.6182,7.9600,0.0106,-0.9198,0.9839,1.3984,0.4541,0.5322
0.0357,0.0298,0.0439,stand,0.0000,5.7800,0.0000,nan,nan,0.0874,0.0282,0.0000
0.3093,2.4677,0.0291,lateral,0.9180,4.5000,0.3086,-0.3061,0.0447,0.3414,0.1442,0.0000
0.1316,3.0613,0.0507,straight,1.4900,5.0800,0.0733,0.1188,0.0567,0.7985,0.3286,0.0000
0.0852,2.0608,0.0517,turn,0.0000,4.1600,0.0000,nan,nan,0.1151,0.0503,0.7244
0.8008,2.8155,0.1613,combined,2.0886,4.1000,0.8008,-0.7682,0.2260,0.6651,0.2921,0.7642
0.0173,0.5743,0.0251,stand,0.0000,4.6000,0.0000,nan,nan,0.0873,0.0321,0.0000
0.0195,2.4738,0.0211,stand,0.0000,5.5200,0.0000,nan,nan,0.0663,0.0259,0.5889
0.4000,3.7162,0.1027,combined,1.5209,5.7000,0.4000,-0.3963,0.0546,0.4402,0.2002,0.0000
1.7186,0.7388,0.5709,path,4.0967,4.9200,0.0202,-1.6640,0.4296,0.9105,0.5244,1.0079
0.8830,23.8778,0.2053,path,2.2375,5.8400,0.0104,-0.7637,0.4432,1.1530,0.3079,0.5206
0.1459,7.8396,0.0368,turn,0.0000,4.3600,0.0000,nan,nan,0.4413,0.1164,0.0000
0.1278,12.2359,0.0106,combined,0.7867,6.3600,0.1200,-0.1148,0.0561,0.4202,0.1166,0.4275
0.2071,9.5464,0.0918,straight,1.6769,5.5600,0.2071,-0.1431,0.1497,0.6616,0.2818,0.0000
0.0565,5.0108,0.0197,straight,0.2170,5.8000,0.0072,0.0520,0.0222,0.1423,0.0645,0.3174
1.9239,55.3469,0.9738,path,4.3885,5.4400,0.0176,-1.8874,0.3729,1.1298,0.4656,0.8770
0.9958,18.8034,0.3560,path,1.9916,4.6600,0.0191,-0.7659,0.6364,0.7186,0.3912,0.9577
0.1888,4.4139,0.1026,straight,1.2245,4.3800,0.1888,-0.1864,0.0296,0.5458,0.2469,0.9028
0.1838,0.4371,0.0093,combined,0.6516,5.1600,0.1828,-0.1791,0.0414,0.2485,0.1030,0.0000
0.2354,3.4443,0.0842,lateral,0.6633,6.8200,0.2334,-0.2067,0.1126,0.2920,0.0825,0.0000
0.1001,8.7032,0.0770,turn,0.0000,7.3000,0.0000,nan,nan,0.1415,0.0515,0.0000
2.0862,6.6097,0.9358,path,4.5398,4.8400,0.0200,-2.0685,0.2711,0.9032,0.5136,0.9978
0.0655,8.0821,0.0381,turn,0.0000,6.6600,0.0000,nan,nan,0.1486,0.0530,0.8668
0.1525,1.7229,0.0267,straight,0.1359,6.3200,0.0269,0.1447,0.0482,0.1560,0.0697,0.5025
0.0227,7.1028,0.0735,turn,0.0000,6.8000,0.0000,nan,nan,0.2060,0.0639,0.0000
0.6677,17.9941,0.2319,path,0.8304,4.4200,0.0103,-0.5765,0.3367,0.3236,0.1908,0.5172
0.2711,3.4721,0.0824,straight,0.7064,4.3200,0.2711,-0.2629,0.0664,0.2355,0.1150,0.0000
1.2392,20.3450,0.5108,path,3.5705,6.6000,0.0114,-1.1641,0.4249,0.7117,0.3907,0.5710
0.8826,32.8801,0.3804,path,1.6559,6.3400,0.0082,-0.5863,0.6597,0.4851,0.2983,0.4113
1.5663,8.6792,0.7168,path,4.1380,6.2800,0.0147,-1.5261,0.3523,0.8785,0.4657,0.7391
0.6980,6.7510,0.4096,path,1.8268,6.2400,0.0060,-0.6978,0.0154,0.6393,0.2365,0.3013
2.1552,5.4284,0.7951,path,5.1847,6.9000,0.0157,-2.1549,0.0325,0.8630,0.4836,0.7836
1.4017,10.9877,0.8227,path,5.5493,6.2200,0.0204,-1.2699,0.5935,1.3116,0.7782,1.0219
1.4305,0.5509,0.4035,path,3.0186,5.1600,0.0120,-1.4305,0.0020,0.5593,0.3036,0.5985
0.0746,0.3700,0.0405,turn,0.0000,6.1600,0.0000,nan,nan,0.1638,0.0529,0.0000
1.5748,1.7353,0.3745,path,3.4453,6.5400,0.0056,-1.5368,0.3439,1.1217,0.3168,0.5896
1.8983,0.0494,0.9900,path,3.9398,6.0400,0.0178,-1.8477,0.4352,0.9894,0.4210,0.8901
0.8518,16.9610,0.2659,path,1.7032,4.6000,0.0100,-0.8020,0.2872,0.4580,0.2660,0.5025
0.1242,7.5476,0.0520,straight,1.0915,7.5000,0.1242,-0.1182,0.0384,0.3424,0.1473,0.0000
0.1139,0.2009,0.0601,straight,0.4774,4.9800,0.1139,-0.0464,0.1040,0.1985,0.0978,0.4401
0.0560,10.8047,0.0578,lateral,1.3967,6.8200,0.0560,-0.0378,0.0413,0.7325,0.2068,0.0000
0.6872,2.1646,0.3527,path,1.4813,4.4000,0.0083,-0.6860,0.0407,0.6634,0.3255,0.4145
0.2356,1.1483,0.0845,turn,0.0000,5.9200,0.0000,nan,nan,0.1474,0.0599,0.8393
0.2197,6.2869,0.0857,combined,0.5815,4.7600,0.2197,-0.1631,0.1471,0.2479,0.1093,0.0000
0.1338,11.0875,0.0636,straight,0.1807,5.4200,0.0341,0.1194,0.0603,0.1888,0.0768,0.0000
0.1658,11.0964,0.0786,straight,0.1973,7.1600,0.1343,-0.1153,0.1192,0.1436,0.0486,0.0000
1.7780,25.4959,0.5288,path,3.3542,4.5600,0.0169,-1.7589,0.2604,0.6946,0.3695,0.8455
1.3672,6.1460,0.5183,path,3.2014,5.6800,0.0120,-1.3640,0.0930,0.6522,0.3499,0.5962
0.1293,0.3210,0.0692,lateral,0.3656,6.4200,0.1241,-0.0779,0.1031,0.1858,0.0670,0.0000
0.0915,2.6723,0.0354,straight,0.4827,6.7800,0.0178,0.0902,0.0154,0.2547,0.0963,0.0000
0.3642,3.2166,0.1173,combined,1.4964,5.3400,0.3642,-0.3475,0.1091,0.3890,0.2262,0.6124
0.0782,1.9094,0.0437,straight,0.3060,5.0400,0.0782,-0.0714,0.0318,0.1592,0.0739,0.3692
0.4052,55.3426,0.1621,path,1.3892,5.0600,0.0080,-0.3779,0.1463,0.3276,0.1893,0.4002
0.3201,0.1251,0.1336,straight,1.7062,4.2000,0.3201,-0.3201,0.0033,0.7234,0.3368,0.8626
0.0437,8.8599,0.0495,lateral,0.1350,4.9000,0.0199,0.0160,0.0407,0.1632,0.0616,0.0000
1.4055,9.2693,0.5986,path,3.2726,6.8000,0.0146,-0.9937,0.9940,0.8959,0.4959,0.7300
0.4704,11.4296,0.1910,path,0.4215,5.2800,0.0106,0.4649,0.0721,0.3967,0.1761,0.5327
0.9176,5.1071,0.3020,path,2.0996,5.5000,0.0050,-0.9153,0.0644,1.0192,0.2462,0.3890
0.0093,1.1049,0.0188,stand,0.0000,5.2000,0.0000,nan,nan,0.0862,0.0302,0.0000
0.0754,0.6705,0.0663,turn,0.0000,7.5800,0.0000,nan,nan,0.1647,0.0485,0.0000
0.7981,6.7317,0.2076,path,1.3502,4.2200,0.0059,-0.7981,0.0103,0.3696,0.1401,0.3221
0.3157,5.1384,0.1186,straight,1.5765,5.4600,0.3157,-0.2869,0.1316,0.5732,0.2442,0.7386
0.2277,10.6463,0.0375,straight,0.6314,5.3800,0.2277,-0.2253,0.0329,0.2010,0.0942,0.3031
0.8394,3.2631,0.3467,path,2.5993,6.9800,0.0077,-0.8356,0.0791,0.9057,0.3005,0.3851
0.2014,3.7670,0.0951,combined,0.8936,5.0200,0.2014,-0.2014,0.0004,0.4181,0.1533,0.7673
0.0519,9.2920,0.0680,turn,0.0000,4.4400,0.0000,nan,nan,0.1150,0.0569,0.0000
0.0022,1.9722,0.0353,stand,0.0000,7.5200,0.0000,nan,nan,0.1146,0.0317,0.9155
0.5288,9.1928,0.1307,combined,1.4454,4.5800,0.5288,-0.5287,0.0102,0.5344,0.2458,0.4078
0.3013,0.2651,0.1518,combined,1.4224,5.6200,0.3013,-0.2991,0.0359,0.5740,0.2234,0.8525
0.2045,6.8840,0.0403,turn,0.0000,5.8800,0.0000,nan,nan,0.1445,0.0593,0.0000
2.2262,42.0111,0.7114,path,3.7877,5.6600,0.0138,-2.2256,0.0514,0.6835,0.3649,0.7395
1.1900,0.2279,0.4880,path,2.4966,5.7600,0.0147,-0.9074,0.7699,0.7896,0.4396,0.7336
1.6486,20.6420,0.9404,path,4.1532,6.5800,0.0163,-1.5368,0.5966,0.9757,0.4922,0.8190
0.1575,9.7309,0.1243,combined,1.9309,5.8200,0.1575,-0.1573,0.0081,0.8431,0.3242,0.0000
1.2723,0.2794,1.1059,path,3.6072,4.1800,0.0193,-1.2714,0.0473,1.1476,0.6315,0.9630
0.1784,6.9607,0.1070,straight,1.7777,7.2400,0.1784,-0.1729,0.0439,0.6619,0.2361,0.0000
1.2653,9.6293,0.2054,path,2.2688,6.5600,0.0069,-1.1092,0.6088,0.5928,0.2754,0.3456
0.1139,0.9213,0.1028,straight,1.3340,5.5400,0.1139,-0.1104,0.0278,0.5343,0.2325,0.4414
0.0789,3.2495,0.0969,straight,0.6385,5.9200,0.0731,0.0270,0.0742,0.3097,0.1274,0.7057
0.5613,0.2606,0.0670,combined,2.0526,5.6400,0.5613,-0.5513,0.1057,0.6167,0.2665,0.4032
0.1501,1.3081,0.0491,straight,0.4028,6.7200,0.1143,0.0301,0.1471,0.2006,0.0868,0.3866
1.2321,49.7170,0.4750,path,3.8214,7.0200,0.0131,-1.0696,0.6116,0.7737,0.4384,0.6560
1.1450,6.0716,0.3667,path,1.9550,4.0600,0.0131,-1.1012,0.3139,0.9578,0.2946,0.6594
0.0647,7.7261,0.0449,lateral,0.4098,7.7400,0.0451,0.0285,0.0581,0.3550,0.0866,0.0000
0.3570,17.4142,0.0706,straight,1.3120,5.2600,0.3570,-0.3354,0.1225,0.3989,0.1934,0.6654
0.2785,2.1590,0.0321,combined,1.7194,7.1800,0.2785,-0.2291,0.1584,0.6385,0.2256,0.0000
0.2577,5.7673,0.0832,combined,2.2668,7.4800,0.2577,-0.2555,0.0332,0.8362,0.2680,0.0000
1.1479,7.2876,0.3192,path,2.7945,7.3200,0.0081,-1.1348,0.1734,0.5805,0.2617,0.4055
0.0907,5.2854,0.0200,straight,0.8706,5.8000,0.0891,-0.0255,0.0871,0.4241,0.1573,0.4417
0.1367,0.1527,0.0613,combined,1.4373,7.8800,0.1356,-0.0697,0.1176,0.5531,0.1809,0.0000
0.1461,2.9354,0.0594,turn,0.0000,7.0200,0.0000,nan,nan,0.2530,0.0815,0.7729
0.2257,7.4085,0.1304,combined,1.9524,6.7200,0.2257,-0.1336,0.1819,0.8330,0.2898,0.0000
1.1959,8.1180,0.2796,path,2.7716,7.0200,0.0083,-1.1920,0.0963,0.9040,0.3417,0.4155
1.1118,28.0666,0.2876,path,0.6303,5.8800,0.0208,0.0039,1.1118,1.0000,0.5176,1.0401
1.6408,31.3019,0.9398,path,2.5348,5.4800,0.0172,-1.1861,1.1337,1.0155,0.5456,0.8585
0.2690,14.8973,0.0736,combined,2.0546,6.5000,0.2690,-0.2656,0.0424,0.8918,0.2650,0.0000
0.1317,5.8135,0.0878,lateral,0.8811,6.4600,0.1317,-0.1156,0.0631,0.4175,0.1270,0.0000
0.3184,12.5369,0.0579,combined,1.2701,6.1200,0.3184,-0.2911,0.1291,0.4597,0.1803,0.6424
0.2631,1.0471,0.0827,combined,1.6448,6.4400,0.2631,-0.2380,0.1122,0.6812,0.2304,0.0000
0.9206,15.4560,0.3841,path,1.6265,4.9000,0.0094,-0.8341,0.3895,0.5545,0.3209,0.4704
0.0634,2.7257,0.0230,stand,0.0000,7.0400,0.0000,nan,nan,0.0783,0.0301,0.7976
1.2183,3.3463,0.4234,path,0.3658,6.3200,0.0174,-1.0785,0.5666,0.7095,0.3043,0.8681
0.2858,6.2503,0.0307,combined,0.7497,7.3000,0.2829,-0.2808,0.0534,0.3023,0.0990,0.0000
0.3290,10.4820,0.0410,lateral,1.3475,4.5400,0.3282,-0.2652,0.1946,0.6256,0.2502,0.0000
0.7826,44.7528,0.2327,path,1.0638,7.7000,0.0094,0.0139,0.7825,0.8689,0.2892,0.4709
0.1719,14.3837,0.0454,lateral,0.2585,6.4200,0.1641,-0.0382,0.1676,0.2024,0.0621,0.0000
1.5408,13.8691,0.3288,path,2.0870,4.4600,0.0186,-1.5047,0.3316,0.5334,0.2165,0.9340
2.0623,11.3301,0.4993,path,5.1867,7.3800,0.0152,-2.0071,0.4741,0.8071,0.4665,0.7593
0.6991,2.8974,0.3212,path,1.4636,4.4600,0.0067,-0.6828,0.1502,0.5984,0.3346,0.3329
0.4798,13.6287,0.1244,combined,1.3717,6.0600,0.4798,-0.4657,0.1155,0.3414,0.1638,0.0000
0.8574,13.6441,0.2625,path,1.7904,5.6200,0.0075,-0.8390,0.1764,0.8699,0.2447,0.3729
0.1415,4.7513,0.0875,straight,1.0711,5.9600,0.1415,-0.1317,0.0517,0.3900,0.1696,0.3444
0.0412,4.7184,0.0689,turn,0.0000,6.5200,0.0000,nan,nan,0.1493,0.0551,0.8334
0.2035,4.7716,0.0901,lateral,1.0475,6.7400,0.2035,-0.1795,0.0960,0.4795,0.1378,0.0000
0.9774,28.0890,0.6586,path,0.8008,5.0800,0.0217,-0.0136,0.9773,0.8838,0.5166,1.0863
1.1216,11.0729,0.2790,path,2.3144,6.8600,0.0081,-1.0689,0.3398,0.4663,0.2381,0.4074
0.0048,0.8065,0.0156,stand,0.0000,7.1600,0.0000,nan,nan,0.0997,0.0339,0.4897
0.6271,7.3069,0.4020,path,2.2399,6.2800,0.0072,-0.5969,0.1923,1.2415,0.3836,0.3613
0.0552,2.4525,0.0439,turn,0.0000,4.0400,0.0000,nan,nan,0.1226,0.0463,0.0000
0.2457,10.5368,0.1358,combined,1.5486,7.0200,0.2457,-0.2456,0.0060,0.5239,0.2046,0.7558
0.9324,15.7825,0.3258,path,1.6937,5.1600,0.0079,-0.9205,0.1485,0.3318,0.1937,0.4012
1.0510,3.6462,0.2991,path,1.8846,4.9400,0.0083,-1.0491,0.0628,0.6117,0.2814,0.4157
0.0364,8.3118,0.0918,turn,0.0000,7.0600,0.0000,nan,nan,0.1820,0.0546,0.0000
0.5401,1.8828,0.1118,combined,1.8910,4.9000,0.5401,-0.5176,0.1544,0.8369,0.3068,0.0000
0.3119,13.7712,0.1203,straight,1.2917,4.1000,0.3119,-0.2822,0.1329,0.4874,0.2484,0.3400
0.7091,32.3041,0.2691,path,1.3032,5.5600,0.0098,-0.3850,0.5955,0.6436,0.2790,0.4933
1.9796,4.1144,1.1078,path,5.7142,7.4000,0.0200,-1.7813,0.8636,1.1719,0.6542,0.9980
1.2168,5.7863,0.4827,path,2.7520,5.1000,0.0148,-1.1724,0.3258,0.7845,0.4267,0.7374
0.0909,9.9548,0.0434,straight,1.0030,5.5400,0.0909,-0.0889,0.0191,0.4052,0.1736,0.0000
0.2999,6.0733,0.0635,straight,1.6743,6.9600,0.2999,-0.2983,0.0309,0.6317,0.2131,0.8874
0.1157,5.1179,0.0920,lateral,0.3793,5.0800,0.0973,0.0250,0.1129,0.2735,0.1006,0.7327
1.3650,10.7972,0.6061,path,2.6615,5.1800,0.0105,-1.3648,0.0243,0.6703,0.2748,0.5230
1.1078,10.1313,0.4037,path,1.7517,6.5200,0.0102,-1.1075,0.0266,0.4864,0.2198,0.5102
0.1208,6.2395,0.0714,lateral,0.1214,5.7000,0.1069,-0.0707,0.0980,0.1503,0.0493,0.0000
0.9594,16.8222,0.3163,path,1.5916,5.0200,0.0139,-0.2815,0.9172,0.7236,0.4137,0.6955
0.0409,11.7910,0.0462,lateral,0.5395,6.9600,0.0309,0.0154,0.0379,0.2600,0.0909,0.6044
1.0071,26.2284,0.5513,path,1.7607,4.3400,0.0121,-0.9440,0.3508,0.6714,0.3452,0.6097
0.4927,4.8789,0.1880,combined,2.0437,5.7400,0.4927,-0.4927,0.0024,0.6442,0.3138,1.0086
0.1014,6.8427,0.0596,straight,1.7101,7.4600,0.0952,-0.0134,0.1005,0.6512,0.2390,0.0000
0.0871,2.5322,0.1276,straight,0.1430,5.4000,0.0747,-0.0609,0.0622,0.1948,0.0649,0.0000
0.1925,3.6440,0.0529,lateral,0.7373,6.5800,0.1925,-0.1915,0.0197,0.3000,0.0950,0.0000
0.0795,3.9762,0.0307,turn,0.0000,7.6400,0.0000,nan,nan,0.2104,0.0607,0.9325
1.7948,71.1655,0.7538,path,3.1641,7.1600,0.0159,-1.7329,0.4674,0.8060,0.3140,0.7974
1.1698,13.0696,0.3871,path,0.9244,6.8400,0.0117,-1.0677,0.4779,0.6015,0.2694,0.5865
0.2583,2.9549,0.1491,straight,1.3696,4.2800,0.2583,-0.2538,0.0482,0.5382,0.2656,0.0000
2.1606,9.8015,1.0318,path,5.5742,6.0400,0.0210,-2.0375,0.7188,1.2243,0.6409,1.0517
0.1718,5.9485,0.0535,combined,0.9788,6.9200,0.1718,-0.1712,0.0147,0.3803,0.1491,0.0000
0.0543,10.6685,0.0549,straight,0.0176,5.1000,0.0171,0.0148,0.0522,0.1443,0.0476,0.0000
0.1886,8.6442,0.0180,lateral,0.4406,4.4600,0.1885,-0.1800,0.0563,0.2472,0.0711,0.8410
0.4178,1.5553,0.1458,lateral,1.4999,6.1600,0.4178,-0.3488,0.2299,0.5361,0.1981,0.9175
0.8115,36.1765,0.4020,path,2.2417,5.2800,0.0110,-0.7560,0.2950,0.5325,0.3287,0.5526
1.4772,14.7994,0.5716,path,2.5185,4.8600,0.0125,-1.4555,0.2524,0.6009,0.2961,0.6258
0.1181,4.1883,0.0167,turn,0.0000,7.4200,0.0000,nan,nan,0.1625,0.0487,0.4627
1.6031,25.2172,0.3530,path,1.0024,7.6600,0.0209,-1.5638,0.3527,0.8970,0.3519,1.0432
0.0786,3.1154,0.0798,turn,0.0000,4.4800,0.0000,nan,nan,0.1747,0.0741,0.0000
0.8698,1.1803,0.2343,path,1.5300,4.1600,0.0074,-0.8696,0.0165,0.2983,0.1810,0.3704
1.1243,42.5087,0.1865,path,0.8436,6.2400,0.0226,-0.9697,0.5689,0.5764,0.3140,1.1324
0.0705,8.2512,0.1627,lateral,0.4708,4.8600,0.0672,-0.0563,0.0424,0.2527,0.1023,0.0000
0.1894,12.4224,0.0582,lateral,0.8787,6.3400,0.1874,-0.1846,0.0425,0.6131,0.1266,0.0000
1.1341,23.3503,0.3553,path,1.9691,4.5200,0.0091,-1.1094,0.2354,0.3631,0.2186,0.4537
0.8024,16.7637,0.3097,path,1.8575,6.0600,0.0114,-0.6074,0.5244,0.5476,0.3550,0.5699
0.0570,0.5378,0.0280,straight,0.6402,7.6600,0.0527,-0.0569,0.0035,0.2337,0.0970,0.7011
1.1531,16.9192,0.3690,path,2.4371,7.1200,0.0087,-1.0649,0.4424,0.7244,0.2956,0.4354
1.3805,12.9674,0.4124,path,3.0020,6.7600,0.0134,-1.0846,0.8540,0.6810,0.3817,0.6698
0.0712,1.3082,0.0477,turn,0.0000,7.0600,0.0000,nan,nan,0.1672,0.0572,0.0000
0.0682,3.3268,0.0999,turn,0.0000,6.7800,0.0000,nan,nan,0.2634,0.0536,0.0000
0.2866,11.2787,0.0538,lateral,1.2686,5.4000,0.2866,-0.2642,0.1111,0.4657,0.1908,0.0000
1.9882,7.1189,0.9550,path,3.5884,5.9600,0.0224,-1.8660,0.6863,1.0142,0.4526,1.1222
0.3757,0.8975,0.0491,straight,1.0002,4.2000,0.3757,-0.3738,0.0383,0.3027,0.1597,0.0000
1.4804,19.0867,0.8512,path,3.1003,4.6000,0.0204,-1.2291,0.8251,0.9572,0.5851,1.0219
0.0540,8.8257,0.0479,straight,0.4438,7.1400,0.0391,-0.0252,0.0478,0.2122,0.0813,0.4234
1.0083,3.9882,0.2918,path,2.3532,6.6800,0.0074,-1.0011,0.1200,0.4014,0.2258,0.3703
0.2309,5.6373,0.0571,lateral,0.7548,5.1000,0.2309,-0.2285,0.0330,0.3328,0.1145,0.8488
0.0305,1.2702,0.0796,combined,2.2909,7.9600,0.0187,0.0052,0.0301,0.9963,0.3145,0.0000
0.6609,0.8536,0.1904,path,0.0621,5.5200,0.0107,0.4814,0.4529,0.5785,0.1517,0.5380
0.6618,7.0408,0.2853,path,1.7272,5.5800,0.0065,-0.6618,0.0029,0.5009,0.2474,0.3246
1.2117,33.5755,0.3989,path,2.6558,4.7800,0.0134,-1.1764,0.2902,0.6774,0.3671,0.6691
0.0858,13.6602,0.0436,combined,0.6707,7.3200,0.0836,-0.0836,0.0193,0.2841,0.1075,0.4727
0.9590,4.4873,0.3053,path,1.0970,6.0800,0.0171,-0.4854,0.8271,0.5365,0.2736,0.8539
1.5065,23.6748,0.4117,path,2.9448,5.5400,0.0118,-1.4850,0.2535,0.5765,0.3544,0.5848
1.0196,8.8033,0.3420,path,1.9262,4.5200,0.0088,-1.0140,0.1068,0.7146,0.2379,0.4396
0.1876,2.0821,0.1438,straight,1.1272,4.1800,0.1876,-0.1870,0.0146,0.4247,0.2322,0.0000
0.0814,9.7173,0.0308,straight,1.4481,7.1000,0.0803,-0.0451,0.0677,0.6875,0.2113,0.0000
0.6018,3.4035,0.1786,combined,2.1802,5.5800,0.6018,-0.6017,0.0083,0.8158,0.3176,0.8555
1.4921,24.1860,0.4345,path,3.1269,5.6600,0.0176,-1.2061,0.8785,0.7927,0.4365,0.8817
0.0219,0.1079,0.0454,stand,0.0000,5.7800,0.0000,nan,nan,0.0802,0.0374,0.8420
0.1472,2.2794,0.1139,combined,1.1543,5.3200,0.1471,-0.0383,0.1421,0.7383,0.2255,0.3173
1.5735,26.3708,0.3897,path,3.0853,7.7000,0.0144,-1.3057,0.8781,0.5921,0.3542,0.7206
0.4297,1.4173,0.1048,combined,1.8052,7.0200,0.4297,-0.4202,0.0896,0.6389,0.2087,0.0000
1.9347,7.9006,1.0166,path,4.3230,4.4800,0.0207,-1.9198,0.2401,1.0686,0.5510,1.0339
0.0826,10.5670,0.0336,lateral,0.2142,5.8400,0.0188,0.0564,0.0603,0.4700,0.0988,1.0385
0.9004,35.0001,0.2992,path,1.1807,4.0600,0.0189,-0.6589,0.6137,0.9738,0.4258,0.9450
2.5008,6.5743,0.9900,path,6.0432,6.1600,0.0222,-2.3941,0.7226,1.1291,0.6605,1.1034
0.2633,7.9322,0.1486,lateral,1.2293,4.6400,0.2633,-0.2204,0.1441,0.5433,0.2239,0.6034
0.0371,0.5600,0.0121,stand,0.0000,7.8800,0.0000,nan,nan,0.1141,0.0285,0.6232
0.0534,0.5437,0.0426,turn,0.0000,7.9400,0.0000,nan,nan,0.1562,0.0470,0.5596
1.3733,34.4179,0.5475,path,2.5599,4.5400,0.0119,-1.3404,0.2986,0.5914,0.3557,0.5957
0.1199,11.8050,0.1004,combined,1.7043,4.6600,0.1199,-0.0858,0.0838,0.7209,0.3207,0.0000
1.4497,5.4566,0.3651,path,1.3938,5.5000,0.0189,-1.0550,0.9943,0.9347,0.4305,0.9451
0.1056,4.8971,0.0414,straight,0.8266,4.4000,0.0846,0.0374,0.0987,0.4654,0.2118,0.0000
0.8634,7.6825,0.2728,path,1.8433,7.1400,0.0080,-0.7789,0.3726,0.3492,0.1719,0.4019
0.9043,4.9173,0.5100,path,2.9870,7.8000,0.0081,-0.8946,0.1319,0.8666,0.3763,0.4068
0.0995,3.5695,0.0120,straight,0.5785,6.7800,0.0995,-0.0902,0.0420,0.2156,0.0879,0.0000
0.0325,0.3826,0.0541,turn,0.0000,4.7400,0.0000,nan,nan,0.1656,0.0547,0.8327
0.0157,3.1830,0.0510,turn,0.0000,6.3200,0.0000,nan,nan,0.2156,0.0530,0.0000
1.9832,11.1450,0.5278,path,2.7031,5.4200,0.0201,-1.7389,0.9536,0.6695,0.3908,0.9990
0.2777,1.2469,0.0550,combined,1.3625,4.8200,0.2777,-0.2744,0.0429,0.4548,0.2237,0.5694
0.1863,2.8594,0.1471,combined,1.5849,6.4800,0.1863,-0.1862,0.0041,0.4846,0.2233,0.0000
1.4443,57.0527,0.6405,path,3.1693,7.5600,0.0160,-1.3882,0.3985,0.8925,0.4121,0.8047
1.1770,31.7397,0.3878,path,1.6524,4.1400,0.0117,-1.1645,0.1712,0.8256,0.2904,0.5897
0.1073,5.1866,0.0269,straight,0.9301,7.9000,0.1073,-0.0984,0.0427,0.2991,0.1189,0.0000
0.1165,3.6036,0.0291,turn,0.0000,4.6200,0.0000,nan,nan,0.2932,0.0871,0.7642
0.1213,4.6863,0.0384,straight,0.5843,7.2600,0.1209,-0.1212,0.0053,0.2287,0.0920,0.5775
0.1406,8.7156,0.0397,combined,1.4561,7.8600,0.1316,-0.0556,0.1291,0.6517,0.1922,0.4430
1.7757,18.7869,0.4888,path,2.7059,7.5000,0.0166,-1.1044,1.3905,0.7855,0.3849,0.8289
0.9112,7.5487,0.4649,path,1.8369,4.2800,0.0106,-0.8229,0.3912,0.5280,0.3161,0.5285
2.3669,19.7379,1.3741,path,2.5958,5.0400,0.0217,-1.9774,1.3007,1.3656,0.6340,1.0878
0.1791,11.5723,0.1176,straight,1.6819,4.0600,0.1791,-0.0281,0.1769,0.9990,0.4260,0.0000
1.3126,3.9045,0.5810,path,2.6106,4.2200,0.0127,-1.3107,0.0712,0.6477,0.3596,0.6348
1.5061,0.0708,0.6332,path,4.5944,6.5400,0.0149,-1.4772,0.2937,0.7774,0.4945,0.7465
0.9528,16.0086,0.4882,path,1.7323,7.7000,0.0171,-0.8671,0.3949,0.7548,0.4220,0.8560
0.1293,3.2774,0.0252,lateral,0.1133,7.0000,0.1075,-0.0812,0.1007,0.2932,0.0589,0.0000
0.0170,7.9972,0.0307,lateral,0.8281,6.2400,0.0170,-0.0065,0.0157,0.4758,0.1481,0.8171
0.8582,32.5733,0.4554,path,1.5346,6.3400,0.0131,-0.5129,0.6881,0.9048,0.2969,0.6535
0.2397,1.5742,0.0619,combined,0.9016,4.0400,0.2397,-0.2388,0.0209,0.4647,0.1755,0.6124
0.8673,8.5868,0.4166,path,1.1635,7.9400,0.0139,-0.3218,0.8054,0.9281,0.4566,0.6946
0.0609,12.3907,0.0836,turn,0.0000,4.7600,0.0000,nan,nan,0.1907,0.0555,0.0000
0.0560,2.2815,0.0296,lateral,0.3260,5.7400,0.0487,-0.0557,0.0054,0.2055,0.0705,0.7374
0.9407,12.3410,0.2849,path,1.6563,6.8000,0.0115,-0.7351,0.5870,0.4710,0.2812,0.5741
0.5994,8.8623,0.1092,combined,1.9388,4.8800,0.5994,-0.5975,0.0480,0.6822,0.2881,0.3174
0.1906,3.9639,0.0568,lateral,0.7171,6.8000,0.1852,-0.1905,0.0049,0.2417,0.0889,0.3679
1.1929,17.8655,0.5077,path,2.8942,6.2000,0.0097,-1.1617,0.2711,0.5014,0.3377,0.4870
0.1349,3.5469,0.0353,turn,0.0000,6.2200,0.0000,nan,nan,0.1642,0.0546,0.6056
0.1945,0.7227,0.0863,lateral,0.9202,5.9600,0.1945,-0.1592,0.1118,0.4451,0.1377,0.4106
0.2272,6.2596,0.0545,combined,1.1256,6.6600,0.2270,-0.2079,0.0918,0.3075,0.1295,0.0000
2.2373,11.1637,0.6780,path,4.6624,5.4200,0.0188,-2.2109,0.3432,0.8510,0.4955,0.9390
0.7499,6.6492,0.1909,combined,1.9385,4.8200,0.7499,-0.7361,0.1433,0.5484,0.2690,0.0000
1.6524,55.5302,0.6356,path,2.9925,5.0200,0.0191,-1.6516,0.0531,0.7390,0.3340,0.9515
2.1504,11.7112,0.9385,path,5.9355,7.5200,0.0200,-1.7010,1.3157,1.0427,0.7059,0.9992
0.1319,2.5626,0.0401,combined,1.4834,7.6800,0.1313,-0.1043,0.0807,0.5912,0.1891,0.0000
1.0845,7.3126,0.2560,path,3.0521,6.9600,0.0136,-0.7679,0.7658,0.9611,0.5187,0.6766
0.3519,7.8033,0.0513,turn,0.0000,5.3000,0.0000,nan,nan,0.3089,0.0919,1.0245
0.0705,5.2859,0.0439,turn,0.0000,7.7400,0.0000,nan,nan,0.1192,0.0539,0.0000
0.0920,8.9024,0.0299,combined,0.5558,5.3400,0.0678,0.0175,0.0903,0.2697,0.1235,0.0000
1.3819,3.8816,0.4886,path,3.8633,7.3400,0.0150,-1.1994,0.6864,0.8195,0.4443,0.7497
0.0524,12.3360,0.0293,turn,0.0000,5.4200,0.0000,nan,nan,0.1151,0.0449,0.7244
0.3051,7.5483,0.0522,combined,1.5529,5.3400,0.3051,-0.3016,0.0466,0.5949,0.2498,0.0000
0.2528,10.7388,0.0173,combined,0.9885,5.7600,0.2528,-0.2522,0.0170,0.4326,0.1434,0.8500
0.7739,32.3639,0.2676,path,1.5306,5.8000,0.0074,-0.6931,0.3444,0.4797,0.2615,0.3688
0.0168,2.5894,0.0300,stand,0.0000,5.5400,0.0000,nan,nan,0.1027,0.0300,0.0000
1.4212,12.7156,0.4665,path,2.8070,6.0800,0.0093,-1.4204,0.0478,0.5005,0.2361,0.4612
1.5437,16.2205,0.5127,path,3.1982,5.1400,0.0127,-1.5380,0.1325,0.6429,0.3638,0.6224
0.1682,6.7020,0.1495,combined,2.0174,7.9000,0.1682,-0.1605,0.0505,0.8302,0.2371,0.0000
0.1342,6.3143,0.0892,turn,0.0000,7.9600,0.0000,nan,nan,0.2282,0.0534,0.0000
0.3814,6.3319,0.1017,combined,1.5904,5.1800,0.3814,-0.3751,0.0692,0.5020,0.2313,0.0000
0.8580,3.0649,0.1480,combined,2.0798,4.9000,0.8580,-0.8294,0.2198,0.6291,0.2595,0.0000
0.9209,17.4981,0.3839,path,2.2276,6.1600,0.0073,-0.9063,0.1634,0.5697,0.2931,0.3671
0.0103,0.7205,0.0488,stand,0.0000,6.1000,0.0000,nan,nan,0.0736,0.0279,0.0000
0.0247,4.0982,0.0400,turn,0.0000,5.6000,0.0000,nan,nan,0.1275,0.0473,0.8668
0.1503,18.6103,0.0585,combined,0.5882,7.1800,0.1428,-0.0554,0.1398,0.2760,0.0975,0.8255
0.0732,5.7270,0.0684,straight,0.4458,5.7200,0.0720,-0.0216,0.0700,0.1821,0.0882,0.0000
1.6340,31.4474,0.8442,path,3.7851,4.1800,0.0223,-1.5506,0.5154,1.0968,0.6069,1.1171
0.1181,25.8970,0.0764,path,0.2431,4.2800,0.0067,-0.0125,0.1174,0.7959,0.1544,0.3374
0.1773,2.2209,0.0469,path,1.5826,7.8000,0.0178,-0.0496,0.1703,1.1054,0.3068,0.8934
0.0917,1.4376,0.0522,straight,1.2307,6.4000,0.0917,-0.0861,0.0315,0.5116,0.1903,0.0000
1.1487,12.1171,0.5915,path,2.6385,5.4600,0.0098,-1.1414,0.1293,0.6896,0.2904,0.4878
1.1135,59.4095,0.4005,path,0.9099,5.0600,0.0218,-1.1135,0.0073,0.6601,0.3445,1.0893
0.0729,0.4505,0.0377,combined,1.2324,7.3800,0.0571,0.0218,0.0696,0.5195,0.1832,0.4388
1.3359,27.6786,0.3354,path,1.7173,5.4600,0.0195,-1.0495,0.8265,0.5865,0.2651,0.9763
0.0863,7.0131,0.0322,turn,0.0000,6.6400,0.0000,nan,nan,0.3042,0.0653,0.0000
0.0423,7.9389,0.0664,straight,0.7847,5.5600,0.0382,-0.0141,0.0399,0.3486,0.1529,0.0000
1.6010,11.8413,0.8551,path,3.0564,6.2000,0.0120,-1.6005,0.0399,0.9659,0.4108,0.8419
0.3387,1.6062,0.1361,combined,1.5519,4.1400,0.3387,-0.3236,0.1001,0.6320,0.2954,0.0000
0.1451,3.7004,0.0194,turn,0.0000,4.7200,0.0000,nan,nan,0.1839,0.0603,0.7673
0.0382,0.8769,0.0290,stand,0.0000,4.7400,0.0000,nan,nan,0.1163,0.0341,0.0000
2.1257,9.3322,0.7320,path,5.9148,5.9600,0.0203,-2.0087,0.6954,1.2650,0.6701,0.9948
0.1513,5.9083,0.0601,lateral,1.1658,6.6400,0.1513,-0.1402,0.0569,0.4540,0.1602,0.3211
0.3431,2.4615,0.1431,lateral,1.4469,4.6800,0.3431,-0.3347,0.0754,0.7308,0.2416,0.0000
0.8566,41.9895,0.5673,path,2.7348,6.4000,0.0122,-0.6634,0.5420,0.7461,0.3746,0.6093
1.0367,43.3999,0.3443,path,0.4485,6.8000,0.0176,-1.0249,0.1559,0.4824,0.3062,0.8822
0.9116,24.8117,0.2511,path,1.7885,6.1000,0.0107,-0.7621,0.5003,0.7168,0.2828,0.5329
1.6539,5.1398,0.4086,path,1.4939,5.2400,0.0217,-1.5987,0.4238,0.5035,0.2771,1.0917
1.8961,21.9637,0.6159,path,4.8492,7.7200,0.0127,-1.8594,0.3714,0.7230,0.3993,0.6328
0.2266,3.1747,0.0562,combined,0.8001,7.8000,0.2165,-0.2184,0.0607,0.4712,0.1149,0.0000
1.1465,29.7968,0.2440,path,1.7153,4.3800,0.0180,-0.9728,0.6067,1.0093,0.4375,0.8993
0.3810,1.8964,0.1091,straight,1.3358,4.8000,0.3810,-0.3739,0.0729,0.5052,0.2162,0.7057
0.0309,9.7120,0.0385,lateral,0.7496,6.0800,0.0309,-0.0294,0.0093,0.4153,0.1232,0.4401
1.8134,10.3214,0.4742,path,4.8594,7.5000,0.0141,-1.7732,0.3798,0.8432,0.4678,0.7030
1.3820,4.4272,0.6410,path,2.6247,4.0400,0.0131,-1.3755,0.1339,0.7102,0.3603,0.6519
0.1690,2.1344,0.0905,combined,1.2049,7.5800,0.1690,-0.1612,0.0507,0.4069,0.1350,0.9021
0.2351,2.2454,0.0757,straight,1.4359,6.4600,0.2351,-0.2283,0.0558,0.5365,0.2049,0.5025
0.0299,1.3584,0.0164,stand,0.0000,4.9400,0.0000,nan,nan,0.1028,0.0304,0.4414
1.0085,40.0498,0.3351,path,1.8857,6.2600,0.0089,-0.9162,0.4214,0.4271,0.2535,0.4423
0.7645,9.7998,0.2521,path,1.9412,7.7000,0.0061,-0.5854,0.4916,0.8286,0.2900,0.3931
0.0902,8.8062,0.0711,turn,0.0000,6.4000,0.0000,nan,nan,0.1614,0.0607,0.0000
0.2695,10.2438,0.1576,straight,1.4550,4.4400,0.2695,-0.2604,0.0694,0.6066,0.2749,0.3444
0.8330,9.3974,0.0975,combined,2.3319,6.6600,0.8330,-0.8299,0.0719,0.6009,0.2110,0.0000
0.1920,5.9692,0.0242,straight,0.1178,6.9600,0.0341,0.1765,0.0755,0.1469,0.0629,0.5889
0.8427,27.6756,0.2304,path,1.5759,7.4000,0.0078,-0.6215,0.5691,0.4888,0.2436,0.4039
1.4468,0.7673,0.5256,path,3.2763,7.5200,0.0089,-1.4415,0.1229,0.5172,0.2605,0.4464
0.1229,1.5483,0.0740,lateral,0.5806,6.7800,0.1201,-0.1222,0.0132,0.3061,0.0812,0.0000
1.1291,27.2840,0.6408,path,3.7114,6.6800,0.0123,-1.0189,0.4865,0.7720,0.4784,0.6131
0.3585,18.7651,0.0783,straight,1.2612,4.6400,0.3585,-0.3580,0.0197,0.3489,0.2039,0.0000
0.0993,1.1430,0.1319,lateral,0.4157,6.8800,0.0446,0.0865,0.0487,0.2932,0.0954,0.9028
0.1708,1.8625,0.0980,lateral,0.0399,6.3400,0.0399,-0.0519,0.1627,0.1277,0.0569,0.0000
0.1250,4.7984,0.1011,combined,0.5683,4.2800,0.1250,-0.1243,0.0137,0.2616,0.1060,0.0000
0.1189,3.3593,0.0850,combined,1.4716,7.0200,0.1189,-0.0094,0.1185,0.6375,0.2207,0.4275
0.6822,7.5291,0.0725,combined,1.8073,4.6200,0.6822,-0.6800,0.0551,0.5014,0.2591,0.0000
0.7419,27.1261,0.3040,path,1.8022,6.4600,0.0064,-0.7093,0.2177,0.4244,0.2079,0.3188
1.1285,37.2369,0.3261,path,0.5569,6.0000,0.0177,0.1252,1.1215,0.6755,0.4236,0.8854
0.1060,5.9714,0.1047,turn,0.0000,5.2600,0.0000,nan,nan,0.1212,0.0528,0.0000
0.8105,17.7425,0.2499,path,1.4482,4.3200,0.0067,-0.8082,0.0608,0.6061,0.2476,0.3360
0.0544,0.9525,0.0557,lateral,0.3869,5.9600,0.0059,0.0527,0.0134,0.2827,0.0930,0.6424
0.1464,2.0249,0.1119,lateral,1.0257,5.6200,0.1464,-0.1136,0.0924,0.4503,0.1682,1.0086
1.3566,18.2207,0.3371,path,2.2000,4.8200,0.0100,-1.3485,0.1479,0.3942,0.1978,0.5020
0.8535,11.4412,0.3139,path,1.9101,4.5800,0.0106,-0.8450,0.1199,1.4387,0.5033,0.5319
0.7909,7.0747,0.4119,path,2.1180,5.9000,0.0073,-0.7869,0.0799,0.6085,0.2831,0.3597
1.0060,37.9008,0.6301,path,1.1204,5.4400,0.0204,-0.0293,1.0056,0.8695,0.5585,1.0192
0.2212,6.7343,0.0402,straight,0.3566,5.7800,0.2212,-0.2011,0.0921,0.1130,0.0499,1.0385
0.1060,5.2357,0.1141,turn,0.0000,6.6200,0.0000,nan,nan,0.2522,0.0819,1.0147
0.8496,14.6156,0.2924,path,2.2404,6.6800,0.0067,-0.8337,0.1633,0.3737,0.2139,0.3360
0.1052,4.7951,0.0240,straight,0.3655,6.1800,0.1052,-0.1005,0.0313,0.2891,0.0794,1.0789
0.2288,10.1865,0.0450,combined,1.1638,4.0800,0.2284,-0.2286,0.0089,0.7440,0.2488,1.0650
0.2277,4.2008,0.0378,combined,0.8585,4.1000,0.2277,-0.2152,0.0745,0.3669,0.1651,0.3637
1.5428,20.4741,0.6339,path,2.7466,4.1000,0.0148,-1.4942,0.3845,0.6927,0.3608,0.7403
0.2348,7.8874,0.0596,straight,0.5149,4.1200,0.2348,-0.2320,0.0360,0.2123,0.0913,0.0000
0.2048,4.4593,0.0911,turn,0.0000,4.1200,0.0000,nan,nan,0.4048,0.0839,0.8393
0.0243,4.7969,0.0841,turn,0.0000,4.1200,0.0000,nan,nan,0.4328,0.1065,0.4234
2.7421,0.1512,0.3764,path,3.3590,4.1400,0.0173,-2.7364,0.1765,0.5725,0.1439,0.8629
1.2776,8.3201,0.5422,path,2.2907,4.1600,0.0112,-1.2673,0.1616,0.5676,0.2752,0.5613
2.1112,1.4695,0.5307,path,3.6297,4.1600,0.0190,-2.0950,0.2608,0.8389,0.4158,0.9451
0.0312,1.3252,0.0290,stand,0.0000,4.1800,0.0000,nan,nan,0.1395,0.0423,0.0000
0.0477,10.7614,0.0570,turn,0.0000,4.1800,0.0000,nan,nan,0.3279,0.0722,0.0000
0.6166,3.1089,0.1838,lateral,1.4586,4.2200,0.6166,-0.6162,0.0233,0.5111,0.2041,0.6232
1.4792,0.8329,0.4807,path,2.4746,4.2400,0.0117,-1.4768,0.0845,0.5615,0.3048,0.5862
0.7979,1.8641,0.3941,path,1.8844,4.2600,0.0089,-0.7960,0.0554,0.6154,0.2878,0.4435
1.7883,48.6982,1.1724,path,3.7463,4.2800,0.0114,-1.3303,1.1951,1.3506,0.7021,1.1808
1.3641,11.1839,0.3125,path,2.3278,4.2800,0.0111,-1.3584,0.1240,0.5854,0.2417,0.5537
0.9391,32.5661,0.4293,path,1.7496,4.2800,0.0138,-0.7593,0.5527,0.5676,0.3421,0.6893
1.3234,19.6485,0.3662,path,2.3148,4.2800,0.0141,-1.2811,0.3320,0.5610,0.3013,0.7057
0.5131,3.2304,0.1435,combined,1.3446,4.3000,0.5131,-0.5119,0.0347,0.5290,0.2300,0.0000
0.0054,0.4496,0.0162,stand,0.0000,4.3200,0.0000,nan,nan,0.1616,0.0445,0.6056
0.0388,9.1826,0.0807,turn,0.0000,4.3600,0.0000,nan,nan,0.2752,0.0691,0.8590
1.1380,9.0141,0.4338,path,2.0996,4.3600,0.0100,-1.1333,0.1037,0.4276,0.2635,0.4981
0.9383,23.5059,0.2417,path,1.5979,4.3800,0.0073,-0.9227,0.1704,0.4952,0.1422,0.3661
0.8258,38.6493,0.2690,path,2.0048,4.4200,0.0118,-0.8073,0.1737,0.4789,0.2602,0.5884
0.8936,35.2743,0.2692,path,1.5960,4.4800,0.0095,-0.7478,0.4891,0.4481,0.2502,0.4771
2.4045,17.1546,0.7314,path,3.0075,4.4800,0.0139,-2.3886,0.2758,0.7226,0.2233,0.6928
0.0741,11.4569,0.0831,lateral,0.7303,4.5000,0.0741,-0.0683,0.0287,0.4423,0.1847,0.0000
0.0397,10.8541,0.0546,turn,0.0000,4.5200,0.0000,nan,nan,0.2590,0.0800,0.7472
0.1231,2.1175,0.0239,lateral,0.0524,4.5400,0.0524,-0.1000,0.0717,0.2944,0.0694,0.3123
0.1719,4.9257,0.0898,lateral,1.1760,4.5600,0.1719,-0.1701,0.0249,0.5284,0.2327,0.0000
0.1432,0.6335,0.0651,straight,1.1740,4.5800,0.1432,-0.1430,0.0070,0.5994,0.2489,0.0000
0.1177,10.4197,0.0229,turn,0.0000,4.6000,0.0000,nan,nan,0.2109,0.0526,0.3131
0.7750,17.3211,0.1863,path,1.3838,4.6000,0.0063,-0.7526,0.1847,0.2966,0.1706,0.3132
1.5237,25.2389,0.3886,path,2.9323,4.6200,0.0165,-1.4539,0.4558,0.5620,0.3622,0.8209
0.0804,3.1968,0.0288,lateral,0.0432,4.6400,0.0130,-0.0635,0.0493,0.2132,0.0513,0.3211
0.4622,52.4918,0.3023,path,1.4059,4.6600,0.0082,-0.3247,0.3289,0.4917,0.2683,0.4126
1.3268,107.9483,0.8038,path,3.1063,4.6600,0.0173,-1.3088,0.2180,0.8781,0.4146,0.8633
0.0531,4.3185,0.0199,turn,0.0000,4.6800,0.0000,nan,nan,0.1375,0.0470,0.9028
0.2453,4.4008,0.1711,combined,1.0739,4.6800,0.2453,-0.2425,0.0373,0.5999,0.2359,0.7561
0.4302,2.8670,0.1318,combined,2.3213,4.7000,0.4302,-0.4293,0.0283,0.9864,0.4254,0.4897
0.3103,7.6660,0.0730,straight,1.1342,4.7200,0.3103,-0.3103,0.0048,0.3356,0.1871,0.3031
0.1671,4.9359,0.0100,combined,0.2696,4.7200,0.1640,-0.1621,0.0408,0.2676,0.0779,0.9269
0.9054,0.4722,0.2968,path,1.6751,4.7200,0.0077,-0.9000,0.0986,0.4344,0.1914,0.3838
0.6160,104.7910,1.0565,path,3.4755,4.7400,0.0205,-0.4713,0.3967,1.4158,0.7140,0.9586
0.1487,3.9391,0.0969,lateral,0.7674,4.7600,0.1487,-0.1458,0.0295,0.4214,0.1372,0.0000
1.8487,18.8609,0.7129,path,1.8933,4.7800,0.0236,-1.7225,0.6714,1.0427,0.3495,1.1836
1.7159,25.3516,0.6552,path,2.8925,4.7800,0.0128,-1.6673,0.4053,0.6754,0.2923,0.6417
0.9468,26.2987,0.3018,path,0.7819,4.7800,0.0166,-0.1371,0.9368,0.7230,0.3480,0.8334
1.1131,8.6676,0.3075,path,1.8357,4.8200,0.0077,-1.1126,0.0343,0.5562,0.2045,0.3835
0.1264,3.2140,0.0201,lateral,0.6078,4.8400,0.1264,-0.0953,0.0830,0.5331,0.1242,0.5611
0.0158,10.0940,0.0482,straight,0.9408,4.9000,0.0158,-0.0118,0.0106,0.4600,0.2050,0.6034
1.3881,14.1816,0.4823,path,1.0939,4.9200,0.0191,-1.3511,0.3184,0.6758,0.3130,0.9573
0.9920,14.1576,0.2372,path,1.7421,4.9400,0.0095,-0.9156,0.3818,0.3448,0.2002,0.4754
1.0692,23.3492,0.3611,path,2.0199,4.9400,0.0084,-1.0481,0.2113,0.4141,0.2219,0.4187
0.0255,1.4420,0.0602,turn,0.0000,4.9600,0.0000,nan,nan,0.2819,0.0572,0.3284
0.3008,7.4913,0.0989,lateral,1.4346,5.0000,0.3008,-0.2990,0.0323,0.5447,0.2341,0.5360
0.0447,0.4776,0.0768,straight,0.0433,5.0200,0.0331,0.0193,0.0403,0.2642,0.0746,0.6130
0.3053,2.3697,0.0602,lateral,1.4247,5.0400,0.3053,-0.3051,0.0100,0.6131,0.2356,0.3692
1.1879,14.9613,0.1567,path,1.9049,5.0400,0.0115,-1.1332,0.3562,0.3691,0.1762,0.5748
0.1213,0.1009,0.0517,lateral,0.1814,5.1000,0.0883,0.0044,0.1213,0.2148,0.0697,1.0006
1.5550,14.9370,0.6193,path,3.7304,5.1400,0.0146,-1.5173,0.3405,0.8183,0.4461,0.7263
0.2809,13.6457,0.1296,combined,1.6512,7.1200,0.2672,0.1511,0.2368,1.0061,0.2977,1.0245
0.0702,2.5779,0.0661,lateral,0.0688,5.2200,0.0652,-0.0666,0.0222,0.4844,0.0967,0.0000
1.8630,130.6837,0.6407,path,3.6106,5.2200,0.0147,-1.8430,0.2721,0.7094,0.3179,0.7300
1.9918,1.4695,1.0137,path,5.1467,5.2600,0.0227,-1.9780,0.2342,1.1945,0.6646,1.1333
2.1385,72.5479,1.0483,path,5.2065,5.3200,0.0231,-1.7471,1.2332,1.2894,0.6933,1.1538
0.7631,49.2175,0.3048,path,3.4886,5.4000,0.0189,-0.3439,0.6812,1.2359,0.6199,0.9386
0.6824,18.3907,0.3573,path,2.2181,5.4200,0.0112,-0.4917,0.4732,0.8737,0.3794,0.5613
1.4603,20.1146,0.7558,path,1.6461,5.4400,0.0189,-1.4313,0.2897,0.9984,0.4382,0.9466
0.1953,10.0011,0.0882,combined,0.5092,5.4600,0.1953,-0.1509,0.1240,0.3616,0.1479,0.7244
0.0880,1.2629,0.0574,combined,1.0759,5.4800,0.0880,-0.0555,0.0684,0.4510,0.2145,0.0000
0.2240,6.6435,0.1359,combined,1.4253,5.5200,0.2240,-0.2122,0.0717,0.7896,0.2405,0.8327
1.1231,32.7011,0.3680,path,0.6446,5.5200,0.0186,-0.5833,0.9598,0.5465,0.3768,0.9316
1.5850,24.7782,0.4915,path,1.0267,5.5200,0.0235,-0.5031,1.5030,1.2451,0.4218,1.1738
1.1063,19.9813,0.2501,path,2.0539,5.5200,0.0076,-1.1020,0.0968,0.3872,0.2056,0.3799
1.4528,8.9398,0.3825,path,2.8438,5.5400,0.0105,-1.4463,0.1372,0.5628,0.2837,0.5251
0.3388,4.5198,0.0818,straight,1.7949,5.5400,0.3388,-0.3388,0.0064,0.7632,0.2756,0.8668
0.0708,6.4157,0.0149,lateral,0.3011,5.5600,0.0030,0.0705,0.0061,0.3155,0.0830,0.0000
0.0819,6.5254,0.0389,lateral,0.1474,5.5600,0.0418,-0.0391,0.0719,0.2250,0.0620,0.4032
1.7685,19.0104,0.6445,path,3.8159,5.5800,0.0144,-1.7612,0.1611,0.7646,0.3708,0.7222
0.1947,5.9176,0.0574,combined,1.2693,5.5800,0.1947,-0.1731,0.0892,0.6397,0.2324,0.9325
1.7081,13.5602,0.5762,path,3.4520,5.5800,0.0147,-1.6257,0.5240,0.6415,0.3663,0.7366
0.7891,27.6745,0.2656,path,1.8304,5.6400,0.0079,-0.6225,0.4850,0.6214,0.3784,0.3973
0.0454,1.0420,0.0617,combined,0.3213,5.6600,0.0454,-0.0184,0.0415,0.3474,0.0739,0.0000
0.0916,2.6335,0.0685,straight,1.1032,5.6800,0.0916,-0.0916,0.0006,0.4396,0.1893,0.8578
1.7783,26.9328,0.8721,path,4.5423,5.6800,0.0181,-1.6129,0.7488,0.9839,0.5806,0.9027
0.0334,7.4072,0.0564,turn,0.0000,5.6800,0.0000,nan,nan,0.3858,0.0816,0.6876
0.0970,5.4209,0.0524,combined,0.5771,5.7000,0.0970,-0.0632,0.0736,0.4452,0.1220,0.8255
0.7136,32.9376,0.2091,path,1.1822,5.7000,0.0191,0.5213,0.4873,0.9309,0.3897,0.9533
1.9823,9.7294,0.8296,path,4.2324,5.7200,0.0175,-1.9823,0.0041,0.9104,0.4647,0.8793
0.1801,0.5270,0.0089,straight,0.5031,5.7400,0.1801,-0.1045,0.1467,0.2751,0.0922,0.6680
0.0442,10.1699,0.0607,turn,0.0000,5.7400,0.0000,nan,nan,0.2227,0.0519,0.8297
1.8168,7.9856,0.5045,path,4.2241,5.7600,0.0213,-1.5951,0.8696,1.1039,0.5389,1.0618
0.3424,2.8445,0.0722,straight,1.0383,5.7800,0.3424,-0.3145,0.1354,0.2958,0.1394,0.4401
1.1871,43.3591,0.4079,path,2.9546,5.8400,0.0162,-0.4812,1.0852,0.8690,0.4884,0.8091
0.3111,1.3272,0.1613,straight,1.8519,5.8600,0.3111,-0.2992,0.0850,0.7079,0.2785,0.6385
1.3673,1.8166,0.4828,path,2.9560,5.8600,0.0215,-0.8461,1.0741,1.0766,0.5407,1.0815
0.1157,1.3455,0.0363,turn,0.0000,5.8800,0.0000,nan,nan,0.4909,0.0841,0.0000
0.1370,7.7707,0.0483,lateral,1.3222,5.9000,0.1370,-0.1349,0.0242,0.7449,0.2125,0.4342
2.2872,26.4682,0.8170,path,4.7909,5.9400,0.0232,-1.7694,1.4493,1.2638,0.7002,1.1595
0.0235,9.3919,0.0353,turn,0.0000,5.9400,0.0000,nan,nan,0.4053,0.0727,0.5999
0.3114,2.0488,0.0702,combined,2.0718,5.9400,0.3114,-0.2920,0.1083,0.9929,0.3070,0.3444
1.1782,8.2661,0.2987,path,2.0305,5.9600,0.0106,-1.0949,0.4351,0.4114,0.2064,0.5299
0.1357,1.3704,0.0221,lateral,0.9025,5.9600,0.1321,-0.1307,0.0364,0.4794,0.1377,0.7777
0.5441,1.1003,0.1926,path,1.2589,5.9800,0.0066,-0.4564,0.2961,0.2865,0.1662,0.3284
0.4270,13.9085,0.0310,path,1.8678,5.9800,0.0168,0.2496,0.3465,1.2190,0.4074,0.8407
1.3708,15.9077,0.6352,path,1.7970,6.0000,0.0166,-1.2531,0.5557,0.6959,0.3803,0.8336
0.0263,15.0609,0.0262,combined,0.5249,6.0000,0.0054,0.0221,0.0144,0.3338,0.1346,0.6419
0.0947,4.6734,0.1462,lateral,1.2784,6.0200,0.0947,-0.0798,0.0510,0.7154,0.2083,0.4028
0.7589,39.6647,0.4381,path,1.9542,6.0400,0.0115,-0.5600,0.5121,0.8037,0.3088,0.5732
0.2208,12.2944,0.0606,straight,1.9012,6.0600,0.2208,-0.2115,0.0634,0.7822,0.2923,0.7673
1.3502,27.0410,0.3229,path,3.4306,6.0600,0.0167,-0.9401,0.9691,0.9183,0.5067,0.8360
0.6788,17.9862,0.1657,path,2.1933,6.0600,0.0140,-0.2735,0.6212,0.7177,0.3926,0.6993
1.5274,17.3526,1.2695,path,4.0499,4.1000,0.0224,-1.4574,0.4571,1.3692,0.7387,1.1184
1.7814,7.1551,0.6509,path,4.2174,6.0800,0.0147,-1.7137,0.4864,0.7591,0.4473,0.7344
0.1084,2.8514,0.0465,turn,0.0000,6.1000,0.0000,nan,nan,0.1924,0.0598,0.7057
1.4055,1.1096,0.6092,path,3.8483,6.1200,0.0143,-1.4030,0.0833,0.7060,0.4610,0.7155
0.0633,5.8932,0.0322,stand,0.0000,6.1400,0.0000,nan,nan,0.2234,0.0424,0.7302
0.1813,31.7828,0.1934,path,1.3468,6.1400,0.0087,0.0860,0.1596,0.6491,0.2989,0.4349
0.7369,9.2470,0.2894,path,1.4523,6.1400,0.0061,-0.7092,0.1998,0.4593,0.1730,0.3029
0.0971,8.1554,0.0389,straight,1.0350,6.1400,0.0951,-0.0924,0.0298,0.6583,0.1728,0.8410
0.2185,5.0519,0.1036,combined,1.4963,6.1400,0.2185,-0.2167,0.0277,0.6618,0.2218,0.0000
0.7054,18.8691,0.2139,path,0.4230,6.1800,0.0081,-0.5777,0.4048,0.4002,0.1856,0.4071
0.1874,11.9895,0.0748,straight,0.8204,6.2000,0.1871,-0.1872,0.0091,0.4163,0.1516,1.0074
0.2328,5.2748,0.0212,lateral,0.8930,6.2000,0.2211,-0.1508,0.1774,0.4985,0.1350,0.5721
0.1106,1.8278,0.0776,lateral,0.5613,6.2600,0.1106,-0.1096,0.0150,0.3160,0.0896,0.3782
0.2795,14.8534,0.0226,straight,1.6805,6.2600,0.2795,-0.2795,0.0011,0.6878,0.2310,0.0000
2.2478,27.1393,0.4017,path,2.3219,6.3600,0.0206,-1.9730,1.0771,0.7083,0.3424,1.0368
0.9323,0.6020,0.3198,path,2.2882,6.3000,0.0074,-0.9321,0.0186,0.4410,0.2273,0.3686
0.0240,1.9165,0.0574,turn,0.0000,6.3400,0.0000,nan,nan,0.1833,0.0464,1.0319
1.5727,30.7927,0.5095,path,4.4959,6.3600,0.0186,-1.4779,0.5378,0.9169,0.5334,0.8401
1.1577,49.0494,0.4225,path,1.7707,6.3600,0.0205,-1.1523,0.1121,0.4737,0.2678,1.0241
0.3417,13.9934,0.0568,straight,0.7773,6.1200,0.0474,0.2973,0.1684,0.5764,0.2162,0.7642
1.5571,18.4202,0.3638,path,2.7680,6.4200,0.0208,-1.0288,1.1688,0.8251,0.4226,1.0378
3.0378,24.9833,0.7705,path,6.7311,6.4200,0.0230,-2.8061,1.1636,1.3988,0.6659,1.1557
0.2088,0.9922,0.1053,straight,1.8446,6.4400,0.2088,-0.1332,0.1609,0.7084,0.2849,0.3679
0.9761,1.8134,0.3964,path,0.9438,6.4400,0.0137,-0.6347,0.7416,0.6365,0.3718,0.6891
1.0233,19.1574,0.4551,path,2.3236,6.4600,0.0075,-0.9770,0.3042,0.5531,0.2640,0.3768
1.4109,22.7688,0.3665,path,2.6310,6.4800,0.0084,-1.3915,0.2327,0.4169,0.2346,0.4181
0.1203,3.3227,0.0457,turn,0.0000,6.5200,0.0000,nan,nan,0.5080,0.0925,0.4430
0.2925,5.3094,0.0522,straight,1.0401,6.5200,0.2925,-0.2028,0.2109,0.3918,0.1494,0.0000
2.0883,17.2999,0.6267,path,3.7056,6.5200,0.0190,-1.7632,1.1188,0.9765,0.4627,0.9488
1.3996,31.9202,0.6655,path,3.4800,6.5400,0.0148,-1.0132,0.9655,0.7618,0.4874,0.7409
1.8426,11.1089,0.9165,path,3.8232,6.5800,0.0184,-1.6520,0.8159,1.1382,0.4855,0.9196
0.1708,1.8646,0.0731,combined,1.1075,6.5800,0.1686,-0.1166,0.1248,0.8739,0.1751,1.0357
0.5341,5.5020,0.1787,path,0.8738,6.6200,0.0111,0.4267,0.3213,0.4895,0.2341,0.5542
2.3578,2.9817,0.6926,path,5.1310,6.6200,0.0176,-2.3255,0.3885,0.9074,0.4396,0.8808
1.5951,15.7507,0.5644,path,3.1505,6.6400,0.0143,-1.4387,0.6890,0.6473,0.3872,0.7130
1.2013,16.8696,0.3571,path,2.5497,6.6400,0.0078,-1.1971,0.1003,0.3941,0.2247,0.3911
0.8229,31.5812,0.2856,path,1.8007,6.6400,0.0065,-0.7551,0.3270,0.3171,0.2006,0.3266
0.9437,24.3447,0.3806,path,2.7504,6.6400,0.0084,-0.9358,0.1223,0.4543,0.2799,0.4188
0.0630,1.2656,0.0300,stand,0.0000,6.7000,0.0000,nan,nan,0.2128,0.0354,0.0000
1.1301,7.4440,0.3984,path,2.3114,7.0400,0.0116,-0.8598,0.7335,1.1914,0.3603,0.5806
1.2315,3.1043,0.4795,path,4.4824,6.7200,0.0169,-1.0802,0.5914,1.0478,0.5326,0.8456
1.0808,21.3676,0.3087,path,1.7397,6.7400,0.0126,-0.2604,1.0489,0.6320,0.3850,0.6326
0.2953,4.6024,0.0736,straight,1.6376,6.7400,0.2953,-0.2887,0.0622,0.5589,0.2209,1.0117
0.8798,6.6073,0.2781,path,1.9703,6.7600,0.0072,-0.7734,0.4193,0.3802,0.2027,0.3620
0.4126,9.8416,0.1162,combined,1.9760,6.7600,0.4126,-0.3991,0.1046,0.6906,0.2476,0.0000
1.2937,6.3011,0.3192,path,0.5701,6.7600,0.0201,-0.6099,1.1409,0.6263,0.3252,1.0063
0.1142,7.6842,0.0486,combined,0.4520,6.7800,0.1121,-0.1131,0.0159,0.3266,0.0912,0.9360
0.2049,10.0043,0.1035,lateral,0.5379,6.7800,0.1746,-0.0208,0.2039,0.3710,0.1022,0.4364
0.0941,5.4220,0.0359,turn,0.0000,6.8000,0.0000,nan,nan,0.2563,0.0683,0.0000
2.1768,3.3181,0.9148,path,6.1938,6.8000,0.0210,-2.1067,0.5479,1.0717,0.6372,1.0507
0.2493,5.2171,0.1064,lateral,0.8412,6.8000,0.2493,-0.2012,0.1473,0.3016,0.1095,0.4417
0.3750,4.8136,0.1270,combined,1.8219,6.8000,0.3750,-0.3749,0.0067,0.7260,0.2322,0.5903
0.0583,1.1296,0.0694,turn,0.0000,6.8200,0.0000,nan,nan,0.2836,0.0692,0.8813
1.1037,42.7529,0.7601,path,1.1553,6.8400,0.0187,0.0904,1.1000,1.0579,0.6986,0.9383
0.9827,0.0003,0.2561,path,1.9310,6.8600,0.0073,-0.9111,0.3683,0.3657,0.1744,0.3665
0.0720,11.3413,0.0211,straight,0.2890,6.8600,0.0657,-0.0713,0.0095,0.2200,0.0717,0.4275
1.0144,4.0198,0.4640,path,2.4748,6.9000,0.0116,-0.8485,0.5560,0.6742,0.3565,0.5823
0.1233,2.2724,0.0338,lateral,0.6067,6.9000,0.1228,-0.0492,0.1130,0.6300,0.1252,0.0000
1.1954,1.1700,0.3385,path,3.3506,6.9000,0.0104,-1.1705,0.2427,0.5506,0.3223,0.5189
1.4124,19.5069,0.5354,path,3.6448,6.9400,0.0117,-1.3453,0.4303,0.6943,0.4062,0.5858
0.2450,3.2682,0.0564,combined,0.8970,6.9400,0.2450,-0.2448,0.0097,0.2859,0.1131,0.0000
0.2135,0.8283,0.0520,combined,2.1110,6.9600,0.2135,-0.1981,0.0796,0.9643,0.2859,0.8626
0.1806,14.1756,0.0541,lateral,1.3447,6.9800,0.1806,-0.1495,0.1013,0.5354,0.1786,0.0000
0.4834,13.7605,0.0765,combined,1.9086,6.9800,0.4834,-0.4443,0.1904,0.9777,0.2571,0.0000
0.0546,0.8725,0.0180,stand,0.0000,6.9800,0.0000,nan,nan,0.1259,0.0311,0.5461
0.7198,11.2703,0.2921,path,1.6449,7.0000,0.0071,-0.6334,0.3419,0.3434,0.1881,0.3550
0.9419,30.5995,0.2318,path,2.2215,7.0200,0.0092,-0.8346,0.4365,0.3909,0.2336,0.4609
0.7474,24.8185,0.2080,path,1.9888,7.0200,0.0206,0.0458,0.7460,0.9081,0.3965,1.0422
0.1452,9.1781,0.0443,turn,0.0000,7.0200,0.0000,nan,nan,0.2261,0.0606,0.0000
1.9944,6.2136,0.6563,path,5.6840,7.0200,0.0182,-1.9244,0.5236,0.9756,0.5586,0.9089
1.2818,39.8918,0.3226,path,3.1490,7.0400,0.0177,-0.4306,1.2073,0.9412,0.4860,0.8823
0.5716,7.9607,0.0950,path,2.6429,7.0400,0.0239,0.2962,0.4888,0.9093,0.4693,1.1932
2.0020,10.3557,0.7633,path,5.7406,7.0600,0.0235,-1.5952,1.2097,1.0648,0.7284,1.1767
0.0321,2.7818,0.0255,stand,0.0000,7.0600,0.0000,nan,nan,0.2255,0.0331,0.7488
2.4402,24.5378,0.6210,path,4.7680,7.0800,0.0150,-2.4345,0.1666,1.1626,0.3663,0.7474
1.7259,31.5598,0.6977,path,2.6104,7.1000,0.0242,-0.8504,1.5019,1.0224,0.5813,1.2085
0.1904,3.8426,0.0347,combined,1.6309,7.1200,0.1904,-0.1196,0.1481,0.8889,0.2577,0.7011
0.3466,5.6644,0.1231,straight,1.0885,4.4400,0.3466,-0.3451,0.0323,0.3581,0.1725,1.0385
0.0711,9.6492,0.0255,straight,1.1323,7.1800,0.0707,-0.0566,0.0431,0.4161,0.1691,0.8674
0.7189,28.2925,1.1346,path,6.1268,7.2200,0.0237,-0.3328,0.6373,1.4501,0.8679,1.1878
2.1002,42.6585,0.5474,path,2.1371,7.2200,0.0190,-1.7029,1.2292,0.9902,0.4025,0.9438
0.0461,1.5825,0.0112,lateral,0.6749,7.2200,0.0459,-0.0112,0.0447,0.4902,0.1090,0.7895
0.7898,11.4219,0.3220,path,1.9463,7.2600,0.0082,-0.6424,0.4596,0.4016,0.2852,0.4096
1.4334,2.1674,0.5979,path,2.7883,7.2800,0.0160,-0.9685,1.0566,0.7513,0.4103,0.7977
0.9114,18.8859,0.3192,path,0.6439,7.3000,0.0137,-0.6590,0.6295,0.5152,0.3238,0.6838
0.1562,12.3234,0.0147,lateral,0.0882,7.3000,0.0687,0.0481,0.1486,0.1816,0.0605,0.0000
1.3656,37.2464,0.2700,path,2.6331,7.3200,0.0176,-0.9422,0.9885,0.7404,0.3905,0.8808
0.1568,12.2891,0.0494,combined,2.0223,7.3400,0.1568,-0.1568,0.0005,0.7001,0.2616,1.1365
0.1608,5.9436,0.1401,lateral,1.2752,7.3400,0.1608,0.0784,0.1403,0.8617,0.2454,0.9231
0.9441,11.0753,0.2661,path,2.3715,7.3600,0.0069,-0.9318,0.1519,0.3542,0.2111,0.3431
1.7596,15.6347,0.5582,path,2.8862,7.4000,0.0181,-1.0525,1.4100,0.7488,0.4865,0.9024
0.0638,4.5848,0.0559,turn,0.0000,7.4000,0.0000,nan,nan,0.3034,0.0625,0.3174
1.1026,25.7129,0.3969,path,0.6516,7.4200,0.0144,-0.8227,0.7340,0.5791,0.2758,0.7184
0.4019,16.0858,0.0852,combined,1.7323,7.4200,0.4019,-0.4012,0.0238,0.7980,0.1971,0.5406
1.9719,4.6259,1.1691,path,5.1946,7.4400,0.0160,-1.9446,0.3269,1.1942,0.4788,0.8034
1.0513,17.9997,0.4054,path,1.6731,7.4600,0.0105,-0.7927,0.6905,0.4128,0.2733,0.5269
1.3977,16.1422,0.5870,path,4.2459,7.4600,0.0126,-1.2904,0.5371,0.8157,0.4393,0.6326
2.6146,11.3707,0.5357,path,5.7474,7.4800,0.0189,-2.5770,0.4419,0.8525,0.4837,0.9471
0.0217,3.6994,0.0288,turn,0.0000,7.5400,0.0000,nan,nan,0.2266,0.0611,0.0000
1.5298,0.4624,0.4546,path,2.7713,7.5600,0.0149,-1.0326,1.1288,0.7069,0.3324,0.7450
1.4061,19.9940,0.4612,path,4.1401,7.5600,0.0111,-1.3857,0.2388,0.6459,0.3691,0.5533
2.1238,2.4886,0.5577,path,5.0220,7.5800,0.0173,-1.8862,0.9760,0.8863,0.4801,0.8628
0.9201,18.4224,0.1543,path,3.1778,7.5800,0.0201,0.8374,0.3813,1.3317,0.5620,1.0050
0.1235,6.1344,0.0384,straight,1.2694,7.6000,0.1199,-0.0990,0.0739,0.4808,0.1725,0.0000
0.0936,0.3506,0.0715,straight,1.7379,7.6000,0.0936,-0.0899,0.0259,0.7284,0.2350,0.8334
1.2650,3.5170,0.5468,path,3.0915,7.6000,0.0095,-1.2347,0.2753,0.5656,0.2989,0.4738
0.1852,12.0615,0.0455,stand,0.0000,7.6200,0.0000,nan,nan,0.2995,0.0542,0.5896
0.1456,5.6749,0.0294,turn,0.0000,7.6200,0.0000,nan,nan,0.4894,0.0708,0.3400
0.1838,1.6750,0.0512,straight,0.5375,7.6200,0.1838,-0.1755,0.0546,0.2324,0.0771,0.3053
1.4376,5.9045,0.4422,path,3.3816,7.6600,0.0129,-0.9161,1.1079,0.7017,0.4142,0.6456
0.9487,26.3516,0.1114,path,1.4483,7.6800,0.0153,-0.9443,0.0905,0.3563,0.1608,0.7669
2.1341,0.5955,1.0877,path,7.2337,7.7000,0.0239,-1.8866,0.9976,1.2687,0.8565,1.1936
0.1078,4.9393,0.0026,straight,0.7154,7.7000,0.1078,-0.0965,0.0479,0.3234,0.1081,0.8107
0.0801,3.0247,0.0752,turn,0.0000,7.7200,0.0000,nan,nan,0.4607,0.0736,0.4617
0.6786,39.6401,0.2540,path,2.7106,5.9800,0.0197,-0.0633,0.6757,1.0477,0.5206,0.9829
0.0207,10.1827,0.0123,straight,0.3714,7.7200,0.0207,-0.0201,0.0049,0.3429,0.0737,0.0000
0.1066,6.9600,0.0471,combined,1.9142,7.7200,0.1066,-0.0577,0.0897,1.0171,0.2746,1.0192
2.4531,9.0319,0.9287,path,2.2575,7.7600,0.0222,-2.4514,0.0924,1.1007,0.3498,1.1092
0.0698,8.7465,0.0669,lateral,0.6049,7.7800,0.0698,-0.0398,0.0574,0.6368,0.0967,0.0000
0.1076,3.3226,0.0261,lateral,0.0161,7.7800,0.0161,-0.1056,0.0208,0.2257,0.0558,0.7327
1.4899,9.4711,0.4095,path,3.8834,7.8000,0.0163,-0.9605,1.1390,0.8795,0.4744,0.8153
0.1747,9.1132,0.0724,straight,1.6426,7.8000,0.1747,-0.0528,0.1666,0.6774,0.2169,0.0000
0.0835,0.1371,0.0613,turn,0.0000,6.4200,0.0000,nan,nan,0.1839,0.0659,1.0086
0.3261,5.3468,0.0811,combined,1.7741,7.8200,0.3261,-0.3243,0.0339,0.6580,0.2060,0.8088
0.1498,16.4293,0.0978,path,1.8325,7.8200,0.0124,0.1480,0.0233,0.6504,0.3245,0.6136
0.1202,13.1988,0.0339,turn,0.0000,6.8800,0.0000,nan,nan,0.1432,0.0462,0.6424
0.0538,9.4800,0.0321,straight,0.0966,7.8600,0.0511,0.0116,0.0525,0.1748,0.0667,0.0000
1.4563,0.6638,0.4930,path,3.8891,7.8600,0.0108,-1.4422,0.2018,0.5940,0.3411,0.5399
0.1048,5.1702,0.1207,combined,1.2444,7.8600,0.0736,0.0587,0.0868,0.6581,0.1697,0.3692
0.1121,0.5752,0.0463,turn,0.0000,7.8600,0.0000,nan,nan,0.3077,0.0721,0.0000
1.1271,26.8502,0.5409,path,3.5772,7.8800,0.0106,-0.9706,0.5730,0.5983,0.3900,0.5305
1.0953,11.6220,0.4093,path,3.5594,7.9400,0.0090,-1.0805,0.1793,0.5104,0.3607,0.4483
0.0736,2.4055,0.0673,stand,0.0000,7.9600,0.0000,nan,nan,0.1172,0.0333,1.1358
0.7616,6.3172,0.4010,path,2.9721,7.9800,0.0078,-0.7569,0.0849,0.4554,0.3192,0.3894
1.0310,24.2402,0.7544,path,3.7657,5.4800,0.0139,-0.8905,0.5197,0.9632,0.5756,0.6943
1.8084,23.5075,0.6517,path,4.3859,6.4200,0.0159,-1.6703,0.6932,0.7546,0.4909,0.7944
1.0040,125.0975,0.8839,path,1.9288,5.7200,0.0223,-0.9489,0.3280,1.0490,0.4284,1.1106
0.3363,8.6688,0.1006,lateral,0.9737,4.4000,0.3363,-0.3139,0.1206,0.3765,0.1578,1.0650
1.5300,6.4231,0.8087,path,3.1893,4.2600,0.0169,-1.5159,0.2070,0.9149,0.5071,0.8761
0.1881,1.8912,0.0938,straight,1.2214,4.4400,0.1881,-0.1879,0.0083,0.5806,0.2387,0.0000
0.2548,10.0360,0.0875,straight,0.9194,4.6400,0.2464,-0.2056,0.1506,0.4318,0.1747,0.8393
1.3828,5.9023,0.5485,path,2.6443,4.3600,0.0143,-1.3488,0.3049,0.9109,0.4945,0.7175
0.2206,1.2709,0.0488,lateral,0.6530,4.7400,0.2189,-0.1772,0.1313,0.2781,0.1199,0.0000
0.0993,2.7219,0.0586,straight,0.2241,4.8600,0.0450,0.0492,0.0862,0.2648,0.0781,0.4234
0.0367,1.0413,0.0167,stand,0.0000,4.4000,0.0000,nan,nan,0.1206,0.0328,0.9269
0.1350,9.9711,0.0457,lateral,0.2565,4.2600,0.1340,-0.1305,0.0347,0.1519,0.0550,0.5360
0.7846,21.6487,0.3234,path,1.1365,5.0200,0.0147,-0.1756,0.7647,0.7029,0.3553,0.7374
1.2479,34.9848,0.4129,path,3.0054,5.9200,0.0118,-1.2440,0.0984,0.6046,0.3654,0.5894
1.8558,3.2090,0.8287,path,3.5773,4.6000,0.0191,-1.8201,0.3623,0.8350,0.4699,0.9563
0.1237,9.0040,0.0265,turn,0.0000,4.6200,0.0000,nan,nan,0.1158,0.0537,0.5611
2.0137,26.9976,0.9057,path,3.7394,4.4200,0.0173,-2.0026,0.2113,0.8865,0.3879,0.8593
0.1507,9.3289,0.0016,combined,1.1170,5.3600,0.1507,-0.1428,0.0482,0.5985,0.2020,0.0000
0.0440,0.6870,0.0285,turn,0.0000,4.8200,0.0000,nan,nan,0.3728,0.0772,0.9028
2.0503,11.7105,0.5726,path,3.8910,4.9000,0.0195,-1.9886,0.4992,1.0478,0.5451,0.9771
1.1292,27.0449,0.4361,path,2.2037,5.3200,0.0105,-1.0446,0.4288,0.4810,0.3135,0.5236
1.1085,1.8136,0.3153,path,2.5096,5.4400,0.0095,-1.1007,0.1311,0.5300,0.2633,0.4756
0.1203,3.1674,0.0636,combined,1.3716,6.9600,0.1203,-0.1098,0.0490,0.5223,0.1889,1.0147
1.3777,26.4041,0.4828,path,2.5330,5.0000,0.0120,-1.3392,0.3234,0.5103,0.3015,0.5984
0.0822,9.3197,0.0637,turn,0.0000,5.2600,0.0000,nan,nan,0.4356,0.0722,1.1974
0.5837,3.9678,0.1466,path,0.4300,5.2400,0.0119,-0.1314,0.5687,0.3487,0.1627,0.5963
1.2242,4.5181,0.2623,path,1.5109,4.4600,0.0099,-1.2242,0.0132,0.4003,0.1691,0.4978
0.0771,12.4801,0.0509,turn,0.0000,5.4200,0.0000,nan,nan,0.1943,0.0683,0.7472
0.1437,3.4989,0.0587,turn,0.0000,4.1400,0.0000,nan,nan,0.1677,0.0734,0.6385
1.7505,11.0689,0.4399,path,2.3710,4.0600,0.0157,-1.7495,0.0582,0.5133,0.1983,0.7925
0.4075,4.2945,0.0694,straight,1.4816,4.3400,0.4075,-0.4022,0.0654,0.5328,0.2578,0.6680
1.7704,2.6155,0.7806,path,3.3875,5.3000,0.0230,-1.3754,1.1147,1.0163,0.5897,1.1441
0.8994,0.2463,0.3077,path,1.7441,4.7000,0.0076,-0.8974,0.0598,0.4008,0.2195,0.3779
0.7936,6.9290,0.3500,path,2.0681,5.2200,0.0094,-0.7286,0.3146,0.5214,0.2863,0.4704
0.7910,6.5849,0.3672,path,1.5979,4.0800,0.0079,-0.7887,0.0595,0.4252,0.2410,0.3953
1.6878,6.3521,0.6098,path,2.8805,4.2600,0.0195,-1.5607,0.6425,0.8170,0.4261,0.9762
0.3028,5.8900,0.0970,straight,1.7953,4.5400,0.3028,-0.2992,0.0465,0.5848,0.3324,0.8578
0.2687,0.7911,0.1867,lateral,1.1742,5.1800,0.2687,-0.2658,0.0391,0.5074,0.1816,0.3692
0.0382,4.6492,0.0610,turn,0.0000,5.6000,0.0000,nan,nan,0.1409,0.0468,0.3211
2.0482,31.0969,0.9183,path,5.1883,4.7200,0.0223,-2.0152,0.3663,1.5872,0.7330,1.1111
0.0569,14.7314,0.0954,combined,1.2171,5.6800,0.0569,-0.0290,0.0489,0.5626,0.2212,0.3131
1.7402,25.8767,0.3756,path,1.5529,5.5800,0.0228,-1.3935,1.0424,0.9670,0.3967,1.1492
1.0067,47.5081,0.2633,path,1.4219,6.2800,0.0133,-0.6859,0.7368,0.4714,0.2793,0.6642
0.5231,28.8800,0.2027,path,1.0758,4.3200,0.0046,-0.4682,0.2333,0.6931,0.1645,0.3036
0.0359,1.5282,0.0045,stand,0.0000,5.7800,0.0000,nan,nan,0.1318,0.0333,0.4897
1.4143,12.6489,0.4775,path,1.0701,4.4400,0.0236,-1.3106,0.5314,0.7537,0.3237,1.1803
0.0864,4.1786,0.0407,lateral,0.6019,4.8200,0.0837,-0.0681,0.0531,0.3754,0.1226,0.8255
0.9309,24.6865,0.1970,path,0.7074,5.3000,0.0207,-0.6221,0.6925,0.7917,0.3418,1.0342
2.3218,32.6351,0.8275,path,4.5556,5.0000,0.0207,-2.1615,0.8477,1.0683,0.5500,1.0339
0.7271,19.3689,0.1442,path,1.3241,4.7200,0.0061,-0.7153,0.1303,0.5581,0.1836,0.3032
1.2649,19.5987,0.3157,path,2.0562,4.4400,0.0094,-1.2478,0.2073,0.4125,0.2204,0.4688
1.7365,5.5590,0.6895,path,3.7394,4.9400,0.0156,-1.7364,0.0198,0.8296,0.5134,0.7814
1.0203,37.2112,0.4135,path,2.2047,5.0200,0.0157,-0.8583,0.5516,0.9871,0.3750,0.7862
1.1764,7.9790,0.4825,path,2.1759,5.2600,0.0133,-1.1387,0.2953,0.8431,0.3985,0.6667
1.8154,17.2925,0.8406,path,4.9169,6.5600,0.0211,-1.2835,1.2838,1.1389,0.7227,1.0527
0.2858,1.1425,0.0808,combined,1.9299,6.4200,0.2858,-0.2842,0.0301,0.6672,0.2615,0.8590
1.6651,56.6087,0.7644,path,1.9592,6.7000,0.0232,-1.6516,0.2118,0.8642,0.4965,1.1654
1.1104,35.3424,0.4963,path,2.0115,4.1800,0.0109,-1.0462,0.3721,0.5954,0.3105,0.5456
0.9367,66.8882,0.5902,path,1.6707,6.4600,0.0102,-0.9020,0.2523,0.8051,0.1907,0.5119
2.2295,3.5836,0.7241,path,3.9465,4.0000,0.0221,-2.2067,0.3186,0.8863,0.4538,1.1065
1.1392,20.3008,0.3761,path,2.1896,4.7600,0.0094,-1.1366,0.0769,0.3896,0.2470,0.4698
0.3769,1.4008,0.1954,combined,2.2577,5.7000,0.3769,-0.3767,0.0117,0.5944,0.3422,0.0000
1.2916,4.6810,0.5492,path,2.8156,5.2000,0.0123,-1.2596,0.2855,0.6023,0.3269,0.6120
1.1050,48.9284,0.3709,path,0.4142,6.1400,0.0203,-0.9191,0.6135,0.9324,0.4697,1.0151
0.4905,13.9245,0.0875,combined,1.5684,4.4400,0.4905,-0.4857,0.0685,0.5327,0.2338,0.0000
0.1493,0.3391,0.0626,combined,1.5238,6.6600,0.1468,-0.1488,0.0119,0.8786,0.2095,0.6056
0.4961,5.2674,0.0857,combined,1.5319,5.4400,0.4961,-0.4904,0.0752,0.4563,0.2042,0.8668
2.6987,2.1842,0.8122,path,4.1997,6.3600,0.0232,-2.4453,1.1418,0.9270,0.4360,1.1573
1.1023,28.2983,0.5296,path,2.8584,5.8800,0.0103,-0.8831,0.6598,0.7106,0.4291,0.5150
2.3189,26.8816,0.7486,path,3.7305,4.6600,0.0208,-2.1666,0.8267,0.9571,0.4523,1.1052
1.5451,25.3549,0.8275,path,2.5776,5.0600,0.0190,-1.4297,0.5858,0.9211,0.5004,0.9441
0.4766,24.2105,0.1952,path,1.1085,6.7800,0.0065,-0.2482,0.4069,0.4568,0.1689,0.3261
0.0299,3.6208,0.0783,combined,0.7192,6.4000,0.0275,-0.0040,0.0297,0.4539,0.1260,0.7561
0.0336,2.3852,0.0176,stand,0.0000,5.5800,0.0000,nan,nan,0.0665,0.0255,0.4032
1.1169,15.1415,0.6994,path,1.8461,4.5800,0.0211,-0.7605,0.8180,1.1228,0.6157,1.0547
1.5937,48.9140,0.5906,path,2.4808,4.7000,0.0226,-1.1178,1.1359,0.9563,0.5043,1.1319
0.1353,4.9078,0.0471,straight,0.6613,7.4800,0.1353,-0.1289,0.0412,0.2503,0.0969,1.0789
0.0372,13.9840,0.0418,turn,0.0000,4.4600,0.0000,nan,nan,0.1916,0.0507,0.0000
1.4321,27.3324,0.7363,path,2.8197,4.5000,0.0131,-1.3985,0.3082,0.7998,0.3849,0.6540
1.7093,9.6152,0.9937,path,3.2652,6.8400,0.0096,-1.6428,0.4722,1.0477,0.3365,0.4789
0.3757,4.9661,0.0521,lateral,1.2571,4.9400,0.3757,-0.3701,0.0650,0.4177,0.1869,1.0319
1.1851,43.1335,0.2782,path,1.8952,4.3800,0.0185,-1.0212,0.6015,0.4863,0.3072,0.9244
0.1027,10.8876,0.0355,lateral,0.8491,7.2200,0.0990,-0.1018,0.0134,0.5166,0.1164,0.0000
0.7352,45.3924,0.2435,path,0.8114,5.6400,0.0120,-0.4875,0.5503,0.6159,0.2329,0.6002
1.6665,7.3108,1.0627,path,2.6567,4.2000,0.0137,-1.2552,1.0962,1.3604,0.8979,0.6849
0.2241,10.3082,0.1609,combined,1.4320,5.7400,0.2241,-0.2220,0.0303,0.6708,0.2366,0.6876
0.0873,4.4607,0.0699,turn,0.0000,4.5200,0.0000,nan,nan,0.1556,0.0640,0.8626
0.9795,11.7710,0.4531,path,2.0339,4.4400,0.0095,-0.9777,0.0596,0.4795,0.2684,0.4728
0.6335,70.8993,0.4372,path,1.5701,5.9800,0.0240,-0.5974,0.2110,0.9632,0.4555,1.2036
0.8818,6.0615,0.3013,path,1.4966,4.2000,0.0073,-0.8816,0.0208,0.3086,0.1756,0.3640
0.1194,4.8386,0.0538,turn,0.0000,4.4000,0.0000,nan,nan,0.1743,0.0622,1.0385
0.0309,2.2917,0.0405,stand,0.0000,7.3200,0.0000,nan,nan,0.2006,0.0329,0.6232
1.4797,25.5044,0.5318,path,1.6256,5.9800,0.0174,-1.3435,0.6201,0.6445,0.3498,0.8714
0.2196,5.6105,0.2023,lateral,1.0920,4.6000,0.2196,-0.2105,0.0627,0.5462,0.1990,0.0000
0.4016,8.9122,0.0797,straight,1.9798,5.6400,0.4016,-0.4000,0.0358,0.6727,0.2929,0.3444
1.0207,46.7736,0.3573,path,1.1705,4.2400,0.0176,-0.7740,0.6654,0.5582,0.3868,0.8819
0.1530,5.2052,0.0531,combined,1.2099,5.4400,0.1530,-0.1389,0.0642,0.6765,0.1946,1.0074
1.3154,24.3125,0.4775,path,3.1324,7.0400,0.0110,-1.1693,0.6025,0.5413,0.3477,0.5518
0.0527,1.6079,0.0239,stand,0.0000,4.6800,0.0000,nan,nan,0.1025,0.0389,0.0000
0.5875,0.0035,0.1328,straight,1.6657,4.0400,0.5875,-0.5525,0.1998,0.6262,0.2873,0.3053
0.1902,6.2677,0.1009,combined,1.1090,5.0000,0.1902,-0.1809,0.0586,0.4319,0.1854,0.0000
0.0336,2.9076,0.0309,stand,0.0000,4.9000,0.0000,nan,nan,0.1064,0.0294,0.4417
0.7717,21.9560,0.3282,path,1.5844,5.1600,0.0067,-0.7420,0.2124,0.6732,0.3035,0.3345
0.0266,0.6535,0.0723,stand,0.0000,7.0000,0.0000,nan,nan,0.0864,0.0308,0.3031
1.8574,33.9921,0.8321,path,6.1691,7.3800,0.0176,-1.8356,0.2840,1.1471,0.6336,0.8796
0.1630,1.0469,0.0774,lateral,1.4180,7.0000,0.1606,-0.1556,0.0486,0.6463,0.1884,0.0000
0.1338,6.3114,0.0707,turn,0.0000,5.3600,0.0000,nan,nan,0.3244,0.1025,0.7642
0.8590,29.0354,0.3013,path,1.4756,5.6200,0.0085,-0.7612,0.3981,0.3489,0.2166,0.4247
0.2858,2.1659,0.0875,lateral,0.9035,4.5600,0.2858,-0.2835,0.0367,0.3460,0.1426,0.7895
1.8764,4.3291,0.9341,path,4.5577,5.0600,0.0217,-1.7927,0.5542,1.0350,0.6174,1.0883
0.8979,12.2599,0.4401,path,1.8245,4.3800,0.0091,-0.8937,0.0869,0.4590,0.2438,0.4561
0.2090,10.8702,0.1169,lateral,0.9427,5.6600,0.2090,-0.2076,0.0246,0.3866,0.1354,0.8410
1.0448,27.7261,0.1932,path,1.7748,4.4600,0.0171,-0.9016,0.5278,0.5037,0.2941,0.8566
0.9304,5.6970,0.2809,path,1.7963,5.2200,0.0078,-0.9236,0.1130,0.3383,0.1938,0.3901
0.0875,4.5025,0.0553,turn,0.0000,7.2800,0.0000,nan,nan,0.2623,0.0573,0.0000
2.2423,38.5822,0.6080,path,4.9427,5.8000,0.0478,-1.5051,1.6622,1.4717,0.6721,1.0373
0.1964,5.6531,0.1980,lateral,1.4707,5.0600,0.1964,-0.1749,0.0893,0.7543,0.2625,0.0000
0.1880,2.1560,0.0035,combined,0.9179,7.3800,0.1870,-0.0885,0.1658,0.6386,0.1539,0.0000
0.0824,7.5800,0.1470,straight,0.8369,4.5400,0.0824,-0.0805,0.0175,0.4769,0.1721,0.9231
1.8100,17.4192,0.4260,path,1.4356,4.8400,0.0227,-1.4060,1.1398,0.8550,0.3780,1.1377
1.4202,21.1122,0.7505,path,3.6091,7.1600,0.0182,-0.9263,1.0766,1.0565,0.5958,0.9140
1.7902,42.9706,0.7815,path,3.9782,5.4800,0.0168,-1.7010,0.5581,1.0500,0.4671,0.8384
0.1430,6.8660,0.0760,turn,0.0000,5.8000,0.0000,nan,nan,0.3173,0.0830,0.7057
0.3396,6.8263,0.0194,combined,0.9571,4.2000,0.3396,-0.3380,0.0332,0.3961,0.1267,0.0000
0.0595,8.3415,0.0363,turn,0.0000,5.9800,0.0000,nan,nan,0.3070,0.0519,0.5999
0.2005,4.0116,0.1045,straight,1.0863,6.4200,0.1997,-0.1366,0.1468,0.4814,0.1652,0.0000
1.2558,18.6878,0.4657,path,1.1862,7.8200,0.0177,-1.2556,0.0242,0.5307,0.2727,0.8843
1.2998,19.9610,0.4297,path,1.7018,5.5600,0.0167,-0.8192,1.0093,0.6604,0.3655,0.8387
0.1370,1.8775,0.0780,straight,0.8642,7.9000,0.1328,-0.1179,0.0697,0.2501,0.1039,0.3637
0.0359,0.2984,0.0254,stand,0.0000,4.1600,0.0000,nan,nan,0.1368,0.0397,0.3692
0.2462,1.2713,0.1131,straight,1.7406,5.6200,0.2450,-0.1535,0.1924,0.8405,0.2968,0.3679
1.3800,9.3158,0.3801,path,1.8547,7.8200,0.0144,-0.7344,1.1684,0.5218,0.3014,0.7198
1.6318,7.6051,0.4083,path,2.4872,5.3200,0.0149,-1.4710,0.7063,0.5916,0.2954,0.7455
0.1100,3.5269,0.0297,straight,1.8986,7.5600,0.1099,-0.0883,0.0656,0.8157,0.2620,0.3123
1.8834,42.0007,0.8945,path,5.8269,6.8400,0.0176,-1.7320,0.7397,1.2524,0.7840,0.8776
0.1630,4.2481,0.1074,lateral,1.0459,7.5400,0.1630,-0.1097,0.1205,0.3981,0.1347,0.0000
0.3103,3.0552,0.0777,combined,0.9500,4.1800,0.3103,-0.3068,0.0467,0.3539,0.1544,1.1358
1.5244,12.9598,0.6796,path,3.4559,5.0800,0.0146,-1.4878,0.3322,0.8522,0.5603,0.7303
0.1579,0.0281,0.0679,combined,0.8141,5.0600,0.1579,-0.1440,0.0649,0.3214,0.1429,0.7011
0.2727,11.3277,0.0272,turn,0.0000,7.0200,0.0000,nan,nan,0.2367,0.0875,1.0245
1.0211,1.2927,0.4749,path,3.0727,6.5400,0.0098,-1.0208,0.0261,0.5483,0.3753,0.4924
1.2451,3.2632,0.4272,path,2.6605,7.3000,0.0127,-0.9625,0.7899,0.6021,0.3351,0.6347
1.5873,19.7648,0.5195,path,3.0163,5.3200,0.0128,-1.5544,0.3215,0.5748,0.3601,0.6444
1.2453,81.5656,0.5145,path,2.8148,4.8400,0.0219,-0.9934,0.7509,1.1691,0.6151,1.1056
0.7248,16.7790,0.3462,path,1.6436,4.6000,0.0077,-0.7236,0.0422,0.5974,0.2160,0.3861
0.2028,1.9001,0.0368,straight,0.2171,6.3400,0.1711,-0.1832,0.0868,0.1031,0.0437,0.7777
1.7510,22.1398,0.7321,path,3.9942,5.1000,0.0186,-1.6525,0.5791,0.9701,0.5758,0.9326
1.0904,8.6203,0.2744,path,1.8197,4.0000,0.0098,-1.0566,0.2696,1.0965,0.3927,0.4893
1.3495,3.2418,0.3302,path,2.2901,5.3000,0.0131,-1.1793,0.6561,0.7677,0.2923,0.6539
0.2299,0.2483,0.1754,combined,1.8814,6.5000,0.2299,-0.2132,0.0860,0.6306,0.2663,0.0000
0.2389,0.0475,0.0966,lateral,0.9652,4.8600,0.2389,-0.2071,0.1191,0.4807,0.1627,0.0000
0.7106,13.2031,0.3576,path,1.6564,5.1400,0.0093,-0.6605,0.2623,0.7079,0.2341,0.4638
0.1440,9.8076,0.0666,lateral,0.3772,5.3600,0.1440,-0.1353,0.0494,0.1403,0.0555,0.7488
0.0911,4.0761,0.0228,lateral,0.7594,6.4600,0.0439,0.0910,0.0039,0.4804,0.1456,0.6419
0.3234,4.2286,0.0983,straight,1.7333,5.6000,0.3234,-0.3212,0.0374,0.6297,0.2593,0.0000
0.0883,4.8263,0.0548,straight,1.3333,6.7800,0.0883,-0.0490,0.0735,0.4931,0.2015,0.8297
0.1163,6.4678,0.0831,turn,0.0000,6.7600,0.0000,nan,nan,0.1958,0.0609,0.4401
0.1545,12.2404,0.0674,straight,1.0598,7.5400,0.1502,-0.0161,0.1537,0.4275,0.1469,0.6130
0.8463,13.6802,0.1489,path,1.4591,7.2400,0.0096,-0.5758,0.6202,1.0802,0.3346,0.4792
0.1544,4.1221,0.0810,combined,1.7639,7.0000,0.1544,-0.1194,0.0978,0.7680,0.2638,0.9325
1.7650,18.1676,0.5395,path,1.7883,5.5800,0.0219,-1.5342,0.8726,0.7242,0.3280,1.0973
0.0674,1.8273,0.0369,combined,0.4662,7.6800,0.0674,-0.0669,0.0082,0.2544,0.0751,0.3284
1.5455,50.5702,0.8204,path,1.5801,4.6800,0.0233,-0.9173,1.2438,1.0374,0.5270,1.1656
1.4736,16.3268,0.3900,path,2.7427,6.3000,0.0138,-1.1067,0.9731,0.5914,0.3129,0.6916
0.1067,3.8075,0.0238,lateral,0.1554,7.0200,0.0867,0.0258,0.1035,0.1207,0.0533,0.0000
0.1348,11.4631,0.0295,straight,0.0151,7.7800,0.0069,0.0973,0.0934,0.1185,0.0482,0.6034
0.3187,4.4035,0.0166,lateral,0.9364,4.8800,0.3187,-0.3170,0.0335,0.4040,0.1340,0.8088
2.1182,20.3616,1.1454,path,5.5793,4.8000,0.0233,-2.0771,0.4152,1.3243,0.8260,1.1624
1.6373,22.1510,0.4456,path,2.8573,5.1600,0.0199,-1.3054,0.9882,0.7963,0.4185,0.9953
1.7962,8.0096,0.6740,path,3.4869,6.1200,0.0138,-1.7477,0.4145,0.8060,0.3404,0.6909
1.6443,7.9767,0.6087,path,2.8559,6.3600,0.0130,-1.6436,0.0476,0.6484,0.2696,0.6501
0.1672,3.6076,0.0099,straight,0.5399,7.3200,0.1611,-0.0980,0.1355,0.2024,0.0796,0.7244
0.0130,0.4893,0.0297,stand,0.0000,6.6800,0.0000,nan,nan,0.1036,0.0324,0.0000
1.5364,31.0319,0.4472,path,1.9661,6.2000,0.0166,-1.5281,0.1600,0.5504,0.2184,0.8335
0.8955,14.9753,0.4128,path,1.8988,4.8200,0.0089,-0.8397,0.3112,0.8173,0.4457,0.4469
0.1191,10.6711,0.0638,turn,0.0000,5.5600,0.0000,nan,nan,0.1384,0.0589,0.0000
0.1141,0.4504,0.1174,combined,1.4750,6.6600,0.1141,-0.1140,0.0054,0.7673,0.2325,0.3782
0.2677,1.9688,0.1442,combined,2.2209,5.3200,0.2677,-0.2676,0.0091,0.7905,0.3768,0.0000
1.8051,18.4504,0.8271,path,3.9238,5.2800,0.0175,-1.6344,0.7662,1.0877,0.5994,0.8719
0.2015,4.0681,0.0445,lateral,0.6274,7.9000,0.1765,-0.1933,0.0569,0.2652,0.0801,1.0006
1.4376,7.2249,0.7618,path,4.5313,6.1600,0.0149,-1.4308,0.1397,1.0424,0.6733,0.7417
0.5462,16.0471,0.2464,path,1.4194,5.9000,0.0081,-0.4676,0.2824,0.7602,0.2417,0.4048
0.0512,11.9831,0.0115,turn,0.0000,6.7400,0.0000,nan,nan,0.1901,0.0594,0.0000
0.3137,3.5888,0.0225,lateral,1.1927,5.3000,0.3116,-0.3134,0.0127,0.4851,0.1703,0.4617
0.1229,3.7103,0.0748,combined,1.0041,5.2800,0.1210,-0.1207,0.0230,0.4440,0.1450,0.0000
0.9281,26.7175,0.0970,path,5.0463,7.4800,0.0210,-0.8355,0.4040,1.3804,0.6773,1.0029
1.4751,34.9506,0.2286,path,1.2723,5.5200,0.0238,-0.6952,1.3010,0.7219,0.3818,1.1890
0.4110,4.3910,0.1082,combined,1.7412,6.1400,0.4110,-0.3611,0.1963,0.7546,0.2629,0.5461
0.2938,9.3114,0.0646,combined,2.1169,5.4000,0.2938,-0.2671,0.1223,0.8135,0.3535,1.0192
2.5900,3.8829,0.7989,path,5.1565,6.6400,0.0198,-2.4922,0.7053,0.8706,0.4581,0.9887
0.1227,2.0585,0.0140,lateral,0.6651,5.4800,0.1141,-0.0692,0.1013,0.3520,0.1228,0.8107
1.1521,16.7320,0.3995,path,2.9040,6.1800,0.0096,-1.1169,0.2825,0.4924,0.3069,0.4814
1.4894,10.5593,0.5414,path,4.1133,7.1400,0.0127,-1.4067,0.4893,0.6916,0.4177,0.6326
0.0125,2.7826,0.0548,stand,0.0000,7.1000,0.0000,nan,nan,0.0839,0.0282,0.7302
1.4837,8.2182,0.4364,path,3.7826,7.3800,0.0104,-1.4836,0.0058,0.7154,0.4082,0.5177
0.1617,11.2739,0.0207,lateral,0.9029,5.4200,0.1617,-0.1616,0.0045,0.4935,0.1408,0.0000
0.3054,4.6473,0.0421,combined,2.1142,7.1800,0.3048,-0.1903,0.2389,0.8820,0.2836,0.5721
0.0186,7.2153,0.0346,combined,2.0275,7.8800,0.0159,0.0181,0.0042,1.1877,0.2890,0.8327
0.7691,34.8287,0.2645,path,0.4035,7.4200,0.0114,-0.7379,0.2168,0.3890,0.2376,0.5714
1.6982,5.7183,0.6966,path,5.4328,7.9200,0.0182,-1.0438,1.3396,0.9978,0.6288,0.8649
0.0847,5.1317,0.0408,turn,0.0000,7.9600,0.0000,nan,nan,0.1511,0.0579,0.0000
1.4672,15.2223,0.4590,path,2.9631,6.6800,0.0132,-1.2978,0.6843,0.6863,0.3308,0.6622
1.4750,0.3667,0.4179,path,0.8488,6.8200,0.0214,-1.1920,0.8687,0.6543,0.3819,1.0665
0.1668,1.6333,0.1301,combined,2.0094,6.4600,0.1668,-0.1643,0.0291,0.6586,0.2842,0.0000
1.1309,37.6652,0.4896,path,3.6734,6.9000,0.0107,-1.0597,0.3949,0.8016,0.4100,0.6006
0.8969,1.5394,0.3204,path,2.0057,5.7000,0.0073,-0.8964,0.0321,0.5289,0.2717,0.3632
0.2131,8.8998,0.0654,combined,1.0544,6.6200,0.2131,-0.2130,0.0074,0.6312,0.1703,0.0000
1.7770,6.6312,0.8631,path,4.3561,6.7000,0.0204,-1.7178,0.4547,1.1188,0.6608,1.0167
0.7947,31.1180,0.2726,path,2.4336,7.0200,0.0093,-0.6602,0.4423,0.8165,0.3149,0.4652
0.1346,1.4350,0.0199,turn,0.0000,6.5200,0.0000,nan,nan,0.2615,0.0620,0.8674
2.0064,7.8061,0.5272,path,6.1793,7.7400,0.0183,-1.8638,0.7430,1.0911,0.5889,0.9206
0.9386,0.1859,0.3556,path,0.7108,7.4200,0.0164,0.9212,0.1800,0.9439,0.4351,0.8210
1.3449,7.2416,0.2813,path,2.5634,7.2000,0.0090,-1.3075,0.3149,0.6618,0.2033,0.4521
1.5425,31.4522,0.3032,path,3.0182,4.4200,0.0187,-1.4355,0.5643,0.7770,0.4248,0.9306
0.1037,9.4491,0.0280,turn,0.0000,6.9400,0.0000,nan,nan,0.1338,0.0531,0.8813
1.2961,18.0202,0.4585,path,2.4836,6.3200,0.0124,-1.1825,0.5306,0.5120,0.2847,0.6186
1.6401,24.2877,0.7418,path,2.3280,6.7800,0.0200,-1.6277,0.2008,0.8564,0.3756,1.0018
0.1484,6.9228,0.0727,combined,1.2950,7.7800,0.1484,-0.1285,0.0743,0.3631,0.1446,0.4028
2.0579,0.2182,0.4396,path,2.0052,7.5600,0.0229,-1.0271,1.7833,0.7451,0.4641,1.1453
0.0082,2.9165,0.0174,stand,0.0000,7.9400,0.0000,nan,nan,0.0727,0.0287,0.4342
0.1950,1.3861,0.0041,straight,1.3848,7.0400,0.1925,-0.1892,0.0472,0.4562,0.1797,0.5903
0.1455,0.8340,0.0949,combined,0.5658,7.8200,0.1427,-0.1356,0.0527,0.2516,0.0795,0.7673
1.4720,37.0482,0.4311,path,2.0664,7.1400,0.0151,-1.0040,1.0764,0.9148,0.3999,0.8022
1.2100,7.9295,0.4431,path,2.5205,6.1000,0.0095,-1.2044,0.1163,0.5409,0.3023,0.4782
1.9973,20.3838,0.7713,path,5.5728,6.4000,0.0207,-1.8222,0.8178,1.1975,0.6814,1.0363
1.2066,30.1701,0.4430,path,1.3179,5.2800,0.0065,-1.0366,0.6175,0.8456,0.2360,0.3269
2.4742,14.7401,0.9268,path,6.5021,7.6000,0.0219,-2.1659,1.1961,1.0169,0.6286,1.0940
0.1412,5.8634,0.1250,straight,0.2404,4.6000,0.1393,-0.0899,0.1089,0.1421,0.0627,0.5611
0.1732,11.0798,0.0620,combined,2.2199,6.7400,0.1732,-0.1729,0.0097,0.7557,0.3127,1.1365
0.3064,7.4235,0.0906,combined,1.8981,5.6400,0.3064,-0.3064,0.0046,0.7317,0.2898,1.0650
1.7273,18.4442,0.5699,path,5.3414,6.9400,0.0156,-1.7214,0.1429,1.3354,0.5559,0.7767
0.2702,13.9024,0.0576,straight,0.1977,7.6200,0.0681,0.1813,0.2004,0.1777,0.0768,1.0357
1.0020,34.7703,0.3369,path,0.6525,7.5600,0.0194,-0.9030,0.4342,0.9264,0.3390,0.9702
0.0324,0.4394,0.0353,straight,0.2220,5.3600,0.0324,-0.0155,0.0285,0.1927,0.0706,0.0000
0.2175,8.9019,0.0359,turn,0.0000,7.5000,0.0000,nan,nan,0.1230,0.0540,0.4364
0.3271,7.4207,0.1625,straight,1.8798,4.8000,0.3271,-0.3193,0.0708,0.7000,0.3348,0.9028
1.1829,32.2494,0.3474,path,1.0809,6.6800,0.0171,-1.1735,0.1483,0.4984,0.2846,0.8577
0.1340,11.3559,0.0235,combined,1.1206,7.4800,0.1340,-0.1318,0.0241,0.5770,0.1384,0.4275
0.0762,3.1267,0.0399,straight,1.0521,7.8400,0.0662,-0.0510,0.0565,0.4794,0.1499,0.4430
0.1611,2.3244,0.0307,lateral,1.2011,7.6200,0.1585,-0.0857,0.1364,0.5668,0.1583,1.0117
0.1414,7.8431,0.1397,turn,0.0000,6.5800,0.0000,nan,nan,0.1345,0.0550,0.0000
0.0676,17.0700,0.0248,straight,1.2716,7.0200,0.0676,-0.0674,0.0051,0.4942,0.1840,0.3174
0.0860,0.9709,0.0252,turn,0.0000,6.5600,0.0000,nan,nan,0.1273,0.0551,0.0000
1.6813,24.9943,0.4605,path,3.6239,4.9200,0.0213,-1.5779,0.5806,1.0172,0.5129,1.0805
0.2633,5.3510,0.0845,combined,1.9683,7.8400,0.2633,-0.2633,0.0040,0.7850,0.2315,0.9360
0.4119,35.5387,0.0648,path,0.9234,7.1000,0.0151,0.3537,0.2111,0.5269,0.2711,0.7549
1.0048,8.6272,0.3703,path,1.8857,7.2600,0.0100,-0.8482,0.5386,0.6050,0.2322,0.4983
0.7275,5.5279,0.2495,path,1.5811,4.6000,0.0069,-0.7244,0.0667,0.3500,0.2293,0.3438
0.2956,36.7744,0.0416,path,0.9789,4.0400,0.0195,0.2950,0.0193,0.8406,0.3123,0.9705
0.6589,3.4757,0.2944,path,2.4420,7.8800,0.0070,-0.6336,0.1807,0.4913,0.3152,0.3519
1.8388,28.0862,0.8715,path,4.1989,5.2000,0.0178,-1.7433,0.5849,0.9784,0.5596,0.8876
0.0745,10.2326,0.0509,straight,0.8795,5.6800,0.0233,0.0700,0.0255,0.4474,0.1813,0.9269
1.7785,1.0663,0.3514,path,2.3766,7.4000,0.0196,-0.7847,1.5960,0.6867,0.4113,0.9790
1.5996,3.9798,0.4471,path,1.7300,4.0600,0.0253,-1.0537,1.2034,1.1754,0.5234,1.2680
0.2038,1.7046,0.0681,lateral,1.4584,7.4000,0.2038,-0.1901,0.0734,0.5870,0.1766,0.8334
0.3627,7.5623,0.0982,combined,1.5127,5.0000,0.3627,-0.3627,0.0006,0.5674,0.2416,0.6385
1.5076,44.5376,0.7027,path,4.0661,4.8800,0.0187,-1.3496,0.6720,1.0352,0.6194,0.9338
0.3068,3.7308,0.1540,straight,0.7569,4.0400,0.3068,-0.3067,0.0063,0.2630,0.1248,0.8668
0.8833,5.5780,0.3179,path,1.8847,7.7400,0.0118,-0.3750,0.7997,0.4980,0.3261,0.5943
2.9791,36.7165,0.8573,path,5.7406,7.2600,0.0106,-2.5974,1.4589,1.0331,0.5370,1.0626
0.1205,32.6100,0.0895,path,1.6329,7.5800,0.0222,0.1077,0.0542,0.9359,0.4106,1.1146
0.1229,7.8705,0.0577,combined,1.2685,7.4600,0.1204,-0.0038,0.1229,0.4577,0.1938,0.5896
0.3417,6.9465,0.0786,combined,1.4530,7.4600,0.3417,-0.2667,0.2136,0.5799,0.1915,0.3400
0.2335,1.0343,0.0910,combined,1.1372,7.3000,0.2335,-0.2073,0.1073,0.3659,0.1484,1.0086
0.0783,5.9172,0.0388,lateral,0.7679,6.5200,0.0783,-0.0676,0.0395,0.5005,0.1192,1.2029
0.0635,0.2349,0.0450,lateral,0.1235,7.3200,0.0232,-0.0454,0.0444,0.1740,0.0571,0.7327
1.4074,6.8787,0.5710,path,2.7950,5.0400,0.0133,-1.3763,0.2942,0.5959,0.3058,0.6649
1.7073,24.9174,0.5849,path,2.8226,4.6600,0.0242,-1.1351,1.2753,1.0449,0.5983,1.2068
0.7810,32.0965,0.2949,path,1.2731,4.1200,0.0164,-0.5101,0.5914,0.8983,0.4577,0.8241
0.0781,5.7212,0.0923,turn,0.0000,5.3200,0.0000,nan,nan,0.1391,0.0650,0.7472
0.1138,1.0147,0.0514,turn,0.0000,4.8000,0.0000,nan,nan,0.1896,0.0581,0.8255
0.1681,12.6430,0.0509,turn,0.0000,7.9400,0.0000,nan,nan,0.1717,0.0548,0.5406
1.5804,25.8243,0.8932,path,5.2231,7.6200,0.0152,-1.3653,0.7962,1.1383,0.7080,0.7603
1.0796,14.2039,0.2698,path,1.1939,7.5800,0.0105,-0.7601,0.7666,0.4705,0.2441,0.5237
1.2478,10.1630,0.2232,path,1.6351,7.7200,0.0119,-0.8144,0.9454,0.5164,0.2548,0.5927
0.4417,2.4396,0.1180,lateral,1.4224,4.1800,0.4417,-0.4396,0.0430,0.5657,0.2384,1.0319
1.2777,5.3621,0.3571,path,2.5622,5.6800,0.0113,-1.2130,0.4015,0.4941,0.2855,0.5628
1.7888,13.3097,1.0075,path,3.7014,4.0400,0.0187,-1.7820,0.1558,1.1423,0.5267,0.9306
1.0604,52.6300,0.4002,path,2.3509,4.5200,0.0119,-1.0212,0.2857,0.5278,0.3440,0.5940
1.8283,19.6382,0.6515,path,4.0271,4.9200,0.0175,-1.7856,0.3928,0.8969,0.4607,0.8770
2.2792,41.5764,1.5261,path,4.4622,4.7600,0.0226,-2.1905,0.6297,1.4718,0.5879,1.1264
0.9212,17.5323,0.4601,path,2.1031,5.3600,0.0080,-0.8870,0.2484,1.0412,0.3476,0.3993
1.3210,10.1457,0.0435,path,2.2711,6.8000,0.0072,-1.3035,0.2143,0.7693,0.2249,0.3576
2.4209,38.0725,0.6248,path,4.2089,4.3800,0.0240,-2.4201,0.0645,0.9952,0.4225,1.1666
0.1672,3.2468,0.0279,combined,0.6767,6.5400,0.1672,-0.1665,0.0145,0.2902,0.0823,0.5360
1.2569,13.6467,0.5026,path,2.3632,4.3400,0.0117,-1.2569,0.0058,0.5520,0.2764,0.5420
0.7376,46.1222,0.3155,path,1.9248,7.7600,0.0048,-0.2988,0.6744,0.6597,0.2807,0.3825
0.0535,5.6330,0.0254,stand,0.0000,4.5000,0.0000,nan,nan,0.1609,0.0434,0.6876
2.3536,13.8630,0.8759,path,5.1590,4.7000,0.0238,-2.3484,0.1562,1.1930,0.7093,1.2722
0.1106,1.8777,0.0231,lateral,0.6463,6.4600,0.1095,-0.1053,0.0338,0.3710,0.1019,0.0000
0.2149,10.9848,0.0436,combined,1.0326,6.2600,0.2143,-0.1950,0.0903,0.4485,0.1674,1.0147
1.5264,57.1650,0.7178,path,4.0796,5.4400,0.0178,-1.4798,0.3746,0.9350,0.5394,0.8953
0.3187,4.7208,0.0932,combined,1.1298,7.2400,0.3187,-0.2786,0.1548,0.3525,0.1490,0.8393
2.3782,8.6518,1.1401,path,5.6526,5.0800,0.0219,-2.3551,0.3312,1.1961,0.7106,1.1598
0.3328,0.7023,0.0867,combined,1.5854,7.0600,0.3278,-0.3307,0.0374,0.7137,0.1879,0.4234
1.2206,19.1741,0.5290,path,3.1349,6.4000,0.0151,-0.9004,0.8241,0.7828,0.4687,0.7534
1.9819,33.7265,0.5769,path,1.9361,6.7000,0.0204,-1.9409,0.4012,0.8363,0.3915,1.0226
0.0232,3.6520,0.0215,stand,0.0000,4.2000,0.0000,nan,nan,0.0654,0.0287,0.0000
0.0408,0.2065,0.0798,turn,0.0000,5.6600,0.0000,nan,nan,0.1395,0.0538,0.4897
0.0299,5.2187,0.0743,straight,0.8327,7.4000,0.0284,-0.0209,0.0214,0.3708,0.1276,0.0000
0.2392,2.3758,0.0768,straight,0.6584,4.4600,0.2392,-0.2353,0.0432,0.2318,0.1139,0.0000
1.5284,0.9558,1.0819,path,4.1358,4.4200,0.0201,-1.5283,0.0167,1.4017,0.9561,1.0053
0.8903,13.6626,0.3433,path,1.5214,4.3600,0.0070,-0.8903,0.0074,0.4532,0.2523,0.3523
1.6490,2.6818,0.5572,path,2.8447,4.4200,0.0192,-1.5449,0.5768,0.5703,0.3219,0.9580
2.1727,11.2204,0.6576,path,5.3717,6.1600,0.0221,-1.9080,1.0393,1.0008,0.6314,1.1057
0.2084,1.4239,0.0527,combined,0.3422,4.1200,0.2066,-0.1954,0.0726,0.2394,0.0738,1.1358
1.9064,33.0911,0.7051,path,3.4738,4.4400,0.0204,-1.8126,0.5906,0.9439,0.5084,1.0210
1.0370,23.0333,0.5627,path,2.3133,5.3600,0.0094,-1.0273,0.1417,0.6794,0.2698,0.5846
0.2375,3.3348,0.2138,combined,1.9417,4.4200,0.2375,-0.2373,0.0076,0.9601,0.4383,0.0000
0.1150,0.9519,0.0814,combined,0.6343,4.5400,0.1150,-0.1000,0.0568,0.2437,0.1092,0.9231
2.4047,57.0614,0.9907,path,4.7670,5.0200,0.0203,-2.3822,0.3281,1.0502,0.4771,1.0193
0.7557,55.2187,0.2408,path,1.1755,5.2600,0.0114,-0.5535,0.5145,0.5976,0.2939,0.5699
1.0142,33.9824,0.2703,path,1.8743,4.8000,0.0093,-0.9481,0.3603,0.4906,0.2516,0.4633
0.1017,6.0139,0.0499,lateral,0.1068,5.5000,0.0479,0.0348,0.0955,0.1683,0.0571,0.6056
1.6766,26.6354,0.5805,path,4.1178,7.0600,0.0128,-1.6079,0.4753,0.9225,0.4216,0.6407
1.6527,21.0922,0.9890,path,3.4251,4.6600,0.0214,-1.3573,0.9431,1.0997,0.5749,1.0737
0.1917,1.1917,0.1059,combined,1.9277,6.3600,0.1917,-0.0712,0.1780,0.9200,0.3329,0.8578
1.3817,9.8181,0.3439,path,2.9831,5.7800,0.0233,-0.8108,1.1188,1.0855,0.5198,1.1722
0.3330,16.0472,0.0456,combined,1.0225,5.0800,0.3330,-0.3178,0.0996,0.2993,0.1491,0.6232
1.4037,41.6905,0.4751,path,3.2487,6.2600,0.0129,-1.2365,0.6644,0.7481,0.3821,0.6438
1.2367,18.1335,0.5419,path,3.5572,6.2000,0.0123,-1.1713,0.3969,0.6917,0.4061,0.6157
0.4675,3.0578,0.1159,lateral,1.3858,4.9400,0.4675,-0.4661,0.0357,0.5036,0.1934,0.4417
1.4150,19.7508,0.8450,path,2.9877,5.0400,0.0193,-1.0425,0.9568,0.9736,0.5634,0.9655
0.1738,7.6248,0.0375,lateral,0.4207,5.4800,0.1738,-0.1500,0.0878,0.1683,0.0621,0.0000
1.7826,23.4011,0.5721,path,3.6508,4.9600,0.0232,-1.5190,0.9329,1.0511,0.6608,1.1622
0.8342,13.6528,0.3605,path,1.8253,5.5400,0.0025,-0.7986,0.2411,1.0673,0.2582,0.4076
2.7721,1.3402,0.7658,path,4.6154,4.9200,0.0203,-2.7620,0.2360,0.9802,0.4977,1.0147
0.2677,6.5368,0.0426,straight,1.1110,5.1200,0.0117,0.2673,0.0151,0.6406,0.2855,0.7642
1.3034,27.6330,0.5014,path,2.0803,4.2400,0.0126,-1.2106,0.4831,0.6172,0.3557,0.6283
1.5828,38.9137,0.4445,path,2.5677,4.8200,0.0143,-1.5544,0.2982,0.6318,0.2887,0.7163
0.0280,2.5638,0.0429,stand,0.0000,4.4600,0.0000,nan,nan,0.1010,0.0360,0.0000
1.4071,121.8230,0.9766,path,4.3361,5.2000,0.0170,-1.3421,0.4227,1.1222,0.5964,0.9741
0.1767,9.8548,0.0130,combined,1.6527,6.9000,0.1762,-0.1715,0.0425,0.5214,0.2063,0.6680
2.0926,24.4150,1.0368,path,4.6256,4.9000,0.0216,-2.0372,0.4783,1.0825,0.5816,1.0718
0.8155,30.9390,0.2000,path,0.7649,5.0400,0.0152,-0.5729,0.5804,0.4020,0.1868,0.7577
0.0457,7.2456,0.0549,lateral,0.4148,5.2400,0.0446,-0.0452,0.0067,0.2102,0.0790,0.8410
0.4439,13.2854,0.1421,combined,2.3747,4.8600,0.4439,-0.1953,0.3986,1.2100,0.4898,1.0245
0.0914,2.1529,0.0209,turn,0.0000,4.1200,0.0000,nan,nan,0.2650,0.0730,1.0006
2.2594,7.1987,1.3597,path,4.7612,4.4600,0.0228,-2.2000,0.5148,1.7743,0.6257,1.1399
0.5642,20.9423,0.1414,path,2.7057,5.5600,0.0168,-0.2300,0.5151,0.8324,0.4392,0.8366
1.2039,1.1435,0.3625,path,2.9029,7.5400,0.0085,-1.1885,0.1921,0.5490,0.2627,0.4250
0.0407,7.9240,0.0357,turn,0.0000,4.3600,0.0000,nan,nan,0.1465,0.0605,0.0000
0.7439,12.0590,0.2789,path,1.5060,7.9800,0.0070,-0.3129,0.6749,0.4340,0.2476,0.3512
0.1541,3.0195,0.0382,straight,0.7206,4.6600,0.1541,-0.1339,0.0763,0.2941,0.1382,0.3284
2.3159,2.9918,0.6934,path,4.0840,6.9000,0.0207,-1.9582,1.2365,0.7801,0.4163,1.0325
1.4143,7.2036,0.2074,path,2.5128,6.7200,0.0144,-1.1098,0.8766,0.6375,0.2770,0.7212
1.3836,15.9244,0.3220,path,2.4985,6.8200,0.0081,-1.3540,0.2846,0.8855,0.2806,0.4071
0.3013,2.6206,0.0307,combined,1.1070,5.0000,0.3013,-0.2995,0.0334,0.3787,0.1700,0.0000
0.1406,11.3814,0.0799,straight,0.4568,4.1000,0.1406,-0.1406,0.0005,0.1818,0.0944,0.0000
0.5450,6.0958,0.1194,straight,1.5967,4.2000,0.5450,-0.5340,0.1087,0.6067,0.2638,0.8107
0.8584,29.9252,0.2701,path,1.5267,4.6400,0.0081,-0.8527,0.0986,1.2759,0.3607,0.4046
0.0321,2.6783,0.0274,stand,0.0000,5.6400,0.0000,nan,nan,0.1259,0.0282,0.7895
1.0553,1.5175,0.2719,path,1.9829,4.6600,0.0087,-1.0548,0.0324,0.6330,0.2318,0.4323
1.2403,23.0636,0.4288,path,2.3859,5.6000,0.0088,-1.2164,0.2421,0.4290,0.2578,0.4399
1.6190,14.9510,0.6550,path,4.0170,6.6400,0.0127,-1.5313,0.5256,0.9364,0.5193,0.6374
0.9476,9.3935,0.3142,path,1.9227,5.2000,0.0104,-0.8438,0.4313,0.7032,0.3949,0.5197
0.2116,8.5052,0.0589,straight,0.9835,4.1200,0.2116,-0.1912,0.0909,0.3721,0.2003,0.5721
1.3288,24.2836,0.1256,path,2.5816,5.2800,0.0130,-1.1996,0.5718,0.9042,0.3549,0.6524
0.0229,9.2174,0.0859,straight,0.3498,5.6400,0.0028,0.0209,0.0094,0.1949,0.0840,0.7057
0.5702,11.2549,0.1572,straight,1.9882,4.1200,0.5702,-0.5672,0.0584,0.6791,0.3543,0.0000
0.0756,3.5682,0.0829,straight,1.7667,7.7400,0.0627,0.0045,0.0754,0.6882,0.2476,1.1974
0.0118,1.4219,0.0213,stand,0.0000,4.0200,0.0000,nan,nan,0.1196,0.0353,0.0000
0.0450,0.1747,0.0284,stand,0.0000,5.8000,0.0000,nan,nan,0.0775,0.0316,0.0000
0.0795,3.4639,0.0482,straight,1.8594,7.4600,0.0331,0.0743,0.0283,0.9364,0.2708,0.3692
1.6544,7.7194,0.5874,path,4.3202,7.6400,0.0122,-1.6446,0.1795,0.7118,0.3850,0.6098
0.0943,15.6065,0.0758,straight,0.9217,6.5400,0.0943,-0.0934,0.0125,0.3036,0.1362,1.0789
0.1204,12.9378,0.0246,turn,0.0000,7.4800,0.0000,nan,nan,0.2018,0.0543,0.3131
2.2599,5.4341,0.4770,path,3.9138,7.8800,0.0210,-1.4743,1.7129,1.0442,0.4695,1.0497
0.0527,2.8231,0.0538,turn,0.0000,6.0600,0.0000,nan,nan,0.3995,0.0721,0.3031
1.0422,0.1023,0.2860,path,1.8796,5.2400,0.0083,-1.0230,0.1989,0.3653,0.2004,0.4178
0.5030,7.7880,0.1569,combined,1.9409,4.3200,0.5030,-0.4966,0.0798,0.7215,0.3590,0.0000
2.1181,9.5743,0.5686,path,2.8948,4.1000,0.0240,-2.0870,0.3618,0.6669,0.2810,1.2072
0.0243,5.1438,0.0756,turn,0.0000,5.4400,0.0000,nan,nan,0.1136,0.0428,0.0000
0.1389,0.0181,0.0202,turn,0.0000,5.8200,0.0000,nan,nan,0.1720,0.0635,0.3679
0.1028,11.3710,0.0882,turn,0.0000,6.0400,0.0000,nan,nan,0.1980,0.0554,0.0000
1.9653,13.3116,0.8380,path,3.8497,6.4800,0.0250,-1.4023,1.3770,0.9321,0.6167,1.2507
0.2974,15.6178,0.1085,combined,2.0810,5.8200,0.2974,-0.2875,0.0762,0.9852,0.3032,0.7011
0.3537,0.9242,0.0777,straight,1.6610,4.1200,0.3537,-0.3405,0.0958,0.6335,0.3340,0.7673
1.3845,5.5697,0.3723,path,2.7787,7.5000,0.0083,-1.3766,0.1476,0.4004,0.2168,0.4174
1.9979,18.1930,0.8765,path,4.9307,6.4000,0.0170,-1.9220,0.5456,0.8568,0.5320,0.8493
0.9221,71.2960,0.4094,path,2.3188,7.3400,0.0212,-0.6432,0.6608,0.9833,0.5365,1.0611
0.0709,7.4309,0.0233,combined,0.1902,5.3800,0.0213,0.0528,0.0474,0.1549,0.0657,0.8088
1.2853,45.1406,0.4828,path,2.0137,7.1800,0.0185,-0.3103,1.2473,0.9810,0.4984,0.9235
0.0239,1.4787,0.0332,stand,0.0000,6.9800,0.0000,nan,nan,0.0697,0.0255,0.4032
0.2282,0.1312,0.0764,combined,0.9262,5.7200,0.2282,-0.2250,0.0381,0.4996,0.1480,0.7488
1.7020,9.0505,0.6876,path,1.7483,7.1400,0.0246,0.0099,1.7020,1.0535,0.6188,1.2306
2.0209,10.3109,0.9478,path,2.7142,7.9800,0.0188,-1.9423,0.5582,1.0426,0.4228,0.9439
0.0841,2.5697,0.0511,lateral,0.8880,5.1200,0.0836,-0.0744,0.0393,0.4536,0.1646,0.0000
0.4002,11.3091,0.1835,combined,1.4103,4.1400,0.4002,-0.3927,0.0771,0.4420,0.2575,1.1365
0.0853,4.6618,0.0892,lateral,1.3928,6.4600,0.0853,-0.0828,0.0202,0.7605,0.2084,0.0000
0.0627,4.6201,0.0312,turn,0.0000,7.9800,0.0000,nan,nan,0.1116,0.0478,0.3211
0.0302,3.2189,0.0351,stand,0.0000,6.1400,0.0000,nan,nan,0.0736,0.0325,0.3123
0.2345,0.8364,0.0567,straight,0.7007,7.2000,0.2345,-0.2216,0.0767,0.1892,0.0842,0.7561
0.0269,1.1744,0.0589,stand,0.0000,7.5400,0.0000,nan,nan,0.0808,0.0283,0.8590
0.1738,1.5868,0.1432,combined,1.6571,5.7400,0.1738,-0.1690,0.0405,0.7624,0.2830,0.9325
0.0466,4.5343,0.0793,straight,0.0788,6.8600,0.0317,-0.0466,0.0009,0.1264,0.0497,0.8626
1.8075,0.3178,0.9232,path,5.3616,6.0400,0.0198,-1.7552,0.4316,1.0815,0.7234,0.9677
0.1915,3.5365,0.0557,turn,0.0000,6.5000,0.0000,nan,nan,0.1633,0.0541,0.0000
1.0635,29.4162,0.4925,path,3.5843,7.2800,0.0104,-0.9836,0.4044,0.8508,0.4584,0.5200
1.4561,15.0476,0.5142,path,2.2193,6.4600,0.0197,-0.8502,1.1821,0.7958,0.4678,0.9840
0.1268,15.2866,0.0476,turn,0.0000,7.0800,0.0000,nan,nan,0.2542,0.0574,0.0000
0.0253,0.3440,0.0343,stand,0.0000,7.5600,0.0000,nan,nan,0.1954,0.0347,0.0000
0.1757,6.1306,0.0268,turn,0.0000,5.8000,0.0000,nan,nan,0.2049,0.0690,0.6034
1.3965,33.8229,0.5179,path,1.4834,7.8000,0.0192,-0.6440,1.2391,0.7386,0.4545,0.9567
2.1035,16.6861,0.9762,path,4.1441,5.7600,0.0174,-2.0621,0.4152,0.9913,0.4329,0.8738
1.8486,34.4041,0.0670,path,1.9250,6.2600,0.0075,-1.8485,0.0169,0.5823,0.1078,0.3735
0.0598,9.7451,0.0487,straight,0.9744,6.0200,0.0560,-0.0112,0.0587,0.3232,0.1682,0.8297
0.0875,0.2050,0.0582,turn,0.0000,6.0000,0.0000,nan,nan,0.1791,0.0686,0.6130
0.0473,5.6655,0.0318,turn,0.0000,6.2600,0.0000,nan,nan,0.1143,0.0459,0.7777
1.4401,17.4948,0.4717,path,2.9104,6.1600,0.0147,-1.1987,0.7980,0.6507,0.3888,0.7348
0.7355,26.0130,0.3009,path,1.8210,6.4200,0.0081,-0.4251,0.6002,0.6796,0.3065,0.4968
1.4986,7.9363,0.3755,path,2.4757,4.9000,0.0101,-1.4901,0.1589,0.5717,0.2259,0.5054
0.0156,0.5264,0.0071,stand,0.0000,7.0800,0.0000,nan,nan,0.0793,0.0275,1.0385
0.7174,33.8306,0.1398,path,5.1220,7.7200,0.0208,-0.1658,0.6980,1.1303,0.6761,1.0136
1.0301,2.4357,0.3175,path,2.2054,6.5800,0.0068,-1.0293,0.0401,0.4223,0.1941,0.3408
1.3531,74.5115,0.9019,path,3.3349,4.7000,0.0243,-1.2785,0.4432,1.0980,0.5007,1.2041
0.0406,7.8661,0.0914,combined,0.6615,4.3200,0.0406,-0.0349,0.0208,0.4180,0.1485,0.4430
0.1202,8.2361,0.0705,straight,0.9086,7.0800,0.0990,0.0051,0.1201,0.3850,0.1438,1.0074
1.1470,23.7814,0.2630,path,1.6931,4.0800,0.0091,-1.1413,0.1139,0.3015,0.1513,0.4543
1.3070,22.4136,0.6432,path,2.6089,5.3200,0.0236,-0.5949,1.1638,1.0050,0.6349,1.1794
0.0334,3.2534,0.0437,combined,0.4842,4.4000,0.0334,-0.0118,0.0313,0.3534,0.1039,1.0117
0.1564,9.3267,0.1059,straight,1.2467,6.8600,0.1564,-0.1549,0.0215,0.3940,0.1675,0.5999
0.2719,4.8727,0.1211,combined,1.7861,7.9400,0.2718,-0.2582,0.0851,0.6233,0.2117,0.0000
2.1667,13.3668,0.6674,path,2.4294,6.7200,0.0245,-1.1048,1.8638,0.8748,0.5298,1.2263
0.2351,1.1855,0.0252,combined,1.8514,6.0800,0.2351,-0.2276,0.0592,0.7065,0.2550,0.0000
0.0997,0.3644,0.0462,lateral,0.0967,7.3200,0.0324,0.0670,0.0739,0.1484,0.0628,0.3444
0.1511,5.5119,0.0762,turn,0.0000,7.2800,0.0000,nan,nan,0.2278,0.0609,0.0000
1.2718,4.1558,0.5423,path,3.0039,5.9000,0.0112,-1.2137,0.3800,0.7158,0.3541,0.5578
1.5694,7.9795,0.3422,path,1.6248,6.1400,0.0223,-1.1777,1.0373,0.5700,0.3147,1.1121
0.1909,2.5313,0.0500,straight,0.3780,4.7800,0.1526,-0.0024,0.1909,0.2300,0.0991,1.0357
1.1482,52.0865,0.9324,path,3.6132,7.0000,0.0256,-0.6626,0.9377,1.2654,0.6679,1.2706
1.3134,9.4273,0.8372,path,2.3484,5.0000,0.0230,0.1660,1.3029,1.3557,0.7383,1.1555
1.0303,19.8679,0.3927,path,1.6230,4.2800,0.0115,-0.9094,0.4843,0.4581,0.3002,0.5776
1.0370,2.3472,0.3460,path,2.0419,6.3600,0.0087,-0.9194,0.4797,1.1739,0.4251,0.4352
0.0974,13.2752,0.0215,turn,0.0000,7.4800,0.0000,nan,nan,0.2023,0.0544,0.0000
2.4027,20.2977,1.1006,path,3.8520,7.2600,0.0219,-2.1233,1.1244,1.3261,0.5680,1.0927
0.1098,10.2175,0.0962,lateral,1.3725,6.5200,0.1098,-0.0921,0.0598,0.5474,0.1999,0.4401
1.6689,13.1015,0.4343,path,2.8388,5.0600,0.0201,-1.3152,1.0274,0.9268,0.4629,1.0045
0.0748,4.0911,0.0485,combined,1.3531,7.0800,0.0633,-0.0013,0.0748,0.5827,0.2023,0.3637
0.0287,10.4138,0.0232,combined,0.9062,7.0000,0.0076,0.0044,0.0283,0.3970,0.1469,0.0000
0.0571,12.6310,0.0456,turn,0.0000,6.6800,0.0000,nan,nan,0.1708,0.0548,0.6419
1.5339,15.7813,0.5448,path,3.3607,5.8400,0.0193,-1.1364,1.0303,0.8067,0.4975,0.9656
0.5174,24.2977,0.0824,path,2.0903,5.4600,0.0250,0.0307,0.5165,1.0582,0.5380,1.2540
0.1163,2.9613,0.0633,straight,0.4440,6.3400,0.1161,-0.1088,0.0413,0.1579,0.0807,0.3782
1.2638,8.8299,0.3462,path,1.8921,6.7000,0.0202,-0.5131,1.1550,0.7731,0.4233,1.0100
0.0491,6.4917,0.0321,lateral,0.3562,5.4800,0.0021,0.0476,0.0121,0.2101,0.0848,0.4342
1.2081,50.8240,0.3001,path,1.6785,5.4000,0.0235,-1.2076,0.0363,0.8048,0.2578,1.1757
0.3935,2.2747,0.1654,combined,1.3257,4.0400,0.3935,-0.2997,0.2550,0.5342,0.2616,0.5406
0.7470,10.7740,0.2239,path,1.2977,7.9000,0.0064,-0.6819,0.3048,0.3088,0.1502,0.3215
1.2931,2.2502,0.6219,path,3.6193,6.4600,0.0123,-1.2736,0.2234,0.8271,0.4239,0.6191
0.0150,0.1262,0.0214,stand,0.0000,5.6000,0.0000,nan,nan,0.0686,0.0277,0.5903
0.8820,5.9690,0.3175,path,1.9546,6.3400,0.0063,-0.8819,0.0154,0.3636,0.2077,0.3158
0.0250,0.3046,0.0172,stand,0.0000,5.0800,0.0000,nan,nan,0.0866,0.0396,0.3174
0.1887,5.0504,0.0220,combined,0.5611,7.8600,0.1875,-0.1885,0.0092,0.3609,0.0797,0.3053
0.1572,6.5605,0.0587,straight,0.7757,7.5600,0.1422,-0.0349,0.1533,0.2757,0.1142,0.3692
0.1561,5.0479,0.0569,combined,0.8239,5.3200,0.1561,-0.1526,0.0330,0.2927,0.1227,0.0000
1.1048,3.4498,0.3647,path,1.0955,6.5400,0.0213,0.5800,0.9403,1.1677,0.5219,1.0571
1.2152,26.0154,0.3950,path,2.3813,5.0400,0.0096,-1.2011,0.1841,0.4929,0.2590,0.4826
1.1123,19.8049,0.5721,path,4.1857,7.5200,0.0113,-1.1098,0.0744,0.7292,0.4846,0.5621
1.7765,47.7564,0.5836,path,4.3737,6.5800,0.0168,-1.7589,0.2498,0.8804,0.5187,0.8381
1.8086,55.6131,0.9348,path,3.0232,6.3000,0.0221,-1.8049,0.1157,1.0296,0.4098,1.1147
0.3545,8.1193,0.0596,straight,0.7326,4.6000,0.3545,-0.3232,0.1458,0.4012,0.1294,1.0086
0.0596,5.2167,0.0216,stand,0.0000,6.9800,0.0000,nan,nan,0.1481,0.0291,0.3162
0.1610,12.9284,0.0821,turn,0.0000,7.1400,0.0000,nan,nan,0.1499,0.0670,0.7244
0.7820,4.9109,0.2564,path,2.0832,6.9400,0.0060,-0.7820,0.0070,0.9293,0.3217,0.3005
1.8795,20.4423,0.8897,path,4.4411,5.7400,0.0210,-1.8037,0.5281,0.9521,0.5553,1.0547
1.9887,23.6308,1.2412,path,3.4594,5.0600,0.0246,-1.8250,0.7901,1.2151,0.5944,1.2364
0.0786,2.0273,0.1097,turn,0.0000,6.9200,0.0000,nan,nan,0.1772,0.0603,0.5461
1.3290,22.3730,0.3977,path,1.1671,7.9800,0.0148,-0.3250,1.2887,0.7218,0.3739,0.7401
1.9296,19.7464,0.8375,path,4.8491,6.5800,0.0201,-1.3933,1.3350,1.2012,0.6565,1.0023
1.7384,5.2999,0.7833,path,3.7617,4.2000,0.0182,-1.7343,0.1196,0.9912,0.5719,0.9054
1.7277,7.1865,1.1974,path,4.2719,5.9400,0.0195,-1.6110,0.6242,1.1418,0.5505,0.9768
0.4104,2.7672,0.0440,combined,1.3951,5.2000,0.4104,-0.4101,0.0159,0.5505,0.1980,0.6385
0.0292,0.6578,0.0358,stand,0.0000,7.2200,0.0000,nan,nan,0.0871,0.0289,0.4617
0.0430,9.9009,0.0637,lateral,0.8460,6.5400,0.0430,-0.0310,0.0297,0.3966,0.1342,0.8674
0.0555,6.9082,0.0611,combined,0.7569,7.1200,0.0534,-0.0370,0.0413,0.2646,0.1111,1.0192
2.0773,30.5188,1.0750,path,5.1208,5.5000,0.0216,-1.8645,0.9160,1.1805,0.6520,1.0720
2.0539,22.6075,0.6855,path,5.0510,7.1400,0.0161,-1.8515,0.8891,1.0037,0.5387,0.8061
0.1838,6.0563,0.0492,combined,0.6451,6.9000,0.1815,-0.1177,0.1412,0.2624,0.1014,0.8327
0.9888,10.3235,0.4152,path,1.7369,4.9200,0.0071,-0.9883,0.0302,0.8932,0.3247,0.3544
0.8659,23.4817,0.2616,path,1.2416,6.8800,0.0078,-0.7473,0.4375,0.5113,0.1972,0.3911
0.1210,5.6649,0.0018,turn,0.0000,6.5800,0.0000,nan,nan,0.1305,0.0526,0.4028
0.0435,1.4039,0.0254,stand,0.0000,6.0800,0.0000,nan,nan,0.1625,0.0351,0.9028
0.8395,51.5796,0.6277,path,4.1195,5.2400,0.0195,-0.7569,0.3631,1.1509,0.7228,0.9719
1.3088,2.0611,0.5618,path,3.8027,7.1600,0.0092,-1.3056,0.0910,0.6068,0.3562,0.5314
1.8417,71.7580,1.1163,path,4.4854,7.4000,0.0241,-0.8843,1.6156,1.2770,0.7097,1.2121
1.6094,21.2219,0.5934,path,1.2846,6.9800,0.0230,-1.6068,0.0909,0.8017,0.4334,1.1499
0.2576,10.7810,0.1888,combined,1.8718,7.5600,0.2576,-0.0600,0.2505,0.7751,0.2561,0.0000
0.6958,33.0069,0.2020,path,1.3055,6.5200,0.0075,-0.4619,0.5204,0.5322,0.2586,0.3767
0.3311,53.3289,0.2189,path,2.6067,6.9000,0.0108,0.0319,0.3296,1.1221,0.5334,0.5384
2.0761,16.1850,1.1132,path,3.1648,4.0600,0.0222,-2.0744,0.0837,1.0389,0.3755,1.1177
0.0307,4.9152,0.0571,turn,0.0000,5.4400,0.0000,nan,nan,0.2900,0.0708,0.5896
0.2687,8.8707,0.1765,straight,1.8759,5.2200,0.2687,-0.2673,0.0274,0.6444,0.3192,0.8255
0.0275,5.7271,0.0434,turn,0.0000,7.9200,0.0000,nan,nan,0.1378,0.0485,0.0000
0.6378,5.6055,0.1901,path,1.4461,5.0800,0.0063,-0.6312,0.0919,0.4087,0.1630,0.3161
0.7087,11.9646,0.0820,path,1.4481,5.0200,0.0139,-0.5174,0.4843,0.5493,0.2418,0.6967
1.7543,24.1503,0.3990,path,2.3272,5.6000,0.0229,-0.9389,1.4819,0.8787,0.5128,1.1469
0.0376,11.7251,0.0285,turn,0.0000,5.4400,0.0000,nan,nan,0.1482,0.0665,0.7472
0.5970,20.9444,0.2501,path,2.3596,7.8600,0.0071,-0.4669,0.3721,0.4404,0.3272,0.3538
0.1040,1.5745,0.0842,combined,1.0231,7.5200,0.1040,-0.1023,0.0185,0.5426,0.1330,0.7302
0.0890,1.2347,0.0530,turn,0.0000,6.7200,0.0000,nan,nan,0.1377,0.0638,0.5611
0.8164,16.9506,0.3069,path,1.7709,5.6200,0.0048,-0.7629,0.2906,0.6188,0.2229,0.3512
0.1022,3.7267,0.0738,lateral,0.2518,6.5400,0.0726,0.0212,0.0999,0.2255,0.0668,0.0000
1.0636,23.4781,0.5944,path,3.7541,5.9000,0.0129,-1.0274,0.2753,0.8910,0.4802,0.6425
0.1386,3.0739,0.0242,lateral,0.8515,7.1200,0.1380,-0.1113,0.0825,0.4820,0.1202,0.8813
0.1240,12.6972,0.0639,turn,0.0000,7.9400,0.0000,nan,nan,0.1290,0.0539,0.0000
1.7518,24.6462,0.3722,path,1.0742,7.3600,0.0227,-1.4452,0.9901,0.6461,0.3756,1.1340
1.7673,20.7784,0.9404,path,2.7065,7.2600,0.0246,-0.6857,1.6289,0.9932,0.7340,1.2273
1.8085,36.4480,0.9191,path,4.0316,5.2000,0.0217,-1.4552,1.0739,0.9889,0.6305,1.0834
0.2172,3.9055,0.0171,combined,1.0209,6.5200,0.2086,0.0123,0.2169,0.4059,0.1765,0.9360
0.6683,0.5787,0.3147,path,1.5570,4.9400,0.0064,-0.6683,0.0044,1.1408,0.2753,0.3177
1.6664,7.4615,0.5675,path,1.0735,7.4000,0.0235,-1.4154,0.8796,0.7576,0.3992,1.1739
0.1323,2.5001,0.0568,lateral,0.8533,5.2600,0.1318,-0.0985,0.0884,0.5040,0.1507,0.0000
1.9428,35.5636,0.9130,path,4.5263,4.9600,0.0223,-1.7451,0.8538,1.1698,0.6567,1.1126
0.3478,12.1705,0.1206,lateral,0.5589,4.3800,0.3478,-0.2317,0.2593,0.2368,0.1105,0.7642
0.9397,21.5686,0.3962,path,2.2074,4.6600,0.0108,-0.8995,0.2719,0.6510,0.4262,0.5388
0.1511,15.9231,0.0620,turn,0.0000,7.0400,0.0000,nan,nan,0.1621,0.0533,0.4364
0.1707,4.9192,0.0499,lateral,0.4071,5.1800,0.1683,-0.1683,0.0283,0.1940,0.0745,0.0000
1.7275,29.1931,0.9224,path,2.4492,5.1000,0.0193,-1.5065,0.8454,0.8876,0.4717,0.9687
0.0190,3.5063,0.0285,turn,0.0000,5.9200,0.0000,nan,nan,0.1813,0.0466,1.0319
1.0756,6.0792,0.2520,path,2.3212,5.1600,0.0125,-0.9663,0.4726,0.5425,0.3156,0.6276
1.6607,2.3665,0.9966,path,2.4422,7.7000,0.0221,-0.5974,1.5495,1.0336,0.6141,1.1035
0.7021,42.0322,0.2082,path,1.8735,4.1000,0.0171,-0.6034,0.3590,0.6957,0.3437,0.8541
0.7926,23.7063,0.3592,path,1.9815,5.1400,0.0079,-0.7157,0.3406,0.5627,0.2765,0.3935
0.7916,0.7576,0.1700,path,1.2333,4.2000,0.0061,-0.7911,0.0274,0.6934,0.1405,0.3032
1.0677,8.0666,0.2293,path,2.1418,6.3600,0.0068,-0.9970,0.3821,0.6283,0.2196,0.3387
0.7722,15.6263,0.1812,path,0.1757,4.1200,0.0203,-0.0974,0.7661,0.6105,0.2738,1.0147
0.1176,1.8342,0.0816,straight,1.4190,7.1600,0.0886,0.0644,0.0985,0.6345,0.2149,0.0000
2.0731,37.5952,1.0511,path,5.9281,6.8200,0.0203,-1.6870,1.2048,1.1369,0.7013,1.0084
0.0623,4.8136,0.0307,turn,0.0000,6.6600,0.0000,nan,nan,0.1150,0.0419,0.8334
0.1541,10.3446,0.0724,combined,1.5054,7.5600,0.1541,-0.1530,0.0183,0.5464,0.1801,1.0650
0.6363,11.5104,0.1766,path,1.2741,6.2800,0.0063,-0.5602,0.3016,0.3381,0.1786,0.3142
1.7116,7.5162,1.1707,path,6.1552,6.1600,0.0248,-1.5424,0.7419,1.2392,0.8333,1.2391
0.0594,1.9511,0.1746,lateral,0.0467,4.1400,0.0114,0.0546,0.0233,0.1842,0.0633,1.1974
1.2337,48.9397,0.1194,path,2.4489,7.2400,0.0116,-0.4982,1.1286,1.5565,0.3948,0.5812
0.1734,1.5285,0.0256,turn,0.0000,6.6600,0.0000,nan,nan,0.1555,0.0585,0.3400
0.9843,11.6361,0.2442,path,2.1054,6.1600,0.0082,-0.9394,0.2938,0.4605,0.2142,0.4078
1.9370,17.7147,0.5942,path,3.1761,4.9400,0.0161,-1.8577,0.5488,0.8340,0.3794,0.8072
0.1548,7.5073,0.0217,lateral,1.0656,5.3400,0.1548,-0.1451,0.0540,0.5443,0.1823,0.9231
1.7541,12.0868,1.3877,path,5.6525,5.2400,0.0223,-1.7541,0.0017,1.3730,0.7927,1.1114
1.8540,8.0041,0.5791,path,3.2341,4.6200,0.0234,-1.5863,0.9598,1.3597,0.4813,1.1626
0.0380,0.4956,0.0136,stand,0.0000,5.5600,0.0000,nan,nan,0.0990,0.0270,1.1358
0.1412,5.2618,0.0783,lateral,1.2860,6.8600,0.1412,-0.1362,0.0371,0.6828,0.1795,0.8668
0.1675,2.3915,0.0310,lateral,0.2062,4.8000,0.1543,-0.0867,0.1433,0.1319,0.0614,1.0006
1.2773,0.6619,0.4239,path,2.1821,4.4000,0.0102,-1.2680,0.1537,0.6352,0.3108,0.5109
1.0881,8.2609,0.3076,path,1.7842,5.2400,0.0067,-1.0327,0.3430,0.6036,0.2578,0.4414
1.3596,41.0879,0.7657,path,2.7902,5.7200,0.0218,-0.7405,1.1403,1.0449,0.6141,1.0930
0.4637,5.9723,0.1111,combined,2.0213,5.0200,0.4637,-0.4491,0.1152,0.8264,0.3777,0.0000
1.0893,11.3632,0.3006,path,0.9922,6.9400,0.0192,1.0856,0.0896,1.0292,0.5071,0.9587
0.0543,3.8032,0.0637,combined,0.9889,5.9000,0.0543,-0.0485,0.0244,0.4802,0.1539,0.0000
0.1218,12.1737,0.0600,straight,1.1789,7.7000,0.1218,-0.1212,0.0123,0.4169,0.1531,0.4275
2.6237,16.2116,0.8544,path,6.3177,6.0800,0.0243,-2.4441,0.9540,1.2061,0.7062,1.2165
1.0866,17.2107,0.3873,path,2.9675,7.7800,0.0079,-1.0154,0.3868,0.4420,0.2941,0.3937
0.1962,15.0374,0.1011,straight,0.4852,4.2400,0.1962,-0.1957,0.0130,0.2145,0.0843,0.0000
0.1039,7.6701,0.0303,straight,0.0577,7.3600,0.0577,-0.1020,0.0198,0.1414,0.0594,0.9269
0.8616,33.3433,0.3048,path,2.1336,5.2200,0.0091,-0.8245,0.2499,0.5565,0.2666,0.4539
0.1819,36.4604,0.1946,path,2.5135,6.2400,0.0130,-0.1018,0.1507,0.8208,0.3852,0.6475
2.0389,2.0123,0.8967,path,4.6031,5.2400,0.0214,-1.9640,0.5478,1.1501,0.5889,1.0671
1.4782,26.2208,0.5267,path,3.1073,5.9800,0.0109,-1.4439,0.3169,0.7051,0.3316,0.5440
2.5255,9.0601,1.0616,path,6.4792,7.2600,0.0181,-2.4513,0.6076,1.2035,0.6436,0.9045
0.0898,0.7793,0.0133,turn,0.0000,4.4600,0.0000,nan,nan,0.4378,0.0943,1.2643
0.0116,1.8226,0.0373,stand,0.0000,6.2600,0.0000,nan,nan,0.0860,0.0324,0.4897
1.8012,45.2712,0.8896,path,4.2561,4.9800,0.0183,-1.7406,0.4633,1.0043,0.5440,0.9124
0.1552,3.6875,0.0649,combined,1.5300,7.3200,0.1552,-0.0805,0.1327,0.8789,0.2260,0.7327
0.3518,32.1375,0.0771,path,1.6897,7.6600,0.0188,0.3242,0.1367,0.8157,0.4133,0.9393
0.0594,0.2013,0.1024,combined,0.5506,4.7800,0.0594,-0.0436,0.0404,0.3540,0.1585,0.3692
1.0761,38.7345,0.2851,path,1.7060,5.2400,0.0115,-0.9624,0.4812,0.4704,0.2392,0.5759
1.5041,0.5637,0.5466,path,2.8075,4.5000,0.0163,-1.4711,0.3133,0.6918,0.3790,0.8189
0.9811,78.0266,0.7869,path,2.6846,4.1400,0.0196,-0.9747,0.1111,0.9711,0.4220,0.9787
0.1110,2.7588,0.0381,turn,0.0000,5.1000,0.0000,nan,nan,0.2070,0.0789,0.7057
1.8363,2.1231,0.5243,path,3.1102,4.1000,0.0181,-1.8098,0.3106,0.7451,0.3612,0.9071
0.2938,12.4657,0.1183,combined,1.4387,4.7000,0.2938,-0.2668,0.1231,0.8176,0.2686,0.7011
0.2136,2.0049,0.0943,combined,1.8922,6.9000,0.2136,-0.2062,0.0559,0.6316,0.2543,0.5360
0.4473,5.8405,0.1302,combined,1.8417,6.1400,0.4473,-0.4203,0.1532,0.5764,0.2179,0.8578
1.1416,30.0983,1.4045,path,4.1141,7.7400,0.0238,-1.1416,0.0015,1.5282,0.6432,1.1990
1.2307,36.3944,0.2644,path,0.5190,6.6000,0.0214,-1.0973,0.5571,0.6978,0.3167,1.0716
1.1921,11.3655,0.3080,path,1.9792,5.2800,0.0109,-1.1034,0.4512,0.6550,0.2364,0.5437
2.3716,22.6303,1.0201,path,6.5551,7.6800,0.0213,-1.7850,1.5614,1.2412,0.7337,1.0658
1.0098,55.6752,0.3423,path,1.0552,4.1600,0.0234,-0.3787,0.9361,0.8354,0.4503,1.1718
1.0660,11.7137,0.3268,path,2.1512,5.9200,0.0088,-1.0372,0.2462,0.7176,0.2086,0.4407
1.9845,17.6790,0.8202,path,2.6807,7.2200,0.0219,-1.2393,1.5500,1.1112,0.5529,1.1008
0.0491,9.6384,0.1089,lateral,0.4159,7.7600,0.0491,-0.0474,0.0129,0.1762,0.0666,1.2029
1.3979,40.0842,0.3741,path,1.9806,6.9800,0.0180,-0.7550,1.1765,0.7341,0.4494,0.8989
2.0626,28.6221,0.7107,path,4.2492,6.3600,0.0194,-1.9724,0.6034,0.9907,0.4966,0.9783
1.9112,28.5942,0.8933,path,5.2646,7.1600,0.0226,-1.3806,1.3216,1.1545,0.7262,1.1315
0.0549,3.0792,0.0695,turn,0.0000,5.2000,0.0000,nan,nan,0.3480,0.0846,0.3031
1.7323,35.8550,0.5912,path,3.0338,6.4600,0.0220,-1.2126,1.2371,0.8134,0.5223,1.0990
1.8962,1.5918,1.1189,path,1.4852,6.4200,0.0235,-1.8229,0.5221,1.2375,0.6588,1.1731
0.1039,5.8269,0.0230,turn,0.0000,5.3200,0.0000,nan,nan,0.1867,0.0657,0.0000
1.0154,8.0553,0.4407,path,1.7186,6.3400,0.0125,-0.7236,0.7124,0.7661,0.3561,0.6254
0.0446,4.1760,0.0234,straight,0.0956,5.0200,0.0268,0.0324,0.0306,0.1116,0.0461,0.4032
0.1022,11.4257,0.0415,straight,0.6013,5.0000,0.1022,-0.0860,0.0552,0.2386,0.1131,0.7488
0.5316,31.6796,0.3620,path,1.2625,4.1400,0.0065,-0.5230,0.0954,0.3927,0.2734,0.3246
0.7393,31.2591,0.2218,path,2.2477,6.2800,0.0130,-0.3899,0.6281,0.6566,0.3212,0.6472
0.1154,0.1506,0.0299,turn,0.0000,4.6400,0.0000,nan,nan,0.2749,0.0706,0.7777
2.2655,8.5299,0.9567,path,6.4366,7.6200,0.0175,-2.2335,0.3794,1.0750,0.6199,0.8922
1.8588,14.3789,1.1097,path,3.7800,5.2600,0.0196,-1.7986,0.4693,1.2911,0.5705,0.9828
0.1000,17.4692,0.0897,path,1.4872,7.6200,0.0194,0.0472,0.0881,1.5541,0.3471,0.9740
1.4002,34.6099,0.5080,path,1.6118,5.9600,0.0169,-1.3828,0.2201,0.5933,0.3363,0.8447
1.1479,6.5468,0.3252,path,1.8716,4.4800,0.0084,-1.1462,0.0629,0.3306,0.1868,0.4178
1.3235,26.3264,0.4310,path,1.2044,5.1000,0.0210,-1.1025,0.7321,0.6934,0.2909,1.0475
1.3704,41.1339,0.5110,path,2.2253,4.2400,0.0180,-1.1710,0.7118,1.2511,0.6102,0.8971
2.1145,29.3383,0.8701,path,6.0699,6.8800,0.0183,-2.0155,0.6392,1.1213,0.6919,0.9124
0.1554,9.2721,0.0645,turn,0.0000,6.9200,0.0000,nan,nan,0.2152,0.0749,0.0000
0.1552,0.4077,0.0614,straight,0.5669,5.0000,0.1552,-0.1432,0.0600,0.2437,0.1044,0.9325
1.8749,25.0453,0.8461,path,4.4378,6.0000,0.0157,-1.7440,0.6882,1.0057,0.5033,0.7867
0.0966,9.7915,0.0445,turn,0.0000,6.3400,0.0000,nan,nan,0.1698,0.0506,0.8410
0.2186,11.9609,0.1045,straight,1.0552,7.4200,0.2050,-0.0149,0.2181,0.3913,0.1496,0.8393
0.1138,6.0361,0.0983,lateral,0.2479,5.8800,0.1072,-0.1074,0.0375,0.1572,0.0572,0.0000
0.3567,3.0369,0.1833,combined,2.0849,4.0600,0.3567,-0.3347,0.1234,0.8066,0.4362,0.5903
1.8984,50.0010,0.2750,path,2.7520,5.0400,0.0236,-1.7284,0.7852,0.9762,0.4070,1.1902
0.0582,1.1067,0.1317,combined,0.5504,7.6000,0.0581,-0.0448,0.0371,0.2849,0.0934,1.0147
0.1753,11.1251,0.0070,lateral,0.4388,4.6400,0.1753,-0.0976,0.1456,0.2511,0.0900,0.0000
0.2332,5.3182,0.0885,combined,2.0129,6.2400,0.2322,-0.2293,0.0426,0.9199,0.2933,0.8107
1.3097,16.6003,0.3537,path,2.8378,6.6600,0.0086,-1.2868,0.2436,0.9766,0.3263,0.4263
2.3313,11.2183,0.9043,path,4.5032,4.6200,0.0210,-2.3157,0.2692,1.1307,0.5640,1.0480
0.1531,3.4283,0.0224,turn,0.0000,7.5200,0.0000,nan,nan,0.1799,0.0690,0.0000
0.0134,1.6935,0.0095,stand,0.0000,7.1800,0.0000,nan,nan,0.1003,0.0331,0.6056
1.6000,10.5472,0.3735,path,2.8268,7.5800,0.0168,-0.9566,1.2825,0.8344,0.4750,0.8401
0.1889,16.0825,0.0318,lateral,0.4770,7.7800,0.1718,-0.1552,0.1076,0.2284,0.0680,0.6876
0.0791,0.9610,0.0321,straight,0.1071,5.8400,0.0452,-0.0088,0.0786,0.1406,0.0515,0.3679
0.2263,8.4086,0.0296,combined,1.0353,6.2200,0.2261,-0.2160,0.0676,0.4914,0.1548,0.5721
0.0236,1.5546,0.0690,stand,0.0000,5.1000,0.0000,nan,nan,0.1083,0.0389,0.4430
0.0467,13.4152,0.0088,lateral,0.9003,7.8000,0.0450,-0.0466,0.0024,0.4547,0.1242,0.4234
1.4900,13.5562,0.7806,path,4.4216,4.9400,0.0199,-1.4607,0.2940,1.0941,0.6569,0.9932
0.1171,4.2529,0.0631,combined,1.7389,6.4800,0.1171,0.0011,0.1171,0.7826,0.2806,0.0000
2.2726,14.1368,0.7034,path,3.4886,5.2400,0.0186,-2.2078,0.5388,0.9019,0.3244,0.9294
0.2256,0.6424,0.0449,straight,0.1964,7.0200,0.1728,-0.0707,0.2142,0.1686,0.0568,0.6680
0.9577,32.2671,0.3164,path,1.8263,4.7600,0.0102,-0.8865,0.3622,0.3854,0.2357,0.5094
0.8314,3.2819,0.3178,path,1.4713,6.2200,0.0061,-0.8179,0.1494,0.3033,0.1397,0.3067
0.0081,0.9841,0.0440,stand,0.0000,4.9800,0.0000,nan,nan,0.0962,0.0275,0.4401
1.1193,5.1076,0.3615,path,4.1813,6.6200,0.0184,-0.8556,0.7216,1.0949,0.5549,0.9219
1.0347,4.3452,0.1918,path,2.0047,7.4600,0.0064,-1.0120,0.2156,0.4751,0.1634,0.3202
1.0171,13.0221,0.5054,path,2.4607,7.7400,0.0089,-0.9875,0.2437,0.5267,0.2584,0.4452
2.6102,7.5530,1.1587,path,5.1607,5.4600,0.0254,-2.1399,1.4946,1.2416,0.7085,1.2694
0.1663,8.7624,0.0320,combined,0.8701,7.5800,0.1662,-0.0311,0.1634,0.5245,0.1350,0.4417
0.1066,7.1074,0.0328,combined,1.4657,7.5600,0.1066,-0.1016,0.0322,0.5076,0.1855,0.0000
0.0361,7.0082,0.0722,combined,0.8111,6.6600,0.0281,0.0155,0.0326,0.3340,0.1283,0.0000
1.8294,0.5059,0.5238,path,3.9045,4.9400,0.0165,-1.8132,0.2430,0.7034,0.4344,0.8263
0.8054,56.7320,0.2116,path,1.6690,5.0800,0.0090,-0.7353,0.3288,0.3758,0.2306,0.4487
1.2909,4.6942,0.5131,path,2.7744,6.3600,0.0118,-1.2315,0.3870,0.7136,0.3778,0.5930
0.1036,0.6965,0.1100,straight,1.1654,6.0800,0.1036,-0.1027,0.0133,0.4666,0.1845,0.8626
0.4685,1.1043,0.0930,combined,1.8087,5.6800,0.4685,-0.4532,0.1187,0.7308,0.2515,1.0117
0.0766,2.4644,0.0615,turn,0.0000,7.1400,0.0000,nan,nan,0.1211,0.0544,0.3284
0.3329,5.9710,0.0659,lateral,1.2903,5.5400,0.3329,-0.3329,0.0022,0.4631,0.1798,0.0000
0.0423,1.9274,0.0452,stand,0.0000,7.2000,0.0000,nan,nan,0.0914,0.0341,0.0000
0.0017,2.5063,0.0093,stand,0.0000,6.2200,0.0000,nan,nan,0.0729,0.0273,0.7561
0.1571,2.2469,0.1337,combined,1.0217,6.9200,0.1571,-0.1500,0.0467,0.4887,0.1572,0.0000
0.0182,2.9994,0.0198,stand,0.0000,6.4600,0.0000,nan,nan,0.0743,0.0304,0.8088
1.5746,15.4982,0.6966,path,2.9192,5.9000,0.0170,-1.4906,0.5075,0.6905,0.3981,0.8523
0.0616,3.2171,0.1355,lateral,0.2673,6.8400,0.0213,0.0446,0.0425,0.2244,0.0706,1.0789
1.3857,29.3831,0.4457,path,2.8999,4.1600,0.0166,-1.2333,0.6317,1.3917,0.8316,0.8281
1.4603,3.3829,0.7322,path,4.4141,5.8600,0.0189,-1.3034,0.6586,1.2215,0.7027,0.9432
0.1233,5.4516,0.0457,lateral,0.7686,7.9800,0.1160,-0.0475,0.1138,0.3564,0.1031,0.6232
1.3380,30.7871,0.5715,path,2.4205,4.7400,0.0128,-1.3307,0.1396,0.6355,0.2540,0.6385
1.8078,24.1820,0.4477,path,2.8356,4.8200,0.0122,-1.7876,0.2695,0.9348,0.2663,0.6083
0.1687,4.6904,0.0569,lateral,0.9433,6.3800,0.1687,-0.1416,0.0917,0.3904,0.1347,0.0000
0.8337,25.7964,0.2444,path,1.3018,4.2600,0.0069,-0.8317,0.0585,1.1132,0.3928,0.3473
1.9440,9.1733,0.7961,path,3.4037,4.1800,0.0232,-1.8800,0.4945,0.8413,0.5099,1.1631
1.3494,1.2751,0.3453,path,2.8746,7.0600,0.0084,-1.3093,0.3264,0.5725,0.2399,0.4509
1.4192,9.0823,0.6062,path,3.3004,5.3800,0.0128,-1.3995,0.2357,0.7468,0.4187,0.6382
0.3307,4.4617,0.0916,straight,1.1141,5.5400,0.3282,-0.2571,0.2080,0.3567,0.1675,0.4342
1.3422,11.5368,0.3422,path,2.6970,7.2000,0.0080,-1.3190,0.2482,0.5874,0.2223,0.4006
1.7210,10.6569,0.5818,path,3.7513,5.9000,0.0134,-1.7152,0.1411,0.9846,0.4578,0.6721
1.0323,13.1297,0.4265,path,2.9221,7.5400,0.0080,-1.0026,0.2455,0.4693,0.2720,0.4008
0.5998,12.4824,0.1413,path,0.3055,4.6400,0.0124,-0.4496,0.3969,0.4264,0.1800,0.6206
0.7441,33.2093,0.3268,path,1.2131,4.9400,0.0086,-0.4775,0.5707,1.2412,0.2938,0.4298
0.1408,11.9153,0.0814,combined,1.2867,6.6600,0.1408,-0.1404,0.0103,0.5519,0.1905,0.8590
0.0877,3.9010,0.0581,straight,1.2211,6.7600,0.0877,-0.0802,0.0355,0.5299,0.1886,0.3123
0.1192,3.9937,0.0817,straight,0.8357,6.1000,0.1192,-0.1006,0.0639,0.2984,0.1329,0.3444
1.4250,38.2568,0.4729,path,3.4113,6.8400,0.0125,-1.3032,0.5765,0.9478,0.4667,0.6283
0.0720,0.4448,0.0216,turn,0.0000,6.4800,0.0000,nan,nan,0.1229,0.0442,0.8297
0.1404,10.9905,0.0710,combined,0.6474,6.5800,0.1404,-0.1305,0.0518,0.1936,0.0745,0.0000
0.0724,5.1612,0.0424,combined,1.1445,7.7000,0.0724,-0.0527,0.0497,0.3784,0.1544,0.0000
0.0334,5.1705,0.0374,turn,0.0000,7.2400,0.0000,nan,nan,0.1749,0.0529,0.0000
0.3152,2.3341,0.1328,straight,0.8699,4.3000,0.3152,-0.2995,0.0983,0.2825,0.1435,0.5611
3.0098,1.7166,0.7080,path,5.3116,7.2600,0.0229,-2.6840,1.3620,0.8530,0.4832,1.1446
0.0386,3.7671,0.0243,straight,0.3438,7.3400,0.0037,0.0369,0.0113,0.2083,0.0771,0.3131
0.1796,9.6485,0.0544,turn,0.0000,6.5600,0.0000,nan,nan,0.1798,0.0588,0.6130
1.4199,32.4766,0.6023,path,2.6018,4.7800,0.0159,-1.2647,0.6456,0.6279,0.3425,0.7946
0.2261,7.2520,0.0204,lateral,0.3772,5.5600,0.2261,-0.2101,0.0836,0.1721,0.0546,0.0000
0.8487,26.6681,0.4774,path,1.0542,4.5000,0.0223,-0.2206,0.8195,0.9599,0.3825,1.1194
1.3087,14.5686,0.2818,path,1.1883,4.1600,0.0253,-1.3015,0.1363,0.9191,0.3054,1.2679
0.1366,5.3219,0.0399,combined,1.2533,7.8800,0.1354,-0.1316,0.0367,0.4643,0.1526,0.7895
0.1168,10.9751,0.0748,combined,1.8117,5.1200,0.1168,-0.0897,0.0748,0.6047,0.3318,0.8674
1.0235,22.3527,0.3362,path,0.6975,7.0000,0.0150,-0.6455,0.7942,0.9232,0.2750,0.7490
1.7575,17.3126,1.0093,path,6.7419,6.9200,0.0217,-1.6270,0.6645,1.1261,0.7780,0.9817
0.6390,10.2548,0.1116,straight,1.3328,4.9400,0.6390,-0.6390,0.0082,0.3636,0.1562,0.0000
0.1163,8.6276,0.0666,lateral,0.2620,7.2000,0.1045,-0.1108,0.0351,0.1852,0.0554,0.0000
0.1947,0.5378,0.0551,turn,0.0000,7.9600,0.0000,nan,nan,0.3169,0.0707,0.9016
0.1562,3.1652,0.0635,lateral,1.0381,7.1800,0.1562,-0.1309,0.0851,0.3134,0.1351,0.3211
0.0275,4.2656,0.0675,turn,0.0000,4.6600,0.0000,nan,nan,0.2067,0.0619,0.7302
0.0130,1.9476,0.0060,stand,0.0000,5.1400,0.0000,nan,nan,0.0684,0.0293,0.8327
0.3456,3.1055,0.1882,combined,1.6066,5.5800,0.3456,-0.3235,0.1215,0.7057,0.2572,0.3162
1.5410,36.3535,0.4806,path,2.1500,4.0600,0.0254,-1.1804,0.9907,0.8038,0.4460,1.2681
0.0268,1.9476,0.0295,straight,0.2561,6.4200,0.0229,-0.0254,0.0085,0.1312,0.0599,0.3637
1.7829,14.1806,0.6193,path,3.4075,4.0000,0.0190,-1.7509,0.3362,0.7860,0.4573,0.9515
0.0905,6.3679,0.0573,turn,0.0000,6.4200,0.0000,nan,nan,0.2221,0.0531,0.0000
0.3370,0.4822,0.0610,straight,0.6623,5.3800,0.3370,-0.3121,0.1271,0.2602,0.0965,0.6385
0.1509,7.5431,0.0850,combined,2.0069,7.6200,0.1509,-0.1254,0.0839,0.8939,0.2610,0.7673
0.1614,14.6397,0.0343,lateral,0.4432,7.1400,0.1506,-0.1320,0.0929,0.2038,0.0619,0.0000
2.2236,3.8523,0.9837,path,5.8353,6.2200,0.0227,-2.1348,0.6222,1.0705,0.6931,1.1328
0.1977,7.6949,0.0020,turn,0.0000,6.2400,0.0000,nan,nan,0.2199,0.0546,0.5406
0.0337,1.6307,0.0808,turn,0.0000,4.3200,0.0000,nan,nan,0.2119,0.0673,0.0000
1.7354,24.8549,0.7281,path,3.4521,5.9200,0.0206,-1.4880,0.8930,0.9348,0.5123,1.0320
1.0552,17.0603,0.2341,path,3.5925,7.0800,0.0229,0.7133,0.7777,1.3192,0.7322,1.1357
0.9885,31.2372,0.2709,path,1.7825,6.4800,0.0080,-0.8424,0.5171,0.5747,0.2531,0.3989
1.4117,1.9488,0.3765,path,1.3542,6.3600,0.0144,-1.3772,0.3098,0.4509,0.1938,0.7187
0.1159,3.1668,0.0150,turn,0.0000,6.1600,0.0000,nan,nan,0.2742,0.0707,0.3692
0.1301,17.5293,0.0387,lateral,1.3928,7.5800,0.1246,-0.0877,0.0962,0.7390,0.1825,1.1365
0.5133,18.3708,0.1502,path,1.9741,7.7800,0.0077,-0.1459,0.4922,0.8765,0.2550,0.4538
0.1800,3.1454,0.0559,turn,0.0000,6.8600,0.0000,nan,nan,0.2006,0.0776,1.0357
1.9253,26.4858,0.7905,path,4.7907,6.8800,0.0243,-1.4014,1.3201,1.1633,0.6904,1.2153
1.3470,34.2935,0.3952,path,3.7737,7.8400,0.0139,-1.2349,0.5380,0.7841,0.3846,0.6975
0.0195,0.3516,0.0175,stand,0.0000,6.3400,0.0000,nan,nan,0.0848,0.0345,0.3053
0.1168,7.7063,0.0261,turn,0.0000,7.7000,0.0000,nan,nan,0.1415,0.0511,0.0000
1.1022,26.7737,0.4365,path,2.8146,7.3400,0.0087,-1.0262,0.4022,0.5201,0.2801,0.4363
1.1891,19.5841,0.4160,path,2.0495,4.6600,0.0104,-1.1872,0.0681,0.9314,0.4459,0.5229
0.1856,5.1145,0.1249,turn,0.0000,7.5600,0.0000,nan,nan,0.1876,0.0695,0.6034
0.3278,3.6747,0.1171,straight,1.4165,4.3000,0.3278,-0.3262,0.0332,0.4873,0.2619,0.9231
0.8815,14.0215,0.3830,path,1.7371,5.0400,0.0070,-0.8814,0.0081,0.4483,0.2069,0.3476
1.1378,34.3180,0.3047,path,0.8270,4.9000,0.0168,-1.1232,0.1815,0.9712,0.3533,0.8405
0.1579,4.6357,0.0247,turn,0.0000,6.2800,0.0000,nan,nan,0.1432,0.0508,1.0086
0.1829,5.1158,0.0331,lateral,0.8291,5.8000,0.1829,-0.1674,0.0736,0.4441,0.1229,0.9028
0.0249,1.6372,0.0177,stand,0.0000,5.4800,0.0000,nan,nan,0.0697,0.0323,0.7472
0.1881,5.5545,0.0257,combined,0.6801,4.5200,0.1881,-0.1876,0.0143,0.2603,0.1398,0.8334
1.4882,5.8284,0.7545,path,4.1664,7.6600,0.0148,-1.1567,0.9364,0.9278,0.5310,0.7393
0.0419,13.2889,0.0661,lateral,1.2535,7.0800,0.0361,-0.0147,0.0392,0.6818,0.1853,0.6419
0.2600,6.9763,0.1330,combined,1.9913,7.3600,0.2600,-0.2419,0.0952,0.6742,0.2374,0.0000
2.6323,22.8866,0.5886,path,3.3964,6.0000,0.0147,-2.6268,0.1693,0.6855,0.2033,0.7366
1.2439,26.7786,0.4194,path,0.7743,5.9400,0.0217,-1.1593,0.4510,0.8298,0.4231,1.0840
1.4105,2.6563,0.4181,path,2.7859,5.7200,0.0103,-1.4082,0.0809,0.5489,0.2646,0.5177
0.0836,2.3519,0.0526,turn,0.0000,7.5800,0.0000,nan,nan,0.1434,0.0480,0.5999
1.2830,0.5616,0.5092,path,4.1504,7.9400,0.0105,-1.2806,0.0789,0.5925,0.3868,0.5232
0.9060,3.2376,0.2049,path,1.7673,6.5600,0.0016,-0.8934,0.1502,0.6356,0.1365,0.3233
1.7132,28.6699,0.4673,path,4.6747,6.2000,0.0140,-1.3526,1.0515,1.3013,0.6038,0.9674
0.2172,5.9192,0.1084,straight,1.2175,4.0200,0.2172,-0.2108,0.0522,0.4905,0.2584,0.3692
0.1402,24.6394,0.2267,path,1.1018,4.7200,0.0110,-0.1326,0.0454,1.0742,0.3588,0.5521
1.4801,36.8835,0.6212,path,1.8345,6.4000,0.0226,1.3635,0.5758,1.3633,0.6944,1.1291
1.0306,45.1221,0.4791,path,0.7892,5.8400,0.0147,1.0293,0.0525,0.9750,0.4512,0.7347
1.1198,6.4595,0.3744,path,2.2763,6.1800,0.0074,-1.1186,0.0516,0.5618,0.2589,0.3683
0.9834,58.3182,0.5305,path,2.1846,6.1600,0.0105,-0.6944,0.6964,0.8489,0.3268,0.5275
1.5716,46.5661,0.7334,path,1.9113,6.8400,0.0184,-1.5687,0.0951,0.8444,0.2628,0.9242
0.2203,0.4560,0.0510,turn,0.0000,7.9200,0.0000,nan,nan,0.1896,0.0791,1.0074
0.2000,8.2192,0.0292,straight,1.0016,6.1200,0.2000,-0.1712,0.1035,0.3456,0.1556,0.8255
1.7601,15.1560,0.5157,path,2.3388,5.1000,0.0166,-1.7543,0.1422,0.6399,0.2645,0.8360
0.9118,22.7412,0.3631,path,2.6608,6.7600,0.0115,-0.7803,0.4716,0.9453,0.4731,0.5747
0.0808,5.4213,0.0467,combined,0.6513,7.6800,0.0678,0.0382,0.0712,0.3153,0.1063,0.0000
1.0006,43.3671,0.4966,path,1.9714,4.0000,0.0130,-0.9305,0.3680,0.5481,0.3042,0.6511
0.2655,0.2013,0.0518,straight,0.4887,5.1600,0.2579,-0.2477,0.0957,0.1767,0.0677,0.0000
1.3464,9.1377,0.2627,path,2.2803,5.3200,0.0166,-1.1566,0.6893,0.6161,0.2875,0.8288
1.3713,13.2558,0.5375,path,2.9819,6.1800,0.0128,-1.2605,0.5401,0.6948,0.3828,0.6446
0.2808,2.6917,0.1201,combined,1.8484,4.9000,0.2808,-0.2793,0.0286,0.8014,0.3642,1.0006
0.0338,2.2670,0.0313,stand,0.0000,5.5400,0.0000,nan,nan,0.0887,0.0306,0.4364
0.1007,0.5399,0.0267,turn,0.0000,6.3600,0.0000,nan,nan,0.1365,0.0501,0.5896
0.1318,5.3995,0.1756,turn,0.0000,6.9600,0.0000,nan,nan,0.1635,0.0541,0.7244
1.5912,9.9867,0.5977,path,4.2209,6.8400,0.0238,-0.1374,1.5853,1.4551,0.7127,1.1822
0.5525,74.4118,0.3016,path,2.0009,6.4000,0.0143,0.5522,0.0165,0.8999,0.4758,0.7092
0.1309,6.0818,0.0771,combined,0.3446,7.6800,0.1192,-0.1272,0.0306,0.1761,0.0619,0.3782
1.3670,8.2882,0.4600,path,3.8724,7.2000,0.0121,-1.3104,0.3892,0.6822,0.4152,0.6033
1.8183,1.0350,0.5089,path,2.5305,4.2000,0.0126,-1.8147,0.1155,1.0329,0.3374,0.6297
0.1748,4.5752,0.1154,straight,1.5456,7.4600,0.1748,-0.1216,0.1255,0.7244,0.2100,0.3174
2.0584,11.3822,0.7506,path,5.2375,7.9400,0.0182,-1.5344,1.3722,0.9458,0.5749,0.9117
0.0240,7.0935,0.0138,straight,1.3892,6.8000,0.0232,-0.0185,0.0153,0.5770,0.2114,1.0192
0.7838,7.5053,0.3587,path,1.9402,5.9200,0.0067,-0.7714,0.1390,0.3924,0.2197,0.3365
0.2146,0.0486,0.0268,combined,1.0931,5.7000,0.2145,-0.2144,0.0108,0.3091,0.1594,1.0319
0.0698,3.0820,0.0714,lateral,0.1858,5.9000,0.0495,0.0296,0.0632,0.1898,0.0714,0.0000
0.1217,1.5933,0.0565,lateral,0.1428,6.3400,0.0713,-0.0110,0.1212,0.1601,0.0670,0.0000
0.2226,11.0864,0.0685,lateral,0.4797,5.9200,0.2226,-0.0304,0.2205,0.2665,0.0968,0.7642
0.1302,4.2433,0.0843,combined,1.7400,6.1000,0.1302,-0.1294,0.0141,0.6145,0.2593,0.9360
1.0963,12.8551,0.3205,path,1.7838,4.6800,0.0079,-1.0910,0.1077,0.6317,0.2551,0.3948
0.0428,6.1401,0.0524,turn,0.0000,5.6200,0.0000,nan,nan,0.2610,0.0577,1.0650
0.9557,23.3079,0.8046,path,2.4210,7.2800,0.0067,-0.9438,0.1503,0.8900,0.2450,0.3326
1.6495,23.4479,0.4360,path,2.9375,5.4400,0.0142,-1.5133,0.6565,0.5534,0.3266,0.7099
0.1983,4.8652,0.0180,straight,0.0544,5.4600,0.0544,-0.1925,0.0474,0.1633,0.0653,0.0000
0.0226,2.9139,0.0165,turn,0.0000,4.7600,0.0000,nan,nan,0.2021,0.0605,0.7011
1.2727,40.3793,0.5079,path,3.8716,7.2000,0.0217,-0.1404,1.2650,1.6593,0.7179,1.0774
0.1917,10.7131,0.0208,lateral,0.5261,4.3600,0.1917,-0.1812,0.0626,0.2694,0.0925,0.0000
0.2078,2.8838,0.0821,combined,1.7192,5.6600,0.2078,-0.2003,0.0556,0.7820,0.2631,1.1358
1.4277,31.1593,0.6443,path,2.0136,4.3600,0.0235,-1.2126,0.7535,0.7167,0.3973,1.1769
0.1320,13.7548,0.0281,lateral,0.9757,6.5600,0.1320,-0.0141,0.1313,0.5446,0.1549,0.0000
0.2514,3.7401,0.1310,straight,1.9055,5.1800,0.2514,-0.2478,0.0419,0.8034,0.3277,1.2643
1.7754,7.1689,0.4032,path,3.5850,5.8600,0.0141,-1.7070,0.4880,0.6566,0.3646,0.7067
1.2747,18.0309,0.5973,path,3.1726,5.2600,0.0100,-1.2579,0.2065,0.6460,0.3553,0.6019
0.3104,7.0072,0.0352,straight,1.3768,5.9800,0.3104,-0.3095,0.0235,0.4660,0.1864,0.3400
1.2532,7.0561,0.4063,path,2.4019,4.8600,0.0116,-1.2216,0.2798,0.9541,0.3673,0.5795
0.1596,0.5551,0.0733,straight,0.6227,7.5200,0.1539,-0.0818,0.1371,0.2168,0.0852,0.4617
0.6933,12.6594,0.2221,path,1.3409,4.7200,0.0061,-0.6931,0.0173,0.6435,0.2153,0.3064
0.1772,7.6034,0.0422,turn,0.0000,4.3400,0.0000,nan,nan,0.1441,0.0601,0.0000
0.3963,6.6161,0.1524,straight,1.6448,4.0600,0.3963,-0.3882,0.0795,0.7121,0.3188,0.5721
1.0014,70.8534,0.2384,path,1.2315,4.2400,0.0256,0.7021,0.7140,1.6330,0.5486,1.2810
0.1303,5.6615,0.0319,combined,1.2289,7.8200,0.1266,-0.1303,0.0025,0.5225,0.1457,0.5461
0.5269,8.1723,0.2654,straight,1.8649,4.9000,0.5269,-0.5161,0.1061,0.6050,0.2839,0.3031
1.3012,29.6863,0.5116,path,2.6152,4.6800,0.0142,-1.2135,0.4694,0.6987,0.4719,0.7075
0.0849,3.3457,0.0587,straight,0.4062,4.5600,0.0146,0.0849,0.0005,0.5829,0.1270,0.9609
1.1513,21.2520,0.4290,path,2.2131,4.7600,0.0103,-1.1046,0.3244,0.4452,0.2867,0.5176
0.8206,15.8966,0.2704,path,2.2500,7.4600,0.0061,-0.8095,0.1346,0.3342,0.2033,0.3022
1.1899,33.5173,0.4401,path,3.1326,5.9800,0.0157,-0.9504,0.7159,0.7071,0.4102,0.7830
0.2422,3.2428,0.0507,combined,1.4545,5.3400,0.2422,-0.2330,0.0661,0.7356,0.2183,0.7057
0.9421,9.7004,0.3246,path,2.4670,7.3400,0.0081,-0.9367,0.1007,0.3800,0.2157,0.4080
1.1265,18.9509,0.4764,path,2.9506,5.2400,0.0124,-1.0681,0.3581,0.8207,0.4093,0.6237
0.3430,3.3928,0.0385,combined,2.2659,7.6600,0.3430,-0.3291,0.0967,0.9030,0.2791,0.4028
1.5538,1.9515,0.6171,path,3.9578,6.3200,0.0130,-1.5535,0.0305,0.7213,0.3825,0.6285
1.2354,33.5030,0.4672,path,2.9351,5.2800,0.0191,-0.7016,1.0168,1.0188,0.5201,0.9535
1.1734,81.3082,0.6201,path,2.8546,6.2200,0.0240,-1.1231,0.3397,0.9075,0.4148,1.2186
1.1654,14.8736,0.3649,path,0.7695,5.4400,0.0204,-0.2003,1.1481,0.7303,0.3985,1.0232
1.2266,6.2677,0.3488,path,2.0104,4.8400,0.0083,-1.2220,0.1063,0.8550,0.2832,0.4164
1.2528,29.3831,0.3355,path,1.8375,6.5000,0.0247,0.6222,1.0874,1.2318,0.5558,1.2271
0.0820,5.5723,0.0156,lateral,1.1352,5.8200,0.0818,-0.0712,0.0407,0.6559,0.1905,0.4897
0.0945,1.4108,0.0863,turn,0.0000,5.1200,0.0000,nan,nan,0.1204,0.0473,0.4032
1.0027,23.1858,0.2303,path,2.1189,6.0200,0.0084,-0.9991,0.0847,1.1102,0.3279,0.4198
0.2394,43.4297,0.2104,path,4.3317,7.4200,0.0154,-0.0393,0.2362,1.1304,0.6077,0.7466
1.3487,17.8826,0.4668,path,3.4312,6.6400,0.0138,-1.1620,0.6846,1.1707,0.5228,0.6905
1.7840,25.8557,0.9428,path,3.4637,4.3000,0.0170,-1.7570,0.3092,0.9297,0.4228,0.8493
0.0994,4.3788,0.0603,straight,1.4815,7.8000,0.0994,-0.0854,0.0507,0.4333,0.1887,0.0000
1.5224,18.6618,0.3464,path,2.3474,5.1400,0.0204,-1.1961,0.9418,0.6640,0.3473,1.0189
0.5842,0.6576,0.1804,combined,1.3374,4.1800,0.5842,-0.5821,0.0493,0.3646,0.1762,0.4417
1.6887,10.5097,0.4905,path,3.0878,4.0400,0.0186,-1.6585,0.3184,0.7140,0.3751,0.9348
1.6008,10.5855,0.6248,path,4.0709,6.2600,0.0134,-1.5658,0.3331,0.8402,0.4446,0.6855
0.0562,13.7534,0.0779,combined,1.6131,6.3400,0.0531,-0.0020,0.0562,0.8055,0.2595,0.9269
0.1375,13.5672,0.0571,lateral,1.0412,6.6400,0.1375,-0.1275,0.0515,0.4196,0.1422,0.8668
2.1202,6.3218,0.6159,path,3.4516,5.8000,0.0122,-2.1161,0.1327,0.7421,0.2451,0.6074
0.0650,7.0255,0.0653,turn,0.0000,6.4800,0.0000,nan,nan,0.1366,0.0517,0.4275
0.1074,10.2272,0.0707,lateral,0.1450,4.9200,0.0962,-0.0620,0.0877,0.1218,0.0505,0.8107
0.0125,1.2962,0.0137,stand,0.0000,4.0600,0.0000,nan,nan,0.1337,0.0335,0.0000
0.0925,4.9060,0.0329,lateral,0.8308,5.1200,0.0925,-0.0885,0.0269,0.5206,0.1524,0.5903
2.0281,29.5799,1.1057,path,5.2296,6.3600,0.0209,-2.0281,0.0050,1.2796,0.6650,1.0398
1.0949,10.5163,0.3453,path,2.8578,7.4600,0.0079,-1.0928,0.0688,0.6808,0.2643,0.3936
0.8988,19.8289,0.2697,path,1.1324,5.8000,0.0092,-0.8939,0.0933,0.7630,0.1814,0.4590
0.0815,10.7842,0.0619,combined,2.0536,7.8200,0.0814,-0.0739,0.0342,0.8982,0.2614,0.8813
0.2318,4.8754,0.0164,lateral,0.5006,7.6200,0.2284,-0.1345,0.1888,0.3496,0.0865,1.0385
1.1770,8.4181,0.5160,path,2.5653,5.5200,0.0094,-1.1770,0.0088,1.3492,0.4810,0.4641
0.1693,10.3366,0.0501,lateral,0.1979,6.0600,0.1571,-0.0853,0.1463,0.1492,0.0581,0.5360
1.3706,5.9563,0.6244,path,2.0617,7.4600,0.0128,-1.0280,0.9066,0.6439,0.3207,0.6428
2.2624,3.8369,0.4274,path,3.7917,7.2800,0.0195,-1.8146,1.3512,0.7564,0.4087,0.9753
1.5465,59.7226,0.5979,path,2.3708,6.8400,0.0141,-1.4643,0.4975,0.7947,0.3490,0.7079
0.3775,41.5619,0.1087,path,1.2189,4.0000,0.0197,0.3195,0.2011,0.8345,0.3918,0.9801
0.0966,5.0060,0.0263,lateral,0.3885,5.8200,0.0902,-0.0359,0.0897,0.3156,0.0905,1.3195
0.1815,6.3062,0.0247,combined,1.5500,6.4800,0.1793,-0.1783,0.0339,0.8181,0.2318,0.7327
2.3586,7.0804,1.2123,path,5.9332,5.4400,0.0263,-2.3368,0.3195,1.5444,0.7276,1.3255
1.9831,0.3994,0.9744,path,6.0140,5.7600,0.0215,-1.9814,0.0818,1.2252,0.7537,1.0479
1.3953,10.6886,0.6262,path,3.0395,4.7200,0.0110,-1.3616,0.3049,1.1930,0.4278,0.6735
1.2406,2.4448,0.2974,path,2.1220,5.6400,0.0130,-1.0729,0.6229,0.8735,0.2619,0.6496
0.6385,8.5420,0.1770,path,2.5474,7.4000,0.0153,0.0259,0.6380,1.2498,0.5415,0.7679
0.7478,15.4329,0.4298,path,2.1723,5.4000,0.0089,-0.6594,0.3526,0.9978,0.3309,0.4889
0.0109,0.3929,0.0264,stand,0.0000,5.6600,0.0000,nan,nan,0.1135,0.0286,0.8393
2.0339,8.5196,0.8995,path,6.4142,7.3400,0.0184,-2.0306,0.1162,1.3877,0.7603,0.9247
1.8462,14.3469,0.7698,path,5.5040,7.6400,0.0157,-1.8317,0.2308,0.8548,0.5528,0.7784
1.3737,10.3716,0.4760,path,2.5674,4.2400,0.0121,-1.3732,0.0342,0.4739,0.2807,0.6054
0.2139,65.8250,0.4482,path,3.1176,5.1400,0.0233,-0.0944,0.1919,1.4702,0.6353,1.1654
0.0406,0.5796,0.0300,turn,0.0000,4.1600,0.0000,nan,nan,0.1403,0.0590,0.0000
0.9655,11.6591,0.2688,path,0.8841,4.4600,0.0157,-0.6039,0.7533,0.5329,0.2278,0.7834
1.8911,62.9428,1.2748,path,2.3336,7.1400,0.0228,-1.8292,0.4799,1.2332,0.5201,1.1392
0.1790,1.4215,0.0629,combined,0.9284,4.6800,0.1790,-0.1191,0.1336,0.5760,0.2154,0.6232
2.1609,8.0052,0.9831,path,6.5773,7.1800,0.0184,-2.1580,0.1132,1.0819,0.6294,0.9172
2.1067,34.5957,1.1218,path,5.0125,5.4200,0.0208,-1.9102,0.8883,1.1696,0.6496,1.0382
0.8801,19.0788,0.1908,path,1.0323,6.9200,0.0023,-0.6810,0.5575,0.9030,0.2136,0.3586
0.5197,17.4383,0.2045,path,1.3955,6.8400,0.0172,0.5008,0.1388,0.9517,0.3843,0.8555
0.1975,6.4527,0.1068,combined,0.9931,4.0000,0.1975,-0.1972,0.0116,0.3263,0.1831,0.0000
1.2301,11.4942,0.5959,path,3.4423,7.9800,0.0162,-0.5466,1.1020,0.9966,0.6090,0.8125
1.6398,12.4525,0.4645,path,3.4480,7.1400,0.0103,-1.6189,0.2612,0.5745,0.3031,0.5152
2.3211,10.7788,0.9237,path,6.2166,7.6600,0.0194,-2.0382,1.1105,1.1501,0.6172,0.9708
1.8454,27.0847,1.2164,path,3.6274,4.8400,0.0246,-1.4032,1.1985,1.3157,0.7522,1.2307
0.8263,17.4073,0.2497,path,1.4298,4.3600,0.0069,-0.8169,0.1243,0.7080,0.2105,0.3453
1.6739,3.9960,0.3287,path,2.2980,5.0800,0.0246,-0.9801,1.3569,0.7899,0.4250,1.2385
1.3010,53.2419,0.2751,path,1.7129,5.9400,0.0240,-1.2962,0.1115,0.4090,0.2163,1.2028
0.0162,0.5856,0.0139,stand,0.0000,5.0000,0.0000,nan,nan,0.0666,0.0285,0.7561
1.1988,17.4002,0.3316,path,2.5260,6.4600,0.0130,-0.9561,0.7231,1.1606,0.4599,0.6515
0.2939,3.6480,0.0605,combined,1.4270,5.8800,0.2939,-0.2930,0.0220,0.6233,0.2080,0.6056
0.1126,2.4181,0.1072,turn,0.0000,4.1400,0.0000,nan,nan,0.1200,0.0600,0.8327
0.1881,3.8655,0.0460,straight,1.3404,7.8600,0.1881,-0.1821,0.0474,0.4257,0.1601,1.1974
0.2415,3.3082,0.0705,combined,1.6592,7.5400,0.2411,-0.2322,0.0662,0.7042,0.2026,0.0000
0.0225,2.8481,0.0638,turn,0.0000,6.7200,0.0000,nan,nan,0.2661,0.0657,1.2029
0.1381,3.7466,0.0792,turn,0.0000,4.4800,0.0000,nan,nan,0.1157,0.0483,0.6130
0.0523,3.4626,0.0196,stand,0.0000,4.6200,0.0000,nan,nan,0.0739,0.0268,0.8297
1.1547,66.4998,0.7906,path,3.7506,5.2600,0.0221,-0.6411,0.9603,1.1662,0.6779,1.1011
0.1107,8.9629,0.0077,turn,0.0000,4.0800,0.0000,nan,nan,0.2017,0.0623,0.6385
1.3477,19.1395,0.2490,path,1.3535,6.4600,0.0151,-1.0789,0.8076,0.3864,0.2212,0.7553
0.1179,3.5069,0.0189,turn,0.0000,6.4400,0.0000,nan,nan,0.1465,0.0525,0.9325
0.1314,7.0902,0.1796,combined,1.5794,7.6600,0.1314,-0.1294,0.0226,0.7496,0.1907,0.0000
0.0425,1.1523,0.0343,stand,0.0000,6.5200,0.0000,nan,nan,0.0828,0.0286,0.0000
1.3373,51.5567,0.7406,path,3.7929,5.6800,0.0153,-0.9607,0.9302,1.0131,0.5793,0.7633
0.0277,3.7911,0.0355,stand,0.0000,6.5200,0.0000,nan,nan,0.0684,0.0267,0.8410
0.5726,4.2470,0.1623,combined,1.4307,4.0600,0.5726,-0.5680,0.0723,0.4353,0.2411,1.0357
0.7436,118.3289,0.0569,path,0.4949,5.9000,0.0160,-0.6862,0.2866,0.5203,0.1575,0.7986
0.4725,6.6823,0.1381,combined,2.2178,4.6200,0.4725,-0.4632,0.0931,1.1626,0.4098,0.8674
0.1260,2.8060,0.0552,turn,0.0000,4.8000,0.0000,nan,nan,0.2260,0.0659,0.9016
1.6844,7.5473,0.8152,path,4.8888,6.5200,0.0181,-1.6029,0.5176,0.9822,0.5763,0.9070
0.8004,8.2253,0.3326,path,1.7794,5.6000,0.0070,-0.7782,0.1874,0.4416,0.2685,0.3475
1.3172,39.3282,0.3462,path,1.2207,5.1000,0.0233,-0.6713,1.1333,0.6066,0.3682,1.1687
1.9288,25.0053,0.6274,path,2.7589,4.9800,0.0182,-1.8334,0.5992,1.0338,0.5625,0.9152
0.2292,1.2596,0.0753,lateral,0.0292,5.8600,0.0290,-0.2263,0.0364,0.1756,0.0605,1.0086
1.0252,39.5022,0.3973,path,1.9016,5.0400,0.0114,-0.8952,0.4997,0.5343,0.2694,0.5719
1.6065,2.6158,0.7260,path,3.4768,6.6200,0.0181,-0.9528,1.2934,0.9363,0.4883,0.9060
0.0840,4.3601,0.0589,combined,1.0856,7.4000,0.0840,-0.0345,0.0766,0.4216,0.1525,0.3162
1.1332,70.3016,0.1446,path,2.1975,5.6200,0.0101,-1.1022,0.2634,0.8200,0.3013,0.5080
0.3753,1.2724,0.1083,combined,2.1081,4.2400,0.3753,-0.3619,0.0995,1.0390,0.4139,1.3195
0.2985,3.1580,0.0559,lateral,1.4355,5.1800,0.2985,-0.2958,0.0394,0.7200,0.2244,0.9609
0.0468,8.9775,0.0528,lateral,0.3696,4.1600,0.0459,-0.0076,0.0462,0.3807,0.1155,0.6752
0.2536,1.7528,0.1276,combined,1.1554,4.3800,0.2536,-0.2535,0.0074,0.5613,0.2141,1.2029
0.3726,11.7740,0.1419,lateral,1.3592,4.0200,0.3726,-0.3726,0.0060,0.7315,0.2512,1.0724
0.1531,2.8992,0.1392,combined,1.2656,4.0400,0.1531,-0.1288,0.0827,0.6076,0.2893,0.0000
0.9512,9.8244,0.4966,path,1.7676,4.0400,0.0095,-0.9330,0.1850,0.6138,0.3808,0.4724
0.1457,1.1479,0.0912,straight,0.8366,4.0400,0.1457,-0.1457,0.0006,0.3493,0.1817,0.0000
1.7886,12.3142,0.4705,path,3.0255,4.0400,0.0201,-1.7317,0.4474,0.8504,0.3710,1.0075
2.0258,72.6089,0.8989,path,4.4105,4.0600,0.0243,-1.9817,0.4203,1.2011,0.6737,1.2234
1.3420,20.9926,0.5262,path,1.8953,4.0600,0.0268,-0.8843,1.0095,0.9713,0.5261,1.3371
0.4726,5.4536,0.0921,straight,1.5966,4.0800,0.4726,-0.4651,0.0838,0.5826,0.2887,0.7918
2.2179,21.8612,0.8748,path,3.7704,4.1200,0.0259,-2.1421,0.5749,0.9242,0.5399,1.3086
0.5559,0.9329,0.1787,combined,1.4086,4.1400,0.5559,-0.5449,0.1100,0.6083,0.2511,0.5721
0.1364,4.0036,0.0488,combined,0.2294,4.1400,0.1193,-0.1049,0.0873,0.2842,0.0759,0.4313
1.2987,12.8760,0.2090,path,2.1059,4.1600,0.0127,-1.2909,0.1418,0.4077,0.1956,0.6353
0.7154,10.2386,0.1822,combined,1.4018,4.1800,0.7154,-0.7143,0.0401,0.5598,0.1912,0.7806
0.8810,44.4235,0.3835,path,1.5346,4.2000,0.0095,-0.7539,0.4557,0.4742,0.2983,0.4730
1.7961,14.3721,0.7701,path,3.5685,4.2400,0.0201,-1.7349,0.4647,0.8554,0.5090,1.0037
0.2217,6.7619,0.0510,lateral,0.5534,4.2400,0.2217,-0.2203,0.0247,0.3369,0.0902,0.9998
1.3376,28.7082,0.4473,path,2.9683,4.2600,0.0220,-1.0271,0.8569,0.9927,0.5607,1.0975
0.1482,6.9130,0.0721,lateral,0.9474,4.2600,0.1482,-0.1477,0.0120,0.5452,0.2147,0.7495
1.0537,11.3678,0.2955,path,1.8679,4.2800,0.0092,-1.0462,0.1261,0.3382,0.1933,0.4621
0.0843,12.2879,0.0256,straight,0.0505,4.3400,0.0505,-0.0836,0.0108,0.4028,0.0971,0.3752
0.2018,0.0832,0.0460,straight,0.6184,4.3400,0.2018,-0.1820,0.0872,0.3595,0.1436,1.0414
0.8305,39.3529,0.2406,path,0.3680,4.3600,0.0271,-0.8303,0.0169,0.6089,0.2600,1.3577
1.3727,17.4211,0.4247,path,2.4091,4.4000,0.0131,-1.3366,0.3127,0.4807,0.3086,0.6558
1.2552,0.6552,0.3335,path,2.6668,5.9200,0.0215,-1.0876,0.6267,1.0619,0.5762,1.0761
2.5976,15.2533,1.1594,path,4.5085,4.4000,0.0275,-2.5085,0.6745,1.2019,0.5711,1.3874
0.0669,14.5146,0.0535,turn,0.0000,4.4200,0.0000,nan,nan,0.3704,0.1092,0.4430
1.7531,45.3685,0.2935,path,2.5569,4.4200,0.0178,-1.7310,0.2777,0.6483,0.2285,0.8866
1.1379,10.9711,0.4946,path,2.2467,4.4600,0.0102,-1.1330,0.1062,0.5209,0.2621,0.5039
0.8934,0.5459,0.4871,path,1.3571,4.4600,0.0126,-0.8932,0.0174,0.5273,0.3022,0.6311
0.2567,9.2340,0.1136,straight,1.3865,4.4600,0.2567,-0.2540,0.0366,0.6376,0.2867,0.6465
2.1168,23.9059,0.6937,path,3.9670,4.4800,0.0241,-1.8690,0.9939,1.0651,0.5991,1.2037
1.6554,34.8815,0.6828,path,2.6258,4.2200,0.0154,-1.6039,0.4094,0.8152,0.3883,0.7719
0.1605,10.2040,0.0745,lateral,1.1268,4.5000,0.1605,-0.1301,0.0940,0.5628,0.2377,0.6840
0.3216,5.9415,0.1000,straight,1.7593,4.5000,0.3216,-0.2881,0.1428,0.7106,0.3439,0.6649
0.3351,11.7948,0.1345,combined,1.9544,4.5200,0.3351,-0.2965,0.1561,0.9009,0.3944,1.1698
1.2627,10.7964,0.5319,path,2.0640,4.5200,0.0121,-1.2536,0.1512,0.5406,0.2402,0.6101
1.5280,4.9125,0.5673,path,2.5980,4.5400,0.0138,-1.4729,0.4065,0.5256,0.2751,0.6890
0.2816,5.7827,0.1848,lateral,1.4851,4.5400,0.2816,-0.2713,0.0755,0.7800,0.2696,0.7556
0.0947,4.3518,0.0178,turn,0.0000,4.5600,0.0000,nan,nan,0.1748,0.0640,0.5207
0.2825,5.2921,0.1058,combined,1.9448,4.5600,0.2825,-0.2819,0.0172,0.9977,0.3608,0.7561
0.0127,2.1399,0.0218,stand,0.0000,5.8600,0.0000,nan,nan,0.0849,0.0288,1.0385
1.2344,35.9215,0.6876,path,2.3967,4.5800,0.0138,-1.1899,0.3282,0.9112,0.3797,0.6884
2.2012,23.2167,0.8303,path,3.2918,4.6200,0.0170,-2.1541,0.4530,0.8978,0.2977,0.8511
0.0471,1.3874,0.0470,combined,2.1190,7.1400,0.0228,0.0462,0.0089,1.0945,0.3450,1.2643
1.3176,4.0408,0.3860,path,2.2169,4.6400,0.0123,-1.2794,0.3151,0.4955,0.2728,0.6194
2.0647,33.3689,0.2222,path,2.4595,4.6600,0.0117,-2.0628,0.0889,0.3464,0.1117,0.5829
1.0401,67.6806,0.8769,path,4.6892,4.6800,0.0265,-1.0324,0.1267,1.4478,0.8221,1.3261
1.4075,31.8656,0.1764,path,1.6631,4.7000,0.0073,-1.3968,0.1735,0.2696,0.1183,0.3624
0.1069,0.4672,0.0583,combined,0.2910,4.5200,0.1069,-0.1064,0.0101,0.2296,0.0969,0.9016
1.6434,28.5104,0.7594,path,3.2046,4.7400,0.0263,-0.9451,1.3445,1.1571,0.6661,1.3159
0.2384,7.8823,0.0717,straight,1.0072,4.7600,0.2384,-0.2372,0.0230,0.4705,0.1748,1.3115
0.1015,7.4325,0.0744,turn,0.0000,4.7800,0.0000,nan,nan,0.2600,0.0727,1.2329
1.4479,20.1700,0.3267,path,1.7596,4.8000,0.0217,-1.0048,1.0425,0.6965,0.3722,1.0842
0.2117,9.9189,0.1028,straight,0.7854,4.8000,0.2117,-0.2072,0.0430,0.3525,0.1440,0.9590
0.3374,20.3827,0.1655,path,2.4099,4.8800,0.0247,0.0260,0.3364,1.2295,0.5991,1.2312
0.8291,0.9979,0.3391,path,1.7578,4.9000,0.0073,-0.8082,0.1850,0.3767,0.2117,0.3655
2.3064,90.2670,0.5726,path,3.6015,4.9200,0.0191,-2.3062,0.0329,0.8564,0.2786,0.9461
1.0521,21.1198,0.3975,path,1.1815,4.9200,0.0133,-0.9455,0.4615,0.4190,0.2254,0.6676
0.0967,6.1474,0.0026,lateral,0.5559,4.9200,0.0967,-0.0639,0.0725,0.2638,0.1216,1.1836
0.3115,7.2901,0.0404,lateral,1.2295,5.0000,0.3107,-0.3081,0.0458,0.6233,0.1924,0.4248
1.3571,8.4736,0.3896,path,2.1385,5.0200,0.0118,-1.2999,0.3898,0.4215,0.2235,0.5920
1.5646,2.4035,0.5798,path,2.7948,5.0400,0.0241,-1.0482,1.1616,1.0258,0.5508,1.2025
0.2338,0.0016,0.0126,lateral,0.3494,5.0400,0.2306,-0.2240,0.0669,0.2458,0.0607,0.0000
0.3719,3.6202,0.0983,lateral,1.2993,5.0800,0.3719,-0.3614,0.0877,0.5503,0.2046,0.7270
1.8583,0.7265,0.7939,path,4.1269,5.0800,0.0164,-1.8578,0.0432,0.7952,0.4860,0.8120
0.8266,12.5836,0.3397,path,1.8652,5.1200,0.0076,-0.8224,0.0828,0.5103,0.3065,0.3778
1.6721,40.0068,1.1178,path,4.9187,7.1600,0.0165,-0.3231,1.6406,1.3602,0.7902,0.8264
2.5274,2.1327,0.3948,path,4.0751,5.1600,0.0226,-2.3766,0.8601,0.7488,0.3833,1.1315
1.4779,11.7565,0.7428,path,2.1381,5.2000,0.0261,-0.8814,1.1863,0.9358,0.5408,1.3011
0.4585,1.7263,0.1463,combined,1.8146,5.2000,0.4585,-0.4431,0.1179,0.7466,0.2810,0.7777
0.2974,9.5175,0.0353,stand,0.0000,5.2200,0.0000,nan,nan,0.5311,0.0943,0.7986
0.4276,4.2877,0.0551,combined,1.4358,5.2800,0.4276,-0.3937,0.1669,0.8940,0.2263,1.2336
0.1550,4.9751,0.0257,straight,0.4986,5.3000,0.1550,-0.1550,0.0019,0.2581,0.0935,0.4032
0.9598,27.0354,0.3580,path,1.4682,5.3200,0.0126,-0.7161,0.6391,0.4151,0.2528,0.6319
0.0551,2.7111,0.0043,straight,0.1253,5.3200,0.0323,0.0161,0.0528,0.2215,0.0598,0.4931
1.5873,2.3221,0.3629,path,2.5504,5.3200,0.0203,-1.1117,1.1330,0.9460,0.4423,1.0120
0.1190,1.0463,0.0144,turn,0.0000,5.7000,0.0000,nan,nan,0.2408,0.0780,0.5800
1.2205,0.9140,0.4073,path,0.9263,5.3600,0.0191,-1.0247,0.6630,0.5192,0.3316,0.9607
0.0296,11.9341,0.0875,turn,0.0000,5.7000,0.0000,nan,nan,0.2335,0.0621,0.4837
0.6477,5.8274,0.1652,path,3.0241,5.3800,0.0267,0.5555,0.3331,1.4004,0.6866,1.3337
0.3116,4.0985,0.0834,straight,1.6579,5.4000,0.3116,-0.2790,0.1386,0.7601,0.2775,1.2335
0.0814,1.2367,0.0328,turn,0.0000,5.4400,0.0000,nan,nan,0.3434,0.0765,0.0000
1.9046,27.9975,0.3501,path,2.6276,5.4400,0.0224,-0.8513,1.7038,1.0129,0.4866,1.1245
0.2135,2.1289,0.0502,lateral,1.0564,5.4800,0.2135,-0.1497,0.1523,0.6760,0.1753,0.3174
0.0715,0.6372,0.0642,lateral,0.0704,5.4800,0.0524,-0.0392,0.0598,0.2269,0.0532,0.7041
1.2104,29.0004,0.5538,path,2.6722,5.4800,0.0139,-1.0766,0.5531,0.6757,0.3635,0.6946
0.1476,2.3822,0.0339,straight,1.0397,5.4800,0.1476,-0.1331,0.0638,0.5288,0.1870,0.3781
0.3309,6.9392,0.0712,combined,1.7429,5.5000,0.3309,-0.3085,0.1199,0.5166,0.2590,0.8134
0.7164,3.7441,0.2249,path,1.4721,5.5200,0.0061,-0.7112,0.0857,0.3066,0.1789,0.3041
1.3445,16.5034,0.6931,path,3.1774,5.5400,0.0118,-1.3174,0.2690,0.7216,0.3496,0.5901
1.6675,2.2952,0.6411,path,3.8347,5.5400,0.0141,-1.6662,0.0673,0.7194,0.4454,0.7065
0.7454,48.4099,0.3246,path,2.0240,5.5600,0.0221,-0.6732,0.3199,0.7260,0.3420,1.1116
1.7614,25.8488,0.6251,path,2.6815,7.5800,0.0207,-0.1009,1.7585,0.9686,0.6225,1.0364
0.0698,10.5064,0.0957,combined,0.3187,5.5600,0.0316,0.0422,0.0557,0.2264,0.0867,0.5706
1.4383,27.5961,0.5294,path,3.3227,5.5600,0.0136,-1.3201,0.5711,0.6895,0.3819,0.6790
1.8807,15.4077,0.4855,path,2.8673,5.6000,0.0251,-1.0697,1.5468,1.4056,0.5317,1.2539
0.0448,8.4630,0.0735,turn,0.0000,5.6000,0.0000,nan,nan,0.2800,0.0613,0.8103
0.2805,3.4516,0.0928,combined,1.2232,5.6200,0.2805,-0.2730,0.0644,0.3715,0.1783,0.0000
0.0640,5.8056,0.0486,turn,0.0000,5.6400,0.0000,nan,nan,0.2276,0.0600,0.7673
1.2527,32.5709,0.4105,path,2.8706,5.6400,0.0147,-1.0164,0.7323,0.7839,0.4053,0.7359
0.1259,3.6837,0.0863,straight,0.5781,5.6600,0.1256,-0.1211,0.0343,0.2649,0.0996,1.1104
0.0248,1.6102,0.0151,stand,0.0000,5.6800,0.0000,nan,nan,0.1086,0.0293,1.0083
0.1256,3.6874,0.0617,turn,0.0000,5.6800,0.0000,nan,nan,0.3132,0.0590,0.5005
1.3644,8.6564,0.6491,path,3.3846,5.7000,0.0129,-1.3608,0.0993,0.7485,0.3916,0.6453
1.8672,13.7866,0.9444,path,4.9079,5.7000,0.0261,-1.5565,1.0313,1.1241,0.7641,1.3027
0.1830,6.6643,0.0535,combined,1.4157,5.7000,0.1827,-0.0581,0.1735,0.6766,0.2651,0.0000
2.1238,5.2610,0.7364,path,4.9275,5.7200,0.0201,-2.0742,0.4562,1.1180,0.5981,1.0095
0.8933,3.7401,0.4146,path,2.4927,5.7200,0.0092,-0.8902,0.0740,0.5530,0.3014,0.4626
1.0990,50.2884,0.2900,path,1.8407,5.7600,0.0136,-0.8832,0.6541,0.4901,0.3152,0.6786
0.1733,9.0538,0.0474,combined,0.3166,5.7800,0.1729,-0.1432,0.0976,0.3238,0.0805,0.8495
1.2789,36.3477,0.5327,path,2.4599,5.7800,0.0192,-0.7300,1.0501,0.9107,0.5517,0.9590
0.9446,44.5212,0.2726,path,2.1857,5.7800,0.0108,-0.8512,0.4096,0.4548,0.2906,0.5425
0.2375,7.0857,0.1268,lateral,1.1719,5.8000,0.2375,-0.2277,0.0674,0.5980,0.1788,0.9899
0.0886,4.1093,0.0902,lateral,0.5389,5.8000,0.0821,-0.0787,0.0408,0.4960,0.1049,1.0192
2.1062,39.2812,1.0026,path,3.9119,4.1000,0.0230,-1.9044,0.8996,1.1127,0.6107,1.1504
0.4503,9.2197,0.1695,path,3.3521,5.8400,0.0201,0.4096,0.1871,1.3551,0.6846,1.3944
1.2195,11.0082,0.3282,path,2.7366,5.8600,0.0120,-1.1400,0.4329,0.5876,0.3424,0.6024
2.4390,16.0658,0.6910,path,2.4809,5.8600,0.0265,-2.3610,0.6120,0.8317,0.3405,1.3134
1.9310,13.4235,0.4506,path,2.9413,5.8600,0.0231,-1.2677,1.4567,0.8705,0.5025,1.1544
2.0050,12.3695,0.9474,path,3.7971,5.8800,0.0190,-2.0035,0.0768,1.0651,0.4110,0.9535
0.2977,13.2173,0.0768,combined,1.7146,5.9000,0.2977,-0.2089,0.2121,0.6857,0.2597,1.0656
1.6790,16.0931,0.6192,path,2.1567,5.9600,0.0204,-0.9371,1.3931,1.4302,0.5523,1.0195
0.2284,1.2818,0.0881,combined,1.2911,5.9600,0.2284,-0.2274,0.0219,0.6211,0.1980,0.7445
2.1387,16.5085,1.0349,path,5.1280,5.9800,0.0227,-1.6946,1.3048,1.1198,0.7141,1.1336
0.1782,14.2085,0.0561,straight,1.0335,5.9800,0.1782,-0.1725,0.0449,0.3805,0.1685,0.0000
0.1498,4.0919,0.0185,turn,0.0000,6.0000,0.0000,nan,nan,0.2827,0.0597,0.7897
2.9978,17.7776,0.7230,path,4.7340,6.0000,0.0241,-2.8579,0.9051,1.0227,0.4142,1.2118
1.6275,2.8093,0.6696,path,4.8880,6.0200,0.0167,-1.6275,0.0048,1.1689,0.5743,0.8351
1.8826,0.5154,0.8228,path,5.1280,6.0400,0.0176,-1.8766,0.1501,0.9253,0.5518,0.8789
1.2717,9.7920,0.5639,path,2.4723,6.0400,0.0086,-1.2710,0.0436,0.6032,0.2085,0.4319
1.0432,0.8867,0.4152,path,1.4755,6.0600,0.0141,-0.6525,0.8139,0.8061,0.3214,0.7062
2.0122,4.1735,0.6598,path,4.0822,6.1000,0.0153,-1.9726,0.3969,0.7753,0.3987,0.7674
0.2471,1.2884,0.0468,lateral,1.3108,6.1200,0.2471,-0.2121,0.1269,0.7857,0.2030,0.3444
1.0302,0.2350,0.3643,path,1.8153,6.1400,0.0061,-1.0287,0.0558,0.3971,0.1442,0.3045
0.7813,2.1449,0.0639,path,2.9668,6.1400,0.0223,0.7786,0.0654,1.4768,0.6447,1.1137
0.3896,2.8120,0.0628,combined,1.8144,6.1600,0.3896,-0.3881,0.0345,0.9414,0.2457,1.0615
1.7128,16.8048,0.5604,path,1.5222,6.1800,0.0189,-1.4746,0.8715,0.7760,0.4223,0.9463
1.3486,3.7710,0.9012,path,4.8287,6.2200,0.0161,-1.3225,0.2637,1.0688,0.7372,0.8047
1.3976,9.4501,0.2215,path,2.8487,6.2400,0.0115,-1.3073,0.4940,0.4473,0.2704,0.5733
0.0625,4.6669,0.0899,turn,0.0000,6.2400,0.0000,nan,nan,0.2042,0.0652,0.3692
0.0983,5.9257,0.0692,lateral,0.5326,6.2600,0.0945,-0.0978,0.0096,0.5096,0.0835,0.5360
0.9746,0.0222,0.3888,path,2.2936,6.2600,0.0075,-0.9680,0.1129,0.4118,0.2501,0.3744
0.0601,2.9858,0.0343,turn,0.0000,6.2800,0.0000,nan,nan,0.2224,0.0660,1.1358
1.2428,14.0520,0.5187,path,2.9019,6.3000,0.0099,-1.2396,0.0900,0.5485,0.2830,0.5050
1.0868,23.4520,0.3027,path,1.8838,6.3200,0.0081,-1.0075,0.4075,0.3370,0.2155,0.4071
1.6678,16.0072,0.3298,path,2.4584,6.3400,0.0138,-1.5193,0.6880,0.5893,0.2752,0.6919
0.1113,5.8670,0.0138,straight,0.1612,6.3400,0.1022,-0.0237,0.1087,0.5242,0.0904,0.8421
0.2628,15.8062,0.0320,straight,0.9618,6.3800,0.2628,-0.2336,0.1206,0.5913,0.1483,0.0000
0.1300,4.9914,0.0687,lateral,1.3863,6.3800,0.1299,-0.0144,0.1292,0.8217,0.2259,0.0000
0.1084,6.2920,0.0252,straight,0.3603,6.4000,0.1084,-0.1034,0.0327,0.4249,0.0725,0.3806
0.0545,2.0142,0.0593,straight,0.6907,6.4200,0.0224,0.0544,0.0031,0.4471,0.1477,0.9028
1.6242,3.0919,0.2830,path,3.5912,7.5200,0.0100,-1.6112,0.2048,1.4173,0.4662,0.4933
0.9084,7.6374,0.4089,path,2.4460,6.4800,0.0076,-0.9060,0.0660,0.5045,0.2646,0.3777
1.4155,8.2747,0.5695,path,1.8008,6.5600,0.0166,-0.9389,1.0593,0.8314,0.4657,0.8336
1.1386,37.8767,0.4741,path,2.1402,4.8400,0.0118,-0.9961,0.5516,0.5554,0.3475,0.5883
0.7862,51.7242,0.4158,path,2.5164,6.5600,0.0228,-0.3060,0.7242,0.9952,0.4692,1.1313
0.0754,7.5894,0.0514,combined,0.0954,6.5800,0.0744,-0.0690,0.0304,0.2748,0.0593,0.7488
0.1332,10.6533,0.0553,straight,1.9935,6.6000,0.0715,0.1274,0.0388,1.3149,0.3715,0.7327
1.4397,18.3195,0.2095,path,0.9124,6.6400,0.0188,-0.9044,1.1202,0.8192,0.3230,0.9372
0.1892,9.5961,0.0799,combined,0.7670,6.6600,0.1892,-0.1705,0.0821,0.3775,0.1182,1.0643
0.5692,66.3396,0.1555,path,1.4554,7.2800,0.0179,0.3167,0.4730,1.4093,0.5405,0.8926
1.7564,26.1748,0.4557,path,2.8928,6.6800,0.0225,-1.5122,0.8933,0.8959,0.3754,1.1332
0.0376,3.8842,0.0458,turn,0.0000,6.6800,0.0000,nan,nan,0.3067,0.0560,0.0000
0.9580,16.5133,0.5669,path,2.7120,6.7000,0.0083,-0.9197,0.2681,0.5753,0.2795,0.4158
1.4825,7.2059,0.5528,path,4.3813,6.7000,0.0173,-1.4362,0.3678,0.9685,0.5575,0.8631
0.1713,8.8591,0.0253,combined,0.8381,6.7200,0.1713,-0.1277,0.1142,0.5240,0.1279,0.9269
1.2309,17.0562,0.2641,path,2.2184,6.7200,0.0071,-1.1972,0.2858,0.3464,0.1841,0.3547
0.0673,7.1453,0.0848,straight,1.4580,6.7400,0.0583,-0.0637,0.0218,0.7990,0.2367,0.7809
2.2573,31.4116,1.2965,path,6.5384,6.7400,0.0239,-1.6475,1.5431,1.4401,0.8520,1.1947
0.5104,22.1407,0.1386,path,0.8394,6.7800,0.0085,-0.3101,0.4053,0.2576,0.1428,0.4266
1.7234,3.3709,0.5097,path,3.7448,6.7800,0.0124,-1.6888,0.3435,0.7071,0.3438,0.6162
0.2664,8.1749,0.1011,combined,2.1433,6.8000,0.2664,-0.2625,0.0456,0.7588,0.2742,0.6130
0.0490,2.1492,0.0517,turn,0.0000,6.8000,0.0000,nan,nan,0.6272,0.0858,0.0000
1.6624,18.3489,0.5774,path,4.0766,6.8200,0.0135,-1.5509,0.5985,0.7475,0.4316,0.6731
0.0827,7.6862,0.0178,lateral,0.3901,6.8200,0.0303,0.0516,0.0647,0.2465,0.0807,1.0987
1.9843,12.0711,0.8798,path,5.1193,6.8400,0.0268,-1.6135,1.1551,1.3728,0.8237,1.3419
0.8999,1.0292,0.3440,path,2.6669,7.3400,0.0074,-0.8823,0.1774,0.4880,0.2760,0.3709
0.1756,4.9560,0.0156,combined,1.5526,6.8600,0.1753,-0.1603,0.0715,0.8247,0.2172,0.6805
0.1334,10.7631,0.0906,straight,0.6466,6.8600,0.1334,-0.0740,0.1110,0.3168,0.1032,0.5818
0.3949,8.3884,0.1024,combined,1.9118,6.8600,0.3949,-0.3917,0.0495,0.6151,0.2358,0.5277
0.1310,38.3223,0.0079,path,0.6472,6.8600,0.0200,0.0344,0.1264,0.5978,0.2833,0.9992
0.4191,65.7502,0.0913,path,2.2619,6.9000,0.0201,0.2621,0.3271,1.2558,0.5523,0.9986
1.6443,4.5082,0.7718,path,4.0737,6.9400,0.0271,-0.8677,1.3967,1.1567,0.7414,1.3549
0.0383,4.0212,0.0554,lateral,1.4159,6.9400,0.0355,-0.0227,0.0309,0.8985,0.2228,1.1713
1.6690,14.9531,0.6704,path,2.8833,5.2000,0.0246,-1.2855,1.0645,0.7814,0.5203,1.2309
0.0322,1.6469,0.0964,turn,0.0000,6.9600,0.0000,nan,nan,0.4719,0.0882,0.9325
0.2191,10.3678,0.0365,combined,1.5167,6.9800,0.2191,-0.2143,0.0456,0.5462,0.2033,1.0378
1.7415,2.2481,0.9125,path,6.2030,7.0200,0.0180,-1.7088,0.3361,1.0194,0.6565,0.8963
1.2630,10.5081,0.4634,path,2.6887,7.0200,0.0116,-1.1523,0.5171,0.5918,0.2981,0.5779
0.1272,5.7138,0.0895,combined,1.6965,7.0400,0.1272,-0.0358,0.1221,0.5948,0.2489,0.3637
0.0660,1.9840,0.0180,straight,0.1275,7.0600,0.0173,0.0655,0.0085,0.1708,0.0608,1.3110
0.1762,6.8554,0.0538,combined,0.4724,7.0600,0.1721,-0.1655,0.0604,0.3887,0.0705,1.2691
0.1387,3.0143,0.0217,turn,0.0000,5.0800,0.0000,nan,nan,0.1991,0.0864,1.0086
0.8484,14.2196,0.2669,path,0.8054,7.0800,0.0129,0.7546,0.3878,0.7660,0.3298,0.6463
0.1252,9.4948,0.0263,turn,0.0000,7.0800,0.0000,nan,nan,0.2071,0.0610,0.5611
0.0486,4.2030,0.0307,turn,0.0000,7.1400,0.0000,nan,nan,0.1731,0.0486,0.8486
1.2623,45.4592,0.4398,path,1.1907,7.1400,0.0191,-1.2565,0.1205,0.5330,0.3295,0.9529
0.1524,3.8310,0.0398,combined,0.6642,7.1400,0.1426,0.0830,0.1278,0.6813,0.1598,0.7426
0.1567,0.1691,0.0711,lateral,0.5736,7.1600,0.1520,-0.1486,0.0497,0.3028,0.0808,0.5270
0.8825,18.3498,0.2367,path,2.0612,7.1800,0.0062,-0.8376,0.2780,0.5132,0.2171,0.3105
1.5820,16.0539,0.4706,path,3.3626,7.2000,0.0094,-1.5812,0.0498,0.5121,0.2671,0.4671
0.0869,10.5063,0.0451,lateral,1.3515,7.2000,0.0869,-0.0725,0.0479,0.8435,0.1982,0.4666
0.1287,7.6078,0.1005,combined,1.0226,7.2200,0.1287,-0.1226,0.0391,0.4127,0.1363,0.5461
0.0595,0.1652,0.0355,turn,0.0000,7.2200,0.0000,nan,nan,0.1732,0.0454,0.8849
0.1989,2.0263,0.0116,lateral,1.1331,7.2400,0.1989,-0.1949,0.0395,0.3706,0.1383,0.9568
0.0655,0.5881,0.0710,straight,0.4487,7.2800,0.0605,0.0039,0.0654,0.3919,0.0997,0.0000
0.8256,25.2629,0.0853,path,3.1153,7.3000,0.0243,0.8249,0.0347,1.2544,0.6808,1.2171
0.1589,9.6856,0.0726,straight,1.9756,7.3000,0.1584,-0.1545,0.0371,0.8190,0.2766,0.9360
0.3526,5.4744,0.1060,combined,2.0736,7.3200,0.3526,-0.3482,0.0554,0.5597,0.2672,0.9231
0.9807,5.2351,0.4256,path,3.7285,7.3400,0.0162,-0.7520,0.6295,0.9258,0.4654,0.8124
1.3854,23.1783,0.4401,path,1.7522,7.4000,0.0192,1.2123,0.6705,1.0704,0.5791,0.9613
0.8877,16.6110,0.2269,path,1.0027,7.4400,0.0112,-0.6125,0.6426,0.4769,0.1975,0.5619
1.1356,25.5477,0.4229,path,2.6018,7.4600,0.0103,-0.8812,0.7163,0.4796,0.3277,0.5162
2.0305,48.6555,1.0347,path,2.6265,7.4600,0.0254,-2.0218,0.1879,1.2116,0.6103,1.2709
0.7774,38.9523,0.2760,path,0.6585,7.4800,0.0141,-0.6930,0.3521,0.4128,0.2572,0.7054
0.0607,0.5005,0.0741,combined,0.2161,7.5000,0.0384,0.0043,0.0606,0.3008,0.0644,0.4617
1.1784,14.0847,0.4149,path,3.5989,7.5000,0.0136,-0.9039,0.7560,0.7723,0.4362,0.6779
1.3900,2.9587,0.6165,path,6.2002,7.5000,0.0177,-1.3599,0.2876,1.1488,0.6909,0.8862
0.1127,2.1044,0.0755,turn,0.0000,7.5000,0.0000,nan,nan,0.2114,0.0562,0.3115
0.5872,18.0065,0.3488,path,2.3427,7.5800,0.0070,-0.5872,0.0055,0.4652,0.2765,0.3534
1.1906,17.6776,0.1663,path,2.2757,7.6000,0.0093,-1.0360,0.5866,0.3784,0.2295,0.4651
1.6830,9.3252,0.5493,path,1.9693,7.6200,0.0264,0.7543,1.5046,1.4670,0.6027,1.3204
0.4495,30.2221,0.2534,path,1.6279,7.6200,0.0102,0.4233,0.1512,0.7161,0.3975,0.5103
0.1214,6.1655,0.0880,turn,0.0000,7.6200,0.0000,nan,nan,0.8679,0.1252,0.8994
1.7977,34.7744,0.5087,path,1.8258,7.6400,0.0278,-1.7724,0.3005,0.8012,0.4033,1.3904
0.0669,0.0997,0.0775,turn,0.0000,7.6400,0.0000,nan,nan,0.3416,0.0664,0.4968
0.0581,21.4891,0.0288,turn,0.0000,7.6600,0.0000,nan,nan,0.3584,0.0672,0.8410
0.0903,11.5361,0.0771,combined,1.0653,7.7200,0.0903,-0.0692,0.0580,0.4407,0.1510,1.0074
1.1535,59.5518,0.3809,path,1.3353,5.1800,0.0191,-0.5107,1.0343,0.8463,0.4185,0.9555
2.1293,1.8707,0.7430,path,1.8175,7.7600,0.0224,-2.1231,0.1616,0.8312,0.4152,1.1187
2.4742,23.9591,1.0257,path,6.3057,7.7600,0.0250,-1.5523,1.9267,1.3755,0.8486,1.2524
0.0787,5.7226,0.0438,lateral,0.0524,7.8000,0.0148,0.0315,0.0721,0.1984,0.0561,0.0000
0.0428,0.9819,0.0361,stand,0.0000,7.8200,0.0000,nan,nan,0.1388,0.0335,0.6876
1.5513,35.3664,0.7034,path,1.2414,7.8600,0.0223,-0.8865,1.2731,0.7796,0.5601,1.1118
1.9913,20.4428,0.9299,path,6.5529,7.8800,0.0207,-1.9819,0.1934,1.2159,0.6565,1.0458
1.5429,13.3041,0.3168,path,3.3422,7.9000,0.0085,-1.5418,0.0579,0.4791,0.2438,0.4230
0.0206,1.8241,0.0430,stand,0.0000,4.8000,0.0000,nan,nan,0.1023,0.0332,0.9609
0.0570,4.9677,0.0545,turn,0.0000,7.9200,0.0000,nan,nan,0.5099,0.0775,0.8088
0.0557,2.5888,0.0143,stand,0.0000,7.9800,0.0000,nan,nan,0.1352,0.0335,0.8037
0.1512,16.1264,0.0311,turn,0.0000,7.9800,0.0000,nan,nan,0.3026,0.0920,0.6419
2.3511,27.5836,1.3202,path,4.9116,4.0400,0.0258,-2.2727,0.6020,1.3572,0.6961,1.2822
0.0448,12.5131,0.0111,turn,0.0000,4.2800,0.0000,nan,nan,0.1855,0.0539,1.0724
0.1213,30.6482,0.0748,path,0.6393,5.6000,0.0037,-0.0003,0.1213,0.7260,0.1549,0.3001
2.2807,0.2786,1.1360,path,4.0227,4.2200,0.0264,-2.2760,0.1462,1.1995,0.5387,1.3316
0.0440,0.1078,0.0347,stand,0.0000,4.3400,0.0000,nan,nan,0.2150,0.0400,0.5721
1.4549,45.8703,0.6638,path,4.3288,6.6400,0.0158,-1.3220,0.6074,0.9276,0.5665,0.7062
0.0336,3.0826,0.0223,stand,0.0000,5.5800,0.0000,nan,nan,0.1083,0.0317,1.3195
0.3138,0.6563,0.1106,combined,1.5373,4.9000,0.3138,-0.2981,0.0980,0.5555,0.2755,0.6752
0.0839,1.5336,0.0443,turn,0.0000,4.1000,0.0000,nan,nan,0.4252,0.0950,1.2643
0.0878,9.0009,0.0654,turn,0.0000,4.1800,0.0000,nan,nan,0.1381,0.0638,0.5207
1.6217,23.1691,0.5025,path,2.8071,4.7000,0.0125,-1.6156,0.1400,0.5706,0.2728,0.6220
2.4839,37.8833,1.2281,path,5.0365,4.3600,0.0258,-2.3848,0.6944,1.3681,0.8430,1.2907
0.0162,1.3698,0.0176,stand,0.0000,4.3000,0.0000,nan,nan,0.1285,0.0287,0.6649
1.6529,54.0567,0.7477,path,2.9349,4.2400,0.0168,-1.4696,0.7565,1.0031,0.5828,0.8395
0.1609,0.6115,0.0588,straight,0.6894,4.7600,0.1609,-0.1480,0.0632,0.2639,0.1216,0.4313
1.6180,15.4822,0.5490,path,2.9705,4.4400,0.0138,-1.6099,0.1616,0.6937,0.3949,0.6703
0.3544,7.3719,0.1214,lateral,1.4618,4.4200,0.3544,-0.3465,0.0747,0.6634,0.2573,1.0385
1.2506,19.4443,0.7302,path,3.1489,4.7800,0.0146,-1.1283,0.5395,0.9630,0.5721,0.7280
0.1212,0.7391,0.0688,turn,0.0000,4.0800,0.0000,nan,nan,0.1890,0.0749,1.1836
1.8933,6.2817,0.5314,path,3.0315,4.8800,0.0157,-1.8793,0.2293,0.5914,0.2714,0.7822
0.0241,0.5462,0.0322,turn,0.0000,4.8600,0.0000,nan,nan,0.1966,0.0653,0.7495
1.6631,38.5866,0.7848,path,1.8629,4.8400,0.0277,-0.7289,1.4949,0.9276,0.5100,1.3859
0.3040,8.7427,0.0395,lateral,1.4406,4.8800,0.3040,-0.3039,0.0076,0.6340,0.2371,1.0414
1.1307,26.8498,0.3641,path,2.1341,4.4000,0.0111,-1.1150,0.1878,0.5202,0.2664,0.5543
0.4476,8.2101,0.0924,combined,1.6158,4.5200,0.4476,-0.4376,0.0941,0.5371,0.2664,1.2329
2.1642,17.2852,0.4782,path,3.1973,4.9000,0.0251,-1.9000,1.0364,0.8899,0.4231,1.2541
0.2857,7.6036,0.0667,straight,1.3030,5.0400,0.2857,-0.2822,0.0449,0.6046,0.2211,1.2503
0.0405,1.0730,0.0757,straight,0.3899,4.0600,0.0405,-0.0403,0.0033,0.1901,0.1006,0.7041
0.1064,2.4960,0.0411,straight,0.3892,5.5200,0.1036,-0.0902,0.0565,0.1837,0.0801,0.0000
0.9631,22.8364,0.8046,path,2.6365,4.6600,0.0123,-0.9330,0.2388,0.9635,0.4741,0.6140
0.5629,6.8528,0.1950,combined,1.7492,4.0200,0.5629,-0.5344,0.1770,0.5795,0.3118,0.8103
0.0551,0.1503,0.0416,turn,0.0000,5.0800,0.0000,nan,nan,0.2553,0.0758,0.7561
0.8417,11.7539,0.6795,path,2.8764,5.0600,0.0119,-0.8257,0.1635,1.0585,0.5077,0.5957
0.0499,0.1899,0.0197,stand,0.0000,4.5200,0.0000,nan,nan,0.3506,0.0655,1.4040
1.9712,1.8857,1.0519,path,4.1348,4.4400,0.0207,-1.9291,0.4054,1.1428,0.5932,1.0355
0.1124,2.7057,0.0675,turn,0.0000,5.1000,0.0000,nan,nan,0.1404,0.0511,0.9016
0.0477,5.3028,0.0069,straight,0.4162,5.3600,0.0471,-0.0477,0.0022,0.2364,0.0908,0.6840
0.0280,0.9536,0.0163,stand,0.0000,4.4200,0.0000,nan,nan,0.1222,0.0422,0.0000
2.3671,20.8729,1.0597,path,5.2714,5.3800,0.0225,-2.1917,0.8942,1.2561,0.6766,1.1296
1.3161,29.7577,0.4906,path,2.8790,4.5000,0.0167,-1.1281,0.6779,0.7693,0.4196,0.8323
0.0452,2.6330,0.0654,straight,0.0065,4.0200,0.0037,0.0262,0.0368,0.1100,0.0491,0.7445
0.0223,0.5266,0.0164,stand,0.0000,4.3400,0.0000,nan,nan,0.1090,0.0271,0.5005
2.0802,14.2930,0.7131,path,3.0937,4.4800,0.0268,-1.8880,0.8733,1.0664,0.4850,1.3469
1.5817,8.9120,0.8974,path,4.9794,5.6000,0.0195,-1.5726,0.1697,1.1505,0.6803,0.9745
1.4036,1.1596,0.5839,path,3.5607,5.8800,0.0125,-1.3989,0.1137,0.7701,0.4401,0.6259
0.5273,20.1759,0.1272,straight,1.8362,4.9600,0.5273,-0.5230,0.0674,0.5269,0.2649,0.7986
0.7235,16.1242,0.2468,path,1.9361,7.0600,0.0077,-0.5940,0.4132,0.5132,0.2902,0.3823
0.2955,10.1912,0.0530,straight,1.7223,4.7200,0.2955,-0.2872,0.0696,0.7551,0.3114,0.3781
1.3906,9.2658,0.3448,path,2.6022,5.9000,0.0159,-1.1364,0.8014,0.7453,0.3270,0.7919
0.0929,4.6978,0.0165,straight,0.1228,6.0400,0.0758,-0.0907,0.0199,0.1180,0.0450,0.9998
1.0268,39.8261,0.3365,path,0.9752,4.5600,0.0180,-0.5221,0.8842,0.7328,0.3071,0.8995
0.1565,0.9010,0.0202,combined,0.5269,7.5000,0.1504,-0.0487,0.1487,0.2017,0.0717,0.3162
0.7552,0.2739,0.3637,path,1.3274,4.3000,0.0064,-0.7551,0.0091,0.5371,0.2186,0.3206
2.3574,9.7297,0.9035,path,3.1387,5.6200,0.0248,-2.2291,0.7671,0.9066,0.4277,1.2411
1.9071,16.4383,0.8316,path,5.3084,5.3800,0.0201,-1.8455,0.4805,1.2558,0.7378,0.9984
0.1370,0.7100,0.0591,lateral,0.7186,6.3800,0.1370,-0.0785,0.1123,0.3499,0.1119,0.7918
1.9784,12.9129,0.0225,path,2.1943,4.6000,0.0096,-1.9655,0.2253,0.7257,0.0969,0.4793
0.6267,14.7985,0.0868,lateral,1.3836,4.1000,0.6267,-0.6257,0.0346,0.4486,0.1863,0.0000
1.8216,56.9362,0.7648,path,3.7319,5.7800,0.0195,-1.8176,0.1199,0.7988,0.4768,0.9701
1.3520,0.8054,0.5578,path,3.4888,6.3800,0.0043,-1.2751,0.4493,0.8748,0.4064,0.6345
1.1270,11.5201,0.3566,path,1.3113,6.4600,0.0139,-0.7496,0.8416,0.6868,0.3650,0.6948
1.2173,119.3917,0.7027,path,3.8128,6.0600,0.0134,-1.2012,0.1972,0.7372,0.4509,0.6720
1.4847,37.6902,0.2616,path,1.1944,5.3200,0.0176,-1.2651,0.7770,0.7534,0.2963,0.8806
0.2434,5.9377,0.1250,straight,1.8648,5.4800,0.2434,-0.1941,0.1468,0.8149,0.3119,0.0000
1.8057,13.3489,0.7485,path,4.4501,5.4600,0.0167,-1.7849,0.2734,0.8771,0.4982,0.8171
0.8239,22.7879,0.3660,path,1.9918,5.4200,0.0074,-0.7834,0.2550,1.2841,0.4650,0.3704
1.8364,1.1830,0.3419,path,2.0333,6.0600,0.0068,-1.8333,0.1059,0.8567,0.1418,0.3386
0.0315,7.5227,0.0447,turn,0.0000,4.8400,0.0000,nan,nan,0.2196,0.0812,0.9899
1.9752,5.6642,1.4376,path,4.9261,5.7800,0.0229,-1.8979,0.5472,1.4395,0.6656,1.1466
1.2431,38.8786,0.4014,path,0.5905,5.3600,0.0254,-1.2392,0.0989,0.5853,0.3269,1.2722
0.1752,0.7627,0.1304,combined,1.1740,6.6600,0.1752,-0.1751,0.0064,0.3721,0.1564,0.0000
1.0788,26.0506,0.5469,path,1.7486,4.0600,0.0253,-0.7672,0.7584,0.8105,0.4633,1.2681
0.3014,3.6821,0.0590,straight,0.7875,5.2400,0.3014,-0.2798,0.1119,0.6420,0.1909,0.9890
0.0769,1.3984,0.0581,turn,0.0000,4.4800,0.0000,nan,nan,0.1540,0.0573,1.1358
0.1041,4.7647,0.1038,turn,0.0000,6.3600,0.0000,nan,nan,0.1640,0.0569,0.4430
1.4289,34.1202,0.4463,path,0.9513,5.6800,0.0220,0.6802,1.2567,1.2250,0.5304,1.1006
1.8622,18.4722,0.2558,path,3.1016,6.8600,0.0275,-1.3524,1.2801,1.3567,0.5248,1.3718
0.2477,5.9102,0.1213,lateral,0.8210,6.7800,0.2318,0.0368,0.2450,0.3725,0.1390,0.7806
0.1024,15.2867,0.0752,turn,0.0000,5.7600,0.0000,nan,nan,0.1619,0.0586,1.2336
1.3310,12.8066,0.3756,path,3.0236,6.5000,0.0132,-1.1719,0.6310,0.6176,0.3648,0.6601
1.2765,21.4644,0.4707,path,2.9955,5.4000,0.0119,-1.2596,0.2076,0.7965,0.4329,0.5922
0.1333,12.4526,0.0827,straight,1.2454,5.7400,0.1333,-0.1286,0.0353,0.5174,0.2060,0.4837
1.1432,31.5581,0.3690,path,1.5889,6.6400,0.0130,-1.1126,0.2628,0.5160,0.2641,0.6527
0.8129,15.7055,0.2575,path,1.5166,5.5200,0.0064,-0.8030,0.1264,0.5390,0.2368,0.3199
0.9920,42.8752,0.3330,path,1.6314,5.5800,0.0235,0.7114,0.6914,1.2395,0.6177,1.1731
1.1967,14.9014,0.3829,path,1.1731,4.8400,0.0137,-1.1841,0.1729,0.5187,0.1877,0.6888
0.3197,9.0061,0.0979,combined,1.4560,4.0200,0.3197,-0.3182,0.0311,0.5860,0.2655,0.8486
1.4195,152.3778,1.2566,path,3.3141,4.1800,0.0242,-0.4420,1.3489,1.5377,0.7877,1.2089
2.7706,73.6686,1.0458,path,4.1255,4.9800,0.0248,-2.7531,0.3103,1.0553,0.3689,1.2353
1.0160,14.9229,0.2422,path,0.6942,6.5600,0.0171,0.2924,0.9730,0.8769,0.3274,0.8532
0.5647,13.2987,0.0903,path,3.2942,5.8200,0.0242,0.5323,0.1886,1.4443,0.6953,1.2097
0.0318,1.9563,0.0874,turn,0.0000,5.1800,0.0000,nan,nan,0.1956,0.0695,0.3444
0.4026,12.7378,0.1655,straight,1.5794,4.2000,0.4026,-0.3996,0.0494,0.6037,0.2823,0.7426
0.0062,2.0457,0.0571,turn,0.0000,5.7200,0.0000,nan,nan,0.2625,0.0672,0.7673
0.8217,52.0481,0.6127,path,3.8008,4.6600,0.0275,-0.4889,0.6605,1.5172,0.8202,1.3827
0.3430,15.6424,0.1960,combined,1.8163,6.3000,0.3430,-0.3423,0.0208,0.5803,0.2282,0.7270
0.0305,2.4162,0.0378,stand,0.0000,6.1000,0.0000,nan,nan,0.0922,0.0312,0.5800
0.0832,1.8629,0.0822,lateral,0.7709,5.6800,0.0832,-0.0699,0.0450,0.4818,0.1325,1.0192
0.1985,17.0575,0.0531,lateral,0.2994,7.1800,0.1927,-0.1598,0.1177,0.5647,0.0992,1.1482
0.7759,30.4253,0.3465,path,2.4450,7.1400,0.0070,-0.7113,0.3100,0.4856,0.2907,0.3509
1.7187,4.9209,0.7564,path,3.7063,7.1600,0.0166,-1.5228,0.7970,0.8283,0.4955,0.8306
1.7068,24.7784,1.3683,path,6.5380,6.8400,0.0240,-0.9989,1.3839,1.4398,0.9573,1.1999
0.1040,11.6374,0.0456,lateral,0.8672,7.2800,0.1019,-0.0934,0.0458,0.4749,0.1246,0.3752
0.9887,21.0461,0.2902,path,0.8963,5.3600,0.0208,0.0196,0.9885,0.7521,0.3297,1.0355
2.1647,12.6141,1.0642,path,5.5050,4.9800,0.0235,-2.0855,0.5802,1.1653,0.6993,1.1027
1.0066,27.7176,0.3230,path,1.7566,4.8400,0.0090,-0.9976,0.1341,0.5617,0.2185,0.4497
0.1723,6.6412,0.0138,combined,1.0463,6.0200,0.1723,-0.1676,0.0398,0.4728,0.1511,0.0000
1.4416,3.2810,0.2859,path,2.0028,6.2800,0.0130,-1.3312,0.5533,0.4665,0.2141,0.6510
1.0623,4.1412,0.4435,path,1.2444,6.2000,0.0112,-1.0446,0.1934,0.5225,0.2783,0.5595
0.0499,3.6575,0.0536,turn,0.0000,4.8000,0.0000,nan,nan,0.1499,0.0621,0.6805
1.4455,3.0633,0.4371,path,2.9361,5.0200,0.0125,-1.4092,0.3218,0.5930,0.3408,0.6260
0.1012,1.8838,0.0468,combined,0.5089,6.2200,0.1012,-0.0945,0.0362,0.2219,0.0844,0.3174
1.1198,20.8824,0.6333,path,1.7407,5.4800,0.0182,-0.9668,0.5651,0.9012,0.5607,0.9128
1.4038,40.0787,0.2456,path,1.0457,5.6800,0.0268,-1.3891,0.2027,0.7327,0.3315,1.3407
2.1137,3.6957,0.7897,path,2.9305,6.1000,0.0228,-1.9824,0.7334,0.9711,0.4326,1.1438
0.0138,8.2991,0.0763,straight,0.7699,6.3600,0.0138,-0.0100,0.0095,0.3687,0.1406,1.2335
0.0107,1.8331,0.0461,stand,0.0000,4.3000,0.0000,nan,nan,0.0980,0.0318,0.4617
0.1410,6.3667,0.1219,combined,1.6353,6.2600,0.1410,-0.1377,0.0306,0.6541,0.2369,0.5706
1.1737,44.0201,0.4068,path,1.8871,4.0000,0.0194,-1.0382,0.5475,0.8038,0.4984,0.9680
1.3847,28.4678,1.0630,path,3.4216,4.1400,0.0176,-1.2990,0.4795,1.2519,0.6381,0.8777
0.0395,0.0888,0.0359,stand,0.0000,4.2400,0.0000,nan,nan,0.1174,0.0373,0.4968
0.0507,0.7523,0.0511,turn,0.0000,5.2800,0.0000,nan,nan,0.2409,0.0734,0.7327
1.3714,66.1879,0.7523,path,4.1428,4.7000,0.0246,-1.2934,0.4560,1.5569,0.6876,1.2309
0.0700,0.5360,0.0332,turn,0.0000,4.4000,0.0000,nan,nan,0.1385,0.0531,0.3115
0.0144,2.8493,0.0541,combined,0.9353,6.7200,0.0144,-0.0132,0.0059,0.4671,0.1550,0.7777
0.0503,2.7062,0.0732,turn,0.0000,5.0000,0.0000,nan,nan,0.1519,0.0541,1.1713
0.2463,9.7391,0.0478,combined,0.5168,5.7200,0.2445,-0.2252,0.0996,0.1899,0.0723,0.3692
0.5356,37.3464,0.1977,path,1.0260,5.4200,0.0193,0.2384,0.4796,0.9257,0.4483,0.9732
0.0191,0.3300,0.0169,stand,0.0000,5.3400,0.0000,nan,nan,0.0799,0.0260,1.0643
1.8853,22.5051,1.1174,path,2.1833,4.0000,0.0140,-1.6288,0.9494,1.3705,0.7131,0.6992
0.0110,0.0708,0.0486,stand,0.0000,7.5800,0.0000,nan,nan,0.1459,0.0320,1.1698
1.4906,9.7335,0.6237,path,3.7465,5.4000,0.0146,-1.4788,0.1872,0.9268,0.5487,0.7271
0.0998,3.5337,0.0472,turn,0.0000,7.3600,0.0000,nan,nan,0.1816,0.0572,1.3115
1.4732,15.4094,0.4421,path,0.8083,4.7400,0.0246,-1.3910,0.4851,0.7555,0.3582,1.2287
1.7914,4.6958,0.6028,path,3.9426,6.2600,0.0081,-1.7360,0.4418,1.1018,0.4298,0.7169
2.1109,3.3789,0.5298,path,6.8771,7.6000,0.0228,-1.8125,1.0819,1.3246,0.7259,1.1423
2.1765,16.2922,1.0126,path,3.5072,5.9800,0.0207,-2.1764,0.0271,1.0431,0.4194,1.0401
1.5937,17.0965,0.6819,path,4.3894,6.0400,0.0150,-1.5895,0.1149,0.8137,0.4792,0.7507
0.6673,16.7440,0.3541,path,2.0742,7.0600,0.0071,-0.5093,0.4312,0.4200,0.2926,0.3554
0.2315,6.5533,0.0449,lateral,1.3257,7.6800,0.2308,-0.1035,0.2070,0.7786,0.1764,0.7556
0.1262,11.6269,0.0598,combined,1.1283,5.9000,0.1262,-0.0969,0.0808,0.5979,0.2040,0.3806
1.5466,28.1643,0.5230,path,1.8773,5.4600,0.0073,-1.5370,0.1721,0.5630,0.0999,0.3654
0.0960,8.7138,0.0490,combined,1.5890,7.8800,0.0833,-0.0500,0.0819,0.5824,0.2078,0.6465
0.8552,18.6540,0.3396,path,2.7273,7.3400,0.0118,-0.6655,0.5371,0.5836,0.3493,0.5905
1.6201,7.2087,0.9238,path,5.5125,7.7000,0.0266,-0.2429,1.6018,1.5609,0.8867,1.3208
1.4421,19.9392,0.4293,path,3.6852,5.9000,0.0144,-1.4181,0.2620,0.7109,0.4099,0.7194
0.7341,54.0687,0.4162,path,1.5105,4.7600,0.0117,-0.5223,0.5159,0.6458,0.2640,0.5857
1.5453,48.6649,0.4678,path,0.9173,5.1200,0.0253,-1.1440,1.0388,0.7073,0.3983,1.2626
0.1810,1.9267,0.0237,combined,0.3046,7.6400,0.0185,0.1801,0.0180,0.3202,0.1058,0.9590
1.0361,45.8336,0.4536,path,4.6617,5.0000,0.0277,-0.7231,0.7420,1.7288,0.8574,1.3942
0.4423,9.0031,0.0756,lateral,1.4648,7.1600,0.4423,-0.3756,0.2335,0.6031,0.1846,0.4032
2.0552,43.1670,1.4426,path,5.4321,5.7400,0.0279,-1.9733,0.5743,1.6354,0.7985,1.3971
1.3307,19.8190,0.5761,path,3.5200,6.9400,0.0102,-1.3255,0.1175,0.6931,0.3224,0.5072
1.2597,36.2253,0.4633,path,1.6340,6.1600,0.0166,-0.8005,0.9727,0.5945,0.3835,0.8331
1.1847,16.8736,0.3818,path,3.6522,6.9800,0.0122,-1.1108,0.4119,0.6174,0.3971,0.6063
0.0422,0.7207,0.0602,stand,0.0000,7.1000,0.0000,nan,nan,0.1021,0.0376,0.8134
1.5018,9.5696,0.6369,path,3.5263,6.8800,0.0198,-1.1545,0.9605,0.9190,0.5664,0.9864
0.0480,4.9751,0.0540,straight,1.4472,6.8400,0.0480,-0.0480,0.0002,0.6793,0.2165,0.8495
0.8474,21.7635,0.3182,path,2.0532,6.0600,0.0083,-0.7272,0.4350,0.7637,0.2852,0.4145
1.8691,8.5664,0.8954,path,5.2800,6.9000,0.0150,-1.8677,0.0745,0.9457,0.5745,0.7849
1.1400,32.2130,0.2032,path,1.9847,6.5400,0.0135,-0.7171,0.8861,0.5850,0.3095,0.6757
0.8955,72.4193,0.0348,path,0.9598,5.3400,0.0107,-0.8955,0.0024,0.4256,0.0716,0.5353
2.6288,39.5726,1.0867,path,4.4978,7.2000,0.0269,-1.1477,2.3650,1.3918,0.8023,1.3448
0.0383,1.7295,0.0699,stand,0.0000,5.6800,0.0000,nan,nan,0.1060,0.0337,0.5611
1.3718,58.6630,0.5132,path,5.0148,6.6600,0.0231,-0.8945,1.0400,1.2554,0.7252,1.1653
0.1185,3.0567,0.1175,straight,1.0661,6.0400,0.1185,-0.1081,0.0484,0.4462,0.1691,0.9269
0.5401,16.8115,0.3556,path,3.5059,5.4000,0.0216,0.2395,0.4841,1.4643,0.8255,1.0758
0.2196,4.6083,0.0892,combined,1.5565,4.1400,0.2196,-0.2147,0.0459,0.6747,0.3264,0.6752
1.1146,19.3239,0.3456,path,2.3200,6.0400,0.0077,-1.1129,0.0616,0.3858,0.2253,0.3842
0.1533,1.5726,0.0096,turn,0.0000,6.9400,0.0000,nan,nan,0.1589,0.0570,1.0656
0.1170,6.1583,0.0391,lateral,1.0463,7.5200,0.1152,-0.1165,0.0107,0.4866,0.1372,0.4931
0.1582,9.3026,0.1058,straight,1.7201,5.5600,0.1436,0.0676,0.1431,1.0148,0.3346,0.9360
0.1417,3.9034,0.0378,turn,0.0000,4.3800,0.0000,nan,nan,0.2318,0.0548,0.5721
0.0187,0.5264,0.0150,stand,0.0000,7.2400,0.0000,nan,nan,0.0907,0.0320,1.1104
0.8887,10.6491,0.2842,path,2.1092,6.5800,0.0064,-0.8873,0.0487,0.3577,0.2024,0.3209
0.1945,3.0734,0.1178,combined,1.4800,6.5800,0.1945,-0.1490,0.1250,0.5711,0.2078,0.8421
1.7359,0.0876,0.6144,path,4.6642,7.4000,0.0128,-1.7196,0.2379,0.6782,0.4864,0.6370
0.2055,7.7942,0.0456,straight,1.7163,5.2200,0.2034,-0.0607,0.1963,0.8194,0.3238,1.0074
0.1019,3.0022,0.0430,lateral,0.0786,7.9400,0.0569,0.0351,0.0957,0.1237,0.0541,0.4248
0.9493,20.8578,0.3457,path,2.8016,7.0800,0.0081,-0.9304,0.1883,0.5130,0.2854,0.4168
1.7953,32.7828,0.4799,path,3.5101,6.1000,0.0188,-1.5514,0.9035,0.9035,0.4068,0.9416
2.0315,30.4145,1.3309,path,4.3178,7.1200,0.0274,-1.9926,0.3955,1.4328,0.5547,1.3803
0.4536,2.4387,0.0114,combined,1.7442,6.1800,0.4536,-0.4528,0.0269,0.6491,0.2124,0.6130
1.1109,6.6361,0.3425,path,2.1021,6.2600,0.0069,-1.0729,0.2878,1.4427,0.3210,0.3428
1.6502,20.0049,0.5848,path,2.6898,5.3800,0.0251,-1.1566,1.1771,0.8918,0.4844,1.2563
2.4280,4.2893,0.8587,path,4.5242,6.6200,0.0181,-2.1466,1.1345,0.9427,0.4329,0.9057
0.1222,0.6188,0.0567,lateral,0.2354,4.0400,0.1190,-0.0396,0.1156,0.1781,0.0709,1.1836
1.5350,13.5296,0.8969,path,5.7277,6.1600,0.0177,-1.4944,0.3507,1.2738,0.7055,0.9575
1.2615,6.3541,0.4779,path,3.0349,7.0800,0.0110,-1.2573,0.1028,0.8871,0.3280,0.5518
0.1606,5.8749,0.0224,turn,0.0000,6.2600,0.0000,nan,nan,0.1990,0.0600,0.5818
0.0056,0.7009,0.0180,stand,0.0000,4.3200,0.0000,nan,nan,0.1016,0.0308,0.6649
1.7173,15.1172,0.9589,path,1.8913,7.1800,0.0224,-1.1517,1.2739,1.3677,0.6264,1.1173
1.8214,33.0642,0.3766,path,2.5577,4.4000,0.0203,-1.7118,0.6225,0.7195,0.3470,1.0202
0.0588,5.4354,0.0387,lateral,0.0298,5.9400,0.0284,-0.0264,0.0526,0.1408,0.0535,0.4666
0.0785,7.7554,0.0028,turn,0.0000,7.0000,0.0000,nan,nan,0.2034,0.0551,1.0615
1.1257,29.7587,0.4972,path,1.9941,7.2000,0.0158,-0.3374,1.0740,1.0349,0.4290,0.7917
0.0922,7.8232,0.0226,straight,1.4476,7.2600,0.0922,0.0046,0.0921,0.6466,0.2107,0.0000
0.1445,0.6909,0.0560,lateral,0.0323,6.4400,0.0295,-0.1433,0.0188,0.1354,0.0480,0.0000
0.6377,4.0327,0.3921,path,2.4538,7.5600,0.0078,-0.5802,0.2644,0.9444,0.3350,0.3906
0.9098,27.1219,0.5355,path,2.1151,7.5600,0.0118,-0.2762,0.8669,0.6273,0.2957,0.5857
1.4158,8.6482,0.4968,path,2.8228,6.1600,0.0137,-1.3746,0.3392,0.6189,0.3168,0.6871
0.0609,14.3242,0.0238,combined,1.0148,7.6400,0.0609,-0.0396,0.0462,0.4839,0.1704,0.0000
0.2310,0.9203,0.0614,straight,0.6318,6.4800,0.2310,-0.1872,0.1353,0.1815,0.0865,0.5277
0.0846,16.6639,0.0695,combined,1.2151,7.1000,0.0846,-0.0671,0.0515,0.5254,0.1771,0.5360
1.2425,7.2692,0.4461,path,2.0788,4.6000,0.0092,-1.2395,0.0861,1.2816,0.4387,0.4616
0.3087,6.6216,0.1287,lateral,1.2224,5.4600,0.3087,-0.2827,0.1239,0.5650,0.1787,0.9609
0.3189,2.9009,0.1455,lateral,0.8463,4.4600,0.3189,-0.3013,0.1044,0.3601,0.1309,0.4313
1.2260,2.7670,0.6046,path,3.5333,7.3600,0.0096,-1.2187,0.1338,0.8126,0.3378,0.4807
0.0425,2.3723,0.0466,stand,0.0000,7.4000,0.0000,nan,nan,0.0973,0.0306,0.7897
1.8020,2.9469,0.9968,path,6.9709,7.5400,0.0187,-1.8020,0.0055,1.0830,0.7756,0.9244
1.8593,17.6485,0.5766,path,5.3063,7.5800,0.0164,-1.5799,0.9802,1.0026,0.6109,0.8161
1.4574,15.2759,0.5132,path,3.1579,6.6200,0.0116,-1.2866,0.6846,0.5892,0.3559,0.5809
0.0447,10.1524,0.0387,turn,0.0000,7.1200,0.0000,nan,nan,0.2043,0.0610,0.0000
0.1602,1.1115,0.0669,lateral,0.8762,6.5200,0.1602,-0.1423,0.0736,0.3711,0.1221,0.3637
1.1407,3.0221,0.6209,path,4.1510,7.5600,0.0138,-0.9830,0.5787,0.9374,0.5891,0.6882
1.3862,46.6318,0.5233,path,7.2678,7.8800,0.0247,-1.1214,0.8148,1.4946,0.8215,1.2572
0.8324,9.3786,0.2376,path,1.1505,5.1400,0.0060,-0.8012,0.2259,1.1360,0.2890,0.3023
0.1334,13.6623,0.0558,turn,0.0000,6.9600,0.0000,nan,nan,0.2542,0.0636,0.0000
0.1462,3.3101,0.0293,turn,0.0000,7.9600,0.0000,nan,nan,0.2198,0.0562,1.0083
1.6852,23.1751,0.4447,path,3.5309,6.9800,0.0192,-1.1603,1.2222,0.8602,0.4812,0.9578
1.6431,5.8930,0.7030,path,1.6316,4.7200,0.0260,-1.2761,1.0350,0.7852,0.4206,1.3030
0.1587,9.4207,0.0226,turn,0.0000,5.4200,0.0000,nan,nan,0.1146,0.0528,1.0724
0.1120,5.7919,0.0223,turn,0.0000,6.8000,0.0000,nan,nan,0.1339,0.0460,1.0086
1.9975,33.7371,0.6154,path,4.2447,6.4200,0.0235,-1.5083,1.3096,1.1907,0.6456,1.1763
0.2153,5.6706,0.0676,straight,1.9986,6.7400,0.2153,-0.2043,0.0678,0.7217,0.2719,0.5270
0.0161,0.0028,0.0658,turn,0.0000,4.2800,0.0000,nan,nan,0.1950,0.0596,0.8103
0.1228,4.4669,0.0155,turn,0.0000,5.1800,0.0000,nan,nan,0.1751,0.0517,1.2643
2.8424,6.5176,1.0628,path,5.1469,4.8800,0.0259,-2.7534,0.7056,1.1902,0.5723,1.2999
1.1525,5.1157,0.3959,path,2.5761,6.9400,0.0101,-1.1022,0.3370,0.9125,0.2727,0.5059
0.2762,0.8518,0.0827,combined,1.6057,5.3400,0.2762,-0.2711,0.0529,0.7327,0.2521,1.3195
1.6686,27.6149,0.4619,path,3.1877,5.0800,0.0165,-1.5258,0.6752,0.7521,0.4881,0.8274
0.0227,4.9270,0.0666,turn,0.0000,7.4200,0.0000,nan,nan,0.1511,0.0522,0.7488
0.6563,10.6032,0.0991,lateral,1.3961,4.0000,0.6563,-0.6551,0.0397,0.3645,0.1855,0.5005
0.1217,8.2287,0.1128,straight,1.3637,6.4000,0.1217,-0.1114,0.0488,0.4499,0.2065,0.8410
0.0230,10.8230,0.0296,turn,0.0000,4.9000,0.0000,nan,nan,0.2200,0.0624,1.2329
0.0738,3.5916,0.0579,straight,0.0818,7.6200,0.0213,0.0385,0.0630,0.2420,0.0522,0.5152
2.2753,51.4596,1.2701,path,3.0308,5.9600,0.0278,-2.2663,0.2013,1.2496,0.6023,1.3930
0.0531,10.3501,0.0338,lateral,0.0009,4.3800,0.0005,nan,nan,0.1290,0.0543,0.0000
0.1455,4.0660,0.0335,lateral,0.0001,6.9600,0.0001,nan,nan,0.1308,0.0547,0.9231
2.4905,35.2586,0.8701,path,6.1237,7.1600,0.0228,-2.1210,1.3054,1.2139,0.7050,1.1386
0.0826,5.0348,0.0491,lateral,1.0323,7.3400,0.0826,-0.0664,0.0491,0.4413,0.1388,1.0378
0.0889,2.1768,0.0468,turn,0.0000,7.9200,0.0000,nan,nan,0.1540,0.0587,0.9028
0.1213,2.4239,0.0209,turn,0.0000,7.6400,0.0000,nan,nan,0.2179,0.0726,0.7809
1.6684,18.4196,0.2679,path,3.0621,5.1200,0.0162,-1.5844,0.5227,0.5976,0.3386,0.8122
0.0168,3.2621,0.0138,stand,0.0000,6.6400,0.0000,nan,nan,0.0721,0.0274,0.0000
1.1448,12.8143,0.7001,path,2.9057,6.9400,0.0115,-0.9424,0.6499,0.7144,0.3918,0.5774
0.2053,12.9012,0.0639,lateral,1.3508,7.2200,0.2021,-0.2020,0.0364,0.6617,0.1643,0.5461
0.7645,29.5940,0.1808,path,2.5123,6.8400,0.0216,0.3095,0.6990,1.0601,0.5025,1.0814
0.2009,31.8608,0.1698,path,0.7847,7.3800,0.0273,0.1078,0.1695,0.7683,0.3436,1.3686
1.4339,6.3491,0.2213,path,1.6301,6.5600,0.0277,-0.3863,1.3809,1.0308,0.3988,1.3713
1.9451,9.3004,0.7586,path,2.1523,4.7200,0.0240,-1.8991,0.4205,1.0519,0.4140,1.2051
1.6610,11.9008,0.9585,path,5.0332,4.9400,0.0206,-1.6600,0.0559,1.4231,0.7315,1.0230
0.0951,2.7742,0.0437,lateral,1.1002,7.7200,0.0951,-0.0658,0.0686,0.4330,0.1404,1.0987
1.1010,20.0677,0.2899,path,3.9234,6.8000,0.0222,-0.3763,1.0347,1.1639,0.6185,1.1014
2.2600,36.2037,1.0521,path,2.5904,4.5200,0.0252,-2.0657,0.9167,1.1028,0.5854,1.2652
1.2238,19.8286,0.4906,path,2.5951,5.7000,0.0096,-1.2092,0.1886,0.8463,0.3319,0.4760
0.5934,8.1900,0.1232,combined,1.3743,4.8400,0.5934,-0.5781,0.1339,0.4840,0.1927,1.4040
0.2751,2.0683,0.1135,combined,0.8421,4.1400,0.2751,-0.2662,0.0695,0.4673,0.1720,0.7918
0.5285,8.1815,0.3952,path,1.8854,7.0200,0.0063,-0.2779,0.4495,0.9015,0.3387,0.3127
2.0842,1.5285,1.0852,path,3.9166,4.4600,0.0244,-2.0840,0.0267,1.1345,0.5253,1.2314
2.3232,25.7125,0.8624,path,4.0867,7.2400,0.0119,-2.3230,0.0281,0.9580,0.2559,0.5951
0.0086,2.5385,0.0297,stand,0.0000,4.9000,0.0000,nan,nan,0.0779,0.0310,0.9016
1.1122,4.3408,0.3479,path,1.7400,4.1600,0.0085,-1.1111,0.0498,0.8017,0.3531,0.4236
2.3366,1.3442,0.8881,path,4.4278,4.4000,0.0239,-2.3364,0.0296,1.1843,0.5232,1.1983
1.4915,20.3930,0.7733,path,7.4784,7.7800,0.0256,-1.3237,0.6874,1.8012,0.9382,1.2818
0.1635,9.9889,0.0276,straight,0.3508,7.5000,0.0818,0.1006,0.1289,0.2051,0.0798,0.9568
0.0663,2.0117,0.0228,turn,0.0000,7.5000,0.0000,nan,nan,0.2848,0.0679,0.0000
1.1676,61.5418,0.3645,path,2.7520,4.3200,0.0289,-0.8135,0.8375,1.2809,0.5634,1.4309
0.0298,3.5643,0.0244,stand,0.0000,7.7600,0.0000,nan,nan,0.0706,0.0298,1.2691
1.5459,12.2374,0.6442,path,4.3871,6.9600,0.0134,-1.5005,0.3718,1.0268,0.4822,0.6709
0.6116,25.5651,0.1657,path,1.4630,7.9000,0.0133,-0.0153,0.6115,0.8931,0.3329,0.6697
0.3656,6.6326,0.0856,combined,1.0610,5.6600,0.3656,-0.3578,0.0749,0.3660,0.1551,1.0414
0.0939,2.0888,0.0533,straight,1.6067,7.9600,0.0913,-0.0426,0.0837,0.5933,0.2102,0.9325
0.2315,3.8243,0.0629,combined,1.4280,7.9400,0.2291,-0.1154,0.2007,0.8682,0.1880,1.3110
1.2324,23.1779,0.5470,path,3.8595,7.5200,0.0109,-1.1560,0.4271,0.6125,0.3782,0.5458
0.1722,0.2119,0.0604,lateral,0.2449,5.4600,0.1470,0.0160,0.1714,0.2067,0.0743,0.7041
0.1417,0.1034,0.0736,combined,1.6781,7.7800,0.1417,-0.0763,0.1194,0.5517,0.2185,0.8849
0.1495,2.4479,0.0681,lateral,0.1716,7.4000,0.1333,-0.1300,0.0737,0.1401,0.0578,0.8994
0.1275,12.8826,0.0858,combined,1.3117,5.9000,0.1275,-0.1100,0.0643,0.5734,0.2045,0.7495
0.0401,0.9363,0.0230,stand,0.0000,7.1200,0.0000,nan,nan,0.0931,0.0322,0.8088
1.0880,24.7132,0.7467,path,3.4592,7.5400,0.0137,-1.0565,0.2597,0.8829,0.4760,0.6830
1.7743,40.5857,1.0140,path,6.3865,7.4800,0.0250,-1.7708,0.1108,1.5037,0.7686,1.2466
0.3350,16.0002,0.0783,lateral,1.0642,7.6400,0.3316,-0.0850,0.3240,0.6241,0.1548,1.2707
0.9329,2.3721,0.2605,path,1.9985,5.4000,0.0078,-0.9320,0.0401,0.6963,0.2222,0.3914
0.0782,9.1910,0.0606,lateral,0.6972,5.5600,0.0782,-0.0679,0.0389,0.4800,0.1199,0.0000
1.5628,7.5388,0.5422,path,3.0021,4.0200,0.0178,-1.5354,0.2911,0.7273,0.4725,0.8896
2.1304,35.2104,0.9862,path,6.0181,6.6800,0.0184,-2.1091,0.3006,1.3041,0.6087,0.9138
0.3479,1.0153,0.0612,straight,0.9275,4.9800,0.3479,-0.3479,0.0045,0.2458,0.1266,0.9998
0.0700,14.3830,0.0404,turn,0.0000,7.3200,0.0000,nan,nan,0.2016,0.0588,0.6419
0.7062,26.6271,0.3106,path,1.2875,6.9800,0.0083,-0.4174,0.5696,0.4420,0.2363,0.4150
2.5310,34.6502,1.3686,path,5.1115,4.8000,0.0272,-2.5295,0.0856,1.3085,0.6374,1.3745
1.9220,7.6337,0.6692,path,4.2897,7.6400,0.0172,-1.3743,1.3437,1.0956,0.5876,0.8609
0.3488,1.2450,0.0238,combined,1.2422,5.7800,0.3488,-0.3467,0.0381,0.3936,0.1717,0.7561
0.2113,3.5991,0.0451,lateral,0.9111,6.4800,0.2105,-0.2022,0.0615,0.4069,0.1262,1.0385
1.2417,13.3830,0.4885,path,3.0372,5.6000,0.0113,-1.2340,0.1382,0.5598,0.3849,0.5641
0.0638,5.1836,0.0402,lateral,0.3946,7.7000,0.0586,-0.0623,0.0136,0.2862,0.0712,0.6876
0.8605,26.6428,0.2431,path,1.4459,4.5400,0.0070,-0.8541,0.1045,0.2993,0.1774,0.3528
0.0908,3.6086,0.0746,straight,0.2197,7.8600,0.0029,0.0906,0.0063,0.1973,0.0747,0.8037
2.3509,14.2563,1.1726,path,4.7499,4.6800,0.0240,-2.2479,0.6882,1.2987,0.7191,1.2000
0.1179,2.5456,0.0621,combined,1.7041,6.0800,0.1179,-0.1175,0.0094,0.5847,0.2652,0.6840
1.7634,15.1303,0.5917,path,2.8487,4.2000,0.0199,-1.6922,0.4959,0.9544,0.4398,1.0040
0.0885,12.5440,0.0388,turn,0.0000,7.2000,0.0000,nan,nan,0.1399,0.0531,0.5207
1.5372,9.6284,0.2433,path,2.4977,6.0800,0.0100,-1.5360,0.0620,1.0597,0.3373,0.4997
0.2119,6.0332,0.0735,straight,1.2185,5.2200,0.2119,-0.2005,0.0683,0.4352,0.2078,0.4430
0.3669,13.0040,0.2053,combined,2.0224,4.6800,0.3669,-0.3423,0.1320,0.7503,0.3627,0.7673
0.0711,12.9285,0.0771,lateral,0.3915,5.8800,0.0711,-0.0623,0.0344,0.2257,0.0797,0.3781
0.0452,2.8873,0.0334,turn,0.0000,6.5600,0.0000,nan,nan,0.1759,0.0482,1.2503
0.2153,8.1355,0.0472,straight,0.5337,5.3600,0.2153,-0.1924,0.0967,0.1880,0.0827,0.9890
1.7010,8.0300,0.6403,path,3.6481,5.4600,0.0182,-1.3047,1.0913,1.0835,0.5845,0.8996
1.9114,6.7933,0.6316,path,3.1855,4.9600,0.0269,-1.1514,1.5256,1.3537,0.6297,1.3648
2.0799,18.9027,0.6329,path,4.8503,7.0600,0.0193,-1.8222,1.0027,0.8399,0.5297,0.9666
1.6914,23.2633,0.4329,path,2.1196,5.7000,0.0268,-0.7002,1.5396,1.1130,0.5662,1.3443
1.3317,46.6743,1.1256,path,3.0525,4.6000,0.0256,-1.2902,0.3299,1.1030,0.4853,1.2673
2.1235,14.2043,1.2301,path,5.3856,4.7400,0.0266,-2.0298,0.6238,1.4858,0.8920,1.3319
0.9715,48.6448,0.3898,path,1.9634,5.7200,0.0222,0.1864,0.9534,1.2874,0.4955,1.1052
0.3408,2.8790,0.1149,combined,2.0744,4.5800,0.3408,-0.3377,0.0460,0.8309,0.3872,0.4968
1.5396,10.8144,0.3961,path,2.2244,6.3400,0.0199,-0.6974,1.3726,0.7709,0.4477,1.0026
1.1655,10.2133,0.7661,path,1.9455,5.3800,0.0081,-1.1445,0.2201,0.7759,0.2652,0.4070
1.7100,11.7087,0.5157,path,3.5799,6.2400,0.0115,-1.7078,0.0866,0.6787,0.3056,0.5760
0.2454,3.8531,0.1026,combined,1.2772,4.3200,0.2454,-0.2109,0.1255,0.5110,0.2430,0.7556
1.5851,14.3661,0.8696,path,5.6406,6.1600,0.0212,-1.5759,0.1702,1.1931,0.8192,1.0062
1.2578,27.4920,0.3946,path,3.7965,6.7800,0.0134,-1.1453,0.5200,0.6482,0.3934,0.6679
0.1726,35.5597,0.1813,path,1.8876,6.2000,0.0090,-0.1703,0.0281,1.0467,0.3432,0.4485
0.2301,5.4940,0.0134,straight,0.2714,4.6800,0.2288,-0.1727,0.1521,0.1554,0.0600,0.3692
1.6920,36.5636,0.6232,path,2.5762,6.1400,0.0234,-1.0539,1.3237,0.8589,0.5293,1.1674
0.5160,4.4591,0.1301,combined,1.1463,4.5800,0.5160,-0.5138,0.0470,0.2717,0.1355,1.3115
1.9772,28.3209,0.9057,path,4.2222,5.1000,0.0175,-1.9086,0.5165,0.9825,0.4899,0.8757
0.3544,1.3504,0.1701,combined,1.1760,4.8400,0.3544,-0.3534,0.0265,0.3900,0.1652,0.7777
0.7432,38.9414,0.1827,path,0.8605,5.5600,0.0132,-0.3657,0.6470,0.3288,0.1829,0.6599
1.8750,36.4517,0.3841,path,2.7419,4.3600,0.0232,-1.7989,0.5289,1.4426,0.4596,1.1556
1.3434,37.2289,0.5706,path,2.2701,4.2800,0.0163,-1.2288,0.5429,0.8972,0.3699,0.8220
0.2441,7.5684,0.1009,combined,0.9079,5.2600,0.2441,-0.2422,0.0302,0.3113,0.1531,0.0000
0.4291,33.6849,0.2134,path,0.5508,6.4200,0.0105,-0.0621,0.4245,0.8598,0.3281,0.5239
1.2904,37.7015,0.3586,path,1.8238,4.6200,0.0169,-1.0119,0.8008,0.8143,0.3218,0.8467
1.0374,26.3025,0.2314,path,1.9895,5.3800,0.0091,-0.9898,0.3105,0.3572,0.2236,0.4537
1.1355,32.4436,0.5606,path,3.1682,5.6400,0.0113,-1.1240,0.1610,0.6908,0.3978,0.5666
0.0963,2.2154,0.0209,combined,0.1959,7.0200,0.0881,-0.0577,0.0771,0.2308,0.0784,0.7445
1.6538,30.5560,0.3255,path,3.3025,6.4000,0.0146,-1.5591,0.5515,0.6255,0.3247,0.7320
1.3849,35.6030,0.1686,path,2.3897,7.7800,0.0064,-1.3847,0.0277,0.6235,0.1846,0.3194
0.8866,8.6478,0.4105,path,2.1933,5.2400,0.0086,-0.8839,0.0687,0.4532,0.2713,0.4311
0.0057,1.3984,0.0593,stand,0.0000,5.3800,0.0000,nan,nan,0.1333,0.0346,1.2335
0.6148,0.8677,0.1582,combined,2.1018,4.0200,0.6148,-0.6131,0.0461,0.6908,0.3855,0.5818
0.1618,2.0764,0.0825,combined,1.0428,6.5000,0.1603,-0.1394,0.0821,0.4734,0.1437,0.9899
1.5344,25.6107,0.4905,path,1.5415,5.5400,0.0292,-1.5344,0.0076,0.6694,0.4236,1.4544
0.1351,1.3374,0.0336,turn,0.0000,5.2600,0.0000,nan,nan,0.1326,0.0490,0.3115
0.4842,41.2791,0.2396,path,1.1969,6.6400,0.0087,0.4721,0.1077,0.7333,0.3614,0.4353
0.2165,10.2502,0.1059,straight,1.4461,5.6600,0.2165,-0.2158,0.0165,0.5291,0.2289,0.3752
0.3855,3.1411,0.1080,lateral,1.2689,6.3200,0.3855,-0.3762,0.0838,0.5001,0.1528,0.7806
1.1682,7.0155,0.4101,path,2.1505,4.5400,0.0081,-1.1662,0.0683,0.6134,0.2787,0.5185
1.3311,13.7080,0.4096,path,2.5440,4.9200,0.0260,-0.8525,1.0223,0.9647,0.5871,1.2985
1.2133,3.3015,0.4591,path,2.9106,6.8400,0.0137,-0.9221,0.7885,0.6305,0.3778,0.6829
1.1898,26.0677,0.2718,path,1.9653,4.3200,0.0143,-1.1198,0.4019,0.6680,0.2859,0.7117
1.0403,29.4969,0.6349,path,2.3808,4.9800,0.0102,-0.8819,0.5517,0.6024,0.3255,0.5091
1.3897,19.3386,0.7251,path,2.0425,5.6600,0.0170,-1.2191,0.6673,1.0158,0.4882,0.8487
1.6686,53.1339,0.7717,path,1.6810,4.7400,0.0245,-1.6186,0.4054,1.0128,0.4428,1.2269
0.2737,7.2704,0.1248,combined,1.5072,4.4000,0.2737,-0.2737,0.0031,0.6203,0.2971,0.6130
0.1062,2.8853,0.0814,lateral,0.1327,5.3600,0.0982,-0.0561,0.0902,0.1149,0.0507,1.1698
0.1126,17.0282,0.0813,combined,2.0581,6.3600,0.1126,-0.1079,0.0320,0.7351,0.3083,0.4837
0.0265,1.2235,0.0266,turn,0.0000,6.3200,0.0000,nan,nan,0.1338,0.0516,0.8486
1.5066,52.8899,0.3793,path,2.3224,5.6000,0.0139,-1.3826,0.5985,1.0791,0.3069,0.7024
0.9910,29.1176,0.2664,path,2.7295,5.0400,0.0159,-0.9113,0.3893,0.7695,0.4341,0.7930
0.0161,6.5362,0.0936,turn,0.0000,6.8000,0.0000,nan,nan,0.1641,0.0537,0.0000
0.2476,4.0337,0.1206,straight,1.1594,4.6800,0.2476,-0.2451,0.0348,0.4631,0.2104,0.6752
0.6179,2.7219,0.1403,combined,2.4518,6.2200,0.6179,-0.5847,0.1996,0.8852,0.3244,0.3444
0.0811,7.8670,0.0270,straight,0.4238,4.7000,0.0802,-0.0571,0.0577,0.2066,0.0900,1.0656
0.2617,1.8029,0.0145,combined,1.2245,6.5200,0.2615,-0.0948,0.2439,0.6323,0.2082,1.2336
0.8726,27.9568,0.2713,path,1.4650,5.5600,0.0198,0.8713,0.0472,1.1487,0.6153,0.9866
1.0076,14.8908,0.3144,path,2.2775,6.9800,0.0086,-0.9185,0.4142,1.4376,0.4167,0.4309
0.2748,4.6229,0.1301,combined,1.1190,4.1200,0.2748,-0.2720,0.0392,0.3271,0.1951,0.3637
0.0696,9.6405,0.0635,lateral,0.4011,5.3400,0.0695,-0.0696,0.0015,0.2041,0.0754,0.6465
2.5084,36.8347,1.1384,path,6.2611,5.5200,0.0241,-2.4762,0.4004,1.3958,0.7070,1.1956
0.2466,3.8366,0.0197,straight,0.4119,4.8400,0.2443,-0.2250,0.1011,0.1301,0.0686,0.5721
1.9481,16.7889,0.5664,path,1.9739,5.1200,0.0250,-1.8855,0.4899,0.8954,0.3651,1.2505
0.1725,15.9046,0.1054,combined,1.1321,5.9800,0.1725,-0.1653,0.0493,0.4056,0.1888,0.5706
1.7149,51.2498,0.9960,path,5.3658,5.7400,0.0233,-1.3441,1.0650,1.2918,0.7729,1.1692
0.3174,2.2798,0.1338,lateral,1.1857,4.5800,0.3174,-0.2105,0.2375,0.5983,0.2248,0.0000
2.1904,4.8674,0.6754,path,5.6732,6.6800,0.0217,-2.0070,0.8774,1.0546,0.6404,1.0839
0.1780,10.6707,0.0573,lateral,0.8356,5.2600,0.1780,-0.1695,0.0545,0.4475,0.1379,0.8134
0.2798,5.0706,0.1872,lateral,1.1397,6.0800,0.2798,-0.2694,0.0757,0.4888,0.1516,0.4617
1.5421,15.3788,0.4111,path,0.9115,5.2200,0.0236,-0.6149,1.4142,1.2760,0.3954,1.1828
2.1903,9.4034,0.7021,path,3.9301,4.5400,0.0193,-2.1708,0.2914,1.0542,0.5526,0.9662
1.3528,22.5481,0.4969,path,2.4253,4.6000,0.0110,-1.3510,0.0709,0.5578,0.3116,0.5493
0.0756,8.6705,0.0274,turn,0.0000,7.5000,0.0000,nan,nan,0.2274,0.0633,0.0000
0.7240,75.4296,0.5540,path,2.7656,6.9200,0.0135,-0.7176,0.0957,1.1164,0.5574,1.2514
1.8259,10.3228,0.6645,path,3.2686,4.8600,0.0142,-1.8213,0.1302,0.9589,0.4659,0.7111
0.0523,4.0341,0.0753,combined,2.0263,6.7000,0.0523,-0.0519,0.0059,1.0943,0.3267,0.7426
0.2749,17.8865,0.0440,combined,1.5102,7.8800,0.2721,-0.1239,0.2454,0.7548,0.1979,0.7986
0.0165,0.7816,0.0122,stand,0.0000,6.6200,0.0000,nan,nan,0.0698,0.0278,0.5800
1.3526,12.6593,0.5148,path,2.2897,4.8000,0.0118,-1.3506,0.0737,0.6421,0.3304,0.5911
0.1420,0.4282,0.1240,lateral,0.7784,6.6400,0.1415,-0.1420,0.0035,0.3466,0.1091,1.0192
0.3817,15.8354,0.2107,lateral,1.3725,4.7800,0.3817,-0.3799,0.0374,0.5656,0.2114,0.5360
0.8869,7.5104,0.2944,path,1.4418,4.8000,0.0119,-0.8325,0.3058,0.5148,0.2368,0.5944
0.8128,11.5231,0.3273,path,2.5139,7.8000,0.0071,-0.7998,0.1451,0.4287,0.2489,0.3564
0.4636,0.0947,0.1495,combined,1.8610,4.1200,0.4636,-0.4596,0.0615,0.7391,0.3187,0.8410
0.0395,8.2190,0.0697,turn,0.0000,5.0000,0.0000,nan,nan,0.1538,0.0503,0.0000
0.6667,20.5349,0.3183,path,1.3677,4.8400,0.0082,-0.5174,0.4204,0.6488,0.2539,0.4073
1.6449,0.4699,0.7910,path,3.6358,4.8800,0.0161,-1.6435,0.0678,0.7952,0.4494,0.8101
2.1290,5.5943,0.8793,path,5.4175,6.6400,0.0202,-2.0769,0.4680,0.9253,0.6008,1.0114
0.0847,0.4836,0.0150,turn,0.0000,6.7600,0.0000,nan,nan,0.1349,0.0509,1.1482
0.2175,7.7135,0.0361,turn,0.0000,7.7800,0.0000,nan,nan,0.1526,0.0523,0.0000
1.4735,78.3551,0.3211,path,1.7417,5.4000,0.0250,-1.4286,0.3610,0.6392,0.1889,1.2534
0.9716,0.4269,0.3572,path,2.2072,4.6200,0.0105,-0.9696,0.0610,0.7289,0.2964,0.5227
2.6918,71.6944,1.3679,path,6.8969,6.3600,0.0233,-2.3180,1.3683,1.4921,0.7924,1.2481
1.5493,7.3940,0.4593,path,3.9818,5.8600,0.0153,-1.5004,0.3862,0.8578,0.4808,0.7629
0.1313,0.2717,0.0011,turn,0.0000,5.4000,0.0000,nan,nan,0.1659,0.0601,1.1836
2.1994,3.1429,0.9769,path,6.1390,6.1400,0.0201,-2.1906,0.1975,1.1435,0.6672,1.0016
0.0375,1.8598,0.0176,lateral,0.2478,4.1600,0.0375,-0.0358,0.0111,0.2022,0.0749,0.9028
0.1256,4.4173,0.0819,lateral,0.5111,6.5200,0.1256,-0.1256,0.0042,0.3013,0.0780,1.0643
2.0655,8.2514,0.4351,path,3.4513,4.1200,0.0233,-1.9547,0.6673,0.7882,0.4314,1.1642
0.0581,0.6509,0.0310,lateral,0.5931,6.7200,0.0381,-0.0292,0.0502,0.3597,0.1124,0.7327
0.2708,5.0962,0.0507,combined,2.0447,7.8400,0.2704,-0.2661,0.0501,0.8019,0.2280,1.1358
0.1788,16.0312,0.0326,turn,0.0000,5.1200,0.0000,nan,nan,0.1584,0.0533,0.0000
0.9991,19.1745,0.4804,path,2.6046,5.4600,0.0098,-0.9799,0.1952,0.5566,0.3821,0.4889
0.2055,16.7033,0.0469,lateral,0.7663,5.3000,0.2055,-0.1709,0.1141,0.3353,0.1235,0.0000
0.7143,26.6237,0.4109,path,1.8852,5.6200,0.0072,-0.7024,0.1297,0.8587,0.3031,0.3605
1.0978,16.4049,0.3004,path,2.0324,5.5200,0.0075,-1.0777,0.2089,0.5502,0.2204,0.3730
2.0238,1.2736,0.8697,path,6.6200,7.1200,0.0284,-1.5775,1.2678,1.2974,0.9165,1.4207
0.9010,1.0946,0.2397,path,3.1692,6.5200,0.0102,0.7738,0.4617,1.3302,0.7341,1.0758
0.0264,1.0476,0.0238,stand,0.0000,6.2800,0.0000,nan,nan,0.0922,0.0350,0.9590
1.1796,4.0325,0.6625,path,3.6189,7.8200,0.0164,-0.7180,0.9359,0.9495,0.5477,0.8177
1.2999,4.4021,0.5998,path,3.4943,6.3600,0.0117,-1.2469,0.3672,0.7545,0.4309,0.5873
0.0959,2.5216,0.0477,lateral,0.0994,5.9800,0.0373,0.0489,0.0825,0.1295,0.0615,0.5611
1.5936,0.4350,0.5906,path,3.0956,6.5600,0.0197,-0.8175,1.3679,1.0500,0.5428,0.9767
2.3244,32.6634,1.2647,path,4.1715,7.1200,0.0268,-2.0984,0.9998,1.3226,0.6650,1.3499
2.6799,38.2290,1.1544,path,3.2375,4.2000,0.0263,-2.3426,1.3014,1.3460,0.6826,1.3235
0.3733,5.5608,0.0877,straight,1.7763,4.5400,0.3733,-0.3730,0.0151,0.6909,0.3163,0.0000
0.0887,11.5789,0.0579,lateral,0.7128,7.4000,0.0838,0.0001,0.0887,0.3035,0.1082,0.7270
2.6458,1.8637,1.4119,path,2.9738,5.5600,0.0288,-2.6426,0.1288,1.3710,0.5743,1.4419
0.0117,4.0191,0.0351,straight,1.2680,7.1400,0.0004,0.0117,0.0014,0.5979,0.1884,0.3174
1.5624,0.8385,0.6434,path,3.4937,4.9000,0.0144,-1.5620,0.0357,0.7398,0.4291,0.7154
1.3115,13.0762,0.5278,path,2.2561,4.0400,0.0112,-1.3079,0.0974,0.5157,0.2470,0.5582
1.0216,32.2282,0.4151,path,1.7340,7.8200,0.0159,0.3831,0.9470,0.8773,0.4402,0.7893
2.3210,22.6629,1.0575,path,4.5800,7.2000,0.0286,-0.9434,2.1206,1.2609,0.8042,1.4292
0.1424,4.3198,0.0113,straight,0.0060,4.3800,0.0060,-0.0981,0.1032,0.1372,0.0505,1.0987
1.0752,5.4726,0.3526,path,2.7849,6.0000,0.0256,0.7892,0.7302,1.3426,0.7132,1.2790
1.3533,1.2134,0.5188,path,3.8981,7.6400,0.0121,-1.1441,0.7229,0.6916,0.4033,0.6035
0.1566,1.5313,0.0745,turn,0.0000,7.3000,0.0000,nan,nan,0.1489,0.0634,0.6805
0.8919,50.9086,0.7649,path,1.6613,4.3400,0.0291,0.5615,0.6930,1.2228,0.5903,1.4433
0.1841,5.9695,0.2019,combined,1.6445,4.0600,0.1841,-0.1637,0.0843,0.7784,0.3347,0.7495
1.1358,41.1877,0.3319,path,2.6406,6.0800,0.0103,-1.0953,0.3005,0.4896,0.2905,0.5137
0.3357,6.3902,0.0050,lateral,1.4617,6.0400,0.3353,-0.2763,0.1906,0.5721,0.2038,0.6649
0.1123,4.8709,0.0356,lateral,0.1820,4.3800,0.1118,-0.1070,0.0340,0.1344,0.0500,0.0000
0.8898,28.2801,0.2284,path,1.6983,4.6000,0.0129,-0.7165,0.5276,0.9508,0.3946,0.6458
0.9259,6.0048,0.4704,path,2.5493,7.1200,0.0076,-0.9152,0.1404,0.6028,0.3448,0.3798
1.7515,14.6918,0.4771,path,2.6920,5.3400,0.0142,-1.7388,0.2110,1.1360,0.2848,0.7127
0.1520,1.7983,0.0528,straight,0.5276,5.9200,0.1520,-0.1445,0.0471,0.1737,0.0838,0.4313
1.6448,1.9505,0.6449,path,2.9798,4.8200,0.0125,-1.6430,0.0777,0.9177,0.3876,0.6205
0.0602,4.5561,0.0767,turn,0.0000,6.1400,0.0000,nan,nan,0.1363,0.0567,0.4666
2.1726,20.2778,0.9332,path,6.0875,6.2400,0.0243,-1.9189,1.0189,1.4392,0.8614,1.2175
0.1304,0.1811,0.0421,combined,0.7529,5.4200,0.1304,-0.1297,0.0130,0.2982,0.1258,0.5270
1.8048,19.4586,0.6639,path,3.8502,6.9800,0.0185,-1.6704,0.6834,0.8040,0.4686,0.9268
1.2148,61.5026,0.4877,path,1.2017,4.1800,0.0233,-0.7906,0.9223,0.7270,0.4539,1.1647
1.2879,20.2242,0.4867,path,3.2766,7.4600,0.0090,-1.2650,0.2418,0.8984,0.3131,0.4513
0.8679,10.0350,0.2458,path,1.5589,4.9800,0.0066,-0.8679,0.0005,0.3257,0.1702,0.3270
2.1447,2.5846,1.0761,path,3.5280,5.3800,0.0256,-1.9860,0.8097,1.1543,0.5848,1.2852
1.1937,27.0118,0.6733,path,3.1414,7.4000,0.0166,-0.5337,1.0678,0.8708,0.5099,0.8305
1.2076,5.3162,0.3759,path,2.9784,6.7000,0.0111,-1.1062,0.4844,0.5663,0.3311,0.5556
0.0106,3.8730,0.0608,turn,0.0000,6.4600,0.0000,nan,nan,0.1745,0.0657,1.0074
0.1129,0.0495,0.0547,straight,0.5672,4.5600,0.1129,-0.1120,0.0141,0.2317,0.1144,1.0414
0.0329,3.1663,0.0433,straight,1.3548,7.0000,0.0329,-0.0155,0.0290,0.7094,0.2077,0.4032
0.2165,15.8333,0.0731,straight,1.9812,5.5000,0.2165,-0.1368,0.1678,1.0037,0.3504,1.3195
0.3257,0.8090,0.1457,combined,1.7114,5.3000,0.3257,-0.3256,0.0082,0.6101,0.2710,1.2329
2.2373,33.2862,0.8319,path,4.0746,4.7600,0.0190,-2.1385,0.6578,1.0025,0.4933,0.9452
0.1140,3.1139,0.1418,turn,0.0000,4.5800,0.0000,nan,nan,0.1751,0.0648,1.3110
0.2209,1.7966,0.0344,combined,1.4084,6.6800,0.2206,-0.2127,0.0594,0.6058,0.1889,1.1104
0.0721,8.5390,0.0341,lateral,0.7629,7.3000,0.0616,-0.0348,0.0631,0.4099,0.1130,0.3806
1.3109,30.9218,0.4800,path,1.9481,7.2800,0.0077,-1.1360,0.6542,0.9238,0.2714,0.3862
2.2918,5.9222,0.5326,path,5.0142,6.3200,0.0235,-1.8940,1.2903,1.0434,0.6077,1.1751
0.8148,32.4048,0.5224,path,1.9589,5.0200,0.0070,-0.6236,0.5245,1.0852,0.3620,0.4714
1.7634,29.6631,0.4012,path,4.0231,7.5800,0.0177,-1.7417,0.2757,0.7289,0.4327,0.8858
0.0782,9.2864,0.0348,lateral,0.6045,5.9800,0.0782,-0.0272,0.0734,0.3154,0.1082,1.0724
1.0667,32.7599,0.6189,path,0.5651,4.6800,0.0212,-1.0638,0.0783,1.2128,0.5532,1.0617
0.8683,2.5088,0.2043,path,1.9567,6.8000,0.0074,-0.8189,0.2888,0.6319,0.2258,0.3726
1.5375,78.7972,0.7729,path,1.3170,7.6400,0.0211,-0.8898,1.2539,1.0607,0.4435,1.0436
2.0763,26.5022,1.0893,path,6.4895,7.6400,0.0214,-1.5204,1.4140,1.3095,0.7992,1.0711
0.1985,7.4803,0.0853,combined,1.4127,6.9400,0.1985,-0.1960,0.0315,0.4125,0.1817,0.3162
0.1316,3.7970,0.0296,combined,1.7884,7.9000,0.1316,-0.1102,0.0719,0.7012,0.2361,1.1713
1.2527,11.1073,0.3609,path,2.8504,7.3600,0.0081,-1.2328,0.2225,0.4633,0.2542,0.4039
2.4778,9.9723,1.2080,path,6.0466,5.3600,0.0293,-2.3919,0.6464,1.5831,0.9784,1.4377
0.9615,5.8386,0.2262,path,2.3402,6.9400,0.0104,-0.7961,0.5390,0.4179,0.2529,0.5194
0.0092,6.3082,0.0687,combined,0.7224,7.2800,0.0022,0.0076,0.0053,0.2970,0.1231,0.8495
0.2024,5.6914,0.0509,lateral,0.5841,6.5000,0.1815,-0.0297,0.2002,0.3201,0.1028,0.7897
2.0857,40.5874,0.8072,path,1.5899,7.4400,0.0265,0.2531,2.0703,1.1717,0.7517,1.3241
1.5709,2.0567,0.5623,path,0.9189,7.1400,0.0188,-0.1194,1.5664,0.8906,0.4371,0.9427
1.4664,8.9174,0.7468,path,3.4193,4.4800,0.0164,-1.4254,0.3441,0.8567,0.4828,0.8158
0.1434,8.9503,0.0393,straight,0.0581,5.6400,0.0581,-0.1397,0.0321,0.1156,0.0431,1.0378
0.9029,53.7251,0.7282,path,4.7812,5.2600,0.0281,-0.8212,0.3754,1.5585,0.8586,1.4352
0.1482,3.5223,0.1160,lateral,1.0640,5.6600,0.1482,-0.0779,0.1261,0.6086,0.1823,0.7809
2.2158,12.3239,1.1271,path,5.6815,6.4400,0.0263,-1.3829,1.7312,1.3419,0.8924,1.3057
0.0902,9.5971,0.1049,lateral,1.3872,7.2200,0.0902,-0.0877,0.0212,0.7295,0.1907,0.4931
1.7420,19.9424,0.8924,path,3.5788,7.3200,0.0153,-1.7167,0.2961,0.9028,0.4188,0.7656
0.1243,11.3775,0.0683,lateral,0.8930,7.4000,0.1151,-0.0803,0.0948,0.2985,0.1167,0.9269
1.2688,18.0898,0.5072,path,1.5749,6.5800,0.0187,-0.5353,1.1504,0.8360,0.5019,0.9332
0.9972,19.6953,0.5387,path,0.9346,5.3800,0.0159,-0.5536,0.8294,0.7006,0.3012,0.7967
0.1152,0.2050,0.0641,turn,0.0000,5.6200,0.0000,nan,nan,0.2309,0.0663,0.7918
0.4647,6.5729,0.0518,combined,1.9546,6.6200,0.4647,-0.4637,0.0293,0.6412,0.2213,1.0083
0.5068,6.8671,0.0891,straight,1.5347,5.2600,0.5068,-0.4983,0.0925,0.4619,0.2095,0.8088
0.3295,0.4275,0.1215,lateral,1.0782,4.4600,0.3295,-0.3292,0.0121,0.4624,0.1757,0.8037
0.0586,5.3123,0.0408,turn,0.0000,6.3000,0.0000,nan,nan,0.1212,0.0500,0.7488
0.1153,6.8599,0.1695,combined,0.9926,4.8600,0.1153,-0.1153,0.0019,0.4366,0.2020,0.6876
2.2882,26.1912,1.0428,path,7.7775,6.9600,0.0283,-2.2150,0.5745,1.4690,0.8432,1.4177
0.8289,32.2320,0.1805,path,0.6631,6.5600,0.0142,-0.7783,0.2850,0.6501,0.2410,0.7110
0.2194,3.9392,0.1408,combined,0.8318,6.1600,0.2194,-0.1907,0.1086,0.3504,0.1500,0.9231
0.9639,6.1800,0.2649,path,1.7735,6.0200,0.0064,-0.9428,0.2006,0.3581,0.1705,0.3197
1.5654,23.3826,0.3206,path,1.8419,7.5200,0.0234,-1.5021,0.4405,1.3309,0.2869,1.1730
2.1222,17.5591,0.6180,path,1.2074,5.1800,0.0278,-2.1200,0.0974,1.3863,0.4570,1.3916
0.8736,15.1754,0.2898,path,1.4475,4.5800,0.0064,-0.8536,0.1856,0.9682,0.2267,0.3174
0.3190,12.7518,0.1134,straight,1.4823,4.4400,0.3190,-0.3172,0.0335,0.5653,0.2667,0.3781
1.2923,10.7906,0.6425,path,3.4581,6.1800,0.0116,-1.2655,0.2617,0.7278,0.4820,0.5817
0.1429,1.6402,0.0279,turn,0.0000,7.7000,0.0000,nan,nan,0.1673,0.0537,0.8421
1.4005,13.0998,0.2860,path,3.0261,7.9000,0.0103,-1.3023,0.5151,1.1712,0.2516,0.5159
0.7236,6.4936,0.3458,path,2.5166,7.6000,0.0066,-0.7207,0.0650,0.4779,0.2472,0.3320
0.6522,1.3042,0.0714,combined,1.5069,5.2800,0.6522,-0.6512,0.0359,0.6098,0.2043,1.0385
0.3000,1.8041,0.0553,combined,1.2409,7.4000,0.2997,-0.2929,0.0645,0.3989,0.1143,0.5277
0.0808,6.3448,0.0647,turn,0.0000,7.8400,0.0000,nan,nan,0.1667,0.0509,0.4248
0.0469,1.0789,0.0244,straight,0.4376,6.3600,0.0469,-0.0331,0.0332,0.1951,0.0794,0.0000
0.1948,15.3228,0.0088,straight,0.6544,7.9400,0.1948,-0.1947,0.0076,0.2275,0.0768,0.9360
0.0723,0.7663,0.0428,straight,0.5581,7.6800,0.0085,0.0716,0.0097,0.2297,0.1051,1.0615
0.1137,7.2084,0.0499,lateral,0.8136,7.5200,0.1077,-0.0714,0.0884,0.4115,0.1133,0.9609
0.0237,0.3428,0.0249,stand,0.0000,4.3600,0.0000,nan,nan,0.1026,0.0313,0.7556
0.1006,0.0380,0.0550,turn,0.0000,6.1000,0.0000,nan,nan,0.1476,0.0528,1.2691
0.1487,2.3812,0.0581,turn,0.0000,7.3000,0.0000,nan,nan,0.1397,0.0491,0.0000
0.9595,50.8772,0.5646,path,1.1718,4.7200,0.0205,-0.3195,0.9048,0.8408,0.4584,1.0236
0.2812,4.0955,0.1281,combined,1.8409,5.9200,0.2812,-0.2092,0.1879,0.6021,0.3000,1.2707
2.5099,88.9559,1.2742,path,6.0083,6.0000,0.0262,-1.5694,1.9588,1.6158,0.9813,1.3160
0.1164,3.0852,0.0439,lateral,1.1785,7.2200,0.1148,-0.1018,0.0563,0.7117,0.1643,0.8103
0.6375,23.4698,0.3054,path,2.3068,7.5200,0.0212,0.6153,0.1665,1.1782,0.5005,1.0579
0.0625,0.4477,0.0178,stand,0.0000,5.1200,0.0000,nan,nan,0.2662,0.0440,0.7673
1.5787,54.8533,0.5088,path,2.1582,6.7200,0.0287,-1.5783,0.0350,0.5608,0.2129,1.4333
0.0779,5.0829,0.0709,combined,0.7577,4.0600,0.0779,-0.0567,0.0534,0.5209,0.1756,1.2335
0.0273,2.8396,0.0181,stand,0.0000,7.0000,0.0000,nan,nan,0.0860,0.0291,0.5152
0.0698,1.0454,0.0435,lateral,0.0299,6.2400,0.0116,0.0419,0.0558,0.1308,0.0524,0.0000
0.1536,5.4159,0.0533,combined,1.4178,5.9800,0.1536,-0.0920,0.1230,0.5927,0.2210,0.7561
1.1686,5.6077,0.4483,path,0.5578,4.9200,0.0189,-0.9807,0.6355,1.2464,0.5715,0.9471
0.0243,8.2845,0.0594,turn,0.0000,7.4000,0.0000,nan,nan,0.2261,0.0565,0.5005
0.0500,1.1129,0.0092,stand,0.0000,5.3200,0.0000,nan,nan,0.0829,0.0350,0.9890
1.1383,9.1968,0.7407,path,3.2467,4.2800,0.0172,-1.1241,0.1792,1.2219,0.6473,0.8593
1.5176,24.0213,0.6949,path,4.2862,6.5000,0.0140,-1.4727,0.3664,0.7980,0.5505,0.6982
0.5427,7.3911,0.2668,combined,1.7574,4.0000,0.5427,-0.4643,0.2809,0.7772,0.3642,0.0000
0.3013,3.3968,0.1128,lateral,1.4529,6.5000,0.3013,-0.2814,0.1078,0.6138,0.1861,0.8849
0.0645,1.2915,0.0241,turn,0.0000,5.6000,0.0000,nan,nan,0.1201,0.0541,0.4430
2.0033,7.4808,1.1383,path,4.0637,4.2400,0.0209,-1.9980,0.1461,1.1359,0.6567,1.0474
0.7301,5.3070,0.2847,path,1.5362,6.8800,0.0062,-0.6701,0.2899,0.8128,0.3075,0.3093
0.0841,8.4126,0.1141,lateral,0.9487,6.6400,0.0835,-0.0471,0.0697,0.5173,0.1483,0.7041
0.2823,8.6170,0.0715,combined,1.8537,6.9000,0.2823,-0.0986,0.2646,0.8341,0.2700,0.9568
0.1133,4.7759,0.0831,turn,0.0000,6.4000,0.0000,nan,nan,0.2094,0.0540,1.0086
0.2381,12.3881,0.1276,combined,1.6744,7.2200,0.2381,-0.2340,0.0443,0.4639,0.2032,0.5461
1.6905,17.7240,0.8010,path,3.6952,4.3400,0.0201,-1.6125,0.5073,0.9196,0.5294,1.0050
0.8433,3.5818,0.2665,path,1.7094,4.0200,0.0083,-0.8423,0.0422,1.3594,0.2642,0.4401
1.0276,67.4685,0.7264,path,3.4041,5.1600,0.0181,-0.8474,0.5814,1.1926,0.6916,0.8976
0.2142,1.7171,0.0286,straight,1.7855,6.8600,0.2142,-0.1831,0.1111,0.6513,0.2451,0.9325
0.0584,7.9730,0.0350,combined,1.4993,7.2400,0.0584,-0.0571,0.0126,0.7485,0.2264,1.4040
0.5965,18.9457,0.3263,path,1.0963,7.5200,0.0039,-0.3251,0.5001,0.8822,0.2053,0.3252
1.2344,24.3808,0.4027,path,2.4930,5.6600,0.0091,-1.2237,0.1622,0.6481,0.3551,0.4528
0.0282,0.3040,0.0561,stand,0.0000,6.8600,0.0000,nan,nan,0.0831,0.0330,0.8994
0.8430,1.9698,0.2346,path,1.6706,5.2400,0.0074,-0.8360,0.1088,0.7782,0.2623,0.3684
1.3680,29.2257,0.6736,path,2.8886,5.0200,0.0180,-1.3271,0.3321,0.8852,0.5529,0.9062
1.1934,14.9318,0.3456,path,2.2615,5.2000,0.0044,-1.1831,0.1564,0.9769,0.2265,0.4356
1.9096,22.8316,0.6168,path,4.6223,5.6800,0.0240,-1.5712,1.0853,1.1526,0.6176,1.1061
0.0374,3.2113,0.0223,stand,0.0000,5.3400,0.0000,nan,nan,0.0922,0.0330,0.3692
1.3009,71.6273,0.6402,path,2.4118,6.7200,0.0217,-1.2155,0.4635,1.4924,0.4302,1.0804
1.5425,7.1155,0.5912,path,2.8591,4.7400,0.0056,-1.5373,0.1258,1.0426,0.3707,0.7546
0.0256,0.8547,0.0500,stand,0.0000,4.6200,0.0000,nan,nan,0.0832,0.0315,0.8486
1.3834,40.8059,0.2455,path,1.8276,4.7600,0.0219,-1.1197,0.8124,0.5958,0.3179,1.0913
1.4510,48.8197,0.4509,path,1.3923,4.2800,0.0251,-1.0414,1.0104,0.7215,0.4056,1.2509
0.0680,0.3157,0.0368,straight,0.2841,4.8000,0.0658,-0.0113,0.0671,0.1563,0.0731,0.6130
0.8070,0.2317,0.3307,path,1.6957,4.7800,0.0071,-0.8055,0.0485,0.4105,0.2259,0.3570
0.1700,3.9486,0.0641,straight,1.1895,5.8000,0.1700,-0.1620,0.0514,0.4955,0.1909,0.4968
1.7392,1.4901,0.5572,path,4.5425,5.8200,0.0161,-1.6616,0.5137,1.0407,0.5845,0.8056
0.7406,19.8744,0.1124,path,2.8751,7.7400,0.0112,-0.3932,0.6276,0.5671,0.3528,0.5600
1.7151,10.4555,0.7740,path,3.7073,4.4200,0.0181,-1.7095,0.1378,0.9758,0.4842,0.9072
0.0526,13.5257,0.0135,combined,1.3313,7.0600,0.0514,-0.0062,0.0522,0.8262,0.2193,0.6419
0.1276,10.1765,0.0202,straight,0.3688,4.3200,0.1276,-0.1088,0.0667,0.1646,0.0785,0.5800
0.1710,7.9355,0.0618,combined,1.0900,7.1400,0.1710,-0.1473,0.0869,0.4416,0.1419,0.9998
0.7303,24.6434,0.3130,path,1.3749,4.9200,0.0061,-0.6858,0.2511,0.4599,0.2224,0.3059
0.0269,8.3309,0.0628,turn,0.0000,4.8600,0.0000,nan,nan,0.1282,0.0483,0.5721
1.3979,33.3105,0.4640,path,4.5674,7.4600,0.0288,1.3113,0.4845,1.5968,0.9583,1.4291
1.6137,78.7399,0.7363,path,3.8130,7.9200,0.0290,-1.5755,0.3494,1.1253,0.4548,1.4591
1.1597,21.3543,0.2845,path,0.7478,6.2000,0.0200,-1.0010,0.5856,0.5601,0.3365,0.9986
0.1221,6.7590,0.0764,straight,1.0107,5.6200,0.1221,-0.1190,0.0270,0.3315,0.1674,0.7445
0.4025,2.4151,0.0626,straight,1.7734,5.9400,0.4025,-0.4005,0.0394,0.5310,0.2414,1.3115
0.3431,1.5757,0.1201,lateral,1.3494,5.3200,0.3431,-0.2741,0.2063,0.5823,0.2204,0.9016
2.0966,8.4476,0.4225,path,2.9924,4.5200,0.0283,-1.6338,1.3140,0.8620,0.4499,1.4132
1.4082,10.8355,0.4056,path,1.4516,5.9800,0.0174,-0.5373,1.3017,0.7295,0.3468,0.8721
0.1363,5.7416,0.0135,straight,0.3689,4.6000,0.1363,-0.1290,0.0442,0.2118,0.0735,0.8410
0.1004,8.2688,0.0686,turn,0.0000,4.7000,0.0000,nan,nan,0.1614,0.0558,1.0192
1.2444,2.8549,0.3901,path,2.2864,4.2400,0.0110,-1.2314,0.1794,0.5405,0.3081,0.5500
1.5843,17.5405,0.2070,path,0.7738,5.8400,0.0290,-0.9431,1.2730,0.8485,0.4003,1.4535
1.4810,4.6766,0.4935,path,3.1945,6.3800,0.0164,-1.1688,0.9095,0.5573,0.3776,0.8207
1.4332,9.7689,0.4375,path,2.1229,7.3200,0.0120,-1.3483,0.4859,0.4532,0.2520,0.6018
1.9577,12.3582,0.9252,path,3.7131,6.8200,0.0219,-1.9402,0.2612,1.2385,0.5813,1.0992
0.4459,27.3703,0.5614,path,2.6949,4.1200,0.0218,-0.4437,0.0445,1.1108,0.5948,1.0853
0.2439,6.4946,0.0761,combined,0.7801,5.4600,0.2439,-0.2408,0.0385,0.2364,0.1017,1.2336
1.4755,1.2024,0.4317,path,3.2837,7.6400,0.0125,-1.1538,0.9197,0.9779,0.3970,0.6237
0.0451,1.9386,0.0286,turn,0.0000,5.2000,0.0000,nan,nan,0.3119,0.0646,1.2643
2.2618,19.7124,0.5721,path,4.5263,7.1800,0.0132,-1.6752,1.5196,1.1841,0.4681,1.0068
0.0852,5.4237,0.0201,combined,2.1421,7.2400,0.0852,-0.0745,0.0413,0.7840,0.2865,0.6840
0.9473,26.1619,0.5468,path,1.1540,6.3800,0.0180,-0.9470,0.0266,0.6441,0.4135,0.9020
0.1783,7.1328,0.1203,combined,0.9409,5.8000,0.1783,-0.1767,0.0242,0.3501,0.1469,0.6752
1.8386,12.9571,0.5646,path,3.9260,5.1600,0.0194,-1.7717,0.4913,0.8748,0.4748,0.9682
2.2871,18.8466,0.9117,path,4.6589,4.9400,0.0245,-1.9039,1.2672,1.3082,0.6875,1.2264
1.1714,0.9275,0.3199,path,1.8419,4.0200,0.0092,-1.1705,0.0435,0.7436,0.2946,0.4587
1.9830,3.3003,0.8441,path,4.1353,4.8000,0.0189,-1.9788,0.1287,0.8876,0.5058,0.9302
1.7148,18.5336,0.7552,path,4.1881,4.9200,0.0241,-1.5657,0.6993,1.2220,0.7931,1.2050
0.2652,1.1378,0.0377,stand,0.0000,4.9800,0.0000,nan,nan,0.3577,0.1001,1.1836
0.8782,19.4816,0.3357,path,2.0221,5.7800,0.0072,-0.8779,0.0242,0.3938,0.2336,0.3602
0.2229,11.9580,0.0724,straight,1.8527,4.7400,0.2229,-0.1820,0.1287,0.8263,0.3554,0.7270
0.2631,13.2205,0.0554,combined,0.9536,5.5600,0.2631,-0.2502,0.0812,0.2696,0.1097,0.0000
0.9475,75.1499,0.6225,path,4.0050,5.6000,0.0223,-0.6736,0.6664,1.1548,0.7062,1.1076
0.0174,9.1629,0.0555,turn,0.0000,6.1000,0.0000,nan,nan,0.1192,0.0525,0.4837
0.9121,9.2795,0.4403,path,2.7352,6.5000,0.0089,-0.9052,0.1122,0.5366,0.3294,0.4436
0.9712,29.0107,0.2169,path,1.8391,7.0200,0.0113,-0.6270,0.7417,0.5115,0.2652,0.5660
0.1837,5.0134,0.1281,lateral,1.0311,4.1400,0.1837,-0.1478,0.1092,0.4876,0.2171,1.2329
1.2754,25.0824,0.3531,path,0.3836,7.7400,0.0166,0.5428,1.1541,0.9302,0.3624,0.8305
0.8193,0.6863,0.1496,path,1.1290,4.0400,0.0112,-0.7856,0.2327,0.5774,0.1850,0.5593
0.1740,11.3786,0.0065,combined,0.7357,6.5600,0.1740,-0.1578,0.0733,0.3946,0.0926,0.5818
1.3974,25.3319,0.4904,path,2.0384,7.5600,0.0134,-1.3043,0.5016,0.6329,0.3040,0.6727
0.2718,5.9481,0.0338,straight,0.4153,6.0800,0.2334,-0.2579,0.0857,0.1373,0.0582,0.6465
2.4470,8.8057,0.9598,path,5.4756,6.9400,0.0196,-2.3673,0.6194,1.1264,0.5208,0.9841
0.4730,3.6940,0.2947,path,1.2815,4.4000,0.0062,-0.4670,0.0751,0.6896,0.2506,0.3114
2.2578,6.6183,0.5138,path,5.3715,6.6800,0.0248,-2.0167,1.0152,1.2261,0.6395,1.2502
0.0059,4.9636,0.0121,stand,0.0000,6.9400,0.0000,nan,nan,0.1305,0.0356,0.0000
1.2499,43.9561,0.2367,path,1.8519,7.3400,0.0089,-1.0320,0.7051,0.7847,0.2188,0.4456
0.1705,15.0945,0.0803,turn,0.0000,7.9400,0.0000,nan,nan,0.1788,0.0553,0.5207
1.1346,10.6197,0.4352,path,2.1237,4.5400,0.0094,-1.1199,0.1822,1.0761,0.4011,0.4696
0.0810,6.5518,0.0349,turn,0.0000,5.1400,0.0000,nan,nan,0.1524,0.0654,0.0000
0.0684,0.9287,0.0588,straight,0.3532,7.8200,0.0288,0.0496,0.0471,0.1721,0.0706,1.2503
0.3954,108.1252,0.5507,path,3.7331,6.9400,0.0136,-0.3778,0.1167,1.1526,0.5126,0.6968
0.2461,4.2929,0.0818,straight,1.9535,6.6600,0.2461,-0.2307,0.0855,0.6678,0.2716,0.7806
1.4393,15.3422,0.6108,path,3.2043,6.6200,0.0154,-1.4169,0.2532,0.7372,0.4736,0.7710
0.1842,5.7180,0.0467,lateral,1.1010,6.4600,0.1842,-0.1416,0.1178,0.5030,0.1553,1.0656
0.1803,6.3243,0.0658,combined,1.2819,6.5600,0.1761,-0.0495,0.1734,0.4471,0.2014,1.1698
0.3548,3.8895,0.1651,combined,1.4413,5.5000,0.3548,-0.3464,0.0769,0.9771,0.2461,1.0643
0.3363,0.3730,0.1869,combined,2.0081,5.4400,0.3363,-0.3361,0.0100,0.7015,0.3441,1.1358
0.6470,0.9844,0.1766,path,2.7164,6.2400,0.0189,0.5898,0.2661,1.1901,0.5984,0.9463
0.1811,5.1370,0.0213,lateral,0.6736,6.9200,0.1800,-0.1754,0.0449,0.3082,0.0896,0.3115
1.6378,27.9309,0.6417,path,3.5836,5.2000,0.0164,-1.5960,0.3676,1.0575,0.5328,0.8177
1.9376,63.4871,1.5121,path,6.5754,6.5000,0.0118,-1.9158,0.2898,1.6721,0.7991,1.3658
1.9098,4.7086,0.3343,path,1.6679,7.8600,0.0259,-1.9045,0.1420,0.7229,0.3749,1.2966
1.5675,21.3111,0.6314,path,3.8208,7.6400,0.0110,-1.4824,0.5095,0.6521,0.3612,0.5524
0.0485,3.3625,0.0237,turn,0.0000,7.3800,0.0000,nan,nan,0.2310,0.0528,0.7777
1.3180,87.5874,0.6056,path,2.8337,5.8400,0.0208,-0.3852,1.2605,1.2055,0.5593,1.0454
0.9524,25.9338,0.1204,path,2.1237,6.8200,0.0074,-0.9094,0.2831,0.8731,0.3187,0.3679
0.7348,25.0738,0.2833,path,2.0579,7.2000,0.0065,-0.6432,0.3553,0.5606,0.2348,0.3229
0.0315,2.7907,0.0461,turn,0.0000,4.8200,0.0000,nan,nan,0.1981,0.0779,1.0074
0.4127,1.3648,0.0394,combined,1.4267,4.6600,0.4127,-0.3820,0.1562,0.5448,0.2440,1.1104
0.2401,1.3411,0.0396,lateral,0.8311,6.4200,0.2382,-0.2341,0.0532,0.3763,0.1102,0.0000
0.7601,41.9520,0.1557,path,0.8106,4.6000,0.0163,-0.5663,0.5070,0.5093,0.2509,0.8136
1.9712,47.6390,1.2803,path,5.3247,4.6200,0.0266,-1.5858,1.1709,1.5569,0.9275,1.3271
1.4924,7.7960,0.4591,path,3.2196,6.3400,0.0105,-1.4918,0.0430,0.5662,0.3290,0.5230
1.1964,29.5981,0.5540,path,2.7603,6.5800,0.0093,-1.1177,0.4268,0.6863,0.3454,0.4633
2.1603,6.4393,1.0510,path,5.4303,4.6400,0.0240,-2.0717,0.6122,1.4129,0.7464,1.1958
0.8466,63.3658,0.3909,path,3.2568,7.3600,0.0111,-0.8382,0.1191,0.7281,0.3652,0.5553
0.2134,4.9572,0.0349,lateral,0.5636,4.3400,0.2134,-0.2032,0.0650,0.1986,0.0936,0.4931
2.2515,39.2089,1.1266,path,6.5134,6.1000,0.0222,-2.1951,0.5010,1.4716,0.7397,1.1114
0.9242,6.6164,0.4213,path,2.3350,5.2000,0.0093,-0.9172,0.1136,0.5649,0.2882,0.4638
1.4622,33.1915,0.3640,path,0.5414,6.2000,0.0258,-1.1296,0.9285,1.0385,0.5580,1.2901
0.1913,2.7071,0.0640,turn,0.0000,6.2000,0.0000,nan,nan,0.1395,0.0521,1.1482
0.0040,3.1594,0.0266,stand,0.0000,6.8200,0.0000,nan,nan,0.1313,0.0280,0.3637
0.1472,7.9590,0.0583,straight,1.1219,6.6600,0.1439,-0.0966,0.1110,0.3986,0.1667,0.8134
1.9238,22.1227,0.6609,path,1.4675,5.5200,0.0239,-1.6834,0.9312,0.7649,0.3695,1.1953
1.2034,37.8473,0.4063,path,3.0952,7.6200,0.0106,-1.0518,0.5847,0.5620,0.3169,0.5285
1.4119,19.4882,0.4052,path,1.7975,4.7000,0.0235,-0.7894,1.1706,0.8743,0.4728,1.1768
0.1244,8.8264,0.0282,straight,0.2611,6.5000,0.1224,-0.0970,0.0778,0.2107,0.0583,0.5360
0.0999,5.7719,0.0313,straight,0.4673,4.9400,0.0999,-0.0865,0.0499,0.1708,0.0864,1.0724
0.1370,11.7651,0.0453,turn,0.0000,6.8400,0.0000,nan,nan,0.1871,0.0650,0.5706
0.1079,0.1286,0.0859,combined,0.8752,6.6200,0.1053,-0.0240,0.1052,0.3055,0.1341,0.7426
0.0725,4.1369,0.0678,straight,0.1943,5.2400,0.0725,-0.0722,0.0066,0.1432,0.0569,1.0414
0.6118,7.8341,0.3650,path,1.5115,4.7800,0.0157,0.0239,0.6114,1.1494,0.5397,0.7807
0.2544,2.0856,0.0698,straight,1.2056,6.8200,0.2544,-0.2497,0.0485,0.4335,0.1513,0.4617
1.9905,0.8693,0.7397,path,0.9523,6.5800,0.0255,-1.9901,0.0420,1.1427,0.5139,1.2757
0.1964,2.4271,0.0723,straight,0.6466,7.5800,0.1654,0.0989,0.1697,0.2610,0.1114,0.9899
0.0168,1.9421,0.0235,stand,0.0000,5.6600,0.0000,nan,nan,0.2353,0.0357,0.7495
0.5194,14.1213,0.0838,combined,1.7442,5.1400,0.5194,-0.5192,0.0162,0.5683,0.2425,0.3806
0.0204,1.2996,0.0618,stand,0.0000,7.4800,0.0000,nan,nan,0.1059,0.0359,0.3752
1.7931,35.1208,1.0073,path,4.3224,6.1400,0.0214,-1.1848,1.3460,1.1450,0.7147,1.0721
0.9988,54.8620,0.1898,path,2.7321,6.8400,0.0190,0.1021,0.9936,1.0246,0.5281,0.9544
0.5959,9.1713,0.1005,combined,1.6199,4.9400,0.5959,-0.5883,0.0954,0.4635,0.2119,0.8495
0.9171,30.8147,0.2546,path,1.2575,6.8800,0.0122,-0.5438,0.7385,0.7248,0.3144,0.6068
0.2952,1.3634,0.1034,turn,0.0000,4.7000,0.0000,nan,nan,0.5803,0.1741,1.3263
1.8692,32.7410,0.9512,path,3.9515,4.7000,0.0200,-1.8433,0.3096,1.0732,0.4857,0.9197
0.0335,4.2355,0.0335,turn,0.0000,6.2800,0.0000,nan,nan,0.1808,0.0615,0.0000
0.8257,14.1008,0.1814,path,1.7802,4.8000,0.0098,-0.7944,0.2254,0.8924,0.2157,0.4907
0.1018,2.2024,0.0484,straight,0.2289,7.4200,0.1009,-0.0672,0.0765,0.1836,0.0532,0.3444
2.1688,15.5209,0.9221,path,7.2287,6.0400,0.0272,-2.1385,0.3618,1.6261,0.9767,1.3572
0.2753,0.5731,0.1101,combined,1.4132,4.2200,0.2753,-0.2563,0.1005,0.6092,0.2825,0.4248
0.9570,13.0070,0.3846,path,2.7849,7.7200,0.0072,-0.9501,0.1142,0.5391,0.2616,0.3610
0.2134,0.8875,0.0872,straight,0.3596,6.1000,0.2111,-0.2112,0.0309,0.1521,0.0614,0.6805
1.3490,12.1754,0.5269,path,1.8604,5.7200,0.0179,-0.9680,0.9395,0.8076,0.4266,0.9039
0.1713,4.0299,0.0244,lateral,0.5492,4.2800,0.1687,-0.1707,0.0143,0.2504,0.0947,0.0000
0.0923,0.1525,0.0196,turn,0.0000,5.9200,0.0000,nan,nan,0.1406,0.0580,0.0000
0.3281,4.9225,0.0980,combined,1.1193,4.6200,0.3281,-0.3168,0.0852,0.3684,0.1975,0.3781
0.2317,8.8037,0.1165,combined,0.9740,4.8600,0.2317,-0.2261,0.0507,0.3427,0.1715,0.8037
0.6256,10.8296,0.2392,path,1.4245,5.1200,0.0072,-0.6251,0.0271,1.1616,0.3370,0.3598
2.0794,13.0552,1.3951,path,3.5565,5.4000,0.0239,-2.0699,0.1978,1.4675,0.5278,1.1959
1.1186,24.3648,0.1944,path,0.5220,6.4600,0.0174,-1.0516,0.3814,0.7126,0.2151,0.8689
0.3383,1.4825,0.0575,lateral,1.3196,5.9200,0.3383,-0.2675,0.2071,0.5454,0.1866,0.5270
0.7951,26.3263,0.1907,path,1.6448,5.9400,0.0191,-0.0029,0.7951,0.8531,0.4503,0.9571
0.8346,6.8500,0.3109,path,1.8900,4.8200,0.0079,-0.8283,0.1026,0.4521,0.2426,0.3959
0.6104,77.6433,1.4321,path,3.6984,6.0200,0.0276,-0.4172,0.4456,1.5746,0.8430,1.3722
0.1191,4.4873,0.0985,straight,1.6122,6.8400,0.1191,-0.1160,0.0270,0.6409,0.2331,0.9028
0.0816,1.1732,0.0570,combined,0.7160,5.5400,0.0816,-0.0699,0.0420,0.4274,0.1490,1.1713
0.9522,24.4539,0.3758,path,1.8266,5.2200,0.0125,-0.7460,0.5918,0.6027,0.3894,0.6246
1.2495,30.7638,0.5774,path,3.3721,6.6600,0.0146,-0.8014,0.9586,1.0253,0.6204,0.7325
0.0843,5.2391,0.0875,lateral,0.2646,6.2400,0.0675,-0.0832,0.0135,0.1996,0.0730,0.6649
2.0558,17.2300,0.4765,path,3.4901,5.8800,0.0126,-2.0480,0.1782,0.8319,0.2714,0.6268
0.9989,17.3141,0.4793,path,3.1386,6.0400,0.0105,-0.9817,0.1844,0.6100,0.3960,0.5199
1.3374,8.9704,0.3548,path,2.5294,6.1000,0.0084,-1.3347,0.0844,0.4867,0.2256,0.4202
2.5601,24.6144,0.7017,path,5.9380,6.6200,0.0289,-1.7226,1.8938,1.5886,0.9361,1.4468
1.3157,13.4209,0.4332,path,2.8493,7.3400,0.0249,1.3101,0.1221,1.3831,0.7430,1.2437
0.1557,2.6740,0.0235,combined,1.1153,6.8000,0.1557,-0.1520,0.0337,0.5603,0.1478,0.9590
0.1634,10.9900,0.0374,turn,0.0000,4.7200,0.0000,nan,nan,0.1491,0.0572,0.9360
1.4487,5.5099,0.7155,path,5.0463,6.7400,0.0152,-1.3950,0.3910,1.5174,0.6843,0.7510
0.4961,11.8644,0.1000,straight,1.3929,5.4000,0.4961,-0.4914,0.0683,0.3648,0.1775,0.9269
0.0145,1.2911,0.0158,stand,0.0000,6.9600,0.0000,nan,nan,0.0834,0.0272,0.0000
1.0831,9.8924,0.5028,path,1.4370,6.5000,0.0144,-0.6243,0.8851,0.6124,0.3008,0.7218
0.0537,4.0663,0.1137,straight,0.5893,4.9800,0.0526,-0.0010,0.0537,0.3088,0.1307,0.8421
0.3129,4.5383,0.0698,lateral,1.0286,4.1000,0.3129,-0.3127,0.0098,0.4161,0.1827,0.8849
0.1837,12.2015,0.0423,combined,1.4625,7.3400,0.1837,-0.1778,0.0463,0.4929,0.1654,0.0000
0.2554,2.5865,0.0840,combined,1.4226,6.9400,0.2554,-0.2226,0.1252,0.4260,0.1661,1.1471
1.2035,18.3512,0.6966,path,1.7148,4.8000,0.0243,-0.6205,1.0312,0.8719,0.5112,1.2142
1.5494,39.5474,1.0303,path,1.9638,6.1200,0.0212,-1.5081,0.3553,1.0518,0.4974,1.0631
0.9715,15.2616,0.2486,path,1.2848,7.0200,0.0133,-0.5782,0.7806,1.2911,0.3742,0.6634
0.2236,8.9477,0.1138,combined,2.3672,7.1800,0.2236,-0.0877,0.2057,0.8990,0.3107,0.7327
0.0898,3.9813,0.0412,lateral,0.7665,6.0000,0.0880,-0.0832,0.0338,0.3388,0.1188,0.3162
2.1298,17.9645,0.8096,path,3.3766,7.5600,0.0230,-0.9488,1.9068,1.1968,0.6493,1.1495
0.3240,5.8917,0.1340,combined,1.1409,4.6600,0.3240,-0.3190,0.0567,0.4218,0.1608,1.2335
2.5044,98.7580,1.4425,path,4.9000,4.0200,0.0293,-2.2375,1.1250,1.5401,0.7483,1.4608
0.9578,8.0904,0.4085,path,3.1251,7.0200,0.0098,-0.9230,0.2557,0.6139,0.3867,0.4883
0.2234,6.3718,0.0513,straight,1.9285,6.5200,0.2234,-0.2232,0.0070,0.5742,0.2682,0.4032
0.9448,0.9859,0.1347,path,1.6914,7.3600,0.0077,-0.7785,0.5353,0.4945,0.1763,0.3840
0.2786,13.2586,0.0783,turn,0.0000,7.9800,0.0000,nan,nan,0.1793,0.0562,0.7986
0.1604,4.8017,0.0779,straight,0.2879,7.3000,0.1206,0.0389,0.1556,0.1648,0.0777,0.5611
0.6787,12.6994,0.1323,combined,1.6343,4.6400,0.6787,-0.6768,0.0505,0.3802,0.2076,0.5005
0.1812,3.0769,0.0225,lateral,1.2755,7.8400,0.1811,-0.1685,0.0667,0.5389,0.1493,0.0000
0.1034,0.4377,0.0315,lateral,0.4856,4.9000,0.1021,-0.1031,0.0080,0.2757,0.0893,0.5152
0.5278,10.8187,0.3367,path,1.9066,6.3800,0.0097,-0.4019,0.3421,0.6189,0.3516,0.4848
0.7236,23.9124,0.3817,path,1.9071,5.5000,0.0137,-0.3833,0.6138,0.8058,0.4990,0.6886
0.2057,9.0426,0.1116,lateral,0.4766,5.4200,0.2057,-0.1660,0.1215,0.2353,0.0815,1.0615
1.3540,10.3767,0.6352,path,1.5640,7.5600,0.0217,-1.3353,0.2242,0.9540,0.5696,1.0885
0.1961,8.0951,0.0942,straight,1.0152,4.0800,0.1961,-0.1510,0.1251,0.4914,0.2220,1.0992
1.2621,19.8168,0.5039,path,3.3520,7.6800,0.0125,-0.9113,0.8733,0.8750,0.4260,0.6233
1.0117,47.0343,0.4692,path,3.7414,7.1000,0.0247,0.0345,1.0111,1.2826,0.7056,1.2468
1.5439,57.9829,0.0700,path,2.8032,4.5400,0.0239,-1.5031,0.3525,1.1643,0.4091,1.1999
0.0953,1.7643,0.0997,turn,0.0000,7.5400,0.0000,nan,nan,0.1261,0.0465,1.0987
0.3639,3.4373,0.0074,combined,1.3463,4.8800,0.3639,-0.3493,0.1018,0.6085,0.2267,0.4430
0.0888,0.7595,0.0183,straight,0.6505,7.6600,0.0878,-0.0591,0.0662,0.2341,0.0922,0.3174
0.1994,1.0602,0.0459,lateral,0.8105,7.2200,0.1926,-0.0428,0.1948,0.2953,0.1150,0.4313
0.6828,78.0646,0.2650,path,2.7981,7.6000,0.0278,-0.6583,0.1816,1.0877,0.4572,1.4028
0.1986,1.0140,0.0836,lateral,0.5618,4.4200,0.1986,-0.1978,0.0171,0.2265,0.0904,0.8486
1.1218,10.8441,0.0530,stand,0.0000,5.5000,0.0000,nan,nan,1.0217,0.2784,1.2707
0.0106,1.0256,0.0134,stand,0.0000,4.5400,0.0000,nan,nan,0.0636,0.0277,0.3692
1.4778,61.5445,0.3938,path,0.2413,6.5600,0.0189,1.0030,1.0853,1.3329,0.4828,1.4874
1.5334,0.7708,0.5866,path,3.9252,6.1000,0.0153,-1.3552,0.7174,0.8456,0.4772,0.7662
1.7613,4.3314,0.3461,path,2.6206,7.3000,0.0176,-0.9735,1.4678,0.6601,0.3794,0.8780
0.3511,4.9727,0.1393,combined,1.8281,5.6200,0.3511,-0.3511,0.0049,0.6774,0.2387,0.0000
2.3530,17.4608,0.9563,path,1.7474,6.0400,0.0296,-0.7024,2.2457,1.4933,0.6385,1.4765
0.0241,1.8737,0.0707,stand,0.0000,4.7600,0.0000,nan,nan,0.1129,0.0320,1.4040
1.3562,45.3749,0.5590,path,1.5048,4.8600,0.0213,-0.8701,1.0403,0.6498,0.4106,1.0641
0.1979,11.2720,0.0920,straight,0.4413,4.9200,0.1885,-0.1593,0.1175,0.1950,0.0740,1.0086
0.0488,0.4925,0.0379,stand,0.0000,4.9200,0.0000,nan,nan,0.1617,0.0385,0.5461
0.0781,6.0727,0.0461,lateral,0.2265,7.9000,0.0406,0.0508,0.0593,0.3220,0.0678,1.1395
0.8039,29.2460,0.2235,path,1.3625,5.4600,0.0060,-0.7598,0.2627,0.5867,0.1942,0.3020
1.8527,25.4419,1.0525,path,4.4790,4.7600,0.0209,-1.7029,0.7300,1.1045,0.6301,1.0353
2.5917,19.8918,0.6259,path,3.6070,6.2800,0.0252,-2.0278,1.6140,1.1179,0.5460,1.2555
0.1524,4.9158,0.0285,combined,0.8057,6.4000,0.1524,-0.1139,0.1013,0.4305,0.1482,0.8088
1.5937,6.2398,0.4930,path,1.3615,6.7600,0.0183,-1.0664,1.1844,0.8259,0.4546,0.9141
1.3535,3.0784,1.0183,path,5.6993,6.8400,0.0079,-1.1600,0.6975,1.4339,0.7891,1.0436
0.2532,11.3060,0.0914,straight,1.2448,6.5400,0.2532,-0.2291,0.1078,0.3158,0.1640,1.0083
0.9593,7.0023,0.2659,path,1.4440,4.2000,0.0069,-0.9585,0.0371,0.3072,0.1931,0.3439
0.1593,1.7473,0.0293,lateral,0.4122,5.4600,0.1591,-0.1592,0.0051,0.1773,0.0692,0.0000
0.3250,9.6013,0.0759,lateral,1.4365,6.5200,0.3250,-0.3250,0.0064,0.5114,0.1725,0.7488
1.7038,0.4707,0.6594,path,4.1734,5.3000,0.0161,-1.6479,0.4328,1.1383,0.5084,0.8603
2.1173,31.8543,1.0177,path,4.4014,4.9400,0.0189,-2.1099,0.1763,1.0625,0.4999,0.9558
0.2499,6.0568,0.0491,lateral,0.9142,7.6200,0.2484,-0.2281,0.1021,0.5195,0.1165,1.0669
0.1079,2.5241,0.0224,turn,0.0000,6.9600,0.0000,nan,nan,0.2158,0.0505,1.0378
0.0261,0.5909,0.0423,stand,0.0000,6.7200,0.0000,nan,nan,0.1181,0.0331,0.7918
0.0248,1.7479,0.0318,stand,0.0000,7.6800,0.0000,nan,nan,0.1317,0.0377,0.4666
1.3643,31.6896,0.9295,path,3.3907,4.0000,0.0177,-1.2820,0.4667,1.2261,0.7525,0.8854
0.1552,1.1399,0.0653,turn,0.0000,7.4200,0.0000,nan,nan,0.3454,0.0815,1.3110
0.2448,4.8767,0.0689,combined,0.9042,7.1000,0.2448,-0.2310,0.0811,0.3040,0.1034,0.7897
1.5319,12.0220,0.5832,path,1.0951,5.3400,0.0279,-1.0581,1.1078,0.9325,0.4831,1.3934
0.1926,0.2451,0.0529,lateral,0.6482,7.1000,0.1861,-0.1926,0.0015,0.2814,0.0901,0.7809
0.1969,9.6827,0.0216,combined,1.2026,6.0600,0.1969,-0.1933,0.0371,0.5698,0.1736,0.8103
0.1653,5.3449,0.0526,turn,0.0000,5.0200,0.0000,nan,nan,0.1434,0.0614,0.6130
1.2155,25.3152,0.4362,path,2.6515,6.7400,0.0090,-1.2149,0.0389,0.6995,0.3109,0.4512
1.3754,7.1354,0.3055,path,2.0859,4.3000,0.0097,-1.3734,0.0735,0.3637,0.1940,0.4855
0.1497,3.2833,0.0619,combined,1.6504,6.8600,0.1497,-0.1496,0.0024,0.8186,0.2273,0.6876
0.1787,4.2387,0.0769,combined,1.6003,5.4600,0.1787,-0.1167,0.1353,0.9989,0.2975,0.9325
1.9545,1.2076,0.4396,path,3.3520,7.8800,0.0154,-1.5975,1.1260,0.6380,0.3427,0.7690
0.9264,40.8398,1.0861,path,3.1139,4.5600,0.0144,-0.6932,0.6145,1.3465,0.5594,0.7214
1.4181,49.0313,1.1706,path,3.1437,5.0400,0.0300,-0.4882,1.3314,1.2789,0.8541,1.4977
0.1351,1.7667,0.0614,lateral,0.3018,5.1400,0.1333,-0.1270,0.0462,0.1810,0.0619,0.4968
0.1654,0.9568,0.0897,turn,0.0000,6.6000,0.0000,nan,nan,0.1543,0.0534,1.2691
0.7921,15.6136,0.3667,path,2.1366,5.8800,0.0073,-0.7857,0.1004,0.7264,0.3011,0.3631
2.9858,10.6456,0.9656,path,7.2362,7.7600,0.0266,-2.0882,2.1341,1.3629,0.8130,1.3320
1.2686,21.7773,0.4117,path,3.1947,7.0600,0.0117,-1.0795,0.6663,0.6723,0.4322,0.5862
0.1051,7.0594,0.0309,turn,0.0000,4.1000,0.0000,nan,nan,0.2079,0.0655,1.2329
1.4297,43.0146,0.8395,path,4.5977,6.4000,0.0157,-1.3843,0.3575,0.9024,0.5931,0.7887
1.2433,12.9486,0.4177,path,2.4618,4.4400,0.0141,-1.2199,0.2400,0.7552,0.4384,0.7042
0.0938,0.0748,0.0338,turn,0.0000,4.3400,0.0000,nan,nan,0.2546,0.0727,0.7270
0.1749,2.2862,0.0208,lateral,0.1679,6.2200,0.1497,-0.1160,0.1309,0.1396,0.0578,0.7041
1.2634,24.1382,0.4705,path,3.7171,7.9200,0.0111,-1.0597,0.6879,0.6841,0.4381,0.5565
0.2361,2.1318,0.0490,combined,1.0195,6.2600,0.2361,-0.2338,0.0329,0.3174,0.1302,0.9568
0.3214,8.4886,0.1147,straight,1.4149,4.2200,0.3214,-0.3171,0.0527,0.5275,0.2661,0.6465
0.0692,10.7952,0.0203,turn,0.0000,4.6200,0.0000,nan,nan,0.1742,0.0602,0.9609
0.1172,4.1893,0.0493,straight,0.9706,6.9000,0.1156,-0.0558,0.1031,0.5118,0.1562,0.7673
1.0382,64.6074,0.3827,path,2.6548,4.2800,0.0218,-0.4591,0.9311,1.3162,0.6464,1.0865
0.2296,4.0057,0.0390,straight,0.9605,6.5600,0.2266,-0.2285,0.0216,0.3271,0.1329,0.0000
0.2479,2.9475,0.1234,straight,0.8292,4.6200,0.2479,-0.1686,0.1818,0.4569,0.1817,1.3913
0.2650,68.4745,0.2808,path,1.5351,5.4200,0.0192,0.0059,0.2649,0.8010,0.4280,0.9676
0.3963,5.8269,0.0745,straight,1.8569,6.7600,0.3963,-0.3439,0.1969,0.6155,0.2381,0.7561
0.1598,5.0698,0.0366,lateral,0.6965,4.4600,0.1598,-0.1351,0.0854,0.3145,0.1356,0.5818
1.6895,33.9767,0.8065,path,3.7251,7.5200,0.0100,-1.6374,0.4162,0.9616,0.3586,0.7320
0.0359,1.5305,0.0243,stand,0.0000,4.2000,0.0000,nan,nan,0.0818,0.0336,1.1698
1.8020,10.3342,0.3272,path,2.5893,4.1000,0.0229,-1.6955,0.6103,0.7971,0.4056,1.1422
2.0270,8.6292,0.8548,path,3.9347,4.3400,0.0187,-2.0268,0.0291,0.8449,0.4799,0.9080
0.0524,12.0965,0.0476,straight,0.1992,4.3400,0.0524,-0.0478,0.0215,0.1146,0.0576,0.0000
2.4351,1.8962,0.5933,path,2.1068,6.2200,0.0304,-1.4994,1.9187,0.8440,0.5358,1.5229
0.3561,3.2698,0.0526,combined,1.7781,6.4200,0.3546,-0.3142,0.1677,0.6605,0.2415,0.8994
1.2832,14.5077,0.3670,path,2.3795,5.2800,0.0093,-1.2830,0.0233,0.4317,0.2533,0.4645
0.0140,2.5216,0.0425,lateral,0.1530,7.8800,0.0136,0.0048,0.0131,0.1509,0.0560,0.9231
0.9208,7.5855,0.2046,path,2.0232,5.8000,0.0082,-0.9076,0.1552,0.5706,0.2660,0.4104
0.2077,18.6725,0.1284,lateral,0.9874,4.8200,0.2077,-0.1999,0.0565,0.4505,0.1671,0.4837
1.1474,2.1890,0.5989,path,3.4811,7.3400,0.0138,-0.8375,0.7842,1.4503,0.5896,0.6907
0.0824,6.1687,0.0477,straight,0.1623,7.5000,0.0122,0.0720,0.0401,0.1465,0.0571,0.7556
0.1349,4.0015,0.0556,turn,0.0000,5.8400,0.0000,nan,nan,0.1121,0.0481,0.5721
1.9565,8.2621,0.7547,path,4.0227,7.9600,0.0192,-1.9255,0.3466,0.9001,0.4059,0.9618
0.7982,17.5566,0.2478,path,1.3979,6.1400,0.0069,-0.6882,0.4045,0.3003,0.1975,0.3447
0.0831,0.8509,0.0338,turn,0.0000,4.5200,0.0000,nan,nan,0.1288,0.0463,1.2503
2.0267,18.3528,0.5455,path,4.4509,6.4600,0.0178,-1.8536,0.8195,0.8537,0.5001,0.8913
0.0796,2.7019,0.0386,turn,0.0000,7.7800,0.0000,nan,nan,0.1945,0.0561,0.5277
0.3403,2.0076,0.1898,straight,1.3696,4.5000,0.3403,-0.3358,0.0551,0.4425,0.2364,1.1358
1.2531,31.5389,0.3900,path,2.0337,5.1600,0.0240,-0.8989,0.8730,1.2202,0.4445,1.1947
1.4976,14.7191,0.7629,path,3.2679,4.8600,0.0135,-1.4955,0.0787,0.8322,0.4680,0.6757
1.2444,4.3063,0.2751,path,2.1907,5.3000,0.0086,-1.2430,0.0584,0.5879,0.1945,0.4118
1.1440,30.8809,0.3635,path,1.2002,4.2000,0.0267,-0.1485,1.1343,1.0599,0.4856,1.3273
2.3032,13.6843,1.0768,path,4.7480,4.1200,0.0250,-2.2551,0.4683,1.2435,0.6406,1.2474
0.0340,0.5845,0.1326,straight,0.4224,7.3600,0.0300,-0.0230,0.0250,0.2124,0.0747,0.9890
1.4352,3.1207,0.5265,path,2.6110,5.2600,0.0130,-1.3435,0.5048,0.6443,0.3013,0.6519
1.9224,16.8362,1.0701,path,6.8006,7.0000,0.0201,-1.7979,0.6806,1.2080,0.7359,1.0048
0.2402,11.4500,0.0231,lateral,0.7244,4.2000,0.2402,-0.2401,0.0045,0.3174,0.1188,0.5360
0.6036,6.7491,0.1889,lateral,1.3175,4.0200,0.6036,-0.6018,0.0465,0.3942,0.1801,0.8495
1.7057,7.4881,0.3492,path,1.8781,5.0200,0.0211,-1.5956,0.6028,0.6232,0.2536,1.0556
0.0842,3.8435,0.0184,lateral,0.3168,4.1200,0.0826,-0.0241,0.0807,0.2363,0.0894,0.3752
1.0382,48.4533,0.3499,path,0.5726,7.0600,0.0150,-0.6344,0.8218,0.5715,0.3373,0.7488
2.1707,32.7505,1.2099,path,2.4647,7.8200,0.0263,-2.1694,0.0751,1.2848,0.6458,1.3174
0.2162,4.8980,0.0027,lateral,0.7075,4.6800,0.2156,-0.1568,0.1489,0.3421,0.1287,0.0000
0.3373,23.5799,0.0820,path,0.8671,7.8200,0.0163,0.1267,0.3126,0.5458,0.2624,0.8187
1.6964,5.2974,0.6920,path,4.4915,5.9000,0.0162,-1.6782,0.2479,0.8949,0.5218,0.8093
0.1912,10.1522,0.0417,turn,0.0000,5.6800,0.0000,nan,nan,0.1470,0.0612,0.6752
2.4860,20.4457,1.1534,path,5.2001,4.7200,0.0249,-2.4178,0.5783,1.2754,0.7039,1.2440
0.3920,5.4367,0.1246,combined,1.4316,4.0200,0.3920,-0.3912,0.0254,0.5829,0.2528,0.6805
1.0747,37.4706,0.3175,path,1.4070,5.8200,0.0176,-0.6436,0.8606,0.5511,0.3229,0.8775
0.3501,4.5107,0.0495,lateral,1.4230,4.9600,0.3501,-0.3501,0.0019,0.6177,0.2188,0.7777
2.2306,2.6509,1.0838,path,6.8499,6.1600,0.0274,-2.1105,0.7221,1.5513,0.8506,1.3692
0.7474,6.6675,0.2534,path,1.9859,6.8800,0.0069,-0.7084,0.2382,0.5572,0.2176,0.3449
1.2882,31.9969,0.2577,path,1.8104,4.7200,0.0220,-0.8438,0.9734,0.7745,0.3910,1.1006
1.6846,5.7310,0.4535,path,1.6948,7.0800,0.0209,-0.6291,1.5627,0.7664,0.4289,1.0464
0.2996,25.4945,0.2176,path,2.5562,5.0800,0.0188,0.2910,0.0712,1.1648,0.5891,0.9406
0.2134,6.1466,0.0603,combined,1.0611,6.6600,0.2134,-0.1958,0.0850,0.3089,0.1323,0.7445
0.0588,7.6403,0.0116,turn,0.0000,4.6800,0.0000,nan,nan,0.1102,0.0440,1.0724
1.3758,11.1579,0.5565,path,2.5046,4.9400,0.0104,-1.3752,0.0400,0.6581,0.3093,0.5189
2.2216,17.9734,0.2336,path,2.7637,5.5800,0.0101,-2.2189,0.1085,1.0240,0.1376,0.5024
0.6486,64.5851,0.3757,path,0.2474,5.9800,0.0088,-0.4102,0.5024,0.8441,0.2703,0.6220
0.2017,8.2230,0.0468,lateral,0.0151,5.4200,0.0140,0.1695,0.1094,0.1472,0.0631,0.7806
0.1484,3.0719,0.0665,lateral,0.5029,4.7200,0.1484,-0.1484,0.0015,0.2591,0.0827,1.0414
2.0636,14.8263,1.0864,path,1.7599,5.8000,0.0253,-1.8251,0.9631,1.4106,0.5991,1.2553
1.8777,7.1186,0.8072,path,3.5978,4.5200,0.0260,-1.6035,0.9770,1.0849,0.6269,1.2994
0.2650,7.9197,0.0835,combined,1.5501,5.5000,0.2650,-0.2638,0.0252,0.6268,0.2372,1.0656
0.0418,2.0524,0.0094,stand,0.0000,7.1200,0.0000,nan,nan,0.0972,0.0283,0.9998
2.0548,30.9654,0.3964,path,2.3860,4.1400,0.0125,-2.0527,0.0941,0.4091,0.1050,0.6268
0.0399,1.3293,0.0275,stand,0.0000,6.4600,0.0000,nan,nan,0.0722,0.0278,0.6840
0.0253,1.6701,0.0304,stand,0.0000,6.6000,0.0000,nan,nan,0.1197,0.0264,1.2643
1.7330,24.6880,0.7817,path,4.7575,7.1200,0.0174,-1.3873,1.0386,1.0419,0.6309,0.8685
0.0172,0.1859,0.0177,stand,0.0000,6.2200,0.0000,nan,nan,0.0804,0.0309,0.0000
0.1529,4.0572,0.0484,lateral,1.2399,7.0200,0.1529,-0.1448,0.0494,0.5478,0.1619,0.9016
1.7100,53.6670,0.5951,path,1.9927,6.0200,0.0274,-0.6095,1.5977,0.9852,0.5939,1.3718
1.0596,8.0763,0.4927,path,2.5908,4.6000,0.0115,-1.0588,0.0409,0.7473,0.3606,0.5759
2.0003,13.6302,0.4672,path,3.5050,7.0200,0.0207,-1.2842,1.5337,0.7898,0.4684,1.0341
0.7866,17.9760,0.2543,path,1.7134,5.6800,0.0063,-0.7811,0.0935,0.4009,0.1767,0.3140
0.4546,72.5777,0.2905,path,1.9015,7.4200,0.0273,-0.4072,0.2020,1.1719,0.5453,1.3675
1.7523,1.1109,0.4956,path,4.4682,7.7800,0.0131,-1.7314,0.2700,0.6417,0.3868,0.6560
1.8122,23.6019,0.6904,path,3.6928,4.5800,0.0265,-1.5780,0.8911,1.4868,0.8668,1.3262
2.3605,18.0312,0.7860,path,2.3317,4.3400,0.0300,-2.3384,0.3226,0.9573,0.3560,1.5006
0.5901,1.8473,0.1277,combined,1.9630,4.5400,0.5901,-0.5896,0.0227,0.7229,0.2874,0.6649
