pos_err_m,heading_err_deg,final_speed_mps,category,start_dist_m,duration_s,min_dist_m,along_err_m,cross_err_m,peak_speed_mps,mean_speed_mps,cmd_speed_mps
0.0800,2.5842,0.4225,path,1.7654,4.0200,0.0027,-0.0750,0.0281,1.0230,0.4357,0.4467
0.4142,17.2854,0.1492,lateral,0.7462,4.0600,0.4142,-0.3534,0.2161,0.5034,0.2128,0.0000
0.3489,2.4943,1.0004,path,2.5506,4.0600,0.0155,-0.3489,0.0019,1.2085,0.6011,0.7727
0.5726,2.0633,0.3305,path,2.2357,4.0800,0.0158,-0.5670,0.0794,1.3012,0.6242,0.7954
0.3553,6.6826,0.1026,path,2.2631,4.0800,0.0130,-0.1773,0.3079,1.4563,0.5784,0.6525
0.8488,15.9869,0.1465,combined,1.5171,4.1600,0.8488,-0.4751,0.7034,1.1560,0.4338,0.0000
0.3452,0.7506,0.3035,path,1.5131,4.1600,0.0106,-0.3343,0.0861,0.9546,0.4355,0.5294
0.5484,6.0115,0.1688,straight,1.1866,4.1800,0.5443,-0.5467,0.0437,0.4309,0.2023,0.0000
0.5760,0.9436,0.0986,combined,0.2666,4.2000,0.2514,-0.3119,0.4842,0.9574,0.3298,0.0000
0.4319,3.5034,0.0313,combined,0.7092,4.2000,0.4319,-0.3722,0.2192,0.3658,0.1671,0.0000
0.7880,7.0863,0.3619,combined,1.8995,4.3000,0.3935,0.6004,0.5104,1.6990,0.7992,0.0000
0.5077,4.9578,0.1239,stand,0.0000,4.3000,0.0000,nan,nan,0.4322,0.2033,0.0000
0.6988,0.7497,0.4771,path,1.5475,4.3000,0.0160,-0.6548,0.2441,0.7063,0.2998,0.8010
0.5939,4.3294,0.1923,combined,1.3881,4.3200,0.5939,-0.5696,0.1682,0.6690,0.2651,0.0000
0.2098,2.2379,0.3930,path,2.5379,4.3400,0.0147,-0.1942,0.0795,1.2280,0.7028,0.7331
0.3834,8.4711,0.1050,turn,0.0000,4.3600,0.0000,nan,nan,0.6697,0.2840,0.0000
0.7423,5.6998,0.1155,straight,0.7491,4.3600,0.2211,0.7252,0.1587,1.1925,0.5130,0.0000
0.2494,3.2506,0.0355,stand,0.0000,4.3800,0.0000,nan,nan,0.3373,0.1208,0.0000
0.5519,19.7801,0.0973,lateral,0.4942,4.4000,0.4942,-0.4821,0.2686,0.5601,0.1840,0.0000
0.0426,8.0398,0.2112,path,1.2837,4.4200,0.0061,0.0084,0.0417,0.6143,0.3049,0.3031
0.2637,5.6318,0.7624,path,1.5661,4.4200,0.0132,0.0854,0.2495,1.2722,0.5787,0.6620
0.5364,7.0745,0.0524,combined,0.6970,4.4200,0.1479,0.4488,0.2938,1.1225,0.4359,0.0000
0.6134,15.8349,0.2117,combined,0.9888,4.4400,0.6134,-0.1981,0.5805,0.9733,0.3789,0.0000
0.0682,10.0275,0.3774,path,1.9771,4.4800,0.0064,-0.0631,0.0257,1.0522,0.4501,0.4463
0.5759,19.3252,0.2948,lateral,1.4603,4.5000,0.5759,-0.5650,0.1117,0.5091,0.2589,0.0000
0.4675,3.9129,0.8083,path,2.8971,4.5200,0.0138,-0.4674,0.0068,1.2002,0.5954,0.6919
0.4916,9.2207,0.1033,stand,0.0000,4.5200,0.0000,nan,nan,0.4689,0.1821,0.0000
0.3992,4.7498,0.0704,lateral,0.8950,4.5200,0.3992,-0.2298,0.3265,0.4765,0.1806,0.0000
0.3724,15.2948,0.2258,lateral,0.5859,4.5800,0.3724,-0.3295,0.1735,0.6613,0.1898,0.0000
0.2545,2.0668,0.0816,path,2.3545,4.6000,0.0105,0.1951,0.1634,1.3084,0.6239,0.5249
0.3293,2.9166,0.1323,path,2.7807,4.6200,0.0123,-0.2652,0.1954,1.4186,0.5801,0.6150
0.3118,9.5412,1.1795,path,2.8279,4.6200,0.0150,-0.0340,0.3100,1.3968,0.7903,0.7495
0.2849,1.3055,0.0719,combined,0.8937,4.6200,0.2849,-0.2356,0.1602,0.5648,0.1842,0.0000
0.4426,5.1218,0.0993,turn,0.0000,4.6200,0.0000,nan,nan,0.3732,0.1489,0.0000
0.3484,1.2335,0.0706,turn,0.0000,4.6200,0.0000,nan,nan,0.8010,0.2062,0.0000
1.1917,15.1361,0.3815,combined,2.0759,4.6600,0.8377,-0.3283,1.1456,1.5294,0.6288,0.0000
0.4667,0.9824,0.1165,lateral,0.6512,4.6800,0.4473,-0.1503,0.4418,0.3675,0.1751,0.0000
0.4264,1.1614,1.0428,path,2.5042,4.6800,0.0133,0.0011,0.4264,1.3352,0.6883,0.6665
0.1016,2.3464,0.3397,path,1.7558,4.7000,0.0075,0.0019,0.1016,1.3594,0.4884,0.3747
0.2152,4.1896,0.2334,path,3.0479,4.7000,0.0143,-0.2097,0.0483,1.6374,0.6904,0.7125
0.1719,2.9546,0.3299,path,1.4035,4.7400,0.0083,-0.1593,0.0647,0.8853,0.4306,0.4132
0.1257,5.8390,0.3795,path,2.5304,4.7600,0.0110,-0.1242,0.0193,1.3441,0.6007,0.5481
0.4358,13.2168,0.2600,path,3.0796,4.7600,0.0141,-0.4305,0.0677,1.3976,0.6368,0.7067
0.2583,3.5232,0.3593,path,2.5659,4.7800,0.0112,-0.2390,0.0979,1.0750,0.5538,0.5611
0.5927,0.4459,0.0917,straight,1.3440,4.7800,0.5927,-0.5909,0.0451,0.5330,0.1965,0.0000
0.1462,3.4067,0.5209,path,2.0791,4.8000,0.0089,0.0919,0.1137,0.9165,0.5045,0.4429
0.6253,0.3893,0.0516,lateral,0.9494,4.8000,0.6169,-0.2135,0.5877,0.5794,0.2183,0.0000
0.2819,2.2614,0.3430,path,1.4600,4.8200,0.0063,-0.0779,0.2709,0.8409,0.3248,0.3135
0.4251,14.6706,0.1804,straight,0.7338,4.8600,0.2989,0.4157,0.0889,1.1682,0.4526,0.0000
0.2681,12.3882,0.0554,turn,0.0000,4.8600,0.0000,nan,nan,0.5085,0.1141,0.0000
0.4439,3.1870,0.4626,path,2.7058,4.8600,0.0160,-0.3635,0.2548,1.3640,0.5790,0.8001
0.3028,3.0018,0.1261,straight,0.2012,4.8800,0.0698,-0.2991,0.0476,0.4142,0.1401,0.0000
0.4279,3.7439,0.1800,turn,0.0000,4.8800,0.0000,nan,nan,0.8592,0.1727,0.0000
0.2586,5.6205,1.0308,path,2.4226,4.9000,0.0114,-0.2563,0.0345,1.1300,0.5723,0.5726
0.5403,8.1112,0.0783,lateral,1.3697,4.9200,0.5403,-0.3742,0.3897,0.5927,0.2277,0.0000
0.2814,13.8894,0.0706,combined,0.9057,4.9200,0.2804,-0.2296,0.1627,0.4015,0.1680,0.0000
0.2437,0.6568,0.0444,combined,0.4842,4.9600,0.2437,-0.0906,0.2263,0.4106,0.1430,0.0000
0.5014,4.6835,0.2167,path,1.7641,4.9600,0.0083,-0.4362,0.2472,1.0707,0.2961,0.4172
0.3186,0.1770,0.1281,straight,0.6827,4.9800,0.0975,0.3143,0.0517,1.3387,0.4566,0.0000
0.2506,8.6499,0.1296,path,1.3911,4.9800,0.0064,0.0864,0.2352,1.0951,0.4189,0.3212
0.7500,13.0893,0.1727,combined,1.8607,5.0000,0.5372,0.5208,0.5397,1.8852,0.6965,0.0000
0.5500,10.5786,0.1893,combined,0.8683,5.0400,0.5500,-0.0829,0.5437,0.9026,0.2437,0.0000
0.4087,8.9545,0.0867,lateral,0.7716,5.0800,0.4045,-0.2852,0.2927,0.4025,0.1414,0.0000
0.2605,4.3860,0.0762,lateral,0.6068,5.0800,0.2265,0.0516,0.2553,0.4086,0.1551,0.0000
0.1229,8.9829,0.3641,path,1.4645,5.1000,0.0062,-0.0869,0.0870,0.6782,0.2843,0.3079
0.2596,2.9570,0.3301,path,2.3999,5.1200,0.0097,-0.1534,0.2094,1.4673,0.5116,0.4855
0.4226,2.0421,0.5776,path,2.7797,5.1200,0.0024,-0.1910,0.3770,1.5283,0.6423,0.7173
0.3597,1.5271,0.8438,path,2.7398,5.1200,0.0117,-0.3596,0.0068,1.1536,0.5476,0.5842
0.0841,8.5954,0.0374,stand,0.0000,5.1600,0.0000,nan,nan,0.1883,0.0638,0.0000
0.4065,10.5035,0.1172,straight,1.4140,5.1600,0.4065,0.2823,0.2925,1.3653,0.5124,0.0000
0.8479,4.3948,1.2719,path,2.6104,5.1800,0.0137,0.3935,0.7511,1.3507,0.7930,0.6847
0.3080,2.7255,0.1864,path,2.2676,5.1800,0.0088,-0.2332,0.2012,1.0742,0.4385,0.4382
0.4151,3.0310,0.1293,straight,1.3221,5.1800,0.4116,-0.4141,0.0278,0.7995,0.2256,0.0000
0.4808,14.4721,0.0149,lateral,1.2319,5.2000,0.4808,-0.3847,0.2884,0.5278,0.2483,0.0000
0.3636,2.7683,0.9535,path,1.6997,5.2600,0.0077,0.0475,0.3605,1.0462,0.5005,0.3836
0.1052,4.1766,0.1933,path,2.1026,5.2600,0.0082,-0.0681,0.0802,1.1681,0.6297,0.4093
0.5483,1.8420,0.1193,combined,1.2532,5.2800,0.5483,-0.5477,0.0268,0.4255,0.1690,0.0000
0.5015,8.3989,0.1171,combined,1.2866,5.3000,0.5015,-0.4262,0.2642,0.5190,0.1933,0.0000
0.0663,9.7460,0.7259,path,2.7758,5.3200,0.0448,-0.0105,0.0655,1.1819,0.7383,0.7076
0.2048,5.1134,0.6640,path,1.1678,5.3200,0.0093,-0.0244,0.2034,0.9524,0.5370,0.4681
0.3262,13.3323,0.1263,path,0.5586,5.3400,0.0069,-0.0592,0.3207,1.0654,0.3287,0.3468
0.6030,16.0441,0.0571,combined,1.1989,5.3400,0.6010,-0.5341,0.2799,0.8618,0.2982,0.0000
0.2606,5.9834,0.0865,turn,0.0000,5.3400,0.0000,nan,nan,0.4335,0.1615,0.0000
0.0682,0.0458,0.5530,path,2.1109,5.3600,0.0080,-0.0667,0.0140,0.9634,0.4327,0.4021
0.0721,8.2908,0.9202,path,3.8842,5.3800,0.0149,-0.0465,0.0551,1.1620,0.7422,0.7424
0.3845,0.8462,0.2551,path,1.3235,4.3800,0.0061,-0.1642,0.3476,0.6057,0.2993,0.3129
0.3219,8.2763,0.1442,path,1.8177,5.4000,0.0068,-0.1035,0.3048,1.0213,0.3741,0.3417
0.1415,0.7285,0.7172,path,2.6406,5.4000,0.0108,-0.1357,0.0402,1.3974,0.5598,0.5410
0.6024,1.8934,1.3779,path,3.8144,5.4200,0.0169,-0.6005,0.0468,1.3979,0.6143,0.7686
0.3014,5.0776,0.1881,turn,0.0000,5.4200,0.0000,nan,nan,0.4675,0.1651,0.0000
0.2870,0.0875,0.9582,path,2.4880,5.4200,0.0113,-0.0247,0.2859,1.2692,0.5697,0.5632
0.3059,16.8116,0.4313,path,1.6994,5.4200,0.0066,0.2856,0.1097,0.9496,0.3870,0.3319
0.5058,3.0310,0.6794,path,3.2812,5.4400,0.0129,-0.4253,0.2737,1.3031,0.5560,0.6429
0.4439,1.2422,0.1320,lateral,0.0967,5.5000,0.0952,-0.2556,0.3629,0.5546,0.1652,0.0000
0.1022,9.5455,0.9282,path,3.1311,5.5200,0.0125,-0.0024,0.1022,1.3342,0.6249,0.6276
0.3486,3.8720,0.0866,turn,0.0000,5.5400,0.0000,nan,nan,0.9280,0.1943,0.0000
0.5265,3.7622,0.8106,path,0.8497,5.5600,0.0149,0.4771,0.2228,1.3471,0.7397,0.7432
0.4746,11.5415,0.6611,path,2.3141,5.6000,0.0097,-0.0361,0.4733,1.1987,0.4901,0.4863
0.3007,5.7166,0.3301,path,2.6903,5.6000,0.0125,-0.2841,0.0983,0.8656,0.5454,0.6273
0.1194,0.5717,0.0159,stand,0.0000,5.6000,0.0000,nan,nan,0.2055,0.0532,0.0000
0.1501,6.8358,0.2316,path,1.5153,5.6200,0.0065,0.0641,0.1357,1.1053,0.3843,0.3235
0.6267,5.4189,0.1877,straight,1.9159,5.6200,0.1259,0.6243,0.0547,1.6434,0.7167,0.0000
0.4602,5.1221,0.0559,lateral,0.6379,5.6400,0.4568,-0.3111,0.3391,0.4491,0.1791,0.0000
0.4652,1.4526,0.1410,lateral,0.5826,5.6400,0.3344,-0.2113,0.4145,0.5104,0.2134,0.0000
0.8436,5.4532,0.4870,path,3.6411,5.6600,0.0130,-0.8335,0.1299,1.4481,0.5402,0.6489
0.6856,13.0231,0.6808,path,3.1696,5.6600,0.0120,-0.3042,0.6145,0.9638,0.5409,0.5976
0.5355,2.5415,0.0819,combined,1.0239,5.6800,0.4584,0.3687,0.3884,1.2692,0.3800,0.0000
0.4809,14.3154,0.0675,straight,0.2353,5.7000,0.1648,0.1762,0.4475,0.5611,0.2018,0.0000
0.1535,7.9282,0.8677,path,2.6222,5.7400,0.0095,0.0244,0.1515,1.0077,0.4791,0.4738
0.2525,11.7636,0.0151,lateral,1.2889,5.7400,0.2525,-0.1912,0.1649,0.5080,0.2214,0.0000
0.4306,2.6698,0.0427,lateral,0.6155,5.7600,0.3175,0.1360,0.4086,0.5158,0.1878,0.0000
0.1704,4.2591,0.9571,path,3.0464,5.7600,0.0112,-0.0849,0.1478,0.9970,0.5507,0.5317
0.4071,3.3733,0.3348,path,1.6656,5.7600,0.0066,-0.3925,0.1078,0.7680,0.2947,0.3312
0.1723,2.5589,1.0341,path,2.9064,5.7800,0.0101,-0.1492,0.0862,1.1168,0.5182,0.5029
0.1660,0.8263,0.7695,path,3.1926,5.7800,0.0139,0.1660,0.0017,1.3004,0.7886,0.6958
0.3509,5.7107,0.5449,path,1.5661,5.8000,0.0069,0.2272,0.2675,1.2046,0.4723,0.3462
0.4064,2.6529,0.2002,straight,0.0433,5.8000,0.0433,0.4041,0.0426,0.4108,0.1585,0.0000
0.6015,0.6327,0.1330,straight,0.4049,5.8200,0.1501,0.5801,0.1592,0.9001,0.3492,0.0000
0.0552,2.4834,0.0020,stand,0.0000,5.8400,0.0000,nan,nan,0.1904,0.0367,0.0000
0.3553,38.5607,0.4816,path,3.7504,5.8600,0.0161,0.1734,0.3101,1.1605,0.7392,0.8051
0.8886,11.4178,0.0355,stand,0.0000,5.8800,0.0000,nan,nan,1.2726,0.4607,0.0000
0.3966,2.8741,0.3841,path,2.6029,5.8800,0.0044,-0.1093,0.3812,1.0200,0.4477,0.4428
0.4782,23.2952,0.3335,path,3.3029,5.8800,0.0152,-0.4731,0.0697,1.0447,0.5921,0.7552
0.0484,21.7754,0.2114,path,1.8322,5.9000,0.0075,0.0060,0.0480,0.9516,0.3919,0.3758
0.2979,4.2680,0.5517,path,1.8518,5.9000,0.0139,-0.2711,0.1235,1.2876,0.6907,0.6978
0.3775,4.0468,0.6571,path,3.7876,5.9200,0.0151,-0.3462,0.1506,1.3206,0.7015,0.7510
0.4329,7.5918,0.1077,straight,1.2594,5.2600,0.4329,-0.4291,0.0575,0.6849,0.2123,0.0000
0.4166,6.8479,0.0980,combined,1.5659,5.9600,0.4136,-0.4101,0.0733,0.5804,0.2337,0.0000
0.3414,8.6909,0.1526,lateral,0.2053,5.9800,0.1936,0.0025,0.3413,0.3842,0.1346,0.0000
0.2684,4.6470,0.6500,path,2.0471,5.9800,0.0101,0.2549,0.0841,1.1170,0.5540,0.5049
0.4133,0.5635,0.9865,path,0.4405,6.0000,0.0151,-0.2605,0.3208,1.3320,0.6401,0.7568
0.5996,3.3293,0.0863,combined,1.1140,6.0000,0.0526,0.5979,0.0447,1.1502,0.3860,0.0000
0.2491,2.5631,0.0319,turn,0.0000,6.0200,0.0000,nan,nan,0.6655,0.1256,0.0000
0.4161,0.7412,0.1584,turn,0.0000,6.0400,0.0000,nan,nan,0.3469,0.1346,0.0000
0.1237,7.1645,0.5219,path,2.7004,6.0600,0.0120,-0.0923,0.0824,1.0078,0.5640,0.6017
0.6817,8.7658,0.6049,path,2.3762,6.0800,0.0080,0.3038,0.6103,0.9795,0.4754,0.4004
0.5343,5.3425,0.2578,lateral,1.2170,6.0800,0.5343,-0.4411,0.3015,0.4580,0.1482,0.0000
0.3697,6.3187,0.1636,straight,0.2974,6.1000,0.1274,0.3486,0.1232,0.6212,0.2138,0.0000
0.5288,2.4002,0.1289,straight,0.4270,6.1200,0.0141,0.5198,0.0970,1.0367,0.2377,0.0000
0.4752,1.7237,0.1091,straight,1.3435,6.1200,0.2003,0.4543,0.1392,1.6500,0.4155,0.0000
0.1682,7.0620,0.8087,path,2.4229,6.1200,0.0037,-0.0558,0.1586,1.2126,0.7592,0.7981
0.3183,2.5622,0.0326,lateral,0.1494,6.1400,0.1179,-0.0635,0.3119,0.3425,0.1338,0.0000
0.4277,3.5230,0.1568,turn,0.0000,6.1600,0.0000,nan,nan,0.8069,0.1978,0.0000
0.1791,2.3208,0.6266,path,3.7095,6.1800,0.0146,-0.1008,0.1480,0.9162,0.6579,0.7277
0.3132,4.6804,0.8260,path,3.5937,6.2000,0.0117,-0.1009,0.2965,1.2687,0.5810,0.5856
0.3202,7.3008,0.2202,path,2.0749,6.2200,0.0112,0.2943,0.1262,1.4145,0.6958,0.5573
0.0715,9.6585,0.5715,path,2.1261,6.2200,0.0074,0.0539,0.0471,1.1439,0.4086,0.3703
0.3453,2.2745,0.4903,path,2.8722,6.2200,0.0109,-0.3200,0.1298,0.8566,0.4341,0.5425
0.3187,9.5800,0.3933,path,1.1154,6.2400,0.0083,-0.2945,0.1218,0.6969,0.2948,0.4134
0.3790,0.6786,0.0714,lateral,0.7599,6.2600,0.3790,-0.0808,0.3703,0.4173,0.1555,0.0000
0.1304,6.6638,0.2809,path,2.1526,6.2600,0.0161,0.1153,0.0610,1.0277,0.5875,0.8072
0.1612,3.6613,1.2694,path,3.9267,6.2800,0.0039,-0.1334,0.0904,1.5438,0.6708,0.7000
0.4356,13.3077,0.3174,path,1.9666,6.3400,0.0063,-0.0116,0.4355,0.8564,0.3639,0.3146
0.4184,1.3843,0.1081,turn,0.0000,6.3400,0.0000,nan,nan,0.8409,0.2003,0.0000
0.1087,5.4305,0.3215,path,2.3524,6.3400,0.0083,0.0332,0.1035,0.8914,0.4295,0.4128
0.3493,2.1792,0.0582,turn,0.0000,5.5400,0.0000,nan,nan,0.3865,0.1237,0.0000
0.4008,1.7504,0.0316,combined,1.3330,6.3800,0.3996,0.2564,0.3081,1.5536,0.4065,0.0000
0.5535,7.3466,0.0709,lateral,1.4026,6.4000,0.5487,-0.4387,0.3375,0.5474,0.1755,0.0000
0.4918,2.7682,0.0665,straight,1.3013,6.4200,0.1310,0.4878,0.0625,1.4426,0.4204,0.0000
0.5105,2.4873,0.2171,combined,0.6639,5.5600,0.5105,0.2597,0.4396,0.8223,0.2811,0.3435
0.3395,11.9711,0.0739,lateral,1.0420,6.4600,0.3389,-0.2969,0.1646,0.4282,0.1514,0.0000
0.0687,0.9633,0.3774,path,1.8997,6.4600,0.0063,-0.0671,0.0148,1.1475,0.4076,0.3141
0.3107,7.7652,0.0292,combined,0.7900,6.4800,0.2444,0.1237,0.2850,1.2226,0.3111,0.0000
0.2186,3.8490,0.6645,path,3.6123,6.5400,0.0140,-0.0475,0.2134,1.4104,0.6964,0.7015
0.0728,3.4936,0.3620,path,2.2931,6.5600,0.0070,0.0099,0.0722,1.0909,0.4111,0.3509
0.0761,5.9545,0.0281,stand,0.0000,6.6000,0.0000,nan,nan,0.3473,0.0609,0.0000
0.3229,2.8149,0.2287,combined,1.3070,6.6400,0.3229,-0.2075,0.2474,0.7328,0.2095,0.0000
0.1141,9.0962,0.3150,path,1.7407,6.6400,0.0062,-0.0250,0.1113,0.8291,0.2919,0.3119
0.1165,7.5243,0.0113,stand,0.0000,6.6400,0.0000,nan,nan,0.1965,0.0580,0.0000
0.2913,3.7939,0.0552,straight,1.6806,6.6400,0.2913,-0.2823,0.0717,0.5520,0.2414,0.0000
0.0997,5.0428,0.6479,path,2.7367,6.6600,0.0084,-0.0261,0.0962,1.0947,0.4800,0.4104
0.4798,14.9043,0.0335,combined,1.5056,6.6800,0.4790,-0.2935,0.3796,1.1182,0.3537,0.0000
0.3581,8.1642,1.0764,path,3.1395,5.9600,0.0108,0.1155,0.3389,1.3158,0.6093,0.5413
0.3783,6.1382,0.0723,straight,0.1857,5.9200,0.0368,-0.3537,0.1341,0.4617,0.1477,0.0000
0.3461,1.3654,0.0312,straight,0.0704,6.7800,0.0104,0.3447,0.0309,0.4016,0.1366,0.0000
0.2457,1.9142,0.3639,path,3.7255,6.7800,0.0115,-0.2401,0.0519,1.0747,0.5583,0.5754
0.2116,1.5124,0.1950,path,1.5996,6.7800,0.0061,-0.1946,0.0832,0.7164,0.2573,0.3059
0.3855,11.2307,0.2885,path,4.5688,6.7800,0.0149,0.2775,0.2675,1.4639,0.8043,0.7428
0.3966,22.9038,0.1636,path,2.3381,6.8000,0.0078,0.3761,0.1257,1.2784,0.4835,0.3866
0.4765,0.7185,0.0274,lateral,0.8800,6.8000,0.4758,-0.1061,0.4645,0.4103,0.1535,0.0000
0.4808,9.3823,0.7396,path,3.2831,6.8000,0.0075,0.3814,0.2927,1.4430,0.6122,0.5144
0.3948,10.3601,0.0908,combined,1.9861,6.8000,0.3809,0.3837,0.0928,1.5444,0.4557,0.0000
0.3132,13.5079,0.1173,lateral,0.3829,5.5200,0.1834,0.0730,0.3046,0.7725,0.2311,0.4617
0.2869,6.5399,0.0645,straight,0.6908,6.8800,0.1106,0.2860,0.0234,1.2256,0.3787,0.0000
0.2481,13.3965,0.6236,path,1.3264,6.0600,0.0142,0.2463,0.0301,1.4678,0.7976,0.7093
0.8259,10.2487,0.4320,path,2.6456,6.9000,0.0095,-0.7152,0.4130,0.7862,0.3488,0.4923
0.2279,5.3113,0.6019,path,0.3280,6.9000,0.0154,0.1425,0.1779,1.6504,0.8593,0.7701
0.4291,1.2010,0.0861,turn,0.0000,6.9000,0.0000,nan,nan,0.9993,0.2060,0.0000
0.2950,3.5812,0.2443,path,3.4182,6.9000,0.0106,-0.1289,0.2653,1.1710,0.5127,0.5286
0.3478,3.0881,0.0825,combined,1.6170,6.9000,0.3431,0.2279,0.2627,1.2895,0.3792,0.0000
0.4768,22.4819,0.1133,path,2.8112,6.9200,0.0100,0.3376,0.3367,1.3820,0.5773,0.5016
0.3105,12.4523,0.3656,path,1.2159,6.9400,0.0064,0.1935,0.2428,0.8791,0.4682,0.3230
0.8552,24.0027,0.3662,path,1.5762,7.0000,0.0069,0.8322,0.1970,1.3760,0.6088,0.3448
0.3120,25.6872,0.7703,path,3.0881,7.0000,0.0161,0.3096,0.0385,1.3532,0.8637,0.8091
0.3464,5.5502,0.7406,path,1.0373,7.0000,0.0156,0.0091,0.3463,1.3138,0.7211,0.7773
0.0356,2.9499,0.2983,path,0.5486,7.0200,0.0060,-0.0088,0.0344,0.7105,0.2982,0.3011
0.1314,0.2604,0.6214,path,1.1051,7.0400,0.0119,0.1213,0.0505,0.9996,0.6337,0.5982
0.4869,2.9615,0.0437,straight,1.6122,7.0800,0.4869,-0.4453,0.1969,0.5380,0.2018,0.0000
0.3619,12.6880,0.9090,path,2.1085,7.1000,0.0082,0.2519,0.2599,1.2928,0.5550,0.4085
0.4368,5.0047,0.0783,straight,1.0116,7.1200,0.1404,0.4306,0.0728,1.2671,0.2772,0.0000
0.0864,2.2507,0.4508,path,2.3940,7.1200,0.0077,-0.0311,0.0806,0.7720,0.3989,0.3846
0.3253,5.2979,0.1547,turn,0.0000,7.1600,0.0000,nan,nan,0.9610,0.2216,0.0000
0.4080,1.9039,1.3304,path,1.9731,6.2000,0.0159,0.4023,0.0679,1.3567,0.8797,0.7970
0.4618,3.5017,0.1525,straight,0.9653,7.2400,0.4618,-0.4548,0.0803,0.4326,0.1175,0.0000
0.2922,0.3556,0.2703,lateral,0.3350,7.2400,0.2587,-0.0692,0.2839,0.3650,0.1260,0.0000
0.0969,11.1513,0.7278,path,2.0303,7.2600,0.0076,-0.0108,0.0963,1.3389,0.4709,0.3822
0.1877,3.0121,0.0647,lateral,0.2233,7.2800,0.1437,0.1790,0.0563,0.6511,0.1746,0.0000
0.3666,9.1743,0.1889,turn,0.0000,7.2800,0.0000,nan,nan,0.8254,0.1420,0.0000
0.3483,11.4486,0.2081,path,3.9589,7.2800,0.0110,0.1767,0.3002,1.3188,0.6146,0.5477
0.4747,2.3816,0.0356,turn,0.0000,7.3200,0.0000,nan,nan,0.4813,0.1153,0.0000
0.2983,3.4435,0.4819,path,2.8765,7.3200,0.0090,-0.2826,0.0954,0.7420,0.4365,0.4477
0.2857,0.5653,0.0832,lateral,0.3257,7.3200,0.2449,0.0898,0.2712,0.3781,0.1247,0.0000
0.5415,0.3414,0.0907,combined,1.6614,7.3400,0.5401,-0.5318,0.1017,0.5697,0.2396,0.0000
0.4506,2.3459,0.1519,lateral,0.0108,7.3600,0.0108,0.0003,0.4506,0.4666,0.1505,0.0000
0.2734,14.7658,0.1091,stand,0.0000,7.3800,0.0000,nan,nan,0.4351,0.1035,0.0000
0.0606,5.0471,0.3740,path,3.1649,7.3800,0.0075,0.0406,0.0449,1.3767,0.6911,0.7025
0.3225,10.8232,0.0547,combined,1.9183,7.3800,0.3225,-0.1437,0.2888,0.9838,0.3354,0.0000
0.3233,5.3575,0.0724,combined,2.0448,7.3800,0.3232,0.2582,0.1945,1.6347,0.4534,0.0000
0.3016,1.4975,0.0559,combined,2.0261,7.2400,0.3016,-0.2894,0.0851,0.6802,0.3021,0.3167
0.4591,1.7549,0.6109,path,3.7953,6.5800,0.0122,0.0357,0.4577,1.0405,0.6307,0.6059
0.5175,1.6336,0.0598,combined,1.0464,7.4400,0.5146,0.4296,0.2885,1.1232,0.2936,0.0000
0.2137,4.6769,0.4171,path,2.9964,7.4600,0.0085,-0.1562,0.1458,0.7586,0.4139,0.4233
0.4316,2.6778,0.9362,path,2.3108,7.4800,0.0144,0.3724,0.2182,1.5307,0.6931,0.7191
0.4594,6.2031,0.0869,straight,0.6565,7.4800,0.0047,0.4511,0.0868,1.0177,0.2493,0.0000
0.0632,3.9308,1.1740,path,3.3398,4.9800,0.0141,-0.0456,0.0437,1.3714,0.7323,0.7064
0.5618,2.2015,0.2147,combined,0.9704,7.4800,0.5618,0.3560,0.4347,1.0501,0.2745,0.0000
0.1862,9.7058,0.3019,path,0.6327,7.5000,0.0136,0.1851,0.0199,1.6414,0.8209,0.6809
0.4737,0.7977,0.1462,turn,0.0000,7.5200,0.0000,nan,nan,0.8118,0.1477,0.0000
0.3279,10.0700,1.2178,path,2.6242,7.5200,0.0106,-0.1708,0.2799,1.3225,0.5748,0.5291
0.3561,8.6366,0.0833,combined,1.2949,7.6000,0.0654,0.3542,0.0363,1.5003,0.3475,0.0000
0.4308,0.6078,0.0283,stand,0.0000,7.6200,0.0000,nan,nan,0.5146,0.0904,0.0000
0.2361,3.2243,0.1929,lateral,0.5880,7.6400,0.2239,-0.1056,0.2112,0.4119,0.1196,0.0000
0.3239,10.0571,0.1361,straight,0.8985,7.6400,0.2213,0.3048,0.1095,1.1071,0.3120,0.0000
0.3660,3.8326,0.0796,straight,1.2543,7.6600,0.3659,-0.3531,0.0965,0.6478,0.1669,0.0000
0.4214,6.0896,0.1119,combined,1.7292,7.6800,0.4214,-0.0455,0.4189,0.7832,0.2719,0.0000
0.0386,3.2662,0.0167,stand,0.0000,7.7000,0.0000,nan,nan,0.2239,0.0462,0.0000
0.4069,6.0798,0.0460,combined,1.3332,7.7000,0.3806,-0.1099,0.3918,0.6849,0.2229,0.0000
0.4337,12.2982,0.6531,path,4.0298,7.7000,0.0110,0.4254,0.0843,1.3296,0.6476,0.5516
0.3270,7.7105,0.1368,straight,1.9198,7.7200,0.3167,0.2843,0.1615,1.6717,0.4750,0.0000
0.5498,22.8329,0.1256,path,2.6100,7.7600,0.0068,0.2572,0.4859,1.6288,0.5454,0.3549
0.3286,7.3393,0.1792,path,2.7011,7.7600,0.0071,0.0150,0.3283,1.0654,0.4149,0.3565
0.2571,4.8903,0.0126,straight,0.7324,7.7800,0.2505,0.2541,0.0391,1.1967,0.3042,0.0000
0.2590,1.3982,0.0319,straight,1.1019,7.8000,0.2454,-0.2041,0.1595,0.7379,0.1592,0.0000
0.2514,0.7997,0.0071,combined,1.5878,7.8200,0.2512,-0.2383,0.0801,0.5577,0.2119,0.0000
0.4139,0.3043,0.0235,combined,1.3591,7.8400,0.4139,-0.3853,0.1513,0.5846,0.1722,0.0000
0.0593,10.2335,0.9535,path,1.5440,7.8400,0.0145,-0.0399,0.0438,1.2183,0.6457,0.7166
0.1802,0.6883,0.7438,path,2.4908,7.8600,0.0158,-0.1036,0.1474,1.4075,0.7049,0.7917
0.4792,6.3088,0.1230,combined,1.8312,7.8600,0.4792,-0.3015,0.3725,0.8258,0.2953,0.0000
0.3609,1.2256,0.1902,turn,0.0000,7.8800,0.0000,nan,nan,0.7736,0.1480,0.0000
0.3977,6.1659,0.2281,path,2.6701,7.9200,0.0070,-0.2749,0.2873,0.5863,0.3460,0.3519
0.4887,9.2733,0.0873,combined,0.8043,7.9200,0.4887,-0.4887,0.0069,1.1784,0.3150,0.0000
0.3458,2.9560,0.0372,combined,0.6737,7.9400,0.2036,0.1833,0.2932,0.5265,0.1379,0.0000
0.3961,10.1272,0.3646,path,3.7981,7.9400,0.0097,-0.1636,0.3608,1.2494,0.4865,0.4846
0.4105,8.8852,1.2488,path,2.1787,7.9800,0.0117,0.2533,0.3231,1.3931,0.7241,0.5844
0.3889,9.5289,0.3142,path,1.3504,4.0000,0.0068,-0.1881,0.3404,0.5927,0.3429,0.3396
0.4619,7.5984,0.1568,lateral,0.5451,4.1200,0.4541,-0.3926,0.2432,0.2887,0.1150,0.0000
0.0820,1.7872,0.4843,path,1.3237,4.0000,0.0023,0.0789,0.0221,0.8243,0.3689,0.3309
0.4308,3.6726,0.1068,turn,0.0000,4.2400,0.0000,nan,nan,0.3523,0.1442,0.0000
0.6097,1.4840,0.0947,combined,1.2820,4.4400,0.3223,0.3620,0.4906,1.3444,0.4929,0.0000
0.4205,7.8794,0.2753,path,1.4669,4.0000,0.0074,0.0318,0.4193,1.0054,0.4509,0.3672
0.2964,4.3231,0.7236,path,6.0159,7.5200,0.0163,-0.2915,0.0533,1.4097,0.8285,0.8131
0.4305,1.3422,0.4333,path,1.6433,7.9800,0.0083,-0.4238,0.0759,0.8047,0.3386,0.4163
0.2334,2.8215,0.3054,path,2.2754,4.7800,0.0120,-0.1656,0.1644,1.2484,0.5176,0.6006
0.2556,2.5002,0.6490,path,2.8514,4.4000,0.0131,-0.1754,0.1859,1.0469,0.6222,0.6545
0.3903,1.1372,0.0457,lateral,0.1949,4.2200,0.1758,-0.1947,0.3382,0.2314,0.1169,0.0000
0.4700,1.1685,0.0245,combined,1.5328,4.8400,0.4693,-0.4469,0.1455,0.5635,0.2623,0.0000
0.2387,9.4507,1.0239,path,2.1993,4.9800,0.0126,-0.2300,0.0639,1.0910,0.5490,0.6305
0.6871,3.0277,0.2182,path,2.4917,4.1800,0.0131,-0.5940,0.3454,0.7787,0.4857,0.6536
0.0673,4.5661,0.2154,path,1.7953,4.3200,0.0085,-0.0240,0.0628,1.4754,0.6371,0.4225
0.5638,1.2716,0.1081,straight,0.9323,4.9000,0.5638,-0.5624,0.0395,0.2838,0.1121,0.0000
0.6995,15.5993,0.2495,combined,1.8858,4.8600,0.5823,0.3269,0.6185,1.4309,0.5620,0.0000
0.4947,0.5569,0.0546,combined,1.0335,4.5400,0.4224,0.3141,0.3822,1.2529,0.4591,0.0000
0.3449,8.8190,0.5469,path,2.4281,5.1600,0.0096,-0.1792,0.2947,0.8762,0.4547,0.4796
0.3044,10.2984,0.2437,combined,0.8123,4.5600,0.3041,0.0407,0.3016,0.5735,0.2645,0.0000
0.6469,1.6270,0.1886,straight,1.9475,4.1000,0.6469,-0.6432,0.0690,0.5942,0.3339,0.0000
0.2254,1.3397,0.0879,lateral,0.6005,5.2600,0.2253,-0.1168,0.1927,0.3654,0.1363,0.0000
0.2406,5.3606,0.5214,path,1.9646,4.0600,0.0103,-0.0874,0.2242,1.0314,0.6372,0.5135
0.6181,12.6704,0.8260,path,2.9835,4.9400,0.0131,0.0316,0.6173,1.1630,0.6606,0.6541
0.1598,3.6291,0.0083,path,1.6432,4.5400,0.0074,0.1277,0.0961,1.2159,0.4368,0.3698
0.5276,1.5792,0.0940,straight,1.1770,5.5200,0.0778,0.4291,0.3070,1.3129,0.4759,0.0000
0.4906,13.0814,0.1164,combined,1.0778,4.9800,0.4906,0.1420,0.4696,0.8832,0.3202,0.0000
0.7095,4.5946,0.2189,combined,1.5101,5.6200,0.5418,0.2250,0.6728,1.4143,0.5766,0.0000
0.6020,14.9302,0.8201,path,3.0799,4.0600,0.0156,-0.4043,0.4461,1.3647,0.6984,0.7811
0.2327,2.9502,1.4414,path,1.2322,5.3800,0.0119,0.0301,0.2307,1.5318,0.7724,0.5968
0.7994,4.8383,0.2301,combined,1.0564,4.4200,0.2580,0.7006,0.3850,1.6149,0.6091,0.0000
0.3274,1.9476,0.3712,path,2.0595,5.9800,0.0151,-0.3273,0.0041,1.2256,0.6522,0.7593
0.4791,6.1598,0.5231,path,2.8233,4.6800,0.0019,0.4754,0.0593,1.5484,0.7807,0.6430
0.1409,6.9442,0.2786,path,1.4340,4.6200,0.0063,-0.0440,0.1338,1.1113,0.3512,0.3147
0.1837,8.2476,0.2782,path,1.7063,5.4200,0.0016,-0.0792,0.1658,0.5987,0.3217,0.3306
0.2907,0.0205,0.2872,path,2.6406,4.5400,0.0119,-0.2844,0.0604,1.3951,0.5611,0.5947
0.2821,3.3102,0.0467,turn,0.0000,5.5200,0.0000,nan,nan,0.6965,0.1513,0.0000
0.4401,9.5791,0.1775,lateral,0.5740,5.6000,0.4278,-0.0896,0.4309,0.3679,0.1285,0.0000
0.3769,6.9349,0.6292,path,3.4295,4.3800,0.0161,-0.3552,0.1260,1.2205,0.7332,0.8059
0.3743,12.7082,0.0137,lateral,0.9523,5.5800,0.3662,-0.1201,0.3545,0.4563,0.1711,0.0000
0.2263,0.9303,1.2095,path,3.4092,4.7800,0.0153,-0.2263,0.0016,1.3497,0.7452,0.7660
0.3310,9.7386,1.0211,path,2.3700,4.9000,0.0149,-0.3271,0.0506,1.3923,0.6953,0.7440
0.1921,4.0162,0.4744,path,2.7027,5.4800,0.0100,0.0457,0.1866,0.8960,0.5308,0.4993
0.8264,3.3851,0.7796,path,2.1097,4.6400,0.0156,-0.8081,0.1729,0.8452,0.4864,0.7847
0.1214,10.7006,0.4587,path,1.8527,5.9400,0.0120,0.0263,0.1185,0.7730,0.5368,0.6038
0.8875,8.2253,1.1769,path,3.5337,4.9200,0.0153,-0.3240,0.8263,1.3583,0.8243,0.7669
0.1304,0.6855,0.4880,path,1.8225,5.0400,0.0060,-0.0285,0.1272,0.8016,0.3774,0.3661
0.6341,13.7810,0.1252,lateral,1.4635,4.2400,0.6341,-0.5394,0.3333,0.5228,0.2388,0.0000
0.2809,0.8640,0.0677,combined,0.7967,5.4400,0.2786,-0.1960,0.2013,0.3942,0.1384,0.0000
0.3535,2.4201,0.0790,lateral,0.2486,4.5400,0.1953,-0.1576,0.3164,0.3208,0.1171,0.0000
0.1648,2.5826,0.4254,path,1.8726,4.9400,0.0079,-0.1366,0.0921,0.7584,0.3917,0.3931
0.2158,0.3232,0.3963,path,2.0749,5.6600,0.0082,-0.2076,0.0589,0.7076,0.3802,0.4107
0.3588,0.0738,0.9578,path,1.5184,4.2200,0.0147,-0.3497,0.0802,1.2641,0.6286,0.7368
0.5308,0.1340,0.8694,path,1.4103,5.0800,0.0162,0.5252,0.0770,1.2805,0.6944,0.8077
0.3757,1.8358,0.0807,straight,1.1737,4.1600,0.3757,-0.3684,0.0737,0.3920,0.2217,0.0000
0.5110,14.9640,0.0541,combined,1.5753,5.0400,0.5110,-0.4296,0.2768,0.4475,0.2307,0.0000
0.1866,0.0145,1.0280,path,3.1754,4.7600,0.0161,0.1761,0.0615,1.1926,0.8400,0.8034
0.3377,0.3684,0.1496,straight,0.9437,5.9800,0.3286,-0.3088,0.1367,0.3273,0.1403,0.0000
0.3676,12.1174,0.1226,combined,1.1373,4.6600,0.3676,-0.2435,0.2755,0.5345,0.2138,0.0000
0.1740,1.6436,0.8782,path,2.6152,5.5600,0.0111,-0.1578,0.0733,1.2079,0.5918,0.5541
0.4979,7.1708,0.0605,combined,1.1846,5.8800,0.3252,0.4157,0.2741,1.3146,0.3765,0.0000
0.4314,14.8501,0.6080,path,1.6705,5.9800,0.0142,0.4250,0.0741,1.2674,0.7789,0.7121
0.3853,7.4340,0.1654,lateral,1.3579,6.5000,0.3853,-0.2385,0.3027,0.6423,0.1963,0.0000
0.3419,3.9661,0.7225,path,0.1846,5.5400,0.0131,0.3246,0.1074,1.1580,0.6018,0.6583
0.2775,1.5104,0.0381,lateral,0.0327,5.9400,0.0289,-0.0110,0.2773,0.2776,0.0996,0.0000
0.2415,0.3079,0.7666,path,1.3321,5.1000,0.0097,0.2001,0.1353,1.3252,0.6853,0.4859
0.1228,1.2187,0.3737,path,2.8656,4.6200,0.0103,-0.0744,0.0977,1.4060,0.7001,0.6450
0.4663,14.4574,0.3264,path,2.0734,5.9200,0.0093,0.4639,0.0475,1.3460,0.6083,0.4636
0.5603,8.9060,1.1117,path,1.7562,6.0600,0.0134,0.5517,0.0976,1.3949,0.5985,0.6716
0.6555,10.8739,1.2758,path,3.5568,6.2400,0.0123,0.3136,0.5756,1.5442,0.8103,0.6141
0.3522,5.6531,0.1823,lateral,1.3160,6.4800,0.3519,-0.2923,0.1964,0.4963,0.1797,0.0000
0.4699,1.3379,0.0835,straight,0.1899,6.7200,0.0073,0.4476,0.1430,0.6537,0.2516,0.0000
0.5061,2.7569,0.1533,straight,1.9201,4.6400,0.5061,-0.4795,0.1619,0.5666,0.3306,0.0000
0.2156,1.1338,0.1299,path,2.1540,6.4800,0.0146,0.1193,0.1796,1.3631,0.4169,0.7295
0.5078,24.3084,0.2580,path,3.9314,7.0400,0.0120,-0.0264,0.5071,1.4463,0.7078,0.6001
0.5720,6.2378,0.0815,lateral,1.2192,5.5600,0.5698,-0.3409,0.4593,0.5302,0.1924,0.0000
0.5189,2.6749,0.8052,path,0.9626,4.6400,0.0051,0.3748,0.3589,1.0434,0.5533,0.5482
0.4879,11.7654,0.1784,combined,1.9877,6.0000,0.4879,-0.1743,0.4557,1.0972,0.3622,0.0000
0.3383,1.1310,0.0469,straight,0.6125,6.0000,0.3383,-0.3313,0.0682,0.2802,0.1136,0.0000
0.5826,4.7829,0.6349,path,3.4849,5.2800,0.0156,-0.5219,0.2589,1.0215,0.6373,0.7786
0.2062,8.8329,0.1090,combined,1.5375,5.5400,0.2059,-0.1864,0.0880,0.6623,0.2510,0.0000
0.5315,9.6849,0.0403,lateral,0.2127,5.2200,0.2127,-0.2468,0.4707,0.3078,0.1386,0.0000
0.4556,1.6362,0.0733,lateral,1.4016,6.9400,0.4516,-0.2076,0.4056,0.6253,0.2003,0.0000
0.3895,9.7381,0.1148,lateral,0.0173,6.5200,0.0110,-0.0008,0.3895,0.2368,0.1090,0.0000
0.2662,8.2775,0.0938,path,3.5389,6.5800,0.0115,0.2356,0.1238,1.3256,0.6522,0.5768
0.5113,14.2829,0.0382,combined,1.9119,7.1000,0.5105,-0.1660,0.4836,1.4644,0.4038,0.0000
0.0463,5.3977,0.6184,path,1.4055,5.2200,0.0114,-0.0351,0.0301,0.8469,0.4877,0.5694
0.3382,7.2170,0.6615,path,3.3511,5.6800,0.0141,-0.2855,0.1813,0.8880,0.6785,0.7034
0.2014,1.3935,0.7007,path,1.9975,4.7600,0.0126,0.1974,0.0400,1.2638,0.7453,0.6306
0.3660,8.5388,0.1455,combined,0.7532,4.2000,0.3658,-0.3646,0.0317,0.5860,0.1821,0.0000
0.0529,6.7320,0.5840,path,1.6608,4.3600,0.0079,0.0523,0.0074,1.3741,0.4596,0.3972
0.4134,8.0868,0.4095,path,2.4420,5.2600,0.0098,-0.2880,0.2965,0.7095,0.4467,0.4859
1.0706,28.8538,0.5140,path,3.8392,6.8200,0.0136,-1.0689,0.0602,0.9191,0.4658,0.6812
0.0265,2.1953,0.0170,stand,0.0000,4.4400,0.0000,nan,nan,0.1820,0.0413,0.0000
0.3700,1.2032,0.1080,turn,0.0000,7.4400,0.0000,nan,nan,0.4845,0.1174,0.0000
0.4968,13.8836,0.1599,lateral,1.4058,6.8400,0.4968,-0.3444,0.3581,0.4377,0.1776,0.0000
0.2052,6.8167,0.2118,straight,1.6953,5.0000,0.0646,0.1979,0.0544,1.4594,0.5098,0.0000
0.4974,2.4193,0.2292,straight,1.2646,6.3200,0.2223,0.3780,0.3232,1.3143,0.4196,0.0000
0.2566,7.3647,0.1552,lateral,0.2813,6.5000,0.1971,0.0906,0.2401,0.2882,0.1296,0.0000
0.1737,1.9876,0.0248,stand,0.0000,7.3000,0.0000,nan,nan,0.4824,0.0602,0.0000
0.4009,11.5131,0.2785,lateral,1.0368,4.2400,0.4009,-0.2392,0.3217,0.5301,0.2124,0.0000
0.5744,8.7479,0.1262,combined,2.3125,6.5400,0.5744,-0.4395,0.3698,0.8637,0.3381,0.0000
0.6998,14.1124,0.1057,combined,1.2927,4.5000,0.6998,-0.3070,0.6289,0.9009,0.3255,0.0000
0.1769,1.0144,0.0689,turn,0.0000,4.4800,0.0000,nan,nan,0.8104,0.1953,0.0000
0.4605,7.7390,0.4192,path,2.4221,4.8800,0.0112,-0.4237,0.1805,1.1031,0.5067,0.5615
0.1879,9.1456,0.6855,path,2.1602,5.0000,0.0140,-0.1173,0.1469,1.0435,0.6587,0.7017
0.3138,0.6766,0.1428,turn,0.0000,6.4000,0.0000,nan,nan,0.2631,0.1022,0.0000
0.2646,0.8729,0.8123,path,4.7017,6.8600,0.0147,0.2646,0.0016,1.3485,0.7716,0.7338
0.4454,0.3684,1.1400,path,2.6789,6.2000,0.0088,-0.2449,0.3720,1.4052,0.5591,0.4424
0.4405,4.0147,0.3836,path,1.6678,4.5400,0.0106,-0.4343,0.0738,0.5152,0.3870,0.5286
0.5842,8.9165,0.0747,lateral,0.6964,6.8600,0.5745,-0.3330,0.4801,0.3811,0.1241,0.0000
0.1922,6.6624,1.2920,path,3.2613,6.1000,0.0159,-0.1597,0.1070,1.4371,0.7716,0.7954
0.4596,13.3480,1.0119,path,2.7112,5.6800,0.0098,0.1558,0.4324,1.0644,0.5656,0.4910
0.3219,2.2229,0.0550,turn,0.0000,7.7400,0.0000,nan,nan,0.7662,0.1456,0.0000
0.1938,0.2029,0.4319,path,1.4499,4.0600,0.0075,-0.0807,0.1762,1.0576,0.3881,0.3728
0.4157,1.0577,0.0734,straight,1.1748,6.2800,0.3858,-0.3686,0.1921,0.4178,0.1741,0.0000
0.6962,15.2579,0.1392,combined,2.3371,5.5400,0.6962,-0.6725,0.1802,0.6684,0.3197,0.0000
0.3165,6.5930,0.9752,path,2.5322,5.0200,0.0109,-0.3150,0.0314,0.9409,0.4911,0.5432
1.0982,5.7509,1.0548,path,5.1887,7.9200,0.0147,-0.1812,1.0831,1.7838,0.7528,0.7331
0.3812,1.9679,0.7435,path,2.5574,4.4800,0.0161,-0.3709,0.0877,1.1740,0.7182,0.8056
0.5221,9.5505,0.3912,path,2.9055,7.8200,0.0077,-0.4222,0.3071,0.5425,0.3379,0.3853
0.2277,6.6629,0.7165,path,3.2776,6.6600,0.0099,0.2276,0.0064,1.2200,0.5607,0.4928
0.0572,4.4898,0.7066,path,0.2271,6.1600,0.0120,0.0074,0.0567,1.1189,0.7024,0.7762
0.4756,4.6336,0.1349,path,1.8388,4.0800,0.0099,0.4661,0.0947,1.5433,0.8710,0.4937
0.2809,0.1421,0.1817,lateral,0.5821,7.6200,0.2426,0.1312,0.2483,0.4382,0.1381,0.0000
0.3034,2.0892,0.1440,straight,0.4916,5.4400,0.2924,-0.2766,0.1246,0.2287,0.1042,0.0000
0.6712,15.3100,0.3399,path,2.1829,5.0400,0.0135,-0.6671,0.0741,1.0137,0.4567,0.6721
0.4391,0.8585,0.0326,combined,1.5305,6.2800,0.4391,-0.4201,0.1279,0.5012,0.2195,0.0000
0.1095,4.3751,0.1724,path,2.1037,5.3800,0.0079,0.0525,0.0961,1.1244,0.4379,0.3945
0.4104,0.0205,0.3731,path,2.8054,5.1600,0.0137,-0.3990,0.0957,1.0628,0.5486,0.6821
0.4160,1.9425,0.0359,straight,1.3002,6.4600,0.4160,-0.4071,0.0853,0.3968,0.1711,0.0000
0.5116,1.8710,0.8858,path,2.4792,7.0400,0.0075,0.5112,0.0220,1.4526,0.5198,0.3731
0.4503,6.6672,0.0239,lateral,0.8240,7.8000,0.4377,-0.1411,0.4276,0.3545,0.1268,0.0000
0.2917,0.3421,0.1066,turn,0.0000,7.2200,0.0000,nan,nan,0.3246,0.0916,0.0000
0.3116,11.9860,0.3736,path,4.1052,6.8200,0.0128,0.0857,0.2995,1.4089,0.7235,0.7186
0.4223,1.5430,0.0603,straight,1.2993,4.9600,0.4223,-0.4219,0.0190,0.4369,0.2161,0.0000
0.2233,8.2540,0.0199,combined,1.7818,6.9200,0.2212,-0.1416,0.1726,0.5759,0.2465,0.0000
0.3834,11.9187,0.6050,path,2.8477,4.8600,0.0124,-0.1678,0.3448,1.0570,0.6438,0.6879
0.2886,8.7198,0.1063,straight,1.3948,5.4200,0.2884,-0.2856,0.0415,0.5130,0.2299,0.0000
0.4100,16.2528,0.3714,path,1.6230,5.0400,0.0074,-0.0342,0.4086,1.1619,0.5358,0.3712
0.1707,7.9215,0.8205,path,2.3947,5.7400,0.0088,0.0533,0.1622,1.3650,0.5334,0.4424
0.6202,3.4904,0.4598,path,0.8256,5.6800,0.0142,0.0785,0.6153,0.8117,0.4220,0.7119
0.3254,7.7792,0.2388,path,3.7063,6.7800,0.0150,-0.3254,0.0014,1.4156,0.5839,0.7556
0.4073,0.9358,0.5747,path,2.9469,6.1600,0.0106,-0.3089,0.2654,0.9150,0.5314,0.5307
0.4130,1.6636,0.9861,path,3.9713,5.3800,0.0159,-0.2690,0.3134,1.6138,0.7877,0.7921
0.4820,7.9546,0.2347,lateral,1.1486,4.7400,0.4820,-0.2677,0.4009,0.5408,0.2155,0.0000
0.3864,0.9855,0.0601,lateral,0.1247,5.9800,0.1212,-0.0018,0.3864,0.2333,0.1025,0.0000
0.4053,1.7040,0.2112,straight,0.7761,6.3200,0.0594,0.3982,0.0752,1.2790,0.3323,0.0000
0.1530,0.9602,0.8487,path,2.1635,7.2400,0.0066,0.1453,0.0479,0.8622,0.3760,0.3307
0.3996,6.8044,0.2117,turn,0.0000,4.8200,0.0000,nan,nan,0.7394,0.1653,0.0000
0.2807,7.0534,0.1025,turn,0.0000,5.6000,0.0000,nan,nan,0.7419,0.1796,0.4617
0.4006,11.3836,0.0305,lateral,1.1342,5.7000,0.3997,-0.3419,0.2088,0.4479,0.1627,0.0000
0.4056,5.6763,0.6095,path,1.9396,5.6600,0.0069,0.1337,0.3830,0.7396,0.4310,0.3429
0.4789,10.7295,0.3732,path,1.3456,7.8200,0.0135,-0.4054,0.2550,1.4963,0.7195,0.6727
0.7573,26.7005,0.6406,path,2.3774,5.0000,0.0149,0.4201,0.6301,1.2178,0.7567,0.7418
0.2319,11.2492,0.2113,path,3.0819,7.9400,0.0157,0.0163,0.2314,1.6016,0.7571,0.7828
0.3034,2.4935,0.0922,straight,1.1434,6.5200,0.1154,0.2966,0.0639,1.4081,0.4389,0.0000
0.5219,6.4883,0.0756,turn,0.0000,6.7400,0.0000,nan,nan,0.3676,0.1341,0.0000
0.4040,10.4778,0.1217,lateral,0.9258,7.7200,0.3980,-0.2962,0.2747,0.3117,0.1201,0.0000
0.4783,3.2476,0.3518,path,1.6390,7.2200,0.0159,-0.4388,0.1903,1.1946,0.6511,0.7963
0.4138,16.0261,0.2394,path,1.6643,6.1400,0.0070,-0.3338,0.2446,0.5086,0.3127,0.3884
0.2903,6.6349,0.0585,lateral,0.2403,7.6400,0.1384,0.0037,0.2903,0.3141,0.0973,0.0000
0.0377,1.8033,0.0400,stand,0.0000,5.8200,0.0000,nan,nan,0.2472,0.0469,0.0000
0.0249,6.1141,0.0350,stand,0.0000,7.7600,0.0000,nan,nan,0.1799,0.0566,0.0000
0.4451,1.6750,0.0547,turn,0.0000,7.1000,0.0000,nan,nan,0.2884,0.1136,0.0000
0.2189,1.4321,0.8611,path,4.0232,6.6000,0.0158,-0.1977,0.0939,1.1297,0.7320,0.7909
0.2628,1.7179,0.3951,path,2.1489,5.7800,0.0074,-0.0590,0.2561,0.6108,0.3967,0.3718
0.2590,2.6269,0.8097,path,3.3131,6.4200,0.0146,-0.2590,0.0048,0.9971,0.6311,0.7298
0.3961,4.9592,0.0810,turn,0.0000,5.4000,0.0000,nan,nan,0.4996,0.1219,0.0000
0.1446,5.6197,0.9710,path,3.5391,6.9600,0.0048,-0.1222,0.0773,1.1490,0.5396,0.5385
0.3104,2.2960,0.0993,lateral,0.7652,6.6600,0.3059,-0.1570,0.2678,0.3758,0.1327,0.0000
0.4667,1.1276,0.4529,path,1.2195,7.2400,0.0114,-0.1640,0.4369,1.6291,0.7538,0.5718
0.2393,2.9112,0.6742,path,2.0552,5.0000,0.0093,-0.1113,0.2118,0.7438,0.5024,0.4666
0.1679,6.0112,1.0973,path,0.9184,4.4400,0.0022,0.1659,0.0256,1.1141,0.7854,0.7081
0.7349,10.8726,0.0808,combined,1.8670,5.5400,0.7341,-0.5655,0.4694,0.7913,0.2990,0.0000
0.0612,0.7811,0.0890,path,3.5119,7.7600,0.0127,-0.0608,0.0074,1.4260,0.5928,0.6354
0.2889,4.5247,0.8479,path,3.2613,6.1000,0.0147,0.1961,0.2121,1.2301,0.8067,0.7351
0.2716,9.4611,0.9943,path,4.0539,7.4800,0.0115,-0.0169,0.2710,1.3262,0.5863,0.5734
0.1415,9.6723,0.2927,path,2.6759,5.4400,0.0121,-0.0813,0.1158,0.9138,0.5711,0.6035
0.0702,5.7692,0.0236,stand,0.0000,6.9800,0.0000,nan,nan,0.4536,0.0478,0.0000
0.5954,3.2746,1.1858,path,1.1405,6.9000,0.0114,0.4460,0.3945,1.5935,0.8728,0.5699
0.4513,7.0564,0.2374,path,1.8809,5.9800,0.0064,-0.3087,0.3292,0.8242,0.2839,0.3177
0.1510,5.8461,0.6035,path,2.9731,7.8800,0.0123,0.0227,0.1493,1.0029,0.6691,0.6122
0.4454,2.4449,0.0650,straight,1.3867,7.9800,0.4231,-0.3459,0.2805,0.5186,0.1721,0.0000
0.4086,3.8111,0.1745,combined,0.5231,7.7200,0.4086,-0.1758,0.3688,0.5734,0.1457,0.0000
0.2896,2.5948,0.5534,path,2.3818,7.1200,0.0109,-0.1380,0.2546,0.7862,0.4793,0.5422
0.2035,18.7172,0.3509,path,2.6219,6.9200,0.0027,-0.1935,0.0631,0.8238,0.4564,0.4931
0.4966,9.6775,0.0580,combined,1.4821,5.7200,0.4966,-0.4947,0.0436,0.5056,0.2146,0.0000
0.6888,13.7343,0.2529,combined,2.0003,4.6600,0.6888,-0.5991,0.3400,0.6715,0.3386,0.0000
0.2617,2.0587,0.4220,path,2.0656,7.1800,0.0063,0.0112,0.2615,0.6430,0.3659,0.3153
0.5137,5.9036,0.5427,path,1.6662,6.5000,0.0073,-0.5137,0.0037,0.5929,0.2698,0.3675
0.3731,5.8061,0.1684,combined,1.9633,6.5400,0.0086,0.3711,0.0386,1.4861,0.5098,0.0000
0.3220,0.3412,0.1230,turn,0.0000,6.2600,0.0000,nan,nan,0.6213,0.1290,0.0000
0.3003,16.1660,1.0404,path,2.4386,6.2800,0.0087,0.3001,0.0089,1.4539,0.5866,0.4343
0.5182,12.4635,0.0815,lateral,1.0883,7.3800,0.5160,-0.3578,0.3749,0.4311,0.1429,0.0000
0.3860,7.0129,0.0867,lateral,0.4733,7.3200,0.3359,0.1135,0.3689,0.4164,0.1412,0.0000
0.0450,4.1097,0.0657,stand,0.0000,6.4600,0.0000,nan,nan,0.2139,0.0398,0.0000
0.3508,9.3888,0.0695,straight,0.4604,6.8000,0.3269,-0.3453,0.0617,0.2133,0.0915,0.0000
0.3802,4.9911,0.0474,turn,0.0000,7.1600,0.0000,nan,nan,0.2702,0.1031,0.0000
0.5186,2.1888,0.5685,path,2.5589,5.6200,0.0137,0.1086,0.5071,1.4831,0.6683,0.6827
0.6389,4.5318,1.0119,path,3.2033,5.8600,0.0115,-0.3334,0.5450,1.2052,0.5723,0.5744
0.4351,3.1638,0.0813,lateral,0.5341,7.3600,0.4180,-0.1559,0.4062,0.3120,0.1112,0.0000
0.5292,14.6918,0.0861,path,3.3254,7.5000,0.0111,-0.5035,0.1628,0.8576,0.4535,0.5574
0.0388,0.9806,0.0375,stand,0.0000,5.7400,0.0000,nan,nan,0.1361,0.0462,0.0000
0.5063,3.3215,0.0513,turn,0.0000,7.6600,0.0000,nan,nan,0.2936,0.1149,0.0000
0.0492,4.7492,0.0184,stand,0.0000,7.3800,0.0000,nan,nan,0.1642,0.0422,0.0000
0.1558,2.0068,0.2931,path,1.0387,4.9000,0.0063,-0.1451,0.0570,0.8711,0.4862,0.4269
0.5814,7.3250,0.0350,turn,0.0000,7.7400,0.0000,nan,nan,0.3342,0.1169,0.0000
0.5269,0.1946,0.1195,straight,0.7997,6.3200,0.0503,0.5269,0.0049,1.1775,0.2839,0.0000
0.2867,4.1632,0.7945,path,6.0503,7.8000,0.0144,-0.2105,0.1946,1.3689,0.8057,0.7904
0.3016,1.9203,0.0951,turn,0.0000,6.1200,0.0000,nan,nan,0.4037,0.1142,0.0000
0.3881,2.2370,0.1321,turn,0.0000,5.8600,0.0000,nan,nan,0.4482,0.1611,0.0000
0.4410,6.7376,0.1245,combined,1.6857,5.7000,0.4410,0.2330,0.3744,1.4741,0.4947,0.0000
0.4123,3.1455,0.0431,turn,0.0000,6.9600,0.0000,nan,nan,0.5881,0.1306,0.0000
0.5752,14.7874,0.5304,path,2.4773,7.4000,0.0118,0.5748,0.0214,1.5201,0.8308,0.7211
0.4130,2.7366,0.0135,turn,0.0000,6.1400,0.0000,nan,nan,0.3815,0.1163,0.0000
0.3312,0.4887,0.0315,lateral,0.4059,7.3800,0.3063,-0.0568,0.3263,0.3241,0.1186,0.0000
0.3594,7.5114,0.7197,path,2.3091,4.7800,0.0100,-0.1839,0.3088,0.8012,0.4646,0.4843
0.5999,3.7081,1.1726,path,4.7718,7.6600,0.0160,0.0161,0.5997,1.3676,0.8119,0.8002
0.0649,14.5396,0.3578,path,2.2097,6.5600,0.0067,-0.0386,0.0522,0.9726,0.3585,0.3370
0.2130,12.2181,0.2060,path,2.4778,7.3600,0.0068,-0.2130,0.0018,0.6913,0.3269,0.3423
0.0454,2.5289,0.0435,stand,0.0000,5.9800,0.0000,nan,nan,0.3232,0.0613,0.0000
0.0966,2.5756,0.5189,path,3.1493,4.1200,0.0156,-0.0824,0.0503,1.4268,0.8085,0.7778
0.3942,9.1320,0.0471,straight,1.3195,7.3400,0.1446,0.3476,0.1859,1.2738,0.3259,0.3435
0.4436,3.3342,0.0670,straight,1.3989,7.4600,0.2386,0.4386,0.0661,1.4958,0.3737,0.0000
0.3099,2.4109,0.8340,path,3.6870,6.0800,0.0128,-0.0059,0.3098,1.3230,0.6536,0.6413
0.3015,19.5043,0.2577,path,2.6082,7.6800,0.0135,-0.2934,0.0694,1.5245,0.7371,0.6751
0.5859,3.9074,0.0147,straight,0.4236,4.4800,0.0167,0.5858,0.0078,1.0930,0.3068,0.0000
0.1873,5.2426,0.1407,turn,0.0000,6.3800,0.0000,nan,nan,0.4425,0.1215,0.0000
0.2946,5.2198,0.0607,lateral,1.0056,7.9600,0.2924,-0.2092,0.2074,0.3800,0.1335,0.0000
0.4139,20.2345,0.6559,path,1.2126,6.7800,0.0126,0.0745,0.4072,1.4304,0.7870,0.6304
0.2352,7.1297,0.4824,path,2.1940,4.6800,0.0124,0.2052,0.1148,1.1862,0.6663,0.6214
0.3922,0.6333,0.1031,combined,1.5291,7.4200,0.3922,-0.3745,0.1164,0.4243,0.1943,0.0000
0.5699,8.9843,0.1558,combined,1.8967,6.3200,0.5699,-0.5699,0.0036,0.4661,0.2361,0.0000
0.3294,10.2549,0.0808,turn,0.0000,4.3400,0.0000,nan,nan,0.7362,0.1975,0.0000
0.2052,3.2505,0.0533,straight,0.0520,6.3000,0.0122,0.2020,0.0361,0.2167,0.0923,0.0000
0.3185,2.4720,0.0801,turn,0.0000,7.7800,0.0000,nan,nan,0.4486,0.1048,0.0000
0.3723,11.8462,0.6196,path,2.9029,4.7800,0.0085,-0.3005,0.2199,1.4471,0.6015,0.6733
0.2249,16.6863,0.3421,path,3.6857,7.2600,0.0115,-0.1285,0.1846,1.2373,0.6118,0.6180
0.2388,8.6130,0.0818,path,2.6350,7.3600,0.0072,0.0187,0.2381,0.7989,0.3895,0.3618
0.3194,1.9273,0.1040,combined,1.7765,6.3600,0.3194,0.2956,0.1210,1.3100,0.3995,0.0000
0.0981,5.3166,0.7285,path,1.9003,5.7600,0.0101,0.0767,0.0612,0.9723,0.6259,0.5062
0.3069,5.6610,0.6460,path,0.6141,7.2600,0.0103,0.2639,0.1566,1.0368,0.4780,0.5150
0.0563,4.3778,0.3752,path,2.5566,7.6200,0.0077,-0.0223,0.0517,0.8222,0.3980,0.3850
0.2974,0.4875,0.0777,turn,0.0000,7.0400,0.0000,nan,nan,0.2936,0.1069,0.0000
0.4690,3.8554,0.0246,straight,1.2478,6.9200,0.4666,-0.4683,0.0263,0.3511,0.1551,0.0000
0.1928,3.8534,0.2861,path,1.6631,4.3600,0.0078,-0.1818,0.0645,0.7148,0.3663,0.3900
0.4487,1.5080,0.6869,path,3.2526,4.2200,0.0159,-0.4479,0.0262,1.0996,0.7662,0.7917
0.4480,4.5122,0.0679,combined,1.0468,7.4000,0.4480,0.0415,0.4461,0.4713,0.1840,0.0000
0.4076,1.5630,0.0128,straight,1.1477,7.6000,0.3997,-0.4056,0.0406,0.3514,0.1480,0.0000
0.3808,11.1418,0.0770,combined,0.6932,7.7400,0.3808,-0.0682,0.3747,0.7656,0.1525,0.0000
0.2305,15.2952,0.0690,lateral,0.5481,6.9400,0.2222,-0.2089,0.0973,0.2606,0.0988,0.0000
0.4179,4.1078,0.1401,straight,0.2255,7.2400,0.2238,-0.3754,0.1836,0.2406,0.0872,0.0000
0.3514,9.7935,0.3173,path,2.0566,6.6600,0.0062,0.1667,0.3093,0.6042,0.3513,0.3088
0.2544,5.9736,1.1955,path,4.2729,7.6800,0.0123,-0.2527,0.0299,1.4418,0.6311,0.6152
0.2581,4.2166,0.0809,lateral,0.4510,7.2800,0.2129,0.0304,0.2563,0.3345,0.1163,0.3167
0.8319,15.6859,0.1542,combined,1.7174,4.1000,0.8319,-0.7135,0.4278,0.7334,0.3520,0.0000
0.4371,0.1851,0.0427,lateral,1.1148,6.3000,0.4363,-0.1882,0.3945,0.4745,0.1709,0.0000
0.1696,14.2998,0.2393,path,1.5849,4.5200,0.0072,0.0856,0.1464,1.2003,0.5815,0.3583
0.4465,1.5862,0.5350,path,2.4910,4.2600,0.0118,-0.2273,0.3844,1.2602,0.7077,0.5895
0.4077,2.1790,0.5539,path,2.8387,6.4800,0.0115,-0.3591,0.1929,0.8151,0.5158,0.5751
0.2736,6.4730,0.2254,lateral,0.3263,4.6200,0.2250,0.0595,0.2671,0.3224,0.1253,0.0000
0.1710,6.8541,0.3329,path,1.4779,7.0600,0.0061,0.1174,0.1243,0.6492,0.3568,0.3067
1.1799,30.3918,0.4011,path,2.7101,6.0600,0.0136,-1.1190,0.3740,0.5617,0.3109,0.6785
0.5516,7.9271,0.0657,lateral,1.0117,4.2200,0.5500,-0.4369,0.3368,0.4627,0.1687,0.0000
0.4614,0.2850,0.0921,turn,0.0000,7.7200,0.0000,nan,nan,0.9532,0.1648,0.0000
0.5147,0.8083,0.1631,combined,1.8349,7.5800,0.3912,0.4671,0.2163,1.5413,0.3916,0.0000
0.2440,5.8138,0.0350,turn,0.0000,4.3200,0.0000,nan,nan,0.2356,0.0919,0.0000
0.0607,9.7487,0.0973,path,2.0554,7.5600,0.0099,0.0575,0.0195,1.6317,0.7029,0.6526
0.4222,0.6027,0.1259,straight,0.5267,6.6000,0.0105,0.4077,0.1097,0.9193,0.2191,0.0000
0.2473,0.3004,0.4658,path,1.5771,4.8000,0.0099,0.1708,0.1788,1.2062,0.5891,0.5306
0.4907,1.3998,0.7648,path,3.3591,5.3200,0.0136,-0.4903,0.0214,1.1198,0.5681,0.6814
0.4294,3.3506,0.1405,combined,1.3522,4.3600,0.4294,-0.4238,0.0689,0.6273,0.2474,0.0000
0.1960,7.6592,0.7906,path,2.0319,7.2600,0.0133,0.0689,0.1835,1.1820,0.6174,0.6624
0.4585,3.7897,0.1029,combined,0.8629,7.5000,0.2341,0.3773,0.2604,1.6068,0.3564,0.0000
0.4926,0.9873,0.1742,turn,0.0000,5.4400,0.0000,nan,nan,0.8398,0.1769,0.0000
0.3803,2.0705,0.9106,path,2.4835,4.5800,0.0114,0.3738,0.0699,1.1667,0.6568,0.5704
0.5681,9.6830,0.1024,combined,1.7447,4.6600,0.5681,-0.5680,0.0084,0.5608,0.2818,0.0000
0.2068,0.0131,0.1866,path,4.1799,7.9600,0.0111,-0.2022,0.0432,1.3189,0.5682,0.5558
0.5293,1.3347,0.8631,path,3.1658,4.9800,0.0175,-0.0416,0.5277,1.1691,0.8258,0.8784
0.4637,2.9481,0.1176,straight,0.6174,7.5400,0.0320,0.4294,0.1751,0.9541,0.2401,0.0000
0.5612,8.7471,0.1647,combined,1.4106,5.5600,0.3562,0.4427,0.3449,1.4482,0.5623,0.0000
0.0488,3.3423,0.0291,stand,0.0000,7.5600,0.0000,nan,nan,0.3128,0.0469,0.0000
0.0384,5.7092,0.2752,path,1.6064,4.6400,0.0077,0.0355,0.0145,0.9029,0.3860,0.3832
0.2590,3.5042,0.0510,stand,0.0000,7.7000,0.0000,nan,nan,0.4963,0.0911,0.0000
0.6513,12.6696,0.0571,combined,1.5311,4.3000,0.6513,-0.6476,0.0698,0.5381,0.2646,0.0000
0.3179,6.2820,0.0688,turn,0.0000,7.8800,0.0000,nan,nan,0.7243,0.1267,0.0000
0.1883,4.6642,0.8352,path,2.9962,5.6600,0.0145,-0.1713,0.0782,1.4414,0.8705,0.7256
0.0253,2.9159,0.0183,stand,0.0000,7.9400,0.0000,nan,nan,0.1586,0.0326,0.0000
0.4580,3.1296,0.3486,path,2.0566,5.3200,0.0135,-0.4564,0.0383,0.9802,0.5939,0.6752
0.4336,10.3509,0.0519,lateral,0.1396,4.1000,0.1394,-0.1335,0.4126,0.4019,0.1436,0.0000
0.0983,14.1007,0.6254,path,2.4473,4.6200,0.0126,-0.0937,0.0297,1.3293,0.5673,0.6310
0.0717,4.4107,0.0509,stand,0.0000,5.7000,0.0000,nan,nan,0.2360,0.0421,0.0000
0.4220,4.8203,0.6818,path,3.1579,4.5600,0.0149,-0.4138,0.0829,1.1275,0.6423,0.7452
0.5768,0.3322,0.1805,combined,1.3311,4.0800,0.2915,0.4539,0.3559,1.4576,0.6129,0.0000
0.4265,20.4462,0.2972,path,2.1602,5.3400,0.0124,0.2021,0.3756,1.2501,0.6895,0.6235
0.3315,3.4239,0.9140,path,3.0730,6.4400,0.0124,0.1422,0.2994,1.0268,0.6761,0.6184
0.5194,5.0522,1.3405,path,2.4815,4.0400,0.0140,-0.4722,0.2164,1.5107,0.5848,0.7049
0.3882,7.4016,0.1246,lateral,0.8210,6.0600,0.3673,-0.1991,0.3333,0.4127,0.1415,0.0000
0.0682,9.4705,0.2486,path,1.9158,6.1400,0.0063,-0.0149,0.0666,1.3609,0.4166,0.3153
0.6892,7.4405,0.0159,combined,2.0418,4.7400,0.6892,0.1356,0.6757,1.5639,0.6587,0.0000
0.3569,0.4786,0.0760,turn,0.0000,4.1000,0.0000,nan,nan,0.2983,0.1193,0.0000
0.0544,1.6253,0.0129,stand,0.0000,4.8600,0.0000,nan,nan,0.1307,0.0424,0.0000
0.8108,0.2157,1.0007,path,3.8487,5.2400,0.0157,-0.3478,0.7324,1.3982,0.7927,0.7858
0.3141,5.7214,0.1272,path,1.7691,5.8000,0.0076,-0.3119,0.0374,0.5787,0.3592,0.3821
0.0398,1.9069,0.0530,stand,0.0000,5.1400,0.0000,nan,nan,0.1823,0.0336,0.0000
0.5485,12.4018,0.0283,lateral,0.6786,6.6000,0.4719,-0.0773,0.5430,0.4046,0.1419,0.0000
0.4712,4.7822,0.0925,straight,0.3207,4.2800,0.0190,0.4560,0.1187,0.6967,0.2369,0.0000
0.5345,8.6279,0.4952,path,2.3516,6.2200,0.0121,0.5328,0.0426,1.2146,0.7437,0.6069
0.3280,6.5577,0.3282,path,1.3314,4.5400,0.0065,0.0792,0.3183,0.8150,0.4165,0.3275
0.5909,10.7806,0.2501,path,2.1254,7.1600,0.0092,-0.5466,0.2245,0.9236,0.3493,0.4576
0.4371,2.4704,0.1414,lateral,0.8162,7.0400,0.4371,-0.1917,0.3928,0.3568,0.1357,0.0000
0.1777,1.6514,0.2368,path,1.2879,4.1200,0.0136,0.1457,0.1017,1.3514,0.6141,0.6811
0.5714,20.3202,0.7841,path,3.0357,6.3200,0.0125,0.5395,0.1880,1.4911,0.7662,0.6257
0.1982,0.1708,0.3323,path,2.9526,4.0600,0.0156,0.0190,0.1973,1.6358,0.9036,0.7737
0.1734,10.2845,0.4916,path,2.2730,5.2800,0.0091,-0.1644,0.0552,0.6902,0.4550,0.4554
0.4449,4.4392,0.6977,path,2.7772,6.6800,0.0120,0.3982,0.1985,1.3444,0.6774,0.6012
0.2536,13.8945,0.4625,path,1.8317,4.2600,0.0100,-0.0790,0.2410,1.0393,0.4653,0.5022
0.3940,8.9694,0.0697,turn,0.0000,5.4600,0.0000,nan,nan,0.2354,0.1059,0.0000
0.2725,10.7491,0.1010,combined,0.8465,7.3600,0.2725,0.1221,0.2436,0.6501,0.1925,0.0000
0.2003,84.7699,0.5233,path,2.3132,4.0000,0.0120,0.0140,0.1998,1.0049,0.6404,0.6002
0.4421,1.1375,0.0617,turn,0.0000,5.3600,0.0000,nan,nan,0.3136,0.1273,0.0000
0.0277,14.7418,0.2158,path,1.7363,4.1800,0.0090,-0.0197,0.0195,1.0847,0.4861,0.4478
0.4955,0.1370,0.1925,straight,1.1607,4.5600,0.0433,0.4955,0.0027,1.4018,0.5310,0.0000
0.3761,1.5115,0.0677,combined,1.1257,5.6400,0.3699,0.0627,0.3708,0.8280,0.2431,0.0000
0.2994,2.1096,0.0574,turn,0.0000,5.1600,0.0000,nan,nan,0.3860,0.1197,0.0000
0.0851,5.9169,0.0726,stand,0.0000,4.6400,0.0000,nan,nan,0.3787,0.0768,0.0000
0.2625,4.6799,0.6236,path,5.5657,6.8800,0.0164,0.0222,0.2616,1.3482,0.8527,0.8088
0.4278,4.2559,0.1400,straight,0.7277,5.1400,0.1356,0.4241,0.0557,1.1458,0.3404,0.0000
0.3930,12.0450,0.1538,turn,0.0000,4.4200,0.0000,nan,nan,0.6899,0.1499,0.0000
0.3971,3.0901,0.1614,straight,1.5302,4.8200,0.3971,-0.3923,0.0611,0.4775,0.2657,0.0000
0.0457,0.2261,0.4135,path,2.5251,6.7400,0.0079,-0.0033,0.0455,0.6188,0.4089,0.3945
0.1583,3.8992,0.1612,path,1.8551,6.7400,0.0088,0.1499,0.0509,1.3209,0.4485,0.4439
0.2675,4.3011,0.2321,path,2.0643,5.1400,0.0081,0.2669,0.0188,0.9118,0.4721,0.4032
0.2665,1.0697,0.7283,path,2.6297,6.0600,0.0108,-0.0969,0.2483,1.6620,0.6677,0.5378
0.3087,6.0937,0.5100,path,3.8106,6.3400,0.0156,-0.2764,0.1374,1.5677,0.7441,0.7815
0.7901,18.9581,0.4419,path,2.1082,5.9200,0.0079,-0.1800,0.7693,1.1567,0.4319,0.3935
0.5546,2.0469,0.2083,path,2.9336,5.4800,0.0153,-0.5321,0.1564,1.4484,0.5761,0.7663
0.3887,7.0814,0.0458,straight,1.1231,6.8600,0.3646,-0.3658,0.1314,0.4271,0.1519,0.0000
0.4589,7.7805,0.3055,path,2.3877,4.9800,0.0118,-0.0712,0.4534,1.1740,0.5454,0.5936
0.1722,0.3695,0.4095,path,2.5401,5.4800,0.0055,-0.1096,0.1328,0.9140,0.4513,0.4644
0.1117,3.9471,0.2650,path,1.5364,5.1800,0.0063,-0.0871,0.0699,0.9605,0.4002,0.3155
0.1582,12.8793,0.4658,path,2.7139,6.2200,0.0092,0.0044,0.1582,1.1795,0.5471,0.4605
0.2234,2.2423,1.1195,path,3.5256,5.6000,0.0166,-0.0529,0.2170,1.2200,0.8276,0.8312
0.0493,4.9337,0.0227,stand,0.0000,5.8200,0.0000,nan,nan,0.1735,0.0349,0.0000
0.3377,6.6336,0.8453,path,3.6272,4.8200,0.0116,-0.3192,0.1104,1.2451,0.7247,0.7991
0.1979,1.3541,0.1789,path,2.6976,6.7600,0.0094,0.1947,0.0355,1.1114,0.5608,0.4697
0.1888,1.7023,0.6239,path,1.5169,5.2000,0.0175,-0.1688,0.0847,1.2724,0.7591,0.8746
0.4403,5.3760,0.1250,turn,0.0000,4.5800,0.0000,nan,nan,0.5118,0.1412,0.0000
0.1067,1.7013,0.2678,path,1.7327,5.7400,0.0023,0.0251,0.1037,0.6167,0.4251,0.3871
0.3003,0.0700,0.0609,lateral,0.2127,4.9400,0.2029,-0.0825,0.2887,0.2480,0.1020,0.0000
0.3689,4.0505,0.0365,straight,0.5043,4.0800,0.0231,0.3656,0.0496,0.8744,0.3005,0.0000
0.6019,5.5083,0.0398,turn,0.0000,5.7200,0.0000,nan,nan,0.7753,0.1519,0.0000
0.3739,3.1440,0.0230,turn,0.0000,6.8400,0.0000,nan,nan,0.5564,0.1151,0.0000
0.8051,0.8352,1.2460,path,1.3841,4.4000,0.0079,0.5619,0.5767,1.3652,0.7153,0.3942
0.5709,1.7338,0.0397,lateral,0.6416,7.0600,0.5177,-0.0774,0.5656,0.4544,0.1470,0.0000
0.2625,4.2936,0.0976,combined,2.0503,7.8000,0.2623,-0.1736,0.1970,0.7020,0.2601,0.0000
0.3258,1.5846,0.6553,path,3.1733,4.7800,0.0057,-0.2955,0.1372,0.8890,0.6373,0.6837
0.4351,2.7647,0.1632,combined,1.5620,4.3200,0.4351,-0.4298,0.0678,0.4989,0.3040,0.0000
0.2759,14.7094,0.5461,path,3.2031,4.6000,0.0067,0.1884,0.2015,1.2611,0.7995,0.7525
0.4561,0.9179,0.0261,turn,0.0000,5.1400,0.0000,nan,nan,0.3454,0.1363,0.0000
0.1756,4.5272,0.3651,path,2.0438,7.3200,0.0073,0.0530,0.1674,0.6154,0.4083,0.3652
0.3745,3.0939,0.1700,combined,1.1758,7.6600,0.3745,-0.3745,0.0041,0.3833,0.1583,0.0000
0.5408,7.8475,0.1061,straight,1.1684,4.5400,0.5408,-0.5399,0.0320,0.3663,0.1690,0.0000
0.8145,17.5538,0.1390,combined,2.2650,5.7200,0.8145,-0.3575,0.7318,0.9244,0.4337,0.0000
0.4241,2.8014,0.1729,combined,1.5299,4.5800,0.4241,-0.3443,0.2476,0.6472,0.2956,0.0000
0.1420,0.9190,0.4411,path,1.4448,5.0600,0.0089,-0.0259,0.1396,0.8570,0.4200,0.4422
0.2253,5.3078,0.0559,lateral,0.9003,7.3000,0.2183,0.0187,0.2245,0.4667,0.1458,0.0000
0.1208,3.3988,0.3125,path,1.6428,5.6800,0.0060,-0.1032,0.0628,0.4432,0.3077,0.3003
0.3474,3.3435,0.0921,combined,0.9149,7.9600,0.3154,0.1099,0.3296,0.7461,0.1698,0.0000
0.4860,0.8983,0.0226,lateral,0.2065,4.2800,0.1723,-0.0942,0.4768,0.4747,0.1645,0.0000
0.0252,2.1479,0.0122,stand,0.0000,7.5400,0.0000,nan,nan,0.2418,0.0333,0.0000
0.2532,4.7223,0.0620,turn,0.0000,6.1400,0.0000,nan,nan,0.4681,0.1296,0.0000
0.2920,5.3120,0.1296,combined,0.5099,6.1000,0.2719,-0.2306,0.1791,0.3708,0.1120,0.0000
0.3325,6.2519,0.2415,path,1.4517,7.5800,0.0105,0.3282,0.0532,1.0787,0.5968,0.5253
0.3986,9.5058,0.1054,lateral,1.1570,4.1800,0.3986,-0.3004,0.2620,0.5255,0.2206,0.0000
0.8316,32.6241,0.2602,path,3.0227,4.4400,0.0137,-0.4382,0.7068,1.4145,0.7508,0.6845
0.5803,6.7219,0.4196,path,1.9997,4.8200,0.0096,-0.5442,0.2016,0.6013,0.3521,0.4820
0.3940,0.2841,0.1333,combined,1.6565,4.4000,0.3940,-0.3938,0.0126,0.5679,0.2973,0.0000
0.2409,2.2432,0.6970,path,2.0042,4.2200,0.0128,-0.2207,0.0966,1.1726,0.5141,0.6432
0.5592,10.0878,0.5141,path,3.0349,5.1600,0.0118,-0.4585,0.3201,1.4289,0.6442,0.5888
0.2562,9.7504,0.2649,path,4.6761,7.7800,0.0172,-0.2249,0.1226,1.5586,0.7263,0.8619
0.5129,1.0106,0.1231,straight,0.9219,6.2000,0.0531,0.5104,0.0504,1.1045,0.3000,0.0000
0.5201,16.5411,0.2395,path,1.8728,5.7200,0.0055,0.2772,0.4401,0.7559,0.4013,0.3315
0.5358,5.8654,0.1017,straight,1.7457,7.0400,0.5030,-0.5231,0.1161,0.5412,0.2103,0.0000
0.0683,5.0368,0.0402,stand,0.0000,5.4400,0.0000,nan,nan,0.3267,0.0438,0.0000
0.3963,6.6315,0.0273,combined,0.5656,7.7000,0.3963,-0.3385,0.2060,0.2938,0.0967,0.0000
0.1892,0.0041,1.0008,path,4.5876,7.6800,0.0136,-0.0323,0.1864,1.2323,0.6567,0.6731
0.0658,6.5492,0.1783,path,2.5612,6.3000,0.0113,-0.0630,0.0191,1.4025,0.6180,0.6456
0.4478,1.5535,0.0561,straight,0.4990,6.1000,0.0197,0.4476,0.0140,0.9256,0.2305,0.0000
0.2003,6.0147,0.7761,path,2.5923,6.7600,0.0061,0.0975,0.1750,0.8694,0.4331,0.4023
0.3771,4.6978,0.1164,straight,0.1292,7.7200,0.0185,0.3037,0.2236,0.3577,0.1247,0.0000
0.3734,6.1793,0.0491,combined,1.0147,6.0200,0.3734,-0.3246,0.1846,0.4804,0.1935,0.0000
0.5448,9.2910,0.0430,path,1.7213,5.7400,0.0001,0.4452,0.3139,0.9081,0.4148,0.3145
0.3299,1.1154,0.4535,path,1.9728,7.4400,0.0065,0.2487,0.2168,0.7987,0.4021,0.3273
0.3836,15.4124,0.0790,lateral,1.3119,6.9000,0.3816,-0.2394,0.2997,0.4682,0.1819,0.0000
0.4256,5.2569,0.0778,straight,1.4628,6.8600,0.4253,-0.2563,0.3397,0.5165,0.2144,0.0000
0.3973,4.1934,0.9471,path,3.3521,5.5000,0.0168,-0.1584,0.3643,1.3573,0.6893,0.8385
0.4203,3.8661,0.7170,path,3.2088,5.3200,0.0126,-0.1704,0.3842,0.8346,0.5926,0.6295
0.2784,2.7195,0.2939,path,2.0945,4.7400,0.0100,-0.2261,0.1625,1.1723,0.5462,0.4819
0.3539,10.0167,0.1660,path,2.3211,6.5400,0.0123,-0.3503,0.0508,1.5394,0.8001,0.6128
0.8017,59.3132,0.4920,path,3.5335,5.2200,0.0148,-0.0283,0.8012,1.6232,0.8692,0.7418
0.1227,9.4366,0.3693,path,1.9685,7.5600,0.0009,-0.0032,0.1227,0.5924,0.3327,0.3058
0.3549,8.5683,0.1534,lateral,1.3746,4.9000,0.3549,-0.3378,0.1088,0.5387,0.2225,0.0000
0.2466,6.3289,0.0799,lateral,0.4767,5.8800,0.2387,-0.1508,0.1952,0.2525,0.0915,0.0000
0.2635,1.8776,0.6409,path,3.4838,5.3000,0.0162,-0.2331,0.1227,1.1816,0.7280,0.8103
0.2914,4.5041,0.0650,turn,0.0000,6.7200,0.0000,nan,nan,0.8148,0.1468,0.0000
0.3406,6.6189,0.5537,path,2.8114,4.6600,0.0126,-0.3061,0.1494,1.0982,0.6184,0.6324
0.0677,2.3942,0.0382,stand,0.0000,5.9000,0.0000,nan,nan,0.1652,0.0534,0.0000
0.3643,2.9833,1.1719,path,4.3102,6.2800,0.0176,-0.3010,0.2053,1.5275,0.8307,0.8806
0.5015,1.9226,0.4160,path,2.9454,7.1200,0.0119,-0.5014,0.0083,0.7384,0.4724,0.5965
0.3754,2.8176,0.8538,path,3.6290,4.3400,0.0170,-0.2826,0.2471,1.2638,0.8333,0.8435
0.2909,1.1217,0.4233,path,3.0318,6.5800,0.0149,-0.2599,0.1307,1.0609,0.6441,0.7465
0.1117,0.3705,0.5225,path,1.4822,6.3400,0.0057,-0.0404,0.1042,0.8403,0.5010,0.4681
0.0349,1.5317,0.3539,path,2.0089,5.6600,0.0072,0.0314,0.0153,0.8884,0.3990,0.3616
0.2350,1.0243,0.8658,path,3.8103,6.8200,0.0114,0.1144,0.2053,1.0839,0.5990,0.5603
0.3269,3.3072,0.6842,path,4.0185,6.1000,0.0143,0.1110,0.3075,1.2711,0.7146,0.7118
0.3198,0.0262,0.0489,combined,0.6944,5.9800,0.3154,-0.2841,0.1469,0.7223,0.1946,0.0000
0.3148,0.4375,0.0427,turn,0.0000,6.7800,0.0000,nan,nan,0.2851,0.1067,0.0000
0.0355,1.4222,0.0088,stand,0.0000,5.6800,0.0000,nan,nan,0.1730,0.0334,0.0000
0.6627,16.5736,0.2281,combined,1.4834,4.3800,0.6627,-0.1101,0.6535,1.2894,0.5046,0.0000
0.4800,5.0949,0.0404,combined,1.6693,5.6000,0.4800,-0.4203,0.2319,0.5243,0.2502,0.0000
0.3751,7.0723,0.5098,path,2.7227,6.9600,0.0113,-0.3718,0.0498,0.9692,0.4515,0.5692
0.4520,2.5339,0.1269,straight,1.7440,4.8400,0.4520,-0.4503,0.0382,0.5314,0.2825,0.0000
0.1935,8.2434,0.4950,path,2.1872,6.8000,0.0064,-0.1824,0.0647,1.0642,0.4111,0.3220
0.0394,2.3563,0.0118,stand,0.0000,5.3800,0.0000,nan,nan,0.3038,0.0383,0.0000
0.3645,11.1460,0.1097,combined,1.0902,5.3800,0.3496,-0.0925,0.3525,0.5979,0.2013,0.0000
0.2975,1.0979,0.2022,combined,1.1312,5.0200,0.2975,-0.2667,0.1319,0.4782,0.1921,0.0000
0.4050,5.8052,0.0372,straight,0.6585,5.6800,0.0299,0.4050,0.0001,0.9985,0.2828,0.0000
0.5267,1.3379,0.1020,straight,1.2044,4.1800,0.0500,0.5265,0.0153,1.3572,0.4783,0.0000
1.8141,6.3720,0.5353,path,3.7228,7.4800,0.0174,1.0566,1.4747,1.7966,0.8081,0.8711
0.3425,1.7797,0.0372,straight,0.1844,4.5800,0.1844,-0.3425,0.0036,0.2257,0.1012,0.0000
0.4748,1.6501,0.3868,path,3.1965,7.2600,0.0092,-0.3997,0.2562,0.6888,0.4422,0.4585
0.1912,3.0128,0.0713,turn,0.0000,6.8800,0.0000,nan,nan,0.2328,0.0842,0.0000
0.6915,11.4085,0.1602,lateral,1.1899,7.5200,0.6915,-0.6689,0.1752,0.4127,0.1128,0.0000
0.4094,8.8694,0.0396,straight,0.4408,5.1600,0.4094,-0.4010,0.0823,0.2153,0.0935,0.0000
0.2254,1.3096,0.9241,path,2.2443,4.8400,0.0116,-0.1732,0.1442,1.0023,0.5436,0.5828
0.5244,2.5402,0.0740,lateral,0.1878,7.5200,0.1560,0.0831,0.5178,0.2978,0.1185,0.0000
0.2750,5.3098,0.0099,lateral,1.4478,7.3600,0.2698,-0.2134,0.1734,0.5063,0.1952,0.0000
0.4176,4.2344,0.7640,path,3.8827,4.4400,0.0176,-0.2945,0.2961,1.2897,0.8200,0.8769
0.3111,5.0347,0.9019,path,1.6910,6.4000,0.0094,0.2641,0.1645,0.9696,0.5275,0.4677
0.4340,6.3425,0.6038,path,3.6525,6.5200,0.0124,-0.0289,0.4330,1.2463,0.7723,0.6213
0.1022,7.5087,0.1926,path,2.4861,5.9800,0.0062,0.0050,0.1021,1.1303,0.6323,0.6502
0.2870,14.2310,0.2484,path,1.7835,6.5200,0.0066,-0.2787,0.0685,1.0552,0.2868,0.3293
0.4656,4.0178,0.0902,lateral,1.2826,6.8600,0.4656,-0.2827,0.3700,0.4140,0.1694,0.0000
0.4188,0.5350,0.5645,path,2.1762,6.4400,0.0075,0.1936,0.3713,1.1319,0.4946,0.3752
0.0327,0.2207,0.0180,stand,0.0000,5.3600,0.0000,nan,nan,0.1900,0.0480,0.0000
0.3275,2.0140,0.5139,path,2.4712,5.4200,0.0099,-0.3233,0.0521,1.0318,0.4313,0.4949
0.3254,1.4037,0.3242,path,3.3385,7.4200,0.0137,-0.1816,0.2701,1.4156,0.6024,0.6830
0.4890,9.4759,0.0806,turn,0.0000,7.8400,0.0000,nan,nan,0.6193,0.1274,0.0000
0.2207,4.6556,0.4494,path,2.1945,6.4600,0.0099,0.1791,0.1289,1.1907,0.5581,0.4964
0.3618,5.2030,0.1137,straight,1.3251,6.9600,0.3618,-0.3019,0.1994,0.4142,0.1765,0.0000
0.3986,7.9905,0.0327,straight,1.0327,4.8600,0.3986,-0.3978,0.0253,0.3659,0.1649,0.3167
0.3689,4.2477,0.1188,combined,0.8472,7.1600,0.3679,-0.0786,0.3604,0.4094,0.1490,0.0000
0.3276,3.5531,0.1678,combined,0.5210,7.2800,0.3248,-0.2332,0.2301,0.6253,0.1643,0.0000
0.3397,1.6314,0.0079,lateral,0.9667,6.9800,0.3396,-0.1294,0.3141,0.4408,0.1437,0.0000
0.2212,3.4195,0.3742,path,1.3354,7.8400,0.0108,-0.1836,0.1232,0.9130,0.4852,0.5425
0.2693,0.4686,0.5592,path,3.3732,7.5800,0.0122,-0.2693,0.0004,0.9912,0.5408,0.6077
0.0428,3.1197,1.2835,path,0.3408,6.3200,0.0160,0.0197,0.0380,1.3193,0.8586,0.8019
0.3985,8.7569,0.0733,turn,0.0000,7.2600,0.0000,nan,nan,0.5962,0.1316,0.4617
0.3923,1.2079,1.0333,path,2.3119,4.5800,0.0147,-0.3836,0.0822,1.0145,0.5718,0.7376
0.4593,0.6988,0.1214,turn,0.0000,7.9600,0.0000,nan,nan,0.7427,0.1443,0.0000
0.0646,3.0031,1.2484,path,2.3520,5.1000,0.0155,0.0006,0.0646,1.3629,0.7287,0.7743
0.3397,4.3454,1.0244,path,0.1360,7.7000,0.0132,-0.0741,0.3315,1.1169,0.5717,0.6606
0.4135,3.9724,0.9914,path,4.7127,7.8800,0.0066,0.2700,0.3133,1.5875,0.7836,0.6938
0.2941,2.5491,1.2451,path,4.4423,6.2400,0.0172,-0.0273,0.2928,1.7145,0.9568,0.8499
0.4761,0.4962,0.3898,path,0.4939,5.5800,0.0176,-0.2450,0.4082,1.1920,0.6329,0.8803
0.1618,2.4393,0.5807,path,3.1134,7.5200,0.0092,0.0114,0.1614,0.7232,0.4871,0.4607
0.0892,6.9378,0.2130,path,1.0202,7.7000,0.0069,0.0351,0.0820,0.8238,0.3874,0.3444
0.0184,1.4901,0.0374,stand,0.0000,7.4800,0.0000,nan,nan,0.2117,0.0344,0.0000
0.4576,4.4546,0.1229,turn,0.0000,7.8200,0.0000,nan,nan,0.3090,0.1116,0.0000
0.4853,54.7625,0.5916,path,3.8063,6.1800,0.0148,0.4826,0.0508,1.2702,0.7521,0.7423
0.5414,3.6158,0.1470,combined,1.2781,4.6600,0.5414,-0.4400,0.3154,0.6628,0.1997,0.0000
0.5849,21.0900,0.1136,combined,1.6483,4.3800,0.5849,-0.5442,0.2145,0.5760,0.2897,0.0000
0.2138,13.5791,0.4745,path,1.4297,5.5800,0.0069,0.1944,0.0890,0.6558,0.4163,0.3466
1.0805,24.7268,0.4041,combined,2.1383,4.5200,1.0805,-1.0599,0.2102,0.7289,0.3215,0.0000
0.5748,12.3965,0.2492,lateral,1.0916,4.5600,0.5748,-0.5430,0.1885,0.3732,0.1499,0.0000
0.3654,7.9127,0.1910,lateral,1.2811,6.4800,0.3654,-0.2308,0.2832,0.5233,0.1846,0.0000
0.4034,5.5249,0.0632,turn,0.0000,5.5800,0.0000,nan,nan,0.6380,0.1129,0.0000
0.3232,5.5605,0.1903,combined,0.8742,6.4000,0.3047,-0.0028,0.3232,0.4158,0.1730,0.0000
0.2377,0.4495,0.0542,turn,0.0000,6.7800,0.0000,nan,nan,0.2094,0.0992,0.0000
0.6801,7.2334,1.2822,path,1.4168,7.6400,0.0173,0.6775,0.0594,1.3788,0.9894,0.8636
0.2949,4.2507,0.2179,path,2.2578,7.3000,0.0065,0.1029,0.2764,0.8759,0.3648,0.3239
0.4073,2.1845,0.0460,combined,0.5398,5.3800,0.0861,0.3549,0.1998,1.0542,0.2946,0.0000
0.2729,12.7581,0.4385,path,0.9822,6.5000,0.0151,0.2644,0.0674,1.5169,0.6932,0.7538
0.5996,7.5462,0.0439,lateral,1.2620,6.2400,0.5971,-0.3176,0.5086,0.5477,0.1830,0.0000
0.5576,0.9339,0.1501,straight,0.4364,4.2200,0.0197,0.5539,0.0636,0.9151,0.3618,0.0000
0.0694,1.1908,0.0321,stand,0.0000,4.9000,0.0000,nan,nan,0.1917,0.0549,0.0000
0.2672,11.5676,0.6669,path,4.7795,6.8200,0.0147,-0.1820,0.1956,1.1650,0.7169,0.7383
0.8951,12.3320,1.3081,path,2.3158,6.6200,0.0113,0.8705,0.2083,1.5205,0.8009,0.5628
0.4316,2.9588,0.1406,straight,0.4703,6.5200,0.3758,-0.4260,0.0692,0.2493,0.1050,0.3435
0.3333,4.8798,0.1258,combined,2.0836,7.7000,0.3311,0.3199,0.0937,1.6223,0.5299,0.0000
0.5070,4.2176,0.1389,straight,1.6243,6.9600,0.5070,-0.5062,0.0268,0.6128,0.2063,0.0000
0.3161,9.6160,0.5291,path,0.3713,7.9400,0.0146,-0.2856,0.1355,1.2044,0.7098,0.7321
0.1340,4.3632,0.7931,path,1.5920,4.4000,0.0073,-0.1270,0.0427,1.4739,0.4058,0.3673
0.4317,0.7371,0.1258,combined,0.1664,7.3600,0.1464,0.0020,0.4317,0.3198,0.1067,0.0000
0.0056,1.2218,0.0101,stand,0.0000,5.4000,0.0000,nan,nan,0.1934,0.0385,0.0000
0.9399,1.1136,0.2342,path,1.8591,7.7400,0.0125,-0.7373,0.5830,0.6578,0.3296,0.6233
0.7007,10.8075,0.0352,combined,1.5893,4.4200,0.7007,-0.6911,0.1156,0.4908,0.2220,0.0000
0.0829,0.1120,0.3628,path,1.8987,4.7000,0.0060,0.0095,0.0824,1.0118,0.4349,0.4116
0.3710,13.0196,0.0732,turn,0.0000,5.9800,0.0000,nan,nan,0.3266,0.1213,0.0000
0.6217,11.2831,0.0954,combined,1.2447,4.3400,0.6122,0.2330,0.5764,1.3061,0.4663,0.0000
0.1419,0.4189,0.8441,path,4.0288,7.6400,0.0167,-0.1134,0.0854,1.3604,0.8425,0.8332
0.3439,1.7339,1.1908,path,3.5231,6.5600,0.0141,-0.3433,0.0217,1.4473,0.6352,0.7068
0.0528,1.3352,0.0093,stand,0.0000,7.6800,0.0000,nan,nan,0.1713,0.0399,0.0000
0.3951,1.3210,0.0524,combined,1.6460,7.3000,0.3883,-0.3166,0.2364,0.5850,0.2113,0.0000
0.3223,10.0970,0.3047,path,2.8494,4.6000,0.0126,-0.3093,0.0907,1.2655,0.5779,0.6299
0.2906,1.4405,1.1368,path,2.6099,6.4200,0.0089,0.2829,0.0665,1.2686,0.5092,0.4425
0.1614,4.6085,0.3743,path,1.8999,6.2800,0.0080,-0.1445,0.0719,0.9104,0.3560,0.4041
0.4089,15.6583,0.6660,path,3.3792,6.2000,0.0132,0.3637,0.1868,1.5404,0.7548,0.6599
0.4565,3.0340,0.6756,path,3.7418,5.1600,0.0170,-0.4431,0.1097,1.3342,0.7430,0.8525
0.5558,4.7017,0.0218,turn,0.0000,7.6200,0.0000,nan,nan,0.7190,0.1342,0.0000
0.1487,5.6773,0.3578,path,1.5639,5.7800,0.0075,-0.1411,0.0469,0.7846,0.3752,0.3762
0.4487,13.5218,1.1190,path,3.5826,5.0000,0.0034,-0.3600,0.2678,1.5016,0.7553,0.8372
0.3756,8.0445,0.1056,straight,1.6726,7.9600,0.3676,0.3158,0.2034,1.2124,0.3249,0.0000
0.4859,2.8990,0.0849,combined,1.3851,7.8800,0.4859,-0.4597,0.1573,0.4066,0.1654,0.0000
0.6003,9.9912,0.2002,path,1.8100,6.1400,0.0076,-0.5957,0.0741,0.6915,0.2926,0.3792
0.4586,10.8578,0.0121,stand,0.0000,5.9200,0.0000,nan,nan,0.4724,0.1055,0.0000
0.3992,7.4829,0.1314,lateral,0.1241,5.8200,0.0909,0.1300,0.3774,0.2963,0.1353,0.0000
0.3745,5.0361,0.1004,straight,1.0624,6.6000,0.3745,-0.3745,0.0060,0.3805,0.1550,0.0000
0.1784,0.6586,0.9339,path,2.8670,5.6800,0.0135,-0.1776,0.0175,1.1529,0.7215,0.6732
0.5006,2.0884,0.2029,turn,0.0000,7.6600,0.0000,nan,nan,0.4670,0.1335,0.0000
0.6038,9.0363,0.9302,path,4.0957,6.4200,0.0151,0.4338,0.4199,1.5681,0.9418,0.7558
0.2356,3.1636,0.3153,path,2.7239,7.8000,0.0075,0.1219,0.2016,0.7556,0.4019,0.3719
0.6025,17.8635,0.5684,path,5.2517,6.9800,0.0165,0.2581,0.5444,1.4085,0.8595,0.8269
0.3680,4.9496,0.3455,path,3.0145,4.2000,0.0144,-0.3111,0.1966,1.3340,0.7072,0.7170
0.0569,1.1911,0.0308,stand,0.0000,7.9000,0.0000,nan,nan,0.1531,0.0314,0.0000
0.0223,0.1478,0.0208,stand,0.0000,7.2200,0.0000,nan,nan,0.3223,0.0610,0.0000
0.2083,7.6420,1.0950,path,2.9468,5.8200,0.0121,0.1767,0.1103,1.3266,0.6637,0.6060
0.0792,3.6723,0.2593,path,2.1662,4.7400,0.0097,0.0533,0.0586,0.7720,0.4997,0.4855
0.4762,13.3722,0.3774,path,1.4221,4.8800,0.0065,0.2508,0.4049,0.7841,0.3987,0.3243
0.2977,18.0789,0.1295,path,1.8795,6.9200,0.0060,0.1910,0.2284,0.9789,0.3650,0.3013
0.3256,7.9863,0.0751,straight,1.0663,4.6600,0.3256,-0.3177,0.0713,0.3889,0.1920,0.0000
0.6903,7.1596,0.6217,path,2.3418,4.3200,0.0122,-0.6014,0.3389,0.8308,0.4813,0.6101
0.3274,1.0288,0.0879,turn,0.0000,7.5600,0.0000,nan,nan,0.4325,0.1025,0.0000
0.2389,1.3334,1.1093,path,1.5777,4.4800,0.0050,0.0806,0.2248,1.4556,0.7831,0.8257
0.3111,0.5110,0.0250,turn,0.0000,5.5200,0.0000,nan,nan,0.2701,0.1067,0.0000
0.2746,3.0101,0.1421,lateral,0.7013,7.7800,0.2582,-0.1215,0.2463,0.3306,0.1228,0.0000
0.5763,4.4053,0.0527,lateral,1.0931,6.8200,0.5763,-0.2862,0.5002,0.4385,0.1606,0.0000
0.2260,7.2418,0.8950,path,1.4141,5.8600,0.0086,0.0454,0.2214,1.2656,0.6697,0.4295
0.7315,13.7938,0.2740,path,1.5379,5.5200,0.0098,-0.7142,0.1585,0.4764,0.2168,0.4900
0.3796,6.5103,0.1448,combined,1.7339,7.3200,0.3796,-0.2849,0.2509,0.6388,0.2631,0.0000
0.2649,7.8907,0.1322,combined,1.4216,7.0800,0.2649,0.2007,0.1730,1.2599,0.3562,0.0000
0.2407,14.5778,0.4591,path,2.4378,6.9000,0.0073,0.0146,0.2403,0.8803,0.3896,0.3629
0.4292,16.4346,0.7741,path,1.4384,4.2600,0.0076,0.4221,0.0776,1.3021,0.6927,0.3820
0.5806,5.4732,0.2004,combined,1.4120,4.0400,0.1256,0.5645,0.1359,1.5881,0.6315,0.0000
0.3516,14.1993,0.4272,path,1.7949,4.9800,0.0130,0.3495,0.0380,1.4120,0.5949,0.6525
0.4962,0.9296,0.1661,combined,0.9754,4.6600,0.4960,-0.4769,0.1371,0.5354,0.2173,0.0000
0.2956,6.5023,0.1101,straight,0.7983,4.2800,0.2956,-0.2943,0.0281,0.2943,0.1532,0.0000
0.3720,3.0348,0.1444,straight,0.3265,4.0600,0.0302,0.3523,0.1193,0.5594,0.2334,0.0000
0.3971,0.0108,0.1361,turn,0.0000,7.1600,0.0000,nan,nan,0.9215,0.1711,0.0000
0.6146,8.7378,0.1942,combined,1.7415,6.0400,0.6146,-0.1096,0.6047,1.5438,0.5574,0.0000
0.4112,7.4207,0.0708,lateral,0.8066,7.6400,0.4069,-0.0954,0.4000,0.4506,0.1393,0.0000
0.6727,1.8522,0.4354,path,2.1719,5.1400,0.0143,-0.6558,0.1502,0.7903,0.4715,0.7144
0.2500,1.3550,0.1148,combined,1.2589,7.6800,0.1175,0.2482,0.0292,1.5107,0.3130,0.0000
0.4170,1.2311,0.0176,turn,0.0000,6.8400,0.0000,nan,nan,0.3092,0.1174,0.0000
0.1963,6.0228,0.0451,lateral,0.3097,6.7200,0.1772,-0.1361,0.1415,0.2752,0.0928,0.0000
0.4146,21.0168,0.0647,lateral,1.4167,4.2600,0.4146,-0.4098,0.0631,0.5013,0.2483,0.0000
0.4493,5.4042,0.1282,straight,1.4610,6.8400,0.0830,0.4344,0.1146,1.6445,0.3899,0.0000
0.8497,15.5906,0.2563,combined,1.8144,4.3000,0.8497,0.1821,0.8299,1.4880,0.7007,0.0000
0.1888,10.6826,0.5761,path,2.2558,5.6800,0.0088,-0.0285,0.1867,0.8812,0.4611,0.4478
0.5584,4.6621,0.4355,path,2.7716,7.9200,0.0112,0.5187,0.2070,1.1884,0.6166,0.5602
0.3067,0.6983,0.6590,path,1.9193,7.1600,0.0098,-0.0303,0.3052,1.2357,0.5383,0.4912
0.0597,3.2106,0.6925,path,1.9149,4.1800,0.0102,-0.0422,0.0423,0.9690,0.5160,0.5097
0.1007,12.8428,0.2302,lateral,0.6451,5.1800,0.0876,-0.0341,0.0948,0.3977,0.1536,0.0000
0.3306,0.0505,0.1422,combined,0.5428,6.5000,0.2969,0.0311,0.3291,0.6185,0.1590,0.0000
0.4158,2.2312,0.1891,lateral,0.8691,6.5800,0.3928,-0.2233,0.3508,0.4155,0.1418,0.0000
0.4947,1.4679,0.1711,path,1.3631,5.0800,0.0100,-0.4828,0.1081,0.5834,0.2841,0.4990
0.4173,8.0990,0.8653,path,2.4195,4.7400,0.0168,-0.3969,0.1290,1.0632,0.6480,0.8424
0.3036,12.9376,0.0962,combined,1.1177,6.5400,0.3036,0.0811,0.2926,1.1213,0.2971,0.0000
0.5596,7.9122,0.1568,combined,1.4254,4.5200,0.2393,0.5431,0.1349,1.4267,0.5897,0.0000
0.4704,4.0879,0.9267,path,3.4812,5.0400,0.0173,-0.4603,0.0966,1.4611,0.7296,0.8673
0.1291,0.6463,0.0555,path,2.7246,6.3200,0.0087,0.1020,0.0792,1.3853,0.5244,0.4317
0.3344,9.2059,0.3924,path,1.6053,4.8400,0.0067,-0.0572,0.3295,0.7028,0.3795,0.3368
0.0680,1.4012,0.0291,stand,0.0000,4.0000,0.0000,nan,nan,0.2978,0.0665,0.0000
0.3092,3.0957,0.0066,combined,1.2645,7.7200,0.2946,-0.2957,0.0903,0.5019,0.1847,0.0000
0.3602,4.1432,0.5909,path,2.6228,4.7800,0.0160,0.1180,0.3403,1.3113,0.8510,0.7993
0.4076,7.7710,0.7079,path,4.1673,7.4200,0.0114,0.3902,0.1178,1.4614,0.6276,0.5637
0.3339,3.8895,0.0854,turn,0.0000,5.0800,0.0000,nan,nan,0.5608,0.1275,0.0000
0.0369,1.1245,0.0204,stand,0.0000,5.5800,0.0000,nan,nan,0.1863,0.0309,0.0000
0.3735,0.9767,0.1608,straight,1.1923,5.1600,0.0885,0.3729,0.0200,1.1866,0.3990,0.0000
0.3393,6.3248,0.1286,combined,1.3995,6.9200,0.3393,0.0563,0.3346,1.1289,0.3383,0.0000
0.1682,6.5722,0.8231,path,2.6721,4.8600,0.0112,-0.1598,0.0524,1.1005,0.5259,0.5624
0.2334,0.1956,0.4683,path,1.6357,4.7600,0.0078,-0.2308,0.0346,0.8166,0.3739,0.3915
0.4054,1.7451,0.1939,straight,0.6956,4.8800,0.0645,0.3894,0.1127,0.8910,0.3100,0.0000
0.7591,11.1490,0.9477,path,4.4292,6.8400,0.0044,-0.3952,0.6480,1.1396,0.6119,0.6590
0.2778,0.4701,0.0858,lateral,0.1508,4.5400,0.1366,-0.1178,0.2516,0.2917,0.1122,0.0000
0.5304,1.8610,0.0386,turn,0.0000,5.4800,0.0000,nan,nan,0.8724,0.1483,0.0000
0.4817,0.2555,0.3272,path,2.1912,6.4400,0.0074,-0.3677,0.3112,0.5733,0.3133,0.3717
0.5157,11.0446,1.4302,path,4.2629,6.2600,0.0164,-0.4768,0.1966,1.5825,0.7544,0.8214
0.4250,3.0310,0.0775,lateral,0.0114,7.7000,0.0038,0.0258,0.4242,0.2448,0.1018,0.0000
0.3835,8.5054,0.6196,path,4.8399,7.6200,0.0150,-0.3827,0.0249,1.5144,0.6687,0.7501
0.3355,17.4553,0.1689,straight,1.8358,5.1600,0.3355,0.1912,0.2756,1.4376,0.5982,0.0000
0.2727,0.6301,0.6403,path,3.9046,7.7600,0.0145,-0.1664,0.2160,1.5232,0.7598,0.7243
0.1626,1.0181,0.3445,path,2.2060,7.8600,0.0028,-0.1463,0.0709,0.9558,0.3165,0.3024
0.4952,2.7816,0.0797,straight,0.5933,5.6600,0.0313,0.4825,0.1116,1.0215,0.2634,0.0000
0.4466,11.3000,0.4078,path,2.0924,5.7200,0.0074,-0.2181,0.3898,0.4966,0.3442,0.3726
0.4992,1.0815,0.0942,lateral,1.3458,7.0400,0.4917,-0.3687,0.3366,0.5928,0.1653,0.0000
0.5479,6.6467,0.2762,combined,1.2577,4.1200,0.5479,-0.5188,0.1762,0.4026,0.2077,0.0000
0.3618,1.4226,0.0602,straight,1.3077,6.7200,0.3618,-0.3616,0.0122,0.4074,0.1661,0.0000
0.8416,34.4816,1.0844,path,2.3310,6.6400,0.0149,0.8363,0.0940,1.6760,1.0108,0.7474
0.4528,14.2208,0.4585,path,1.4208,7.5200,0.0132,0.1733,0.4183,1.5840,0.6546,0.6651
0.0064,2.1382,0.0372,stand,0.0000,5.4600,0.0000,nan,nan,0.1635,0.0333,0.0000
0.6446,1.4850,0.1907,straight,0.4287,5.1000,0.0069,0.6407,0.0709,1.0265,0.4539,0.0000
0.5143,7.1930,0.0520,straight,0.1151,7.0600,0.1133,-0.5000,0.1203,0.2857,0.1154,0.0000
0.4619,8.7949,0.8125,path,2.9043,5.3000,0.0136,-0.4127,0.2074,1.3706,0.5721,0.6847
0.4299,3.1657,0.4914,path,2.8138,6.9800,0.0081,-0.1006,0.4179,0.6722,0.4052,0.4036
0.1007,6.1240,0.4221,path,1.9420,6.4600,0.0062,-0.0731,0.0693,0.9316,0.3658,0.3098
0.3261,10.2061,1.0041,path,4.0441,6.2600,0.0049,-0.2002,0.2574,1.5901,0.8679,0.8016
0.4611,4.7140,0.1141,combined,1.4503,6.0000,0.0968,0.4549,0.0749,1.6136,0.4778,0.0000
0.2906,3.5699,0.1318,turn,0.0000,7.6400,0.0000,nan,nan,0.7202,0.1456,0.0000
0.2613,4.7223,0.7399,path,3.3457,6.3800,0.0152,0.2351,0.1141,1.4547,0.8583,0.7601
0.2702,3.8992,0.4408,path,2.7246,6.9000,0.0081,-0.1801,0.2014,0.6059,0.3980,0.4069
0.4452,10.2103,1.2215,path,3.2781,5.1400,0.0150,-0.0468,0.4428,1.5661,0.8382,0.7523
0.5984,14.7265,0.6665,path,4.1424,5.0400,0.0166,-0.5190,0.2980,1.1746,0.7331,0.8246
0.8868,29.2359,0.4798,path,2.6912,6.3000,0.0081,0.8393,0.2863,1.4357,0.6310,0.4494
0.3040,0.5118,0.5188,path,1.6099,5.1400,0.0102,-0.1078,0.2842,1.1634,0.4472,0.5128
0.5060,5.8162,0.0834,straight,1.4738,5.6200,0.1275,0.5055,0.0226,1.3596,0.4432,0.0000
0.1879,1.9435,0.5113,path,3.0829,5.8800,0.0110,-0.1867,0.0207,0.7740,0.5238,0.5498
0.3008,27.2664,0.6523,path,2.4006,5.7600,0.0007,0.2964,0.0511,1.1182,0.5809,0.5037
0.2934,5.7091,0.5859,path,1.9428,5.4200,0.0072,0.0331,0.2915,0.9552,0.4026,0.3586
0.3722,4.0629,0.0107,combined,1.4271,6.8600,0.3722,-0.3554,0.1107,0.4095,0.1997,0.0000
0.2632,11.0385,0.4653,path,1.2860,4.9400,0.0069,0.0197,0.2624,0.9193,0.4559,0.3478
0.3230,5.6697,0.8329,path,2.2436,5.3600,0.0130,-0.0167,0.3226,1.0902,0.5333,0.6476
0.3087,4.2314,0.0488,turn,0.0000,7.5200,0.0000,nan,nan,0.6071,0.1149,0.0000
0.5186,6.2301,0.0658,combined,2.1256,6.5000,0.5186,-0.4822,0.1910,0.7141,0.3279,0.0000
0.5511,6.9821,0.0583,combined,1.0286,4.2000,0.5398,-0.5117,0.2045,0.3612,0.1478,0.0000
0.3970,0.7042,0.1145,lateral,0.5621,6.1400,0.3890,-0.0687,0.3910,0.3851,0.1377,0.0000
0.6915,20.5337,0.1040,lateral,1.4286,4.2400,0.6915,-0.6913,0.0153,0.4477,0.1842,0.0000
0.2141,4.4729,0.0087,lateral,0.1937,6.0400,0.1798,-0.1932,0.0922,0.2238,0.0917,0.0000
0.4579,0.8923,0.0270,stand,0.0000,4.3800,0.0000,nan,nan,0.7462,0.1521,0.0000
0.3585,1.9677,0.1340,turn,0.0000,5.6200,0.0000,nan,nan,0.5217,0.1122,0.0000
0.2456,1.6851,0.0924,lateral,0.0164,5.1200,0.0164,-0.0352,0.2431,0.2091,0.0899,0.0000
0.7758,6.0924,0.9088,path,2.6384,5.2200,0.0104,-0.5473,0.5498,1.1728,0.4720,0.5173
0.2177,6.0259,0.0745,straight,0.2470,4.8200,0.0136,0.1717,0.1339,0.3614,0.1513,0.0000
0.3627,1.2721,0.3750,path,1.1220,5.8800,0.0109,-0.3252,0.1605,1.0820,0.3289,0.5469
0.4403,2.0530,0.0526,turn,0.0000,5.9400,0.0000,nan,nan,0.2993,0.1102,0.0000
0.3318,8.8083,0.6826,path,1.7027,4.5400,0.0152,-0.2925,0.1567,1.1049,0.6315,0.7595
0.3950,0.3203,0.0375,straight,0.6720,7.3800,0.0859,0.3845,0.0905,1.0809,0.2630,0.0000
0.4285,3.5474,0.0821,turn,0.0000,7.4000,0.0000,nan,nan,0.3322,0.1136,0.0000
0.5151,1.9197,0.9206,path,3.3462,4.6800,0.0145,-0.3929,0.3331,1.3862,0.6585,0.7219
0.5659,9.9031,0.1455,lateral,1.1608,4.1800,0.5659,-0.4536,0.3384,0.4844,0.1955,0.0000
0.0311,6.4074,0.0106,stand,0.0000,6.6800,0.0000,nan,nan,0.2148,0.0360,0.0000
0.2578,4.7340,0.2773,path,1.6751,5.8000,0.0062,-0.1790,0.1856,0.7170,0.3001,0.3080
0.2222,18.8231,0.3672,path,1.9097,7.2200,0.0136,0.2220,0.0086,1.4132,0.6743,0.6782
0.4372,2.1821,0.0934,combined,0.5815,6.5200,0.4234,-0.1676,0.4038,0.6528,0.1494,0.0000
0.4790,4.4662,0.0762,combined,1.9018,7.4400,0.4790,-0.4517,0.1594,0.5428,0.2250,0.0000
0.6512,1.1209,0.0983,straight,0.2967,4.0200,0.0048,0.6512,0.0024,0.9941,0.3316,0.0000
0.3089,2.7863,0.1328,turn,0.0000,7.5000,0.0000,nan,nan,0.4739,0.1192,0.0000
0.4491,2.5079,0.0490,straight,0.6293,7.6400,0.4207,-0.3866,0.2286,0.2523,0.1027,0.0000
0.0228,0.3446,0.0224,stand,0.0000,5.2400,0.0000,nan,nan,0.1363,0.0254,0.0000
0.6624,5.3230,0.2329,straight,1.8767,4.0400,0.1089,0.6610,0.0422,1.7359,0.7891,0.0000
0.3122,3.9858,0.7151,path,0.8832,7.9600,0.0161,-0.1764,0.2576,1.3381,0.7098,0.8033
0.4638,3.3722,0.5225,path,2.2879,4.0200,0.0143,-0.4474,0.1222,1.0966,0.5207,0.7197
0.1229,0.6386,0.9157,path,2.3633,6.4000,0.0076,0.0127,0.1222,1.1591,0.4154,0.3824
0.3455,4.2617,1.0076,path,3.9301,5.5200,0.0148,0.0931,0.3327,1.2868,0.7692,0.7359
0.7162,20.7387,0.3938,path,2.5504,4.6200,0.0111,-0.3716,0.6123,1.6362,0.7356,0.5538
0.1342,1.0257,0.2377,path,1.1725,7.0200,0.0076,-0.0551,0.1224,0.7637,0.3892,0.3782
0.6002,14.6651,0.2484,path,2.3245,7.5000,0.0065,-0.0790,0.5949,1.4196,0.4503,0.3330
0.4833,12.1647,0.0285,lateral,1.3031,4.1400,0.4833,-0.3730,0.3073,0.5564,0.2476,0.0000
0.3673,7.3713,0.6540,path,2.8963,6.0200,0.0098,0.1428,0.3384,1.2237,0.6054,0.4907
0.2076,4.3621,0.5555,path,1.9078,5.9200,0.0065,0.0800,0.1915,0.8597,0.3981,0.3271
0.2520,0.8867,0.8914,path,2.3869,5.1600,0.0095,0.1826,0.1737,1.0609,0.5397,0.4752
0.3454,5.1388,0.0196,lateral,1.3237,7.7800,0.3404,-0.0518,0.3415,0.5074,0.1832,0.0000
0.1039,4.0338,0.2162,path,3.4849,7.5200,0.0097,-0.0793,0.0672,1.2404,0.5810,0.4838
0.1274,8.8921,1.2740,path,6.7186,7.6200,0.0166,0.1123,0.0602,1.6225,0.9707,0.8846
0.1771,8.5794,0.4250,path,2.0119,6.1000,0.0066,-0.0449,0.1713,1.2553,0.4153,0.3302
0.3014,4.1337,0.0240,turn,0.0000,5.2200,0.0000,nan,nan,0.6124,0.1564,0.0000
0.5680,6.6414,0.0109,lateral,1.3880,7.3000,0.5680,-0.2706,0.4995,0.5570,0.1818,0.0000
0.4449,4.2090,0.0502,turn,0.0000,4.3200,0.0000,nan,nan,0.3937,0.1435,0.0000
0.1294,3.1680,0.3489,path,3.0474,7.8600,0.0078,0.0289,0.1262,0.6797,0.4106,0.3880
0.1874,2.7885,1.0281,path,4.0973,6.5600,0.0140,0.1874,0.0012,1.3468,0.7758,0.7009
0.3118,3.0044,0.0930,turn,0.0000,4.7600,0.0000,nan,nan,0.3526,0.1357,0.0000
0.2589,4.2399,0.3860,path,3.5584,7.5800,0.0101,0.0924,0.2418,1.0983,0.5376,0.5042
0.1614,1.5518,0.5170,path,0.9373,7.8200,0.0062,0.1443,0.0723,1.0124,0.3420,0.3118
0.3053,7.6718,0.7082,path,3.8026,5.7400,0.0152,-0.2757,0.1312,1.0664,0.6623,0.7651
0.3713,2.2318,0.0885,lateral,0.8666,5.6800,0.3262,0.1094,0.3549,0.4878,0.1997,0.0000
0.2829,2.0751,0.0762,stand,0.0000,7.3200,0.0000,nan,nan,0.4299,0.0953,0.0000
0.1240,0.1840,0.2952,path,2.5507,6.4800,0.0008,-0.1000,0.0733,0.7932,0.3883,0.3941
0.4643,6.4028,0.0996,combined,0.9319,5.6800,0.4643,0.1005,0.4533,0.7925,0.2539,0.0000
0.1059,28.0486,0.3570,path,1.8131,5.0600,0.0084,-0.1055,0.0092,0.8930,0.3979,0.4209
0.4893,7.7061,0.1539,straight,1.6688,4.9200,0.4893,-0.4863,0.0535,0.5355,0.2627,0.0000
0.5206,4.3560,1.0017,path,2.9609,6.2600,0.0107,0.4783,0.2055,1.2581,0.7970,0.8255
0.5539,6.7002,0.1397,combined,1.2449,4.4200,0.5539,0.2819,0.4768,1.3745,0.5715,0.0000
0.4336,10.5503,0.0342,combined,0.9003,4.7000,0.4330,-0.2691,0.3400,0.4463,0.1745,0.0000
0.3192,4.4439,0.1248,lateral,0.6982,6.4600,0.3100,-0.0263,0.3181,0.4011,0.1436,0.0000
0.3553,7.6709,1.2765,path,3.3672,5.1400,0.0171,-0.3550,0.0132,1.4121,0.7642,0.8555
0.1697,4.7632,0.2274,path,1.6540,4.5000,0.0051,0.1439,0.0900,0.8660,0.5583,0.4829
0.2634,6.0236,0.0997,lateral,0.6220,5.0800,0.2588,-0.0560,0.2574,0.3384,0.1361,0.0000
0.5036,2.0647,0.0606,combined,0.5901,4.5600,0.0232,0.4767,0.1622,0.8843,0.2913,0.0000
0.0288,0.6154,0.0190,stand,0.0000,5.0400,0.0000,nan,nan,0.4523,0.0424,0.0000
0.2922,20.7406,0.1358,path,1.3147,4.8800,0.0022,0.1166,0.2679,1.2368,0.4208,0.3473
0.5779,4.2048,0.9103,path,4.1423,5.8800,0.0154,-0.4051,0.4122,1.2276,0.7210,0.8067
0.2466,2.6303,0.0458,stand,0.0000,7.5800,0.0000,nan,nan,0.4694,0.0804,0.0000
0.1869,6.3584,1.4655,path,2.3565,6.1800,0.0151,-0.1738,0.0689,1.6276,0.8805,0.7502
0.3964,2.7576,0.1296,turn,0.0000,6.9800,0.0000,nan,nan,0.5534,0.1179,0.0000
0.5983,0.2344,0.2744,combined,1.3717,4.2600,0.5983,-0.5979,0.0218,0.6394,0.2334,0.0000
0.2580,8.7507,0.0889,straight,1.4827,6.1800,0.2580,-0.2573,0.0188,0.4823,0.2249,0.0000
0.8519,2.0606,0.6507,path,4.2345,5.4800,0.0160,-0.8202,0.2302,1.2273,0.7034,0.8769
0.5383,10.9357,0.0594,combined,1.4452,5.6800,0.5383,-0.5371,0.0358,0.4007,0.2012,0.0000
0.3921,0.4261,0.3186,path,2.2344,7.0200,0.0064,0.1931,0.3412,0.7256,0.3798,0.3184
0.3373,2.3721,0.8739,path,3.0131,4.1400,0.0145,-0.3167,0.1161,1.0037,0.6927,0.7507
0.2919,3.3250,0.0780,turn,0.0000,6.9000,0.0000,nan,nan,0.5110,0.1077,0.0000
0.1263,8.1912,0.4092,path,1.3111,4.6600,0.0067,0.1247,0.0202,1.1368,0.4511,0.3349
0.0949,4.3512,0.2505,path,1.5243,6.0600,0.0067,0.0911,0.0265,1.1605,0.4853,0.3365
0.4614,17.3961,0.2263,combined,1.4439,5.0000,0.4614,-0.3585,0.2904,0.4918,0.2313,0.0000
0.7195,0.6873,0.9687,path,3.0657,5.2200,0.0121,0.0307,0.7189,1.3525,0.7566,0.6046
0.2537,0.3628,0.4972,path,2.8274,6.8800,0.0025,-0.1940,0.1635,0.8869,0.4106,0.4231
0.4489,0.5116,0.0105,turn,0.0000,6.7200,0.0000,nan,nan,0.3164,0.1306,0.0000
0.2073,1.3495,0.6574,path,2.5748,6.2400,0.0092,-0.1412,0.1518,0.7562,0.4413,0.4611
0.3413,1.6425,0.2144,path,3.2724,7.0600,0.0167,-0.3343,0.0687,1.3698,0.6842,0.8370
0.4904,0.5935,0.1616,straight,1.3580,7.5800,0.4820,-0.4733,0.1283,0.4086,0.1740,0.0000
0.8812,19.6982,0.1619,path,3.2409,7.8800,0.0104,-0.8807,0.0317,0.6617,0.3541,0.5209
0.4009,2.8180,0.3561,path,2.0883,6.4200,0.0071,-0.3150,0.2479,0.7656,0.3580,0.3566
0.3903,5.7987,0.0973,combined,1.0873,6.8000,0.3896,-0.0067,0.3902,0.9932,0.2892,0.0000
0.1084,7.9653,0.1045,path,1.9452,7.4000,0.0128,-0.0586,0.0911,1.5043,0.6587,0.6415
0.4434,4.9016,0.0794,combined,1.7842,7.5000,0.4434,0.0430,0.4413,1.1549,0.3415,0.0000
0.0448,4.0416,0.5454,path,2.3634,6.3200,0.0076,0.0428,0.0134,1.2330,0.4759,0.3812
0.2537,2.0429,0.1010,turn,0.0000,6.2800,0.0000,nan,nan,0.6991,0.1297,0.3167
0.3376,2.9946,0.0972,combined,1.3557,7.0000,0.3349,-0.1563,0.2992,0.5877,0.2290,0.0000
0.0578,3.4217,0.0778,stand,0.0000,7.5400,0.0000,nan,nan,0.1783,0.0889,0.0000
0.2578,4.4702,0.6418,path,2.9427,6.0000,0.0106,-0.1904,0.1739,0.7749,0.5089,0.5316
0.3093,7.9441,1.0149,path,2.8627,5.9200,0.0102,-0.0858,0.2971,1.0022,0.5084,0.5100
0.3416,3.7072,0.0670,lateral,0.7832,6.9600,0.3327,0.0359,0.3398,0.4705,0.1468,0.0000
0.7214,5.1401,0.2850,combined,0.9770,4.0600,0.4362,0.5535,0.4626,1.3675,0.5931,0.0000
0.3028,1.7697,0.0395,combined,1.8663,7.1000,0.3021,-0.2151,0.2131,0.6345,0.2592,0.0000
0.1456,3.6214,0.5166,path,2.5208,4.7800,0.0147,-0.0724,0.1264,1.0479,0.6645,0.7344
0.0401,2.3802,0.0310,stand,0.0000,4.0000,0.0000,nan,nan,0.2563,0.0690,0.0000
0.4207,9.0893,0.3321,path,4.4097,7.6200,0.0050,-0.3958,0.1428,1.5947,0.7889,0.8175
0.4318,3.6303,0.0329,combined,1.7415,6.4600,0.4290,-0.1984,0.3835,0.6807,0.2626,0.0000
0.3716,3.0971,0.0835,straight,1.5272,5.9800,0.3716,-0.3597,0.0933,0.5041,0.2269,0.0000
0.2664,3.9742,0.1473,path,2.6012,7.4400,0.0084,0.2084,0.1660,1.3195,0.5555,0.4194
0.3218,8.8321,0.1568,combined,1.8392,6.8000,0.3218,-0.2653,0.1821,0.5810,0.2469,0.0000
0.4677,1.1843,0.1702,turn,0.0000,7.0600,0.0000,nan,nan,0.4214,0.1179,0.0000
0.6026,15.0207,0.0661,combined,1.4244,5.8800,0.6026,0.0260,0.6020,1.1584,0.3765,0.3435
0.0789,4.0628,0.4317,path,2.1705,5.8200,0.0076,-0.0565,0.0552,0.6653,0.3728,0.3797
0.1917,1.0760,0.0818,straight,1.7243,7.8000,0.1917,-0.1195,0.1499,0.6279,0.2354,0.0000
0.5021,0.7190,0.1041,lateral,0.1978,7.0400,0.1978,0.0385,0.5007,0.2731,0.1157,0.0000
0.6433,7.7518,0.0904,combined,1.7133,7.3800,0.6415,-0.1065,0.6344,0.7309,0.2999,0.0000
0.6389,9.9183,1.1482,path,2.3676,5.9600,0.0161,-0.4664,0.4367,1.4140,0.6757,0.8049
0.4395,6.4949,0.0760,combined,1.4779,6.5600,0.4324,-0.3230,0.2980,0.7047,0.2040,0.0000
0.5675,18.6980,1.1640,path,2.7299,7.2800,0.0160,0.4964,0.2750,1.6734,0.9867,0.8019
0.2094,4.4766,0.0913,turn,0.0000,4.4600,0.0000,nan,nan,0.2484,0.1052,0.0000
0.3318,12.1574,0.3866,combined,1.4770,4.5200,0.3318,-0.2156,0.2522,0.7139,0.3353,0.0000
0.5883,16.2106,0.2376,path,4.0537,6.7400,0.0121,-0.2822,0.5162,1.4656,0.6312,0.6030
0.2398,1.5419,0.2405,path,2.6447,5.5400,0.0096,-0.1434,0.1922,1.6356,0.6590,0.4775
1.1680,18.4142,0.4001,path,2.4987,5.5000,0.0163,-1.0136,0.5804,0.6973,0.3155,0.8144
0.1081,2.4480,0.0395,stand,0.0000,7.3400,0.0000,nan,nan,0.4490,0.0534,0.0000
0.3760,3.2360,0.1689,lateral,1.3619,5.5600,0.3760,-0.1766,0.3319,0.6269,0.2338,0.0000
0.1550,3.4801,0.8855,path,3.0507,4.3400,0.0146,-0.1083,0.1109,1.0567,0.7041,0.7288
0.4673,2.5589,0.0847,combined,0.5436,6.5800,0.4479,-0.4202,0.2046,0.8857,0.1835,0.0000
0.3185,1.0614,0.0723,combined,0.9223,6.9800,0.0342,0.3180,0.0172,1.4327,0.4276,0.0000
0.3026,2.9786,0.0701,straight,1.1664,6.5400,0.3026,-0.2977,0.0539,0.4165,0.1734,0.0000
0.0649,2.6808,0.4949,path,3.2739,7.0200,0.0146,-0.0585,0.0280,1.3309,0.7128,0.7285
0.4016,8.8838,0.1579,lateral,0.2310,5.3400,0.2310,-0.2489,0.3151,0.3139,0.1049,0.0000
0.6433,1.9947,0.5267,path,1.1687,4.2800,0.0184,-0.3727,0.5243,1.0851,0.5055,0.9234
0.9001,11.4883,1.0282,path,5.9918,7.1400,0.0175,0.0271,0.8997,1.3068,0.8843,0.8731
0.3283,2.9422,0.7714,path,0.5951,7.2800,0.0148,-0.2916,0.1508,1.1342,0.6126,0.7379
0.2081,0.4531,0.7143,path,2.6637,4.0200,0.0135,-0.1331,0.1600,0.9477,0.6624,0.6766
0.2069,2.2502,0.4060,path,3.5161,7.1400,0.0106,-0.0692,0.1950,0.7972,0.5185,0.5322
0.2587,23.8824,0.8468,path,1.5470,6.8800,0.0132,-0.0895,0.2427,1.1319,0.7046,0.6627
0.5311,2.4702,1.0098,path,2.2771,5.1800,0.0120,0.2854,0.4479,1.0482,0.6306,0.5995
0.5470,1.7127,0.0769,combined,2.2244,6.8200,0.5470,-0.3998,0.3733,0.7451,0.2754,0.0000
0.3623,0.9434,0.0357,turn,0.0000,5.9400,0.0000,nan,nan,0.4394,0.1104,0.0000
0.5460,4.7017,0.0476,turn,0.0000,5.5800,0.0000,nan,nan,0.8384,0.2003,0.0000
0.3986,8.1233,0.1326,lateral,1.0923,5.5200,0.3919,-0.3783,0.1258,0.4438,0.1556,0.0000
0.4347,4.6612,0.3003,path,1.3652,6.7800,0.0072,-0.3461,0.2629,0.5875,0.2844,0.3624
0.3697,19.0915,0.3841,path,3.4132,6.2600,0.0147,0.1346,0.3443,1.0636,0.6202,0.6994
0.5069,8.7154,0.0773,combined,1.3396,5.2800,0.5027,-0.0838,0.4999,0.8555,0.3209,0.0000
0.3577,1.4300,0.1393,lateral,0.6770,6.4800,0.3577,-0.0290,0.3565,0.3607,0.1449,0.0000
0.3818,6.0787,0.1182,turn,0.0000,4.6000,0.0000,nan,nan,0.4775,0.1426,0.0000
0.4053,6.2427,0.0594,combined,0.4287,4.0000,0.4045,-0.3891,0.1133,0.6460,0.1457,0.0000
0.2976,9.6103,0.1268,path,3.4141,7.3800,0.0113,-0.0735,0.2884,1.4529,0.6630,0.5642
0.3725,6.4481,0.1240,turn,0.0000,7.4800,0.0000,nan,nan,0.2484,0.1081,0.4617
0.2878,8.4561,0.0360,path,3.5063,7.3800,0.0115,-0.2669,0.1078,1.0952,0.4945,0.5763
0.4005,14.3378,0.9597,path,1.5501,6.7200,0.0111,-0.3995,0.0288,1.2733,0.3783,0.5545
0.4027,3.6012,0.1139,combined,1.4497,7.0400,0.4012,-0.4021,0.0222,0.4738,0.1781,0.0000
0.6189,13.5748,0.0949,lateral,1.1825,4.1400,0.6189,-0.4968,0.3689,0.5174,0.2054,0.0000
0.2932,2.3666,0.5578,path,3.3987,5.7000,0.0151,-0.2454,0.1604,1.0066,0.6807,0.7561
0.3745,9.3099,0.4971,path,1.2871,7.5600,0.0169,-0.2788,0.2501,1.1383,0.6322,0.8457
0.6976,7.8690,0.1285,lateral,1.1569,5.4000,0.6976,-0.6050,0.3472,0.3321,0.1387,0.0000
0.3017,3.5317,0.1264,lateral,0.0884,7.1000,0.0878,-0.0832,0.2900,0.2746,0.1016,0.0000
0.5723,10.5867,0.0879,combined,1.4386,5.6600,0.5721,-0.5671,0.0767,0.7525,0.2000,0.0000
0.4850,4.0324,0.6897,path,3.5078,5.4000,0.0135,-0.0875,0.4770,1.0473,0.6776,0.6726
0.3744,0.4257,0.1979,combined,0.9731,7.0000,0.3744,0.1039,0.3597,0.5314,0.2056,0.0000
0.1546,7.5338,0.6432,path,1.6676,5.4400,0.0134,0.1482,0.0441,1.1642,0.6653,0.6698
0.0548,2.7815,0.4405,path,2.1983,6.1800,0.0034,-0.0548,0.0011,1.3662,0.7814,0.8566
0.2082,0.6143,0.1040,combined,0.5729,5.9200,0.1666,0.0000,0.2082,0.3517,0.1302,0.0000
0.4360,13.2437,0.1873,lateral,0.6074,7.6400,0.4138,-0.2687,0.3434,0.2686,0.1002,0.0000
0.5015,9.9568,0.2282,path,1.5471,5.2800,0.0088,0.1739,0.4703,0.9754,0.4274,0.4407
0.3122,4.9174,0.1236,combined,0.5898,6.2800,0.3083,-0.0032,0.3122,0.6816,0.1974,0.0000
0.4181,17.0479,0.4366,path,0.8498,7.5200,0.0112,-0.1074,0.4040,1.6619,0.9102,0.7605
1.0789,7.4312,1.0071,path,4.0262,4.9000,0.0174,-0.9787,0.4540,1.1724,0.6403,0.8688
0.2007,5.3653,0.2491,path,1.4313,4.1200,0.0072,-0.1398,0.1440,1.0618,0.5406,0.3622
0.2436,9.8725,0.5111,path,1.5715,4.1800,0.0113,-0.2232,0.0976,0.8014,0.4664,0.5635
0.4096,0.3421,0.6661,path,2.9355,4.9400,0.0107,0.3925,0.1174,1.4450,0.7476,0.6163
0.2854,2.0470,0.0707,lateral,0.6925,4.1400,0.2830,-0.2090,0.1943,0.3325,0.1467,0.0000
0.4609,7.1304,0.1338,combined,1.7382,5.9800,0.1176,0.4603,0.0233,1.3711,0.4288,0.0000
0.2830,4.7698,1.0877,path,1.9890,5.1800,0.0144,0.2830,0.0057,1.4622,0.8313,0.7164
0.4740,12.1266,1.1784,path,3.2827,6.5000,0.0172,-0.1557,0.4477,1.5585,0.7893,0.8593
0.8835,6.7965,0.7785,path,1.1516,4.7000,0.0127,0.6806,0.5634,1.4447,0.7799,0.6361
0.2318,16.6783,0.9055,path,2.5965,7.3000,0.0074,0.1604,0.1674,1.1066,0.4692,0.3682
0.4398,13.7867,0.2809,path,3.9988,7.0200,0.0163,-0.4327,0.0786,1.1576,0.6669,0.8153
0.4282,6.6470,0.6053,path,1.9412,6.6000,0.0088,-0.2469,0.3498,1.4969,0.5513,0.4410
0.5638,2.9062,0.1125,combined,2.3264,4.8200,0.1007,0.5509,0.1200,1.7992,0.6909,0.0000
0.3538,0.2701,0.2462,lateral,0.9760,4.3400,0.3538,-0.2396,0.2603,0.4594,0.1903,0.0000
0.0861,2.8853,0.2098,path,1.8172,6.0400,0.0061,-0.0852,0.0122,1.0368,0.3354,0.3034
0.4320,6.2542,0.0234,turn,0.0000,4.2400,0.0000,nan,nan,0.3112,0.1382,0.0000
0.3589,0.9873,0.7442,path,4.4277,7.7800,0.0160,-0.0484,0.3557,1.0823,0.7618,0.7990
0.3329,4.3669,0.1201,combined,1.3104,6.4000,0.3311,-0.3313,0.0325,0.4587,0.2109,0.0000
0.4342,7.6082,0.4714,path,4.2496,6.4800,0.0137,-0.3577,0.2462,0.9887,0.6387,0.6834
0.2034,4.1569,0.2222,path,2.7388,6.8200,0.0088,0.2034,0.0003,1.0416,0.4840,0.4417
0.2777,9.6968,0.2261,path,2.1213,6.6800,0.0084,-0.2391,0.1413,1.1604,0.3784,0.4220
0.7118,2.8105,0.4965,path,3.9311,7.7400,0.0117,-0.5655,0.4323,0.7451,0.4674,0.5863
0.1758,6.1926,0.4572,path,2.7271,4.7200,0.0118,-0.1619,0.0685,1.0246,0.5627,0.5880
0.0480,0.4389,0.0442,stand,0.0000,7.8600,0.0000,nan,nan,0.1574,0.0381,0.0000
0.2883,0.5793,0.0732,straight,0.9589,6.7000,0.0106,0.2860,0.0364,1.2715,0.3585,0.0000
0.3355,7.5691,0.0850,path,1.3800,4.1400,0.0067,0.0022,0.3355,1.3042,0.5307,0.3356
0.1055,2.3866,0.2111,path,2.5513,6.6800,0.0082,-0.0856,0.0616,1.0390,0.4586,0.4086
0.3184,2.1245,1.1547,path,5.0484,7.4800,0.0164,0.2171,0.2329,1.6932,0.9304,0.8189
0.3110,2.4197,0.0327,turn,0.0000,4.2600,0.0000,nan,nan,0.4349,0.1104,0.0000
0.5084,0.4920,0.0279,turn,0.0000,7.2000,0.0000,nan,nan,0.6845,0.1311,0.0000
0.2044,2.8952,0.1232,path,1.7690,4.3400,0.0123,-0.2023,0.0290,0.8406,0.4432,0.6129
0.3304,0.4409,0.0651,straight,1.1549,5.7400,0.1081,0.2835,0.1696,1.2378,0.3753,0.0000
0.3271,6.9591,0.1648,lateral,1.4046,6.7800,0.3239,-0.0986,0.3120,0.5875,0.2099,0.0000
0.5167,0.2266,0.0405,combined,2.0580,7.4000,0.5162,0.1996,0.4766,1.6262,0.4521,0.0000
0.1623,1.9267,0.7223,path,3.8481,7.0600,0.0123,-0.0459,0.1557,0.9051,0.6265,0.6138
0.1663,1.6971,0.7480,path,0.8745,5.2800,0.0073,-0.0810,0.1453,0.7414,0.3486,0.3656
0.5969,0.3668,0.1163,straight,1.6218,5.5800,0.1225,0.5891,0.0960,1.6653,0.4984,0.0000
0.0982,0.9240,1.0101,path,3.4767,7.7400,0.0009,0.0884,0.0428,1.1488,0.8554,0.8752
0.6429,2.1365,0.4202,path,0.8309,6.9000,0.0173,-0.2697,0.5836,1.0313,0.5670,0.8673
0.1275,4.2503,0.3766,path,2.5025,7.5600,0.0068,0.0486,0.1179,0.9607,0.3598,0.3381
0.5673,0.3335,0.9375,path,4.0797,6.4400,0.0185,-0.5424,0.1664,1.4128,0.7524,0.9228
0.2214,2.2434,0.0523,combined,0.8758,6.6800,0.2209,-0.1698,0.1421,0.5100,0.1773,0.0000
0.9514,13.1812,0.8376,path,2.6559,7.3600,0.0138,0.9503,0.0452,1.4153,0.8743,0.6886
0.3731,19.4183,0.4364,path,2.3440,5.3600,0.0088,0.0349,0.3715,1.3776,0.6007,0.4382
0.5441,4.8985,0.0276,combined,0.9371,7.7800,0.5344,-0.3447,0.4210,0.4023,0.1329,0.0000
0.7015,23.4790,0.2430,combined,1.9558,4.5600,0.7015,-0.6753,0.1900,0.6290,0.3123,0.0000
0.3993,4.5763,0.0633,lateral,1.0686,7.6600,0.3957,-0.0695,0.3932,0.6185,0.1691,0.0000
0.3605,2.9388,0.4555,path,2.0644,6.4000,0.0102,-0.1306,0.3360,1.1054,0.5246,0.5112
0.4263,21.9685,0.0548,lateral,1.0888,4.4600,0.4258,-0.4199,0.0735,0.4380,0.1813,0.0000
0.3336,4.9277,0.0959,combined,0.6476,6.5400,0.0214,0.2896,0.1657,1.0717,0.3301,0.0000
0.1399,9.0584,1.0525,path,3.3179,5.5000,0.0125,-0.0025,0.1399,1.2264,0.6491,0.6221
0.4645,3.7787,0.0699,lateral,0.2838,6.0800,0.2673,-0.0503,0.4618,0.2714,0.1136,0.0000
0.4000,2.0427,0.0430,combined,1.3243,5.0800,0.0094,0.4000,0.0051,1.2092,0.3618,0.0000
0.3213,16.1018,0.1577,path,2.2949,7.5400,0.0090,0.1676,0.2741,1.1331,0.4941,0.4506
0.3351,1.0555,0.3122,path,2.4194,7.1000,0.0085,-0.3254,0.0803,0.6380,0.3771,0.4267
0.4661,5.2571,0.0374,combined,0.5513,5.9000,0.4499,-0.3361,0.3229,0.3862,0.1020,0.0000
0.2491,0.2774,0.0068,turn,0.0000,5.2200,0.0000,nan,nan,0.6876,0.1313,0.0000
0.0127,2.3627,0.0235,stand,0.0000,6.9000,0.0000,nan,nan,0.2001,0.0358,0.0000
0.4151,12.5341,0.0121,lateral,0.8700,5.4600,0.4119,-0.2764,0.3097,0.4417,0.1514,0.0000
0.4485,2.9514,0.0559,straight,0.4286,7.2400,0.0073,0.4280,0.1338,1.0651,0.3037,0.0000
0.3304,4.9358,0.0263,lateral,0.4113,7.5000,0.3304,-0.2281,0.2390,0.2361,0.0908,0.0000
0.1333,9.9264,0.9272,path,1.3710,4.6600,0.0169,-0.1047,0.0825,1.6790,0.9608,0.8475
0.4792,4.7897,0.0515,turn,0.0000,7.6400,0.0000,nan,nan,0.3609,0.1046,0.0000
0.2708,0.8284,0.1734,straight,0.6039,7.7400,0.0331,0.2696,0.0255,0.9932,0.2927,0.0000
0.5043,6.8760,0.0314,combined,1.9371,6.0600,0.4927,-0.3553,0.3578,0.5951,0.2946,0.0000
0.6635,1.7204,0.6612,path,2.9584,6.2400,0.0187,-0.5840,0.3149,1.0777,0.6591,0.9330
0.1993,3.6756,0.8717,path,3.1601,5.3600,0.0118,-0.1894,0.0620,1.3950,0.6113,0.5895
0.5040,15.8091,0.0467,lateral,0.7629,6.2800,0.4837,-0.2730,0.4237,0.3657,0.1228,0.0000
0.0632,4.8832,0.0079,stand,0.0000,4.3800,0.0000,nan,nan,0.4221,0.0500,0.0000
0.2788,6.6983,0.5095,path,4.9309,6.8800,0.0166,-0.1265,0.2485,1.5897,0.8055,0.8275
0.9503,19.6341,0.2584,path,2.3820,4.0400,0.0135,-0.9007,0.3031,0.8739,0.4364,0.6788
0.1320,1.2620,0.1828,lateral,0.8656,5.5600,0.1243,-0.0077,0.1318,0.5214,0.1683,0.0000
0.4049,4.6132,0.9707,path,3.5276,4.6000,0.0168,-0.2638,0.3071,1.7008,0.8462,0.8406
0.6504,8.1900,0.1373,path,2.5658,4.8600,0.0130,-0.6217,0.1911,0.8387,0.4425,0.6455
0.5143,0.4640,1.1574,path,2.7702,7.4400,0.0128,0.5090,0.0738,1.2340,0.7446,0.6393
0.1555,2.2646,0.8063,path,2.5591,4.5800,0.0154,-0.1251,0.0924,1.2498,0.7399,0.7694
0.8274,26.0043,1.0399,path,3.3236,6.2600,0.0106,0.2816,0.7780,1.4150,0.6721,0.5315
0.5227,0.8653,1.5038,path,4.2340,5.9800,0.0145,-0.3547,0.3839,1.5604,0.6893,0.7217
0.1711,3.1144,0.1364,combined,0.5397,6.1000,0.1698,0.0706,0.1559,0.5316,0.1695,0.0000
0.2315,6.6817,0.0766,combined,0.9316,6.9400,0.2315,-0.1746,0.1520,1.0565,0.2703,0.0000
0.2922,1.7430,0.0914,combined,1.2555,6.7800,0.2906,-0.2882,0.0481,0.4355,0.1884,0.0000
0.7159,3.8040,1.2803,path,3.6703,5.1200,0.0171,-0.6468,0.3070,1.5066,0.7364,0.8565
0.2699,2.2409,0.0742,straight,0.1369,7.2200,0.1349,-0.2249,0.1493,0.1719,0.0707,0.0000
0.0769,11.2670,0.6070,path,1.5354,5.6800,0.0043,0.0708,0.0301,0.9003,0.5797,0.5076
0.0063,0.2644,0.0528,stand,0.0000,7.9800,0.0000,nan,nan,0.1661,0.0448,0.0000
0.4130,10.4052,0.0861,combined,1.8750,7.2000,0.4130,-0.3556,0.2101,0.6716,0.2352,0.0000
0.4602,2.9490,0.0660,straight,1.1208,4.7600,0.4602,-0.4356,0.1484,0.3903,0.1765,0.0000
0.2860,7.6103,0.2975,path,3.3003,5.6000,0.0086,0.2523,0.1346,1.4368,0.6839,0.6606
0.3399,0.7170,0.2067,turn,0.0000,5.1200,0.0000,nan,nan,0.2218,0.0989,0.0000
0.3206,0.5761,0.0414,combined,0.7207,7.7200,0.3206,0.0597,0.3150,0.8482,0.2625,0.0000
0.3613,3.4963,0.9956,path,4.6769,7.3600,0.0153,0.2049,0.2976,1.3834,0.8601,0.7633
0.4052,6.0265,1.2119,path,2.3654,6.1800,0.0112,0.0209,0.4047,1.6051,0.7972,0.5591
0.4468,3.6951,0.1593,combined,0.2110,6.6200,0.1684,0.1183,0.4309,0.3923,0.1303,0.0000
0.4892,7.6395,0.1843,straight,0.3285,4.9600,0.3284,-0.3091,0.3791,0.2732,0.1003,0.0000
0.3824,0.1660,0.7220,path,2.3420,5.0400,0.0046,-0.1295,0.3598,1.3974,0.5782,0.5603
0.3768,7.4466,0.6970,path,2.0928,4.6000,0.0104,-0.0628,0.3715,1.1895,0.6457,0.5227
0.1896,7.1462,0.5043,path,1.2769,5.2800,0.0096,-0.0409,0.1852,1.1783,0.5804,0.4815
0.1797,1.3814,0.9896,path,4.1754,5.5200,0.0172,0.1541,0.0924,1.4903,0.9616,0.8550
0.6576,5.2813,0.8333,path,2.8701,5.5600,0.0132,-0.6550,0.0589,1.2462,0.6025,0.6619
0.1129,4.1376,0.0079,stand,0.0000,4.2000,0.0000,nan,nan,0.3406,0.0516,0.0000
0.0814,3.6458,0.7513,path,3.9367,7.3400,0.0045,0.0373,0.0724,1.2729,0.7834,0.8075
0.4811,3.4017,0.5455,path,1.1809,6.7400,0.0141,-0.4420,0.1901,1.3979,0.6928,0.7045
0.6829,15.1386,0.1143,combined,1.8680,4.1000,0.6279,-0.0266,0.6824,1.1802,0.5427,0.0000
0.4391,2.8324,0.0645,turn,0.0000,4.0000,0.0000,nan,nan,0.6727,0.2375,0.0000
0.9011,6.0352,0.8646,path,3.5677,4.0400,0.0200,-0.8520,0.2933,1.1277,0.6894,0.9950
0.3963,1.0617,0.2077,straight,0.1207,4.0600,0.1157,-0.3935,0.0472,0.3403,0.1307,0.4080
0.3786,6.6814,0.0173,path,1.9312,4.0800,0.0144,-0.3771,0.0346,1.2913,0.5457,0.7202
0.4126,8.8911,0.5836,path,1.6389,4.0800,0.0107,-0.4073,0.0656,0.8316,0.4611,0.5329
0.2139,4.3348,0.7564,path,1.6920,4.1400,0.0083,-0.0642,0.2040,0.9612,0.4409,0.4142
0.2554,0.0385,0.3761,path,1.9681,4.1600,0.0095,-0.1566,0.2018,1.1202,0.4751,0.4737
0.4949,14.3207,0.1185,combined,1.6239,4.1800,0.4949,-0.4800,0.1208,0.6444,0.3062,0.6224
0.5042,5.8326,0.0558,combined,0.6644,4.2200,0.3975,0.2317,0.4478,0.8842,0.2980,0.6745
0.0473,10.7048,0.3942,path,1.5740,4.2200,0.0078,-0.0472,0.0025,0.7481,0.3720,0.3919
0.6017,16.8541,0.0489,lateral,1.3084,4.2400,0.6017,-0.5695,0.1941,0.4872,0.2119,0.8800
0.2312,4.0533,0.6476,path,1.3624,4.2600,0.0076,0.0344,0.2286,1.1345,0.4685,0.3778
0.4588,9.9016,0.1229,straight,1.9886,4.2600,0.2567,0.4042,0.2169,1.4522,0.6441,0.0000
0.7877,7.3024,1.3945,path,1.8144,4.2800,0.0167,0.2855,0.7342,1.5371,0.8406,0.8351
0.6675,8.6584,0.4053,path,3.2347,4.2800,0.0193,-0.6653,0.0532,1.5869,0.7609,0.9725
0.9158,20.0339,0.2308,combined,2.0813,4.2800,0.9158,-0.8272,0.3929,0.7439,0.4453,0.0000
0.1743,0.2778,1.0071,path,1.0101,4.3000,0.0197,0.1743,0.0019,1.3328,0.8701,0.9841
0.0841,10.5633,0.2758,path,2.7308,4.3000,0.0132,-0.0671,0.0506,1.3238,0.7006,0.6593
0.3970,1.9534,0.0876,turn,0.0000,4.3000,0.0000,nan,nan,0.3367,0.1264,0.0000
0.1346,8.8343,0.5445,path,1.9235,4.3200,0.0097,-0.0909,0.0993,0.9774,0.4583,0.4681
0.4612,1.8164,0.1804,combined,0.3581,4.3200,0.3495,-0.4469,0.1138,0.3664,0.1223,0.6538
0.4183,4.1759,0.1104,turn,0.0000,4.3400,0.0000,nan,nan,0.7928,0.1458,0.3998
0.1751,4.7426,0.3010,path,1.6457,4.3600,0.0077,-0.0880,0.1514,0.5478,0.3568,0.3845
0.3294,6.6223,0.9573,path,2.2505,4.3800,0.0117,-0.2838,0.1672,1.0193,0.5303,0.5856
0.2657,4.6930,0.0956,lateral,0.2178,4.4600,0.2178,-0.0095,0.2655,0.3697,0.1306,0.0000
0.9315,0.4699,0.7531,path,4.0936,4.5000,0.0201,-0.9092,0.2023,1.2086,0.7131,1.0064
0.1159,4.3997,0.0275,stand,0.0000,4.5000,0.0000,nan,nan,0.3433,0.0701,0.0000
0.5578,3.1809,0.7240,path,2.6555,4.5400,0.0177,-0.5129,0.2192,1.1529,0.6053,0.8844
0.4665,4.6943,0.2116,combined,1.7977,4.5400,0.0338,0.4665,0.0002,1.7399,0.7040,0.0000
0.0632,6.0340,0.6688,path,3.6310,4.5600,0.0167,0.0061,0.0629,1.4474,0.8400,0.8342
0.5721,0.3283,0.0257,combined,0.3878,4.5600,0.3732,-0.4956,0.2857,0.3011,0.1234,0.6951
0.4335,5.5231,0.0417,lateral,0.1272,4.6200,0.0617,-0.1114,0.4190,0.3919,0.1478,0.6307
0.3080,9.4110,0.7607,path,2.5192,4.6400,0.0132,-0.2616,0.1626,1.1277,0.5337,0.6619
0.4616,2.8875,0.1115,turn,0.0000,4.6400,0.0000,nan,nan,0.9937,0.3252,0.3138
0.2812,11.9047,0.2837,path,2.4848,4.7000,0.0122,-0.2124,0.1842,1.0891,0.5649,0.6121
0.4094,3.5483,0.1049,straight,0.7654,4.7600,0.4094,-0.4094,0.0030,0.3224,0.1270,0.0000
0.3038,3.4348,0.9303,path,1.1858,4.7600,0.0189,-0.1960,0.2321,1.0639,0.6828,0.9449
0.3791,1.8640,0.1445,turn,0.0000,4.7800,0.0000,nan,nan,0.7439,0.1598,0.3853
0.6230,5.5514,0.6800,path,2.8407,4.7800,0.0188,-0.5682,0.2556,1.4688,0.6996,0.9397
0.4266,0.5105,0.0080,turn,0.0000,4.8000,0.0000,nan,nan,0.7417,0.1504,0.0000
0.0974,2.1071,0.4388,path,1.4171,4.8400,0.0061,-0.0005,0.0974,0.7082,0.3248,0.3064
0.5652,27.4011,0.2317,combined,1.6703,4.8400,0.5652,-0.5598,0.0779,0.6397,0.2993,0.0000
0.2419,2.3788,0.0885,turn,0.0000,4.8600,0.0000,nan,nan,0.5044,0.1281,0.8749
0.3085,0.7729,0.0917,turn,0.0000,4.8800,0.0000,nan,nan,0.3758,0.1190,0.5939
0.7751,0.3318,0.3132,turn,0.0000,4.9000,0.0000,nan,nan,0.7636,0.3675,0.0000
0.6937,14.7078,0.1004,combined,1.5948,4.9000,0.6937,-0.5842,0.3742,0.6626,0.2945,0.0000
0.4676,12.4659,0.8658,path,2.4890,4.9200,0.0121,-0.1651,0.4375,1.2440,0.5747,0.6045
0.2245,11.1001,0.3202,path,1.3645,4.9200,0.0065,0.0173,0.2238,0.8522,0.3602,0.3240
0.4338,3.0038,1.2020,path,2.5500,4.9400,0.0143,-0.3176,0.2955,1.3165,0.6281,0.7172
0.3109,2.9031,0.0539,combined,0.6770,4.9400,0.3073,-0.0897,0.2977,0.3582,0.1471,0.7092
0.5210,28.4069,0.5674,path,1.8430,4.9600,0.0086,0.0515,0.5185,1.3048,0.5349,0.4287
0.4391,4.4781,0.0123,lateral,0.2343,4.9800,0.2053,-0.0261,0.4383,0.3747,0.1374,0.8279
0.5240,13.0895,1.1701,path,2.7082,5.0000,0.0199,0.4193,0.3142,1.5662,0.9885,0.9916
0.4779,0.7479,0.1205,straight,1.7467,5.0200,0.4779,-0.4697,0.0880,0.5779,0.3117,0.5930
0.4731,0.6243,1.0332,path,1.8229,5.0200,0.0114,0.1197,0.4577,1.1310,0.6433,0.5724
0.1091,2.8767,0.4742,path,1.4098,5.0400,0.0071,-0.0744,0.0798,0.8322,0.3728,0.3559
0.3639,1.2502,0.1649,straight,1.2039,5.0600,0.3613,-0.3186,0.1759,0.3899,0.2074,0.7976
0.4437,3.8276,0.0720,lateral,0.3591,5.0800,0.3442,-0.2919,0.3342,0.2988,0.1351,0.0000
0.6689,11.8513,0.1481,path,2.6046,5.1400,0.0119,-0.6549,0.1362,1.0387,0.4434,0.5971
0.3765,2.3584,0.1130,turn,0.0000,5.1600,0.0000,nan,nan,0.6381,0.1650,0.0000
0.4460,2.1045,0.0469,turn,0.0000,5.1800,0.0000,nan,nan,0.6039,0.1908,0.4433
0.2238,7.4783,0.0126,stand,0.0000,5.2000,0.0000,nan,nan,0.3943,0.0800,0.0000
0.4902,3.5119,0.0341,straight,0.0811,5.2000,0.0004,0.4862,0.0621,0.5260,0.1672,0.0000
0.1500,5.1812,0.1389,lateral,1.0789,5.2200,0.1500,-0.0744,0.1302,0.5580,0.2168,0.8818
0.2523,6.1000,0.1396,lateral,0.4465,5.2600,0.2146,0.0510,0.2470,0.3500,0.1255,0.0000
0.2497,2.3319,0.1031,turn,0.0000,5.2800,0.0000,nan,nan,0.4657,0.1254,0.0000
0.3190,2.8806,0.1280,straight,1.7376,5.2800,0.0687,0.3062,0.0897,1.4483,0.5232,0.6089
0.6596,2.1975,0.1044,straight,0.8975,5.3000,0.0431,0.6566,0.0621,1.4934,0.5085,0.5547
0.5043,2.3922,1.2775,path,0.1101,5.3000,0.0195,-0.2859,0.4155,1.2516,0.6251,0.9779
0.4909,3.2835,0.0532,straight,1.0380,5.3600,0.0440,0.4862,0.0678,1.2009,0.3972,0.0000
0.3350,2.8563,0.4954,path,2.0578,5.3600,0.0079,-0.2458,0.2277,0.7840,0.3717,0.3926
0.4731,0.5911,0.1212,turn,0.0000,5.3600,0.0000,nan,nan,0.3312,0.1241,0.0000
0.3232,5.1923,0.1779,straight,0.6639,5.3800,0.3141,-0.3016,0.1161,0.3419,0.1423,0.0000
0.1845,8.2116,0.2483,path,1.6679,5.4200,0.0062,0.0314,0.1818,0.5527,0.3442,0.3105
0.6394,11.1973,0.1253,combined,1.2222,5.4200,0.6394,-0.6015,0.2170,0.5706,0.2277,0.0000
0.1440,4.0724,0.7275,path,1.4347,5.4200,0.0088,-0.0816,0.1186,1.1893,0.6666,0.8013
0.4069,0.8262,0.0462,turn,0.0000,5.4400,0.0000,nan,nan,0.5452,0.1628,0.0000
0.1443,3.8870,0.9480,path,2.7497,5.4400,0.0198,0.0077,0.1441,1.4029,0.8801,0.9915
0.6121,5.8874,0.7645,path,4.1969,5.4400,0.0169,-0.6106,0.0438,1.0159,0.7113,0.8467
0.2979,1.6233,0.0425,straight,0.0679,5.4800,0.0679,-0.2702,0.1255,0.4843,0.1318,0.0000
0.0075,1.5900,0.0081,stand,0.0000,5.5200,0.0000,nan,nan,0.1147,0.0276,0.8888
0.1544,13.4257,0.3810,path,1.4789,5.5200,0.0061,-0.1533,0.0186,0.7283,0.2847,0.3061
0.2559,3.4005,0.7794,path,0.2845,5.5200,0.0162,-0.2399,0.0891,1.1434,0.6012,0.8088
0.1761,2.2419,1.2364,path,2.5615,5.5400,0.0127,0.1679,0.0531,1.3611,0.7319,0.6342
0.4505,9.4896,0.2819,path,2.5536,5.6600,0.0093,-0.1217,0.4338,0.6468,0.4206,0.4668
0.1605,2.0949,0.9079,path,0.8282,5.6600,0.0118,-0.0721,0.1434,1.2140,0.6995,0.5874
0.1926,7.6279,0.5335,path,2.1280,5.6600,0.0082,0.0349,0.1894,0.8701,0.4434,0.4098
0.2382,2.4294,0.7701,path,1.0137,5.6800,0.0048,0.0331,0.2359,1.3344,0.6257,0.6233
0.0862,6.8936,0.5687,path,2.2584,5.6800,0.0063,-0.0423,0.0751,1.1255,0.4093,0.3974
0.5362,4.6360,0.1290,lateral,0.4152,5.7000,0.2894,0.2805,0.4570,0.4777,0.1910,0.6125
0.0450,12.5518,0.3076,path,1.9046,5.7000,0.0068,-0.0449,0.0029,0.6135,0.3510,0.3423
0.4052,10.0961,0.7923,path,2.5859,5.7200,0.0133,0.3445,0.2132,1.3322,0.8198,0.6671
0.4753,6.9232,0.0425,turn,0.0000,5.7200,0.0000,nan,nan,0.5948,0.1405,0.4260
0.2440,11.3013,0.7504,path,2.2637,5.7200,0.0094,-0.1815,0.1630,0.8749,0.5094,0.4724
0.4839,8.1156,0.7237,path,1.5039,5.7400,0.0094,0.3790,0.3008,1.1595,0.6261,0.4719
0.4362,4.5308,0.9583,path,3.4455,5.7400,0.0188,-0.4100,0.1488,1.0944,0.7368,0.9449
0.0351,1.2601,0.0199,stand,0.0000,5.8200,0.0000,nan,nan,0.3208,0.0524,0.4726
0.4422,5.7251,0.0857,turn,0.0000,5.8200,0.0000,nan,nan,0.7427,0.1405,0.4410
0.1388,6.1527,0.5577,path,0.4958,5.8400,0.0094,0.0803,0.1132,1.0357,0.5521,0.6314
0.4982,6.9500,0.2814,lateral,1.0240,5.8400,0.4982,-0.3591,0.3454,0.4533,0.1500,0.8112
1.0846,1.1532,0.4609,path,3.4919,5.8600,0.0197,-1.0210,0.3657,1.1489,0.6794,0.9826
0.2105,2.7652,0.4682,path,2.1723,5.8600,0.0075,-0.1604,0.1363,0.8590,0.4324,0.3703
0.4907,11.0519,0.1306,combined,0.9362,5.8800,0.4886,-0.4725,0.1325,0.4209,0.1341,0.0000
0.5897,21.7438,0.0628,lateral,1.1486,5.0800,0.5878,-0.5137,0.2896,0.5870,0.1950,0.5247
0.4274,6.0275,0.1204,straight,0.0761,5.9600,0.0466,-0.3633,0.2251,0.4507,0.1326,0.0000
0.3018,2.1587,0.0641,turn,0.0000,6.0000,0.0000,nan,nan,0.8017,0.2113,0.5239
0.5329,0.7236,0.0085,straight,0.2230,6.0200,0.0268,0.5173,0.1278,0.7645,0.2049,0.0000
0.3306,1.7872,0.0620,combined,0.3924,6.0200,0.3213,-0.1038,0.3139,0.4669,0.1340,0.0000
0.5760,10.2489,1.6857,path,0.9841,6.0200,0.0183,0.5163,0.2554,1.7408,1.1840,0.9126
0.5291,10.2770,0.0235,turn,0.0000,5.1400,0.0000,nan,nan,0.5978,0.1565,0.3435
0.9750,16.4409,0.2383,path,1.9452,6.0400,0.0166,-0.7838,0.5798,0.7156,0.3854,0.8291
0.2850,7.2422,0.1006,turn,0.0000,6.0600,0.0000,nan,nan,0.4168,0.1126,0.5999
0.1147,2.3228,0.0256,stand,0.0000,6.0800,0.0000,nan,nan,0.1552,0.0603,0.0000
0.2988,3.4144,0.1597,turn,0.0000,6.1000,0.0000,nan,nan,0.6383,0.1103,0.7014
0.1145,11.2787,0.0212,stand,0.0000,5.3000,0.0000,nan,nan,0.2701,0.0442,0.7815
0.4549,6.6552,0.9519,path,4.3920,5.3000,0.0175,-0.2716,0.3650,1.3873,0.8374,0.8736
0.5454,2.6351,0.0505,straight,1.6669,6.1400,0.5454,-0.5362,0.0996,0.5241,0.2216,0.5606
0.4400,5.7421,0.1548,lateral,0.8489,6.1400,0.4200,-0.1726,0.4047,0.3974,0.1391,0.3804
0.4714,8.7703,0.5853,path,2.5988,6.1400,0.0090,0.2737,0.3838,1.0659,0.5087,0.4500
0.4634,8.1084,0.9303,path,4.1438,6.1800,0.0146,-0.3531,0.3001,1.0674,0.6921,0.7308
0.4007,3.0317,0.1106,straight,0.3189,6.1800,0.2093,-0.3746,0.1424,0.4578,0.1188,0.5081
0.4270,4.1821,1.0446,path,3.2481,6.1800,0.0036,-0.3506,0.2438,1.5527,0.8966,1.0024
0.3077,10.8478,0.6906,path,1.5278,6.2000,0.0089,0.1689,0.2572,1.0102,0.5674,0.4467
0.2448,0.0899,1.0332,path,2.2646,5.5400,0.0186,-0.2448,0.0023,1.3500,0.7817,0.9318
0.4153,13.2227,0.1068,turn,0.0000,6.2400,0.0000,nan,nan,0.7014,0.1534,0.8995
0.2143,9.6349,0.1078,turn,0.0000,6.2600,0.0000,nan,nan,0.3874,0.1105,0.0000
0.0769,10.3407,0.8852,path,1.1425,6.2600,0.0178,0.0020,0.0769,1.3519,0.8514,0.8920
0.6674,13.9948,0.0817,path,2.7005,6.2800,0.0093,-0.5469,0.3826,0.6739,0.3552,0.4624
0.3726,1.4211,0.1005,lateral,0.8431,6.2800,0.3726,-0.1581,0.3374,0.6389,0.2040,0.3482
0.4251,9.7340,0.2643,path,2.9613,6.3000,0.0140,-0.3992,0.1463,1.2292,0.5679,0.7012
0.1312,4.8085,0.3924,path,2.2644,6.3200,0.0073,-0.0310,0.1275,0.5896,0.3776,0.3637
0.1936,9.4949,0.1814,path,3.5199,6.3400,0.0141,-0.1932,0.0125,1.2133,0.6494,0.7055
0.7082,5.8366,1.0648,path,1.6825,6.3400,0.0107,0.6949,0.1367,1.3454,0.7990,0.5374
0.2117,0.0377,0.8198,path,4.0419,6.3400,0.0194,-0.1976,0.0759,1.4744,0.9187,0.9693
0.4616,7.6376,0.1049,combined,1.0502,6.3400,0.4496,-0.3166,0.3359,0.3822,0.1413,0.5211
0.2720,2.8318,0.3850,path,2.8904,6.3600,0.0092,0.1778,0.2059,1.0177,0.5355,0.4596
0.4703,8.4617,0.1558,combined,1.6390,6.3600,0.4703,-0.2987,0.3633,1.0261,0.2336,0.0000
0.2426,6.3831,0.1467,path,1.4931,6.3600,0.0103,-0.2060,0.1283,0.7296,0.3660,0.5143
0.2836,4.2247,1.1550,path,4.5086,6.3800,0.0158,-0.2417,0.1484,1.5485,0.8300,0.7925
0.0155,1.2276,0.0284,stand,0.0000,6.4000,0.0000,nan,nan,0.2458,0.0445,0.0000
0.3150,2.9771,0.1217,combined,0.7080,6.4000,0.3136,-0.0581,0.3096,0.6201,0.1630,0.5010
0.1856,5.0073,0.4290,path,3.9734,6.4000,0.0129,-0.1824,0.0341,1.2805,0.6261,0.6467
0.2022,3.1689,1.1198,path,1.8651,6.4000,0.0123,0.1649,0.1169,1.1579,0.7223,0.6108
0.0894,8.6546,1.1443,path,1.0092,6.4200,0.0178,0.0873,0.0193,1.2424,0.8137,0.8943
0.5115,2.3853,0.0180,turn,0.0000,6.4200,0.0000,nan,nan,0.6191,0.1255,0.0000
0.4170,12.3595,0.4572,path,2.8808,6.4200,0.0103,0.2898,0.2999,1.0662,0.5908,0.5176
0.0747,2.0107,0.0281,stand,0.0000,6.4400,0.0000,nan,nan,0.2372,0.0728,0.0000
0.0363,3.9637,0.0176,stand,0.0000,6.4600,0.0000,nan,nan,0.1587,0.0313,0.0000
0.0862,2.5977,0.2767,path,4.2484,6.4600,0.0031,0.0477,0.0718,1.4377,0.7076,0.6983
0.1965,12.5553,0.3436,path,3.1414,6.4800,0.0097,-0.0101,0.1963,1.2198,0.5860,0.5957
0.6390,5.3514,0.0405,combined,0.4852,6.5000,0.4790,-0.0390,0.6379,0.6709,0.1670,0.4964
0.5480,0.4396,0.2033,turn,0.0000,6.5200,0.0000,nan,nan,0.7959,0.1612,0.0000
0.3481,8.2674,0.1740,combined,1.9997,6.5200,0.3481,-0.1114,0.3297,1.3142,0.3819,0.7059
0.3502,7.4460,0.6552,path,3.0398,6.5400,0.0094,-0.1699,0.3062,0.7824,0.4672,0.4672
0.5780,10.3102,0.1632,combined,1.3484,6.5600,0.5780,-0.2241,0.5328,1.1580,0.2865,0.0000
0.4787,7.2263,0.0620,combined,1.4492,6.5600,0.4787,-0.4082,0.2501,0.4892,0.2256,0.0000
0.3802,10.7541,0.1099,turn,0.0000,6.5600,0.0000,nan,nan,0.6437,0.1565,0.6568
0.2809,4.9502,0.0174,lateral,0.7922,6.5800,0.2809,-0.2031,0.1940,0.4411,0.1271,0.0000
0.3869,10.0376,0.6525,path,2.1715,5.7800,0.0020,0.2953,0.2500,1.3346,0.7320,0.6297
0.9471,10.4544,0.1224,path,0.2163,6.6400,0.0174,-0.4727,0.8208,1.1592,0.3568,0.8726
0.2090,8.3260,0.9437,path,3.7391,4.1600,0.0190,-0.1386,0.1564,1.4843,0.9006,0.9485
0.2901,1.2778,0.0500,lateral,0.6062,6.7000,0.2901,-0.2231,0.1854,0.3907,0.1192,0.0000
0.5420,10.2068,0.1759,combined,2.1481,6.7000,0.5420,0.1465,0.5218,1.6751,0.5959,0.7935
0.1865,4.1824,0.9484,path,1.4581,6.7200,0.0064,0.0999,0.1575,1.1181,0.6542,0.7357
0.3450,2.9534,0.2052,path,2.7806,6.7200,0.0086,0.2631,0.2233,1.0810,0.4930,0.4280
0.3460,3.0209,0.0410,lateral,0.5270,6.7200,0.3453,-0.0875,0.3348,0.2933,0.1200,0.0000
0.3956,3.3054,0.0727,straight,1.3012,6.7600,0.1379,0.3927,0.0478,1.3463,0.3547,0.0000
0.3785,0.7740,0.1748,turn,0.0000,6.7800,0.0000,nan,nan,0.5065,0.1248,0.0000
0.2585,8.1681,0.1920,path,3.0786,6.7800,0.0095,0.2442,0.0847,1.0005,0.5435,0.4774
0.3150,3.1738,0.0794,turn,0.0000,6.7800,0.0000,nan,nan,0.4193,0.1093,0.7493
0.2944,1.7938,0.1161,turn,0.0000,6.7800,0.0000,nan,nan,0.6987,0.1244,0.3971
0.4331,21.5308,0.3310,path,2.1302,6.8400,0.0086,0.4189,0.1099,1.0245,0.5101,0.4323
0.3843,11.3713,0.0679,combined,1.5869,6.8600,0.3821,-0.3582,0.1390,0.5404,0.2455,0.0000
0.4381,2.7415,0.2131,path,2.8046,6.8600,0.0088,-0.3589,0.2512,0.6604,0.3984,0.4391
0.0875,6.4836,0.3064,path,2.0849,6.8600,0.0010,-0.0436,0.0759,0.6979,0.3762,0.3611
0.3770,1.9495,0.5241,path,0.6141,6.8600,0.0176,-0.3766,0.0165,0.9707,0.5349,0.8785
0.3383,10.5569,0.9424,path,1.3019,6.8600,0.0198,0.0624,0.3325,1.5497,0.9517,0.9902
0.3906,0.3100,0.0991,turn,0.0000,6.9000,0.0000,nan,nan,0.8961,0.1705,0.0000
0.5017,3.2379,0.1033,combined,1.7271,6.9200,0.4987,0.0558,0.4986,0.7708,0.2797,0.0000
0.8009,8.5485,1.2423,path,4.0250,6.9200,0.0193,-0.7993,0.0501,1.4404,0.7991,0.9631
0.3408,0.3859,0.0676,straight,0.1650,6.9400,0.0650,0.3339,0.0685,0.5182,0.1510,0.0000
0.0365,3.1028,0.0241,stand,0.0000,6.9400,0.0000,nan,nan,0.1444,0.0437,0.6219
0.2203,2.9906,0.0448,lateral,0.4376,6.9600,0.2092,-0.2068,0.0759,0.3597,0.1171,0.4628
1.0583,3.5327,0.8162,path,1.1036,6.9800,0.0187,-0.7196,0.7761,1.2564,0.4670,0.9326
0.4559,5.3089,0.0345,combined,1.7380,7.0000,0.3453,0.3076,0.3365,1.6849,0.3961,0.8049
0.3922,2.2924,0.2030,lateral,1.1253,7.0000,0.3922,-0.1711,0.3529,0.6099,0.1771,0.3281
0.3435,1.0169,0.1805,straight,0.2264,7.0200,0.0307,0.3337,0.0814,0.3973,0.1492,0.0000
0.5942,10.9090,1.0513,path,2.7191,7.0200,0.0169,0.5938,0.0212,1.3194,0.8955,0.8498
0.3909,0.9162,0.0626,combined,1.8117,7.0600,0.2283,0.3706,0.1243,1.7227,0.5287,0.3076
0.7394,2.4829,1.1048,path,0.3755,7.0600,0.0065,-0.3094,0.6715,1.3529,0.6984,0.9484
0.2777,6.7372,0.2398,path,1.8653,7.0800,0.0066,-0.2437,0.1332,0.6035,0.2996,0.3286
0.3448,14.5859,0.1068,lateral,1.1935,7.0800,0.3400,-0.2183,0.2669,0.4088,0.1720,0.0000
0.4408,4.0136,0.0590,combined,1.0642,7.0800,0.4408,-0.4217,0.1283,0.3751,0.1533,0.3156
0.3170,25.1064,0.3495,path,2.3091,7.1200,0.0195,-0.3139,0.0446,1.4725,0.9023,0.9700
0.0693,3.2386,0.0134,stand,0.0000,5.8000,0.0000,nan,nan,0.2543,0.0445,0.4617
0.1299,8.9030,0.3278,path,1.7108,7.1400,0.0158,0.1014,0.0812,1.4345,0.7470,0.7915
0.4505,4.4041,0.0562,lateral,1.1203,7.1800,0.4505,-0.0162,0.4502,0.4928,0.1791,0.0000
0.1172,2.0451,0.5951,path,3.4746,7.1800,0.0102,0.1105,0.0389,1.0472,0.5397,0.5086
0.1577,1.1645,0.7360,path,2.2826,7.2000,0.0135,0.1243,0.0969,1.4149,0.7635,0.7635
0.3757,16.5355,0.0569,path,3.4920,7.2200,0.0097,-0.0094,0.3756,1.0592,0.5080,0.4837
0.4637,0.6439,0.0838,turn,0.0000,7.2400,0.0000,nan,nan,0.6895,0.1197,0.6390
0.4871,14.5842,0.7353,path,0.4890,7.2600,0.0151,-0.4638,0.1490,1.0869,0.6172,0.7555
0.1929,10.2468,1.1402,path,5.4286,7.2600,0.0168,-0.1919,0.0201,1.4707,0.8101,0.8391
0.3083,11.3203,0.2900,path,2.1160,7.2600,0.0063,0.2977,0.0801,0.8779,0.3954,0.3164
0.4460,5.7622,0.0014,stand,0.0000,7.2600,0.0000,nan,nan,0.7592,0.0902,0.8945
0.6147,6.3314,1.1917,path,5.1186,7.2600,0.0178,-0.2206,0.5737,1.4034,0.8367,0.8927
0.4708,0.0059,0.1310,lateral,1.3337,7.2800,0.4615,-0.1436,0.4483,0.5816,0.1959,0.3958
0.2956,1.3315,1.4184,path,4.0049,7.3000,0.0115,0.2954,0.0124,1.4042,0.6484,0.5764
0.2337,1.0538,0.1061,turn,0.0000,7.3000,0.0000,nan,nan,0.4971,0.1158,0.6244
0.2841,2.1353,0.1112,combined,1.1343,7.3000,0.2841,0.2697,0.0891,1.3261,0.3127,0.0000
0.8742,13.5969,1.3048,path,3.0916,7.3000,0.0179,0.8641,0.1327,1.6964,1.1110,0.8971
0.3328,3.7094,0.1621,lateral,0.9080,7.3400,0.3328,-0.0925,0.3197,0.4648,0.1536,0.0000
0.4000,1.7582,0.0110,turn,0.0000,7.3400,0.0000,nan,nan,0.4016,0.1069,0.0000
0.3569,1.8979,1.0332,path,1.7239,7.3400,0.0190,-0.3525,0.0559,1.3303,0.8714,0.9524
0.2976,8.4071,0.1079,lateral,0.3088,7.3600,0.2976,-0.1534,0.2550,0.7694,0.2031,0.7158
0.0348,3.6394,0.1882,path,2.3554,7.3800,0.0083,0.0307,0.0165,0.9974,0.4613,0.4138
0.3744,2.1073,0.1184,straight,1.5260,7.4000,0.2119,0.3506,0.1312,1.4622,0.3930,0.7150
0.3846,3.9017,0.3475,path,3.1742,7.4200,0.0179,-0.3743,0.0884,1.5025,0.7528,0.8923
0.2698,4.3182,0.0260,lateral,0.7262,7.4800,0.2249,-0.1723,0.2076,0.3974,0.1234,0.0000
1.2127,44.5451,0.6303,path,6.0213,7.5000,0.0200,0.0779,1.2102,1.5099,1.0178,0.9964
0.0636,5.6576,0.2821,path,3.3745,7.5600,0.0094,-0.0148,0.0618,0.7434,0.4612,0.4684
0.0999,7.8991,0.0201,stand,0.0000,7.5600,0.0000,nan,nan,0.1801,0.0499,0.7296
0.3501,6.0187,0.8681,path,5.8691,7.5800,0.0171,-0.3404,0.0816,1.2522,0.7931,0.8596
0.2730,0.0564,0.0596,lateral,0.2121,7.5800,0.2103,-0.2297,0.1475,0.2189,0.0816,0.8934
0.4243,4.7132,0.0534,lateral,0.7571,7.6000,0.4243,-0.1730,0.3874,0.3885,0.1319,0.0000
0.2662,7.2376,0.3580,path,1.9117,7.6000,0.0160,-0.0028,0.2662,1.5195,0.7564,0.8029
0.2590,3.4122,1.0224,path,7.4079,7.6200,0.0197,-0.2278,0.1232,1.2989,0.9364,0.9754
0.2367,7.7741,0.3299,path,2.7357,7.6200,0.0109,-0.1705,0.1641,0.9786,0.4533,0.5453
0.2079,3.4924,0.0291,turn,0.0000,7.6400,0.0000,nan,nan,0.4393,0.1066,0.6852
0.3500,2.5703,0.0803,turn,0.0000,7.6400,0.0000,nan,nan,0.8085,0.1437,0.0000
0.3353,0.3995,0.0999,lateral,0.5462,7.6400,0.3353,-0.1127,0.3158,0.3666,0.1053,0.7247
0.3080,3.3528,0.3550,path,2.7354,6.6800,0.0119,-0.2373,0.1964,1.0773,0.4944,0.5932
0.0649,3.1480,0.1916,path,4.2469,7.7200,0.0119,-0.0551,0.0343,1.2071,0.5684,0.5958
0.5555,0.7211,0.0131,combined,1.6385,7.7200,0.5347,0.1419,0.5370,0.8162,0.2680,0.5407
0.3929,3.6830,0.1356,lateral,1.1473,7.7400,0.3740,-0.1426,0.3661,0.4976,0.1657,0.0000
0.6330,1.9877,0.0522,stand,0.0000,7.7400,0.0000,nan,nan,0.7281,0.1427,0.7822
0.2501,3.8956,0.1553,lateral,0.4216,7.7600,0.2492,-0.0713,0.2397,0.3412,0.1216,0.5018
0.2470,5.6364,0.4622,path,4.2143,7.7800,0.0110,-0.2406,0.0559,1.1389,0.5337,0.5694
0.0284,4.8404,0.0265,stand,0.0000,7.8000,0.0000,nan,nan,0.2489,0.0485,0.7085
0.5010,2.3682,0.0492,combined,1.7641,7.8000,0.5010,-0.2650,0.4252,0.5455,0.2168,0.4120
0.3628,9.4143,0.6250,path,5.3364,7.8200,0.0157,-0.1212,0.3419,1.6171,0.7761,0.7832
0.6203,15.9497,0.3718,path,5.4750,7.8200,0.0155,-0.1319,0.6061,1.5985,0.7680,0.7722
0.4575,0.5638,0.0736,combined,0.8762,7.8400,0.3755,0.3742,0.2633,1.0906,0.2435,0.0000
0.2474,0.7763,0.0174,combined,0.3874,7.8400,0.2474,-0.1970,0.1497,0.5891,0.1148,0.0000
0.4355,3.1666,1.3698,path,3.5759,7.8600,0.0174,0.0110,0.4354,1.5473,0.8759,0.8696
0.7754,2.7041,1.3602,path,1.1715,7.8800,0.0152,0.7668,0.1147,1.7180,0.9473,0.7606
0.3285,6.6675,0.0324,combined,1.7043,7.8800,0.3168,-0.1576,0.2883,0.7612,0.2122,0.6816
0.4913,6.8787,0.1054,straight,1.3905,7.8800,0.4791,-0.3868,0.3029,0.4255,0.1791,0.0000
0.7702,18.8381,0.6227,path,2.2026,7.9200,0.0062,0.2529,0.7275,0.7102,0.3889,0.3085
0.3141,1.3742,0.1650,lateral,0.5140,7.9400,0.3124,-0.1886,0.2512,0.4113,0.1163,0.0000
0.1357,2.8403,0.5139,path,3.2839,7.9600,0.0084,-0.1347,0.0166,0.9259,0.4142,0.4173
0.5636,3.7320,0.4127,path,3.5757,7.8800,0.0185,0.4898,0.2789,1.3214,0.8570,0.9269
0.0106,0.6938,0.5379,path,2.5414,7.6000,0.0031,0.0104,0.0017,0.8414,0.3665,0.3448
0.6429,16.5365,0.0623,combined,1.9257,7.3800,0.6429,-0.4394,0.4694,1.3272,0.3134,0.7145
0.3639,12.5329,0.1958,path,1.5310,4.3000,0.0081,0.0403,0.3617,1.1195,0.5430,0.4066
0.1778,4.6644,0.7174,path,0.3929,7.8000,0.0088,0.1764,0.0228,0.9714,0.5208,0.4425
0.3524,23.3024,0.2992,path,1.5374,4.1600,0.0090,0.0779,0.3437,1.1595,0.6141,0.4503
0.3475,10.0941,0.1308,turn,0.0000,7.9600,0.0000,nan,nan,0.2957,0.1015,0.6253
0.1908,6.7772,0.5179,path,1.8175,4.6200,0.0098,-0.0290,0.1885,1.1004,0.5337,0.4912
0.9460,21.2904,0.2245,combined,2.2416,4.1400,0.9460,-0.9457,0.0231,0.7114,0.3316,0.5930
0.4182,2.7177,0.0611,turn,0.0000,4.8600,0.0000,nan,nan,0.5545,0.1324,0.6538
0.2778,2.6165,0.0280,turn,0.0000,4.0600,0.0000,nan,nan,0.3754,0.1272,0.8818
0.5271,1.8347,0.0443,turn,0.0000,4.4200,0.0000,nan,nan,0.8303,0.1672,0.0000
0.2067,2.4070,0.1604,path,2.3458,5.0600,0.0113,-0.1322,0.1589,1.2085,0.6756,0.5638
0.3517,2.5272,0.2045,turn,0.0000,4.4800,0.0000,nan,nan,0.3439,0.1194,0.5939
0.3079,4.0658,0.0328,turn,0.0000,5.1400,0.0000,nan,nan,0.3153,0.1131,0.0000
0.4128,6.4332,0.0701,combined,0.8282,4.2400,0.4128,-0.4122,0.0212,0.5267,0.1494,0.0000
0.4434,0.6082,0.6894,path,3.8066,5.1600,0.0125,-0.3010,0.3257,1.5389,0.7474,0.7455
0.4671,4.6000,0.0494,combined,1.8781,5.5400,0.4652,-0.4668,0.0177,0.6067,0.2743,0.0000
0.2729,14.9825,0.1248,lateral,1.2783,4.0800,0.2729,-0.2197,0.1620,0.5509,0.2730,0.0000
0.5356,7.7921,0.0867,lateral,1.2524,4.7400,0.5356,-0.5139,0.1510,0.4399,0.1936,0.0000
0.0321,7.9439,0.4522,path,2.1793,5.5000,0.0081,-0.0035,0.0319,0.7026,0.4224,0.4042
0.2694,10.1495,0.4743,path,2.7393,5.5800,0.0100,-0.2288,0.1421,0.9902,0.5365,0.5021
0.4835,6.6460,0.0631,lateral,0.4426,5.3200,0.4382,-0.2723,0.3995,0.3139,0.1254,0.0000
0.4857,11.2425,0.2622,combined,0.6469,4.7600,0.4804,-0.3471,0.3398,0.3525,0.1214,0.8279
0.5282,8.2945,0.1455,combined,1.2355,4.0000,0.3127,0.3739,0.3731,1.4447,0.5044,0.4410
0.3715,3.3995,1.2513,path,2.2546,5.0000,0.0202,0.1180,0.3523,1.4869,0.9117,1.0076
1.3017,15.2323,0.6548,path,4.2962,5.4800,0.0167,-1.1511,0.6079,1.0637,0.6370,0.8343
0.6610,4.4151,0.2672,combined,1.9226,5.4400,0.6610,-0.0909,0.6547,1.7123,0.4852,0.6951
0.3615,1.2772,0.0437,turn,0.0000,5.1000,0.0000,nan,nan,0.2490,0.1021,0.7092
0.3680,11.2853,0.7792,path,3.6223,4.3600,0.0188,-0.3615,0.0685,1.2413,0.8299,0.9371
0.6780,1.3695,0.8194,path,4.0536,5.0400,0.0191,-0.6777,0.0209,1.2524,0.7663,0.9560
0.1950,1.2274,0.1242,turn,0.0000,4.1000,0.0000,nan,nan,0.2008,0.0885,0.5999
0.2899,2.9260,0.1463,straight,0.7135,4.7800,0.2899,-0.2843,0.0565,0.2755,0.1259,0.0000
0.5364,7.3116,0.2660,combined,1.7529,5.9000,0.5364,-0.4873,0.2241,0.7086,0.2541,0.0000
0.2500,1.7930,0.3439,path,1.6188,4.1600,0.0081,-0.2441,0.0539,1.6857,0.4061,0.4065
0.3621,1.8905,0.5962,path,3.0438,5.4200,0.0117,-0.3344,0.1389,0.9303,0.5255,0.5825
0.3780,4.6077,0.5438,path,4.4874,5.2600,0.0170,-0.2819,0.2519,1.3691,0.8940,0.9327
0.3508,12.0665,0.0155,lateral,1.2677,5.3600,0.3508,-0.3479,0.0451,0.5550,0.1843,0.8749
0.2294,1.7176,0.0428,combined,0.5283,5.7000,0.1462,0.0711,0.2181,0.4678,0.1367,0.0000
0.0759,8.5212,0.1576,path,1.7901,4.7600,0.0076,-0.0288,0.0702,1.4619,0.5980,0.3804
0.3551,5.0481,0.5969,path,2.6616,4.0400,0.0165,0.1567,0.3186,1.3117,0.9234,0.8282
0.4665,2.8890,0.0571,combined,0.4540,5.7800,0.4510,-0.3742,0.2786,0.7549,0.1761,0.6307
0.6708,3.0051,0.1439,combined,1.6713,4.5800,0.6708,-0.6508,0.1626,0.5158,0.2550,0.4726
0.6205,0.5548,0.0996,combined,1.1377,4.4000,0.6205,-0.6199,0.0261,0.3441,0.1594,0.0000
0.6134,6.1569,0.5198,path,0.9838,4.0800,0.0095,0.4721,0.3917,1.0648,0.4750,0.4762
0.8419,4.5156,0.9388,path,2.6516,4.7600,0.0159,0.6208,0.5686,1.3350,0.8710,0.7952
0.2743,11.7661,0.7405,path,1.8411,4.4000,0.0093,-0.1030,0.2542,0.9728,0.5506,0.4663
0.0838,1.0099,0.4380,path,1.6854,5.8600,0.0069,0.0321,0.0774,0.7525,0.3556,0.3456
0.3460,5.6055,0.1139,combined,1.3615,5.0800,0.3460,-0.2925,0.1848,0.5424,0.2967,0.8888
0.3579,10.3625,0.0118,lateral,0.6034,5.4400,0.3529,-0.1578,0.3213,0.3111,0.1150,0.0000
0.6146,10.3169,0.0496,combined,1.5100,5.9600,0.6146,-0.5810,0.2005,0.4956,0.1974,0.3138
0.1537,1.6961,1.0238,path,1.2344,6.4400,0.0135,0.1105,0.1069,1.1223,0.6773,0.6761
0.1352,3.3815,0.1397,path,1.4196,4.8000,0.0066,0.1115,0.0764,0.8781,0.3666,0.3283
0.4708,1.6174,0.1237,turn,0.0000,5.4200,0.0000,nan,nan,0.4970,0.1892,0.5547
0.3458,0.9804,0.0403,lateral,0.2166,5.6400,0.2047,-0.1694,0.3015,0.3920,0.1345,0.0000
0.4515,4.2661,0.1079,straight,1.0075,5.4000,0.4500,-0.4434,0.0850,0.3299,0.1424,0.0000
0.7415,0.8234,0.7789,path,4.8514,6.2400,0.0197,-0.7334,0.1092,1.4330,0.8692,0.9852
0.4004,4.1966,0.0414,turn,0.0000,4.6400,0.0000,nan,nan,0.4449,0.1127,0.3804
0.3452,14.8157,0.0582,path,3.9728,6.1800,0.0162,-0.0818,0.3354,1.3862,0.7514,0.8105
0.3603,2.8736,0.1767,turn,0.0000,4.4800,0.0000,nan,nan,0.2722,0.1164,0.5211
0.5088,5.5633,0.9140,path,3.4063,5.4200,0.0135,-0.4205,0.2865,1.2200,0.5900,0.6693
0.3261,6.4806,0.0905,lateral,0.1475,4.5200,0.1292,-0.1513,0.2888,0.3190,0.1119,0.0000
0.2747,2.6211,0.1498,straight,0.0923,4.6400,0.0033,0.2747,0.0018,0.3289,0.1296,0.0000
0.3314,3.1808,0.0439,turn,0.0000,5.6600,0.0000,nan,nan,0.3684,0.1188,0.0000
0.3586,2.5825,0.4509,path,2.6733,5.2200,0.0112,-0.1876,0.3056,1.3816,0.6059,0.5584
0.3779,1.1443,0.0632,stand,0.0000,4.0200,0.0000,nan,nan,0.4768,0.1498,0.0000
0.4229,12.9620,0.2776,combined,1.2104,4.4000,0.4229,-0.3352,0.2579,0.5431,0.2272,0.0000
0.0295,2.0399,0.0088,stand,0.0000,4.2400,0.0000,nan,nan,0.1932,0.0389,0.0000
0.3094,0.1594,0.3746,path,4.4263,5.9400,0.0157,-0.2274,0.2098,1.2550,0.7362,0.7791
0.1710,0.3430,0.5961,path,2.7620,4.6800,0.0118,-0.1698,0.0206,1.4995,0.7201,0.5905
0.4473,3.2994,0.7473,path,4.3730,5.4400,0.0165,-0.2086,0.3957,1.1310,0.7695,0.8223
0.0431,1.5080,0.0411,stand,0.0000,5.1200,0.0000,nan,nan,0.2120,0.0700,0.5239
0.4812,0.3684,0.1151,straight,1.7185,4.9400,0.1372,0.4763,0.0680,1.4601,0.5172,0.5081
0.2767,1.7359,0.1695,path,1.4392,4.7200,0.0065,-0.1119,0.2530,1.1443,0.3638,0.3254
0.6932,6.1285,0.4055,path,2.9004,6.7800,0.0120,-0.6917,0.0464,0.7821,0.4792,0.5998
0.4949,7.0199,0.1272,turn,0.0000,6.9400,0.0000,nan,nan,0.5905,0.1379,0.6745
0.4244,2.6736,0.1742,combined,0.4560,4.7800,0.2969,0.3964,0.1515,0.9074,0.2386,0.0000
0.1145,1.7251,0.4338,path,1.2165,7.1000,0.0164,-0.0682,0.0920,1.4574,0.8895,0.8183
0.5119,0.3126,0.0188,straight,1.6620,6.2800,0.4810,-0.4669,0.2101,0.5415,0.2336,0.0000
0.6620,14.0360,0.1757,combined,1.7369,5.9000,0.6620,-0.6414,0.1638,0.6891,0.2296,0.0000
0.2883,0.1928,0.7756,path,2.5281,4.3200,0.0143,-0.2853,0.0413,0.9519,0.5946,0.7184
0.2566,1.6942,0.0578,straight,0.0704,6.1400,0.0105,0.2374,0.0972,0.2646,0.1021,0.7976
0.2063,6.5043,0.3517,path,1.5869,4.1800,0.0156,0.0093,0.2061,1.3970,0.6665,0.7808
0.4219,0.9001,0.0348,turn,0.0000,7.1400,0.0000,nan,nan,0.7411,0.1263,0.4080
0.4383,16.0103,0.4851,path,2.2944,6.3000,0.0108,0.4374,0.0284,1.6307,0.6586,0.5425
0.4675,3.4469,0.3129,path,3.1628,6.3800,0.0102,-0.3404,0.3204,0.9614,0.4676,0.5100
0.0391,1.8113,0.2076,path,1.2437,6.2600,0.0060,0.0391,0.0008,0.9129,0.3905,0.3006
0.4375,0.7284,0.0415,turn,0.0000,6.4400,0.0000,nan,nan,0.5639,0.1183,0.0000
0.9156,3.2900,0.5641,path,3.8937,4.3800,0.0202,-0.9146,0.0414,1.4400,0.7408,1.0103
0.2697,8.9648,0.6969,path,1.8176,4.3800,0.0150,0.2697,0.0040,1.4317,0.9877,0.7474
0.4328,1.5704,0.9209,path,3.7061,5.4000,0.0179,-0.3338,0.2755,1.1034,0.8262,0.8954
0.5474,0.6726,0.5027,path,2.1405,4.6000,0.0102,-0.5009,0.2208,1.0457,0.4183,0.5122
0.3250,1.0878,0.9833,path,1.6355,4.9600,0.0184,0.2294,0.2302,1.4370,0.9049,0.9194
0.5258,9.7508,0.1270,combined,1.6019,5.2400,0.5258,-0.2758,0.4476,0.7853,0.2741,0.0000
0.3602,12.8370,0.1089,combined,0.0856,7.2200,0.0844,-0.1947,0.3031,0.5450,0.1109,0.6224
0.4897,4.1964,0.1469,stand,0.0000,5.7200,0.0000,nan,nan,0.6451,0.1763,0.6125
1.1387,20.0143,1.1093,path,0.4988,7.2200,0.0196,0.3519,1.0829,1.7779,1.2783,0.9792
0.6695,10.0301,0.1106,combined,2.0234,4.5000,0.6695,-0.6685,0.0368,0.6223,0.3197,0.8049
0.6245,9.9528,0.1587,straight,1.4596,5.3800,0.6199,-0.6121,0.1237,0.5000,0.2037,0.7815
0.2060,2.2006,0.2742,path,1.6823,5.8200,0.0008,0.1778,0.1040,0.9110,0.3723,0.3123
0.6602,4.8370,1.1348,path,4.2082,5.1400,0.0181,-0.5526,0.3613,1.2577,0.7547,0.8868
0.1847,7.6467,0.0734,combined,0.9997,4.9200,0.1847,-0.1561,0.0987,0.3896,0.1987,0.0000
0.3504,0.8655,0.0815,combined,1.1338,5.2600,0.3504,-0.2403,0.2550,0.4300,0.2031,0.5010
0.5395,6.1736,0.8578,path,0.8983,4.7400,0.0149,0.5000,0.2028,1.6042,0.8039,0.7453
0.3021,9.5619,0.7238,path,2.6750,4.7000,0.0168,-0.2633,0.1481,1.1927,0.8299,0.8886
0.2540,5.8765,0.1152,lateral,0.0482,4.1000,0.0482,0.0603,0.2468,0.2527,0.1030,0.8934
0.2851,10.9114,1.0034,path,5.2744,5.9800,0.0170,-0.2825,0.0389,1.1750,0.8441,0.8965
0.3747,0.0113,0.6510,path,2.1273,5.5800,0.0120,-0.3236,0.1889,0.9303,0.4779,0.6033
0.1942,1.3739,0.9779,path,2.5121,6.2400,0.0103,0.0864,0.1739,0.9795,0.5280,0.5151
0.3035,1.0115,0.6948,path,0.6386,6.3800,0.0035,-0.2748,0.1289,1.1283,0.6387,0.6232
0.4208,4.5071,0.0781,turn,0.0000,5.7400,0.0000,nan,nan,0.8661,0.1371,0.7014
0.3400,4.3271,0.4920,path,3.0350,7.7200,0.0094,-0.2889,0.1792,0.7933,0.4139,0.4671
0.4677,18.0392,0.2267,lateral,0.8477,4.1400,0.4677,-0.4283,0.1879,0.3739,0.1295,0.5407
0.3631,10.5703,0.2426,combined,1.3875,5.0800,0.3631,-0.2958,0.2105,0.4976,0.2322,0.3971
0.0912,5.9693,0.4802,path,3.5786,6.2000,0.0158,-0.0253,0.0877,1.3903,0.8134,0.7915
0.1277,1.4821,0.8916,path,1.4027,5.5600,0.0158,-0.1182,0.0485,1.1474,0.6680,0.7882
0.3608,8.7805,0.2676,lateral,1.2992,4.0200,0.3608,-0.2378,0.2713,0.5368,0.2724,0.0000
0.4650,7.2737,0.0817,lateral,0.6557,5.3600,0.4523,-0.3024,0.3533,0.3109,0.1166,0.6568
0.3687,1.1966,0.0214,turn,0.0000,4.1000,0.0000,nan,nan,0.4554,0.1175,0.0000
0.6878,6.2801,0.0950,combined,2.1838,5.2400,0.6878,-0.1131,0.6785,1.4902,0.5636,0.7935
1.5213,35.9429,0.1479,path,3.5819,7.6800,0.0171,-1.0786,1.0729,1.0655,0.4564,0.8553
0.3995,2.0809,0.6906,path,3.7461,4.7000,0.0160,-0.2209,0.3329,1.3931,0.8701,0.7988
0.4632,6.6592,0.0087,lateral,0.4901,7.6200,0.3994,-0.0057,0.4632,0.4157,0.1265,0.3998
0.2265,8.4685,0.1383,path,2.4245,4.3800,0.0122,-0.2206,0.0515,1.3274,0.5791,0.6057
0.4228,1.1528,0.7321,path,3.2147,5.1200,0.0166,-0.4163,0.0740,0.9837,0.6914,0.8386
0.6447,10.3295,0.1007,combined,1.1910,5.5000,0.6447,-0.0328,0.6439,1.1058,0.3293,0.4964
0.2643,5.4839,0.0150,stand,0.0000,5.5000,0.0000,nan,nan,0.4572,0.0845,0.0000
0.4477,11.5996,0.0304,lateral,0.6366,5.6000,0.4363,-0.1956,0.4027,0.3255,0.1193,0.0000
0.6348,7.1568,0.1343,turn,0.0000,4.6600,0.0000,nan,nan,0.6750,0.2934,0.7158
0.6724,19.7428,0.2114,path,3.5124,7.8800,0.0091,-0.0657,0.6692,1.1223,0.5173,0.4531
0.5073,27.3062,0.6940,path,1.6993,7.4800,0.0035,-0.3959,0.3171,1.3293,0.7733,0.8681
0.1567,4.4111,0.7330,path,2.4191,4.2800,0.0115,-0.0791,0.1352,1.4271,0.6544,0.5778
0.0311,1.2376,0.1098,stand,0.0000,7.3400,0.0000,nan,nan,0.1112,0.0485,0.0000
0.3755,1.5059,0.2123,lateral,0.1273,4.5000,0.1087,-0.0754,0.3679,0.3759,0.1420,0.0000
0.2513,12.0645,0.0753,lateral,0.9341,7.6000,0.1724,0.0581,0.2445,0.4602,0.1613,0.0000
0.5119,14.9942,0.2460,path,2.8616,4.5200,0.0133,-0.4649,0.2142,1.0103,0.6122,0.7035
0.1873,2.5651,0.1699,path,0.5725,7.8000,0.0018,-0.0271,0.1853,1.1777,0.5216,0.4396
0.6098,7.5506,0.4565,path,0.8345,5.7400,0.0171,-0.4813,0.3744,1.1671,0.6108,0.8567
0.3716,3.2955,0.0211,turn,0.0000,4.8600,0.0000,nan,nan,0.7905,0.1382,0.0000
0.4239,5.0535,0.1277,turn,0.0000,5.6200,0.0000,nan,nan,0.7423,0.1500,0.0000
0.3995,4.2446,0.0808,turn,0.0000,7.9600,0.0000,nan,nan,0.5433,0.1166,0.8800
0.3972,2.6615,0.0512,lateral,0.5115,7.7600,0.3954,-0.3196,0.2358,0.2522,0.0966,0.0000
0.3033,0.1056,0.0319,turn,0.0000,5.7200,0.0000,nan,nan,0.7325,0.1325,0.7059
0.1524,6.4397,0.6497,path,3.0082,6.8200,0.0089,-0.1513,0.0178,0.7645,0.4833,0.4440
0.0563,2.7617,0.2933,path,0.6494,6.1000,0.0079,-0.0259,0.0499,1.0580,0.5164,0.3969
0.5474,7.2907,0.0318,lateral,1.3535,4.5800,0.5467,-0.4691,0.2821,0.5435,0.2120,0.5018
0.1769,3.0956,0.0745,path,2.5684,7.0600,0.0081,-0.1768,0.0060,1.2775,0.3955,0.4056
0.1089,6.1175,1.2226,path,3.3227,5.1400,0.0132,-0.0549,0.0941,1.3720,0.6464,0.6595
0.4060,51.5721,0.3570,path,2.5068,5.8400,0.0103,0.3827,0.1356,0.8190,0.5056,0.5125
0.3860,5.2516,0.4088,path,2.0036,4.5400,0.0090,-0.2713,0.2745,1.5403,0.4885,0.4512
0.1974,7.0586,1.3108,path,4.3148,6.1800,0.0159,-0.0550,0.1895,1.3628,0.7491,0.7951
0.0575,3.6743,0.0183,stand,0.0000,5.5400,0.0000,nan,nan,0.2228,0.0431,0.0000
0.1327,1.0869,0.3255,path,1.4362,4.6800,0.0063,-0.0641,0.1162,0.6107,0.3219,0.3130
0.5164,8.3910,0.0816,lateral,1.4925,5.3400,0.5164,-0.3369,0.3913,0.5164,0.2351,0.0000
0.4026,5.1653,0.0470,straight,1.6950,7.3400,0.3806,0.3265,0.2355,1.3890,0.4637,0.4433
0.4387,4.6540,0.1321,combined,0.9392,5.8200,0.2020,0.2450,0.3639,1.0353,0.3532,0.7493
0.4211,3.8085,0.0456,turn,0.0000,5.3600,0.0000,nan,nan,0.5831,0.1195,0.6390
0.3023,3.0455,0.0224,combined,1.5902,7.8400,0.3018,-0.2614,0.1517,0.6122,0.2165,0.3853
0.5272,6.0793,1.1661,path,3.8352,5.1400,0.0195,0.2026,0.4867,1.5117,0.8942,0.9777
0.3661,11.9013,0.4230,path,3.7058,5.5800,0.0145,-0.3459,0.1200,1.0735,0.6680,0.7239
0.0075,0.0336,0.0417,stand,0.0000,5.5600,0.0000,nan,nan,0.0551,0.0232,0.4617
0.3601,1.3157,0.1359,lateral,0.5084,6.5600,0.3219,0.0461,0.3572,0.3937,0.1377,0.5606
0.7092,10.4975,0.7849,path,6.0982,7.1800,0.0167,-0.4027,0.5838,1.4003,0.8010,0.8726
0.5187,3.9885,0.0560,lateral,1.2429,5.8600,0.5171,-0.4504,0.2574,0.4442,0.1572,0.0000
0.4595,1.8386,0.3322,path,1.8822,6.3400,0.0119,-0.3906,0.2421,1.3518,0.4608,0.6184
0.4585,5.3599,0.8494,path,2.3035,5.5800,0.0168,0.4187,0.1869,1.4252,0.9026,0.8352
0.6564,0.1225,0.7361,path,3.5686,5.1400,0.0169,-0.6560,0.0229,1.3574,0.7176,0.8451
0.2754,11.5198,0.1553,path,1.8856,7.7600,0.0064,0.2612,0.0874,1.2258,0.4257,0.3188
0.3556,2.6432,0.0683,turn,0.0000,6.0000,0.0000,nan,nan,0.7134,0.1448,0.0000
0.4879,10.4746,0.1069,combined,1.4530,6.9000,0.4799,0.1324,0.4696,1.3545,0.3602,0.0000
0.4735,9.6115,0.0396,lateral,0.7170,6.3400,0.4571,-0.2258,0.4162,0.3182,0.1184,0.0000
0.0346,4.2324,0.8828,path,2.5380,4.8200,0.0171,0.0325,0.0118,1.0645,0.7730,0.8545
0.5944,14.8325,0.6431,path,2.2882,6.6600,0.0062,0.5807,0.1272,1.1932,0.5433,0.4110
0.2656,4.6461,0.2002,path,2.5565,7.4000,0.0088,-0.2363,0.1213,0.7306,0.4299,0.4424
0.0367,0.6500,0.0324,stand,0.0000,7.4600,0.0000,nan,nan,0.1367,0.0308,0.0000
0.4044,5.6123,0.0253,turn,0.0000,6.8000,0.0000,nan,nan,0.5628,0.1223,0.3435
0.3968,3.6749,0.1356,straight,0.1489,6.8800,0.0216,0.3299,0.2204,0.3471,0.1450,0.0000
0.4234,6.9444,1.1462,path,1.8348,4.9400,0.0064,0.2659,0.3295,1.2474,0.4910,0.4123
0.0379,1.9703,0.0423,stand,0.0000,7.0400,0.0000,nan,nan,0.3178,0.0434,0.8112
0.5170,0.4934,0.1028,combined,0.7138,5.9600,0.5125,-0.3088,0.4147,0.4951,0.1304,0.6219
0.3109,15.5562,0.8849,path,6.2453,6.6400,0.0195,-0.0208,0.3102,1.5145,0.9655,0.9761
0.1391,0.6961,0.9388,path,3.8427,5.2800,0.0166,-0.1308,0.0472,1.1548,0.7617,0.8269
0.4108,1.7828,0.9535,path,3.1711,5.8600,0.0110,-0.1099,0.3958,1.1753,0.6200,0.5508
0.0270,0.3808,0.0446,stand,0.0000,5.6600,0.0000,nan,nan,0.1010,0.0322,0.8945
0.4768,8.1500,0.2317,lateral,1.1714,5.9200,0.4768,-0.3530,0.3206,0.4634,0.1644,0.0000
0.3645,13.0158,0.3949,path,2.5507,7.9200,0.0038,-0.1214,0.3437,1.3895,0.4735,0.3620
0.2323,2.0467,0.6232,path,2.4315,7.2800,0.0054,0.2317,0.0173,1.0200,0.5023,0.4497
0.3124,4.3158,0.0234,lateral,0.8640,7.6600,0.3090,-0.2279,0.2137,0.4144,0.1241,0.6089
0.4104,1.7036,0.0781,lateral,0.1183,6.0600,0.1177,-0.1941,0.3616,0.2942,0.1036,0.0000
0.0050,0.1554,0.0444,stand,0.0000,6.5000,0.0000,nan,nan,0.0728,0.0255,0.0000
0.4915,5.2327,0.1287,turn,0.0000,7.7600,0.0000,nan,nan,0.3095,0.1165,0.0000
0.5105,4.8523,0.0434,straight,1.4399,6.7400,0.1274,0.5046,0.0773,1.4476,0.4417,0.8995
0.5066,8.4471,0.6947,path,2.5081,7.6200,0.0068,0.4928,0.1171,1.3139,0.5119,0.3378
0.3804,6.2163,0.0211,straight,0.0326,7.1000,0.0323,-0.3787,0.0354,0.2504,0.1011,0.5247
0.3498,2.2911,0.6218,path,3.6041,6.5400,0.0058,0.1492,0.3164,1.2785,0.6459,0.6039
0.3631,0.4376,0.1031,combined,0.4491,7.3200,0.1932,0.2737,0.2387,0.7234,0.1751,0.4260
0.3658,10.5340,0.0627,lateral,0.4158,6.1400,0.3427,-0.1614,0.3282,0.3120,0.1033,0.3281
0.4358,2.4794,0.1062,combined,1.4188,7.7000,0.4325,-0.4282,0.0809,0.4122,0.1809,0.0000
0.4846,2.4736,0.0729,lateral,0.1717,7.7200,0.1711,0.0683,0.4798,0.2695,0.1228,0.0000
0.0351,4.7990,0.2693,path,2.2310,5.8000,0.0009,-0.0232,0.0264,0.6893,0.3841,0.4044
0.0598,3.3337,0.0157,stand,0.0000,6.4800,0.0000,nan,nan,0.3434,0.0493,0.0000
0.3478,1.4215,0.1148,straight,1.8854,6.2600,0.3478,-0.2437,0.2481,0.6249,0.2859,0.4628
0.7066,3.7764,1.2184,path,4.9267,6.4400,0.0183,0.4128,0.5734,1.5033,0.9764,0.9131
0.1844,2.8008,0.1967,turn,0.0000,6.6600,0.0000,nan,nan,0.6201,0.1254,0.0000
0.4831,4.5883,0.0983,combined,1.6808,6.9800,0.4691,0.1421,0.4618,0.7614,0.3461,0.3482
0.3438,2.4182,0.0938,lateral,0.7878,6.2400,0.3359,-0.1844,0.2901,0.3513,0.1281,0.3156
0.3041,1.1498,0.0416,straight,0.5940,5.6800,0.0568,0.3039,0.0115,0.8287,0.2615,0.7247
0.0323,1.1102,0.0217,stand,0.0000,5.4200,0.0000,nan,nan,0.1650,0.0314,0.0000
0.7874,2.6246,0.8307,path,3.7737,7.3200,0.0202,-0.7729,0.1504,1.1614,0.7408,1.0097
0.2297,3.9266,0.1052,turn,0.0000,5.9000,0.0000,nan,nan,0.1946,0.0859,0.0000
0.2436,4.7537,0.0920,lateral,1.0323,7.3600,0.2436,0.1011,0.2216,0.4954,0.1705,0.0000
0.2718,9.8222,0.9430,path,3.3140,6.0400,0.0185,-0.1619,0.2183,1.3305,0.8534,0.9276
0.0899,0.2378,0.3919,path,1.8529,6.1400,0.0065,0.0266,0.0858,1.1917,0.4331,0.3243
0.4855,15.4648,0.1156,path,1.8568,6.2000,0.0080,0.4818,0.0601,1.2046,0.5086,0.3986
0.4233,0.7794,1.1355,path,4.0453,6.7400,0.0139,0.4153,0.0817,1.5784,0.7728,0.6948
0.7210,1.0339,0.8983,path,3.4685,5.9200,0.0078,-0.6435,0.3251,1.1946,0.7894,1.0010
0.0196,2.2271,0.0462,stand,0.0000,5.6400,0.0000,nan,nan,0.2599,0.0501,0.0000
0.1880,1.8031,0.8778,path,5.5615,6.3200,0.0195,-0.1878,0.0080,1.4025,0.9824,0.9759
0.1718,6.3159,0.9094,path,4.9180,7.8200,0.0140,-0.1024,0.1380,1.1749,0.6586,0.7042
0.1023,8.1962,1.0849,path,2.2331,6.0800,0.0091,0.0023,0.1023,1.0575,0.4898,0.4552
0.2946,0.1140,0.0913,turn,0.0000,6.2600,0.0000,nan,nan,0.6692,0.1382,0.6244
0.4086,8.5163,0.0752,lateral,0.5896,5.7600,0.4075,-0.2322,0.3363,0.3367,0.1185,0.4120
0.2377,6.2668,0.2507,path,1.7739,7.2800,0.0090,-0.2093,0.1127,0.9338,0.4768,0.4502
0.4429,9.8472,0.2714,path,4.6326,7.8200,0.0119,-0.3419,0.2816,1.1981,0.5560,0.5938
0.3701,10.8918,0.1145,path,3.9445,7.9400,0.0107,-0.1588,0.3343,0.9732,0.5212,0.5333
0.2797,5.0062,0.1676,path,4.6413,7.0600,0.0134,0.1813,0.2129,1.5180,0.7494,0.6693
0.2220,2.7906,0.6558,path,4.5816,6.9800,0.0027,-0.1273,0.1819,1.1647,0.8281,0.8056
0.2956,3.6785,0.9141,path,2.5577,6.6000,0.0087,0.2954,0.0081,1.1043,0.5298,0.4363
0.3996,3.7191,1.1401,path,0.4494,7.4800,0.0198,-0.3996,0.0020,1.3861,0.7942,0.9886
0.3355,8.7578,0.1212,straight,1.6216,6.1600,0.0650,0.3350,0.0185,1.3900,0.4574,0.6852
0.6849,0.4881,0.0670,straight,1.3450,4.0600,0.6849,-0.6828,0.0534,0.3604,0.1972,0.8279
0.3303,9.0916,0.8623,path,1.1333,7.3400,0.0184,-0.1387,0.2998,1.2888,0.8450,0.9170
0.3269,1.8431,0.0183,straight,0.2704,6.0600,0.2680,-0.3250,0.0353,0.2180,0.0839,0.0000
0.5183,16.8313,0.7589,path,0.6870,4.4800,0.0095,0.4359,0.2805,1.4097,0.7137,0.4766
0.4436,4.3702,0.0499,lateral,0.7010,6.0400,0.4428,-0.2995,0.3272,0.3233,0.1164,0.7085
0.3732,2.7112,0.5082,path,0.2788,7.6400,0.0124,-0.3731,0.0080,0.7923,0.4609,0.6227
0.0545,0.3222,0.0232,stand,0.0000,6.8000,0.0000,nan,nan,0.2106,0.0364,0.3076
0.5379,12.6733,0.0319,lateral,0.8619,4.9400,0.5361,-0.4686,0.2642,0.3762,0.1196,0.6253
1.2646,34.0516,0.2017,path,2.8658,6.6200,0.0201,-1.2279,0.3024,1.3048,0.5038,1.0059
0.2493,6.7235,0.0391,straight,1.1145,6.3200,0.2493,-0.2369,0.0778,0.4348,0.1718,0.0000
0.1582,8.1328,0.4900,path,5.4556,7.8400,0.0159,-0.1532,0.0397,1.3682,0.7610,0.7933
0.5130,1.1411,1.2976,path,1.6934,6.8800,0.0137,0.5126,0.0186,1.4147,0.8314,0.7477
0.0845,8.6803,0.7363,path,4.6864,7.8600,0.0145,-0.0845,0.0017,1.0363,0.6979,0.7238
0.4883,25.0221,0.9952,path,5.4814,6.4400,0.0193,0.3106,0.3768,1.5892,1.0157,0.9661
0.3021,1.4235,0.0469,combined,1.6791,6.5600,0.3021,-0.3019,0.0117,0.5694,0.2333,0.7822
0.6983,17.5637,0.0727,lateral,1.4627,4.8200,0.6983,-0.6637,0.2172,0.4888,0.1853,0.0000
0.5559,1.2290,0.7531,path,3.0872,7.7400,0.0131,-0.4912,0.2604,1.1063,0.5394,0.6564
0.2336,7.1382,0.0365,stand,0.0000,4.3600,0.0000,nan,nan,0.3813,0.1154,0.7092
0.5411,10.6244,0.2718,lateral,1.0787,4.0400,0.5411,-0.4696,0.2689,0.4973,0.1803,0.6307
0.2818,3.3773,0.4916,path,4.9205,7.6400,0.0139,0.2800,0.0317,1.3817,0.7593,0.6966
0.1608,5.0083,0.3075,path,1.8351,5.9800,0.0020,-0.1602,0.0130,0.7103,0.2958,0.3069
0.0716,4.0056,0.8195,path,2.8117,6.5600,0.0087,0.0672,0.0248,0.8686,0.4560,0.4315
0.4135,5.3582,0.0908,straight,1.8917,7.3600,0.4135,-0.4100,0.0538,0.5696,0.2295,0.3958
0.5505,8.2742,0.0398,combined,1.3306,5.5200,0.5505,-0.5262,0.1618,0.5965,0.2046,0.5930
0.2596,14.2829,1.1599,path,2.0800,7.4400,0.0078,0.1561,0.2074,1.4523,0.6301,0.3889
0.3651,5.6260,0.1059,turn,0.0000,4.9200,0.0000,nan,nan,0.6009,0.1410,0.4410
0.2892,13.2002,0.0490,turn,0.0000,7.7200,0.0000,nan,nan,0.6052,0.1005,0.0000
0.5479,8.8827,0.0688,combined,1.1180,7.2400,0.4268,0.4942,0.2366,1.3092,0.2957,0.7296
0.3272,3.3867,0.0450,turn,0.0000,6.9400,0.0000,nan,nan,0.6233,0.1145,0.6816
0.5192,11.4489,1.3314,path,5.6516,5.9000,0.0193,-0.3885,0.3443,1.3581,0.8987,0.9595
0.3064,0.3195,0.0642,combined,2.1807,7.5600,0.3064,0.2714,0.1422,1.6498,0.4615,0.0000
0.3332,4.8260,0.1026,turn,0.0000,4.9000,0.0000,nan,nan,0.4850,0.1104,0.6951
0.2456,3.8021,0.4054,path,2.2623,7.2800,0.0154,-0.2408,0.0482,1.4229,0.7946,0.7738
0.3585,7.7913,1.0282,path,2.4410,7.3000,0.0034,0.3442,0.1000,1.4553,0.9597,0.9708
0.3783,4.4406,0.0441,combined,1.2348,7.6200,0.3774,-0.3615,0.1118,0.4271,0.1569,0.7150
0.4777,9.7544,0.0985,straight,0.8995,4.0000,0.1797,0.4674,0.0987,1.1236,0.4113,0.5081
0.6144,0.0189,0.1962,straight,1.2099,4.7200,0.6107,-0.6124,0.0490,0.3698,0.1758,0.4726
0.1116,6.6715,0.2082,path,3.3023,7.9600,0.0051,0.0330,0.1066,1.3015,0.5142,0.4582
0.3769,2.6697,0.0921,straight,0.1150,5.6000,0.0700,0.3328,0.1769,0.3363,0.1309,0.0000
0.2352,1.3146,0.3360,path,1.8061,5.2600,0.0055,0.0261,0.2338,0.7043,0.4105,0.3895
0.3583,5.9156,0.1610,lateral,0.2147,5.8800,0.1241,0.2703,0.2352,0.3146,0.1160,0.5939
0.2251,9.4125,0.1592,path,1.5230,4.6800,0.0066,0.0107,0.2248,0.6251,0.3587,0.3257
0.2328,15.6349,0.5663,path,2.3515,4.3200,0.0111,0.2302,0.0347,1.0228,0.5979,0.5530
0.5251,2.0837,0.7536,path,4.6201,5.1800,0.0197,-0.4957,0.1733,1.2340,0.8758,0.9867
0.3916,7.0045,0.1279,turn,0.0000,7.9400,0.0000,nan,nan,0.3190,0.1149,0.0000
0.4314,0.6260,0.0458,turn,0.0000,5.6600,0.0000,nan,nan,0.4802,0.1065,0.0000
0.4584,0.9260,0.0377,combined,0.9478,5.8600,0.4540,-0.3412,0.3061,0.4567,0.1390,0.0000
0.4777,15.8336,0.1591,straight,0.7715,6.9200,0.4728,-0.4162,0.2345,0.2845,0.1011,0.7145
0.2851,6.0311,0.6575,path,1.3318,6.4200,0.0156,-0.1150,0.2609,0.9220,0.6443,0.7813
0.3960,4.2447,0.0466,combined,0.7770,4.4200,0.3048,0.1273,0.3749,0.7984,0.3291,0.0000
0.4919,14.2771,0.0626,lateral,1.4942,4.5400,0.4919,-0.4702,0.1444,0.6078,0.2455,0.0000
0.8864,12.8683,0.0992,combined,2.1157,4.2800,0.8492,0.0429,0.8854,1.4994,0.6079,0.6745
0.0587,0.7279,0.0195,stand,0.0000,5.3600,0.0000,nan,nan,0.1305,0.0448,0.5999
0.3982,5.9650,0.0731,lateral,1.1813,4.3600,0.3976,-0.3297,0.2232,0.4737,0.2099,0.4080
0.6703,6.2671,0.9609,path,5.9391,5.9600,0.0202,-0.4096,0.5306,1.4105,0.9557,1.0094
0.4020,1.5119,0.1333,combined,2.0266,6.1600,0.4020,-0.3152,0.2495,0.6786,0.3045,0.0000
0.1811,21.9236,1.2274,path,6.7242,7.7200,0.0197,-0.1791,0.0271,1.7891,0.9785,0.9965
1.0828,7.9143,0.5608,path,1.9286,5.3000,0.0203,-0.1777,1.0682,1.5735,0.5778,1.0148
0.6520,5.8489,0.5245,path,3.3771,5.1400,0.0136,-0.5909,0.2756,1.0804,0.5483,0.6797
0.3262,5.0832,0.5367,path,1.6768,4.8800,0.0069,0.1332,0.2978,0.7277,0.4041,0.3460
0.3735,0.6283,0.7481,path,3.7828,7.1200,0.0133,0.1507,0.3417,1.0435,0.7029,0.6634
0.5372,23.0666,0.2976,combined,1.5555,5.1200,0.5372,-0.5089,0.1720,0.5641,0.2339,0.0000
0.4443,0.6136,0.0341,lateral,0.3749,4.6600,0.3579,-0.1446,0.4201,0.3726,0.1408,0.0000
0.4970,9.5173,0.2276,combined,1.1301,4.2800,0.4970,0.2284,0.4415,1.2660,0.5330,0.0000
0.8319,4.4837,0.9356,path,3.8350,5.7600,0.0133,-0.7277,0.4031,1.3484,0.5634,0.6669
0.2923,4.2736,0.1569,turn,0.0000,5.3600,0.0000,nan,nan,0.8267,0.1554,0.8888
0.8683,23.8984,0.1617,combined,1.7732,4.1000,0.8683,-0.6730,0.5487,0.8039,0.3588,0.5407
0.1698,0.0770,0.4233,path,1.7941,4.0400,0.0128,-0.1094,0.1298,1.1872,0.6011,0.6454
0.4189,2.5207,0.0600,turn,0.0000,5.4000,0.0000,nan,nan,0.8224,0.2449,0.3138
0.1138,3.9731,0.5898,path,2.1118,5.2400,0.0088,-0.0368,0.1077,0.7966,0.4728,0.4406
0.4275,10.9478,0.0947,path,1.8094,4.0000,0.0091,-0.0678,0.4221,0.8773,0.4670,0.4519
0.5023,4.9961,0.1965,combined,0.8953,5.1600,0.0635,0.4394,0.2434,1.4222,0.5180,0.0000
0.1499,2.3603,0.6143,path,2.6243,6.5600,0.0140,-0.1219,0.0871,0.9406,0.6082,0.7015
0.8382,18.8658,0.1717,combined,1.6721,4.1400,0.8382,-0.6843,0.4841,1.0541,0.3457,0.0000
0.3530,7.0646,0.9449,path,1.2956,5.7000,0.0064,0.2634,0.2351,1.5019,0.6180,0.3190
0.0582,6.4389,0.6406,path,1.7493,4.4400,0.0037,0.0568,0.0126,1.0156,0.5087,0.4579
0.7228,1.9355,1.3538,path,1.0564,6.1600,0.0175,0.7003,0.1789,1.3719,0.7999,0.8676
0.3452,2.5803,0.1028,lateral,0.6391,6.0000,0.3452,-0.2662,0.2199,0.3114,0.1135,0.0000
0.1124,0.8947,0.2152,path,2.4474,7.9000,0.0063,-0.1026,0.0460,0.6328,0.3369,0.3125
0.4328,6.9730,0.1093,straight,1.3996,6.1000,0.0325,0.4281,0.0634,1.6536,0.5056,0.0000
0.8315,15.3187,0.2955,combined,2.0193,4.4000,0.8315,-0.8251,0.1036,0.5802,0.2978,0.3971
0.4537,5.1206,0.7382,path,1.6174,5.6200,0.0135,-0.3365,0.3043,1.0238,0.4260,0.6768
0.8522,3.4365,1.5267,path,5.4047,5.9000,0.0192,-0.6498,0.5514,1.6771,0.8659,1.0222
0.5238,1.4030,0.6897,path,3.3366,5.1600,0.0165,-0.5171,0.0839,1.1418,0.6684,0.8222
0.5510,15.6122,0.1485,lateral,1.2477,4.1400,0.5510,-0.5037,0.2235,0.4526,0.1985,0.0000
0.4509,2.3506,0.0643,straight,1.0691,4.0600,0.4504,-0.4181,0.1687,0.3739,0.1905,0.7059
0.2820,7.5925,0.2462,combined,1.6678,6.8800,0.2820,0.1045,0.2620,1.0546,0.3714,0.0000
0.3995,0.7335,0.0603,turn,0.0000,4.9600,0.0000,nan,nan,0.7422,0.1501,0.8049
0.2981,7.3899,0.9900,path,3.1748,5.0000,0.0134,0.0854,0.2856,1.3690,0.7000,0.6704
0.3011,6.3575,0.0631,straight,1.2832,5.6400,0.3011,-0.2990,0.0354,0.4173,0.1953,0.0000
0.8135,25.2740,0.2034,combined,1.9314,4.4600,0.8135,-0.7832,0.2200,0.7243,0.3058,0.0000
0.3216,2.4388,0.0516,straight,1.0192,7.3600,0.2767,-0.2095,0.2439,0.4348,0.1661,0.8818
0.5303,5.1985,0.1070,combined,1.0244,5.8800,0.5303,-0.5303,0.0057,0.5434,0.1673,0.3804
0.3387,19.5629,0.0948,combined,1.4910,4.4600,0.3387,-0.3089,0.1390,0.6343,0.2930,0.0000
0.7225,4.1653,0.7818,path,3.1529,4.9600,0.0182,-0.7109,0.1289,1.1301,0.6610,0.9087
0.2853,1.0868,0.5645,path,2.4125,4.0000,0.0127,-0.2468,0.1430,0.9858,0.5546,0.6313
0.3739,13.4468,0.1647,lateral,0.8073,5.5400,0.3739,-0.3175,0.1974,0.3671,0.1215,0.7976
0.4390,4.4132,0.0712,turn,0.0000,4.1400,0.0000,nan,nan,0.3534,0.1342,0.6390
0.9111,10.5737,0.8531,path,2.7532,6.8200,0.0084,0.3544,0.8394,1.3444,0.5411,0.4185
0.7074,3.1693,0.2860,path,1.0825,4.8600,0.0187,-0.3492,0.6152,1.0702,0.4554,0.9343
0.1851,3.2208,0.4491,path,1.9494,4.0200,0.0013,-0.1416,0.1192,1.1001,0.5462,0.4907
0.3118,0.7774,0.6984,path,4.2423,6.4600,0.0166,-0.1271,0.2847,1.2134,0.7654,0.8309
0.1917,6.8290,0.6337,path,1.0394,5.6400,0.0090,0.0376,0.1880,1.2015,0.6310,1.0675
0.5016,12.0207,0.0984,combined,1.3062,6.3000,0.5016,-0.4820,0.1388,0.4413,0.1546,0.0000
0.2735,1.5727,0.5116,path,3.3289,5.2200,0.0141,-0.2102,0.1749,1.1459,0.6820,0.7055
0.4660,6.9201,0.1332,turn,0.0000,5.0400,0.0000,nan,nan,0.7241,0.2567,0.6568
0.6205,17.2212,0.3219,combined,1.9202,4.1000,0.6205,-0.4921,0.3781,0.7791,0.3597,0.6219
0.4598,6.7907,0.0927,combined,2.1632,4.6600,0.4598,0.2000,0.4140,1.2769,0.5436,0.5018
0.5340,1.7880,0.0458,straight,1.0600,7.6800,0.1111,0.5303,0.0627,1.2962,0.2796,0.0000
0.4016,9.2029,0.1860,path,3.6750,5.9400,0.0150,-0.3825,0.1225,1.2879,0.6467,0.7503
0.0040,1.6516,0.1122,stand,0.0000,5.9200,0.0000,nan,nan,0.1152,0.0433,0.5239
0.0365,5.4123,0.4199,path,1.2831,4.1000,0.0029,0.0365,0.0017,0.6232,0.3382,0.3170
0.0399,0.4457,0.0358,stand,0.0000,4.8600,0.0000,nan,nan,0.2335,0.0318,0.8800
0.2876,4.1023,0.8439,path,2.4804,5.2200,0.0112,-0.0551,0.2823,1.3362,0.5822,0.5602
0.4548,3.8951,0.0389,combined,1.2966,6.2600,0.4508,-0.1692,0.4221,0.5116,0.1951,0.5211
0.3777,1.4286,0.0767,turn,0.0000,4.4800,0.0000,nan,nan,0.5179,0.1489,0.3853
0.4240,2.7704,0.0183,combined,1.8722,6.9400,0.4189,-0.4237,0.0173,0.6617,0.2411,0.0000
0.1548,2.3560,0.9189,path,2.7191,5.8400,0.0191,0.0296,0.1519,1.6877,1.0128,0.9548
0.3283,0.4330,0.1239,straight,0.0614,4.1800,0.0583,-0.3166,0.0869,0.2716,0.1205,0.0000
0.4889,8.3096,0.1440,straight,1.4792,7.9800,0.4859,-0.4881,0.0277,0.5423,0.1815,0.6538
0.3803,2.0765,0.1179,turn,0.0000,4.2200,0.0000,nan,nan,0.6577,0.1480,0.0000
0.2887,8.5419,0.1325,straight,0.1348,6.3000,0.0422,0.2691,0.1045,0.2397,0.1023,0.0000
0.4427,1.5026,0.1100,straight,1.1155,6.5000,0.1451,0.4337,0.0889,1.2947,0.4737,0.0000
0.7143,14.9168,0.5127,path,2.5168,4.3600,0.0150,-0.4948,0.5152,0.8809,0.4999,0.7602
0.2508,7.9130,0.2323,path,2.2572,7.9000,0.0061,0.2469,0.0442,0.8557,0.3721,0.3047
0.3688,2.7019,0.1269,straight,1.4172,5.6800,0.1215,0.3246,0.1751,1.3428,0.4591,0.8934
0.3765,0.7841,0.1011,straight,0.7507,6.2000,0.3629,-0.3490,0.1414,0.2774,0.1174,0.0000
0.3714,7.2241,1.1675,path,4.0282,4.9800,0.0177,-0.3696,0.0361,1.3411,0.7898,0.8807
0.4368,15.3775,0.2002,combined,0.7594,4.3600,0.4368,-0.1863,0.3950,0.4061,0.1810,0.5247
0.3430,19.9585,0.2318,path,1.3048,4.9200,0.0065,0.0687,0.3361,0.9995,0.4392,0.3232
0.2187,1.0314,0.5658,path,2.5277,4.0600,0.0132,-0.2130,0.0499,1.0275,0.6891,0.6614
0.4294,7.2477,0.7765,path,0.7305,5.8800,0.0200,-0.4014,0.1525,1.3025,0.6726,0.9991
0.0747,5.7414,0.0401,stand,0.0000,4.5200,0.0000,nan,nan,0.4690,0.0673,0.6089
0.5898,9.4841,1.1194,path,1.1555,5.1200,0.0097,0.5744,0.1339,1.3534,0.7219,0.4875
0.3782,3.6850,0.6780,path,1.2750,5.1800,0.0117,-0.3769,0.0310,0.8083,0.4045,0.5849
0.2749,7.5693,0.0647,combined,1.3774,7.3200,0.2701,-0.1399,0.2367,0.8561,0.2526,0.8749
0.0839,2.9078,0.2474,path,2.2488,7.3600,0.0066,-0.0698,0.0466,0.8233,0.3589,0.3304
0.4097,7.9588,0.0989,lateral,1.0085,5.6200,0.3977,-0.1601,0.3771,0.5029,0.1831,0.3998
0.3609,4.6789,0.1093,straight,0.9705,4.3400,0.3609,-0.3608,0.0094,0.3685,0.1866,0.0000
0.3985,3.9392,0.6105,path,2.7231,4.8400,0.0129,-0.3875,0.0931,1.0664,0.5392,0.6471
0.4874,3.4295,0.0938,straight,1.0218,4.6200,0.4874,-0.4859,0.0377,0.3393,0.1435,0.8995
0.7183,12.7450,1.0295,path,1.7003,6.4400,0.0122,0.7183,0.0098,1.2874,0.8643,0.6096
0.5956,14.8526,0.0938,combined,0.6749,4.9400,0.5941,-0.2624,0.5346,0.6320,0.1837,0.5606
0.4611,0.1698,0.0115,turn,0.0000,6.4600,0.0000,nan,nan,0.7006,0.2529,0.0000
0.3111,10.7823,0.1552,path,2.0600,6.3600,0.0093,0.2629,0.1664,1.2685,0.6787,0.4659
0.5784,24.0042,0.1033,combined,0.9883,4.7800,0.5784,-0.4961,0.2974,0.3398,0.1316,0.8945
0.4292,16.6624,0.1030,lateral,1.1785,4.3800,0.4292,-0.4194,0.0912,0.4497,0.1924,0.7247
0.4584,10.7803,0.0573,straight,0.2025,5.1800,0.1976,-0.4466,0.1036,0.2831,0.1061,0.7493
0.3380,7.9093,0.2456,path,3.4577,4.3000,0.0171,-0.3264,0.0878,1.5470,0.8760,0.8513
0.4831,2.1956,0.0950,straight,1.1416,5.0400,0.4831,-0.4818,0.0353,0.3136,0.1732,0.0000
0.3108,5.4189,0.0513,lateral,0.5975,6.4200,0.2856,-0.2199,0.2196,0.3271,0.1038,0.6224
0.6560,6.5425,0.0594,combined,1.4524,4.8600,0.6538,-0.0732,0.6519,1.3006,0.3731,0.0000
0.3613,9.8916,0.0904,combined,1.4528,5.7400,0.3589,-0.0710,0.3542,0.5710,0.2610,0.0000
0.5015,11.8113,0.0227,straight,1.5847,6.3600,0.2176,0.4474,0.2267,1.3190,0.3816,0.7815
0.0086,0.3146,0.0191,stand,0.0000,5.7800,0.0000,nan,nan,0.2123,0.0372,0.0000
0.7755,7.9122,0.8587,path,2.3339,4.7400,0.0188,-0.6127,0.4754,1.3070,0.6393,0.9421
0.3788,10.6020,1.1482,path,0.5972,7.7600,0.0111,0.3002,0.2310,1.3835,0.6710,0.5568
0.1612,4.8689,0.6731,path,3.3589,5.2400,0.0167,-0.0718,0.1444,1.6257,0.9416,0.8374
0.4131,2.7370,0.7030,path,2.8386,4.9400,0.0098,-0.3290,0.2497,1.1706,0.5254,0.5798
0.3242,4.8367,0.1362,combined,0.9204,4.6600,0.3242,-0.1100,0.3050,0.5895,0.2042,0.0000
0.5973,7.5544,0.9258,path,1.9551,6.1000,0.0172,-0.5944,0.0594,1.2320,0.5216,0.8645
0.3871,2.6327,0.1548,combined,1.1362,4.5800,0.3871,-0.3852,0.0386,0.6774,0.2755,0.0000
0.0328,2.6909,0.0337,stand,0.0000,7.4200,0.0000,nan,nan,0.1406,0.0280,0.5547
0.6036,9.4463,0.0372,lateral,1.4731,7.7400,0.5986,-0.3933,0.4579,0.5954,0.1729,0.0000
0.4059,4.0102,0.1613,straight,0.4025,4.8400,0.0311,0.4054,0.0204,0.6736,0.2388,0.3156
0.1959,10.4456,0.9764,path,2.6802,5.4200,0.0046,-0.1730,0.0919,1.2376,0.5540,0.6376
0.0696,6.7599,0.3397,path,2.0372,5.8400,0.0070,0.0051,0.0694,1.4367,0.3879,0.3506
0.5421,0.3772,0.3732,path,2.8378,5.8600,0.0103,-0.3860,0.3805,0.9354,0.4736,0.5104
0.3097,4.7817,0.5067,path,2.1630,7.1200,0.0114,0.1639,0.2628,0.8280,0.5749,0.5662
0.2380,4.3435,0.1094,path,2.0614,4.4800,0.0095,0.1212,0.2048,1.0593,0.5219,0.4733
0.3414,4.7441,1.3134,path,3.5834,7.5000,0.0192,0.3414,0.0031,1.6611,1.0446,0.9557
0.4644,0.8048,0.1124,combined,1.6216,5.6400,0.0177,0.4584,0.0747,1.4818,0.4835,0.0000
0.4267,5.0420,0.5539,path,4.2774,7.1400,0.0161,-0.2487,0.3468,1.6416,0.7804,0.8074
0.2269,4.0918,0.6835,path,1.9764,6.2600,0.0160,0.1578,0.1630,1.2843,0.8084,0.7976
0.7659,2.2123,0.5344,path,1.0026,5.5800,0.0192,-0.3258,0.6932,1.1767,0.4903,0.9606
0.0808,4.9040,0.9397,path,0.6180,7.7200,0.0063,0.0055,0.0806,1.5400,0.9185,0.9169
0.4251,4.7620,0.1005,lateral,0.2018,6.5600,0.1941,-0.2339,0.3550,0.2458,0.1001,0.7014
0.4769,8.3111,0.2025,combined,1.2734,5.6400,0.4769,-0.3484,0.3257,0.5190,0.2073,0.0000
0.6473,1.4002,0.2230,combined,1.6423,5.1600,0.6473,0.3278,0.5581,1.6424,0.6160,0.3482
0.9122,35.3442,0.4722,path,1.4461,7.2600,0.0109,0.8806,0.2378,1.5596,0.7849,0.5425
0.2916,1.0024,0.6367,path,2.2042,7.2800,0.0162,-0.0410,0.2887,0.9217,0.6973,0.8083
0.2658,2.8250,0.6228,path,5.0114,7.4000,0.0131,-0.1818,0.1939,1.0884,0.6670,0.6914
0.5321,5.5228,0.1193,straight,0.8884,6.4800,0.0823,0.5140,0.1376,1.3888,0.4390,0.7158
0.1456,4.0088,0.2177,path,4.0546,7.3000,0.0145,-0.1435,0.0244,1.4272,0.7024,0.7241
0.6800,19.7126,0.1462,combined,2.0230,4.7800,0.6800,-0.6582,0.1708,0.7060,0.3177,0.6852
0.2755,1.5974,0.0700,combined,0.9851,4.6800,0.2755,-0.2534,0.1082,0.4533,0.1978,0.0000
0.3157,10.3731,0.1917,straight,0.1251,5.9600,0.0438,0.3045,0.0832,0.3436,0.1268,0.4617
0.2986,8.7696,0.7663,path,3.1290,6.3800,0.0124,-0.2865,0.0842,0.7971,0.5673,0.6203
0.4164,4.7995,0.4388,path,3.7273,7.5600,0.0136,-0.4135,0.0494,1.1251,0.6444,0.6783
0.7032,22.4361,0.5819,path,2.9759,4.2800,0.0154,0.1954,0.6755,1.1174,0.8422,0.7678
0.3246,2.7251,0.9433,path,2.6338,4.4400,0.0200,-0.2925,0.1406,1.1232,0.8377,0.9994
0.4371,0.2454,0.0829,turn,0.0000,7.4000,0.0000,nan,nan,0.3857,0.1086,0.0000
0.8139,16.5005,0.0462,path,0.5399,6.2800,0.0188,-0.8132,0.0336,1.7362,0.4894,0.9386
0.1217,4.9546,0.2124,path,2.1782,6.7600,0.0035,-0.0060,0.1215,0.6271,0.3279,0.3248
0.4264,5.0233,0.0518,lateral,1.1264,6.6600,0.4264,-0.2964,0.3065,0.4552,0.1503,0.0000
0.7016,6.3097,0.5487,path,3.9776,4.0400,0.0200,-0.1388,0.6878,1.5597,1.0342,0.9994
0.4345,4.2812,0.1224,turn,0.0000,4.9800,0.0000,nan,nan,0.2938,0.1236,0.8279
0.6728,7.6161,1.4810,path,2.0071,5.0600,0.0174,0.6330,0.2281,1.5078,1.1401,0.8687
0.4718,0.4851,0.7140,path,1.9443,6.2400,0.0176,-0.4106,0.2325,1.3468,0.7091,0.8821
0.4166,7.0174,0.8422,path,3.8800,6.9800,0.0120,-0.0263,0.4158,1.0611,0.6920,0.6004
0.4805,3.5022,0.1400,straight,1.0455,6.3000,0.4751,-0.4448,0.1816,0.3162,0.1346,0.0000
0.6519,6.5987,0.6936,path,2.6954,7.5800,0.0187,0.4539,0.4679,1.3573,0.7863,0.9335
0.4431,1.8092,0.0739,turn,0.0000,5.9800,0.0000,nan,nan,0.7546,0.1373,0.0000
0.4393,0.3648,0.5173,path,2.2189,5.2600,0.0146,-0.4228,0.1191,0.8346,0.5404,0.7289
0.5049,16.2223,0.2457,combined,1.7981,6.1600,0.5049,-0.3584,0.3556,0.6055,0.2264,0.0000
0.4046,4.8987,0.0385,combined,0.9371,7.3000,0.4012,-0.0256,0.4037,0.4379,0.1600,0.5010
0.0421,0.3721,0.0355,stand,0.0000,5.8200,0.0000,nan,nan,0.2006,0.0437,0.0000
0.4944,3.6526,0.0859,turn,0.0000,6.1400,0.0000,nan,nan,0.6108,0.1472,0.3435
0.3049,1.6190,0.0903,combined,1.5169,7.9600,0.2992,-0.2956,0.0747,0.5131,0.2112,0.0000
0.5929,28.7133,0.5390,path,3.7293,7.7800,0.0150,0.5921,0.0298,1.7079,0.8969,0.7513
0.0785,1.3854,0.4371,path,2.3084,5.3600,0.0088,0.0301,0.0725,0.9732,0.5038,0.4469
0.5541,23.5235,0.2555,path,3.0496,5.0800,0.0146,0.0778,0.5486,1.3696,0.8142,0.7333
0.3741,0.5756,0.0412,straight,0.4736,5.6400,0.0425,0.3567,0.1128,1.0803,0.2717,0.0000
0.0255,3.0255,0.0653,stand,0.0000,7.8600,0.0000,nan,nan,0.2869,0.0429,0.0000
0.9869,0.3671,1.4260,path,5.1208,5.4000,0.0212,-0.7051,0.6905,1.6504,0.8598,1.0626
0.9908,1.1083,1.3215,path,2.4462,7.4600,0.0197,0.9379,0.3193,1.4509,1.1361,0.9851
0.2475,6.0174,0.3320,path,2.3847,7.6400,0.0076,-0.2100,0.1311,1.5134,0.5093,0.3791
0.5442,7.7126,0.1020,straight,0.5305,7.1400,0.5130,-0.5442,0.0065,0.2001,0.0804,0.4964
0.4385,0.4317,0.0842,turn,0.0000,6.2800,0.0000,nan,nan,0.9029,0.1688,0.8112
0.4024,1.0360,0.0231,combined,1.9874,6.6800,0.4007,-0.4002,0.0428,0.6077,0.2690,0.4433
0.3542,1.2308,0.7652,path,3.1806,7.9800,0.0126,-0.3276,0.1346,0.9492,0.5824,0.6298
0.5504,1.3566,1.1509,path,6.0645,6.4000,0.0205,-0.4448,0.3241,1.4411,0.8936,0.9526
0.4077,12.9735,0.4738,path,1.7525,7.5000,0.0138,0.1664,0.3722,0.9489,0.6409,0.6870
0.2998,110.9415,0.6004,path,3.9936,6.3600,0.0134,-0.0238,0.2989,1.2096,0.6990,0.6724
0.3761,6.1757,0.1717,combined,1.5181,7.3800,0.3404,-0.1620,0.3394,0.4477,0.2015,0.0000
0.5955,9.5314,0.1595,combined,1.9155,4.8800,0.5145,0.4668,0.3697,1.4072,0.5517,0.7092
0.0780,4.2382,0.0831,stand,0.0000,7.3600,0.0000,nan,nan,0.1882,0.0481,0.0000
0.2229,9.1044,0.4439,path,3.3199,7.4600,0.0038,-0.1381,0.1750,1.0001,0.4485,0.4518
0.3925,1.2094,0.0220,lateral,0.4404,5.4600,0.3758,-0.1077,0.3774,0.3333,0.1180,0.3076
0.3787,4.2967,0.1123,lateral,1.0040,6.5200,0.3638,0.0098,0.3786,0.5544,0.1877,0.0000
0.2083,0.6161,1.2437,path,3.5445,6.3800,0.0118,0.2082,0.0071,1.2827,0.6531,0.5892
0.4417,4.9261,0.1269,combined,1.3164,7.3600,0.2409,0.4188,0.1402,1.3600,0.3102,0.0000
0.8730,17.3645,0.2748,path,4.5524,6.7000,0.0147,-0.8068,0.3334,1.1150,0.5911,0.7343
0.3333,11.1580,0.3666,path,1.9322,4.9400,0.0086,0.0648,0.3269,1.3326,0.5157,0.4305
0.3869,7.2460,0.1123,lateral,0.2803,4.1600,0.2802,-0.2179,0.3197,0.2571,0.1156,0.0000
0.2614,0.5937,0.7389,path,3.6439,6.5400,0.0167,-0.1706,0.1981,1.1408,0.8354,0.8339
0.0369,6.5421,0.2303,path,1.9093,7.4400,0.0079,0.0292,0.0225,0.9864,0.4682,0.3969
0.3444,6.2954,0.1310,turn,0.0000,6.3800,0.0000,nan,nan,0.3295,0.1115,0.3281
0.4199,12.4911,0.0697,combined,1.4360,7.5800,0.4160,-0.3185,0.2736,0.4765,0.1906,0.7935
0.4172,0.1712,0.1053,straight,1.3878,4.1600,0.4172,-0.3944,0.1363,0.5091,0.2584,0.0000
0.3038,12.3438,0.3321,path,2.1184,4.5400,0.0096,-0.0478,0.3000,1.1951,0.5598,0.4776
0.5264,0.2775,0.9862,path,5.9285,7.5800,0.0178,-0.4324,0.3002,1.1613,0.8346,0.8915
0.1105,5.6410,1.0330,path,4.8773,7.5400,0.0146,-0.1017,0.0432,1.0579,0.6819,0.7313
0.5534,26.1212,0.1162,path,3.7261,7.6000,0.0103,0.3930,0.3896,1.3414,0.6761,0.5890
0.6657,22.2559,0.3563,combined,2.3083,4.4800,0.6657,-0.6580,0.1010,0.6927,0.3832,0.5939
0.3108,2.2066,0.1812,straight,0.1448,4.5600,0.1439,-0.2813,0.1323,0.2269,0.0753,0.0000
0.2992,13.9077,0.7867,path,3.2862,7.2000,0.0102,0.1381,0.2654,1.1661,0.5271,0.5115
0.2985,21.0392,0.1939,path,2.2517,6.3800,0.0085,0.1105,0.2773,1.2701,0.5084,0.4266
0.2998,3.8716,0.1327,lateral,0.4360,4.4200,0.2984,-0.1804,0.2395,0.3173,0.1216,0.0000
0.4769,2.6703,0.0297,combined,2.2785,7.4600,0.4664,-0.2086,0.4288,0.8516,0.3032,0.0000
0.1834,3.5611,0.1281,turn,0.0000,6.7000,0.0000,nan,nan,0.7510,0.1717,0.4628
0.4060,18.4903,0.7172,path,2.0919,5.0400,0.0093,0.3979,0.0804,1.3314,0.6644,0.4652
0.4304,2.7158,0.7807,path,2.5167,7.9000,0.0183,0.0097,0.4303,1.6207,1.0029,0.9128
0.4769,3.4549,0.1265,combined,0.8807,6.2000,0.0953,0.4750,0.0418,1.4668,0.3663,0.7085
0.2626,10.0303,0.5669,path,1.0630,6.5400,0.0106,0.2350,0.1172,0.9915,0.7184,0.6704
0.3588,16.1935,0.0269,lateral,0.1571,4.1600,0.1294,-0.0503,0.3552,0.3345,0.1322,0.0000
0.4851,11.7769,0.1285,turn,0.0000,6.1600,0.0000,nan,nan,0.3155,0.1201,0.6253
0.3456,11.4710,0.2262,path,4.0051,7.1600,0.0130,0.0091,0.3455,1.5202,0.7127,0.6499
0.3431,3.9549,0.1037,combined,1.1579,6.5200,0.3379,-0.0788,0.3339,0.6075,0.2437,0.6244
0.2906,0.0697,0.7812,path,3.7609,6.6400,0.0093,-0.2328,0.1739,0.9623,0.5704,0.5944
0.3142,11.5918,0.4871,path,3.1113,6.3000,0.0102,-0.0299,0.3128,1.0299,0.5452,0.5084
0.6176,14.0425,0.6887,path,3.4656,6.9400,0.0120,0.4244,0.4486,1.5830,0.7533,0.6014
0.0996,7.3644,0.2839,path,0.7765,7.3400,0.0099,0.0989,0.0122,0.8726,0.4959,0.4940
0.4555,3.5436,0.0901,lateral,0.9935,6.6000,0.4484,-0.1891,0.4144,0.4449,0.1583,0.4120
0.3618,14.2817,0.0459,combined,0.8752,5.1800,0.3611,-0.0377,0.3599,0.8970,0.2803,0.7150
0.4507,9.2934,0.0774,lateral,0.7051,7.0600,0.4217,-0.1934,0.4071,0.3988,0.1270,0.0000
0.5773,0.6674,0.8309,path,2.0425,7.5800,0.0183,-0.5330,0.2218,1.1309,0.6124,0.9168
0.4723,0.3399,0.1186,combined,0.3460,7.2600,0.1048,0.4529,0.1339,0.8611,0.1729,0.4260
0.2315,0.8087,0.6926,path,3.7800,6.8600,0.0119,-0.0479,0.2265,0.9652,0.6488,0.5935
0.2773,3.2692,0.7121,path,4.2196,5.3200,0.0185,-0.2637,0.0859,1.5338,0.9768,0.9204
0.8812,0.2298,0.4982,path,3.7510,4.0800,0.0215,-0.8807,0.0291,1.4448,0.7573,1.0731
0.3802,0.9452,0.1008,straight,1.5748,4.3400,0.0510,0.3728,0.0749,1.4284,0.5220,0.3971
0.3825,6.5964,0.0582,turn,0.0000,4.1600,0.0000,nan,nan,0.5549,0.1384,0.8049
0.3028,22.8170,0.8981,path,3.5469,4.9600,0.0195,-0.1940,0.2326,1.5526,0.9355,0.9685
0.3703,8.0734,0.1061,straight,0.9000,7.8000,0.1364,0.3699,0.0180,1.2508,0.2642,0.0000
0.4493,7.6711,0.3394,path,1.9742,4.4000,0.0138,-0.4461,0.0538,1.2024,0.6168,0.6894
0.0852,2.9705,0.6837,path,2.8306,6.0800,0.0102,-0.0642,0.0560,0.8426,0.5786,0.5109
0.1937,5.0236,0.2135,path,1.7325,7.2800,0.0063,0.1638,0.1033,0.8783,0.3760,0.3146
0.1128,7.6427,0.3074,path,1.4034,4.0800,0.0080,0.0747,0.0846,1.5132,0.8922,0.9639
0.3976,10.1813,0.0486,lateral,0.3383,4.8800,0.3067,-0.1418,0.3714,0.2698,0.1130,0.5407
0.2364,8.7971,1.1649,path,2.0787,4.8200,0.0131,0.0074,0.2363,1.1609,0.6269,0.6526
0.2545,8.9254,0.9988,path,2.5725,6.7200,0.0065,0.0495,0.2496,1.2963,0.6218,0.5928
0.0210,4.2888,0.0077,stand,0.0000,4.7000,0.0000,nan,nan,0.2106,0.0448,0.7059
0.3478,3.1652,0.1275,turn,0.0000,7.8000,0.0000,nan,nan,0.8158,0.1298,0.0000
0.2410,12.8819,0.4625,path,4.2818,7.3400,0.0123,0.2319,0.0657,1.2578,0.6802,0.6149
0.2521,10.2784,0.0228,straight,0.4066,6.2800,0.0835,0.2433,0.0663,0.4992,0.1585,0.0000
0.5749,6.9541,0.1327,straight,1.9488,6.2800,0.5749,-0.5538,0.1544,0.6108,0.2482,0.7296
0.3014,8.8609,0.2011,path,1.7949,6.5400,0.0079,-0.3006,0.0209,1.5230,0.5522,0.3956
0.3260,3.1680,0.1519,lateral,0.9279,6.4400,0.3260,-0.2241,0.2368,0.3382,0.1271,0.5930
0.3700,8.5960,0.6803,path,1.5329,5.3600,0.0100,-0.3484,0.1247,0.8113,0.3765,0.5002
0.4196,0.9767,0.0290,turn,0.0000,6.0400,0.0000,nan,nan,0.7179,0.1434,0.4726
0.3982,3.1376,1.0885,path,3.9608,4.4200,0.0203,-0.3473,0.1949,1.3163,0.8917,1.0150
0.2045,0.8504,1.0406,path,2.2524,4.4600,0.0144,-0.2014,0.0357,1.2235,0.5749,0.7222
0.4904,10.3301,0.0893,lateral,1.2987,5.1800,0.4904,-0.4645,0.1573,0.4850,0.1760,0.3138
0.3687,3.0318,1.3382,path,1.6697,7.5000,0.0201,0.1631,0.3306,1.5275,1.0042,1.0055
0.1828,3.4539,0.1760,path,3.9247,7.4800,0.0118,-0.1002,0.1528,1.5187,0.6729,0.5912
0.4440,5.3367,0.0409,lateral,0.7512,7.9000,0.4423,-0.3018,0.3257,0.2741,0.0949,0.0000
0.0164,6.2111,0.5745,path,2.7847,7.5000,0.0078,0.0149,0.0069,1.2912,0.4391,0.4025
0.1048,1.3903,0.0236,stand,0.0000,7.5000,0.0000,nan,nan,0.6286,0.0580,0.0000
1.4638,0.0837,1.1459,path,6.5675,7.9200,0.0208,-1.4388,0.2698,1.2444,0.7452,1.0378
0.7506,5.1697,0.8014,path,4.0549,5.3200,0.0182,-0.6776,0.3229,1.1768,0.7799,0.9094
0.1258,1.6653,0.2254,path,1.5389,4.4800,0.0071,-0.0837,0.0939,0.6984,0.3397,0.3559
0.3770,3.3790,0.7651,path,1.5057,7.9600,0.0152,0.3173,0.2035,0.9931,0.6663,0.7558
0.7003,12.4475,0.6343,path,3.6514,4.0800,0.0181,-0.4075,0.5696,1.3940,0.8171,0.8964
0.0530,6.2596,0.4463,path,2.4165,7.3800,0.0070,0.0390,0.0359,1.0098,0.3925,0.3497
0.4000,4.6967,0.0775,straight,0.2306,5.8400,0.0055,0.3947,0.0653,0.4855,0.1615,0.4080
0.5106,2.6857,0.1465,turn,0.0000,5.2800,0.0000,nan,nan,0.6275,0.1526,0.0000
0.8952,22.8758,0.2208,combined,2.1499,4.5400,0.8952,-0.8294,0.3368,0.6296,0.3307,0.0000
0.5685,2.3487,0.5076,path,0.7461,4.0800,0.0196,-0.1327,0.5528,0.9745,0.5716,0.9839
0.5235,4.8606,0.0679,lateral,0.3538,7.0000,0.3538,-0.1389,0.5047,0.3578,0.1349,0.6307
0.3885,2.6729,0.0762,lateral,0.7612,4.9600,0.3885,-0.2783,0.2710,0.3589,0.1347,0.0000
0.5105,17.7575,0.2171,combined,2.3060,5.9200,0.5105,-0.5101,0.0203,0.6439,0.3042,0.0000
0.4935,12.3438,0.7797,path,1.9249,5.3800,0.0078,0.4726,0.1423,1.1388,0.4890,0.3897
0.5095,11.0848,0.8549,path,2.7487,5.9600,0.0149,-0.4826,0.1634,1.6002,0.7268,0.7448
0.1486,5.2852,0.0316,stand,0.0000,6.8200,0.0000,nan,nan,0.4439,0.0736,0.6816
0.2981,6.9007,0.1534,turn,0.0000,5.2000,0.0000,nan,nan,0.2462,0.0986,0.0000
0.6351,6.7575,0.3390,combined,1.9924,5.3800,0.6351,-0.6346,0.0242,0.6121,0.2944,0.0000
0.3272,5.8787,0.0876,combined,1.9518,7.3800,0.3272,-0.0892,0.3148,1.3541,0.4528,0.7822
0.3586,5.0896,0.0786,straight,0.6464,7.3800,0.0818,0.3378,0.1203,0.9568,0.2784,0.0000
0.5967,3.8113,1.4282,path,1.7360,4.2600,0.0207,-0.5643,0.1939,1.6209,1.0024,1.0359
0.4462,5.6747,0.0568,straight,1.5468,7.1600,0.1253,0.4424,0.0579,1.5555,0.4300,0.3958
0.5351,6.0959,0.1456,turn,0.0000,4.2000,0.0000,nan,nan,0.5678,0.2230,0.0000
0.9266,8.2505,0.4464,path,3.9501,6.8600,0.0206,-0.8853,0.2736,1.5040,0.7755,1.0317
0.4164,1.6194,1.1639,path,2.0097,6.0200,0.0132,-0.2049,0.3625,1.4656,0.6217,0.6583
0.4295,9.7255,0.2332,path,2.8856,6.8200,0.0090,-0.3074,0.3000,0.7561,0.3986,0.4484
0.3984,9.1823,0.1070,combined,1.4236,6.7200,0.3984,-0.1325,0.3757,0.7183,0.2414,0.0000
0.5503,0.4566,0.0808,combined,1.1176,6.7000,0.5463,0.0550,0.5475,0.7947,0.2632,0.7145
0.6660,3.4801,1.2653,path,3.1541,7.9000,0.0104,0.3672,0.5557,1.4616,0.6439,0.5226
0.5092,3.4249,1.3730,path,0.5684,6.0600,0.0062,-0.0369,0.5079,1.6504,1.0522,0.8791
0.3175,0.0746,0.0611,straight,0.5089,7.1600,0.3165,-0.2814,0.1470,0.2084,0.0926,0.0000
0.0915,8.9584,0.8997,path,2.3467,6.8600,0.0069,0.0905,0.0135,0.9787,0.4046,0.3434
0.4883,0.0858,0.2506,straight,1.9564,4.0400,0.4883,-0.4880,0.0171,0.6668,0.3832,0.0000
0.5932,5.1153,0.2657,combined,1.6597,4.9200,0.0995,0.5731,0.1532,1.5445,0.6281,0.0000
0.3170,0.6369,0.0883,turn,0.0000,4.9800,0.0000,nan,nan,0.4974,0.1406,0.0000
0.3820,17.0806,0.0776,lateral,0.5008,4.4400,0.3820,-0.3164,0.2141,0.2372,0.0858,0.8945
0.3930,3.8879,1.0198,path,4.3797,4.6200,0.0191,-0.2197,0.3258,1.3211,0.9164,0.9500
0.3288,1.2499,0.7293,path,3.4862,5.4800,0.0172,-0.2966,0.1418,1.0320,0.7357,0.8607
0.2008,4.4060,0.6989,path,4.2932,6.4800,0.0158,0.1960,0.0438,1.3663,0.8157,0.7881
0.0757,6.5786,0.0266,stand,0.0000,5.5600,0.0000,nan,nan,0.4014,0.0605,0.8818
0.5220,5.0360,0.1337,combined,1.7264,5.2000,0.5220,-0.4874,0.1870,0.5936,0.2683,0.5239
0.4489,4.6714,0.0680,straight,0.7295,7.5200,0.0032,0.4181,0.1634,1.2354,0.2619,0.4410
0.4860,5.1120,0.0804,straight,0.4875,5.1000,0.4659,-0.4856,0.0210,0.2526,0.1012,0.6538
0.4874,1.9350,0.0645,combined,1.4376,7.3600,0.4681,-0.4766,0.1019,0.4040,0.1757,0.6951
0.4488,3.7892,0.3557,path,3.1762,4.8800,0.0180,-0.4154,0.1700,1.0194,0.7179,0.9049
0.4965,2.5878,0.2295,combined,1.3916,6.9000,0.4965,-0.0180,0.4962,0.6637,0.2254,0.6745
0.2846,1.2434,0.8044,path,4.4072,6.0600,0.0168,-0.2421,0.1496,1.2274,0.8260,0.8453
0.3684,6.2169,0.0814,lateral,0.1218,7.0800,0.1215,0.0258,0.3675,0.2915,0.1057,0.0000
0.6242,24.7714,0.3482,path,2.4385,7.1600,0.0070,-0.5124,0.3565,0.4608,0.2671,0.3519
0.5168,3.1474,1.1419,path,4.5135,7.1600,0.0203,0.4218,0.2986,1.6668,1.0479,1.0145
0.0152,0.7662,0.0318,stand,0.0000,6.1800,0.0000,nan,nan,0.1680,0.0548,0.0000
0.2229,5.2889,0.0522,turn,0.0000,5.0000,0.0000,nan,nan,0.6949,0.1345,0.6089
0.5225,6.5891,0.1690,turn,0.0000,4.0000,0.0000,nan,nan,0.6245,0.2659,0.7158
0.6382,5.5199,0.8209,path,4.2268,6.2600,0.0192,-0.6219,0.1432,1.4390,0.7983,0.9578
0.5607,3.1049,0.0490,combined,1.1176,4.7600,0.5593,-0.5541,0.0854,0.4482,0.1593,0.7493
0.2823,4.5022,0.9718,path,3.1407,5.5200,0.0143,-0.0093,0.2821,1.3651,0.7435,0.7163
0.3859,9.0351,0.2723,combined,1.4432,5.8200,0.3859,-0.2017,0.3290,0.5756,0.2371,0.7976
0.3926,5.5766,0.1884,combined,1.4208,6.3200,0.3926,-0.3180,0.2302,0.6909,0.2971,0.0000
0.1895,9.2918,0.0470,turn,0.0000,6.7400,0.0000,nan,nan,0.7866,0.1414,0.0000
0.3325,4.2450,0.0392,lateral,1.3095,6.7000,0.3187,0.0576,0.3275,0.5752,0.2202,0.8888
0.3957,4.2344,0.1722,straight,1.0383,4.2600,0.0077,0.3956,0.0005,1.3239,0.4107,0.7014
0.1420,7.2566,0.4781,path,2.4203,7.1200,0.0048,0.0930,0.1073,1.0805,0.4943,0.4826
0.1975,3.3495,0.3918,path,1.7706,5.0400,0.0073,-0.0436,0.1927,0.8213,0.3898,0.3638
0.4493,16.7118,0.0812,lateral,0.4935,4.8200,0.4293,-0.2087,0.3979,0.3453,0.1341,0.0000
0.2330,3.6710,0.2384,path,2.4368,7.3400,0.0066,-0.1576,0.1716,0.7934,0.3360,0.3323
0.5181,6.9534,0.0535,straight,0.5027,5.1000,0.4997,-0.5177,0.0206,0.1655,0.0749,0.8995
0.2764,2.6622,0.0635,straight,0.3230,7.6200,0.0597,0.2757,0.0208,0.4685,0.1345,0.5081
0.3805,6.2549,0.6354,path,1.9168,4.2200,0.0135,0.3057,0.2265,1.2203,0.7677,0.6783
0.2806,1.0035,0.1000,turn,0.0000,5.8400,0.0000,nan,nan,0.2833,0.1071,0.8800
0.4236,5.4398,0.0955,straight,1.4695,5.9800,0.0136,0.4159,0.0803,1.3242,0.3862,0.5018
0.2692,0.7005,0.6936,path,2.8795,6.8600,0.0156,-0.2021,0.1778,1.0411,0.6858,0.7774
0.1788,2.5974,0.2765,path,2.3364,6.8000,0.0069,-0.0513,0.1713,1.3538,0.3873,0.3464
0.3394,4.1946,0.1090,straight,1.6983,5.5000,0.0491,0.3248,0.0984,1.4460,0.5466,0.8749
0.1747,5.4020,0.5702,path,5.1847,6.9000,0.0157,0.1694,0.0426,1.4676,0.8077,0.7836
0.6282,13.3643,0.0505,combined,1.0171,4.1600,0.6241,-0.4350,0.4532,0.5376,0.1983,0.3435
0.6664,5.1034,0.8243,path,1.6534,5.7600,0.0156,-0.0937,0.6598,1.1675,0.5389,0.7810
0.1734,2.2417,0.8069,path,3.3722,5.1000,0.0133,-0.1704,0.0321,0.9763,0.6861,0.6658
0.2989,5.9092,0.0973,combined,1.1505,7.6400,0.2876,-0.2890,0.0762,0.3891,0.1562,0.5999
0.3583,10.1003,0.0941,lateral,0.7240,7.0600,0.3583,-0.2714,0.2339,0.3278,0.1129,0.0000
0.6758,6.7892,1.1208,path,6.1407,6.9400,0.0171,-0.5977,0.3154,1.5510,1.0187,1.0721
0.4185,0.4708,0.5653,path,2.2283,4.1200,0.0182,0.0897,0.4087,1.4242,0.8205,0.9981
0.3192,6.4573,1.1059,path,3.4246,5.2800,0.0145,-0.2861,0.1415,1.0734,0.6307,0.7213
0.1666,0.4873,0.3878,path,2.3055,4.8800,0.0115,0.1588,0.0504,0.9397,0.5975,0.5765
0.4948,1.2356,0.1460,straight,0.3069,6.6400,0.0358,0.4876,0.0841,0.8172,0.1804,0.3804
0.3812,12.2192,0.1178,combined,1.7606,5.5400,0.1658,0.3538,0.1420,1.3630,0.3948,0.6224
0.4464,13.3290,0.2844,path,0.9381,6.5400,0.0070,0.1317,0.4266,1.4088,0.6004,0.3516
0.3998,1.2583,1.0807,path,5.9002,6.3400,0.0112,0.2293,0.3275,1.5294,1.0879,1.0591
0.3371,9.2284,0.0198,straight,0.1446,6.0400,0.0555,0.2695,0.2025,0.3035,0.1209,0.0000
0.0605,9.2356,0.4469,path,1.8863,5.2600,0.0022,0.0567,0.0211,0.8495,0.4130,0.3772
0.4222,5.4399,0.0911,lateral,0.8373,4.2000,0.4192,-0.1153,0.4061,0.4931,0.2127,0.7092
0.1429,6.8208,0.1139,path,1.6296,5.1600,0.0068,-0.0754,0.1213,1.4107,0.5538,0.3388
0.4870,0.7198,0.2291,path,1.8375,6.6200,0.0060,-0.4112,0.2610,0.5462,0.2544,0.3001
0.4527,3.7764,0.0715,turn,0.0000,4.7400,0.0000,nan,nan,0.3787,0.1388,0.8279
0.3279,2.4769,0.0912,lateral,0.1294,4.3200,0.0974,0.2120,0.2501,0.2934,0.1217,0.4433
0.4055,6.2360,0.0294,straight,1.2953,6.3600,0.4055,-0.3991,0.0721,0.4109,0.1671,0.0000
0.2405,6.5078,0.2775,path,1.6237,5.1800,0.0072,0.2147,0.1084,0.7757,0.3982,0.3583
0.2251,9.7272,0.9933,path,4.3027,6.1000,0.0187,-0.2144,0.0686,1.3519,0.9546,0.9352
0.0597,3.5994,0.0300,path,3.2953,7.9400,0.0086,0.0549,0.0234,1.3646,0.5401,0.4317
0.4725,5.4448,0.1365,lateral,0.1520,7.7400,0.1337,-0.0631,0.4683,0.2969,0.1170,0.0000
0.3836,17.4661,0.0263,lateral,1.2511,6.2800,0.3836,-0.2927,0.2479,0.4103,0.1742,0.5247
0.4526,7.3915,0.0536,combined,0.8721,6.3200,0.4516,-0.3929,0.2246,0.3400,0.1097,0.8934
0.5878,13.9552,0.1318,combined,1.2344,4.1800,0.5878,-0.5679,0.1518,0.3642,0.1906,0.0000
0.5919,8.4249,0.0808,combined,1.2219,5.8600,0.5919,-0.5740,0.1446,0.4843,0.1973,0.7815
0.4794,9.1608,0.2007,path,2.8951,4.7400,0.0138,-0.4712,0.0882,1.1221,0.5409,0.6882
0.4226,5.0400,0.1800,combined,1.7238,7.0000,0.4226,-0.3045,0.2931,0.6133,0.2145,0.6390
0.4920,4.1653,0.9225,path,2.6670,5.8600,0.0090,0.2142,0.4429,1.2753,0.6656,0.5999
0.4665,0.5328,0.0309,turn,0.0000,6.0200,0.0000,nan,nan,0.3487,0.1305,0.0000
0.4236,8.0284,0.0347,lateral,1.2233,6.1400,0.4206,-0.3657,0.2137,0.4651,0.1658,0.7247
0.5995,9.7709,1.6170,path,1.5301,4.7400,0.0176,0.5246,0.2901,1.7250,0.9673,0.8798
0.1317,4.7962,0.8807,path,5.0848,6.7800,0.0197,-0.1301,0.0210,1.3533,0.9505,0.9843
0.5073,1.9792,0.0848,turn,0.0000,4.7600,0.0000,nan,nan,0.5494,0.1524,0.4964
0.2351,4.3423,0.0779,lateral,0.6236,6.3200,0.2189,-0.0340,0.2326,0.3464,0.1244,0.0000
0.4690,1.7582,1.0090,path,1.8249,6.4400,0.0211,-0.4130,0.2223,1.3131,0.9459,1.0551
0.4228,1.6738,0.1567,straight,0.8396,4.4200,0.4228,-0.4202,0.0465,0.2743,0.1339,0.7935
0.1108,1.0667,1.0134,path,2.7085,6.5600,0.0202,0.1089,0.0207,1.3986,0.9140,1.0134
0.3782,11.6539,0.0661,combined,0.8630,5.0600,0.3735,-0.2962,0.2351,0.6178,0.1654,0.0000
0.3239,4.0667,0.0727,turn,0.0000,7.3800,0.0000,nan,nan,0.7306,0.1460,0.0000
0.4886,2.2721,0.0814,combined,1.4560,4.7600,0.4886,-0.4844,0.0636,0.5026,0.2363,0.3076
0.4814,8.2958,1.2475,path,3.2849,5.7800,0.0197,-0.4157,0.2428,1.4982,0.8293,0.9825
0.7302,13.1852,0.1274,lateral,1.3562,4.3800,0.7302,-0.6879,0.2450,0.4606,0.1783,0.0000
0.0164,14.3245,0.4209,path,2.0408,4.2800,0.0020,-0.0007,0.0164,1.3394,0.6562,0.6518
0.3844,2.5895,1.2525,path,1.0357,4.9200,0.0170,0.3661,0.1172,1.4243,0.8849,0.8510
0.2025,2.0913,0.7774,path,2.9395,5.3600,0.0133,-0.0524,0.1956,1.1541,0.6829,0.6636
0.2347,6.2547,0.4619,path,1.8305,4.0200,0.0166,-0.1759,0.1553,1.0324,0.7196,0.8293
0.3647,4.5656,0.0312,straight,1.8002,7.1000,0.2149,0.3646,0.0098,1.4587,0.3891,0.5211
0.4138,2.2421,0.1942,turn,0.0000,6.6400,0.0000,nan,nan,0.4560,0.1172,0.3998
0.2280,1.4365,0.0405,straight,0.1219,5.3400,0.1206,-0.2244,0.0403,0.2190,0.0802,0.5010
0.2263,17.0677,1.1820,path,1.6812,5.3200,0.0172,0.2259,0.0128,1.5599,0.9469,0.8578
0.2940,0.5200,0.7081,path,2.1877,4.1800,0.0136,-0.1565,0.2488,1.0083,0.6087,0.6788
0.4048,14.3840,0.0501,combined,1.5711,7.7000,0.4048,0.2351,0.3295,1.5959,0.3921,0.0000
0.2245,10.6916,0.3323,path,1.9828,4.2000,0.0094,-0.0660,0.2145,1.0253,0.4787,0.4721
0.2865,1.7796,1.0153,path,1.4662,6.2000,0.0131,0.2692,0.0981,1.2363,0.6734,0.7843
0.5979,7.3298,0.1296,combined,1.5168,4.2200,0.5979,-0.5115,0.3096,0.5908,0.2500,0.0000
0.4851,12.3833,1.0747,path,4.2841,6.1000,0.0164,0.2246,0.4299,1.3473,0.9289,0.8223
0.0433,1.6744,0.0126,stand,0.0000,7.5000,0.0000,nan,nan,0.1332,0.0286,0.6568
0.0424,2.2980,0.0349,stand,0.0000,5.7600,0.0000,nan,nan,0.1454,0.0324,0.0000
0.7391,22.9090,0.1017,combined,1.9086,5.1200,0.7390,-0.7086,0.2100,0.7005,0.3376,0.0000
0.4937,4.6294,0.1051,combined,0.8817,7.4800,0.4927,0.3084,0.3856,1.0919,0.2465,0.0000
0.5470,6.2334,0.0821,combined,1.2591,6.8600,0.5414,-0.4298,0.3383,0.4679,0.1730,0.5606
0.5103,9.3204,0.1260,straight,1.2606,5.5400,0.1127,0.5097,0.0241,1.2915,0.5066,0.0000
0.5838,3.8868,0.0311,lateral,1.2652,6.4400,0.5838,-0.4305,0.3943,0.5017,0.1646,0.3156
0.0381,0.5616,0.0428,stand,0.0000,5.2400,0.0000,nan,nan,0.1532,0.0429,0.0000
0.2974,0.4925,0.5218,path,2.0028,7.7400,0.0079,0.2796,0.1014,1.2401,0.5013,0.3929
0.4579,7.2390,0.1224,combined,1.8450,6.0800,0.3687,0.1658,0.4268,1.0537,0.4482,0.6852
0.5196,2.4164,0.0657,lateral,0.3873,7.7000,0.3665,-0.1053,0.5088,0.3506,0.1161,0.6219
0.5966,5.9938,0.6123,path,2.9247,4.9200,0.0144,-0.0514,0.5944,1.5120,0.6764,0.7181
0.1231,9.8336,0.3015,path,1.3229,4.6200,0.0062,0.0772,0.0958,0.7263,0.4272,0.3598
0.5076,0.4567,0.0305,straight,1.9506,6.3600,0.5076,-0.5069,0.0270,0.5506,0.2552,0.0000
0.2639,7.4800,0.1971,combined,1.5502,7.7000,0.2538,-0.2184,0.1482,0.6680,0.2191,0.0000
0.3878,13.3678,0.1273,lateral,1.2343,6.1600,0.3878,-0.3371,0.1916,0.4512,0.1724,0.4617
0.6944,1.8832,0.1159,combined,1.4362,7.0000,0.6944,-0.6433,0.2614,0.4084,0.1624,0.0000
0.2307,5.2183,0.0235,turn,0.0000,6.0800,0.0000,nan,nan,0.3689,0.1064,0.0000
0.0072,0.0653,0.0348,stand,0.0000,6.7000,0.0000,nan,nan,0.0767,0.0292,0.5547
0.4137,7.6107,0.0242,straight,0.3762,6.0400,0.3658,-0.3643,0.1961,0.2390,0.0828,0.0000
0.3028,5.7306,0.1010,lateral,1.0921,7.7800,0.2987,-0.1981,0.2290,0.4595,0.1490,0.3853
0.1096,0.9387,0.3729,path,1.4947,4.2600,0.0077,0.0046,0.1095,0.8981,0.4267,0.3843
0.7535,11.9920,0.7576,path,3.5709,7.8000,0.0141,0.7526,0.0378,1.3744,0.9195,0.7056
0.1679,8.7608,1.0079,path,5.2944,6.4600,0.0198,-0.1678,0.0081,1.2244,0.9262,0.9933
0.4225,0.9563,0.0720,combined,0.9300,7.7600,0.3700,-0.2825,0.3142,0.3625,0.1241,0.0000
0.4598,7.7113,0.0252,combined,0.4195,5.3000,0.2708,-0.4239,0.1781,0.4430,0.1411,0.5939
0.3806,1.5307,0.0744,straight,0.0982,6.1400,0.0156,0.3779,0.0453,0.3566,0.1339,0.0000
0.5318,3.9768,1.2022,path,3.2245,7.4600,0.0096,0.1570,0.5081,1.2925,0.5952,0.4787
0.4401,0.0444,0.1080,combined,1.1054,6.1400,0.4386,0.2851,0.3353,1.1928,0.3474,0.0000
0.5046,2.1698,0.4177,path,4.0634,7.2000,0.0194,-0.5032,0.0383,1.5639,0.8269,0.9686
0.3202,39.4079,1.2656,path,1.6479,6.0600,0.0112,0.0935,0.3063,1.4260,0.7935,0.9277
0.1170,2.2967,1.0071,path,1.8322,7.5600,0.0184,-0.0102,0.1166,1.1861,0.8813,0.9223
0.5907,3.9061,1.0390,path,5.0948,6.3600,0.0190,-0.5433,0.2319,1.2112,0.8874,0.9540
0.4293,2.0119,0.0963,turn,0.0000,4.2000,0.0000,nan,nan,1.0864,0.2244,0.7059
0.4764,6.8086,0.5097,path,1.7921,6.7400,0.0122,-0.4746,0.0412,0.7947,0.4557,0.6141
0.3567,3.2814,0.2607,lateral,1.1296,5.0600,0.3567,-0.1857,0.3045,0.5162,0.2075,0.4120
0.7233,1.6282,0.4487,path,2.1739,4.1200,0.0216,-0.5145,0.5083,1.0459,0.6474,1.0804
0.5845,7.5961,0.7595,path,1.8938,7.4400,0.0128,0.3584,0.4618,1.2401,0.5911,0.6454
0.1282,0.5691,0.1488,path,3.1921,6.5600,0.0099,0.1027,0.0768,1.1762,0.5568,0.4965
0.5618,1.3793,0.8969,path,2.0267,6.6400,0.0205,-0.5329,0.1779,1.2452,0.7104,1.0279
0.3600,5.5613,0.3728,path,2.6579,7.0600,0.0117,-0.1819,0.3106,0.8669,0.5330,0.5824
0.5296,5.0162,0.2783,combined,2.0273,7.0400,0.5296,-0.0987,0.5203,1.4686,0.3668,0.0000
0.3502,3.8592,0.0459,turn,0.0000,5.9400,0.0000,nan,nan,0.8156,0.1613,0.3281
0.0699,1.4088,0.0135,stand,0.0000,5.4200,0.0000,nan,nan,0.4291,0.0721,0.0000
0.1299,0.6920,0.5250,path,2.3185,5.8400,0.0080,-0.0759,0.1054,1.0358,0.3995,0.4011
0.1355,8.0631,1.0273,path,3.3889,5.5400,0.0184,0.0788,0.1102,1.5561,0.9027,0.9204
0.5353,6.6291,0.0947,straight,1.5439,6.3400,0.3830,0.4469,0.2947,1.4226,0.5274,0.0000
0.4547,11.3482,0.7094,path,2.7459,4.4400,0.0196,0.2870,0.3526,1.3382,0.9799,0.9742
0.6119,1.6623,0.9312,path,3.2760,6.4400,0.0160,-0.4856,0.3724,1.0543,0.5814,0.8024
0.2533,2.2263,0.5049,path,4.1849,7.3400,0.0132,-0.2510,0.0342,1.0968,0.6158,0.6577
0.2237,0.6737,0.1702,path,4.1032,7.4800,0.0112,0.0824,0.2080,1.2657,0.6141,0.5562
0.2927,0.3391,0.7269,path,0.7748,6.3200,0.0165,-0.2921,0.0180,1.0442,0.6568,0.8245
0.2667,7.7538,1.4099,path,3.5396,7.2800,0.0177,-0.0618,0.2594,1.6564,0.9193,0.8817
0.2239,1.3070,0.3352,path,2.6615,5.1800,0.0079,-0.2206,0.0380,0.8512,0.4958,0.5230
0.2707,8.1332,0.1702,path,1.7079,7.1000,0.0060,-0.1929,0.1900,0.6374,0.2992,0.3013
0.4575,3.3179,1.2168,path,5.5022,6.9800,0.0184,-0.3068,0.3394,1.4964,0.8696,0.9195
0.1426,16.6160,0.2733,path,3.6334,7.0800,0.0121,0.0215,0.1410,1.1735,0.5837,0.6034
0.2531,1.7591,0.1244,turn,0.0000,7.9800,0.0000,nan,nan,0.3014,0.1074,0.0000
0.1596,0.9710,0.3466,path,5.5492,7.8600,0.0152,-0.1596,0.0009,1.4541,0.8407,0.8800
0.3292,0.2388,0.1178,turn,0.0000,4.3200,0.0000,nan,nan,0.2418,0.1159,0.0000
0.1649,5.3467,0.6560,path,1.5373,5.5000,0.0183,0.0767,0.1460,1.4041,0.8562,0.9170
0.2114,7.8450,0.3867,path,0.7376,4.2800,0.0064,0.1786,0.1131,1.3203,0.8182,0.7616
0.0416,3.8136,0.0663,stand,0.0000,5.2400,0.0000,nan,nan,0.2223,0.0444,0.3971
0.1345,5.6651,0.4619,path,4.1213,6.4000,0.0133,0.1096,0.0780,1.1549,0.6825,0.6655
0.2858,0.5514,0.0150,stand,0.0000,7.8400,0.0000,nan,nan,0.6422,0.0661,0.0000
0.4136,3.3495,0.3143,path,3.1748,7.3600,0.0090,0.2689,0.3143,1.1026,0.4977,0.4496
0.1478,2.5599,0.4865,path,2.6173,7.2600,0.0088,-0.1381,0.0526,0.7663,0.4677,0.4424
0.8787,26.0889,0.1538,path,4.3112,5.0800,0.0190,-0.7316,0.4866,1.6876,0.9763,0.9482
0.2526,3.9444,0.3368,path,1.4364,4.7000,0.0063,0.0726,0.2419,0.6088,0.3395,0.3161
0.4589,1.8210,0.0807,combined,0.2541,6.5400,0.2535,-0.3510,0.2956,0.8398,0.1352,0.0000
0.4818,0.2751,0.0221,stand,0.0000,4.5600,0.0000,nan,nan,0.9105,0.1626,0.0000
0.5819,9.5215,0.6770,path,1.9710,4.7200,0.0168,-0.5574,0.1669,1.4195,0.8077,0.8398
0.4115,4.9597,0.1708,lateral,1.1252,7.0400,0.4113,-0.3820,0.1531,0.4542,0.1393,0.0000
0.5714,1.0359,0.0555,combined,2.2566,6.1400,0.1198,0.5093,0.2591,1.4508,0.4755,0.0000
0.3323,1.2505,0.1986,path,3.3143,6.7600,0.0107,0.2764,0.1845,1.2049,0.5743,0.5340
0.2932,6.2345,0.0323,stand,0.0000,7.9400,0.0000,nan,nan,0.5753,0.0793,0.0000
0.3742,4.9701,0.0597,turn,0.0000,5.0400,0.0000,nan,nan,0.5777,0.1283,0.0000
1.1793,7.0769,0.3094,path,3.1343,4.7600,0.0205,-1.1019,0.4204,1.0110,0.5227,1.0267
0.5697,11.3886,0.2995,lateral,0.6643,4.7200,0.5697,-0.4099,0.3957,0.3879,0.1410,0.0000
0.4807,6.2588,0.1064,straight,1.9788,7.7400,0.1068,0.4577,0.1469,1.8659,0.5525,0.3482
0.4278,6.2709,0.7935,path,4.3185,7.4200,0.0201,-0.3870,0.1823,1.7584,0.9791,1.0052
0.7805,8.4294,0.6564,path,4.4010,5.1200,0.0188,-0.7762,0.0821,1.6740,0.7508,0.9216
0.2958,17.9584,0.1153,path,2.2247,4.8000,0.0108,0.1655,0.2451,1.3635,0.6977,0.5415
0.1071,4.9765,0.8595,path,2.1939,5.0600,0.0090,-0.0998,0.0390,1.1830,0.4990,0.4492
0.1795,5.8590,0.0309,straight,1.8742,7.6400,0.1795,-0.1664,0.0675,0.6249,0.2589,0.0000
0.1903,6.9915,0.1715,straight,0.2189,4.1800,0.0030,0.1532,0.1130,0.2936,0.1406,0.0000
0.7082,5.0425,0.4171,path,3.0020,6.7600,0.0134,-0.7079,0.0201,1.0366,0.4639,0.6698
0.3384,2.4571,0.1056,lateral,0.3251,4.2400,0.3098,-0.1944,0.2770,0.2657,0.1333,0.0000
0.2815,4.8787,0.2178,path,4.5862,7.3800,0.0129,0.2725,0.0706,1.4714,0.7003,0.6463
0.1570,4.5994,0.5924,path,3.6260,6.4600,0.0117,0.0241,0.1551,0.9015,0.6222,0.5855
0.3669,7.4838,0.1579,lateral,0.7310,6.1000,0.3509,-0.1311,0.3426,0.3904,0.1354,0.4260
0.1207,0.6179,0.9083,path,1.5036,6.3600,0.0133,0.1009,0.0662,1.0670,0.6682,0.6678
0.4235,5.4975,0.2093,combined,1.4804,7.1400,0.2368,0.3968,0.1482,1.3635,0.3316,0.0000
0.4050,1.8334,0.1372,turn,0.0000,5.6400,0.0000,nan,nan,0.6004,0.1422,0.5407
0.1367,2.9690,0.3472,path,2.4366,6.9400,0.0026,0.1365,0.0084,1.0757,0.4219,0.3579
0.9445,6.0980,1.3352,path,3.9416,7.0200,0.0100,0.6217,0.7110,1.5792,0.9804,1.0226
0.5628,19.9528,1.2104,path,4.3368,7.0800,0.0155,0.2674,0.4953,1.6177,0.8098,0.7781
0.7078,0.7295,0.9531,path,5.2461,7.6600,0.0212,-0.3943,0.5878,1.4422,0.9942,1.0548
0.2063,11.1388,0.5082,path,1.5308,4.3600,0.0074,0.1435,0.1483,1.0198,0.4618,0.3675
0.3248,9.5417,0.2793,path,3.5891,5.6000,0.0093,0.3119,0.0907,1.3959,0.7362,0.6572
0.5288,9.1084,0.9253,path,3.5928,4.1000,0.0213,-0.4589,0.2627,1.2898,0.9372,1.0642
0.4403,7.3689,0.0741,straight,1.8212,7.4600,0.2255,0.4314,0.0882,1.5590,0.3834,0.8112
0.5284,8.2503,0.0654,combined,1.1152,7.7200,0.4073,0.4450,0.2849,1.2171,0.3056,0.0000
0.5050,2.7720,0.9831,path,2.7588,7.7800,0.0206,0.3533,0.3609,1.4164,0.7912,1.0194
0.3583,4.4615,0.1000,straight,0.9128,6.6400,0.0907,0.3231,0.1548,0.9387,0.2531,0.6253
0.1037,8.2485,0.3777,path,2.4899,4.3600,0.0062,0.0034,0.1036,1.0216,0.5779,0.5744
0.7988,9.0482,1.3310,path,4.1198,7.3600,0.0120,0.4761,0.6413,1.7041,0.8353,0.6002
0.1185,1.2515,1.3210,path,4.1946,5.3600,0.0159,-0.1086,0.0473,1.4412,0.8221,0.7952
0.4211,4.2742,0.2511,lateral,0.7099,4.9200,0.3923,0.0024,0.4211,0.4337,0.1775,0.0000
0.4052,4.0102,0.9981,path,2.6443,5.4000,0.0111,0.1667,0.3693,1.1948,0.6033,0.5485
0.3817,2.9331,0.0537,turn,0.0000,6.1400,0.0000,nan,nan,0.4829,0.1062,0.0000
0.4399,1.0221,0.1708,straight,1.7444,5.1400,0.4399,-0.4070,0.1672,0.5663,0.2828,0.7822
0.5202,2.3773,0.3595,path,3.5371,5.1400,0.0026,-0.4645,0.2342,1.5231,0.9246,1.0045
0.3559,14.4251,0.0197,lateral,1.2712,7.0600,0.3559,-0.2538,0.2495,0.5465,0.1830,0.0000
0.4105,6.1690,0.7509,path,2.6979,4.9400,0.0221,-0.1347,0.3878,1.6024,1.0099,1.1025
0.5785,6.4831,0.6688,path,2.4083,7.6600,0.0068,0.5274,0.2378,1.3039,0.5181,0.3376
0.2661,0.1264,0.7148,path,0.8816,7.6600,0.0158,-0.2569,0.0693,1.0341,0.6747,0.7931
0.9183,3.6914,0.1206,stand,0.0000,4.9400,0.0000,nan,nan,0.9395,0.2175,0.7145
0.1977,1.9438,0.6940,path,1.3955,4.2800,0.0087,0.0230,0.1964,1.1645,0.5075,0.4342
0.3427,2.3722,0.1671,lateral,0.7521,5.3400,0.3405,-0.2440,0.2406,0.3913,0.1339,0.6816
0.2988,5.0674,0.0306,lateral,0.5376,6.9200,0.2501,-0.0162,0.2984,0.3387,0.1125,0.6244
0.4747,16.6777,0.4677,path,3.5090,7.3600,0.0099,-0.3328,0.3385,1.0330,0.4659,0.4959
0.4069,2.8548,0.0943,turn,0.0000,4.7800,0.0000,nan,nan,0.4980,0.1234,0.6951
0.4062,6.4861,0.0517,lateral,0.7231,4.1600,0.4050,-0.2399,0.3277,0.3829,0.1577,0.8800
0.5466,12.0496,0.4518,path,0.5316,6.0400,0.0094,0.5441,0.0517,1.3609,0.7985,0.4679
0.1781,5.9605,0.7091,path,3.1153,5.9000,0.0120,-0.0064,0.1780,1.1546,0.7410,0.7195
0.0415,1.4614,0.0947,stand,0.0000,4.5800,0.0000,nan,nan,0.1620,0.0746,0.7493
0.2705,1.1388,0.9217,path,0.7341,5.0400,0.0098,-0.1422,0.2300,0.9714,0.4449,0.4928
0.3536,3.8066,0.0715,combined,1.1251,6.9800,0.3506,-0.3501,0.0495,0.4967,0.1545,0.7150
0.4850,2.2077,0.1456,straight,1.0317,4.9800,0.1806,0.4342,0.2161,1.3304,0.4828,0.8818
0.4594,0.6801,0.2187,path,2.4052,5.9000,0.0102,-0.4568,0.0482,0.8712,0.3945,0.5087
0.2834,0.9428,0.7979,path,3.0817,4.5000,0.0139,-0.2759,0.0647,0.9668,0.6934,0.6922
0.3130,0.0153,0.0440,combined,0.5706,6.3400,0.2908,-0.2501,0.1883,0.3618,0.1006,0.3138
0.1236,1.8399,0.0430,stand,0.0000,7.6400,0.0000,nan,nan,0.3604,0.0524,0.4628
0.4766,1.1543,0.0237,turn,0.0000,5.8600,0.0000,nan,nan,0.6183,0.1513,0.0000
0.0420,7.0578,0.3034,path,2.4798,6.9200,0.0064,0.0097,0.0409,0.8751,0.3987,0.3695
0.2854,2.9623,0.0718,lateral,0.6576,7.5600,0.1955,0.0797,0.2741,0.3516,0.1233,0.7085
0.1312,1.3831,1.1500,path,2.4787,4.0800,0.0203,0.1304,0.0146,1.5959,1.1075,1.0152
0.5015,5.7073,0.0346,straight,1.1611,6.5800,0.5015,-0.4820,0.1386,0.3866,0.1430,0.7296
0.4814,10.2577,0.0716,lateral,1.4070,7.0800,0.4798,-0.3359,0.3449,0.5568,0.1762,0.8049
0.3916,30.7431,0.5437,path,5.3089,7.0000,0.0157,-0.1720,0.3518,1.5284,0.7657,0.7857
0.6424,18.5069,0.3234,combined,1.1908,4.0800,0.6424,-0.1396,0.6271,1.1071,0.4914,0.8934
0.5689,6.2251,0.1090,combined,1.9053,5.9800,0.5689,0.3156,0.4733,1.7346,0.5359,0.3958
0.0230,10.3493,0.2043,path,2.0044,7.7600,0.0081,0.0223,0.0054,1.1605,0.4704,0.4075
0.5076,0.8004,0.0497,combined,0.6712,6.4400,0.5074,-0.4222,0.2818,0.6514,0.1342,0.6307
0.5328,11.0158,0.1592,combined,1.5803,4.0400,0.5328,-0.5304,0.0510,0.5063,0.2941,0.7247
0.2247,7.1981,0.7348,path,2.7299,6.6600,0.0112,0.0908,0.2055,1.0905,0.5866,0.5590
0.5828,0.3530,0.9376,path,1.2860,5.9200,0.0066,0.4318,0.3914,1.3569,0.4202,0.3305
0.7189,1.7129,0.1108,combined,1.5931,5.2600,0.7189,-0.0751,0.7149,1.2364,0.4009,0.8995
0.2362,2.6480,0.1201,turn,0.0000,5.6400,0.0000,nan,nan,0.5365,0.1225,0.0000
0.1594,3.1870,0.0209,turn,0.0000,6.0400,0.0000,nan,nan,0.6580,0.1173,0.0000
0.4323,8.4920,1.0294,path,3.0376,7.2800,0.0147,-0.2540,0.3498,1.7358,0.7744,0.7335
0.0333,3.5692,0.0474,stand,0.0000,5.1400,0.0000,nan,nan,0.1344,0.0308,0.5018
0.4626,1.7687,0.0631,turn,0.0000,4.2200,0.0000,nan,nan,0.6710,0.1400,0.4964
0.4076,6.9627,0.1648,turn,0.0000,4.0800,0.0000,nan,nan,0.7797,0.2288,0.0000
0.3439,1.9505,0.4575,path,4.1830,7.9200,0.0106,-0.2523,0.2337,0.8563,0.5088,0.5289
0.4518,9.7770,1.2865,path,5.5849,6.7800,0.0214,-0.4096,0.1908,1.4887,1.0197,1.0689
0.0410,17.2055,0.8853,path,3.0382,6.0200,0.0145,-0.0396,0.0107,1.1186,0.6982,0.7210
0.3884,9.5659,0.0511,lateral,1.1997,5.9000,0.3884,-0.1987,0.3337,0.4800,0.1890,0.6745
0.5683,2.6358,0.0722,combined,1.1131,4.0400,0.3611,0.4453,0.3531,1.1932,0.4329,0.3998
0.3232,5.9637,0.1278,combined,1.6339,6.9600,0.3221,0.3151,0.0719,1.2791,0.3353,0.0000
0.3645,7.9549,0.8848,path,2.7038,5.6000,0.0183,-0.3222,0.1705,1.0402,0.7720,0.9151
0.4550,9.0121,0.4570,path,2.6985,6.7400,0.0082,0.1362,0.4342,0.7797,0.4601,0.4106
0.8793,0.7104,1.2371,path,1.3521,4.1600,0.0191,0.3604,0.8021,1.3322,0.8760,0.9576
0.4156,9.3065,0.0181,straight,1.5971,6.0400,0.4156,-0.4038,0.0985,0.5421,0.2304,0.6538
0.4155,5.1376,0.1223,lateral,0.0251,6.9000,0.0251,-0.0310,0.4144,0.3267,0.1207,0.4080
0.3458,4.3497,0.0614,straight,1.4702,7.0800,0.3421,-0.3178,0.1363,0.4886,0.1998,0.0000
0.4812,4.3530,0.0617,turn,0.0000,4.7200,0.0000,nan,nan,0.6332,0.1952,0.5247
0.1768,10.1063,0.2625,path,3.4176,7.7600,0.0144,-0.1188,0.1309,1.3646,0.6901,0.7197
0.5987,0.9072,0.1466,straight,1.5006,4.4400,0.5979,-0.5805,0.1463,0.5042,0.2412,0.0000
0.4720,11.8667,0.1294,combined,1.2777,4.7400,0.1916,0.4185,0.2183,1.2616,0.4121,0.7815
0.3647,3.5412,0.8749,path,2.9134,7.9000,0.0148,-0.2802,0.2333,1.4504,0.6575,0.7374
0.0413,2.0804,0.0265,stand,0.0000,4.0200,0.0000,nan,nan,0.1140,0.0389,0.5606
0.5938,0.5507,0.9781,path,1.7915,4.4400,0.0204,0.5583,0.2021,1.3552,0.7748,1.0197
0.2770,6.5936,0.0130,lateral,0.2388,7.1200,0.2197,-0.0789,0.2656,0.2579,0.0959,0.0000
0.2719,2.1164,0.0778,turn,0.0000,7.5400,0.0000,nan,nan,0.5469,0.1374,0.5930
0.5468,0.9613,0.1297,straight,1.5679,7.5200,0.2112,0.5402,0.0852,1.4754,0.3556,0.4726
0.7151,9.8698,0.1927,straight,1.8466,5.2800,0.3094,0.6671,0.2577,1.6192,0.7205,0.4433
0.5098,16.0153,0.1258,combined,1.1750,5.4000,0.5098,-0.4608,0.2182,0.8027,0.2316,0.0000
0.4229,1.2383,0.0369,lateral,0.5337,4.2400,0.4104,-0.3296,0.2650,0.3048,0.1364,0.0000
0.2158,1.5585,0.0834,straight,0.4054,6.2000,0.0229,0.1751,0.1260,0.5265,0.2020,0.0000
0.4369,1.4288,0.0893,lateral,0.3467,6.1600,0.3184,-0.0652,0.4320,0.3335,0.1292,0.0000
0.4803,1.7131,0.0646,lateral,1.0155,7.8800,0.4803,-0.2665,0.3996,0.3348,0.1321,0.0000
0.1149,4.8872,0.4212,path,1.7063,4.9800,0.0071,-0.0944,0.0655,1.0944,0.3522,0.3555
0.2798,4.4885,0.0950,turn,0.0000,5.3800,0.0000,nan,nan,0.4301,0.0989,0.0000
0.4391,2.5896,0.0820,straight,1.5400,7.3200,0.0773,0.4168,0.1384,1.4194,0.3794,0.0000
0.2657,2.8684,0.1521,path,2.5855,6.7600,0.0090,-0.2620,0.0437,0.7383,0.4124,0.4487
0.1710,0.9142,0.8977,path,4.8052,6.7000,0.0170,0.0574,0.1611,1.2643,0.8728,0.8514
0.5620,7.5327,0.0985,combined,1.4556,4.6400,0.5620,-0.5591,0.0575,0.4804,0.2223,0.6568
0.3900,7.6732,0.0746,lateral,1.1453,6.8800,0.3790,-0.3499,0.1722,0.4192,0.1514,0.5239
0.1171,0.8532,0.0516,stand,0.0000,4.1600,0.0000,nan,nan,0.3319,0.0697,0.0000
0.1337,1.7012,0.4737,path,2.3609,5.6200,0.0085,-0.0564,0.1212,1.1056,0.4434,0.4274
0.1501,0.3455,0.9205,path,3.7867,7.1200,0.0163,-0.1348,0.0661,1.4779,0.9583,0.8106
0.0876,1.3222,0.0406,stand,0.0000,5.2400,0.0000,nan,nan,0.1567,0.0463,0.7935
0.3488,1.9684,0.0822,turn,0.0000,6.0400,0.0000,nan,nan,0.4971,0.1819,0.0000
0.6364,15.3749,1.3809,path,3.8044,4.7800,0.0152,-0.3817,0.5093,1.4527,0.7758,0.8899
0.1645,0.6462,0.0792,lateral,1.1418,6.6400,0.1446,0.0798,0.1438,0.5428,0.1975,0.8888
0.9732,12.8375,0.8595,path,4.0474,6.0800,0.0194,-0.6868,0.6896,1.5307,0.7824,0.9683
0.0721,0.4303,0.0552,stand,0.0000,7.6600,0.0000,nan,nan,0.2071,0.0515,0.0000
0.5789,2.8912,0.4457,path,1.8028,4.3800,0.0184,-0.4526,0.3610,1.2843,0.5608,0.9206
0.3963,3.5933,0.0795,turn,0.0000,4.8400,0.0000,nan,nan,0.5030,0.1220,0.0000
0.0623,0.1645,0.0205,stand,0.0000,5.5000,0.0000,nan,nan,0.2537,0.0386,0.0000
0.1547,4.4436,0.3646,path,1.3736,4.2200,0.0068,0.0189,0.1535,0.7725,0.3921,0.3418
0.4403,4.6952,0.0888,straight,0.3352,4.9800,0.3344,-0.4214,0.1276,0.1755,0.0823,0.0000
0.0606,3.5812,0.3143,path,2.4950,6.9400,0.0051,0.0166,0.0583,1.6166,0.8145,0.6622
0.2650,2.1786,0.1431,combined,1.6459,6.9400,0.2617,-0.1799,0.1946,0.5492,0.2379,0.7976
0.5872,1.0558,0.1244,combined,1.3087,5.0200,0.5872,-0.5452,0.2179,0.5460,0.2684,0.0000
0.5264,5.8500,0.1657,straight,1.4609,4.2800,0.5264,-0.5109,0.1271,0.4255,0.2424,0.4120
0.4583,0.5243,0.0634,straight,1.0291,5.8800,0.4583,-0.4511,0.0810,0.3170,0.1383,0.0000
0.4347,6.8703,0.0596,turn,0.0000,5.4400,0.0000,nan,nan,0.4359,0.1394,0.3076
0.3268,4.9125,0.1019,combined,1.6759,7.5600,0.3092,0.2044,0.2550,0.8590,0.2676,0.0000
0.2008,7.1839,0.5086,path,1.6899,6.1000,0.0074,-0.1979,0.0340,0.7589,0.3385,0.3691
0.4712,1.4009,0.7767,path,3.5287,6.2000,0.0120,-0.4488,0.1436,1.2691,0.5281,0.6004
0.0104,4.2040,0.1146,stand,0.0000,5.8800,0.0000,nan,nan,0.2434,0.0756,0.0000
0.2948,1.6246,0.0190,stand,0.0000,7.4800,0.0000,nan,nan,0.6307,0.0824,0.8945
0.8475,1.2162,0.7743,path,4.3387,5.4800,0.0180,-0.8088,0.2532,1.0799,0.7211,0.8997
0.2800,6.5886,0.0574,turn,0.0000,5.5400,0.0000,nan,nan,0.2186,0.0899,0.0000
0.2018,0.9093,0.9956,path,4.0361,6.5400,0.0126,-0.0633,0.1916,1.2791,0.6292,0.6272
0.4949,11.3439,0.0338,combined,1.4559,5.2400,0.4944,0.0356,0.4936,1.3778,0.4231,0.0000
0.4195,6.8191,0.2097,combined,1.4548,6.1800,0.4160,-0.0365,0.4179,0.6457,0.2291,0.7092
0.2389,2.2812,0.0334,combined,1.8026,6.6400,0.2389,-0.2251,0.0799,0.6606,0.2679,0.8749
0.0381,0.3554,0.0671,stand,0.0000,7.3200,0.0000,nan,nan,0.2017,0.0548,0.0000
0.0599,0.2368,0.1592,path,0.7850,7.8400,0.0095,0.0471,0.0370,1.1066,0.4503,0.4775
0.2710,3.7398,0.1527,path,2.5385,6.4600,0.0091,-0.2278,0.1468,1.1059,0.4291,0.4566
0.4771,3.8119,0.1491,straight,1.4114,5.5800,0.4771,-0.4624,0.1175,0.4656,0.1983,0.5211
0.3351,5.4979,0.0487,combined,0.8619,7.0800,0.3323,-0.2323,0.2415,0.3714,0.1233,0.5081
0.3978,10.1134,0.2046,straight,0.6888,4.3800,0.1193,0.3803,0.1167,0.8915,0.3215,0.3281
0.3726,7.6668,0.1036,straight,0.5678,4.4000,0.3659,-0.3646,0.0769,0.2522,0.1104,0.0000
0.3255,0.1299,0.0249,turn,0.0000,4.0400,0.0000,nan,nan,0.7700,0.1511,0.3971
0.4004,3.6233,0.0406,lateral,0.3323,6.7800,0.3075,0.0311,0.3992,0.3237,0.1191,0.3435
0.2778,0.5361,0.1734,turn,0.0000,5.1200,0.0000,nan,nan,0.6123,0.1311,0.0000
0.2710,1.9050,0.5753,path,3.9600,7.9600,0.0120,0.0731,0.2609,0.9082,0.6224,0.6009
0.2883,24.5779,0.1055,path,3.8951,7.0600,0.0215,-0.2167,0.1901,1.5151,0.7026,1.0810
0.3184,14.0951,0.6250,path,1.8064,4.0800,0.0186,-0.1468,0.2826,1.3555,0.6179,0.9269
0.3478,5.7882,0.6744,path,2.0195,6.8200,0.0172,0.2405,0.2513,1.1338,0.7997,0.8660
0.1702,1.8674,0.4106,path,1.6693,6.2600,0.0062,0.0032,0.1702,0.6095,0.3251,0.3106
0.2890,12.3548,0.5407,path,3.0254,7.8200,0.0157,-0.1481,0.2482,1.1880,0.6640,0.7867
0.4639,5.2940,0.1270,lateral,0.3903,4.0600,0.3901,-0.3616,0.2907,0.2320,0.1030,0.6253
0.1501,0.4186,0.8694,path,4.0885,7.4000,0.0039,0.1458,0.0356,1.3508,0.6626,0.6436
0.0689,4.2643,0.6867,path,2.9268,7.2000,0.0082,-0.0385,0.0572,0.8170,0.4257,0.4086
0.6314,7.5580,0.7273,path,2.4320,4.0000,0.0135,-0.5003,0.3851,1.3491,0.6118,0.6728
0.0323,1.4095,0.0158,stand,0.0000,4.0000,0.0000,nan,nan,0.1385,0.0312,0.3853
0.6759,8.6686,0.2128,lateral,1.2129,4.0000,0.6759,-0.5696,0.3639,0.5881,0.2075,0.0000
0.9081,29.1266,0.3609,path,1.1537,4.0200,0.0129,0.8927,0.1663,1.4255,0.6845,0.6479
0.1076,3.1268,0.5041,path,1.9214,4.0400,0.0098,-0.0297,0.1035,0.8726,0.5104,0.4890
0.5974,1.2321,0.2076,path,2.1718,4.0800,0.0140,-0.5642,0.1964,1.1534,0.6304,0.6995
0.4377,4.4291,0.0323,turn,0.0000,4.0800,0.0000,nan,nan,0.4595,0.1288,0.4158
0.1611,46.7404,0.1686,path,2.7182,4.1200,0.0193,-0.0599,0.1495,1.5175,0.7418,0.9549
0.2596,5.8966,0.5383,path,1.8868,4.1200,0.0100,-0.2491,0.0731,0.7803,0.4400,0.4976
0.5613,3.8572,0.3311,path,2.2880,4.1200,0.0197,-0.4104,0.3829,1.3738,0.6690,0.9872
0.2345,0.9896,0.8561,path,2.5567,4.1800,0.0145,-0.2343,0.0095,1.0040,0.6406,0.7295
0.0826,23.7612,0.8293,path,2.1382,4.1800,0.0157,-0.0447,0.0695,0.9142,0.7045,0.7873
0.2184,0.3908,0.2449,path,1.6800,4.1800,0.0125,-0.2182,0.0101,1.3564,0.4704,0.6263
0.5447,20.3751,0.0151,lateral,1.2112,4.2000,0.5442,-0.5085,0.1953,0.4914,0.1997,0.3278
0.2749,10.6526,0.8621,path,1.4189,4.2200,0.0162,0.2127,0.1742,1.5020,0.8522,0.8126
0.6459,11.7903,0.1935,combined,1.8667,4.3000,0.6459,0.1782,0.6208,1.5786,0.6347,0.0000
0.4612,7.2512,0.7207,path,3.5481,4.3000,0.0166,-0.3195,0.3327,1.4790,0.7599,0.8308
0.7528,22.1426,1.1853,path,3.3136,4.3400,0.0169,-0.1532,0.7371,1.4230,0.7684,0.8495
0.6152,3.3467,0.0913,combined,1.6065,4.3400,0.6140,-0.0908,0.6084,0.8665,0.4303,0.7059
0.5293,0.9213,0.0426,straight,0.5021,4.3800,0.4077,-0.5208,0.0942,0.3081,0.1029,0.6559
0.2172,7.1697,0.4595,path,1.0175,4.3800,0.0074,0.0539,0.2104,0.7911,0.4479,0.3735
0.2835,0.4884,0.5772,path,2.4728,4.4000,0.0150,-0.2384,0.1533,1.0609,0.6445,0.7483
0.2434,2.8903,0.9518,path,3.5177,4.4000,0.0225,-0.2252,0.0923,1.5130,0.9967,1.1236
0.7170,3.3431,0.5868,path,3.2443,4.4200,0.0213,-0.7169,0.0068,1.1661,0.7371,1.0697
0.4564,7.6674,0.4104,path,2.9098,4.4400,0.0144,-0.3374,0.3074,1.0101,0.6301,0.7198
0.3023,6.8075,0.5500,path,1.0840,4.4800,0.0161,0.0677,0.2946,1.3199,0.5578,0.8084
0.5612,4.5207,0.6366,path,1.3398,4.5200,0.0200,-0.4224,0.3694,1.2074,0.6556,1.0006
0.0807,6.9964,0.4601,path,2.1050,4.5200,0.0094,-0.0759,0.0273,1.1442,0.5120,0.4666
0.5075,3.0398,0.2257,combined,1.3099,4.5200,0.5075,-0.5039,0.0610,0.4438,0.2451,1.1288
0.1976,10.3019,0.2345,path,2.5347,4.5400,0.0131,0.0348,0.1945,1.3893,0.7447,0.6715
0.4556,2.1511,1.5222,path,3.0787,4.5400,0.0228,-0.4524,0.0543,1.5611,0.9918,1.1363
1.1857,11.4036,0.4921,path,4.6331,4.5400,0.0240,-1.0925,0.4607,1.5182,0.8882,1.1931
0.5748,3.6767,0.2389,path,2.7917,4.5400,0.0161,-0.5255,0.2330,1.2994,0.5311,0.8033
0.3157,1.5476,0.3032,path,2.2106,4.5400,0.0114,-0.3142,0.0303,1.1930,0.5061,0.5723
0.1961,0.5377,0.0537,turn,0.0000,4.6400,0.0000,nan,nan,0.5642,0.1392,0.9259
0.4664,4.8529,0.1227,lateral,0.2738,4.6400,0.2738,-0.2646,0.3841,0.4191,0.1605,0.0000
0.2737,1.5366,0.3706,path,1.7083,4.6400,0.0078,-0.2140,0.1706,0.7935,0.3744,0.3899
0.3330,2.7139,0.0061,lateral,0.1838,4.6600,0.1838,-0.0981,0.3182,0.4044,0.1276,0.0000
0.0837,3.7471,0.0301,stand,0.0000,4.6600,0.0000,nan,nan,0.1757,0.0477,0.6816
0.4103,2.9798,0.0717,lateral,0.5566,4.6800,0.3976,-0.1087,0.3956,0.3610,0.1677,0.0000
0.4237,13.1715,1.2720,path,1.0016,4.7000,0.0004,-0.1690,0.3886,1.4382,0.7343,0.9712
0.3431,7.7685,0.8781,path,1.3710,4.7200,0.0146,-0.1730,0.2963,1.1328,0.6393,0.7286
0.4990,3.2611,1.4087,path,3.5708,4.7400,0.0174,-0.4219,0.2666,1.4303,0.7505,0.8180
0.2634,4.9927,0.8118,path,0.8684,4.7400,0.0112,-0.2554,0.0643,0.8478,0.5303,0.5611
0.5586,1.0899,1.0324,path,3.5257,4.7400,0.0195,-0.5505,0.0951,1.3644,0.7253,0.9727
0.5236,10.2285,0.0316,lateral,1.1215,4.7600,0.5236,-0.4342,0.2926,0.5014,0.1878,0.3819
0.0841,1.7564,1.0333,path,4.7721,4.7600,0.0222,-0.0840,0.0047,1.6133,1.0722,1.1095
0.4226,4.4328,0.1269,path,1.4605,4.7800,0.0063,0.3508,0.2356,0.9085,0.4777,0.3173
0.3909,9.2692,0.0737,combined,1.7515,4.8000,0.3909,-0.3849,0.0681,0.6030,0.3015,1.0698
0.2343,10.2628,0.8222,path,2.2985,4.8400,0.0126,-0.1483,0.1814,1.1366,0.5579,0.6327
0.6704,12.9132,0.2276,lateral,1.4130,4.8600,0.6704,-0.5915,0.3155,0.5827,0.2057,0.6506
0.2979,1.7078,0.9573,path,2.6180,4.8800,0.0148,-0.2726,0.1202,1.1003,0.6285,0.7400
0.4234,6.4579,1.2585,path,2.4504,4.8800,0.0240,0.1741,0.3859,1.7163,1.0103,1.2000
0.7267,9.4207,0.4401,path,4.0246,4.9000,0.0178,-0.7022,0.1871,1.2301,0.7198,0.8897
0.1613,8.6475,0.0512,path,2.7413,4.9000,0.0115,0.1447,0.0713,1.4762,0.6550,0.5771
0.4986,1.4986,0.1083,combined,1.3813,4.9000,0.4986,-0.4267,0.2580,0.5544,0.2147,0.4410
0.0513,2.4155,0.0230,stand,0.0000,4.7400,0.0000,nan,nan,0.3031,0.0582,0.9245
0.6228,0.3593,0.7691,path,4.7506,4.9200,0.0210,-0.4425,0.4382,1.4856,0.9031,1.0448
0.7456,2.7095,1.0450,path,3.6872,4.9400,0.0176,0.1758,0.7246,1.4941,0.8492,0.8854
0.5456,9.5556,0.0334,lateral,1.3381,4.9800,0.5456,-0.4396,0.3232,0.4918,0.2064,1.0665
0.5329,1.7039,1.0116,path,3.0676,5.0400,0.0151,0.0745,0.5276,1.3309,0.7145,0.7563
0.2332,2.0634,0.1988,lateral,1.2247,5.0600,0.2322,-0.1363,0.1892,0.5145,0.2280,1.1075
0.3956,2.4387,0.0857,turn,0.0000,5.0800,0.0000,nan,nan,0.6005,0.1492,0.0000
0.4078,0.3112,0.0603,lateral,0.2167,5.1000,0.2167,-0.1369,0.3841,0.2783,0.1310,0.5051
0.4397,1.1501,0.2683,straight,1.5534,5.1200,0.1534,0.4348,0.0657,1.6287,0.6189,1.0028
0.3592,10.3172,0.0808,lateral,0.8469,5.1400,0.3592,-0.3317,0.1379,0.3694,0.1615,0.5930
0.4269,1.9014,0.0548,straight,0.4818,5.1400,0.1529,0.3912,0.1709,0.7619,0.2384,0.0000
0.6929,7.4976,0.9788,path,3.8017,5.1600,0.0149,-0.4947,0.4852,1.3952,0.6687,0.7443
0.3278,1.9694,0.0568,turn,0.0000,5.1600,0.0000,nan,nan,0.2703,0.1162,0.7862
0.6617,6.0454,0.5317,path,3.9593,5.1800,0.0175,-0.6600,0.0483,1.1539,0.7052,0.8807
0.3822,2.0435,0.9326,path,4.8896,5.2600,0.0202,-0.1870,0.3333,1.4715,1.0090,1.0115
0.2571,10.9182,0.6822,path,1.9810,5.2600,0.0098,-0.2048,0.1554,0.9556,0.4397,0.4922
0.4239,1.1047,0.2601,lateral,1.1031,5.2600,0.4239,-0.2093,0.3686,0.5433,0.2086,0.6538
0.4515,6.6279,0.8242,path,4.8640,5.3200,0.0218,-0.4495,0.0428,1.6108,0.9862,1.0884
0.3192,2.2361,0.1227,lateral,1.3209,5.3600,0.3192,-0.1163,0.2972,0.6474,0.2422,0.5939
0.2485,0.2058,0.5641,path,3.2163,5.3600,0.0121,-0.2384,0.0701,1.5260,0.5956,0.6009
0.4177,5.1256,1.0061,path,3.8532,5.3800,0.0033,0.3436,0.2375,1.3927,0.8236,0.7895
0.2434,1.8408,0.7729,path,2.6887,5.4400,0.0100,-0.1631,0.1807,1.1839,0.4930,0.4986
0.0752,0.4928,0.0175,stand,0.0000,5.4400,0.0000,nan,nan,0.1740,0.0383,0.5081
0.2641,0.6382,0.3238,path,2.0473,5.4400,0.0077,-0.2109,0.1590,1.0202,0.3756,0.3852
0.4310,6.3916,0.0296,straight,1.4188,5.4800,0.1076,0.4094,0.1348,1.2835,0.3986,0.0000
0.7814,19.3398,0.8197,path,4.5615,5.5200,0.0187,-0.6716,0.3994,1.2196,0.7604,0.9294
0.0761,1.2105,0.0184,stand,0.0000,5.5200,0.0000,nan,nan,0.2097,0.0400,0.0000
0.4726,9.0227,0.0632,turn,0.0000,5.5200,0.0000,nan,nan,0.4576,0.1247,0.0000
0.2105,3.3785,0.1023,path,1.0110,5.5400,0.0068,0.1557,0.1417,1.3092,0.5759,0.3394
0.2080,6.0101,1.0387,path,3.4156,5.5400,0.0166,-0.1265,0.1651,1.2750,0.7234,0.8365
0.4617,0.3906,0.3342,combined,1.8735,5.5400,0.4617,-0.4518,0.0948,0.7705,0.3706,0.6873
0.2204,0.0120,0.0931,lateral,0.6225,5.5600,0.2202,0.0132,0.2200,0.3901,0.1450,0.0000
0.3632,4.8594,0.9518,path,2.3961,5.6200,0.0107,-0.3631,0.0062,1.3406,0.5346,0.5765
0.7963,0.7957,1.4014,path,2.1143,5.6200,0.0231,-0.4153,0.6795,1.6247,0.9979,1.1568
0.4522,7.6836,0.3055,path,2.7702,5.6600,0.0110,-0.2765,0.3578,1.6937,0.5729,0.5541
0.6196,7.8745,0.9233,path,2.8461,5.6600,0.0091,-0.3131,0.5346,1.1787,0.4741,0.5098
0.4190,1.5687,0.1552,straight,0.4625,5.7000,0.4190,-0.4185,0.0192,0.3739,0.1029,0.3713
0.7691,2.1037,1.3731,path,2.7146,5.7600,0.0213,-0.6466,0.4164,1.4376,0.7590,1.0619
1.4267,21.1215,0.5396,path,0.9825,5.8000,0.0226,-1.0618,0.9529,1.2185,0.4144,1.1337
0.2157,1.2550,0.1866,path,1.5509,5.8000,0.0061,-0.2028,0.0732,0.6194,0.2607,0.3033
0.1978,8.0307,0.8609,path,3.1674,5.8400,0.0162,-0.1975,0.0117,1.2991,0.7938,0.8122
0.6458,33.7842,1.2751,path,2.6718,5.8600,0.0197,0.5395,0.3551,1.5400,0.9724,0.9905
0.2947,3.7605,0.0677,turn,0.0000,5.8600,0.0000,nan,nan,0.5837,0.1195,0.3258
0.4405,1.4802,0.0631,straight,0.9150,5.8800,0.0127,0.4381,0.0453,1.5354,0.3901,0.9157
0.2873,9.1488,0.1339,combined,0.1526,5.8800,0.1226,-0.0150,0.2869,0.2543,0.1066,0.4322
0.9965,40.5003,0.3884,path,2.1787,4.8800,0.0134,0.6252,0.7759,1.6839,0.9772,0.6708
0.7894,5.9750,0.8770,path,4.7887,5.9200,0.0194,-0.7741,0.1548,1.3634,0.8165,0.9686
0.3649,17.2631,0.9124,path,1.1943,5.9200,0.0144,0.3284,0.1592,1.4823,0.9274,0.7190
0.5525,10.4493,0.0442,lateral,1.4123,5.9400,0.5478,-0.5063,0.2211,0.5400,0.1847,0.7150
0.5537,1.7903,1.0461,path,1.5788,5.9600,0.0193,0.5528,0.0319,1.4748,0.6727,0.9649
0.5798,4.9911,0.1377,combined,1.8853,5.9600,0.5798,-0.5537,0.1721,0.5355,0.2585,0.4356
0.4910,7.0788,0.4181,path,2.3402,5.9800,0.0078,-0.2503,0.4224,0.5509,0.3867,0.3913
0.2857,3.8891,0.0664,turn,0.0000,5.9800,0.0000,nan,nan,0.3354,0.1022,0.0000
0.4962,9.8106,0.0857,combined,1.6592,6.0000,0.4962,-0.3226,0.3771,0.8994,0.2915,0.0000
0.6036,0.1228,0.0914,straight,1.7887,6.0400,0.0185,0.5986,0.0771,1.7032,0.5762,0.7158
0.4075,6.0684,0.5946,path,1.3188,6.0400,0.0143,-0.2393,0.3298,1.1286,0.7137,0.7165
0.4107,4.1073,0.0839,combined,0.4996,5.2200,0.1394,0.2269,0.3423,0.8876,0.3057,0.5247
0.4401,0.3154,0.4461,path,3.0599,6.0600,0.0104,-0.3312,0.2898,0.7170,0.4621,0.5203
0.7091,15.1508,0.6408,path,1.1405,6.0800,0.0205,-0.6736,0.2218,1.5017,0.6726,1.0272
0.5612,15.5334,0.0120,lateral,1.4904,6.0800,0.5612,-0.4481,0.3378,0.4881,0.1942,0.3326
0.4949,11.1481,0.0558,straight,0.7054,6.0800,0.4825,-0.4891,0.0755,0.3398,0.0908,0.8886
0.3726,0.5665,0.1077,straight,1.9765,6.0800,0.0891,0.3587,0.1010,1.6498,0.5784,0.8818
0.5549,0.9279,1.0458,path,2.8838,6.1000,0.0121,-0.5477,0.0887,1.2066,0.4822,0.6048
0.3331,2.6196,0.0388,turn,0.0000,6.1000,0.0000,nan,nan,0.6932,0.1412,0.0000
0.3953,7.5057,0.1005,combined,1.3081,6.1200,0.3953,0.0272,0.3943,1.2693,0.3408,0.8358
0.3175,8.6435,0.4210,path,2.1470,6.1400,0.0070,-0.1209,0.2936,0.5976,0.3410,0.3498
0.3311,0.3241,0.0850,combined,1.1459,6.1400,0.3311,-0.2988,0.1427,0.5954,0.1912,0.0000
0.3588,7.1262,0.9508,path,3.1676,6.1400,0.0179,-0.2098,0.2911,1.2451,0.8426,0.8939
0.6411,7.6285,0.1287,combined,1.9203,6.1600,0.6411,-0.1761,0.6164,1.4336,0.4128,0.3631
0.2601,0.6660,0.1826,combined,0.5999,6.1600,0.2060,0.1591,0.2058,0.5823,0.1463,0.9495
0.3739,1.3022,0.1061,combined,0.8174,6.1600,0.3642,-0.3365,0.1631,0.3990,0.1368,0.3335
0.1068,1.7746,0.2866,path,1.6248,6.1800,0.0141,0.0666,0.0835,1.3576,0.6074,0.7058
0.2760,2.7428,0.4798,path,2.8761,6.2000,0.0137,-0.2703,0.0560,1.2008,0.6101,0.6871
0.8296,1.0078,1.0001,path,5.8206,6.2000,0.0231,-0.7983,0.2257,1.4321,0.9357,1.1544
0.3907,11.0204,0.6789,path,0.6153,6.2400,0.0125,-0.3869,0.0544,1.3834,0.8402,0.6225
0.6690,5.2813,1.2378,path,5.9858,6.2600,0.0220,-0.6679,0.0384,1.7289,0.9574,1.0999
0.5607,1.5721,0.8347,path,1.7322,6.2600,0.0211,0.1816,0.5305,1.4652,0.7739,1.0575
0.2637,6.7137,0.2595,path,2.3184,6.2800,0.0097,0.2543,0.0699,1.3226,0.5881,0.4840
0.3570,6.3102,0.0801,straight,1.6667,6.3000,0.1092,0.3560,0.0274,1.7001,0.4773,0.0000
0.2944,2.3385,0.9029,path,0.9513,6.3000,0.0161,0.2651,0.1280,1.6964,1.1023,0.8062
0.2422,8.4537,0.0398,lateral,0.4136,4.9800,0.2167,0.0068,0.2422,0.3306,0.1278,0.4617
0.1348,4.6307,0.3925,path,2.2913,6.3200,0.0084,0.0255,0.1324,0.9497,0.4118,0.4167
0.1942,0.4313,0.5725,path,1.7221,6.3200,0.0154,-0.0235,0.1928,1.2716,0.7611,0.7710
0.3952,11.4278,0.1110,lateral,0.5823,6.3400,0.3840,-0.2579,0.2995,0.3924,0.1332,0.0000
0.1953,11.7127,0.3271,path,1.8458,6.3400,0.0113,-0.0358,0.1920,0.7848,0.4778,0.5661
0.3229,4.9389,0.0843,straight,1.2199,6.3600,0.3207,-0.3106,0.0883,0.5385,0.1950,0.6540
0.3449,6.8063,0.0750,turn,0.0000,6.3600,0.0000,nan,nan,0.4729,0.1936,0.7047
0.5737,2.7246,0.0079,combined,1.7432,6.3600,0.5737,-0.5691,0.0727,0.4828,0.2038,0.6568
0.3187,3.2766,0.0942,combined,1.6003,6.3800,0.0542,0.3180,0.0215,1.0807,0.3426,1.0989
0.3034,4.1193,0.8477,path,4.3136,6.3800,0.0154,-0.2699,0.1384,1.2860,0.7153,0.7704
0.3788,10.2537,0.3620,path,1.5530,6.4000,0.0107,0.3634,0.1069,1.1953,0.7051,0.5375
0.2180,1.3446,0.5443,path,2.5070,6.4000,0.0079,0.0707,0.2063,0.7743,0.4151,0.3939
1.0852,0.4566,1.2767,path,2.4306,6.4200,0.0159,1.0803,0.1028,1.3935,0.7320,0.7975
0.3506,3.8552,0.1365,straight,0.4754,6.4400,0.0129,0.3443,0.0659,0.6454,0.1903,0.3281
0.1823,0.4195,1.3354,path,2.2620,6.4600,0.0209,-0.1707,0.0638,1.7172,1.0841,1.0475
0.3094,10.3350,0.4290,path,2.2089,6.4800,0.0093,0.3047,0.0534,1.1662,0.6331,0.6305
0.3634,17.8221,0.1443,path,2.2205,6.4800,0.0095,0.3629,0.0196,1.2194,0.5492,0.4775
0.1953,5.8178,0.6897,path,2.5735,6.5000,0.0079,0.0053,0.1953,1.0412,0.4347,0.3959
0.0603,4.7566,0.0124,stand,0.0000,6.5000,0.0000,nan,nan,0.2287,0.0431,0.9373
0.1067,10.3175,1.2295,path,2.2465,6.5000,0.0112,-0.1011,0.0339,1.4125,0.6091,0.5605
0.4743,4.5264,0.3744,path,1.9143,6.5000,0.0091,-0.4646,0.0953,0.9075,0.3255,0.4549
0.2651,11.4605,0.8710,path,1.6345,6.5200,0.0133,0.1250,0.2338,1.6473,0.9128,0.9854
0.4040,1.3643,0.0521,lateral,0.4861,6.5200,0.3924,-0.1275,0.3833,0.3911,0.1320,0.3261
0.5245,5.4764,0.1248,turn,0.0000,6.5400,0.0000,nan,nan,0.7944,0.1385,1.0818
0.2350,8.0232,0.0670,lateral,0.7458,6.5400,0.2350,-0.1522,0.1790,0.3010,0.1193,0.7635
0.2606,2.4211,0.1104,straight,1.2736,6.5600,0.2606,-0.2587,0.0313,0.4420,0.1882,0.5999
0.5623,0.2620,0.1174,combined,1.5966,6.5600,0.5623,0.2724,0.4920,1.1179,0.3375,0.8279
0.0468,1.1403,0.0326,stand,0.0000,6.5600,0.0000,nan,nan,0.3099,0.0302,0.9796
0.4222,7.7276,0.0878,lateral,1.1792,6.6000,0.4222,-0.2350,0.3507,0.5046,0.1672,0.0000
0.3015,3.3582,0.1193,lateral,0.4020,6.6000,0.2626,-0.0068,0.3015,0.3470,0.1306,0.8310
0.3999,0.6751,0.0220,straight,0.7635,6.6200,0.0363,0.3769,0.1338,1.1516,0.2988,0.4260
0.4585,12.0610,0.1517,straight,1.0930,6.6200,0.2138,0.4054,0.2143,1.3649,0.3598,0.0000
0.4893,2.4163,0.2003,straight,1.4460,6.6400,0.4893,-0.4812,0.0888,0.4291,0.1760,0.4743
0.5055,7.5096,0.1349,path,2.0091,6.6400,0.0068,0.4600,0.2096,1.0852,0.4511,0.3411
0.3295,0.0184,0.8818,path,3.8210,6.6600,0.0177,-0.3291,0.0157,1.4746,0.7662,0.8891
0.1679,5.0601,0.1882,path,0.5597,6.6800,0.0186,-0.1679,0.0002,1.2511,0.6765,0.9300
0.4873,11.7475,0.2289,lateral,0.5993,6.7000,0.4733,-0.1756,0.4545,0.3511,0.1302,0.5407
0.3648,5.4842,0.0863,lateral,1.1516,6.7200,0.3612,-0.2082,0.2995,0.5689,0.1903,0.0000
0.4193,3.6394,0.6433,path,3.2300,6.7200,0.0158,-0.1671,0.3845,1.4695,0.8100,0.7886
0.2750,2.0272,0.9539,path,2.9293,5.8400,0.0109,-0.2728,0.0346,0.9635,0.5194,0.5458
0.4245,3.3862,0.0591,combined,1.8004,6.7400,0.2618,0.4082,0.1165,1.4925,0.4193,0.8361
0.4066,33.3625,1.3559,path,5.8974,6.7600,0.0240,0.2854,0.2895,1.7786,1.1579,1.1938
1.5948,1.7878,0.9545,path,4.2447,6.7800,0.0215,-1.5190,0.4859,1.4133,0.6539,1.0746
0.3104,7.3601,0.7010,path,2.7372,6.8000,0.0133,0.1883,0.2467,1.5475,0.7721,0.6808
0.5932,10.3757,0.0552,combined,1.0513,6.8200,0.5932,-0.4509,0.3855,0.5368,0.1625,0.5044
0.4626,5.5166,0.1307,turn,0.0000,6.8400,0.0000,nan,nan,0.2916,0.1226,0.0000
0.3581,5.1023,0.0694,lateral,0.6064,6.0200,0.3222,0.0099,0.3580,0.3749,0.1522,0.7815
0.3820,1.8685,0.1190,turn,0.0000,6.8600,0.0000,nan,nan,0.6961,0.1296,0.4726
0.1574,10.6083,0.5886,path,2.1843,6.8600,0.0109,-0.0834,0.1335,0.8319,0.5249,0.5469
0.5581,2.1317,0.0939,turn,0.0000,6.8800,0.0000,nan,nan,1.0072,0.1703,1.0184
0.1987,4.5398,0.3457,path,2.6404,6.9000,0.0077,-0.1734,0.0971,0.6479,0.3588,0.3846
0.2518,3.7405,0.2003,path,2.1986,6.9200,0.0016,0.2002,0.1527,0.9289,0.4907,0.4100
0.7409,2.4933,1.4856,path,1.0885,6.9400,0.0173,0.5300,0.5178,1.5529,1.0037,0.8643
0.3865,5.8469,0.0578,combined,0.9336,6.9400,0.3865,-0.2896,0.2560,0.4385,0.1443,0.6474
0.2939,0.5060,0.4795,path,1.9297,6.9400,0.0084,-0.2927,0.0272,0.5878,0.3637,0.4180
0.2503,12.9962,0.4023,path,3.9080,6.9600,0.0122,-0.1806,0.1733,1.3173,0.5828,0.6087
0.3383,4.3522,0.0641,straight,1.8363,6.9800,0.0516,0.3255,0.0922,1.6315,0.5656,0.6152
0.3775,23.5932,0.1255,path,3.2485,7.0200,0.0104,0.2369,0.2938,1.3052,0.5990,0.5201
0.9071,11.5737,0.7156,path,5.4802,7.0200,0.0158,-0.5444,0.7255,1.2497,0.7296,0.7802
0.6538,3.2994,0.6538,path,3.8335,7.0200,0.0117,-0.0534,0.6516,1.0747,0.6195,0.5857
0.3602,3.9298,0.7796,path,6.1264,7.0600,0.0091,-0.1229,0.3386,1.4689,0.8660,0.8688
1.5089,6.5019,1.6720,path,6.8964,7.1200,0.0237,-1.5089,0.0061,1.7201,0.8640,1.1830
0.3049,4.3071,0.0434,lateral,0.0316,7.1200,0.0014,0.0034,0.3048,0.2295,0.0995,0.7967
0.3490,1.3893,0.0117,lateral,0.3605,7.1400,0.2153,0.0517,0.3452,0.4110,0.1189,0.5928
0.1857,2.8084,0.3867,path,2.1108,7.1600,0.0082,-0.1551,0.1020,1.0102,0.4631,0.4116
0.4259,6.5240,0.0600,turn,0.0000,7.1800,0.0000,nan,nan,0.7328,0.1477,0.0000
0.2361,8.3005,0.0930,combined,0.9280,7.1800,0.2340,-0.0304,0.2341,1.0116,0.2335,0.9415
0.1265,1.2527,0.2347,path,4.6309,7.2200,0.0129,-0.1143,0.0540,1.3407,0.6327,0.6431
0.7235,7.6983,0.9203,path,6.6733,7.2400,0.0241,-0.7129,0.1234,1.4834,1.0287,1.2050
0.4171,2.5974,0.0326,straight,1.2327,7.2400,0.4171,-0.3839,0.1631,0.4095,0.1592,0.0000
0.3659,1.3270,0.0905,lateral,1.2384,7.2600,0.3612,-0.0127,0.3657,0.6541,0.1957,0.9868
0.3381,2.3894,0.0806,combined,1.8818,7.2600,0.3381,-0.3072,0.1410,0.6249,0.2595,0.0000
0.3354,1.1970,0.0550,lateral,0.6908,7.2800,0.3335,-0.1044,0.3188,0.4450,0.1296,0.8513
0.3911,10.6586,0.2666,path,2.0563,6.4600,0.0065,-0.1232,0.3712,0.8091,0.3245,0.3272
0.4275,9.4326,0.1272,straight,1.8508,7.2800,0.3983,0.3985,0.1546,1.5548,0.5146,0.6142
0.7728,1.9337,0.9206,path,3.0990,7.3200,0.0148,-0.5388,0.5541,1.3599,0.5710,0.7380
0.4634,1.7127,0.0906,turn,0.0000,7.3400,0.0000,nan,nan,0.6335,0.1312,0.4120
0.3766,5.3279,0.1282,straight,1.7676,7.3400,0.2850,0.3757,0.0260,1.4826,0.4106,0.4977
0.3744,7.3406,0.0138,straight,0.5631,7.3600,0.0781,0.3738,0.0209,0.9830,0.2226,0.0000
0.0082,0.0544,0.0111,stand,0.0000,7.3600,0.0000,nan,nan,0.2245,0.0314,0.0000
0.4008,0.3440,0.0615,lateral,1.4801,7.4000,0.4008,-0.2214,0.3341,0.5291,0.1939,0.0000
0.7901,3.9191,1.6404,path,1.2035,7.4600,0.0230,-0.0500,0.7885,1.7455,1.0408,1.1467
0.4665,1.0423,0.0983,lateral,0.7517,7.4600,0.4613,-0.0774,0.4601,0.5653,0.1653,0.0000
0.4050,2.4922,0.0430,straight,0.1923,7.5200,0.1923,-0.4050,0.0055,0.3544,0.1015,0.8049
0.4102,10.8778,0.0479,combined,1.5966,7.5200,0.4102,0.2212,0.3454,1.5959,0.4489,0.4433
0.2839,1.8108,0.2950,path,2.8762,7.5600,0.0080,-0.2553,0.1244,1.0803,0.4319,0.3980
0.0755,0.7840,0.0327,stand,0.0000,7.5800,0.0000,nan,nan,0.2772,0.0411,0.4838
0.3154,8.9960,0.4371,path,2.1949,7.5800,0.0070,-0.2481,0.1948,0.7501,0.3489,0.3475
0.3033,4.9587,0.9210,path,0.6123,7.6000,0.0168,-0.2823,0.1110,1.1343,0.6898,0.8386
0.4581,1.9118,0.1772,combined,1.7088,7.6200,0.4555,-0.4567,0.0355,0.5138,0.2005,0.0000
0.4684,19.2736,0.3800,path,2.1317,6.6000,0.0098,0.4291,0.1878,1.1175,0.6357,0.4922
0.4211,8.7924,0.0969,turn,0.0000,7.6200,0.0000,nan,nan,0.3518,0.1172,0.7247
0.0830,1.1301,0.0303,stand,0.0000,7.6400,0.0000,nan,nan,0.1421,0.0325,0.7517
0.2969,1.5641,0.0568,straight,0.5656,7.6600,0.2922,-0.2900,0.0637,0.3012,0.1097,0.7976
0.0150,4.3842,0.5124,path,2.9442,7.6600,0.0096,-0.0150,0.0014,1.0330,0.4951,0.4815
0.6047,0.2060,0.1446,straight,0.2366,7.7200,0.2365,-0.5965,0.0989,0.2530,0.0970,0.8995
0.4198,0.0300,0.0598,straight,1.9511,7.7400,0.4198,-0.4109,0.0860,0.5703,0.2227,0.3971
0.2924,6.0841,0.1741,combined,1.0170,7.7600,0.2886,-0.2515,0.1492,0.5483,0.1495,0.8749
0.3156,7.8301,0.1124,combined,0.8139,7.7800,0.1990,0.1179,0.2927,0.6927,0.1538,0.3605
0.2840,0.5787,0.0337,straight,1.0226,7.8000,0.2692,-0.2838,0.0117,0.4212,0.1443,0.0000
0.4488,8.8945,0.1343,turn,0.0000,6.9600,0.0000,nan,nan,0.9214,0.1620,0.6566
0.2353,9.4934,1.2142,path,4.5585,7.8200,0.0149,0.0722,0.2239,1.4687,0.7808,0.7450
0.2735,2.3546,0.1684,path,3.4302,7.8200,0.0162,-0.0897,0.2584,1.6767,0.8501,0.8093
0.8740,13.0196,0.5924,path,3.1548,7.8400,0.0106,0.8674,0.1073,1.4397,0.6003,0.5317
0.1870,4.9249,1.4308,path,2.3018,7.8400,0.0220,0.1393,0.1247,1.7316,1.1817,1.0961
0.6837,17.9034,0.9836,path,3.0748,7.8600,0.0167,0.6695,0.1384,1.5018,0.9652,0.8330
0.2800,5.2043,0.4057,path,2.5321,7.8800,0.0065,-0.0155,0.2796,0.7078,0.3607,0.3237
0.4134,8.8735,1.0447,path,3.8812,7.8800,0.0230,0.4071,0.0720,1.8746,1.2553,1.1419
0.5075,1.7293,1.2203,path,3.2090,7.8800,0.0084,0.3213,0.3928,1.2202,0.5107,0.4220
0.2443,9.3517,0.4943,path,4.5043,7.8800,0.0176,0.0072,0.2442,1.5830,0.8664,0.8835
0.3751,0.9695,0.0697,combined,0.8307,7.1600,0.3686,-0.1711,0.3338,0.4400,0.1420,0.7831
0.3576,22.6971,0.4713,path,1.6729,7.9200,0.0227,0.3572,0.0169,1.4708,0.6806,1.1397
0.3157,3.3968,0.2368,combined,1.8095,7.9400,0.3157,-0.2784,0.1489,0.6054,0.2399,0.8888
0.2987,4.1481,0.1656,turn,0.0000,7.9800,0.0000,nan,nan,0.9220,0.1315,0.3621
0.7666,9.0949,0.9244,path,2.4768,7.9800,0.0212,0.4594,0.6137,1.7650,1.0680,1.0487
0.4124,7.3918,0.6309,path,2.3543,7.3800,0.0140,-0.2152,0.3518,1.1156,0.6265,0.7012
0.6607,8.4900,0.1947,path,4.2805,7.1600,0.0122,-0.0959,0.6537,1.2653,0.6089,0.6085
0.1421,5.4248,1.3309,path,1.0068,4.2000,0.0221,-0.0164,0.1412,1.4958,1.0514,1.1052
0.2388,1.9737,0.1299,combined,0.2870,7.5400,0.2204,-0.2315,0.0588,0.4056,0.0975,1.0604
0.3665,1.7954,0.1184,turn,0.0000,4.1800,0.0000,nan,nan,0.2738,0.1159,0.0000
0.5552,10.9997,0.1366,combined,1.4381,4.5200,0.5552,-0.1498,0.5346,1.2353,0.4122,0.3853
0.5688,2.6479,0.1352,straight,1.7645,4.0400,0.5688,-0.5688,0.0025,0.5493,0.3155,0.0000
0.2080,6.0692,0.3501,path,2.9559,4.4800,0.0071,-0.1833,0.0982,1.1020,0.6781,0.6936
0.7343,1.2758,0.1456,stand,0.0000,4.3600,0.0000,nan,nan,0.7832,0.2369,0.6559
0.0499,1.3044,0.0829,path,2.6483,4.3800,0.0157,-0.0002,0.0499,1.4565,0.7184,0.7841
0.1260,5.4996,0.2140,path,4.3007,7.6400,0.0084,-0.1016,0.0746,1.0199,0.5665,0.5721
0.2609,9.5325,0.1100,path,2.6385,4.6800,0.0117,-0.0765,0.2494,1.0995,0.5649,0.5826
0.5684,136.9834,0.9064,path,3.8716,4.5000,0.0221,0.3166,0.4721,1.8337,0.9930,1.1242
0.6009,3.5021,1.1341,path,4.4478,4.6400,0.0212,-0.0648,0.5974,1.4426,1.0373,1.0618
1.1777,3.0241,1.4449,path,1.2400,4.9400,0.0167,0.9425,0.7061,1.6118,0.8324,0.8363
0.8254,25.8438,0.6391,path,3.9857,4.5400,0.0228,-0.6422,0.5185,1.5174,0.9111,1.1420
0.5367,7.3839,0.2144,combined,1.0173,4.3400,0.5325,-0.0681,0.5323,0.6713,0.2661,0.3819
0.5719,5.9049,0.0523,lateral,0.6919,4.2000,0.5719,-0.4054,0.4033,0.3097,0.1456,1.0665
0.3785,13.2689,0.3566,path,3.4458,4.3000,0.0114,-0.3280,0.1889,1.3952,0.7614,0.8867
0.5291,3.6942,0.0814,straight,1.1521,4.6400,0.1351,0.5195,0.1000,1.2025,0.4196,0.0000
0.5809,4.2694,0.0303,straight,0.7666,5.3400,0.1034,0.5642,0.1381,1.1296,0.3187,0.0000
0.8350,3.3550,1.1615,path,1.1478,6.8600,0.0205,0.8323,0.0681,1.6148,0.8986,1.0265
0.5298,9.5070,0.0119,lateral,1.4765,5.2200,0.5287,-0.3839,0.3651,0.6452,0.2329,0.3278
0.1916,2.6024,0.6728,path,2.8325,4.7000,0.0137,-0.1228,0.1471,1.1093,0.7489,0.6854
0.4264,3.6169,0.0636,straight,0.4295,4.5200,0.4176,-0.4060,0.1300,0.2418,0.1086,0.0000
0.3852,2.8043,0.5170,path,2.8236,5.2200,0.0109,-0.2080,0.3243,1.1933,0.5740,0.5407
0.0487,1.1226,0.4224,path,1.7465,4.7600,0.0074,-0.0474,0.0112,0.6117,0.3841,0.3715
0.6263,16.6411,0.4612,path,1.8372,4.9800,0.0075,0.3474,0.5211,1.2720,0.4987,0.3743
0.5834,5.1055,0.0721,combined,0.9945,4.7200,0.5834,-0.5732,0.1090,0.4061,0.1589,0.0000
0.3405,14.9887,0.0231,lateral,0.5570,4.8000,0.3403,-0.3091,0.1428,0.2994,0.0960,1.1075
0.4704,10.1321,0.7909,path,2.8779,5.3800,0.0071,0.3863,0.2685,1.6480,0.7852,0.6452
0.1576,7.1365,0.5873,path,2.7907,5.3800,0.0119,-0.1109,0.1119,0.8611,0.5600,0.5948
0.2386,7.4834,0.0764,turn,0.0000,4.4000,0.0000,nan,nan,0.3342,0.1090,0.6873
0.3253,13.0014,1.1124,path,2.6427,5.7600,0.0240,-0.0362,0.3233,1.2032,0.9729,1.1991
0.4540,2.0629,0.0678,combined,1.2398,5.4200,0.4540,-0.4515,0.0479,0.5188,0.2092,1.1288
0.3065,7.7032,0.1401,straight,1.3243,5.3200,0.0370,0.3064,0.0065,1.1768,0.3734,0.6816
0.6852,0.0017,0.1402,combined,2.1743,4.5600,0.6852,-0.6829,0.0556,0.7654,0.4025,0.5081
0.4081,15.2724,1.1421,path,2.8545,5.1000,0.0215,0.2244,0.3408,1.4223,0.9623,1.0748
0.4650,9.0606,0.0610,combined,0.8017,5.1200,0.4650,-0.4635,0.0366,0.3065,0.1414,0.4410
0.1831,2.7611,1.4159,path,1.7705,5.4800,0.0136,-0.1605,0.0881,1.5771,0.7406,0.6851
0.0793,1.4316,0.2575,path,2.1367,4.1200,0.0043,0.0759,0.0229,1.0937,0.5507,0.5228
0.6642,6.0463,0.0668,combined,1.6283,5.2000,0.6634,-0.6613,0.0621,0.5848,0.2468,0.6506
0.1361,5.3816,0.4361,path,2.5166,4.5000,0.0114,0.0781,0.1114,1.0026,0.6528,0.5717
0.1353,6.0600,0.4894,path,1.3400,4.1600,0.0070,-0.0906,0.1004,0.5757,0.4007,0.3522
0.3506,4.3181,0.2670,path,2.7673,4.3600,0.0129,-0.3157,0.1527,1.4433,0.5878,0.6356
0.3153,0.2691,0.1988,lateral,0.4631,5.0400,0.3077,-0.1024,0.2982,0.3304,0.1210,0.7862
0.3441,1.9680,0.0420,turn,0.0000,4.0600,0.0000,nan,nan,0.5863,0.1647,0.9495
0.4613,10.5378,1.3293,path,2.9894,6.0400,0.0187,-0.1537,0.4349,1.3755,0.8468,0.9262
0.1752,1.4050,0.3715,path,2.6046,5.2800,0.0103,-0.1317,0.1155,1.3990,0.4966,0.5158
0.4409,5.9836,0.7803,path,3.0681,5.0800,0.0191,-0.3643,0.2483,1.2756,0.8290,0.9543
0.8248,8.3171,1.2677,path,0.9763,5.5600,0.0164,0.4045,0.7188,1.2966,0.6740,0.8193
0.5929,0.5517,0.1454,combined,0.9977,5.2800,0.0476,0.5707,0.1607,1.4769,0.5209,0.5930
0.3607,19.1802,0.2669,path,1.7087,5.1600,0.0095,0.3540,0.0692,0.8946,0.5617,0.4776
0.3743,5.4405,0.1026,combined,1.1900,5.8600,0.3715,-0.2676,0.2616,0.4483,0.1853,0.9259
0.2348,6.4702,0.3340,path,1.4782,4.8600,0.0064,-0.2041,0.1162,0.9145,0.3329,0.3189
0.1918,5.2633,0.3513,path,1.9678,6.1200,0.0069,-0.1068,0.1593,0.6799,0.3928,0.3448
0.3823,2.3570,0.6667,path,2.1490,4.1400,0.0155,0.0767,0.3745,1.2943,0.7175,0.7783
0.4622,6.7148,0.9036,path,1.8304,5.8000,0.0220,0.3529,0.2985,1.9711,1.2912,1.0967
0.2401,8.4033,0.6986,path,2.9605,4.5200,0.0168,-0.0676,0.2304,1.0202,0.7609,0.8404
0.1361,8.3170,0.5356,path,2.8936,6.0600,0.0126,-0.1222,0.0597,1.4034,0.6881,0.6291
0.7710,0.2294,0.9746,path,5.7487,6.5400,0.0215,-0.6507,0.4135,1.3605,0.9241,1.0758
0.5005,14.2164,0.2993,path,3.5476,6.6000,0.0112,-0.4935,0.0832,1.6121,0.5824,0.5573
0.2445,1.9930,0.6839,path,2.5459,6.5400,0.0071,0.2165,0.1137,1.3004,0.4591,0.3897
0.6674,4.1786,0.0152,straight,1.4568,4.3800,0.6670,-0.6456,0.1693,0.4344,0.2093,0.0000
0.2131,0.1241,0.0471,stand,0.0000,4.1000,0.0000,nan,nan,0.5099,0.1198,0.4260
0.0529,0.8356,0.0623,stand,0.0000,4.1800,0.0000,nan,nan,0.1852,0.0459,0.5999
0.6163,23.2466,0.7249,path,2.4801,4.4600,0.0087,0.5400,0.2969,1.3435,0.7110,0.5672
0.7944,12.5484,0.8991,path,2.7560,6.6800,0.0148,-0.7916,0.0667,1.1847,0.5303,0.7380
0.2862,0.2016,0.0786,turn,0.0000,4.2600,0.0000,nan,nan,0.6692,0.1643,0.7635
0.2906,1.4864,0.4011,path,1.3131,6.8200,0.0170,0.1116,0.2683,1.3466,0.9306,0.8526
0.3855,0.2837,0.1048,straight,0.9475,5.7200,0.1013,0.3634,0.1287,0.9771,0.2910,0.5051
0.2329,4.9109,0.3787,path,1.7583,4.1800,0.0085,0.0901,0.2148,1.2802,0.4615,0.4230
0.5031,11.8872,0.0162,combined,1.4982,4.9800,0.4969,-0.5010,0.0455,0.4827,0.2043,0.9157
0.3041,10.2796,0.0721,path,1.6112,4.3800,0.0074,0.3039,0.0117,1.3438,0.7164,0.3704
0.1931,8.3559,1.0250,path,2.9845,6.2800,0.0096,0.0974,0.1667,1.2408,0.5555,0.4811
0.6864,18.1053,0.4858,path,3.7620,6.1400,0.0134,-0.5575,0.4003,1.3288,0.5730,0.6823
0.4180,5.8502,0.1424,lateral,0.7691,6.9000,0.4130,-0.1434,0.3926,0.4127,0.1328,0.4158
0.0536,2.9061,0.5833,path,1.3288,6.5200,0.0013,-0.0073,0.0531,0.7892,0.4334,0.3981
0.3584,4.3095,0.0470,turn,0.0000,4.4000,0.0000,nan,nan,0.8394,0.1878,0.8310
0.1642,13.7341,0.5026,path,2.0461,4.3000,0.0114,0.1519,0.0624,1.0784,0.5761,0.5698
0.4164,14.0448,0.6645,path,4.2065,6.0000,0.0156,-0.3222,0.2639,1.3797,0.7635,0.7818
0.2132,9.0835,0.1768,path,2.6233,4.8600,0.0126,-0.1512,0.1504,1.2369,0.6067,0.6302
0.4985,8.0504,0.1690,lateral,0.7002,6.4000,0.4876,-0.3688,0.3354,0.3394,0.1193,0.0000
0.7549,1.2581,0.1476,straight,1.6038,4.5400,0.7549,-0.7437,0.1291,0.4034,0.2190,1.0818
0.0459,3.7864,0.9738,path,2.5675,4.7000,0.0111,-0.0366,0.0276,1.0696,0.5956,0.5541
0.4049,18.9102,0.3844,path,2.7362,4.9800,0.0121,-0.4029,0.0402,1.3306,0.5031,0.6046
0.3415,7.6092,0.8976,path,3.1427,5.1600,0.0131,-0.1276,0.3168,1.0635,0.6880,0.6550
0.5975,1.2122,0.1423,straight,1.5096,5.8200,0.0424,0.5973,0.0142,1.6589,0.4677,0.0000
0.1735,6.3563,0.7642,path,3.7656,6.6200,0.0181,-0.1463,0.0933,1.3695,0.8438,0.9073
0.1677,1.2498,0.5298,path,2.4471,5.7400,0.0089,-0.1106,0.1261,1.5534,0.6306,0.4434
0.2768,11.1676,0.4325,path,3.0945,5.8600,0.0200,0.2722,0.0505,1.3208,0.7607,0.9981
0.9659,17.3932,0.7769,path,3.0051,4.6200,0.0155,-0.4284,0.8657,1.3566,0.6362,0.7753
0.2551,3.7316,1.0198,path,4.0685,4.4600,0.0060,-0.2399,0.0868,1.5408,0.9056,0.9649
0.2632,2.6504,0.0731,turn,0.0000,5.5000,0.0000,nan,nan,0.2482,0.1036,0.7150
0.0790,4.1645,0.7269,path,2.2988,6.1200,0.0192,0.0555,0.0561,1.4368,1.0382,0.9565
0.4334,1.6762,0.6587,path,2.4936,4.4000,0.0128,-0.2045,0.3821,1.4061,0.6598,0.6387
0.3704,8.3091,0.1697,combined,0.8149,5.3000,0.3704,0.1307,0.3466,0.9102,0.2851,0.3631
0.3369,2.2345,0.1143,lateral,0.4245,5.0800,0.3006,-0.2205,0.2547,0.3480,0.1232,1.0989
0.2554,8.7873,0.2908,path,1.4892,4.0400,0.0074,-0.1029,0.2337,1.7909,0.5182,0.3711
1.2540,0.9363,0.4976,path,5.3338,6.0600,0.0204,-1.2526,0.0592,1.4796,0.7957,1.0177
0.7825,9.2632,1.2444,path,2.3589,4.7800,0.0231,-0.7812,0.0451,1.3255,0.7549,1.1583
0.3153,2.5126,0.0420,turn,0.0000,5.4200,0.0000,nan,nan,0.4394,0.1189,0.8818
0.8371,1.2559,0.9676,path,5.3130,5.0200,0.0231,-0.6908,0.4727,1.4547,0.9703,1.1405
0.4573,10.8308,0.0887,lateral,0.5424,6.0200,0.4371,-0.2453,0.3860,0.3786,0.1324,0.0000
0.4168,2.8568,0.6925,path,1.6637,6.2800,0.0202,-0.4029,0.1066,1.0135,0.5199,1.0144
0.3293,0.4523,0.0604,straight,1.9773,6.7800,0.2252,0.2453,0.2197,1.6223,0.4844,1.0698
0.6344,0.1090,0.7789,path,1.7462,6.8800,0.0237,-0.6294,0.0796,1.0504,0.7405,1.1851
0.4177,10.0037,0.9096,path,2.2019,5.1000,0.0117,-0.4064,0.0964,0.9760,0.4620,0.5845
0.2711,14.4081,0.4798,path,2.0892,7.4200,0.0111,-0.1776,0.2049,1.2185,0.5546,0.5560
0.7515,1.2750,1.0978,path,6.6337,7.2800,0.0233,-0.7515,0.0030,1.5583,1.0397,1.1646
0.3697,1.8832,0.0810,straight,0.0375,7.2800,0.0375,-0.3696,0.0045,0.2162,0.0925,0.7059
0.3777,4.3411,0.1247,lateral,0.8778,5.7200,0.3777,-0.3140,0.2098,0.3047,0.1190,0.0000
0.3090,5.7644,0.2289,path,1.3952,5.2400,0.0080,-0.3059,0.0439,0.6846,0.3130,0.3985
0.2905,0.1463,0.1314,straight,0.5027,6.1800,0.0678,0.2893,0.0267,1.0121,0.3199,0.0000
0.2965,26.3617,0.8482,path,2.6243,7.0000,0.0177,-0.0235,0.2956,1.5344,0.8205,0.8886
0.3631,19.3660,0.1089,path,2.5536,6.4200,0.0079,0.3493,0.0990,1.3450,0.5115,0.5006
0.4822,7.2964,0.0824,straight,1.3260,5.6600,0.4789,-0.4363,0.2054,0.4230,0.1881,0.0000
0.7061,12.3854,1.0758,path,4.5865,5.5600,0.0183,0.1296,0.6941,1.5206,0.9313,0.9092
0.3286,7.4049,0.1724,straight,1.3512,5.2400,0.0566,0.3263,0.0388,1.3200,0.4648,0.0000
0.3497,6.3534,1.0687,path,0.5502,7.4200,0.0179,0.1531,0.3144,1.2164,0.8930,0.8962
0.7170,1.2652,0.6451,path,4.4934,5.7400,0.0176,-0.7098,0.1015,1.1281,0.7672,0.8791
0.4452,0.4923,0.1266,lateral,0.0733,6.4200,0.0512,0.1703,0.4114,0.2866,0.1098,0.0000
0.4306,4.8354,0.0488,straight,1.4738,5.5600,0.4256,-0.2975,0.3114,0.5294,0.2354,0.7047
0.3527,5.8726,1.0996,path,4.6736,5.0600,0.0187,-0.0231,0.3520,1.4423,0.9309,0.9292
0.5252,0.6943,0.0794,straight,1.2413,5.1000,0.5252,-0.5084,0.1319,0.3951,0.1941,0.0000
0.5004,2.5414,0.0619,turn,0.0000,5.9800,0.0000,nan,nan,0.3433,0.1308,0.4356
0.2789,5.5201,0.0954,straight,1.7406,5.6200,0.2788,-0.2668,0.0813,0.5734,0.2869,0.6540
0.2147,5.6235,0.3445,path,1.7113,5.1800,0.0067,-0.0422,0.2105,0.7010,0.3525,0.3332
0.2674,1.4090,0.1442,turn,0.0000,4.7200,0.0000,nan,nan,0.5348,0.1208,0.8513
0.5276,10.4113,0.5949,path,0.9240,5.0600,0.0185,0.5245,0.0571,1.0910,0.5855,0.9264
0.3803,10.2601,0.9971,path,4.3802,5.8200,0.0207,-0.3601,0.1223,1.3650,0.9267,1.0558
0.6320,14.3436,1.2210,path,1.5891,5.0000,0.0231,-0.5062,0.3784,1.6820,0.9144,1.1533
1.0321,1.3452,0.7138,path,2.0654,5.1400,0.0200,-0.8158,0.6323,1.2603,0.5036,0.9994
0.2631,22.6126,0.6509,path,6.0022,7.5400,0.0197,0.1953,0.1764,1.5248,1.0276,0.9834
0.1417,137.4883,0.6397,path,2.8250,5.6800,0.0108,0.0782,0.1182,1.1134,0.5712,0.5376
0.4078,0.5655,0.2650,combined,1.5171,6.7200,0.4051,0.1135,0.3917,1.0296,0.3307,0.5939
0.6283,6.1023,0.0444,turn,0.0000,5.2800,0.0000,nan,nan,0.6092,0.1974,0.5044
0.3842,5.3504,0.0450,turn,0.0000,5.2400,0.0000,nan,nan,0.5578,0.1333,0.4726
0.5278,1.0795,0.0425,straight,0.6123,6.0800,0.0055,0.5251,0.0541,1.0619,0.2607,0.3326
0.5364,1.1642,0.0324,combined,1.8840,5.6600,0.5358,-0.5201,0.1315,0.6033,0.2593,0.3261
0.4566,0.0913,0.0305,combined,1.4250,4.7200,0.4566,-0.4538,0.0502,0.4852,0.2320,0.0000
0.3102,0.9443,0.1159,combined,1.7734,7.2800,0.3102,-0.0535,0.3055,0.7614,0.2739,0.9245
0.6206,5.9886,0.1806,combined,1.0368,5.6800,0.6206,-0.6205,0.0119,0.2700,0.1233,0.8279
0.2549,2.2151,0.4681,path,2.1563,7.3200,0.0061,0.2409,0.0833,1.2229,0.4479,0.3059
0.1949,1.8339,0.0753,lateral,1.2059,7.1200,0.1938,-0.0605,0.1853,0.5389,0.1836,1.0028
0.3807,3.1313,0.0576,turn,0.0000,6.3800,0.0000,nan,nan,0.3488,0.1208,0.4322
0.6391,5.0318,0.6344,path,3.5051,5.9400,0.0175,-0.6355,0.0682,1.2205,0.6896,0.8796
0.1636,4.3624,0.2952,path,2.5795,7.1400,0.0078,0.0430,0.1578,1.1263,0.4223,0.3909
0.1861,5.4462,0.4150,path,2.1461,5.6600,0.0083,0.1831,0.0335,0.8320,0.4579,0.4156
0.3309,16.7267,0.0899,combined,0.8319,4.7000,0.3309,-0.2794,0.1773,0.7130,0.2383,0.7517
0.3516,3.9903,0.0528,turn,0.0000,6.2200,0.0000,nan,nan,0.8110,0.1388,0.8358
0.2667,2.7548,0.1010,lateral,0.3168,4.7400,0.1917,0.0751,0.2559,0.3463,0.1306,0.0000
0.3292,2.9241,0.0666,turn,0.0000,6.2800,0.0000,nan,nan,0.6463,0.1316,0.0000
0.3684,1.7881,0.9795,path,4.2089,5.4600,0.0165,-0.2334,0.2850,1.4552,0.7803,0.8242
0.4935,6.5648,0.1243,combined,1.7482,6.4000,0.4935,0.1293,0.4763,1.3479,0.3746,0.0000
0.2432,9.7281,0.8293,path,0.9993,6.3400,0.0160,0.0292,0.2414,1.1857,0.7473,0.8006
0.3595,8.1943,0.0797,lateral,0.0900,5.1000,0.0690,0.1110,0.3420,0.2476,0.1202,0.4120
0.6326,16.0185,0.3248,path,3.2974,6.7800,0.0106,0.6041,0.1876,1.5217,0.7304,0.5299
0.4678,5.7291,0.1120,turn,0.0000,6.3800,0.0000,nan,nan,0.5415,0.1407,0.5247
0.3133,9.2736,1.2634,path,4.9829,7.7200,0.0185,-0.2106,0.2319,1.6876,0.9861,0.9598
0.5349,4.3407,0.8496,path,2.6372,6.6000,0.0195,-0.5256,0.0994,1.3967,0.8033,0.9786
0.3380,12.3728,0.6779,path,2.1867,4.6400,0.0055,0.3317,0.0651,1.3206,0.5583,0.4710
0.3759,4.0861,0.2473,turn,0.0000,5.7600,0.0000,nan,nan,0.5466,0.1261,0.0000
0.3404,3.2561,0.0618,turn,0.0000,4.5800,0.0000,nan,nan,0.3393,0.1245,0.8888
0.3045,1.7295,0.1068,lateral,0.5416,6.2200,0.1861,0.0617,0.2982,0.3983,0.1319,0.0000
0.4295,1.7353,0.1630,straight,1.8947,6.5000,0.4295,-0.4251,0.0617,0.5429,0.2511,0.7158
0.0420,3.7860,0.0735,stand,0.0000,6.8600,0.0000,nan,nan,0.2107,0.0523,0.3713
0.1536,8.5891,0.2530,path,1.4262,4.7600,0.0063,-0.0103,0.1532,0.8450,0.3422,0.3125
0.6449,5.0961,1.2997,path,6.5599,6.5400,0.0220,-0.3363,0.5503,1.3723,1.0129,1.1052
0.3317,5.0730,0.3697,path,1.4056,4.7400,0.0072,-0.1315,0.3045,0.8530,0.3442,0.3610
0.2775,14.3642,0.0489,combined,2.0621,6.4000,0.2775,-0.2488,0.1229,0.7695,0.3079,0.4617
0.2651,7.6538,0.4158,path,3.5239,7.3000,0.0185,0.0679,0.2563,1.6625,0.9761,0.9221
0.2869,0.2320,1.1452,path,2.1378,5.7800,0.0173,-0.2817,0.0543,1.3774,0.6957,0.8699
0.0581,4.2970,0.6122,path,4.5765,4.8800,0.0202,-0.0438,0.0381,1.3881,1.0134,1.0078
0.1896,3.4713,0.3095,path,2.6840,7.2600,0.0075,-0.0995,0.1614,1.1789,0.3819,0.3754
0.3087,0.9763,0.3519,path,3.9271,4.6400,0.0170,-0.2017,0.2338,1.3964,0.7862,0.8477
0.4850,20.0334,1.0457,path,2.1687,7.3000,0.0195,0.4717,0.1129,1.5310,1.0329,0.9763
0.2093,5.0016,0.0546,lateral,0.8759,4.4600,0.2081,-0.1752,0.1146,0.4599,0.1731,1.0604
0.5940,4.1473,0.1383,straight,1.5337,5.7000,0.5940,-0.4701,0.3630,0.5182,0.2220,0.0000
0.4666,2.4161,0.6931,path,1.4316,6.4800,0.0137,0.3249,0.3349,1.4962,0.9460,0.6881
0.4213,9.5448,0.0663,straight,0.5875,7.6600,0.4189,-0.4181,0.0523,0.2747,0.1006,0.6538
0.7788,1.4020,0.9515,path,2.7822,6.9800,0.0153,0.7294,0.2730,1.1973,0.7268,0.8227
0.2126,10.1357,0.1821,lateral,0.8163,5.2200,0.2095,-0.1713,0.1259,0.4050,0.1461,0.8749
0.0773,0.6437,0.0458,stand,0.0000,6.0400,0.0000,nan,nan,0.4119,0.0499,0.6474
1.9809,5.3843,1.2448,path,5.0201,4.7800,0.0251,-1.9524,0.3350,1.4453,0.7171,1.1695
0.6839,3.8111,1.3837,path,0.4877,7.1600,0.0200,0.3044,0.6124,1.6199,1.1811,1.0012
0.1816,2.7064,0.4232,path,4.3404,7.3400,0.0134,0.1779,0.0364,1.3731,0.6980,0.6710
0.5454,3.1178,1.5644,path,1.6044,5.1200,0.0174,0.5445,0.0302,1.5815,0.9590,0.8709
0.5107,4.0585,0.0575,straight,1.0232,5.9200,0.1093,0.4637,0.2139,1.3286,0.3960,0.0000
0.3272,4.2765,0.1282,path,2.5030,7.2600,0.0103,0.3212,0.0626,1.3783,0.6728,0.5170
0.0346,1.4500,0.0130,stand,0.0000,5.9000,0.0000,nan,nan,0.3920,0.0541,0.0000
0.4225,1.5223,0.1630,straight,0.9845,5.8200,0.1033,0.4212,0.0334,1.2117,0.3318,0.4977
0.7283,3.3271,0.2529,combined,1.6126,4.0200,0.7283,-0.7122,0.1521,0.4996,0.2579,1.0665
0.0747,7.5935,0.4932,path,2.4463,7.4400,0.0083,-0.0747,0.0014,0.8040,0.4122,0.4154
0.3032,2.4247,0.1146,combined,1.3002,7.4000,0.3002,-0.0930,0.2886,0.7000,0.1843,0.3258
0.7310,1.6483,1.1330,path,1.6219,6.8800,0.0235,0.7238,0.1024,1.5171,1.0506,1.1846
0.3397,9.6779,0.0893,straight,0.7731,7.1400,0.1207,0.2741,0.2006,1.0253,0.2575,0.3335
0.3952,1.9892,0.5523,path,2.4506,4.2600,0.0141,-0.3488,0.1858,1.4858,0.5659,0.7081
0.2924,11.5003,0.4374,path,4.3906,7.9600,0.0119,-0.1490,0.2515,1.5424,0.6432,0.5931
0.1614,3.8625,0.4727,path,1.2863,7.5200,0.0094,0.1513,0.0562,0.8637,0.5325,0.4787
0.1805,3.0303,0.7546,path,4.2553,7.0600,0.0088,0.0958,0.1529,1.3854,0.7119,0.6982
0.2227,16.7340,1.1723,path,3.7485,4.3400,0.0212,-0.1783,0.1334,1.6260,1.1301,1.0498
0.1853,2.1491,0.3893,path,1.8781,5.3600,0.0093,-0.1543,0.1026,0.7244,0.4418,0.4665
0.0312,1.7362,0.0461,stand,0.0000,7.0000,0.0000,nan,nan,0.1903,0.0376,0.3281
0.5591,1.6351,0.5093,path,2.9065,7.2200,0.0106,0.1797,0.5295,1.5462,0.5843,0.5306
0.3594,1.4960,0.1026,turn,0.0000,6.9600,0.0000,nan,nan,0.3885,0.1144,0.9796
0.4497,5.9628,0.1524,lateral,1.3873,6.4000,0.4407,-0.2836,0.3490,0.5233,0.1883,0.7967
0.0897,6.4016,0.0400,stand,0.0000,5.9000,0.0000,nan,nan,0.3090,0.0476,0.7247
0.0776,5.3186,0.3488,path,1.9977,7.3600,0.0061,0.0167,0.0758,1.0001,0.3411,0.3060
0.1578,10.1785,0.7232,path,2.5941,7.5200,0.0050,-0.0060,0.1577,1.2217,0.4545,0.4387
0.4132,1.6565,0.1793,lateral,1.4654,6.9200,0.4132,-0.1965,0.3635,0.6731,0.2069,0.5407
0.0484,0.0646,0.0026,stand,0.0000,6.6400,0.0000,nan,nan,0.1964,0.0390,0.6152
0.5074,3.0983,0.0380,combined,1.3670,6.5000,0.5074,-0.3935,0.3203,0.6162,0.2086,0.5928
0.3737,7.3971,0.1027,turn,0.0000,7.0200,0.0000,nan,nan,0.7414,0.1416,0.0000
0.4013,8.6908,0.0419,turn,0.0000,6.3200,0.0000,nan,nan,0.3170,0.1222,0.0000
0.5370,4.3424,0.1600,combined,1.9286,5.8800,0.1543,0.5039,0.1856,1.4835,0.4806,0.6566
0.3223,5.3067,0.1381,combined,0.3327,5.9600,0.2697,0.2837,0.1528,0.8016,0.1643,0.3971
0.3983,2.5445,0.1960,lateral,0.9200,7.4000,0.3003,0.1081,0.3833,0.4230,0.1541,0.6568
0.2841,10.1454,0.1766,path,3.4975,6.1800,0.0121,-0.1659,0.2306,1.1634,0.5634,0.6012
0.2254,9.1783,1.3662,path,6.9401,7.3400,0.0234,-0.1683,0.1500,1.8874,1.1936,1.1752
0.4258,0.1283,0.1163,combined,2.3256,5.2800,0.4258,-0.4236,0.0427,0.7006,0.3797,0.3853
0.4605,17.1372,0.2588,path,1.5188,7.5400,0.0103,0.1725,0.4269,1.5793,0.7651,0.5149
0.4931,0.4081,0.0469,lateral,1.3307,7.1800,0.4850,-0.0941,0.4841,0.5641,0.1985,0.4743
1.1595,21.7894,1.2105,path,3.7060,6.0200,0.0134,-0.9227,0.7023,1.4308,0.5501,0.6680
0.3692,0.5947,0.1024,turn,0.0000,6.5000,0.0000,nan,nan,0.8799,0.1508,0.0000
0.5627,0.2855,0.0713,combined,1.5094,7.0000,0.5627,-0.5313,0.1853,0.4865,0.1926,1.0184
0.5343,0.6722,0.2415,combined,1.4452,7.1200,0.5247,-0.2925,0.4470,0.7949,0.2592,0.7815
0.2904,11.2125,0.4010,path,4.0131,7.4400,0.0198,-0.1865,0.2226,1.6571,1.0598,0.9926
0.4988,4.2254,0.0203,straight,0.8277,7.9400,0.0688,0.4826,0.1261,1.1597,0.2236,0.8886
0.6824,6.9718,0.9058,path,0.6495,7.7000,0.0053,0.4435,0.5187,1.2752,0.7339,1.1810
0.3318,15.6992,0.8627,path,3.2128,6.9400,0.0102,0.1250,0.3074,1.6720,0.5407,0.5075
0.6070,10.3846,0.0474,combined,1.8981,5.6400,0.6043,0.0850,0.6010,1.7311,0.4816,0.0000
0.3666,6.5661,0.4536,path,2.7492,7.1600,0.0155,-0.0524,0.3629,1.2583,0.7535,0.7765
0.4953,5.1570,0.0414,lateral,0.9968,7.6800,0.4884,-0.1053,0.4840,0.4491,0.1611,0.9373
0.1642,18.2676,0.7119,path,2.7443,4.0800,0.0225,-0.1513,0.0638,1.3798,0.8610,1.1344
0.6291,4.6748,0.0378,lateral,1.2184,6.4800,0.6118,-0.2443,0.5798,0.5314,0.1954,0.8995
0.3481,5.0332,1.0575,path,4.7149,7.5400,0.0140,-0.2597,0.2317,1.3896,0.6663,0.6959
0.4571,8.3050,0.5313,path,2.3883,4.8400,0.0126,-0.4553,0.0406,1.4351,0.6865,0.6322
0.2957,1.4639,0.0298,lateral,0.0275,6.6200,0.0151,0.0459,0.2922,0.3058,0.1084,0.7976
0.9316,1.8325,1.0019,path,1.2834,6.7200,0.0163,-0.2479,0.8980,1.2683,0.5535,0.8175
0.1571,4.2801,0.0874,combined,1.0610,6.9600,0.1249,0.0242,0.1552,0.4177,0.1703,0.0000
0.5194,4.3427,0.1084,combined,1.6636,4.7600,0.4407,0.1766,0.4885,1.1933,0.4538,0.0000
0.4141,4.4607,0.0639,lateral,0.6773,7.6400,0.4122,-0.2238,0.3484,0.3019,0.0991,0.8361
0.1707,3.5693,0.6160,path,2.7974,5.3800,0.0105,-0.1383,0.1001,1.1638,0.5249,0.5272
0.4564,13.2128,0.1904,lateral,0.6262,5.1200,0.4564,-0.2473,0.3836,0.3457,0.1240,0.0000
0.1320,18.4774,0.5770,path,2.6426,7.2400,0.0146,-0.1245,0.0437,1.2286,0.6834,0.7285
0.4400,1.6193,0.7636,path,3.4612,4.8600,0.0181,-0.4228,0.1218,1.0651,0.7291,0.9030
0.3055,6.5764,0.0345,lateral,1.1892,7.2400,0.3043,-0.1972,0.2333,0.4548,0.1605,0.6142
0.2236,12.5022,0.3258,path,1.9426,7.2400,0.0062,-0.2230,0.0167,0.9431,0.2962,0.3121
0.6719,0.0841,1.3426,path,1.7199,7.2800,0.0228,0.3365,0.5815,1.6227,0.9501,1.1282
0.2438,3.6649,0.5789,path,2.7082,7.8600,0.0167,-0.1503,0.1920,1.4705,0.8284,0.8335
0.1514,1.4178,0.1757,path,1.7345,5.5600,0.0063,0.0371,0.1468,0.8077,0.3734,0.3170
0.2489,1.6567,0.8968,path,3.1473,7.0400,0.0149,-0.0088,0.2487,1.1248,0.7488,0.7431
0.5012,9.6543,0.7142,path,2.7010,5.9400,0.0131,0.0873,0.4935,1.2802,0.6292,0.6558
0.2443,6.4844,0.7827,path,0.9974,6.0200,0.0230,-0.1363,0.2028,1.2994,0.8448,1.1522
0.3285,10.1305,0.1110,turn,0.0000,4.7200,0.0000,nan,nan,0.3455,0.1158,0.5081
0.3613,3.8904,0.0555,turn,0.0000,6.0600,0.0000,nan,nan,0.3681,0.1399,0.0000
0.2940,1.7849,0.1415,path,0.5592,4.3200,0.0076,0.2928,0.0270,1.1408,0.5775,0.3815
0.1557,6.7055,0.5543,path,2.3784,7.5400,0.0034,-0.1039,0.1159,1.3719,0.8438,0.8945
0.3854,3.4992,1.2177,path,4.0032,5.1000,0.0182,-0.3229,0.2103,1.5182,0.7753,0.9090
0.3547,2.0290,1.0460,path,5.7709,7.7600,0.0178,0.0050,0.3547,1.2525,0.8894,0.8920
0.4048,1.0352,0.0791,lateral,1.1416,6.9200,0.3982,-0.2241,0.3372,0.4583,0.1562,0.7831
0.1731,0.5329,0.1556,path,1.5075,5.8600,0.0062,-0.1324,0.1116,0.6196,0.2772,0.3079
0.4929,16.4709,0.0118,combined,1.5580,7.3400,0.4929,-0.4392,0.2238,0.5967,0.1868,0.4433
0.3597,7.6106,0.1062,straight,0.5137,7.3800,0.0804,0.3537,0.0656,0.8258,0.1875,0.8049
0.2047,7.7222,0.1649,path,3.5580,4.4400,0.0166,0.0231,0.2034,1.5356,0.8377,0.8304
0.4554,0.8755,0.1504,turn,0.0000,5.8600,0.0000,nan,nan,0.4726,0.1326,0.3819
1.0024,12.4765,1.2230,path,1.1877,4.2000,0.0141,0.9970,0.1040,1.5567,0.9405,0.7078
0.1139,3.7217,0.8703,path,1.5138,5.8200,0.0197,-0.0924,0.0667,1.3755,0.7733,0.9875
0.3212,7.8320,0.1120,combined,2.2954,7.8600,0.2199,0.2539,0.1969,1.7117,0.4670,0.9415
0.3483,1.7312,1.0710,path,2.2506,7.1400,0.0135,0.2563,0.2358,1.2837,0.6895,0.6759
0.4090,9.8983,0.1868,turn,0.0000,4.2600,0.0000,nan,nan,0.4211,0.1713,0.7635
0.1320,1.1081,0.3172,path,2.6226,7.5000,0.0070,-0.0280,0.1290,0.5996,0.3679,0.3504
0.4360,4.7675,0.1416,path,0.9878,4.7800,0.0077,0.3610,0.2446,1.4556,0.6866,0.3849
0.4247,8.3559,0.3093,path,1.0599,7.9200,0.0020,-0.3709,0.2070,0.5841,0.3826,0.5012
0.4668,1.6990,0.0953,combined,1.6690,7.8400,0.4624,0.1695,0.4349,0.7901,0.2511,0.9868
0.4826,1.6190,0.0592,straight,0.3497,7.3400,0.0088,0.4652,0.1282,0.6400,0.2071,0.3605
0.3540,3.0817,1.1178,path,4.3829,4.1000,0.0233,-0.3536,0.0170,1.3596,1.0785,1.1670
0.6314,2.1087,0.8123,path,2.7338,5.0200,0.0227,-0.5334,0.3379,1.4024,0.8059,1.1355
0.2220,13.2451,0.1494,turn,0.0000,5.4400,0.0000,nan,nan,0.7514,0.1352,1.1075
0.3911,8.7116,0.1005,straight,0.7236,5.1000,0.3838,-0.3542,0.1658,0.3073,0.1154,0.7862
0.4077,9.6133,0.0769,turn,0.0000,4.4600,0.0000,nan,nan,0.7102,0.1886,0.9157
0.2998,1.3697,0.1164,lateral,1.2874,7.7800,0.2913,-0.0429,0.2968,0.5820,0.1842,0.4838
0.1418,0.4026,0.5384,path,2.7589,7.5800,0.0077,0.0385,0.1365,0.6046,0.4204,0.3860
0.6251,11.8604,1.4766,path,2.5822,5.4800,0.0241,0.6237,0.0424,1.8890,1.4243,1.2043
0.4196,11.0359,0.1312,path,1.3053,4.9400,0.0079,-0.4196,0.0013,0.9746,0.3038,0.3954
0.0414,2.3464,0.0074,stand,0.0000,6.2600,0.0000,nan,nan,0.2082,0.0327,0.0000
0.7702,10.1162,0.9405,path,3.7443,7.9200,0.0172,-0.7315,0.2410,1.5063,0.7950,0.8593
0.5771,8.9192,0.2248,combined,1.6456,4.1800,0.5494,-0.0008,0.5771,1.0049,0.4677,0.7150
0.4759,0.2393,0.0519,combined,1.9613,5.7800,0.1518,0.4588,0.1266,1.3945,0.4720,0.0000
0.4596,13.6708,0.1611,combined,1.4744,5.1600,0.4596,-0.4098,0.2081,0.5182,0.2655,0.9259
0.1783,4.6437,0.3788,path,4.5702,7.8200,0.0128,0.1069,0.1428,1.1608,0.6719,0.6419
0.4014,8.4608,0.0156,lateral,0.4913,4.2600,0.3843,-0.2128,0.3404,0.3302,0.1350,1.0989
0.2388,0.6280,0.1542,path,1.8307,4.7400,0.0077,-0.1106,0.2117,1.0386,0.5092,0.3862
0.3849,5.0966,1.4661,path,4.1484,7.8600,0.0142,0.0240,0.3842,1.5917,0.8398,0.7569
0.6368,2.0143,0.1123,straight,1.9977,4.6600,0.1366,0.6341,0.0585,1.5664,0.6440,1.0818
0.3411,0.0923,0.0589,lateral,0.4651,5.3200,0.3362,-0.1254,0.3172,0.2878,0.1195,0.5930
0.0176,1.1739,0.0416,stand,0.0000,7.9400,0.0000,nan,nan,0.2876,0.0704,0.0000
0.1551,3.1931,0.1907,path,1.7575,5.6000,0.0074,-0.1485,0.0446,0.7232,0.3159,0.3725
0.9799,6.4632,1.3674,path,3.3352,7.9400,0.0167,0.7454,0.6361,1.5927,0.9955,0.8340
0.3573,1.1009,0.0808,combined,1.2488,5.8400,0.3506,-0.3530,0.0552,0.4981,0.1843,0.6873
0.5555,2.4905,0.9125,path,4.2956,5.8600,0.0155,-0.4884,0.2646,1.6848,0.8417,0.7744
0.3389,0.8868,0.1538,turn,0.0000,7.8600,0.0000,nan,nan,0.4216,0.1093,0.3621
0.0705,2.9210,1.1847,path,2.6058,5.0200,0.0142,0.0705,0.0021,1.5118,0.7991,0.7098
0.2992,3.0301,1.2625,path,1.6150,4.3800,0.0236,-0.2983,0.0230,1.4796,0.8940,1.1846
0.3553,0.0705,0.0689,straight,0.3249,4.8400,0.3176,-0.3448,0.0855,0.2191,0.0892,0.0000
0.4940,3.1235,0.6392,path,3.4214,5.2800,0.0131,-0.4405,0.2236,1.3159,0.5913,0.6512
1.1490,14.2859,0.8459,path,4.0796,5.4400,0.0178,-0.6584,0.9417,1.4117,0.8386,0.8953
0.5913,7.7590,1.3361,path,5.3236,4.6400,0.0265,-0.4845,0.3390,1.6882,1.1520,1.1540
0.2343,5.4988,1.2118,path,0.6911,4.2800,0.0138,0.2298,0.0459,1.6112,0.9568,0.6937
0.0788,2.3772,0.3356,path,2.0490,4.6400,0.0034,0.0372,0.0695,0.8148,0.5277,0.5177
0.1100,7.2350,0.2806,lateral,0.7241,4.6200,0.1090,-0.0299,0.1059,0.4561,0.1668,0.8818
0.6181,8.0303,0.8609,path,3.7147,5.4200,0.0140,-0.6181,0.0064,1.5070,0.6232,0.6950
0.7649,19.2111,0.0321,combined,1.4502,4.3000,0.7622,-0.7546,0.1251,0.5608,0.2307,0.0000
0.2252,2.0192,0.7300,path,4.0923,4.9200,0.0173,-0.1103,0.1964,1.4783,0.8865,0.8638
0.5114,11.7215,0.2525,combined,1.2825,4.4800,0.5114,-0.1063,0.5003,0.6470,0.3068,0.0000
0.5061,0.6377,0.0735,straight,0.0151,7.5800,0.0151,0.4918,0.1198,0.3705,0.1170,0.6559
1.0470,2.8346,0.5556,path,1.0464,5.2800,0.0211,-0.7336,0.7469,1.0283,0.4995,1.0524
1.1839,5.2669,1.3255,path,4.2425,6.3000,0.0236,0.9158,0.7503,1.5021,1.0467,1.1773
0.5094,3.4562,0.0766,combined,1.1911,5.3600,0.5000,-0.4849,0.1559,0.5289,0.1784,0.8310
0.4069,5.0585,0.2590,path,2.0844,5.8600,0.0072,-0.2474,0.3230,0.7477,0.3359,0.3625
0.0278,0.2542,0.0225,stand,0.0000,6.4000,0.0000,nan,nan,0.1565,0.0472,0.6816
0.0949,3.0337,0.0510,stand,0.0000,4.0600,0.0000,nan,nan,0.3632,0.0571,0.7517
0.7065,3.3863,1.3835,path,2.2506,6.1800,0.0215,-0.6461,0.2859,1.4421,0.8931,1.0829
0.3913,5.3992,0.1126,straight,1.2087,4.2000,0.3913,-0.3823,0.0837,0.4369,0.2175,0.4322
0.3441,13.8601,0.4300,path,1.7282,4.8800,0.0071,-0.0038,0.3441,0.9096,0.4424,0.3550
0.3963,0.3081,0.0703,straight,0.7383,7.1400,0.3963,-0.3960,0.0171,0.2933,0.1228,0.3278
0.2605,6.2545,0.6134,path,2.7756,4.5400,0.0159,-0.1629,0.2032,1.3527,0.7663,0.7974
0.1831,1.2517,0.0470,stand,0.0000,4.4000,0.0000,nan,nan,0.4863,0.1013,0.0000
0.4423,4.1490,0.1260,straight,0.5601,6.6800,0.0028,0.4303,0.1022,1.2927,0.4043,1.1288
0.6850,11.4306,1.1514,path,2.9877,5.0400,0.0193,-0.6600,0.1833,1.4434,0.7042,0.9655
0.3836,12.2024,0.2795,path,1.3131,5.8600,0.0151,0.0649,0.3781,1.4801,0.9240,0.7559
0.2641,2.4080,0.4813,path,2.2938,5.7400,0.0056,-0.2571,0.0605,0.8458,0.4647,0.5260
0.0398,0.9062,0.0229,stand,0.0000,4.8200,0.0000,nan,nan,0.1744,0.0524,0.7047
0.6039,4.6653,0.4562,path,3.7128,5.2400,0.0193,-0.5709,0.1968,1.4877,0.8922,0.9668
0.3742,7.1519,0.9619,path,2.6613,6.2200,0.0197,-0.1861,0.3246,1.2335,0.8399,0.9821
0.2674,5.5947,0.8655,path,1.1345,4.1800,0.0090,-0.0038,0.2674,0.8596,0.4664,0.4518
0.0236,1.3910,0.0311,stand,0.0000,6.1600,0.0000,nan,nan,0.0997,0.0368,0.5999
0.5336,2.5995,0.3577,path,1.5912,5.6200,0.0171,0.4677,0.2568,1.2929,0.5354,0.8535
1.2619,3.6312,1.4291,path,1.9833,5.4400,0.0226,-0.5031,1.1573,1.5428,0.9648,1.1330
0.4194,18.0991,1.2695,path,2.1975,5.1800,0.0178,0.4015,0.1212,1.6007,1.0031,0.8890
0.3853,8.9574,1.2314,path,3.0394,4.5400,0.0196,0.2655,0.2793,1.4977,1.0274,0.9785
0.5533,1.2173,1.2894,path,2.7849,7.0000,0.0091,0.4907,0.2556,1.8394,0.7867,0.4532
0.6875,33.8618,0.5108,path,1.3421,7.1000,0.0125,0.6859,0.0470,1.4849,0.6343,0.6250
0.2985,8.2558,0.9881,path,0.7855,5.6200,0.0170,-0.0893,0.2849,1.3731,0.9373,0.8482
0.3507,17.7894,0.0669,combined,1.4523,5.0800,0.3507,-0.3341,0.1067,0.4785,0.2571,0.6540
0.1546,2.2229,0.2586,path,3.0983,6.4400,0.0110,0.0083,0.1544,1.0407,0.5020,0.5506
0.3690,11.1237,0.2404,path,1.9551,5.0000,0.0080,-0.3505,0.1154,0.7665,0.3926,0.4021
0.7225,20.9906,0.0489,stand,0.0000,4.6600,0.0000,nan,nan,0.5214,0.2137,0.4120
0.4913,0.5402,0.0307,combined,1.3985,5.5800,0.4409,0.3589,0.3356,1.3160,0.3883,0.0000
0.4718,6.6307,0.1387,straight,1.9224,4.8000,0.0364,0.4717,0.0094,1.7194,0.6414,0.8358
0.3044,9.3385,0.0616,lateral,0.8630,7.1600,0.3004,-0.1235,0.2783,0.4056,0.1315,0.4410
0.7029,8.0248,0.1357,path,2.1437,6.6800,0.0065,0.6945,0.1081,1.0962,0.4626,0.3264
0.8065,23.7170,0.3036,path,2.9629,4.8000,0.0131,-0.1120,0.7986,1.5444,0.8348,0.6521
0.2847,17.0174,0.4370,path,2.4072,7.0400,0.0069,-0.0928,0.2692,0.6317,0.3701,0.3425
0.6117,1.3992,0.1710,combined,1.4497,5.3200,0.6117,-0.5416,0.2842,0.5056,0.2079,0.4356
1.3286,16.7658,0.3082,path,4.0973,7.1600,0.0145,-1.3265,0.0747,0.7714,0.4128,0.7204
0.6258,5.6334,0.0404,straight,0.2435,5.2000,0.2424,-0.6224,0.0652,0.2900,0.1175,0.5044
0.3225,3.0073,0.2238,path,2.6113,4.8400,0.0113,-0.2996,0.1192,1.5532,0.6393,0.5662
0.3276,0.0603,0.0822,turn,0.0000,5.7600,0.0000,nan,nan,0.8684,0.1705,1.0698
0.5114,5.1294,0.1746,combined,1.1020,5.6600,0.5114,-0.4481,0.2465,0.3635,0.1613,0.0000
0.6459,12.0491,0.0903,lateral,1.1783,4.9200,0.6429,-0.5470,0.3434,0.3815,0.1665,0.5247
0.5050,5.8281,0.1812,lateral,0.6377,7.3200,0.4608,-0.0108,0.5049,0.4157,0.1316,0.6506
0.0849,0.7589,0.8391,path,2.7092,5.4000,0.0074,0.0813,0.0244,1.2310,0.7477,0.7321
0.6172,5.6090,0.1730,combined,1.1512,6.0400,0.6109,-0.6014,0.1387,0.3515,0.1613,0.0000
0.1716,1.7368,1.0273,path,5.0704,5.6200,0.0210,-0.1665,0.0413,1.6561,1.0763,1.0451
0.3556,1.4898,0.5858,path,2.4148,7.8200,0.0144,-0.2622,0.2402,1.0391,0.6208,0.7201
0.5212,17.2591,1.1862,path,5.5653,4.7000,0.0255,-0.3813,0.3553,1.5774,1.1517,1.2661
0.3597,5.9795,0.0175,straight,0.1827,5.4200,0.0057,0.3320,0.1385,0.3446,0.1453,0.4726
0.3390,11.0439,1.0748,path,4.4887,4.3600,0.0211,0.1232,0.3158,1.8897,1.1187,1.0533
0.3782,10.1558,0.0851,lateral,0.3151,4.6000,0.3151,-0.2468,0.2866,0.2831,0.1013,0.6538
0.0173,1.5055,0.0593,stand,0.0000,5.4600,0.0000,nan,nan,0.2650,0.0393,0.5939
0.2014,1.8210,0.5801,path,3.3114,5.5400,0.0128,-0.2003,0.0216,0.8569,0.6033,0.6373
0.1667,2.6122,0.2664,path,4.5804,7.9800,0.0163,-0.1520,0.0684,1.5252,0.7750,0.8144
0.5682,8.4667,0.9285,path,4.1767,5.0200,0.0215,-0.4400,0.3595,1.4583,0.9395,1.0684
0.3097,3.8658,0.1364,straight,0.3318,7.3600,0.0444,0.2290,0.2086,0.4686,0.1477,0.9495
0.7448,7.6637,1.4013,path,5.0919,6.6800,0.0255,-0.4342,0.6051,1.6822,1.1843,1.2747
0.3326,7.4465,0.0604,lateral,0.1944,5.0400,0.1786,-0.1075,0.3147,0.2785,0.1086,0.3713
0.9668,13.2063,1.4554,path,0.8759,4.8800,0.0173,0.9326,0.2549,1.8135,1.0371,0.8634
0.4146,1.4806,0.0424,lateral,0.6293,6.9200,0.3715,-0.1357,0.3917,0.3444,0.1165,0.0000
0.4759,3.5450,0.1130,combined,0.6302,5.1200,0.2919,0.2460,0.4074,1.1811,0.4089,0.0000
1.0559,2.3345,0.2537,path,2.0823,5.7800,0.0179,-0.7132,0.7786,1.1770,0.5404,0.8937
0.3134,3.6866,0.5368,path,1.7055,4.7400,0.0133,-0.0397,0.3109,1.2630,0.7412,0.6686
0.3684,1.8616,0.9166,path,2.3918,5.9800,0.0100,0.2733,0.2471,1.2624,0.5343,0.5014
0.9858,3.2932,1.1167,path,1.8612,4.9600,0.0244,0.9186,0.3578,1.7172,0.8841,1.2194
0.6186,8.5862,0.4731,path,1.4390,6.7600,0.0082,0.5779,0.2208,1.0547,0.5640,0.4132
0.4488,13.5029,0.3246,path,2.3743,5.3800,0.0090,-0.3680,0.2569,1.1757,0.3814,0.4522
0.0303,1.8852,0.0224,stand,0.0000,4.1400,0.0000,nan,nan,0.2132,0.0361,0.6566
0.3413,3.8337,0.2480,path,3.0757,7.9200,0.0022,-0.3056,0.1519,0.7660,0.4027,0.4394
0.3774,2.0788,0.1094,lateral,0.0828,4.3200,0.0738,-0.1166,0.3590,0.3228,0.1218,0.9796
0.7265,11.0378,0.6849,path,2.5153,7.0400,0.0080,0.7198,0.0986,1.2690,0.5882,0.4007
0.4212,4.2985,0.1625,turn,0.0000,7.2400,0.0000,nan,nan,0.6956,0.1531,0.4260
0.2432,4.8013,0.0480,stand,0.0000,4.3000,0.0000,nan,nan,0.5750,0.0913,0.0000
0.5692,3.8916,1.1113,path,4.9307,6.4000,0.0024,0.0571,0.5663,1.2889,0.8697,0.8493
0.2671,11.3199,0.7079,path,4.9363,4.9400,0.0201,0.0654,0.2590,1.7751,1.2161,1.0039
0.1068,6.3226,0.1972,path,3.2857,7.4800,0.0028,0.1064,0.0089,0.9771,0.4692,0.4533
0.4007,1.4802,0.7191,path,2.2209,5.7200,0.0125,-0.3767,0.1367,1.0184,0.5690,0.6258
0.1823,0.1488,0.5940,path,2.8589,6.8600,0.0016,0.0547,0.1739,0.8373,0.4495,0.4418
0.2783,4.4431,0.0246,turn,0.0000,5.1000,0.0000,nan,nan,0.3624,0.1207,0.6474
0.2120,8.0175,0.3447,path,2.0036,6.7400,0.0064,0.2001,0.0700,1.1332,0.4571,0.3186
0.4666,10.7068,0.4669,path,2.6001,4.0000,0.0165,-0.4530,0.1120,1.4125,0.6495,0.8247
0.2170,3.2892,0.0013,turn,0.0000,5.3200,0.0000,nan,nan,0.4716,0.1194,0.8749
1.1332,3.9859,1.5764,path,1.7769,5.2000,0.0252,-1.1182,0.1837,1.7457,0.7381,1.2616
0.4192,18.0206,0.3272,path,2.7302,7.2800,0.0100,0.1088,0.4049,1.2253,0.5460,0.4978
0.0531,5.5024,0.3066,path,2.3102,5.9400,0.0156,0.0412,0.0334,1.4657,0.7113,0.7807
0.3736,15.1794,0.4680,path,1.5922,5.2400,0.0067,-0.1104,0.3569,1.0406,0.3969,0.3375
0.2420,5.3670,0.5246,path,2.0905,5.7600,0.0085,-0.0696,0.2318,1.3079,0.4413,0.4237
0.4560,0.8985,0.0977,lateral,0.5044,6.5000,0.3405,0.0755,0.4497,0.3546,0.1287,0.0000
0.2476,6.6683,0.2218,path,2.5127,6.0600,0.0087,0.0101,0.2474,0.8746,0.4776,0.4360
0.4401,5.1045,0.1184,straight,0.2414,7.5800,0.0565,0.4035,0.1757,0.4503,0.1388,0.4158
0.1481,13.1147,0.6290,path,2.1062,6.9600,0.0077,-0.1377,0.0546,1.0391,0.6709,0.6667
0.4526,0.8346,0.1917,combined,1.1755,5.0000,0.4526,0.0070,0.4526,0.8029,0.2934,0.5928
0.4337,6.8900,0.0594,lateral,0.7747,4.7800,0.4237,-0.1703,0.3989,0.4033,0.1614,1.0184
0.3954,3.4544,0.0902,lateral,0.7592,7.8800,0.3884,-0.0582,0.3910,0.3983,0.1364,0.5051
1.0200,6.8515,1.0125,path,2.5476,7.1600,0.0230,0.6124,0.8157,1.5724,0.8134,1.1483
0.3704,8.3174,0.0728,straight,0.9086,7.0800,0.1677,0.3614,0.0812,1.2019,0.3145,0.7059
0.4260,4.2823,0.1414,combined,0.9924,7.2800,0.4196,-0.3244,0.2761,0.3295,0.1455,0.3631
0.8366,13.8536,1.1579,path,5.5916,7.2400,0.0186,-0.5854,0.5976,1.8756,0.8489,0.9290
0.1452,0.1300,1.0280,path,2.8473,6.5000,0.0179,0.1424,0.0283,1.4754,0.8735,0.8966
0.4227,4.2771,0.5119,path,1.6316,4.1400,0.0064,0.0914,0.4127,1.1145,0.5524,0.7971
0.6805,3.0682,0.2513,combined,1.8978,4.5000,0.3576,0.5700,0.3718,1.6646,0.7018,0.7976
0.1995,4.8503,1.2843,path,4.1731,5.4600,0.0209,-0.0325,0.1968,1.5266,0.9678,1.0401
0.0564,12.1663,0.2372,path,2.4376,6.7400,0.0141,-0.0254,0.0504,1.4930,0.6783,0.7018
0.2983,0.2404,0.9492,path,3.9079,5.3800,0.0187,-0.2631,0.1405,1.3059,0.8854,0.9346
0.4155,13.9030,0.4724,path,2.5938,4.6000,0.0121,-0.1458,0.3890,1.4271,0.7752,0.6060
0.2712,8.7483,0.1830,path,1.5218,5.4600,0.0097,-0.2681,0.0407,0.7661,0.3953,0.4894
0.3559,8.9399,1.0771,path,2.8337,4.0400,0.0192,0.1894,0.3013,1.5572,1.0017,0.9591
0.6217,1.3121,0.8334,path,0.9134,6.6200,0.0220,-0.5274,0.3291,1.2639,0.7750,1.0978
0.5144,0.3803,0.8496,path,5.2149,6.1400,0.0174,-0.4073,0.3143,1.2687,0.8372,0.8932
0.3516,3.1973,1.2893,path,1.0108,7.4400,0.0020,-0.3512,0.0160,1.4718,1.0092,1.0530
0.2637,1.3143,0.0979,turn,0.0000,7.1600,0.0000,nan,nan,0.5608,0.1149,0.0000
0.0650,5.7057,0.7180,path,2.2817,6.3600,0.0073,-0.0264,0.0594,0.7958,0.3753,0.3613
0.0528,1.5758,0.0326,stand,0.0000,6.9600,0.0000,nan,nan,0.1980,0.0346,0.8513
0.8960,14.2630,0.5887,path,2.8873,4.9000,0.0137,-0.8583,0.2572,1.5746,0.5875,0.6837
0.3406,4.4514,0.1504,lateral,0.1576,4.6400,0.1576,-0.1284,0.3154,0.2955,0.1192,0.0000
0.5201,4.9327,0.0731,combined,2.3351,6.7800,0.2095,0.5071,0.1154,1.7107,0.4881,0.8279
0.6506,15.9891,0.1422,combined,1.6005,5.0800,0.6506,-0.5368,0.3675,0.8661,0.3229,0.7815
0.1750,3.3110,0.3626,path,3.5849,7.1200,0.0130,0.0845,0.1532,1.3558,0.7523,0.6510
0.5909,18.7087,1.0048,path,1.6018,6.2200,0.0226,-0.4563,0.3754,1.6442,0.8597,1.1290
0.5029,4.4431,0.1061,turn,0.0000,6.6600,0.0000,nan,nan,0.3328,0.1249,0.0000
0.7777,1.9057,1.1567,path,2.9175,4.3600,0.0185,-0.7429,0.2300,1.2875,0.6292,0.9235
0.4943,3.3603,0.1177,turn,0.0000,4.4200,0.0000,nan,nan,0.6998,0.2341,0.0000
0.0193,4.8731,0.0054,stand,0.0000,6.6800,0.0000,nan,nan,0.2473,0.0284,0.0000
0.4075,3.5480,0.0781,straight,1.5061,5.6600,0.4075,-0.4069,0.0223,0.5140,0.2225,0.7967
0.6548,3.5956,0.6903,path,4.4310,7.8600,0.0184,-0.6153,0.2239,1.1850,0.7517,0.9200
0.1086,10.3960,1.0426,path,2.5929,6.3400,0.0110,0.0078,0.1083,1.4433,0.7218,0.5522
0.3338,4.2768,0.0987,lateral,0.2624,4.8400,0.1989,0.0959,0.3198,0.4307,0.1470,1.0557
0.3149,2.2054,0.0813,turn,0.0000,5.8600,0.0000,nan,nan,0.9147,0.2618,0.6152
0.4510,15.2892,1.0593,path,4.5407,5.2800,0.0186,0.1582,0.4223,1.4150,0.9890,0.9286
0.2663,8.4879,0.0539,turn,0.0000,6.8000,0.0000,nan,nan,0.5625,0.1095,0.4617
0.1699,2.4146,1.0414,path,2.5669,4.9600,0.0182,0.0792,0.1503,1.4341,0.8928,0.9063
0.4857,16.2462,0.0447,combined,2.0820,7.3600,0.4857,0.0781,0.4794,1.6810,0.4050,0.3326
0.0802,0.3194,0.6019,path,2.0027,6.3200,0.0148,-0.0781,0.0184,1.0362,0.6700,0.7401
0.6155,3.2562,0.1458,combined,0.8457,4.0000,0.6155,-0.6130,0.0556,0.6383,0.2461,0.0000
0.4413,1.4546,0.0989,lateral,0.0021,6.1000,0.0021,0.0416,0.4394,0.2646,0.1205,0.7247
0.3669,8.8712,0.8247,path,1.4478,7.6200,0.0236,-0.3506,0.1081,1.1177,0.7758,1.1794
0.3124,4.5296,0.1170,turn,0.0000,7.4800,0.0000,nan,nan,0.9376,0.1794,0.9245
0.1763,12.6179,0.0155,lateral,1.1999,5.9800,0.1759,-0.1340,0.1146,0.5825,0.2001,0.3971
0.4474,0.9617,0.1560,turn,0.0000,6.8400,0.0000,nan,nan,0.3058,0.1193,0.0000
0.2068,9.3047,0.4186,path,1.9137,4.6400,0.0083,-0.0992,0.1815,0.8959,0.4337,0.4173
0.4635,1.5363,0.0548,straight,1.5349,7.5400,0.1969,0.4467,0.1237,1.4599,0.3561,0.3261
0.4052,3.3387,0.0883,lateral,0.9260,5.8600,0.4033,-0.1709,0.3674,0.4364,0.1550,0.0000
0.3377,0.6104,0.8638,path,1.9309,7.9200,0.0173,0.1408,0.3070,1.1526,0.7957,0.8704
0.3351,12.0367,0.0817,lateral,0.1035,7.9800,0.0890,0.0943,0.3216,0.2297,0.0865,0.0000
0.3692,2.4992,0.0541,straight,1.9011,4.5200,0.2926,0.3559,0.0983,1.4160,0.5597,0.7862
0.8106,12.6332,1.1443,path,5.8687,7.8000,0.0195,-0.6944,0.4182,1.8346,1.2054,1.1760
0.5815,8.3827,0.0892,straight,1.7694,6.0200,0.1891,0.5463,0.1993,1.4884,0.4634,0.4743
0.0961,4.2940,0.0282,stand,0.0000,7.4800,0.0000,nan,nan,0.4652,0.0453,0.0000
0.3204,2.8816,0.0692,combined,1.7977,7.0400,0.3200,-0.3200,0.0170,0.6040,0.2331,1.0604
0.4151,0.2668,0.1601,combined,1.1270,5.0600,0.4084,-0.2266,0.3478,0.5425,0.1998,0.4433
0.2748,3.5512,0.3811,path,3.2313,7.6600,0.0135,-0.0636,0.2674,1.3588,0.6148,0.6756
0.1388,13.0196,0.1223,path,1.7455,4.2400,0.0083,-0.1376,0.0181,0.8533,0.4186,0.4113
0.3703,3.1522,0.0389,lateral,0.9353,6.8400,0.3409,-0.2340,0.2869,0.4131,0.1323,0.0000
0.2241,1.2091,0.1015,combined,0.4497,7.7800,0.1239,0.1616,0.1552,0.7794,0.1409,1.0028
0.1941,2.2511,0.0436,turn,0.0000,4.2600,0.0000,nan,nan,0.2797,0.1044,0.6873
0.4656,4.2194,0.1819,combined,0.9473,5.1400,0.4651,-0.4527,0.1089,0.3172,0.1388,0.8049
0.1383,7.6432,0.8246,path,4.4455,6.0200,0.0164,-0.0911,0.1041,1.1843,0.8277,0.8140
0.4209,0.2447,0.1477,straight,0.7384,5.1200,0.0106,0.4207,0.0101,1.0012,0.2836,0.3819
0.2245,0.5736,0.1207,combined,1.9626,7.6400,0.2213,0.2245,0.0053,1.5889,0.4157,0.8888
0.9650,8.2209,0.6849,path,0.9211,4.3000,0.0246,-0.8606,0.4364,1.4367,0.5912,1.2318
0.2128,2.4995,0.2219,path,1.5627,6.9000,0.0075,-0.1823,0.1098,1.1976,0.3249,0.3735
0.3567,5.9463,0.1165,lateral,0.8941,7.8600,0.3404,-0.0408,0.3544,0.5026,0.1387,0.0000
0.2449,3.4690,0.5739,path,4.1731,6.8800,0.0134,-0.1344,0.2047,1.0837,0.6556,0.6690
0.3692,0.7052,0.0776,lateral,0.4439,6.1400,0.3170,-0.0458,0.3663,0.2864,0.1129,0.0000
0.2269,0.3192,0.4066,path,2.0589,4.8800,0.0086,0.0386,0.2236,0.7028,0.4629,0.4294
0.3193,1.7689,1.1674,path,2.3883,4.5400,0.0209,-0.3079,0.0845,1.6824,0.9660,1.0480
0.2604,7.4309,0.3976,path,1.6579,5.9400,0.0090,-0.2272,0.1272,0.6931,0.4061,0.4552
0.4152,8.5955,0.1171,straight,1.8059,6.4200,0.0874,0.3959,0.1252,1.5479,0.4527,0.8886
0.3707,0.7488,0.1052,straight,0.4734,4.0600,0.3634,-0.3696,0.0281,0.2388,0.1029,0.7517
0.3701,3.7082,0.1094,straight,0.2932,5.1000,0.2860,-0.3276,0.1721,0.2393,0.0886,0.4838
0.2784,1.3459,0.4493,path,2.1252,5.4000,0.0122,-0.2713,0.0625,1.2002,0.4567,0.6111
0.2838,3.0066,1.0814,path,1.8145,6.5000,0.0147,0.2162,0.1838,1.3839,0.7765,0.7340
0.9921,0.0018,0.1796,stand,0.0000,5.1800,0.0000,nan,nan,1.2092,0.2683,0.9157
0.3891,16.6521,0.1621,path,1.9691,7.7600,0.0075,0.2982,0.2500,0.8602,0.4622,0.3773
0.4247,3.4833,0.1088,combined,1.2438,7.9800,0.4247,0.2265,0.3592,0.9877,0.3068,0.7158
0.5454,5.6930,1.0190,path,3.5588,6.7600,0.0164,0.3228,0.4397,1.3196,0.9034,0.8189
0.2070,0.0884,0.1421,lateral,1.3653,7.3000,0.2070,-0.0496,0.2009,0.5995,0.2055,0.3335
0.3934,1.5216,0.9211,path,2.3271,5.6000,0.0229,-0.1401,0.3675,1.3387,0.9432,1.1469
0.3656,7.6189,1.4389,path,1.0517,7.8000,0.0239,0.3262,0.1651,1.7041,1.0734,1.1911
0.2792,5.8833,0.0921,combined,0.5361,7.5400,0.2552,-0.1366,0.2436,0.7073,0.1516,0.0000
0.3622,7.0041,0.0442,straight,0.2712,7.2800,0.2684,-0.3563,0.0654,0.2326,0.0861,0.3281
0.3218,13.7899,0.0355,combined,1.5140,6.2000,0.3218,-0.2739,0.1688,0.6987,0.2933,0.6142
0.1022,28.2737,0.5382,path,2.5248,4.4000,0.0179,0.0367,0.0953,1.4700,0.7883,0.8847
0.5228,0.0725,0.0475,straight,0.3446,5.6200,0.0099,0.5108,0.1114,0.7728,0.2798,0.3605
0.3887,3.5580,0.1079,straight,0.7107,7.4800,0.3845,-0.3880,0.0229,0.2317,0.1002,0.3258
0.6286,12.3339,0.0147,lateral,1.3058,5.0200,0.6257,-0.5020,0.3784,0.5150,0.1886,1.0818
0.4129,1.2405,0.6206,path,3.6292,5.0800,0.0204,-0.4115,0.0337,1.4066,0.8035,1.0221
0.5191,8.6562,0.1788,straight,0.6708,7.1600,0.5134,-0.5113,0.0894,0.2544,0.0961,0.5407
0.1056,0.8990,0.1979,path,1.2334,4.3200,0.0064,0.0260,0.1024,0.6132,0.3366,0.3188
0.0673,0.5730,0.9370,path,1.6300,4.1800,0.0175,-0.0487,0.0464,1.3345,0.8903,0.8765
0.0898,10.9201,0.8468,path,0.2912,5.7800,0.0118,0.0868,0.0231,1.3183,0.7717,0.7411
0.4255,1.0278,0.0407,straight,0.6052,5.1800,0.4195,-0.3885,0.1737,0.2803,0.1067,1.0989
1.1888,28.5769,0.3347,path,2.4875,6.2000,0.0220,-1.1130,0.4177,1.2305,0.6277,1.0983
0.0555,6.5862,0.3743,path,1.3579,4.0400,0.0067,-0.0547,0.0097,0.6421,0.3463,0.3361
0.3973,2.1954,0.3909,path,0.8457,7.6400,0.0059,0.1714,0.3585,1.2869,0.5906,0.6426
0.4081,12.0192,0.0552,combined,1.9505,7.2200,0.4075,-0.1016,0.3952,1.3216,0.3910,0.6568
0.5017,1.3561,0.1311,straight,1.4342,7.8200,0.1287,0.5016,0.0127,1.4347,0.3373,0.4977
0.2000,4.1317,1.1340,path,1.9151,7.6200,0.0082,0.0022,0.2000,1.3280,0.7053,0.5553
0.4816,12.4225,0.0576,straight,0.0992,7.4000,0.0975,-0.3644,0.3148,0.2624,0.1074,0.0000
0.3901,0.9584,0.1000,combined,1.8690,7.8400,0.3876,0.2373,0.3096,1.4318,0.3666,1.0665
0.0720,4.6292,0.4035,path,3.0475,7.4800,0.0084,0.0369,0.0618,0.6100,0.4407,0.4208
0.0573,4.9468,0.1834,path,5.8886,7.6000,0.0157,-0.0453,0.0351,1.5378,0.7787,0.7777
1.0395,17.1541,0.3674,combined,1.7509,4.3600,0.8596,-0.1464,1.0292,1.2166,0.5976,0.7047
0.6272,5.6011,0.2798,combined,1.8666,4.5600,0.6272,-0.6268,0.0216,0.7014,0.2968,0.3278
0.2373,2.4802,1.2473,path,2.2717,4.2400,0.0107,0.1182,0.2058,1.5190,0.7176,0.5994
0.6396,3.1333,1.1925,path,0.6912,7.3200,0.0086,0.5965,0.2308,1.5469,0.8265,0.5589
0.2111,1.7059,0.6748,path,2.9174,4.1800,0.0144,-0.2090,0.0296,1.0076,0.6668,0.7166
0.1875,12.2097,0.2260,path,2.3753,7.4600,0.0066,-0.1426,0.1217,1.4099,0.3495,0.3276
0.5542,10.3665,0.0565,combined,1.0178,7.0600,0.4690,0.4915,0.2561,1.3598,0.2873,0.8995
0.2035,2.6066,1.0708,path,3.3025,6.2200,0.0130,-0.1362,0.1513,1.4367,0.6551,0.6472
0.3162,6.4886,0.1034,straight,0.3794,7.5000,0.0748,0.3049,0.0838,0.6328,0.1755,0.3853
0.1362,9.9695,0.2518,path,1.4715,5.0800,0.0066,-0.0664,0.1189,1.2783,0.5353,0.3289
1.1355,7.2709,1.2554,path,5.7963,5.0400,0.0245,-0.6811,0.9086,1.5416,1.1668,1.2371
0.5123,4.3023,0.1058,combined,1.2949,6.8800,0.1929,0.4867,0.1597,1.4027,0.3406,0.0000
0.3239,14.9686,0.8446,path,3.4212,4.0600,0.0226,-0.1521,0.2860,1.5333,1.0237,1.1323
0.6829,1.3492,0.6090,path,4.2062,6.5800,0.0101,-0.6829,0.0067,1.2009,0.5905,0.7066
0.3759,2.0610,1.2633,path,4.6866,7.7800,0.0141,0.3653,0.0887,1.4283,0.7795,0.7006
0.1510,0.6755,0.0298,stand,0.0000,7.0400,0.0000,nan,nan,0.3357,0.0588,0.0000
0.2195,5.5275,0.5268,path,2.8052,5.4000,0.0087,0.1361,0.1723,1.1366,0.6700,0.6241
0.1912,5.3970,0.6759,path,2.9399,6.6800,0.0021,-0.1801,0.0644,0.8344,0.4396,0.4517
1.1613,5.7699,1.0920,path,4.3430,6.0000,0.0153,-0.5503,1.0226,1.8516,0.9004,0.7665
0.7266,24.1593,0.1837,path,2.0997,5.7400,0.0088,0.7096,0.1561,1.5036,0.6709,0.4385
0.4707,3.0025,0.7244,path,4.2417,5.1400,0.0174,-0.2938,0.3678,1.1728,0.7798,0.8282
0.0445,2.5092,0.0423,stand,0.0000,4.0400,0.0000,nan,nan,0.1877,0.0400,0.9495
0.1089,1.6603,0.6756,path,3.1711,6.3400,0.0015,-0.0158,0.1078,1.1182,0.7180,0.6836
0.3743,3.5543,0.0930,combined,0.7863,5.8000,0.3743,-0.3711,0.0489,0.6622,0.1636,0.3621
0.2040,2.0583,0.1262,turn,0.0000,4.5000,0.0000,nan,nan,0.4088,0.1124,0.8358
0.8841,11.9771,1.1155,path,6.0566,6.7000,0.0239,-0.6758,0.5701,1.6828,0.9679,1.2033
0.3843,2.4677,0.6208,path,1.6688,6.1000,0.0111,-0.2402,0.3000,0.8537,0.4133,0.5583
0.2971,1.3740,1.2624,path,3.9569,7.8600,0.0220,0.2756,0.1109,1.6244,1.1047,1.1012
0.4026,3.4393,0.0744,straight,0.6394,5.3000,0.0695,0.3728,0.1520,0.8751,0.2610,0.6816
0.2990,2.8760,0.3791,path,2.7985,6.9400,0.0088,-0.2463,0.1696,0.7178,0.4041,0.4391
0.5958,2.3508,0.1110,combined,2.2254,5.1400,0.5958,-0.5870,0.1020,0.7050,0.3839,0.0000
0.4221,10.4480,1.2340,path,3.1434,7.1200,0.0235,-0.1553,0.3925,1.6233,0.9931,1.1667
0.0189,2.4280,0.0658,stand,0.0000,6.7000,0.0000,nan,nan,0.1868,0.0389,0.7635
0.3213,2.5797,0.1033,lateral,0.5710,4.2400,0.2853,0.0212,0.3206,0.4372,0.1817,0.5939
0.4979,14.0650,0.0678,lateral,0.4834,7.6200,0.4672,-0.1976,0.4570,0.2806,0.0980,0.9373
0.3082,3.6370,0.0739,lateral,0.2357,4.6200,0.2191,-0.0250,0.3072,0.2338,0.1122,0.4410
0.1028,6.7309,0.2738,path,2.6843,7.3400,0.0112,-0.0540,0.0875,1.1207,0.5428,0.5625
0.7434,24.5918,0.4593,path,4.1265,4.2200,0.0216,-0.5456,0.5049,1.7253,1.1095,1.0747
0.5160,4.5005,0.7755,path,1.4805,7.2400,0.0194,0.4192,0.3008,1.5400,0.7664,1.0442
0.3533,2.5719,0.1338,turn,0.0000,7.2000,0.0000,nan,nan,0.5196,0.1157,0.5081
0.3040,19.3108,0.3835,path,1.9217,7.2600,0.0068,0.2327,0.1956,0.9128,0.4330,0.3386
0.4056,4.5461,0.1582,lateral,0.6932,4.4000,0.4056,-0.2297,0.3343,0.4058,0.1540,0.3713
0.5688,1.3468,0.4233,path,5.4408,7.8000,0.0160,-0.5030,0.2656,1.4590,0.6751,0.7974
0.2194,3.4719,0.6656,path,2.5018,4.5000,0.0116,-0.1418,0.1674,0.9581,0.6104,0.5819
0.5607,16.0593,0.8325,path,6.3178,6.0800,0.0243,-0.5469,0.1232,1.4940,1.0676,1.2165
0.3601,2.7467,0.0243,lateral,0.5685,7.7000,0.3601,-0.1046,0.3446,0.3434,0.1186,0.8361
0.4353,17.3953,0.6328,path,1.2864,4.9000,0.0154,-0.1215,0.4180,1.1779,0.6431,0.7707
0.4142,3.3353,0.1028,straight,0.6283,5.9200,0.0987,0.4139,0.0171,1.0278,0.3007,0.0000
0.3646,0.3341,0.1775,lateral,0.4873,5.0600,0.3439,-0.0768,0.3565,0.3061,0.1423,0.4120
0.5165,12.6587,0.0203,combined,1.4163,6.5800,0.5165,-0.4731,0.2072,0.5526,0.1754,0.7150
0.4878,13.9490,0.7607,path,2.9035,7.7800,0.0094,0.1864,0.4507,0.9821,0.5443,0.4684
0.6276,26.8428,0.4638,path,2.2677,4.6600,0.0157,0.6266,0.0345,1.4013,0.7205,0.7843
0.3331,5.3590,0.0161,combined,1.0814,6.5600,0.3331,-0.2252,0.2454,0.9393,0.2495,0.0000
0.4701,12.9316,0.1590,combined,2.1245,5.4200,0.4701,-0.4666,0.0577,0.7509,0.3263,0.5999
0.4207,2.4377,0.0936,straight,0.4324,7.4800,0.0196,0.4181,0.0471,0.7894,0.1857,0.7831
0.4581,22.3451,1.2698,path,5.1840,7.3600,0.0161,0.3630,0.2795,1.7328,1.0641,0.8038
0.2239,8.8743,0.4982,path,2.2500,4.9200,0.0117,-0.1355,0.1782,0.7978,0.5295,0.5851
0.4279,3.4729,0.3068,path,1.9917,6.6400,0.0062,0.0660,0.4228,1.1297,0.4032,0.3082
0.3154,7.7787,0.0822,combined,1.1845,7.3400,0.3149,0.2625,0.1749,0.9307,0.2546,0.9868
0.4598,0.0579,0.0775,combined,2.0839,4.6200,0.1599,0.4477,0.1047,1.5792,0.6100,0.6566
0.3120,7.2958,1.0430,path,5.8403,6.4600,0.0181,-0.3027,0.0755,1.3955,0.9197,0.9066
0.4071,4.4828,0.0847,lateral,1.1431,6.9000,0.3916,-0.2974,0.2779,0.4462,0.1509,0.0000
0.5119,2.6147,0.6142,path,3.1308,5.7400,0.0110,-0.4646,0.2148,1.6189,0.6563,0.5464
0.3496,5.6920,1.2495,path,0.8348,7.2800,0.0220,-0.0401,0.3473,1.5763,0.9947,1.1007
0.3292,9.8621,0.1108,straight,1.3782,7.5600,0.0612,0.3204,0.0758,1.2776,0.3615,0.9415
0.8782,4.0038,1.5468,path,2.9330,6.9800,0.0234,0.1810,0.8594,1.6478,1.1051,1.1705
0.0438,0.3830,0.3589,path,0.4671,5.7400,0.0166,0.0000,0.0438,1.3789,0.9423,0.8286
0.0482,0.4122,0.0222,stand,0.0000,7.1000,0.0000,nan,nan,0.2536,0.0431,0.5930
0.1912,1.6757,0.5992,path,2.1418,6.5600,0.0073,0.1360,0.1343,1.0384,0.4538,0.3635
0.3045,5.5169,0.1527,path,3.0234,4.1400,0.0152,-0.2980,0.0628,1.2115,0.6637,0.7584
0.4383,2.6441,0.0741,straight,1.2509,6.6800,0.1656,0.3997,0.1800,1.4999,0.5033,0.0000
0.4126,0.4315,0.0817,straight,1.7171,5.1400,0.0952,0.4080,0.0616,1.4906,0.5143,0.9796
0.3703,7.1688,1.2200,path,3.1445,5.9800,0.0184,0.3543,0.1075,1.4448,1.1983,1.0556
0.2571,2.8224,0.7457,path,3.1244,6.2800,0.0119,0.2535,0.0428,1.3769,0.6859,0.5952
0.8390,5.1140,1.1918,path,1.8453,5.2800,0.0244,0.7688,0.3361,1.4080,0.7868,1.2140
0.2895,5.7777,0.0371,combined,2.2583,6.9400,0.2772,0.2726,0.0974,1.5692,0.5356,0.8818
0.5070,10.0175,0.6300,path,1.5506,7.1400,0.0195,-0.4620,0.2088,1.1633,0.5822,0.9774
0.4738,25.1047,0.1336,combined,2.1408,7.2000,0.4664,-0.4280,0.2032,0.6709,0.2508,0.0000
0.3598,9.5093,0.3613,path,3.3222,5.6000,0.0146,-0.3322,0.1381,1.3139,0.6790,0.7292
0.2776,11.1586,0.1675,combined,0.9403,7.8000,0.2776,-0.0025,0.2776,0.6501,0.2208,1.1075
0.3081,6.4525,0.1168,lateral,0.4288,5.1400,0.2523,-0.1592,0.2637,0.2502,0.1034,0.0000
0.3775,3.5052,0.0266,straight,0.3160,7.4800,0.3077,-0.3186,0.2024,0.2417,0.0954,0.9259
0.2442,5.1071,0.2667,path,3.1286,7.6200,0.0127,-0.1754,0.1700,1.0556,0.5987,0.6371
0.5906,0.7853,0.6359,path,3.6537,5.4200,0.0160,-0.5292,0.2621,1.0626,0.6567,0.7988
0.2857,8.0479,0.2764,path,2.4480,7.5600,0.0166,-0.2598,0.1189,1.5556,0.6227,0.8303
0.8157,17.8427,0.3811,path,4.4902,6.8000,0.0146,-0.7020,0.4155,1.2076,0.6447,0.7315
0.2277,3.4293,0.9340,path,2.4384,5.8200,0.0086,-0.1719,0.1493,0.8523,0.3976,0.4297
0.4299,1.4572,0.0672,lateral,0.3671,7.0600,0.3078,-0.0053,0.4298,0.3289,0.1150,0.6559
0.4924,20.2460,0.0990,lateral,1.2736,4.7000,0.4924,-0.4276,0.2442,0.4553,0.1955,0.3631
0.1354,1.4125,0.4489,path,2.6508,6.7200,0.0079,0.1140,0.0732,0.7497,0.4247,0.3950
0.0546,0.0895,0.0164,stand,0.0000,7.5800,0.0000,nan,nan,0.2871,0.0514,0.4404
0.3178,2.3403,1.1353,path,2.5165,5.6200,0.0107,0.1830,0.2598,1.1472,0.5854,0.5336
0.2056,2.1542,0.3633,path,1.9204,4.9800,0.0077,-0.1853,0.0889,0.9610,0.4298,0.3862
0.6208,13.1036,0.1109,combined,2.0129,6.2400,0.6208,-0.3460,0.5154,1.3639,0.3507,0.0000
0.4767,13.2943,0.1740,combined,1.2596,4.2000,0.4767,-0.4306,0.2045,0.6220,0.2810,0.6152
0.4055,5.6823,0.0118,straight,1.2078,7.2600,0.3946,-0.3728,0.1595,0.3962,0.1583,0.4322
0.4625,0.2067,0.0840,straight,1.9862,6.6000,0.4625,-0.4624,0.0081,0.5718,0.2588,0.0000
0.5748,7.6712,0.0988,lateral,1.4066,6.4200,0.5743,-0.4102,0.4027,0.4100,0.1827,0.5247
0.6285,1.7154,0.9705,path,2.0021,5.7800,0.0242,-0.1961,0.5971,1.4971,0.8788,1.2120
0.1572,3.3457,0.1174,path,2.9565,7.8000,0.0078,0.1370,0.0771,1.3361,0.5351,0.3914
0.2377,8.2290,0.7825,path,2.5335,6.4800,0.0080,-0.0488,0.2326,0.9317,0.4628,0.4008
0.4344,0.0502,0.1037,straight,0.8153,5.0000,0.0381,0.4330,0.0348,1.2097,0.4133,0.0000
1.0067,8.6464,0.9947,path,4.1731,6.3200,0.0197,-0.9457,0.3450,1.3802,0.7428,0.9832
0.3767,11.0622,1.0059,path,5.4518,7.5200,0.0195,0.3321,0.1780,1.6113,1.1256,0.9696
0.3812,0.4807,1.2288,path,1.6766,4.5800,0.0234,-0.3715,0.0855,1.5496,0.9474,1.1705
0.5624,9.8463,0.7040,path,3.6236,6.6400,0.0136,0.0483,0.5603,1.0910,0.7244,0.6797
0.2765,12.1764,0.3042,path,3.4199,6.8800,0.0168,-0.0491,0.2721,1.5187,0.6805,0.8370
0.5637,5.9012,0.0597,combined,1.5529,7.5800,0.5625,-0.1753,0.5358,0.6165,0.2163,0.8310
0.6298,14.0630,1.4684,path,5.4485,5.6200,0.0226,0.3409,0.5296,1.6044,1.2075,1.1420
0.4774,3.2092,0.4164,path,3.3249,6.3200,0.0109,-0.3246,0.3501,0.7186,0.5048,0.5471
0.4708,13.0348,0.4983,path,3.2677,5.1000,0.0047,-0.4262,0.2001,1.2323,0.6292,0.6992
0.1524,1.7113,0.4411,path,2.8579,6.7400,0.0091,-0.1363,0.0681,0.8842,0.4256,0.4586
0.4944,5.2546,0.1572,combined,0.4615,6.4000,0.2971,0.2135,0.4459,0.7793,0.2501,0.0000
0.0784,2.0422,0.4070,path,2.1434,7.4000,0.0084,-0.0774,0.0122,1.1834,0.4755,0.4200
0.0768,8.3978,0.9136,path,3.7830,5.3200,0.0231,-0.0150,0.0753,1.4625,1.1519,1.1563
0.2960,10.5198,0.6557,path,4.7554,6.8200,0.0193,-0.2512,0.1565,1.3481,0.8991,0.9725
0.5302,9.7943,1.7402,path,2.5714,7.1200,0.0238,0.2061,0.4886,1.8966,1.2179,1.1784
0.4498,1.2995,0.1402,straight,1.4204,4.2000,0.4498,-0.4433,0.0764,0.4591,0.2544,1.0604
0.4445,10.6288,0.0907,combined,1.3421,6.4800,0.4429,-0.3592,0.2618,0.5116,0.1795,0.0000
0.3907,1.1102,0.9294,path,1.7531,6.3600,0.0087,0.3296,0.2097,1.2482,0.7440,0.6570
0.1780,8.8118,0.0307,turn,0.0000,7.0800,0.0000,nan,nan,0.2972,0.0947,0.6540
0.9265,5.6903,1.3243,path,3.5313,4.6000,0.0247,-0.9140,0.1515,1.3808,0.8295,1.2314
0.7078,11.6808,0.7900,path,2.9387,5.9000,0.0165,-0.7070,0.0331,1.1461,0.5858,0.8259
0.2348,4.7877,1.1695,path,6.4479,6.7600,0.0247,-0.2318,0.0372,1.4096,1.1538,1.2372
0.5548,7.7741,0.0210,lateral,1.1577,5.6600,0.5543,-0.4189,0.3638,0.4245,0.1559,0.4158
0.3731,4.2187,0.1048,straight,1.1919,4.6000,0.3731,-0.3715,0.0345,0.4115,0.2047,0.9245
0.2291,2.3441,0.9041,path,3.2653,5.5200,0.0182,-0.0514,0.2232,1.5181,0.8623,0.9113
0.2894,3.2879,0.7189,path,2.6491,5.2000,0.0126,-0.2325,0.1722,1.4043,0.6373,0.6278
0.5344,10.2074,0.1084,combined,2.1072,4.6400,0.5344,-0.4536,0.2825,0.8462,0.3927,0.0000
0.2841,1.5093,0.6276,path,0.8398,6.2200,0.0199,-0.2840,0.0099,1.1771,0.6771,0.9943
0.3172,2.3910,0.5743,path,3.5766,7.6200,0.0144,-0.0991,0.3013,1.0182,0.6810,0.7186
0.7429,9.2517,1.2448,path,5.8808,5.5800,0.0245,-0.7321,0.1262,1.5190,1.0312,1.2262
0.2516,2.3541,0.7283,path,3.6962,4.6800,0.0170,-0.2404,0.0740,1.3662,0.8897,0.8503
0.0528,1.5462,0.0337,stand,0.0000,5.9200,0.0000,nan,nan,0.1917,0.0506,0.5928
0.6580,2.8371,0.0414,turn,0.0000,7.2600,0.0000,nan,nan,0.9380,0.1907,0.5044
0.3149,1.2757,0.0627,turn,0.0000,7.2000,0.0000,nan,nan,0.7385,0.1572,0.0000
0.6064,1.4507,0.9046,path,3.6013,4.6200,0.0166,-0.5969,0.1066,1.3330,0.6802,0.8317
0.9612,10.9097,0.4756,path,3.4927,6.7600,0.0239,-0.5729,0.7718,1.2128,0.7541,1.1965
0.3505,3.0544,0.0380,combined,1.6679,7.9800,0.3501,-0.3144,0.1550,0.5317,0.2120,1.1288
0.1250,2.8424,1.1552,path,1.9215,6.5600,0.0187,-0.1247,0.0090,1.6237,1.0301,0.9268
0.1958,1.3572,0.1303,path,4.0772,6.6200,0.0172,-0.0604,0.1862,1.3920,0.8277,0.7911
0.3741,8.8392,1.0223,path,4.6996,7.1200,0.0159,0.2435,0.2840,1.3294,0.8806,0.7956
0.5218,4.8756,1.0027,path,3.2508,6.8600,0.0095,0.3789,0.3587,1.0063,0.5419,0.4743
0.2703,4.2945,0.9118,path,3.6419,5.0400,0.0168,-0.1882,0.1941,1.2056,0.8448,0.8453
0.2848,1.9801,0.8374,path,0.3023,6.6200,0.0122,0.1686,0.2296,1.0580,0.6596,0.6083
0.7161,7.2824,0.9271,path,3.0627,4.4400,0.0257,-0.6756,0.2374,1.4558,0.9710,1.2767
0.4882,7.6231,1.1906,path,4.4141,5.8600,0.0189,-0.4761,0.1082,1.4387,0.8299,0.9432
0.4758,1.8806,0.0546,turn,0.0000,5.7000,0.0000,nan,nan,0.3424,0.1162,0.8279
0.3521,10.6384,0.0701,combined,0.7924,7.2000,0.3521,-0.1640,0.3115,0.4185,0.1290,0.6538
0.3073,12.4014,0.6630,path,3.3254,6.5600,0.0107,0.3001,0.0660,1.1918,0.5901,0.5363
0.4272,16.0470,0.4727,path,2.3972,4.0200,0.0139,-0.3981,0.1551,1.1828,0.5910,0.6950
0.6444,0.5624,0.9875,path,2.5765,7.0800,0.0247,-0.2037,0.6114,1.5844,0.9350,1.2341
0.1382,9.8050,0.3838,path,3.0294,4.0000,0.0153,-0.1032,0.0918,1.2398,0.7466,0.7626
0.4019,7.5849,1.4595,path,6.4185,7.7800,0.0189,0.0788,0.3941,1.6940,0.8941,0.9512
0.2727,0.9694,1.2229,path,4.0058,7.8000,0.0187,-0.2671,0.0553,1.7587,1.1470,0.9333
0.2003,1.6819,0.0907,lateral,1.2370,6.7200,0.2003,-0.0873,0.1802,0.5583,0.1928,0.6474
0.0202,4.1239,0.0293,stand,0.0000,6.8600,0.0000,nan,nan,0.2218,0.0383,0.4260
0.5059,6.8637,0.1068,straight,1.8050,4.8000,0.5059,-0.4695,0.1882,0.5664,0.2986,1.0028
0.2032,1.0934,0.1069,straight,1.7087,6.5400,0.2032,-0.1983,0.0445,0.5646,0.2536,0.8749
0.5572,11.8927,0.1999,combined,1.7507,4.4000,0.5572,-0.5513,0.0811,0.6484,0.3412,0.7517
0.0726,2.9164,0.0423,stand,0.0000,7.5200,0.0000,nan,nan,0.3151,0.0450,1.0698
0.3166,1.4568,0.1355,turn,0.0000,6.1600,0.0000,nan,nan,0.6142,0.1408,0.5051
0.2937,6.9308,0.0673,turn,0.0000,5.9000,0.0000,nan,nan,1.0515,0.1889,0.8513
0.4698,2.1797,0.0445,lateral,0.0556,7.6200,0.0414,-0.0100,0.4697,0.3078,0.1103,0.4356
0.3658,1.7393,0.9392,path,3.2506,5.4200,0.0128,0.2730,0.2435,1.3991,0.8157,0.6407
0.3828,0.4301,0.1270,straight,1.9061,6.1600,0.0771,0.3007,0.2369,1.5185,0.5238,0.7976
0.5235,15.0574,0.0664,combined,0.9793,4.0600,0.5235,-0.4973,0.1634,0.4684,0.1845,1.0989
0.5194,10.2117,0.1674,combined,2.1028,5.3000,0.5194,-0.4646,0.2321,0.6250,0.3242,0.3971
0.4834,3.5676,0.0401,combined,1.1445,7.7000,0.4834,-0.4823,0.0317,0.3495,0.1216,0.6506
0.4380,8.1435,0.1307,lateral,0.5808,6.6800,0.4121,-0.0137,0.4378,0.3678,0.1263,0.0000
0.2597,1.6688,0.0805,lateral,0.1293,4.9600,0.1293,-0.1853,0.1819,0.2088,0.0853,0.8888
0.2547,8.1008,0.1726,lateral,1.0894,6.1200,0.2301,-0.0179,0.2540,0.4632,0.1891,0.0000
0.2923,1.6997,0.1740,straight,0.2002,5.9400,0.0148,0.2923,0.0028,0.3118,0.1293,0.7967
0.6780,6.6853,0.0592,combined,2.0073,4.6400,0.5839,0.2456,0.6319,1.8306,0.6181,0.7158
0.3437,7.2223,0.0813,straight,1.7127,6.0000,0.2633,0.3055,0.1575,1.1970,0.3919,0.0000
0.4651,7.0181,0.0434,combined,1.3699,4.1800,0.4651,-0.4571,0.0859,0.5354,0.2576,0.4977
0.2053,10.1369,1.2272,path,2.1814,5.3600,0.0110,0.1929,0.0705,1.6828,0.8058,0.5477
0.2317,3.0040,0.0167,stand,0.0000,5.2000,0.0000,nan,nan,0.3929,0.0878,0.0000
0.2296,3.4641,0.1080,lateral,0.3960,6.5000,0.2289,-0.0774,0.2162,0.3080,0.0975,0.7059
0.5437,4.3444,0.1092,turn,0.0000,6.5600,0.0000,nan,nan,0.8498,0.1451,1.0184
1.0746,19.8907,0.4806,path,4.7753,6.4200,0.0180,1.0577,0.1897,1.6601,1.0138,0.9883
0.8337,20.4274,0.5229,path,0.7183,5.5200,0.0201,-0.6585,0.5113,0.9176,0.4383,1.0063
0.1149,20.3715,0.3907,path,2.1460,6.2200,0.0095,0.0248,0.1122,1.1389,0.4543,0.4764
0.2824,7.7617,0.8991,path,1.8107,6.6800,0.0085,0.2076,0.1914,1.2917,0.6739,0.4264
0.4200,9.9325,0.1811,combined,1.7620,7.9200,0.4200,0.1421,0.3952,1.2993,0.3402,0.4726
0.3602,4.5098,0.1546,turn,0.0000,5.6400,0.0000,nan,nan,0.8776,0.1701,0.0000
0.4742,5.3096,0.1415,combined,1.5156,5.2800,0.4742,0.0808,0.4672,1.4629,0.4503,0.0000
0.3228,4.4728,1.7592,path,3.5013,4.1600,0.0238,-0.3033,0.1105,1.7565,1.2249,1.1927
0.5196,3.9500,0.3308,path,3.7884,4.4600,0.0179,-0.5193,0.0181,1.7208,0.8016,0.8948
0.2375,12.3283,0.4528,path,2.3749,7.2200,0.0021,0.1355,0.1951,0.9287,0.4462,0.4180
0.1451,63.7678,0.3424,path,4.6676,5.4000,0.0076,0.1420,0.0301,1.3748,1.0221,1.1795
0.7988,1.1960,0.8454,path,4.0485,4.1000,0.0245,-0.7577,0.2528,1.5151,0.8976,1.2300
0.3307,0.5631,0.1021,straight,1.0336,5.3800,0.3307,-0.3153,0.0997,0.3517,0.1693,0.0000
0.4113,1.0947,0.3301,path,2.5014,5.4600,0.0095,-0.4091,0.0431,1.0966,0.5060,0.4768
0.5285,0.7785,0.1368,straight,1.3184,5.8200,0.0297,0.5285,0.0050,1.4240,0.4259,0.4743
0.2682,1.8314,0.0218,turn,0.0000,5.2200,0.0000,nan,nan,0.3629,0.1006,0.4838
0.4151,11.2446,0.0352,lateral,0.8517,5.7600,0.4151,-0.4038,0.0961,0.3237,0.1038,0.4433
0.6831,19.9046,0.3004,combined,1.6550,4.7200,0.6831,-0.5851,0.3526,0.5641,0.2751,0.6568
0.4565,7.1489,0.0273,turn,0.0000,4.9400,0.0000,nan,nan,0.6754,0.1417,0.5407
0.2959,1.0499,0.0107,lateral,0.2449,4.9800,0.2050,0.0598,0.2898,0.3140,0.1122,0.3605
0.0350,4.5012,0.3565,path,2.1934,6.4200,0.0072,-0.0264,0.0230,0.8636,0.3569,0.3433
0.5068,1.0377,0.1222,path,2.5453,5.3200,0.0173,-0.1137,0.4939,1.1800,0.5975,0.8631
0.3752,1.8148,0.0436,lateral,1.0499,4.1000,0.3747,-0.2705,0.2601,0.4974,0.2157,0.8358
0.1555,0.0642,0.7871,path,2.5191,4.3400,0.0125,-0.1199,0.0990,0.8253,0.6131,0.6278
0.5333,0.8490,1.2237,path,5.7617,7.6800,0.0246,-0.1921,0.4975,1.6283,1.1268,1.2236
0.3970,3.0980,0.4049,path,2.1630,4.1600,0.0108,-0.2833,0.2780,0.8572,0.4923,0.5418
0.0858,0.7041,0.8698,path,3.9158,7.3600,0.0164,0.0828,0.0226,1.3722,0.8422,0.8196
0.3850,4.1180,0.1368,path,4.0851,7.5400,0.0109,0.3503,0.1596,1.7053,0.7411,0.5430
0.5709,5.1249,0.0252,lateral,0.2582,6.8200,0.2504,0.1054,0.5610,0.4071,0.1522,0.7815
0.9009,20.1645,0.2815,combined,1.7766,4.1000,0.9009,-0.1100,0.8942,1.3444,0.6332,0.5939
0.3252,4.0793,0.0319,combined,0.8846,6.8200,0.2947,0.0774,0.3158,0.5669,0.1434,0.0000
0.2711,1.6220,0.7337,path,3.2765,4.8400,0.0175,-0.1869,0.1963,1.3590,0.7774,0.8761
0.4694,8.2636,0.0974,combined,0.5295,5.4800,0.4694,-0.2395,0.4037,0.3136,0.1212,0.8886
0.3356,7.1878,0.0914,combined,0.5563,6.4200,0.3166,-0.3344,0.0284,0.2359,0.1000,0.4617
0.1312,2.0962,0.2244,path,1.9932,5.1000,0.0042,0.0644,0.1144,1.0324,0.4406,0.4145
0.2822,1.2827,0.2803,path,2.0615,4.7000,0.0030,-0.2817,0.0167,0.9027,0.4234,0.4527
0.2331,2.4814,0.8391,path,2.3627,7.6000,0.0068,0.2299,0.0388,1.2146,0.4465,0.3426
0.0801,0.8879,0.0303,stand,0.0000,6.8200,0.0000,nan,nan,0.1997,0.0421,0.0000
0.2927,0.5559,0.0415,lateral,0.4088,6.2600,0.2330,0.0194,0.2920,0.3135,0.1195,0.7862
1.0292,21.4547,0.1645,path,3.4851,4.4400,0.0163,-0.0540,1.0277,1.7655,1.0869,0.8161
0.3001,2.2716,0.0855,lateral,1.0538,6.3800,0.2970,-0.1091,0.2796,0.4815,0.1710,0.0000
0.4392,1.7608,0.0589,combined,0.8063,6.4000,0.4392,-0.4195,0.1299,0.3027,0.1208,0.3261
0.2627,3.1763,0.2903,path,2.9084,7.1200,0.0081,0.2621,0.0173,0.9650,0.4865,0.4208
0.6825,2.5513,0.9717,path,2.9470,7.4800,0.0101,0.5748,0.3681,1.7095,0.7705,0.5647
0.7897,5.1250,0.7037,path,1.0103,5.3000,0.0235,-0.5799,0.5361,1.1488,0.6188,1.1762
0.1868,0.1373,0.2941,path,1.4670,4.8800,0.0061,-0.1024,0.1562,1.2633,0.4131,0.3028
0.6260,18.9489,0.0973,straight,1.4409,5.2400,0.2907,0.5032,0.3723,1.6698,0.5234,0.0000
0.5651,7.6342,0.1512,combined,1.4887,4.0800,0.4162,0.3948,0.4044,1.3828,0.5860,0.7150
0.4065,1.7403,1.0130,path,1.8789,6.8200,0.0239,0.0805,0.3984,1.6417,1.1482,1.1865
0.4339,4.8860,0.0444,turn,0.0000,4.5000,0.0000,nan,nan,0.5994,0.1392,0.4410
0.5181,4.0753,0.1342,combined,0.5793,5.1800,0.5067,0.1247,0.5029,0.8615,0.2013,0.3278
0.4438,5.5117,0.1342,turn,0.0000,5.6000,0.0000,nan,nan,0.5077,0.1342,0.3281
0.7888,25.7244,0.3185,path,6.2761,7.5400,0.0173,-0.7141,0.3351,1.5596,0.7694,0.8640
0.1773,6.2327,0.4693,path,3.4949,7.5600,0.0082,-0.0696,0.1631,0.9492,0.4817,0.4636
0.4619,10.2915,0.1772,straight,1.3999,5.0200,0.1926,0.4365,0.1511,1.5031,0.4391,0.0000
0.0496,1.9070,0.0228,stand,0.0000,5.6400,0.0000,nan,nan,0.2187,0.0445,1.0818
0.8745,2.8035,0.8191,path,4.2796,7.5200,0.0121,-0.7794,0.3966,1.4688,0.5089,0.6024
0.2079,11.3891,0.8253,path,4.1039,4.9600,0.0175,0.0134,0.2074,1.8066,1.0137,0.8732
0.9848,1.2677,0.8345,path,2.7447,6.4200,0.0252,-0.7457,0.6433,1.1981,0.7511,1.2570
0.2956,1.4159,0.9090,path,1.6805,7.5800,0.0078,-0.1011,0.2777,1.3924,0.7204,0.7559
0.4285,0.3891,0.8932,path,4.6747,6.2000,0.0194,-0.2975,0.3084,1.2372,0.9028,0.9674
0.3289,3.5634,0.0523,turn,0.0000,4.6200,0.0000,nan,nan,0.3151,0.1155,0.5081
0.3399,7.8695,0.1094,turn,0.0000,4.9400,0.0000,nan,nan,0.4017,0.1080,0.9495
0.1597,6.8719,0.0273,stand,0.0000,4.5200,0.0000,nan,nan,0.5471,0.0673,0.8361
0.2821,4.1816,0.1436,combined,1.2990,6.6200,0.2763,-0.1866,0.2116,0.6954,0.2035,0.6873
0.1081,3.3917,0.4399,path,1.7718,5.0800,0.0103,-0.0282,0.1043,0.8301,0.5193,0.5170
0.3238,2.7025,0.0744,lateral,0.2989,5.1000,0.2319,-0.0142,0.3235,0.3351,0.1180,0.3621
0.4866,8.1016,0.7003,path,1.9533,7.7800,0.0144,0.4690,0.1295,1.3787,0.7762,0.7203
0.6060,2.7650,0.1819,combined,1.3205,5.4800,0.6060,-0.4870,0.3606,0.5490,0.2126,0.8995
0.5458,0.1866,0.2373,path,0.7780,5.5000,0.0147,-0.4253,0.3421,0.7354,0.4035,0.7334
0.6981,8.8898,0.2111,path,1.0065,7.9400,0.0176,-0.6422,0.2738,1.0322,0.5098,0.8819
0.5339,2.8096,0.2853,path,0.7433,6.4000,0.0118,-0.4107,0.3411,0.8290,0.4308,0.5876
0.3047,22.3144,0.3766,path,3.4312,5.6000,0.0129,-0.1956,0.2336,1.2164,0.6147,0.6447
0.5336,6.0468,0.1292,combined,1.8983,6.4200,0.5336,-0.5186,0.1257,0.5587,0.2476,0.9157
0.3225,0.1883,0.1600,turn,0.0000,4.4800,0.0000,nan,nan,0.4781,0.1244,0.6566
0.4683,2.3841,0.0561,turn,0.0000,7.4400,0.0000,nan,nan,0.5279,0.1135,0.3326
0.4666,6.9170,0.6231,path,1.4939,4.9200,0.0197,-0.3244,0.3353,0.9735,0.6622,0.9820
0.4278,5.3628,0.7675,path,3.5641,5.3000,0.0135,-0.2030,0.3766,1.1624,0.6592,0.6727
1.0262,16.8721,1.0523,path,4.7935,6.2200,0.0180,-0.8969,0.4986,1.3861,0.7103,0.8971
0.3162,7.7787,0.0748,straight,0.7922,5.3200,0.1119,0.3113,0.0554,1.0864,0.3254,0.7635
0.7293,24.2539,0.4420,path,4.5218,4.6400,0.0263,-0.7281,0.0416,1.6632,1.0423,1.3154
0.5697,5.2350,0.1607,combined,2.2039,4.8000,0.5697,-0.5477,0.1567,0.6394,0.3653,0.0000
0.4551,2.7300,0.2436,path,1.1022,6.6400,0.0119,0.4263,0.1593,1.0664,0.4922,0.5936
0.5770,9.1708,0.1739,combined,1.5829,7.5800,0.5764,-0.2898,0.4989,0.5569,0.2167,0.0000
0.3695,3.9416,0.1994,turn,0.0000,5.7800,0.0000,nan,nan,0.3953,0.1180,0.0000
1.9002,1.2877,1.4038,path,4.8209,6.0000,0.0268,-1.4656,1.2094,1.6595,0.8756,1.3400
0.3274,4.9844,0.1266,path,2.8503,5.8200,0.0023,-0.2945,0.1429,1.0490,0.4630,0.5100
0.5588,12.3349,0.2106,path,2.7760,4.1000,0.0140,-0.4629,0.3130,1.1666,0.5866,0.7011
0.4401,0.7997,0.9935,path,5.1188,6.2000,0.0259,-0.4139,0.1494,1.7324,1.2247,1.2933
0.2872,12.1551,0.7855,path,1.7371,5.4800,0.0206,-0.0495,0.2829,1.6498,1.0913,1.0307
0.5058,22.3939,0.1028,combined,2.1089,7.8000,0.5058,-0.1927,0.4677,0.8174,0.3257,1.0557
0.7777,1.7334,1.0974,path,3.4943,6.5600,0.0194,-0.4040,0.6646,1.7323,0.8900,0.9673
1.1721,20.7085,0.8646,path,2.9016,4.8800,0.0213,1.0115,0.5922,1.7403,1.0291,1.0633
0.3556,5.6729,0.0392,lateral,1.2063,7.3200,0.3528,-0.0887,0.3444,0.5684,0.1827,0.8049
0.5570,6.1309,1.3813,path,3.2774,6.6000,0.0205,-0.5420,0.1286,1.4320,0.7725,1.0257
0.0522,8.3221,1.1579,path,3.6601,4.7200,0.0083,0.0229,0.0469,1.5546,0.9257,0.8470
0.6792,21.3281,1.2566,path,4.6171,6.2000,0.0251,-0.6200,0.2774,1.5121,0.9127,1.2587
0.1827,6.9396,0.8364,path,2.0878,6.1200,0.0087,0.0873,0.1604,0.9328,0.4894,0.4341
0.3798,7.0076,0.0823,combined,1.8315,7.7000,0.3798,0.3503,0.1466,1.6889,0.4449,0.0000
0.1788,3.9711,1.1917,path,1.6999,4.4800,0.0151,-0.0169,0.1780,1.5463,0.7743,0.7508
0.4501,12.6095,0.1420,lateral,0.2472,7.9400,0.2403,-0.0861,0.4418,0.2949,0.1018,0.7247
0.7096,8.7171,0.9306,path,1.3946,7.6200,0.0186,0.0550,0.7075,1.5578,0.7685,0.9345
0.2252,15.0698,1.4125,path,4.4875,5.7800,0.0210,-0.1246,0.1876,1.6125,1.0258,1.0475
0.8036,5.9760,0.5512,path,5.1717,4.9000,0.0243,-0.7211,0.3548,1.5442,0.9888,1.2168
0.3494,3.8784,0.0599,lateral,0.1505,6.5800,0.0697,0.2453,0.2487,0.3836,0.1362,0.7047
1.1761,19.6097,0.2941,path,0.6734,6.7200,0.0239,-1.1285,0.3314,1.3536,0.5367,1.1956
0.5139,4.8682,0.0915,straight,1.6375,6.9400,0.5117,-0.5137,0.0155,0.5069,0.2027,0.3258
0.9897,8.6329,1.2951,path,2.5864,6.3800,0.0199,-0.8119,0.5659,1.4111,0.6619,0.9941
0.4467,10.4974,0.1937,path,3.5913,6.7800,0.0118,-0.3072,0.3242,1.1228,0.5416,0.5904
0.4792,3.8741,0.1064,lateral,1.0460,7.6200,0.4678,-0.0963,0.4694,0.4921,0.1576,0.3819
0.4263,0.0752,0.0474,straight,0.3539,5.2800,0.3461,-0.4132,0.1047,0.2535,0.0939,0.9868
0.6994,3.1009,0.1079,combined,1.4079,4.3200,0.6960,-0.6743,0.1856,0.3798,0.1980,0.3631
0.2756,10.0040,0.0412,lateral,0.6336,6.4600,0.2608,-0.1200,0.2481,0.4093,0.1253,0.3853
0.3406,5.7065,0.1990,lateral,0.8970,4.9200,0.3406,-0.2852,0.1861,0.3681,0.1414,0.5930
0.3075,11.1723,0.1707,lateral,0.7841,7.0400,0.2897,-0.2186,0.2163,0.3564,0.1148,0.6142
0.4220,2.4059,0.0583,lateral,1.3761,5.7600,0.4182,-0.1842,0.3797,0.6093,0.2253,0.3713
0.2542,1.3315,0.5576,path,2.5165,5.9200,0.0108,-0.2349,0.0973,0.9889,0.5336,0.5410
0.1395,11.4811,0.1407,path,2.6466,7.5200,0.0097,0.1194,0.0722,1.3843,0.5719,0.4853
0.4891,6.9882,0.1737,straight,0.3016,6.1400,0.3016,-0.4783,0.1020,0.2224,0.0894,0.9373
0.3577,3.3752,0.0500,turn,0.0000,5.7800,0.0000,nan,nan,0.3990,0.1157,0.4120
0.4946,0.8206,0.1429,straight,1.8649,4.9000,0.4943,-0.4233,0.2559,0.5765,0.3127,0.9259
0.5459,25.8963,0.1428,lateral,1.2457,4.5200,0.5459,-0.5325,0.1199,0.4303,0.1934,0.4404
0.4044,1.5974,0.1015,turn,0.0000,4.1200,0.0000,nan,nan,0.8447,0.1678,0.8310
0.4858,11.8839,0.9756,path,3.5554,6.8800,0.0113,0.4681,0.1301,1.5302,0.8444,0.5575
0.3937,2.0444,0.0511,lateral,1.2993,6.4000,0.3933,-0.2870,0.2695,0.5536,0.1837,0.6816
0.2251,1.3098,0.1768,straight,1.4345,7.3800,0.2108,-0.2251,0.0050,0.5404,0.2135,0.0000
0.6929,94.2214,1.0339,path,3.4648,7.6600,0.0211,0.4239,0.5482,1.6994,1.1078,1.0445
0.4227,6.6225,0.0897,turn,0.0000,4.3400,0.0000,nan,nan,0.3876,0.1585,0.5247
0.1699,10.8109,0.9572,path,1.1048,5.2400,0.0090,0.1685,0.0218,1.0921,0.5349,0.4528
0.3576,2.8237,0.1358,turn,0.0000,5.0800,0.0000,nan,nan,0.4799,0.1436,0.0000
0.2595,1.5160,1.1255,path,3.2089,5.2000,0.0131,-0.2312,0.1178,1.4270,0.6838,0.6525
0.5756,2.3254,0.1503,straight,1.6265,4.5200,0.0221,0.5743,0.0393,1.7206,0.6694,0.6152
0.3883,6.1951,0.1252,combined,1.0750,7.2000,0.3883,-0.1637,0.3521,0.4376,0.1538,1.0665
0.4645,3.1146,1.4676,path,1.3530,7.8200,0.0265,-0.0691,0.4593,1.5860,1.1225,1.3280
0.2689,0.2094,0.8570,path,0.2974,6.0400,0.0138,-0.2489,0.1018,1.3514,0.5321,0.6878
0.5091,3.0305,0.0910,turn,0.0000,5.0000,0.0000,nan,nan,0.4009,0.1290,0.6559
0.3352,27.1022,0.2489,path,1.9977,7.7800,0.0128,0.2713,0.1969,1.5105,0.6894,0.6362
0.2218,3.7748,0.1144,combined,0.8081,7.9400,0.2173,-0.1979,0.1003,0.4618,0.1539,0.3335
0.2380,1.1622,0.0489,lateral,0.1229,6.2600,0.0971,-0.1010,0.2155,0.1981,0.0916,0.5999
0.3731,16.1111,0.4934,path,2.9896,6.9600,0.0002,0.3113,0.2058,1.5923,1.1331,0.9653
0.6555,1.9920,1.0867,path,2.1945,5.3000,0.0183,0.6119,0.2350,1.3923,0.8958,0.9092
0.2253,7.7738,0.7019,path,4.6360,5.3000,0.0178,-0.2027,0.0984,1.2470,0.9022,0.8846
0.2803,1.5739,0.1020,straight,1.1343,5.6200,0.1062,0.1971,0.1993,1.2103,0.4055,0.8818
0.3670,11.3818,0.3474,path,4.5359,6.6400,0.0251,0.3488,0.1143,1.3785,0.8919,1.2519
0.4164,11.9484,0.8337,path,1.5188,4.5200,0.0147,-0.0485,0.4136,1.2402,0.6463,0.7339
0.2534,2.3621,0.1230,combined,1.2826,5.8000,0.2247,0.1523,0.2026,0.7007,0.2799,0.0000
0.0374,6.0302,0.2043,path,2.1655,4.8800,0.0042,-0.0373,0.0026,1.0855,0.5073,0.4896
0.0356,2.8635,0.0068,stand,0.0000,6.5400,0.0000,nan,nan,0.3730,0.0757,0.7831
0.2251,11.5164,0.1815,path,2.7254,4.2400,0.0167,-0.1465,0.1709,1.4728,0.7070,0.8341
0.7302,1.3268,1.4404,path,6.1165,4.8200,0.0260,-0.5129,0.5197,1.7973,1.3030,1.2921
0.2747,21.7019,0.7407,path,3.5470,5.6600,0.0181,-0.2597,0.0894,1.6245,0.7999,0.9008
0.3851,17.5405,0.2468,path,2.1820,6.9400,0.0072,0.3348,0.1904,0.9147,0.4701,0.3588
0.2452,6.7399,0.9695,path,2.3080,4.8000,0.0145,-0.0607,0.2376,1.0908,0.6584,0.7237
0.3433,2.4137,1.0130,path,3.6847,6.4000,0.0209,-0.0972,0.3292,1.2495,0.9387,1.0444
0.4837,16.8719,0.0337,path,1.8129,4.1800,0.0161,0.4831,0.0253,1.5698,0.8609,0.8093
0.1665,1.2545,0.4330,path,2.1085,4.5400,0.0093,-0.1248,0.1102,1.2448,0.5581,0.4652
0.1360,3.4254,0.4502,path,3.8222,7.5000,0.0110,-0.0010,0.1360,0.9085,0.6122,0.5512
0.1551,3.2464,1.2536,path,2.5887,5.9800,0.0137,0.1310,0.0830,1.7223,0.8638,0.6868
0.3177,17.9065,0.1780,combined,0.6014,5.9800,0.3177,-0.2423,0.2055,0.5751,0.1342,0.0000
0.4448,1.9458,0.0837,straight,1.2322,6.0200,0.1000,0.4318,0.1065,1.3605,0.4660,1.1075
0.3855,5.1459,0.2027,combined,1.5672,7.4000,0.3675,-0.1916,0.3345,0.6339,0.2045,0.0000
1.1659,5.8474,0.9570,path,4.8574,5.6200,0.0206,-1.1539,0.1670,1.4384,0.7828,1.0298
0.5141,4.5426,1.1885,path,2.2641,6.6800,0.0254,0.4796,0.1850,1.7497,1.2329,1.2615
0.4809,9.5418,0.6916,path,1.5312,4.0800,0.0106,0.4032,0.2620,1.4848,0.8964,0.5310
0.9120,10.0455,0.9736,path,4.7321,5.1600,0.0198,-0.8319,0.3737,1.4479,0.7989,0.9889
0.3437,3.5621,0.1101,straight,0.9266,4.2000,0.0864,0.3141,0.1396,0.8285,0.3381,0.0000
0.4344,8.1431,0.2955,lateral,0.8483,4.3000,0.4344,-0.2438,0.3595,0.4367,0.1733,0.0000
0.2385,6.3176,0.1317,combined,0.7635,5.2800,0.2372,-0.2378,0.0180,0.3243,0.1351,0.6540
0.7961,1.0793,0.9186,path,0.7870,7.0400,0.0219,-0.5176,0.6050,1.2980,0.7325,1.0951
0.5306,9.2387,0.0880,lateral,1.2280,7.3400,0.5259,-0.3932,0.3564,0.4401,0.1480,0.0000
0.3088,9.4543,0.7957,path,3.1051,6.6400,0.0106,-0.0023,0.3088,1.0597,0.5569,0.5270
0.3887,3.2666,1.1775,path,3.1859,7.3800,0.0177,0.0311,0.3875,1.2773,0.8887,0.8855
0.3393,1.3778,0.1051,turn,0.0000,4.1600,0.0000,nan,nan,0.7189,0.2046,0.0000
0.3997,1.6490,0.0693,stand,0.0000,5.0600,0.0000,nan,nan,0.6122,0.1510,1.1288
0.4635,9.0004,0.1141,combined,2.4707,6.7000,0.4281,0.4480,0.1186,1.7001,0.5301,0.9796
0.1618,1.0521,0.2252,path,4.9170,7.8600,0.0130,-0.1485,0.0642,1.3205,0.6220,0.6285
0.1383,2.0108,0.4345,path,1.6705,7.7200,0.0075,0.1160,0.0753,0.6352,0.4036,0.3744
0.7847,27.3282,0.1488,combined,2.2049,4.0400,0.7847,-0.7822,0.0629,0.7520,0.3783,0.4433
0.3447,11.1180,0.1218,combined,1.4805,4.9600,0.3447,-0.3390,0.0625,0.5262,0.2460,0.8513
0.4120,1.3329,1.2090,path,4.9255,4.3000,0.0260,-0.4070,0.0641,1.6011,1.1972,1.2923
0.6984,2.1337,0.7345,path,4.6794,5.2000,0.0198,-0.6785,0.1653,1.5027,0.8697,0.9880
0.2484,4.3430,0.0099,combined,0.8980,4.9000,0.2483,-0.1586,0.1912,0.4476,0.1677,0.3971
0.4242,10.0746,0.5326,path,3.5099,6.0400,0.0128,-0.3920,0.1621,1.2485,0.5716,0.6390
0.5022,9.7087,0.1359,turn,0.0000,4.0000,0.0000,nan,nan,0.5591,0.1364,0.8886
0.0627,1.2625,0.0894,stand,0.0000,5.8400,0.0000,nan,nan,0.3340,0.0727,1.0604
0.4110,0.7180,1.1414,path,1.2421,7.8000,0.0240,0.3993,0.0975,1.8032,1.1454,1.2031
0.1697,10.8355,0.2638,path,1.5642,4.7400,0.0076,0.0585,0.1593,1.3142,0.5364,0.3812
0.5773,1.0364,0.3310,path,2.6655,5.8800,0.0102,0.1220,0.5643,1.7402,0.6075,0.5098
0.0480,7.7186,0.0438,stand,0.0000,4.2600,0.0000,nan,nan,0.3193,0.0503,0.7815
0.4403,3.8385,0.0748,straight,0.6038,4.6200,0.4399,-0.4278,0.1043,0.2217,0.0961,1.0557
0.4026,17.6361,0.0111,straight,0.0280,4.0000,0.0239,-0.3086,0.2586,0.4051,0.1397,0.8886
0.3719,10.6293,0.1270,straight,1.4073,4.0000,0.2013,0.3493,0.1278,1.2750,0.5101,1.3307
0.6551,8.6482,1.2915,path,4.3911,4.0200,0.0245,-0.6058,0.2492,1.6282,1.0793,1.2227
0.3844,1.4115,0.1114,lateral,0.1359,4.0400,0.1059,-0.0461,0.3816,0.3816,0.1367,0.5222
0.3329,2.7158,0.0418,turn,0.0000,4.0400,0.0000,nan,nan,0.4737,0.1475,1.0698
1.2413,2.0213,1.1598,path,1.6481,4.0600,0.0253,-0.9841,0.7566,1.1326,0.5746,1.2672
1.2067,3.2495,1.0498,path,3.1284,4.0600,0.0208,-1.1892,0.2049,1.0988,0.5704,1.0404
0.6087,1.0365,0.0586,combined,1.6419,4.0800,0.6087,-0.6030,0.0832,0.4370,0.2513,0.4322
0.8558,3.8025,1.2761,path,4.9484,4.0800,0.0277,-0.8400,0.1640,1.5529,1.0716,1.3874
0.6075,7.6764,0.3218,path,2.0231,4.0800,0.0120,-0.5772,0.1894,0.7984,0.4486,0.6035
0.2044,1.0992,0.0202,turn,0.0000,4.0800,0.0000,nan,nan,0.3530,0.0956,0.8818
0.4828,3.6912,0.1343,turn,0.0000,4.1200,0.0000,nan,nan,0.4463,0.1938,1.3082
0.5005,2.3543,0.7952,path,1.4921,4.1200,0.0214,0.4989,0.0403,1.2679,0.7491,1.0697
0.3613,0.4963,0.0887,lateral,0.5277,4.1400,0.3533,-0.2419,0.2683,0.4302,0.1605,0.0000
0.9287,14.7456,1.0965,path,0.8139,4.1400,0.0186,-0.1420,0.9178,1.5110,0.7475,1.3072
0.1449,3.7104,1.4853,path,2.6050,4.1400,0.0204,-0.1093,0.0951,1.6555,0.8038,1.0248
0.4663,4.0398,0.0570,straight,0.3258,4.1400,0.3143,-0.4620,0.0629,0.2957,0.1054,0.7185
0.7943,7.7340,0.4103,path,3.6060,4.1600,0.0249,-0.7881,0.0989,1.2782,0.8319,1.2459
0.4696,7.1266,0.1183,turn,0.0000,4.2000,0.0000,nan,nan,1.0384,0.3135,0.8859
0.3476,6.3453,0.4511,path,1.3264,4.2200,0.0185,-0.0203,0.3470,1.2614,0.5896,0.9220
0.8459,10.4011,0.6715,path,5.0609,4.2400,0.0271,-0.7549,0.3815,1.7955,1.0821,1.3442
0.1265,1.2194,0.0836,straight,0.0650,4.2800,0.0572,-0.1262,0.0087,0.2714,0.1042,0.3420
0.4145,8.1028,0.2901,lateral,0.8718,4.2800,0.4145,-0.2481,0.3321,0.4553,0.2156,0.8073
0.7712,9.1443,0.2096,combined,2.2995,4.3000,0.7712,0.0547,0.7692,1.9888,0.7321,1.2551
0.8282,34.4035,1.3953,path,4.4392,4.3200,0.0270,-0.8027,0.2037,1.5765,1.0018,1.3537
0.3498,0.0891,0.6751,path,2.2098,4.3400,0.0122,-0.2849,0.2029,1.1969,0.5350,0.6102
0.4927,6.3993,0.1262,straight,1.7798,4.3400,0.4927,-0.4922,0.0229,0.6680,0.3141,0.7375
0.5105,16.2212,0.3429,path,3.5720,4.3600,0.0170,0.1254,0.4948,1.6816,0.9130,0.8507
0.4545,4.1346,0.0387,lateral,0.6073,4.3600,0.4537,-0.2418,0.3849,0.3315,0.1485,0.9191
0.1623,2.8960,0.4126,path,1.3923,4.3600,0.0064,-0.0385,0.1576,0.7914,0.3266,0.3215
0.5219,11.9111,0.1709,combined,0.8766,4.3800,0.5219,-0.4738,0.2189,0.4252,0.1949,0.0000
0.1535,3.2983,0.7425,path,1.1780,4.3800,0.0118,0.0859,0.1272,1.0909,0.5229,0.5927
0.3772,2.7911,0.0227,turn,0.0000,4.4000,0.0000,nan,nan,0.4239,0.1387,0.3631
0.3777,10.4837,0.1048,path,1.3413,4.4000,0.0062,0.3445,0.1550,1.0806,0.4946,0.3116
0.5318,7.1463,1.0696,path,3.5451,4.4200,0.0191,-0.5076,0.1587,1.3117,0.7815,0.9589
0.9621,1.2020,1.0348,path,3.3421,4.4200,0.0187,-0.0898,0.9579,1.5362,0.9374,0.9420
0.8234,4.9298,0.2556,path,1.0770,4.4400,0.0246,-0.4470,0.6915,1.0556,0.4124,1.2312
0.5275,11.3291,0.1414,combined,1.6346,4.4400,0.4094,0.2611,0.4583,1.4694,0.5618,0.9415
0.5374,4.0285,0.6732,path,2.5109,4.4600,0.0127,-0.5351,0.0496,1.2112,0.4899,0.6315
0.4146,0.1033,0.0520,turn,0.0000,4.4800,0.0000,nan,nan,0.3252,0.1434,0.3058
0.1850,3.9401,0.4462,path,2.6353,4.5000,0.0120,-0.1845,0.0136,0.8170,0.5259,0.5982
0.3312,3.8210,0.0280,straight,1.0672,4.5000,0.0397,0.3309,0.0154,1.0898,0.3889,0.9796
0.3752,18.3770,0.1766,path,3.3371,4.5200,0.0150,0.0150,0.3749,1.6045,0.8011,0.7490
0.6911,3.0830,0.2538,straight,1.5859,4.5200,0.0763,0.6821,0.1116,1.5862,0.7116,1.0494
0.0173,0.1395,0.3557,path,1.3760,4.5200,0.0061,-0.0156,0.0074,0.6518,0.3203,0.3072
0.2846,1.1740,0.0098,combined,0.3305,4.5200,0.2841,-0.2832,0.0284,0.4000,0.1164,1.0746
1.1037,6.3187,1.2605,path,4.8922,4.5600,0.0239,-1.0726,0.2599,1.4480,0.9628,1.1935
0.3221,3.5488,0.9613,path,4.6751,4.6200,0.0208,-0.0135,0.3218,1.7704,1.0688,1.0341
0.4673,7.7995,0.6964,path,3.2217,4.6600,0.0150,-0.2186,0.4130,1.5710,0.7194,0.7496
0.2042,3.5752,0.1012,turn,0.0000,4.6800,0.0000,nan,nan,0.6495,0.1886,0.8349
0.2166,3.3493,0.9753,path,4.0292,4.6800,0.0174,-0.1761,0.1261,1.1824,0.8201,0.8598
1.7705,8.9920,0.2119,stand,0.0000,6.6600,0.0000,nan,nan,0.4641,0.2771,0.4404
0.2832,12.4495,0.5401,path,1.2555,4.7000,0.0076,0.0451,0.2796,0.9031,0.4102,0.3783
0.5480,4.7041,0.7048,path,2.4977,4.7000,0.0221,0.5068,0.2083,1.6785,0.8446,1.1060
1.3194,4.3354,1.3221,path,3.5283,4.7000,0.0252,-1.2699,0.3578,1.5228,0.7167,1.2625
0.5383,13.7266,0.1442,combined,1.9567,4.7200,0.4090,0.3754,0.3859,1.5074,0.5857,0.0000
0.3768,6.3880,1.2264,path,3.1521,4.7200,0.0144,-0.0747,0.3694,1.3338,0.7481,0.7137
0.4747,4.5660,0.0534,turn,0.0000,4.8000,0.0000,nan,nan,0.5093,0.1289,0.4726
0.0594,1.0884,0.0350,stand,0.0000,4.8200,0.0000,nan,nan,0.1109,0.0377,1.1552
0.1594,6.7989,0.1448,path,1.8019,4.8200,0.0083,-0.0591,0.1480,1.2674,0.4614,0.4151
0.2706,1.4756,0.0853,combined,0.4542,4.8200,0.1145,0.2002,0.1821,0.9174,0.3179,0.5639
0.5835,7.5105,0.2190,combined,1.9954,4.8400,0.5835,-0.5423,0.2153,0.6205,0.3249,0.3598
0.8841,24.0129,0.1274,combined,2.0867,4.8600,0.8841,-0.8840,0.0167,0.5318,0.2935,0.0000
0.6060,20.5175,0.0653,lateral,1.3068,4.8800,0.6060,-0.5567,0.2392,0.5592,0.2646,0.0000
0.3667,4.9846,0.1112,combined,0.2813,4.8800,0.2392,0.2728,0.2450,0.5022,0.1881,0.5426
0.2935,2.9898,1.2121,path,0.8104,4.9000,0.0220,-0.2044,0.2106,1.5024,0.9679,1.1000
0.3181,3.6714,0.1483,straight,0.9668,4.9000,0.3110,-0.3160,0.0370,0.4062,0.1683,1.2068
0.0610,0.4099,1.1558,path,2.6112,4.9200,0.0055,0.0195,0.0578,1.1575,0.5953,0.5904
0.4643,6.0524,0.9663,path,1.6906,4.9400,0.0251,-0.2250,0.4061,1.4116,0.8567,1.2541
0.3229,4.2939,0.9187,path,4.3823,4.9600,0.0219,-0.3195,0.0467,1.5581,1.0760,1.0939
0.8185,10.5153,1.2927,path,5.7218,4.9600,0.0237,-0.5003,0.6479,1.4836,1.0553,1.1779
0.3686,7.8974,0.0633,combined,1.4447,4.9800,0.3686,-0.2561,0.2652,0.6488,0.2637,1.2323
0.3687,7.3935,0.1468,path,2.6273,4.9800,0.0245,0.3567,0.0933,1.6053,0.8333,1.2166
0.2430,14.0121,1.2521,path,4.2610,4.9800,0.0141,0.0286,0.2413,1.6988,0.9488,0.9481
0.2455,1.6829,0.1293,turn,0.0000,5.0200,0.0000,nan,nan,0.4861,0.1445,1.0028
0.0845,1.6822,0.0373,stand,0.0000,5.0600,0.0000,nan,nan,0.3428,0.0561,0.5928
0.6581,2.9852,0.6657,path,3.0437,5.0600,0.0094,-0.0949,0.6512,1.4991,0.7640,0.8527
0.3944,3.9073,0.1375,straight,1.4970,5.0600,0.0686,0.3817,0.0991,1.4627,0.5456,1.2498
0.4774,1.0522,0.1760,combined,0.7390,5.0600,0.2907,0.3584,0.3154,1.2898,0.3749,0.0000
0.5508,4.6415,0.3710,lateral,1.4298,5.0800,0.5508,-0.4694,0.2883,0.4891,0.2097,0.4260
0.5375,9.7204,0.6866,path,3.5213,5.0800,0.0155,-0.5373,0.0134,1.2148,0.6752,0.7738
0.3912,3.1400,0.1034,straight,0.8623,5.0800,0.3875,-0.3482,0.1782,0.3688,0.1487,0.3161
0.8415,12.5436,0.3106,combined,2.0213,5.0800,0.2376,0.6855,0.4880,1.5030,0.6406,0.0000
0.1599,2.5936,0.3937,path,4.3187,5.1000,0.0187,-0.1518,0.0505,1.5759,0.8971,0.9348
1.5620,13.2492,1.0142,path,5.2603,5.1000,0.0325,-1.3029,0.8615,1.4851,0.9166,1.4049
0.0700,2.4450,0.0148,stand,0.0000,5.1200,0.0000,nan,nan,0.1566,0.0341,1.3140
0.4251,0.0865,0.0813,straight,1.8837,5.1400,0.4251,-0.4168,0.0833,0.6194,0.3239,0.7635
0.3150,6.9986,0.1807,path,1.6219,5.1600,0.0067,-0.1573,0.2729,0.8130,0.2945,0.3357
0.4369,5.8952,0.9780,path,2.2886,5.1600,0.0091,0.0326,0.4356,1.1247,0.5073,0.4539
0.4870,15.4874,0.2314,lateral,0.8754,5.1800,0.4870,-0.3345,0.3540,0.4348,0.1650,0.3819
0.1206,0.5515,0.7744,path,1.4374,5.2200,0.0135,0.0098,0.1202,1.2551,0.6686,0.6739
0.3240,0.4017,0.1495,straight,1.0611,5.2600,0.0420,0.3235,0.0176,1.2967,0.4531,1.0222
0.4047,3.6862,0.1193,straight,0.3125,5.3000,0.3125,-0.3871,0.1178,0.3359,0.1134,0.8560
0.3215,1.0792,1.0172,path,2.9918,5.3400,0.0129,-0.2923,0.1339,1.2363,0.5796,0.6463
0.6439,11.9211,0.0993,combined,1.1155,5.3600,0.6439,-0.6277,0.1437,0.6192,0.1837,1.2638
0.0676,3.7043,0.0648,stand,0.0000,5.3600,0.0000,nan,nan,0.2347,0.0620,0.4458
0.0919,7.9621,0.9270,path,3.1083,5.3600,0.0130,-0.0065,0.0917,1.2967,0.6458,0.6514
1.0244,7.7080,1.4976,path,7.3483,5.4000,0.0286,-1.0228,0.0558,1.9249,1.2009,1.3658
0.2772,3.2676,0.0684,turn,0.0000,5.4200,0.0000,nan,nan,0.2902,0.1036,0.4927
0.3775,7.8258,0.1129,lateral,0.0672,5.4200,0.0644,-0.0820,0.3685,0.3233,0.1318,0.3713
0.2308,2.4586,0.0410,lateral,0.0888,5.4400,0.0867,-0.0399,0.2273,0.2665,0.0999,0.8888
0.2492,3.2365,0.1102,combined,0.5378,5.4600,0.2114,-0.1031,0.2269,0.4160,0.1258,0.9896
0.2305,7.7691,0.1212,turn,0.0000,5.4600,0.0000,nan,nan,0.5412,0.1590,0.6152
0.5456,9.0202,0.1902,path,1.5054,4.4600,0.0142,-0.4667,0.2826,1.0419,0.3895,0.7109
0.3395,0.3571,0.1062,turn,0.0000,5.4800,0.0000,nan,nan,0.6878,0.1477,1.1918
0.6366,7.0378,0.7967,path,4.0506,5.4800,0.0181,-0.5989,0.2158,1.1230,0.6845,0.9044
0.4843,11.4940,0.0218,lateral,1.3351,5.5000,0.4825,-0.3612,0.3225,0.5461,0.2019,0.6423
0.4254,3.0916,0.0741,turn,0.0000,5.5400,0.0000,nan,nan,0.8222,0.2735,0.9710
0.5433,0.1452,0.0670,turn,0.0000,5.5600,0.0000,nan,nan,0.4611,0.1343,0.5697
0.3061,5.6575,0.4697,path,2.4769,5.5800,0.0092,-0.0886,0.2930,0.9466,0.4602,0.4455
0.3164,0.3284,0.0497,turn,0.0000,5.5800,0.0000,nan,nan,0.6623,0.1703,0.8859
0.3514,4.6381,0.0225,turn,0.0000,5.6000,0.0000,nan,nan,0.5974,0.1672,1.0086
0.3534,3.1985,0.2141,path,2.7830,5.6000,0.0102,-0.2802,0.2153,1.4944,0.5228,0.5110
0.6061,4.6664,0.1299,combined,2.0677,5.6400,0.6061,-0.5885,0.1450,0.6328,0.3078,0.3159
0.4821,16.5994,1.0462,path,2.8140,5.6400,0.0200,-0.4677,0.1172,1.3125,0.7703,1.0079
0.5352,3.3855,0.3928,path,1.8748,5.6400,0.0094,-0.5306,0.0701,0.6404,0.2864,0.4728
1.2425,20.4871,0.8693,path,0.8952,5.6600,0.0262,-1.2053,0.3017,1.2046,0.5905,1.3043
0.4521,3.7797,0.0600,turn,0.0000,5.6600,0.0000,nan,nan,0.7012,0.1638,0.0000
0.4025,7.1586,0.2250,combined,1.2216,5.7200,0.4025,-0.2091,0.3439,0.5116,0.2369,0.4595
0.5868,12.3964,0.8984,path,3.0188,5.7400,0.0131,-0.1522,0.5667,1.1866,0.5793,0.6580
0.4570,0.1023,0.3971,path,1.4033,5.7400,0.0083,-0.4191,0.1822,0.8711,0.3466,0.4132
0.4700,1.8415,0.8687,path,5.3338,5.7600,0.0189,-0.3643,0.2969,1.3101,0.8835,0.9417
0.1097,3.1808,0.0401,stand,0.0000,5.8000,0.0000,nan,nan,0.1891,0.0479,0.5081
0.0485,4.8425,0.0186,stand,0.0000,5.8400,0.0000,nan,nan,0.4114,0.0891,0.0000
0.2617,120.4735,0.9174,path,3.3784,5.8400,0.0205,-0.2148,0.1494,1.2546,0.8476,1.0254
0.6547,6.3280,0.0080,combined,1.1367,5.9400,0.6545,-0.4188,0.5032,0.8470,0.2318,0.6105
0.0833,12.8537,1.4352,path,4.3368,5.9800,0.0186,-0.0168,0.0816,1.5987,0.8737,0.9305
0.3129,0.4582,0.0291,turn,0.0000,5.9800,0.0000,nan,nan,0.3206,0.1004,0.8403
0.4945,5.5251,0.0563,straight,0.9409,6.0200,0.0880,0.4925,0.0446,1.4174,0.3943,0.9157
0.2283,6.7267,0.8769,path,4.3019,6.0200,0.0147,0.1115,0.1992,1.2605,0.7572,0.7336
0.3112,2.0173,0.9514,path,1.4764,6.0600,0.0177,-0.3093,0.0347,1.1856,0.7239,0.8876
0.2755,0.9521,0.0989,straight,0.3017,6.0800,0.0924,0.2731,0.0367,0.4167,0.1598,0.6474
0.4857,4.6475,0.0320,lateral,0.3417,6.0800,0.2844,0.0778,0.4794,0.4139,0.1480,1.2560
0.7811,6.5111,1.6137,path,6.0647,6.1200,0.0260,0.2188,0.7498,1.8314,1.3183,1.2896
0.3509,9.0911,1.1124,path,4.2464,6.1200,0.0148,-0.3455,0.0615,1.4776,0.7022,0.7415
0.3609,3.8756,0.5482,path,2.1036,6.1200,0.0149,-0.3376,0.1277,1.0133,0.6348,0.7483
0.9653,0.6306,0.9667,path,4.5867,7.4000,0.0231,-0.9607,0.0940,1.2742,0.7959,1.1596
0.4522,7.0135,0.1665,turn,0.0000,6.1600,0.0000,nan,nan,0.6777,0.1374,0.6027
0.4521,5.3339,0.6251,path,1.4482,6.2000,0.0164,-0.2122,0.3992,1.2572,0.5504,0.8200
0.6190,3.6719,0.3025,combined,2.2958,6.2200,0.6190,-0.4432,0.4322,1.0529,0.3897,0.9695
0.4050,0.0134,0.0992,straight,1.2345,6.2200,0.1327,0.3676,0.1699,1.4043,0.3623,0.3971
0.3746,3.6450,0.0961,straight,1.2459,6.2400,0.1489,0.3739,0.0238,1.4721,0.3885,0.4224
0.2800,2.7767,0.0620,lateral,0.6297,6.2600,0.2800,-0.0668,0.2719,0.3483,0.1301,1.2818
0.2333,1.1151,0.4296,path,2.2088,6.2600,0.0183,0.2162,0.0877,1.6576,0.6838,0.9229
0.8060,14.1623,0.8919,path,5.5850,6.2800,0.0240,-0.8016,0.0843,1.5988,0.9739,1.2007
0.3182,3.1467,0.1455,lateral,0.2966,6.3000,0.2448,-0.0221,0.3175,0.3479,0.1107,1.1776
0.7078,3.4971,1.0582,path,4.7777,6.1200,0.0268,-0.6979,0.1178,1.4499,1.0407,1.3438
0.6839,51.0562,0.2923,path,2.8513,6.3000,0.0248,0.1198,0.6733,1.7717,0.7962,1.2441
0.3550,5.5690,1.6104,path,1.2131,6.3600,0.0181,-0.1179,0.3348,1.7868,1.0467,0.9000
0.2784,0.5515,0.0872,combined,1.6182,6.3600,0.2023,0.2201,0.1704,1.1286,0.3484,1.0989
0.3319,10.2654,0.5594,path,2.5775,6.3600,0.0151,0.1777,0.2803,1.3976,0.6157,0.7524
0.5516,4.4447,1.0687,path,4.3286,6.3800,0.0243,-0.5382,0.1205,1.6347,0.9368,1.2201
0.3751,4.8623,1.4779,path,1.6546,6.3800,0.0247,-0.0718,0.3682,1.7165,1.0627,1.2243
0.3080,14.0296,0.1046,lateral,1.0099,6.4000,0.3080,-0.2571,0.1696,0.3800,0.1489,0.8113
0.9698,6.0260,1.4756,path,4.4150,6.4400,0.0268,-0.7366,0.6308,1.7419,1.0005,1.3415
0.0372,0.5625,0.0345,stand,0.0000,6.4400,0.0000,nan,nan,0.2467,0.0398,0.9329
0.4748,1.8110,0.1015,lateral,0.5389,6.4600,0.4735,-0.1964,0.4323,0.5649,0.1308,0.4227
0.8884,4.1447,1.3536,path,2.2358,6.4600,0.0253,-0.8096,0.3658,1.5780,0.9528,1.2524
0.4475,4.9939,0.2914,path,3.5974,6.4800,0.0166,-0.4379,0.0924,1.3172,0.6666,0.8282
0.4059,11.0571,0.9893,path,3.4901,5.6000,0.0171,0.2936,0.2803,1.5031,0.9417,0.8530
0.2878,7.8475,0.6274,path,2.7201,6.5200,0.0090,0.1887,0.2174,1.2921,0.5062,0.4465
0.3462,0.4768,0.9877,path,0.9317,6.5200,0.0232,-0.3461,0.0054,1.6114,0.7380,1.1632
0.2796,1.7879,0.9653,path,2.3819,6.5200,0.0215,0.0657,0.2717,1.4145,0.9835,1.0741
0.1580,14.6286,0.0455,combined,1.7600,6.5400,0.1580,-0.1207,0.1019,0.6289,0.2767,0.5999
0.3557,6.9028,0.2736,path,3.1576,6.5600,0.0139,-0.2919,0.2033,1.1739,0.5991,0.6960
0.5797,1.7924,0.0302,straight,1.2162,6.6200,0.5797,-0.5662,0.1244,0.3175,0.1397,1.0818
0.5129,5.5537,0.2036,straight,1.7235,6.6200,0.4969,-0.4968,0.1275,0.5047,0.2248,0.3605
1.1677,2.6897,1.1684,path,2.2378,6.6400,0.0222,-0.3591,1.1111,1.4216,0.9519,1.1111
0.0814,7.4972,0.3012,path,1.5691,6.6400,0.0101,-0.0330,0.0744,1.0841,0.5225,0.5056
0.5088,2.9107,0.0378,turn,0.0000,6.7000,0.0000,nan,nan,0.6631,0.1413,0.3326
0.6253,6.5812,0.7276,path,3.1350,6.7400,0.0124,0.5888,0.2102,1.3574,0.7830,0.6202
0.3908,11.8159,0.0976,lateral,0.9498,6.7400,0.3908,-0.2605,0.2914,0.3835,0.1319,0.7059
0.4399,1.6633,0.1549,turn,0.0000,6.7600,0.0000,nan,nan,0.4433,0.1302,1.0665
0.3940,4.6585,0.1980,path,1.9602,6.7800,0.0061,-0.3032,0.2516,0.6092,0.2947,0.3053
0.1782,0.7673,0.1588,path,2.1212,6.8200,0.0077,0.0587,0.1683,1.1465,0.4227,0.3855
0.4100,5.7948,0.1479,combined,1.8596,6.8400,0.4040,-0.4095,0.0208,0.5999,0.2687,0.3335
1.0105,0.1705,0.9054,path,5.4392,6.8600,0.0246,-0.3680,0.9412,1.7112,0.8935,1.2242
0.2803,7.9832,0.0229,combined,1.7289,6.8800,0.2766,-0.2803,0.0016,0.4869,0.2292,0.7517
0.2045,2.5331,0.0971,turn,0.0000,6.8800,0.0000,nan,nan,0.6993,0.1227,0.8427
0.3124,1.4053,0.0337,straight,1.5372,6.9600,0.0437,0.3100,0.0382,1.3674,0.4068,0.8034
0.2506,4.8092,0.1006,combined,1.5672,6.9800,0.2506,-0.2455,0.0501,0.6050,0.2793,1.3114
0.9660,8.2352,0.2233,path,0.8504,6.9800,0.0219,-0.8368,0.4827,1.3714,0.5849,1.0914
0.8506,27.1699,0.2666,path,1.9593,7.0000,0.0097,0.8503,0.0238,1.5522,0.6800,0.4838
0.2126,30.5445,0.5574,path,1.6957,7.0400,0.0159,-0.2055,0.0546,1.2463,0.6187,0.7918
0.8353,2.3952,1.1380,path,0.5566,7.0800,0.0236,0.6357,0.5418,1.4689,0.8872,1.1779
0.3969,1.6271,0.1021,lateral,0.0668,7.0800,0.0641,-0.0953,0.3853,0.3456,0.1330,1.1180
0.4738,0.8602,0.0486,combined,2.0015,7.0800,0.4717,0.3340,0.3361,1.4917,0.4280,0.6277
0.3123,2.4418,0.4890,path,3.2635,7.1000,0.0096,-0.1291,0.2843,0.7407,0.4686,0.4800
0.3698,1.0318,0.1059,straight,1.1548,7.1000,0.3681,-0.3690,0.0245,0.4206,0.1682,0.0000
0.4011,14.1693,0.4910,path,2.7063,7.1200,0.0129,-0.1986,0.3485,1.3163,0.6135,0.6422
0.9118,2.8513,0.5988,path,3.3969,7.1200,0.0203,-0.7143,0.5667,1.2643,0.6879,1.0130
0.1668,14.4027,0.5633,path,2.5777,7.1600,0.0078,0.0764,0.1483,0.9441,0.4080,0.3890
0.1530,0.9770,0.9614,path,4.2596,7.1800,0.0134,0.1520,0.0170,1.3483,0.7265,0.6723
0.7729,3.5006,0.5909,path,2.1512,7.2000,0.0168,-0.5457,0.5473,1.0806,0.4997,0.8375
0.4322,6.6715,0.0579,lateral,0.2496,7.2200,0.2496,-0.1144,0.4168,0.3625,0.1146,0.8049
0.4788,10.2645,0.1742,combined,1.4003,7.2400,0.4260,-0.0223,0.4783,0.9672,0.1958,0.6620
0.8032,25.7416,0.5069,path,2.6118,7.2600,0.0068,0.8030,0.0189,1.4818,0.8219,0.6718
0.4938,6.7260,0.2019,path,1.8801,7.2600,0.0127,0.1415,0.4731,0.8171,0.3450,0.6369
0.4214,2.9830,0.0735,turn,0.0000,7.2600,0.0000,nan,nan,0.9308,0.1360,1.0360
0.7441,2.1945,0.6893,path,5.2541,7.2800,0.0177,-0.7433,0.0350,1.2751,0.7154,0.8827
0.4179,5.6928,0.1527,lateral,0.2572,6.4400,0.1921,0.0671,0.4125,0.4661,0.1309,0.6566
0.0531,1.2447,0.0434,stand,0.0000,7.3000,0.0000,nan,nan,0.2311,0.0422,0.7739
0.4450,0.1202,0.0226,lateral,0.1294,7.3200,0.1294,0.1374,0.4232,0.4252,0.1133,1.1810
0.2860,9.4084,0.3793,path,2.6005,7.3400,0.0097,-0.0506,0.2815,0.8615,0.4633,0.4840
0.2429,6.1232,0.1856,combined,1.0107,7.3600,0.1045,0.2353,0.0601,0.7998,0.2002,0.6816
0.3138,2.7359,0.1441,straight,1.0652,7.3600,0.3131,-0.2887,0.1231,0.4072,0.1620,0.0000
0.6104,1.5910,0.0679,combined,0.7305,7.3800,0.6104,-0.4221,0.4409,0.7298,0.1890,0.5044
0.1307,5.1870,1.1516,path,1.8272,7.3800,0.0264,-0.1103,0.0700,1.5109,1.0425,1.3193
0.4861,0.9139,0.0439,turn,0.0000,7.3800,0.0000,nan,nan,0.3040,0.1209,0.4485
0.5389,1.3785,0.0561,combined,1.2237,7.4200,0.4292,0.5046,0.1893,1.5587,0.3794,1.0727
1.2814,31.2278,0.2469,path,6.3711,7.4400,0.0199,-1.2061,0.4326,1.6711,0.7628,0.9956
0.5216,2.4204,0.0666,combined,1.5527,7.4400,0.5216,-0.5115,0.1021,0.5990,0.2652,0.7309
0.8629,13.4444,0.9198,path,2.5310,6.7000,0.0275,-0.5748,0.6436,1.4822,0.9033,1.3774
1.3856,31.1982,0.9284,path,4.0651,7.4800,0.0130,0.7856,1.1414,1.6204,0.8124,0.6520
0.0496,0.2390,0.0380,stand,0.0000,7.5000,0.0000,nan,nan,0.0817,0.0280,0.5939
0.4913,7.9486,0.0336,combined,0.5554,6.8400,0.4908,-0.3650,0.3288,1.0152,0.1895,1.2072
0.4752,6.6761,0.0951,combined,2.3700,7.5200,0.4721,0.2197,0.4214,1.7734,0.4977,0.8361
0.1445,5.4360,0.6359,path,4.2505,7.5600,0.0175,-0.1445,0.0027,1.0363,0.7482,0.8824
0.5111,0.3363,0.1418,straight,1.3060,7.6200,0.4985,-0.4738,0.1917,0.4449,0.1563,0.5300
0.2053,4.3869,0.1130,straight,0.1162,7.6200,0.0259,0.2028,0.0320,0.6428,0.1367,0.8513
0.4281,5.4395,0.0712,lateral,0.5758,7.6400,0.3948,-0.0448,0.4258,0.4480,0.1231,0.3430
0.7006,5.8321,1.2855,path,7.5115,7.6400,0.0271,-0.6935,0.0998,1.7070,1.1691,1.3542
0.4628,3.5725,1.2011,path,1.8698,7.6400,0.0125,-0.3250,0.3295,1.4255,0.5779,0.6225
0.0629,0.5952,0.0211,stand,0.0000,7.6800,0.0000,nan,nan,0.3556,0.0403,0.6540
0.3037,3.7691,0.0741,straight,1.1790,7.7000,0.0179,0.2876,0.0977,1.4830,0.3529,0.0000
0.3100,2.2270,0.1299,straight,1.5886,7.7200,0.3090,-0.2999,0.0784,0.6283,0.2485,0.5930
0.3661,0.0031,0.0791,turn,0.0000,7.7400,0.0000,nan,nan,0.6692,0.1102,1.2050
0.3682,6.3746,0.0516,turn,0.0000,7.7600,0.0000,nan,nan,0.4422,0.1556,0.7158
0.0965,4.3662,0.1242,path,1.8285,7.7600,0.0107,0.0935,0.0242,1.3893,0.5650,0.5382
0.6003,5.3923,0.2381,combined,1.4737,7.7800,0.6003,0.2616,0.5402,1.1076,0.3005,0.4843
1.0407,27.8944,0.3473,path,2.9041,7.7800,0.0251,-0.8034,0.6614,1.4845,0.7889,1.2541
0.5536,4.6035,0.0795,combined,1.3609,7.7800,0.5476,-0.4281,0.3510,0.8660,0.1843,0.3261
0.3934,6.2389,0.1306,turn,0.0000,7.8000,0.0000,nan,nan,0.4866,0.1345,0.7610
0.6511,20.0104,0.3677,path,2.4599,7.8000,0.0120,-0.4439,0.4763,0.8288,0.3716,0.6000
0.3614,6.6846,0.1179,turn,0.0000,7.8200,0.0000,nan,nan,0.4131,0.1185,0.0000
0.4804,5.4788,0.6530,path,1.9824,7.8400,0.0157,0.3510,0.3281,1.4795,0.6824,0.7876
1.8571,16.6656,1.3613,path,1.6112,7.8600,0.0258,1.8189,0.3751,1.8374,0.9112,1.2958
0.5567,2.2984,0.0507,straight,1.6745,7.8800,0.5567,-0.5205,0.1975,0.5386,0.1971,0.4743
0.3537,0.8653,0.0654,straight,0.7937,7.8800,0.3537,-0.3347,0.1142,0.3727,0.1154,0.3110
0.7527,0.2735,1.3247,path,7.6155,7.9000,0.0276,-0.5174,0.5467,1.7496,1.2102,1.3784
0.2612,12.4577,0.0345,lateral,1.1288,7.9000,0.2578,-0.2098,0.1556,0.4134,0.1436,0.0000
0.6324,7.9136,0.5174,path,5.1822,7.9200,0.0142,0.6081,0.1737,1.6050,0.8274,0.7123
0.3095,4.6424,0.0535,lateral,0.1009,7.9200,0.1009,-0.1252,0.2830,0.3686,0.1138,1.0979
0.2974,10.7277,0.0330,combined,0.9391,7.9400,0.2974,-0.0932,0.2824,0.9449,0.2292,0.9259
0.3592,0.9506,0.0186,lateral,0.5142,7.9400,0.2896,0.0958,0.3462,0.3779,0.1182,0.0000
0.1707,5.7145,1.2684,path,4.6357,7.9400,0.0207,-0.0565,0.1611,1.6888,1.0026,1.0417
0.4348,3.4026,0.0473,lateral,1.4004,7.9400,0.4241,-0.1739,0.3985,0.6244,0.1959,0.0000
0.3075,16.8566,0.1449,path,3.0323,7.1200,0.0091,0.2759,0.1356,1.2398,0.5153,0.4563
0.4957,0.4514,0.0815,combined,1.5913,6.9600,0.1841,0.4033,0.2882,1.3796,0.3985,1.1470
0.5513,5.8432,0.1049,turn,0.0000,7.9800,0.0000,nan,nan,0.5804,0.1287,0.5851
0.5652,7.9016,0.1358,path,1.5793,4.1000,0.0078,0.4425,0.3516,1.4136,0.6873,0.3882
0.4310,9.5027,0.0549,turn,0.0000,7.3200,0.0000,nan,nan,0.9334,0.1544,1.1463
0.4715,4.5637,0.0994,turn,0.0000,4.1400,0.0000,nan,nan,0.8974,0.2018,0.8073
0.4112,3.0547,0.3414,path,2.6744,4.0800,0.0145,-0.3994,0.0980,1.3091,0.7333,0.7228
0.3908,6.0422,0.1733,lateral,1.0238,4.3000,0.3908,-0.2359,0.3115,0.4992,0.2085,0.8859
0.5361,2.5964,0.0970,lateral,1.2580,7.7200,0.5318,-0.3997,0.3572,0.5179,0.1475,0.5247
0.4892,13.4495,0.2442,path,1.8579,7.8200,0.0061,-0.4401,0.2136,0.4968,0.2320,0.3046
0.1831,5.3869,0.2467,lateral,0.7055,4.2200,0.1680,0.0155,0.1825,0.4517,0.2071,1.0494
0.7918,13.5846,0.4726,path,2.0162,4.0000,0.0261,0.3895,0.6894,1.3571,0.8309,1.2854
0.0706,3.1250,0.0061,stand,0.0000,7.7400,0.0000,nan,nan,0.2551,0.0394,0.4617
0.9651,39.2635,0.3271,path,3.6768,4.9200,0.0235,-0.9495,0.1730,1.5762,0.9352,1.1765
0.5574,6.5675,1.3884,path,3.6749,4.4400,0.0267,-0.3189,0.4572,1.6450,1.2205,1.3341
0.3951,0.5951,0.0830,turn,0.0000,4.1800,0.0000,nan,nan,0.6064,0.1957,1.2323
0.4902,19.9449,0.3246,path,1.8027,4.0600,0.0127,0.4742,0.1243,1.2775,0.7872,0.6380
0.2958,0.2879,0.8368,path,2.9757,4.0600,0.0157,-0.2865,0.0736,1.0516,0.6900,0.7846
0.4880,6.2596,0.0478,combined,0.8695,4.7800,0.4845,-0.2493,0.4194,0.6922,0.1645,0.3058
0.4819,3.9185,0.1854,straight,1.2452,5.2200,0.0696,0.4799,0.0442,1.4309,0.5131,0.8818
0.3198,2.2463,1.0890,path,2.9338,4.4200,0.0139,-0.1372,0.2889,1.3350,0.6795,0.6949
0.3894,0.4717,0.0838,straight,0.1317,5.0200,0.1317,-0.3873,0.0402,0.2390,0.1043,0.9796
0.2018,5.1109,0.1091,path,2.1386,4.0800,0.0118,0.1999,0.0277,1.3486,0.6350,0.5908
0.3722,6.7991,0.1275,straight,1.0309,5.6200,0.3722,-0.3689,0.0498,0.3407,0.1469,0.4322
0.1287,2.9875,0.6680,path,3.3125,5.1800,0.0132,-0.0808,0.1002,0.9254,0.6448,0.6620
0.6177,9.1785,0.0368,combined,1.7381,5.1800,0.6177,-0.6174,0.0180,0.5082,0.2210,1.0746
0.6894,5.4426,1.0062,path,4.1854,5.6400,0.0208,-0.6126,0.3161,1.1759,0.8699,1.0288
0.4077,2.6938,0.1075,straight,1.0317,7.9000,0.0810,0.3894,0.1206,1.3260,0.3074,1.0557
0.5706,4.1155,0.0458,straight,0.1316,4.1800,0.0168,0.5705,0.0138,0.7012,0.2015,0.5697
0.4035,1.0152,0.1393,turn,0.0000,4.6800,0.0000,nan,nan,0.7666,0.1614,0.0000
0.8088,23.1042,0.4898,path,3.7689,5.4200,0.0246,0.0281,0.8083,1.3659,0.7860,1.2267
0.1823,1.5785,1.1830,path,4.1085,5.0800,0.0204,-0.1376,0.1195,1.4077,0.9846,1.0174
0.5646,8.2710,0.1280,straight,1.2496,5.4600,0.5549,-0.5598,0.0736,0.3501,0.1705,1.2551
0.1983,2.1780,0.4263,path,2.9961,5.3600,0.0075,-0.1228,0.1558,1.4177,0.6429,0.6565
0.2421,8.3493,0.4544,path,1.5460,4.7400,0.0094,-0.1996,0.1370,1.4114,0.5718,0.4712
0.4138,1.9515,0.0299,straight,1.0630,5.7200,0.0450,0.3938,0.1268,1.2206,0.3278,0.0000
0.0172,0.9101,0.0394,stand,0.0000,5.4800,0.0000,nan,nan,0.2373,0.0422,0.0000
0.4984,2.3397,1.2735,path,2.0397,5.4000,0.0203,0.2703,0.4188,1.6990,0.8688,1.0129
0.3785,5.8753,0.0385,turn,0.0000,4.4200,0.0000,nan,nan,0.4203,0.1376,1.1918
0.2826,6.4024,0.0579,lateral,0.3072,4.4800,0.2668,-0.1011,0.2639,0.2541,0.1097,0.4927
0.2775,4.0137,0.0496,straight,0.9484,4.4800,0.2775,-0.2668,0.0761,0.4183,0.1769,0.9896
0.6830,11.4498,0.3894,path,1.5568,5.5200,0.0191,-0.6706,0.1293,1.0887,0.5696,0.9559
0.3633,3.3055,0.9936,path,2.6123,5.2600,0.0102,-0.2163,0.2919,1.0537,0.5070,0.5094
0.4276,0.6326,0.0804,straight,1.3966,5.2600,0.1353,0.4236,0.0583,1.2885,0.4009,0.4726
0.8181,5.3319,1.1467,path,2.5164,5.0800,0.0265,-0.6787,0.4568,1.4710,0.8141,1.3240
0.2231,7.1908,0.1788,combined,0.6890,5.8200,0.2162,0.1586,0.1569,0.8128,0.2330,0.3420
0.0975,1.5947,0.0296,stand,0.0000,5.0800,0.0000,nan,nan,0.3660,0.0566,0.7635
0.4508,4.0012,0.8055,path,4.7340,5.1200,0.0201,-0.4505,0.0162,1.5423,0.9623,1.0051
0.4796,7.0484,0.0426,combined,1.2475,5.2400,0.4796,-0.4419,0.1862,0.4424,0.1832,0.5928
0.6061,0.5846,1.4940,path,5.1013,4.0600,0.0253,-0.5500,0.2547,1.8098,1.2376,1.2599
0.3433,9.5274,0.0970,straight,1.0514,6.4600,0.3391,-0.3421,0.0296,0.3730,0.1498,1.3307
0.4050,3.2443,0.0500,turn,0.0000,7.9600,0.0000,nan,nan,0.6303,0.1330,0.7407
0.4724,8.8829,0.0867,combined,1.5529,5.6200,0.4718,-0.4675,0.0679,0.5027,0.2075,1.2068
0.5507,5.4488,0.2443,path,2.7936,6.4200,0.0151,-0.5432,0.0906,1.2486,0.5306,0.7569
0.4025,8.2568,0.0876,lateral,1.2091,5.7600,0.4025,-0.2601,0.3072,0.4909,0.1832,1.1552
0.6095,3.4457,0.8440,path,4.3013,5.1200,0.0173,-0.5117,0.3313,1.0475,0.7906,0.8612
0.3640,0.6622,0.1613,turn,0.0000,4.0000,0.0000,nan,nan,0.3199,0.1231,1.0818
0.1829,3.1180,0.5929,path,3.9251,4.6800,0.0153,0.0365,0.1793,1.6625,1.1553,1.0529
0.5279,4.6231,0.0495,turn,0.0000,6.2800,0.0000,nan,nan,0.4440,0.1407,0.3631
0.2334,2.6967,0.0399,straight,0.3510,5.8600,0.2183,-0.2305,0.0368,0.2006,0.0955,0.5639
0.3280,3.1472,0.0717,lateral,0.1874,4.7200,0.1874,0.0763,0.3190,0.3096,0.1202,0.8403
0.3086,0.7061,0.2151,lateral,0.4421,4.4600,0.2701,-0.2203,0.2162,0.3276,0.1176,0.4224
0.4878,8.1971,0.1019,lateral,1.3648,6.0000,0.4878,-0.4024,0.2757,0.4318,0.1802,0.0000
0.3941,4.4328,1.0032,path,2.8270,6.5600,0.0087,-0.2035,0.3375,1.3901,0.5044,0.4334
0.3559,0.7621,0.1243,combined,1.7112,6.3600,0.3559,0.3041,0.1848,1.3856,0.4459,0.9415
0.6678,0.5045,0.0854,combined,1.8065,5.8000,0.6678,-0.6672,0.0282,0.5413,0.2716,0.4260
0.6229,2.3612,0.1177,straight,1.3365,4.2200,0.6229,-0.6213,0.0436,0.4161,0.1971,0.3326
0.3250,0.8457,0.8865,path,4.2922,5.1600,0.0194,-0.3050,0.1123,1.3154,0.9387,0.9699
0.2295,5.4901,0.5370,path,2.0924,4.3000,0.0100,-0.1677,0.1567,1.0025,0.4286,0.5018
0.3444,0.1652,0.1495,turn,0.0000,6.2800,0.0000,nan,nan,0.4943,0.1529,0.8349
0.3771,27.3523,1.2777,path,5.1241,6.9400,0.0197,0.2822,0.2502,1.6620,1.1016,0.9792
0.3860,0.8197,0.1037,turn,0.0000,6.6000,0.0000,nan,nan,0.6863,0.1250,0.9191
0.3575,6.1618,0.1798,combined,0.7342,5.1400,0.3575,0.1341,0.3314,0.7666,0.2997,0.0000
0.6631,19.2485,0.4254,path,2.7754,6.9000,0.0098,-0.6225,0.2286,0.6563,0.3847,0.4895
0.1684,4.2370,0.2678,path,1.5935,5.3400,0.0061,-0.1179,0.1202,0.6715,0.3202,0.3050
0.0461,4.2777,0.0406,stand,0.0000,4.4000,0.0000,nan,nan,0.2144,0.0481,0.3605
0.0657,1.1304,0.3495,path,2.0639,5.0000,0.0083,-0.0603,0.0260,0.8769,0.4158,0.4135
0.2604,85.3726,0.4734,path,2.8217,5.4000,0.0100,0.2413,0.0979,1.0462,0.6154,0.6189
0.5468,17.9913,0.1477,combined,1.8397,4.1600,0.5468,-0.5169,0.1783,0.6085,0.3298,0.8427
0.3921,1.1894,1.4852,path,5.1218,4.1000,0.0252,-0.2361,0.3130,1.7702,1.2000,1.2583
0.4186,2.9749,1.1434,path,4.5940,4.7400,0.0228,-0.1090,0.4041,1.4949,1.1474,1.1405
0.2678,0.8739,0.1858,lateral,0.9892,6.7800,0.2047,0.0935,0.2510,0.4664,0.1820,0.7375
0.0062,1.4858,0.0126,stand,0.0000,6.0800,0.0000,nan,nan,0.3106,0.0455,0.0000
0.4634,3.3932,0.0405,combined,1.1058,5.5000,0.2144,0.4254,0.1837,1.2419,0.3341,0.0000
0.3372,10.2706,0.3422,path,2.5529,6.8000,0.0085,0.2401,0.2369,1.1707,0.5843,0.4247
1.2037,74.2496,1.3850,path,4.2043,5.1000,0.0175,-0.8975,0.8021,1.5806,0.7632,0.8791
0.3752,10.1636,0.0654,lateral,0.2111,5.4400,0.2110,-0.1275,0.3529,0.3135,0.1158,0.5081
0.4366,9.2352,0.0786,lateral,1.0172,6.3800,0.4267,-0.2901,0.3263,0.4006,0.1414,0.0000
0.4831,5.6805,0.0720,combined,1.8960,7.2600,0.4812,-0.1950,0.4421,0.7592,0.2558,0.5222
0.5377,6.7948,0.0534,combined,1.0851,6.1800,0.5377,-0.5371,0.0261,0.3691,0.1377,1.3140
1.0530,8.4494,0.6235,path,1.9694,7.2400,0.0255,-0.7927,0.6931,1.4719,0.6942,1.2716
0.5725,12.3128,0.0702,combined,0.5053,4.0000,0.3639,-0.4135,0.3959,0.4159,0.1579,0.5044
0.0947,4.2485,0.9680,path,2.4342,6.7000,0.0147,0.0030,0.0947,1.3221,0.7525,0.7357
0.2682,0.9065,0.1403,lateral,0.0676,7.3800,0.0676,-0.0912,0.2522,0.2519,0.1044,1.0698
0.4918,6.2692,0.1057,combined,1.2424,4.5800,0.4918,-0.4582,0.1789,0.7080,0.2130,0.3335
0.5321,0.3425,1.2850,path,3.6158,6.8200,0.0258,0.3760,0.3765,1.7065,1.3534,1.2920
0.0426,2.2264,0.0088,stand,0.0000,5.4400,0.0000,nan,nan,0.1870,0.0401,0.9157
0.5479,8.8174,0.8738,path,3.0982,5.0200,0.0153,-0.4925,0.2400,1.5123,0.7729,0.7691
0.5673,3.3045,0.7742,path,3.5539,4.3800,0.0164,-0.5672,0.0110,1.0001,0.6991,0.8159
0.9779,3.5843,0.8686,path,2.6972,5.1000,0.0246,-0.2531,0.9445,1.6011,0.9483,1.2362
0.2314,4.0666,0.0075,stand,0.0000,6.6200,0.0000,nan,nan,0.3651,0.0749,0.0000
0.6262,11.3680,0.0690,straight,1.6379,5.0400,0.3050,0.5778,0.2413,1.5834,0.5849,0.4227
0.1019,4.9611,0.6486,path,2.5848,4.4600,0.0121,-0.0822,0.0602,0.8963,0.5853,0.6069
0.3430,4.0590,0.0922,lateral,0.7715,4.1400,0.3372,-0.2365,0.2484,0.4460,0.1647,0.6816
0.1379,1.9753,0.3823,path,0.6244,5.9400,0.0072,-0.0743,0.1162,0.7326,0.4030,0.3632
0.1995,1.4630,0.3214,path,3.0206,4.6600,0.0131,0.0931,0.1764,1.2394,0.7026,0.6525
0.6391,0.1654,0.6358,path,0.2888,7.0000,0.0115,0.5367,0.3470,1.3239,0.4233,0.7376
0.8338,1.7300,1.0148,path,3.0334,6.1800,0.0156,-0.7355,0.3927,1.7929,0.6906,0.7816
0.9750,22.2373,1.3697,path,4.0667,4.3400,0.0276,-0.7682,0.6004,1.8093,1.1042,1.3789
0.3416,7.8746,0.2113,lateral,1.3215,5.4000,0.3416,-0.2965,0.1696,0.5235,0.2135,0.9695
0.4158,4.0281,1.1307,path,2.1061,7.2200,0.0177,0.3448,0.2324,1.5719,0.9201,0.8825
0.5403,2.5206,0.1661,straight,1.8730,4.2200,0.5403,-0.5363,0.0655,0.6126,0.3334,1.0727
0.5203,5.1562,0.0756,combined,0.9482,7.6600,0.0572,0.5046,0.1266,1.5549,0.3314,0.8886
0.3443,5.8189,0.5678,path,2.1710,7.3800,0.0096,-0.3422,0.0383,1.3953,0.5628,0.4794
0.3064,0.5716,0.9860,path,3.1267,7.3400,0.0118,0.2667,0.1509,1.5481,0.7044,0.6306
0.2310,5.3882,0.1337,combined,2.1176,6.6800,0.2310,-0.1915,0.1292,0.6865,0.2934,1.0028
0.3813,11.3314,0.1841,straight,1.8204,5.3200,0.1896,0.3419,0.1688,1.5548,0.6148,0.8113
0.7551,7.1308,0.7591,path,3.3398,4.5600,0.0236,-0.6934,0.2989,1.3213,0.8588,1.1784
0.0281,0.1210,0.0150,stand,0.0000,7.6000,0.0000,nan,nan,0.1343,0.0415,1.3082
0.1910,1.8795,0.0251,stand,0.0000,4.2200,0.0000,nan,nan,0.5599,0.0786,1.2072
0.2498,4.3340,0.3809,path,1.6694,4.9600,0.0069,-0.1232,0.2173,0.5191,0.3286,0.3430
0.3964,11.0230,0.4431,path,2.6771,7.6200,0.0111,0.3956,0.0251,1.1285,0.6690,0.5536
0.3439,6.3612,1.0514,path,4.8338,7.6800,0.0221,-0.1968,0.2820,1.3023,1.0447,1.1037
0.5612,8.5855,0.0738,combined,1.5550,4.1600,0.5612,-0.4891,0.2751,0.5648,0.2507,0.5300
0.1520,0.8154,0.6178,path,2.7140,7.6400,0.0045,-0.1098,0.1051,1.4966,0.4079,0.3543
0.3325,13.8110,0.1689,combined,1.5424,7.6400,0.3213,-0.1319,0.3052,0.5618,0.1892,0.7185
0.1492,0.7236,0.2842,path,2.3999,7.4200,0.0068,-0.0732,0.1301,0.5377,0.3327,0.3252
0.2799,12.3901,0.1071,path,0.2859,7.1000,0.0081,-0.1032,0.2602,1.3934,0.6865,0.5019
0.4284,7.4858,0.9669,path,6.8340,6.6000,0.0232,-0.2979,0.3078,1.5007,1.1073,1.1635
0.4067,10.6716,0.8487,path,3.3946,7.2000,0.0097,-0.2163,0.3444,1.3202,0.5812,0.5539
0.0786,5.8679,0.0198,stand,0.0000,4.1600,0.0000,nan,nan,0.4195,0.0616,0.0000
0.4005,4.3982,0.0234,straight,1.2522,5.7800,0.4005,-0.3989,0.0354,0.3899,0.1829,0.6474
0.3248,4.0749,0.0335,lateral,0.7304,6.8000,0.3224,-0.2745,0.1735,0.3102,0.0976,0.3161
0.3222,8.7387,0.1069,combined,0.8495,6.3400,0.3136,-0.2147,0.2402,0.4326,0.1281,1.0086
0.4396,0.4478,0.2020,combined,1.8218,6.4600,0.4264,-0.0075,0.4395,0.7548,0.2785,0.6423
0.5051,0.8382,0.4213,path,1.9288,5.6600,0.0104,0.2110,0.4589,1.0974,0.4985,0.5225
0.2460,11.0536,1.2103,path,3.3300,6.3000,0.0072,0.1893,0.1572,1.2865,0.7093,0.6722
0.5069,17.8530,0.0530,combined,0.7906,4.0400,0.5017,-0.5025,0.0661,0.2690,0.1105,0.9259
0.5056,18.2101,0.0931,lateral,1.0997,4.5800,0.5056,-0.4601,0.2097,0.3553,0.1634,0.7309
0.2272,4.7624,0.0594,turn,0.0000,4.1600,0.0000,nan,nan,0.2830,0.0991,0.3110
0.2490,6.7517,0.0426,lateral,1.3910,6.7000,0.2415,-0.0306,0.2471,0.5352,0.2161,1.2638
0.2343,8.3941,0.0445,combined,0.7343,6.5400,0.2343,-0.2255,0.0636,0.2706,0.1234,0.9710
0.2716,8.2835,1.1115,path,0.6752,5.9600,0.0234,-0.1504,0.2262,1.7944,0.9996,1.1683
0.1554,11.0528,0.3360,path,2.6088,5.6000,0.0095,-0.0151,0.1547,0.8780,0.4913,0.4725
0.4864,15.1744,0.1479,combined,1.9657,6.2000,0.4864,-0.1708,0.4554,0.7752,0.3066,0.6105
0.4941,7.2193,0.1664,lateral,0.2302,7.4600,0.2302,-0.1273,0.4774,0.5149,0.1265,0.4404
0.7333,13.8184,1.0060,path,2.9214,4.7600,0.0142,-0.0803,0.7289,1.6055,0.8985,0.7094
0.5444,1.9387,0.5952,path,2.7325,7.6800,0.0144,0.2588,0.4790,1.0788,0.6087,0.7220
0.7794,5.5749,0.8197,path,2.1340,4.6200,0.0188,-0.7108,0.3198,1.2836,0.6447,0.9382
0.1512,5.3753,0.7765,path,1.9839,7.2800,0.0065,-0.0324,0.1477,1.3806,0.5123,0.3250
0.6385,14.1489,0.6328,path,3.8944,7.4200,0.0119,0.0913,0.6319,1.4571,0.6376,0.5934
0.5429,7.9036,0.1955,path,4.7238,7.8000,0.0124,-0.2144,0.4988,1.2967,0.6244,0.6195
0.2992,3.5037,0.0577,straight,0.5612,5.9800,0.2992,-0.2920,0.0653,0.2482,0.1091,1.0989
0.4118,11.9690,0.9118,path,3.1781,6.0400,0.0119,0.4085,0.0522,1.4436,0.8012,0.5958
0.4347,14.5812,0.2462,path,3.5133,5.7000,0.0244,0.4106,0.1428,1.7724,1.0809,1.2124
0.4335,7.0408,1.4680,path,4.8722,6.1000,0.0221,-0.0058,0.4334,1.7471,1.1692,1.1006
0.3186,3.5110,0.0368,turn,0.0000,6.8200,0.0000,nan,nan,0.4360,0.1055,0.8859
0.4145,4.3221,0.1706,combined,1.7080,6.9400,0.4145,-0.3231,0.2597,0.5751,0.2222,0.6152
0.4560,1.5268,0.0643,straight,1.6890,4.7400,0.1739,0.4416,0.1140,1.4805,0.5430,0.6540
0.1697,4.6191,0.5214,path,2.5710,6.2600,0.0085,0.1449,0.0882,1.1727,0.5417,0.4228
0.0959,0.5441,0.0199,stand,0.0000,7.0400,0.0000,nan,nan,0.2543,0.0545,0.3713
0.8815,7.4668,1.4459,path,0.3179,4.8400,0.0246,0.2685,0.8396,1.5953,0.7975,1.2301
0.4453,15.3865,0.0563,combined,1.6384,4.8600,0.4453,-0.4452,0.0077,0.6064,0.2596,0.8513
0.4307,4.0775,0.1142,lateral,0.8691,7.6000,0.4175,-0.0990,0.4192,0.4214,0.1370,0.5426
1.1031,2.1513,1.0396,path,1.0276,5.3600,0.0256,-0.7287,0.8281,1.3873,0.7535,1.2813
0.3515,3.9288,0.0374,combined,0.7126,4.7000,0.3347,-0.1913,0.2948,0.6075,0.1533,0.7610
0.3939,0.4035,0.0162,turn,0.0000,4.9800,0.0000,nan,nan,0.4080,0.1152,0.8361
0.4875,4.2959,0.1232,lateral,0.0277,7.3200,0.0167,0.0439,0.4855,0.3981,0.1263,0.3819
0.1419,3.8632,1.0856,path,4.0516,6.0600,0.0173,0.1418,0.0046,1.3957,0.9616,0.8658
0.0366,0.6537,0.0344,stand,0.0000,5.3000,0.0000,nan,nan,0.1477,0.0361,0.8049
0.5816,16.6378,0.3387,path,6.2279,7.5800,0.0195,-0.3505,0.4641,1.5840,0.9198,0.9745
0.2556,2.9083,0.0010,turn,0.0000,7.7000,0.0000,nan,nan,0.4542,0.1292,0.3598
0.9103,8.9634,0.9691,path,6.8771,7.6000,0.0229,-0.9097,0.0346,1.2741,0.9839,1.1423
0.9458,15.2786,0.1670,path,0.8869,7.5200,0.0194,0.5936,0.7363,1.6335,0.6502,0.9691
0.5204,5.6532,0.0616,straight,1.3116,5.3400,0.1008,0.5134,0.0853,1.4216,0.4238,0.6620
0.8435,61.8413,0.3652,path,4.0543,4.7800,0.0246,-0.0374,0.8427,1.4318,0.9260,1.2309
0.4969,3.8658,0.8254,path,3.6350,5.3800,0.0136,-0.3784,0.3220,0.9883,0.5914,0.6773
0.4020,2.4219,0.9872,path,8.3243,7.6800,0.0218,-0.3701,0.1568,1.4729,1.0570,1.0878
0.6113,3.3992,1.3171,path,5.4603,5.4800,0.0256,-0.3134,0.5249,1.6006,1.1589,1.2899
0.4523,1.1520,0.0428,stand,0.0000,4.7000,0.0000,nan,nan,0.7372,0.1409,1.1470
0.0841,2.8068,0.0365,stand,0.0000,7.6200,0.0000,nan,nan,0.3210,0.0395,1.2498
0.3234,8.0784,0.0753,lateral,0.2738,6.2800,0.2204,0.0464,0.3200,0.3215,0.1261,0.9329
0.0448,2.0526,0.0271,stand,0.0000,5.0200,0.0000,nan,nan,0.1365,0.0400,0.5930
0.7118,3.3558,0.1463,combined,1.9490,5.0000,0.7118,-0.7081,0.0719,0.6317,0.2988,1.2050
0.7021,9.8036,1.2277,path,0.9206,6.9400,0.0204,0.5754,0.4024,1.4037,0.8389,1.0216
1.1104,20.9559,0.9057,path,4.9137,6.3200,0.0216,-0.8759,0.6825,1.8224,0.8028,1.0862
0.4257,2.3468,0.0589,turn,0.0000,5.8800,0.0000,nan,nan,0.4645,0.1262,0.8034
0.8705,2.0362,1.1932,path,4.1857,5.6600,0.0171,-0.8396,0.2298,1.3579,0.6933,0.8566
0.1821,0.5698,1.2474,path,4.9218,7.5400,0.0124,0.0224,0.1807,1.4792,0.7343,0.7142
0.5266,0.6185,1.2318,path,2.8978,5.4600,0.0218,-0.4775,0.2221,1.3539,0.8091,1.0901
0.3778,3.2376,0.9335,path,2.9451,5.1400,0.0200,-0.2503,0.2830,1.2366,0.8839,0.9972
0.2663,9.0850,0.1340,turn,0.0000,4.4400,0.0000,nan,nan,0.2789,0.1235,0.8859
0.0362,1.3251,0.0091,stand,0.0000,7.2200,0.0000,nan,nan,0.2250,0.0334,0.4595
0.4631,0.7878,0.8122,path,1.5269,7.8400,0.0159,-0.2764,0.3715,1.1752,0.6668,0.8050
0.3784,4.6468,0.7285,path,2.2099,5.8600,0.0137,0.3136,0.2118,1.2134,0.7515,0.6814
0.1318,2.7026,0.5572,path,2.2557,5.2200,0.0088,-0.1031,0.0821,1.1372,0.4435,0.4413
0.5427,6.2520,0.1276,straight,0.5979,7.7000,0.5260,-0.5165,0.1665,0.2476,0.1049,0.8560
0.3521,1.7314,0.0958,straight,0.1916,6.8400,0.1916,-0.3505,0.0339,0.2241,0.0868,0.6027
0.2647,1.1921,0.1705,lateral,1.1503,7.7800,0.2627,-0.1608,0.2102,0.4468,0.1505,1.0222
0.4628,7.2068,0.1041,straight,1.0565,6.1800,0.0527,0.4619,0.0289,1.7162,0.4631,0.7517
0.5698,9.6757,0.0404,lateral,1.1739,5.2800,0.5665,-0.3999,0.4059,0.4851,0.1831,0.4843
0.8307,14.8602,1.0601,path,3.6244,6.3600,0.0115,0.1861,0.8096,1.1373,0.6534,0.5724
0.2045,0.1741,0.2914,path,2.5499,7.0600,0.0144,0.1667,0.1184,1.3330,0.6208,0.7192
0.0788,2.4579,0.6548,path,2.0290,5.8800,0.0048,0.0401,0.0678,1.0783,0.6687,0.7286
0.9688,22.8323,0.2508,path,3.1844,7.4200,0.0225,-0.9098,0.3330,1.4549,0.7338,1.1251
0.4118,2.3123,0.0212,lateral,1.2519,6.4600,0.4118,-0.2656,0.3147,0.5749,0.1796,0.7059
1.1521,6.3502,0.4837,path,1.0232,7.7600,0.0187,-0.9986,0.5745,1.0540,0.4737,0.9338
0.8804,10.7148,1.0382,path,2.2063,6.6800,0.0253,0.3741,0.7969,1.3592,0.7627,1.2759
0.3664,8.9145,0.2830,path,0.9596,5.3400,0.0107,0.3583,0.0767,1.5799,0.7816,0.5353
0.2524,0.2267,0.2177,lateral,0.5720,7.8400,0.2046,0.0604,0.2451,0.3375,0.1131,0.8888
0.4801,11.7990,0.0202,straight,0.4396,5.3000,0.1122,0.4172,0.2376,0.7405,0.2267,0.5851
0.3833,3.6790,0.1200,lateral,0.5237,4.8600,0.3794,-0.1355,0.3585,0.3568,0.1298,0.8073
0.7830,8.0145,1.7330,path,8.4671,7.1800,0.0274,-0.2304,0.7483,1.7527,1.3598,1.3741
0.3253,6.8012,0.1210,turn,0.0000,7.6800,0.0000,nan,nan,0.2261,0.1044,0.3159
0.3976,5.8883,0.0760,straight,0.7669,4.2600,0.3976,-0.3842,0.1023,0.3266,0.1446,0.4617
0.9711,22.3187,0.1537,path,4.6472,5.0000,0.0226,-0.9655,0.1040,1.6587,0.7822,1.1308
0.3250,3.3459,0.0887,lateral,1.1729,7.9800,0.3250,-0.2802,0.1647,0.4587,0.1343,0.4458
0.3595,2.0294,0.9065,path,2.4101,7.9800,0.0107,-0.3594,0.0112,1.0659,0.4713,0.5324
0.4602,4.2479,0.0688,turn,0.0000,6.3000,0.0000,nan,nan,0.6535,0.1154,0.6277
0.4962,12.4725,0.4508,path,2.5042,6.8800,0.0085,0.4653,0.1722,1.1482,0.5919,0.4224
0.4555,9.6419,0.1935,combined,1.9255,6.6400,0.4555,-0.2241,0.3966,0.7302,0.2647,1.0665
0.5161,7.4646,0.0899,combined,1.3194,5.5400,0.5161,-0.5136,0.0507,0.3723,0.1728,0.4743
0.2229,3.0092,0.7956,path,4.4434,7.7000,0.0128,-0.2012,0.0957,1.0481,0.6095,0.6392
0.6750,71.9230,0.0369,path,5.7232,6.1800,0.0247,-0.1605,0.6556,1.4615,0.9687,1.2892
0.2851,3.1196,0.2301,path,1.8071,7.1200,0.0062,-0.2548,0.1279,0.9986,0.3265,0.3111
0.3358,12.5615,0.0246,turn,0.0000,6.1600,0.0000,nan,nan,0.4925,0.1236,0.5939
0.3391,1.0356,1.2054,path,3.6834,6.2400,0.0130,-0.0569,0.3343,1.4926,0.6959,0.6477
1.1080,18.2240,1.3777,path,5.4756,6.8800,0.0269,-1.0447,0.3693,1.6134,1.0298,1.3407
0.4293,5.9939,0.9596,path,4.1382,7.5200,0.0167,0.4292,0.0052,1.5711,0.9241,0.8326
0.2363,10.9829,0.0495,combined,1.5853,6.3800,0.2340,-0.1578,0.1759,0.6641,0.2332,0.0000
0.4452,7.3740,0.0723,lateral,1.4252,7.5000,0.4452,-0.2401,0.3749,0.4587,0.1792,1.2818
0.2484,1.4126,0.0969,lateral,0.0298,5.9400,0.0298,-0.0672,0.2391,0.2107,0.0908,0.0000
0.1346,0.0171,0.0886,path,2.0443,5.9000,0.0105,0.1346,0.0007,1.4226,0.6185,0.5257
0.0127,1.9558,0.0193,stand,0.0000,5.8800,0.0000,nan,nan,0.1196,0.0335,0.0000
0.3533,4.3009,0.1186,combined,1.2155,7.5600,0.3380,-0.3326,0.1189,0.4080,0.1618,0.3971
0.4331,10.1702,0.1900,combined,1.5367,7.5000,0.4330,-0.2867,0.3247,0.6532,0.2137,1.1776
0.0188,3.1783,0.0511,stand,0.0000,5.4800,0.0000,nan,nan,0.2721,0.0472,1.1463
0.4278,11.0398,0.1675,straight,0.0635,7.8400,0.0112,0.3797,0.1971,0.2683,0.1060,1.2560
0.2447,4.6267,0.5534,path,1.8799,4.1800,0.0093,0.1867,0.1582,1.1830,0.5417,0.4630
0.5079,3.7213,1.1070,path,0.6311,4.9400,0.0237,-0.2045,0.4649,1.4416,0.9160,1.1873
0.1402,3.9114,0.0162,stand,0.0000,4.8200,0.0000,nan,nan,0.5115,0.0827,0.3058
0.3741,1.2676,0.1001,lateral,0.0934,7.5800,0.0472,0.1588,0.3387,0.3444,0.1162,0.5999
0.4911,7.8410,0.1286,turn,0.0000,7.1600,0.0000,nan,nan,0.3593,0.1298,1.3114
0.4727,1.6151,0.1829,straight,1.1849,6.5200,0.0427,0.4669,0.0741,1.3991,0.3815,0.3430
0.2690,19.5327,1.0831,path,1.5269,7.8200,0.0023,0.2667,0.0349,1.7115,1.0484,0.7576
1.2755,11.1201,0.9305,path,4.8011,5.2800,0.0201,-1.2748,0.0425,1.5098,0.6931,1.0065
0.3574,0.9855,0.0437,straight,0.0244,6.9200,0.0022,0.3085,0.1805,0.2461,0.0995,1.1810
0.1799,5.3349,0.0214,stand,0.0000,4.3800,0.0000,nan,nan,0.4964,0.0712,1.1918
0.4842,2.8815,0.9698,path,4.8584,7.9200,0.0240,-0.4824,0.0423,1.7899,1.0664,1.2012
0.4792,3.3299,0.0402,straight,1.1811,4.7800,0.0069,0.4677,0.1047,1.2582,0.4240,0.9796
0.3317,2.2506,0.1528,turn,0.0000,7.0600,0.0000,nan,nan,0.4546,0.1029,1.0360
0.2546,2.3693,0.8161,path,3.9821,7.8800,0.0116,-0.2045,0.1517,1.1543,0.5756,0.5787
0.7586,6.2664,0.2125,path,3.0996,5.9200,0.0173,-0.7177,0.2460,1.1780,0.6216,0.8650
0.4987,5.3592,0.0419,lateral,1.0594,6.5400,0.4978,-0.3536,0.3516,0.4650,0.1498,1.0979
0.0695,1.4700,0.7343,path,2.7372,6.5400,0.0094,-0.0537,0.0441,1.2684,0.4947,0.4715
0.3828,5.0506,0.1265,combined,1.4090,7.2200,0.3644,0.2473,0.2921,0.8009,0.2566,0.6566
0.5098,1.3995,0.0159,lateral,0.6519,4.7800,0.4792,-0.2031,0.4676,0.3677,0.1556,0.5697
0.7536,10.1263,1.1733,path,3.0591,5.4000,0.0155,0.3937,0.6426,1.4264,0.8095,0.7872
0.6997,0.2084,0.8696,path,3.0657,6.7000,0.0163,-0.4083,0.5683,1.3624,0.8523,1.0526
0.3405,12.7191,1.0129,path,6.0435,5.5400,0.0225,-0.3287,0.0888,1.4993,1.0467,1.0993
0.2882,4.5278,0.1169,straight,1.9115,7.5200,0.2882,-0.2764,0.0814,0.5082,0.2494,0.0000
0.8673,3.6825,1.7308,path,0.6779,6.6600,0.0217,0.8662,0.0443,1.6964,0.9434,1.3510
0.3731,9.8397,0.0380,lateral,0.6396,4.7800,0.3731,-0.2629,0.2647,0.3830,0.1223,0.0000
0.5717,9.2572,0.5533,path,3.7916,7.5800,0.0104,0.1901,0.5391,1.2699,0.5917,0.5185
0.7082,30.4693,1.0637,path,5.2154,7.2000,0.0166,0.5423,0.4555,1.7613,0.9918,0.8277
0.4337,15.8263,0.0731,combined,1.0220,5.0200,0.4337,-0.4273,0.0744,0.3294,0.1564,1.0746
0.1221,6.5477,0.3463,path,1.1329,4.1800,0.0029,-0.0846,0.0880,0.5020,0.2798,0.3089
0.5962,3.8921,0.0832,combined,1.7885,6.1800,0.5962,-0.5953,0.0315,0.5305,0.2441,0.5247
0.1171,12.0688,1.2596,path,3.4120,7.1200,0.0269,-0.0785,0.0869,1.7210,1.1578,1.3445
0.3514,1.3989,0.1030,combined,0.5876,4.2800,0.3514,-0.2242,0.2706,0.6449,0.1941,1.1552
0.3172,2.5822,0.7534,path,5.1511,7.9200,0.0153,-0.3041,0.0901,1.2178,0.7265,0.7641
0.2219,1.1564,0.0526,straight,0.5325,4.9800,0.0748,0.1383,0.1736,0.6357,0.2027,0.9896
0.3963,3.0449,0.1610,combined,2.1835,7.8600,0.3962,0.2200,0.3297,1.2922,0.3720,1.1180
0.8662,0.3541,0.8873,path,2.5912,5.0400,0.0227,-0.4945,0.7112,1.4210,0.6493,1.1327
0.5929,8.6454,0.1031,combined,1.3138,4.2800,0.5929,-0.5929,0.0037,0.4448,0.2008,0.0000
0.4867,3.0126,0.0255,lateral,0.1029,7.6400,0.0868,0.1324,0.4684,0.2848,0.1126,0.4485
0.7923,18.0530,0.3489,combined,2.0272,4.4800,0.7923,-0.7917,0.0303,0.6389,0.3346,0.4224
0.4854,1.4430,0.0661,combined,0.7322,5.1400,0.4061,0.2833,0.3941,0.8401,0.2607,0.4726
0.3486,6.4441,0.0762,combined,0.3670,7.9200,0.1010,0.3382,0.0844,0.4904,0.1302,0.7739
0.8279,17.0470,0.3298,path,3.1715,6.6400,0.0097,-0.5220,0.6426,0.7980,0.4271,0.4839
0.3269,2.3024,0.0622,turn,0.0000,5.4400,0.0000,nan,nan,0.6118,0.1355,0.0000
0.0709,2.0287,0.2874,path,1.4058,4.3200,0.0067,-0.0488,0.0514,0.4645,0.3324,0.3355
0.3333,3.0765,0.0881,turn,0.0000,5.4000,0.0000,nan,nan,0.3474,0.1129,0.4927
0.8842,16.1510,1.3454,path,3.7786,7.5000,0.0172,0.8615,0.1988,1.5726,1.0486,0.8600
0.3873,3.0589,0.0732,lateral,0.7778,7.6800,0.3873,-0.0937,0.3757,0.3151,0.1228,0.7158
1.7937,50.3293,1.0429,path,2.4475,5.7200,0.0273,-1.7935,0.0236,1.1390,0.4939,1.3700
0.8005,3.0737,1.2680,path,0.5182,4.0600,0.0219,-0.5167,0.6115,1.4885,0.9025,1.0947
0.8453,5.7940,0.1699,path,1.9723,4.0600,0.0024,-0.8439,0.0494,0.9901,0.4280,0.7309
0.3824,0.8490,0.0443,turn,0.0000,4.1000,0.0000,nan,nan,0.4116,0.1395,0.9157
1.1750,14.5235,0.8632,path,5.5244,4.3800,0.0291,-1.0893,0.4405,1.6252,1.1323,1.4557
0.2659,6.0312,0.5118,path,2.2111,4.1000,0.0110,-0.2291,0.1350,0.8522,0.5164,0.5507
1.0311,13.4105,0.9031,path,6.4308,5.5600,0.0294,-1.0143,0.1852,1.7348,1.2042,1.4680
0.0353,0.8443,0.0472,stand,0.0000,5.8600,0.0000,nan,nan,0.1463,0.0407,1.2551
0.5548,9.4419,0.0568,lateral,0.9224,7.7000,0.5545,-0.4015,0.3829,0.3463,0.1104,0.0000
0.3861,3.8113,0.0196,straight,1.1505,7.9200,0.1450,0.3355,0.1911,1.3510,0.2984,0.3261
0.5040,8.9898,0.1784,lateral,1.4530,4.5400,0.5040,-0.3349,0.3766,0.6360,0.2713,0.0000
0.2821,1.9429,0.4323,path,1.7178,5.2200,0.0068,-0.1052,0.2617,0.8802,0.3459,0.3428
0.4021,4.4794,0.0207,lateral,0.8080,7.8800,0.4019,-0.0993,0.3896,0.4051,0.1354,0.0000
0.6951,16.4183,0.2726,combined,1.8461,5.3800,0.6951,-0.6904,0.0804,0.5290,0.2465,0.7407
0.6032,13.2876,0.1557,combined,1.0042,4.2000,0.6032,-0.5832,0.1538,0.3822,0.1737,0.8886
0.4878,3.7486,0.9397,path,1.7341,4.7600,0.0074,0.0380,0.4863,1.5289,0.5052,0.3706
0.7382,4.0486,0.0419,lateral,0.1044,4.5000,0.0938,-0.1275,0.7271,0.5207,0.1926,0.5044
0.4768,6.2528,0.2811,path,1.6589,4.9000,0.0079,-0.4138,0.2368,0.5556,0.2688,0.3947
0.2749,2.2875,0.1535,combined,0.7846,6.5800,0.0371,0.2678,0.0620,0.4583,0.1693,0.8818
0.0604,0.0542,0.1302,stand,0.0000,4.9000,0.0000,nan,nan,0.1942,0.0825,0.8427
0.4632,6.1159,0.8353,path,2.8265,6.0000,0.0103,-0.4365,0.1552,1.3636,0.5285,0.5134
0.3381,4.8553,0.0125,turn,0.0000,5.3400,0.0000,nan,nan,0.6212,0.1432,0.5639
0.6380,21.8097,0.0559,path,1.6240,4.9200,0.0067,0.1914,0.6087,1.4034,0.5398,0.3348
0.3782,1.0554,0.1071,straight,1.0165,6.3600,0.0237,0.3782,0.0050,1.4018,0.3936,0.0000
0.5548,10.0398,0.0844,combined,1.3747,5.1400,0.5548,-0.4141,0.3693,1.1880,0.3738,0.9191
0.7104,1.8437,1.0244,path,4.6718,4.3000,0.0238,-0.6582,0.2673,1.7082,1.1816,1.1884
0.1892,3.4044,0.6495,path,2.7293,4.3800,0.0126,-0.1875,0.0248,0.9644,0.6108,0.6279
0.2156,1.9422,0.0426,straight,0.4534,6.0400,0.0171,0.2149,0.0176,0.6479,0.2089,0.3420
0.5189,1.4528,1.0674,path,1.7566,4.6400,0.0164,0.3872,0.3454,1.1096,0.7191,0.8223
0.3070,1.0553,0.1295,turn,0.0000,4.9200,0.0000,nan,nan,0.5262,0.1138,0.5081
0.9913,10.1616,0.9861,path,4.9419,4.3800,0.0267,-0.9803,0.1471,1.4101,0.9913,1.3356
0.4049,8.7328,0.0901,turn,0.0000,7.0400,0.0000,nan,nan,0.7359,0.1182,1.2323
0.4164,1.6812,0.1322,combined,0.3584,4.1600,0.1787,0.1918,0.3695,0.6898,0.2668,1.2638
0.5981,5.4128,0.9145,path,3.0974,4.5600,0.0225,-0.5720,0.1745,1.4162,0.8788,1.1287
0.2781,2.4541,0.0521,turn,0.0000,4.4200,0.0000,nan,nan,0.4541,0.1363,0.6474
0.4330,3.9322,0.7961,path,2.7861,4.7200,0.0169,0.3565,0.2459,1.6495,0.9029,0.8455
0.2451,6.7547,0.3222,path,3.9042,6.6200,0.0163,0.0273,0.2436,1.5015,0.7386,0.8185
0.5155,13.7632,0.1153,combined,0.9216,5.6800,0.1341,0.4946,0.1452,1.5676,0.4363,0.3631
0.4332,8.3033,0.0885,straight,1.5402,7.6200,0.3186,0.3234,0.2882,1.5221,0.4498,1.0494
0.2320,0.9766,0.3880,path,2.5754,5.1000,0.0127,-0.1342,0.1893,1.0090,0.5915,0.6342
0.6771,17.3980,1.1770,path,4.9973,4.3600,0.0251,0.0960,0.6703,1.5318,1.2676,1.2567
0.5009,1.0527,0.4162,path,1.8427,6.6200,0.0098,-0.4868,0.1179,1.3657,0.5376,0.4917
0.4443,8.4603,0.4140,path,3.6126,4.8000,0.0173,-0.4443,0.0023,1.1640,0.7499,0.8632
0.0407,3.3733,0.0222,stand,0.0000,5.4400,0.0000,nan,nan,0.2095,0.0432,0.7375
0.4022,2.1296,0.0234,lateral,0.8202,4.5400,0.3973,-0.3358,0.2214,0.3753,0.1319,0.3110
0.2549,23.7605,0.2247,path,2.3154,4.0600,0.0168,-0.1704,0.1896,1.3410,0.7238,0.8456
0.5212,4.0162,0.0308,combined,0.8808,6.0400,0.4869,0.0698,0.5165,0.7697,0.2073,1.0818
0.1460,6.4887,0.8787,path,4.2263,4.3200,0.0198,0.0838,0.1195,1.5076,0.9924,0.9879
0.7705,7.3885,0.2801,path,1.0127,6.8800,0.0230,-0.7578,0.1391,1.3753,0.5924,1.1497
0.5657,9.4167,0.0786,straight,1.9615,5.3800,0.2850,0.5592,0.0858,1.7715,0.6168,1.3140
0.4513,10.9254,0.5811,path,3.2391,4.9000,0.0145,-0.3000,0.3372,1.2800,0.6428,0.7242
0.2016,0.3199,1.0311,path,4.2624,4.2200,0.0210,-0.1986,0.0347,1.3234,0.9972,1.0473
0.4758,1.3438,0.9273,path,1.5210,5.7200,0.0201,-0.4583,0.1279,1.3048,0.7743,1.0066
0.7590,5.0138,0.1465,straight,1.6846,4.0800,0.0243,0.7559,0.0683,1.7007,0.7145,1.1470
0.2904,7.2782,0.0573,turn,0.0000,4.2800,0.0000,nan,nan,0.7360,0.1405,0.8361
0.4094,2.3571,0.7388,path,2.2484,4.7000,0.0148,-0.3625,0.1903,1.3859,0.5566,0.7410
0.4826,20.4345,0.7459,path,3.0940,4.5600,0.0186,-0.3063,0.3730,1.4170,0.8600,0.9290
0.0588,4.7856,0.0222,stand,0.0000,4.3800,0.0000,nan,nan,0.1295,0.0368,0.7610
0.4690,4.4929,0.0471,combined,1.4182,6.2000,0.4673,-0.3918,0.2579,0.5560,0.1880,0.8403
0.8693,20.1486,0.3717,path,4.4467,7.5200,0.0126,-0.6697,0.5543,1.5714,0.5998,0.6279
0.3058,8.1530,0.9295,path,3.1901,7.7200,0.0139,-0.1987,0.2324,1.0110,0.6575,0.6988
0.4805,6.5885,0.0723,combined,1.7876,5.8000,0.0961,0.4805,0.0028,1.4545,0.4764,0.0000
0.4006,5.3294,0.0934,lateral,0.7870,6.7600,0.4001,-0.2259,0.3308,0.4118,0.1301,0.5928
1.4171,28.7434,0.6449,path,2.2100,6.1000,0.0228,-0.9000,1.0946,1.4174,0.5663,1.1412
0.3474,13.4687,0.2838,path,2.3654,6.8000,0.0105,-0.0191,0.3469,1.2628,0.5528,0.5281
1.0115,7.8840,0.5815,path,1.5662,4.6000,0.0253,-0.3758,0.9391,1.2880,0.5462,1.2643
0.2976,4.4570,0.1122,straight,0.1653,5.7200,0.1626,-0.2602,0.1445,0.2286,0.0830,0.3335
0.3387,9.1608,0.0135,lateral,0.4989,6.6800,0.3345,-0.1542,0.3016,0.3447,0.1101,1.3307
0.5599,3.7116,0.7845,path,3.1249,4.9600,0.0134,-0.5172,0.2144,1.2314,0.5792,0.6663
0.9716,0.7718,1.0810,path,6.5273,5.6800,0.0271,-0.9686,0.0755,1.4557,1.1596,1.3542
0.4327,0.8642,0.0433,turn,0.0000,4.4400,0.0000,nan,nan,0.7431,0.1523,1.2050
0.4205,3.2130,0.1083,combined,1.2123,4.2000,0.4205,-0.4071,0.1052,0.4838,0.2261,0.8560
1.8203,44.2999,0.5367,path,0.7364,7.4000,0.0221,-1.8152,0.1356,1.1828,0.4292,1.1041
0.5698,8.7674,1.2633,path,3.0843,5.2600,0.0149,-0.5465,0.1614,1.3262,0.6373,0.7490
1.9495,33.9749,0.4610,path,1.8764,7.5200,0.0278,-1.8846,0.4988,1.0062,0.4166,1.3944
0.5328,10.0043,0.0235,lateral,0.4372,5.7400,0.4372,-0.2337,0.4788,0.3264,0.1229,0.0000
0.9914,5.9455,0.4009,combined,2.1887,4.8400,0.4781,0.8211,0.5557,1.6635,0.7673,0.6152
0.2991,14.6414,0.5478,path,2.5456,5.6600,0.0106,0.0449,0.2957,1.4107,0.5410,0.5286
0.2125,2.5662,0.5637,path,1.8167,6.2200,0.0113,-0.2017,0.0670,0.7499,0.4657,0.5636
0.1519,12.8243,1.0339,path,3.5373,4.0800,0.0175,-0.0486,0.1440,1.3309,0.8780,0.8712
0.2355,2.2981,0.1458,turn,0.0000,7.0800,0.0000,nan,nan,0.4343,0.1091,0.7635
0.5977,9.8583,0.0780,combined,1.2772,4.3200,0.5977,-0.2386,0.5480,0.9422,0.3660,1.0222
0.4954,1.4520,0.7583,path,5.8584,7.6600,0.0188,-0.4819,0.1150,1.1289,0.8433,0.9388
0.1103,0.7701,0.0144,stand,0.0000,4.3600,0.0000,nan,nan,0.4197,0.0574,0.7517
0.3653,2.8680,0.0559,turn,0.0000,5.9200,0.0000,nan,nan,0.3966,0.1170,0.6816
0.1359,2.0660,0.6964,path,1.5022,5.1800,0.0146,0.0936,0.0985,1.3286,0.7534,0.7301
0.3571,13.3090,1.5398,path,5.7715,5.1400,0.0241,-0.1721,0.3129,1.8285,1.3734,1.2345
0.6647,6.0289,0.1327,combined,2.2963,6.2600,0.6647,-0.6194,0.2411,0.6077,0.2911,0.5222
0.7608,2.8694,0.9840,path,2.7511,6.1600,0.0154,-0.7148,0.2606,1.3902,0.6654,0.7712
0.4196,6.6969,0.2489,path,2.5940,4.3000,0.0248,0.3632,0.2101,1.7330,0.8017,1.2368
0.3744,8.4755,0.0205,straight,0.9904,7.9400,0.3738,-0.3735,0.0263,0.3187,0.1162,0.4322
0.3681,2.8766,0.1395,turn,0.0000,4.7800,0.0000,nan,nan,0.8706,0.2101,0.8859
0.3255,5.7464,0.0352,lateral,0.5030,4.8000,0.3178,-0.1670,0.2794,0.2886,0.1119,0.4595
0.5153,44.6135,0.1921,path,6.5498,6.2800,0.0273,0.2086,0.4712,1.7838,1.2322,1.4235
0.4574,0.2000,0.0611,straight,1.4788,6.1600,0.2396,0.4454,0.1040,1.4426,0.4123,0.9695
0.2404,4.5603,0.8411,path,0.7060,7.1200,0.0170,0.2404,0.0044,1.4872,0.9520,0.8516
0.4053,5.7498,0.0929,lateral,0.5664,5.3800,0.4002,-0.2761,0.2967,0.2714,0.1015,0.8859
0.6969,9.3771,1.1239,path,2.6870,4.9000,0.0151,0.2844,0.6362,1.5088,0.9857,0.7547
0.2257,16.0011,0.2031,path,2.0493,4.9600,0.0062,-0.0672,0.2155,1.1932,0.4420,0.4511
0.3070,1.5378,0.1113,combined,1.0688,6.6800,0.2971,-0.0717,0.2985,0.5918,0.1687,0.0000
0.5587,8.7607,0.0568,combined,1.4577,6.9600,0.5555,-0.4408,0.3433,0.4951,0.1730,0.3326
0.3760,4.2064,1.1751,path,4.6981,7.0800,0.0135,-0.1799,0.3302,1.2500,0.6631,0.6679
0.7534,3.2306,1.1345,path,5.6039,6.1600,0.0248,-0.5995,0.4564,1.4755,1.1144,1.2373
0.1871,12.4466,0.5746,path,3.6972,4.6400,0.0162,0.0539,0.1792,1.3864,0.9301,0.8086
0.3544,1.8793,0.0460,straight,1.3974,7.3800,0.3530,-0.3543,0.0107,0.4061,0.1713,1.2068
0.8058,7.8601,0.0072,stand,0.0000,5.3600,0.0000,nan,nan,0.8139,0.1800,0.6620
0.3256,6.1148,0.0170,turn,0.0000,7.1600,0.0000,nan,nan,0.5072,0.1206,0.9415
0.2680,2.1427,0.0983,straight,1.9685,5.5600,0.1472,0.2606,0.0626,1.3308,0.5133,0.6540
0.3577,5.8903,0.1219,lateral,0.5385,5.5400,0.3574,-0.0532,0.3538,0.3745,0.1279,0.5426
0.3631,7.0183,0.0842,combined,1.8773,7.0800,0.3631,-0.2701,0.2427,0.6537,0.2688,0.0000
0.4504,2.0570,0.0124,straight,0.5239,6.4600,0.4434,-0.4492,0.0325,0.1930,0.0822,1.0727
0.4355,18.4698,0.0940,path,3.5239,7.7600,0.0096,0.1520,0.4081,1.5288,0.6821,0.4775
0.4441,5.6444,0.1169,straight,1.4450,7.2400,0.4438,-0.4412,0.0504,0.4732,0.1745,0.4260
0.4007,10.5667,0.1590,combined,1.9908,5.3800,0.4007,-0.3978,0.0484,0.6063,0.3061,0.5930
0.5403,0.1478,0.0689,lateral,0.5266,4.3200,0.4592,-0.0295,0.5395,0.4391,0.2027,1.1463
0.2200,10.4364,0.4378,path,1.8325,5.9600,0.0063,0.1793,0.1274,0.9043,0.3948,0.3127
0.4620,4.4290,0.1536,straight,1.7651,4.8800,0.2066,0.4433,0.1301,1.5505,0.5650,0.8073
0.6520,4.9354,0.4987,path,5.0831,5.6800,0.0241,-0.6029,0.2481,1.5075,1.0231,1.1994
0.3018,2.0185,0.0765,combined,1.0616,6.3200,0.2997,0.0852,0.2895,0.6361,0.2229,0.0000
0.5320,15.8204,0.0602,lateral,1.3895,5.4800,0.5320,-0.5317,0.0183,0.5249,0.1839,0.9329
0.5120,4.5941,0.1628,straight,1.9970,5.7400,0.5120,-0.5119,0.0075,0.6488,0.2838,0.8049
0.4683,1.4830,0.0872,lateral,1.3963,6.5200,0.4671,-0.2386,0.4030,0.6003,0.1963,0.5300
0.3693,5.4224,0.0962,lateral,1.3103,7.3600,0.3312,-0.1561,0.3347,0.5095,0.1797,0.8349
0.0247,0.4076,0.0347,stand,0.0000,5.8400,0.0000,nan,nan,0.0746,0.0251,0.8513
0.2490,1.6320,0.0302,lateral,0.4125,6.6600,0.2204,-0.0747,0.2376,0.3238,0.0985,1.0028
0.6022,13.1549,0.1595,combined,1.2348,4.5000,0.6022,-0.3450,0.4936,0.7689,0.2812,1.2560
0.6161,10.1243,0.1750,combined,1.6743,5.0400,0.6161,-0.0964,0.6086,1.3662,0.4079,1.0665
0.4739,3.8521,0.4025,path,2.4662,5.5000,0.0092,-0.3816,0.2810,0.8554,0.4471,0.4583
0.8632,1.5462,0.7450,path,3.2878,5.6200,0.0190,-0.6559,0.5611,1.5782,0.8047,0.9505
0.0520,9.3854,0.0424,stand,0.0000,4.3400,0.0000,nan,nan,0.3703,0.0670,1.3114
0.5051,3.3786,0.0075,straight,1.4433,5.9800,0.5008,-0.4682,0.1895,0.5018,0.2041,0.6825
1.3558,104.9578,1.4074,path,8.1428,6.7600,0.0257,0.0279,1.3555,1.7021,1.2714,1.2805
0.5714,15.3123,0.2226,combined,1.9827,4.7800,0.5714,0.1249,0.5576,1.4490,0.5938,0.0000
0.2313,5.6629,0.0513,turn,0.0000,5.3000,0.0000,nan,nan,0.2931,0.1150,0.8888
0.3207,7.9691,1.0576,path,2.4962,6.0200,0.0093,0.1989,0.2516,1.1217,0.6210,0.4627
0.3578,6.3838,0.9797,path,3.4022,5.4400,0.0209,-0.3567,0.0283,1.4256,0.8884,1.0467
0.5444,2.1510,0.5035,path,3.9138,4.1600,0.0255,-0.4987,0.2184,1.6005,1.1007,1.2801
0.4187,7.8484,0.1749,turn,0.0000,4.5600,0.0000,nan,nan,0.4044,0.1433,0.3058
0.8901,7.4888,0.3581,path,4.6792,7.1000,0.0228,-0.7847,0.4203,1.4013,0.6915,1.1452
0.4797,2.9644,0.7434,path,4.2529,6.0800,0.0158,-0.4538,0.1555,1.0139,0.6801,0.7617
0.3667,8.0112,0.0511,turn,0.0000,4.2000,0.0000,nan,nan,0.5516,0.1528,1.0979
1.0049,6.6441,0.7375,path,2.1096,6.5000,0.0263,0.9018,0.4434,1.3296,0.7487,1.3077
0.3008,1.6256,0.1131,turn,0.0000,6.9800,0.0000,nan,nan,0.3376,0.1099,0.8113
0.2622,2.7265,0.1151,straight,0.3008,6.3600,0.0167,0.2598,0.0352,0.4132,0.1498,1.0989
0.2789,9.6678,0.2334,path,4.4666,7.1000,0.0121,-0.2730,0.0574,1.3792,0.6443,0.6644
0.5945,10.5409,0.0572,combined,2.1813,5.5200,0.5945,-0.4717,0.3619,1.0408,0.4164,0.7059
0.3461,8.9756,0.1171,turn,0.0000,4.5800,0.0000,nan,nan,0.3423,0.1201,0.3430
0.4282,7.1104,0.0756,combined,2.0927,7.7200,0.4093,-0.4158,0.1021,0.5621,0.2175,0.3605
0.2500,10.2985,0.0558,stand,0.0000,6.7200,0.0000,nan,nan,0.4129,0.0963,0.7309
0.6311,8.3578,1.1367,path,4.2300,5.8800,0.0162,-0.4797,0.4101,1.5632,0.7826,0.8057
0.3506,2.0786,0.0384,turn,0.0000,6.3000,0.0000,nan,nan,0.4548,0.1167,0.3713
0.3077,3.2367,0.0435,combined,1.7497,7.3600,0.3077,-0.0351,0.3057,0.6297,0.2626,1.0698
1.0984,7.0491,0.7404,path,6.9263,7.8600,0.0262,-1.0466,0.3332,1.6397,1.0634,1.3088
0.4637,5.0061,0.1731,path,4.4995,7.8800,0.0074,-0.4637,0.0032,0.9258,0.5899,0.6581
0.5130,9.9098,0.9062,path,3.2249,7.6400,0.0117,0.5017,0.1069,1.5953,0.7151,0.5767
0.1056,4.8868,1.0008,path,2.0679,5.5800,0.0112,-0.0064,0.1054,1.3152,0.5477,0.5595
0.4618,0.6652,0.0285,straight,0.2633,6.7800,0.0487,0.4419,0.1339,0.4654,0.1576,0.6105
0.3898,1.4626,0.4901,path,2.2023,5.8800,0.0077,0.1118,0.3734,1.2473,0.5324,0.3839
1.0793,33.8495,0.3733,path,1.3742,4.2200,0.0075,0.8246,0.6964,1.3256,0.7966,0.3766
1.2952,4.7830,1.6978,path,5.8191,5.7200,0.0359,-0.9905,0.8345,1.8808,1.3237,1.4604
0.3388,0.0830,0.6918,path,1.2509,7.5200,0.0025,-0.0056,0.3388,1.2222,0.4694,0.4771
0.4987,11.0858,0.0741,turn,0.0000,5.6200,0.0000,nan,nan,0.3650,0.1365,0.4743
0.2366,8.2466,0.0287,combined,1.1775,6.2800,0.2276,-0.0762,0.2240,0.5221,0.1848,0.8034
0.2886,8.2597,0.1772,path,1.5204,7.2800,0.0087,0.2470,0.1493,1.0268,0.4711,0.4364
1.0087,12.0089,1.0474,path,6.8969,6.3600,0.0233,-0.6817,0.7435,1.3899,1.0422,1.2481
0.5609,3.0520,0.8685,path,1.7562,5.0800,0.0286,0.3801,0.4125,1.9083,1.1035,1.4152
0.5098,7.5723,0.0215,lateral,0.8653,7.4600,0.5075,-0.3179,0.3985,0.3789,0.1107,1.3082
0.4241,23.0317,0.7135,path,2.9045,6.2200,0.0141,-0.2070,0.3702,1.4129,0.7184,0.8432
0.2318,7.1707,0.1941,straight,0.5873,5.4600,0.2223,-0.1898,0.1330,0.2870,0.1416,0.0000
0.4425,5.4191,0.0093,straight,1.7178,7.7600,0.4425,-0.4417,0.0265,0.5281,0.2093,0.4227
0.4346,2.3356,0.0494,turn,0.0000,4.0600,0.0000,nan,nan,0.7322,0.1649,0.4726
0.6574,5.2587,1.5105,path,2.4616,5.9200,0.0256,-0.5517,0.3575,1.6011,0.9048,1.2895
0.2456,2.5707,0.4132,path,1.6793,5.7600,0.0071,-0.2275,0.0925,0.6877,0.3194,0.3555
0.4049,3.1219,1.0424,path,1.5170,7.5800,0.0071,0.0877,0.3953,1.6849,0.7777,0.6026
0.1363,7.1224,0.3412,path,1.2334,4.5600,0.0066,0.1266,0.0505,0.6484,0.3986,0.3309
0.7773,8.9246,0.6882,path,1.7580,6.3200,0.0180,-0.6122,0.4790,1.3693,0.6105,0.9020
0.5620,15.8358,1.0188,path,4.9400,6.3800,0.0283,-0.5591,0.0575,1.6500,1.2523,1.4120
0.1082,6.3362,1.2001,path,0.9253,5.5400,0.0167,-0.1050,0.0261,1.4125,0.7321,0.8339
0.4180,2.1928,0.0682,lateral,0.9062,7.5800,0.4070,0.0942,0.4072,0.5004,0.1657,1.2072
0.3144,11.0457,0.3288,path,2.2774,5.7200,0.0081,0.0782,0.3045,0.8030,0.4296,0.4028
0.4370,1.0208,0.1302,straight,0.4396,7.5600,0.4316,-0.4351,0.0401,0.1689,0.0690,0.7185
0.3905,4.6501,0.0755,lateral,0.2646,7.4200,0.2646,-0.1847,0.3441,0.2289,0.0978,1.0086
0.5038,9.5636,0.2129,combined,1.3037,5.1400,0.5038,-0.0378,0.5024,1.1234,0.4404,1.1918
0.4442,1.0279,0.0504,straight,0.8163,7.5400,0.4039,-0.3486,0.2753,0.2935,0.1199,0.3161
0.3535,6.9359,0.0426,combined,1.0786,6.7400,0.3446,-0.3128,0.1647,0.4415,0.1477,1.2498
0.9092,1.7416,0.9413,path,3.1121,6.8000,0.0274,-0.5646,0.7127,1.4283,0.8931,1.3711
0.4918,1.1334,0.1330,lateral,1.2041,6.9600,0.4788,-0.2203,0.4397,0.5827,0.1830,0.3819
0.4682,9.9197,0.0398,combined,1.9762,4.5800,0.4682,-0.4463,0.1416,0.6971,0.3500,1.1180
0.5036,5.8424,1.2087,path,4.0039,7.0600,0.0228,-0.3917,0.3165,1.5898,0.9218,1.1347
1.1182,21.4183,0.1743,path,2.7868,7.0000,0.0184,-0.7938,0.7876,1.1629,0.4965,0.9207
0.4033,0.1370,0.1111,turn,0.0000,5.5800,0.0000,nan,nan,1.0016,0.2089,0.5999
0.0314,4.7760,0.9879,path,2.2126,7.6200,0.0124,0.0170,0.0264,1.2354,0.7281,0.6173
0.2341,1.3719,0.0895,straight,1.4489,7.1800,0.0357,0.2340,0.0080,1.4282,0.4246,0.3598
0.4225,6.1477,0.1800,lateral,0.9765,7.7400,0.4225,-0.4104,0.1005,0.3257,0.1005,0.9259
1.2452,21.4546,0.2152,path,2.1763,7.9800,0.0205,-1.2451,0.0133,0.7706,0.2393,1.0275
0.3645,9.0608,0.0425,combined,1.5606,6.0800,0.3645,0.2315,0.2816,1.3835,0.4100,0.5939
1.3747,22.6677,0.2777,path,3.8141,4.2800,0.0221,-1.3586,0.2096,1.0826,0.6470,1.1053
0.4151,9.8321,0.6614,path,3.2593,7.1200,0.0099,0.0726,0.4087,0.9444,0.5765,0.4934
0.0693,11.1739,0.1728,path,2.4080,6.6600,0.0104,0.0307,0.0621,0.9910,0.5101,0.5160
0.3174,3.1828,0.8747,path,1.6661,7.8800,0.0183,-0.2635,0.1769,1.7657,1.1093,0.9164
0.4924,0.3219,0.0895,combined,1.6739,6.8000,0.4924,-0.4212,0.2550,0.5442,0.2080,0.4843
0.4387,6.1665,0.0968,combined,1.9543,7.9000,0.4387,-0.4007,0.1785,0.6268,0.2342,0.6423
0.5601,9.0398,0.9812,path,3.0566,6.7600,0.0145,0.5379,0.1560,1.3443,0.7437,0.6987
0.2163,10.2017,0.2995,path,2.8620,5.6400,0.0269,0.2163,0.0044,1.6386,0.9676,1.3553
0.3626,1.7315,0.0859,straight,0.1830,6.6200,0.1788,-0.3104,0.1873,0.2150,0.0953,0.4617
0.7288,4.6809,0.8230,path,3.8772,5.3000,0.0172,-0.7128,0.1517,1.2143,0.6866,0.8607
0.2790,1.8738,0.0834,straight,1.0463,7.9000,0.2728,-0.2568,0.1091,0.3981,0.1487,0.9710
0.4245,4.4935,0.1143,lateral,0.1169,5.4600,0.1169,-0.0558,0.4208,0.2906,0.1193,0.5697
0.4390,4.6702,0.0569,turn,0.0000,4.8000,0.0000,nan,nan,0.7635,0.2082,0.4927
0.4287,3.6677,0.0724,lateral,0.9703,6.3400,0.4230,-0.2368,0.3573,0.4696,0.1528,0.0000
0.4301,9.4124,0.0434,combined,1.3965,7.1400,0.4301,-0.0436,0.4278,0.8605,0.2395,0.6027
0.1198,3.0048,1.1140,path,6.0537,6.7600,0.0170,0.0251,0.1171,1.6398,1.0607,1.0774
0.4028,4.4524,0.2623,path,1.5439,7.8600,0.0148,0.1373,0.3787,1.1891,0.5398,0.7412
0.7128,14.2641,1.0879,path,2.6253,6.0200,0.0187,-0.5432,0.4615,1.4474,0.7200,0.9384
0.4279,13.4256,0.3312,path,4.3201,4.8600,0.0207,-0.4250,0.0496,1.6401,1.0295,1.0359
0.4781,3.5502,0.0842,straight,0.3703,5.6400,0.0355,0.4674,0.1004,0.8047,0.2115,1.0557
0.2130,2.1473,0.0197,stand,0.0000,5.5600,0.0000,nan,nan,0.5445,0.0843,0.5247
0.4885,2.7708,0.5872,path,0.7875,6.9200,0.0166,-0.3701,0.3189,1.1941,0.5432,0.8314
0.6256,17.1106,0.0244,lateral,1.0195,4.5000,0.6256,-0.4452,0.4396,0.4151,0.1642,0.5044
0.2836,2.1286,0.0441,straight,1.7454,7.0400,0.1782,0.2725,0.0787,1.5221,0.4507,0.4458
0.2063,3.4284,0.6847,path,2.8663,4.2200,0.0147,-0.1950,0.0673,1.1745,0.7606,0.7359
0.3603,13.1701,0.7501,path,2.7781,5.8000,0.0098,-0.0873,0.3495,1.1995,0.5419,0.4914
0.1745,1.5390,0.0277,stand,0.0000,5.7200,0.0000,nan,nan,0.4920,0.0851,1.1552
0.4869,9.7439,0.5806,path,0.8823,4.7200,0.0262,-0.0945,0.4777,1.4972,0.8271,1.3106
0.2920,1.2454,0.0469,straight,0.5533,4.7600,0.2920,-0.2727,0.1042,0.3234,0.1159,0.7407
1.2229,11.4098,0.9170,path,5.0137,6.9400,0.0244,-1.0513,0.6247,1.7007,0.9337,1.2249
0.4897,14.6761,0.1632,straight,1.0015,5.6000,0.2120,0.4403,0.2142,1.0740,0.3296,0.4485
0.4240,24.0268,0.4039,path,2.3921,4.1600,0.0118,-0.3562,0.2299,0.9770,0.5065,0.5901
0.3754,1.8498,0.1493,combined,1.3505,6.9200,0.3642,0.3034,0.2211,1.2118,0.3091,1.1776
0.4486,8.9709,0.0546,lateral,0.0403,4.8600,0.0282,-0.1844,0.4089,0.3055,0.1295,0.8886
0.3652,2.8075,0.1649,lateral,0.1134,7.4200,0.1134,-0.0566,0.3608,0.2710,0.1138,0.3159
0.5558,1.7829,0.1201,lateral,1.1195,6.3200,0.5454,-0.2256,0.5080,0.5309,0.1872,0.6566
1.1738,18.7477,0.6702,path,4.1176,6.2200,0.0135,-0.0325,1.1734,1.0637,0.6896,0.6736
0.2245,0.1221,0.5108,path,2.1807,5.2800,0.0083,0.0686,0.2137,0.7879,0.4559,0.4135
0.2954,2.5378,1.1278,path,6.5385,7.2000,0.0228,-0.2790,0.0972,1.5414,1.0939,1.1400
0.0308,0.7838,0.0341,stand,0.0000,6.6400,0.0000,nan,nan,0.1801,0.0413,1.0360
0.4761,11.1454,0.0537,turn,0.0000,7.7000,0.0000,nan,nan,0.7656,0.1361,0.5851
0.8041,5.4205,1.6101,path,1.6478,7.2600,0.0257,0.0058,0.8041,1.7745,1.3054,1.2953
0.4237,9.1235,0.1622,turn,0.0000,5.4200,0.0000,nan,nan,0.5786,0.1244,1.2551
0.1959,4.4217,1.1360,path,1.0097,4.8000,0.0266,-0.1146,0.1588,1.4384,1.1428,1.3275
0.9716,13.5241,1.1729,path,7.2179,6.5400,0.0276,-0.9605,0.1467,1.7241,1.2419,1.3793
0.2826,7.3845,0.1985,lateral,1.3325,6.2000,0.2817,-0.1670,0.2280,0.5461,0.2143,0.9896
0.3521,7.6757,0.2232,lateral,0.7722,4.9800,0.3521,-0.1669,0.3100,0.4045,0.1498,0.5081
0.2371,8.3192,0.0242,lateral,1.1292,7.4600,0.2371,-0.0918,0.2186,0.4920,0.1655,0.3971
0.3919,4.6368,0.0484,straight,0.2154,7.8600,0.2154,-0.3806,0.0934,0.1953,0.0793,0.6277
0.0600,8.6090,1.0449,path,3.9187,7.3400,0.0171,0.0524,0.0292,1.4890,0.9340,0.8603
0.5415,10.0988,0.2396,combined,1.7782,5.2600,0.5415,-0.5006,0.2067,0.5155,0.2669,0.5639
0.5141,13.3621,1.0651,path,2.2349,6.8000,0.0217,-0.1234,0.4991,1.7308,1.1003,1.0867
0.7822,11.3729,1.0289,path,2.2577,7.2600,0.0080,0.7818,0.0247,1.1690,0.5700,0.4000
0.2153,5.1235,0.1100,path,2.4870,4.6600,0.0024,-0.0796,0.2001,1.4503,0.6156,0.5357
0.0474,0.4261,0.0288,stand,0.0000,4.5400,0.0000,nan,nan,0.1775,0.0431,0.5928
0.7300,18.3569,1.2231,path,4.2375,5.4400,0.0261,-0.7298,0.0173,1.5432,0.9021,1.3125
0.1391,8.9238,0.3802,path,1.6325,5.4800,0.0061,-0.0424,0.1324,1.0244,0.3852,0.3026
0.3628,10.1160,0.5348,path,2.0526,4.8600,0.0092,-0.2343,0.2771,1.1466,0.5468,0.4575
0.6871,31.0155,0.1081,combined,1.7839,4.2800,0.6871,-0.6788,0.1064,0.5499,0.2826,1.0222
0.5664,10.1052,0.1830,lateral,1.0434,4.9800,0.5664,-0.3505,0.4449,0.4520,0.1743,1.0818
0.3149,2.6212,0.8635,path,1.4341,6.6800,0.0128,0.3067,0.0717,1.2305,0.6355,0.7341
0.1495,3.5553,0.1678,lateral,0.8836,5.5600,0.1495,-0.1476,0.0234,0.3935,0.1539,0.3420
1.0644,29.7227,0.3068,path,4.2385,4.2000,0.0251,-1.0498,0.1756,1.8273,1.0333,1.2572
0.1480,3.2129,0.5856,path,3.4052,5.2800,0.0045,0.1461,0.0236,1.2426,0.7347,0.7030
0.3909,0.6200,0.2294,combined,1.0473,5.4400,0.3909,-0.3580,0.1570,0.4261,0.1650,0.6474
0.4103,1.1154,0.0169,combined,1.8196,7.9800,0.4096,0.1849,0.3662,1.5082,0.3627,1.2818
0.1391,2.3924,0.0180,lateral,0.7202,5.8600,0.1111,0.0845,0.1105,0.4250,0.1531,0.8818
0.6313,2.5297,0.8587,path,3.9708,6.4800,0.0214,-0.4879,0.4005,1.2492,0.8375,1.0669
0.3017,0.6194,0.0923,lateral,0.3773,5.6800,0.2651,-0.0344,0.2997,0.3627,0.1179,0.0000
0.4784,5.0050,0.0925,combined,1.6903,4.3800,0.4784,-0.4590,0.1349,0.6524,0.2815,0.6816
0.4472,3.4430,0.0722,straight,1.5216,7.6000,0.0129,0.4190,0.1564,1.3776,0.3653,1.1810
0.5455,5.8111,1.1553,path,5.6408,5.8200,0.0198,-0.2493,0.4852,1.4923,0.9681,0.9850
0.0311,3.7669,0.6937,path,0.4568,6.2400,0.0131,-0.0180,0.0253,1.0369,0.5756,0.6572
0.8792,25.3842,0.2281,combined,2.0915,4.2400,0.8792,-0.7425,0.4707,0.6672,0.3637,0.4322
0.0376,1.4018,0.0210,stand,0.0000,6.4400,0.0000,nan,nan,0.2645,0.0433,0.7158
0.6302,7.0591,0.7432,path,0.7536,6.6000,0.0133,-0.6026,0.1843,0.9141,0.4548,0.6661
0.3162,8.9692,0.4037,path,1.1277,7.4800,0.0074,0.2871,0.1325,0.8927,0.4653,0.3710
0.2590,4.7226,0.0544,lateral,0.2755,5.5400,0.1273,0.1696,0.1959,0.3418,0.1250,1.0494
0.5649,10.8162,0.2949,path,2.7087,6.1000,0.0102,-0.5289,0.1986,0.8186,0.4371,0.5108
0.3563,5.5054,0.9669,path,2.6115,5.1200,0.0187,-0.3459,0.0856,1.2910,0.7712,0.9319
0.9979,6.5230,0.4121,path,4.9483,7.3800,0.0249,-0.6778,0.7324,1.5057,1.0009,1.2454
0.3563,5.5398,0.0571,turn,0.0000,7.7000,0.0000,nan,nan,0.7433,0.1160,0.9796
1.6439,19.7688,1.4395,path,6.3107,5.3600,0.0254,-0.9069,1.3711,1.7350,1.1157,1.3719
0.4587,12.9589,0.1262,combined,1.9133,7.4000,0.4587,-0.4051,0.2153,0.5819,0.2429,0.0000
0.4717,5.8119,0.1219,turn,0.0000,5.2600,0.0000,nan,nan,0.3446,0.1260,1.1470
0.2862,5.6073,1.1651,path,0.7771,5.1200,0.0235,-0.2558,0.1284,1.4173,0.8333,1.1735
0.4548,6.9242,0.1697,straight,1.1976,5.5000,0.0129,0.4500,0.0659,1.3319,0.5095,0.7375
0.3294,10.3384,0.1026,lateral,0.3079,6.1200,0.2376,0.1149,0.3087,0.3212,0.1174,0.8427
0.2408,12.8631,0.6252,path,2.2981,4.9000,0.0105,-0.1835,0.1560,1.2247,0.5017,0.5312
0.4814,0.5354,0.1388,lateral,0.8112,5.3000,0.4814,-0.3068,0.3710,0.3964,0.1501,0.8361
0.5194,0.5969,0.1341,straight,1.8749,5.8600,0.2474,0.4230,0.3014,1.6040,0.5393,1.2638
0.4267,3.9622,0.1150,lateral,0.9507,6.3800,0.4178,-0.1570,0.3968,0.4930,0.1541,0.3261
0.5803,11.9961,1.2083,path,5.4280,5.4000,0.0235,-0.5596,0.1538,1.4488,0.9744,1.1814
0.6125,2.7941,0.9107,path,6.6757,6.2000,0.0125,-0.4649,0.3988,1.3837,0.9949,1.0748
0.3725,12.8235,0.1829,combined,1.8388,4.9400,0.3725,-0.3644,0.0771,0.6808,0.3095,0.6152
0.5297,9.2155,0.0782,combined,1.2542,4.0400,0.5284,-0.1216,0.5156,0.7262,0.3678,1.1463
0.2350,0.0109,0.9068,path,3.1923,7.7800,0.0252,0.0193,0.2342,1.4751,1.1188,1.2593
0.7374,14.8802,0.4028,combined,1.7953,4.1000,0.7374,-0.6304,0.3826,0.7420,0.3095,0.4260
1.0720,6.5061,1.6872,path,6.3459,6.2600,0.0276,-0.4816,0.9578,1.8957,1.3853,1.3778
0.2680,0.1786,1.2829,path,3.6004,5.5000,0.0231,-0.2602,0.0640,1.4132,1.0603,1.1478
0.4616,15.9431,0.4166,path,2.5304,6.3800,0.0083,0.2495,0.3883,0.8029,0.4706,0.4160
0.1286,14.5451,0.1180,path,2.1916,6.8600,0.0065,-0.0096,0.1282,1.2680,0.3396,0.3257
0.3427,9.4009,0.0966,lateral,0.2666,7.6400,0.2112,-0.0982,0.3284,0.2310,0.0924,1.0746
0.3361,0.1350,0.1041,turn,0.0000,6.5600,0.0000,nan,nan,0.4435,0.1230,0.0000
0.4332,2.2739,0.0639,straight,1.1951,7.7600,0.4308,-0.4014,0.1628,0.3893,0.1475,0.0000
0.5215,5.4846,0.0396,combined,0.6345,5.7200,0.5215,-0.5211,0.0217,0.2263,0.1032,1.3140
0.5214,4.9303,0.1257,combined,1.2085,6.2200,0.5102,-0.4499,0.2636,0.6325,0.2006,1.2323
0.2472,0.0325,0.7570,path,2.9940,5.1600,0.0220,0.0694,0.2372,1.2429,0.9574,1.0996
0.5610,14.5747,0.6886,path,3.4817,6.1800,0.0149,-0.5175,0.2166,1.2300,0.6720,0.7444
0.3431,1.7198,0.0760,turn,0.0000,5.0200,0.0000,nan,nan,0.3107,0.1284,0.7517
0.2233,9.8169,0.8218,path,3.0538,4.7000,0.0130,-0.0158,0.2228,1.2411,0.6699,0.6508
0.4070,1.7904,0.0376,straight,0.4539,7.4600,0.0115,0.4068,0.0131,0.6835,0.1826,0.0000
0.6085,0.0811,1.1295,path,3.9435,5.4000,0.0177,-0.6066,0.0474,1.3649,0.6905,0.8870
0.6686,7.7304,0.1218,combined,1.5571,4.6200,0.2569,0.5580,0.3682,1.6480,0.6001,0.3326
0.7129,16.8675,0.2994,path,1.7485,6.1200,0.0284,-0.6754,0.2283,1.5606,0.8187,1.4181
0.3103,0.0575,0.1036,turn,0.0000,4.2800,0.0000,nan,nan,0.6238,0.1754,0.8349
0.3427,5.2251,0.0767,combined,1.2526,6.2600,0.3427,-0.2624,0.2205,0.4188,0.1964,0.3631
0.2979,1.6894,0.7464,path,0.9438,4.4800,0.0160,-0.2206,0.2002,1.0488,0.6144,0.7992
0.5944,23.5821,0.1840,combined,1.9254,5.3400,0.5944,-0.5927,0.0452,0.5285,0.2495,0.7635
0.3832,0.0756,0.0819,turn,0.0000,5.1200,0.0000,nan,nan,0.3278,0.1171,0.5222
0.1738,6.7883,1.3577,path,0.7594,7.1200,0.0117,-0.0549,0.1650,1.3963,0.9775,1.0892
0.3755,0.2800,0.0720,turn,0.0000,4.5200,0.0000,nan,nan,0.2766,0.1220,0.8073
0.3085,1.4108,1.1838,path,6.6384,7.8000,0.0237,-0.0996,0.2920,1.3859,1.1213,1.1867
0.4144,6.8370,0.0746,combined,2.2522,7.5600,0.4144,-0.1089,0.3998,1.1019,0.3792,0.4224
0.4102,5.2877,0.5875,path,3.6304,6.2000,0.0117,-0.2853,0.2947,0.8422,0.5487,0.5856
0.3132,9.7555,0.1535,turn,0.0000,5.6200,0.0000,nan,nan,0.2710,0.1025,1.3307
0.3926,7.7688,0.1042,straight,1.9128,7.6000,0.3926,-0.3913,0.0323,0.6470,0.2400,0.7739
0.4033,0.1449,0.1365,turn,0.0000,6.7200,0.0000,nan,nan,0.2471,0.1108,0.9191
0.2979,2.4304,0.0330,lateral,0.2544,5.9600,0.2245,0.0185,0.2973,0.2789,0.1023,0.7610
0.8475,24.8563,0.8611,path,4.1644,4.0400,0.0248,-0.8452,0.0628,1.4203,0.8802,1.2460
0.3537,7.8983,0.3693,path,2.3019,5.2800,0.0095,-0.0254,0.3528,1.1126,0.5666,0.4740
0.8956,3.9630,1.3736,path,2.8930,5.7600,0.0214,0.1252,0.8868,1.6586,1.0027,1.0702
0.3905,0.4945,0.7549,path,2.3211,6.6400,0.0095,0.0559,0.3865,1.2210,0.5320,0.4774
0.3129,14.7978,0.0812,lateral,0.9909,7.4200,0.3106,-0.2802,0.1391,0.3791,0.1200,0.9157
0.7499,13.5485,0.1772,combined,1.8273,4.8800,0.7176,-0.1170,0.7407,0.7927,0.4097,1.0727
0.5224,11.1053,0.1167,lateral,0.6207,5.8000,0.5215,-0.4079,0.3264,0.3612,0.1282,0.8560
0.3014,1.0960,0.0699,combined,0.5136,7.7000,0.2899,0.0738,0.2922,0.4366,0.1396,0.0000
0.3113,0.6790,0.4213,path,1.5137,5.4200,0.0063,-0.0245,0.3104,0.6591,0.3399,0.3166
0.3314,2.5680,0.6627,path,2.5570,7.5400,0.0139,-0.2738,0.1866,0.8979,0.5769,0.6974
0.5367,5.6034,0.1574,straight,1.0640,5.0200,0.0090,0.5354,0.0374,1.5588,0.5455,0.0000
0.7185,10.4265,1.4595,path,4.4160,4.3400,0.0392,-0.3304,0.6380,1.7688,1.2881,1.2643
0.2588,3.8913,0.3272,path,2.4494,5.3600,0.0095,-0.0811,0.2457,1.4068,0.6047,0.4758
0.3818,2.3518,0.1299,lateral,1.0770,4.6600,0.3803,-0.0614,0.3768,0.5853,0.2363,0.6825
0.3829,15.7955,1.1835,path,2.1057,4.3600,0.0157,0.3688,0.1028,1.4610,0.9910,0.7831
0.8149,23.1567,0.1345,combined,1.7885,4.2200,0.8149,-0.7802,0.2353,0.5657,0.2883,0.4743
0.2937,10.0769,1.0332,path,4.9217,4.5400,0.0237,-0.2924,0.0276,1.6988,1.0930,1.1838
0.5624,126.1359,1.3650,path,5.5806,4.8200,0.0277,-0.4946,0.2677,1.8862,1.2651,1.3968
0.5886,4.6440,0.1338,straight,1.6199,5.2600,0.5875,-0.5777,0.1130,0.5062,0.2358,0.5426
0.5854,4.9945,0.1580,combined,1.5824,4.6400,0.5854,-0.5813,0.0690,0.5965,0.2874,1.0979
0.2117,5.0558,0.8763,path,2.5776,5.4600,0.0162,-0.2105,0.0222,1.3068,0.7658,0.8103
0.1790,5.4679,0.8432,path,3.6942,4.2000,0.0176,-0.1450,0.1050,1.5367,1.0025,0.8816
0.3586,11.6658,0.1565,path,2.0214,4.0600,0.0101,-0.2021,0.2962,0.8331,0.4478,0.5063
0.5411,9.7179,0.0884,turn,0.0000,4.9200,0.0000,nan,nan,0.6077,0.1620,1.3114
1.6799,11.9942,0.6231,path,1.8280,4.1400,0.0194,1.3498,1.0000,1.4523,0.8704,0.9667
0.3605,5.6776,0.0224,combined,1.0725,6.3200,0.3552,-0.3585,0.0374,0.7026,0.2008,0.3335
0.3008,0.7371,0.4900,path,2.6645,4.5600,0.0063,-0.0565,0.2954,1.5759,0.9805,1.0697
0.4999,9.9869,0.0636,straight,1.8885,5.3600,0.4297,0.4094,0.2869,1.5810,0.5975,0.0000
0.5387,5.9957,0.0288,combined,2.4148,7.9200,0.5378,-0.4028,0.3577,0.7651,0.2803,0.0000
0.0371,5.7316,0.9861,path,2.1154,4.9600,0.0062,-0.0223,0.0297,1.2700,0.5558,0.5130
0.6338,8.2716,0.0432,path,2.6580,4.6000,0.0138,-0.6321,0.0464,1.5496,0.6225,0.6887
0.3314,6.0986,0.0696,straight,0.9631,6.7400,0.1169,0.3295,0.0363,1.2262,0.3189,0.8403
0.5957,1.9195,0.2358,straight,0.6445,4.9200,0.0527,0.5859,0.1077,1.0268,0.4177,0.3605
0.4720,8.7868,0.0582,turn,0.0000,4.2000,0.0000,nan,nan,0.6977,0.1472,0.3819
1.0911,2.4127,1.0311,path,6.2778,7.5600,0.0272,0.8002,0.7418,1.5996,1.1664,1.3576
0.2638,6.9222,0.7541,path,2.7160,5.0400,0.0115,-0.2292,0.1307,0.7248,0.5162,0.5728
1.0215,0.3262,0.6264,path,2.7389,4.0000,0.0292,-0.9146,0.4548,1.5165,0.8223,1.4592
0.3253,1.3625,0.7546,path,3.0239,4.4400,0.0137,-0.3094,0.1007,1.0656,0.6236,0.6865
0.5836,4.1588,0.1066,combined,1.0818,5.8800,0.3056,0.3891,0.4350,1.5520,0.4947,0.0000
0.4249,3.0996,0.1222,straight,1.5031,4.5200,0.0961,0.4195,0.0677,1.3568,0.5442,0.0000
0.3809,3.8777,0.0772,turn,0.0000,7.9600,0.0000,nan,nan,0.6496,0.1169,0.0000
0.5859,16.3246,0.1450,combined,1.8739,5.3600,0.5859,0.3347,0.4808,1.5202,0.4927,1.2560
0.2214,22.1727,0.3200,path,2.4784,7.1800,0.0069,-0.1452,0.1671,0.8887,0.4203,0.3471
0.4146,4.9020,0.0447,turn,0.0000,5.9000,0.0000,nan,nan,0.4769,0.1281,0.6620
0.3303,1.9625,0.1533,lateral,0.9694,5.6400,0.3270,-0.2120,0.2532,0.4482,0.1614,0.9329
0.5320,5.6523,0.1407,straight,1.5091,4.1400,0.5320,-0.5034,0.1721,0.4579,0.2632,0.9259
0.7353,15.0166,0.0538,combined,1.2757,4.0000,0.7346,-0.5683,0.4666,0.6852,0.2589,0.4843
0.2718,0.8660,0.1248,straight,1.3427,5.1400,0.2718,-0.2510,0.1042,0.4796,0.2347,1.0698
0.9471,6.8503,0.9824,path,5.0071,5.4800,0.0208,-0.8870,0.3321,1.2433,0.8014,1.0413
0.3030,0.7835,0.1434,turn,0.0000,5.4200,0.0000,nan,nan,0.2851,0.1125,0.0000
0.0254,0.6455,0.0267,stand,0.0000,6.3200,0.0000,nan,nan,0.1395,0.0493,0.8859
0.1710,5.5004,0.6801,path,3.0819,6.9200,0.0103,-0.1177,0.1241,1.0908,0.5131,0.5265
0.3532,15.0484,0.0488,combined,1.6427,6.3200,0.3532,-0.3117,0.1662,0.5855,0.2409,0.4595
0.3040,0.7499,0.4140,path,3.1406,7.4200,0.0142,-0.2661,0.1470,1.3857,0.5813,0.7100
0.4049,2.2157,0.1121,turn,0.0000,4.9800,0.0000,nan,nan,0.6150,0.1201,0.8034
0.3466,14.1032,0.0726,lateral,0.6330,5.3800,0.3453,-0.1830,0.2944,0.3496,0.1239,0.7309
0.4536,1.7174,0.0781,combined,0.7732,6.9400,0.4516,-0.1254,0.4359,0.3924,0.1376,1.2050
0.2926,2.2262,0.1212,turn,0.0000,7.6000,0.0000,nan,nan,0.7956,0.1379,0.3110
0.3897,11.8281,0.3629,path,3.3764,6.7600,0.0129,0.1487,0.3602,1.2551,0.6705,0.6472
1.0952,6.4097,1.7731,path,3.1788,4.8800,0.0269,-0.3059,1.0516,1.7172,1.0286,1.3529
0.4920,16.6843,0.2506,combined,1.8175,4.8800,0.4920,-0.3487,0.3471,1.0474,0.3764,1.0086
0.5370,1.9435,0.1478,lateral,0.9507,7.0200,0.5370,-0.1111,0.5254,0.4827,0.1614,0.0000
0.3858,6.8763,0.1152,lateral,1.3125,7.2800,0.3856,-0.1527,0.3543,0.5581,0.1812,0.0000
0.4364,0.0915,0.0236,combined,0.2020,6.3600,0.1797,-0.4304,0.0724,0.5800,0.1178,1.2068
0.2412,4.9703,0.3906,path,1.0723,7.3400,0.0016,-0.1979,0.1379,1.0404,0.4040,0.4278
0.1585,10.8560,0.1972,path,2.5050,4.1000,0.0140,-0.0480,0.1511,1.2750,0.6647,0.6628
0.3137,6.9079,0.0630,straight,0.4281,4.2000,0.3137,-0.3132,0.0170,0.2222,0.0898,0.0000
0.3674,0.7525,0.0407,turn,0.0000,5.9000,0.0000,nan,nan,0.2634,0.1051,1.0665
0.2833,2.9847,0.1557,turn,0.0000,4.2400,0.0000,nan,nan,0.2753,0.1256,0.4927
0.5442,6.0008,1.0122,path,4.3625,7.1200,0.0210,-0.3594,0.4086,1.1667,0.8599,1.0502
0.5687,2.9920,0.0983,combined,1.5372,4.8600,0.5687,-0.5683,0.0229,0.5652,0.2743,1.1180
0.4098,2.2276,1.1022,path,3.0744,5.1400,0.0233,-0.3907,0.1236,1.2995,1.0310,1.1604
0.7198,3.1990,1.3629,path,3.8495,7.2400,0.0224,0.6847,0.2221,1.6407,1.2965,1.1210
0.2638,5.9775,0.0643,turn,0.0000,6.5200,0.0000,nan,nan,0.6355,0.1309,0.6540
0.6117,9.8487,1.2764,path,0.6803,5.7600,0.0197,-0.6116,0.0151,1.5679,0.7400,0.9863
0.2889,3.1716,0.7956,path,4.9929,7.2800,0.0182,-0.2129,0.1952,1.3819,0.8444,0.9111
0.4328,0.4041,0.1393,straight,1.9986,6.4000,0.4328,-0.4119,0.1330,0.6873,0.2769,0.5300
0.9220,60.0340,0.4860,path,3.7329,6.9400,0.0136,0.0502,0.9207,1.3381,0.6588,0.6968
0.4587,2.1265,0.0374,stand,0.0000,4.9400,0.0000,nan,nan,0.7015,0.1908,0.6423
0.7743,13.4587,0.2561,combined,1.3002,4.8200,0.7743,-0.6370,0.4402,0.8924,0.2552,0.5697
0.9666,23.1775,0.3975,path,3.3325,4.2000,0.0189,-0.4776,0.8404,1.5694,0.7966,0.9702
1.1858,13.5951,1.1747,path,4.5813,4.2400,0.0275,-0.9473,0.7134,1.9568,1.1689,1.3730
0.3543,11.3947,0.0940,lateral,1.0983,7.0800,0.3496,-0.2429,0.2579,0.3819,0.1411,0.8859
0.3397,4.4645,0.1250,combined,2.0081,5.4400,0.3397,-0.2957,0.1674,0.5967,0.3309,0.3161
0.3014,2.6063,0.0781,turn,0.0000,4.2800,0.0000,nan,nan,0.6199,0.1314,0.7407
0.4729,3.6161,1.2708,path,4.3347,5.6000,0.0225,-0.2109,0.4233,1.3831,1.0322,1.1171
0.4878,0.3226,1.1975,path,2.2271,7.7000,0.0089,0.0582,0.4843,1.3845,0.8023,1.0774
0.0467,1.2078,0.0319,stand,0.0000,6.2400,0.0000,nan,nan,0.1151,0.0356,1.0989
0.6017,11.0458,0.8691,path,1.3307,6.7800,0.0194,-0.2359,0.5535,1.2122,0.7189,0.9681
0.3422,9.7361,0.0238,turn,0.0000,5.5400,0.0000,nan,nan,0.8504,0.1558,1.2498
0.4170,4.4348,0.1010,straight,0.2155,7.2000,0.0425,0.3716,0.1893,0.5050,0.1560,0.9695
0.2389,15.1424,0.4202,path,1.9752,7.9200,0.0069,0.1400,0.1936,0.8735,0.4301,0.3723
0.3962,3.1642,0.1070,turn,0.0000,5.6400,0.0000,nan,nan,0.3871,0.1099,0.7185
0.1300,2.9344,0.0648,lateral,0.0997,6.6200,0.0997,0.0114,0.1295,0.2188,0.0808,1.0028
0.7418,7.1588,0.5011,path,2.9240,4.0000,0.0170,-0.7357,0.0955,1.6101,0.6301,0.8480
0.3364,5.5286,0.0543,lateral,0.2201,4.7800,0.2148,-0.1708,0.2899,0.2297,0.1019,1.0557
0.3641,7.9754,0.5145,path,2.0580,7.2000,0.0065,0.2954,0.2128,0.7625,0.4009,0.3229
0.4607,3.8921,0.8695,path,3.3153,7.6600,0.0185,-0.3145,0.3367,1.3818,0.8858,0.9293
0.7908,3.0577,0.9196,path,2.0365,5.1200,0.0246,-0.3897,0.6881,1.4262,0.8861,1.2312
0.9411,15.8261,0.5896,path,3.9460,5.8000,0.0196,0.7894,0.5122,1.5105,0.9151,0.9769
0.2384,0.8449,0.0388,turn,0.0000,6.9600,0.0000,nan,nan,0.3024,0.1120,0.5930
0.1930,7.2108,1.0177,path,6.2728,7.0000,0.0221,-0.1650,0.1002,1.6083,1.0378,1.1048
0.6535,11.5534,0.1712,path,4.8829,7.8600,0.0136,-0.6249,0.1910,1.3522,0.5984,0.6778
1.3927,14.5915,0.7073,path,5.9491,7.2600,0.0253,-1.2099,0.6897,1.3948,0.8821,1.2626
0.7211,11.0660,0.1732,lateral,1.3672,5.9600,0.7211,-0.6007,0.3990,0.4304,0.1511,1.3082
0.3142,2.9360,0.0663,straight,0.0347,6.8400,0.0258,0.3076,0.0638,0.2695,0.1127,0.8513
0.1769,2.5978,1.0719,path,2.7603,6.5800,0.0042,0.0437,0.1714,1.3907,0.6251,0.4633
0.5494,1.7198,0.1259,straight,1.9699,5.9400,0.5494,-0.5483,0.0348,0.5379,0.2639,0.4227
0.4220,0.0038,0.0844,lateral,0.9473,5.0800,0.4220,-0.2503,0.3398,0.4713,0.1694,0.6027
0.7948,17.5186,1.1776,path,5.8096,5.7800,0.0251,-0.7946,0.0190,1.5039,1.0311,1.2549
0.4099,11.1894,0.0350,combined,1.4627,6.9800,0.4049,-0.4047,0.0646,0.4865,0.1871,0.8049
0.3217,6.3247,0.1403,combined,2.0364,7.2800,0.3217,-0.3077,0.0940,0.6081,0.2576,0.9415
0.5895,9.8228,0.7434,path,2.7067,6.7600,0.0254,-0.5076,0.2997,1.3910,1.0477,1.2718
0.2433,2.8093,0.3295,path,2.2667,5.9400,0.0081,-0.1524,0.1897,1.2264,0.4147,0.4034
0.7832,4.7774,1.0553,path,4.1591,4.0600,0.0242,0.0800,0.7791,1.4952,1.1527,1.1793
0.3464,9.8483,0.1247,straight,0.1407,6.7800,0.1407,-0.3460,0.0166,0.2217,0.0922,0.3430
0.7115,5.9007,0.8670,path,1.0076,5.3600,0.0194,-0.5613,0.4373,1.2600,0.6985,0.9733
0.1770,3.7092,0.3973,path,2.8573,7.6400,0.0098,0.0558,0.1680,1.3006,0.5489,0.4914
1.6028,6.2811,0.4749,path,1.1062,5.9400,0.0271,-1.4686,0.6419,1.1369,0.5010,1.3503
0.4690,9.2432,0.6955,path,4.0602,5.2200,0.0175,-0.4395,0.1637,1.3056,0.8301,0.8749
0.7702,1.2445,1.5336,path,2.8542,6.6800,0.0249,-0.0739,0.7666,1.9003,1.2729,1.3914
0.8561,0.2158,1.5942,path,2.5749,5.4800,0.0283,-0.8342,0.1925,1.6158,0.8256,1.4163
0.3071,13.6158,0.4267,path,3.2855,6.4000,0.0103,-0.0495,0.3031,1.1336,0.5978,0.5139
0.5436,7.9705,0.0327,turn,0.0000,4.9800,0.0000,nan,nan,0.5550,0.1479,0.8886
0.3288,4.4730,0.0255,turn,0.0000,6.9800,0.0000,nan,nan,0.2996,0.0947,0.7059
0.3944,2.9919,0.1472,straight,0.7987,7.0800,0.0449,0.3920,0.0439,1.2163,0.2529,0.3058
0.2597,4.0521,0.5112,path,1.8211,5.7800,0.0065,0.1141,0.2333,0.9038,0.4264,0.3255
0.3160,8.4717,1.2759,path,3.6290,7.2000,0.0187,-0.0375,0.3138,1.8158,1.0661,1.0395
0.3591,14.6641,0.2796,path,1.6649,4.6400,0.0024,0.1313,0.3342,1.3607,0.6582,0.4654
0.5438,5.7127,0.1867,combined,1.4538,4.9200,0.5438,-0.5112,0.1853,0.4959,0.2635,0.6566
0.2290,10.3578,0.0896,lateral,0.8499,6.0400,0.2290,-0.2289,0.0077,0.3564,0.1157,0.3598
0.5177,0.7896,0.0923,turn,0.0000,6.8400,0.0000,nan,nan,0.6132,0.1267,0.6105
0.4047,6.8834,0.2370,lateral,0.3525,5.8600,0.3013,-0.0022,0.4047,0.3491,0.1364,0.4617
0.4776,11.7396,0.2737,combined,1.5044,6.5800,0.4759,-0.1905,0.4379,0.6231,0.2475,0.4726
0.4342,4.4221,0.1835,straight,1.2316,4.7800,0.4342,-0.4342,0.0070,0.4242,0.2011,0.5081
0.4262,5.7756,0.8288,path,2.6431,4.7000,0.0197,-0.4261,0.0025,1.2247,0.7075,0.9846
0.7454,11.4618,0.2867,path,3.4574,7.3800,0.0133,-0.7451,0.0224,1.0235,0.5609,0.6662
0.1821,7.0808,0.7772,path,2.1995,5.7000,0.0156,0.0140,0.1816,1.1015,0.8030,0.7813
0.6750,2.8962,0.0970,turn,0.0000,5.7000,0.0000,nan,nan,0.4674,0.1800,0.5044
0.7209,10.1213,0.9155,path,3.3635,5.4800,0.0247,-0.4453,0.5669,1.6044,0.9177,1.2326
0.3674,6.5779,0.1213,combined,1.6174,6.8400,0.3642,-0.2360,0.2816,0.5942,0.2011,1.2072
0.1256,10.3920,0.0417,stand,0.0000,4.8800,0.0000,nan,nan,0.3198,0.0674,0.5639
0.3146,10.3536,0.3899,path,4.7512,7.0800,0.0136,0.2726,0.1571,1.4803,0.7411,0.6794
0.8955,18.5958,0.4193,path,3.9516,4.7000,0.0200,-0.7782,0.4431,1.5543,0.7293,0.9197
1.0785,4.8863,1.1999,path,2.9243,7.5800,0.0235,-0.5458,0.9302,1.2850,0.8612,1.1810
0.7766,7.7782,0.9375,path,4.4241,7.2800,0.0191,0.7579,0.1696,1.8157,0.9522,0.9509
0.2101,4.3942,0.0370,straight,0.4932,7.7000,0.0215,0.1869,0.0960,0.7661,0.2151,0.8888
0.2883,5.4079,0.2062,path,1.5106,4.4400,0.0072,-0.2151,0.1919,0.6937,0.3312,0.3580
0.2914,16.8124,1.3869,path,2.8492,7.3400,0.0249,0.1776,0.2310,1.7132,1.2102,1.2437
0.2817,6.0988,0.9090,path,1.0668,6.5000,0.0257,-0.1550,0.2352,1.3563,0.6942,1.2834
0.3481,7.1536,0.1476,combined,0.9130,7.6000,0.3448,-0.2986,0.1789,0.4257,0.1632,0.3713
1.1191,21.6006,0.5827,path,5.9380,6.6200,0.0289,-1.0214,0.4572,1.6727,1.1067,1.4468
0.2662,4.9770,1.0496,path,2.0550,5.5400,0.0109,0.2584,0.0641,1.1557,0.7446,0.5505
0.3756,2.5726,0.0626,straight,1.6289,6.7400,0.3657,-0.3296,0.1800,0.4706,0.2265,0.5939
0.6712,0.0116,0.0472,combined,0.7160,5.5400,0.4591,0.4243,0.5201,0.9484,0.3168,0.5851
0.2016,9.6551,0.0324,turn,0.0000,7.8400,0.0000,nan,nan,0.4368,0.0929,0.8113
0.3869,8.1177,0.0846,lateral,1.0487,4.7400,0.3824,-0.2800,0.2669,0.4807,0.1827,0.6816
0.4623,15.5059,0.2063,combined,1.5649,4.3400,0.4623,-0.3948,0.2405,0.5870,0.2645,0.4260
0.3534,11.4591,0.0798,combined,2.3672,7.1800,0.3534,-0.3453,0.0752,0.6888,0.2972,1.1918
0.5896,15.7364,0.6404,path,1.6220,7.4800,0.0072,0.5489,0.2152,0.9718,0.4935,0.3577
0.0577,1.5476,0.0402,stand,0.0000,4.5600,0.0000,nan,nan,0.1476,0.0422,0.3261
0.3971,0.8219,1.2094,path,3.4566,6.2600,0.0184,-0.3777,0.1227,1.6006,0.8356,0.9161
0.5103,10.4552,0.0226,combined,1.3123,5.4200,0.5015,-0.3651,0.3564,0.4653,0.1970,0.3971
0.2875,5.4463,0.1840,straight,0.6875,7.0200,0.2740,-0.2867,0.0221,0.3125,0.1119,0.5999
0.2372,3.2077,0.5298,path,2.6015,4.7600,0.0223,0.0028,0.2372,1.2620,0.8180,1.1053
0.0492,3.8311,0.2985,path,0.9573,4.2200,0.0072,-0.0323,0.0372,0.9114,0.4022,0.3592
0.4846,2.7914,0.0383,straight,0.7893,4.5000,0.4846,-0.4727,0.1064,0.2397,0.1168,1.3140
0.5731,0.5162,0.5256,path,1.9764,7.2000,0.0094,-0.5706,0.0536,0.6768,0.3275,0.4695
0.7053,17.5628,0.1264,path,1.6469,4.9200,0.0071,0.6584,0.2528,1.4395,0.6261,0.3528
0.5052,5.3983,0.0585,lateral,0.7665,6.0000,0.5044,-0.2389,0.4451,0.4181,0.1475,1.0360
0.4167,9.8229,0.1293,straight,1.0609,7.0400,0.0583,0.4167,0.0017,1.4380,0.3798,0.9710
1.3379,21.7303,1.4066,path,5.3502,6.8200,0.0270,-1.0404,0.8411,1.7341,0.9574,1.3499
0.8626,0.5529,1.3012,path,2.7008,5.4400,0.0284,-0.7894,0.3478,1.5166,1.0263,1.4314
0.1084,2.0879,0.1786,turn,0.0000,5.3600,0.0000,nan,nan,0.3241,0.1101,0.3420
0.2310,3.7988,0.0452,lateral,0.2361,5.0200,0.2292,-0.1375,0.1857,0.2360,0.0963,0.8427
0.4460,4.7451,0.2109,straight,1.1416,4.7000,0.0318,0.4300,0.1183,1.1453,0.3886,0.0000
0.3694,6.3049,0.3369,path,2.3642,7.9000,0.0180,0.2785,0.2427,1.4141,0.6968,0.9082
0.4979,6.8234,1.1605,path,5.1501,4.7000,0.0251,-0.2889,0.4055,1.5998,1.2075,1.2548
0.8074,19.3265,0.2922,path,2.8154,5.1800,0.0282,0.7229,0.3597,1.5711,0.8617,1.4043
0.3700,3.8623,0.0785,turn,0.0000,5.1000,0.0000,nan,nan,0.6595,0.1329,0.8361
0.4707,7.9087,0.1615,path,1.1194,4.1600,0.0076,-0.4688,0.0431,0.6630,0.2250,0.3806
0.2749,7.8947,0.2542,combined,1.1590,4.6000,0.2749,-0.2016,0.1869,0.4715,0.2273,0.8349
0.6237,5.0173,0.0858,stand,0.0000,5.3200,0.0000,nan,nan,0.8865,0.1853,1.0494
0.4856,115.0242,0.7374,path,5.1248,7.4600,0.0147,-0.0698,0.4806,0.9768,0.6934,0.7325
0.5879,17.4626,0.1765,combined,2.0703,6.6200,0.5879,-0.5358,0.2421,0.6080,0.2326,0.4485
1.2215,7.3809,1.5830,path,5.5977,6.1600,0.0268,-0.5751,1.0777,1.7349,1.2202,1.3049
0.4948,4.5618,0.1046,straight,0.5967,4.3200,0.0493,0.4841,0.1024,1.0886,0.3640,0.9157
0.3777,17.0513,0.0352,lateral,1.0171,4.8600,0.3734,-0.3457,0.1523,0.4019,0.1651,0.7517
0.4329,0.7329,0.0927,turn,0.0000,4.4800,0.0000,nan,nan,0.5985,0.1598,0.7610
0.8495,2.3236,0.9246,path,3.9721,6.5000,0.0126,-0.5871,0.6140,1.6321,0.6366,0.6290
0.9246,2.4457,0.7444,path,0.7250,4.4000,0.0225,-0.3789,0.8434,1.1607,0.5902,1.1234
0.2114,0.2206,0.8701,path,2.7241,4.3800,0.0126,-0.1813,0.1086,1.0353,0.6242,0.6285
0.3086,5.1251,0.0161,turn,0.0000,4.0000,0.0000,nan,nan,0.3320,0.1127,0.0000
0.2937,3.9444,0.0586,turn,0.0000,4.8200,0.0000,nan,nan,0.6915,0.1897,0.4224
0.4243,0.7107,0.0224,straight,0.8161,4.7600,0.4204,-0.4224,0.0403,0.2728,0.1331,0.9191
0.3540,0.6025,0.5904,path,5.1646,7.8400,0.0152,-0.3536,0.0169,1.0569,0.7007,0.7581
1.2661,6.3329,0.3078,path,0.9892,5.7200,0.0290,-1.1396,0.5517,0.9418,0.4646,1.4488
0.2977,8.9226,0.2520,path,1.5248,4.9400,0.0070,0.1682,0.2456,1.2491,0.4883,0.3496
0.4167,1.9929,0.0397,stand,0.0000,6.4200,0.0000,nan,nan,0.4159,0.1032,0.6277
0.4919,1.7870,0.1108,straight,0.6935,7.4000,0.0089,0.4880,0.0614,1.3902,0.3047,0.5247
0.5660,6.3587,0.7396,path,4.9065,7.7800,0.0165,-0.5226,0.2173,1.4270,0.7550,0.8276
0.6010,13.6021,1.1540,path,7.6347,6.0400,0.0261,-0.5989,0.0501,1.5740,1.2283,1.2994
0.4484,3.3564,0.1112,lateral,1.3909,4.3200,0.4410,-0.4169,0.1652,0.5811,0.2643,1.3114
1.0418,50.1119,1.1260,path,3.0790,6.3000,0.0002,0.9633,0.3968,1.3177,0.8996,0.7395
0.3350,7.0426,0.0442,turn,0.0000,4.2200,0.0000,nan,nan,0.3554,0.1345,0.0000
0.3936,5.6085,0.0980,straight,0.1294,6.0200,0.1294,-0.2987,0.2563,0.2833,0.1060,0.8818
0.2392,5.7970,0.0519,lateral,0.3429,4.1400,0.2326,-0.1764,0.1615,0.2495,0.0896,0.8403
1.2329,4.8976,1.0686,path,5.6511,6.8800,0.0299,-1.2138,0.2161,1.5902,1.0571,1.4867
0.3640,4.3714,0.0636,combined,1.8013,6.0600,0.3640,-0.3242,0.1656,0.6737,0.2876,0.6474
0.3815,0.9133,0.1596,straight,0.4909,7.2600,0.3523,-0.3708,0.0900,0.2826,0.0989,1.1552
0.4711,5.3521,0.6362,path,1.7163,5.3200,0.0066,0.3486,0.3168,0.8085,0.4335,0.3325
0.4083,7.9780,0.1172,lateral,1.1925,6.8400,0.4054,-0.2698,0.3064,0.4180,0.1554,1.2551
0.0430,0.8739,0.0303,stand,0.0000,5.8200,0.0000,nan,nan,0.1769,0.0382,1.2638
0.4579,0.6563,0.0612,turn,0.0000,4.0600,0.0000,nan,nan,0.4944,0.1481,0.6620
0.4081,0.2400,0.3525,path,2.4343,5.7400,0.0088,-0.3265,0.2449,0.5976,0.3890,0.4404
0.4277,3.9185,0.0736,combined,0.6183,5.5800,0.4200,-0.2074,0.3740,0.5118,0.1184,0.3326
0.1848,2.1658,0.0118,straight,0.6182,7.8200,0.0184,0.1816,0.0345,0.8909,0.2153,0.4458
0.3954,0.4653,0.1198,straight,1.0677,7.4800,0.1326,0.3927,0.0457,1.1651,0.3160,0.3159
0.4354,1.0440,0.1656,combined,1.9842,6.4600,0.0915,0.3998,0.1724,1.6871,0.4860,0.0000
0.4760,2.4875,0.0791,combined,2.1539,6.2400,0.4692,-0.4378,0.1868,0.6362,0.3029,0.0000
0.5210,17.9647,0.0955,path,3.5214,5.4200,0.0249,0.3122,0.4172,1.5757,0.8764,1.2567
0.1842,5.5976,0.6086,path,2.3908,4.0200,0.0119,-0.1836,0.0144,0.9831,0.6291,0.5941
0.2792,11.2031,0.1263,combined,0.6184,5.9600,0.2792,-0.0766,0.2685,0.5154,0.1698,1.0746
0.3692,8.1476,0.2591,lateral,1.0231,4.2200,0.3692,-0.2410,0.2797,0.4847,0.2015,1.2050
0.3194,2.9764,0.0403,straight,0.4903,7.3200,0.0335,0.3049,0.0951,0.6907,0.1885,0.9896
0.3882,3.4401,0.1030,straight,0.9332,6.0200,0.0096,0.3838,0.0584,1.2307,0.3533,1.2323
0.6866,0.5477,0.2290,path,3.0007,6.6600,0.0247,0.2489,0.6400,1.4705,0.7993,1.2318
0.6599,18.0079,0.5790,path,1.4749,5.0800,0.0159,-0.0144,0.6597,1.0038,0.4371,0.7934
0.1271,9.2311,1.4603,path,5.0182,6.5400,0.0159,0.0936,0.0859,1.6014,0.8897,0.7660
0.5046,2.2298,0.1506,path,3.9821,5.2600,0.0171,-0.4900,0.1203,1.6800,0.7873,0.8533
1.7725,20.8464,1.5472,path,4.9337,4.6800,0.0244,-1.3937,1.0952,1.7417,1.0993,1.5313
0.3642,3.7516,0.0607,combined,1.3871,7.8800,0.1481,0.3631,0.0277,1.2366,0.2932,1.1776
0.4482,4.3423,1.2352,path,6.9463,6.9400,0.0269,-0.4476,0.0233,1.6982,1.1907,1.3428
0.3225,6.0325,0.0723,straight,0.0961,6.8200,0.0961,-0.3182,0.0527,0.3041,0.0910,0.4322
0.2299,12.5050,0.0516,lateral,1.0471,7.0600,0.2299,-0.1769,0.1468,0.3907,0.1451,1.0222
0.4968,6.5205,0.1024,combined,0.5326,6.5400,0.4381,-0.4819,0.1206,0.2989,0.0969,1.1463
0.4536,2.5316,0.0265,turn,0.0000,4.6200,0.0000,nan,nan,0.5783,0.1376,0.7309
0.2342,12.2110,0.1920,path,1.3303,4.3200,0.0062,0.2085,0.1067,1.3179,0.6167,0.3094
0.5412,2.9585,0.0690,straight,0.6513,7.1200,0.5374,-0.5246,0.1331,0.1949,0.0815,1.0818
0.1661,2.9390,0.9131,path,3.5278,6.5200,0.0167,-0.1661,0.0029,1.6071,0.8901,0.8372
0.4992,5.5076,0.0951,straight,0.6852,4.4200,0.0561,0.4980,0.0341,1.0716,0.3345,1.0665
0.3290,0.1155,0.1127,turn,0.0000,4.4000,0.0000,nan,nan,0.2687,0.1195,1.1180
1.5198,28.7347,0.2751,path,5.4924,6.5600,0.0289,-1.0829,1.0663,1.9484,1.0767,1.4470
0.4704,6.3614,0.1474,lateral,1.2948,5.8000,0.4650,-0.2808,0.3774,0.6288,0.2067,0.8560
0.2291,8.1592,1.0999,path,2.5242,5.8800,0.0122,-0.1344,0.1855,1.5172,0.7992,0.6123
0.3225,1.3554,0.8048,path,3.4342,6.3800,0.0120,-0.2532,0.1998,1.0321,0.5454,0.5985
0.6390,4.5745,1.1612,path,5.5293,5.5200,0.0262,-0.5464,0.3314,1.4300,1.0878,1.3079
0.8876,15.3063,0.3557,path,0.1672,5.1800,0.0252,-0.8652,0.1983,1.2329,0.6473,1.2621
0.3975,31.1362,0.7851,path,3.0014,5.3000,0.0151,-0.1747,0.3570,1.2474,0.6443,0.7544
0.0709,6.6054,0.7526,path,4.3087,6.1800,0.0140,-0.0567,0.0427,1.0048,0.6994,0.6974
0.4852,5.0397,0.0720,straight,0.8945,5.6400,0.4787,-0.4785,0.0807,0.3121,0.1265,1.0979
0.2783,2.2486,0.1334,turn,0.0000,4.0000,0.0000,nan,nan,0.3539,0.1149,1.0557
0.5466,0.7798,0.0231,combined,1.0314,6.2000,0.5459,-0.2014,0.5082,0.6493,0.1979,0.7739
0.9109,10.4472,0.5131,path,2.6279,5.7600,0.0232,0.5585,0.7196,1.4714,0.7366,1.5175
0.1422,3.8543,0.2186,path,2.2685,6.9400,0.0067,0.1404,0.0227,1.2083,0.3687,0.3337
0.3270,3.7759,0.0326,straight,1.6573,6.8800,0.3270,-0.3124,0.0968,0.5395,0.2216,0.6152
0.4776,1.5956,0.0807,lateral,0.3794,7.3400,0.3645,-0.1064,0.4656,0.3337,0.1174,1.2818
0.2292,6.9637,0.1267,lateral,1.1033,7.0200,0.2162,-0.0493,0.2238,0.4889,0.1709,0.7375
0.3692,10.5899,0.3133,path,2.3102,7.5000,0.0063,0.1192,0.3494,1.2231,0.4308,0.3141
0.3942,1.5319,0.1617,straight,0.4423,6.7200,0.0196,0.3930,0.0309,0.6006,0.1895,0.0000
0.2712,2.4898,0.1632,turn,0.0000,7.1600,0.0000,nan,nan,0.2903,0.0967,0.9796
0.0019,0.0929,0.0324,stand,0.0000,7.5800,0.0000,nan,nan,0.1248,0.0355,0.5928
0.2006,9.5712,0.9005,path,2.9002,6.7400,0.0152,-0.1792,0.0900,1.1246,0.6964,0.7599
0.4715,0.2039,0.0382,lateral,0.1290,4.4400,0.1100,-0.0494,0.4689,0.3323,0.1444,0.5697
0.4768,13.7833,0.1466,combined,1.4891,6.8000,0.4758,-0.1894,0.4376,0.7504,0.2380,0.0000
0.5101,4.3231,0.1348,straight,1.7498,5.2400,0.0712,0.5101,0.0026,1.6164,0.6242,0.8859
0.5567,7.4143,0.0568,combined,2.0144,6.6000,0.5567,-0.5566,0.0093,0.5730,0.2672,0.8073
0.4307,1.8254,0.0132,turn,0.0000,7.4400,0.0000,nan,nan,0.2720,0.1027,1.1810
0.3469,3.9514,0.1617,lateral,1.2826,6.1000,0.2531,0.2199,0.2683,0.6356,0.2557,0.6825
0.1541,7.6148,0.3019,path,1.1206,4.3200,0.0067,-0.1466,0.0475,0.5325,0.2774,0.3331
0.3590,3.7043,0.8230,path,2.8553,5.0200,0.0013,0.2436,0.2637,1.0061,0.6380,0.6011
0.3139,11.7687,0.1660,combined,1.1438,6.5400,0.3089,-0.1558,0.2725,0.4683,0.1759,1.3307
0.4654,3.6279,0.1178,turn,0.0000,5.4600,0.0000,nan,nan,0.5158,0.1319,0.4843
0.4940,1.1301,1.2637,path,3.9584,6.9800,0.0249,0.4082,0.2782,1.7016,1.1280,1.2338
0.5415,6.2918,0.0790,combined,1.6468,6.3600,0.5381,-0.5174,0.1596,0.5533,0.2199,0.0000
0.2013,0.0268,0.8027,path,3.3108,4.3400,0.0156,-0.1405,0.1441,1.1823,0.7673,0.7785
0.4667,10.3266,0.1629,combined,0.3757,5.1200,0.1356,0.4183,0.2069,0.6604,0.1877,0.0000
0.2952,2.0468,0.8085,path,3.9347,4.3400,0.0079,-0.2242,0.1921,1.1762,0.8575,0.9080
0.1498,0.3945,1.0285,path,4.8905,7.7000,0.0146,-0.0137,0.1492,1.2094,0.7311,0.7307
0.4741,10.3456,0.4202,path,2.7881,4.4200,0.0126,-0.4001,0.2544,0.8186,0.5470,0.6311
0.4762,0.4384,0.1084,turn,0.0000,5.7600,0.0000,nan,nan,0.8544,0.2388,0.3605
1.0434,0.9442,0.5283,path,1.9347,7.5400,0.0226,-0.9900,0.3294,1.2122,0.5192,1.1292
0.3871,1.3130,0.0439,lateral,0.0298,5.7000,0.0233,0.0508,0.3837,0.2293,0.1112,0.0000
0.3835,4.0617,0.1435,combined,1.4816,5.7400,0.3822,-0.3238,0.2054,0.5197,0.2233,0.0000
0.4108,2.9194,0.0498,turn,0.0000,5.2200,0.0000,nan,nan,0.3040,0.1283,0.0000
0.2375,3.4999,0.9101,path,4.2312,7.8800,0.0198,-0.1316,0.1977,1.4253,0.8720,0.9845
0.2221,3.8885,0.7958,path,1.7684,4.9200,0.0156,0.1133,0.1910,1.3893,0.8194,0.7805
0.4872,3.0360,1.1429,path,1.5407,4.6600,0.0288,-0.3536,0.3352,1.5149,1.0460,1.4414
0.4408,5.8008,1.1200,path,2.9766,7.6600,0.0220,0.0049,0.4408,1.5072,1.0685,1.1011
0.2547,5.2558,0.4142,path,0.8482,7.3800,0.0030,-0.1994,0.1584,1.1728,0.5523,0.5323
0.5190,1.2063,0.9802,path,5.2978,7.3400,0.0168,-0.3907,0.3417,1.1390,0.7400,0.8407
0.5441,4.1357,0.1081,combined,2.2910,7.6600,0.5409,-0.1902,0.5098,1.4985,0.3496,0.7158
0.3362,1.3357,0.2146,lateral,0.8936,5.9600,0.3351,-0.1184,0.3146,0.4220,0.1533,0.3819
0.4766,7.5643,0.1591,straight,1.4534,5.6800,0.0157,0.4766,0.0063,1.6850,0.5466,0.0000
0.1101,3.3950,0.3713,path,3.0193,5.5800,0.0140,-0.0970,0.0522,1.1971,0.6745,0.6980
0.3741,1.7102,0.0876,turn,0.0000,4.8600,0.0000,nan,nan,0.5815,0.1229,0.6423
0.5266,15.1558,0.4368,path,2.5947,6.2000,0.0086,-0.2912,0.4388,1.5589,0.5039,0.4332
0.0142,1.8274,0.0217,stand,0.0000,6.2200,0.0000,nan,nan,0.1766,0.0388,0.3335
0.4850,7.0102,0.0303,turn,0.0000,4.0400,0.0000,nan,nan,0.5592,0.1870,0.8886
0.5073,3.5944,0.5092,path,3.1074,7.8800,0.0005,-0.3182,0.3951,0.7669,0.3715,0.4166
0.3511,4.3955,0.9453,path,1.0553,6.5600,0.0184,0.0637,0.3453,1.5217,1.0144,0.9216
0.3072,2.5785,0.6515,path,1.9829,6.9800,0.0152,-0.2747,0.1375,1.4510,0.7339,0.7581
1.4076,4.8649,1.4238,path,1.7773,7.1600,0.0291,-1.0744,0.9094,1.6679,0.8520,1.4518
0.2875,4.1520,0.4431,path,3.4427,7.8000,0.0154,-0.1486,0.2460,1.2819,0.6158,0.7685
0.5378,7.5998,0.0189,combined,0.8356,6.0800,0.2616,0.3013,0.4455,1.0164,0.2513,1.2560
0.0420,2.3042,0.0295,stand,0.0000,4.8000,0.0000,nan,nan,0.1457,0.0469,0.5930
0.2389,1.6083,0.0023,turn,0.0000,5.7000,0.0000,nan,nan,0.7450,0.1269,0.3110
0.5336,7.0114,1.0934,path,3.7074,4.2000,0.0208,-0.4940,0.2017,1.6332,1.1211,1.0432
0.7002,13.7465,0.4357,path,2.3657,4.4400,0.0111,-0.5323,0.4550,1.0028,0.4615,0.5549
0.3372,4.3487,0.1147,lateral,0.2970,6.8400,0.2811,-0.1888,0.2794,0.2091,0.0975,0.0000
0.4778,1.8752,0.0236,turn,0.0000,7.9200,0.0000,nan,nan,0.3405,0.1071,1.1470
