pos_err_m,heading_err_deg,final_speed_mps,category,start_dist_m,duration_s,min_dist_m,along_err_m,cross_err_m,peak_speed_mps,mean_speed_mps,cmd_speed_mps
1.1903,8.0180,1.6608,path,3.7280,4.0000,0.8083,-1.1822,0.1387,1.8723,1.1039,0.9717
0.5374,3.5382,0.0495,combined,2.0765,4.0000,0.5374,-0.5302,0.0873,1.1399,0.4177,0.9228
0.5329,4.4864,0.0747,straight,0.2295,4.0200,0.0164,0.5329,0.0003,1.1207,0.3220,0.8058
0.5820,0.6544,0.1477,straight,1.9659,4.0200,0.5755,-0.5806,0.0394,1.1711,0.3787,0.3710
3.3810,3.5810,1.7734,path,4.3431,4.0600,1.1618,-3.1379,1.2589,1.7145,0.7175,0.9287
0.7191,1.5338,1.5502,path,2.4905,4.0800,0.0000,0.6757,0.2460,1.9875,1.2262,0.7111
2.3798,14.8942,1.6709,path,3.8197,4.1400,0.0000,-1.8732,1.4679,1.9454,1.2675,1.4779
0.4701,6.1967,0.0095,combined,0.9494,4.1600,0.4648,-0.1887,0.4306,0.6766,0.2593,1.3445
0.5331,3.1879,0.0393,turn,0.0000,4.1600,0.0000,nan,nan,0.6668,0.2295,1.1303
1.5438,3.7169,1.1886,path,1.6485,4.1800,0.0000,0.0092,1.5438,1.7818,0.9627,0.7890
0.4518,2.5537,0.0350,lateral,0.3221,4.1800,0.2140,-0.0122,0.4516,0.5341,0.2157,0.3983
0.5817,1.1634,0.0888,combined,0.5441,4.2000,0.5171,-0.5112,0.2776,0.4071,0.1143,0.8998
0.5261,3.5376,0.0835,lateral,0.0975,4.2000,0.0909,-0.0360,0.5249,0.8038,0.2743,1.0841
1.4605,10.2283,1.8816,path,5.0252,4.2200,0.0000,-1.2746,0.7131,2.0312,1.4374,0.3524
0.4770,2.3011,0.0980,combined,0.7949,4.2400,0.4642,-0.4124,0.2398,0.3360,0.1317,0.7223
2.0829,12.0568,0.5399,path,3.3518,4.2400,0.7650,-1.7088,1.1911,1.8800,0.8381,1.5415
1.0658,0.9734,0.6474,path,1.2486,4.2800,0.1792,-1.0655,0.0269,1.3278,0.6720,0.3732
1.4578,59.2716,0.0865,path,1.8459,4.3000,0.1023,-1.3103,0.6391,0.7788,0.2904,1.2452
0.6788,9.2091,0.2491,path,2.0223,4.3000,0.5863,-0.5438,0.4062,0.8168,0.4009,0.6141
0.4846,6.7481,0.1039,straight,0.5058,4.3200,0.4720,-0.4728,0.1062,0.3239,0.1105,1.2752
0.5474,2.7787,0.1297,lateral,1.0543,4.3400,0.5467,0.0092,0.5473,0.8039,0.3240,1.0200
1.7539,4.4648,1.0487,path,3.3072,4.3800,1.0456,-0.7181,1.6001,1.7441,1.2306,1.0916
4.0862,130.9999,0.6673,path,3.0639,4.4000,1.3730,-0.4885,4.0569,2.1468,1.4606,0.9543
0.5446,2.6339,0.0667,lateral,1.3709,4.4200,0.5446,-0.1381,0.5268,0.7887,0.3630,0.7888
0.5659,0.1519,0.1205,lateral,0.6393,4.4200,0.5305,-0.0814,0.5600,0.8913,0.2950,0.9135
0.0191,0.0920,0.0254,stand,0.0000,4.4200,0.0000,nan,nan,0.2859,0.0399,0.6156
1.6551,56.5788,1.0943,path,1.9681,4.4400,1.2060,-0.6759,1.5108,1.7472,0.9182,0.3328
0.5541,3.1935,0.0850,combined,2.1839,4.4400,0.5507,-0.5402,0.1231,1.2075,0.4166,0.7414
1.0179,5.9772,1.2097,path,1.1337,4.4400,0.0000,-0.8378,0.5780,1.3807,1.0435,1.5782
0.0266,3.9432,0.0247,stand,0.0000,4.5000,0.0000,nan,nan,0.1922,0.0412,0.6455
0.4934,4.4329,0.0364,turn,0.0000,4.5000,0.0000,nan,nan,0.5407,0.2145,1.2367
0.4970,3.8294,0.1236,straight,1.1651,4.5000,0.4831,-0.4967,0.0189,0.6383,0.2065,1.1495
0.5352,2.4708,0.0228,turn,0.0000,4.5400,0.0000,nan,nan,0.9044,0.2920,1.4073
0.5934,6.8724,0.1551,combined,2.0495,4.5600,0.5934,0.4367,0.4018,1.8811,0.7289,0.7567
1.1200,0.0224,1.1770,path,1.6661,4.5800,0.6855,-0.8266,0.7557,1.5216,1.1431,0.4334
0.5540,3.8386,0.1516,lateral,1.2805,4.6000,0.5505,-0.0746,0.5490,0.7084,0.3041,1.1115
0.5389,5.6936,0.0574,combined,1.2262,4.6200,0.5389,-0.2502,0.4773,0.6385,0.2489,1.5132
0.5237,5.4914,0.0129,combined,0.5765,4.6800,0.5165,-0.3320,0.4050,0.5706,0.1563,0.6742
1.0650,18.7646,0.5505,path,4.1485,4.6800,0.6468,-0.2490,1.0355,1.8341,1.2005,1.0427
1.2926,10.8134,0.5492,path,7.5067,4.7400,0.3705,-1.2911,0.0625,2.2936,1.3309,0.8733
2.1769,14.7428,1.4141,path,7.1442,4.7400,0.0000,-1.6046,1.4710,1.8847,1.4300,1.0280
1.9715,35.4332,0.9316,path,3.8677,4.7600,0.0931,-1.9700,0.0751,1.7934,1.1069,0.4354
0.5114,2.4693,0.0536,combined,1.5693,4.7800,0.0409,0.5096,0.0431,1.4814,0.5177,0.6746
1.1341,7.3095,1.4474,path,2.7496,4.7800,0.4270,-0.9287,0.6509,1.6259,0.9013,0.7508
2.1155,51.2527,1.0178,path,4.4455,4.7800,0.6591,-2.1067,0.1924,1.7602,0.9802,0.3009
2.8464,11.2984,0.6282,path,0.7199,4.8000,0.1533,-1.3761,2.4916,1.5060,0.6662,0.3496
0.5153,4.1206,0.0479,lateral,0.2389,4.8400,0.2389,-0.0011,0.5153,0.7283,0.2335,0.8046
0.9821,5.1897,1.4840,path,4.1481,4.8400,0.0000,0.2850,0.9398,1.8708,1.2950,0.9226
0.5113,6.6442,0.1600,lateral,0.5085,4.8400,0.4621,0.0047,0.5113,0.8008,0.2365,0.8856
0.9458,3.1387,1.4264,path,2.7255,4.8600,0.0000,-0.2153,0.9209,1.7609,1.1254,0.3057
0.5220,3.5958,0.0936,turn,0.0000,4.8600,0.0000,nan,nan,0.8663,0.2433,0.6646
0.5439,5.5457,0.0498,straight,1.0203,4.8600,0.0264,0.5431,0.0303,1.6761,0.4964,1.4945
1.0162,0.2385,1.6968,path,2.7875,4.8800,0.7431,0.9813,0.2639,2.1358,1.3451,1.1203
0.9249,66.6435,0.6947,path,1.5667,4.8800,0.7732,-0.8985,0.2192,1.0343,0.4298,1.4752
0.5643,4.6570,0.0516,turn,0.0000,4.9000,0.0000,nan,nan,0.6584,0.2217,0.4513
0.8339,117.6446,1.1912,path,1.9817,4.9200,0.4747,0.7379,0.3885,1.5506,1.0092,0.6105
0.5247,4.3094,0.1209,turn,0.0000,4.9200,0.0000,nan,nan,0.7377,0.2216,1.1119
0.5427,6.9403,0.0186,combined,0.4701,4.9400,0.4701,-0.5423,0.0225,0.3219,0.0917,0.6564
0.5413,5.9128,0.0369,lateral,0.7703,4.9600,0.5368,-0.0483,0.5392,0.8855,0.2773,1.1950
0.5424,5.8690,0.1488,straight,1.7966,4.9800,0.5389,-0.5358,0.0848,1.0641,0.3041,0.8364
0.5358,9.1803,0.0681,combined,1.3685,4.9800,0.5333,0.0937,0.5276,1.1155,0.3811,0.4468
0.4358,4.7311,0.0678,combined,1.4639,5.0600,0.4333,-0.3412,0.2710,0.8459,0.2581,0.9293
1.2387,4.2009,1.8767,path,7.0229,5.0600,0.8751,-1.1984,0.3136,1.9846,1.4670,1.0862
0.5679,5.1511,0.1659,turn,0.0000,5.0800,0.0000,nan,nan,0.8617,0.2531,0.6655
2.3061,27.1036,1.7771,path,2.8414,5.0800,0.4960,-0.2072,2.2968,2.2674,1.4178,1.4960
0.5405,2.5281,0.2253,lateral,1.3481,5.1000,0.5262,-0.0669,0.5364,0.6872,0.2860,0.9191
0.5190,2.3113,0.0058,turn,0.0000,5.1400,0.0000,nan,nan,0.7917,0.2194,1.0395
0.5538,6.1031,0.0449,straight,1.3852,5.1600,0.5438,-0.5433,0.1072,0.7316,0.2078,1.3248
0.5267,2.1596,0.1930,combined,1.4056,5.1600,0.5210,-0.1685,0.4990,0.9755,0.2863,0.3692
1.7834,6.9709,1.1956,path,4.0111,5.1600,0.0000,-0.7533,1.6166,1.8385,1.3953,0.6095
0.5635,5.1994,0.0671,combined,0.9035,5.2000,0.3008,0.5321,0.1854,1.5345,0.4026,0.4777
2.0867,22.1026,1.4992,path,3.1423,5.2400,1.2910,-0.5302,2.0182,1.8740,1.4783,1.1217
0.5348,5.7570,0.1328,turn,0.0000,5.2800,0.0000,nan,nan,0.6583,0.2400,1.1901
0.4966,4.9301,0.1749,combined,1.4870,5.2800,0.4960,-0.4908,0.0759,0.8233,0.2532,0.5872
1.7308,56.8723,0.8264,path,3.1039,5.2800,0.6161,-1.6223,0.6032,1.7453,1.0331,0.7781
0.4733,5.0216,0.0946,combined,1.2952,5.3200,0.3854,0.4576,0.1208,1.2954,0.4142,1.2373
2.7925,10.3150,1.4423,path,2.7949,5.3200,0.4724,0.8724,2.6527,2.2319,1.3106,1.5447
0.4924,1.7266,0.0399,combined,1.7264,5.3200,0.4920,-0.4801,0.1092,1.0588,0.3023,1.4480
1.2753,4.9124,1.3876,path,4.0351,5.3400,0.0000,-0.6728,1.0834,1.8517,1.3692,1.5303
0.4944,5.0215,0.0837,straight,1.1212,5.3400,0.4791,-0.4926,0.0421,0.8865,0.1893,1.2480
0.5696,0.9230,0.0087,combined,1.5242,5.3600,0.5679,-0.4801,0.3066,0.6790,0.2227,1.0724
0.4716,4.5635,0.1309,turn,0.0000,5.4200,0.0000,nan,nan,0.8710,0.1643,0.5383
0.6117,0.6838,0.0670,combined,1.9835,5.4400,0.6117,-0.0624,0.6085,1.0900,0.4127,1.5152
0.0463,2.3198,0.0129,stand,0.0000,5.4600,0.0000,nan,nan,0.2849,0.0443,0.3467
0.5034,7.7469,0.1484,straight,0.8854,5.4600,0.0136,0.4985,0.0697,1.3721,0.3845,1.0865
1.9729,97.1385,1.2604,path,4.8750,5.4800,0.7692,-1.8849,0.5828,1.6453,0.8450,0.4355
0.4673,4.7450,0.0562,straight,0.6119,5.4800,0.0193,0.4662,0.0324,1.1335,0.3215,1.1895
0.4577,2.7742,0.0685,lateral,0.4218,5.4800,0.3606,-0.0435,0.4556,0.7231,0.2122,1.3305
0.5505,3.7273,0.0210,lateral,0.8781,5.5200,0.5505,0.0152,0.5503,0.9009,0.2455,0.9662
1.2712,3.7841,0.9764,path,0.8922,5.5200,0.0000,-0.6359,1.1007,1.6466,1.0999,1.2281
0.5943,3.5881,0.0796,straight,1.6460,5.5400,0.5735,-0.5943,0.0019,0.7866,0.2478,1.3441
0.5645,2.5760,0.1053,combined,0.6595,5.5400,0.1083,0.5542,0.1073,1.5203,0.3851,0.5656
0.5895,2.2845,0.1012,combined,2.3620,5.5800,0.2092,0.5794,0.1089,1.8703,0.6572,1.0584
0.0235,2.7169,0.0667,stand,0.0000,5.5800,0.0000,nan,nan,0.1482,0.0366,0.4786
1.4586,1.4563,0.9846,path,1.2366,5.5800,0.8938,0.0592,1.4574,1.7703,1.2623,0.9054
0.4579,7.3394,0.1356,lateral,1.4559,5.6000,0.4556,-0.1237,0.4409,0.8238,0.2835,1.4484
0.4808,0.7002,0.1501,lateral,0.8542,5.6200,0.4693,-0.0104,0.4807,0.7277,0.2390,1.0335
0.5367,6.2808,0.1476,combined,1.9686,5.6600,0.5304,-0.5367,0.0065,0.9674,0.3136,0.9127
0.4406,4.7044,0.0892,turn,0.0000,5.6600,0.0000,nan,nan,0.4236,0.1480,1.4168
0.4788,3.1662,0.0649,lateral,0.7597,5.6600,0.4788,-0.0131,0.4786,0.6735,0.2201,1.2073
0.4793,3.7437,0.1325,combined,1.5073,5.6600,0.4762,0.2871,0.3838,1.0202,0.3744,1.1708
0.5770,3.5584,0.0644,straight,1.7701,5.6800,0.5692,-0.5758,0.0365,1.0809,0.2557,1.5744
0.5553,4.0979,0.1117,turn,0.0000,5.6800,0.0000,nan,nan,0.7008,0.1951,1.2468
1.9405,7.3893,1.5616,path,7.3995,5.7000,1.0519,-1.3541,1.3900,2.0601,1.6789,0.5208
0.6475,1.7792,0.0857,combined,1.1470,5.7200,0.5929,-0.6344,0.1297,0.6452,0.1625,1.2824
2.0353,48.1538,1.0277,path,0.4770,5.7400,1.2274,0.1219,2.0317,1.9001,1.2088,1.2795
0.5857,2.6140,0.1853,combined,1.7688,5.7600,0.5735,-0.3425,0.4751,0.7411,0.2606,1.4721
1.6281,12.4296,1.8274,path,1.4859,5.8000,0.0000,1.5953,0.3254,1.9268,1.2011,0.7597
2.5167,16.9401,2.2080,path,9.3771,5.8200,0.1710,-1.5955,1.9464,2.4649,1.7979,1.1894
0.5361,0.6725,0.1334,turn,0.0000,5.8200,0.0000,nan,nan,1.1007,0.2459,1.0339
0.5304,6.7381,0.0444,straight,1.0253,5.8600,0.0352,0.5220,0.0937,1.6306,0.4554,1.0004
0.5078,2.9417,0.0889,turn,0.0000,5.8800,0.0000,nan,nan,0.7586,0.1704,0.0000
3.4173,68.8463,0.2590,path,1.7137,5.8800,0.0000,2.8064,1.9499,2.0736,1.3370,0.8588
0.4746,5.8532,0.1000,combined,0.8877,5.9000,0.4737,-0.2076,0.4268,0.5137,0.1937,0.5268
2.4216,0.6943,1.0017,path,3.4846,5.9200,0.0000,-2.3829,0.4309,1.4167,0.8335,1.4942
0.5614,4.6835,0.0201,lateral,0.0481,5.9200,0.0439,0.0518,0.5590,0.4231,0.1606,1.2776
0.5312,1.4990,0.0351,combined,1.2578,5.9400,0.5312,0.0136,0.5310,0.8256,0.2844,1.0433
0.5467,4.5606,0.1082,combined,1.1819,5.9400,0.5434,-0.0759,0.5414,0.7226,0.2737,0.7234
0.4793,0.1703,0.1813,lateral,1.2995,5.0400,0.4785,-0.1718,0.4475,0.5941,0.2619,1.0820
1.8698,142.2345,0.5639,path,2.1628,5.9600,1.3420,1.5883,0.9866,1.9693,1.1029,0.8294
1.2692,5.7070,1.6150,path,7.3686,6.0000,0.8375,-0.9158,0.8787,1.7960,1.5164,0.4207
1.4977,12.0553,0.4408,path,1.6598,6.0000,0.3982,-1.4250,0.4609,0.9553,0.5135,1.3953
1.5368,11.2745,0.5924,path,2.0216,6.0200,0.0000,-1.5068,0.3019,1.8053,0.8938,1.5072
0.5495,3.1948,0.0297,lateral,1.0011,6.0200,0.5477,-0.0256,0.5489,0.9383,0.2698,1.0683
0.9555,5.4111,0.4672,path,0.4376,6.0800,0.4782,0.1744,0.9394,1.4174,0.7509,0.7304
0.5653,4.8321,0.0404,straight,1.0643,6.0800,0.5395,-0.5508,0.1273,0.6225,0.1460,1.1919
1.8425,100.6490,0.9273,path,3.8486,6.1000,0.5573,-1.8289,0.2235,1.5898,0.9128,0.9795
0.6245,0.6837,0.0658,straight,1.8659,6.1200,0.6007,-0.6245,0.0041,0.9056,0.2515,0.4670
0.8716,9.1347,1.4063,path,6.2600,6.1400,0.2832,-0.5428,0.6819,1.8630,1.4251,0.7406
0.5477,4.6964,0.1316,straight,0.9327,6.1400,0.0525,0.5473,0.0203,1.5228,0.3860,0.6936
0.5418,4.5018,0.0295,turn,0.0000,6.1400,0.0000,nan,nan,0.8480,0.2101,0.9739
0.6263,3.4975,0.1205,straight,0.2948,6.1600,0.0516,0.6258,0.0247,0.8485,0.2526,1.1122
0.5045,4.0049,0.1693,lateral,0.5834,6.1800,0.4874,0.0248,0.5039,0.5536,0.1850,0.3685
0.4918,5.2568,0.1498,turn,0.0000,6.2600,0.0000,nan,nan,0.5614,0.1602,0.3460
0.4795,4.9056,0.0640,turn,0.0000,6.2600,0.0000,nan,nan,0.7201,0.1575,0.6305
0.4076,4.5876,0.1906,combined,2.2459,6.2600,0.4020,-0.3801,0.1471,1.2834,0.3858,1.0650
3.2306,136.5323,1.7712,path,6.8098,6.2800,0.8900,-2.9726,1.2650,1.9651,1.1420,0.6789
0.5613,6.3816,0.0615,turn,0.0000,6.2800,0.0000,nan,nan,0.8380,0.1872,1.2645
0.5794,4.5280,0.0709,combined,1.8472,6.2800,0.5793,0.3351,0.4727,1.4473,0.4540,1.2806
0.6259,4.1281,0.0933,combined,1.3931,6.3200,0.6116,-0.4178,0.4660,0.6915,0.2253,0.5047
0.4652,5.0785,0.0873,straight,1.0974,6.3200,0.0014,0.4625,0.0494,1.4978,0.3918,0.5599
0.4671,2.6310,0.1001,straight,1.6258,6.3400,0.0614,0.4668,0.0150,1.6517,0.4774,1.5760
1.1878,5.6304,0.7607,path,1.4925,5.7600,0.4291,-1.1740,0.1805,1.2378,0.5339,1.0497
2.5529,50.8157,1.8191,path,5.7295,6.3600,1.3650,-1.9158,1.6874,2.0004,1.1787,0.8232
0.0410,1.3422,0.0171,stand,0.0000,6.3600,0.0000,nan,nan,0.2431,0.0390,1.3287
0.5539,1.9734,0.1034,combined,1.5832,6.3800,0.5348,-0.5219,0.1855,0.7906,0.2079,1.1754
1.0561,2.8940,1.6391,path,3.4994,6.3800,0.8905,-0.3928,0.9803,1.8968,1.1894,1.5332
0.5247,4.9361,0.1494,turn,0.0000,6.3800,0.0000,nan,nan,0.5812,0.1875,0.9717
0.5592,2.8459,0.0255,lateral,1.4344,6.4000,0.5524,-0.0753,0.5541,0.8833,0.2722,1.3970
2.1202,0.2109,1.3153,path,5.1431,6.4200,0.0000,-0.6909,2.0045,2.0001,1.4598,1.5612
4.9437,57.8705,2.5001,path,0.4752,6.4400,0.0000,4.4189,2.2168,2.4233,1.4034,1.5146
1.8123,166.4536,1.1101,path,2.1419,6.4400,0.1110,-1.0481,1.4785,1.2160,0.6399,1.3584
1.0527,2.8014,1.6377,path,1.0041,6.4600,0.5886,-0.5845,0.8755,1.9239,1.2439,1.2309
1.1099,1.9256,1.4625,path,3.8865,5.6000,0.7977,-0.2374,1.0842,1.7151,1.1564,1.3803
0.6568,68.1890,0.2213,path,0.5169,6.5000,0.2726,0.0365,0.6557,0.9080,0.3561,1.4273
0.5053,3.0569,0.1219,combined,0.7372,6.5000,0.3569,0.4210,0.2795,1.1746,0.3099,0.3538
1.0171,1.4749,1.8815,path,2.1714,6.5400,0.7916,-0.6965,0.7412,2.0531,1.3964,0.5029
2.5700,61.6555,1.8332,path,2.6640,6.5400,0.9714,-0.2628,2.5566,1.9547,1.2071,1.3267
2.1440,20.3124,0.8239,path,2.3282,6.5600,0.0000,-0.5653,2.0681,1.9736,1.1940,0.8052
0.5633,3.5110,0.0278,straight,1.0324,6.5600,0.5512,-0.5597,0.0632,0.6059,0.1384,0.8660
0.8274,1.8133,1.6494,path,6.7460,6.5800,0.0000,-0.4341,0.7045,1.7244,1.4239,1.0165
0.5446,4.4325,0.0841,lateral,0.5049,6.5800,0.2647,0.0729,0.5397,0.8144,0.2018,0.3514
1.2568,15.6955,0.6802,path,1.0918,6.6000,0.9965,-1.2481,0.1478,1.3553,0.5848,0.6486
0.5606,8.4283,0.1641,combined,1.6896,6.6000,0.5502,0.3342,0.4501,1.6581,0.4364,0.3271
0.5418,3.9479,0.1055,lateral,0.9950,6.6200,0.5391,-0.0532,0.5392,0.7824,0.2155,1.1971
2.1496,17.7635,0.9961,path,1.4024,6.6200,1.4333,-1.4235,1.6107,2.0867,1.1402,0.5936
1.1868,24.2010,0.2754,path,2.1943,6.6400,0.8818,-0.8836,0.7923,1.6335,0.9434,1.1474
0.6074,5.1258,0.0918,straight,0.0819,6.6600,0.0395,-0.6003,0.0922,0.5389,0.1700,0.5135
0.0210,2.6699,0.0479,stand,0.0000,6.6600,0.0000,nan,nan,0.1968,0.0341,0.5670
1.6792,14.9420,0.8931,path,2.3801,5.5400,1.0888,-1.4031,0.9224,1.3411,0.9612,1.5955
0.0692,5.1849,0.0039,stand,0.0000,6.7200,0.0000,nan,nan,0.2487,0.0498,0.9978
0.5515,5.0823,0.0431,turn,0.0000,6.7400,0.0000,nan,nan,0.6933,0.1632,0.5614
1.8340,5.6412,0.8421,path,4.4944,6.7400,0.1485,-1.6832,0.7284,1.7669,0.8667,1.5566
0.5476,2.0028,0.1372,combined,0.8587,6.7600,0.5305,-0.3994,0.3746,0.6383,0.1334,1.3612
1.9851,8.5147,1.3089,path,6.6891,6.7600,1.0358,-1.3133,1.4886,1.7811,1.3784,1.0148
0.8839,43.8693,0.5829,path,0.9533,6.7800,0.0000,-0.5212,0.7139,1.2132,0.4763,1.0979
4.2514,45.0471,0.2106,path,2.0314,6.8000,0.0000,-4.2510,0.0519,1.3434,0.6848,1.0657
0.5591,5.3180,0.1335,combined,1.9363,6.8400,0.5496,0.4796,0.2874,1.6737,0.5083,0.7141
1.3378,5.9403,0.5955,path,2.1068,6.8400,0.0000,-1.2806,0.3870,1.7307,0.6210,1.5756
0.5040,1.8474,0.1154,straight,1.0820,6.8400,0.4422,-0.4988,0.0727,1.0109,0.1689,0.0000
0.6937,102.5514,0.2954,path,1.2383,6.8600,0.0000,-0.6157,0.3196,0.9423,0.4164,0.8337
0.4496,4.8269,0.0888,combined,1.4139,6.8600,0.4434,0.2990,0.3357,1.1506,0.3524,1.5558
0.5223,3.7774,0.0602,lateral,0.9070,6.8600,0.5211,-0.0135,0.5221,0.7797,0.2132,0.5927
2.3654,61.4729,0.9996,path,2.4641,6.8600,0.0000,-1.4677,1.8551,1.9380,0.8534,0.5488
0.6086,12.3484,0.9783,path,7.4637,6.8800,0.3772,-0.3403,0.5046,1.8550,1.3391,0.8946
1.2939,26.3719,1.8008,path,0.6534,6.8800,0.5689,0.7839,1.0294,1.8076,1.0509,1.3356
0.5325,7.1762,0.1561,lateral,1.2120,6.9000,0.5261,-0.0980,0.5234,0.7638,0.2274,1.4501
1.8164,6.4373,0.6221,path,3.3622,6.9400,0.0000,-1.5833,0.8902,1.4003,0.9168,0.9868
1.0420,9.2994,1.0490,path,1.2549,6.9800,0.2828,-0.5574,0.8803,2.0402,0.9129,0.8871
1.5128,40.2215,1.1497,path,4.7506,7.0000,0.0000,-1.3768,0.6270,2.0513,1.1998,0.4910
0.5212,4.7046,0.0624,combined,0.5230,7.0000,0.5181,0.1074,0.5100,0.8781,0.2099,0.3519
0.5554,3.0956,0.0549,lateral,0.1437,7.0200,0.1437,0.0091,0.5553,0.7998,0.1859,1.3160
0.5464,4.3059,0.0329,lateral,1.3931,7.0400,0.5281,0.0164,0.5462,0.7789,0.2397,1.2157
0.5469,3.6730,0.0134,straight,1.7854,7.0600,0.5442,-0.5468,0.0082,0.9634,0.2233,1.5492
3.3632,37.2564,0.9135,path,1.7155,7.0600,0.0000,2.8674,1.7577,1.9065,1.2616,1.5663
0.5864,2.7816,0.0679,combined,0.7449,7.0800,0.5752,-0.0770,0.5813,0.8060,0.2092,1.1113
0.4374,3.2341,0.1010,straight,1.6636,7.1200,0.4276,-0.4374,0.0060,1.0161,0.2284,0.6780
0.5967,0.9670,0.1012,turn,0.0000,7.1200,0.0000,nan,nan,0.4806,0.1582,1.1849
0.6164,3.4966,0.1234,combined,1.7196,7.1200,0.2042,0.6103,0.0865,1.7571,0.4564,0.7126
1.2386,7.0481,1.7954,path,2.0344,7.1400,0.2950,-0.7992,0.9462,1.9384,1.3686,1.4910
1.8592,22.5580,1.7809,path,3.2062,7.1800,0.0000,0.1366,1.8542,2.0572,1.6493,1.2865
0.5420,2.7708,0.0326,combined,1.8320,7.2000,0.5360,0.4675,0.2744,1.6484,0.4759,0.0000
0.4620,3.7052,0.1527,lateral,0.9310,7.2400,0.4561,-0.0614,0.4579,0.5699,0.1857,1.1773
0.4815,7.0834,0.0832,straight,1.0109,7.2400,0.4573,-0.4751,0.0780,1.0286,0.1664,0.8569
0.4556,1.0296,0.0312,straight,1.0913,7.2400,0.4483,-0.4556,0.0014,0.7065,0.1636,1.0022
0.5735,2.4928,0.0669,combined,1.9307,7.2800,0.5652,0.1233,0.5601,1.3154,0.3391,1.2209
1.2418,3.5134,1.3939,path,3.1397,7.2800,0.7512,1.1370,0.4993,1.9170,1.2659,0.6711
2.3857,16.4615,1.2424,path,3.2116,7.3000,0.0000,-2.0698,1.1863,1.4090,0.7774,0.5993
0.5108,2.2746,0.1084,combined,2.1724,7.3200,0.5043,-0.3458,0.3759,1.1404,0.2888,0.8947
1.8851,19.1157,1.5187,path,3.6209,7.3200,0.0059,1.4617,1.1904,1.9751,1.2522,0.3842
0.5514,4.1781,0.0071,lateral,1.3206,7.3200,0.5386,0.0523,0.5489,1.0328,0.2472,1.5140
0.0636,4.6677,0.0309,stand,0.0000,7.3200,0.0000,nan,nan,0.2224,0.0331,0.5135
0.5604,6.0775,0.0310,turn,0.0000,7.3400,0.0000,nan,nan,0.8705,0.1517,0.7640
0.8412,4.4973,0.8309,path,3.6793,7.3400,0.4883,-0.0317,0.8406,1.6942,1.0639,1.0706
0.4894,2.0920,0.1147,turn,0.0000,7.3600,0.0000,nan,nan,0.8912,0.1388,0.6237
2.6420,21.4231,1.8965,path,1.6199,7.3600,0.2245,-1.9005,1.8352,2.1954,0.9679,1.2050
0.5406,2.0991,0.1966,combined,2.1248,7.3600,0.5334,0.2545,0.4769,1.3542,0.4087,1.1045
0.5329,6.2063,0.0815,lateral,1.0803,7.3800,0.5314,0.0202,0.5325,0.6505,0.2102,1.4592
1.3913,3.8588,1.3498,path,0.4774,7.4200,0.8735,0.3308,1.3514,1.7303,1.3549,0.7889
0.9990,63.9419,0.3322,path,4.2022,7.4200,0.8467,-0.9704,0.2374,1.5836,0.8120,0.3499
1.7488,10.8909,0.5748,path,3.6572,7.4400,0.7303,-1.7137,0.3484,1.9361,0.9416,0.8111
0.5978,1.6470,0.0967,combined,2.1360,7.4400,0.5828,-0.2258,0.5535,1.1350,0.3102,1.2150
0.5397,7.3174,0.0908,combined,2.0562,7.4600,0.5246,-0.5129,0.1680,1.1499,0.2771,1.5835
2.3530,34.9722,1.1042,path,2.1199,7.4800,0.4431,-2.2533,0.6776,1.2853,0.9544,1.2345
0.5511,4.4919,0.1359,lateral,0.1854,7.5600,0.1818,-0.0114,0.5509,0.7113,0.1648,0.8692
0.0332,0.9795,0.0158,stand,0.0000,7.5800,0.0000,nan,nan,0.1548,0.0260,0.5573
1.9140,33.0015,0.4095,path,7.1829,7.5800,1.0871,-1.9103,0.1183,2.1376,1.3057,1.5912
0.6444,4.7683,0.0465,lateral,0.2000,7.5800,0.2000,-0.0349,0.6434,0.7882,0.1788,0.4934
0.5806,3.0372,0.0497,combined,2.2097,7.6000,0.5613,-0.2618,0.5182,1.1299,0.3004,0.4703
0.5506,4.7227,0.1817,straight,0.8461,7.6200,0.5420,-0.5492,0.0383,0.4447,0.1080,1.1486
1.4920,45.0614,0.6661,path,1.8958,7.6400,0.5967,-1.2160,0.8646,1.2895,0.6379,1.4149
0.0185,4.2911,0.0365,stand,0.0000,7.6600,0.0000,nan,nan,0.1145,0.0249,1.5212
0.0102,2.2328,0.0350,stand,0.0000,7.6600,0.0000,nan,nan,0.2921,0.0363,1.4472
2.4590,1.3428,1.5263,path,4.1579,7.6800,0.0000,-2.1083,1.2656,1.6375,1.0293,0.6184
2.1400,39.2717,1.0604,path,1.6075,7.6800,1.5517,-1.5052,1.5211,2.3119,1.3116,0.6998
0.4521,3.6853,0.1851,combined,1.1670,7.6800,0.4493,0.0531,0.4489,0.9179,0.2118,0.8006
1.5814,11.0561,0.9894,path,3.2426,7.7000,1.3248,-1.0899,1.1459,1.7034,1.0204,0.3040
0.5225,1.8743,0.0655,straight,1.8840,7.7400,0.0180,0.5224,0.0137,1.8593,0.4285,1.1808
0.6392,1.0913,0.1384,turn,0.0000,7.7600,0.0000,nan,nan,0.8566,0.1722,1.2275
1.3998,5.9092,1.1525,path,0.9642,7.7800,0.6374,-0.6277,1.2512,1.4754,1.0199,0.9464
1.3900,1.9531,1.5352,path,1.7695,7.8200,0.8125,-1.1648,0.7585,1.6821,1.2938,0.3435
0.5754,5.0770,0.1405,turn,0.0000,7.8600,0.0000,nan,nan,0.8775,0.1610,0.6993
0.4517,2.9143,0.1580,straight,1.6080,7.8800,0.4374,-0.4507,0.0308,0.8847,0.2051,0.6698
2.4843,24.7983,1.8202,path,2.9081,7.9000,0.0000,2.2069,1.1408,2.3873,1.1839,0.5322
0.4395,19.8786,0.1477,path,1.2620,7.9200,0.1450,-0.3272,0.2934,1.4551,0.3877,1.1441
0.4641,5.5250,0.0409,turn,0.0000,7.9400,0.0000,nan,nan,0.6220,0.1381,0.8913
1.1698,27.2979,0.7430,path,1.1762,6.6200,0.1090,-1.1585,0.1621,0.9161,0.3874,0.3875
0.0416,1.6068,0.0470,stand,0.0000,4.1600,0.0000,nan,nan,0.1398,0.0323,1.5654
0.5479,6.2549,0.0528,lateral,0.7111,4.0200,0.5404,-0.1064,0.5375,0.7801,0.2660,0.7414
1.1399,46.9349,0.5991,path,2.1120,4.3000,0.8050,-1.1037,0.2849,1.2686,0.6534,1.0685
0.5580,6.3555,0.0190,lateral,0.3860,4.4600,0.3556,-0.0269,0.5574,0.8048,0.2421,0.8058
1.2008,13.2187,0.8587,path,4.3533,4.2400,0.9179,-1.1872,0.1805,1.9499,1.1884,0.6047
2.6064,112.0066,0.1038,path,1.5085,4.0000,0.7314,-0.0306,2.6062,1.9876,1.0005,1.3686
0.6012,1.2765,0.2377,combined,1.4433,5.3200,0.5945,-0.2890,0.5272,0.7721,0.2497,0.5184
0.4691,6.5177,0.1233,straight,1.5464,4.6800,0.4665,-0.4605,0.0895,0.9601,0.2776,1.3445
0.5229,7.7641,0.0187,lateral,0.8654,4.6200,0.5183,-0.1796,0.4911,0.6754,0.2259,1.2752
0.5558,1.7602,0.1703,combined,2.2628,4.2600,0.5558,-0.0786,0.5502,1.4851,0.5890,0.6742
0.5222,5.7611,0.0902,lateral,0.3730,4.2200,0.3215,-0.0410,0.5206,0.8079,0.2416,0.8856
0.5272,4.1480,0.0498,combined,0.1865,4.4400,0.1065,0.3600,0.3851,0.7671,0.2232,1.5132
0.0533,10.2896,0.0118,stand,0.0000,4.7800,0.0000,nan,nan,0.1442,0.0498,0.9135
0.4756,2.9765,0.1532,combined,1.4400,4.9800,0.3155,0.3738,0.2940,1.3649,0.4684,0.7223
0.7461,21.6819,0.2106,path,0.3437,4.5600,0.4768,0.2347,0.7083,1.2214,0.5215,0.8438
1.7122,15.1829,1.9246,path,4.5691,4.5200,1.1571,-1.4963,0.8322,2.0781,1.5231,0.5039
0.0195,2.4396,0.0240,stand,0.0000,5.3200,0.0000,nan,nan,0.1477,0.0444,0.3710
0.5264,6.9211,0.0312,straight,1.1442,4.3800,0.0514,0.5146,0.1110,1.5347,0.5217,0.4468
0.5488,6.3173,0.0559,straight,1.3268,4.2600,0.5488,-0.5384,0.1066,0.7421,0.2262,1.3248
0.4506,3.1720,0.1373,turn,0.0000,5.2800,0.0000,nan,nan,0.5281,0.1676,0.3983
1.1982,8.8371,1.3125,path,6.8854,4.7000,0.9281,-1.1973,0.0460,1.8687,1.4101,0.4895
0.5663,1.2184,0.1015,lateral,1.0498,4.7600,0.5663,-0.0838,0.5601,0.7861,0.2529,1.0660
0.5368,1.5467,0.0967,lateral,0.1133,5.0200,0.1009,-0.0164,0.5365,0.5541,0.1829,0.6455
1.1706,7.1269,1.3669,path,2.7754,5.3400,0.7862,-0.6996,0.9385,1.6070,1.2347,1.0945
1.2377,26.0810,0.8491,path,2.9344,5.1600,0.3883,-1.2267,0.1640,1.5522,0.6117,0.3595
0.4735,2.3531,0.0868,turn,0.0000,4.0000,0.0000,nan,nan,0.5074,0.1951,1.1708
0.4927,3.3707,0.0324,combined,1.6319,5.5000,0.4927,-0.2429,0.4286,1.0130,0.2810,1.1303
0.5199,5.2666,0.0928,lateral,0.1151,4.8400,0.1041,0.0209,0.5195,0.8103,0.2103,0.8046
1.2968,1.4602,1.1288,path,2.3420,5.5400,0.6880,-0.9059,0.9279,1.6709,1.1207,1.2941
0.4693,6.1863,0.2133,straight,0.8627,4.0400,0.0180,0.4637,0.0723,1.3270,0.4480,1.4168
0.6397,2.9799,1.2374,path,1.2034,5.8200,0.5792,-0.6397,0.0048,1.6814,1.1562,0.5096
0.0230,0.3896,0.0538,stand,0.0000,4.0000,0.0000,nan,nan,0.1416,0.0317,1.0339
0.5427,4.4428,0.0932,combined,1.7275,4.3800,0.5375,0.3481,0.4164,1.3248,0.5694,1.0865
2.9730,2.4750,0.8080,path,2.4332,5.1200,1.3081,-2.7751,1.0667,1.8644,0.8804,0.9902
2.3625,3.9220,1.2113,path,1.9825,4.5800,1.5827,-2.3399,0.3257,1.5894,1.0704,1.2093
0.4991,2.3710,0.1558,turn,0.0000,4.0200,0.0000,nan,nan,0.4746,0.1663,0.5268
2.5901,4.0160,1.4514,path,7.7490,6.7000,2.0016,-2.0855,1.5360,2.1071,1.3430,0.6255
1.3488,9.7014,0.6747,path,4.2432,4.7200,0.7651,-0.8780,1.0240,1.8739,1.0203,0.5062
0.5932,3.2491,0.0598,lateral,0.2602,4.2400,0.2602,-0.0138,0.5931,0.5653,0.2121,1.4721
0.5752,2.1984,0.0470,combined,0.9545,4.0400,0.2925,0.5043,0.2767,1.4732,0.5637,1.0683
0.5921,0.9612,0.1161,lateral,0.8727,4.3800,0.5565,-0.0531,0.5897,0.8257,0.2746,1.3557
2.0835,12.5479,1.0661,path,1.3062,5.3800,1.1699,-2.0503,0.3701,1.5991,0.7214,1.1146
0.5860,2.3818,0.1218,straight,1.9606,5.9800,0.5756,-0.5851,0.0316,1.0380,0.2747,0.8998
0.5517,5.6500,0.0786,lateral,1.2561,5.2600,0.5490,-0.0067,0.5517,0.9348,0.3008,1.1950
0.4932,3.2133,0.0443,straight,1.4813,4.9600,0.4913,-0.4931,0.0114,0.8639,0.2529,0.5872
1.8347,23.7374,2.0089,path,7.3065,4.5200,1.5471,-1.7544,0.5370,2.1056,1.5486,1.0323
2.2099,16.2817,0.3470,path,3.2263,4.4600,1.2576,-2.2098,0.0244,2.0247,0.7093,0.8759
3.9594,83.2298,0.6395,path,2.5455,4.5600,1.0825,1.1496,3.7888,2.3056,1.2327,0.3913
0.5054,1.8092,0.0655,lateral,0.6800,5.9000,0.5003,0.0578,0.5021,0.8758,0.2350,0.7888
0.5535,5.1282,0.0709,lateral,1.1216,5.4600,0.5272,0.0120,0.5533,0.6588,0.2475,1.4945
0.4633,3.6342,0.1234,straight,0.0347,4.9400,0.0143,0.4629,0.0183,0.6682,0.1909,1.1895
2.1761,101.6174,0.9765,path,3.1791,4.8600,1.4037,-1.7857,1.2436,1.4656,0.7793,1.1990
0.5486,5.1970,0.1696,straight,1.3066,5.3600,0.0311,0.5467,0.0461,1.7722,0.5031,0.6655
0.5219,1.9963,0.0344,straight,1.8971,5.3000,0.0577,0.5216,0.0192,1.8622,0.5882,1.0395
0.5787,5.2707,0.1444,lateral,0.6733,6.2800,0.5624,0.0085,0.5787,0.8447,0.2138,1.1588
1.6434,16.8451,0.6886,path,1.2205,5.1600,0.2333,0.2170,1.6291,1.5296,0.8230,1.5775
1.4340,3.1294,0.9644,path,4.0112,4.5200,1.0192,-1.2354,0.7281,1.7004,0.9588,1.5866
0.4721,2.3732,0.1265,straight,0.8005,4.2600,0.4721,-0.4719,0.0137,0.4155,0.1313,0.6305
0.0097,0.1725,0.0322,stand,0.0000,5.6400,0.0000,nan,nan,0.1810,0.0291,1.1119
0.5623,5.2402,0.0952,combined,1.4547,5.6800,0.5520,-0.4308,0.3614,0.7392,0.2102,0.4513
0.5356,5.6795,0.0112,combined,1.2979,4.2000,0.5260,-0.3762,0.3813,0.6337,0.2397,0.9717
0.5379,5.1974,0.1830,combined,0.7279,4.6800,0.5332,-0.5078,0.1772,0.3327,0.1276,0.7234
1.1159,4.8566,1.4180,path,4.9881,4.4800,0.4967,-1.0746,0.3010,1.8983,1.3821,1.5360
0.5721,1.8628,0.0395,lateral,0.8519,5.2600,0.5448,-0.0474,0.5701,0.5380,0.2035,1.0724
4.3484,28.7293,0.8253,path,4.3231,4.5600,1.5464,-4.2240,1.0324,1.9429,1.0071,1.0040
0.5503,5.3538,0.0629,turn,0.0000,5.3600,0.0000,nan,nan,0.4703,0.1472,1.1901
1.6152,5.5528,0.7380,path,1.2976,4.6600,1.5934,-0.7238,1.4440,1.6342,0.9082,1.1315
2.1607,12.8536,1.4803,path,5.6824,4.3200,0.9341,-2.1372,0.3175,1.6873,1.0697,1.0429
0.5693,3.0607,0.1332,straight,1.1477,5.4800,0.5397,-0.5693,0.0044,0.5813,0.1605,0.4777
0.6141,3.4441,0.1193,lateral,1.4916,5.1800,0.6103,-0.0280,0.6135,0.8323,0.3215,1.3441
1.4488,6.6117,0.9733,path,0.4057,5.5600,1.0672,0.2419,1.4284,1.9227,1.3410,1.5202
0.0269,3.6624,0.0289,stand,0.0000,5.3000,0.0000,nan,nan,0.2748,0.0377,1.3305
0.0034,0.1154,0.0166,stand,0.0000,6.3800,0.0000,nan,nan,0.0750,0.0283,0.6156
1.8975,3.9857,1.1232,path,2.0660,6.4200,0.8501,-1.5128,1.1453,1.4683,0.7765,0.6245
0.0139,5.3094,0.0097,stand,0.0000,5.1000,0.0000,nan,nan,0.1620,0.0385,1.2824
0.4893,1.4116,0.1988,combined,1.9544,5.2000,0.4842,-0.4801,0.0946,1.1352,0.3357,1.0335
1.2564,2.0454,1.9229,path,5.0626,4.0000,1.0085,-1.2560,0.0285,1.9543,1.2897,1.3751
0.0567,2.7424,0.0357,stand,0.0000,4.4600,0.0000,nan,nan,0.1360,0.0346,1.3970
0.5178,5.5942,0.1132,straight,1.5376,6.6600,0.5016,-0.5175,0.0169,0.9307,0.2320,1.0841
0.5523,0.0192,0.0619,straight,0.4561,5.4400,0.0306,0.5519,0.0207,0.8624,0.2841,0.3467
0.4741,4.0414,0.0639,lateral,0.9924,4.5600,0.4725,-0.0113,0.4739,0.7123,0.2682,1.5760
0.5323,4.1661,0.0451,combined,1.2237,4.9800,0.5314,-0.5233,0.0974,0.6410,0.1894,1.0433
2.0243,72.2459,1.0916,path,2.1459,6.8600,1.1401,-1.2823,1.5663,2.2362,1.6203,0.6730
0.5506,4.7370,0.0194,lateral,1.0932,4.9000,0.5416,-0.1489,0.5301,0.8937,0.2874,1.1919
0.5788,4.8276,0.0177,straight,0.6735,6.4200,0.5612,-0.5777,0.0347,0.2263,0.0924,0.7567
0.0340,1.0596,0.0329,stand,0.0000,4.7200,0.0000,nan,nan,0.1477,0.0357,1.2645
0.5846,4.8241,0.0743,lateral,0.7629,4.7200,0.5780,-0.0890,0.5778,0.6772,0.2638,1.2806
0.9371,1.0541,1.3448,path,1.3304,6.2600,0.7467,0.1772,0.9202,1.7349,0.9362,0.3831
0.4398,4.1744,0.0943,turn,0.0000,5.4200,0.0000,nan,nan,0.6181,0.1558,1.4484
0.5124,2.2821,0.1436,straight,0.1184,6.5400,0.1183,-0.5107,0.0414,0.4747,0.1379,1.2367
1.2339,12.3214,1.7699,path,5.0113,4.5600,0.6890,-1.2313,0.0797,2.1780,1.4274,1.2054
0.6080,0.8331,0.0824,combined,0.6299,5.6600,0.5685,-0.3328,0.5088,0.6785,0.1885,1.5152
0.6065,2.5664,0.0491,combined,1.4776,7.6800,0.5935,-0.6005,0.0854,0.8176,0.1814,1.0051
0.5613,4.5177,0.0802,lateral,0.3139,5.2200,0.2870,-0.0428,0.5597,0.7157,0.2295,1.2776
1.3942,2.0864,1.3859,path,6.0220,4.3000,1.1603,-1.3577,0.3171,2.0871,1.3951,1.1617
1.3064,35.7004,0.4525,path,3.9620,4.6000,1.0572,0.0121,1.3064,2.1417,1.1692,0.5374
2.1741,10.7862,0.9936,path,5.0074,6.8000,1.8864,-2.1303,0.4345,1.8571,1.2082,0.8858
0.5685,0.6674,0.1316,combined,0.3746,5.6800,0.3746,-0.3132,0.4744,0.7038,0.1779,1.0584
0.4363,2.3295,0.1029,straight,1.6924,6.2200,0.0120,0.4363,0.0017,1.6187,0.4771,0.9293
0.8888,0.1760,1.3162,path,7.2146,6.9800,0.3085,0.6629,0.5920,1.8918,1.3426,1.0005
0.5458,4.8174,0.0766,turn,0.0000,6.9400,0.0000,nan,nan,0.5548,0.1792,1.0200
0.5366,4.6966,0.0924,lateral,0.7632,6.8400,0.5306,0.0263,0.5360,0.6907,0.2061,1.4073
0.5847,4.2419,0.1741,combined,1.5143,4.7800,0.5847,0.2617,0.5229,1.3190,0.4945,1.1971
0.5599,2.8443,0.1300,combined,1.2490,4.7400,0.5536,-0.5069,0.2378,0.6956,0.1976,0.5670
0.5497,3.5987,0.0744,turn,0.0000,5.8400,0.0000,nan,nan,0.7182,0.1842,0.4786
0.0301,1.2479,0.0340,stand,0.0000,5.5400,0.0000,nan,nan,0.2195,0.0289,0.0000
2.4258,55.9416,0.6232,path,4.4018,5.1000,2.2204,-2.2210,0.9754,2.0286,1.2691,0.7232
0.5316,6.3054,0.1140,straight,1.6418,6.8600,0.5293,-0.5287,0.0549,0.8855,0.2172,1.1115
0.4811,4.6685,0.0823,straight,0.2213,6.0800,0.0023,0.4777,0.0570,0.9014,0.2272,0.5383
1.2891,0.9532,1.1956,path,2.1571,4.0800,0.7782,-0.8544,0.9653,1.6564,1.1796,0.3999
1.4243,1.3447,1.6586,path,0.4072,7.1000,1.3501,0.7483,1.2119,1.9317,1.1538,0.3209
3.3269,113.0669,0.9411,path,4.7309,4.2400,0.8530,-3.0602,1.3053,1.5187,0.8302,0.6338
2.7420,84.5034,0.0329,path,1.4239,5.0600,1.5877,-2.1483,1.7039,1.9344,1.0941,0.9428
0.5407,2.6702,0.1517,combined,1.5581,4.3000,0.5407,-0.5325,0.0938,0.9130,0.3027,1.5140
0.5585,3.0733,0.0621,turn,0.0000,5.5000,0.0000,nan,nan,0.9846,0.2282,0.9739
0.6008,0.2587,0.0907,lateral,0.8193,5.5200,0.5904,-0.0471,0.5990,0.5599,0.2185,0.4670
0.5608,2.6654,0.0514,lateral,0.9856,6.1400,0.5608,0.0342,0.5597,0.6825,0.2209,0.9662
1.3595,10.1336,0.9498,path,1.4435,6.8800,0.9827,-0.4212,1.2926,1.7738,1.0856,1.5714
0.5716,3.7547,0.0548,lateral,0.8727,4.5000,0.5004,0.0306,0.5707,0.5661,0.2536,0.9922
0.4458,4.6557,0.1084,straight,0.4541,5.7600,0.0093,0.4458,0.0008,1.0431,0.2669,1.0820
1.8269,14.4664,1.6308,path,2.1755,6.2200,1.1375,-0.8138,1.6356,1.8215,1.2800,0.9551
0.5399,3.2179,0.1149,lateral,1.2173,7.7600,0.5293,-0.0288,0.5391,0.8957,0.2190,0.9228
0.4952,3.5950,0.1896,lateral,0.6460,7.0000,0.4920,-0.0247,0.4946,0.6891,0.1885,0.6746
0.4881,0.4349,0.0452,combined,1.6838,6.1200,0.4881,-0.3745,0.3131,1.0141,0.2993,1.2073
1.2990,14.9242,1.2062,path,2.1919,7.7600,0.7616,-0.6594,1.1192,1.8310,1.1664,1.4610
1.9613,12.7612,1.7201,path,8.8257,5.3400,1.5925,-1.9613,0.0150,1.9741,1.3738,0.5274
3.0531,54.0201,0.5188,path,3.0303,4.7600,1.4546,2.9347,0.8421,2.1141,1.5165,1.0332
0.5200,3.4235,0.0402,turn,0.0000,7.3400,0.0000,nan,nan,0.5138,0.1183,1.1495
2.1086,23.1108,1.0051,path,2.7569,7.5000,0.1149,-1.9129,0.8871,1.4717,0.7260,0.9104
0.5294,4.0751,0.1452,combined,1.0184,6.9400,0.2778,0.4795,0.2243,1.5316,0.3453,0.6564
0.5350,6.1856,0.0430,turn,0.0000,4.8600,0.0000,nan,nan,0.9113,0.2620,1.3160
0.5514,2.0221,0.1247,combined,1.7405,5.0600,0.5514,0.4562,0.3097,1.7953,0.6313,0.7141
1.9633,2.5774,1.5309,path,7.3313,5.0400,1.4459,-1.7270,0.9337,1.9181,1.4990,1.4233
0.5976,3.8170,0.0792,straight,1.9568,4.0600,0.0305,0.5975,0.0076,1.7528,0.7728,0.6993
0.5396,2.4826,0.0495,combined,1.2440,4.9200,0.1454,0.5371,0.0512,1.8103,0.4896,1.2157
0.8993,7.2471,1.1089,path,6.6292,4.8400,0.6799,-0.8700,0.2277,2.0746,1.5337,0.3868
0.0288,0.8716,0.0286,stand,0.0000,4.8400,0.0000,nan,nan,0.1623,0.0431,0.0000
0.5762,2.1141,0.0832,lateral,0.8175,6.5400,0.5564,0.0765,0.5711,0.7595,0.2255,0.5656
1.7231,3.8708,1.4550,path,3.8103,5.8800,1.2231,-1.7226,0.0384,1.6604,1.2100,0.5653
2.7298,2.1765,1.2798,path,0.5542,6.6200,2.4073,-0.8533,2.5930,1.9789,1.3892,0.7028
0.5538,5.9280,0.0429,turn,0.0000,7.1600,0.0000,nan,nan,0.6328,0.1690,0.8364
1.1829,3.9012,1.0522,path,3.6338,4.6600,0.8436,1.1818,0.0527,1.8588,1.3036,1.0486
1.2548,1.8591,0.2162,path,1.4046,4.4600,0.9132,-0.9828,0.7802,1.2143,0.6391,1.2203
1.2058,7.8866,1.7999,path,2.3195,7.1000,0.7895,-0.8727,0.8321,2.0299,1.3916,1.3913
0.5763,3.3105,0.0865,combined,1.5525,5.6400,0.5747,0.3783,0.4349,1.3156,0.5035,0.8660
2.1237,33.5199,0.9880,path,4.2238,4.9200,2.0861,-1.9430,0.8574,1.7645,1.1294,0.9444
1.9290,1.0147,1.2009,path,1.5791,7.3800,1.4225,-1.1321,1.5619,1.9663,1.4769,0.9548
1.2013,5.1700,1.6896,path,2.0288,5.6200,0.7687,-0.9198,0.7727,1.9291,1.1892,0.6527
0.9661,5.0378,1.3000,path,2.1779,5.9600,0.8209,-0.4365,0.8619,1.7712,1.1883,1.2444
0.5250,3.2479,0.0047,combined,1.7051,7.3800,0.5083,0.5060,0.1396,1.8692,0.4465,0.6646
4.0256,14.4195,1.4470,path,4.6195,5.2800,1.1187,-3.5075,1.9757,1.7114,0.8404,0.9118
0.0222,0.3367,0.0496,stand,0.0000,4.5400,0.0000,nan,nan,0.1574,0.0367,1.1808
1.1866,91.6140,0.2779,path,0.3636,5.5600,0.7098,-0.8494,0.8286,1.0036,0.5504,0.7850
0.5688,7.3178,0.0283,combined,1.1311,5.4200,0.5479,0.2674,0.5021,1.3005,0.3801,1.4501
2.3587,26.7695,1.0831,path,2.4399,5.5000,0.9787,-2.0923,1.0888,1.3724,0.7256,1.3910
0.0427,4.1446,0.0228,stand,0.0000,5.8000,0.0000,nan,nan,0.1641,0.0350,0.3271
0.5461,4.6941,0.1267,combined,1.3925,5.4200,0.5276,-0.5222,0.1596,0.7740,0.2321,0.3519
1.3315,1.3818,1.6344,path,4.8991,6.4600,0.8751,-0.5734,1.2017,2.0423,1.6079,1.1189
1.9195,6.1391,1.3150,path,6.6367,5.0000,1.3464,-1.7584,0.7697,1.7475,1.2740,1.1498
1.7541,55.8227,0.9916,path,3.2141,5.9800,0.7301,1.7434,0.1938,2.1119,1.4379,0.9750
2.8505,0.0373,0.5374,path,0.0630,6.4200,0.7261,-0.2098,2.8428,1.6998,0.6779,0.6740
0.5369,5.2637,0.1220,turn,0.0000,5.7400,0.0000,nan,nan,0.4553,0.1553,0.5614
0.5014,0.6345,0.0454,turn,0.0000,6.0000,0.0000,nan,nan,0.4722,0.1354,0.3538
0.4655,4.9836,0.2165,lateral,0.8560,4.8200,0.4630,-0.0613,0.4615,0.6014,0.2341,0.8006
0.5312,4.3381,0.1002,combined,1.9013,6.1600,0.4526,0.4660,0.2550,1.7396,0.5066,1.3287
0.6147,3.9808,0.1091,combined,0.8020,6.2400,0.1159,0.6082,0.0896,1.2843,0.3673,0.5047
2.6697,126.6547,1.6541,path,2.1924,6.8600,0.9850,-1.7622,2.0055,1.7898,0.7354,0.3924
0.5000,2.1637,0.0787,straight,1.8661,6.4400,0.4994,-0.4997,0.0193,1.0492,0.2562,0.3685
0.5681,5.1671,0.0368,combined,1.5253,5.3000,0.2142,0.5660,0.0494,1.8122,0.5423,0.7640
0.5876,1.6155,0.0539,turn,0.0000,5.2000,0.0000,nan,nan,0.5556,0.2019,1.2150
0.5016,3.7901,0.0979,combined,1.6445,5.8200,0.4986,0.1541,0.4773,1.0821,0.3937,0.0000
0.8862,2.4508,1.7573,path,7.1174,5.4000,0.6267,-0.8010,0.3790,1.9112,1.5766,0.3513
0.0322,0.3544,0.0336,stand,0.0000,7.5200,0.0000,nan,nan,0.1930,0.0328,0.3692
0.7500,7.4652,1.6656,path,5.8218,4.2000,0.5841,-0.6671,0.3428,1.8955,1.4160,0.5463
0.0589,7.9761,0.0136,stand,0.0000,4.2400,0.0000,nan,nan,0.2457,0.0454,0.7414
2.4144,54.2338,1.2293,path,2.1729,7.6400,2.2472,-0.4682,2.3685,2.0636,1.5032,1.4401
0.5338,5.0949,0.2194,turn,0.0000,7.0600,0.0000,nan,nan,0.6832,0.1618,0.9127
0.5239,6.2546,0.0870,lateral,0.5821,7.6200,0.5045,0.0271,0.5232,0.6133,0.1646,0.9191
0.5217,5.8774,0.0714,turn,0.0000,5.0400,0.0000,nan,nan,0.7623,0.1804,0.8192
0.5609,2.1195,0.0026,straight,1.3990,7.0400,0.0141,0.5606,0.0176,1.6486,0.3865,1.2468
1.4682,72.4037,0.4849,path,3.0254,5.8000,1.4156,-1.4426,0.2727,1.4473,0.7323,0.4605
0.4543,5.0373,0.0936,combined,2.0173,7.4400,0.4524,-0.3776,0.2527,1.1889,0.3069,1.2373
1.3855,28.7823,0.5980,path,1.7215,7.1000,0.0735,-1.3840,0.0646,0.6811,0.2743,0.7778
0.4492,0.3172,0.1459,lateral,0.9720,7.3000,0.4326,-0.0799,0.4420,0.6607,0.1894,0.3073
1.0809,1.3948,1.1592,path,1.5193,5.1200,0.6503,-0.7508,0.7775,1.5957,1.2795,0.4479
0.5523,5.5661,0.0239,lateral,0.8754,7.1400,0.5516,-0.0231,0.5518,0.8315,0.2252,1.5744
0.5157,7.2400,0.2053,combined,1.6517,5.6000,0.5157,-0.3837,0.3446,0.8657,0.2744,0.8569
1.3409,5.3115,1.6393,path,4.2326,7.9600,0.1631,-0.2238,1.3220,1.8708,1.2522,1.1531
0.5253,5.6978,0.0595,turn,0.0000,5.5000,0.0000,nan,nan,0.5116,0.1757,1.5835
2.0024,38.7284,1.0339,path,0.3332,7.7600,1.8282,-0.4997,1.9390,1.9070,1.1736,1.1458
1.8879,7.5393,1.2193,path,4.3199,5.9000,1.2409,-1.7539,0.6987,1.7954,1.0848,1.4748
0.6282,2.1934,0.0223,turn,0.0000,5.3000,0.0000,nan,nan,0.6512,0.2214,1.2275
2.7779,13.7424,2.1708,path,5.3518,6.5000,1.5756,-2.3303,1.5120,2.4076,1.6345,0.9166
0.5868,1.4124,0.0284,combined,0.8679,6.0000,0.5825,0.3051,0.5013,0.8618,0.2763,1.1113
0.4929,3.3330,0.0571,straight,0.9686,7.7800,0.4832,-0.4928,0.0039,0.5539,0.1291,1.2480
0.8227,8.3112,1.4527,path,4.9477,6.5200,0.3240,0.0320,0.8220,1.8186,1.4673,1.5061
0.5737,1.5063,0.0056,combined,1.7018,5.8400,0.5644,0.1130,0.5625,0.9163,0.3679,1.2209
0.4277,3.0796,0.1238,lateral,0.7346,6.3000,0.4151,0.0478,0.4250,0.6712,0.1981,1.5558
0.0130,1.7190,0.0217,stand,0.0000,5.5000,0.0000,nan,nan,0.0586,0.0225,1.4472
1.6992,2.9297,2.0244,path,4.5804,5.4800,1.3415,-0.7449,1.5272,2.1336,1.5574,1.1966
0.5363,1.1862,0.0342,turn,0.0000,6.8200,0.0000,nan,nan,0.5453,0.1473,1.1754
0.5115,2.7780,0.0419,lateral,1.0261,7.4000,0.5056,0.0744,0.5061,0.8974,0.2167,1.0004
0.4958,1.3204,0.0357,combined,1.7137,7.9400,0.4840,0.0910,0.4873,1.0988,0.2869,1.4480
2.0392,9.1692,1.2938,path,1.8629,7.4000,0.9059,-1.8862,0.7750,1.3006,0.9283,0.8572
0.4337,3.2178,0.0045,combined,1.6780,6.2200,0.4311,0.3301,0.2813,1.3654,0.4136,0.6780
0.4770,1.3175,1.3721,path,0.0346,7.5000,0.3487,-0.4619,0.1191,1.4761,0.9131,1.0105
0.0221,0.2771,0.0300,stand,0.0000,6.7400,0.0000,nan,nan,0.2506,0.0470,0.5135
0.5250,1.9210,0.0378,combined,1.0406,7.3000,0.5136,0.1508,0.5029,1.1353,0.2769,0.6936
0.4587,1.8186,0.0509,combined,1.2378,6.2000,0.4546,-0.4249,0.1728,0.7233,0.1915,1.0022
0.5480,3.2708,0.0997,combined,1.3596,6.1200,0.5448,0.2350,0.4950,1.2701,0.3474,1.1045
0.6038,7.2236,0.0775,combined,2.0854,4.0200,0.6038,-0.5066,0.3285,1.0036,0.3992,0.6455
0.5514,3.3620,0.0956,turn,0.0000,5.9600,0.0000,nan,nan,0.6678,0.1942,1.1486
0.6554,4.0920,0.0971,straight,0.8465,6.0200,0.0412,0.6543,0.0380,1.5266,0.3923,0.4934
0.9258,0.2550,1.1948,path,3.5928,7.1800,0.7656,0.0176,0.9256,1.7213,1.1753,0.5141
2.3737,4.7271,1.3877,path,7.3914,4.1800,1.9765,-2.3042,0.5699,1.9326,1.4550,0.7617
0.4800,5.8978,0.0914,lateral,1.1496,4.8600,0.4743,0.0372,0.4786,0.6768,0.2862,1.3445
2.6147,148.6302,0.8246,path,3.9786,5.9400,0.7331,-2.6107,0.1455,1.3495,0.6855,1.0887
0.5229,6.8639,0.1246,turn,0.0000,6.9000,0.0000,nan,nan,0.7992,0.1825,0.5927
0.6112,4.5184,0.0268,turn,0.0000,7.6200,0.0000,nan,nan,0.7620,0.1670,1.1122
1.1112,6.9838,1.4684,path,1.1871,4.1200,0.9050,-0.3229,1.0633,1.7497,1.2249,0.6313
2.8701,1.5850,1.1082,path,2.4987,7.0200,1.3398,-2.5479,1.3212,1.6500,0.9067,0.9671
0.5376,4.9754,0.0689,combined,1.4515,5.3400,0.5376,-0.5264,0.1091,0.8286,0.2311,0.8058
0.5051,7.9044,0.0339,combined,1.5350,7.5600,0.4988,0.3853,0.3266,1.1212,0.3222,0.3460
0.5636,5.9284,0.1373,lateral,1.3750,6.7600,0.5505,0.0022,0.5636,0.6374,0.2351,1.5492
2.3378,32.3515,1.7769,path,2.5661,6.2000,1.2967,-2.3057,0.3862,1.7284,0.9212,0.5321
0.0331,0.4063,0.0251,stand,0.0000,6.7200,0.0000,nan,nan,0.1234,0.0392,0.7126
0.4526,4.3623,0.0230,lateral,0.8074,7.5600,0.4526,0.0209,0.4521,0.5992,0.1794,0.5599
0.5083,5.5338,0.0894,turn,0.0000,4.5200,0.0000,nan,nan,0.5033,0.1820,0.4468
1.7524,10.3989,1.6157,path,4.9180,7.3400,1.4388,-0.3848,1.7097,2.0437,1.6167,0.7089
0.5284,4.6404,0.1265,lateral,1.0222,4.9600,0.5284,-0.0898,0.5207,0.6854,0.2667,0.6742
2.1444,15.2369,0.3287,path,2.4556,7.1200,1.1976,-2.1422,0.0984,1.3089,0.5275,0.9055
2.7896,13.8676,0.0823,path,3.2554,7.5200,1.1177,-2.4102,1.4044,1.6498,0.6504,0.8299
0.8815,29.2658,0.3314,path,1.1919,6.6200,0.8038,-0.8713,0.1341,0.6736,0.2247,0.3423
0.5520,2.6600,0.1065,straight,0.2395,4.6000,0.0116,0.5470,0.0744,1.1570,0.3192,1.3248
2.8571,110.7878,1.5504,path,3.6903,5.0000,1.6763,-2.8465,0.2457,2.0338,0.8060,0.9565
1.4432,9.6610,1.3213,path,1.7816,7.2000,1.0235,-1.0610,0.9784,1.7509,0.7679,1.4424
0.5356,7.0557,0.0265,combined,1.7727,7.5000,0.5216,-0.1520,0.5136,0.9842,0.2649,0.3514
0.5348,0.8927,0.0322,straight,0.6962,7.4200,0.5178,-0.5331,0.0418,0.2840,0.0965,1.3612
0.5827,2.3843,0.1389,combined,1.1716,6.6200,0.5702,0.1480,0.5636,1.2856,0.3127,0.4703
0.4592,1.0686,0.0293,combined,0.7718,5.0000,0.4558,-0.3033,0.3448,0.7031,0.1863,0.7223
0.5127,4.5216,0.0812,lateral,0.5908,6.9800,0.4699,-0.0777,0.5068,0.6927,0.1871,1.5159
0.4020,3.2984,0.1089,straight,0.1324,7.9600,0.1324,-0.4019,0.0089,0.3704,0.1210,1.0650
1.7662,3.1077,0.9205,path,4.3655,6.9200,1.3399,-1.5772,0.7951,1.9287,1.1663,1.1188
1.8062,5.9396,1.2114,path,2.0545,6.8200,1.0127,-1.4891,1.0223,1.2785,0.9783,0.9546
1.3078,10.6937,1.0888,path,1.4548,7.6200,0.6985,-1.3077,0.0173,1.2376,0.8254,0.5960
0.5333,3.3425,0.0073,straight,0.6601,6.9400,0.5169,-0.5309,0.0507,0.2487,0.0945,1.4592
0.5651,7.5917,0.6490,path,2.9619,4.6400,0.2603,-0.1523,0.5442,1.6520,1.2748,0.4049
0.0306,2.1063,0.0248,stand,0.0000,7.6600,0.0000,nan,nan,0.0703,0.0247,0.9978
2.6980,1.3386,0.2014,path,1.6125,4.4600,1.1792,-2.5881,0.7624,1.4514,0.7360,0.6346
0.5153,0.7808,0.0813,combined,0.7227,4.5600,0.5108,-0.1671,0.4874,0.7054,0.2349,0.5268
2.0074,8.0264,1.2699,path,4.5038,6.0600,1.3830,-1.8803,0.7030,1.5919,0.9610,0.8877
0.4622,2.8526,0.1857,turn,0.0000,7.3800,0.0000,nan,nan,0.5124,0.1391,1.1773
0.5988,1.5097,0.1104,combined,1.9135,7.5000,0.5778,-0.3730,0.4684,0.8131,0.2455,1.1849
0.0245,2.9769,0.0072,stand,0.0000,4.9800,0.0000,nan,nan,0.1260,0.0275,1.1303
0.0242,2.8210,0.0185,stand,0.0000,4.0400,0.0000,nan,nan,0.1011,0.0313,1.0724
0.0420,3.0135,0.0075,stand,0.0000,5.4600,0.0000,nan,nan,0.1524,0.0301,0.9135
1.2584,29.9870,0.6586,path,0.9042,7.7000,0.8972,-0.9425,0.8338,1.2935,0.6139,1.5819
0.4912,6.9801,0.0462,combined,1.7697,5.7600,0.4912,-0.4432,0.2119,0.8938,0.2851,1.2752
2.5100,24.2411,1.2792,path,1.6940,4.2800,1.2509,2.4356,0.6064,2.0656,1.3408,1.4980
2.6590,3.7390,1.3823,path,2.6348,6.9000,1.3255,-2.5548,0.7371,2.2024,1.3658,0.9017
0.5253,0.5119,0.0870,turn,0.0000,4.4600,0.0000,nan,nan,0.7355,0.2388,0.7888
0.4627,4.8833,0.1504,turn,0.0000,6.8400,0.0000,nan,nan,0.4157,0.1483,0.8913
0.0142,0.9718,0.0328,stand,0.0000,4.0600,0.0000,nan,nan,0.1922,0.0449,1.0841
1.2895,12.7794,1.2396,path,0.2516,4.1600,0.8357,-1.1731,0.5353,1.6024,0.9953,0.5726
0.5594,5.2553,0.0604,straight,0.7359,4.0400,0.0123,0.5587,0.0284,1.5728,0.4730,1.2645
0.5341,2.7891,0.0111,combined,0.7129,4.4600,0.5257,-0.5191,0.1255,0.4791,0.1352,0.9717
0.6074,1.1386,0.2383,combined,1.5152,4.9400,0.6074,0.0886,0.6009,1.2995,0.4747,1.3557
0.0662,3.9396,0.0251,stand,0.0000,4.0000,0.0000,nan,nan,0.3211,0.0630,0.9836
0.5656,4.9299,0.1283,combined,2.0436,4.2600,0.5653,0.4131,0.3862,1.6252,0.6932,0.6156
0.5335,5.5937,0.0980,combined,0.7784,5.4400,0.5189,-0.5326,0.0316,0.4147,0.1280,0.8046
0.5734,3.2672,0.0921,combined,0.9344,4.1200,0.5730,0.3051,0.4854,1.0512,0.4053,1.2806
0.4762,3.2816,0.0854,combined,1.8205,7.8200,0.4704,-0.1167,0.4617,0.8115,0.2853,0.5135
0.5298,2.6730,0.0244,straight,0.8751,4.7200,0.5248,-0.5294,0.0191,0.4273,0.1185,1.0395
0.4905,7.5681,0.1471,lateral,0.0404,7.8200,0.0334,-0.0336,0.4894,0.5635,0.1417,0.6237
0.5641,2.6394,0.1495,turn,0.0000,7.6400,0.0000,nan,nan,0.5336,0.1486,0.8692
0.5701,5.2271,0.1087,combined,0.2128,4.7800,0.1902,0.0886,0.5632,0.9384,0.2565,1.1588
0.0143,2.2180,0.0340,stand,0.0000,4.4400,0.0000,nan,nan,0.0628,0.0235,1.3305
0.5097,3.4670,0.0282,straight,1.8849,7.9400,0.0354,0.5093,0.0196,1.8766,0.4119,0.8947
0.5583,0.1916,0.1157,combined,0.9657,7.6800,0.5493,-0.5370,0.1528,0.5212,0.1265,0.5573
2.0497,81.4180,1.1375,path,5.7516,4.1000,1.2963,-0.0404,2.0493,2.0678,1.4752,0.7615
0.4491,5.2438,0.0113,combined,0.7750,7.4200,0.4268,-0.2389,0.3803,0.5098,0.1479,0.6698
0.7445,5.7486,0.6902,path,0.3064,7.8800,0.5569,-0.5965,0.4455,1.9168,1.1521,0.4180
0.9399,2.7838,1.5992,path,4.3310,7.8000,0.5894,-0.2669,0.9013,1.7723,1.2269,0.5795
0.5130,5.5837,0.1274,combined,0.6976,6.3200,0.5082,-0.5010,0.1100,0.3394,0.1149,0.8856
0.5468,1.7174,0.1407,combined,1.4271,4.5000,0.5429,-0.3740,0.3990,0.7123,0.2426,0.3467
0.5026,3.8967,0.0270,combined,0.3414,5.2200,0.3410,-0.2667,0.4260,0.5203,0.1340,0.5872
1.7998,76.6710,0.6799,path,2.1892,7.5800,1.7303,-0.8388,1.5924,1.9059,0.9778,1.0626
0.4885,2.5921,0.1019,straight,0.2372,7.3000,0.0260,0.4877,0.0293,1.1432,0.2152,1.5654
0.5109,2.4578,0.0854,combined,1.5776,4.1600,0.3523,0.4426,0.2551,1.5779,0.6665,0.0000
0.5532,3.0950,0.0462,straight,1.3222,5.5400,0.0242,0.5479,0.0763,1.7812,0.5000,1.0683
0.5438,3.8038,0.1411,combined,1.0247,4.2000,0.5395,-0.5089,0.1918,0.6135,0.1932,0.4786
2.7014,51.0269,1.5249,path,6.0654,7.4000,2.4730,0.2911,2.6856,1.9783,1.5268,0.6958
0.5572,2.2492,0.0377,combined,1.2515,7.9800,0.5511,-0.1664,0.5317,0.6495,0.1850,1.5212
0.4888,3.4379,0.0813,turn,0.0000,4.7800,0.0000,nan,nan,0.4385,0.1432,1.5760
1.3323,20.1184,0.6220,path,1.0158,4.9600,0.2152,-1.3256,0.1341,1.0956,0.3936,0.4913
0.5794,1.9372,0.0911,lateral,1.0020,5.5800,0.5794,-0.0403,0.5780,0.5648,0.2323,0.8998
0.5640,2.6247,0.0438,combined,1.1322,4.6600,0.5582,-0.2988,0.4783,0.8486,0.2455,1.2776
0.5237,4.9188,0.1207,combined,1.6455,4.2200,0.5207,-0.5188,0.0713,1.0707,0.3290,0.9739
0.4485,4.1281,0.0905,straight,0.3456,4.6800,0.0461,0.4484,0.0104,1.1479,0.3130,0.9293
2.1771,3.2989,1.0517,path,4.2581,6.2000,1.3328,-2.0781,0.6492,1.3869,0.9555,0.7740
0.6205,0.6314,0.0206,combined,1.6425,4.4000,0.6195,-0.2486,0.5685,1.0359,0.3846,0.4670
1.4072,167.1586,0.6948,path,2.4217,4.5200,1.0723,-1.4071,0.0121,1.4592,0.6105,0.9517
0.6060,2.2280,0.0586,straight,1.0411,7.4200,0.5882,-0.6029,0.0617,0.4972,0.1245,0.5184
1.2553,8.7270,0.5562,path,1.3807,5.0200,1.0565,-0.7830,0.9812,1.6903,0.7052,1.2193
1.8800,11.0842,0.6806,path,1.6511,6.9600,0.8263,-1.8484,0.3429,1.3764,0.7883,0.8348
0.5432,3.2211,0.0436,combined,1.8562,6.3800,0.5217,-0.5269,0.1321,1.1017,0.2690,1.0339
0.0220,1.0278,0.0210,stand,0.0000,4.1400,0.0000,nan,nan,0.1734,0.0391,0.5656
0.0122,0.7700,0.0253,stand,0.0000,5.4000,0.0000,nan,nan,0.1988,0.0312,1.0335
1.5647,94.4338,0.8634,path,2.9983,4.5400,1.5492,-1.4570,0.5703,1.3757,0.7799,0.4600
0.5678,4.2853,0.0690,turn,0.0000,6.9600,0.0000,nan,nan,0.5671,0.1633,0.3710
1.6119,0.3983,0.2487,path,2.0845,7.0600,1.0335,-1.4730,0.6547,1.9246,0.5911,1.2169
0.0159,0.3524,0.0111,stand,0.0000,5.7800,0.0000,nan,nan,0.0669,0.0260,1.1119
1.7399,13.0648,1.1395,path,1.2826,5.4400,0.9745,-1.6138,0.6503,1.3857,0.9293,0.3090
0.5068,2.9479,0.1441,lateral,0.3263,4.6200,0.3048,-0.0335,0.5056,0.7008,0.2148,0.6746
1.0442,6.8919,0.8305,path,3.3363,4.8600,0.6208,0.9202,0.4935,2.1339,1.3425,0.8233
0.5750,0.4676,0.1113,straight,0.8890,6.9000,0.0734,0.5735,0.0412,1.4496,0.3267,1.0660
1.1252,2.5573,1.5137,path,5.2990,4.1600,0.9608,-1.0458,0.4152,1.8205,1.2805,0.6501
0.5177,5.6955,0.1110,lateral,0.8553,5.8000,0.5124,0.0710,0.5128,0.7168,0.2204,1.1901
2.9386,9.3732,1.0955,path,7.4178,4.9200,2.5141,-2.2225,1.9226,1.8848,1.4518,1.0714
0.5489,5.2239,0.0665,combined,1.1542,5.8400,0.5345,0.1688,0.5223,1.1189,0.3225,0.7234
0.5700,5.4540,0.0555,lateral,1.4888,6.0200,0.5636,0.0476,0.5680,0.8056,0.2835,0.6655
2.7259,34.8949,1.3123,path,5.0391,4.0600,1.7479,-1.8714,1.9821,1.7954,1.2426,0.8737
1.4068,57.1081,1.0089,path,2.8978,5.7000,1.2495,-1.4026,0.1096,1.5774,0.9215,0.5993
0.5061,5.6742,0.0334,lateral,0.4840,4.1000,0.4258,-0.0154,0.5059,0.9235,0.2758,0.3519
1.1914,11.1432,1.2440,path,0.4686,5.5000,0.8256,-0.8410,0.8439,1.6764,1.2862,0.3947
1.3969,8.6548,1.4371,path,2.2540,4.0000,1.3969,1.3591,0.3225,2.2034,1.5036,0.9443
0.6229,4.0492,0.0411,straight,0.9498,6.0200,0.6062,-0.6227,0.0139,0.5077,0.1326,0.7170
2.2201,37.9793,1.9293,path,6.8984,4.4800,2.0183,-1.2778,1.8155,2.2218,1.7923,0.3100
0.5684,3.4712,0.2994,combined,1.7240,4.4800,0.5684,0.1377,0.5514,1.4352,0.5126,0.8364
2.4392,0.1885,0.7459,path,2.4164,6.7200,1.1617,-1.8819,1.5518,1.8562,1.0606,1.4683
0.5606,9.1650,0.0764,combined,1.2477,4.4000,0.5606,0.0031,0.5606,1.0928,0.3821,0.6646
1.0967,70.3619,0.5068,path,0.3796,4.4200,0.8585,-0.1739,1.0828,1.9891,0.8534,0.3565
0.5503,3.7196,0.1694,combined,1.8176,6.4200,0.5146,0.4891,0.2522,1.6367,0.4763,1.1950
3.1842,49.3794,1.0984,path,3.0264,4.3000,1.4985,-1.3666,2.8761,1.7352,1.0667,1.1787
0.5072,6.3383,0.0716,straight,0.6212,6.8400,0.4937,-0.4949,0.1112,0.2271,0.0906,1.0865
0.4773,3.5063,0.0674,turn,0.0000,5.2200,0.0000,nan,nan,0.8681,0.2060,0.5383
0.0069,1.9582,0.0817,stand,0.0000,7.6600,0.0000,nan,nan,0.1591,0.0367,1.5132
0.6104,2.0439,0.1648,turn,0.0000,5.6600,0.0000,nan,nan,0.6912,0.2180,1.0051
0.8895,3.5498,1.2599,path,4.6201,4.3800,0.6613,-0.7972,0.3945,1.7898,1.2949,1.4537
0.5786,3.5774,0.0244,straight,0.2842,6.8200,0.0254,0.5772,0.0401,1.2189,0.2386,1.4721
0.5066,1.2208,0.0549,straight,0.6069,4.3000,0.5045,-0.5057,0.0299,0.2421,0.0963,0.3685
2.4163,3.1804,1.2060,path,1.7585,5.1000,1.9111,-0.1984,2.4081,1.9554,1.2918,1.2341
0.0168,1.5177,0.0209,stand,0.0000,5.2600,0.0000,nan,nan,0.1036,0.0249,0.9922
0.5191,3.8657,0.0565,combined,1.3424,6.0600,0.4239,0.4313,0.2888,1.6184,0.4416,1.0433
2.2548,49.2052,1.1110,path,3.3407,7.3600,2.2187,-0.9941,2.0238,2.2049,1.2848,1.4607
1.0655,22.0223,1.6052,path,4.2944,5.1200,0.6858,-0.2766,1.0289,1.9260,1.2850,0.7145
0.5926,0.7531,0.0415,combined,1.3241,5.7800,0.5926,0.2086,0.5546,0.9433,0.3488,1.0584
2.4745,9.9957,1.2959,path,3.9770,7.1400,1.3751,-2.4729,0.0897,1.3716,0.8551,0.7114
0.4368,5.6022,0.0914,lateral,0.3506,7.6200,0.3203,0.0151,0.4365,0.7008,0.1702,0.3983
0.4627,4.7646,0.1335,combined,1.1868,7.4600,0.4627,0.2731,0.3735,1.0652,0.2958,1.1708
0.9939,60.6913,0.4136,path,1.5926,5.6200,0.5132,-0.8425,0.5273,1.1914,0.5781,1.3175
0.4308,5.3023,0.1136,lateral,1.2940,7.5400,0.4299,-0.0965,0.4199,0.6819,0.1964,1.4168
1.4147,5.0604,0.7366,path,0.6217,6.2000,0.6406,-0.9853,1.0152,1.7699,0.6848,1.1451
0.5570,3.0919,0.1415,lateral,1.2885,6.4200,0.5460,-0.0687,0.5528,0.8165,0.2530,1.3970
0.5388,1.5183,0.0236,straight,0.6226,5.4200,0.0311,0.5386,0.0147,1.4046,0.3317,1.3160
0.5926,2.9117,0.0866,combined,2.0341,6.3800,0.5796,-0.0549,0.5900,1.0574,0.3428,0.7567
0.5786,5.6109,0.1215,combined,0.9188,5.5200,0.5573,-0.1995,0.5431,0.6374,0.2228,0.7141
0.4480,2.1285,0.0322,turn,0.0000,5.7400,0.0000,nan,nan,0.3630,0.1270,1.0820
0.5247,5.1889,0.0460,straight,1.5236,6.0000,0.5174,-0.5243,0.0207,0.8420,0.2266,1.1115
0.5280,1.8208,0.0228,lateral,0.5823,6.4400,0.4582,0.0229,0.5275,0.6040,0.1814,1.5912
1.5774,13.1635,0.8409,path,3.4381,5.8400,1.1525,-1.3381,0.8353,1.7612,1.0306,1.0110
0.0231,2.0528,0.0263,stand,0.0000,7.2000,0.0000,nan,nan,0.2237,0.0341,1.4945
1.4578,10.1961,1.0611,path,2.9113,4.8600,1.1319,-1.4106,0.3680,1.7607,1.0235,0.4912
0.5152,1.1383,0.0674,combined,0.5173,4.8600,0.5118,-0.4067,0.3163,0.5134,0.1445,0.9127
2.0079,22.6422,1.1380,path,0.7972,5.3600,0.3851,1.1833,1.6222,1.6735,0.7533,0.7323
0.7097,41.8045,0.7800,path,0.0097,7.3200,0.6259,-0.0995,0.7027,2.0900,0.6099,0.3576
0.6260,4.3923,0.0364,straight,1.8126,5.0600,0.0439,0.6254,0.0282,2.0089,0.6344,0.5047
2.0902,4.1683,1.6523,path,4.6944,7.0200,0.9097,-0.6420,1.9892,1.7671,1.1127,1.4162
0.5319,4.0492,0.0403,lateral,1.1426,4.4200,0.5275,0.0074,0.5319,0.8825,0.3135,1.0004
0.0453,0.9883,0.0259,stand,0.0000,4.8800,0.0000,nan,nan,0.2053,0.0363,0.8569
2.3827,30.5270,1.0838,path,1.9034,4.7400,1.9067,-1.3227,1.9819,1.8673,1.5053,0.4746
0.6235,1.9464,0.1853,combined,0.9568,4.3800,0.6156,-0.1935,0.5927,0.5964,0.2734,0.5135
1.5130,46.5448,0.9695,path,1.4276,5.1400,1.4563,-0.9305,1.1931,1.7782,1.0515,0.8136
0.5292,4.4807,0.0030,combined,1.4491,4.3600,0.2153,0.5263,0.0554,1.7546,0.6029,1.1045
1.0294,3.7478,1.4965,path,5.6351,5.6600,0.7724,-0.9078,0.4852,1.8693,1.4103,0.4126
3.4021,92.8829,1.4080,path,6.0726,6.4000,0.6959,-2.9270,1.7341,1.9359,0.9679,1.3808
0.5458,5.2111,0.1035,combined,2.1673,6.9000,0.5361,0.1576,0.5226,1.5729,0.4114,1.1919
0.5774,5.1525,0.1192,straight,1.3965,4.0400,0.5742,-0.5755,0.0475,0.7290,0.2444,0.7126
1.4577,3.0475,1.1024,path,3.9719,7.3800,0.9492,-1.4434,0.2035,1.3779,1.0011,1.3946
1.2300,17.0260,0.7641,path,3.0696,5.4800,0.8536,-1.1967,0.2840,1.7720,1.0458,1.3111
2.6758,21.4071,0.8799,path,3.5030,7.6800,2.3379,-1.1798,2.4016,1.8394,1.1424,0.6020
0.5952,2.6224,0.0272,combined,1.3289,7.2800,0.5739,-0.0059,0.5951,0.9020,0.2383,1.3441
1.7009,106.6713,1.7023,path,3.0525,6.8000,0.3548,-1.6994,0.0718,1.7855,1.0220,0.6862
0.5371,3.0473,0.0590,lateral,0.6847,5.9800,0.4985,0.0537,0.5344,0.8182,0.2317,0.0000
2.0136,2.9249,0.8416,path,3.6647,4.3000,1.2757,-1.9958,0.2670,1.4400,0.7220,1.4467
0.5291,4.9415,0.0246,lateral,1.0135,6.2000,0.5158,-0.0053,0.5291,1.0134,0.2611,0.8067
0.5477,6.0104,0.0310,lateral,0.0557,7.3600,0.0510,-0.0413,0.5462,0.8576,0.1685,0.4777
0.0183,0.3351,0.0704,stand,0.0000,5.6000,0.0000,nan,nan,0.1240,0.0488,0.5614
0.4690,4.0168,0.0765,combined,1.4798,7.6600,0.4680,0.2373,0.4045,1.0569,0.2880,1.1895
1.8225,0.4790,1.3817,path,2.1996,4.9200,1.4106,-1.2670,1.3101,2.0244,1.2123,1.1329
0.5443,1.5521,0.0731,combined,1.3233,4.7200,0.5443,-0.2521,0.4823,0.6898,0.2672,0.6936
1.3976,1.5195,0.9777,path,1.8801,6.9200,0.6895,-1.3830,0.2014,1.4774,1.0041,1.3340
0.4555,6.0437,0.1351,turn,0.0000,5.4600,0.0000,nan,nan,0.4678,0.1492,1.2373
0.7907,123.6168,0.4595,path,1.5473,7.6000,0.4541,0.6630,0.4308,1.7386,1.0813,1.0925
0.5095,2.5436,0.1044,combined,0.7581,7.2000,0.4962,-0.1032,0.4989,0.6571,0.1728,1.2367
0.5242,5.4471,0.0867,combined,0.5050,5.5400,0.1185,0.4953,0.1717,1.0491,0.2705,0.8192
0.5094,2.0202,0.0082,lateral,1.4893,5.8400,0.4874,0.0968,0.5001,0.7848,0.3162,0.3538
0.5485,3.2450,0.0273,turn,0.0000,6.9600,0.0000,nan,nan,0.5895,0.1512,1.1971
0.5284,5.8696,0.1012,straight,1.8740,6.0600,0.5268,-0.5237,0.0701,1.0643,0.2775,1.4501
0.4453,3.5247,0.1272,straight,1.2153,5.9200,0.0186,0.4452,0.0082,1.5488,0.4190,0.8006
0.4855,2.1675,0.1395,turn,0.0000,7.9000,0.0000,nan,nan,0.5513,0.1273,0.6305
0.4869,2.8906,0.2368,lateral,1.0746,5.3200,0.4869,-0.0740,0.4812,0.6968,0.2427,1.2480
0.6069,0.6672,0.0980,turn,0.0000,7.3400,0.0000,nan,nan,0.7063,0.1944,1.5152
0.5507,5.2697,0.0664,straight,0.4274,4.8800,0.0313,0.5492,0.0412,1.2134,0.3670,1.1486
0.5321,3.2145,0.0683,lateral,0.3418,7.1800,0.3307,0.0183,0.5317,0.9061,0.2046,1.0200
0.5584,3.5702,0.0890,turn,0.0000,7.9000,0.0000,nan,nan,0.7058,0.1646,0.4513
1.7907,8.5804,0.6749,path,5.9048,6.0400,1.3825,-1.3099,1.2209,2.1185,0.9614,1.1053
0.0107,5.3764,0.0240,stand,0.0000,5.3400,0.0000,nan,nan,0.1427,0.0342,1.5558
0.4714,0.3105,0.0998,lateral,0.2131,6.7400,0.2116,-0.0291,0.4705,0.5946,0.1538,1.2073
0.4523,2.4080,0.0595,combined,1.7451,4.3000,0.4523,-0.3477,0.2893,1.0484,0.3502,1.0650
0.4636,1.2387,0.1737,combined,1.8831,7.5200,0.2645,0.4579,0.0725,1.4991,0.4091,1.4484
0.5293,5.4112,0.1147,straight,1.4997,7.2600,0.0238,0.5292,0.0033,1.7655,0.4011,1.4073
0.4984,7.0426,0.1830,straight,0.8010,6.0000,0.0010,0.4981,0.0146,1.4811,0.3460,0.3692
0.5274,3.2969,0.0763,lateral,0.8127,6.7400,0.5201,-0.0522,0.5249,0.7322,0.1922,1.2157
0.5628,6.9907,0.0424,straight,1.5082,4.9800,0.5519,-0.5593,0.0628,1.1450,0.2380,0.6758
0.5463,5.5534,0.0648,combined,1.9404,6.3200,0.5463,-0.5194,0.1695,1.1720,0.2839,0.3271
0.5361,1.2826,0.0478,turn,0.0000,4.4000,0.0000,nan,nan,0.5579,0.2375,1.1181
1.2302,6.4192,1.1669,path,1.4581,6.0400,0.6739,-0.0142,1.2302,1.6521,1.3072,1.5673
1.0615,47.8370,0.7644,path,0.5672,4.9800,1.0514,-0.4965,0.9382,1.5047,0.5506,0.8586
0.5416,4.2765,0.0888,combined,2.0066,7.9400,0.5218,-0.3733,0.3925,1.1209,0.2581,0.6967
0.6077,0.1001,0.1450,lateral,0.1778,7.9800,0.1733,-0.0507,0.6055,0.9244,0.2038,1.2824
0.5214,8.1398,0.0312,combined,1.1644,4.0200,0.5214,-0.1299,0.5050,0.9875,0.3465,0.8913
0.5207,5.0909,0.0684,lateral,0.0059,5.0400,0.0038,0.0462,0.5186,0.8814,0.2347,0.5927
3.0205,8.1251,1.6786,path,7.0497,5.0600,1.4365,-2.9830,0.4746,1.7294,0.8799,1.5389
1.8347,8.4017,1.2608,path,3.9421,5.7400,1.1343,-1.6193,0.8625,1.6446,1.1542,0.7983
0.5493,8.5180,0.1790,combined,1.4547,6.2600,0.1193,0.5482,0.0338,1.7362,0.4611,0.7640
0.5436,6.0003,0.1368,lateral,0.3558,7.5000,0.3008,-0.0186,0.5432,0.9042,0.1749,0.5670
0.5215,5.6493,0.1377,lateral,0.4423,6.2200,0.3777,0.0174,0.5212,0.5628,0.1624,0.9191
2.8645,2.2160,0.7687,path,7.4386,6.2200,2.4918,-2.2675,1.7503,1.7986,1.2832,0.7248
0.6348,2.8190,0.1269,lateral,0.1057,7.0200,0.1003,-0.0348,0.6339,0.4980,0.1607,0.6209
0.5808,5.2585,0.1399,lateral,1.2212,6.7600,0.5604,-0.0479,0.5788,0.8245,0.2508,0.8660
2.3422,11.8525,1.1751,path,4.2091,4.7000,1.2022,-2.0787,1.0793,1.6199,0.9543,0.3680
0.5508,3.7508,0.0496,combined,1.5722,7.2400,0.5450,0.3011,0.4612,1.3063,0.3585,0.9228
0.0218,0.4194,0.0251,stand,0.0000,5.8400,0.0000,nan,nan,0.1246,0.0417,1.1754
0.5594,0.9913,0.0606,lateral,1.2480,7.3800,0.5524,-0.0702,0.5550,0.9468,0.2393,0.9662
2.6073,76.1989,1.2338,path,2.1427,5.1200,1.3387,-2.6027,0.1545,1.5065,0.7089,1.3083
0.5437,4.5779,0.0590,straight,1.0195,6.3200,0.0132,0.5435,0.0155,1.6621,0.3873,1.2468
0.5372,5.9813,0.0557,combined,2.1943,5.2000,0.5372,-0.1527,0.5151,1.1265,0.4086,0.4468
0.5228,5.9529,0.0026,combined,1.8794,6.1600,0.5228,-0.5190,0.0635,1.1053,0.2876,1.5835
2.1713,1.6140,1.5483,path,0.9446,7.2600,1.4236,0.5323,2.1051,2.0278,1.5333,0.3746
0.4732,4.5986,0.1574,combined,1.6728,4.7000,0.4690,-0.4138,0.2295,1.0262,0.3066,0.5268
2.8120,3.1567,1.1116,path,4.2103,6.9800,1.0806,-2.8081,0.1478,1.5931,0.8620,0.5755
0.5027,5.5714,0.1462,turn,0.0000,5.0200,0.0000,nan,nan,0.5410,0.1433,1.5159
0.5633,5.4707,0.1417,turn,0.0000,4.0600,0.0000,nan,nan,0.8829,0.2689,1.1588
0.5567,2.7177,0.0363,combined,1.3957,6.4800,0.5535,-0.3066,0.4647,0.7033,0.2147,1.5744
0.5002,4.4663,0.1653,lateral,0.4735,6.8400,0.4132,0.0331,0.4991,0.8873,0.2096,1.3287
0.7269,5.1648,1.0736,path,3.6406,7.2600,0.4905,-0.7247,0.0566,1.8927,1.2361,1.4752
0.5560,3.4264,0.0457,lateral,0.0042,7.4400,0.0017,0.0104,0.5559,1.0737,0.1772,0.6993
2.2905,30.2979,1.7389,path,1.7458,7.2400,0.4846,1.3929,1.8183,2.0093,1.3212,0.6365
1.7997,13.7656,1.8579,path,2.5206,6.3200,0.5934,-1.7409,0.4565,2.0608,1.1288,1.1017
0.5258,1.3063,0.0901,lateral,0.4546,4.7800,0.4284,-0.0325,0.5247,0.7965,0.2365,1.1303
1.6223,17.5891,1.5126,path,0.5542,7.6200,0.8693,1.5462,0.4909,1.8567,1.0194,1.2856
0.0174,3.3389,0.0195,stand,0.0000,7.6200,0.0000,nan,nan,0.2006,0.0307,1.1495
1.8124,4.3108,1.3406,path,2.9500,5.6400,1.1969,-1.7960,0.2433,1.8700,1.1780,1.2262
0.4441,6.5719,0.1077,turn,0.0000,4.2400,0.0000,nan,nan,0.4752,0.1671,0.6698
1.3032,7.7284,0.6278,path,2.3113,6.4600,1.0599,-1.3016,0.0660,2.1771,0.8148,0.8764
0.5723,3.6106,0.1212,combined,1.4851,4.8800,0.5521,-0.4973,0.2831,0.7133,0.2698,1.0724
3.1921,7.6630,2.0920,path,8.3023,6.7000,1.2240,-2.3452,2.1656,2.3305,1.5700,1.1879
3.2606,27.7892,1.6742,path,3.4082,6.8000,0.8081,-2.3520,2.2583,2.1333,1.0487,1.2599
0.5592,6.8415,0.0275,lateral,0.9071,7.9600,0.5399,-0.0831,0.5530,0.8639,0.2042,1.5140
2.6901,14.0864,0.8878,path,1.1233,5.2600,2.3318,-0.1531,2.6857,1.7237,1.1629,0.3188
0.4976,2.1928,0.1055,straight,0.6588,6.9400,0.4806,-0.4900,0.0866,0.2573,0.0993,0.0000
1.2555,19.5418,1.7145,path,2.1913,5.2000,0.8280,-0.0736,1.2533,1.9598,1.2677,0.8498
0.5934,1.6162,0.0547,turn,0.0000,6.5400,0.0000,nan,nan,0.5482,0.1689,1.1113
0.5608,3.8302,0.0465,combined,1.9439,5.8800,0.5606,-0.5217,0.2059,0.8948,0.2812,0.8058
0.5030,5.2087,0.1180,lateral,0.5013,7.8200,0.4334,-0.0410,0.5013,0.8916,0.1915,0.6564
1.6068,87.8624,0.1901,path,4.4225,5.0200,1.4101,0.3712,1.5633,2.2663,1.2067,1.1286
2.2156,57.3343,1.1353,path,4.3849,5.7600,2.1308,-1.8104,1.2773,2.0382,1.3803,0.7711
0.4406,4.8957,0.0371,lateral,1.3531,6.4200,0.4401,-0.0051,0.4406,0.7501,0.2445,0.6780
0.5536,3.3102,0.0390,straight,1.9316,5.9600,0.0408,0.5532,0.0226,1.9736,0.5471,1.5492
0.4234,5.9722,0.1258,combined,0.4630,7.0400,0.4218,-0.3950,0.1526,0.3204,0.1030,0.3073
1.1887,22.7989,0.4014,path,2.1419,7.8000,1.0350,-0.2965,1.1511,1.8839,1.1101,0.9621
1.0672,0.9222,1.7745,path,6.6523,4.1600,0.3386,-1.0621,0.1043,1.8658,1.3640,0.8887
0.4731,4.2017,0.1100,lateral,0.5510,4.6400,0.4589,-0.0603,0.4693,0.6170,0.2117,1.3305
3.0451,157.4974,0.5873,path,4.2516,4.6200,1.8768,-0.8973,2.9099,2.2414,1.4679,0.6309
0.5976,0.8404,0.0912,turn,0.0000,7.2800,0.0000,nan,nan,0.6968,0.1837,1.2150
0.4441,3.2258,0.1910,turn,0.0000,5.5400,0.0000,nan,nan,0.3913,0.1414,0.9978
0.6309,2.0899,0.1562,lateral,1.2918,6.8800,0.6272,-0.0257,0.6304,0.9054,0.2529,1.2275
0.5065,2.4468,0.1909,straight,0.0610,4.5000,0.0054,0.5061,0.0192,0.8863,0.2377,0.5872
3.5049,150.6099,1.8215,path,5.3411,5.9400,0.9975,-3.5005,0.1755,2.1593,1.1622,0.3078
0.5847,2.2689,0.0280,lateral,0.6691,4.8000,0.5144,-0.0121,0.5846,0.4577,0.2041,0.8692
0.5832,4.5563,0.0229,lateral,0.7155,4.8800,0.5499,-0.0953,0.5754,0.7075,0.2446,1.2806
1.5310,34.4779,0.4995,path,7.3716,7.8000,0.8243,-1.5285,0.0869,2.2227,1.3663,0.8537
0.5564,2.8800,0.0350,lateral,0.5158,5.4200,0.4421,0.0835,0.5501,1.1148,0.2500,0.9135
0.0163,1.0441,0.0100,stand,0.0000,7.8200,0.0000,nan,nan,0.0658,0.0290,1.1808
0.5472,3.9532,0.1244,lateral,0.7703,5.0600,0.5449,0.0424,0.5456,0.8680,0.2725,1.2645
0.5620,1.6179,0.1394,turn,0.0000,5.1000,0.0000,nan,nan,0.7781,0.2469,1.3557
2.4858,22.6288,0.9724,path,1.8809,6.6000,0.9219,-1.1616,2.1977,1.7125,0.9165,1.0028
0.5363,5.7436,0.0056,turn,0.0000,7.5400,0.0000,nan,nan,0.5577,0.1416,0.7414
1.1441,8.0653,1.8756,path,2.4245,7.4600,0.1230,0.7370,0.8751,1.9075,1.3709,0.8058
0.5331,3.8628,0.0233,turn,0.0000,4.0600,0.0000,nan,nan,0.7093,0.2332,1.0339
0.8350,4.1866,0.3034,path,0.7515,4.2200,0.7953,-0.5852,0.5956,1.1099,0.4095,1.5716
0.5409,4.5964,0.0801,lateral,0.8720,4.5000,0.5353,-0.0434,0.5391,1.0296,0.2989,0.9739
0.5758,3.0250,0.0160,lateral,0.3553,7.2800,0.3185,0.0222,0.5753,0.5551,0.1588,1.2209
0.5288,6.3015,0.1328,lateral,0.6567,5.5000,0.5233,0.0475,0.5266,0.8204,0.2552,1.0841
1.3289,12.0492,0.5700,path,2.3829,7.2000,0.6761,-1.3241,0.1126,1.2938,0.4830,0.4289
1.1166,1.5426,1.8313,path,0.6357,7.1400,0.7503,1.0509,0.3775,1.8725,1.1758,1.2963
1.5186,32.5766,0.6148,path,0.7328,6.6600,1.5131,-0.0606,1.5174,1.7597,0.8400,0.5912
0.4894,2.2932,0.0776,combined,1.1605,5.4800,0.4855,0.2369,0.4282,1.3004,0.3874,0.5135
0.9807,7.9858,0.6286,path,1.6838,4.0000,0.9139,-0.7708,0.6065,1.4191,0.6641,0.7129
0.0088,1.5555,0.0246,stand,0.0000,6.8600,0.0000,nan,nan,0.1293,0.0295,1.1122
0.5367,5.4535,0.0568,straight,0.9529,6.3200,0.0383,0.5332,0.0614,1.6246,0.3724,1.4592
0.5371,4.8121,0.0131,lateral,1.4072,5.4800,0.5269,-0.0571,0.5341,0.7848,0.2872,1.0395
0.4793,2.2802,0.0718,combined,1.0315,7.1400,0.4730,0.1394,0.4586,0.9544,0.2660,0.9704
0.4591,6.5452,0.1455,combined,1.3003,7.2200,0.4564,-0.4475,0.1028,0.8027,0.1920,1.0022
1.5405,6.2659,0.6077,path,2.4655,6.4200,1.0349,-1.5405,0.0103,1.9872,1.0759,0.7162
0.4905,3.7349,0.1700,turn,0.0000,7.4600,0.0000,nan,nan,0.6898,0.1580,1.4480
0.9033,4.5503,0.7022,path,1.3686,5.3600,0.8623,-0.6381,0.6394,1.5992,0.6412,1.1801
0.5405,2.7742,0.1269,straight,1.7609,6.6600,0.1140,0.5357,0.0719,1.6610,0.4731,0.3514
1.7819,4.5100,0.7454,path,0.3104,6.7000,0.9122,-0.2955,1.7572,1.8062,0.8932,1.3489
0.0905,7.6468,0.0079,stand,0.0000,5.6000,0.0000,nan,nan,0.2582,0.0453,0.9823
0.0051,1.0850,0.0454,stand,0.0000,6.9000,0.0000,nan,nan,0.1485,0.0329,0.5599
0.4937,5.9001,0.1488,combined,0.1838,4.1200,0.1833,0.0574,0.4904,0.5032,0.1664,1.0865
1.9344,3.9550,1.1161,path,2.7008,6.2800,1.3118,-1.9138,0.2813,1.5936,1.1488,1.3778
0.6301,4.4426,0.0878,straight,0.0625,7.2200,0.0615,-0.6268,0.0643,0.7191,0.1770,0.4934
1.0493,4.1354,1.5554,path,3.5070,7.1800,0.6887,0.3253,0.9976,1.7819,1.3589,0.4775
0.5784,0.2786,0.1044,turn,0.0000,7.7000,0.0000,nan,nan,1.0961,0.2081,1.4472
0.0178,2.3715,0.0221,stand,0.0000,4.3400,0.0000,nan,nan,0.1286,0.0326,0.3519
0.6801,9.7888,1.4884,path,5.4025,5.2400,0.2259,-0.1441,0.6646,1.8962,1.3510,0.5873
0.5548,3.6352,0.0244,turn,0.0000,6.8800,0.0000,nan,nan,0.5302,0.1730,1.3248
0.5290,1.2701,0.0876,straight,1.3635,6.1200,0.0331,0.5220,0.0862,1.4876,0.4422,0.7888
1.5100,3.3462,1.1459,path,1.5014,5.9000,1.0683,-1.3651,0.6455,1.6245,1.1645,1.4936
0.0280,1.0310,0.0234,stand,0.0000,6.8200,0.0000,nan,nan,0.1710,0.0336,1.3612
0.5233,3.1005,0.0636,turn,0.0000,5.7600,0.0000,nan,nan,0.5944,0.1472,0.8947
0.5689,1.9983,0.1580,combined,2.0323,6.8200,0.5689,-0.3115,0.4760,1.0325,0.2894,0.4703
0.5210,0.1591,0.0631,straight,0.5771,7.9000,0.5077,-0.5144,0.0830,0.2803,0.0814,1.3527
0.5500,5.0269,0.0482,combined,0.7660,7.6000,0.5205,-0.4954,0.2389,0.3363,0.0942,0.6455
0.5628,2.2251,0.0594,lateral,1.4782,5.7600,0.5516,-0.0567,0.5599,0.7571,0.2851,0.3467
2.8170,1.5872,1.3947,path,2.7340,5.1800,1.9615,-2.7521,0.6014,1.7239,1.2107,0.8247
0.4788,4.5230,0.0506,combined,0.6142,6.0200,0.4664,0.1665,0.4489,0.5618,0.2009,0.6237
0.5291,4.8717,0.0651,turn,0.0000,5.8200,0.0000,nan,nan,0.5277,0.1508,0.8856
1.2231,2.4134,1.2069,path,3.4803,6.4200,0.8069,-1.2199,0.0877,1.3756,0.9822,1.2368
1.2051,8.1236,1.5026,path,0.3631,6.0400,0.6393,1.0904,0.5131,1.6730,0.9617,1.0130
1.9242,8.5950,2.1305,path,2.6708,7.5000,0.0692,-1.9219,0.0946,2.2673,1.4198,0.8054
1.2995,6.2641,1.2752,path,2.2286,5.1400,0.7922,-0.8271,1.0022,1.6526,1.2329,0.8894
0.5673,1.4420,0.1160,straight,1.5576,5.1600,0.0691,0.5657,0.0435,1.7270,0.5691,0.3710
0.5417,0.8019,0.0873,combined,1.2522,4.7600,0.5417,0.0157,0.5415,0.9793,0.3404,1.5132
0.5880,2.2230,0.0630,straight,1.3259,6.8800,0.5747,-0.5875,0.0236,0.7039,0.1769,1.1849
0.5280,2.1076,0.1241,combined,1.1103,6.4400,0.5136,0.3373,0.4063,1.5004,0.3565,0.8046
0.6220,2.5779,0.0873,combined,1.1783,4.7800,0.6220,0.0893,0.6155,1.0711,0.3954,1.0051
0.5258,7.6428,0.1787,straight,0.9891,7.6600,0.0477,0.5253,0.0227,1.6555,0.3226,0.6742
0.4545,4.8465,0.1980,combined,1.2092,7.8800,0.4462,-0.0315,0.4535,0.8597,0.2068,1.3445
0.5841,5.4301,0.1650,combined,0.3257,6.6400,0.1832,0.4979,0.3054,0.9842,0.2745,1.1502
0.6146,3.4724,0.0308,straight,0.2509,6.5800,0.2505,-0.6141,0.0246,0.5110,0.1195,0.9836
0.5029,3.3346,0.1278,straight,1.1565,7.8800,0.0121,0.4920,0.1042,1.4616,0.3217,0.3460
1.9446,12.1955,1.1854,path,1.9861,7.0200,0.9866,-1.6038,1.0997,1.4887,0.8980,1.4439
0.5296,5.2602,0.0676,combined,1.5898,6.6800,0.5140,-0.4271,0.3131,0.8281,0.2248,0.6156
0.5957,0.0558,0.0980,combined,2.1455,4.7600,0.5837,-0.5856,0.1092,1.1348,0.3646,1.0584
1.6604,9.9454,1.4162,path,1.4716,4.8200,1.1705,-1.6602,0.0264,1.8223,1.2410,0.8204
0.4581,1.8863,0.0248,straight,0.5517,7.2000,0.0137,0.4574,0.0252,1.3253,0.2787,1.1773
1.6579,15.2537,1.3257,path,1.0604,7.5400,1.2462,1.5295,0.6399,1.7093,1.1784,1.1022
2.6989,3.9625,1.1116,path,3.9918,5.4600,1.9225,-2.6821,0.3006,2.0583,1.4066,0.7458
0.5352,1.2544,0.0649,lateral,0.9428,4.5800,0.5352,-0.0527,0.5326,0.7427,0.2621,1.3160
0.5059,3.8053,0.1123,combined,2.0425,7.2400,0.4969,-0.4397,0.2501,0.9552,0.2711,1.2752
0.5617,0.6972,0.1137,lateral,1.4846,6.7200,0.5470,-0.0177,0.5614,0.8802,0.2705,0.5573
2.7606,0.2231,1.5170,path,2.8471,5.0400,1.0476,-2.6356,0.8211,2.1243,0.9697,0.5394
0.4670,0.6607,0.0773,combined,0.9672,7.8400,0.0419,0.4456,0.1396,1.3946,0.3008,0.7223
1.5953,8.7546,1.8076,path,3.2597,5.4800,1.2122,-0.5568,1.4950,2.1591,1.3864,1.0168
2.3426,120.2411,1.1955,path,1.5008,5.2600,1.8505,-0.9079,2.1595,2.2364,1.1021,0.7965
0.4421,7.4337,0.0376,combined,0.7004,5.0000,0.4417,-0.3443,0.2773,0.4752,0.1267,0.3983
0.5688,4.5914,0.1449,straight,1.5341,6.4600,0.5383,-0.5680,0.0312,0.7536,0.1978,1.5212
0.6966,13.2534,0.5581,path,0.9787,4.1400,0.6966,-0.6965,0.0088,1.1488,0.6363,1.1219
0.5616,0.1735,0.1453,lateral,0.9411,4.2000,0.5616,-0.1533,0.5403,0.5848,0.2485,0.0000
0.6884,110.1340,0.2826,path,0.6430,4.6000,0.5994,-0.3265,0.6061,1.6936,0.6486,1.2330
0.6953,2.2790,1.3394,path,4.7026,4.3800,0.6231,-0.6740,0.1707,1.9487,1.2407,1.1988
0.5479,2.2052,0.0290,straight,0.8165,4.4200,0.0253,0.5436,0.0685,1.6479,0.4841,1.1919
0.0142,2.2493,0.0318,stand,0.0000,4.0600,0.0000,nan,nan,0.1565,0.0354,1.2367
0.5370,3.4496,0.2625,combined,1.7632,4.6400,0.5370,0.1727,0.5084,1.5362,0.5107,1.0004
1.6188,2.7890,0.7048,path,2.6027,5.9200,1.2947,-1.6185,0.0321,2.1086,1.1121,1.5588
1.2975,5.5538,1.3672,path,3.6559,4.5800,1.0930,-0.6725,1.1096,1.7959,1.3882,0.9149
0.5361,4.6015,0.0693,straight,1.4643,7.3600,0.5290,-0.5361,0.0066,0.7737,0.1700,0.9717
0.5981,3.2473,0.0919,straight,0.0101,4.5600,0.0101,-0.5936,0.0733,0.8164,0.2260,0.7126
1.5450,11.7439,0.6661,path,1.1635,6.2000,0.3814,-0.9310,1.2330,1.5704,0.7442,0.6189
0.6243,0.6038,0.1090,turn,0.0000,4.0800,0.0000,nan,nan,0.7333,0.3107,1.5152
0.5473,3.7139,0.0516,lateral,1.4047,5.9000,0.5413,-0.0110,0.5471,0.8866,0.2863,1.1950
0.4208,3.9288,0.0594,combined,0.7642,5.3200,0.2698,0.3455,0.2402,0.9855,0.3099,1.4168
0.5722,5.5330,0.0300,lateral,0.1316,6.1200,0.1306,-0.0433,0.5706,0.8295,0.1823,0.6655
0.5707,4.1219,0.0171,combined,1.3172,6.9800,0.5558,-0.5442,0.1721,0.7365,0.1536,1.0683
0.4802,5.1986,0.0717,lateral,1.0536,6.9800,0.4592,-0.0408,0.4785,0.6595,0.2082,1.5760
2.4309,110.3942,0.4160,path,3.1448,4.7200,0.7743,-1.7968,1.6373,1.5130,0.6861,1.2974
0.5006,3.3409,0.1677,straight,0.9321,7.1400,0.0042,0.5004,0.0139,1.4085,0.3188,1.5654
0.5003,5.0780,0.0262,straight,1.1051,4.0400,0.4973,-0.5003,0.0053,0.7130,0.2093,0.3692
0.4722,5.5087,0.0513,turn,0.0000,6.0200,0.0000,nan,nan,0.7077,0.1640,0.5383
1.7219,70.5925,0.1090,path,2.3410,5.7200,0.3280,-1.7218,0.0154,1.4762,0.4260,0.4272
1.2611,64.4719,0.4302,path,2.0581,6.6000,0.8649,-1.2536,0.1373,1.1630,0.5592,0.8603
0.6042,88.4263,0.1425,path,0.1217,5.0200,0.2794,-0.5555,0.2374,1.1298,0.4058,0.6093
0.5601,6.4631,0.1431,straight,0.0523,4.4200,0.0233,0.5586,0.0406,0.7648,0.2530,1.1486
0.5883,8.2657,0.0804,combined,1.5599,4.1000,0.5883,0.0703,0.5841,1.2510,0.4953,0.6967
0.0213,2.6571,0.0185,stand,0.0000,7.1000,0.0000,nan,nan,0.1093,0.0370,1.2776
0.5276,5.4472,0.0607,combined,2.3993,6.6000,0.5276,0.4329,0.3016,1.7977,0.5617,1.1119
0.6067,1.4472,0.1007,lateral,1.3840,5.2200,0.6067,-0.0232,0.6063,0.8448,0.3074,0.5135
0.5455,3.2859,0.0817,combined,1.0307,6.6000,0.2953,0.5203,0.1638,1.5298,0.3456,0.7234
0.5978,3.9446,0.0077,lateral,0.3330,6.9800,0.2867,0.0700,0.5937,0.5957,0.1712,0.5184
3.3634,78.0092,0.7466,path,1.6019,6.7600,0.7631,-1.5539,2.9829,1.7593,0.8739,0.5288
0.4851,2.3954,0.0714,turn,0.0000,4.7600,0.0000,nan,nan,0.4166,0.1495,0.3538
0.5436,3.3916,0.0567,turn,0.0000,4.0600,0.0000,nan,nan,0.6566,0.2211,1.2468
2.3494,41.6025,1.8430,path,3.8487,5.5200,2.3494,-0.0836,2.3479,2.1704,1.7841,0.8383
3.3858,54.8171,0.9742,path,2.5808,5.6200,0.6378,2.7105,2.0290,2.2427,1.2759,0.6193
2.4751,14.1807,0.4880,path,1.7211,6.7400,0.6424,-1.5334,1.9428,1.3374,0.6071,1.5794
1.2559,5.4228,1.4182,path,6.0158,4.4200,0.7226,-1.2361,0.2224,1.9378,1.4668,0.7011
0.5292,1.9842,0.0465,turn,0.0000,5.0400,0.0000,nan,nan,0.5322,0.1679,0.6936
2.7444,89.2045,0.5296,path,1.4569,5.3000,0.8774,0.3939,2.7160,1.5118,0.7719,0.6433
0.6192,0.7487,0.0743,lateral,1.4604,7.1600,0.5930,0.0326,0.6184,0.7977,0.2574,0.4670
0.5414,3.5079,0.1394,lateral,1.4080,4.1200,0.5414,-0.0861,0.5345,0.8040,0.3626,0.4468
0.5743,3.5995,0.1040,straight,1.6534,4.1800,0.0039,0.5715,0.0564,1.9182,0.7077,0.9662
0.5152,3.9622,0.0532,combined,2.0430,7.6400,0.5152,0.1627,0.4888,1.3538,0.3779,0.0000
0.5506,3.2534,0.1144,combined,1.6694,5.7200,0.5345,-0.3540,0.4217,0.9195,0.2661,1.4945
0.5224,2.8155,0.0784,straight,0.4422,4.7800,0.0064,0.5207,0.0421,1.2215,0.3404,1.4341
0.5116,1.1441,0.0617,combined,1.4602,6.3400,0.4988,-0.1862,0.4765,0.9826,0.2582,0.3685
0.5833,2.3499,0.0554,combined,1.8329,7.5600,0.4564,0.5545,0.1811,1.8528,0.4763,0.8998
0.5434,1.5960,0.0889,combined,2.1461,7.7200,0.5316,-0.3826,0.3858,1.2811,0.2756,0.4786
0.0377,4.4989,0.0151,stand,0.0000,5.8200,0.0000,nan,nan,0.2069,0.0334,0.5047
0.5656,3.3644,0.1311,lateral,0.8527,7.2200,0.5642,-0.0776,0.5602,1.0659,0.2349,0.5656
1.5450,10.5159,1.2163,path,2.7129,5.2400,0.8135,-1.4856,0.4245,1.4966,1.1192,0.4392
0.4357,5.6246,0.0603,straight,1.3263,4.9600,0.4346,-0.4350,0.0232,0.7410,0.2289,1.5558
0.5659,4.3586,0.0294,turn,0.0000,4.6000,0.0000,nan,nan,0.7709,0.2414,0.7640
0.5498,4.1937,0.0424,turn,0.0000,4.6200,0.0000,nan,nan,0.9333,0.2343,0.5670
2.3649,11.8884,0.7888,path,3.4393,7.0200,1.0293,-1.9067,1.3990,1.4660,0.8420,1.0850
0.0095,2.3489,0.0361,stand,0.0000,5.1400,0.0000,nan,nan,0.1395,0.0308,0.6305
1.0868,5.1762,1.7013,path,6.4411,6.6600,0.3568,-0.9475,0.5323,1.8516,1.2193,0.6576
0.0025,0.0953,0.0074,stand,0.0000,4.5600,0.0000,nan,nan,0.0805,0.0311,1.1754
0.5374,3.1831,0.0925,straight,0.6224,4.8800,0.5251,-0.5360,0.0380,0.1999,0.0835,1.1181
0.5390,6.2998,0.0591,lateral,1.3467,7.0400,0.5346,0.0472,0.5369,0.8227,0.2449,0.6646
1.5934,109.2161,0.8245,path,5.0303,5.6000,0.9965,-0.8528,1.3460,2.2914,1.2367,0.6187
0.5392,3.5423,0.0584,combined,1.8228,6.2400,0.5343,-0.4309,0.3241,0.9069,0.2582,1.5912
0.5505,5.2913,0.1653,combined,1.6512,6.7800,0.5505,-0.5500,0.0231,0.9327,0.2217,0.9922
0.4236,4.9288,0.0922,straight,1.5549,7.7800,0.0192,0.4234,0.0141,1.5829,0.3873,0.9293
0.5300,3.6538,0.0669,combined,1.8147,5.1200,0.5252,-0.4747,0.2357,0.9978,0.2857,1.4073
0.4965,5.7363,0.1072,turn,0.0000,6.9200,0.0000,nan,nan,0.6222,0.1428,1.5192
0.6001,3.4298,0.0534,combined,1.6618,5.8200,0.1649,0.5914,0.1019,1.8171,0.5363,1.3441
0.5322,4.4456,0.1602,combined,1.2352,6.3600,0.5217,-0.4802,0.2295,0.7518,0.1760,1.1115
2.0848,13.3268,1.4965,path,4.5098,6.2600,1.7931,-0.7314,1.9523,1.9397,1.4863,1.3041
0.5733,6.8502,0.1157,turn,0.0000,5.1200,0.0000,nan,nan,0.5330,0.1876,0.3271
0.5308,6.2258,0.0696,lateral,1.1340,5.5800,0.5120,-0.0980,0.5217,0.8511,0.2529,0.8192
0.5491,3.3790,0.0174,straight,0.1279,5.1800,0.1274,-0.5491,0.0037,0.7861,0.1987,0.6758
1.0891,3.4571,1.3265,path,3.7892,4.0600,0.8181,-0.7905,0.7492,1.8518,1.3993,0.3089
0.5387,6.8396,0.0620,lateral,0.6794,7.5000,0.5212,-0.0849,0.5320,0.7107,0.1975,1.1901
0.6300,2.1514,0.0536,straight,1.9439,5.0000,0.5963,-0.6298,0.0186,0.9851,0.3263,0.6209
0.4693,4.1786,0.0942,turn,0.0000,4.8000,0.0000,nan,nan,0.4887,0.1578,0.5268
0.5462,6.4449,0.0909,lateral,0.0918,4.6400,0.0918,0.0010,0.5462,0.8497,0.2310,1.3287
0.5240,3.9202,0.0410,lateral,0.5707,7.4000,0.4804,0.0485,0.5217,0.8548,0.2020,0.8364
0.4976,0.7015,0.1292,turn,0.0000,7.8000,0.0000,nan,nan,0.4953,0.1354,1.0335
0.4831,6.4892,0.1429,straight,1.9705,6.3600,0.0222,0.4742,0.0920,1.7237,0.5203,0.8569
0.4748,2.5828,0.1848,turn,0.0000,5.3200,0.0000,nan,nan,0.4827,0.1574,0.8913
2.5412,46.1522,0.9781,path,2.1040,4.5400,1.1556,-0.8618,2.3906,1.7189,0.9390,0.7426
0.6290,1.5734,0.1175,combined,1.3701,7.5600,0.6097,0.4760,0.4112,1.6222,0.3807,0.7170
0.4929,3.7572,0.0593,combined,1.2888,7.7400,0.4839,-0.4559,0.1873,0.6953,0.1770,0.6746
0.4571,1.5820,0.0575,combined,1.4605,4.6400,0.4562,-0.4535,0.0577,0.8397,0.2689,0.6698
0.4536,3.0306,0.1232,straight,1.3638,6.7200,0.0122,0.4536,0.0005,1.3547,0.3746,1.0820
0.5564,0.1892,0.0610,lateral,0.3435,7.7600,0.3304,-0.0360,0.5552,0.4412,0.1450,1.0660
1.6306,5.5054,1.0561,path,2.4942,7.5600,0.7784,-1.3493,0.9155,1.3097,0.7546,1.1386
0.5015,3.1588,0.0974,straight,1.9565,4.7800,0.4999,-0.5007,0.0289,1.0657,0.3467,1.1495
0.5753,3.4608,0.0495,combined,1.1771,7.4600,0.1028,0.5748,0.0243,1.6193,0.3468,1.4721
1.9120,64.3364,0.8305,path,5.6147,5.4600,1.3418,-0.4927,1.8474,1.9556,1.3218,1.3755
0.5293,5.0312,0.1866,turn,0.0000,6.0000,0.0000,nan,nan,0.7304,0.1916,1.1971
0.5530,5.8726,0.0909,straight,1.0668,6.3400,0.5448,-0.5510,0.0468,0.5444,0.1450,0.4777
0.5704,1.1479,0.0766,turn,0.0000,4.3200,0.0000,nan,nan,0.6674,0.2690,0.9135
0.0130,1.9521,0.0460,stand,0.0000,5.8800,0.0000,nan,nan,0.0999,0.0296,1.0650
0.5199,0.5238,0.1123,straight,1.4352,7.4400,0.0225,0.5199,0.0016,1.6981,0.3944,1.0433
0.5374,1.2822,0.1161,combined,1.5902,4.1600,0.5361,-0.5353,0.0478,0.9305,0.3294,1.0339
0.5762,5.1329,0.1419,straight,1.4584,7.1200,0.5666,-0.5758,0.0220,0.7931,0.1810,0.7567
0.5552,4.3719,0.1545,turn,0.0000,5.2000,0.0000,nan,nan,0.8366,0.2233,1.5744
0.4707,2.1257,0.1801,combined,1.8786,7.3800,0.4587,0.4247,0.2030,1.5343,0.4113,1.1708
0.6676,10.9208,0.1676,combined,1.9660,4.1000,0.6676,0.2547,0.6172,1.5851,0.6862,1.0841
0.5594,6.1818,0.1014,combined,1.3844,6.0600,0.4555,0.4888,0.2721,1.7235,0.4498,0.4513
0.5352,3.7821,0.0491,turn,0.0000,5.8800,0.0000,nan,nan,0.6012,0.1754,1.2157
0.4473,4.5135,0.0500,turn,0.0000,6.1600,0.0000,nan,nan,0.5300,0.1508,0.8006
0.5473,4.7467,0.1383,turn,0.0000,4.0200,0.0000,nan,nan,0.6203,0.2155,1.0395
0.5800,3.2564,0.0287,straight,0.6057,4.5200,0.0170,0.5800,0.0049,1.1383,0.3754,1.3557
2.3884,27.5515,2.1105,path,3.0476,7.1400,1.2812,2.0875,1.1604,2.0834,1.2480,1.4521
0.5525,3.8113,0.1017,turn,0.0000,6.3000,0.0000,nan,nan,0.4038,0.1538,1.4501
0.5531,2.6160,0.0254,turn,0.0000,7.4200,0.0000,nan,nan,0.7093,0.1715,1.3970
0.5683,3.9499,0.0442,combined,1.4171,7.3000,0.5652,0.2701,0.5000,1.1778,0.3694,0.7141
0.5952,1.0924,0.0900,straight,0.3013,4.3800,0.0405,0.5948,0.0215,0.5975,0.2945,1.2209
0.4588,4.6772,0.0670,lateral,0.7740,4.1600,0.4537,0.0074,0.4587,0.6587,0.2572,0.9704
0.5157,3.4382,0.0616,straight,0.3441,6.0200,0.0376,0.5152,0.0232,1.3599,0.2837,0.5927
0.4635,4.3215,0.0489,combined,1.0093,6.6400,0.4621,-0.4384,0.1504,0.7360,0.1783,1.2373
0.5667,5.3715,0.0939,combined,0.9549,4.8600,0.5385,-0.4943,0.2772,0.5601,0.1536,0.8692
1.9923,111.1394,0.2876,path,2.4675,5.7200,0.2672,-1.9772,0.2444,1.7743,0.8497,1.5575
1.7254,18.5631,0.8205,path,4.0123,5.3800,1.3405,-1.5786,0.6964,1.7449,1.1766,0.3988
0.5212,7.0432,0.0655,straight,1.2899,6.0200,0.5105,-0.5200,0.0345,0.7507,0.1847,0.9191
0.5054,5.1514,0.1156,turn,0.0000,4.1200,0.0000,nan,nan,1.0699,0.2886,0.3519
0.5330,2.2900,0.1408,lateral,0.5890,7.1600,0.5036,0.0100,0.5329,0.8691,0.1891,1.1045
0.5256,1.9641,0.0915,combined,1.9540,5.4200,0.5040,-0.5200,0.0761,1.1629,0.3142,0.0000
1.8915,12.5738,1.4005,path,2.9353,7.8000,1.1186,-1.4644,1.1972,1.5738,1.1261,0.9887
0.6283,6.7924,0.0250,combined,1.7899,4.4200,0.6266,-0.2293,0.5849,0.8506,0.3723,1.1122
0.4558,1.3341,0.0935,lateral,0.4582,6.5200,0.3879,-0.0090,0.4558,0.4401,0.1502,1.4484
1.9007,55.2850,1.0841,path,3.7772,6.8600,1.9007,-1.7778,0.6723,1.6891,1.0047,1.1299
0.4770,1.1814,0.1804,straight,1.6023,6.6000,0.0198,0.4768,0.0132,1.5009,0.4475,1.2073
0.4435,2.0014,0.0362,combined,0.5078,5.3800,0.4081,-0.0987,0.4324,0.3914,0.1425,0.6780
0.5516,3.2103,0.0545,straight,1.9324,5.8200,0.0144,0.5514,0.0144,1.6956,0.5717,0.6993
0.5055,3.8213,0.1066,lateral,1.0079,5.2400,0.5035,-0.0215,0.5050,0.7167,0.2540,0.5872
0.5293,3.6931,0.0328,combined,0.2210,4.8000,0.0049,0.5175,0.1112,1.0988,0.2173,0.4705
0.4644,4.3433,0.0939,combined,2.0191,5.4600,0.2090,0.4268,0.1830,1.4335,0.5572,0.3073
0.5590,0.0304,0.0664,turn,0.0000,4.1400,0.0000,nan,nan,0.7671,0.2354,0.6455
1.1220,75.1320,1.5437,path,0.8129,6.3400,0.5322,-0.2240,1.0994,1.7118,0.9249,0.3311
1.2704,8.4853,1.1002,path,3.5128,7.4800,0.7034,-1.2698,0.0394,1.7082,1.1620,0.7724
0.5354,4.0304,0.0305,turn,0.0000,7.7600,0.0000,nan,nan,0.6415,0.1472,0.9127
1.3739,13.5829,1.1696,path,0.5937,4.6400,0.8293,0.2460,1.3517,1.7776,1.1505,0.5758
0.5343,3.3796,0.0487,straight,0.9817,7.3600,0.5261,-0.5342,0.0091,0.5176,0.1201,0.8067
0.5783,0.5588,0.0402,turn,0.0000,4.4200,0.0000,nan,nan,0.6350,0.2367,1.2156
0.5609,0.6660,0.1071,straight,1.7033,4.4400,0.0246,0.5608,0.0137,1.9050,0.7003,1.3612
1.8424,4.0037,1.1437,path,2.5758,6.0800,1.4059,-1.8206,0.2825,1.7389,1.1180,1.4771
0.5659,4.6441,0.0323,combined,1.9987,5.9400,0.5532,-0.5594,0.0857,1.0055,0.2866,1.5140
0.5282,2.9175,0.0274,lateral,0.8264,4.3200,0.5274,-0.0370,0.5269,0.7912,0.2662,0.8856
0.6173,0.0972,0.0549,straight,1.1333,6.7400,0.6152,-0.6106,0.0908,0.5593,0.1367,1.2824
0.5222,4.7956,0.1068,straight,0.3140,7.7400,0.0597,0.5181,0.0655,1.0358,0.2215,1.5807
0.5186,3.6514,0.1028,turn,0.0000,5.3000,0.0000,nan,nan,0.7003,0.2025,0.3528
0.5326,4.9845,0.0919,lateral,0.2545,5.8600,0.2366,0.0179,0.5323,0.8348,0.2023,0.6564
0.6418,5.5085,0.0462,combined,0.9020,4.7800,0.6382,0.0133,0.6416,0.7374,0.2755,0.4934
0.6551,15.3080,1.3528,path,3.5266,4.2800,0.4933,-0.3756,0.5368,1.8482,1.4388,0.6048
2.2256,27.3647,1.5448,path,4.1983,7.6200,0.9886,-1.8764,1.1969,1.8049,0.9203,0.3756
0.4439,1.0867,0.0325,lateral,0.0587,7.5600,0.0530,-0.0135,0.4437,0.7199,0.1625,1.1895
0.5358,8.2652,0.0542,turn,0.0000,6.5400,0.0000,nan,nan,0.7157,0.1836,1.5835
2.3586,5.0213,1.5426,path,2.7132,6.0000,1.1287,-1.6355,1.6994,1.7986,1.0208,0.6078
0.5197,4.9872,0.0398,combined,0.7460,6.0200,0.5192,-0.4959,0.1557,0.3676,0.0994,0.8058
0.5537,3.6634,0.0290,lateral,0.8286,5.9400,0.5533,-0.0205,0.5533,0.5147,0.1886,1.5492
0.4855,5.2945,0.0280,combined,0.2921,7.3200,0.2910,-0.4436,0.1972,0.3340,0.0926,1.2480
0.5169,2.8110,0.1331,lateral,0.6446,4.2000,0.5169,-0.0433,0.5150,0.6419,0.2296,0.6742
0.5969,1.9043,0.0022,turn,0.0000,4.1400,0.0000,nan,nan,0.5256,0.2188,0.9836
0.5312,4.0674,0.1273,straight,0.7805,7.7600,0.0213,0.5281,0.0568,1.6719,0.3001,0.5614
0.6320,2.1171,0.0265,turn,0.0000,5.9000,0.0000,nan,nan,0.5416,0.2066,1.2275
0.5592,0.9595,0.0281,turn,0.0000,6.3600,0.0000,nan,nan,0.4402,0.1424,1.0724
1.8989,55.7091,0.2167,path,2.1705,5.0600,1.3611,-1.8692,0.3343,1.7723,0.5406,1.0970
0.6127,0.5770,0.1085,lateral,0.8981,4.4400,0.6127,-0.0345,0.6117,0.6318,0.2661,1.1849
1.3438,9.9040,1.3004,path,1.7818,5.0600,0.8826,-1.3213,0.2445,1.6592,0.9680,0.4522
0.4695,4.2876,0.0522,lateral,0.5880,6.1000,0.4690,0.0124,0.4694,0.6791,0.2002,1.3305
1.6950,16.3841,1.7358,path,6.2100,6.1800,1.4799,-0.8187,1.4841,2.0481,1.6253,1.0126
0.5923,1.8050,0.0295,combined,1.2608,6.0800,0.5866,-0.4958,0.3242,0.6724,0.1709,1.2150
1.6003,11.4888,0.5903,path,2.2016,6.4400,1.6003,-1.5135,0.5198,1.9044,1.2712,0.7582
0.5478,4.7031,0.0344,lateral,0.4065,7.0200,0.3711,0.0093,0.5477,0.8211,0.1886,0.9228
0.5476,2.1899,0.1042,combined,1.0594,4.8800,0.5370,-0.5440,0.0628,0.5609,0.1582,0.3467
0.5926,2.2220,0.0405,combined,1.9409,7.0800,0.5901,0.4000,0.4372,1.5350,0.4454,0.8660
2.9261,17.4980,1.7974,path,7.7044,4.8000,1.5209,-2.8199,0.7811,1.9792,1.2307,0.3737
0.5042,3.4477,0.0830,turn,0.0000,6.7000,0.0000,nan,nan,0.8929,0.1918,1.1303
0.5276,5.4325,0.1119,combined,1.2975,5.5200,0.5224,-0.5262,0.0373,0.7327,0.2081,1.4592
0.9510,4.4688,0.5680,path,1.3200,6.5600,0.7987,-0.5040,0.8064,1.7269,0.5931,1.0916
0.5465,2.7674,0.0928,turn,0.0000,7.7400,0.0000,nan,nan,0.5650,0.1673,1.0200
1.2294,10.7892,0.9301,path,2.4695,6.8800,0.8256,-0.8014,0.9324,1.9224,1.2809,1.3915
0.9820,1.0771,1.7548,path,0.9069,7.8200,0.5453,-0.7400,0.6455,1.9721,1.4088,0.7012
0.6218,9.0947,0.0381,combined,2.0581,4.3600,0.6218,-0.4994,0.3706,0.8490,0.3736,1.2752
1.6957,24.1486,0.8617,path,3.7717,7.4600,1.5119,-1.6599,0.3467,1.7384,1.0862,0.7254
0.4736,0.2076,0.0589,combined,0.9520,4.3400,0.4720,-0.3439,0.3256,0.8880,0.2566,0.7223
0.5196,1.6919,0.0517,combined,2.4153,6.3200,0.5150,0.0265,0.5189,1.1596,0.4425,1.1808
1.3778,2.0813,1.1830,path,2.2141,7.4600,0.7408,1.2311,0.6187,1.9479,1.2190,1.2866
1.2416,5.8875,0.7363,path,4.9792,5.6000,1.1021,-1.0839,0.6056,2.0334,1.0913,1.5698
2.4687,6.4469,1.5305,path,6.3146,5.3000,1.9818,-1.4726,1.9813,2.0198,1.5902,0.3280
2.6663,134.8990,0.5298,path,2.4491,6.6000,0.4400,0.5819,2.6020,2.0413,1.0010,1.3896
2.5684,6.9859,1.1837,path,4.6280,7.0000,1.4861,-2.3052,1.1326,2.1625,1.0138,0.5291
0.6284,1.7794,0.0336,straight,1.1957,4.0400,0.6161,-0.6283,0.0081,0.5956,0.1891,1.5152
0.8545,25.5741,1.2543,path,0.5465,6.8600,0.6296,-0.8215,0.2352,2.0250,1.2439,1.1313
0.0369,0.3547,0.0276,stand,0.0000,7.3200,0.0000,nan,nan,0.1827,0.0340,1.1588
0.5784,2.1053,0.0222,lateral,1.0693,5.1800,0.5709,-0.0986,0.5699,0.8145,0.2929,0.3710
0.4308,1.4872,0.1550,straight,1.9218,6.4000,0.0365,0.4299,0.0276,1.6925,0.4882,1.2457
0.5390,4.8758,0.0412,combined,2.2218,6.3200,0.5385,-0.3501,0.4098,1.0914,0.3274,0.9739
2.9022,1.5724,0.5846,path,3.7720,6.0800,0.0490,-2.7450,0.9421,2.1615,1.1768,0.6933
1.5367,12.9043,1.0059,path,3.0122,4.0800,0.9612,-1.5199,0.2265,1.3227,0.7744,0.5020
0.5656,3.0508,0.0168,turn,0.0000,4.6600,0.0000,nan,nan,0.4915,0.1852,1.5212
0.4576,3.5246,0.0933,combined,0.9710,4.9400,0.4576,-0.2591,0.3772,0.4965,0.1730,1.1773
1.4862,4.4422,1.1453,path,2.4500,7.8200,0.8321,-1.4723,0.2031,1.5388,1.1493,1.4775
0.4714,3.4164,0.0463,straight,1.8695,5.6400,0.4714,-0.4712,0.0139,1.0258,0.2999,0.6237
0.4592,5.0325,0.1347,lateral,0.5502,5.3200,0.4524,-0.0938,0.4495,0.5319,0.1732,1.3445
0.5820,3.2421,0.0184,straight,1.7736,4.3400,0.0581,0.5789,0.0597,1.8390,0.7659,1.0683
0.5422,2.3356,0.0083,straight,0.5369,4.5400,0.5207,-0.5420,0.0141,0.1462,0.0571,0.9717
0.5387,3.9812,0.0514,combined,0.6480,4.4000,0.5387,-0.3671,0.3943,0.5051,0.1468,1.1950
2.6345,9.3812,1.6243,path,7.6571,4.2200,2.4761,-2.5474,0.6720,2.1348,1.5422,0.6816
1.1403,6.9379,0.3007,path,4.0345,4.6800,0.8604,-1.0162,0.5172,1.7214,0.7483,1.1441
2.0109,45.2608,0.9890,path,4.1813,7.5400,1.9486,-1.9824,0.3373,2.0052,1.1053,0.3693
1.3996,147.4208,0.2508,path,2.0587,5.9000,0.8348,-1.3872,0.1853,1.3947,0.6792,1.2193
0.5633,3.7332,0.0242,straight,0.5706,5.1600,0.0069,0.5618,0.0414,1.2500,0.3675,1.2593
0.5221,8.0236,0.0953,straight,1.4009,7.8800,0.5067,-0.5153,0.0843,0.8430,0.1678,1.5159
0.6090,2.6095,1.1745,path,6.3032,5.0000,0.6028,-0.6036,0.0812,1.7092,1.2518,1.3296
1.9967,9.6523,1.1073,path,3.6048,6.3200,1.4370,-1.9852,0.2139,1.6177,1.0632,1.0991
0.0461,1.5212,0.0076,stand,0.0000,6.5000,0.0000,nan,nan,0.1750,0.0291,0.5994
0.5501,6.3487,0.0303,lateral,1.1853,7.1400,0.5495,0.0511,0.5477,0.8063,0.2367,1.2645
0.4539,2.5709,0.1066,combined,0.4637,7.3200,0.1135,0.3741,0.2570,0.8843,0.1963,0.9978
0.5472,5.6495,0.0565,combined,0.9914,4.3800,0.5350,-0.1257,0.5326,0.8758,0.2567,0.6967
1.6434,6.9798,1.5223,path,7.0484,6.7400,1.4008,-1.1380,1.1856,1.9013,1.5013,0.7358
0.5101,0.9849,0.0964,lateral,0.8884,5.5600,0.5052,0.0109,0.5100,0.6068,0.2212,0.6156
0.5954,0.1871,0.0731,straight,0.0730,6.4600,0.0678,-0.5953,0.0138,0.6116,0.1805,1.4472
0.5189,2.1661,0.0469,lateral,0.4500,6.2800,0.4238,-0.0596,0.5154,0.5292,0.1598,1.3527
2.9255,33.4182,2.0006,path,7.3067,4.2400,2.6267,-1.8825,2.2393,2.1592,1.6922,0.9041
0.5855,3.3018,0.1085,straight,1.9945,7.4200,0.0935,0.5825,0.0595,1.9941,0.4599,1.2806
0.5940,2.5061,0.0084,combined,1.2979,7.9000,0.5746,0.1833,0.5650,0.9891,0.2726,1.1113
0.5487,4.7901,0.0793,straight,0.3258,5.6200,0.3258,-0.5479,0.0302,0.4785,0.1437,0.5573
0.0373,2.0521,0.0200,stand,0.0000,4.9400,0.0000,nan,nan,0.1806,0.0350,1.5760
0.5442,4.8619,1.2641,path,4.6337,6.3000,0.5442,-0.3889,0.3806,2.1305,1.1402,0.5519
0.5710,6.0504,0.0565,lateral,1.2082,6.7400,0.5564,-0.1329,0.5554,0.8074,0.2289,1.3248
0.5694,3.1772,0.5594,path,2.1766,6.8800,0.2890,-0.5646,0.0737,1.9260,1.1281,0.9772
1.2464,0.9357,0.9503,path,1.9369,5.8800,0.5326,-1.0275,0.7055,1.5168,0.8817,0.8603
1.0714,5.1829,1.6309,path,1.7911,5.9200,0.6401,-1.0086,0.3616,1.8936,1.1893,0.3603
1.2817,2.9984,1.3911,path,4.2397,7.6400,0.9447,-1.1412,0.5836,1.6034,1.1133,1.3150
0.0246,0.0429,0.0241,stand,0.0000,6.7200,0.0000,nan,nan,0.1580,0.0247,0.4703
0.3952,6.8355,1.0129,path,1.4432,7.1400,0.2529,-0.1554,0.3634,1.8379,1.0091,0.4959
0.6392,4.9767,0.1885,combined,1.3876,4.0800,0.5898,0.0838,0.6337,0.8818,0.4476,1.4073
0.5606,1.9065,0.0712,combined,1.1036,4.6400,0.0438,0.5560,0.0715,1.5497,0.5509,0.9662
1.9099,44.2653,1.3380,path,3.2796,5.8400,1.9046,-1.3208,1.3795,1.8629,1.4248,0.3186
0.5301,5.0517,0.0874,combined,1.1478,7.1600,0.5244,-0.4398,0.2960,0.6477,0.1803,0.3514
2.3018,74.2632,0.5707,path,2.6891,7.3800,1.3788,-2.2136,0.6314,1.2965,0.7846,1.4485
2.0466,11.1486,0.1429,path,0.6460,5.1000,0.8827,0.4259,2.0018,1.0662,0.5306,1.1500
0.5533,2.5291,0.1130,combined,1.5327,7.7000,0.5385,0.3969,0.3855,1.5703,0.3493,0.7414
1.1134,5.7813,1.0195,path,4.1377,7.6600,0.7847,1.0508,0.3679,1.9415,1.2838,0.4378
1.3659,15.3034,1.0204,path,2.7689,4.9200,1.0121,-1.0828,0.8327,1.4895,0.8365,0.7127
0.5372,7.6346,0.0619,lateral,0.5894,4.7600,0.5008,-0.0419,0.5356,0.6505,0.2406,1.4945
1.5062,0.8237,0.8373,path,0.4897,6.1800,0.9252,-1.4317,0.4681,1.4965,0.7842,1.1679
0.4848,1.3829,0.0224,straight,1.8581,7.4600,0.4788,-0.4813,0.0582,1.0466,0.2406,0.5135
0.5408,3.7747,0.0829,straight,1.1907,4.4400,0.5335,-0.5408,0.0066,0.6837,0.2013,1.5912
0.5324,1.8731,0.0500,turn,0.0000,5.9600,0.0000,nan,nan,0.6150,0.1925,0.0000
0.5416,2.7520,0.0632,turn,0.0000,5.0800,0.0000,nan,nan,0.7658,0.1985,1.2468
0.0179,1.3268,0.0182,stand,0.0000,5.6600,0.0000,nan,nan,0.1508,0.0315,0.6655
1.9490,11.0248,0.9178,path,0.6771,4.8000,1.4065,0.1093,1.9459,1.8387,1.2856,1.0617
0.5529,5.1344,0.0446,lateral,0.0177,4.7600,0.0177,0.0238,0.5524,1.1189,0.2634,0.7640
1.0309,85.3880,0.6033,path,1.1135,5.7600,0.5974,-1.0256,0.1047,1.8751,1.1674,1.2812
1.8369,1.0367,1.4507,path,6.3744,4.0000,1.5335,-1.8279,0.1808,1.9107,1.3007,1.0951
0.5821,3.2456,0.0205,straight,1.6103,6.5200,0.5752,-0.5809,0.0363,0.9069,0.2036,1.0584
0.5574,3.9477,0.0697,lateral,0.1571,5.4400,0.1543,-0.0517,0.5550,0.6377,0.1834,1.1486
0.4587,4.9868,0.0624,lateral,1.0946,7.5800,0.4449,-0.0059,0.4586,0.6676,0.1975,0.5599
0.4762,4.9549,0.1742,turn,0.0000,4.4200,0.0000,nan,nan,0.6085,0.2069,0.5268
0.4963,5.3200,0.1062,combined,1.7515,4.8400,0.4928,-0.4253,0.2558,1.0194,0.3157,0.6305
0.0141,2.8389,0.0295,stand,0.0000,4.6200,0.0000,nan,nan,0.1875,0.0372,0.3271
0.5372,4.1586,0.0822,straight,0.6128,6.6000,0.5150,-0.5371,0.0081,0.1722,0.0810,1.3160
1.7819,53.3743,0.7189,path,2.3548,7.7600,1.7241,-1.4251,1.0697,1.5170,0.8739,0.9120
0.4965,0.6744,0.0083,lateral,1.1183,7.8000,0.4907,-0.0083,0.4964,0.7222,0.2026,1.4480
0.0204,2.8196,0.0147,stand,0.0000,7.8600,0.0000,nan,nan,0.1655,0.0304,1.0022
1.9664,8.7431,1.6276,path,4.9120,7.1200,1.3916,-0.5112,1.8988,2.0479,1.5901,1.4053
0.5317,4.8117,0.0102,lateral,0.3081,6.2200,0.3081,-0.1103,0.5202,0.7078,0.1895,1.0004
0.4770,5.3088,0.0327,straight,0.1219,7.7600,0.0156,0.4765,0.0203,1.1147,0.2106,1.0865
2.2395,148.5650,0.9737,path,2.7332,7.6400,0.8567,-2.2394,0.0179,1.9039,0.9881,0.8531
0.5283,5.2222,0.1381,combined,1.1435,7.1400,0.5237,-0.1848,0.4949,0.8337,0.1888,1.5132
0.4832,4.3827,0.0490,straight,1.1697,4.0400,0.0030,0.4821,0.0327,1.4183,0.5404,0.8006
0.4475,6.7298,0.1058,straight,1.1867,5.1800,0.0196,0.4450,0.0475,1.3694,0.4263,1.5558
0.6036,5.1447,0.1023,lateral,0.4529,7.0600,0.4041,-0.0492,0.6016,0.7789,0.2091,1.1502
0.0065,0.4654,0.0299,stand,0.0000,6.4200,0.0000,nan,nan,0.0735,0.0287,1.2367
0.0606,0.0422,0.0492,stand,0.0000,7.9600,0.0000,nan,nan,0.1200,0.0314,0.9823
1.6472,20.4982,0.9358,path,1.1542,4.6000,1.4596,-0.8410,1.4163,1.7446,1.1119,1.4934
0.5097,3.5058,0.0679,combined,1.5560,5.7000,0.5077,0.3993,0.3168,1.4574,0.5025,0.3538
0.5200,5.9419,0.0408,turn,0.0000,4.8600,0.0000,nan,nan,0.9181,0.2343,1.3287
0.0321,0.5524,0.0271,stand,0.0000,7.9800,0.0000,nan,nan,0.1190,0.0291,0.7888
0.0619,0.7479,0.0164,stand,0.0000,5.8800,0.0000,nan,nan,0.1322,0.0361,0.5135
0.5571,1.3741,0.0888,straight,1.7550,4.2000,0.0364,0.5571,0.0000,1.8577,0.6993,1.3970
1.1178,3.9939,1.3920,path,1.9769,5.3600,0.5658,-0.6927,0.8773,1.4602,1.1006,0.3784
0.5478,1.0778,0.1954,combined,2.0814,4.8400,0.5478,0.1149,0.5356,1.3068,0.5397,0.8569
0.0146,1.6723,0.0258,stand,0.0000,7.4200,0.0000,nan,nan,0.1250,0.0284,0.8046
0.5005,3.5648,0.1594,lateral,1.1917,7.9800,0.5005,-0.0045,0.5005,0.8196,0.2082,0.8947
0.6055,2.4382,0.0413,turn,0.0000,7.4400,0.0000,nan,nan,0.6294,0.1790,1.0051
0.4503,4.9475,0.1108,combined,1.2652,6.9200,0.1833,0.4307,0.1315,1.5619,0.3626,0.3983
0.5342,5.5373,0.0743,combined,1.9631,5.2000,0.3692,0.5187,0.1275,1.8080,0.6175,0.8192
0.0096,0.4653,0.0261,stand,0.0000,5.2600,0.0000,nan,nan,0.1602,0.0293,1.1115
0.4969,6.8052,0.1323,combined,1.5001,7.4000,0.4883,0.4228,0.2611,1.4289,0.3731,0.3460
0.5504,3.3979,0.2758,combined,2.1139,4.1600,0.5504,-0.3909,0.3876,1.1377,0.4342,0.9191
0.0431,3.8786,0.0376,stand,0.0000,5.0000,0.0000,nan,nan,0.1428,0.0341,0.7170
1.1019,9.4255,1.4472,path,1.9700,4.0400,0.7562,1.0163,0.4259,1.7891,1.1990,0.8102
0.4956,2.7900,0.1412,combined,1.4754,4.3200,0.4956,0.3484,0.3524,1.3083,0.5187,0.9704
0.5257,3.8007,0.0082,turn,0.0000,4.6400,0.0000,nan,nan,0.5934,0.1961,1.0841
0.5178,2.4000,0.0482,combined,1.2402,4.7600,0.1421,0.4772,0.2010,1.6922,0.5138,1.0433
0.0046,1.6741,0.0166,stand,0.0000,4.1200,0.0000,nan,nan,0.1371,0.0339,1.4484
0.0529,2.6215,0.0325,stand,0.0000,5.8600,0.0000,nan,nan,0.1267,0.0445,0.4786
0.5122,3.9718,0.0508,turn,0.0000,5.9800,0.0000,nan,nan,0.5259,0.1630,0.0000
0.0216,1.4699,0.0249,stand,0.0000,6.5200,0.0000,nan,nan,0.1955,0.0366,1.5654
0.4869,7.7834,0.0242,combined,1.5394,5.4800,0.4869,-0.2302,0.4291,0.7012,0.2550,1.5192
0.5870,4.3748,0.1127,lateral,0.5670,5.0000,0.4312,0.0248,0.5865,0.6703,0.2270,1.4721
0.5852,0.8964,0.1287,combined,1.8179,4.5400,0.5738,-0.5708,0.1288,0.9729,0.2978,1.2209
1.8281,2.2514,0.8552,path,1.4047,7.0400,0.7646,-0.1735,1.8199,1.8040,0.9558,0.7431
0.5404,2.7466,0.1063,turn,0.0000,4.6800,0.0000,nan,nan,0.8578,0.2290,1.4501
3.6966,178.8134,1.9062,path,4.3430,7.3400,1.1408,-3.6207,0.7453,2.1401,0.9326,0.3322
0.5604,6.8998,0.0267,turn,0.0000,6.5000,0.0000,nan,nan,0.6853,0.1736,1.2776
0.5625,1.9108,0.0608,combined,1.0268,7.1600,0.0770,0.5229,0.2074,1.5478,0.3427,1.1919
0.0481,0.4087,0.0173,stand,0.0000,6.7800,0.0000,nan,nan,0.2400,0.0371,0.3692
3.5769,122.4596,1.8455,path,7.5300,6.3200,0.9948,-3.4046,1.0967,1.8936,1.1484,0.7859
0.6059,4.4333,0.0939,lateral,1.1216,5.5600,0.6059,-0.0154,0.6057,0.8477,0.2728,0.6209
2.4420,54.4028,1.0292,path,1.9132,6.6800,1.4866,1.9830,1.4251,2.0748,1.2569,1.0157
0.5166,1.0693,0.0939,combined,1.3993,5.9600,0.5134,-0.4955,0.1462,0.7946,0.2148,1.1754
0.4784,5.5857,0.0895,turn,0.0000,6.8400,0.0000,nan,nan,0.4566,0.1289,0.5383
0.4903,3.3018,0.1697,lateral,0.4285,6.3400,0.3731,0.0182,0.4900,0.6805,0.1874,0.3685
0.5583,4.9319,0.0544,turn,0.0000,6.5600,0.0000,nan,nan,0.5638,0.1509,0.7234
1.9350,8.1834,0.9418,path,1.2407,7.5600,1.2193,-1.0714,1.6112,1.3969,0.6130,1.1196
2.4240,2.7804,1.3416,path,4.0564,7.9400,1.9868,-0.4799,2.3761,1.8972,1.3841,0.8356
0.6145,1.2638,0.1621,turn,0.0000,6.5000,0.0000,nan,nan,0.7569,0.1988,0.4670
1.9941,42.2264,0.9472,path,3.2554,7.4800,1.8859,-1.7096,1.0263,2.1152,1.1724,0.7828
0.8104,14.8030,1.5074,path,10.8212,6.6600,0.6495,-0.7526,0.3004,2.1666,1.6584,0.3167
0.5846,5.7415,0.0184,lateral,1.3965,7.3600,0.5775,-0.0998,0.5760,0.9763,0.2442,0.7126
2.3094,7.8657,1.8474,path,2.3675,6.7200,1.1529,2.2890,0.3063,2.3532,1.3083,1.5490
0.5366,2.9518,0.0761,turn,0.0000,6.2400,0.0000,nan,nan,0.4632,0.1697,1.1181
0.5227,5.9488,0.0467,straight,1.2586,7.4400,0.5117,-0.5202,0.0511,0.8869,0.1681,0.4791
0.0413,2.6997,0.0175,stand,0.0000,4.1400,0.0000,nan,nan,0.2111,0.0331,0.6742
0.5711,5.8830,0.0664,straight,1.6217,6.1800,0.5581,-0.5693,0.0455,0.9475,0.2194,0.9922
0.5443,3.0535,0.1239,turn,0.0000,4.7200,0.0000,nan,nan,0.6154,0.2102,0.4705
3.0302,125.8283,0.9130,path,2.6200,7.7200,0.9723,-1.1709,2.7948,1.5937,0.8150,0.5648
0.4733,5.5242,0.1708,combined,0.8715,5.8200,0.4646,-0.4536,0.1353,0.4818,0.1513,0.8913
0.5878,2.0655,0.0895,lateral,0.1611,5.4800,0.1611,0.0037,0.5878,0.5310,0.1861,0.7567
0.5400,5.3798,0.0489,lateral,1.1994,5.3800,0.5314,-0.0699,0.5355,0.8055,0.2589,1.2157
0.0337,0.7226,0.0231,stand,0.0000,5.4600,0.0000,nan,nan,0.1835,0.0384,0.4513
1.3493,144.6386,1.4442,path,2.1016,6.3000,0.5062,-1.3493,0.0046,1.6798,0.8802,0.6831
0.5598,0.4077,0.0529,lateral,0.5308,6.1800,0.3939,0.0386,0.5585,0.5542,0.2027,1.0660
0.5663,8.8878,0.1018,turn,0.0000,6.5400,0.0000,nan,nan,0.7789,0.1769,0.6758
0.4717,2.2520,0.0334,combined,2.0652,6.3000,0.4717,0.1849,0.4339,1.1727,0.4117,1.0820
0.5065,4.0461,0.0682,turn,0.0000,5.0800,0.0000,nan,nan,0.8533,0.2124,1.5807
0.5937,2.4305,0.0388,straight,0.1864,7.6400,0.1864,-0.5910,0.0562,0.6280,0.1481,0.5184
0.4960,2.1379,0.0452,turn,0.0000,7.4600,0.0000,nan,nan,0.7619,0.1633,1.4341
0.5393,3.6757,0.0382,straight,0.2083,5.8800,0.0267,0.5375,0.0449,0.9694,0.2389,1.5748
0.0031,1.6948,0.1239,stand,0.0000,4.3200,0.0000,nan,nan,0.1453,0.0426,1.1588
0.5074,3.7809,0.1002,lateral,0.2091,6.4600,0.2091,0.0263,0.5068,0.7176,0.2120,0.6022
1.3828,5.3919,1.4583,path,2.3009,5.0600,0.8802,1.3755,0.1418,1.9203,1.2959,1.2577
1.5739,29.8273,0.5037,path,4.5530,5.5400,1.2879,0.4202,1.5167,1.9761,1.2195,1.0276
0.5911,1.7452,0.0946,lateral,0.0617,5.9200,0.0617,0.0454,0.5894,0.5511,0.1542,1.2156
0.5342,4.7992,0.0537,combined,1.4084,5.9000,0.5189,-0.3650,0.3901,0.8277,0.2203,0.3528
0.8761,0.6215,1.3086,path,1.0995,5.2200,0.5449,-0.8025,0.3516,1.6751,1.2483,1.5593
0.5224,4.7520,0.0764,straight,0.7900,4.5000,0.5197,-0.5201,0.0497,0.3514,0.1177,0.6967
1.7923,17.7550,1.4070,path,3.8425,5.2600,1.0885,-1.7441,0.4127,1.7714,1.2285,0.3950
3.3402,35.7773,1.9851,path,1.9797,6.2800,1.1573,1.0211,3.1803,2.2307,1.2247,0.4927
1.9865,21.9262,1.2499,path,3.7869,4.8200,1.2812,-0.2897,1.9653,1.6851,1.1564,0.3987
0.8049,53.7168,0.0431,path,0.0725,6.1200,0.6128,0.0744,0.8014,1.4773,0.5832,1.4095
0.4187,2.8687,0.0727,turn,0.0000,5.6200,0.0000,nan,nan,0.7823,0.1542,1.2457
0.5696,3.2266,0.0233,lateral,1.0686,7.6600,0.5615,-0.0114,0.5695,0.7107,0.2026,1.3557
0.6200,3.5420,0.0628,combined,1.3015,5.1200,0.6141,-0.1978,0.5876,1.1021,0.2969,0.5994
1.7936,21.4468,0.8504,path,4.7953,7.0200,1.0574,-1.4072,1.1121,2.1401,1.3632,1.0476
0.0380,1.1797,0.0123,stand,0.0000,7.1000,0.0000,nan,nan,0.1458,0.0421,0.8067
0.5198,1.0647,0.0654,straight,1.5253,5.1600,0.0247,0.5168,0.0558,1.7918,0.5620,1.3527
0.4407,5.2518,0.1799,lateral,0.6297,7.7600,0.4271,0.0707,0.4350,0.5846,0.1667,0.3073
0.5377,3.3210,0.0550,straight,1.6567,5.5600,0.0490,0.5372,0.0220,1.9036,0.5453,1.5854
1.5939,123.1298,0.6010,path,2.6386,4.4600,0.5448,-1.4152,0.7333,1.2336,0.6149,1.4503
2.0413,5.3722,0.9462,path,3.4405,6.6400,0.9818,-2.0367,0.1374,1.3100,0.8077,0.7810
0.5298,7.3890,0.0916,lateral,0.4806,4.3200,0.4179,-0.0820,0.5234,0.6592,0.2268,0.8192
0.5497,1.8828,0.1797,combined,1.0198,5.2200,0.5431,-0.0776,0.5442,0.5533,0.2214,1.5912
0.5588,3.7404,0.1425,lateral,1.2517,6.3400,0.5570,0.0148,0.5586,0.8870,0.2493,1.2593
0.5822,1.7950,0.1027,combined,0.8294,4.5400,0.2903,0.4424,0.3784,1.2462,0.5156,0.4020
0.8603,12.6084,0.6708,path,0.9156,5.8600,0.7917,-0.8593,0.0433,1.4812,0.6094,0.3271
0.6019,3.7851,0.0676,combined,1.6270,7.9000,0.5805,-0.0441,0.6002,0.9315,0.2642,0.9836
0.5224,0.8289,0.1372,lateral,0.0482,6.7000,0.0253,0.0522,0.5198,0.8678,0.2066,0.6594
0.0138,2.5833,0.0230,stand,0.0000,6.7200,0.0000,nan,nan,0.1036,0.0313,1.5159
0.5379,2.5404,0.0806,turn,0.0000,4.0200,0.0000,nan,nan,0.7115,0.2637,0.4791
1.0449,8.5068,1.3804,path,2.6424,4.8200,0.6385,-0.7191,0.7581,1.6629,1.2301,0.3936
1.1851,5.5473,1.7860,path,6.0526,4.0000,0.8506,-1.1261,0.3693,1.9617,1.5000,0.7954
1.0259,0.6761,0.7625,path,1.1319,4.0200,0.6917,-0.7974,0.6455,1.4240,0.6770,0.5911
0.4389,1.4455,1.4620,path,0.8777,7.5200,0.3753,0.3708,0.2349,1.8335,1.2942,1.4629
2.8073,70.4356,0.6244,path,0.8632,4.0200,0.5738,-1.6171,2.2947,2.0306,1.1134,1.2726
2.6539,9.3018,1.3272,path,5.7248,4.0400,2.3753,-2.0300,1.7095,1.8384,1.3646,1.1070
0.5122,4.5273,0.0284,combined,0.9653,4.1400,0.5122,-0.4154,0.2997,0.6178,0.2365,1.4568
2.1772,14.1040,0.9508,path,0.4419,7.7000,1.0280,-0.8427,2.0075,1.7514,0.9006,0.3841
0.5516,3.6445,0.0234,turn,0.0000,4.1400,0.0000,nan,nan,0.6945,0.2304,0.9699
1.1530,67.8454,0.5148,path,2.4611,4.1600,0.3668,-0.2958,1.1144,1.5129,0.6500,0.8397
0.5687,1.8318,0.0897,turn,0.0000,4.1800,0.0000,nan,nan,0.8430,0.3323,1.5744
0.5036,3.5427,0.3420,combined,1.6414,4.2200,0.5036,0.0026,0.5036,1.2999,0.4719,1.2373
0.0393,0.9992,0.0211,stand,0.0000,4.2600,0.0000,nan,nan,0.3513,0.0515,0.4647
0.5110,5.9758,0.0890,lateral,1.1499,4.2600,0.5090,-0.1111,0.4987,0.7508,0.2956,1.5132
0.5859,0.1804,1.3039,path,4.7945,4.2800,0.5799,-0.5858,0.0100,1.6319,1.1575,1.0111
0.4730,5.4222,0.0717,lateral,0.9099,4.2800,0.4633,-0.1619,0.4444,0.5814,0.2296,1.0169
0.4874,3.9139,0.0250,lateral,0.0009,4.3000,0.0009,nan,nan,0.7196,0.2297,0.4468
0.4862,3.6348,0.0621,straight,0.3613,4.3000,0.0629,0.4862,0.0043,1.1949,0.3483,0.5135
0.5272,4.5669,0.0834,turn,0.0000,4.3200,0.0000,nan,nan,0.8704,0.2170,0.8364
0.6027,2.9406,0.0100,lateral,0.6983,4.3200,0.6025,0.0247,0.6022,0.9143,0.3177,0.7126
0.6045,9.3574,0.1423,combined,1.9750,4.4400,0.6041,0.0685,0.6006,1.3575,0.5900,0.9922
0.5262,4.5313,0.0523,lateral,0.9931,4.3400,0.5262,-0.0730,0.5212,0.6508,0.3065,1.1303
1.9430,8.9639,2.0553,path,5.8183,4.3600,0.1109,-0.6952,1.8144,2.2052,1.5880,0.3933
0.9838,0.9505,1.7666,path,6.1923,4.3600,0.9838,-0.9826,0.0493,1.9048,1.4307,1.3816
0.5866,1.3770,0.0341,combined,1.7555,4.3800,0.5866,0.1281,0.5724,1.2940,0.5458,1.4592
0.4879,6.6779,0.0788,straight,1.3176,4.4000,0.4843,-0.4863,0.0399,0.8160,0.2428,1.3305
0.9785,0.1764,1.9801,path,7.5203,4.4200,0.5999,-0.9717,0.1150,2.0846,1.5061,0.3223
1.9412,11.5326,0.9081,path,3.5746,6.3800,1.3306,-1.6768,0.9780,1.5212,0.9999,0.9670
0.5082,2.3574,0.0299,combined,0.6257,5.7000,0.5082,-0.5062,0.0447,0.3739,0.1143,0.9823
0.0224,2.0935,0.0253,stand,0.0000,4.4200,0.0000,nan,nan,0.0926,0.0247,0.5032
1.7562,14.3556,1.0248,path,3.5140,4.4400,0.9451,-1.7327,0.2866,1.4086,0.8024,1.0199
0.5549,5.3262,0.0800,straight,1.1236,4.4800,0.0150,0.5546,0.0203,1.6287,0.5351,0.5670
1.6123,66.2111,0.6394,path,3.0621,4.5000,1.5058,-1.6121,0.0257,1.6514,0.7817,0.9362
0.6020,1.1539,0.0400,combined,0.6514,4.5800,0.0773,0.6016,0.0212,1.4122,0.4007,0.4670
0.0165,5.4195,0.0110,stand,0.0000,4.4200,0.0000,nan,nan,0.2395,0.0443,1.5955
0.5575,4.5616,0.0613,straight,0.3989,4.6000,0.3989,-0.5575,0.0032,0.3017,0.1185,0.4041
2.6229,2.5009,1.2318,path,2.3848,4.6200,1.8355,-2.5682,0.5330,1.6242,1.2058,0.8218
0.6306,4.8135,0.0240,combined,1.2807,4.6200,0.6173,-0.5799,0.2477,0.7091,0.2116,0.4934
0.5213,6.2483,0.0609,combined,0.8323,5.6600,0.5212,-0.4465,0.2690,0.5322,0.1759,1.5664
0.5578,4.0965,0.0559,combined,0.8803,4.6600,0.5433,-0.2248,0.5105,0.5225,0.1854,1.3377
1.5166,159.9687,0.3575,path,1.8224,7.0800,0.0472,-1.3085,0.7667,1.2641,0.4415,1.0685
0.0291,3.9538,0.0181,stand,0.0000,4.7200,0.0000,nan,nan,0.2033,0.0314,0.5872
0.4534,5.8989,0.1413,combined,0.5723,4.7200,0.4035,0.2550,0.3749,0.5904,0.2479,1.4168
2.5366,5.3718,1.2895,path,2.3861,4.7400,2.3376,-0.4000,2.5048,2.0310,1.3397,1.2409
1.1204,8.0169,0.9638,path,5.5292,4.7800,0.8196,0.1011,1.1159,1.9506,1.3624,1.1078
1.6452,4.8175,1.3157,path,6.1389,4.7800,1.3069,-1.4051,0.8558,1.6800,1.2393,0.3197
3.0445,57.0276,0.9625,path,2.9363,4.8000,0.6357,-3.0099,0.4578,1.3201,0.5971,0.3778
1.3247,4.0074,1.8860,path,4.5598,4.8000,0.7760,-1.2542,0.4264,2.0896,1.3015,0.8537
1.7766,2.6200,1.0747,path,4.1974,4.8400,1.2094,-1.7639,0.2121,1.5320,1.0158,0.4188
0.0331,0.1375,0.0351,stand,0.0000,4.8600,0.0000,nan,nan,0.1247,0.0326,1.0683
0.5642,0.9580,0.0364,lateral,1.0664,4.8800,0.5605,-0.1360,0.5476,0.5857,0.2399,1.2758
0.6283,4.7618,0.1102,combined,1.9212,5.4400,0.6064,-0.5511,0.3017,0.9946,0.3107,0.6209
0.6417,2.4386,0.0249,turn,0.0000,5.4600,0.0000,nan,nan,0.8393,0.2545,1.4084
0.5908,4.0196,0.0789,lateral,0.5954,6.3400,0.5182,-0.0569,0.5880,0.6791,0.2223,1.1502
0.5974,3.8614,0.1375,combined,1.1293,4.9600,0.5601,-0.5530,0.2262,0.6065,0.1718,1.4417
0.5384,2.9577,0.0822,combined,1.5117,5.0000,0.5206,-0.5158,0.1543,0.7237,0.2321,1.1754
2.4488,8.3960,1.3095,path,1.8390,5.0200,0.8613,-1.5151,1.9238,2.0117,1.0660,1.3804
0.4490,5.4622,0.2056,lateral,0.5042,5.0200,0.3913,0.0028,0.4490,0.6201,0.2043,0.3983
0.4972,4.9441,0.0527,lateral,0.8259,5.0400,0.4930,-0.0352,0.4959,0.6577,0.2386,0.4393
0.5309,2.9128,0.0396,lateral,0.8067,5.0400,0.5299,-0.0285,0.5302,0.7731,0.2568,0.9228
1.0060,0.5595,1.5194,path,1.8290,5.0400,0.8243,-0.6615,0.7579,1.7505,0.8586,0.3534
1.0285,5.1434,1.3230,path,0.4363,5.0800,0.6868,-0.8854,0.5232,1.5678,1.0784,0.7735
0.5207,4.1329,0.1361,combined,0.4057,5.0800,0.3962,-0.3931,0.3414,0.4836,0.1576,0.3514
0.5477,4.1393,0.1115,combined,0.5866,5.1000,0.5465,-0.0948,0.5394,0.7394,0.2267,1.1633
2.6603,6.4303,1.4282,path,2.9692,5.1000,2.4174,-0.2671,2.6468,2.1080,1.5767,1.4165
0.7810,2.0715,1.3860,path,7.1051,5.1600,0.5913,-0.7415,0.2452,1.9221,1.3676,1.3730
2.9509,91.2681,0.0498,path,3.4857,5.1800,0.8913,-2.3908,1.7297,1.8416,0.7898,0.7007
1.4379,8.4657,1.4265,path,2.0838,5.2200,0.6966,-1.4333,0.1153,1.7978,0.9732,1.3882
0.5509,5.4989,0.0586,turn,0.0000,7.2800,0.0000,nan,nan,0.7821,0.2120,1.3767
0.4819,1.7316,0.1454,combined,0.9316,5.2800,0.4733,-0.4387,0.1995,0.6784,0.2022,0.3538
2.6748,16.7953,1.1612,path,0.9630,5.3000,2.3222,-0.7931,2.5546,1.8964,1.3063,0.3795
0.5217,4.3908,0.1040,combined,0.9787,5.3200,0.1361,0.4741,0.2178,1.3219,0.3836,0.6746
0.0325,1.9720,0.0451,stand,0.0000,5.3600,0.0000,nan,nan,0.2027,0.0402,1.1708
0.4855,4.4907,0.0302,combined,0.5948,5.3800,0.4839,0.0773,0.4793,0.8281,0.2476,1.4480
1.0933,3.6086,1.6174,path,7.8917,5.3800,0.7583,-1.0461,0.3178,1.8476,1.3881,0.6156
0.4636,5.4950,0.1041,lateral,0.0767,5.3800,0.0295,0.0308,0.4626,0.5935,0.1707,0.8006
0.5664,2.4132,0.0417,combined,1.9134,6.6400,0.5565,0.2154,0.5239,1.1544,0.4078,0.4824
1.3535,3.2986,1.6130,path,2.1893,5.4200,0.8649,-0.9544,0.9598,1.7290,1.1896,0.4759
0.8177,10.7464,0.4837,path,3.3335,5.4600,0.4325,-0.8168,0.0372,1.8081,0.9655,0.6194
0.5792,6.7659,0.0215,combined,1.2579,5.4600,0.5722,-0.0953,0.5713,0.8355,0.2796,0.7640
0.4890,3.0890,0.1225,combined,1.8730,6.2200,0.4807,0.1241,0.4730,0.9650,0.3514,1.5192
0.4827,4.4137,0.1570,combined,0.9357,5.4600,0.1410,0.4063,0.2606,1.0924,0.3405,0.6305
3.3576,5.7520,0.5140,path,2.0190,5.4800,0.4860,-1.2650,3.1102,1.6442,0.8027,1.1813
2.3906,1.4564,0.8568,path,4.4842,5.3000,2.0475,-1.5498,1.8202,1.4999,1.0399,0.6577
0.5419,4.7541,0.0046,combined,1.4486,5.5200,0.5408,0.4016,0.3638,1.5470,0.4421,0.6455
0.5470,5.9171,0.1553,turn,0.0000,5.5800,0.0000,nan,nan,0.5493,0.1864,0.6564
0.0501,2.8375,0.0179,stand,0.0000,5.5800,0.0000,nan,nan,0.1404,0.0314,0.9739
0.6281,1.6280,0.0417,turn,0.0000,6.5000,0.0000,nan,nan,0.5352,0.1738,0.7170
0.8992,3.4213,0.5472,path,0.5218,4.1000,0.8992,-0.5686,0.6966,1.4683,0.7009,0.8869
0.0383,0.8944,0.0207,stand,0.0000,5.6200,0.0000,nan,nan,0.1754,0.0313,1.5760
0.4690,6.7169,0.1293,combined,1.5047,5.6200,0.2584,0.4206,0.2075,1.5196,0.4846,0.5383
1.7899,80.5803,0.5410,path,4.9437,5.6400,1.2989,-0.0955,1.7874,2.1331,1.0051,0.5266
0.5541,3.3598,0.0813,turn,0.0000,5.6400,0.0000,nan,nan,0.5552,0.1537,1.1950
0.5248,3.6627,0.0620,turn,0.0000,5.6600,0.0000,nan,nan,0.9188,0.2319,0.5763
2.2298,0.5966,1.2669,path,5.7261,7.7800,1.9242,-2.2131,0.2726,2.0434,1.4760,0.4964
2.5610,11.2817,0.5542,path,3.5501,7.4200,0.5710,-2.2007,1.3098,1.4140,0.6564,1.2114
1.4877,80.2949,0.5718,path,0.0172,5.0800,1.4859,-0.1128,1.4834,1.3475,0.6353,1.0119
2.1733,120.0542,0.8849,path,1.9117,6.1600,1.9109,-1.3027,1.7396,1.9967,1.3529,0.8323
1.8358,134.4855,0.6660,path,2.2943,5.7000,1.4303,1.1952,1.3935,2.0639,1.4572,0.7480
1.9855,59.2162,0.9903,path,3.5943,5.7000,1.9517,-1.5473,1.2442,1.4579,0.9996,0.8714
0.4480,1.8957,0.1634,straight,1.7939,5.7200,0.4461,-0.4468,0.0330,1.0020,0.2845,0.6698
0.5707,4.3677,0.1572,combined,0.2103,5.7400,0.1560,-0.5644,0.0850,0.5379,0.1785,1.4056
2.5216,37.8620,0.5003,path,4.3108,5.7600,0.7646,-2.2892,1.0573,2.5889,1.2195,1.1285
0.4702,5.1199,0.0494,combined,0.4779,5.1800,0.0045,0.4371,0.1731,0.9254,0.2560,0.5508
1.3796,38.2908,0.1627,path,4.1817,5.7600,0.9695,-1.3650,0.2001,2.1825,1.1465,1.2535
0.4674,1.8750,0.0487,turn,0.0000,5.7800,0.0000,nan,nan,0.6489,0.1879,1.1773
2.6265,5.2813,2.2971,path,9.6905,5.8600,1.5789,-1.6744,2.0236,2.5067,1.8300,1.2830
0.4938,0.4851,0.0756,straight,0.3532,5.8000,0.3458,-0.4876,0.0778,0.3326,0.1072,0.7888
0.4850,1.3091,0.0938,lateral,0.8633,5.8200,0.4583,0.0436,0.4831,0.7147,0.2354,0.6237
0.5492,3.0808,0.0459,combined,1.4998,5.4000,0.5473,-0.2917,0.4653,1.0746,0.2883,0.6758
0.0321,0.5823,0.0281,stand,0.0000,5.8600,0.0000,nan,nan,0.1933,0.0301,0.0000
0.0381,1.3363,0.0280,stand,0.0000,5.8800,0.0000,nan,nan,0.1230,0.0286,0.3460
1.4981,79.1933,0.4023,path,2.4468,5.9000,1.2345,1.3048,0.7361,1.7566,1.0492,0.5510
0.5724,3.5721,0.0936,lateral,0.5278,5.9200,0.4953,-0.0119,0.5723,0.9577,0.2425,0.4513
0.5353,4.9194,0.0188,lateral,0.8843,6.0200,0.5264,0.0268,0.5346,0.8716,0.2330,0.4705
1.4512,7.5699,0.9776,path,2.9386,5.9600,0.7571,-1.2966,0.6518,1.5134,1.0379,0.7995
0.0600,2.9922,0.0100,stand,0.0000,6.0000,0.0000,nan,nan,0.2854,0.0550,1.1122
0.5309,3.2375,0.0697,combined,1.7874,6.0000,0.5280,0.1405,0.5120,1.2404,0.4058,1.3310
0.5790,0.7886,0.0095,combined,1.8746,6.0800,0.5634,-0.5687,0.1088,1.1547,0.2625,1.4472
0.8475,2.2761,1.3241,path,3.4512,6.1200,0.6770,0.6741,0.5137,2.0506,1.1859,0.6795
0.5589,2.8556,0.0571,combined,1.8281,6.1600,0.5557,-0.0646,0.5552,1.0814,0.3209,1.1486
0.4725,2.9048,0.0800,lateral,0.0695,7.0600,0.0695,-0.0134,0.4723,0.5628,0.1460,0.9704
0.9844,0.3012,1.8844,path,1.5742,6.1800,0.7061,-0.9515,0.2524,2.0225,1.3629,0.4051
0.5438,3.1779,0.1215,turn,0.0000,6.2000,0.0000,nan,nan,0.7587,0.1941,1.0724
0.5565,5.3912,0.1916,straight,1.4660,6.2400,0.5343,-0.5555,0.0345,0.9326,0.2147,1.4138
0.4509,2.3378,0.0562,straight,0.3324,6.2800,0.0069,0.4508,0.0086,0.9770,0.2495,1.0022
0.5680,0.0147,0.0116,straight,1.6744,6.3000,0.5653,-0.5600,0.0949,0.8757,0.2153,1.1314
1.7933,8.6234,0.9475,path,0.6473,7.8200,1.3677,0.1127,1.7898,1.7876,1.1330,0.9240
2.1663,9.2252,0.8807,path,3.4900,6.3600,0.8846,-2.0026,0.8263,1.2197,0.7154,0.5748
0.5073,5.0593,0.0453,turn,0.0000,6.3600,0.0000,nan,nan,0.5651,0.1759,1.1760
0.0840,3.1553,0.0141,stand,0.0000,6.4400,0.0000,nan,nan,0.3449,0.0481,1.2275
1.7711,27.4835,0.8499,path,2.8037,6.4400,1.7032,-1.3890,1.0989,1.7665,0.9767,1.5375
1.7591,16.4016,1.1070,path,4.0512,6.4600,1.3591,-1.4845,0.9437,1.8184,1.2286,0.6285
2.1563,28.9429,1.7556,path,3.0473,6.5200,1.4762,-1.2873,1.7299,2.0133,1.4320,0.9826
0.0370,0.1423,0.0118,stand,0.0000,6.5400,0.0000,nan,nan,0.2614,0.0320,0.4931
1.9669,18.9329,1.1041,path,3.4355,5.7400,0.9074,-1.9403,0.3225,1.5042,0.7429,0.4140
0.5269,3.4265,0.0811,turn,0.0000,6.5600,0.0000,nan,nan,0.9087,0.1984,0.3519
0.5699,2.1661,0.1951,combined,1.0478,6.5800,0.5639,-0.5670,0.0574,0.6869,0.1750,0.5656
2.1925,59.5074,1.4217,path,6.6379,6.5800,1.7611,-2.0854,0.6770,2.2359,1.4556,0.5486
0.5468,3.8974,0.1496,straight,1.1138,6.5800,0.0396,0.5444,0.0519,1.6613,0.3777,1.0200
0.4148,1.5838,1.7053,path,4.3884,6.6000,0.2660,0.4019,0.1028,1.9629,1.4138,1.2709
2.6442,49.1607,0.9520,path,1.3265,6.6600,1.4317,-2.2976,1.3088,1.8783,0.9491,1.2910
0.5621,6.4147,0.0521,lateral,1.1820,5.3800,0.5569,-0.1058,0.5521,0.7386,0.2616,1.1509
0.5490,5.6517,0.1374,straight,1.7530,6.6600,0.0483,0.5471,0.0450,1.8117,0.5057,0.5614
0.1145,2.7270,0.0146,stand,0.0000,6.6600,0.0000,nan,nan,0.3530,0.0448,0.7989
0.5726,2.7145,0.1279,turn,0.0000,6.7000,0.0000,nan,nan,0.8336,0.2081,1.4721
1.7648,39.3095,1.0256,path,2.1939,6.7000,1.1954,-1.7021,0.4664,1.4216,1.0291,0.8090
0.5808,3.3837,0.0245,combined,1.0482,6.7000,0.5808,-0.0201,0.5805,1.0561,0.2515,0.5135
0.5517,2.2405,0.0326,turn,0.0000,6.7800,0.0000,nan,nan,0.6896,0.1697,1.5212
0.5594,3.0031,0.0630,combined,1.9430,6.8000,0.5541,-0.3398,0.4444,1.0184,0.2970,1.1919
0.9343,0.0578,1.4401,path,3.3564,6.8000,0.9138,-0.9203,0.1607,1.9398,1.1692,1.0279
0.5086,2.5616,0.0702,turn,0.0000,6.2000,0.0000,nan,nan,0.5965,0.1792,1.5807
2.9351,4.5534,1.2173,path,3.3068,6.8600,0.7109,-2.7925,0.9039,2.3181,1.2172,0.3499
1.3071,3.3517,0.1971,path,0.9426,6.8800,0.1100,-1.2818,0.2560,1.0823,0.4012,0.4116
1.5838,19.3176,1.8824,path,7.7478,6.8800,1.3869,-1.0336,1.2000,2.1126,1.6324,1.2463
0.3954,4.1310,0.0950,turn,0.0000,6.8800,0.0000,nan,nan,0.8350,0.1566,1.0650
2.2001,48.7766,0.8335,path,0.0957,6.7000,2.0892,0.2425,2.1867,1.6144,1.0127,1.0464
1.3583,7.0511,0.8805,path,1.5280,5.8400,0.7487,-0.2988,1.3251,1.5894,1.0599,1.3427
1.0738,3.3915,1.1347,path,3.1228,6.9400,0.5742,-1.0559,0.1953,1.2947,0.9954,1.0247
1.2812,6.6311,1.4928,path,5.3259,6.9600,1.2620,-0.5033,1.1782,1.9823,1.5924,0.7360
2.0994,0.6910,1.3071,path,2.3216,6.9600,0.8477,-1.4951,1.4737,1.9737,1.0703,0.8397
0.5218,4.4268,0.0873,turn,0.0000,6.9800,0.0000,nan,nan,0.7050,0.1700,1.4073
0.5125,4.2083,0.0565,combined,1.7087,7.0000,0.5124,-0.0739,0.5071,0.8941,0.2884,1.2367
0.9701,4.1101,1.6198,path,3.9355,7.0200,0.6271,-0.5175,0.8206,1.8741,1.1466,1.0551
0.5769,5.0670,0.0302,combined,1.2640,7.0400,0.5450,-0.5764,0.0246,0.6811,0.1659,1.2776
0.5947,1.9590,0.0910,lateral,0.6777,4.7200,0.4621,-0.0246,0.5942,0.6075,0.2620,0.5994
2.3074,10.5612,0.8699,path,3.8043,7.0600,1.8886,-1.3574,1.8658,1.8675,1.2442,0.6465
1.9977,13.4033,0.6777,path,2.8103,7.0600,0.3558,-1.9600,0.3867,1.5813,0.7271,0.9273
0.5122,2.0694,0.0283,combined,1.7612,7.1000,0.5000,0.1688,0.4835,1.2041,0.3284,0.3685
1.5745,15.8914,1.2604,path,1.1527,7.1000,0.6718,-1.4155,0.6895,1.5274,0.8282,1.1862
0.0274,0.8021,0.0124,stand,0.0000,7.1400,0.0000,nan,nan,0.1920,0.0326,0.4777
0.5178,3.1292,0.0295,turn,0.0000,7.1400,0.0000,nan,nan,0.7512,0.1487,1.5835
2.2952,8.5133,1.1176,path,2.0066,7.1400,0.3965,-1.8044,1.4185,1.4116,0.8031,1.1064
0.5516,2.8588,0.0520,combined,0.6392,7.1400,0.5416,-0.5043,0.2235,0.3968,0.1063,1.3612
0.0526,3.4380,0.0673,stand,0.0000,6.3800,0.0000,nan,nan,0.1187,0.0411,1.0613
0.5493,4.7454,0.0231,straight,0.9894,7.1600,0.5312,-0.5404,0.0990,0.5677,0.1116,1.1901
0.5507,3.6430,0.1501,combined,1.8854,7.1800,0.5449,0.3751,0.4032,1.4576,0.3894,1.1045
0.0193,1.5397,0.0210,stand,0.0000,7.2200,0.0000,nan,nan,0.2290,0.0343,1.4960
0.0354,0.0909,0.0118,stand,0.0000,5.9000,0.0000,nan,nan,0.1545,0.0356,1.2156
0.5402,5.6405,0.0423,lateral,0.2668,7.2600,0.2359,-0.0296,0.5394,0.7788,0.1741,1.1115
3.7542,108.7739,1.3338,path,5.1723,7.2600,1.5886,-0.0206,3.7541,1.9508,1.4725,1.3878
0.0174,1.2618,0.0243,stand,0.0000,7.2800,0.0000,nan,nan,0.2828,0.0363,1.1808
0.5077,4.3338,0.0764,turn,0.0000,7.2800,0.0000,nan,nan,0.7953,0.1718,1.1495
0.0548,0.2941,0.0142,stand,0.0000,7.3000,0.0000,nan,nan,0.1604,0.0309,0.9978
0.4583,3.0384,0.0472,combined,0.4690,7.3800,0.2874,0.4378,0.1358,0.8937,0.2159,1.2073
0.5452,6.3254,0.0433,combined,1.1944,7.4200,0.5217,-0.4377,0.3250,0.7022,0.1637,0.6646
0.5135,3.0556,0.0510,combined,1.3828,7.4200,0.5112,0.0203,0.5131,0.9085,0.2349,0.0000
0.5694,1.8153,0.0509,combined,0.7589,7.4400,0.5694,-0.2595,0.5068,0.4769,0.1522,1.5624
0.4633,1.3496,0.0888,turn,0.0000,7.4600,0.0000,nan,nan,0.5942,0.1456,1.1895
1.3446,0.0664,1.1060,path,1.5147,7.4800,0.7387,-1.2970,0.3548,1.4103,0.9788,0.6472
0.5224,1.7019,0.1888,combined,1.8203,7.4800,0.4950,0.2382,0.4650,1.2017,0.3530,1.4257
1.3974,12.0094,0.6107,path,1.4872,7.5400,0.9068,-0.9270,1.0457,1.3580,0.6161,0.7896
0.6062,0.3317,0.0415,combined,2.0279,7.5400,0.5738,-0.5900,0.1393,0.9616,0.2393,0.7989
0.5480,3.2925,0.1311,lateral,0.5946,7.5600,0.5267,0.0514,0.5456,0.8453,0.1979,0.9730
0.9911,0.8906,1.0114,path,2.4679,4.2200,0.6338,-0.4099,0.9024,1.5264,0.9581,1.3963
1.5202,7.6858,1.3905,path,2.9741,7.5800,0.8377,-1.5197,0.0396,1.5778,1.2943,0.6257
0.4479,1.9998,0.1274,turn,0.0000,7.6000,0.0000,nan,nan,0.6501,0.1397,0.5599
0.0234,0.9432,0.0131,stand,0.0000,7.6200,0.0000,nan,nan,0.1673,0.0277,0.6742
0.4225,7.9803,0.0614,combined,1.4186,5.3600,0.4221,-0.1795,0.3825,0.7054,0.2532,1.2457
0.0255,1.3271,0.0088,stand,0.0000,7.6400,0.0000,nan,nan,0.1113,0.0249,1.3970
0.5368,4.1525,0.0625,combined,1.5847,7.8200,0.5231,-0.0666,0.5326,0.8420,0.2319,1.1181
0.4445,69.8459,0.4433,path,1.5192,7.6800,0.3018,0.0101,0.4444,1.0007,0.5000,1.1046
0.0489,0.1814,0.0782,stand,0.0000,7.7000,0.0000,nan,nan,0.3469,0.0787,0.8998
0.5567,2.8147,0.1249,combined,0.7789,7.7200,0.5224,0.2108,0.5153,0.7112,0.2207,1.0847
0.5364,3.0670,0.0753,lateral,0.5344,7.7800,0.4277,-0.0075,0.5363,0.6671,0.1612,0.9191
0.5390,5.7676,0.1466,lateral,0.8573,7.8000,0.5241,-0.0328,0.5380,0.8807,0.2079,0.6936
1.0746,4.0763,1.7621,path,1.9110,7.8200,0.8110,1.0457,0.2476,1.9513,1.2825,1.4566
0.5113,1.3999,0.1630,lateral,0.2150,7.8600,0.2150,-0.0283,0.5105,0.6462,0.1750,1.2157
0.5123,4.8675,0.0455,straight,0.2194,7.8600,0.0076,0.5122,0.0084,1.1040,0.2083,0.3692
0.4403,5.1519,0.1381,lateral,0.4112,7.8600,0.3352,-0.0894,0.4311,0.4263,0.1335,1.5835
0.5545,3.2187,0.1609,combined,0.9856,4.0600,0.5545,-0.3341,0.4426,0.6940,0.2552,0.4791
0.5536,4.5260,0.1824,straight,0.7833,7.9600,0.0135,0.5464,0.0890,1.5732,0.3172,0.8802
0.5717,0.4829,0.0479,lateral,0.9150,7.9800,0.5710,0.0374,0.5705,1.0770,0.2266,1.2150
0.5430,3.1693,0.1043,combined,1.0710,7.3600,0.5261,-0.5144,0.1740,0.5311,0.1317,1.4341
1.7539,12.7262,0.8799,path,2.9089,7.0000,0.9018,-1.6110,0.6935,1.5105,0.8320,0.4716
0.5285,5.8038,0.1673,turn,0.0000,6.7000,0.0000,nan,nan,0.6737,0.1680,0.3528
0.5375,5.9069,0.1923,straight,1.5872,7.0400,0.5248,-0.5374,0.0085,1.2390,0.2264,0.5018
0.5303,3.1011,0.0594,lateral,0.9735,7.2000,0.5021,-0.0981,0.5211,0.7706,0.1960,0.6022
0.5326,4.6715,0.1081,combined,1.1062,5.8000,0.5299,0.0385,0.5312,0.9169,0.3216,0.8067
2.7351,147.4781,1.7351,path,4.8133,5.1400,1.3098,0.0409,2.7348,2.1335,1.2973,1.3193
0.5327,5.3618,0.0542,combined,1.5390,6.6400,0.5322,-0.0894,0.5252,0.7593,0.2550,0.6967
0.5732,1.2934,0.1366,combined,1.6897,6.1400,0.1790,0.4855,0.3048,1.7163,0.5447,0.9667
0.5385,1.9354,0.0678,straight,0.4266,5.5200,0.0020,0.5384,0.0006,0.4128,0.2056,1.5854
1.4223,3.8996,1.3902,path,2.7504,4.4400,0.8650,-0.8880,1.1110,1.6814,1.2732,1.0817
0.5137,2.2832,0.1795,straight,1.5061,4.5800,0.0213,0.5135,0.0144,1.6542,0.5871,1.5654
0.5492,1.9736,0.0516,lateral,1.4282,7.7800,0.5399,0.0808,0.5433,0.8572,0.2490,1.5748
2.7465,114.7021,1.7175,path,1.5572,7.4800,1.5695,-0.7096,2.6532,1.9602,1.1471,0.5925
1.8327,108.3637,0.3241,path,1.5820,4.2600,0.9976,-0.5990,1.7321,1.7672,0.9710,1.4665
1.2632,3.2906,1.6094,path,6.2073,4.3600,0.9460,-1.2617,0.0617,2.1148,1.4707,1.3220
0.6169,1.6624,0.0356,lateral,1.3035,5.1000,0.6147,-0.0632,0.6137,0.6411,0.2773,0.9836
0.6222,2.5532,0.1162,straight,0.2476,4.2600,0.0405,0.6222,0.0035,1.0511,0.3464,0.4670
0.9556,12.7945,0.3724,path,0.9218,4.1600,0.5191,-0.8298,0.4740,1.7719,0.8304,0.6024
0.5377,4.5077,0.0688,straight,0.6378,4.6400,0.5288,-0.5350,0.0538,0.2339,0.1039,0.8364
0.4938,5.6913,0.1611,straight,1.5253,4.7600,0.4938,-0.4821,0.1069,0.9268,0.2613,0.4468
0.5364,1.9862,0.2072,lateral,1.0913,5.7400,0.5335,-0.0533,0.5338,0.7327,0.2363,1.5912
0.5268,3.3149,0.1094,combined,1.4673,4.5000,0.5268,-0.0874,0.5195,1.0228,0.3839,1.5664
0.5659,0.9349,0.0996,turn,0.0000,5.6800,0.0000,nan,nan,0.6009,0.2174,0.4020
0.5199,11.7513,0.4467,path,0.8185,4.8000,0.1193,-0.5103,0.0997,1.0287,0.4442,1.1295
1.6069,13.4813,1.8679,path,3.2147,4.1200,0.6813,-0.8750,1.3478,1.8252,1.3011,1.1668
1.6175,1.7212,0.8361,path,2.0002,7.3000,0.8873,-1.3651,0.8675,1.4102,0.8796,1.4960
0.0067,1.0388,0.0250,stand,0.0000,4.8800,0.0000,nan,nan,0.0472,0.0228,0.5032
1.2639,8.7425,1.4477,path,5.5624,4.3000,0.8517,-1.2028,0.3882,1.6736,1.1873,0.8887
0.5436,1.8157,0.1968,combined,1.9368,5.2600,0.5436,0.2042,0.5038,1.4022,0.5224,1.5132
0.4814,6.1075,0.1235,straight,1.4967,4.1600,0.4772,-0.4713,0.0982,0.8949,0.2849,1.1708
2.7729,67.0849,1.1106,path,1.6792,6.1000,0.8923,-2.0010,1.9195,1.8948,0.7536,1.2099
0.5115,1.4319,0.0228,turn,0.0000,7.1400,0.0000,nan,nan,0.3808,0.1232,1.3527
0.4935,0.5043,0.0057,straight,1.3394,4.3800,0.4935,-0.4934,0.0073,0.8741,0.2460,0.6746
0.5481,2.4158,0.0348,lateral,0.7934,5.1800,0.5435,-0.0064,0.5480,0.9587,0.2618,1.3377
2.1363,11.3726,0.9799,path,3.8853,4.4600,1.2640,-1.7281,1.2559,1.7012,0.8340,0.9004
2.0703,3.6147,0.9806,path,2.9485,6.3000,1.0604,-2.0401,0.3525,1.2144,0.6727,1.3647
1.0621,3.7472,1.4653,path,3.0938,5.5600,0.7206,-1.0621,0.0079,1.8023,1.0753,0.6078
0.5634,4.4822,0.1345,turn,0.0000,5.0600,0.0000,nan,nan,0.4943,0.1734,1.2758
0.5615,3.6353,0.1037,combined,1.8727,6.5200,0.5540,-0.2817,0.4858,0.8668,0.2763,1.2593
0.6223,0.5884,0.0425,lateral,0.6478,5.0200,0.3769,0.0589,0.6195,0.5786,0.2893,0.6209
0.4745,2.0697,0.1693,turn,0.0000,5.5800,0.0000,nan,nan,0.5995,0.1398,1.3305
0.6916,11.3365,0.2465,path,0.3896,6.7600,0.1413,0.2595,0.6411,1.1366,0.5039,0.3602
0.4894,3.1786,0.0382,straight,1.6249,5.9200,0.4789,-0.4817,0.0866,0.9827,0.2556,1.4568
1.6567,24.1618,1.1333,path,3.2094,6.0600,1.3296,-1.2395,1.0992,1.8587,1.2652,1.0524
0.7359,2.7929,1.1347,path,2.0748,4.5600,0.4800,-0.7340,0.0530,1.4057,0.8546,1.1400
0.0215,1.3627,0.0322,stand,0.0000,4.4200,0.0000,nan,nan,0.1904,0.0297,0.5763
2.4847,2.5868,1.4973,path,7.5352,4.4000,1.9163,-2.2827,0.9812,1.9125,1.4898,1.0771
0.5475,2.2406,0.0835,turn,0.0000,4.0800,0.0000,nan,nan,0.4841,0.2143,1.3310
0.4870,5.3930,0.0573,combined,0.1837,5.0400,0.1837,-0.4447,0.1985,0.4255,0.1155,0.4393
0.5462,0.4479,0.0441,lateral,0.4024,4.7000,0.3777,-0.0531,0.5437,0.8147,0.2612,0.4824
0.5542,3.3252,0.0592,lateral,1.3077,6.0000,0.5499,0.0590,0.5511,0.7820,0.2605,0.9699
0.0141,2.7891,0.0164,stand,0.0000,5.5200,0.0000,nan,nan,0.1214,0.0311,0.4934
0.5233,5.0896,0.1743,turn,0.0000,6.4200,0.0000,nan,nan,0.7481,0.1827,0.6594
1.5148,3.5795,1.3791,path,6.7197,5.1400,1.3599,-1.4966,0.2340,2.2833,1.6430,1.4324
1.5738,7.5179,1.5509,path,5.9180,4.5400,0.7313,-1.5112,0.4396,1.7455,1.2074,0.7071
2.2983,38.0060,1.9131,path,2.6443,5.1000,1.0816,-1.7797,1.4542,2.0489,1.2003,0.7383
0.5251,2.6442,0.0669,combined,1.3019,5.2400,0.5156,-0.2320,0.4711,0.9641,0.2823,1.1754
0.5676,2.2123,0.1117,turn,0.0000,5.2800,0.0000,nan,nan,0.7957,0.2491,1.4417
0.0136,1.2325,0.0122,stand,0.0000,4.0800,0.0000,nan,nan,0.1376,0.0339,1.0724
0.5507,5.5475,0.1561,straight,1.6296,5.2800,0.0901,0.5481,0.0532,1.7096,0.5776,1.1633
2.4101,55.1643,0.8278,path,0.9624,4.6200,1.5767,-0.9805,2.2016,1.2837,0.8185,1.2479
0.6045,0.6420,0.1140,combined,0.9068,4.4000,0.3011,0.4471,0.4068,1.1269,0.5007,1.4472
0.5305,5.5345,0.0792,lateral,0.3944,6.0000,0.3636,-0.0557,0.5275,0.9436,0.2041,0.5670
0.0411,3.6398,0.0472,stand,0.0000,4.2000,0.0000,nan,nan,0.1296,0.0397,1.1314
1.3264,4.8772,2.0341,path,10.6948,6.9200,0.1706,-1.3228,0.0988,2.1721,1.6828,0.9014
1.7916,39.8821,0.6935,path,4.6294,4.7800,1.2339,-0.4124,1.7435,2.1834,1.2362,1.0622
0.5392,7.0778,0.2034,combined,1.8227,4.2600,0.1812,0.5369,0.0496,1.4834,0.6300,1.0022
0.4840,1.1834,0.0366,lateral,1.2140,5.1800,0.4840,-0.0779,0.4777,0.7421,0.2669,0.8006
1.1216,54.3334,0.3542,path,3.4645,4.0400,0.6213,1.1174,0.0974,1.9403,1.3554,0.5425
0.5489,2.7371,0.0283,straight,0.1855,5.5600,0.0033,0.5489,0.0041,0.9365,0.2462,0.9228
0.5573,4.6298,0.0293,straight,0.6377,4.8000,0.5535,-0.5543,0.0581,0.1793,0.0781,0.6758
0.5721,4.0666,0.1149,straight,0.6924,6.3200,0.0183,0.5688,0.0615,1.4500,0.3290,0.7126
3.9703,62.6680,1.1186,path,0.4057,5.9000,1.3460,-1.7979,3.5399,2.4356,1.3018,1.2010
0.5521,0.8670,0.0415,turn,0.0000,6.4800,0.0000,nan,nan,0.8882,0.2369,1.5744
2.7851,18.3483,1.3067,path,1.1136,6.5600,2.3937,0.3452,2.7637,2.1354,1.6132,0.6978
0.6216,2.2053,0.0203,straight,1.6426,4.5400,0.1132,0.6207,0.0333,1.7478,0.6560,0.6907
0.4554,2.5892,0.2021,straight,1.8099,4.9800,0.4484,-0.4515,0.0591,1.0178,0.3279,1.1773
0.5630,0.1760,0.1209,lateral,0.0963,6.0200,0.0684,0.0292,0.5622,0.7605,0.1798,1.0660
0.4939,5.2084,0.0766,lateral,1.1236,5.1600,0.4939,0.0283,0.4931,0.7827,0.2751,0.5383
1.4653,9.8406,0.6818,path,1.2726,6.8000,1.0482,-1.4625,0.0904,1.6580,0.8089,0.7875
1.0031,7.5424,0.4386,path,1.3788,4.1600,0.7993,-0.8498,0.5329,1.3749,0.6718,1.5573
0.5429,4.8693,0.0573,lateral,1.3099,5.2200,0.5428,-0.0158,0.5426,0.8931,0.3011,1.1950
2.7425,4.4401,1.3465,path,4.7350,5.2200,1.4850,-2.6424,0.7341,1.4311,0.9355,1.4209
0.9882,35.1559,0.1252,path,0.0588,4.7400,0.8334,0.1034,0.9828,1.8844,0.7451,1.5599
2.4723,7.3982,2.0813,path,2.7403,7.8200,1.3577,0.2264,2.4619,2.2734,1.4983,0.8955
0.5872,6.6398,0.0624,turn,0.0000,4.9600,0.0000,nan,nan,0.6075,0.2589,1.1122
0.7799,4.7720,0.9478,path,7.6992,6.9400,0.6319,-0.6160,0.4783,1.9384,1.4331,1.2157
0.4485,2.5167,0.0651,combined,1.0492,5.9400,0.4485,-0.4481,0.0206,0.6650,0.1626,0.3983
0.0891,5.2851,0.0196,stand,0.0000,4.2600,0.0000,nan,nan,0.1627,0.0442,0.5135
0.4818,3.3290,0.0772,straight,1.1997,6.6800,0.4584,-0.4677,0.1156,0.7402,0.1756,1.0169
0.5286,3.0348,0.0810,straight,1.7657,5.6600,0.0199,0.5286,0.0011,1.7550,0.5515,0.7056
0.5471,5.2404,0.0623,straight,0.4296,4.3200,0.0162,0.5446,0.0520,1.1874,0.3680,0.5614
1.3153,50.3972,0.1678,path,1.1563,7.0600,0.0709,-1.0121,0.8400,1.5284,0.4146,0.4026
0.4894,0.5461,0.1649,lateral,1.2541,5.3800,0.4860,-0.0506,0.4867,0.8216,0.2765,1.5760
0.4689,7.6788,0.1484,straight,1.8768,6.8800,0.0808,0.4660,0.0519,1.6772,0.4741,1.2373
1.0239,9.6502,0.8043,path,2.0526,5.3200,0.6617,-1.0236,0.0261,2.2971,0.9412,1.4347
0.5771,2.4992,0.0136,turn,0.0000,5.6600,0.0000,nan,nan,0.6190,0.1843,0.7640
0.5355,6.0947,0.0290,lateral,0.8329,6.7600,0.5324,0.0549,0.5327,0.8765,0.2192,1.4592
0.8404,5.0273,1.1180,path,7.1965,7.1000,0.7086,-0.7958,0.2701,1.8985,1.3557,0.3607
0.9653,3.8058,1.4713,path,1.9060,6.1200,0.4240,-0.1088,0.9591,1.4423,1.0534,1.1936
0.5583,4.6047,0.0848,straight,0.3297,7.1000,0.3297,-0.5575,0.0292,0.5068,0.1049,1.1588
0.4743,2.2087,0.0926,straight,1.4729,6.9600,0.4698,-0.4722,0.0444,0.8999,0.1981,0.5135
0.5363,4.8475,0.0401,combined,0.2163,6.6800,0.0893,0.3924,0.3656,0.9929,0.2349,0.4041
2.0928,21.1071,0.9562,path,1.1407,4.1000,1.8652,-0.0898,2.0908,1.9285,1.2878,1.5775
1.7076,3.2779,1.5664,path,6.6435,4.7000,1.3877,-1.6094,0.5707,1.8187,1.4512,1.3550
1.3500,14.5848,0.9359,path,3.7050,6.5400,0.8613,-1.3494,0.0410,1.5681,1.0626,1.1692
2.8039,3.5601,1.2738,path,4.9410,5.6400,1.5714,-2.7760,0.3946,1.7507,1.1394,0.4146
1.4521,14.3658,1.8930,path,4.7151,4.4800,0.7241,-1.4484,0.1040,1.9484,1.3536,0.3622
1.4407,4.1575,0.9467,path,1.7161,6.7400,0.9739,-0.8491,1.1639,1.7576,1.2105,0.5793
0.5021,5.8984,0.0479,turn,0.0000,6.0000,0.0000,nan,nan,0.5969,0.1727,1.4480
0.5739,3.3197,0.1841,combined,1.3993,4.8200,0.2737,0.5195,0.2441,1.7614,0.5685,0.5656
1.4750,1.1709,1.1395,path,2.4562,7.1800,1.0252,-0.2617,1.4516,1.7405,1.3397,1.5927
0.4644,3.1313,0.0520,lateral,0.7261,7.2400,0.4474,0.0936,0.4549,0.6757,0.2058,0.4647
0.4881,2.2739,0.0179,straight,1.4156,4.7000,0.4841,-0.4830,0.0704,0.8643,0.2533,1.5807
1.7979,16.1048,1.6529,path,5.7159,5.8200,1.0413,-1.5267,0.9497,1.7845,1.2378,0.3604
0.5020,0.3804,0.0209,combined,1.5851,6.8400,0.4001,0.4355,0.2497,1.5897,0.4379,0.5872
0.5395,2.7780,0.0266,turn,0.0000,4.3800,0.0000,nan,nan,0.6454,0.2113,1.1045
1.6568,10.6034,0.8118,path,2.3125,5.9200,0.9927,-1.5745,0.5155,1.1487,0.5215,1.4594
0.4992,4.2348,0.1164,combined,0.5775,7.2400,0.4654,-0.1550,0.4745,0.5548,0.1445,1.1303
0.5612,4.3733,0.1712,lateral,0.2393,4.9800,0.2081,0.0259,0.5606,0.9654,0.2436,0.7989
0.5742,2.9167,0.0943,straight,0.3648,5.1200,0.3641,-0.5742,0.0024,0.4445,0.1113,0.4931
1.9579,7.0494,1.3441,path,6.4292,6.1800,1.5485,-1.3455,1.4223,1.9440,1.3272,1.2790
0.5209,6.1779,0.1456,straight,0.6555,4.5400,0.5115,-0.5129,0.0909,0.2499,0.0923,1.5835
0.4415,4.2557,0.1215,straight,1.6526,5.9800,0.0178,0.4415,0.0011,1.5336,0.4721,0.6698
1.3597,6.8971,0.6192,path,1.9346,6.6200,0.5998,-1.3330,0.2679,1.5098,0.8014,0.9751
0.5473,5.2650,0.0874,straight,0.3731,5.8200,0.3723,-0.5470,0.0194,0.3472,0.1165,0.4513
2.1030,18.9923,1.0819,path,2.3121,6.7000,1.3285,-2.0126,0.6099,1.7819,1.1168,0.7807
0.6223,3.3417,0.0530,turn,0.0000,6.8000,0.0000,nan,nan,0.9175,0.2266,1.4084
1.7226,36.8885,0.8941,path,3.6896,5.8000,1.6804,-1.5831,0.6789,1.7498,1.0081,0.6790
2.6981,19.3572,1.1632,path,2.8321,7.7400,1.0024,-2.5956,0.7365,1.8837,0.9752,0.9001
0.4414,0.3458,1.3232,path,5.7558,6.6200,0.4253,-0.4255,0.1175,1.7102,1.1843,1.2946
0.4715,1.4244,0.2026,straight,0.8479,6.3400,0.4607,-0.4676,0.0607,0.4864,0.1392,1.5192
1.1156,2.4073,1.5508,path,4.9977,4.7800,0.7422,-0.8657,0.7036,1.8003,1.3664,1.0905
0.5517,2.5100,0.1331,combined,0.7210,4.7000,0.3838,0.3990,0.3810,0.8546,0.3613,1.3612
2.2078,23.9011,2.1987,path,3.8181,7.1800,1.1734,-0.8840,2.0232,2.3683,1.5851,1.4587
2.3286,12.5253,1.7322,path,2.8669,4.3000,1.7995,-1.7124,1.5779,2.0454,1.1729,0.9865
0.5513,2.9597,0.0749,straight,0.6718,4.8400,0.0537,0.5512,0.0123,1.3755,0.4196,1.2776
1.4985,5.9665,1.6418,path,7.3936,4.9200,0.9303,-1.4391,0.4175,1.9095,1.4721,0.7242
1.1950,103.7451,0.9535,path,4.2966,5.0400,0.9141,-0.6772,0.9846,2.0262,1.2922,0.3585
0.5240,5.2032,0.0395,lateral,1.4246,5.1200,0.5230,-0.0147,0.5238,0.8853,0.3234,1.5212
0.5233,1.6799,0.0640,straight,1.0937,6.0600,0.0115,0.5211,0.0480,1.6262,0.4083,0.0000
0.5647,3.5874,0.2638,lateral,0.9206,4.0000,0.5647,-0.1159,0.5527,0.9242,0.3167,0.8802
0.5032,5.3630,0.1118,turn,0.0000,7.6600,0.0000,nan,nan,0.7820,0.1654,1.5859
2.7212,12.2579,1.2816,path,1.4907,7.1400,1.9852,0.4189,2.6888,1.9816,1.5822,0.7450
0.5591,6.1962,0.0979,straight,1.2927,4.7400,0.5531,-0.5587,0.0195,0.7434,0.1991,1.1115
1.8269,15.9916,1.3598,path,4.0649,6.8000,1.4186,-0.6349,1.7131,1.8492,1.4802,1.0903
0.0072,0.5932,0.0386,stand,0.0000,6.4800,0.0000,nan,nan,0.1553,0.0360,0.6564
0.5343,1.7254,0.0830,turn,0.0000,4.4000,0.0000,nan,nan,0.7342,0.2679,1.1181
0.5056,4.0986,0.0151,straight,0.8538,4.1400,0.0254,0.5051,0.0207,1.6177,0.4785,1.4341
0.5868,4.5686,0.0054,combined,1.9527,7.2600,0.5827,-0.0842,0.5807,0.9321,0.3029,1.1502
0.5962,0.2280,0.0399,straight,1.5561,5.0800,0.5781,-0.5900,0.0853,0.9324,0.2426,1.0613
0.5507,6.1653,0.0522,turn,0.0000,4.8200,0.0000,nan,nan,0.7272,0.2197,0.6646
0.5710,2.8471,0.0221,lateral,0.9866,7.4200,0.5597,-0.0677,0.5670,0.8437,0.2051,1.0683
0.5317,3.2093,0.0222,combined,1.0525,6.3800,0.5317,-0.5296,0.0474,0.5836,0.1352,0.4705
1.4653,14.6722,1.6692,path,5.8201,4.7400,1.4653,-1.1241,0.9400,2.2502,1.5167,1.1171
1.5539,40.9233,0.8900,path,2.0843,7.8200,1.4979,-0.8119,1.3249,1.7180,0.9038,1.4959
1.7899,10.8005,1.4435,path,4.4454,7.9000,1.2375,-1.7538,0.3576,1.9801,1.4887,0.4524
4.2849,79.7008,0.8341,path,3.0207,5.0600,0.8595,1.2182,4.1081,2.3256,1.3307,0.9429
1.8227,9.4200,1.1254,path,3.8433,5.4600,1.2114,-1.5993,0.8743,1.6511,1.0953,0.4831
0.9728,14.0833,0.7804,path,0.4612,4.5200,0.5679,-0.8907,0.3912,1.9930,0.7066,0.4110
0.4569,4.9416,0.0698,combined,1.1303,6.9000,0.4330,-0.0607,0.4529,0.6827,0.2080,0.3073
3.1182,2.0931,1.6487,path,6.1210,5.4800,1.0169,-2.4693,1.9041,2.0258,1.0769,0.7266
0.4929,3.0136,0.0250,straight,0.3340,4.9600,0.3331,-0.4928,0.0086,0.2458,0.1028,0.0000
0.6060,4.2491,0.0421,turn,0.0000,5.7000,0.0000,nan,nan,0.7230,0.2242,1.4721
0.5575,3.6419,0.1064,straight,0.5366,7.1200,0.5237,-0.5513,0.0830,0.1934,0.0743,1.3767
0.5057,3.4233,0.0615,straight,1.2017,7.9800,0.0108,0.5028,0.0540,1.6907,0.3472,0.9823
0.5447,3.0302,0.0363,combined,0.7699,4.8600,0.5377,-0.4412,0.3195,0.4684,0.1515,0.9730
0.5492,5.9906,0.0868,straight,1.3184,5.3000,0.5388,-0.5347,0.1254,0.7420,0.1905,1.1901
0.4606,4.8538,0.0823,combined,1.1185,6.7000,0.0205,0.4557,0.0667,1.5269,0.3721,0.5508
0.0141,1.8342,0.0186,stand,0.0000,7.8800,0.0000,nan,nan,0.0770,0.0266,1.5955
0.9686,5.0906,0.6618,path,0.8978,6.0400,0.7491,-0.3768,0.8923,1.1917,0.6879,0.9826
1.9664,21.9640,0.9523,path,2.5448,5.5800,0.7272,1.3380,1.4410,1.7012,1.2170,1.3111
0.0336,0.4059,0.0314,stand,0.0000,7.4400,0.0000,nan,nan,0.2421,0.0418,0.3514
0.5266,3.0398,0.0355,straight,0.8982,4.9000,0.0301,0.5262,0.0207,1.4131,0.4122,0.6742
0.5271,4.4377,0.0757,combined,0.7096,4.8200,0.4484,0.4251,0.3118,0.9835,0.3509,1.1168
0.6028,5.4072,0.0942,combined,0.8633,7.0400,0.5964,-0.2800,0.5338,0.5222,0.1681,0.5392
0.5015,3.7008,0.0914,combined,1.2840,4.7200,0.5015,-0.3626,0.3464,0.7746,0.2330,0.3692
0.4901,1.8729,0.0529,straight,0.2417,7.3000,0.2416,-0.4897,0.0195,0.3507,0.1091,0.3538
0.4152,1.3134,0.1906,lateral,0.9320,7.8600,0.4142,-0.0296,0.4142,0.6615,0.1858,1.4168
0.0512,3.8608,0.0362,stand,0.0000,6.1400,0.0000,nan,nan,0.0773,0.0259,1.2275
0.0138,0.8122,0.0159,stand,0.0000,5.1200,0.0000,nan,nan,0.3420,0.0372,0.9249
1.8191,60.4300,0.8629,path,0.8702,5.6000,1.7475,-0.8541,1.6061,1.4439,0.9040,1.5866
0.5419,3.9659,0.0810,turn,0.0000,7.1200,0.0000,nan,nan,0.8220,0.1864,0.9739
1.1754,1.9512,0.9646,path,1.2983,6.2000,0.8225,-0.6407,0.9854,1.9191,0.7645,1.2404
0.5368,4.2892,0.0783,lateral,0.2910,4.0400,0.2808,-0.0649,0.5329,0.9012,0.2674,1.5748
0.5222,0.4659,0.0346,combined,1.1863,5.4600,0.1052,0.5123,0.1015,1.4753,0.4034,1.1808
0.0179,0.7432,0.0515,stand,0.0000,6.1000,0.0000,nan,nan,0.1122,0.0317,1.1509
1.9623,7.7363,1.8726,path,3.4636,4.0600,1.6365,-1.8219,0.7289,2.0177,1.2697,1.2856
0.5490,4.3192,0.1750,turn,0.0000,6.5200,0.0000,nan,nan,0.8384,0.1849,1.4138
2.4698,9.9191,1.1696,path,3.5383,6.9400,1.1336,-2.2255,1.0709,1.4769,0.8139,1.1539
2.9100,126.5284,0.6479,path,2.6118,7.5400,1.5981,-2.0814,2.0336,1.5081,0.7801,0.9000
0.0072,2.8207,0.0323,stand,0.0000,7.3800,0.0000,nan,nan,0.1570,0.0358,0.6305
0.5054,2.2413,0.0353,turn,0.0000,7.1200,0.0000,nan,nan,0.6178,0.1574,0.7888
0.5351,4.9914,0.1735,combined,1.4470,6.3200,0.5138,-0.3982,0.3575,0.8402,0.2141,0.5102
2.1192,3.8095,0.6964,path,1.1502,7.5400,1.1346,-1.0930,1.8156,1.6263,0.6763,0.9578
1.2137,3.7978,1.1801,path,1.4003,6.6400,0.6409,1.0618,0.5881,1.8929,1.0521,0.7027
2.0862,4.1298,0.6894,path,1.3588,5.4400,1.0925,-2.0814,0.1420,1.3118,0.7208,1.2380
0.5107,7.6340,0.0219,combined,2.0918,7.1400,0.5046,-0.1148,0.4977,0.9097,0.2983,0.3460
0.5801,1.4163,0.0594,straight,0.3321,5.0600,0.0288,0.5800,0.0115,0.8214,0.2956,1.2150
0.5611,3.4686,0.0383,turn,0.0000,4.5800,0.0000,nan,nan,0.8346,0.2920,0.9667
2.6004,18.5732,0.9572,path,3.8064,6.4400,2.3084,-1.9815,1.6839,2.0950,1.3592,0.9489
2.3721,25.3599,1.1984,path,2.7936,7.3800,0.4717,-2.3525,0.3043,1.5692,0.7164,0.5045
0.4293,3.1485,0.0723,lateral,1.2856,6.2400,0.4288,0.0101,0.4292,0.7013,0.2347,1.0650
2.2336,1.2746,1.2815,path,5.7539,4.4600,2.2010,-1.6065,1.5518,1.8205,1.4333,1.5935
1.4501,23.4639,0.7804,path,0.5974,6.3600,1.4204,-0.1102,1.4459,1.6487,0.9052,1.3862
0.5064,3.6354,0.0645,combined,0.6049,5.8800,0.4178,0.1503,0.4835,0.6877,0.2291,1.1495
0.5605,7.0913,0.0496,straight,0.9035,5.0600,0.0221,0.5596,0.0325,1.6000,0.4370,0.5018
0.5517,3.9552,0.1343,combined,0.3953,5.8200,0.2066,0.5346,0.1364,1.7640,0.3471,1.5624
0.5209,6.8047,0.1821,combined,1.4184,6.9000,0.4993,-0.5050,0.1274,0.7805,0.2024,1.1760
0.6271,2.3463,0.1294,lateral,0.3751,6.0600,0.3751,-0.0177,0.6269,0.6315,0.1848,1.4960
0.5216,3.5641,0.0518,combined,0.6529,5.8000,0.2553,0.2526,0.4564,0.8440,0.2590,1.4257
2.7292,28.0952,1.0225,path,1.8988,6.2000,1.1306,-1.2553,2.4233,2.0427,1.2216,1.2120
0.5658,3.8276,0.0487,straight,0.4137,5.6200,0.0129,0.5618,0.0664,1.1203,0.2809,1.0847
0.5344,4.0829,0.0675,combined,1.7344,7.1200,0.5209,0.1456,0.5142,1.2124,0.3344,1.5349
0.4584,1.2211,0.0315,turn,0.0000,6.0000,0.0000,nan,nan,0.4094,0.1221,1.2073
0.9840,114.2470,0.1964,path,0.4503,7.0600,0.6577,-0.7633,0.6211,0.8967,0.3973,0.4939
0.5082,2.5827,0.1323,lateral,1.4087,7.9200,0.5014,-0.0119,0.5080,0.8342,0.2316,0.6455
0.5671,4.0557,0.0790,lateral,1.4299,7.8400,0.5340,-0.0275,0.5665,0.7900,0.2328,0.6659
0.5356,1.9086,0.0636,lateral,0.2981,5.8000,0.2694,-0.0015,0.5356,0.7483,0.1815,0.9191
1.3470,4.1377,0.4875,path,1.2232,7.4600,0.6127,-0.8067,1.0788,2.1288,0.9535,1.0091
0.4407,4.9770,0.1735,lateral,0.6054,7.9400,0.4182,0.0459,0.4383,0.6788,0.1645,1.5996
0.4709,5.4398,0.0339,straight,0.8471,6.1600,0.0033,0.4689,0.0432,1.3341,0.3505,1.1895
0.5670,5.0888,0.0380,straight,1.1170,7.9400,0.0187,0.5655,0.0420,1.7367,0.3286,1.4056
1.9934,7.2190,1.3938,path,4.8463,6.7000,1.2243,-1.7984,0.8598,1.8006,1.2534,0.7027
0.4742,2.3464,0.0254,turn,0.0000,7.9400,0.0000,nan,nan,0.7284,0.1612,0.6237
0.5510,5.5432,0.1314,combined,0.9731,7.6200,0.5360,-0.3222,0.4470,0.5755,0.1404,1.1486
0.4392,3.9809,0.1266,turn,0.0000,6.4800,0.0000,nan,nan,0.7139,0.1445,0.9978
0.5437,1.5408,0.0267,combined,1.4392,7.2800,0.5297,0.0647,0.5398,0.8431,0.2635,1.0200
0.5905,0.4739,0.1057,combined,1.1174,4.0400,0.3277,0.5534,0.2060,1.6587,0.6129,1.3377
2.1636,47.2103,0.7317,path,3.0971,7.4600,2.1361,-1.7285,1.3014,1.6670,0.9351,1.2036
0.5369,2.4506,0.1082,combined,2.4535,7.0000,0.5349,0.5245,0.1152,1.7713,0.5581,1.4073
0.5386,5.4274,0.0635,lateral,0.9059,6.2400,0.5328,-0.0201,0.5382,0.8120,0.2323,0.6936
0.5135,4.0818,0.0566,combined,1.9627,6.9800,0.5073,0.2913,0.4230,1.1727,0.4061,0.3685
0.5270,3.3021,0.0848,lateral,1.2899,5.9400,0.5215,0.0089,0.5269,0.7793,0.2577,0.3528
0.5323,2.2785,0.1526,straight,1.6058,7.5200,0.5059,-0.5315,0.0292,0.8579,0.2103,0.3519
0.6386,4.0556,0.9711,path,4.3493,4.0800,0.1760,0.6017,0.2138,1.9330,1.3083,1.1598
1.6235,6.2102,0.5675,path,3.5810,4.6200,1.0799,-1.2954,0.9786,1.6954,0.7600,1.3618
0.5927,2.0831,0.0300,combined,0.9234,6.4800,0.5776,-0.5607,0.1921,0.3765,0.1140,0.8998
0.5433,2.2776,0.0245,turn,0.0000,4.1000,0.0000,nan,nan,0.6087,0.2313,1.3310
0.5211,6.5326,0.0726,straight,0.5291,6.5000,0.4760,-0.5147,0.0815,0.3687,0.1041,0.8192
1.2343,36.9430,0.5551,path,0.3142,4.9000,0.5365,1.2018,0.2812,1.5898,0.8825,1.1566
0.5347,0.0749,0.1045,turn,0.0000,6.8400,0.0000,nan,nan,0.5428,0.1540,0.7691
0.4875,2.8294,0.1589,lateral,0.3103,4.2000,0.2792,0.0515,0.4847,0.5263,0.2063,1.4568
0.5073,1.3649,0.1367,lateral,0.9677,6.4000,0.4980,0.0407,0.5056,0.7822,0.2218,1.2157
0.5140,6.8752,0.0499,turn,0.0000,5.1600,0.0000,nan,nan,0.5180,0.1683,1.5664
2.4069,30.9259,0.8542,path,0.4364,7.3600,1.8587,-0.0347,2.4067,1.8160,1.0544,0.3003
0.5156,1.8846,0.1342,lateral,1.3160,4.3600,0.5156,-0.1126,0.5031,0.7262,0.3153,1.3305
0.5481,3.9190,0.0800,straight,1.1214,4.1400,0.5305,-0.5479,0.0132,0.7064,0.1966,1.1754
2.0320,7.2920,0.9473,path,3.3239,5.1800,1.1218,-2.0263,0.1525,1.0647,0.6889,0.7681
0.6046,3.8335,0.0651,lateral,0.6724,7.3600,0.5681,0.0207,0.6042,0.5864,0.1696,0.5994
0.5206,3.9377,0.1932,straight,1.1011,6.4600,0.0073,0.5190,0.0409,1.6979,0.3972,0.4791
1.4628,23.8283,0.8721,path,0.4692,5.4800,0.9213,-1.4545,0.1549,1.7977,0.8657,0.5537
1.7473,53.0438,0.1330,path,1.6036,6.8200,1.3655,-1.5341,0.8364,1.2158,0.5297,1.4208
0.5444,1.1707,0.1751,turn,0.0000,6.8800,0.0000,nan,nan,0.7460,0.1865,1.3970
0.5598,1.5925,0.1196,combined,0.7687,7.7400,0.5290,-0.2244,0.5128,0.8171,0.1712,1.1919
0.6364,4.7010,0.1312,straight,0.9346,4.4600,0.6263,-0.6360,0.0244,0.3824,0.1192,0.4934
0.5020,5.7678,0.0516,lateral,0.9354,5.6200,0.5020,0.0572,0.4987,0.8019,0.2520,0.4468
0.5224,7.1051,0.0885,straight,1.2633,4.6200,0.5221,-0.5210,0.0391,0.7250,0.2143,0.5763
0.5201,5.1995,0.0388,lateral,1.0988,7.7000,0.5095,-0.0759,0.5145,0.7231,0.1932,1.2367
0.5886,1.9169,0.0279,straight,0.8492,7.5000,0.0552,0.5871,0.0417,1.2952,0.2763,1.2156
2.0942,5.6646,1.4561,path,7.6092,4.5400,1.7711,-1.9149,0.8478,2.0398,1.5570,1.2240
1.3325,79.7344,0.5797,path,0.8574,7.2400,1.1799,-0.4503,1.2541,2.3054,1.1694,1.1477
0.4578,1.1774,0.0527,combined,1.3149,7.2800,0.4417,0.1970,0.4132,1.0692,0.2962,0.5599
0.5993,0.8775,0.1497,turn,0.0000,5.6400,0.0000,nan,nan,0.9062,0.2301,0.5032
0.5452,3.5895,0.0583,combined,1.4457,7.8400,0.5435,-0.4134,0.3554,0.8554,0.1889,0.4777
2.5286,9.3058,1.2742,path,2.0109,4.9600,1.0322,-2.1215,1.3759,1.6482,0.8689,1.4765
0.5900,0.1852,1.0595,path,3.8344,6.9400,0.5223,-0.5344,0.2501,1.4585,0.9835,1.0559
0.5954,1.7536,0.0977,lateral,0.3399,7.5400,0.2610,0.0165,0.5951,0.4695,0.1629,0.7989
0.4971,3.9066,0.1720,combined,1.7530,4.3600,0.1827,0.4813,0.1243,1.6718,0.6729,1.1773
1.1423,2.1864,1.0068,path,2.5950,4.2000,0.8565,-1.1360,0.1194,2.0914,1.0121,0.9716
2.1002,21.2047,1.1035,path,0.1361,4.3800,2.1002,0.5538,2.0258,2.1142,1.4568,0.6074
0.5495,6.2971,0.0320,turn,0.0000,4.8600,0.0000,nan,nan,0.5154,0.1799,1.1633
0.0260,2.1711,0.0243,stand,0.0000,4.2400,0.0000,nan,nan,0.1831,0.0285,1.2373
0.4396,3.4711,0.1847,combined,1.9870,7.5000,0.4316,0.3823,0.2169,1.5299,0.4406,1.5835
1.5376,6.5015,1.0151,path,3.8034,4.2800,0.2351,-1.3821,0.6738,1.6918,0.8143,1.5447
2.4079,26.1235,1.0763,path,2.6443,4.1200,2.2217,-1.5140,1.8724,2.0442,1.2967,0.5778
0.5602,2.2679,0.0923,straight,1.2647,4.8800,0.5456,-0.5602,0.0045,0.6612,0.1966,0.9228
0.4224,2.6536,0.1079,straight,0.5343,7.8800,0.0148,0.4224,0.0015,0.9882,0.2170,1.2457
2.5620,5.7276,0.7856,path,3.2027,5.3400,0.9715,-2.5314,0.3953,1.7076,0.6952,0.6090
0.5757,0.0206,0.0342,combined,0.9689,6.3600,0.5609,-0.5686,0.0904,0.3913,0.1081,0.4020
0.6030,3.2861,0.0645,turn,0.0000,4.6200,0.0000,nan,nan,0.6023,0.2306,1.1122
0.5316,4.4301,0.1621,turn,0.0000,4.6000,0.0000,nan,nan,0.7276,0.2127,0.5614
1.9000,29.6796,0.7980,path,4.8930,4.7200,1.9000,-1.6403,0.9587,1.8627,1.0698,1.4227
0.5713,3.5951,0.0762,lateral,0.7410,5.4000,0.5438,-0.0168,0.5711,0.7241,0.2515,1.4417
0.5815,3.5526,0.0147,straight,0.1453,7.3200,0.1314,-0.5807,0.0293,0.5894,0.1399,0.7069
0.5021,4.5306,0.0285,combined,2.1287,5.6200,0.5021,-0.3870,0.3199,1.3408,0.3540,0.4393
0.5760,3.8032,0.1047,combined,0.9941,4.5000,0.5760,-0.2249,0.5302,0.6464,0.2781,1.1588
0.5803,3.1877,0.0944,combined,1.9342,4.1200,0.5725,-0.4341,0.3851,1.0613,0.4261,0.7989
0.5073,4.0947,0.0905,combined,1.6452,7.5400,0.5051,-0.4923,0.1223,0.9047,0.2398,0.6022
0.5475,2.4554,0.1222,turn,0.0000,4.6600,0.0000,nan,nan,0.5011,0.1888,1.4592
0.5640,6.9469,0.1168,turn,0.0000,4.7400,0.0000,nan,nan,0.9893,0.2594,0.7640
0.6017,9.6997,0.4627,path,5.0702,6.6200,0.5653,-0.5301,0.2847,2.1246,0.8610,1.4526
0.5411,4.6138,0.2071,combined,1.6641,4.1000,0.5411,0.2611,0.4740,1.3087,0.6070,1.5192
0.4867,2.6555,0.1670,turn,0.0000,7.2400,0.0000,nan,nan,0.7416,0.1751,1.5654
1.0984,9.1374,1.5190,path,7.2686,7.3400,0.8134,-0.8241,0.7262,2.0630,1.5267,0.7523
1.4859,35.6449,0.6984,path,1.9713,4.1800,0.4127,0.6237,1.3487,1.7149,0.8431,0.3537
0.4945,0.6219,0.0700,lateral,0.0356,6.2400,0.0356,0.0265,0.4938,0.6743,0.1711,0.6746
0.5759,0.6143,0.0219,lateral,0.3395,5.2000,0.2734,0.0532,0.5735,0.5547,0.2027,1.0660
1.4428,20.6913,0.9120,path,1.4769,4.4400,0.8127,-0.7432,1.2366,1.5045,0.9575,1.0452
2.0561,0.8186,1.4356,path,1.7078,5.4400,0.5256,0.3912,2.0185,1.8313,0.8269,0.4099
0.5714,5.4895,0.0554,lateral,0.1812,6.0600,0.1702,0.0278,0.5707,0.6430,0.1822,1.2593
1.0204,8.6695,0.5142,path,1.5975,5.9600,0.9042,-0.7502,0.6918,1.2238,0.5786,1.1791
0.9725,4.3105,0.6689,path,1.4403,5.3400,0.9203,-0.9372,0.2599,1.4572,0.5766,1.5905
1.2829,7.5186,0.3586,path,3.1706,5.2800,0.9091,-1.1467,0.5752,1.4616,0.6789,1.1404
0.4694,5.7555,0.1198,combined,1.7800,5.3800,0.1693,0.4572,0.1064,1.6538,0.5792,0.5383
0.5347,2.2324,0.1005,turn,0.0000,4.0200,0.0000,nan,nan,0.7685,0.2317,1.4341
1.8766,5.4754,1.5097,path,6.2416,5.0800,1.5617,-1.4935,1.1363,2.2233,1.4799,1.0461
0.4701,3.9521,0.1266,combined,1.0500,5.2800,0.4584,-0.0414,0.4682,0.6707,0.1957,1.0169
0.9363,7.3589,0.2498,path,4.3621,4.9000,0.4291,-0.8997,0.2590,1.9242,0.9956,1.0430
1.5216,104.3780,1.0631,path,4.2076,6.2000,1.1548,-0.7641,1.3158,1.8277,1.1887,1.3659
1.2810,14.3543,0.3990,path,0.4272,5.8200,0.1550,-1.2731,0.1425,2.0751,0.8020,0.3052
1.4384,14.1625,0.8982,path,1.1401,4.0200,1.3458,-0.7444,1.2308,1.9794,1.1659,1.1070
0.4644,5.0528,0.1017,straight,0.8914,6.8400,0.4499,-0.4613,0.0538,0.4571,0.1296,1.1708
1.8969,19.4120,1.4723,path,5.5888,4.9000,1.4391,-1.8862,0.2013,1.7708,1.3791,0.7408
0.9553,6.5052,1.3691,path,2.7678,5.1200,0.7316,-0.5230,0.7994,1.8865,1.3655,0.6694
0.5243,3.3176,0.0882,turn,0.0000,7.8800,0.0000,nan,nan,0.5789,0.1498,1.5854
2.2973,5.9529,1.7870,path,6.9983,5.5800,1.9557,-1.5694,1.6777,2.3979,1.7128,1.3613
0.4973,3.4510,0.1663,turn,0.0000,4.5200,0.0000,nan,nan,0.6127,0.1599,1.5859
2.3255,4.3419,0.5931,path,2.0641,5.8000,0.7461,-2.2001,0.7532,1.1618,0.6385,0.5406
0.5824,1.5665,0.1300,turn,0.0000,6.0400,0.0000,nan,nan,0.6366,0.1611,1.1314
0.6544,1.9768,1.3196,path,5.1868,4.0200,0.3582,-0.6260,0.1908,1.6893,1.4335,1.3549
0.5321,4.4795,0.0491,lateral,0.6006,4.0400,0.5017,-0.0130,0.5320,0.6366,0.2332,0.6742
0.5706,1.5419,0.0506,combined,0.9944,6.4800,0.5383,-0.2886,0.4922,0.6516,0.1728,0.4824
0.5224,2.4667,0.1666,turn,0.0000,7.6600,0.0000,nan,nan,0.6130,0.1578,0.8364
1.6116,13.1808,1.3684,path,0.9341,5.9800,0.5347,1.0478,1.2245,2.0269,1.0913,0.7808
0.6069,1.1409,0.1069,turn,0.0000,7.8200,0.0000,nan,nan,0.5161,0.1532,0.4670
0.5339,3.6976,0.0550,combined,1.3691,4.0000,0.5312,-0.4972,0.1946,0.8339,0.2585,1.1509
1.1736,7.8831,1.1728,path,5.0462,6.3400,0.7441,-1.1346,0.2999,1.5624,1.0128,0.3907
0.5333,6.9478,0.1042,lateral,0.4681,5.9800,0.4005,0.0447,0.5314,0.6886,0.1977,0.6967
0.4606,1.2409,0.0511,turn,0.0000,5.5600,0.0000,nan,nan,0.7079,0.1863,0.5135
0.4689,3.9300,0.1077,combined,1.5425,6.3000,0.2863,0.4664,0.0483,1.5213,0.4602,1.0022
0.5940,3.8372,0.0659,straight,1.1906,4.6400,0.0375,0.5936,0.0192,1.5973,0.5889,1.0613
0.0233,0.0794,0.0245,stand,0.0000,4.5200,0.0000,nan,nan,0.1490,0.0291,1.0784
0.4999,6.2671,0.1459,combined,1.8749,5.3200,0.1499,0.4934,0.0801,1.7123,0.5818,1.1303
0.5628,2.5046,0.1204,straight,0.9991,6.2600,0.5572,-0.5628,0.0090,0.5405,0.1214,1.5744
0.5299,6.4549,0.0726,straight,0.4172,6.8000,0.4172,-0.5213,0.0951,0.2650,0.0905,0.6594
1.3434,50.8580,0.8789,path,1.9243,5.9800,0.8719,-1.2804,0.4064,0.9086,0.5469,1.2495
0.5288,6.4813,0.0559,turn,0.0000,6.5400,0.0000,nan,nan,0.9273,0.1827,0.5670
0.6492,4.8345,0.1480,straight,0.3032,5.3000,0.3032,-0.6483,0.0346,0.4413,0.1411,1.4084
0.5490,1.5741,0.0590,straight,0.4086,6.7800,0.0602,0.5490,0.0084,0.9588,0.2356,1.0724
0.5573,4.2045,0.0263,turn,0.0000,7.0400,0.0000,nan,nan,0.7389,0.1896,0.9699
0.5528,4.2635,0.0432,straight,1.5519,4.4200,0.0266,0.5522,0.0258,1.7500,0.6308,1.4138
0.5366,4.1500,0.0359,straight,1.5796,5.6400,0.5229,-0.5364,0.0134,0.9877,0.2500,1.1045
0.5147,2.2195,0.1028,lateral,0.0480,4.3000,0.0476,0.0759,0.5090,0.7217,0.2131,0.7888
0.5854,3.4359,0.0297,straight,0.6697,6.7600,0.5693,-0.5854,0.0015,0.1680,0.0725,1.4472
0.4826,2.8010,0.0839,turn,0.0000,5.9000,0.0000,nan,nan,0.5417,0.1394,1.4480
0.5317,3.0628,0.0621,straight,0.6016,7.3200,0.5167,-0.5257,0.0795,0.3478,0.0996,1.3869
1.6663,11.2815,0.8162,path,0.8949,5.6600,0.6668,-1.0075,1.3272,1.3954,0.5836,1.5811
0.5135,3.9893,0.0269,combined,0.6044,7.8400,0.5074,-0.0724,0.5084,0.5349,0.1509,1.5132
1.8065,11.7684,1.3217,path,4.3257,5.5200,1.2138,-1.8029,0.1151,1.8986,1.2441,0.5240
0.5892,5.0216,0.0891,straight,1.2959,4.8400,0.5833,-0.5829,0.0857,0.6812,0.1876,0.5392
0.4580,6.4756,0.1991,combined,1.2025,5.7200,0.3070,0.4113,0.2015,1.3278,0.3970,0.6698
0.5319,5.6315,0.0727,straight,0.6069,4.3400,0.0205,0.5314,0.0226,1.1516,0.3796,1.1495
1.1699,14.7237,0.8988,path,1.7505,6.2400,0.8498,-1.1595,0.1555,1.1630,0.6220,1.4025
0.0293,0.7929,0.0367,stand,0.0000,6.5400,0.0000,nan,nan,0.1402,0.0311,1.5912
0.5626,4.5630,0.0379,turn,0.0000,4.1000,0.0000,nan,nan,0.7356,0.2372,0.6659
0.8649,2.7739,1.5390,path,6.6928,5.2800,0.7622,-0.7943,0.3421,1.7496,1.4265,0.9085
1.4062,12.1440,1.1187,path,1.8777,4.6200,0.9575,-1.3300,0.4567,1.5521,0.9628,1.1328
0.5192,4.8255,0.1089,lateral,0.0601,6.1000,0.0589,-0.0877,0.5117,0.8751,0.2068,1.5807
0.5829,3.0975,0.1498,turn,0.0000,5.9600,0.0000,nan,nan,0.6180,0.1955,0.4931
0.5413,4.7592,0.0500,straight,0.6167,5.9600,0.5182,-0.5324,0.0981,0.2546,0.0883,1.5835
2.0857,1.7050,0.7967,path,1.4549,7.4800,1.1337,-1.7678,1.1069,1.7713,0.6959,1.3328
1.0161,1.6532,1.8230,path,4.9232,5.8400,0.4205,-0.9246,0.4216,2.0019,1.4287,0.8378
1.9674,23.2965,1.0933,path,3.4494,5.9400,0.9702,-1.8659,0.6240,1.3645,0.7778,0.4178
0.5364,0.3231,0.0222,straight,1.3437,7.7600,0.0208,0.5347,0.0427,1.7457,0.3730,1.2758
1.8780,1.5504,0.9410,path,3.5005,6.0200,0.9220,-1.7762,0.6098,1.4952,0.7977,1.4470
0.0385,1.8935,0.0309,stand,0.0000,6.5000,0.0000,nan,nan,0.1202,0.0284,0.4041
0.5820,2.9333,0.0743,combined,1.9897,5.3200,0.1201,0.5805,0.0423,1.8275,0.6338,1.5955
0.5915,3.7579,0.0363,combined,1.0574,6.8400,0.2014,0.5648,0.1757,1.5545,0.3582,0.5135
1.4474,5.7818,1.7282,path,4.6993,7.3400,1.2043,-0.3417,1.4064,2.0751,1.5562,1.5898
0.5768,8.6189,0.0789,combined,1.7490,5.9400,0.5639,-0.5513,0.1695,0.8558,0.2528,0.8802
0.5422,3.3363,0.1036,combined,1.2983,5.2800,0.5422,-0.4921,0.2274,0.7148,0.2024,0.9739
0.0179,0.1153,0.0390,stand,0.0000,7.3000,0.0000,nan,nan,0.2277,0.0374,0.6907
0.5588,4.8700,0.0668,turn,0.0000,6.6800,0.0000,nan,nan,0.6145,0.1713,0.5656
1.0095,1.4535,1.9595,path,2.6566,7.5800,0.5624,0.0106,1.0094,2.0008,1.3033,0.4032
0.4806,3.2592,0.0953,combined,1.7275,7.1000,0.3905,0.4459,0.1793,1.7879,0.4272,1.5760
2.3813,14.1042,1.0715,path,3.2411,6.3600,1.3421,-2.3330,0.4776,1.5497,0.8285,0.8069
0.4570,4.0521,0.0305,lateral,0.0937,7.5800,0.0897,-0.0091,0.4569,0.5174,0.1319,0.8006
1.1050,8.5249,0.6666,path,0.6020,5.5000,0.2718,-0.6451,0.8971,1.8298,0.7534,0.6537
0.4594,3.4808,0.1142,straight,1.2889,4.5400,0.4594,-0.4593,0.0123,0.8717,0.2339,1.1895
1.7705,62.8200,0.7902,path,0.9935,4.3200,1.7580,-0.1807,1.7612,1.6843,0.9310,0.5208
0.8853,13.0284,0.5914,path,0.5170,7.6600,0.4540,-0.5905,0.6596,1.1483,0.4986,0.5967
0.4610,5.0835,0.0608,combined,1.0417,7.3000,0.1917,0.4171,0.1963,1.2657,0.2945,0.3983
0.5494,2.4677,0.0851,straight,1.3672,7.4200,0.5371,-0.5492,0.0141,0.7350,0.1617,1.1950
2.1615,82.2261,1.6501,path,5.4463,4.5800,1.2834,-1.1776,1.8126,2.1439,1.6087,1.2986
0.5682,1.0670,0.1367,straight,0.8377,4.1000,0.0320,0.5681,0.0074,1.2413,0.4707,0.7691
2.4328,17.9125,1.1745,path,1.9896,7.4400,1.2355,-2.1108,1.2095,1.5199,0.8146,0.8088
0.0356,0.7930,0.0262,stand,0.0000,5.7200,0.0000,nan,nan,0.0750,0.0318,0.3538
0.5464,1.4600,0.0080,lateral,0.7420,4.1400,0.5459,-0.0415,0.5449,0.7335,0.2412,1.3310
0.0179,2.6829,0.0090,stand,0.0000,7.6800,0.0000,nan,nan,0.1708,0.0354,0.7126
0.5559,3.2714,0.0490,combined,1.7385,4.5600,0.5526,-0.5541,0.0450,0.7550,0.2713,1.1486
0.6353,0.8839,0.0252,lateral,0.3935,5.7600,0.3540,-0.0126,0.6352,0.8720,0.2313,1.2275
0.5465,7.5155,0.1547,straight,0.8583,5.5800,0.0739,0.5394,0.0878,1.5870,0.4097,1.3744
0.4612,2.9224,0.0573,combined,1.2348,5.0000,0.4612,-0.3704,0.2749,0.6856,0.2393,1.2073
1.3248,1.9637,0.9943,path,2.5090,5.3200,0.8331,-1.2976,0.2671,1.5275,0.9523,1.0195
0.0194,0.3782,0.0448,stand,0.0000,4.8000,0.0000,nan,nan,0.1762,0.0353,1.5996
3.0406,25.4525,1.6300,path,1.7072,7.8800,0.9007,2.0118,2.2798,2.1873,1.2228,1.2921
0.5225,5.6230,0.0347,combined,1.3520,5.8800,0.5129,-0.4874,0.1884,0.6423,0.1862,0.3692
1.8356,32.6546,1.0989,path,1.6480,7.5400,1.7575,-1.0654,1.4948,1.9990,1.1985,1.1682
2.0752,0.6139,1.0015,path,4.4233,6.7800,1.8500,-1.6139,1.3045,1.9544,1.2681,0.9984
2.2091,8.0200,1.5937,path,1.0813,7.1600,0.1287,2.0420,0.8428,1.7450,0.9940,1.4923
0.4897,2.8259,0.0935,straight,0.5556,4.2200,0.0055,0.4897,0.0043,1.2448,0.3845,1.3305
1.6014,0.0256,1.3906,path,5.0031,6.6000,1.3207,-1.5967,0.1233,1.8774,1.1764,0.8013
0.5486,4.3445,0.1009,combined,1.6647,6.6600,0.3929,0.5005,0.2247,1.8971,0.4332,0.0000
1.2668,7.3066,0.6020,path,1.3672,4.0800,0.8963,-1.0889,0.6475,0.8655,0.4639,0.8417
0.5487,4.9905,0.1983,combined,1.9351,5.3400,0.5424,-0.3061,0.4554,1.0147,0.3551,1.4257
0.5214,6.6990,0.0505,combined,1.0869,6.0600,0.5208,0.4062,0.3269,1.4276,0.3842,1.1168
0.5157,4.9655,0.1463,lateral,0.7329,5.3600,0.5014,-0.0003,0.5157,0.7751,0.2343,1.1760
0.5471,3.2500,0.0138,combined,1.4317,6.3400,0.5387,-0.4397,0.3256,0.7509,0.2012,0.4705
0.5528,3.0570,0.1556,lateral,0.3906,4.1200,0.3251,-0.0376,0.5515,0.5931,0.2544,1.3970
0.5058,5.0304,0.1461,straight,1.4187,4.4200,0.5058,-0.5039,0.0439,0.8959,0.2592,1.2157
0.5651,3.1030,0.1209,straight,0.0784,6.4000,0.0072,0.5647,0.0202,0.7568,0.1820,1.0683
1.5352,23.5290,0.8466,path,1.1015,6.8400,0.7757,-1.5351,0.0152,1.7129,0.9421,0.3252
1.4574,7.5522,1.3741,path,4.2853,7.6400,0.8269,-1.4054,0.3859,1.5374,1.1198,0.9181
0.6795,6.0444,0.5243,path,0.1979,7.4200,0.6464,0.0786,0.6749,1.1966,0.5083,1.5947
2.8555,5.3037,1.1780,path,1.7898,6.7200,2.4107,0.0656,2.8548,1.6810,1.1972,0.7551
1.6289,2.3184,1.6183,path,0.2333,5.0600,0.9815,1.5245,0.5740,1.9295,1.2040,1.0822
0.5139,4.3768,0.1324,straight,1.5206,4.7400,0.5112,-0.5111,0.0534,0.9770,0.2777,0.3528
0.9517,68.0575,0.2785,path,1.5537,7.0800,0.9463,-0.7970,0.5202,0.9769,0.4792,0.9716
0.4588,1.7740,0.1396,turn,0.0000,7.3400,0.0000,nan,nan,0.7509,0.1483,0.4647
0.4241,6.1333,0.0124,combined,0.4131,6.4800,0.0498,0.3236,0.2742,0.7377,0.2080,0.3073
2.2066,18.1269,1.8866,path,5.8993,6.9800,1.9848,-0.6597,2.1057,2.1958,1.7133,1.4243
0.5416,0.3569,1.4130,path,6.7151,7.0400,0.5397,-0.3389,0.4225,1.8163,1.4736,1.5555
0.5436,5.4771,0.0314,combined,1.8795,6.4600,0.5308,-0.1364,0.5262,1.0107,0.2993,1.1901
0.4981,3.7060,0.1335,lateral,1.1727,5.5800,0.4933,0.0150,0.4979,0.9413,0.2791,1.5349
0.5384,4.3345,0.0980,combined,1.7062,7.9800,0.5326,-0.0075,0.5383,1.1392,0.2630,0.7056
0.5376,4.8322,0.0602,lateral,0.7040,5.2600,0.5357,-0.0645,0.5338,0.9034,0.2460,0.6758
0.5013,5.9465,0.1227,lateral,0.5825,4.3200,0.5013,-0.0685,0.4966,0.8260,0.2473,0.4468
0.5473,4.6444,0.0736,lateral,0.9730,7.0200,0.5403,0.0052,0.5472,0.9048,0.2154,1.1115
0.6053,2.8441,0.0684,combined,1.5016,5.7800,0.6053,0.0916,0.5984,1.1683,0.3717,1.4960
0.0061,0.6191,0.0270,stand,0.0000,4.3600,0.0000,nan,nan,0.1551,0.0332,1.2367
0.5952,2.0842,0.0138,lateral,0.0411,4.9000,0.0240,0.0467,0.5934,0.4959,0.2094,0.8998
0.5301,3.5393,0.0785,combined,1.5613,7.2200,0.5291,0.1412,0.5110,1.0737,0.3027,1.2776
0.5709,5.4180,0.1162,combined,2.1037,7.0600,0.0111,0.5689,0.0477,1.8728,0.4978,1.1805
0.4974,4.5542,0.0667,combined,0.8271,6.1200,0.4922,-0.0670,0.4929,0.6346,0.1850,0.3460
0.5632,3.0200,0.0955,turn,0.0000,7.4600,0.0000,nan,nan,0.6691,0.1463,0.4513
0.5571,1.4535,0.0264,lateral,1.2361,7.3000,0.5534,-0.0535,0.5545,0.6983,0.2027,1.5212
0.5074,2.5541,0.0188,lateral,1.0439,6.8400,0.5074,-0.0347,0.5062,0.6126,0.1937,0.0000
0.5595,3.1059,0.0736,turn,0.0000,7.4000,0.0000,nan,nan,0.7237,0.1886,1.3612
0.4345,6.1454,0.1190,combined,2.0130,6.7000,0.2460,0.4074,0.1511,1.4143,0.4408,1.4168
3.1193,119.6690,0.4668,path,3.7608,4.9200,0.9580,-2.1411,2.2684,1.8405,0.9461,1.0724
1.3916,5.3702,1.1352,path,7.6472,4.5800,0.9831,-1.3837,0.1479,2.1954,1.5761,0.4604
0.6132,2.6101,0.0758,straight,0.8106,7.3800,0.5857,-0.6130,0.0124,0.4850,0.0844,0.6226
2.4097,104.4144,1.5763,path,2.5738,7.0200,1.4927,-2.3978,0.2401,2.0462,1.1667,1.2575
0.5403,6.8606,0.0891,turn,0.0000,7.3000,0.0000,nan,nan,0.5488,0.1499,0.6564
0.4611,4.6359,0.0957,straight,1.8915,6.9000,0.4547,-0.4568,0.0628,1.1767,0.2733,0.5508
1.6663,40.4246,1.0670,path,1.2092,6.2200,1.6502,-0.3868,1.6208,1.5424,1.0305,1.3572
0.5051,1.3939,0.0826,lateral,0.4340,7.8200,0.4110,-0.0173,0.5048,0.7570,0.1796,0.5872
0.0109,2.1322,0.0158,stand,0.0000,7.1400,0.0000,nan,nan,0.0917,0.0339,0.6646
0.4725,1.3379,0.0152,straight,1.5589,5.9000,0.4646,-0.4719,0.0246,1.0624,0.2445,0.9704
0.5810,4.8216,0.0396,lateral,0.4661,7.0200,0.4047,-0.0307,0.5802,0.5965,0.1669,1.4721
1.1891,10.0741,0.7107,path,3.4172,7.5000,0.9813,-1.1534,0.2894,1.4562,0.6132,0.3779
2.0738,49.1281,1.2618,path,4.0858,5.0400,1.8649,-2.0134,0.4968,1.8645,1.3629,1.3929
0.0189,1.8641,0.0189,stand,0.0000,6.3600,0.0000,nan,nan,0.0958,0.0290,1.0650
0.4813,3.3519,0.1517,combined,1.4512,5.7600,0.4762,0.3356,0.3450,1.0561,0.4101,0.6237
0.5132,1.8870,0.0609,lateral,0.4881,5.4600,0.4327,-0.0470,0.5110,0.4992,0.1768,0.3685
0.5478,4.7861,0.0498,combined,1.6034,5.6800,0.5390,0.0672,0.5436,1.3024,0.3719,1.0200
0.4408,3.6213,0.1093,lateral,0.2330,4.1800,0.2145,0.0545,0.4374,0.4392,0.1739,1.5835
1.8749,8.6626,0.7810,path,0.4201,5.2800,0.8006,0.1147,1.8714,1.0253,0.5078,0.6912
0.5310,3.8467,0.0543,turn,0.0000,5.2200,0.0000,nan,nan,0.5364,0.1981,0.4791
0.5528,1.7505,0.0660,turn,0.0000,6.6200,0.0000,nan,nan,0.9264,0.2149,0.9667
0.5780,0.8723,0.1054,turn,0.0000,6.6400,0.0000,nan,nan,0.7090,0.2129,1.2150
0.4804,4.7989,0.1125,turn,0.0000,6.8400,0.0000,nan,nan,0.5651,0.1289,0.6305
1.6595,11.2821,1.8755,path,7.7943,5.4000,1.2951,-1.2855,1.0495,2.0897,1.6759,0.4243
1.1534,165.6020,0.2080,path,1.6931,7.4400,0.8410,-0.9178,0.6985,1.6906,0.6924,0.8789
0.0313,1.1873,0.0196,stand,0.0000,5.4200,0.0000,nan,nan,0.2139,0.0318,1.1754
0.0314,0.6594,0.0287,stand,0.0000,4.9600,0.0000,nan,nan,0.1335,0.0326,0.5599
1.4140,1.5876,1.2098,path,1.9961,4.4600,0.7907,-0.9549,1.0429,1.6346,1.2816,0.5828
0.6542,2.1180,0.1270,combined,1.9986,4.3000,0.6542,-0.2749,0.5936,0.9667,0.4360,1.4417
0.4535,0.9458,0.1038,straight,1.8270,6.1600,0.0706,0.4528,0.0251,1.6972,0.4846,0.9978
0.5431,4.7546,0.1393,turn,0.0000,6.7200,0.0000,nan,nan,0.8972,0.1973,0.5018
0.5306,4.8170,0.0341,straight,1.2924,7.5800,0.5306,-0.5253,0.0747,0.8331,0.1608,1.3767
0.4649,4.5386,0.0308,lateral,0.5414,4.7000,0.4649,-0.0806,0.4578,0.6821,0.2045,1.2373
0.5446,3.0453,0.0566,turn,0.0000,4.8200,0.0000,nan,nan,0.7232,0.2282,1.1633
1.8207,13.0912,0.6519,path,1.8524,7.7400,1.2108,-1.0217,1.5071,1.6803,0.8057,0.7959
0.6064,0.8219,0.1484,lateral,0.4776,4.5000,0.2854,0.0086,0.6064,0.4993,0.2580,0.4020
0.5386,3.8105,0.0208,combined,2.4191,7.6600,0.5386,-0.3207,0.4327,1.0458,0.3339,0.9730
3.4215,12.8421,1.3867,path,2.3729,5.9400,0.6815,-2.4770,2.3604,1.3520,0.5961,1.1903
2.2236,6.6874,0.9871,path,5.1217,7.8000,2.0675,-2.0511,0.8589,2.0228,1.2604,1.5940
2.0887,17.8061,1.9668,path,2.5770,6.7800,1.4937,-1.6085,1.3325,2.2818,1.6611,1.5530
0.5438,4.5920,0.0217,straight,1.1138,6.2400,0.0352,0.5433,0.0233,1.5506,0.3778,1.4073
1.3737,2.8146,1.1889,path,4.1709,4.1800,0.8307,-1.0255,0.9140,1.8770,1.3449,0.5783
0.5444,4.9693,0.0583,lateral,0.7173,7.7200,0.5133,0.1028,0.5346,0.8842,0.1751,0.3514
0.5644,5.3013,0.0192,lateral,0.5871,4.2400,0.4646,-0.0215,0.5640,0.6484,0.2729,1.2593
1.4510,7.5080,1.2369,path,6.8815,7.5200,0.8464,-1.0272,1.0249,1.8940,1.4690,0.4531
0.5199,0.5012,0.0514,lateral,0.6215,7.5600,0.4283,-0.0603,0.5164,0.3423,0.1223,1.1808
0.5389,4.1242,0.0930,lateral,0.4830,5.7600,0.4069,-0.0935,0.5308,0.8774,0.2311,1.1919
0.5234,7.6883,0.1335,combined,1.9841,6.1600,0.4105,0.4207,0.3113,1.5724,0.5076,0.8192
0.5421,2.4685,0.0410,lateral,0.0272,7.7600,0.0270,0.0791,0.5363,0.6300,0.1690,0.9249
1.1523,2.8301,1.6074,path,1.3504,7.4600,0.5437,-0.1806,1.1381,1.7554,1.2564,1.5892
0.5393,38.0914,0.1421,path,0.1088,7.4200,0.1013,-0.4024,0.3592,0.9960,0.4203,0.9231
2.0827,27.8718,1.0327,path,1.7643,7.9400,0.6742,-1.6945,1.2109,1.1694,0.7721,1.4039
0.5378,3.1338,0.0485,turn,0.0000,7.7600,0.0000,nan,nan,0.5798,0.1570,1.5748
0.5367,5.2842,0.1158,straight,0.4317,7.2400,0.0033,0.5367,0.0036,1.0316,0.2402,1.4597
1.5990,3.6757,1.2239,path,1.3057,7.3600,1.1534,-0.9165,1.3102,1.6334,0.7727,1.3026
1.9280,6.6446,0.7134,path,3.7821,7.0200,0.9059,-1.9131,0.2389,1.6123,0.6770,0.7713
3.1677,7.9800,0.9656,path,2.4725,5.6600,1.1514,2.8019,1.4778,2.3369,1.3082,0.4783
0.5607,3.8307,0.0948,straight,1.5183,5.6800,0.0093,0.5605,0.0123,1.8699,0.5246,0.5032
2.3527,3.5259,1.1812,path,1.8941,7.8000,1.9622,0.3003,2.3334,1.8562,1.3865,0.8539
0.5388,6.5347,0.1061,lateral,0.6626,7.7600,0.4963,0.0312,0.5379,0.4751,0.1458,0.5102
1.8735,13.1640,1.9711,path,7.3025,5.4800,0.8877,-1.2773,1.3706,2.3807,1.7583,1.5347
1.9623,8.7799,1.7677,path,4.7798,7.5400,1.3752,-1.7576,0.8725,1.9731,1.3280,0.8329
0.5734,2.0343,0.1394,turn,0.0000,7.0400,0.0000,nan,nan,0.5695,0.1765,1.4056
0.5145,1.8424,0.0532,straight,0.7893,5.5800,0.0063,0.5142,0.0180,1.3891,0.3875,0.9823
2.3898,16.1377,1.8503,path,6.8160,4.7600,1.2964,-2.0923,1.1547,2.0093,1.3540,0.9603
2.4631,1.7869,1.0989,path,5.8071,4.7600,1.9531,-1.8105,1.6701,1.7482,1.2950,1.1218
1.1293,32.6598,1.4909,path,3.6887,5.2800,0.4484,-0.9436,0.6205,1.7417,1.0701,0.3700
1.1682,8.1973,0.8985,path,4.2763,7.4800,0.4432,-0.2285,1.1456,1.7093,1.0560,0.7901
0.5348,0.7267,0.1974,turn,0.0000,7.4600,0.0000,nan,nan,0.6552,0.1985,0.6455
0.5742,6.5372,0.0300,lateral,0.6265,7.5800,0.5338,0.0606,0.5710,0.6019,0.1685,1.0847
1.9463,2.0580,1.3380,path,3.9763,7.6600,1.2751,-1.3146,1.4353,1.6458,1.1816,0.8985
0.5857,2.7996,0.0814,turn,0.0000,7.2200,0.0000,nan,nan,0.6567,0.1838,0.6038
1.1001,3.7544,1.5493,path,1.2377,5.3800,0.7258,0.2279,1.0762,1.7449,1.2113,1.4889
1.8756,7.1362,1.6970,path,7.5487,4.5200,1.4291,-1.7681,0.6258,1.8960,1.5788,0.7428
3.2097,63.5680,0.5521,path,2.4149,4.5800,0.3230,-1.4170,2.8800,1.7870,0.8673,1.2926
0.5687,2.7347,0.0620,combined,1.9260,7.8000,0.5684,0.0945,0.5608,1.0928,0.3373,1.5624
0.5304,2.4269,0.0279,lateral,0.4929,7.4800,0.4575,0.0098,0.5303,0.6631,0.1607,0.9191
0.5031,2.9628,0.2094,combined,1.1870,5.1600,0.4949,0.2198,0.4525,1.1987,0.3838,0.6746
0.5605,3.2386,0.0108,combined,0.9560,4.3400,0.4799,0.1421,0.5422,0.8270,0.2980,1.1509
1.8497,60.7622,0.4403,path,1.0758,5.5800,1.8082,-0.7642,1.6844,1.5014,0.7656,1.5031
0.5551,0.3927,0.0398,turn,0.0000,5.1600,0.0000,nan,nan,0.6583,0.2335,1.0660
0.4643,0.1871,0.1305,combined,1.1310,6.1600,0.4497,0.0237,0.4637,0.8762,0.2685,1.1773
0.4624,5.0899,0.1442,turn,0.0000,5.0400,0.0000,nan,nan,0.5188,0.1800,1.0169
0.5488,3.4105,0.0513,straight,0.7193,7.3200,0.5316,-0.5486,0.0153,0.2700,0.0896,0.3519
0.5068,2.2257,0.1685,turn,0.0000,7.1200,0.0000,nan,nan,0.7048,0.1534,1.5664
0.4826,2.5009,0.1159,turn,0.0000,5.5000,0.0000,nan,nan,0.4753,0.1500,1.5654
0.5539,5.8671,0.0809,straight,1.9502,5.5600,0.5539,-0.5539,0.0094,1.1332,0.3135,0.7640
0.5561,0.0527,0.0832,straight,1.9891,4.3600,0.0904,0.5560,0.0136,1.9199,0.7335,0.9699
0.5102,1.1022,0.0966,combined,1.8023,5.7600,0.5030,-0.2528,0.4431,1.3173,0.3276,0.6022
0.4869,5.6845,0.0695,combined,0.9121,7.3000,0.4847,0.4276,0.2328,1.1993,0.3103,1.4568
0.4760,2.7635,0.1286,turn,0.0000,4.7600,0.0000,nan,nan,0.5609,0.1699,0.5135
0.6428,3.5856,0.0706,straight,0.9770,7.0400,0.6229,-0.6414,0.0433,0.3868,0.0996,0.4934
1.2812,6.3478,1.3375,path,0.8982,6.9000,0.8408,-0.7034,1.0708,1.8133,1.3174,0.8827
0.5528,2.2616,0.0338,lateral,1.4856,5.1000,0.5438,0.0162,0.5525,0.9309,0.3391,0.4824
0.0033,2.3395,0.0563,stand,0.0000,7.8600,0.0000,nan,nan,0.1957,0.0398,1.3377
3.1430,57.7737,1.9349,path,7.5452,4.7800,2.6215,-1.0947,2.9462,2.1686,1.8802,1.3843
0.5237,2.9330,0.1496,lateral,0.6253,7.0600,0.5159,-0.0526,0.5211,0.9016,0.2003,0.5763
0.5414,3.6794,0.0519,turn,0.0000,5.3400,0.0000,nan,nan,0.5066,0.1671,1.5854
0.5162,6.2233,0.1430,combined,1.3685,4.5000,0.3579,0.4936,0.1513,1.5518,0.5743,1.4480
0.5651,5.2315,0.0086,lateral,0.8330,6.9200,0.5651,-0.0934,0.5573,0.7835,0.2037,0.8652
0.5260,5.7066,0.0415,combined,1.0624,4.9800,0.5260,-0.3902,0.3528,0.5734,0.1857,1.0784
0.5232,2.3793,0.0167,combined,0.9681,4.6800,0.5232,0.1201,0.5092,1.0982,0.3829,0.7888
0.5340,0.5484,0.1200,straight,1.3187,6.4200,0.0278,0.5340,0.0080,1.8815,0.4389,0.9228
2.1799,51.6285,1.6158,path,7.0169,4.3200,1.4908,-1.4781,1.6022,2.1385,1.8667,0.5406
1.0980,3.5831,1.8148,path,3.5854,5.5800,0.5667,-0.2879,1.0596,2.1093,1.3904,0.4836
0.5332,3.9505,0.1562,turn,0.0000,7.9200,0.0000,nan,nan,0.6069,0.1481,0.6936
1.2885,2.0205,1.3918,path,7.5003,7.8600,0.8436,-0.9645,0.8544,1.8411,1.4512,0.5137
0.5411,3.1619,0.0433,combined,1.4349,5.3400,0.1146,0.5386,0.0514,1.5961,0.4940,0.8364
1.6788,65.9082,0.6667,path,1.5887,6.7200,0.6838,-0.1992,1.6670,1.5732,0.8645,1.5414
0.5508,5.8965,0.1333,turn,0.0000,6.2200,0.0000,nan,nan,0.9090,0.2202,1.1588
2.0824,18.4287,1.5323,path,2.3287,5.7600,1.6565,-0.1395,2.0777,2.2283,1.4307,1.5973
0.5022,3.5593,0.0668,lateral,0.4840,5.5400,0.4215,-0.0077,0.5021,0.6736,0.1866,1.5859
0.4906,5.7389,0.1643,lateral,1.4879,6.3600,0.4719,-0.0362,0.4892,0.8773,0.2751,0.4393
0.5366,1.6615,0.0596,turn,0.0000,5.3400,0.0000,nan,nan,0.5319,0.1660,0.7371
2.3829,8.5865,1.3180,path,1.2124,6.9800,1.9770,0.3142,2.3621,1.9470,1.4292,0.7545
0.5523,4.5008,0.1345,straight,0.9721,4.6400,0.0937,0.5517,0.0275,1.5433,0.4431,1.5912
0.5637,7.6672,0.0255,turn,0.0000,4.3200,0.0000,nan,nan,0.6510,0.2378,0.8802
0.4896,6.9162,0.0260,lateral,1.0279,5.3600,0.4830,-0.1444,0.4678,0.6146,0.2182,1.5192
0.0119,0.6755,0.0055,stand,0.0000,4.6200,0.0000,nan,nan,0.1611,0.0420,1.5835
0.0063,0.4149,0.0131,stand,0.0000,5.9800,0.0000,nan,nan,0.1549,0.0337,1.1708
1.2397,9.4502,0.9278,path,2.1315,4.6600,0.8540,-0.9829,0.7554,1.7511,1.0495,0.8496
0.0378,1.7581,0.0173,stand,0.0000,7.4800,0.0000,nan,nan,0.0674,0.0301,0.4777
2.7648,12.8064,1.0884,path,3.6073,4.2400,1.7211,-2.7221,0.4839,1.6718,1.1945,0.7622
0.4684,3.1925,0.0651,turn,0.0000,4.1000,0.0000,nan,nan,0.5775,0.1991,1.2073
0.5256,6.0705,0.0627,lateral,1.2391,5.6800,0.5220,-0.0899,0.5178,0.8124,0.2621,0.6967
0.5269,4.5498,0.1134,straight,1.9436,5.0000,0.5175,-0.5265,0.0197,0.9842,0.3149,1.1495
2.3145,16.2094,0.9662,path,3.5754,4.8800,2.2013,-1.9201,1.2923,1.9250,1.2317,0.5605
0.5331,5.8618,0.0811,turn,0.0000,6.7200,0.0000,nan,nan,0.8693,0.1919,1.4592
0.5291,4.2877,0.1733,lateral,1.4866,5.6200,0.5280,0.0280,0.5283,0.8312,0.3082,0.6594
0.5453,2.1861,0.1128,combined,0.9812,4.3600,0.5234,-0.5006,0.2160,0.4261,0.1434,0.7691
0.5494,2.8660,0.0661,combined,0.6688,7.1200,0.2729,0.4356,0.3349,0.8794,0.2365,0.5614
0.0360,1.2499,0.0225,stand,0.0000,4.4000,0.0000,nan,nan,0.1216,0.0336,1.3310
0.5679,5.2682,0.0193,combined,1.2724,6.9800,0.5554,-0.5653,0.0545,0.6220,0.1502,0.7989
0.5317,5.5898,0.1346,turn,0.0000,5.9600,0.0000,nan,nan,0.9475,0.2186,0.4893
0.6214,1.3136,1.4405,path,7.4988,7.6400,0.3223,-0.5126,0.3512,1.6896,1.2767,0.7318
0.0284,0.7053,0.0226,stand,0.0000,7.7000,0.0000,nan,nan,0.2050,0.0409,0.7989
0.5895,2.6525,0.0564,lateral,1.1697,5.0400,0.5887,-0.0963,0.5816,0.8589,0.2962,0.5135
0.5688,1.2717,0.1252,turn,0.0000,5.6000,0.0000,nan,nan,0.9289,0.2563,1.3240
0.4244,5.3023,0.1080,lateral,0.4994,4.4600,0.4140,0.0156,0.4241,0.6840,0.2122,1.5996
0.0444,1.1241,0.0179,stand,0.0000,5.8200,0.0000,nan,nan,0.1480,0.0337,1.4084
0.0290,3.6403,0.0114,stand,0.0000,4.6000,0.0000,nan,nan,0.1517,0.0349,1.1950
0.4697,0.5262,0.1454,straight,1.9776,4.8400,0.4647,-0.4695,0.0117,1.0471,0.3526,0.8006
0.5881,2.8901,0.0718,lateral,0.2601,7.3000,0.2337,-0.0150,0.5880,0.4399,0.1430,0.7069
1.1251,4.3640,0.9241,path,1.1991,7.0800,0.4097,-1.0188,0.4773,1.8813,0.9351,0.6927
0.5869,2.2160,0.0922,straight,1.5144,4.7200,0.0262,0.5867,0.0160,1.7853,0.6307,0.7126
0.5576,3.2510,0.0405,combined,0.9256,5.8800,0.4964,0.1625,0.5334,0.7468,0.2517,1.1045
1.1341,1.0782,1.6567,path,7.4086,5.6800,0.8464,-1.0531,0.4209,1.9480,1.6171,0.6374
0.5466,6.7895,0.1287,straight,1.5883,4.0800,0.0619,0.5409,0.0788,1.6556,0.6718,0.4468
2.7527,10.0785,0.9554,path,3.3171,4.8400,2.4406,-0.6661,2.6709,2.1136,1.4237,1.2613
1.8310,32.9722,1.0994,path,6.1025,6.3200,0.3584,-0.7082,1.6885,1.7768,1.3194,1.5420
0.4955,5.1586,0.0165,straight,1.1634,4.3200,0.0298,0.4785,0.1288,1.5293,0.5227,0.4647
0.5428,0.9061,0.0966,combined,0.5975,5.4800,0.5286,-0.4516,0.3012,0.4707,0.1198,1.2758
0.5866,2.1701,0.1098,straight,0.5213,4.1200,0.0447,0.5866,0.0008,1.2710,0.4547,0.8998
0.5322,4.0390,0.0434,straight,0.2281,6.2000,0.0344,0.5305,0.0426,1.0374,0.2387,0.5670
0.5723,0.8387,0.0399,lateral,0.7134,6.7000,0.5254,0.0550,0.5696,0.5048,0.1802,1.1314
0.6094,4.8672,0.0333,straight,1.0600,7.6800,0.0375,0.6070,0.0542,1.8330,0.3834,1.1122
0.5448,5.1771,0.0339,straight,1.2371,6.1400,0.0008,0.5447,0.0119,1.6995,0.4130,1.4138
0.5565,0.9704,0.0769,lateral,0.6930,4.7000,0.5492,-0.0092,0.5565,0.5424,0.2189,1.3970
1.3166,172.6382,0.8029,path,1.2182,6.0200,0.9232,0.2479,1.2931,1.8547,1.1570,0.9304
0.5351,4.4382,0.0684,combined,1.3617,5.4000,0.0547,0.5323,0.0544,1.6379,0.4970,0.9739
0.8255,31.9728,0.7615,path,1.2683,4.6200,0.6160,-0.8185,0.1075,1.6367,0.6042,0.4182
0.6016,2.3660,0.0936,turn,0.0000,6.7400,0.0000,nan,nan,0.6485,0.1942,0.4670
0.5673,4.4524,0.1545,lateral,0.9531,7.3800,0.5443,-0.0751,0.5623,0.7844,0.2112,0.7135
0.4811,3.6972,0.0494,turn,0.0000,7.2600,0.0000,nan,nan,0.5079,0.1296,0.5383
0.5225,2.6853,0.0607,combined,1.5299,4.4800,0.5134,-0.5049,0.1345,0.8931,0.2806,1.5349
2.5562,34.8508,1.6989,path,5.5795,7.5600,2.4898,0.6905,2.4612,2.1271,1.7359,0.4167
0.6165,2.5909,0.1228,straight,1.7312,5.4400,0.0399,0.6162,0.0206,1.8102,0.5806,0.6907
0.0193,3.7505,0.0256,stand,0.0000,6.4400,0.0000,nan,nan,0.1197,0.0233,1.0724
0.5586,2.7519,0.0777,straight,0.3276,5.7400,0.3263,-0.5555,0.0588,0.4076,0.1106,1.5955
0.5222,2.8976,0.1359,turn,0.0000,4.9600,0.0000,nan,nan,0.6933,0.2357,0.0000
1.2469,0.7536,1.3531,path,4.8934,4.6800,0.8820,-0.7940,0.9615,2.0803,1.5777,1.2566
0.6293,4.7062,0.0646,straight,1.2318,4.6600,0.6100,-0.6293,0.0055,0.6423,0.1751,1.4960
1.6171,21.3364,0.4667,path,4.2736,7.6200,1.4088,-0.5639,1.5155,1.9001,1.0917,0.6443
1.8942,3.3994,1.0093,path,1.6884,7.5200,1.2122,-1.7836,0.6377,1.6288,1.0276,1.3510
0.5777,6.3126,0.0595,combined,0.6725,4.6600,0.5696,-0.1229,0.5645,0.7766,0.2374,1.1805
0.5105,4.7770,0.1392,turn,0.0000,7.2400,0.0000,nan,nan,0.6702,0.1608,0.6742
0.5275,3.1496,0.0741,lateral,0.1551,5.1400,0.1433,-0.0085,0.5275,0.5867,0.2030,1.2157
0.4403,5.2860,0.0844,straight,1.8556,6.4200,0.4344,-0.4397,0.0231,1.0400,0.2679,0.6698
0.4866,4.5543,0.1218,lateral,1.0078,5.7800,0.4797,0.0013,0.4866,0.6314,0.2245,1.5760
0.4545,4.2263,0.1717,turn,0.0000,7.0400,0.0000,nan,nan,0.5413,0.1331,1.0022
0.5628,2.5855,0.1276,combined,0.9821,5.8400,0.5446,-0.5454,0.1388,0.4483,0.1332,0.5656
0.5190,3.5130,0.0810,turn,0.0000,4.7800,0.0000,nan,nan,0.5288,0.1628,0.3460
0.5846,2.4789,0.0086,combined,1.9023,7.1000,0.0115,0.5743,0.1090,1.8222,0.5059,1.5744
1.4894,55.6393,0.2274,path,1.2100,5.1600,0.3450,-1.0880,1.0171,1.4703,0.5329,1.4502
0.4359,5.4767,0.0929,combined,0.9397,4.5000,0.2528,0.4092,0.1503,1.4096,0.4333,1.5835
0.5106,4.4373,0.1012,lateral,0.7022,5.6000,0.5057,0.0073,0.5105,0.8682,0.2445,0.3692
0.5611,0.1121,0.1631,turn,0.0000,7.3800,0.0000,nan,nan,0.9100,0.1514,0.4653
0.0175,0.3914,0.0067,stand,0.0000,6.7600,0.0000,nan,nan,0.1852,0.0296,1.3869
0.5448,4.0405,0.0435,straight,1.1706,5.7800,0.0275,0.5448,0.0078,1.5515,0.4373,0.5087
2.4101,8.0522,0.8107,path,2.0110,6.5600,0.4940,-0.4383,2.3699,1.4065,0.8250,0.9556
0.4806,6.7010,0.0932,straight,1.7339,4.1200,0.4803,-0.4713,0.0942,1.0009,0.3555,1.2373
1.1491,6.3607,1.8705,path,3.2915,5.1600,0.8388,0.8666,0.7546,2.0036,1.3781,1.3232
0.5013,2.3594,0.1885,turn,0.0000,7.3200,0.0000,nan,nan,0.6211,0.1655,1.1303
1.3323,8.2218,1.4082,path,6.7459,5.6600,0.8685,-1.1809,0.6168,1.7059,1.2925,0.9692
0.0136,1.5367,0.0138,stand,0.0000,5.0800,0.0000,nan,nan,0.1285,0.0405,0.4513
0.5776,2.2684,0.0271,straight,0.2492,6.7200,0.2492,-0.5770,0.0264,0.4344,0.1159,0.4931
1.5611,76.2891,1.1429,path,5.7238,4.9000,1.0064,-1.0526,1.1530,2.0203,1.2372,0.8457
2.0791,5.5019,0.6959,path,2.1868,4.9000,1.7990,-0.7499,1.9392,1.5097,0.9096,0.3770
0.5577,6.1052,0.0612,lateral,1.4940,4.3400,0.5560,-0.0829,0.5515,1.0537,0.3890,0.9730
0.5708,3.8358,0.1150,turn,0.0000,6.6800,0.0000,nan,nan,0.9375,0.2016,0.4041
2.5873,16.1299,1.4663,path,5.6216,6.6800,2.3566,-2.4281,0.8936,1.9651,1.2915,1.4342
2.4040,2.6890,0.9586,path,0.4955,6.1000,2.1495,0.3140,2.3834,1.8385,1.1754,0.8214
1.1877,2.8249,0.4655,path,1.7868,4.4200,0.6299,-1.1045,0.4369,1.4544,0.7342,1.5493
1.3634,0.8235,0.8960,path,2.3119,4.6000,0.8428,-0.4567,1.2846,1.5425,1.1747,0.4365
0.5194,3.0721,0.0623,straight,1.1519,6.2400,0.4933,-0.5083,0.1069,0.6730,0.1557,0.3538
0.0249,3.8167,0.0254,stand,0.0000,5.7000,0.0000,nan,nan,0.2392,0.0338,0.6321
0.5113,5.9474,0.0218,combined,1.1809,5.5400,0.5061,-0.1334,0.4936,0.8662,0.2417,1.2367
0.6133,1.2083,0.0856,straight,1.4034,7.7400,0.5835,-0.6111,0.0527,0.7632,0.1553,1.0613
0.5059,3.4886,0.0636,straight,0.4017,7.3000,0.4017,-0.5058,0.0110,0.2436,0.0986,1.5132
2.0326,33.1757,1.1043,path,3.0108,7.9800,1.3936,-1.8611,0.8171,1.5763,0.9870,1.5872
0.5473,2.5704,0.0640,straight,0.9381,4.2000,0.0105,0.5447,0.0531,1.5709,0.4998,1.5748
0.6186,2.2654,0.0903,turn,0.0000,7.3000,0.0000,nan,nan,0.6877,0.1811,0.5392
0.0206,0.6338,0.0269,stand,0.0000,5.3800,0.0000,nan,nan,0.1418,0.0319,0.5508
1.5047,9.0588,1.1312,path,1.8837,5.0200,1.0279,-1.0851,1.0425,2.1411,1.3097,0.3055
1.9471,15.9537,1.2317,path,3.5665,6.3600,1.2013,-1.6286,1.0673,1.6871,0.9538,1.5930
0.5178,3.2961,0.1325,combined,1.2925,6.1600,0.5081,-0.5109,0.0841,0.8213,0.1974,1.1168
0.5084,4.2267,0.0726,straight,1.0245,5.4200,0.4918,-0.5082,0.0137,0.6662,0.1541,0.5872
1.5282,5.1149,1.0914,path,2.9110,4.3600,0.6019,-0.3256,1.4931,1.7565,0.9579,1.3247
0.5434,5.3175,0.0636,turn,0.0000,4.1600,0.0000,nan,nan,0.5975,0.2414,0.5102
0.5521,5.3193,0.0911,lateral,0.1261,7.2600,0.1261,-0.0018,0.5521,0.9749,0.2151,0.6659
1.9573,4.5002,1.0606,path,3.1756,6.7000,0.8272,-1.9572,0.0147,1.2235,0.7247,1.2639
0.5860,5.6814,0.1099,combined,1.6347,5.4800,0.5805,-0.2234,0.5417,0.7585,0.2895,1.4721
2.4659,5.4212,1.3600,path,5.0521,6.4600,1.4818,-2.2860,0.9247,1.9357,1.2534,0.4502
0.5138,6.1570,0.0518,combined,1.8413,6.3400,0.5030,-0.4790,0.1858,1.1559,0.2743,1.1760
1.1315,2.7766,1.2235,path,3.8422,6.6800,0.8335,-1.0912,0.2992,1.6714,1.0626,1.0399
1.5418,15.4918,1.2667,path,3.4222,6.6800,0.8512,-1.3901,0.6670,1.6996,1.1608,1.0337
2.1588,29.8931,0.8386,path,1.7938,4.0200,2.0891,-0.9953,1.9157,1.6359,1.0433,0.7022
0.5620,5.2295,0.0814,combined,1.2673,6.1400,0.5421,0.4594,0.3238,1.2446,0.3615,1.1901
0.5810,3.2864,0.0146,turn,0.0000,7.8200,0.0000,nan,nan,0.6742,0.1781,1.4472
1.7313,98.9094,0.2900,path,3.3887,4.6600,0.4824,-1.6528,0.5154,1.5593,0.9169,1.1377
3.7227,38.8631,1.3511,path,2.4648,6.0000,1.1118,2.8075,2.4447,2.3008,1.4967,0.8128
1.8068,1.1253,1.1288,path,1.5541,4.4800,1.3840,-0.2252,1.7927,1.7264,1.3169,0.4342
0.5807,4.5094,0.2348,combined,1.4709,4.0600,0.5797,0.1116,0.5699,1.2438,0.4825,1.5624
0.4534,3.7868,0.0492,turn,0.0000,6.8800,0.0000,nan,nan,0.4523,0.1165,0.3983
2.8624,7.8613,1.4591,path,5.5853,6.4600,2.4409,-1.3716,2.5124,2.0784,1.5649,0.3427
0.5728,2.6379,0.0701,straight,1.7535,6.5000,0.5660,-0.5714,0.0403,0.9753,0.2242,1.0683
2.8951,1.6560,1.3748,path,4.7312,7.1200,1.4871,-2.5774,1.3187,1.9595,1.0723,0.5865
1.9902,3.9438,0.8237,path,4.0376,4.9600,1.3225,-1.7349,0.9752,2.0005,0.9132,1.1975
0.8664,3.5954,0.4681,path,0.5497,7.5600,0.7568,-0.6957,0.5164,1.0933,0.5678,0.9334
0.0391,3.1999,0.0182,stand,0.0000,4.4000,0.0000,nan,nan,0.2543,0.0427,0.6455
1.3326,3.2850,1.4310,path,7.3481,4.7000,0.9024,-1.2649,0.4193,1.8797,1.5224,1.1023
0.5672,4.7454,0.0691,combined,1.8445,7.0800,0.5520,0.4356,0.3634,1.6867,0.4772,1.1486
0.5259,3.8477,0.0208,combined,0.6751,6.0800,0.2097,0.4980,0.1687,1.3977,0.3337,0.6564
2.1861,21.3581,0.6310,path,4.7040,6.0200,2.0544,-2.1715,0.2524,2.0707,1.2181,1.5867
2.2172,30.7948,1.8217,path,6.4243,5.0800,1.1499,-1.3462,1.7617,2.4495,1.3877,0.9869
0.4589,0.2928,0.0292,combined,1.9139,5.5800,0.4573,-0.2078,0.4092,1.2424,0.3459,0.9978
1.2114,1.1691,1.9306,path,4.9302,4.9600,0.6190,-0.9754,0.7185,2.0640,1.3457,0.7136
2.1316,5.2442,0.7595,path,0.3291,7.1000,0.7651,0.0402,2.1312,1.7590,0.7344,0.6237
0.5269,0.8593,0.0629,turn,0.0000,5.3200,0.0000,nan,nan,0.4815,0.1710,1.1808
0.5421,3.0693,0.1227,combined,1.4974,4.2400,0.5421,0.2206,0.4952,1.4453,0.5164,0.3519
0.5325,4.1050,0.0634,lateral,1.0522,5.1400,0.5325,-0.0578,0.5293,0.9008,0.2774,1.4597
0.4647,3.9597,0.0868,combined,0.9220,7.5000,0.4589,0.2202,0.4092,0.9188,0.2507,1.1895
0.9071,1.0022,1.3499,path,4.9207,4.7800,0.6358,-0.9067,0.0246,1.5054,1.1145,0.7036
1.4407,9.4830,0.2869,path,6.3937,4.9200,1.4404,-1.3467,0.5119,1.8503,1.2999,0.4898
0.0316,0.3329,0.0237,stand,0.0000,6.0000,0.0000,nan,nan,0.2169,0.0374,1.2150
1.9928,3.8239,1.1041,path,3.0982,5.5000,1.0660,-1.7491,0.9550,2.1459,0.7805,0.9179
0.4267,3.2514,0.0349,turn,0.0000,6.4600,0.0000,nan,nan,0.4481,0.1427,1.4168
0.5627,5.5840,0.1412,combined,1.0116,6.7400,0.5455,-0.1730,0.5355,0.5988,0.1674,1.1115
0.4750,2.0665,0.0733,combined,1.1513,6.3600,0.4566,-0.0486,0.4725,1.0139,0.2203,0.9704
0.4343,1.6077,0.0494,straight,0.0957,6.9200,0.0036,0.4238,0.0950,0.5100,0.1410,0.3073
1.2853,22.2230,0.3546,path,1.6479,5.0200,0.9827,-0.3341,1.2412,1.2571,0.6259,1.0296
0.0196,2.9043,0.0473,stand,0.0000,6.6200,0.0000,nan,nan,0.1089,0.0320,1.5212
0.0169,0.7582,0.0462,stand,0.0000,5.6000,0.0000,nan,nan,0.1682,0.0453,0.3514
0.0289,2.0030,0.0162,stand,0.0000,6.6200,0.0000,nan,nan,0.1904,0.0349,1.3612
1.6304,152.5268,1.4632,path,3.2812,7.9800,0.9594,1.3722,0.8804,2.0441,1.2396,0.7065
0.6172,2.1296,0.0614,turn,0.0000,7.5600,0.0000,nan,nan,0.8403,0.2027,1.2275
0.5174,4.8479,0.1126,lateral,0.0185,4.1400,0.0185,0.0150,0.5172,0.6646,0.2254,1.4480
1.8707,55.7007,0.8738,path,2.4080,6.6200,1.2500,1.6167,0.9411,1.7155,1.0791,0.5975
1.9296,0.5747,1.8722,path,3.6983,7.1200,1.2366,-0.7241,1.7886,1.9836,1.4004,1.2751
1.1964,10.6394,0.9494,path,0.7709,7.4600,0.9752,0.1094,1.1914,1.6759,1.0883,1.3102
1.7943,9.0791,1.2754,path,5.1342,7.2600,1.4178,-0.6558,1.6701,1.6338,1.2774,0.9366
0.5111,2.1703,0.1205,combined,2.0655,7.4000,0.5090,-0.2768,0.4297,1.1960,0.2907,1.4257
0.5303,5.6628,0.0969,turn,0.0000,7.6600,0.0000,nan,nan,0.5584,0.1471,1.3744
0.5809,1.8752,0.1556,straight,0.5791,4.8800,0.0434,0.5806,0.0193,1.3440,0.3827,1.0660
0.5540,2.9245,0.0415,turn,0.0000,6.0600,0.0000,nan,nan,0.6074,0.1997,1.3767
1.3351,24.2776,0.7852,path,1.8302,5.2800,1.2490,-0.5729,1.2059,1.9747,1.2013,1.0976
0.5344,3.5417,0.0590,combined,1.1574,6.3200,0.5218,-0.5005,0.1871,0.4223,0.1360,1.1754
0.5790,2.4556,0.0398,combined,2.2272,6.4400,0.5661,-0.4495,0.3650,1.1147,0.3310,0.9667
0.5662,3.4812,0.1043,straight,0.2633,5.4200,0.2610,-0.5661,0.0107,0.5575,0.1561,1.4056
2.2054,5.1961,0.8598,path,2.2045,6.8200,1.4205,1.6831,1.4252,1.9521,1.2178,1.0457
0.5276,2.8696,0.1168,combined,0.9838,4.2800,0.5265,-0.2412,0.4692,0.4867,0.2292,0.7888
2.0791,18.9325,1.4073,path,1.8283,7.7200,1.0231,-1.7864,1.0636,1.4966,0.8620,0.6771
0.5260,6.4855,0.0934,straight,1.9039,6.8400,0.5154,-0.5243,0.0423,1.1869,0.2691,0.6646
2.0235,2.1434,1.3927,path,2.3947,7.4800,1.1607,-1.6350,1.1922,1.6292,1.0872,0.6295
0.5137,1.4823,0.0682,lateral,0.7602,5.4800,0.5095,-0.0114,0.5136,0.7171,0.2369,0.9823
0.4549,5.0365,0.0198,lateral,1.1566,6.4400,0.4549,0.0336,0.4536,0.7261,0.2341,0.5599
0.5078,3.6373,0.1229,combined,1.7037,7.1200,0.3879,0.4682,0.1967,1.6748,0.4584,0.0000
3.1085,51.6152,0.7059,path,2.2136,5.5800,1.3382,-2.9164,1.0759,1.7869,0.7968,0.8555
0.4769,6.6922,0.0887,combined,2.2248,6.9000,0.4763,-0.2967,0.3734,1.2388,0.3252,0.6237
0.5038,2.0291,0.0614,turn,0.0000,6.9000,0.0000,nan,nan,0.5807,0.1552,0.3685
1.0454,3.3643,1.4063,path,7.3816,6.3200,0.7598,-0.8713,0.5778,1.7134,1.4042,0.4015
2.0846,23.3383,1.3870,path,3.5550,6.9000,1.3853,-1.8849,0.8902,1.8378,1.1795,0.5312
0.5413,5.0429,0.1526,combined,0.7590,4.5800,0.1376,0.4971,0.2143,1.7245,0.4305,0.9228
0.5277,3.2758,0.1252,lateral,1.3191,7.5400,0.5195,0.0001,0.5277,0.7725,0.2245,0.7056
0.0340,0.4978,0.0453,stand,0.0000,7.9600,0.0000,nan,nan,0.1091,0.0316,1.3305
1.9273,22.6346,1.0306,path,4.5169,5.8400,1.7971,-1.8839,0.4065,2.0369,1.4212,0.7443
0.4681,3.7510,0.1319,lateral,1.0427,5.2800,0.4568,0.0703,0.4628,0.6554,0.2517,1.0169
0.5271,6.9771,0.2151,lateral,0.9117,4.8200,0.5256,0.0180,0.5268,0.7468,0.2717,0.5763
0.5498,3.9259,0.1251,straight,0.6356,7.5400,0.5382,-0.5495,0.0191,0.2028,0.0832,1.2776
0.5513,3.5319,0.0324,combined,1.6524,6.3600,0.5451,0.4897,0.2532,1.7938,0.4763,1.1919
0.6048,2.8375,0.0716,combined,1.1052,7.3200,0.5930,-0.1562,0.5843,0.5643,0.1724,0.6226
0.8519,1.5813,0.3920,path,1.8620,7.3400,0.8519,-0.3070,0.7946,1.8805,0.9350,0.8267
0.5427,3.7863,0.1236,combined,1.0747,4.9400,0.5427,0.3090,0.4461,1.1508,0.3695,1.5854
0.0173,0.1020,0.0249,stand,0.0000,6.3800,0.0000,nan,nan,0.1038,0.0334,0.9249
0.0047,0.7596,0.0372,stand,0.0000,7.2600,0.0000,nan,nan,0.0671,0.0237,1.0650
2.3007,0.8316,0.9874,path,7.1887,4.3600,1.7399,-1.9213,1.2656,2.1981,1.3310,1.4426
0.4944,3.2239,0.0622,lateral,0.3583,4.7600,0.3263,-0.0306,0.4935,0.7274,0.2187,0.4393
0.5655,5.4869,0.0959,lateral,0.5062,6.9200,0.4332,-0.0146,0.5653,0.8873,0.1898,0.5018
0.9190,3.3492,0.3637,path,0.7552,6.3000,0.8041,-0.2342,0.8886,1.4926,0.6139,0.3881
0.5356,1.5709,0.1078,turn,0.0000,5.2000,0.0000,nan,nan,0.7810,0.2314,1.3377
0.5536,4.4370,0.1400,combined,0.8419,7.9800,0.5290,-0.5133,0.2072,0.4821,0.1178,0.6758
0.5633,3.5208,0.1311,combined,1.6415,4.7600,0.5633,-0.0326,0.5624,1.0221,0.4628,0.6183
0.0254,1.9629,0.0225,stand,0.0000,6.0800,0.0000,nan,nan,0.1577,0.0335,1.0847
1.7073,1.8690,1.7488,path,3.5249,5.2600,0.8635,-0.4463,1.6480,1.7511,1.0720,1.4527
0.5925,3.7738,0.0432,turn,0.0000,4.2800,0.0000,nan,nan,0.7142,0.2644,0.7989
0.5518,5.6542,0.1823,turn,0.0000,4.2000,0.0000,nan,nan,0.6641,0.2118,1.1950
1.4558,5.1155,0.9654,path,1.7229,5.1800,0.7796,-0.6440,1.3056,1.8893,1.0992,1.4077
2.5485,2.6315,0.7398,path,3.4681,5.2400,0.6665,1.2768,2.2056,2.3746,1.5093,0.3883
0.5707,7.6587,0.1216,turn,0.0000,5.7600,0.0000,nan,nan,0.7766,0.1923,0.7640
2.2566,7.0079,0.3938,path,0.4465,7.0200,0.8814,-0.2681,2.2406,1.7673,0.7064,1.0115
2.6039,15.3513,1.1842,path,5.4758,7.0400,2.3813,-2.4808,0.7912,2.1258,1.5280,1.2311
0.5694,1.1137,0.0832,straight,1.9099,7.3400,0.5509,-0.5671,0.0507,0.9638,0.2450,1.4417
0.5477,1.8049,0.0560,straight,1.2907,5.6200,0.5345,-0.5474,0.0180,0.7861,0.1836,0.4824
1.2939,1.5946,1.6461,path,1.2750,7.2200,0.9835,0.2718,1.2651,1.8237,1.2278,0.9695
0.5756,4.3227,0.0734,straight,0.9337,5.1200,0.0216,0.5734,0.0501,1.5707,0.4312,0.8802
0.5214,5.5917,0.0910,straight,0.5267,7.0000,0.5076,-0.5196,0.0423,0.2587,0.0855,0.8192
0.5574,4.7380,0.0915,turn,0.0000,7.3000,0.0000,nan,nan,0.8482,0.1805,1.1633
0.5985,1.1976,0.0698,combined,1.9233,4.6200,0.5985,-0.5161,0.3030,0.8270,0.3327,0.7989
0.5390,4.1897,0.0819,straight,0.8100,7.8800,0.0179,0.5385,0.0228,1.6155,0.3034,1.0200
0.6178,3.3452,0.0724,turn,0.0000,6.7000,0.0000,nan,nan,0.6640,0.1917,0.5994
1.5084,65.4710,0.8520,path,2.3074,4.9600,0.7041,-1.4853,0.2627,1.4311,0.7314,1.4167
0.5605,2.2863,0.0811,combined,1.8695,5.4400,0.2933,0.5246,0.1973,1.7411,0.6345,0.5413
0.6111,6.3116,0.0765,combined,1.1109,4.6400,0.6024,-0.2351,0.5640,0.7534,0.2518,1.4084
0.6042,6.2219,0.0897,straight,0.5446,6.5400,0.5446,-0.5993,0.0766,0.1896,0.0795,0.6038
0.0266,1.1692,0.0327,stand,0.0000,7.8800,0.0000,nan,nan,0.1229,0.0331,0.6305
1.2482,8.1132,1.1541,path,3.4896,7.1600,1.0410,-1.2398,0.1443,1.5969,1.1012,1.4157
0.4185,3.9645,0.2019,combined,1.1355,7.4000,0.4173,0.2914,0.3003,1.1862,0.3122,1.5813
0.5721,4.4742,0.1039,lateral,0.4097,4.3200,0.3706,-0.0520,0.5697,0.7009,0.2402,0.7135
1.5433,1.6740,1.1286,path,2.8346,7.4600,0.8309,-1.2901,0.8471,1.4592,1.1052,0.8001
0.5620,4.1372,0.1003,straight,1.6505,4.2200,0.0348,0.5582,0.0648,1.8176,0.6721,1.5955
0.5663,5.4833,0.0687,combined,2.0783,6.2400,0.5564,-0.2421,0.5119,1.0687,0.3250,0.9699
0.5766,1.4175,0.1076,combined,2.0225,7.7200,0.5662,-0.2043,0.5392,1.1271,0.3074,0.4020
1.0408,7.3857,1.1096,path,2.1906,7.0800,0.5105,-1.0184,0.2145,1.7677,0.7281,1.5804
1.1453,6.1713,0.7501,path,0.0081,4.8000,1.0102,-0.1044,1.1405,1.3438,0.6937,1.2170
0.5696,1.9312,0.0779,lateral,0.8512,6.2000,0.5656,-0.0052,0.5696,0.8294,0.2404,0.7841
0.6049,3.4850,0.1493,turn,0.0000,5.0200,0.0000,nan,nan,0.7712,0.2545,0.5135
0.5210,5.3038,0.1732,combined,0.9861,6.4800,0.5210,0.1821,0.4881,1.0353,0.2813,1.5664
0.5792,4.7872,0.1205,lateral,1.0523,4.1200,0.5792,-0.0527,0.5768,0.9976,0.3310,1.1805
1.3754,23.9840,0.9530,path,2.6307,5.9800,0.9469,-1.2543,0.5642,1.4039,0.6332,1.1016
1.4670,9.8738,1.5514,path,2.3197,7.5600,0.9355,1.3498,0.5744,1.8246,1.1930,1.5842
0.5390,5.0790,0.0451,combined,1.6910,7.8200,0.2728,0.5322,0.0855,1.6795,0.4112,1.4073
0.5102,3.8768,0.0859,straight,1.1117,4.6200,0.0034,0.5088,0.0371,1.7311,0.5107,1.5349
0.9487,1.1552,1.5929,path,1.3988,4.6600,0.5348,-0.0800,0.9453,1.7272,1.0303,1.5220
0.5377,1.8258,0.1146,combined,0.8262,5.3400,0.5259,-0.3718,0.3885,0.5208,0.1392,1.3310
0.6376,4.2105,0.1769,combined,0.7602,6.4400,0.5213,0.2902,0.5678,0.9392,0.2772,0.4934
0.4971,6.8042,0.0267,straight,0.8334,5.6600,0.4846,-0.4940,0.0558,0.4687,0.1260,1.1495
0.0166,2.1775,0.0319,stand,0.0000,6.1400,0.0000,nan,nan,0.1660,0.0374,1.5859
0.4938,2.5960,0.0395,turn,0.0000,6.6600,0.0000,nan,nan,0.6951,0.1785,1.4568
1.6679,9.1038,0.5197,path,2.4386,7.8400,0.3399,-1.6633,0.1236,1.3048,0.7027,0.4714
0.5386,6.4355,0.0158,lateral,0.8356,6.0400,0.5219,0.0977,0.5297,0.8000,0.2306,1.5835
0.5414,1.7827,0.0524,lateral,0.2367,6.0800,0.2130,0.0237,0.5408,0.4297,0.1507,1.5912
0.5695,1.5471,0.1447,straight,1.5072,7.3000,0.0167,0.5693,0.0160,1.6538,0.4040,1.2156
0.5380,3.4963,0.1077,straight,0.9191,5.6200,0.0062,0.5368,0.0354,1.5869,0.3863,0.5614
0.5249,3.7709,0.1294,lateral,0.6930,7.2600,0.5085,-0.0100,0.5248,0.8007,0.1848,0.9191
0.6087,4.4364,0.0498,turn,0.0000,7.7400,0.0000,nan,nan,0.7423,0.1784,0.5032
0.0311,0.4814,0.0134,stand,0.0000,6.9600,0.0000,nan,nan,0.1605,0.0322,1.5654
0.4818,3.7568,0.1314,lateral,0.8641,7.3000,0.4713,-0.0191,0.4814,0.7614,0.1954,0.6746
0.5575,5.7769,0.0778,straight,1.1150,5.5800,0.0285,0.5561,0.0394,1.7133,0.4418,1.3240
0.5481,2.6676,0.0782,combined,1.2593,5.2200,0.5419,-0.4595,0.2988,0.8807,0.2541,1.1314
0.4635,4.2286,0.0428,straight,0.7140,4.3400,0.4622,-0.4611,0.0470,0.3295,0.1270,1.2373
0.5687,5.1347,0.1405,combined,1.4820,7.4000,0.5442,-0.5415,0.1736,0.8510,0.1826,1.1509
1.1182,34.3011,0.5150,path,2.8875,4.0400,0.6186,0.8330,0.7460,1.8416,1.1732,1.5568
0.5473,2.6077,0.0509,lateral,0.9197,5.3800,0.5473,-0.0864,0.5404,0.6400,0.2072,1.2758
0.6178,3.7711,0.0853,combined,0.9186,5.1600,0.6178,0.0897,0.6113,0.9245,0.3188,0.4670
0.0206,0.0468,0.0336,stand,0.0000,5.2600,0.0000,nan,nan,0.1205,0.0406,1.4138
0.4741,2.5323,0.0432,straight,0.7723,6.1400,0.4607,-0.4740,0.0098,0.4096,0.1182,1.2073
1.3738,7.1739,1.5462,path,1.1977,7.6200,0.8702,-1.2514,0.5667,1.8269,1.0130,0.5628
0.4813,6.5449,0.0504,combined,0.2417,6.4600,0.0761,0.4423,0.1898,0.8040,0.2079,1.5192
0.4614,3.4422,0.0560,lateral,0.1629,7.4200,0.1455,-0.0668,0.4566,0.5838,0.1582,1.1773
0.6144,3.8114,0.0690,combined,1.4591,4.0200,0.5899,-0.6143,0.0125,0.7393,0.2569,0.5392
1.9955,8.1600,0.7642,path,3.0870,7.7000,0.9691,-1.9888,0.1640,1.2522,0.8339,1.4663
2.1584,71.6141,0.4822,path,1.3024,6.3800,1.2430,-0.1609,2.1524,1.8947,1.0160,1.0388
0.4775,3.9230,0.0379,combined,1.1947,4.9600,0.4775,-0.2020,0.4326,0.6937,0.2698,1.0022
0.5847,2.2812,0.0310,combined,0.4981,5.6800,0.0697,0.5847,0.0038,1.1386,0.3418,0.8998
1.5971,8.0857,0.5909,path,5.2346,4.0200,1.1245,-1.2436,1.0020,2.2650,1.3207,1.3330
0.5318,5.5471,0.0392,turn,0.0000,5.5200,0.0000,nan,nan,0.5727,0.1779,0.9739
0.5456,3.6686,0.0279,turn,0.0000,5.9200,0.0000,nan,nan,0.9362,0.2318,0.7069
0.5509,3.6553,0.0659,straight,1.6903,5.7000,0.5401,-0.5498,0.0349,0.8461,0.2423,0.5670
1.0995,1.7991,1.4555,path,3.7673,7.0000,0.7114,-1.0945,0.1045,1.8151,1.3946,1.3050
0.4505,5.4142,0.1358,turn,0.0000,5.1800,0.0000,nan,nan,0.5580,0.1481,0.6698
0.5697,2.0199,0.0952,combined,1.9935,5.7000,0.5574,-0.5574,0.1174,1.0844,0.3017,1.3970
0.5126,2.5537,0.0882,combined,0.9387,5.2400,0.3452,0.4673,0.2108,1.6200,0.4065,1.2157
0.5451,4.3644,0.0577,turn,0.0000,6.5800,0.0000,nan,nan,0.6851,0.1763,1.4592
0.0110,1.0579,0.0248,stand,0.0000,4.6400,0.0000,nan,nan,0.1202,0.0282,0.4041
2.6615,22.1128,0.3942,path,1.8088,7.1600,0.7726,-2.6579,0.1381,1.6882,0.8350,0.3575
0.0218,0.5097,0.0193,stand,0.0000,4.9000,0.0000,nan,nan,0.2092,0.0309,1.1303
0.0170,0.2420,0.0352,stand,0.0000,4.4800,0.0000,nan,nan,0.1405,0.0396,1.5132
0.4594,1.3515,0.0825,combined,1.2940,7.6600,0.4558,0.2133,0.4068,1.2524,0.3037,0.5135
0.0142,0.4820,0.0261,stand,0.0000,6.2600,0.0000,nan,nan,0.1454,0.0343,0.8006
0.5495,4.9798,0.0615,straight,0.1915,4.2200,0.0079,0.5487,0.0300,0.9075,0.3060,1.5748
0.4574,2.0232,0.0538,turn,0.0000,6.9200,0.0000,nan,nan,0.4486,0.1343,1.1708
0.5345,4.3695,0.0867,lateral,0.9992,7.3400,0.5212,0.0578,0.5314,0.8998,0.2260,0.8364
1.8315,8.8957,1.2052,path,1.7564,5.0000,1.4125,-0.0029,1.8315,1.9053,1.4664,1.0778
0.5248,4.4866,0.1181,turn,0.0000,7.2600,0.0000,nan,nan,0.8212,0.1518,0.7371
0.6037,3.8161,0.0256,combined,0.5953,6.1200,0.5718,-0.1923,0.5723,0.6229,0.2070,1.1122
0.5631,1.4996,0.1310,straight,1.4993,6.3400,0.0098,0.5628,0.0193,1.9247,0.4763,0.7126
1.0551,7.2721,1.2076,path,3.2498,7.7200,0.6321,-1.0514,0.0889,1.6843,1.2095,0.7040
0.5285,3.9980,0.1238,combined,1.0312,6.9800,0.3482,0.3208,0.4201,1.4501,0.3536,0.4791
0.8626,2.4810,0.4010,path,0.1051,7.4800,0.6002,-0.2727,0.8183,1.1306,0.5582,1.1427
0.4432,4.0160,0.0425,combined,0.9436,7.0800,0.4292,-0.3304,0.2954,0.8414,0.1530,0.7849
0.5160,3.1603,0.0662,straight,0.0581,7.5800,0.0124,0.5132,0.0527,1.0518,0.1984,0.6936
1.8513,11.3136,0.7990,path,2.0208,6.7800,0.9366,-1.6079,0.9175,1.4783,0.7630,1.0341
0.0122,1.2322,0.0296,stand,0.0000,7.7200,0.0000,nan,nan,0.1081,0.0291,0.8652
0.0378,0.1286,0.0584,stand,0.0000,5.6400,0.0000,nan,nan,0.1814,0.0431,0.5656
0.5762,1.8917,0.1245,turn,0.0000,5.2400,0.0000,nan,nan,0.5367,0.1963,0.4931
0.5254,5.0487,0.1676,combined,0.9643,7.1400,0.5141,-0.4464,0.2771,0.6242,0.1580,0.4858
0.5331,8.7971,0.1339,straight,0.7300,7.7400,0.5214,-0.5300,0.0570,0.3151,0.1031,1.0784
0.4508,5.0290,0.1728,turn,0.0000,6.4600,0.0000,nan,nan,0.6690,0.1774,0.4647
2.2208,18.5351,0.7975,path,2.5227,5.9200,1.0559,-2.0958,0.7347,1.3901,0.5846,1.0772
0.5335,3.5739,0.0957,combined,1.3992,7.2000,0.0109,0.5331,0.0230,1.7990,0.3924,0.4777
0.5360,5.4198,0.0564,lateral,0.3587,6.9400,0.3301,-0.0747,0.5308,0.7491,0.1798,0.4893
0.5629,1.6163,0.0619,lateral,0.2917,6.2200,0.2471,0.0125,0.5628,0.6235,0.1726,1.0724
0.5840,2.5907,0.0741,lateral,0.9507,5.1800,0.5710,0.0202,0.5837,0.8446,0.2813,1.0613
2.2835,8.8464,0.6672,path,3.0123,5.7800,1.2065,-2.2835,0.0094,1.1708,0.5349,0.6010
0.6340,1.1384,0.0552,combined,2.0572,4.9200,0.6340,0.1163,0.6232,1.7587,0.5521,1.4721
3.0397,6.3877,1.4740,path,3.2698,4.3800,0.8379,-2.5703,1.6228,1.4450,0.6800,1.5836
0.5779,3.1722,0.0676,turn,0.0000,4.6600,0.0000,nan,nan,0.4788,0.1845,1.0683
0.7917,37.0625,0.6795,path,4.7887,4.9000,0.5415,0.0449,0.7905,1.9761,1.3825,1.5332
0.0078,0.4525,0.0374,stand,0.0000,5.8000,0.0000,nan,nan,0.0698,0.0267,1.3869
0.4244,3.9790,0.0591,lateral,0.6279,7.0200,0.4220,0.0192,0.4239,0.6262,0.1775,1.5996
0.5457,3.0695,0.1062,combined,1.9348,5.4800,0.5356,-0.5350,0.1080,1.0124,0.3100,0.9730
0.5393,5.3231,0.1578,combined,1.8435,7.9200,0.5228,-0.3809,0.3818,1.0272,0.2327,1.1588
0.0201,0.4017,0.0126,stand,0.0000,5.9200,0.0000,nan,nan,0.1537,0.0306,1.5744
2.0473,9.8977,1.4677,path,0.5700,6.3800,0.8475,-0.5559,1.9704,1.8798,0.8976,1.3164
2.7665,57.2925,1.9599,path,3.3649,7.8400,2.4486,1.7204,2.1666,2.1571,1.8199,1.5581
0.9982,0.1676,1.2783,path,5.0036,5.9200,0.7027,-0.9924,0.1077,1.9775,1.2793,0.9424
0.6017,2.1284,0.0798,combined,2.0724,4.3000,0.6017,0.1502,0.5826,1.4398,0.6348,0.9704
0.5572,2.1923,0.0986,lateral,1.2375,7.4200,0.5439,-0.0081,0.5572,0.6865,0.2147,0.7691
0.5077,4.7156,0.0546,turn,0.0000,7.6800,0.0000,nan,nan,0.7153,0.1759,0.6967
0.5220,2.8022,0.1274,combined,1.7513,5.6600,0.5191,0.4563,0.2535,1.6016,0.5017,0.6022
0.0157,0.3977,0.0123,stand,0.0000,6.8600,0.0000,nan,nan,0.1333,0.0351,0.6907
0.5302,1.8754,0.0666,lateral,0.7817,6.3200,0.5295,-0.0157,0.5300,0.6088,0.1887,0.5087
2.2089,22.6306,0.1949,path,5.2264,5.6800,2.0291,-2.0694,0.7724,1.8382,1.1089,0.9299
0.7122,40.8499,0.3969,path,0.9475,7.4000,0.1032,-0.6750,0.2274,1.1427,0.3321,1.4528
0.5454,4.3088,0.0425,straight,1.6810,4.3800,0.0062,0.5448,0.0249,1.6874,0.7092,0.9823
2.7914,11.8076,1.1802,path,4.8480,5.7400,1.6852,-2.7893,0.1088,1.6697,1.2336,1.0695
0.6072,2.9077,0.1001,combined,1.7460,7.5000,0.5907,0.4430,0.4153,1.7890,0.3890,1.3100
0.4355,3.9826,0.2191,turn,0.0000,5.3400,0.0000,nan,nan,0.3614,0.1464,0.3073
1.1625,69.5426,0.1388,path,1.5782,4.7200,1.0134,-0.9096,0.7239,1.2274,0.5898,1.5583
0.5415,4.9231,0.0565,combined,0.3347,5.1200,0.0169,0.5304,0.1089,0.8631,0.2659,1.3744
1.2241,66.5686,0.7201,path,3.8191,7.1000,0.9149,0.5969,1.0688,2.0042,1.3894,1.2721
0.6160,2.2629,1.5954,path,2.0128,6.0800,0.4398,0.2066,0.5803,1.7041,1.0685,1.5376
1.9056,1.0300,1.2049,path,2.5136,6.8600,1.4061,-0.1575,1.8991,1.8525,1.3250,1.3623
2.1757,22.0340,1.5767,path,2.7367,6.2800,1.2232,-1.8781,1.0983,1.8412,1.1462,1.5187
0.5521,4.9863,0.0321,straight,1.8878,6.5400,0.5420,-0.5519,0.0132,1.0555,0.2674,0.6659
1.7793,4.1079,1.6275,path,7.6182,5.3200,1.4322,-1.3949,1.1046,2.0334,1.6969,1.0112
0.9757,2.9593,1.3553,path,0.3599,7.2800,0.5424,-0.7644,0.6063,1.8887,1.1811,1.5124
0.5878,1.5773,0.0984,turn,0.0000,4.8200,0.0000,nan,nan,0.6753,0.2543,0.6226
3.0021,12.4849,1.0944,path,5.4167,6.2600,0.8750,-2.3995,1.8043,1.9150,0.8390,0.9084
0.5460,1.9805,0.0241,lateral,0.9395,4.1000,0.5448,-0.0727,0.5411,0.7951,0.2723,1.5854
1.1457,6.0515,0.6178,path,2.3666,5.7200,0.9382,0.7789,0.8402,1.9852,1.0049,1.5224
0.0178,2.2393,0.0066,stand,0.0000,6.9000,0.0000,nan,nan,0.1666,0.0283,1.1168
0.6526,1.4921,0.0565,combined,1.4455,4.3000,0.6524,0.2825,0.5883,1.3965,0.5675,0.5994
0.0304,1.8772,0.0075,stand,0.0000,7.0000,0.0000,nan,nan,0.1630,0.0368,0.5102
0.5717,5.6464,0.0462,lateral,0.3204,7.8400,0.2841,-0.0634,0.5682,0.8019,0.1922,0.4653
0.5680,3.0420,0.0925,lateral,0.1142,4.9600,0.0824,0.0172,0.5678,0.3872,0.1699,0.6183
1.7147,39.2838,1.2143,path,5.4246,5.8400,1.1948,-1.5446,0.7447,2.1340,1.3746,0.8166
1.3150,1.7069,1.4813,path,6.1154,5.0000,0.8619,-1.2948,0.2297,1.7877,1.3585,0.3220
0.5215,3.5262,0.0691,straight,0.9045,5.6000,0.5121,-0.5211,0.0202,0.4604,0.1443,0.7056
0.5737,4.2209,0.1003,combined,1.3765,6.0600,0.3697,0.5485,0.1681,1.7033,0.4551,0.9667
3.9178,56.4334,0.4405,path,4.6275,6.6800,1.0496,-3.8190,0.8743,2.1777,1.2512,0.3965
0.8239,3.5549,1.6922,path,3.1925,6.0200,0.6449,-0.5615,0.6030,1.7975,0.9014,0.5801
0.0143,1.5664,0.0300,stand,0.0000,7.7400,0.0000,nan,nan,0.0631,0.0230,0.6321
0.5823,1.7458,0.1089,combined,1.2202,6.4400,0.3926,0.4950,0.3067,1.4071,0.3938,1.0660
1.0458,2.3234,1.5216,path,0.7008,7.7400,0.7459,0.3785,0.9749,1.9561,1.5994,1.4712
0.8230,8.7106,0.9468,path,5.2411,7.1800,0.6237,0.1183,0.8144,1.9517,1.3273,1.1069
0.5772,1.8371,0.1356,turn,0.0000,4.1200,0.0000,nan,nan,0.8686,0.2886,1.3240
1.3105,4.5271,1.3989,path,2.5241,6.7200,0.9072,-0.9890,0.8598,1.4632,1.0490,1.5986
0.5255,5.1699,0.0815,straight,1.4619,4.2600,0.0175,0.5255,0.0006,1.6497,0.6146,1.5654
0.6108,6.2261,0.1063,turn,0.0000,5.1200,0.0000,nan,nan,0.6295,0.2128,0.6038
2.7393,10.1450,2.0311,path,2.3402,7.5600,0.9823,-2.6674,0.6238,2.2681,1.2277,1.1827
1.5242,13.0498,1.2741,path,7.3242,4.6400,1.5242,-1.5216,0.0885,2.0391,1.5450,1.2201
0.5647,4.2564,0.1162,combined,0.8431,4.5400,0.1354,0.5554,0.1022,1.3462,0.4457,0.8688
2.2493,11.3683,1.3228,path,5.2511,6.5400,2.0155,-2.2493,0.0075,1.9750,1.3231,1.1674
2.7741,97.7129,0.7263,path,1.8110,6.3200,1.1684,-2.6760,0.7310,1.4775,0.6527,1.2468
0.5317,6.0816,0.1236,lateral,1.2166,5.4400,0.5230,-0.1105,0.5201,0.9611,0.2672,0.8192
1.2776,133.1881,0.2682,path,1.7696,5.4600,0.6313,1.0143,0.7768,1.8469,1.2188,0.4357
0.0318,0.2480,0.0179,stand,0.0000,4.5000,0.0000,nan,nan,0.1467,0.0455,1.2156
0.4131,4.2313,0.1482,turn,0.0000,5.1200,0.0000,nan,nan,0.3827,0.1211,1.5813
0.8318,14.8744,0.0693,path,1.4261,5.3000,0.5533,-0.1499,0.8182,1.1541,0.4937,1.2290
1.8056,110.8174,0.5058,path,2.4363,5.4000,0.3381,-1.8045,0.0618,1.6664,0.5130,0.8945
0.5154,5.1945,0.0943,combined,1.5178,7.4000,0.5134,-0.1261,0.4997,0.8898,0.2484,1.4597
1.2018,0.7447,1.5860,path,4.9536,7.3800,0.3695,-0.5835,1.0507,1.7264,1.1685,0.5179
2.5585,34.5560,1.4915,path,5.9199,7.6800,2.4064,-2.1162,1.4379,1.9491,1.5234,1.5300
2.3048,1.7363,1.2608,path,2.7329,7.2600,1.2564,-2.2934,0.2285,2.0134,0.5932,0.6959
0.0345,0.6933,0.0488,stand,0.0000,6.3000,0.0000,nan,nan,0.1400,0.0439,0.6758
0.5692,5.0443,0.0829,combined,0.9046,5.5800,0.5671,0.0649,0.5655,0.8054,0.2636,0.7135
0.4882,4.1450,0.0475,lateral,0.9737,4.6600,0.4859,0.0426,0.4864,0.7432,0.2844,1.5192
1.4866,60.3666,0.8219,path,1.9267,4.7400,1.2584,-0.7793,1.2659,1.7253,1.0385,0.4275
0.8585,90.6200,0.7839,path,1.4634,7.6200,0.6642,-0.7899,0.3361,1.1717,0.6809,0.4515
1.4240,11.2038,1.4019,path,2.8833,6.9200,0.8712,-0.9735,1.0392,1.8754,1.0923,0.4957
0.5476,2.3337,0.1305,straight,1.6066,6.9400,0.5274,-0.5451,0.0520,0.9314,0.2172,0.9249
2.0118,12.1139,0.5547,path,3.1411,5.7600,0.8272,1.3628,1.4799,2.1751,1.0787,0.9978
0.5647,1.6686,0.0077,combined,1.5872,5.8800,0.5561,0.1297,0.5496,1.2037,0.3767,0.7841
0.4507,4.9444,0.1744,straight,1.1705,4.0000,0.0155,0.4507,0.0055,1.5103,0.5243,1.5996
0.5905,4.5996,0.0167,combined,1.1516,4.0200,0.5832,-0.4912,0.3278,0.5768,0.1932,0.9593
0.6997,35.7390,0.7068,path,0.8909,4.0200,0.6298,-0.5083,0.4808,0.9590,0.5474,1.1316
1.0156,4.5792,0.9449,path,2.5595,4.0400,0.5862,1.0151,0.0310,1.8256,1.0610,1.3942
0.5464,1.0470,0.2230,combined,2.0484,4.1000,0.5464,0.1713,0.5188,1.3114,0.5721,1.2373
2.0651,1.8809,1.3048,path,6.6823,4.1000,1.8412,-1.8054,1.0027,1.9487,1.4569,1.0647
0.5198,3.6274,0.0596,turn,0.0000,6.0800,0.0000,nan,nan,0.7769,0.1764,1.5349
1.1915,9.4967,1.0713,path,0.6789,4.1200,0.8807,-0.0307,1.1911,1.5721,1.0503,0.8532
1.8997,95.6764,0.1417,path,1.9992,5.9200,0.6291,1.8914,0.1777,2.0170,1.0362,0.7332
3.3625,119.2175,0.5746,path,2.5710,4.1400,1.1489,-1.0402,3.1975,2.1807,1.1927,0.4082
0.5120,4.6139,0.0350,lateral,0.6937,4.1600,0.5120,-0.0622,0.5082,0.8179,0.2948,1.1179
1.8942,6.0400,1.3840,path,6.7081,4.1600,1.4945,-1.8941,0.0192,1.6834,1.2257,1.0472
0.5386,2.4301,0.1274,combined,1.2644,5.9200,0.5208,0.0712,0.5339,0.7860,0.2822,1.5912
1.0084,1.8964,1.4421,path,3.3585,7.4600,0.6741,-0.2503,0.9768,1.8405,1.4582,1.4922
1.2554,4.3890,1.4804,path,6.3963,4.2200,0.8708,-1.2040,0.3554,1.8592,1.4841,0.8813
0.5303,6.5342,0.0962,straight,0.6428,4.2200,0.5249,-0.5300,0.0181,0.2435,0.0899,0.7029
0.6166,2.4660,0.0857,lateral,1.3949,5.5200,0.5964,-0.0979,0.6087,0.8261,0.2825,0.5392
0.0539,0.8267,0.0227,stand,0.0000,4.2200,0.0000,nan,nan,0.2332,0.0368,0.6205
3.7902,132.3020,1.2483,path,1.7742,4.2400,1.5427,-3.7899,0.0448,1.2671,0.7528,0.6558
2.2289,11.9866,0.9027,path,2.2045,4.2600,2.0092,-0.6428,2.1341,1.8131,1.0667,1.3125
0.9499,12.7165,0.5252,path,2.8224,4.2800,0.7893,0.0711,0.9472,1.7405,0.9760,0.9049
0.5705,5.9104,0.1470,straight,1.7572,4.2800,0.0526,0.5695,0.0336,1.6995,0.6832,1.1370
1.6795,1.4560,1.4918,path,6.2246,4.3000,1.3542,-1.6775,0.0833,1.6357,1.2118,0.5016
1.7335,4.8648,1.5896,path,7.2998,4.3000,1.2744,-1.5518,0.7728,2.0568,1.7406,1.1697
0.0235,0.1751,0.0202,stand,0.0000,4.0800,0.0000,nan,nan,0.1274,0.0348,0.6022
0.5313,3.1018,0.0802,straight,1.8706,4.3600,0.0738,0.5313,0.0075,1.6379,0.6850,0.6746
1.2379,24.4068,0.6523,path,1.6885,4.4000,0.9076,-1.0782,0.6081,1.1010,0.5552,1.3358
0.5530,6.5347,0.1623,turn,0.0000,4.8600,0.0000,nan,nan,0.5593,0.2010,0.4858
0.5186,4.2422,0.0504,combined,1.7605,4.4200,0.5180,0.2641,0.4462,1.3447,0.5868,1.0169
2.1869,12.5248,0.9285,path,4.3234,5.0200,2.0786,-2.0823,0.6683,1.7874,1.0458,1.3570
0.5111,4.8387,0.1170,straight,0.6362,4.4400,0.5076,-0.5098,0.0359,0.4021,0.1221,1.1760
0.5412,3.2507,0.0957,straight,1.2967,4.4800,0.5329,-0.5387,0.0515,0.7698,0.2127,0.0000
0.5815,0.7058,0.0989,combined,0.3080,4.5000,0.0852,0.5646,0.1394,0.6008,0.2859,1.5212
1.9426,18.1401,1.0268,path,2.7933,4.5200,1.2698,-1.9292,0.2276,1.4004,1.0205,0.9402
0.9238,1.7774,1.4304,path,5.6930,4.5400,0.7222,-0.8276,0.4106,1.6805,1.3585,1.1454
0.5355,0.2383,0.1079,straight,1.1266,4.5800,0.5215,-0.5354,0.0081,0.5944,0.1850,0.6455
0.6477,2.7944,0.1056,combined,1.5847,4.6000,0.6477,0.1360,0.6332,1.2116,0.4830,1.2505
0.0788,2.1506,0.0121,stand,0.0000,4.6400,0.0000,nan,nan,0.4150,0.0435,0.4670
0.5038,5.8083,0.1523,combined,1.5959,4.6400,0.5038,-0.4892,0.1204,1.0357,0.2915,0.4468
1.7060,13.6166,0.9449,path,1.6432,4.6800,0.9468,-1.6283,0.5091,1.1741,0.6072,1.5150
0.5297,5.0210,0.1098,combined,1.2469,4.7000,0.5215,-0.5297,0.0071,0.7081,0.2521,0.8364
1.5644,10.1672,0.4973,path,2.4514,4.7200,0.7787,-0.2324,1.5470,1.7303,0.9965,1.1606
0.6439,3.0643,0.1279,lateral,1.4892,4.7200,0.6439,-0.1108,0.6342,0.7924,0.3679,0.7126
0.5683,6.3173,0.0662,combined,1.5460,4.7400,0.2351,0.5395,0.1787,1.5718,0.6099,1.1901
1.5810,11.5516,1.8682,path,2.5825,4.7400,1.3477,-1.3807,0.7700,1.9919,1.2314,0.8241
1.9768,27.0121,1.5012,path,6.9936,4.7600,1.1582,-1.9083,0.5159,2.0331,1.2647,0.8883
0.9066,21.3832,1.0798,path,3.8995,4.8000,0.4936,-0.2717,0.8649,1.9175,1.1841,1.2371
0.5183,4.8416,0.1516,straight,1.8411,4.8000,0.5043,-0.5165,0.0433,0.9764,0.3187,0.8115
0.4790,3.4732,0.0823,lateral,0.7211,4.8000,0.4765,-0.0254,0.4783,0.6511,0.2381,1.5760
0.6132,0.0897,0.0133,combined,1.2995,4.8200,0.6122,0.4224,0.4445,1.3570,0.4793,0.5032
0.5639,3.8211,0.0255,straight,1.5545,4.8200,0.5639,-0.5639,0.0064,0.8696,0.2532,1.4056
0.5373,3.0082,0.0375,lateral,1.3805,7.8200,0.5250,0.0569,0.5343,0.8869,0.2427,0.6594
1.1798,3.8106,1.1782,path,3.7390,4.3800,0.6708,-0.9954,0.6332,1.4846,1.1054,0.8570
1.1989,8.4812,1.0640,path,2.2033,4.8600,0.8147,-1.1603,0.3017,1.4465,0.9441,0.8843
0.8083,8.4405,0.6275,path,1.1481,4.8800,0.6071,-0.7475,0.3076,0.9589,0.4290,0.4756
1.5006,34.6107,0.6782,path,1.4625,4.9000,1.4001,-0.8565,1.2322,1.5371,0.8361,1.0563
1.8396,57.3804,1.0137,path,1.6491,4.9000,1.0812,-1.3500,1.2496,1.1980,0.5225,1.0011
0.5336,4.2906,0.1366,lateral,0.6258,4.5200,0.4824,-0.0212,0.5332,0.8094,0.2719,0.5087
0.4380,1.4626,0.0676,turn,0.0000,4.9400,0.0000,nan,nan,0.7218,0.1353,1.4168
0.5547,1.8111,0.1156,combined,1.7365,4.9000,0.5541,0.1104,0.5436,1.0949,0.4204,0.7691
0.4609,0.7956,0.0175,lateral,0.4126,6.8800,0.2824,0.0129,0.4607,0.5203,0.1641,0.8405
2.8589,25.4796,1.9325,path,3.8761,4.9800,1.4846,2.7939,0.6060,2.2512,1.6531,0.8165
0.5803,5.5579,0.1183,turn,0.0000,5.0000,0.0000,nan,nan,0.9184,0.2830,0.4513
0.6245,2.7607,0.0964,combined,0.9106,5.0000,0.5948,-0.1715,0.6005,0.9683,0.2806,1.4960
2.5251,129.3768,0.2520,path,2.1936,6.9600,1.2829,2.3974,0.7929,1.6310,1.0382,0.3223
0.4991,7.1519,0.1366,combined,1.0140,4.9400,0.2039,0.4775,0.1451,1.4955,0.4580,1.0014
0.5311,5.5737,0.1006,turn,0.0000,4.9400,0.0000,nan,nan,0.4882,0.1743,0.6967
1.1865,5.0885,1.0427,path,2.6133,5.7800,0.8628,-1.1101,0.4191,1.4530,0.9355,1.5055
0.5246,6.8223,0.0759,straight,0.6899,5.1200,0.5239,-0.5228,0.0439,0.3223,0.1104,0.5763
0.5709,3.2804,0.0786,turn,0.0000,6.2400,0.0000,nan,nan,0.7011,0.2050,0.7069
0.5603,3.2068,0.0888,lateral,0.0813,5.2200,0.0811,-0.0463,0.5584,0.6438,0.2035,0.8802
0.5665,5.3737,0.0453,turn,0.0000,5.0800,0.0000,nan,nan,0.7282,0.2030,1.5955
0.5415,5.2772,0.1335,straight,0.6818,5.2600,0.5208,-0.5414,0.0116,0.3458,0.0967,1.5132
4.0559,54.4630,0.2343,path,1.3651,5.2800,1.1169,0.6165,4.0087,2.1916,0.8781,0.9371
1.3511,7.2622,0.3915,path,1.5249,4.8400,1.1730,-1.3486,0.0824,1.0470,0.5718,0.7888
0.0235,3.2498,0.0495,stand,0.0000,5.9800,0.0000,nan,nan,0.1646,0.0340,0.7371
0.0265,2.2665,0.0473,stand,0.0000,7.4600,0.0000,nan,nan,0.1658,0.0308,1.1805
0.5772,2.1428,0.0683,straight,0.0708,5.3800,0.0428,-0.5772,0.0055,0.5011,0.1721,1.4472
0.5798,0.2411,0.0854,combined,1.3488,7.9200,0.2563,0.5520,0.1774,1.5884,0.3476,0.5413
1.4993,106.4449,0.8598,path,2.1276,5.4400,1.0310,-1.4511,0.3770,1.1143,0.6078,0.8367
2.0708,17.9844,1.0153,path,2.9173,5.4400,1.0508,-0.3190,2.0461,2.1659,1.4014,1.2818
0.5655,3.3122,0.1150,lateral,0.7743,5.4600,0.5493,-0.0015,0.5655,0.6413,0.2073,1.0804
0.4664,4.9032,0.1980,straight,0.7586,4.8800,0.4547,-0.4595,0.0801,0.4375,0.1442,0.5508
1.4951,7.0898,1.1238,path,3.1143,5.4600,1.1624,-1.4616,0.3147,1.4888,0.9706,0.7236
0.4933,7.5992,0.1425,lateral,0.9133,5.4800,0.4899,-0.1151,0.4797,0.7286,0.2286,0.3460
0.5178,1.4964,0.1481,combined,2.3543,5.5400,0.5178,-0.4305,0.2878,1.2118,0.4237,1.3685
1.3206,3.5135,0.7584,path,1.7633,5.5000,1.0425,-1.2309,0.4784,1.0920,0.5712,1.1489
0.5305,2.4530,0.1111,lateral,0.3002,6.1400,0.2784,-0.0199,0.5301,0.8104,0.2227,0.4791
1.9616,39.5574,1.1935,path,0.5432,6.1200,1.9242,-0.6378,1.8551,2.0072,1.0905,1.1875
0.5318,6.2733,0.2269,combined,1.5927,6.0000,0.5273,-0.1579,0.5078,0.9361,0.2957,1.0784
0.5716,7.7831,0.1751,combined,1.7281,5.6000,0.5667,-0.1166,0.5596,1.0223,0.3319,0.7640
2.4358,2.1636,1.3737,path,6.3072,5.6000,1.9263,-1.7319,1.7128,1.8944,1.3412,0.7482
0.7397,2.2349,0.7651,path,5.8686,4.8200,0.5655,-0.6230,0.3988,1.6669,1.1141,0.8718
0.5571,2.6636,0.1514,turn,0.0000,5.7000,0.0000,nan,nan,0.7394,0.2226,0.4931
0.5641,2.7336,0.0537,lateral,0.5910,5.7000,0.5332,-0.0269,0.5634,0.6411,0.1776,1.0724
3.0439,34.3649,1.6656,path,0.1321,5.7400,0.4669,-0.2814,3.0309,1.9634,0.8514,0.8625
1.0481,2.5547,1.7134,path,3.0060,5.8400,0.8844,0.2257,1.0235,2.0082,1.3026,0.9794
0.6187,2.7294,0.0052,lateral,0.6209,5.5200,0.5510,0.0169,0.6185,0.6829,0.2351,0.6907
0.5213,3.1864,0.1066,combined,1.2516,5.8600,0.5213,-0.1069,0.5102,0.8664,0.2686,0.6564
0.5640,3.4139,0.0509,combined,1.6045,5.8600,0.5541,0.0231,0.5636,1.0731,0.3376,0.9739
1.5654,102.5389,0.1098,path,0.5008,5.8600,0.7972,-1.5649,0.0358,1.2415,0.5277,0.8941
0.5064,8.2562,0.0676,combined,2.1129,5.8600,0.5038,-0.3373,0.3777,0.9235,0.3371,0.4796
0.4919,3.1869,0.0107,combined,1.1488,5.8800,0.4876,0.1957,0.4513,1.2477,0.3806,1.4568
2.7586,45.1995,1.1906,path,7.2021,4.4000,0.4736,-2.6440,0.7870,1.8344,1.2959,1.0940
3.9540,115.1665,1.5962,path,4.9227,6.9200,0.0236,-3.2863,2.1987,2.0992,1.2977,0.8504
0.0432,0.4328,0.0339,stand,0.0000,5.8800,0.0000,nan,nan,0.1330,0.0332,0.4647
1.1028,4.0101,0.5028,path,1.5189,5.8800,0.9239,-0.9411,0.5748,1.5749,0.6506,1.0721
2.4333,0.6953,1.1795,path,7.5349,5.8800,1.9872,-2.0091,1.3728,1.7240,1.2936,1.0275
0.8933,0.3640,0.6393,path,1.3155,6.3400,0.7268,-0.8789,0.1597,0.9385,0.4704,0.3658
0.4401,4.4698,0.0854,straight,0.1253,6.4600,0.1253,-0.4322,0.0830,0.3800,0.1186,0.7849
0.5593,8.3523,0.0601,combined,1.5577,6.3000,0.5486,-0.0188,0.5590,0.9195,0.3065,0.4893
1.0261,6.9043,1.0167,path,3.8066,6.0000,0.7082,-1.0229,0.0816,1.7423,0.8030,1.3244
0.9117,5.1166,1.4921,path,3.4365,6.0200,0.5335,-0.1694,0.8959,1.7653,1.2149,0.3104
2.2950,16.0714,1.5626,path,4.9805,6.0200,1.6046,-2.0859,0.9572,1.8338,1.3167,1.3609
0.5183,3.7511,0.0890,lateral,0.7298,6.0400,0.5121,-0.0803,0.5121,0.6683,0.1970,1.2367
0.9732,13.6249,0.5017,path,1.6184,4.7200,0.5476,-0.9447,0.2338,1.4666,0.5062,1.3638
1.5219,14.1605,0.8418,path,2.1709,5.4800,0.7751,-1.3321,0.7360,1.0307,0.7348,0.7174
0.4519,2.5930,0.1651,turn,0.0000,6.0800,0.0000,nan,nan,0.6498,0.1417,0.5599
0.6020,1.0208,0.0450,straight,1.2757,6.1400,0.0353,0.6017,0.0200,1.5791,0.4410,1.2150
1.7436,20.4793,1.4972,path,4.4838,6.1600,1.3209,-1.5962,0.7018,2.0561,1.3516,0.9095
0.6400,2.9919,0.1439,straight,0.1825,6.6600,0.0023,0.6400,0.0028,1.0740,0.2342,1.4084
0.9069,1.7337,1.3679,path,6.6730,6.1600,0.4517,-0.8102,0.4076,1.5721,1.2175,1.1661
1.5555,7.4350,1.2497,path,2.9708,6.2000,0.9943,1.5549,0.0445,1.9025,1.1456,0.8406
0.5469,1.4145,0.0594,combined,1.8589,7.4600,0.5326,-0.4499,0.3110,0.8781,0.2317,0.4824
1.2553,3.3581,0.3399,path,4.2130,6.3000,0.5557,-1.2491,0.1239,1.9137,0.8427,1.0449
0.6287,1.2403,0.0353,lateral,0.3143,6.3000,0.3143,0.0249,0.6282,0.5655,0.2071,1.2275
0.5198,3.6431,0.1254,combined,1.5872,6.3200,0.5190,-0.5198,0.0065,0.6886,0.2062,1.4073
0.7594,1.5741,1.2192,path,2.8770,6.3600,0.7594,0.4130,0.6372,1.8913,1.1331,0.3391
2.1418,8.3851,0.6946,path,3.3096,6.3600,0.6588,0.0975,2.1396,1.6907,0.9707,0.8948
2.0400,50.6092,0.6211,path,0.0635,6.3800,2.0185,-0.2392,2.0259,1.3086,0.7801,1.5896
0.4350,3.5248,0.1023,lateral,1.1144,4.9400,0.4326,-0.1341,0.4138,0.6662,0.2455,1.3638
1.5839,2.3965,1.0160,path,4.3920,5.3200,0.7182,-1.4810,0.5615,1.2810,0.7650,0.5059
0.5793,2.7563,0.1385,combined,1.9943,6.4600,0.5766,0.5461,0.1933,1.9696,0.5559,0.8998
0.5219,5.1899,0.1193,straight,0.5142,6.5000,0.5063,-0.5174,0.0684,0.6488,0.1190,0.3514
0.5617,2.2358,0.1831,straight,0.2092,6.5200,0.0336,0.5615,0.0165,0.4585,0.1921,1.3970
0.4655,1.4191,0.1280,combined,1.1773,6.5000,0.3706,0.4399,0.1522,1.4450,0.3660,0.9704
0.5692,3.2217,0.1023,combined,1.0877,7.6000,0.4081,0.3538,0.4459,1.2811,0.3234,0.4020
1.0284,3.0728,0.3856,path,5.1131,6.8000,0.4887,-1.0284,0.0028,1.9867,0.9094,1.2620
0.5890,4.1731,0.1348,combined,1.0186,7.0800,0.5636,-0.5777,0.1153,0.4696,0.1186,0.8652
0.6638,6.1597,0.0798,straight,0.3551,6.6200,0.3551,-0.6624,0.0430,0.5456,0.1301,0.4934
0.4243,5.6232,0.0647,turn,0.0000,6.6200,0.0000,nan,nan,0.8428,0.1209,1.0650
0.5138,4.6914,0.0338,straight,1.9679,6.0400,0.5086,-0.5136,0.0115,1.1170,0.2921,0.9823
0.5371,5.0015,0.0684,turn,0.0000,5.5200,0.0000,nan,nan,0.7232,0.2064,1.3744
1.2975,150.9688,1.7532,path,5.6936,4.1600,0.8755,0.7012,1.0917,2.1263,1.6664,0.8815
3.0610,25.2913,2.1755,path,1.8837,6.6400,1.3871,-2.3480,1.9638,2.1924,1.6133,1.0343
1.0773,7.4784,1.0250,path,1.3320,6.6600,0.8469,-0.6637,0.8485,1.7908,1.0138,0.7502
0.5038,2.8390,0.0839,turn,0.0000,6.6600,0.0000,nan,nan,0.6124,0.1622,1.1303
4.3726,1.3581,1.0956,path,2.5584,4.1800,0.1311,-2.7948,3.3628,2.1599,0.9878,1.2029
0.4740,4.0606,0.1245,combined,2.0569,6.6800,0.1925,0.2011,0.4292,1.3810,0.5120,0.5383
0.5973,2.9097,0.0782,turn,0.0000,5.0000,0.0000,nan,nan,0.5988,0.1913,0.5994
1.6704,9.2056,0.4736,path,3.4493,5.1000,1.0936,-1.6418,0.3081,1.6532,0.8132,1.3438
0.5412,5.4814,0.1218,lateral,1.1946,6.7400,0.5384,0.0082,0.5411,0.7194,0.2312,1.1115
1.4624,38.9817,0.3252,path,0.5813,6.7800,1.2537,-0.9561,1.1066,1.5683,0.4189,1.5907
0.4472,6.2158,0.0817,straight,1.8133,6.8000,0.1089,0.4445,0.0488,1.6139,0.4650,0.6698
1.5571,64.6301,0.6112,path,2.8885,6.8000,0.7185,-1.5458,0.1872,1.3957,0.6555,0.8444
2.3615,23.1755,1.4827,path,5.5101,6.8200,0.0993,-1.3415,1.9434,1.8077,0.9890,0.8151
1.4846,29.7640,0.3724,path,1.3375,6.9800,0.0932,-1.0265,1.0725,0.9341,0.5175,1.2239
0.5068,4.1094,0.0358,lateral,0.2480,6.8400,0.2133,-0.0050,0.5068,0.7167,0.1681,0.0000
0.0470,4.6021,0.0223,stand,0.0000,6.8800,0.0000,nan,nan,0.3172,0.0388,1.1314
0.5444,2.7457,0.1027,straight,0.6536,7.7200,0.5321,-0.5408,0.0626,0.2246,0.0838,1.5748
1.8619,12.1146,1.0323,path,2.9589,4.2000,1.4436,-0.6849,1.7313,1.9313,1.2992,0.7891
0.5261,3.1867,0.1168,combined,1.3959,7.0600,0.5218,-0.1462,0.5054,0.6226,0.2153,1.0019
0.5725,5.2927,0.0492,lateral,1.1441,7.1000,0.5708,-0.0649,0.5689,0.7444,0.2209,1.3586
0.5519,6.8731,0.0385,straight,0.3223,7.1200,0.3222,-0.5501,0.0444,0.4041,0.1189,1.4592
3.0627,21.7768,1.1368,path,2.5083,7.1200,0.8294,2.3965,1.9071,1.9654,1.2710,1.4236
0.5480,2.1888,0.1239,combined,1.9783,7.1400,0.5373,-0.1556,0.5255,0.8302,0.2941,0.4777
0.5815,5.4356,0.0417,lateral,0.4359,7.2000,0.4020,-0.0534,0.5790,0.5855,0.1814,0.7989
0.5353,7.7701,0.0609,combined,0.5940,4.2000,0.0235,0.5145,0.1477,1.4017,0.4031,1.4597
1.6559,13.1383,1.1528,path,1.6270,7.2600,0.8868,-1.4600,0.7811,1.4869,0.8081,0.8180
0.5548,0.8777,0.0159,combined,0.9572,7.2600,0.5472,-0.2728,0.4831,0.7631,0.1848,1.0955
1.5147,6.0316,0.6368,path,1.0569,7.2600,0.8863,-1.1502,0.9857,1.2169,0.6154,1.5723
1.4526,13.6784,1.1675,path,0.0840,7.2600,0.9139,-0.5757,1.3337,1.8021,1.1833,1.0263
2.7222,69.3391,0.7635,path,3.1377,7.2600,1.5400,-1.7721,2.0664,2.0466,1.2610,1.2468
2.2894,174.7813,1.1721,path,0.7286,7.2800,0.6153,-2.2267,0.5324,1.8185,0.8366,0.6246
1.7151,88.9803,0.5010,path,1.3196,7.8000,0.7222,-1.5640,0.7038,1.0623,0.4843,1.3952
0.5266,5.1585,0.0608,combined,1.1736,6.6200,0.5266,-0.0676,0.5223,0.7873,0.2400,1.1633
0.5387,4.9205,0.0996,straight,0.7795,7.3400,0.0690,0.5387,0.0018,1.3744,0.2706,0.6742
1.4554,10.1290,0.7917,path,2.0494,4.2000,0.8060,-1.3946,0.4164,1.5860,0.8100,1.2966
0.8472,12.2242,0.6863,path,1.5691,7.3600,0.6273,-0.8167,0.2255,1.4242,0.7519,0.4762
2.4735,0.9579,1.6099,path,0.4286,7.3800,1.9687,0.8015,2.3401,2.1837,1.6315,0.3752
0.5388,4.4193,0.0308,turn,0.0000,7.4000,0.0000,nan,nan,0.5946,0.1489,0.9730
0.4802,4.1133,0.0778,lateral,0.5313,4.0800,0.4541,0.0067,0.4802,0.7200,0.2525,1.5192
0.5029,1.7466,0.1476,straight,0.4420,7.4000,0.4420,-0.5026,0.0182,0.2645,0.0823,1.4480
0.4613,1.4953,0.1514,lateral,1.4220,7.4400,0.4531,0.0010,0.4613,0.9714,0.2587,1.0022
0.6146,4.3095,0.0273,straight,0.9603,6.8000,0.0383,0.6113,0.0632,1.4947,0.3664,1.3100
0.5845,2.8960,0.1234,combined,0.4979,7.5200,0.4686,-0.0555,0.5818,0.5910,0.1712,1.4417
2.2560,4.8443,1.5270,path,1.0048,7.6000,1.9364,-1.1349,1.9498,2.0371,1.4071,0.6944
0.5518,4.2312,0.0214,straight,1.3979,6.4600,0.5269,-0.5516,0.0147,0.7964,0.2055,0.5018
0.5713,1.2306,0.1166,turn,0.0000,7.6600,0.0000,nan,nan,0.7396,0.1733,1.1246
0.5491,5.0633,0.1716,turn,0.0000,7.8400,0.0000,nan,nan,0.6674,0.1478,1.3869
1.3824,8.9582,1.5623,path,5.7660,4.8600,1.0538,-1.3721,0.1688,1.8151,1.2432,1.5238
0.0085,0.9109,0.0516,stand,0.0000,7.7600,0.0000,nan,nan,0.2123,0.0314,1.3612
2.5294,21.0650,1.0575,path,3.6939,7.6400,2.2965,-1.9608,1.5978,1.9494,1.1266,1.4482
1.5364,105.4715,0.0995,path,0.9901,7.7800,0.9574,-1.1241,1.0473,1.1171,0.4677,1.2562
3.2127,26.1941,1.3055,path,2.2364,4.5800,1.0891,-0.7479,3.1245,1.9957,1.1988,1.2875
0.8916,0.2109,1.3046,path,1.5269,5.1000,0.7443,0.8278,0.3312,1.8631,1.3115,0.6310
0.0289,2.2492,0.0117,stand,0.0000,7.8600,0.0000,nan,nan,0.4874,0.1023,1.1950
0.5408,6.5721,0.0482,combined,0.9853,7.8800,0.5196,-0.5312,0.1010,0.8306,0.1600,1.5835
0.5705,6.6449,0.0430,combined,0.8593,5.3600,0.5698,-0.0306,0.5696,0.9911,0.2941,1.3240
0.5172,4.4719,0.0551,combined,0.3908,7.9000,0.3908,-0.2577,0.4485,0.5290,0.1546,0.5614
0.4720,3.3278,0.2131,combined,1.8949,6.1800,0.4720,-0.1045,0.4603,0.9663,0.3740,1.2343
0.5617,4.2187,0.0532,turn,0.0000,7.9800,0.0000,nan,nan,1.1331,0.1911,0.6125
1.2974,2.2509,1.4724,path,5.4586,6.9600,0.8559,-0.7245,1.0763,1.7422,1.3373,0.5349
0.4491,4.2189,0.0683,lateral,0.7240,6.3800,0.4489,-0.0468,0.4466,0.5819,0.1849,0.4450
0.5578,5.1187,0.0530,combined,1.4261,6.3000,0.5522,-0.2346,0.5061,0.8669,0.2332,0.4653
0.0145,0.9458,0.0137,stand,0.0000,4.9800,0.0000,nan,nan,0.0928,0.0312,0.6758
1.1226,5.1086,1.0593,path,0.5548,4.7000,0.9397,-0.5343,0.9872,1.5150,0.9677,1.2149
2.5251,7.4789,1.4109,path,3.2337,5.5200,2.3419,-1.9027,1.6601,2.1443,1.4540,0.9127
1.1260,5.0483,0.8835,path,6.9136,4.0800,1.1260,-1.1236,0.0739,2.3847,1.6412,1.5689
0.8962,76.2733,0.7963,path,3.7384,7.0600,0.4474,0.6887,0.5735,1.6421,1.1831,1.5016
1.2210,1.5037,1.1134,path,3.2313,6.9400,0.6328,-1.2097,0.1661,1.3553,1.0726,0.7497
0.5873,2.1793,0.0340,straight,0.0280,4.6600,0.0017,0.5873,0.0038,0.3872,0.1828,0.7841
0.5737,0.6259,0.1272,combined,1.8201,7.7400,0.5624,-0.5110,0.2608,0.9601,0.2332,1.0613
1.0743,0.6571,1.5771,path,3.6783,5.1800,0.6379,-0.2757,1.0383,1.7345,1.2750,0.5138
1.5225,0.7283,1.6944,path,0.7076,6.3400,1.3116,-1.5013,0.2536,1.9163,1.0808,1.3857
0.4576,3.3000,0.1894,straight,1.3462,4.3600,0.4576,-0.4560,0.0377,0.7487,0.2663,0.6205
1.2236,39.8294,0.6077,path,0.1355,7.9400,0.8780,-0.1718,1.2115,1.8549,1.1995,1.4274
1.1906,102.7135,0.3801,path,1.6299,5.3400,0.2472,-0.7676,0.9101,0.7205,0.3445,1.2402
0.4956,5.6268,0.1397,straight,1.2799,4.5800,0.0101,0.4879,0.0870,1.4726,0.5269,1.2373
0.5394,4.3815,0.0444,turn,0.0000,7.4000,0.0000,nan,nan,0.4614,0.1417,1.1509
2.4783,2.2357,1.0356,path,4.0283,6.3600,1.4009,-2.0543,1.3864,1.4674,0.9227,0.3374
2.1220,85.7040,1.5467,path,5.9541,4.6800,1.8009,-1.4395,1.5591,1.9259,1.5487,1.5409
0.0294,1.6268,0.0129,stand,0.0000,7.4200,0.0000,nan,nan,0.1050,0.0286,0.6226
1.6437,17.1570,1.2799,path,3.1843,5.7200,0.9934,-1.6228,0.2614,1.6879,1.0446,1.0410
1.2690,2.1828,1.2838,path,7.4187,4.9800,1.2277,-1.0375,0.7307,2.1230,1.4713,1.2707
1.1201,9.1034,0.8377,path,1.3579,7.6200,0.5470,-0.8062,0.7776,1.6796,0.7698,0.4280
0.5674,3.6739,0.0953,turn,0.0000,6.2400,0.0000,nan,nan,0.7855,0.1837,1.2156
2.0925,34.1149,0.8848,path,1.2873,4.2800,0.7036,-0.8449,1.9143,2.1024,0.8876,0.5597
1.7682,4.8188,1.4134,path,6.4327,4.7800,1.6128,-1.6899,0.5204,1.7696,1.4278,1.2219
0.5245,7.1908,0.1010,straight,0.4879,4.2600,0.4879,-0.5210,0.0602,0.2381,0.0864,0.6594
2.8461,17.5116,0.9900,path,4.1293,7.1600,1.9716,-2.7979,0.5216,1.6645,1.1195,0.3506
0.4992,7.0900,0.0268,turn,0.0000,4.5400,0.0000,nan,nan,0.5303,0.1804,0.4468
2.5506,61.6509,1.9333,path,7.4791,5.1200,1.6159,-2.2540,1.1937,2.3034,1.5399,0.5915
0.4823,2.4276,1.4477,path,2.3636,6.7000,0.2551,0.4211,0.2351,1.8738,1.2821,0.9225
0.5832,4.2238,0.1016,turn,0.0000,4.0600,0.0000,nan,nan,0.3789,0.1761,1.5955
0.5757,0.7249,0.0501,combined,1.6470,7.0200,0.5512,0.2188,0.5325,1.2606,0.3980,0.6321
1.3943,6.4403,1.3370,path,0.8849,7.5800,1.2156,-0.7036,1.2038,2.0518,1.5149,1.4326
2.5882,7.1507,1.0483,path,3.3962,6.1600,1.2553,-2.5246,0.5703,1.8449,0.9292,1.4789
0.5274,3.7144,0.0442,straight,1.9031,7.8600,0.0231,0.5274,0.0018,1.8103,0.4418,1.5854
0.5651,4.6183,0.0823,lateral,1.2960,4.0000,0.5651,-0.1341,0.5490,0.7332,0.3506,1.0804
2.2679,13.0838,1.5268,path,6.7523,4.5800,2.1083,-2.1110,0.8288,1.9544,1.4741,1.4565
0.6397,2.9667,0.2256,combined,2.1856,4.9000,0.6397,-0.0488,0.6379,1.4918,0.4748,1.2505
1.7555,18.6764,0.9571,path,1.2566,5.4400,1.0030,-1.7537,0.0803,1.4436,0.7469,0.3203
0.6619,78.1979,0.2597,path,0.9763,4.8200,0.6009,-0.5461,0.3740,1.3055,0.5459,0.6930
2.2604,10.2611,1.6816,path,5.9285,5.9600,0.6718,-1.6316,1.5644,1.9468,1.1818,1.3360
1.0060,0.7328,1.8155,path,4.6558,5.5600,0.0881,-0.9873,0.1931,1.8936,1.3131,1.5829
0.5377,6.5893,0.1612,lateral,0.3118,4.4000,0.2844,-0.0342,0.5366,0.5822,0.2026,1.5132
0.4231,7.6127,0.0230,turn,0.0000,6.9600,0.0000,nan,nan,0.4832,0.1333,1.5813
1.6848,15.4517,1.7377,path,0.7356,5.6800,0.6648,0.8100,1.4773,1.7305,1.0168,0.8357
0.5689,4.3558,0.0607,turn,0.0000,7.9000,0.0000,nan,nan,0.5904,0.1624,0.6183
0.5229,5.8537,0.1032,combined,0.9407,5.1800,0.5229,0.2510,0.4588,1.3578,0.4296,1.1901
2.7869,48.3787,1.2596,path,4.4474,4.5000,1.5657,-0.9252,2.6289,2.1649,1.2950,0.5797
0.5337,3.9100,0.0055,lateral,0.7212,7.2800,0.5299,0.0632,0.5299,0.8298,0.2063,0.8688
1.2159,10.2502,0.2785,path,3.9923,4.1000,1.2159,-1.2155,0.0342,1.3775,0.7158,0.8171
0.0265,0.7581,0.0171,stand,0.0000,5.3200,0.0000,nan,nan,0.0748,0.0239,0.4670
0.5187,4.8812,0.1422,combined,1.6368,4.0800,0.1638,0.5108,0.0901,1.5010,0.6234,0.4647
0.4549,5.0788,0.0979,straight,1.9791,5.5800,0.4540,-0.4481,0.0781,1.2077,0.3278,1.0169
0.5687,5.1013,0.1254,turn,0.0000,4.3600,0.0000,nan,nan,0.9316,0.2550,0.6659
0.6168,0.0900,0.0824,straight,1.7226,7.5000,0.0341,0.6090,0.0979,1.8100,0.4792,0.3395
2.4376,124.6014,0.8761,path,3.3662,4.5000,1.5701,-2.4228,0.2675,1.8014,0.8703,0.4503
0.5751,3.4034,0.0140,lateral,1.0856,5.2600,0.5631,-0.0101,0.5750,0.7620,0.2794,1.4056
0.5222,6.8016,0.0857,straight,1.3460,5.0800,0.5105,-0.5221,0.0104,0.9163,0.2301,1.0014
1.9356,15.4269,1.3231,path,4.8725,4.4200,1.1337,-1.2394,1.4868,1.7437,1.1055,0.9199
1.7552,6.7866,1.1880,path,2.2361,5.0200,1.4618,-0.2874,1.7315,1.9431,1.2194,0.9460
0.5453,5.5749,0.1586,combined,2.0771,5.4400,0.3229,0.5148,0.1797,1.7085,0.6067,0.8364
1.1169,2.4899,1.8125,path,2.6113,5.0400,0.9049,-0.8551,0.7184,1.9667,1.2395,0.8536
1.1322,4.0326,1.3588,path,1.8875,4.6400,1.1322,-0.1461,1.1227,1.8433,1.0118,1.1981
0.7658,153.1085,0.4537,path,3.4492,5.0400,0.1647,-0.6634,0.3826,1.7130,0.8496,1.2102
1.1395,1.3102,1.0312,path,1.8421,6.0200,0.7346,-0.0631,1.1377,1.5226,1.2315,0.6231
1.9859,24.6230,1.0956,path,2.1356,5.0400,1.4639,-1.2203,1.5667,1.6944,1.0971,0.8102
0.5820,3.3255,0.1284,turn,0.0000,7.7000,0.0000,nan,nan,0.6559,0.1687,0.6038
0.5402,4.1710,0.0405,lateral,1.4830,6.1400,0.5279,-0.0177,0.5399,0.9570,0.2908,1.5912
2.4067,37.0226,1.5583,path,4.3890,5.5800,0.3187,-0.7194,2.2966,1.9321,1.3867,0.8662
0.5933,0.6849,0.0763,straight,0.7876,4.9800,0.0671,0.5933,0.0037,1.1375,0.4061,1.4472
1.5952,49.7879,0.4566,path,1.9271,5.5400,1.0469,-1.5671,0.2982,1.4453,0.7448,0.5291
0.5381,4.1719,0.0782,straight,0.0607,4.8600,0.0593,-0.5358,0.0496,0.7554,0.2360,0.4791
2.2999,4.5146,1.1621,path,6.5675,4.4600,2.2832,-2.2690,0.3757,1.8468,1.2339,1.3901
0.5158,5.1435,0.2163,lateral,1.3016,4.9800,0.5151,0.0569,0.5126,0.7835,0.3101,0.3460
0.5751,1.5805,0.0904,combined,1.3597,4.0000,0.2355,0.5533,0.1567,1.5755,0.6288,0.3514
0.0651,5.1630,0.0299,stand,0.0000,6.4800,0.0000,nan,nan,0.3467,0.0496,1.0587
0.5473,4.7183,0.1310,straight,0.2313,6.1400,0.2313,-0.5461,0.0374,0.4873,0.1264,0.4858
0.5501,2.9027,0.0743,straight,0.4412,4.8600,0.4412,-0.5491,0.0333,0.2465,0.0878,1.0724
2.5754,19.7720,1.9014,path,1.6131,6.2600,1.2413,1.8644,1.7768,2.0652,1.2664,0.5196
1.8263,8.1113,0.7815,path,3.0208,7.4400,0.6907,-1.7055,0.6533,1.0289,0.5755,1.4779
0.9640,27.1896,0.9985,path,4.2743,7.6000,0.7145,-0.5458,0.7946,2.0167,1.2738,0.5298
0.5162,3.5821,0.1039,straight,1.1612,6.3600,0.0178,0.5144,0.0422,1.6269,0.4069,0.7029
1.0629,1.4802,1.6461,path,4.9959,6.2000,0.6812,-0.6198,0.8635,1.9004,1.4718,1.2859
1.1639,1.3431,1.3888,path,4.8755,5.8800,0.7390,-0.7794,0.8645,1.7554,1.2800,1.2598
2.2483,15.0044,1.2671,path,3.6421,7.2200,1.0608,-2.2473,0.0679,1.3726,0.8731,1.1523
0.5498,4.3090,0.0823,straight,1.8929,6.1600,0.0329,0.5484,0.0392,1.8873,0.5567,0.0000
2.2871,12.5805,0.6627,path,2.3558,4.6000,1.3595,-2.1653,0.7362,1.3479,0.8166,1.0060
3.3167,0.0351,0.6299,path,0.0355,5.1000,1.2250,0.0612,3.3161,1.7860,0.8157,0.8516
0.5984,1.5768,0.0947,straight,1.9599,4.2200,0.0542,0.5981,0.0184,2.0030,0.7866,0.8998
0.5389,3.8628,0.0589,turn,0.0000,4.3600,0.0000,nan,nan,0.4652,0.1717,1.4073
0.0193,1.5841,0.0389,stand,0.0000,4.4800,0.0000,nan,nan,0.1340,0.0333,0.4824
1.8190,7.9488,1.1392,path,3.5218,5.2000,1.3143,-1.8076,0.2034,1.4930,0.9331,1.5021
0.0939,0.8921,0.0241,stand,0.0000,5.3600,0.0000,nan,nan,0.3535,0.0803,0.4031
1.4509,5.6773,1.9691,path,2.1899,6.2600,1.2577,-0.7138,1.2632,2.0591,1.2348,1.1599
0.5595,2.0205,0.0451,lateral,0.5552,4.2800,0.4875,-0.0410,0.5580,0.7050,0.2626,1.3970
1.4818,11.5146,1.1501,path,1.5258,4.1800,1.3313,-1.4629,0.2363,2.1755,0.8144,0.4713
0.5874,7.5191,0.0750,straight,0.9747,6.8400,0.5783,-0.5852,0.0509,0.5352,0.1182,0.9593
0.0834,7.7765,0.0317,stand,0.0000,4.5000,0.0000,nan,nan,0.1800,0.0408,0.6451
0.5412,7.7589,0.2377,lateral,1.3181,5.0400,0.5401,-0.1053,0.5308,0.9399,0.3009,0.6564
0.4643,2.5412,0.0561,turn,0.0000,5.9400,0.0000,nan,nan,0.5685,0.1349,0.8405
2.2564,8.2246,1.5068,path,6.6028,4.3400,1.9480,-1.8627,1.2736,2.1089,1.5358,0.5484
0.5481,4.1478,0.1132,lateral,0.9718,4.9600,0.5436,-0.1087,0.5373,0.8500,0.2581,0.4893
0.4943,1.1109,0.0220,turn,0.0000,6.6200,0.0000,nan,nan,0.7727,0.1789,0.6746
0.5673,2.1836,0.0128,straight,1.9941,5.6400,0.5462,-0.5673,0.0031,1.1296,0.3068,0.5413
2.3625,130.3087,0.3755,path,1.9245,6.9000,0.8230,-1.5862,1.7508,1.8574,0.9040,0.6212
0.6368,4.3126,0.1185,combined,1.2068,4.4400,0.4027,0.5680,0.2880,1.6722,0.5681,0.4934
0.5408,3.1743,0.0936,straight,0.0137,5.8800,0.0137,-0.5401,0.0268,0.8852,0.2319,1.2043
0.9316,160.3717,0.7801,path,4.7641,4.8000,0.2275,-0.5482,0.7533,2.0284,1.1868,0.5582
0.6310,0.0844,0.1501,straight,0.0690,4.9600,0.0098,0.6302,0.0310,0.7877,0.2333,0.6907
2.3763,39.4551,0.4916,path,0.4779,4.4000,1.2390,-2.3744,0.0928,2.0523,1.0333,0.7393
0.4430,6.5377,0.2102,turn,0.0000,5.7200,0.0000,nan,nan,0.8396,0.1376,0.3073
0.5707,6.6283,0.0725,combined,1.6857,7.9400,0.0214,0.5706,0.0132,1.7626,0.3952,0.7135
0.0136,0.9606,0.0433,stand,0.0000,4.3600,0.0000,nan,nan,0.0773,0.0353,1.1314
3.8779,129.3499,0.4382,path,2.4093,7.1200,2.0816,-3.8736,0.1808,2.2959,1.5079,1.5622
0.5845,4.9218,0.1177,turn,0.0000,4.6400,0.0000,nan,nan,0.6341,0.2450,0.8652
1.3882,8.1264,1.2314,path,2.0569,4.6600,0.8165,-1.3741,0.1974,1.5536,1.1201,1.4181
0.0246,2.2141,0.0471,stand,0.0000,6.3000,0.0000,nan,nan,0.1989,0.0299,1.4960
0.0110,1.9070,0.0289,stand,0.0000,6.5200,0.0000,nan,nan,0.1688,0.0373,1.5760
0.5203,4.8349,0.1140,straight,0.7873,6.8800,0.0032,0.5203,0.0031,1.5027,0.3105,1.1760
1.8584,1.5224,0.8290,path,2.3170,4.4200,0.6413,-0.9218,1.6137,1.7240,0.9324,1.0690
0.4896,5.8180,0.1009,lateral,0.4221,4.7200,0.3828,0.0547,0.4865,0.7038,0.2152,0.5383
1.2385,2.6554,0.9326,path,1.1862,6.1200,0.6556,-1.2275,0.1648,1.3247,0.8251,0.5013
1.2957,5.0078,1.2913,path,1.1789,6.9000,0.8848,-0.9362,0.8957,2.0720,1.2651,0.7595
0.5615,5.1590,0.0698,lateral,0.1429,4.2800,0.0652,0.0549,0.5588,0.7945,0.2471,0.5173
2.2372,16.6929,1.3122,path,4.6304,4.0000,1.0407,-2.1016,0.7668,1.9544,1.1757,1.5743
0.4948,5.7073,0.1531,combined,1.2056,5.6200,0.4773,-0.1896,0.4571,0.6167,0.2092,1.4568
1.8702,7.6109,0.7803,path,2.7623,5.8200,1.1247,-1.5794,1.0015,1.3779,0.7654,1.0727
0.4745,5.3705,0.0433,straight,0.1895,6.4200,0.0741,0.4717,0.0512,0.9426,0.2259,0.6527
0.5406,4.9811,0.0252,turn,0.0000,4.8800,0.0000,nan,nan,0.8601,0.2400,1.1115
1.3825,65.4308,0.3034,path,0.4437,4.6600,1.0637,-1.2706,0.5450,1.4762,0.6533,0.8734
0.5290,5.5323,0.1055,turn,0.0000,4.5200,0.0000,nan,nan,0.6868,0.2027,0.4777
1.9982,6.5684,1.1544,path,1.2316,7.2200,1.5577,-0.9975,1.7315,1.8248,1.2529,0.7969
0.5912,3.9313,0.1216,combined,1.7173,4.5000,0.5912,0.3804,0.4525,1.7452,0.6257,0.7989
0.5778,1.4157,0.0271,straight,1.8416,6.0200,0.0145,0.5767,0.0357,1.9168,0.5418,0.4931
1.7854,9.0241,1.8247,path,7.5583,5.8800,0.5844,-1.6469,0.6895,2.0799,1.5027,0.5874
1.1366,12.3056,1.0213,path,0.0462,5.7200,0.7167,-0.3617,1.0775,1.6467,1.0853,0.4814
2.0095,21.8335,0.8053,path,1.0462,5.0800,1.7934,-0.7156,1.8778,1.5994,1.0545,0.4563
0.5536,3.6105,0.0094,combined,1.7327,7.1800,0.5115,-0.1876,0.5208,1.0756,0.2534,0.6455
0.5089,5.7590,0.1138,combined,2.0402,7.4400,0.5056,0.2769,0.4270,1.4288,0.3937,0.6022
0.5077,4.6106,0.0331,straight,1.1094,5.1200,0.4997,-0.5077,0.0021,0.5904,0.1675,1.1303
0.5631,5.0518,0.1048,turn,0.0000,4.4600,0.0000,nan,nan,0.4307,0.1742,0.6742
0.5087,4.0395,0.0147,lateral,0.1827,4.9800,0.1827,-0.0346,0.5075,0.4354,0.1641,0.0000
0.5247,2.0398,0.0496,turn,0.0000,5.2000,0.0000,nan,nan,0.5297,0.1797,0.9823
0.5417,4.4333,0.0796,lateral,1.2361,6.3200,0.5299,0.0288,0.5409,0.8425,0.2513,1.0784
0.0039,1.5533,0.0132,stand,0.0000,6.0400,0.0000,nan,nan,0.1132,0.0312,0.4796
0.7937,31.9482,0.4428,path,0.8768,6.0800,0.4600,0.0968,0.7877,1.4519,0.6799,1.0640
0.6044,3.8956,0.0314,turn,0.0000,7.2400,0.0000,nan,nan,0.6549,0.1671,0.7126
0.6335,1.0525,0.0474,lateral,0.7489,5.6800,0.4927,0.0106,0.6334,0.6388,0.2416,1.2275
0.5011,4.8834,0.0976,straight,0.1186,4.5800,0.0065,0.5006,0.0227,1.0279,0.2699,1.4480
2.1050,78.7682,0.5645,path,2.7075,5.6200,1.9628,-1.4581,1.5182,1.4743,0.9015,0.5564
0.0276,3.0675,0.0324,stand,0.0000,7.2200,0.0000,nan,nan,0.1946,0.0351,0.5032
0.0071,0.9552,0.0104,stand,0.0000,6.0000,0.0000,nan,nan,0.1080,0.0328,1.2367
0.5470,3.8167,0.0682,turn,0.0000,7.1400,0.0000,nan,nan,0.4914,0.1495,0.5087
0.5510,7.0092,0.0510,combined,0.9071,7.7600,0.5296,-0.3034,0.4600,0.6152,0.1455,1.1370
0.0357,0.0119,0.0564,stand,0.0000,7.9000,0.0000,nan,nan,0.1223,0.0389,1.1179
3.8929,26.5177,0.7443,path,3.7983,7.8400,1.0628,-3.7929,0.8766,1.8146,0.8828,1.0443
0.5023,1.5099,0.0356,combined,1.2979,7.2800,0.4960,-0.0101,0.5022,0.6589,0.2388,0.8115
0.8404,7.9219,1.4290,path,4.7766,7.2200,0.4378,-0.4291,0.7226,1.9052,1.1940,0.4232
0.6273,9.4293,0.4042,path,2.1084,4.3400,0.5786,-0.4858,0.3968,1.2153,0.4833,1.5976
0.5613,2.9685,0.0316,combined,1.1018,7.6600,0.3733,0.5418,0.1467,1.5957,0.3338,1.5212
2.1385,14.3716,1.3968,path,4.4130,5.9400,1.3678,-1.8931,0.9946,1.5492,1.0605,1.0177
0.5372,4.4106,0.1076,combined,1.7580,4.3200,0.5372,-0.5307,0.0836,0.9721,0.3280,0.5614
1.4431,0.9917,0.8515,path,3.4196,7.5400,0.8299,-1.3950,0.3697,1.1319,0.7906,1.1657
0.5866,2.8362,0.2156,combined,1.2689,4.0800,0.5866,0.2453,0.5329,1.2029,0.5098,0.4653
0.4295,2.3366,0.0106,turn,0.0000,7.3600,0.0000,nan,nan,0.4084,0.1366,1.4168
0.5483,3.8517,0.2405,combined,0.9677,4.0800,0.5483,0.0149,0.5481,0.8754,0.3161,0.6758
0.5259,3.1314,0.1610,straight,1.0346,6.5400,0.5105,-0.5231,0.0542,0.5333,0.1292,1.0866
0.5316,1.7852,0.1447,turn,0.0000,5.4200,0.0000,nan,nan,0.6680,0.1976,1.5748
2.4801,7.8864,0.6759,path,5.1410,4.6000,0.1896,-2.3691,0.7337,1.8587,1.0503,0.6246
0.5138,3.7365,0.0770,combined,0.9722,7.3000,0.5138,-0.2094,0.4692,0.7992,0.1989,0.5763
2.3364,4.8583,1.0508,path,3.9209,5.1600,1.3233,-1.9237,1.3259,1.5735,1.0179,1.1867
0.5110,1.1404,0.1062,straight,1.2142,4.4800,0.4892,-0.5018,0.0963,0.7186,0.2088,1.2343
2.3776,11.7416,1.2234,path,4.5574,6.2000,1.9425,-0.8549,2.2185,1.9033,1.4305,0.4460
0.4467,3.3690,0.1033,combined,1.8108,6.5400,0.4467,-0.0822,0.4391,0.8967,0.3091,0.7849
0.5661,3.2793,0.0755,straight,1.0184,5.0000,0.0429,0.5661,0.0061,1.6209,0.4921,1.4417
0.5382,3.1309,0.0680,lateral,0.8810,5.1600,0.5378,-0.0669,0.5340,0.6677,0.2177,0.9730
0.5884,1.8746,0.0302,combined,1.4638,6.4600,0.5857,0.0293,0.5876,1.0380,0.2995,1.2150
2.8152,32.8407,1.6234,path,5.1663,7.9000,1.2054,-1.5583,2.3446,2.0457,1.3898,1.0752
0.6251,1.2673,0.1451,combined,1.9521,4.2800,0.4482,0.5338,0.3253,1.7008,0.7417,0.7841
0.5664,5.0557,0.0916,turn,0.0000,5.8000,0.0000,nan,nan,0.6910,0.1876,1.3586
0.5116,0.1076,0.0985,turn,0.0000,7.6000,0.0000,nan,nan,0.5156,0.1416,0.7371
0.5416,5.6180,0.0397,lateral,1.3888,7.9200,0.5416,-0.0632,0.5379,0.8847,0.2386,0.4513
0.5406,6.2765,0.1426,lateral,0.2010,5.0600,0.1824,-0.1010,0.5311,0.8657,0.2088,1.5835
0.4601,3.0893,0.0454,straight,1.2829,4.8400,0.0099,0.4599,0.0152,1.5351,0.4858,0.4450
1.4202,31.2789,0.6278,path,1.9392,6.8200,1.2645,-1.0642,0.9404,1.7428,0.9446,0.7730
1.5431,135.3917,0.4257,path,0.4487,7.9800,0.8759,-1.4186,0.6072,0.9970,0.4696,0.4024
1.7467,98.5951,0.6741,path,1.7714,7.1000,0.7126,-1.7451,0.0758,1.5962,0.6276,1.1336
0.6331,16.4535,0.4440,path,0.1617,7.1000,0.6040,-0.0317,0.6323,1.9338,1.1383,0.5803
0.4737,5.8895,0.0724,straight,1.3329,7.5000,0.0049,0.4725,0.0343,1.5334,0.3737,1.3685
1.1059,0.3669,0.9655,path,1.2387,6.6400,0.6019,-1.1035,0.0729,1.0610,0.8103,0.4124
0.9497,6.7292,1.3350,path,1.7996,4.8000,0.5388,0.2842,0.9062,1.8190,0.9708,0.5205
0.5603,6.7255,0.0342,lateral,0.3866,7.4800,0.3231,-0.0372,0.5590,0.9750,0.1906,0.7640
0.5499,5.4137,0.0518,straight,0.4756,7.8800,0.4750,-0.5465,0.0610,0.2616,0.0852,0.8802
0.4648,3.6099,0.1477,lateral,0.6826,7.6400,0.4504,0.0431,0.4628,0.6493,0.1894,0.5508
2.5696,0.2877,1.5288,path,6.7359,6.3200,1.4218,-2.5369,0.4087,1.7403,0.7859,0.6059
0.5373,3.4225,0.0729,combined,1.0284,7.3600,0.1637,0.5153,0.1524,1.5938,0.3424,0.9739
1.6828,77.1312,0.5454,path,1.5256,6.1200,0.2829,-1.6827,0.0223,1.1372,0.4347,0.3060
1.0521,9.7006,0.3898,path,0.9939,4.6000,0.7682,-1.0474,0.0996,1.0266,0.5623,0.5240
0.5512,2.6732,0.0792,combined,0.5854,5.5200,0.5362,-0.5474,0.0643,0.1755,0.0749,1.3612
2.1175,3.4858,0.7447,path,1.3873,7.6600,2.0088,-1.1576,1.7730,1.8912,0.9195,1.5319
0.5521,4.5090,0.0603,straight,0.9778,7.3000,0.5391,-0.5500,0.0481,0.5991,0.1200,1.5777
0.0295,1.1933,0.0169,stand,0.0000,6.8600,0.0000,nan,nan,0.1280,0.0293,0.9704
0.4692,6.1594,0.1004,straight,1.9295,7.3600,0.0704,0.4685,0.0261,1.6065,0.4518,0.5599
0.5809,3.1844,0.0788,lateral,0.5569,4.4200,0.4864,-0.0486,0.5788,0.6772,0.2202,1.2156
0.5918,0.7414,0.0617,combined,1.7694,5.8000,0.5836,0.4500,0.3844,1.6982,0.4918,1.1246
1.6683,13.8721,1.1261,path,0.8933,5.1800,1.3638,0.2155,1.6543,2.0533,1.4219,0.4501
0.6157,1.9244,0.1408,lateral,0.9282,6.7600,0.5895,0.0056,0.6157,0.7914,0.2115,0.5994
0.8153,2.1270,1.5009,path,1.9855,7.7400,0.5974,-0.8126,0.0666,1.7837,1.3373,1.5320
1.7523,4.1351,1.9396,path,2.3616,6.2800,1.1637,0.2209,1.7383,2.0884,1.3923,1.3946
0.4821,6.4085,0.0413,combined,0.0980,6.1400,0.0946,0.3871,0.2873,0.5765,0.1294,1.5192
0.5475,2.7202,0.0405,turn,0.0000,6.3000,0.0000,nan,nan,0.6051,0.1739,1.0955
0.5493,3.3247,0.0717,straight,1.5787,5.7000,0.0142,0.5489,0.0190,1.8128,0.5130,1.1950
0.6286,4.1059,0.1697,combined,0.4788,7.4200,0.3784,-0.1917,0.5987,0.6202,0.1605,1.4084
0.7538,17.2945,0.2056,path,0.8904,5.2200,0.3164,0.7106,0.2515,1.5199,0.8367,0.4934
0.5690,2.6208,0.1221,combined,1.4525,7.0200,0.4538,0.4763,0.3114,1.7600,0.4489,0.4020
0.5693,4.2268,0.1114,lateral,1.2936,5.8000,0.5601,-0.0972,0.5610,0.9338,0.2751,1.3240
0.4691,3.2183,0.1877,combined,1.4622,6.2400,0.4691,-0.4117,0.2248,0.8994,0.2511,1.0022
0.4201,4.0330,0.0616,straight,1.7136,7.0800,0.4067,-0.4184,0.0372,1.0497,0.2395,1.0650
0.4617,4.1373,0.0474,combined,0.6057,7.3600,0.4355,0.4045,0.2227,0.8983,0.2343,1.3638
1.7705,3.9101,1.5319,path,2.5950,7.5600,1.0648,-1.6043,0.7489,1.7699,1.0933,0.9194
0.4310,6.3005,0.1639,turn,0.0000,4.2000,0.0000,nan,nan,0.5536,0.1896,1.5813
0.5592,2.7391,0.1364,lateral,0.4010,6.9400,0.3028,-0.0300,0.5584,0.4827,0.1581,1.0683
1.1330,61.8831,0.3035,path,0.9847,7.3000,0.9974,-0.5527,0.9890,1.3208,0.5830,1.4498
0.5637,4.5627,0.0455,straight,1.6704,6.4400,0.0906,0.5633,0.0207,1.7998,0.4786,0.5018
0.6003,2.8155,0.0158,straight,0.1089,6.5400,0.0081,0.5963,0.0690,0.9436,0.2189,1.3100
0.6175,10.9811,0.0808,lateral,1.4660,4.0000,0.6110,-0.1981,0.5848,1.0242,0.3913,1.0014
1.5248,84.4501,0.3809,path,5.3927,7.3200,1.2560,-0.5444,1.4243,1.8607,0.8545,0.8650
0.6140,2.1571,0.0615,combined,0.2584,4.1200,0.2523,-0.5960,0.1474,0.5203,0.2155,0.3395
2.6093,112.0290,0.4162,path,2.5102,4.6600,0.7807,-2.5547,0.5310,1.5765,0.7477,0.7016
0.4523,6.3278,0.0691,lateral,1.3064,7.4000,0.4361,0.0163,0.4520,0.7717,0.2253,0.6698
1.9231,144.2869,0.5931,path,1.1508,5.5000,1.5271,1.4532,1.2596,1.7785,1.0737,0.9886
1.6411,5.4124,1.2525,path,3.0414,5.9200,0.9690,1.3080,0.9911,2.1509,1.5545,1.5417
0.9781,9.6762,0.3694,path,2.6414,6.8600,0.4644,-0.2878,0.9348,1.5294,0.7106,1.5350
1.7593,76.1021,0.3090,path,2.4107,6.9600,0.7742,1.7436,0.2345,1.8715,1.0106,1.4906
2.0946,47.9757,0.7556,path,0.6952,5.2600,2.0456,-0.5894,2.0099,1.8168,1.0998,0.8239
1.0667,3.7213,1.5437,path,6.3308,7.9400,0.4620,-0.1756,1.0522,1.7136,1.2185,0.4088
1.8995,1.3823,0.8611,path,2.2537,7.0600,1.5147,-1.8656,0.3575,1.2592,0.7109,0.4924
0.4921,6.5233,0.1327,combined,0.4237,6.6600,0.1456,0.3180,0.3755,1.1565,0.2615,1.1168
0.5582,4.3759,0.0747,combined,1.0334,5.0600,0.3572,0.5192,0.2051,1.5736,0.4489,1.0804
0.5227,6.5703,0.0267,straight,1.1636,4.1600,0.5227,-0.5183,0.0674,0.6998,0.1974,0.4791
1.9341,9.3617,1.4180,path,1.7310,6.9800,1.4108,0.3212,1.9073,1.9919,1.6769,0.5238
0.5311,4.4069,0.0542,straight,0.1513,7.6600,0.0093,0.5310,0.0092,1.0405,0.2033,1.0019
1.4757,13.9497,1.2026,path,1.0097,5.4400,0.7915,-1.4750,0.0458,1.3963,0.7031,1.3332
0.5569,1.1789,0.0273,lateral,1.3150,5.4800,0.5569,-0.0047,0.5569,0.7710,0.2896,0.6321
0.5646,6.3912,0.1274,straight,0.1970,7.4800,0.0027,0.5557,0.0996,0.9725,0.2188,1.1633
0.5479,4.7613,0.0642,straight,1.0820,5.0400,0.0356,0.5478,0.0089,1.4786,0.4638,0.6183
2.3438,4.2299,1.3195,path,3.9006,5.8800,1.5606,-2.3437,0.0234,1.5488,1.1300,0.3004
2.8621,0.3269,1.0778,path,1.3853,4.3200,1.1386,-0.1217,2.8595,2.1004,1.4308,1.5329
1.4600,19.0592,1.1035,path,1.3205,5.8000,0.7503,-1.3420,0.5752,1.4115,0.9226,0.5603
3.5436,6.1992,1.6422,path,3.3689,7.6400,1.3303,0.8449,3.4414,2.1692,1.1226,1.5291
0.9260,4.3222,1.3860,path,3.5036,4.2600,0.5452,-0.6354,0.6736,1.7117,1.0794,0.7666
0.5552,7.3846,0.0617,lateral,1.4910,7.8800,0.5514,-0.0581,0.5522,0.8776,0.2323,1.4592
0.5030,4.5440,0.1070,straight,0.7866,4.5600,0.0017,0.4954,0.0869,1.1686,0.4031,0.3460
0.4494,0.1993,0.0946,straight,0.8608,6.4400,0.4471,-0.4493,0.0027,0.4541,0.1292,0.6205
1.8449,6.1314,1.3519,path,4.2289,6.7800,1.1485,-1.8116,0.3487,1.5891,1.1481,0.9150
0.6219,2.7558,0.0229,turn,0.0000,5.6400,0.0000,nan,nan,0.7526,0.2042,1.2505
1.2189,60.5436,0.3434,path,2.1610,7.7800,0.4842,-1.2078,0.1639,1.6952,0.6922,0.8755
1.5784,30.1311,1.0046,path,3.2586,7.9000,1.3027,-1.3779,0.7698,1.8225,0.9708,0.3550
0.5633,2.8860,0.0462,turn,0.0000,7.2400,0.0000,nan,nan,0.9102,0.2019,0.6125
0.6361,5.8079,0.0638,combined,1.5120,4.2000,0.6352,-0.4941,0.4006,0.7227,0.2654,0.4934
0.5294,5.2337,0.0376,combined,2.2040,6.6600,0.5293,0.1470,0.5085,1.3576,0.4431,1.1509
3.3884,137.8791,0.0812,path,0.1549,6.8400,0.9786,3.3669,0.3807,2.1459,1.1527,1.1322
0.5222,4.6708,0.1283,lateral,0.2608,5.4200,0.2550,-0.0549,0.5193,0.6707,0.1849,0.9287
3.6470,12.5025,0.5823,path,0.4933,5.4600,0.5524,-1.3271,3.3970,1.8145,0.8657,1.3646
0.5567,1.7469,0.0876,straight,1.1340,4.2600,0.0772,0.5536,0.0582,1.4860,0.5327,1.1314
0.4728,2.4091,0.1494,turn,0.0000,4.6000,0.0000,nan,nan,0.5330,0.1930,1.3117
1.6109,32.1330,0.8632,path,3.6081,4.9000,1.3155,-1.5845,0.2908,1.8446,1.0206,0.4752
0.5966,1.7857,0.1285,lateral,0.6345,6.2000,0.5799,-0.0229,0.5961,0.9163,0.2473,0.9420
0.5658,7.6191,0.0483,combined,1.3395,4.6400,0.5585,-0.1634,0.5417,0.8302,0.2917,0.4893
0.5176,5.9807,0.0518,turn,0.0000,7.9200,0.0000,nan,nan,0.7028,0.1734,0.8192
1.1560,29.1808,1.3738,path,2.3555,4.1600,0.6756,-1.1327,0.2312,1.5673,0.8772,1.1651
1.6121,15.5297,1.7209,path,0.9041,4.2000,0.6251,-1.5952,0.2330,1.7846,1.1734,1.3948
0.5485,5.4376,0.0831,turn,0.0000,5.8000,0.0000,nan,nan,0.5397,0.1613,1.1901
1.0921,37.6934,0.6311,path,0.6867,7.9400,0.9715,-0.3173,1.0450,1.1972,0.6208,0.8602
0.0158,2.8800,0.0124,stand,0.0000,5.7600,0.0000,nan,nan,0.1832,0.0362,1.0169
1.4845,31.2166,0.7787,path,1.2115,5.9600,1.3025,-0.7143,1.3014,1.7481,0.8871,0.7466
0.5509,2.6945,0.0736,lateral,1.2319,5.2200,0.5497,-0.0592,0.5477,0.7398,0.2741,1.0724
0.5197,2.3375,0.0482,turn,0.0000,4.0400,0.0000,nan,nan,1.0392,0.2081,1.5187
0.5238,5.5863,0.0892,lateral,0.2298,4.4800,0.2089,-0.0198,0.5235,0.7651,0.2277,1.1760
1.4330,2.9249,1.3895,path,5.5481,5.4000,1.0331,-1.4002,0.3049,2.1004,1.4207,0.6569
0.5186,5.1036,0.1233,lateral,1.0161,5.3000,0.5148,0.0625,0.5148,0.8314,0.2707,1.1435
1.7466,1.3273,1.3100,path,3.1999,5.0400,1.2003,-1.7465,0.0205,2.2929,0.9920,1.1810
0.5548,6.9539,0.1614,combined,1.0557,5.3200,0.5438,0.0313,0.5539,1.0259,0.3176,0.4858
0.4816,4.3934,0.0558,straight,0.0312,6.1200,0.0265,0.4803,0.0345,0.5438,0.1643,1.2432
0.5874,4.2503,0.1255,combined,1.3991,4.1800,0.5874,-0.3435,0.4765,0.8962,0.3149,0.7989
0.5356,5.4736,0.0756,combined,1.9061,5.4000,0.5356,-0.0818,0.5294,1.0548,0.3952,0.4251
0.6082,0.7026,0.1170,lateral,0.6681,5.9600,0.5708,0.0183,0.6079,0.8455,0.2492,0.4670
2.4454,7.2039,1.2326,path,3.8983,5.1800,2.3285,-0.9976,2.2326,2.1970,1.2930,0.4348
0.5201,5.9227,0.0315,combined,1.6907,6.8800,0.5201,-0.3860,0.3487,0.7432,0.2106,0.6594
0.5697,1.9668,0.0320,straight,1.4712,5.0600,0.5601,-0.5697,0.0043,0.8407,0.2236,0.5413
1.1373,17.8558,0.6367,path,0.0351,6.6800,0.5769,0.2262,1.1146,1.5625,0.8269,1.4069
2.5921,8.2042,0.9576,path,3.8659,7.7600,0.6699,-2.4686,0.7903,1.8707,0.7989,1.3883
1.9800,13.2753,0.8887,path,5.6463,4.1600,0.7050,-1.7505,0.9253,1.8728,1.2191,0.5963
1.4045,14.9023,0.3802,path,0.1453,7.0800,0.4516,0.6018,1.2691,1.3936,0.7326,0.5169
2.9164,98.5948,1.5345,path,5.1519,4.3000,0.7031,-2.7893,0.8514,1.6032,0.8508,0.8868
0.5000,6.5499,0.0436,turn,0.0000,5.3600,0.0000,nan,nan,0.4635,0.1382,0.9627
0.5349,2.6889,0.0956,combined,1.1628,6.5200,0.5290,-0.5042,0.1786,0.6596,0.1751,1.5132
0.4974,2.4352,0.1135,straight,0.1911,4.8000,0.1850,-0.4974,0.0059,0.4092,0.1347,0.3531
1.5108,7.8197,1.1202,path,3.5657,5.9200,0.7637,-1.4942,0.2239,1.4096,1.0436,0.3775
0.4645,5.1455,0.1723,straight,0.3566,4.8400,0.0053,0.4637,0.0268,1.2561,0.3052,0.5383
0.5069,6.5712,0.0371,combined,0.8881,7.0800,0.4949,-0.5068,0.0133,0.4037,0.1217,0.4468
0.6039,0.3647,0.0170,combined,1.7911,7.7600,0.5900,0.5168,0.3125,1.4387,0.4124,1.0613
1.0409,3.9355,1.2512,path,4.5021,5.0200,0.6559,-1.0409,0.0062,2.0322,1.2416,0.6657
0.5528,5.7127,0.0808,turn,0.0000,6.9000,0.0000,nan,nan,0.5931,0.2087,0.4774
0.5552,3.9067,0.0915,combined,1.4284,4.1400,0.5497,-0.5527,0.0530,0.8135,0.2487,1.5212
2.0508,1.8424,1.1993,path,0.7378,7.2600,1.7597,-0.7571,1.9059,1.6730,1.1597,1.4691
1.5822,101.0102,0.9664,path,4.6236,4.2800,0.9701,-0.0760,1.5804,2.1498,1.3969,0.5818
0.6068,2.4248,0.0548,turn,0.0000,4.4000,0.0000,nan,nan,0.5127,0.2093,0.6226
0.5359,5.3193,0.0383,straight,1.8885,4.5800,0.0129,0.5347,0.0356,1.7169,0.6518,0.6742
0.6376,10.4586,0.2201,combined,1.8701,4.3600,0.6376,-0.2355,0.5925,0.8658,0.4202,1.1805
0.5612,1.8222,0.1041,combined,1.8785,6.4400,0.5299,-0.4303,0.3603,1.1258,0.2661,1.3869
0.4629,6.4619,0.0380,combined,1.4218,6.5000,0.4594,-0.2241,0.4050,0.6161,0.2117,0.4647
0.5393,1.6204,0.0557,lateral,1.4298,4.7000,0.5393,-0.0547,0.5365,0.8297,0.3457,0.6022
1.6710,135.1025,0.8057,path,1.0355,5.9200,1.1074,1.6697,0.0652,2.1654,1.0542,1.3163
0.4680,6.4230,0.0256,combined,1.1639,7.8200,0.4574,0.4357,0.1707,1.3507,0.3227,1.2373
0.6014,2.8194,0.1079,straight,0.6176,5.8400,0.5661,-0.6005,0.0326,0.1793,0.0764,0.8998
0.4894,4.1365,0.1508,combined,1.4058,5.2000,0.4823,-0.4638,0.1563,0.7579,0.2357,1.5760
2.1140,65.7332,0.6792,path,2.9546,7.8000,0.9006,-2.1010,0.2347,1.8455,0.7891,0.6292
0.5507,3.1377,0.0434,turn,0.0000,4.6800,0.0000,nan,nan,0.6291,0.2003,1.3727
0.5795,4.5615,0.0356,turn,0.0000,6.4800,0.0000,nan,nan,0.6683,0.1716,1.4056
1.5165,0.7513,1.8870,path,5.0009,7.7000,0.2140,1.1576,0.9797,2.0905,1.5559,1.4481
1.6515,54.3081,0.7179,path,1.4881,4.9600,0.2389,-0.5629,1.5526,1.2893,0.7447,0.5014
0.6407,2.7441,0.1284,lateral,1.4793,4.7400,0.6320,0.0437,0.6392,0.8334,0.3805,0.9450
1.5723,48.8678,1.6371,path,1.7348,4.2600,0.7269,-0.8839,1.3003,1.9586,1.0568,1.5291
1.8496,36.9392,0.4397,path,6.4556,7.1400,1.3025,-0.7056,1.7097,2.0732,0.9756,0.7599
0.5368,0.8887,0.0465,turn,0.0000,6.0800,0.0000,nan,nan,0.7525,0.2063,0.4824
0.0448,2.3869,0.0373,stand,0.0000,7.4000,0.0000,nan,nan,0.1617,0.0328,1.5854
2.1781,0.2724,1.4067,path,6.8457,7.1800,1.6170,-1.4081,1.6617,1.8158,1.3711,0.6036
2.6717,0.8474,1.1218,path,2.7062,7.4200,1.1717,-2.1603,1.5719,1.3966,0.9158,1.1555
0.5785,0.9141,0.0294,combined,1.1135,6.5000,0.5755,-0.3035,0.4924,0.8212,0.1790,1.4472
0.5144,4.5099,0.1729,combined,1.1527,5.9600,0.5087,-0.0807,0.5081,0.6933,0.2239,0.6451
0.8879,10.4549,0.5269,path,1.2640,6.2400,0.7281,-0.8487,0.2609,1.1901,0.5421,1.3172
1.8061,11.0838,1.3594,path,1.3680,7.0000,1.3038,0.3586,1.7702,1.8002,1.4981,0.8150
0.5760,2.8353,0.1446,combined,1.8796,4.2800,0.5733,-0.5758,0.0160,1.0215,0.3361,0.7841
0.5308,4.7881,0.0834,straight,1.9904,4.9200,0.0849,0.5268,0.0648,1.8178,0.6411,1.2367
0.0219,2.9535,0.0334,stand,0.0000,7.0400,0.0000,nan,nan,0.1947,0.0316,0.8688
0.4841,6.3539,0.0163,combined,1.7696,5.1800,0.4841,-0.3376,0.3470,1.0725,0.3230,0.4796
0.5725,4.8928,0.2474,combined,2.1034,5.6200,0.5676,0.4117,0.3978,1.8225,0.5649,0.5173
2.0111,16.7539,1.8610,path,5.5548,6.9200,1.9747,-0.0809,2.0095,2.0851,1.8159,1.0217
0.5271,3.4005,0.1162,path,0.2173,5.6400,0.3730,0.4233,0.3141,1.3122,0.3403,1.3770
0.4951,1.1676,0.1021,turn,0.0000,5.1600,0.0000,nan,nan,0.4895,0.1385,1.4480
0.5292,2.8648,0.0251,straight,1.7493,5.1200,0.0072,0.5292,0.0020,1.8266,0.5861,0.5087
2.5394,5.2931,2.0664,path,4.8246,6.5000,2.4855,0.0879,2.5379,2.3168,1.8408,1.1224
0.5539,5.0828,0.0805,straight,0.0456,7.2000,0.0134,0.5538,0.0078,1.2184,0.2175,0.6659
0.5586,2.5229,0.0505,straight,1.4260,7.9000,0.0492,0.5573,0.0379,1.7644,0.3598,1.5955
0.5437,0.6624,0.0862,turn,0.0000,5.4600,0.0000,nan,nan,0.5460,0.1957,0.6455
0.6105,2.0438,0.0988,combined,1.3400,6.0600,0.6094,-0.5396,0.2855,0.7153,0.1675,0.6907
0.5349,2.8148,0.0907,combined,0.2792,4.9000,0.1946,-0.2115,0.4913,0.7032,0.1841,1.0866
1.6460,0.2910,1.3288,path,4.3633,4.1200,0.0967,-1.2231,1.1015,1.7642,1.2501,0.9087
0.4301,4.7330,0.0623,turn,0.0000,6.1200,0.0000,nan,nan,0.3873,0.1328,0.3073
1.3317,41.2332,0.4482,path,1.2735,5.2600,0.6756,-1.2367,0.4939,1.7135,0.8688,0.4636
0.5548,3.5536,0.0977,combined,0.6121,7.2400,0.4876,0.3654,0.4175,1.0091,0.2464,0.8364
1.1059,70.2762,0.1402,path,0.4408,4.6000,0.2314,-0.6477,0.8964,0.7929,0.3256,0.7406
0.5110,4.1492,0.0216,lateral,1.1873,5.3200,0.5100,0.0201,0.5106,0.7724,0.2819,0.8115
2.0154,21.7679,0.9856,path,1.5905,5.9000,1.7943,-0.9576,1.7734,1.9294,1.0600,0.5753
0.5675,2.8010,0.0452,lateral,1.4776,6.6600,0.5672,-0.0265,0.5668,0.8718,0.2601,0.4031
2.2369,14.8371,0.8449,path,0.7129,5.3200,2.1637,-0.5775,2.1611,1.8991,1.0712,1.2610
0.4528,5.0881,0.1254,straight,1.1003,4.9800,0.0539,0.4524,0.0187,1.4873,0.4537,1.4193
2.7074,46.2983,1.2822,path,1.9103,7.9000,1.1463,-2.6593,0.5080,1.8586,0.9662,0.8316
1.6186,13.0203,1.6173,path,7.4094,7.1400,0.9431,-0.6997,1.4595,1.7531,1.3097,0.3149
0.5306,0.0993,0.1573,lateral,0.6772,7.0800,0.5176,0.0587,0.5273,0.9269,0.2046,0.3514
1.2946,5.0079,1.0636,path,4.1683,7.3200,0.7602,-1.2473,0.3466,1.3735,0.9410,1.1346
0.5928,6.8803,0.0876,combined,1.9632,4.2000,0.5897,-0.5610,0.1918,0.9715,0.3484,1.1246
1.0231,5.7143,1.5611,path,6.0330,5.6600,0.0719,-0.9409,0.4020,1.7363,1.1989,0.4875
0.6482,4.3078,0.0417,combined,1.6211,7.1200,0.6277,0.4299,0.4851,1.2738,0.4068,1.4198
2.0889,1.8461,1.0847,path,1.2597,7.5400,1.4209,-1.0583,1.8010,1.9555,1.4284,1.0274
0.5022,4.0690,0.0503,lateral,0.7533,6.8400,0.4849,0.0649,0.4980,0.6868,0.2022,1.5174
0.5980,0.2916,0.1779,combined,0.6785,4.3000,0.5806,-0.2521,0.5423,0.3800,0.1718,1.2156
0.4775,5.6189,0.1032,combined,0.7677,4.6600,0.3231,0.3607,0.3129,1.0205,0.3306,0.5508
0.4404,6.4243,0.2000,turn,0.0000,5.2400,0.0000,nan,nan,1.1516,0.2308,0.3723
2.7191,12.1875,1.3959,path,0.1144,6.5400,2.4322,1.0650,2.5019,2.0780,1.6481,0.6802
2.5103,101.2492,1.2809,path,5.1672,7.4800,1.3833,-2.4861,0.3473,2.0564,1.2190,1.0029
0.0383,0.1136,0.0221,stand,0.0000,4.1000,0.0000,nan,nan,0.0889,0.0290,0.6758
0.4931,1.2553,0.0907,combined,1.6584,6.3600,0.4769,-0.4557,0.1882,1.0271,0.2632,1.4568
0.5420,2.2468,0.0332,lateral,1.2789,7.3000,0.5407,0.0259,0.5414,0.6450,0.2093,1.4073
0.4577,2.8297,0.1717,turn,0.0000,4.2200,0.0000,nan,nan,0.6831,0.1571,1.3638
0.5420,2.2121,0.1646,combined,0.4456,4.8000,0.3591,0.1885,0.5082,0.4887,0.2548,0.5992
0.5517,2.2185,0.0841,lateral,1.3591,7.4000,0.5363,0.0669,0.5476,0.7687,0.2338,0.0000
0.5195,5.4761,0.0292,lateral,0.5013,7.4800,0.4478,-0.0156,0.5192,0.7164,0.1698,0.7029
0.5353,4.5475,0.0761,lateral,0.3690,4.5200,0.3469,-0.0070,0.5352,0.9076,0.2648,1.1950
0.5620,5.4566,0.0395,combined,1.1048,5.2000,0.4328,0.4931,0.2696,1.3718,0.4979,0.4513
2.1701,2.9010,1.2396,path,7.7777,5.9000,1.7595,-1.8807,1.0828,1.8547,1.3684,1.4212
0.5753,5.8881,0.1343,straight,0.2845,7.2800,0.2845,-0.5735,0.0461,0.4538,0.1090,0.9593
2.0712,70.4637,1.8261,path,2.3893,5.1600,0.9831,-1.7636,1.0860,2.1548,1.2944,0.7672
0.5219,3.4032,0.0610,lateral,1.0884,6.3600,0.5145,-0.0524,0.5192,0.6012,0.2077,0.0000
2.1215,12.4014,1.6511,path,7.3392,5.5600,1.6978,-1.5977,1.3957,1.9562,1.4563,0.6600
2.9908,2.3278,0.3057,path,1.2863,4.0400,1.2089,-2.6344,1.4159,1.5243,0.6380,0.9565
0.6394,3.9597,0.1178,turn,0.0000,4.7000,0.0000,nan,nan,0.8937,0.2597,1.4084
0.6040,0.1983,0.0925,combined,0.5367,7.7600,0.2212,0.4915,0.3511,1.2749,0.2624,1.0587
0.5827,3.5499,0.0781,combined,1.1075,6.3200,0.5827,-0.4826,0.3266,0.6016,0.1681,0.7126
0.5416,4.2687,0.0180,combined,1.2667,7.1600,0.2174,0.4238,0.3373,1.5953,0.4026,1.2043
0.5336,2.6467,0.1312,combined,1.8434,5.9200,0.1399,0.5289,0.0704,1.6644,0.5412,1.5748
0.4813,2.4935,0.0812,lateral,1.1580,7.6400,0.4578,-0.0187,0.4810,0.6303,0.2027,1.5323
0.5424,5.0567,0.0925,straight,0.5666,5.4600,0.0168,0.5351,0.0890,1.3259,0.3414,1.5835
0.5280,5.7776,0.1120,combined,2.1674,6.7800,0.5280,0.1734,0.4988,1.5091,0.4370,1.1115
1.4487,6.9359,1.1870,path,4.0126,6.0200,0.8131,-1.3713,0.4671,1.4914,1.0362,0.8002
0.5640,1.3674,0.0250,lateral,0.4761,6.7200,0.4134,-0.0020,0.5640,0.5844,0.1655,0.4931
0.4974,0.3918,0.0826,turn,0.0000,6.0000,0.0000,nan,nan,0.4453,0.1477,1.2343
0.5540,1.2925,0.1061,combined,1.4744,4.8800,0.5435,-0.3468,0.4320,0.8634,0.2818,1.0955
0.4671,4.9904,0.0753,straight,1.6890,5.4400,0.0265,0.4668,0.0181,1.5184,0.5294,1.3685
0.5911,0.5327,0.0995,lateral,0.3329,5.8400,0.2437,0.0472,0.5892,0.5428,0.2073,1.2150
0.5261,2.3937,0.0400,lateral,0.7836,4.4000,0.5261,-0.0253,0.5255,0.8893,0.2776,1.0014
2.5880,10.1003,1.3762,path,3.8832,7.3200,1.2009,-2.0599,1.5666,1.6495,1.0259,0.5962
0.0333,1.8350,0.0545,stand,0.0000,7.7400,0.0000,nan,nan,0.1486,0.0322,1.3970
1.2650,8.0610,1.2924,path,4.4759,6.4200,0.7583,-0.8355,0.9498,1.6472,1.1867,0.6439
0.0506,0.4353,0.0239,stand,0.0000,5.0200,0.0000,nan,nan,0.1221,0.0312,0.4020
2.5572,1.7723,0.4495,path,2.0333,7.4800,0.6778,-2.5207,0.4306,1.4743,0.6558,0.6511
0.5275,3.2296,0.1429,lateral,0.4339,6.4400,0.3950,0.0365,0.5263,0.6684,0.1865,0.5614
0.5208,4.9747,0.0262,combined,0.2625,7.7800,0.2596,-0.5104,0.1039,0.3540,0.1059,0.6564
2.3687,4.3514,0.9483,path,3.8481,5.4600,1.5117,-2.3554,0.2506,1.5180,0.9754,0.9744
0.6016,1.0310,0.0869,turn,0.0000,7.4400,0.0000,nan,nan,0.7480,0.1893,1.4960
0.5066,3.0953,0.0521,lateral,1.3902,7.7200,0.5061,0.0100,0.5065,0.9863,0.2434,1.5912
0.5475,1.9466,0.0579,turn,0.0000,4.2400,0.0000,nan,nan,0.5446,0.2218,1.0804
1.3371,8.2526,1.8712,path,1.9303,4.0200,0.6833,-1.3345,0.0835,1.9789,1.0135,1.2921
0.4831,1.8587,0.1019,turn,0.0000,7.8400,0.0000,nan,nan,0.6250,0.1598,0.6746
0.5415,5.6948,0.1223,combined,0.8224,6.8000,0.4917,0.3119,0.4426,1.2608,0.2862,1.1370
0.4558,4.7208,0.1013,lateral,1.2414,7.9400,0.4373,-0.0116,0.4557,0.6813,0.2024,0.8405
0.4533,1.8554,0.0705,combined,0.4558,5.4200,0.0024,0.4285,0.1478,0.8020,0.2425,0.5599
1.3011,11.0479,0.6374,path,0.9071,5.8800,1.1330,-1.0459,0.7739,1.2861,0.6407,0.3152
0.5060,1.2698,0.0425,combined,1.0690,7.1400,0.5039,-0.4274,0.2709,0.6355,0.1439,1.1303
0.5736,4.9432,0.2011,combined,1.9147,4.9600,0.5736,0.2401,0.5210,1.4794,0.5563,1.0683
1.2288,7.0661,1.7274,path,3.4762,5.5400,0.0447,-1.1946,0.2878,1.9997,1.0529,1.5768
0.5268,2.8046,0.0420,turn,0.0000,6.8400,0.0000,nan,nan,0.9040,0.1536,0.4089
0.5572,0.7000,0.1342,turn,0.0000,6.5800,0.0000,nan,nan,0.7814,0.2158,1.4417
0.5205,5.6398,0.1722,combined,1.9351,7.4600,0.5165,0.3920,0.3424,1.6448,0.4517,0.4777
0.5219,4.1013,0.1075,straight,0.2396,6.3600,0.2144,-0.5182,0.0624,0.4822,0.1461,1.3744
2.1146,21.2451,1.5116,path,0.7303,6.2800,0.9889,-1.5228,1.4673,1.7276,0.8814,0.6883
0.5515,5.6181,0.1184,straight,1.3400,5.1600,0.0134,0.5512,0.0172,1.8540,0.5107,0.5018
0.4917,4.1827,0.0401,lateral,0.2107,6.1400,0.1345,-0.0768,0.4857,0.6891,0.1831,1.3010
0.5320,3.7199,0.1353,turn,0.0000,7.2400,0.0000,nan,nan,0.5346,0.1454,1.1179
2.0555,13.2838,1.4961,path,3.7381,7.7000,1.2721,-1.3699,1.5325,1.5791,1.1293,0.5672
1.3127,28.0344,1.1062,path,4.5678,7.6600,0.5053,-1.1167,0.6901,1.9522,1.3135,0.7552
0.5924,3.0891,0.0445,combined,2.1042,5.7200,0.5649,-0.5923,0.0114,0.9980,0.2992,0.3706
0.4816,7.0316,0.1083,turn,0.0000,7.9200,0.0000,nan,nan,0.3532,0.1060,0.6527
2.5555,17.5094,1.0247,path,1.9818,6.8000,1.0060,-2.5446,0.2357,1.7331,0.9196,1.1225
0.5448,7.0992,0.0365,combined,1.9052,6.1600,0.5360,-0.5353,0.1011,1.0505,0.2884,1.4597
0.6038,2.6622,0.0277,straight,0.5948,5.9800,0.0551,0.6038,0.0015,1.0628,0.3021,0.5994
0.5309,6.6241,0.0473,lateral,0.1255,4.0600,0.1194,-0.0539,0.5282,0.5240,0.2029,0.9287
0.6397,0.9928,0.0361,lateral,0.0742,7.5200,0.0740,0.0267,0.6392,0.7037,0.1674,1.2275
1.3664,6.7446,1.7392,path,8.3066,7.8200,0.1428,-1.0597,0.8626,2.1151,1.3566,0.8209
0.6481,1.5111,0.1289,lateral,0.8585,5.4200,0.4465,0.0891,0.6419,0.8718,0.3142,0.3395
1.1740,0.2719,0.3988,path,1.6535,5.3400,0.9486,-1.1482,0.2445,1.0182,0.5652,0.8962
0.5747,5.4761,0.0238,turn,0.0000,6.5400,0.0000,nan,nan,0.5631,0.1757,0.8802
2.7267,0.1214,1.3524,path,1.1047,7.1800,1.0098,-2.5406,0.9900,2.0279,1.0105,0.3122
0.5284,5.3245,0.0551,combined,1.3297,7.3000,0.5175,-0.5021,0.1644,0.6916,0.1537,0.5763
0.0241,1.4505,0.0062,stand,0.0000,4.1800,0.0000,nan,nan,0.2996,0.0377,0.6089
0.5840,5.2271,0.1422,lateral,1.2589,6.8600,0.5734,-0.0548,0.5814,0.6971,0.2253,1.3586
1.5957,10.0460,1.2894,path,3.7968,5.8200,0.7198,-0.1919,1.5841,1.5869,1.0461,1.4270
0.0190,1.8344,0.0085,stand,0.0000,7.5200,0.0000,nan,nan,0.2018,0.0334,1.4168
0.5386,4.3945,0.1503,combined,1.7109,7.5000,0.5317,-0.3317,0.4243,1.1177,0.2451,1.0784
0.5036,7.8888,0.0604,combined,1.0573,4.1000,0.4981,-0.0101,0.5035,0.7987,0.3157,1.5187
2.1161,14.3946,1.8455,path,6.3855,4.3000,1.1029,-2.0809,0.3846,2.2081,1.5286,0.5083
0.6112,4.1738,0.0112,combined,1.3151,7.9400,0.5818,-0.4668,0.3945,0.6328,0.1583,0.5032
0.5408,3.0648,0.0777,straight,0.4636,7.4200,0.4636,-0.5400,0.0299,0.2149,0.0901,0.9730
0.6181,3.7636,0.0905,turn,0.0000,6.7400,0.0000,nan,nan,0.5978,0.1696,0.8463
0.5531,2.2370,0.0763,straight,0.3780,4.2600,0.3780,-0.5523,0.0286,0.3091,0.1132,1.0724
0.5781,3.2787,0.0931,turn,0.0000,5.1800,0.0000,nan,nan,0.6795,0.2370,0.8652
0.5615,4.9633,0.0536,combined,1.6022,7.1000,0.5560,0.3431,0.4445,1.4793,0.4014,0.7640
2.4605,11.4449,1.0710,path,4.6019,6.0400,1.5081,-2.4143,0.4745,1.4629,1.0516,1.1210
1.3389,17.1843,0.2716,path,1.5971,6.0800,0.3234,-1.2513,0.4765,1.7330,0.6479,1.3777
0.5641,6.1693,0.1383,lateral,0.9359,4.2800,0.5634,-0.0843,0.5577,0.7111,0.2969,0.7135
0.4726,2.9367,0.1317,combined,0.8806,6.8400,0.2487,0.2966,0.3680,0.9891,0.2732,0.9704
0.5637,4.0106,0.0863,combined,1.4415,4.2800,0.5637,0.1289,0.5487,1.2527,0.4656,0.5413
0.5310,4.7608,0.1510,lateral,1.3285,7.1600,0.5279,0.0125,0.5308,0.9217,0.2544,0.9739
0.4612,0.9119,0.0414,lateral,0.3330,4.6400,0.3227,0.0278,0.4604,0.5795,0.2120,1.0169
1.1885,2.7267,1.2157,path,2.4298,6.6600,0.7478,-1.1582,0.2663,1.4235,1.0202,0.3838
0.4406,1.6786,0.1192,turn,0.0000,7.9400,0.0000,nan,nan,0.5721,0.1457,0.7849
0.4840,4.4111,0.0433,turn,0.0000,4.9200,0.0000,nan,nan,0.7492,0.1483,1.3117
0.4580,4.4594,0.0551,turn,0.0000,7.5200,0.0000,nan,nan,0.6713,0.1388,0.4450
0.5960,0.4621,0.1836,combined,1.4107,4.2000,0.5960,-0.2935,0.5186,0.8159,0.3264,1.0613
2.2105,92.7505,1.0600,path,6.7914,6.1400,0.7422,-2.1727,0.4075,1.9047,1.1731,1.3869
0.5295,3.2872,0.1850,straight,0.5637,5.9200,0.5189,-0.5281,0.0389,0.2045,0.0909,0.4791
0.5433,1.2004,0.0889,turn,0.0000,7.2200,0.0000,nan,nan,0.7562,0.1431,1.3612
2.2064,4.4743,1.1307,path,2.3695,5.3600,2.0309,-1.4185,1.6900,2.0640,1.4070,1.4122
2.5986,90.8586,0.5767,path,2.4476,7.2400,0.6931,-1.8873,1.7862,1.5232,0.8038,1.0597
1.1556,1.9892,1.2195,path,3.0553,7.5400,0.7390,-0.5956,0.9903,1.4446,1.0502,0.7746
2.2111,8.7349,0.5431,path,4.1762,5.3800,0.7279,-2.0518,0.8242,1.6007,0.7451,0.9873
2.1001,1.4359,1.1705,path,2.8993,7.6000,1.3222,-1.4327,1.5355,2.2965,1.5789,1.1723
0.5569,3.9544,0.1004,combined,1.5312,5.3800,0.5561,-0.2381,0.5035,1.0911,0.3143,0.6125
2.5017,13.2044,1.2205,path,4.0984,7.0600,1.3075,-2.5011,0.0553,1.9960,0.9024,1.4089
0.4232,0.6742,0.1604,turn,0.0000,6.4400,0.0000,nan,nan,0.6696,0.1582,0.6698
0.8307,64.5002,0.6644,path,6.7431,5.6600,0.7674,0.6148,0.5587,1.9039,1.3762,0.3151
0.0179,2.7651,0.0536,stand,0.0000,5.6200,0.0000,nan,nan,0.1109,0.0308,0.3460
0.5672,2.7065,0.1317,combined,0.4410,5.1600,0.1519,0.4880,0.2892,0.8249,0.2896,1.1314
0.5464,2.4213,0.1026,lateral,0.2304,7.3800,0.2149,0.0342,0.5453,0.5395,0.1489,1.5777
1.2408,113.2711,0.7567,path,1.5254,7.5800,1.0086,-0.5712,1.1015,1.5562,1.0308,0.7948
0.5378,3.3645,0.0662,straight,0.2899,4.0400,0.2889,-0.5376,0.0151,0.4938,0.1497,1.5854
0.5158,6.0727,0.0701,turn,0.0000,5.0400,0.0000,nan,nan,0.6839,0.2067,1.1435
1.8340,16.5144,1.0166,path,2.2533,6.9000,0.8622,-1.6243,0.8517,1.2377,0.7088,1.5147
1.4624,20.4925,0.4934,path,3.4846,7.9000,1.0980,-1.3292,0.6099,1.5644,0.6680,1.1994
0.5588,4.0554,0.1282,turn,0.0000,4.4200,0.0000,nan,nan,0.6095,0.2179,1.3727
0.5346,5.7260,0.0511,straight,0.8369,4.5400,0.0136,0.5258,0.0964,1.3301,0.4389,0.6022
0.5245,4.4389,0.0287,straight,0.5594,4.8400,0.5138,-0.5245,0.0026,0.2260,0.0993,1.5132
0.4593,1.9718,0.1324,combined,1.9590,6.0600,0.3099,0.4286,0.1651,1.4651,0.5027,0.6205
0.5180,5.3636,0.1051,combined,1.3421,6.7000,0.5051,0.2601,0.4480,1.4067,0.3552,1.1168
0.5297,4.8566,0.0702,turn,0.0000,5.2800,0.0000,nan,nan,0.7811,0.1981,0.4251
1.7700,14.0602,1.2713,path,3.4359,5.7000,1.0784,-1.7130,0.4453,1.4917,1.0874,0.5928
2.7868,98.6230,0.4733,path,1.0544,7.7200,1.1580,1.7369,2.1794,2.0637,1.0583,0.6132
0.5222,5.6657,0.0286,turn,0.0000,6.1200,0.0000,nan,nan,0.5222,0.1623,0.4030
1.9897,19.1519,1.9323,path,7.2857,4.0000,1.9594,-1.1474,1.6255,2.3145,2.0494,0.3123
0.4143,4.6518,0.0774,lateral,0.7171,7.5200,0.3974,0.0174,0.4139,0.6549,0.1811,1.0650
0.6120,5.7499,0.0622,turn,0.0000,4.5600,0.0000,nan,nan,0.7068,0.2769,0.9450
0.6149,4.0159,0.0830,combined,2.1173,6.1800,0.5991,-0.6146,0.0174,0.9305,0.2954,1.2505
0.4490,1.3584,0.1470,lateral,1.0114,7.6600,0.4446,0.0217,0.4485,0.6758,0.1929,1.0022
0.5118,1.8706,0.0637,combined,1.2254,4.5000,0.5108,0.1366,0.4933,0.9419,0.4012,1.5192
0.6440,4.9046,0.1711,turn,0.0000,6.1400,0.0000,nan,nan,0.7367,0.2432,0.4934
0.5123,4.2642,0.1273,turn,0.0000,5.0200,0.0000,nan,nan,0.8303,0.1774,0.6742
0.6362,1.0583,0.0420,lateral,0.9478,4.1800,0.5789,-0.0053,0.6362,0.5802,0.3065,0.6907
0.5447,6.8949,0.0988,lateral,0.4856,6.1000,0.4137,0.0507,0.5423,0.5524,0.1688,1.1509
1.3987,5.5499,0.8427,path,2.5054,7.0800,0.6994,-1.2564,0.6147,1.3476,0.7014,0.8477
0.5097,2.8718,0.1042,turn,0.0000,6.3400,0.0000,nan,nan,0.7000,0.1818,0.9823
0.0193,2.4236,0.0045,stand,0.0000,5.0000,0.0000,nan,nan,0.1592,0.0379,1.5760
1.0712,1.8786,1.6211,path,3.5905,6.5800,0.6483,-0.0649,1.0692,1.8226,1.2136,0.8887
0.6000,0.4605,0.1059,lateral,0.0796,4.7800,0.0796,-0.0064,0.6000,0.6989,0.2325,1.4472
2.0426,6.6436,1.3613,path,7.8529,5.1600,1.5179,-1.8539,0.8576,1.8090,1.5081,1.1494
0.5388,2.9884,0.0841,turn,0.0000,6.9000,0.0000,nan,nan,0.4665,0.1503,1.1633
1.4345,23.1525,0.9770,path,1.0032,4.9000,0.8264,-1.4317,0.0898,1.6362,0.7318,0.4585
2.1412,41.5936,0.7858,path,3.6681,4.6400,1.2182,1.0089,1.8887,2.0141,1.2765,1.4225
0.4364,1.3928,0.2060,combined,1.7168,4.3000,0.4364,-0.4154,0.1338,1.1591,0.3555,1.4193
0.5297,9.2876,0.0481,combined,1.8780,5.5200,0.5295,-0.1147,0.5171,0.9972,0.3774,0.4468
0.6182,1.3885,0.0232,lateral,0.4952,4.9600,0.4337,0.0547,0.6158,0.8460,0.2487,1.0461
1.4034,13.7252,0.6229,path,1.3520,4.4600,0.6829,-1.1925,0.7398,1.1453,0.6888,1.3501
0.4410,6.0240,0.0401,lateral,0.6326,5.4800,0.4387,-0.0625,0.4366,0.7445,0.2213,1.2373
1.2701,2.4958,1.2298,path,3.8009,7.9000,0.6722,-1.2683,0.0676,1.5198,1.0783,1.1643
0.5942,2.6341,0.0188,turn,0.0000,7.9600,0.0000,nan,nan,0.7879,0.1844,1.3100
1.2149,1.5158,1.1011,path,2.0154,5.6800,0.8914,-0.9687,0.7333,1.6432,0.9341,1.3467
0.4570,3.7650,0.1025,lateral,0.1709,4.0600,0.1626,-0.1132,0.4427,0.4020,0.1603,1.3638
0.0146,3.1775,0.0124,stand,0.0000,5.0800,0.0000,nan,nan,0.1487,0.0316,1.2367
1.9271,3.2279,1.4781,path,3.6992,4.3600,1.5582,-1.9234,0.1195,1.8642,1.2448,1.1353
0.5769,4.4616,0.1061,turn,0.0000,5.7800,0.0000,nan,nan,0.4476,0.1945,0.4774
1.0205,73.7824,0.3446,path,1.5353,7.3800,0.8136,-0.2361,0.9928,1.4180,0.4702,1.4231
1.3912,6.9469,0.8679,path,2.3806,6.1600,0.8388,-1.2919,0.5163,1.2447,0.6757,0.5422
2.2071,63.1943,0.9845,path,4.6768,6.0000,2.1613,-2.1593,0.4568,1.9469,1.1841,1.5657
0.5616,7.5759,0.1596,straight,1.4158,6.3000,0.5389,-0.5594,0.0495,0.7619,0.1951,0.4858
0.5540,3.1241,0.0386,combined,1.2694,7.2000,0.5366,0.0679,0.5499,0.7870,0.2352,1.4592
0.0114,0.4409,0.0269,stand,0.0000,4.1000,0.0000,nan,nan,0.1343,0.0299,0.9593
0.6331,3.6440,0.1011,combined,1.0803,4.5800,0.6331,0.1360,0.6183,0.8070,0.3728,1.4198
0.5660,2.4084,0.0577,turn,0.0000,4.8400,0.0000,nan,nan,0.5230,0.2026,0.4031
1.4556,25.5673,0.7606,path,2.6332,4.1600,0.4025,-1.4176,0.3302,1.4502,0.5987,1.4252
0.6071,1.9070,0.1347,combined,1.1614,6.4000,0.5502,0.0549,0.6046,0.8444,0.2828,0.4670
1.5023,12.2261,0.9183,path,2.3414,6.6600,0.7170,-1.2886,0.7723,1.3738,0.7317,0.5843
0.5563,6.5155,0.1227,straight,1.1440,5.9200,0.1036,0.5554,0.0318,1.8651,0.4619,1.1805
0.5383,0.2438,0.0828,lateral,0.2413,7.6400,0.2197,-0.0105,0.5382,1.0636,0.2059,1.0019
0.4994,3.7167,0.0421,turn,0.0000,4.5400,0.0000,nan,nan,0.4016,0.1625,1.4568
0.4624,4.3999,0.0685,straight,0.6849,6.2000,0.4477,-0.4604,0.0425,0.2914,0.1123,0.5383
0.5300,0.7255,0.0706,turn,0.0000,5.2000,0.0000,nan,nan,0.8011,0.1804,1.0866
1.8255,56.4283,1.1102,path,3.4250,6.7600,0.4987,-1.4774,1.0724,1.7200,0.8451,0.3127
0.5657,3.7461,0.0244,turn,0.0000,4.6400,0.0000,nan,nan,0.7633,0.2347,0.6758
0.4779,7.8073,0.0352,turn,0.0000,7.4000,0.0000,nan,nan,0.5398,0.1211,1.0100
0.6476,32.6492,0.1225,path,2.4227,5.4400,0.5687,-0.0073,0.6476,1.7865,0.8651,1.0878
0.5406,3.5499,0.1875,straight,0.6951,5.2000,0.5241,-0.5388,0.0436,0.2607,0.1135,0.8364
2.1818,12.7912,1.2753,path,5.2879,7.2400,1.9711,-2.1817,0.0132,2.1369,1.3758,1.3815
1.5675,119.6595,0.7641,path,3.1022,4.8400,0.1104,1.4348,0.6312,1.9336,1.3479,0.9543
0.5377,2.8521,0.0276,combined,1.2744,5.0800,0.2786,0.3856,0.3748,1.3819,0.4596,0.3514
1.3253,5.7669,0.6592,path,2.7937,6.9000,0.9338,-0.8515,1.0155,1.9217,1.0387,1.0939
0.5874,1.2376,1.7295,path,5.9634,4.1600,0.3533,-0.5790,0.0985,1.8663,1.4132,1.0958
0.6067,2.5046,0.0811,combined,1.7473,4.0600,0.0992,0.5966,0.1102,1.8739,0.7786,0.4020
0.5693,2.5329,0.0508,turn,0.0000,5.0400,0.0000,nan,nan,0.6255,0.2080,1.1246
0.0255,0.7453,0.0105,stand,0.0000,6.4000,0.0000,nan,nan,0.1824,0.0325,1.5212
0.5114,5.7425,0.0816,lateral,0.6870,5.8800,0.5060,-0.0054,0.5114,0.8082,0.2320,0.6451
1.6437,26.2563,1.8076,path,2.2950,5.3400,0.9497,0.5832,1.5368,2.1625,1.4556,1.5830
2.1060,3.6883,0.6693,path,0.7222,4.6000,1.2506,-0.6094,2.0159,1.8708,0.9896,1.1561
1.0123,0.4825,1.5043,path,3.9018,6.5200,0.8304,-1.0121,0.0201,1.9306,1.2693,1.0811
0.5087,7.4235,0.0870,combined,1.7111,4.0000,0.5052,0.0272,0.5080,1.1175,0.4820,0.8405
0.0699,0.6801,0.0367,stand,0.0000,5.6600,0.0000,nan,nan,0.1925,0.0368,1.3240
0.5832,5.0138,0.0996,turn,0.0000,5.8200,0.0000,nan,nan,0.6727,0.2090,0.5173
0.5241,6.1309,0.1616,straight,1.0014,4.8400,0.5171,-0.5237,0.0183,0.4973,0.1548,1.1950
0.5287,7.2123,0.1034,combined,1.3979,5.2400,0.5265,-0.3246,0.4174,0.7875,0.2332,1.5174
0.5788,4.5218,0.0392,turn,0.0000,7.0600,0.0000,nan,nan,0.7301,0.1711,0.7989
0.5390,0.8010,0.1149,lateral,1.0928,6.2000,0.5248,0.0427,0.5373,0.9831,0.2706,0.4824
0.5447,2.8855,0.1291,combined,1.5094,7.0000,0.5273,-0.5447,0.0046,0.7578,0.1929,0.6594
1.6532,16.3634,1.2312,path,1.6926,7.5000,0.9728,-1.3993,0.8804,1.5937,1.0449,0.7300
0.5488,5.9532,0.0736,combined,1.2965,7.3200,0.2037,0.5472,0.0418,1.5440,0.3742,1.1901
1.3386,163.5978,0.9374,path,2.1134,7.2000,0.7342,-1.1726,0.6456,1.9846,0.8582,1.5272
0.4773,7.3405,0.0861,straight,0.2314,6.0000,0.0275,0.4763,0.0301,1.2283,0.2607,0.4796
0.4466,1.0831,0.0127,combined,1.4481,7.2400,0.4443,-0.3138,0.3178,0.8745,0.2193,1.2432
3.0676,4.1491,1.7180,path,2.4321,7.0000,1.1442,-1.5795,2.6297,2.1857,1.4862,1.4621
2.6276,16.9437,1.7766,path,7.5367,4.1600,2.5214,-2.5438,0.6585,2.2002,1.5584,1.2237
0.6046,5.9403,0.0980,straight,1.9526,4.2400,0.1171,0.6027,0.0478,1.9031,0.7774,1.1316
0.4566,4.1205,0.1676,combined,2.2199,6.7400,0.4537,-0.4429,0.1113,1.1217,0.3148,0.4647
0.4892,4.1528,0.0608,combined,1.0708,6.0800,0.4892,-0.4697,0.1368,0.5203,0.1442,1.4480
2.2772,106.7203,0.2663,path,2.0455,5.7600,0.8398,2.2498,0.3517,1.9615,1.4103,0.9830
0.5192,7.9935,0.0183,combined,1.4865,7.7000,0.5088,-0.2538,0.4530,0.9274,0.2106,0.8192
0.5399,3.9009,0.1108,turn,0.0000,5.2600,0.0000,nan,nan,0.8119,0.1767,0.0000
2.9350,51.5256,0.9241,path,3.9282,6.0800,1.4311,2.7670,0.9786,1.9327,1.4583,1.3140
0.5704,0.0892,0.0324,combined,0.4420,7.8000,0.4400,-0.5628,0.0929,0.2843,0.0980,0.9420
2.5922,32.8030,1.1757,path,0.2361,4.5600,2.2781,0.1918,2.5850,1.8116,1.1866,0.5184
2.2319,1.7871,0.5000,path,2.7038,6.7600,1.2898,-2.1641,0.5460,2.0349,0.9873,1.0484
0.5685,3.7681,0.0552,turn,0.0000,6.9000,0.0000,nan,nan,0.6190,0.1530,1.4056
0.5400,5.2934,0.0362,lateral,0.7353,4.8200,0.5391,-0.0678,0.5357,0.8166,0.2562,0.5614
2.1648,17.5806,1.9679,path,5.1961,7.0000,1.9737,-0.4908,2.1084,2.0823,1.6821,1.4914
0.5428,1.5207,0.1155,combined,1.3681,6.2600,0.4723,0.5083,0.1902,1.5333,0.4355,0.6455
0.4687,7.4381,0.0798,combined,1.5386,5.7400,0.4684,-0.0820,0.4615,0.8317,0.3037,0.3723
0.5489,1.9564,0.0715,turn,0.0000,4.6000,0.0000,nan,nan,0.7204,0.2388,1.0683
0.6081,3.8707,0.1598,straight,0.0243,7.2600,0.0243,-0.6081,0.0023,0.5728,0.1496,0.6226
0.5398,5.8863,0.0619,turn,0.0000,6.6600,0.0000,nan,nan,0.5657,0.1637,0.8688
1.1748,3.9515,1.2720,path,4.2461,7.1800,0.7770,-0.4739,1.0750,1.8121,1.3697,1.5481
0.5956,1.1954,0.0881,lateral,0.1952,7.1600,0.1874,-0.0279,0.5950,0.4113,0.1345,0.8998
1.7990,8.4680,1.4418,path,5.8182,5.2000,1.3052,-1.2837,1.2605,1.8788,1.3553,1.1394
0.0436,0.5449,0.0097,stand,0.0000,6.9200,0.0000,nan,nan,0.2425,0.0457,0.4893
0.5031,3.5102,0.0502,lateral,0.5216,7.9800,0.4319,-0.0098,0.5030,0.8054,0.1779,1.1760
1.8153,9.8810,1.1231,path,4.0439,4.4400,0.8766,-1.7961,0.2632,2.0014,1.1482,0.3329
1.5381,102.3084,0.6127,path,1.6915,5.7400,0.8801,-1.4196,0.5921,1.1272,0.5557,0.7707
0.5160,2.2102,0.0818,straight,0.1777,7.1000,0.1689,-0.5158,0.0136,0.4259,0.1194,0.7371
0.5405,2.9313,0.1158,straight,0.4163,4.2200,0.0205,0.5403,0.0142,1.2193,0.3546,0.5763
1.3842,41.2792,0.7620,path,1.3625,7.8000,1.2583,-0.3907,1.3279,1.3440,0.8048,0.5693
1.6307,12.3750,2.0759,path,7.9476,7.6200,1.0271,-0.9832,1.3009,2.1414,1.6238,1.0429
0.5470,4.2660,0.0976,turn,0.0000,5.6800,0.0000,nan,nan,0.5853,0.1480,1.5748
0.6044,2.7259,0.0181,straight,1.0487,5.7000,0.0687,0.6044,0.0069,1.7017,0.4705,1.0587
1.6746,2.2450,1.0722,path,0.6208,4.8200,0.2131,-0.8648,1.4340,1.5475,0.8835,0.3897
1.8842,18.5632,0.6591,path,2.2037,7.3800,0.6991,-1.7878,0.5949,2.1161,0.9737,1.0278
0.5205,5.2681,0.0735,lateral,1.4119,6.1600,0.5086,-0.0607,0.5169,0.7474,0.2638,1.2629
2.7355,0.8412,1.5914,path,2.8547,7.1400,2.4415,-1.8790,1.9881,2.2640,1.5936,0.4331
0.4556,4.3957,0.0151,lateral,1.3844,6.7600,0.4392,0.1174,0.4403,0.7617,0.2538,0.3073
0.4896,3.0577,0.1725,combined,2.0090,7.8600,0.4885,-0.2777,0.4033,1.0454,0.2595,0.3531
0.4833,4.0886,0.0572,combined,1.7430,7.9200,0.4809,-0.2133,0.4337,0.8602,0.2339,0.9627
2.5457,0.6106,1.1501,path,7.7175,6.4400,1.9901,-2.0736,1.4767,1.7947,1.4095,0.4533
0.5732,2.5917,0.1436,lateral,1.2236,6.5600,0.5573,-0.0204,0.5729,0.8492,0.2603,0.3983
1.5499,144.4797,0.3053,path,1.1332,7.3800,1.5346,-0.5247,1.4583,1.5605,0.6471,0.6731
0.8578,3.7651,0.3997,path,1.3578,7.9400,0.7532,-0.8564,0.0490,1.2605,0.5193,0.5641
0.5518,5.8784,0.0808,combined,0.5626,5.1000,0.4768,-0.1183,0.5390,0.5588,0.1647,0.4777
0.4586,5.9121,0.0528,combined,2.0874,6.8800,0.4584,-0.4312,0.1563,1.1752,0.3206,0.9370
1.1964,7.0355,0.4887,path,0.7399,6.7000,0.8757,-0.3710,1.1375,1.5473,0.6885,1.0444
0.5459,3.0897,0.1097,straight,1.3983,7.8600,0.0228,0.5395,0.0832,1.7177,0.3505,1.3869
1.6847,43.4055,0.9251,path,0.0111,7.3600,1.6517,-0.2415,1.6673,1.7263,1.0344,0.9680
0.5188,3.1401,0.0960,combined,0.9179,5.0000,0.5069,-0.4421,0.2715,0.4976,0.1589,1.1179
0.5502,6.2398,0.0915,turn,0.0000,7.1000,0.0000,nan,nan,0.6327,0.1898,0.6659
0.0094,1.2942,0.0300,stand,0.0000,4.5000,0.0000,nan,nan,0.0676,0.0261,1.4168
0.4406,5.3152,0.0698,turn,0.0000,4.0200,0.0000,nan,nan,0.4744,0.1469,1.5813
6.6015,117.1149,1.3749,path,1.2211,6.8400,0.8986,-2.5196,6.1017,2.0652,1.3910,1.3492
0.5250,5.1897,0.0822,lateral,0.2095,5.7000,0.1882,-0.0122,0.5248,0.5889,0.1703,1.5912
0.5307,1.5853,0.0656,straight,1.2431,6.4800,0.5172,-0.5283,0.0499,0.6403,0.1591,0.5992
0.5741,3.7866,0.1084,combined,0.4482,7.7800,0.1683,0.4663,0.3349,0.8973,0.2240,0.4653
2.1677,16.5986,1.1309,path,2.3531,4.9200,1.2794,-2.0868,0.5868,1.9813,0.9346,1.3449
0.5347,2.6958,0.0595,turn,0.0000,5.7200,0.0000,nan,nan,0.7295,0.2043,1.0804
0.6583,2.7450,0.0965,combined,1.8352,6.2600,0.2657,0.6497,0.1059,1.6619,0.5106,1.4084
0.0243,0.6634,0.0190,stand,0.0000,5.6800,0.0000,nan,nan,0.1539,0.0340,1.1303
1.1754,6.3422,1.5673,path,7.9484,5.8400,0.8541,-0.8282,0.8340,1.9759,1.6922,0.9777
0.5354,6.9549,0.1274,straight,0.4457,6.2800,0.4457,-0.5350,0.0221,0.2158,0.0939,1.1115
0.5584,6.9791,0.0473,straight,1.2976,5.6800,0.0122,0.5580,0.0191,1.6594,0.4652,0.9885
0.5232,5.6716,0.1463,turn,0.0000,6.3000,0.0000,nan,nan,0.7670,0.1870,1.5835
0.4843,2.6725,0.0748,turn,0.0000,7.3000,0.0000,nan,nan,0.8758,0.1766,0.8115
1.9203,5.3516,1.2683,path,4.2018,6.4400,1.1826,-1.8221,0.6064,1.5699,1.0227,0.9328
0.0075,0.3570,0.0272,stand,0.0000,7.5400,0.0000,nan,nan,0.1187,0.0281,1.5955
1.5299,18.2645,1.0029,path,3.5629,6.5200,0.8612,1.4704,0.4224,2.1155,1.4668,0.3480
2.5659,7.5793,1.3737,path,2.0861,6.1600,2.3934,-1.6138,1.9948,2.1832,1.6627,0.5436
1.4718,10.2358,1.3554,path,3.9446,4.3600,0.9486,-1.4398,0.3051,1.9568,0.9942,0.4051
0.9786,159.9107,0.4528,path,0.1726,7.4600,0.6468,-0.9284,0.3094,1.0074,0.4611,1.0900
0.0191,0.8857,0.0080,stand,0.0000,6.4200,0.0000,nan,nan,0.1079,0.0268,1.3685
0.7465,139.7829,0.9427,path,0.6496,7.1000,0.5102,0.3475,0.6607,1.5225,0.8596,0.4238
0.5605,1.8925,0.0867,turn,0.0000,4.0400,0.0000,nan,nan,0.3112,0.1795,1.5854
1.1515,12.4629,0.8510,path,2.1469,4.0800,0.9579,-1.0021,0.5672,1.6832,0.7031,1.5398
0.5070,2.7640,0.1331,combined,1.6776,6.7400,0.4743,0.4550,0.2236,1.7347,0.4390,0.0000
0.5449,5.4939,0.0692,combined,1.9353,6.0800,0.5390,-0.5307,0.1236,1.0752,0.2971,1.1370
0.5488,3.6501,0.1060,combined,1.3581,5.1200,0.5402,-0.2009,0.5107,0.8260,0.2642,1.0784
0.4583,5.5154,0.0539,lateral,0.4919,7.2200,0.4292,-0.0961,0.4481,0.5712,0.1584,0.5508
0.4862,5.2372,0.0264,straight,1.9796,5.5800,0.1196,0.4842,0.0433,1.6604,0.5807,0.6527
1.1748,10.0878,0.9960,path,1.6144,4.4000,0.8223,-1.1116,0.3804,1.2136,0.8366,0.8333
0.5667,6.3636,0.0093,combined,2.3151,5.3200,0.5647,-0.5639,0.0559,1.0994,0.3582,1.3586
0.5476,2.6154,0.0369,turn,0.0000,6.6600,0.0000,nan,nan,0.6738,0.1883,1.0955
0.4835,4.0556,0.0131,turn,0.0000,5.8600,0.0000,nan,nan,0.7107,0.1750,1.3010
0.4983,3.6374,0.1101,turn,0.0000,6.6400,0.0000,nan,nan,0.7982,0.1961,1.0014
0.5248,4.0634,0.1560,combined,1.1677,5.2400,0.5133,-0.0557,0.5219,0.6776,0.2387,1.5187
0.5327,4.6781,0.0862,combined,1.1385,7.1200,0.5142,0.3907,0.3621,1.5231,0.3626,0.7029
0.5078,4.9725,0.0721,straight,0.1519,5.7600,0.1516,-0.5078,0.0003,0.7349,0.1755,1.4597
1.9524,97.4427,1.1063,path,3.1657,4.0400,0.9070,-1.4649,1.2907,1.9541,0.9045,1.1686
0.5453,5.2900,0.0616,turn,0.0000,4.5000,0.0000,nan,nan,0.7245,0.2265,1.5777
1.6033,4.6313,0.6355,path,1.9900,4.7200,0.9735,-1.3490,0.8665,1.3970,0.5920,0.6506
0.5584,0.1522,0.1579,combined,1.8650,6.7600,0.4600,0.5309,0.1730,1.9043,0.4851,1.3970
0.5055,5.0916,0.0528,straight,0.2266,4.6800,0.0110,0.4917,0.1171,0.8866,0.2636,0.3460
2.5111,0.1019,1.8468,path,1.5610,7.0200,1.5489,-0.1694,2.5054,2.2538,1.5813,0.5149
2.8536,2.2073,0.4588,path,3.4190,4.1200,0.7465,-2.5727,1.2347,2.0796,0.7990,0.6949
0.5104,5.4494,0.1012,combined,1.2831,5.8600,0.5104,-0.3966,0.3213,0.9142,0.2149,0.9287
0.4663,1.4877,0.1759,combined,1.0529,5.0000,0.4482,-0.0632,0.4620,0.8328,0.2333,0.9704
1.5027,11.9919,0.8567,path,1.6193,7.5800,1.3521,-1.3164,0.7247,2.1126,1.3542,1.5958
0.5261,1.1491,0.0281,lateral,1.4406,6.9000,0.5261,-0.1103,0.5144,0.6489,0.2289,0.4194
0.5876,6.0273,0.1858,turn,0.0000,6.2800,0.0000,nan,nan,0.8034,0.2256,1.4417
1.4216,1.3653,0.8361,path,1.8007,4.6600,1.1543,-1.0487,0.9597,1.7644,0.7656,1.0162
0.5538,4.8219,0.0565,straight,0.1931,6.2000,0.0161,0.5538,0.0038,0.9248,0.2182,0.5018
0.5835,1.0293,0.0574,straight,1.6799,4.9800,0.5834,-0.5831,0.0211,0.9082,0.2656,0.7810
0.4976,4.8047,0.1192,turn,0.0000,6.6000,0.0000,nan,nan,0.6530,0.1477,0.6746
1.9944,7.4862,1.5831,path,2.4301,4.9200,1.0643,1.0894,1.6706,2.1651,1.2257,1.0517
1.1187,3.6797,1.2490,path,3.3774,6.1400,0.6126,-0.4608,1.0194,1.7985,1.0507,0.4036
0.4674,0.0409,0.1156,straight,0.2231,7.1800,0.0211,0.4664,0.0303,1.0103,0.2207,1.5323
0.5696,2.2653,0.1015,turn,0.0000,4.5400,0.0000,nan,nan,0.6441,0.2087,1.2156
0.5560,5.6693,0.0939,combined,1.2760,7.4800,0.5481,-0.3122,0.4601,0.5736,0.1596,0.4513
1.3748,178.9112,1.3256,path,1.0812,4.1200,0.9913,0.9955,0.9481,1.8916,1.2933,1.2346
0.5286,3.8933,0.0879,straight,0.4963,7.6400,0.0264,0.5286,0.0071,1.2800,0.2705,1.4073
0.5435,4.0597,0.0574,turn,0.0000,7.3200,0.0000,nan,nan,0.7112,0.1656,1.2043
0.5439,4.2078,0.1478,straight,1.8818,5.6800,0.5336,-0.5431,0.0291,0.9756,0.2810,0.9730
0.5462,3.3294,0.1391,combined,2.2314,5.2000,0.5369,-0.4862,0.2489,1.1347,0.3780,1.3612
1.5546,14.9440,0.6401,path,3.5788,6.0600,0.7578,0.3958,1.5034,1.8292,1.1512,0.3451
2.7628,1.8713,0.7994,path,4.0405,4.0200,1.3515,-2.1944,1.6786,1.6682,0.8190,1.0179
1.1734,26.0005,0.7521,path,2.2647,5.2200,0.6154,-1.1437,0.2622,1.3967,0.6685,1.5052
0.0415,0.5597,0.0173,stand,0.0000,7.3800,0.0000,nan,nan,0.0956,0.0291,1.2343
1.8326,0.1733,1.2485,path,3.3551,5.2800,1.3142,-0.6009,1.7313,1.7057,1.3580,1.5020
2.0521,16.0516,1.6810,path,0.9777,7.2400,1.2006,-2.0427,0.1966,2.0519,1.3344,1.4732
1.1528,19.6889,1.4402,path,2.5377,7.2800,0.6032,-0.6574,0.9469,1.8433,1.2784,0.8593
1.5841,94.8092,0.8409,path,1.4493,5.2600,0.4026,-0.6214,1.4571,1.2120,0.5226,0.3286
0.5106,2.6760,0.0719,lateral,1.2916,4.5800,0.5095,-0.0877,0.5030,0.7745,0.3123,1.0022
2.3300,8.0614,1.0958,path,3.3955,7.2400,1.3356,-1.8761,1.3817,1.2886,0.9665,0.5014
0.6284,2.5915,0.0416,straight,0.8721,4.1000,0.0788,0.6269,0.0437,1.3245,0.4706,1.0461
0.5345,5.9746,0.1248,turn,0.0000,6.8800,0.0000,nan,nan,0.6032,0.1573,1.3744
0.5314,3.9496,0.1333,straight,0.6942,5.6600,0.0103,0.5299,0.0408,1.6467,0.3775,0.9739
0.5803,0.9904,0.0379,straight,0.0723,7.6000,0.0231,0.5801,0.0157,0.5386,0.1532,1.2150
0.5699,5.0040,0.1225,combined,0.8439,4.3600,0.3835,0.5413,0.1782,1.3411,0.4818,1.1633
0.6146,1.4426,0.1031,combined,2.2273,4.3000,0.6146,-0.0002,0.6146,1.2882,0.5969,0.4468
0.5976,7.0506,0.0230,lateral,0.8335,7.8600,0.5888,-0.0872,0.5912,0.8534,0.1946,0.7126
0.4699,3.5200,0.1320,turn,0.0000,5.7600,0.0000,nan,nan,0.5316,0.1175,1.0169
0.5731,0.6614,0.0571,lateral,0.1564,7.7400,0.1462,0.0293,0.5724,0.3628,0.1269,0.4931
1.5150,13.5347,0.7279,path,1.0167,4.5200,1.5019,-0.6822,1.3527,1.6572,0.8361,1.5689
0.4802,6.5482,0.0363,straight,0.8787,4.8600,0.4686,-0.4718,0.0893,0.4718,0.1415,1.5192
2.6301,2.7511,1.6596,path,4.7609,5.9600,1.6496,-2.5569,0.6163,1.7753,1.2998,0.3702
0.5535,5.0212,0.2038,turn,0.0000,6.6200,0.0000,nan,nan,0.7378,0.1974,0.8802
1.8152,45.7284,0.5011,path,0.4130,7.7200,0.1470,-1.7871,0.3184,0.9522,0.4956,1.3899
2.0078,121.6475,0.1401,path,1.4948,4.3200,0.0562,-2.0069,0.0613,1.0451,0.4860,0.5179
0.4502,1.9855,0.1383,turn,0.0000,7.4200,0.0000,nan,nan,0.4507,0.1358,0.5599
0.5563,7.0587,0.0878,combined,1.5130,4.0000,0.5517,-0.5493,0.0876,0.8500,0.2838,1.1805
0.5649,2.7418,0.0480,combined,0.5440,7.5200,0.1994,0.5413,0.1615,1.3691,0.2777,0.6321
1.2855,20.2075,0.5449,path,0.8971,4.0800,0.8777,0.8273,0.9839,1.6378,1.0031,0.3154
0.6281,2.3388,0.0745,combined,1.2613,5.1000,0.6281,0.4137,0.4726,1.4416,0.4641,1.2505
0.5362,3.7430,0.0709,lateral,0.9418,7.7400,0.5215,0.0116,0.5361,0.8391,0.2067,0.6564
0.4672,1.9365,0.1815,turn,0.0000,6.9800,0.0000,nan,nan,0.9602,0.1604,0.5418
0.5424,5.1327,0.0729,combined,1.8726,5.1200,0.5424,-0.2653,0.4731,1.0048,0.3458,1.1509
0.5271,5.4779,0.1183,lateral,0.7242,5.3600,0.5200,-0.0974,0.5180,0.8655,0.2416,0.4030
0.5393,2.6285,0.0740,straight,1.5876,4.2000,0.5370,-0.5388,0.0217,0.8859,0.2936,1.0019
0.4675,0.4863,0.1474,straight,0.9367,5.4800,0.4557,-0.4675,0.0034,0.6015,0.1633,0.6205
0.4676,3.7400,0.0720,lateral,1.0576,6.2000,0.4676,0.0542,0.4644,0.7248,0.2349,0.4450
0.6105,3.2196,0.1418,straight,0.7883,7.9400,0.5944,-0.6104,0.0111,0.3603,0.1089,1.4960
0.5641,1.4198,0.1532,turn,0.0000,6.0600,0.0000,nan,nan,0.4553,0.1637,1.1314
0.5872,1.3621,0.0334,lateral,0.5878,7.3000,0.4198,-0.0185,0.5869,0.5904,0.1811,0.3706
0.5548,5.3168,0.0523,straight,1.2489,5.8200,0.5438,-0.5546,0.0135,0.6589,0.1681,1.3727
0.5039,5.8935,0.1563,combined,1.7007,5.4400,0.2818,0.4939,0.0997,1.4396,0.5203,0.9525
0.5708,4.0332,0.0332,combined,1.5530,4.1400,0.5574,-0.5591,0.1147,0.8661,0.2868,1.1246
2.3128,8.5369,1.1657,path,2.3667,4.9400,1.9165,-0.3824,2.2809,2.0293,1.4623,1.0447
0.4700,5.1919,0.0527,straight,0.6590,4.8000,0.0094,0.4646,0.0709,1.0380,0.3293,1.3638
0.5409,2.6788,0.0795,combined,1.9812,4.4800,0.5409,-0.2626,0.4729,1.1145,0.4332,1.0866
0.6225,6.0198,0.1197,straight,0.7961,6.9400,0.0448,0.6210,0.0437,1.4260,0.3319,0.8463
0.6062,0.7103,0.0815,turn,0.0000,6.4800,0.0000,nan,nan,0.8390,0.2258,1.0613
1.4877,1.9819,1.2105,path,3.4382,6.4200,0.9837,-0.4109,1.4298,1.7502,1.2986,0.8008
0.6395,1.0867,0.2900,combined,1.8139,4.2800,0.6336,-0.0728,0.6353,1.0502,0.4976,0.4020
0.5256,2.3706,0.1022,lateral,1.0874,7.9800,0.5059,-0.0064,0.5255,0.9719,0.2213,0.4089
1.2962,7.8501,1.4771,path,1.8595,7.5600,0.7947,1.2757,0.2295,1.6960,1.0881,1.2377
0.0204,0.1579,0.0181,stand,0.0000,4.4200,0.0000,nan,nan,0.1875,0.0334,0.8364
0.5244,4.0131,0.0974,combined,1.4858,5.8400,0.5244,-0.3147,0.4195,0.9773,0.2437,0.4251
1.2246,5.4092,1.1938,path,2.4790,4.4800,0.7091,-1.1658,0.3748,1.3903,0.9356,1.2819
0.5091,2.2967,0.0214,lateral,0.0380,5.5200,0.0380,-0.0023,0.5091,0.8126,0.2167,0.9823
0.5644,7.9894,0.0966,straight,0.7200,6.8800,0.0453,0.5638,0.0272,1.6942,0.3197,0.7640
2.4451,1.9596,1.3973,path,2.9645,6.4800,1.7508,-2.3795,0.5627,2.0503,1.2611,1.5676
2.3631,5.4532,1.3208,path,2.5995,4.6600,1.6512,-2.2644,0.6757,1.8240,1.2181,0.4021
0.6178,0.1331,0.0765,lateral,0.4996,7.5600,0.3796,0.0986,0.6099,0.9016,0.2153,0.3395
2.5509,18.7287,1.4986,path,6.3162,6.9600,0.3379,-1.6522,1.9436,2.0461,1.3260,1.4781
0.4537,3.0564,0.0739,lateral,0.8871,6.7000,0.4537,-0.0137,0.4535,0.7499,0.2222,1.3117
1.0475,22.3131,0.2691,path,4.0587,7.6400,0.3047,-0.9787,0.3733,1.8082,0.7083,0.3785
0.6353,2.4022,0.1245,combined,1.8789,7.7600,0.6283,-0.3170,0.5505,0.8898,0.2556,1.2275
0.5570,4.0848,0.0375,combined,0.8501,4.8000,0.3863,0.2786,0.4824,1.1980,0.3618,0.6758
0.6132,3.6205,0.1236,straight,0.8320,6.0800,0.0623,0.6131,0.0103,1.5701,0.3765,0.9450
0.5891,4.5285,0.0552,turn,0.0000,5.1000,0.0000,nan,nan,0.7598,0.2180,0.9593
0.5662,3.3269,0.1616,turn,0.0000,5.3000,0.0000,nan,nan,0.7409,0.2115,0.5413
0.6081,0.3613,0.0265,straight,0.0333,7.6400,0.0333,-0.6081,0.0078,0.8011,0.1757,0.6089
0.6375,4.7072,0.0819,combined,1.3995,5.9800,0.6294,-0.4441,0.4574,0.6824,0.1894,0.4934
0.0233,4.4564,0.0286,stand,0.0000,7.0800,0.0000,nan,nan,0.1763,0.0458,0.7135
0.0144,1.0803,0.0400,stand,0.0000,7.3800,0.0000,nan,nan,0.0942,0.0277,1.0724
0.5604,5.1017,0.1011,straight,0.0788,6.8600,0.0773,-0.5503,0.1056,0.8284,0.1834,0.6125
0.5721,2.6471,0.0604,straight,0.8855,5.3200,0.5468,-0.5720,0.0079,0.4376,0.1121,0.4031
0.5457,3.0464,0.1209,lateral,1.0551,4.1400,0.5457,-0.1236,0.5316,0.6591,0.2769,0.6455
0.0247,0.0796,0.0194,stand,0.0000,6.2600,0.0000,nan,nan,0.1273,0.0281,0.6742
0.5020,5.8331,0.1267,lateral,0.5222,4.4600,0.4838,0.0302,0.5011,0.7911,0.2622,1.4480
0.5579,1.2561,0.0927,combined,1.2624,5.5200,0.5579,0.0185,0.5576,0.8178,0.2764,0.6183
0.4441,5.6433,0.0720,combined,1.2112,5.9600,0.4351,-0.4188,0.1478,0.7877,0.2025,1.4193
0.5772,2.8824,0.0142,combined,1.3661,6.1800,0.3254,0.3944,0.4215,1.6560,0.4979,0.7841
0.4682,4.6038,0.1577,turn,0.0000,4.7400,0.0000,nan,nan,0.5663,0.1812,1.2432
0.5646,2.0742,0.0996,combined,1.1375,4.0400,0.1512,0.5522,0.1176,1.4317,0.5797,0.7371
0.6066,3.7798,0.0615,straight,1.0405,7.9200,0.0210,0.6009,0.0829,1.6559,0.3297,0.5032
0.5107,5.3510,0.0349,straight,0.2732,7.0000,0.2715,-0.5095,0.0351,0.4066,0.1277,1.1435
2.9893,45.3345,1.8304,path,7.4515,4.2200,2.7304,-1.3601,2.6619,2.1721,1.8715,1.3999
0.5306,3.9331,0.0600,lateral,0.0965,4.4800,0.0918,0.0547,0.5277,0.6792,0.2334,0.5614
0.5659,3.6868,0.0083,turn,0.0000,5.1000,0.0000,nan,nan,1.0510,0.2691,1.3240
0.5766,4.8053,0.0266,combined,1.7861,7.9400,0.5640,-0.5749,0.0431,0.9766,0.2119,0.8652
2.2513,132.2387,0.5149,path,1.0456,4.9600,0.8311,2.1577,0.6425,2.1331,1.0193,0.7709
1.0254,6.2456,1.0645,path,4.6290,7.1000,0.5423,-0.5275,0.8793,1.9526,1.3644,0.8607
0.5616,2.2300,0.0251,turn,0.0000,4.9800,0.0000,nan,nan,0.5810,0.1856,1.1316
0.5746,2.5377,0.0403,lateral,0.0940,6.5200,0.0881,-0.0072,0.5746,0.5382,0.1773,1.4472
0.5663,4.2381,0.0214,combined,0.1996,5.2200,0.0321,0.5176,0.2298,0.6872,0.2529,0.7989
3.9382,75.3600,0.5545,path,3.3879,6.1600,0.2706,-3.9380,0.0404,1.4881,0.7115,0.8797
1.6403,69.6224,0.3843,path,0.8845,5.4800,1.0577,-1.3555,0.9237,1.3561,0.7306,0.6861
0.5606,4.4012,0.0912,straight,0.7197,6.1800,0.0299,0.5474,0.1210,1.5149,0.3691,0.4774
0.4563,2.8556,0.0960,straight,0.8132,4.7600,0.4450,-0.4539,0.0470,0.4757,0.1391,0.3723
0.0312,1.7594,0.0257,stand,0.0000,5.4000,0.0000,nan,nan,0.1223,0.0327,0.5173
2.5414,33.8043,0.8442,path,3.7314,6.3200,1.1567,-2.5357,0.1700,1.2746,0.6914,0.3915
2.7154,141.5669,1.8287,path,1.4882,6.7800,0.7797,-0.3904,2.6872,1.7739,0.9284,1.4267
0.5457,3.3816,0.1823,straight,1.6844,4.6200,0.5396,-0.5379,0.0920,0.9734,0.2930,0.4893
0.4814,7.0131,0.0709,combined,0.8526,4.1200,0.4776,-0.4791,0.0470,0.5167,0.1849,0.9370
0.4886,3.4060,0.1472,lateral,0.2269,4.3400,0.1949,0.0131,0.4884,0.7867,0.2405,1.2629
1.6689,11.5754,0.6881,path,1.5154,5.7000,0.3803,-0.3440,1.6330,1.4980,0.7453,0.5447
0.5147,4.3494,0.1288,turn,0.0000,5.6400,0.0000,nan,nan,0.5631,0.1635,0.6451
0.6333,1.4359,0.0178,combined,1.6054,7.0200,0.6108,-0.6327,0.0265,0.7160,0.1727,0.6907
0.4139,4.3427,0.1311,combined,0.6725,7.2200,0.2510,0.3765,0.1720,1.1378,0.2641,1.0650
1.2271,43.3918,0.2108,path,2.0123,6.3600,1.0800,-1.2132,0.1843,1.1296,0.4062,0.3817
2.5412,69.6943,1.5698,path,1.9364,5.8000,0.9879,-0.3225,2.5206,2.1498,1.5070,0.9601
1.1009,18.2510,0.4866,path,1.6271,4.5200,0.7698,-1.0693,0.2622,1.0649,0.4612,0.6327
1.8927,0.7093,1.0996,path,4.2145,5.4800,1.2225,-1.8426,0.4327,1.5701,0.9458,0.3238
1.6841,6.6555,1.8522,path,0.9398,6.4600,1.2877,1.6630,0.2657,1.9019,1.2847,0.4828
2.0004,5.5403,1.5121,path,5.7012,6.7800,1.4559,-0.8795,1.7967,2.0464,1.6651,1.5267
0.4515,5.1709,0.0341,turn,0.0000,7.9000,0.0000,nan,nan,0.5710,0.1178,0.6698
0.5219,5.9585,0.1540,turn,0.0000,7.4400,0.0000,nan,nan,0.7002,0.1771,1.1168
0.5363,3.4180,0.1031,straight,0.9735,6.1200,0.0156,0.5314,0.0718,1.3644,0.3970,0.4791
2.4608,5.4276,1.2358,path,4.4043,5.1600,1.4949,-2.4452,0.2760,1.4508,1.1145,0.7604
2.1830,31.9220,1.2905,path,1.6612,4.6400,0.3459,-1.9068,1.0629,1.9539,0.8512,0.8813
0.0111,4.1142,0.0345,stand,0.0000,4.4000,0.0000,nan,nan,0.1511,0.0320,0.6659
2.4045,5.8389,1.1584,path,3.8652,6.1200,1.7038,-2.3807,0.3377,1.8418,1.1701,0.9501
0.4471,5.8279,0.1644,combined,0.8454,5.6000,0.4471,-0.2481,0.3720,0.5095,0.1541,0.4647
0.5498,4.1250,0.0661,combined,1.3066,4.6000,0.2632,0.5325,0.1368,1.7550,0.5286,0.4777
0.5374,4.9858,0.0212,combined,1.6045,4.1400,0.5374,-0.5270,0.1051,0.8832,0.2854,1.1115
0.5305,5.3097,0.0785,turn,0.0000,7.8400,0.0000,nan,nan,0.8109,0.1658,1.5132
0.5261,7.8650,0.1298,lateral,0.1271,6.2200,0.1234,0.0775,0.5203,0.6514,0.1807,0.3514
0.5898,1.1786,0.0926,straight,1.7564,5.2200,0.0239,0.5893,0.0230,1.7916,0.6062,0.8998
0.5277,2.6754,0.0582,combined,0.7466,4.2000,0.4858,-0.0231,0.5272,0.8396,0.2725,1.5835
0.4758,3.3903,0.0669,combined,1.3343,7.3800,0.4684,0.3524,0.3197,1.4658,0.3406,1.5760
0.6347,3.6166,0.1208,combined,1.1482,6.6600,0.6247,-0.5496,0.3174,0.4297,0.1306,1.4198
1.5638,12.6029,1.4441,path,2.9176,5.4400,1.0566,-1.5347,0.3000,1.9679,1.1092,0.5810
0.4992,3.0171,0.1361,lateral,1.0580,4.2800,0.4992,-0.0391,0.4977,0.8337,0.3077,0.8115
0.5634,8.6042,0.0125,combined,0.6853,6.7800,0.3061,0.4735,0.3053,1.2369,0.2812,1.4592
0.4463,4.6187,0.0877,turn,0.0000,4.9800,0.0000,nan,nan,0.3982,0.1320,0.3073
0.4884,4.8937,0.1061,combined,1.7301,5.0000,0.4856,-0.4624,0.1575,1.1016,0.3062,0.3531
0.5411,1.3253,0.1418,combined,1.7573,5.1600,0.5280,-0.4032,0.3608,1.0231,0.3326,0.5763
5.2640,26.7306,1.7947,path,3.3461,6.0000,1.5114,-3.1771,4.1971,1.9490,1.3053,0.7362
0.6676,8.9603,0.2185,combined,2.3087,4.1200,0.6676,-0.5236,0.4142,1.0307,0.4815,0.6527
1.3721,14.4279,0.6959,path,0.1940,4.5000,0.6386,0.0601,1.3708,1.8160,0.9490,1.5847
1.1613,11.8283,1.2150,path,4.6381,4.1000,1.1613,-1.0282,0.5399,1.8364,1.2307,0.3333
1.6716,105.1404,0.8784,path,1.7622,6.4400,1.6348,-0.7350,1.5014,1.5710,0.8013,1.4635
0.5176,3.2897,0.0375,turn,0.0000,4.9000,0.0000,nan,nan,0.8524,0.1788,1.1179
0.5193,6.6273,0.0881,turn,0.0000,4.1400,0.0000,nan,nan,0.6612,0.2275,1.0014
0.5662,3.5651,0.0640,lateral,0.2119,6.5800,0.1863,0.0389,0.5649,0.6731,0.1777,1.5212
0.4508,4.7279,0.0270,straight,0.6920,6.8400,0.4373,-0.4378,0.1071,0.3541,0.1091,0.7849
0.0143,0.2959,0.0018,stand,0.0000,6.3800,0.0000,nan,nan,0.1616,0.0319,1.1950
0.0453,4.8698,0.0361,stand,0.0000,6.9200,0.0000,nan,nan,0.2322,0.0368,0.3720
0.4985,7.5105,0.0232,turn,0.0000,6.8400,0.0000,nan,nan,0.5732,0.1532,1.0100
1.8260,8.6992,1.3365,path,5.6495,5.3200,1.0588,-1.8029,0.2897,2.1685,1.0483,1.4258
1.7969,1.0937,1.7945,path,2.3701,4.6600,1.3135,-1.6278,0.7609,1.8686,1.2041,0.4355
0.5410,2.6672,0.0554,straight,1.0455,4.0400,0.0589,0.5378,0.0590,1.6683,0.5154,0.9287
3.3084,111.4582,0.0714,path,1.9425,4.1200,1.2363,-2.2817,2.3957,1.7131,0.6745,1.4908
0.5774,0.3928,0.1774,turn,0.0000,6.0600,0.0000,nan,nan,0.7694,0.2496,0.9420
0.4912,6.9602,0.1072,turn,0.0000,6.3800,0.0000,nan,nan,0.6270,0.1394,0.4796
1.3959,67.1569,0.5854,path,0.2275,7.0000,0.7167,-1.1771,0.7502,1.5609,0.5928,1.2241
1.3991,26.0006,1.0391,path,1.1214,6.3200,0.2021,1.3921,0.1402,1.8879,1.0994,0.4765
0.6025,1.4035,0.1430,combined,1.8014,6.2600,0.5923,-0.5250,0.2955,1.0477,0.2706,1.3100
0.6108,3.2918,0.1281,lateral,1.1505,5.9000,0.5925,0.0027,0.6108,0.7299,0.2542,0.6226
0.5362,5.8891,0.0457,lateral,0.2083,6.5000,0.2039,-0.1116,0.5245,0.7713,0.1779,1.1901
0.0326,1.8496,0.0139,stand,0.0000,7.6800,0.0000,nan,nan,0.2845,0.0568,0.9477
0.5860,9.0801,0.0098,combined,1.5469,4.6200,0.5842,0.2787,0.5155,1.3452,0.4998,1.1370
0.4496,3.1415,0.0946,combined,2.1647,7.0800,0.4451,-0.0474,0.4471,1.0543,0.3658,1.2889
1.2092,11.0939,0.9320,path,0.7580,4.5600,0.9820,0.0109,1.2092,1.7068,1.0955,1.4706
0.5271,2.7388,0.1032,straight,1.8111,6.3000,0.5261,-0.5250,0.0466,0.9320,0.2622,0.0000
2.5185,44.9843,1.1919,path,4.5498,5.0400,0.9353,0.5165,2.4650,1.9638,1.3555,0.9657
2.4275,10.5433,1.2448,path,2.0974,7.6000,1.1389,-2.0816,1.2489,1.4836,0.8705,0.7433
0.4708,7.7736,0.0401,combined,1.7999,7.7400,0.4646,-0.3894,0.2647,0.8892,0.2213,1.2373
0.5631,2.6861,0.0712,combined,1.6084,5.2600,0.4880,0.5104,0.2380,1.5915,0.5032,1.0804
0.5406,3.3120,0.0199,lateral,0.6935,5.3000,0.5262,0.0030,0.5405,0.6282,0.2196,1.5912
0.5554,2.2012,0.1748,lateral,1.0727,6.3000,0.5533,-0.0055,0.5554,0.8063,0.2363,1.4056
2.2795,1.9706,0.3319,path,2.7609,5.3000,0.1690,-2.2510,0.3590,1.4947,0.8031,0.9358
0.4769,7.9892,0.0493,combined,0.4669,7.3400,0.4175,-0.4261,0.2141,0.2335,0.0846,0.5383
0.5095,4.8259,0.1064,turn,0.0000,6.0200,0.0000,nan,nan,0.7794,0.1878,1.1760
0.5454,4.0801,0.0995,lateral,1.4820,4.7000,0.5454,-0.0170,0.5451,1.0815,0.3848,0.7029
0.5095,5.8168,0.0428,combined,0.1829,6.6000,0.1828,-0.3602,0.3603,0.4808,0.1541,0.8192
0.5021,4.9716,0.0843,turn,0.0000,6.9800,0.0000,nan,nan,0.6856,0.1743,1.5174
0.5153,1.3088,0.1621,lateral,1.4417,7.8800,0.4911,-0.0533,0.5126,0.8403,0.2414,1.2367
1.5790,10.6774,0.9043,path,5.6980,7.2200,1.1204,-1.0861,1.1461,2.4413,1.5621,0.8939
0.5553,5.9031,0.0517,turn,0.0000,5.5400,0.0000,nan,nan,0.9649,0.2267,0.4653
0.5276,3.5615,0.1014,straight,1.2752,5.0400,0.5262,-0.5271,0.0227,0.7068,0.1937,1.0784
0.7952,10.6005,1.5478,path,6.3873,5.3400,0.6999,-0.7079,0.3623,1.8767,1.3990,0.5559
1.8921,3.1810,1.0965,path,1.9518,5.9400,1.1434,-1.5622,1.0675,1.4758,0.9811,0.3396
0.0174,0.0219,0.0148,stand,0.0000,4.8800,0.0000,nan,nan,0.1759,0.0344,0.9704
1.7144,3.1077,1.2346,path,5.0176,5.4800,1.2840,-1.1154,1.3019,1.8434,1.3070,0.8081
0.5254,4.3292,0.1283,combined,1.4843,4.9600,0.2356,0.5085,0.1321,1.5861,0.5644,0.4194
0.5415,3.6149,0.1184,lateral,0.0688,5.6800,0.0686,0.0202,0.5412,0.9015,0.2163,0.9885
0.4978,3.2233,0.1380,lateral,0.8103,5.3000,0.4888,0.0719,0.4926,0.7615,0.2424,1.3010
0.5756,4.7519,0.0068,straight,0.4734,4.0600,0.4734,-0.5726,0.0584,0.2199,0.0905,0.6321
2.4811,15.4758,1.0650,path,1.9097,6.3000,1.0026,-2.4593,0.3281,1.3444,0.8439,0.4737
0.0050,0.0470,0.0159,stand,0.0000,5.2600,0.0000,nan,nan,0.1196,0.0299,1.5777
0.5290,4.4699,0.0965,turn,0.0000,5.4400,0.0000,nan,nan,0.5916,0.1646,1.4597
0.5672,8.1330,0.0289,combined,1.5847,4.1400,0.5620,0.3338,0.4586,1.3885,0.5789,0.4030
0.5625,2.2180,0.0914,lateral,1.3493,7.1400,0.5537,-0.0157,0.5622,0.8233,0.2455,1.0683
0.4975,5.7574,0.0792,straight,0.0953,5.6000,0.0069,0.4970,0.0218,0.8271,0.1964,1.5187
1.3623,132.2367,0.3337,path,1.9490,6.7200,0.2946,-1.0647,0.8499,0.9530,0.3970,0.5169
0.4939,3.3531,0.2098,combined,1.9178,5.1600,0.4913,0.0948,0.4847,1.2721,0.4569,1.3154
0.4858,5.5211,0.1078,turn,0.0000,6.7400,0.0000,nan,nan,0.4517,0.1461,0.9627
1.6192,9.4661,1.3512,path,3.0150,6.6400,0.9541,-1.6167,0.0907,1.4456,1.1739,1.1310
0.5403,2.7858,0.0505,combined,1.5939,5.3400,0.5395,-0.1397,0.5219,0.8423,0.2990,1.2043
0.5425,3.6758,0.1667,straight,1.7458,5.4200,0.5335,-0.5425,0.0059,0.9993,0.2700,1.2156
0.0070,2.9595,0.0607,stand,0.0000,6.6800,0.0000,nan,nan,0.1835,0.0317,1.5813
1.7810,60.9670,0.6058,path,1.8838,7.2000,1.7810,-0.6152,1.6713,1.4786,0.8095,1.5647
0.5460,4.6726,0.0413,straight,1.2255,5.6600,0.0131,0.5460,0.0052,1.6992,0.4429,0.5018
2.3696,104.5390,0.7228,path,3.4646,4.0400,1.3438,-2.2985,0.5761,1.3611,0.8798,0.3482
1.2177,5.9307,1.1598,path,7.0305,4.8600,1.1297,-1.1396,0.4291,2.3144,1.4282,1.3728
1.8711,4.4500,1.2132,path,3.2226,6.2000,0.9314,1.5043,1.1127,2.2543,1.3644,0.5462
0.5956,9.9444,0.1011,combined,1.8811,4.1200,0.5931,-0.1663,0.5719,1.2130,0.4842,0.4251
1.2771,3.7191,0.9762,path,2.6719,5.1200,0.8671,-1.2753,0.0681,1.3159,0.9858,1.5144
0.6133,4.3859,1.2729,path,2.4420,6.2000,0.4781,-0.4576,0.4083,1.5892,0.9939,0.3862
2.7387,5.9182,1.1039,path,6.0819,5.4800,2.4354,-1.8774,1.9939,1.9277,1.3084,1.3626
0.4794,3.0089,0.1389,combined,0.8298,5.7200,0.1017,0.4585,0.1400,1.4205,0.3728,1.2343
0.5963,0.6525,0.1284,straight,0.1576,7.5800,0.1576,-0.5963,0.0026,0.7333,0.1618,1.0587
3.7967,12.3937,0.7240,path,3.0029,5.3000,1.5202,-3.7412,0.6470,1.3189,0.7390,0.7171
0.5924,2.0884,0.0903,lateral,0.6685,7.4000,0.5106,-0.0126,0.5923,0.5177,0.1612,0.3983
0.0406,0.6205,0.0517,stand,0.0000,4.3400,0.0000,nan,nan,0.1616,0.0376,0.5413
1.2107,22.6418,0.3634,path,6.6327,6.4200,0.2936,0.8577,0.8545,2.0214,1.3774,1.4524
1.1372,3.7027,1.7020,path,4.0840,4.6600,0.7833,-1.1371,0.0123,1.9206,1.1724,0.7796
0.6070,6.6066,0.1409,lateral,0.2464,4.8400,0.2343,0.0679,0.6032,0.7481,0.2312,0.8463
0.5304,0.0530,0.0392,combined,2.2333,7.3200,0.5205,0.2940,0.4414,1.5863,0.4383,0.5992
0.6053,6.2604,0.2025,combined,2.2657,5.5600,0.6053,0.0478,0.6034,1.4407,0.5468,0.4932
0.9270,2.9550,0.8450,path,1.1982,6.4600,0.6372,-0.9164,0.1393,1.1995,0.6203,0.5160
1.0209,12.7030,1.2295,path,2.9785,6.9400,0.6074,-1.0193,0.0569,1.6801,1.2603,1.1930
0.5541,4.4571,0.0162,combined,1.3110,4.5000,0.5390,-0.3219,0.4510,0.6237,0.2586,1.5854
0.5605,1.2358,0.0369,combined,1.8950,4.4600,0.5605,-0.4835,0.2834,0.9494,0.3268,0.4031
1.0549,2.0889,1.6216,path,3.0560,6.5800,0.5160,0.3333,1.0008,1.8160,1.3291,0.5592
0.5416,2.9152,0.1364,straight,0.1664,7.8800,0.1664,-0.5385,0.0583,0.5697,0.1378,1.3869
0.0123,0.9501,0.0266,stand,0.0000,6.2200,0.0000,nan,nan,0.2151,0.0399,0.8286
1.6618,10.0000,1.1785,path,3.9026,6.2600,1.2707,-1.6617,0.0108,1.6701,1.0633,1.3629
0.6137,0.4978,0.0576,turn,0.0000,4.8600,0.0000,nan,nan,0.7083,0.2181,0.6089
0.5904,1.4341,0.0946,straight,1.3396,4.2000,0.0016,0.5882,0.0503,1.6567,0.6288,0.8652
0.4882,2.9470,0.1284,lateral,0.6852,5.1400,0.4829,0.0160,0.4879,0.7492,0.2267,1.3117
0.5405,2.3845,0.0642,combined,1.9111,5.3400,0.5012,0.4890,0.2303,1.8914,0.6032,0.4089
0.0090,3.0263,0.0203,stand,0.0000,5.2200,0.0000,nan,nan,0.1962,0.0370,0.3395
0.6297,5.1200,0.1150,turn,0.0000,5.0600,0.0000,nan,nan,0.6172,0.2187,0.9450
0.4560,0.8100,0.1201,turn,0.0000,4.7200,0.0000,nan,nan,0.5160,0.1614,1.4193
1.2411,3.7530,1.2372,path,2.2016,7.7200,0.9518,-0.6593,1.0515,2.0853,1.3599,1.0700
0.4726,3.0539,0.1609,combined,1.2682,7.0200,0.2606,0.4655,0.0818,1.6314,0.3811,1.5323
0.0129,2.6917,0.0468,stand,0.0000,6.3200,0.0000,nan,nan,0.1867,0.0328,1.5192
0.5944,3.0955,0.0632,turn,0.0000,7.1600,0.0000,nan,nan,0.4695,0.1489,0.7810
0.5735,0.2865,0.5987,path,5.5460,6.8200,0.2317,0.3530,0.4519,1.8846,1.1748,0.7170
1.4312,77.1946,0.7905,path,2.9615,4.1800,1.3992,-1.2405,0.7137,1.3799,0.8135,1.1695
0.5670,1.4317,0.0614,lateral,1.2434,6.0000,0.5670,-0.0036,0.5670,0.7227,0.2463,0.3706
0.5148,4.9470,0.2162,combined,0.5129,6.8400,0.5111,-0.4948,0.1423,0.5234,0.1146,1.3744
0.5873,2.9110,0.0192,path,4.9332,4.2400,0.4782,-0.5759,0.1151,1.9937,1.0870,1.2711
2.6919,1.0493,0.6084,path,1.6334,7.1400,1.0940,-2.5466,0.8725,1.5684,0.6789,0.5428
0.5373,3.6462,0.0134,turn,0.0000,4.8000,0.0000,nan,nan,0.6641,0.2500,0.4774
0.4417,3.2710,0.0132,combined,0.9328,4.0800,0.4347,-0.4338,0.0828,0.5369,0.1906,0.3073
1.8329,59.4690,0.9492,path,1.7590,7.5800,1.8321,-1.1046,1.4626,1.4471,0.8894,1.1681
0.4985,3.8656,0.1280,turn,0.0000,6.4200,0.0000,nan,nan,0.6299,0.1542,0.5480
2.4364,22.0032,1.2847,path,4.2143,5.3800,1.3429,-2.3414,0.6737,1.5161,0.9699,1.3023
0.6039,2.3093,0.0132,combined,2.2848,7.3400,0.5986,0.4924,0.3496,1.6480,0.4909,1.0461
0.5110,2.3671,0.0421,straight,1.9856,6.2600,0.5055,-0.5109,0.0096,1.0580,0.2893,0.9823
0.0009,2.0311,0.0191,stand,0.0000,4.4400,0.0000,nan,nan,0.1570,0.0329,1.4198
0.5555,6.3403,0.0505,combined,1.4668,5.0600,0.2875,0.5077,0.2255,1.6723,0.5455,0.4893
1.9795,22.9728,1.6383,path,8.5737,5.0000,1.1895,-1.7646,0.8970,2.0373,1.6670,0.8807
0.5894,5.4645,0.0471,combined,1.6782,4.9000,0.5854,0.3342,0.4854,1.4944,0.5329,0.6659
0.6276,2.9698,1.5161,path,4.9909,4.0400,0.4496,-0.5178,0.3546,1.6781,1.2648,1.5348
0.5625,4.9425,0.0196,turn,0.0000,5.6000,0.0000,nan,nan,0.7398,0.2162,1.1316
0.5731,2.2010,0.0848,combined,1.2852,4.7600,0.5728,-0.0017,0.5731,1.1368,0.3743,0.4020
0.0389,1.1147,0.0215,stand,0.0000,6.8400,0.0000,nan,nan,0.1924,0.0328,1.0866
1.4107,2.1759,1.3094,path,3.7555,5.8800,1.0716,-1.2869,0.5777,1.8304,1.0040,1.2001
0.6457,1.4386,0.0592,lateral,0.7591,5.4200,0.6084,0.0023,0.6457,0.6317,0.2140,0.6907
0.5776,0.9803,0.0684,combined,1.3992,4.4600,0.5657,-0.5422,0.1992,0.6442,0.2316,0.9420
0.5624,5.5828,0.0584,lateral,0.7667,7.5400,0.5548,-0.0732,0.5576,0.8358,0.2144,1.1805
1.8592,109.0415,0.1540,path,1.9611,5.7800,0.3896,-1.8466,0.2161,1.4924,0.6617,1.1249
0.5179,2.2002,0.1248,lateral,0.7216,5.0000,0.5143,-0.0739,0.5126,0.7547,0.2590,0.3471
0.5492,3.4325,0.1436,turn,0.0000,4.0000,0.0000,nan,nan,0.6427,0.2142,0.8364
0.4891,1.1830,0.0081,combined,1.0207,7.2000,0.4781,-0.4418,0.2100,0.5285,0.1637,0.9525
1.8043,18.1047,2.0921,path,3.0674,4.9000,0.7147,-1.5012,1.0010,2.0840,1.2968,0.7461
1.6167,1.9841,1.2355,path,4.0719,4.0200,1.2451,-0.5207,1.5306,2.0873,1.3621,1.1030
2.3370,11.9882,1.7792,path,2.6121,4.0200,1.0610,-2.2515,0.6265,1.8114,0.7402,0.3766
0.5607,5.5522,0.0856,turn,0.0000,6.7800,0.0000,nan,nan,0.7878,0.1710,0.6758
0.5315,1.0561,0.0336,turn,0.0000,4.3200,0.0000,nan,nan,0.5246,0.1927,1.5912
1.2679,2.0490,0.8163,path,2.4874,4.0600,0.7583,-1.2525,0.1967,1.2545,0.7837,1.1722
0.6148,3.3279,0.1667,straight,1.9246,4.0800,0.5939,-0.6128,0.0496,1.1189,0.3729,0.5032
0.0211,1.7004,0.0477,stand,0.0000,4.1000,0.0000,nan,nan,0.3366,0.0451,0.3997
0.5106,1.6497,0.0808,lateral,0.8363,6.2400,0.5086,-0.0171,0.5103,0.5763,0.1929,0.7371
0.5502,4.8152,0.1095,turn,0.0000,6.7600,0.0000,nan,nan,0.7769,0.1988,0.7135
1.4601,8.7619,1.2064,path,1.1443,4.0400,1.0412,-1.3235,0.6165,1.5478,1.0802,0.6306
2.7797,53.9460,0.3388,path,0.0316,4.2000,1.4394,-1.9257,2.0046,2.0906,1.2688,1.4820
0.5783,2.3116,0.1381,straight,1.1899,4.1600,0.0583,0.5773,0.0332,1.6169,0.5570,1.1246
0.4880,0.3717,0.0905,straight,0.3505,7.6600,0.3505,-0.4858,0.0461,0.2546,0.1066,0.5418
0.4767,1.5242,0.1203,straight,1.9751,4.6400,0.0161,0.4761,0.0235,1.5143,0.6492,1.2889
1.3285,1.6284,1.3519,path,6.1697,5.4800,0.8771,-0.7587,1.0905,1.8229,1.3252,1.0593
2.0056,33.6269,0.9709,path,3.3863,4.2200,1.1792,-1.9821,0.3062,1.4070,0.7270,1.1991
0.4742,2.2857,0.1311,lateral,1.4704,7.5600,0.4610,-0.0065,0.4741,0.7908,0.2410,1.5870
0.5792,3.3815,0.1137,straight,0.7418,4.2400,0.5684,-0.5788,0.0217,0.4892,0.1085,1.4056
0.5146,2.7691,0.1201,combined,0.8927,4.3800,0.1268,0.5139,0.0272,1.7415,0.4756,0.8192
1.3289,6.4645,1.6576,path,5.1728,4.2800,0.9107,-1.1243,0.7085,1.9636,1.3878,1.0000
2.0068,10.0149,1.5882,path,5.1375,4.3000,1.4010,-1.3762,1.4606,1.9562,1.4649,0.4277
0.5602,4.5647,0.0760,combined,1.0282,6.6600,0.5497,-0.0286,0.5594,0.7710,0.2423,0.9230
0.4969,6.2901,0.1089,turn,0.0000,4.5000,0.0000,nan,nan,0.4740,0.1728,1.5174
0.4130,2.9516,0.0937,turn,0.0000,4.4000,0.0000,nan,nan,0.4500,0.1540,1.0650
0.5192,3.7797,0.1717,straight,0.1387,4.4400,0.0953,0.5145,0.0696,0.6174,0.2441,1.2367
0.5927,1.7833,0.0345,turn,0.0000,4.9800,0.0000,nan,nan,0.7879,0.2683,1.3100
0.5039,5.3440,0.0992,turn,0.0000,6.5800,0.0000,nan,nan,0.6247,0.1723,1.1435
1.5336,66.6771,0.8706,path,4.2645,4.5000,1.2742,0.8546,1.2734,2.3266,1.5326,0.8083
0.6604,2.9760,0.1505,combined,1.8093,4.5200,0.6604,-0.0410,0.6592,1.3687,0.5080,0.7122
0.6480,2.9806,0.0092,straight,1.6905,5.0200,0.6332,-0.6475,0.0254,0.7718,0.2468,1.4084
1.7958,61.3930,0.7426,path,3.1503,4.5200,1.6743,-1.3389,1.1968,1.9461,0.9960,0.7906
0.5718,5.6283,0.0088,lateral,0.9058,7.7600,0.5369,-0.0197,0.5714,0.8244,0.1995,1.3727
0.4821,5.7896,0.1657,lateral,0.7739,5.2200,0.4769,0.0777,0.4758,0.6746,0.2410,1.0100
1.8640,51.1483,1.1537,path,3.3622,4.6000,0.7234,-1.8320,0.3438,1.5926,0.6770,0.6473
1.0888,7.9433,1.8296,path,2.0139,6.5800,0.9117,0.0084,1.0887,2.0517,1.4181,0.5248
1.8250,25.8502,1.1258,path,4.3216,6.6000,1.4484,-1.7794,0.4056,1.8489,1.2094,0.6188
1.6019,150.1324,0.0975,path,1.7759,4.7000,0.1878,-1.0253,1.2308,1.1562,0.5617,0.4796
0.4850,2.8710,0.1535,combined,0.6246,7.9000,0.4846,-0.2947,0.3852,0.6348,0.1565,1.5532
0.5679,3.4050,0.1406,combined,1.1408,6.7800,0.4608,0.2362,0.5164,1.4603,0.3275,1.3240
0.5696,0.7335,0.1059,turn,0.0000,5.6200,0.0000,nan,nan,0.6196,0.2107,0.9233
0.0171,0.5110,0.0268,stand,0.0000,5.4400,0.0000,nan,nan,0.1304,0.0366,0.9287
1.9464,24.7140,0.9763,path,3.0856,5.6800,1.1225,-1.9460,0.0374,1.4716,0.7563,1.4453
0.5626,1.7837,0.0116,turn,0.0000,4.8000,0.0000,nan,nan,0.7265,0.2462,1.3970
0.5438,1.6435,0.1308,lateral,0.4559,4.8400,0.4211,0.0362,0.5426,0.8902,0.2030,1.2094
0.5725,5.1283,0.0753,combined,1.8328,6.5600,0.5725,-0.0424,0.5709,0.9125,0.3109,0.5173
0.5050,6.2914,0.1426,lateral,0.4437,6.3400,0.4045,-0.0246,0.5044,0.8136,0.1973,1.1168
1.2086,6.5595,1.4962,path,6.2909,4.8600,0.8636,-0.9961,0.6845,1.7385,1.4171,0.7267
1.1961,4.3322,1.1545,path,1.8283,4.9200,0.8944,-1.1756,0.2207,1.1356,0.7862,0.9943
0.0910,5.2486,0.0389,stand,0.0000,4.9200,0.0000,nan,nan,0.2819,0.0371,0.8115
0.5523,4.0314,0.0118,lateral,0.1411,4.9400,0.1326,-0.0160,0.5520,0.6931,0.1978,1.5635
0.4991,2.4440,0.0602,straight,0.3523,4.9800,0.3523,-0.4878,0.1056,0.5752,0.1397,1.4568
0.4353,5.7476,0.1185,straight,0.3567,6.7400,0.0058,0.4345,0.0262,0.9585,0.2164,0.3723
0.0299,3.4521,0.0067,stand,0.0000,5.5000,0.0000,nan,nan,0.1323,0.0370,0.6226
1.7041,98.6094,0.3208,path,1.4582,5.0200,0.0946,-1.2753,1.1303,0.8021,0.3486,0.6864
2.1867,19.3883,1.1277,path,3.8061,6.5600,0.9087,-2.1681,0.2847,1.4722,0.8792,0.6828
2.4906,12.9547,0.3267,path,3.6679,5.0600,1.2184,-2.4905,0.0105,1.8579,0.7099,1.1449
1.3685,4.6538,1.0287,path,2.9497,5.0600,0.8249,-1.3132,0.3851,1.1993,0.8479,0.6445
1.1174,40.5179,1.3910,path,1.5863,6.3000,0.6623,0.0129,1.1173,1.5681,0.7323,1.0908
0.5443,4.3650,0.0896,lateral,0.3974,6.5200,0.3644,0.0418,0.5427,0.7063,0.1961,0.4791
0.0255,0.3881,0.0297,stand,0.0000,5.0800,0.0000,nan,nan,0.1564,0.0278,1.2505
0.5603,4.8203,0.0175,lateral,0.3556,5.6600,0.3176,0.0093,0.5603,0.5967,0.1670,0.4254
0.5557,3.9578,0.0905,combined,2.0178,5.7800,0.5527,-0.5135,0.2123,1.0361,0.3100,0.3720
1.5749,1.4886,1.3934,path,4.8889,5.1200,1.2390,-1.0529,1.1712,1.9697,1.3679,1.5823
0.4582,6.8011,0.1470,turn,0.0000,6.8000,0.0000,nan,nan,0.7637,0.1838,0.9370
0.5734,2.2963,0.2231,lateral,1.3587,5.1400,0.5734,-0.0985,0.5649,0.9484,0.3054,0.8802
2.3963,111.8184,0.7538,path,3.5793,5.1600,0.9013,1.5017,1.8673,2.3125,1.4458,0.5677
0.5452,5.6879,0.0841,combined,1.5356,5.2000,0.5411,-0.5452,0.0054,0.8051,0.2300,0.4777
0.7056,43.5719,0.3621,path,0.8442,5.2600,0.1396,-0.2856,0.6452,0.6967,0.3389,0.5351
0.0668,2.3866,0.0054,stand,0.0000,7.4600,0.0000,nan,nan,0.1169,0.0283,0.7841
1.8173,1.9611,1.1729,path,3.3214,5.2800,1.1580,-1.4964,1.0312,1.5023,0.8939,0.6580
0.5061,6.6015,0.0213,straight,0.8062,4.4600,0.4945,-0.4872,0.1372,0.4107,0.1248,0.9627
2.7747,3.0044,0.6654,path,0.7515,5.2800,0.7785,-0.7802,2.6628,1.4537,0.7898,0.9140
0.4659,2.3233,0.2074,combined,1.8300,7.4800,0.3759,0.4529,0.1094,1.5651,0.4329,1.2432
0.0024,0.4909,0.0314,stand,0.0000,4.8400,0.0000,nan,nan,0.0559,0.0221,1.5777
2.3385,27.0070,0.9904,path,1.9774,6.5000,2.2154,-1.2581,1.9712,1.8287,1.1191,0.6510
2.1688,10.0233,1.1522,path,3.0120,4.4400,1.8504,-0.9577,1.9459,1.6930,1.2997,1.1343
0.5059,2.8047,0.1125,combined,1.9377,5.4800,0.5046,-0.4995,0.0807,1.0500,0.3254,0.9921
0.5055,6.0697,0.1486,straight,1.0904,7.1400,0.0410,0.5054,0.0075,1.7356,0.3583,1.2629
1.0978,90.4850,0.4677,path,0.9866,5.5200,0.7954,-0.5798,0.9322,1.4420,0.8135,0.7189
1.8187,3.0781,1.3342,path,5.7680,4.8200,1.4017,-1.4842,1.0511,1.8529,1.4369,0.4080
1.3634,10.7875,1.2526,path,0.8984,4.4200,0.8635,-0.0791,1.3611,1.6384,1.0977,0.7263
0.5678,0.7693,0.0465,turn,0.0000,7.8800,0.0000,nan,nan,0.7832,0.1716,0.6183
3.3029,89.9519,0.2892,path,4.8482,4.9400,0.7728,-2.9513,1.4830,1.5140,0.7691,0.4622
3.0210,6.3491,1.7667,path,1.3160,5.7400,0.8427,-0.2274,3.0124,1.9419,1.0314,0.5386
0.5992,6.0992,0.0576,combined,1.3077,4.4800,0.5949,-0.1536,0.5791,0.8769,0.3345,1.1509
1.4388,20.7352,0.2330,path,5.7467,5.7600,0.2273,1.1095,0.9161,1.8074,1.2231,0.6447
0.5550,3.4197,0.0816,straight,1.7996,5.8200,0.0723,0.5533,0.0433,1.7845,0.5493,1.2195
0.5931,1.6905,0.0423,combined,1.1506,4.2600,0.5931,0.3519,0.4774,1.1790,0.4769,0.3983
2.8180,14.3779,1.2959,path,4.8335,5.8400,1.7182,-2.8151,0.1292,1.5080,1.0559,1.0517
0.5669,3.5687,0.0282,combined,0.9472,5.6800,0.5593,-0.1918,0.5335,0.6512,0.1971,1.5955
0.5318,1.8663,0.0416,lateral,0.3772,5.5600,0.3105,0.0576,0.5287,0.5474,0.1745,0.4194
1.1324,2.7630,1.6620,path,5.8038,5.8800,0.6470,-0.8845,0.7072,1.7649,1.2413,1.3525
0.5426,5.3630,0.0204,combined,1.4423,5.9000,0.5393,-0.4115,0.3537,0.7918,0.2093,0.8356
0.5101,6.6484,0.1306,combined,1.9327,7.5400,0.4926,0.0212,0.5097,1.0925,0.2987,0.6451
1.3110,15.1232,0.8032,path,0.1490,4.2400,1.2464,0.1243,1.3051,1.7929,1.1221,1.4615
1.9996,143.6654,0.2337,path,0.6342,6.0000,1.3999,-1.6886,1.0711,1.8423,0.9964,1.2528
0.4635,2.8582,0.0574,straight,0.7651,4.3200,0.4635,-0.4621,0.0363,0.5329,0.1397,0.4450
0.6191,2.5921,0.0207,turn,0.0000,6.0800,0.0000,nan,nan,0.6699,0.1815,1.4960
0.5111,5.1458,0.0436,turn,0.0000,6.0800,0.0000,nan,nan,0.7150,0.1807,0.3338
0.4528,3.0586,0.1290,combined,1.3247,6.0800,0.4528,0.1515,0.4267,1.1733,0.3353,0.8910
0.0571,2.3917,0.0074,stand,0.0000,6.0800,0.0000,nan,nan,0.1659,0.0311,0.6125
0.5578,1.3470,0.0332,straight,0.9525,6.0800,0.0097,0.5565,0.0379,1.4268,0.3594,1.0955
0.5020,3.7662,0.0311,turn,0.0000,7.0400,0.0000,nan,nan,0.5524,0.1259,0.3531
0.5343,4.7561,0.1285,lateral,0.5199,4.9800,0.4538,-0.0574,0.5313,0.7183,0.2317,0.4251
0.5320,6.0503,0.1161,combined,1.1219,6.1200,0.5259,0.3547,0.3966,1.1772,0.3432,1.1370
0.5767,1.8526,0.0508,lateral,0.9003,6.1400,0.5649,-0.0427,0.5751,0.6701,0.2143,0.4931
2.1118,21.8921,1.8453,path,6.4891,6.1400,1.9155,-1.0274,1.8451,2.1635,1.5684,0.4074
1.3485,3.7082,1.1839,path,1.6811,6.1600,0.8814,0.0046,1.3485,1.8102,1.3126,0.8163
1.1337,12.7026,1.0632,path,2.7113,5.9800,0.7425,-1.0868,0.3229,1.6285,1.1733,0.9346
0.5636,2.2143,0.2426,combined,2.2177,5.9600,0.5636,-0.0825,0.5576,1.1463,0.4015,0.9704
1.9476,25.3168,1.1194,path,4.0836,6.1800,1.9229,-1.9342,0.2283,1.6419,0.9475,1.4145
1.6368,91.9014,0.9606,path,2.6447,5.3800,1.5868,-1.4741,0.7115,1.7153,0.9988,0.7812
0.5577,5.4889,0.0362,straight,1.7547,4.4400,0.0411,0.5575,0.0157,1.9614,0.7178,0.4932
0.5296,6.5447,0.0775,straight,1.5194,6.2200,0.5171,-0.5289,0.0270,0.9833,0.2393,0.6564
2.4314,26.2021,1.7273,path,6.3503,6.2200,0.5901,-2.3471,0.6347,1.9567,0.7153,1.5020
0.5044,4.9368,0.0141,combined,1.6288,5.8600,0.4962,0.3197,0.3901,1.4286,0.4391,1.3010
0.5438,5.3758,0.1284,straight,1.0526,6.3400,0.0158,0.5428,0.0329,1.6012,0.3719,1.4783
2.6673,69.8065,1.0846,path,4.0666,4.6200,0.7907,-2.3993,1.1654,1.1446,0.7375,0.7806
0.6032,2.3836,0.0795,lateral,0.3411,6.3600,0.2757,0.0028,0.6032,0.9554,0.2342,0.8998
0.7009,3.3580,1.2240,path,5.0730,6.3600,0.7009,-0.6829,0.1576,2.1713,1.3989,0.4370
3.8446,9.0146,0.8134,path,2.4433,4.5400,1.0263,-1.9490,3.3139,2.0859,0.9578,1.5088
0.5416,1.6803,0.0890,straight,1.1605,7.3800,0.5348,-0.5415,0.0091,0.6049,0.1407,1.1500
0.5289,3.6902,0.0951,straight,0.6623,5.3800,0.5157,-0.5286,0.0170,0.4293,0.1083,1.2921
0.6140,3.2130,0.0431,turn,0.0000,4.6400,0.0000,nan,nan,0.6084,0.2073,0.8463
2.1055,2.6468,0.4667,path,4.1763,6.4200,1.3572,-1.9804,0.7149,1.8328,0.8575,1.0732
0.0302,1.4775,0.0173,stand,0.0000,6.4200,0.0000,nan,nan,0.2104,0.0246,0.9739
0.8639,2.8342,1.6010,path,1.5931,6.4400,0.6949,0.3868,0.7725,1.9686,1.1653,1.1242
0.5041,3.9050,0.0286,turn,0.0000,6.1800,0.0000,nan,nan,1.2000,0.2194,0.7474
0.5869,2.3509,0.0966,turn,0.0000,5.7200,0.0000,nan,nan,0.7510,0.1931,1.0613
0.7247,26.9638,1.2365,path,1.0025,6.5200,0.3009,-0.5945,0.4144,2.1660,1.3275,0.8364
0.5035,4.1720,0.0343,turn,0.0000,7.5600,0.0000,nan,nan,0.7672,0.1674,0.3558
0.0792,10.0817,0.0588,stand,0.0000,6.5400,0.0000,nan,nan,0.2843,0.0577,1.4073
0.4767,1.3840,0.1424,straight,0.2512,7.0800,0.0275,0.4767,0.0031,0.8743,0.2042,0.9477
0.4783,6.5292,0.1307,combined,1.9410,6.6400,0.4727,0.3747,0.2973,1.2492,0.4260,1.2373
0.7035,2.3685,1.4753,path,4.3607,6.6400,0.1056,-0.5040,0.4908,1.4372,0.8271,0.8910
0.5569,1.7919,0.1011,combined,2.0286,5.0800,0.5569,-0.5106,0.2224,1.0197,0.3273,0.5413
0.5771,1.5105,0.0781,combined,1.2173,4.2800,0.1732,0.5700,0.0898,1.7689,0.5909,0.7810
0.5104,7.8897,0.1389,turn,0.0000,6.8200,0.0000,nan,nan,0.6681,0.1863,0.4796
0.4989,1.6292,0.1525,turn,0.0000,6.8600,0.0000,nan,nan,0.6370,0.1446,0.3460
1.6321,4.2618,1.5040,path,4.3494,6.9200,0.9034,-0.7107,1.4693,1.8400,1.1467,0.8734
0.5209,4.6426,0.0809,turn,0.0000,6.2200,0.0000,nan,nan,0.7871,0.1953,0.4030
1.0948,77.6094,0.1208,path,1.3458,6.7400,0.6840,-0.9075,0.6124,1.3021,0.4332,1.1993
0.5637,1.7961,0.0253,straight,0.5791,6.9600,0.0369,0.5634,0.0167,1.3097,0.2778,1.0724
0.4428,4.1943,0.0774,lateral,1.3033,4.5400,0.4370,-0.1433,0.4190,0.7404,0.2880,1.4193
0.4242,3.9063,0.0537,turn,0.0000,7.7200,0.0000,nan,nan,0.3831,0.1116,0.7849
2.8701,21.7305,1.4955,path,0.1999,7.0000,0.9828,-2.0663,1.9920,1.8354,0.8441,0.6250
2.1107,37.1263,1.9764,path,7.8698,6.0000,2.0406,-0.5073,2.0488,2.1435,1.7640,1.0741
0.4720,5.5774,0.0787,straight,1.5922,4.8000,0.4704,-0.4695,0.0484,0.9604,0.2819,1.3117
3.0629,23.0904,1.8846,path,2.4374,7.1000,0.2838,2.0294,2.2940,2.1918,1.5334,0.8583
1.3558,9.2781,1.8073,path,3.7452,7.1000,0.3504,-1.2717,0.4699,2.3135,1.4379,1.4810
0.5343,6.0645,0.1519,combined,2.1183,4.5800,0.4464,0.5132,0.1485,1.6427,0.6937,1.5192
1.7838,6.5611,1.3847,path,5.4035,5.5600,1.3127,-1.0688,1.4282,1.9873,1.4653,0.7504
2.2192,101.8298,0.8885,path,0.6499,7.1400,0.7252,-2.0458,0.8601,1.2371,0.7406,0.6183
1.2065,7.9816,1.4911,path,2.6561,6.9600,1.2065,-1.2060,0.0329,1.8323,1.0293,0.5825
0.5341,7.0380,0.0345,turn,0.0000,5.0000,0.0000,nan,nan,0.6492,0.1691,1.3869
0.5179,7.9838,0.0942,straight,1.3003,7.1600,0.0342,0.5130,0.0712,1.6807,0.3781,0.5763
0.8447,54.6462,0.3134,path,2.3224,7.1800,0.4997,-0.6981,0.4757,1.6824,0.7586,0.8671
0.9708,1.9138,1.5641,path,6.2875,7.2000,0.7020,-0.5303,0.8131,1.9069,1.4478,0.5591
0.0040,1.1337,0.0152,stand,0.0000,6.2000,0.0000,nan,nan,0.0734,0.0285,1.5813
1.5738,9.1544,1.4840,path,6.0856,5.9800,0.4440,-1.5498,0.2735,1.8206,0.9231,1.1025
0.0205,1.0388,0.0230,stand,0.0000,4.0400,0.0000,nan,nan,0.1704,0.0429,0.5480
2.1301,33.8790,0.5652,path,4.1451,4.2200,2.0454,-1.9945,0.7479,2.0425,1.2373,0.6577
0.5928,7.7907,0.0353,combined,1.6591,7.3400,0.5751,-0.5859,0.0899,0.8348,0.1927,0.7989
0.9003,18.3130,0.2156,path,1.6809,7.3400,0.6648,-0.8563,0.2780,1.6160,0.7524,1.0443
0.9632,10.3539,1.2850,path,3.6170,4.5200,0.5483,-0.1693,0.9482,1.8508,1.2124,0.7813
1.3109,10.1877,1.1346,path,2.5723,6.3000,1.0612,-1.0297,0.8113,2.1192,1.5693,0.9601
0.5627,3.9583,0.1003,combined,0.8727,7.4000,0.4110,0.4519,0.3352,1.4723,0.3126,0.4513
2.7597,17.4888,1.4111,path,4.2504,7.4400,1.8455,-2.1698,1.7053,1.8135,1.3696,0.5331
2.6942,1.6953,0.8821,path,4.0575,7.4600,1.0737,-2.6745,0.3250,1.3696,0.8464,0.6624
0.5635,4.3798,0.0566,lateral,0.0092,7.4600,0.0092,0.0004,0.5635,0.7880,0.1729,0.9871
0.5749,5.3434,0.1169,combined,1.9346,4.7600,0.5595,-0.5255,0.2332,0.8291,0.2910,0.3706
0.5438,5.6291,0.1703,combined,2.3741,7.5000,0.5423,-0.5104,0.1877,1.0235,0.2948,0.4653
0.5192,4.0791,0.0541,combined,0.9112,7.4800,0.5106,-0.0768,0.5135,0.6882,0.1873,1.1179
1.9700,1.9300,1.1898,path,1.7977,7.5000,1.4055,-1.1570,1.5944,1.8783,1.2572,0.4197
2.8751,0.7516,0.9982,path,5.6491,7.5000,2.4653,-2.6762,1.0510,1.8695,1.2838,1.1911
2.3783,7.0039,1.0938,path,1.8176,7.5000,1.9321,0.1287,2.3748,1.8719,1.3461,1.0116
0.5222,4.5808,0.0371,combined,1.4235,7.5200,0.5158,0.3971,0.3391,1.5017,0.3495,0.3514
0.6297,4.8812,0.2024,combined,1.8438,5.1600,0.6053,-0.5550,0.2974,0.8312,0.2841,0.9450
0.6387,5.1961,0.1267,turn,0.0000,7.5200,0.0000,nan,nan,1.0179,0.1900,0.4934
2.2431,47.4324,0.9666,path,4.5547,7.3200,2.1632,-1.9563,1.0975,1.7593,1.0242,0.3081
1.7107,39.2068,0.6363,path,1.2522,7.6000,0.8252,-1.2256,1.1935,1.4180,0.5719,0.5461
1.2961,0.6638,1.5329,path,2.3737,6.1000,0.8806,0.0352,1.2956,1.8937,1.4591,1.1477
0.5551,7.1635,0.1398,combined,1.5829,7.5800,0.5551,-0.0579,0.5521,0.8873,0.2674,0.4866
2.6286,23.9437,1.7266,path,1.4496,7.7000,0.5254,2.3095,1.2552,1.7651,1.0415,1.5887
0.6073,4.9007,0.1098,combined,1.4887,4.0800,0.2747,0.5772,0.1887,1.6616,0.7037,1.1316
0.5434,5.4778,0.0807,combined,0.5534,7.8200,0.5176,-0.3874,0.3810,0.4560,0.1132,1.0784
0.5541,6.3721,0.0472,lateral,1.1478,7.4800,0.5395,0.0327,0.5531,0.8314,0.2217,0.9885
0.5713,4.5614,0.2954,combined,1.5322,4.4400,0.5713,0.0941,0.5635,1.3201,0.4695,0.4893
1.3406,23.1529,0.9773,path,0.9113,6.0800,0.3953,0.0513,1.3396,1.3668,0.5518,1.1649
0.4494,2.6489,0.0894,turn,0.0000,7.8600,0.0000,nan,nan,0.6663,0.1310,1.0022
0.5116,3.1218,0.0878,lateral,0.6210,7.2600,0.5052,-0.0286,0.5108,0.8865,0.2013,1.4597
0.4279,6.4311,0.0219,lateral,0.2796,7.8800,0.2426,-0.0835,0.4197,0.5139,0.1526,0.5363
0.5574,4.1217,0.0927,straight,0.1392,7.9200,0.0203,0.5548,0.0539,1.1001,0.2047,1.3586
1.5315,5.7642,1.2446,path,2.0328,7.9400,0.1946,0.8470,1.2760,1.7463,0.8778,0.8698
1.8908,26.3043,0.8069,path,3.0503,7.9400,0.5862,-1.7705,0.6637,1.3240,0.7749,0.3868
2.1955,51.7842,1.1272,path,6.0883,6.9000,0.8872,-1.8048,1.2502,2.2925,1.3263,0.8556
1.3069,23.1128,0.5348,path,2.0489,7.9200,0.5465,-1.2913,0.2013,1.8148,0.8450,1.0088
0.5647,4.2590,0.0455,turn,0.0000,7.6600,0.0000,nan,nan,0.6869,0.1574,0.6321
0.0155,1.3117,0.0313,stand,0.0000,7.5400,0.0000,nan,nan,0.1815,0.0405,0.5508
1.2919,20.8201,1.7138,path,2.3191,6.7800,0.6305,-0.8201,0.9983,1.9002,1.1519,0.7502
1.3352,5.6297,1.1757,path,1.8615,5.6400,0.7557,-1.0003,0.8843,1.4735,1.0910,0.4591
0.5728,4.6883,0.0357,straight,0.5495,6.0800,0.0133,0.5660,0.0884,1.2462,0.3125,0.8652
1.6780,22.0962,1.4318,path,1.8251,6.8000,0.4034,1.4174,0.8981,1.6721,0.9711,0.3861
1.5322,4.9618,1.8291,path,6.4576,4.0200,1.3668,-1.4045,0.6125,2.0855,1.6922,1.4121
0.4837,3.7401,0.0458,combined,0.9473,7.6200,0.1626,0.4679,0.1226,1.3692,0.2996,1.5187
0.4404,3.7555,0.0457,combined,0.4989,7.5800,0.2544,0.2297,0.3758,0.6203,0.1570,1.3154
0.5264,4.0642,0.0255,lateral,0.1486,5.1400,0.1351,-0.0110,0.5263,0.7255,0.2210,0.9823
0.6010,4.2295,1.5599,path,3.6285,4.3400,0.2597,-0.4944,0.3418,1.6358,1.2120,0.7702
0.5694,1.8500,0.1872,combined,1.5982,4.5000,0.5694,0.3616,0.4399,1.5235,0.5900,0.3997
0.5705,3.3386,0.1391,turn,0.0000,7.7000,0.0000,nan,nan,0.5910,0.1639,1.2156
1.7407,33.1227,0.6871,path,3.6045,4.8800,0.5704,-1.7127,0.3105,1.5199,0.8057,0.8411
1.6553,19.6030,1.3553,path,3.3135,4.2800,1.0717,-1.6448,0.1864,1.5763,1.1646,1.2837
0.4897,3.1199,0.1251,straight,0.2572,6.3000,0.0105,0.4874,0.0470,0.9870,0.2312,1.5323
1.3328,0.8428,0.9430,path,3.9593,7.3600,0.8081,-1.1420,0.6871,1.3670,0.7845,0.9874
0.4891,7.2294,0.1247,turn,0.0000,4.2600,0.0000,nan,nan,0.7859,0.2481,1.0100
0.5579,2.2505,0.0468,combined,1.4945,6.6800,0.5391,0.3385,0.4435,1.5223,0.4060,0.8286
1.7025,46.1876,1.1395,path,6.2083,4.8400,1.0165,-1.0305,1.3551,2.1916,1.5460,0.4122
1.9119,6.8930,1.7448,path,3.5900,7.0600,1.4367,-1.8708,0.3945,1.9426,1.3277,0.7741
2.2522,170.0558,1.5552,path,2.7962,4.2200,0.8622,-0.3063,2.2312,2.0748,1.1123,1.2103
0.5771,1.3874,0.0195,lateral,0.5787,5.2400,0.4061,-0.0393,0.5758,0.5602,0.2203,0.4020
0.6435,2.3328,0.0872,straight,1.7574,5.7200,0.0013,0.6434,0.0146,1.9024,0.5663,1.4198
0.4910,2.5256,0.0786,combined,1.1969,4.9200,0.4910,-0.2699,0.4102,0.7101,0.2575,0.5418
0.5624,0.7094,0.0830,combined,1.5776,4.2600,0.2076,0.5303,0.1873,1.5927,0.6425,1.2094
0.5322,3.4876,0.0855,combined,1.5326,7.1400,0.5270,-0.4152,0.3330,0.9698,0.2160,1.5854
0.5913,3.2302,0.0962,combined,0.8790,5.8000,0.5830,-0.5240,0.2742,0.5795,0.1347,1.4003
0.4660,2.7949,0.0868,lateral,1.0639,5.1200,0.4647,-0.0445,0.4639,0.7384,0.2523,0.9525
0.0077,1.0539,0.0312,stand,0.0000,4.3400,0.0000,nan,nan,0.0918,0.0382,0.9287
0.5704,5.5317,0.0652,lateral,1.1367,5.1800,0.5695,-0.0916,0.5630,0.9137,0.2876,0.6758
0.5557,5.7510,0.0455,combined,1.8924,5.1200,0.5557,-0.4662,0.3024,1.0628,0.3267,0.7135
0.5660,2.5858,0.1141,combined,2.1714,4.7800,0.0393,0.5595,0.0853,1.9182,0.7187,0.7122
0.5638,0.0023,0.0259,combined,1.4542,4.5200,0.4810,0.2988,0.4781,1.3993,0.5887,0.9233
0.5040,1.8670,0.1097,straight,0.7052,7.5600,0.0590,0.5007,0.0569,1.4495,0.2864,0.5992
0.6044,0.8509,0.1186,combined,1.7954,7.2000,0.6043,0.5279,0.2943,1.9348,0.4507,0.6089
0.5420,2.4199,0.1277,turn,0.0000,5.8600,0.0000,nan,nan,0.4296,0.1508,0.8317
1.4965,10.1709,1.7838,path,2.5405,4.7000,1.3768,0.1287,1.4910,2.0017,1.2650,0.4908
0.4868,0.7731,0.1495,turn,0.0000,5.3800,0.0000,nan,nan,1.1232,0.1973,1.3663
0.5855,3.3319,0.0750,combined,1.3504,6.7200,0.5801,-0.0798,0.5800,0.9935,0.2472,1.5101
0.4500,5.4628,0.1355,combined,0.2625,4.5000,0.2625,-0.1176,0.4343,0.4500,0.1555,0.3723
0.6541,1.0844,0.0743,straight,1.4134,5.0000,0.0140,0.6538,0.0200,1.5925,0.5511,1.4084
2.5377,10.7436,1.5545,path,0.5217,5.2800,0.5957,1.2199,2.2253,1.7651,1.0962,0.8868
0.4943,5.2349,0.1971,turn,0.0000,5.1400,0.0000,nan,nan,0.6884,0.1915,1.2367
1.0853,10.2286,1.3540,path,1.6069,5.1000,0.6762,-1.0602,0.2318,1.4310,0.9597,1.1234
0.9402,20.3404,1.4805,path,5.9265,4.5600,0.5906,-0.6400,0.6888,2.0218,1.4939,1.0862
0.5863,3.1719,0.0666,straight,0.6226,5.4600,0.0206,0.5859,0.0207,1.3910,0.3628,1.4056
1.0936,1.3542,1.4721,path,7.7481,5.8600,0.8455,-0.9736,0.4980,1.9802,1.5168,0.7040
0.0359,0.6629,0.0201,stand,0.0000,5.7800,0.0000,nan,nan,0.1366,0.0317,0.3471
1.1955,41.0955,0.7988,path,0.9195,6.2000,0.6505,-0.4741,1.0975,1.4015,0.7538,0.9712
0.4862,0.2036,0.3013,combined,2.3306,5.3800,0.4862,0.0211,0.4857,1.2097,0.4823,1.0650
0.9046,90.7859,1.0591,path,4.6887,4.2600,0.5322,0.7883,0.4438,1.8313,1.5936,0.6117
3.1035,65.9869,0.1773,path,4.2703,4.3200,1.3988,-1.5388,2.6952,1.6423,0.9417,0.3784
0.5213,3.0698,0.0769,turn,0.0000,7.5000,0.0000,nan,nan,0.6092,0.1531,0.4089
0.5437,6.2029,0.0547,lateral,1.4023,6.5600,0.5403,-0.0316,0.5427,0.9404,0.2780,0.9099
2.1239,11.3783,1.2582,path,3.8313,4.5400,1.2211,-2.0896,0.3804,1.3755,0.9699,0.3651
0.5962,2.2683,0.0947,straight,1.8707,4.8600,0.5893,-0.5962,0.0015,0.8645,0.3088,0.6226
0.5344,4.0085,0.1441,lateral,0.1592,5.9200,0.1566,0.0629,0.5307,0.8201,0.2046,0.8364
1.1594,140.5271,1.4678,path,1.6570,7.8000,0.5950,-0.8536,0.7845,1.8026,1.4379,0.7365
1.6974,17.2655,1.0006,path,2.0052,5.9000,1.3308,-0.6647,1.5619,1.7295,1.1613,0.7449
1.0674,42.2750,0.2708,path,0.0003,4.8400,0.6578,nan,nan,1.6523,0.7718,0.3008
0.5732,1.8804,0.0677,turn,0.0000,5.8400,0.0000,nan,nan,0.6633,0.1991,1.1246
0.5369,161.3630,0.4223,path,1.3672,5.2000,0.2157,-0.2883,0.4529,1.2353,0.5491,0.5531
0.0365,0.6895,0.0395,stand,0.0000,4.0000,0.0000,nan,nan,0.1290,0.0417,0.8910
0.5540,4.1921,0.0180,combined,1.2240,4.4400,0.5540,-0.2530,0.4929,0.6861,0.2706,0.6659
0.0226,0.9591,0.0414,stand,0.0000,4.3000,0.0000,nan,nan,0.2333,0.0316,1.2195
0.5143,6.5764,0.1551,lateral,0.3379,5.6600,0.3059,0.0847,0.5073,0.6851,0.2105,1.1435
0.0306,0.2414,0.0220,stand,0.0000,6.7000,0.0000,nan,nan,0.2979,0.0572,0.6305
0.5367,2.1319,0.0429,combined,0.8154,6.2000,0.5334,-0.5249,0.1119,0.4149,0.1088,1.5912
1.0423,21.0326,0.9230,path,0.9139,4.4000,0.6730,-0.5474,0.8869,1.7011,0.7716,0.7747
0.5632,6.3133,0.1160,turn,0.0000,6.5000,0.0000,nan,nan,0.9839,0.2190,1.1805
0.6273,2.9075,0.0083,lateral,0.9198,7.1400,0.6100,-0.0646,0.6240,0.6642,0.1890,1.0461
1.4787,10.2145,1.9908,path,0.7988,4.4600,0.9917,-1.0014,1.0880,1.9407,1.3030,0.7343
0.5503,2.6494,0.0334,combined,0.7859,5.3600,0.5471,-0.5501,0.0144,0.5424,0.1536,0.8712
0.5300,2.3050,0.0329,combined,1.6322,4.6200,0.5300,-0.4170,0.3271,0.7559,0.2697,0.4194
0.5350,4.2002,0.0327,lateral,0.1498,5.3000,0.1498,-0.0479,0.5328,0.9219,0.2159,0.4777
2.0671,46.2649,0.7027,path,4.0955,4.9800,2.0419,-1.8919,0.8328,1.4506,0.9738,1.0057
0.5709,2.0160,0.1185,combined,1.2032,4.9000,0.5709,0.2758,0.4998,1.0653,0.3867,0.6183
0.0236,0.4053,0.0510,stand,0.0000,5.4000,0.0000,nan,nan,0.2231,0.0393,0.8802
0.5877,2.5727,0.0139,lateral,0.7080,5.4200,0.5761,-0.0798,0.5823,0.6954,0.2250,0.7129
1.0732,101.4594,0.3370,path,2.5337,5.5200,0.4262,0.7389,0.7784,1.7269,0.9805,0.7241
0.5259,4.3753,0.0246,turn,0.0000,5.5600,0.0000,nan,nan,0.7230,0.1982,0.4791
0.0007,3.1197,0.0392,stand,0.0000,7.8000,0.0000,nan,nan,0.2162,0.0334,1.3744
0.5020,5.0271,0.0504,turn,0.0000,4.5400,0.0000,nan,nan,0.5104,0.1618,0.3531
0.6068,2.4078,0.0741,straight,1.3950,4.1600,0.5866,-0.6042,0.0563,0.7689,0.2283,1.0613
0.6320,2.3118,0.2219,combined,1.1919,4.5800,0.6320,0.0998,0.6241,1.0336,0.3849,1.4960
0.5369,1.7380,0.1202,lateral,0.6220,4.3200,0.5327,0.0093,0.5368,0.7533,0.2470,1.4783
1.3688,1.4280,0.9032,path,0.8067,5.6400,1.1543,-0.6134,1.2236,1.5868,1.1190,1.3471
1.7139,7.4087,1.2623,path,1.5076,4.4200,1.1830,-1.3732,1.0255,1.5502,1.1524,0.6464
0.6064,1.9554,0.0953,straight,0.1774,6.3800,0.1774,-0.6045,0.0479,0.5402,0.1470,1.3100
0.5583,4.3889,0.1013,combined,1.3291,6.4600,0.5464,0.1478,0.5383,1.2043,0.3220,0.9230
0.5044,2.3956,0.1221,combined,1.4674,4.7200,0.1211,0.5017,0.0521,1.5076,0.5269,0.9704
2.0068,32.3535,0.5649,path,1.9865,6.3000,1.4479,-1.2938,1.5340,1.4715,0.8444,1.5508
2.6452,23.0979,1.8139,path,2.0453,4.5800,1.4433,-2.4412,1.0187,1.9758,0.8884,0.5020
1.8768,4.8987,0.9015,path,1.3545,5.8600,0.9860,-1.8576,0.2682,1.2044,0.7643,0.3500
0.4847,4.0214,0.0514,straight,1.8038,6.7400,0.0579,0.4847,0.0031,1.6674,0.4675,1.5870
2.0459,2.4581,1.7106,path,0.6900,6.9600,0.8286,1.8959,0.7690,2.0435,1.1473,0.7002
0.0108,0.0120,0.0160,stand,0.0000,5.0400,0.0000,nan,nan,0.1424,0.0307,0.4450
0.5196,3.7081,0.1014,lateral,0.0742,5.0000,0.0742,0.0848,0.5126,0.6358,0.1869,0.3338
1.1471,1.4001,1.4795,path,6.3776,4.9400,0.8760,-1.1041,0.3111,1.6787,1.3254,0.7628
2.5427,67.4395,0.1533,path,1.1283,4.4600,1.6470,-2.4407,0.7129,1.6823,0.9705,0.9227
1.0930,13.2083,0.2929,path,0.1707,5.0400,1.0930,0.3434,1.0376,1.7740,0.8307,0.7208
1.2634,81.6652,0.3879,path,1.3246,5.6800,1.0629,-0.8708,0.9153,1.1681,0.5551,1.4867
1.3588,15.0173,0.5661,path,5.4664,6.9600,1.2966,-1.2201,0.5981,1.3587,0.8220,0.4214
0.5745,2.2293,0.1507,combined,1.2618,5.9200,0.5343,0.2164,0.5322,0.9937,0.3402,0.7841
0.6090,0.5725,0.0600,combined,1.2001,4.1600,0.6090,-0.4840,0.3697,0.8047,0.2607,1.5858
1.2016,0.2174,0.8193,path,0.7087,4.0600,0.8505,0.8446,0.8547,1.8042,1.1881,0.3370
0.4506,0.1425,0.0745,straight,1.6339,7.0400,0.0119,0.4503,0.0154,1.3976,0.4030,1.2889
1.7276,41.4315,0.5408,path,3.2650,5.6600,1.0432,-1.7127,0.2263,1.7055,0.9375,1.3475
1.3279,2.8639,1.5260,path,3.4285,5.0000,0.8510,-0.4805,1.2379,2.0715,1.4963,1.3725
0.5885,2.6070,0.0781,lateral,0.4064,4.4800,0.3314,0.0011,0.5885,0.7436,0.2546,0.5413
0.5872,1.9051,0.0610,straight,1.9121,5.4200,0.0328,0.5868,0.0225,1.9706,0.6174,0.3983
2.7307,25.8326,1.6020,path,3.9607,4.2400,0.3631,1.5678,2.2358,2.2438,1.6996,0.9552
0.5625,0.0712,0.0622,lateral,0.8034,4.3400,0.5594,-0.0653,0.5587,0.5874,0.2340,1.0724
2.1841,29.6426,0.9645,path,0.9425,6.3600,0.5694,-2.1353,0.4594,1.2536,0.5839,1.2633
0.5767,2.6206,0.0352,turn,0.0000,5.1800,0.0000,nan,nan,0.5670,0.1912,0.4931
2.9537,150.7533,1.1552,path,2.8871,5.9400,1.1162,-2.9343,0.3374,1.3414,0.8874,0.8678
0.4345,7.5142,0.1127,turn,0.0000,6.1800,0.0000,nan,nan,1.2700,0.2206,1.3616
1.1320,54.7885,0.3122,path,0.6882,5.1800,0.7624,0.4729,1.0285,1.5769,0.6448,0.8894
0.5982,3.6353,0.1006,straight,1.4025,7.3200,0.0110,0.5944,0.0677,1.6865,0.3918,0.5032
1.2630,5.9195,1.4608,path,3.3496,6.3800,0.7599,-1.2606,0.0775,1.4991,1.1460,0.4152
1.7658,19.0263,1.2904,path,1.5258,5.7200,0.5700,-1.6668,0.5829,1.5729,0.6956,1.5382
0.6493,0.2405,0.2205,combined,2.2783,4.2800,0.6493,0.1968,0.6187,1.5188,0.6653,0.5763
2.0001,13.1552,1.4280,path,5.6917,4.5600,0.1953,-1.1307,1.6498,1.7976,1.3643,1.5333
1.1705,5.1442,1.1327,path,2.9306,6.2600,0.6514,-1.1639,0.1246,1.2018,0.8612,0.5860
0.0056,0.3239,0.0207,stand,0.0000,5.2800,0.0000,nan,nan,0.0945,0.0326,1.3010
0.5685,2.9968,0.0383,turn,0.0000,6.4400,0.0000,nan,nan,0.7798,0.1843,0.3720
0.0255,0.2178,0.0231,stand,0.0000,6.5200,0.0000,nan,nan,0.1053,0.0296,0.4254
0.5502,2.9187,0.0854,turn,0.0000,6.6800,0.0000,nan,nan,0.6080,0.1637,1.5635
0.6267,4.8024,0.0964,straight,0.0088,5.4400,0.0062,-0.6267,0.0103,0.8373,0.2009,0.6907
0.0081,1.9065,0.0403,stand,0.0000,4.7800,0.0000,nan,nan,0.1462,0.0368,0.4030
1.0318,7.2496,0.4679,path,2.2678,5.6800,0.4792,0.4127,0.9457,2.0226,0.8718,0.8791
0.5183,2.6596,0.1242,straight,1.8317,5.6400,0.5107,-0.5171,0.0348,1.0146,0.2910,1.1370
0.0268,2.2514,0.0477,stand,0.0000,6.7000,0.0000,nan,nan,0.0705,0.0270,1.2505
2.3413,17.5962,1.4707,path,4.0539,6.8800,1.0700,-2.0637,1.1057,1.5600,0.8791,0.6097
2.7177,88.1677,0.2753,path,2.0031,4.8000,0.5047,-0.0818,2.7165,1.9194,0.8855,0.7827
0.5603,4.5479,0.0670,turn,0.0000,4.3600,0.0000,nan,nan,0.5665,0.2221,0.9871
4.5119,45.7857,1.5814,path,1.7254,7.6600,1.2156,4.2145,1.6112,2.0616,1.4599,1.1470
0.5213,5.5601,0.1284,straight,1.1001,5.6600,0.0079,0.5202,0.0347,1.6819,0.4179,0.8557
1.8397,95.0189,0.9147,path,2.3789,4.7800,1.7584,-1.0317,1.5232,1.5007,1.0031,0.3425
0.5038,1.6353,0.0268,lateral,0.6116,7.9000,0.4563,-0.0020,0.5038,0.4306,0.1356,0.7371
1.7888,96.1373,0.2287,path,2.7510,4.1000,1.3456,-0.6140,1.6801,1.3972,0.8117,1.2787
1.9030,7.0662,1.1022,path,0.5866,5.6200,1.3840,-0.6093,1.8028,1.8347,1.2971,0.8901
0.5632,1.4866,0.0170,turn,0.0000,6.2000,0.0000,nan,nan,0.4150,0.1451,1.5955
1.1557,0.9407,1.5462,path,7.2413,6.3000,0.8262,-0.8356,0.7984,1.8964,1.2706,1.0120
0.4955,3.8867,0.0651,lateral,0.7969,7.3400,0.4955,-0.0349,0.4942,0.5553,0.1790,1.5532
0.5128,3.7982,0.0182,lateral,1.2854,6.6000,0.5128,-0.0208,0.5124,0.9140,0.2596,0.9921
0.0176,2.0667,0.0306,stand,0.0000,6.0400,0.0000,nan,nan,0.0659,0.0247,0.6125
0.5628,2.2794,0.0600,lateral,0.9175,6.0000,0.5594,0.0183,0.5625,0.5260,0.2001,0.4932
0.4885,6.1948,0.1153,lateral,1.0627,7.2600,0.4725,-0.0850,0.4810,0.6622,0.1867,1.4568
0.0410,0.0226,0.0109,stand,0.0000,5.8600,0.0000,nan,nan,0.1304,0.0347,1.2921
0.5274,4.7764,0.0952,straight,1.1701,6.3800,0.5272,-0.5273,0.0109,0.6653,0.1700,0.8356
1.3243,5.7731,1.1005,path,2.7415,4.9600,0.7847,-1.1089,0.7239,1.2226,0.8536,1.3038
0.5674,5.7195,0.0933,turn,0.0000,4.5200,0.0000,nan,nan,0.4948,0.1795,1.1316
1.7674,13.6682,1.1434,path,0.3055,4.3600,1.3339,0.2011,1.7559,1.8616,1.1889,1.4291
1.2807,13.1165,1.2208,path,2.6783,4.6800,1.0484,-1.1986,0.4513,1.8414,1.1052,1.2028
0.6114,37.9909,1.3163,path,2.3250,4.2400,0.4078,-0.0580,0.6087,1.7827,1.1347,1.1880
0.5159,4.7816,0.0839,combined,1.3943,6.0600,0.5159,-0.3470,0.3818,1.0760,0.2132,0.6451
0.5250,6.3471,0.0912,straight,0.4351,4.9600,0.4342,-0.5200,0.0721,0.2183,0.0867,0.3514
0.5336,3.8349,0.0921,combined,1.8735,6.0000,0.5285,-0.1856,0.5003,1.0909,0.3450,1.4073
0.5471,4.8534,0.0279,straight,1.3165,6.7800,0.5339,-0.5449,0.0495,0.6929,0.1665,1.1509
1.7820,16.4798,1.2283,path,3.7367,5.1800,1.3543,-0.7939,1.5954,1.6395,1.2627,0.6340
0.6150,4.8414,0.0170,turn,0.0000,6.2000,0.0000,nan,nan,0.5303,0.1781,0.8463
2.7501,21.7236,1.6397,path,4.7708,5.0000,0.7801,-1.7676,2.1068,1.9939,1.1426,0.7663
0.4856,8.0927,0.1218,combined,1.0453,4.5200,0.4856,-0.4785,0.0825,0.6909,0.2322,0.5508
1.7096,5.7868,1.4372,path,3.8054,7.2600,1.2057,-1.3209,1.0855,2.1645,1.4137,0.6416
0.4513,7.6232,0.0254,combined,0.5070,5.4600,0.4353,-0.3349,0.3025,0.4285,0.1427,1.5813
2.3063,21.7166,0.9531,path,1.9219,4.9200,1.1958,-2.0100,1.1308,1.1999,0.6878,0.8417
0.4729,2.9014,0.2036,lateral,0.9256,6.0400,0.4549,-0.0667,0.4681,0.7731,0.2181,1.2373
0.5530,4.4384,0.0808,combined,1.7686,4.8600,0.5468,-0.4308,0.3468,0.9615,0.3268,0.9885
0.5868,4.7653,0.0176,combined,1.9441,7.9200,0.5552,-0.1950,0.5534,0.9842,0.2582,1.3240
0.5022,0.4735,0.0585,straight,1.2151,7.8400,0.0539,0.4938,0.0917,1.5803,0.3451,0.8115
0.6266,1.3084,0.0738,straight,1.7828,4.5000,0.1397,0.6234,0.0637,1.5357,0.6955,0.3417
0.4818,7.0131,0.0317,combined,1.5030,7.6400,0.4709,0.4455,0.1835,1.5135,0.3915,0.9370
0.5755,1.5705,0.0423,combined,0.9254,7.9800,0.5429,-0.0627,0.5721,0.6092,0.1824,1.3970
1.7752,4.5772,0.9940,path,4.0509,4.4800,1.0289,-1.6396,0.6805,1.8728,0.9725,0.4344
1.9325,13.1743,1.1607,path,1.0105,6.4800,1.4248,-0.8954,1.7126,1.8266,1.4008,0.8866
0.5492,8.4796,0.0744,combined,2.1144,6.0200,0.5492,-0.4392,0.3298,0.8070,0.3120,0.3460
0.5138,2.7379,0.1300,combined,2.0267,5.4200,0.5138,-0.0538,0.5110,1.1651,0.4282,1.1179
0.5050,5.5085,0.1088,lateral,0.9800,7.4200,0.4977,-0.0097,0.5049,0.7296,0.1949,1.2629
0.5584,6.4783,0.0350,turn,0.0000,5.1000,0.0000,nan,nan,0.6278,0.1810,0.4893
2.1111,87.8389,1.4471,path,4.2009,4.0000,0.9703,1.2560,1.6968,1.8537,1.4154,1.3247
0.4430,2.3227,0.0177,combined,0.4747,6.0000,0.0675,0.4401,0.0512,0.8537,0.2237,0.7849
0.5313,4.3616,0.0332,combined,0.6131,6.8200,0.5106,-0.0512,0.5288,0.7755,0.1903,0.6564
0.5564,2.8610,0.0781,lateral,1.0038,5.9800,0.5471,-0.0013,0.5564,0.8297,0.2230,1.0683
0.5411,0.6477,0.0648,combined,1.9781,7.8000,0.5323,-0.0726,0.5362,0.9631,0.2978,1.2043
1.6503,10.1105,1.8870,path,6.0521,6.4800,1.3644,-1.1686,1.1653,2.0881,1.3812,0.3478
0.5541,5.4075,0.1037,lateral,0.8967,6.6600,0.5453,-0.0437,0.5524,0.8696,0.2324,0.9739
0.5427,5.2926,0.0984,combined,1.5733,5.7200,0.5421,0.2040,0.5029,1.4229,0.4325,0.4513
1.8180,74.9424,0.7157,path,0.6589,4.2800,1.7401,-0.6468,1.6991,1.7448,0.9820,1.3235
0.5809,2.9171,0.0922,turn,0.0000,6.8800,0.0000,nan,nan,0.7548,0.1819,0.8998
0.4763,0.4792,0.1286,combined,0.7388,6.6800,0.3736,0.2701,0.3923,1.0031,0.2425,0.9477
0.9922,13.2786,0.2808,path,0.6807,7.5000,0.7361,-0.4684,0.8747,1.1011,0.5698,0.8200
0.5750,5.9024,0.0550,lateral,0.1087,6.5200,0.0877,-0.0316,0.5742,0.4093,0.1497,1.3060
1.2221,0.4787,0.9878,path,3.8563,7.5600,0.8555,-1.0360,0.6483,1.8917,1.1978,1.4609
1.1982,150.3179,0.7138,path,1.3235,6.0800,0.7427,-1.0087,0.6465,1.8940,1.1088,0.3533
2.3261,8.1303,1.9359,path,7.8317,4.6200,2.0340,-1.9720,1.2336,2.1363,1.6839,1.5904
0.5212,4.0933,0.0438,lateral,0.3492,6.9400,0.3216,-0.0755,0.5157,0.6226,0.1635,0.3558
0.5131,4.9403,0.1534,combined,1.5409,6.2200,0.2887,0.4995,0.1171,1.5905,0.4413,0.5480
2.4151,5.0286,1.2287,path,5.1544,6.4000,1.9610,-1.1857,2.1040,1.8192,1.2902,0.8152
1.2992,1.7166,1.5045,path,6.9790,6.4800,0.8463,-0.9457,0.8909,1.8895,1.5078,0.7482
0.5441,5.1911,0.1232,combined,1.1902,7.2000,0.5034,0.4755,0.2644,1.6858,0.3658,0.3271
0.4768,4.8179,0.0224,combined,0.2971,4.4000,0.0767,0.4532,0.1482,0.5580,0.1949,0.8580
1.7502,7.1767,2.0464,path,0.6955,7.5200,1.4530,1.7431,0.1570,2.2195,1.6238,1.3589
1.5082,2.5695,1.7820,path,3.6682,6.2400,0.8636,-0.9266,1.1900,1.7531,1.0545,0.5606
2.9526,3.1504,1.3128,path,3.5821,6.6200,2.4956,-0.5079,2.9085,2.0374,1.4754,0.9612
1.5326,39.6613,1.1103,path,1.3028,7.6800,1.4806,-0.8015,1.3063,1.6601,1.0580,1.1058
0.5710,2.6993,0.0144,turn,0.0000,7.7800,0.0000,nan,nan,0.5165,0.1440,1.0955
0.4649,3.9511,0.1859,combined,1.3896,6.0000,0.4634,0.3013,0.3541,1.1452,0.3584,1.0022
0.5360,3.0821,0.0201,turn,0.0000,4.7600,0.0000,nan,nan,0.4123,0.1556,1.5854
0.5326,2.1012,0.1207,turn,0.0000,7.5000,0.0000,nan,nan,0.6999,0.1770,1.1500
0.5714,3.1177,0.1554,combined,1.9616,5.5200,0.5714,-0.3866,0.4207,0.8589,0.3116,1.5196
0.6360,2.3747,0.0231,combined,2.0143,4.5000,0.6360,-0.3219,0.5485,0.9965,0.4175,0.6089
0.5666,2.1544,0.1016,combined,1.4095,4.6600,0.5596,-0.5077,0.2516,0.7203,0.2443,1.0133
2.1241,60.2568,0.9034,path,3.5854,6.5200,2.0427,-1.8113,1.1095,1.7849,1.0490,0.6719
1.6812,11.3456,1.3678,path,3.4752,6.6600,1.0420,-1.3696,0.9750,1.7366,1.2755,1.0613
0.7611,0.1963,1.3710,path,2.6183,6.5800,0.5332,0.4828,0.5884,1.8770,1.2206,0.3273
0.4826,0.4902,0.1687,lateral,0.5417,5.0000,0.4600,0.0521,0.4797,0.7973,0.2421,0.5418
0.5007,5.1741,0.1369,straight,0.2242,7.6400,0.2239,-0.5002,0.0213,0.4805,0.1353,0.7474
0.5545,2.7163,0.1270,combined,1.0249,4.2200,0.5352,0.4430,0.3336,1.6355,0.4886,0.8364
0.5700,5.9230,0.0317,combined,0.7513,6.2600,0.0562,0.5644,0.0794,1.4265,0.3446,1.3586
0.5576,4.3898,0.1403,turn,0.0000,4.9400,0.0000,nan,nan,0.6190,0.2170,0.7135
0.5436,0.3846,0.1330,combined,1.7003,7.2400,0.5433,-0.0486,0.5414,0.9843,0.2796,1.5561
0.5509,6.7678,0.1653,straight,1.7148,7.0400,0.0254,0.5498,0.0347,1.7770,0.4580,0.5173
0.5502,2.3506,0.0994,path,0.2662,4.5000,0.2874,0.0237,0.5497,1.2582,0.2922,0.4666
0.5065,7.0908,0.0854,lateral,0.7079,7.5800,0.4950,-0.0752,0.5009,0.6219,0.1616,0.4796
0.5630,1.8431,0.0738,straight,0.5470,7.6000,0.0320,0.5630,0.0010,1.3375,0.2628,0.7810
0.5886,0.6388,0.0303,lateral,1.3614,4.1600,0.5886,0.0059,0.5886,0.9191,0.4045,1.5708
0.5449,5.0139,0.0469,combined,0.9111,7.3800,0.3954,0.4395,0.3222,1.2534,0.2967,0.7881
0.6037,3.7229,0.0912,turn,0.0000,5.3400,0.0000,nan,nan,0.6929,0.2322,1.4003
3.0781,25.3724,1.6183,path,4.2092,7.9600,1.7911,-2.2477,2.1030,1.8320,1.3868,0.5779
0.5238,3.7196,0.1433,lateral,0.0915,4.0200,0.0848,0.0305,0.5229,0.8199,0.2310,0.4194
1.4677,150.4793,1.1167,path,1.8255,4.9200,0.5902,1.3551,0.5638,1.8426,1.1050,1.5908
1.8159,24.7740,1.0066,path,2.5630,4.7600,1.0253,-1.6523,0.7534,1.3689,0.6550,0.7086
0.5056,0.0449,0.1161,lateral,0.9753,6.1400,0.5012,-0.0108,0.5055,0.9063,0.2432,0.9823
0.5706,0.5511,0.0593,lateral,0.7920,5.3200,0.5592,-0.0198,0.5702,0.8073,0.2392,0.9233
0.5775,6.2492,0.1155,lateral,0.5262,4.5400,0.4885,-0.0169,0.5773,0.8917,0.2793,0.6659
1.1143,25.5903,1.0614,path,0.9490,7.4200,0.8169,-0.1217,1.1076,1.6886,1.1566,0.3709
0.6303,0.0846,0.0468,combined,1.3781,5.4600,0.6258,-0.4913,0.3948,0.5911,0.2165,0.9122
1.0504,7.7787,0.8502,path,3.3566,7.3800,0.5309,-0.8245,0.6508,1.9803,1.0000,0.4169
0.5787,2.4068,0.1071,turn,0.0000,4.1800,0.0000,nan,nan,0.5905,0.2242,0.8802
0.5764,4.0089,0.1169,straight,1.6661,4.1400,0.5615,-0.5702,0.0846,0.8146,0.3121,1.0072
1.3770,7.2141,1.4664,path,2.6192,7.3400,1.0666,-0.3961,1.3188,2.2534,1.4422,1.0000
0.4331,4.9860,0.0422,turn,0.0000,6.9200,0.0000,nan,nan,0.4771,0.1347,0.5363
0.5856,2.0983,0.0264,straight,0.1503,5.8800,0.1503,-0.5854,0.0159,0.5756,0.1706,0.4020
0.6222,2.9180,0.0684,combined,1.3979,4.5000,0.6184,0.0731,0.6179,0.8636,0.4109,1.0461
0.5288,4.3953,0.1331,turn,0.0000,5.5000,0.0000,nan,nan,0.5919,0.2063,0.8317
0.5246,1.0004,0.1074,combined,0.9121,5.8600,0.5146,-0.2917,0.4360,0.4303,0.1415,1.2094
0.4571,4.8991,0.0576,straight,0.1600,6.6000,0.0229,0.4570,0.0045,0.8854,0.2100,1.3154
1.9003,16.6935,0.9967,path,2.5083,6.3200,0.9083,-1.5533,1.0947,1.1745,0.7680,1.0861
0.5304,1.9954,0.1261,straight,1.4268,4.3600,0.5263,-0.5284,0.0467,0.8219,0.2507,0.4791
1.2844,17.6325,0.9853,path,0.5621,5.0000,0.7264,0.0765,1.2821,1.5007,1.0740,0.5185
0.5662,4.8056,0.0560,turn,0.0000,7.0400,0.0000,nan,nan,0.4723,0.1621,0.8704
0.4629,4.5272,0.0917,turn,0.0000,7.9600,0.0000,nan,nan,0.4939,0.1408,1.5192
3.1508,111.4007,0.3251,path,3.3115,7.8800,0.0306,-3.1479,0.1350,1.8455,0.8500,1.5174
0.0069,3.0112,0.0027,stand,0.0000,4.2600,0.0000,nan,nan,0.1570,0.0305,0.9627
2.9965,46.5345,1.7626,path,7.9329,5.7200,2.6803,-0.9357,2.8466,2.2867,1.7268,1.4565
0.5748,6.1799,0.1322,straight,0.8677,7.8000,0.5634,-0.5712,0.0637,0.3494,0.0988,0.7989
0.4176,2.2010,0.0068,lateral,0.6786,5.3600,0.4127,-0.0010,0.4176,0.5358,0.1811,1.0650
0.4938,3.5663,0.0325,straight,1.7328,6.0200,0.0404,0.4928,0.0314,1.6326,0.5061,0.9525
0.5983,1.1597,0.0547,lateral,0.0220,4.5600,0.0053,0.0057,0.5983,0.9547,0.2707,0.8093
0.6059,0.3033,0.1758,straight,1.2896,4.0000,0.0320,0.6058,0.0131,1.7537,0.6887,0.7841
0.4859,6.2651,0.0610,combined,1.1744,4.1200,0.4842,-0.4770,0.0924,0.7002,0.2140,0.4450
1.3517,9.7288,0.9411,path,2.6476,4.7000,0.6729,-1.3517,0.0071,1.2986,0.9084,0.4842
0.0065,0.8375,0.0177,stand,0.0000,4.5600,0.0000,nan,nan,0.2219,0.0259,1.4960
1.4162,1.9595,1.1513,path,2.7510,6.4000,0.8506,1.1603,0.8120,1.7021,1.2866,0.9166
0.5205,7.4121,0.1887,turn,0.0000,7.5600,0.0000,nan,nan,0.6152,0.1590,0.8192
0.9909,94.4533,0.8849,path,3.1018,4.1400,0.7089,0.9902,0.0392,1.5981,1.1674,0.4726
0.5649,5.5701,0.0340,combined,1.7088,6.6800,0.5484,-0.5646,0.0175,0.8563,0.2281,0.3997
0.5475,3.4481,0.0799,straight,1.6718,7.8600,0.5425,-0.5445,0.0570,0.9926,0.1942,0.4653
0.5803,2.1896,0.1284,combined,0.7448,4.7000,0.5172,0.2684,0.5145,1.1815,0.3565,1.0613
1.3763,16.5859,1.1110,path,2.2442,6.5800,0.6918,-0.6022,1.2376,2.2968,1.3331,1.4210
0.6341,4.8133,0.0369,combined,1.9920,7.8400,0.1943,0.6242,0.1112,1.9143,0.4627,0.4934
0.5113,7.3452,0.0348,straight,0.0608,4.0000,0.0379,0.5109,0.0197,0.7101,0.2710,0.3531
0.5455,5.4621,0.0401,combined,2.0180,5.6800,0.5336,-0.4780,0.2628,1.2263,0.3299,0.9099
0.5554,6.2901,0.1599,combined,1.6728,7.8800,0.5491,0.2104,0.5140,1.1955,0.3310,0.4866
0.5656,2.1194,0.0102,straight,0.8351,4.2200,0.5626,-0.5655,0.0123,0.3566,0.1203,0.4931
0.6717,4.0165,1.4159,path,5.4102,4.6600,0.5091,-0.6714,0.0193,1.5779,1.1943,0.8039
2.3896,1.1510,1.2037,path,2.3539,4.5200,1.8312,-1.7275,1.6511,1.8527,1.1331,0.7138
0.5568,2.3225,0.0616,combined,1.4622,7.5200,0.1907,0.5374,0.1455,1.8738,0.4025,0.6321
0.7930,66.6262,0.4270,path,0.7492,5.0600,0.5666,-0.5934,0.5261,0.7859,0.2980,0.5280
0.5236,3.9838,0.0357,straight,1.6790,4.8800,0.5226,-0.5231,0.0222,0.9212,0.2915,0.4030
0.6548,1.5703,0.0526,straight,0.4870,4.0600,0.0672,0.6546,0.0150,0.6410,0.3441,0.6907
2.7885,16.6068,1.2959,path,3.6578,4.4600,2.3910,-1.0358,2.5890,1.9316,1.5144,0.3439
0.5533,6.7917,0.1082,lateral,0.8058,4.0000,0.5533,-0.1118,0.5419,0.9039,0.3078,1.1370
0.4842,4.1052,0.1509,lateral,0.5757,4.8000,0.4778,0.0330,0.4831,0.5699,0.2176,1.5870
0.6490,0.9865,0.0481,combined,1.7090,6.2800,0.6435,0.3984,0.5123,1.4458,0.4574,1.4084
0.5645,2.9270,0.1823,lateral,0.4884,6.1400,0.4071,-0.0274,0.5638,0.8478,0.2214,1.4056
0.5509,3.8645,0.0886,turn,0.0000,4.5400,0.0000,nan,nan,0.6311,0.2506,1.0724
0.0227,0.4009,0.0222,stand,0.0000,4.3000,0.0000,nan,nan,0.1033,0.0374,0.3720
2.4620,3.3285,1.2397,path,1.7831,4.6400,1.8326,-2.3388,0.7689,1.7271,1.2344,0.9089
0.5608,4.1200,0.1892,turn,0.0000,4.0000,0.0000,nan,nan,0.6569,0.2520,1.3727
0.5581,2.7190,0.0888,turn,0.0000,7.0600,0.0000,nan,nan,0.8122,0.1934,0.8286
0.4896,6.2887,0.1028,straight,1.7860,4.9800,0.0997,0.4831,0.0798,1.6995,0.6117,1.3117
0.6965,0.5266,0.1984,combined,2.2924,4.6400,0.6965,0.0279,0.6960,1.4097,0.6115,0.5032
0.7065,2.2974,0.2250,combined,1.4140,4.1000,0.6314,-0.0278,0.7060,0.8507,0.5026,0.9450
1.2391,1.8764,1.3945,path,1.4955,6.2600,0.9738,-1.2290,0.1579,1.7118,1.1835,0.8496
1.3771,22.5417,0.9852,path,3.2627,5.7600,0.8120,-1.3754,0.0681,1.4997,1.0692,0.3222
0.5206,2.6515,0.0352,straight,0.2923,6.2800,0.0515,0.5151,0.0757,1.2251,0.2703,0.3471
0.8503,7.3239,0.7609,path,0.8714,6.6400,0.7049,-0.6884,0.4992,1.8870,0.5041,1.5006
2.3755,48.8719,1.6191,path,1.1194,5.1400,0.7925,-2.3524,0.3304,1.8139,0.8542,0.3559
0.4927,2.6240,0.0746,combined,1.4586,6.6400,0.3529,0.4740,0.1345,1.5449,0.4090,1.3663
0.5805,4.3395,0.1945,combined,0.8998,4.0200,0.2874,0.5721,0.0981,1.5944,0.5494,0.6125
0.5833,4.0865,0.0219,lateral,1.1074,6.6600,0.5794,-0.0475,0.5814,0.7611,0.2291,1.5101
0.5761,4.4006,0.0517,straight,1.6112,6.1600,0.0074,0.5761,0.0019,1.8662,0.4877,1.1246
0.4942,3.4511,0.1745,turn,0.0000,4.1400,0.0000,nan,nan,0.6440,0.2411,1.5532
0.5110,6.6573,0.1153,combined,0.9418,5.6800,0.5014,-0.1753,0.4800,0.8324,0.2521,1.1435
1.7629,3.6716,1.6860,path,0.8475,6.4600,1.1231,0.9874,1.4604,1.9236,1.1198,1.3070
0.5419,4.7007,0.1262,straight,0.4169,4.0600,0.4157,-0.5417,0.0146,0.2095,0.0845,1.2921
1.9575,10.1757,0.1530,path,2.1554,5.8400,1.0203,-1.6537,1.0474,1.2358,0.5539,0.6720
0.4392,5.2825,0.1627,straight,0.0501,6.7800,0.0289,-0.4361,0.0519,0.4599,0.1486,0.5773
0.5349,3.6033,0.1033,straight,1.9966,4.5600,0.0217,0.5344,0.0222,1.7664,0.6956,0.8557
2.4256,0.1540,1.4239,path,7.2858,5.7800,1.9831,-1.9364,1.4608,2.0127,1.5630,1.0930
0.5258,4.9080,0.0116,straight,1.0526,6.1600,0.0809,0.5245,0.0369,1.6546,0.3953,0.4198
0.5524,3.9398,0.1069,combined,1.2708,6.0200,0.5397,-0.2754,0.4789,0.6402,0.2242,0.8712
1.3978,6.0712,0.8649,path,1.7838,4.4800,0.8440,-1.2749,0.5731,1.2170,0.7531,0.5509
1.0771,4.3631,1.4798,path,6.3736,5.5800,0.7208,-1.0163,0.3565,1.7499,1.3295,0.8316
1.6891,49.0637,0.6892,path,5.1540,5.1800,1.0525,-1.3249,1.0476,2.1545,1.2538,0.9072
0.5671,2.4599,0.0809,lateral,0.3739,7.2800,0.3561,-0.0663,0.5632,0.7741,0.1745,0.7122
0.5561,3.6090,0.1282,combined,1.2833,4.0600,0.5484,-0.2545,0.4945,0.7516,0.2841,1.1509
0.5561,4.0959,0.1186,combined,1.4449,7.9600,0.5285,0.3866,0.3997,1.4869,0.3527,1.2156
1.2560,10.0070,0.6201,path,1.1591,7.2600,1.0068,-0.6350,1.0836,1.2228,0.6454,1.5549
0.8810,5.7691,0.8865,path,1.4477,4.2400,0.5581,0.7221,0.5048,1.7673,1.0889,0.3040
1.3029,5.7051,1.2652,path,3.4370,4.9600,0.7308,-0.9092,0.9332,1.6900,1.2228,0.8752
2.8650,15.3714,1.2050,path,6.7408,4.1400,2.5131,-2.6576,1.0701,1.7851,1.1471,1.2798
1.3385,6.5374,1.2944,path,2.6462,5.7000,0.8203,-1.1240,0.7269,2.1152,1.3829,0.4641
0.5188,6.1489,0.0737,straight,0.2305,6.5000,0.0256,0.5138,0.0721,1.0738,0.2457,0.6305
1.8012,3.9492,1.6081,path,5.9548,6.7800,1.1889,-1.0784,1.4428,1.8345,1.3250,0.5427
0.5608,2.3718,0.1566,turn,0.0000,4.5800,0.0000,nan,nan,0.6956,0.2319,0.8356
0.4849,1.8949,0.0963,combined,0.7062,5.8000,0.4821,-0.1031,0.4738,0.6067,0.1791,0.3338
2.4636,7.2521,1.3649,path,1.9514,6.8800,1.9653,0.0627,2.4628,1.8699,1.4207,1.3617
0.6237,4.9872,0.1788,straight,0.8284,5.1800,0.6002,-0.6233,0.0219,0.3957,0.1128,1.2505
0.5866,2.3009,0.0154,turn,0.0000,6.4600,0.0000,nan,nan,0.7000,0.1886,0.7129
0.4692,3.2622,0.1607,straight,0.2574,6.3600,0.2547,-0.4673,0.0428,0.3869,0.1286,1.5323
0.5306,7.2118,0.1185,lateral,0.9261,6.2000,0.5132,-0.1077,0.5195,0.7322,0.2184,1.5174
1.3888,5.7516,0.3964,path,1.5709,7.5200,0.7909,-0.7979,1.1367,2.3577,0.9882,1.5762
0.5629,4.7437,0.0705,combined,1.5528,5.5200,0.5587,0.1649,0.5382,0.9784,0.3695,1.5635
1.2436,7.2484,0.6668,path,0.3324,4.5600,0.4019,0.1977,1.2278,1.7073,0.9760,0.6437
2.1534,117.7795,0.4858,path,1.1448,5.7800,0.6498,-2.1477,0.1572,1.4608,0.5537,0.7920
0.5576,29.0211,0.3294,path,1.1563,4.5400,0.0853,-0.3722,0.4152,1.8440,0.7643,1.5201
0.0069,2.2147,0.0363,stand,0.0000,7.6200,0.0000,nan,nan,0.1971,0.0272,1.2367
0.0122,1.6024,0.0261,stand,0.0000,7.1200,0.0000,nan,nan,0.0563,0.0227,1.2195
0.4215,1.1473,0.1805,turn,0.0000,5.9200,0.0000,nan,nan,0.4603,0.1588,1.3616
1.7505,32.2909,0.9138,path,1.4548,4.6000,0.0119,-1.5011,0.9005,1.2255,0.5658,1.3203
0.0144,0.1963,0.0295,stand,0.0000,5.3000,0.0000,nan,nan,0.0959,0.0295,1.5955
0.5056,4.2178,0.1634,straight,1.3874,4.0800,0.0672,0.5055,0.0103,1.4337,0.6086,0.9477
0.6254,4.5075,0.0865,combined,1.5120,4.6400,0.6057,0.1328,0.6111,1.1238,0.4578,0.3417
0.5315,5.7822,0.0676,turn,0.0000,5.0600,0.0000,nan,nan,0.5785,0.1772,1.0784
0.0405,0.0771,0.0387,stand,0.0000,6.9400,0.0000,nan,nan,0.1101,0.0369,0.4777
0.5593,5.5385,0.1087,combined,1.8789,5.6200,0.3251,0.5233,0.1975,1.6985,0.5699,0.9871
1.3121,2.6303,1.5718,path,4.9551,6.4200,0.8373,-0.5822,1.1759,1.8865,1.4163,0.7923
0.5231,2.4245,0.0425,straight,0.7086,6.7600,0.0622,0.5228,0.0177,1.2810,0.2953,1.5824
0.5195,4.6577,0.0464,lateral,0.4720,5.4000,0.4339,0.0200,0.5192,0.9262,0.2514,0.9921
0.4603,3.5225,0.1437,turn,0.0000,7.7200,0.0000,nan,nan,0.7928,0.1901,1.2432
0.7077,5.8749,1.2831,path,1.9520,6.4600,0.4648,-0.6527,0.2735,1.4406,0.6185,0.5877
1.3697,0.3020,1.0753,path,0.8755,5.2400,0.9570,-1.3561,0.1932,1.3135,0.6207,1.4042
2.2007,4.3236,1.2575,path,4.2673,7.8800,1.1960,-2.0940,0.6768,1.5785,0.9529,0.6786
0.4434,4.0066,0.1470,straight,0.5082,7.5800,0.0159,0.4431,0.0160,1.2006,0.2531,0.8910
0.8715,16.3216,1.1916,path,5.0962,4.7400,0.8081,-0.8620,0.1279,1.7048,1.1713,1.5839
1.9568,9.1443,1.2646,path,2.4126,7.7400,1.1110,-1.5679,1.1709,1.5854,1.1923,0.5728
0.5713,6.4583,0.0857,turn,0.0000,4.1000,0.0000,nan,nan,0.4146,0.1883,0.3271
0.6005,3.9440,0.1518,turn,0.0000,6.9000,0.0000,nan,nan,0.7843,0.1957,1.3100
0.9770,9.5070,1.3807,path,2.0196,5.3800,0.3496,0.2314,0.9492,1.5927,1.0437,1.3890
1.4712,17.1721,1.0563,path,2.8382,4.0800,0.9141,-1.4710,0.0243,1.3112,0.8082,1.5511
0.5045,6.4770,0.0707,straight,1.3599,6.0600,0.4936,-0.5039,0.0255,0.8096,0.2020,1.5187
0.0319,0.1998,0.0112,stand,0.0000,6.6200,0.0000,nan,nan,0.1692,0.0297,1.5858
0.5268,7.0927,0.0375,lateral,0.6823,4.3800,0.5234,-0.0983,0.5176,0.6970,0.2309,0.3558
2.0300,9.8992,0.9280,path,2.7682,6.0600,1.9389,-1.5240,1.3410,2.1603,1.3171,1.2662
0.4381,2.5070,0.0572,straight,1.2931,6.7000,0.0291,0.4348,0.0543,1.3835,0.3709,1.2889
0.0425,1.6933,0.0065,stand,0.0000,5.4000,0.0000,nan,nan,0.0921,0.0311,1.4073
1.8292,23.4110,0.6189,path,1.4555,7.7200,1.8292,-1.0408,1.5042,1.7865,1.0526,1.2633
0.5310,1.9565,0.1115,lateral,1.0661,5.9000,0.5310,-0.0172,0.5308,0.9985,0.3101,0.7048
1.3617,7.7970,1.0440,path,2.0769,4.5800,0.8610,-1.0308,0.8899,1.7845,1.0138,0.5990
0.5731,3.0430,0.1399,combined,1.7310,4.1200,0.4512,0.4682,0.3304,1.7665,0.6907,1.0955
0.5554,4.1401,0.0934,straight,0.5012,7.1800,0.0117,0.5553,0.0113,1.3543,0.2609,0.9230
2.4218,31.7961,1.3288,path,1.1913,6.8400,0.5062,-2.3822,0.4364,1.7126,0.9127,0.8988
0.5324,4.8936,0.0340,combined,0.8405,4.9800,0.5321,-0.4382,0.3024,0.4822,0.1398,0.9739
2.2860,21.6599,1.3200,path,3.2859,6.6400,0.9873,1.2043,1.9431,1.8253,1.1667,0.6033
0.7009,22.8021,0.2475,path,4.1170,5.0400,0.4759,0.6955,0.0869,1.8271,1.2428,0.8380
0.5883,3.1932,0.0312,combined,0.9339,6.1800,0.4754,0.4493,0.3798,1.3598,0.3785,0.6226
0.5646,2.4784,0.0571,turn,0.0000,7.6400,0.0000,nan,nan,0.5082,0.1565,0.6183
0.4968,2.1853,0.0597,straight,0.2390,5.3200,0.2389,-0.4947,0.0457,0.3848,0.1484,0.3460
1.0634,7.5078,1.5969,path,5.3283,6.7200,0.8214,-0.7129,0.7891,1.9783,1.3796,0.8742
0.5598,2.4139,0.1236,turn,0.0000,7.0000,0.0000,nan,nan,0.6819,0.1675,0.5413
1.5027,1.7507,1.3098,path,4.3555,7.8200,0.9182,-1.4909,0.1882,1.9908,1.1995,0.6452
1.4890,78.5658,0.5580,path,0.7661,5.5000,0.8658,-1.0792,1.0259,1.0556,0.5269,0.3643
0.5497,0.3267,0.0137,combined,0.9303,5.6000,0.5497,-0.3130,0.4519,0.4558,0.1646,1.5824
1.3516,15.0371,0.9363,path,0.9630,4.3200,0.8638,0.0271,1.3514,1.5291,1.1532,1.1336
0.5583,1.5072,0.1420,combined,1.7248,4.3200,0.5583,-0.0954,0.5501,1.2051,0.4752,0.5418
1.5360,0.0470,1.2042,path,3.8453,7.0600,1.1569,-1.1651,1.0009,1.3253,0.8967,0.5883
0.5660,3.7978,0.0507,turn,0.0000,4.2200,0.0000,nan,nan,0.8033,0.2522,1.3461
1.6721,19.7131,1.9306,path,1.2965,7.2400,0.6989,1.3689,0.9601,2.0124,1.1739,1.5529
0.5003,7.6155,0.0122,combined,1.5816,5.8400,0.4927,-0.0351,0.4991,0.9568,0.3170,0.5508
0.5936,0.7124,0.0877,combined,1.5777,4.5000,0.4380,0.5399,0.2465,1.7555,0.6396,1.0133
1.7361,36.4981,0.9096,path,3.3136,7.3800,1.6196,-1.4559,0.9456,1.4440,0.8419,1.4223
0.5368,3.9568,0.1675,straight,0.7753,7.9400,0.5115,-0.5345,0.0495,0.4698,0.1095,1.4783
0.5658,5.8427,0.1339,turn,0.0000,5.9400,0.0000,nan,nan,0.6351,0.1795,0.9885
0.5970,4.5404,0.0226,lateral,0.0133,4.2200,0.0133,0.0227,0.5965,0.6447,0.2165,0.7810
0.5427,0.5219,0.1584,straight,0.7391,5.9000,0.5409,-0.5416,0.0354,0.2431,0.1007,1.3970
0.5484,7.7150,0.0984,straight,1.8482,4.2200,0.5484,-0.5345,0.1226,0.9075,0.3885,0.8544
2.2346,14.5460,1.6127,path,1.6962,7.6000,1.7690,2.2215,0.2416,2.0264,1.2354,0.5788
0.4361,4.2809,0.0644,lateral,0.1583,5.7400,0.1579,0.0234,0.4354,0.6211,0.1687,0.7849
3.0900,0.6326,1.2512,path,6.1751,6.2600,2.5350,-1.7653,2.5360,1.7217,1.2096,0.9876
0.5442,2.6898,0.0602,turn,0.0000,6.6400,0.0000,nan,nan,0.6018,0.1477,0.4089
1.3286,3.9939,1.8277,path,0.7356,4.3000,1.0968,-1.2671,0.3996,1.9113,1.0886,0.9934
0.0188,2.0518,0.0352,stand,0.0000,6.5400,0.0000,nan,nan,0.1297,0.0346,1.1316
2.3068,7.9282,0.7412,path,1.4376,7.4000,0.4743,-0.5540,2.2393,1.4739,0.6705,0.6192
0.0031,2.8485,0.0289,stand,0.0000,4.3200,0.0000,nan,nan,0.1839,0.0366,0.9233
0.5585,1.7850,0.0919,straight,0.9630,7.3400,0.0436,0.5585,0.0047,1.4675,0.3239,0.4254
0.5420,2.7730,0.0474,turn,0.0000,5.1200,0.0000,nan,nan,0.5248,0.1945,1.5854
0.5525,0.8154,0.0318,lateral,0.2869,4.7600,0.2447,-0.0019,0.5525,0.6289,0.2136,1.5561
0.5538,3.8068,0.0766,turn,0.0000,4.5600,0.0000,nan,nan,0.5553,0.1719,0.7881
0.4346,1.1037,0.1445,straight,0.4846,7.9000,0.0071,0.4307,0.0575,1.1113,0.2437,1.2225
1.7454,39.6614,0.4469,path,2.5769,7.7200,1.3281,-1.0854,1.3668,1.3896,0.8154,0.8940
0.4951,6.4948,0.0075,turn,0.0000,4.7000,0.0000,nan,nan,0.8198,0.2180,0.4796
0.8934,4.1002,1.5171,path,7.2451,5.8200,0.4982,-0.6830,0.5759,2.0789,1.5269,1.4721
0.5364,8.5674,0.0619,combined,1.5204,7.7000,0.0429,0.5285,0.0919,1.4786,0.3650,0.5763
0.6029,2.7887,0.3320,combined,2.1037,4.0800,0.6029,-0.0761,0.5981,1.0795,0.5831,0.8704
0.5961,5.0513,0.0229,combined,2.1425,4.0800,0.5954,0.3963,0.4452,1.6394,0.7365,0.7989
0.5262,6.4267,0.0723,turn,0.0000,6.7600,0.0000,nan,nan,0.4577,0.1562,0.3514
1.9112,51.0155,1.0205,path,2.4309,7.4400,1.7421,-0.9573,1.6541,1.7222,1.0700,1.2800
0.5777,2.1317,0.0819,combined,1.4213,4.4200,0.4854,0.4402,0.3741,1.5942,0.6390,0.8652
0.5400,2.1876,0.0927,combined,1.0449,5.5200,0.5309,-0.5144,0.1643,0.5246,0.1589,0.9133
0.5204,3.8166,0.0364,straight,1.0168,6.3000,0.5142,-0.5162,0.0659,0.5860,0.1584,0.6564
2.8774,3.8530,1.4400,path,0.4562,7.4800,1.1065,-1.2103,2.6105,1.8663,0.9144,0.5800
1.4002,5.3844,0.9122,path,1.5494,7.6600,0.7962,-1.3325,0.4302,1.4693,0.9703,1.1875
0.5602,4.6759,0.0406,combined,1.2945,7.2600,0.5113,0.4707,0.3038,1.6430,0.3959,0.4932
0.5141,5.3500,0.0425,combined,1.1490,5.3800,0.5045,-0.4913,0.1516,0.5601,0.1699,0.7474
0.4918,2.4416,0.0975,combined,1.0671,6.7400,0.4786,0.4127,0.2674,1.2450,0.3144,0.8115
1.6219,4.7230,0.4389,path,1.2700,5.2200,0.3080,-1.2247,1.0633,1.9297,0.8333,1.1841
0.0139,1.0471,0.0123,stand,0.0000,7.1000,0.0000,nan,nan,0.0864,0.0259,0.6451
1.3808,9.3938,0.9507,path,0.8670,4.7600,1.3745,-0.6830,1.2001,1.3343,0.8389,1.0682
1.8259,14.2448,1.1839,path,2.5793,6.4000,1.0598,-1.4420,1.1200,1.5644,1.0049,1.0377
0.4776,5.2635,0.1075,turn,0.0000,4.5000,0.0000,nan,nan,0.6824,0.2056,0.9627
1.1901,7.1469,0.6196,path,0.8764,6.4800,1.0111,-0.4777,1.0900,1.2368,0.5454,1.4762
0.5318,4.0578,0.0921,straight,1.8623,6.7000,0.0448,0.5312,0.0248,1.7853,0.4833,1.1179
0.5479,2.8575,0.0169,combined,1.0151,5.5200,0.5365,-0.4992,0.2257,0.5708,0.1670,0.9348
1.8765,11.9765,1.0136,path,0.7551,7.6200,1.4273,-0.0061,1.8765,1.7587,1.1087,1.2279
2.7445,5.7247,1.2573,path,2.4264,7.4400,0.8315,-2.6948,0.5200,1.2525,0.6606,0.7801
2.8105,52.1427,1.7556,path,6.4259,7.1000,0.6542,-1.8646,2.1029,2.2189,1.2256,0.4594
0.6916,1.7851,1.6785,path,6.3040,4.4200,0.5376,-0.6895,0.0534,1.8414,1.4199,0.8588
0.5001,3.5701,0.0592,lateral,0.1661,7.5600,0.1568,0.0816,0.4934,0.4559,0.1362,1.4568
0.6419,3.8608,0.0464,straight,0.8743,4.4400,0.6101,-0.6416,0.0170,0.3456,0.1221,0.4934
0.5669,2.8938,0.0336,combined,1.4002,4.9400,0.5664,-0.4571,0.3352,0.7217,0.2086,0.4020
2.3199,2.7262,0.9336,path,1.5512,4.6000,1.5768,-2.1359,0.9054,1.5509,0.9375,1.0671
1.4431,46.4983,0.4801,path,1.5646,6.4600,0.1658,-1.4312,0.1851,1.2387,0.4628,1.5538
0.4796,3.9505,0.1351,lateral,0.3609,7.2000,0.3256,0.0535,0.4766,0.6079,0.1699,1.2373
1.9701,20.5608,1.1592,path,4.8180,7.4000,1.3879,-1.9701,0.0158,1.6749,1.1505,1.0455
0.5393,6.7135,0.0558,lateral,0.9316,4.9800,0.5390,0.0130,0.5392,0.6729,0.2603,0.4791
2.4184,35.0786,1.1197,path,0.6341,6.8200,0.9508,-0.3329,2.3954,1.5692,0.6434,1.3330
0.5744,2.5588,0.1248,combined,1.4319,4.3400,0.4566,0.5272,0.2279,1.7325,0.6141,0.4030
0.5425,2.6802,0.0769,combined,1.5913,6.9600,0.2359,0.5266,0.1301,1.6730,0.4365,1.0683
2.2170,24.0291,1.1611,path,3.5918,5.5600,1.1730,-2.1995,0.2779,1.6183,0.7862,1.4585
0.0301,2.1168,0.0394,stand,0.0000,7.3800,0.0000,nan,nan,0.1546,0.0337,1.5813
0.4430,1.6263,0.0079,combined,1.9587,6.2400,0.4356,-0.2930,0.3323,1.1694,0.3087,1.0022
1.9794,28.1177,0.8420,path,4.1184,5.1200,1.8923,-1.9680,0.2123,1.6598,0.9606,1.1359
1.5424,8.7882,0.4485,path,2.2560,6.7400,1.0515,-1.5409,0.0674,1.9540,0.5254,1.4189
2.0271,34.0739,0.5072,path,3.4939,5.1800,0.8423,-1.6655,1.1555,1.2045,0.6090,1.3266
0.6330,1.3781,1.0696,path,2.0732,4.6600,0.6055,-0.6328,0.0161,1.6317,0.7684,1.3766
0.5820,3.3409,0.0531,lateral,1.2971,5.0400,0.5820,-0.0605,0.5789,0.8670,0.3013,0.7841
0.6167,0.8974,0.1604,combined,0.7558,5.0400,0.5459,0.0295,0.6160,0.8068,0.2669,1.4960
0.5570,3.3882,0.0807,combined,0.9892,4.9800,0.5496,0.1223,0.5434,1.0423,0.3621,0.3997
0.5693,1.8891,0.0549,lateral,1.0750,5.5600,0.5589,-0.0583,0.5663,0.9215,0.3023,1.0072
0.5607,3.6729,0.0499,turn,0.0000,5.8800,0.0000,nan,nan,0.9049,0.2017,1.5708
0.5249,4.6742,0.0468,combined,2.0382,4.1200,0.5249,-0.4873,0.1949,1.1761,0.4204,1.5532
0.6086,4.1396,0.1164,turn,0.0000,7.0800,0.0000,nan,nan,0.6271,0.2051,0.8463
0.5426,2.3335,0.1531,turn,0.0000,7.3200,0.0000,nan,nan,0.6442,0.1724,1.2043
0.5851,0.0978,0.1711,lateral,0.3103,5.0400,0.2470,0.0026,0.5851,0.9416,0.2537,1.0613
1.5648,7.1817,1.7904,path,1.8862,6.7200,0.7774,0.0125,1.5648,2.0479,1.3856,0.4076
1.2190,14.8347,0.3991,path,2.1316,7.3600,0.2848,-1.1718,0.3360,1.9484,0.7243,0.5732
1.1368,10.1521,1.7686,path,3.8402,7.7800,0.9966,-1.0292,0.4829,2.0338,1.3610,1.3584
0.5009,1.4344,0.0753,straight,0.4944,5.5400,0.4908,-0.5008,0.0119,0.1928,0.0765,1.2094
0.0062,1.7881,0.0109,stand,0.0000,5.7400,0.0000,nan,nan,0.1265,0.0363,0.5363
1.3432,3.9071,0.6027,path,1.3146,5.7600,0.8820,-0.6348,1.1837,1.5300,0.7119,0.6709
1.9195,5.2095,1.2266,path,3.9868,6.0800,1.3966,-0.7882,1.7502,2.0838,1.4274,0.3104
0.0414,3.0604,0.0291,stand,0.0000,7.2800,0.0000,nan,nan,0.1264,0.0344,1.3060
0.5463,0.6154,1.1515,path,1.3398,4.1400,0.2832,-0.0331,0.5453,1.5583,1.0712,0.6331
2.6969,154.2620,0.8749,path,3.7526,6.0000,1.1103,0.6045,2.6283,2.1963,1.1446,0.4093
0.6036,2.4169,0.0977,combined,1.3477,4.5800,0.5721,0.3607,0.4840,1.4883,0.5046,1.1246
0.5915,0.6039,0.0171,combined,1.8745,7.5200,0.5737,-0.4419,0.3933,1.0096,0.2464,0.8998
0.0260,4.3839,0.0234,stand,0.0000,4.3000,0.0000,nan,nan,0.1657,0.0384,1.5149
0.5767,4.6737,0.0268,straight,1.1161,6.5800,0.5547,-0.5731,0.0639,0.5790,0.1390,0.5173
2.9834,56.2195,0.7708,path,4.3916,7.1400,1.2624,2.5822,1.4942,2.2449,1.6672,0.3148
0.5279,3.9285,0.1323,turn,0.0000,7.7200,0.0000,nan,nan,1.0673,0.2049,0.4513
0.5587,3.8575,0.0724,turn,0.0000,5.4800,0.0000,nan,nan,0.8596,0.2378,0.6488
1.2924,6.2183,1.1639,path,1.3698,4.8400,0.8769,-1.2910,0.0605,1.8097,1.0975,0.9177
0.5221,5.7143,0.0982,combined,1.9496,4.7800,0.5218,0.4018,0.3334,1.5198,0.6101,1.3663
0.5631,3.8163,0.1580,turn,0.0000,4.1000,0.0000,nan,nan,0.5146,0.2197,0.4893
0.0242,0.7561,0.0200,stand,0.0000,6.2800,0.0000,nan,nan,0.1649,0.0339,0.6659
1.9400,49.1874,1.0308,path,0.3953,7.3800,1.9207,0.0867,1.9381,1.5680,0.8713,1.4827
0.5404,5.7875,0.0571,lateral,0.1153,7.6600,0.0852,0.0130,0.5402,0.8015,0.1603,1.4597
0.5777,2.5874,0.0077,combined,1.3405,4.2000,0.5764,0.4089,0.4081,1.6067,0.5480,0.8356
0.0252,1.2362,0.0419,stand,0.0000,4.6800,0.0000,nan,nan,0.1627,0.0301,0.5773
1.2428,8.2886,0.9034,path,2.2435,4.6200,0.7974,-1.0980,0.5822,1.1971,0.6974,0.7158
0.5736,5.8559,0.0130,lateral,0.1091,5.2200,0.1042,0.0339,0.5726,0.5851,0.1897,1.2543
0.5227,2.9162,0.1519,turn,0.0000,4.4000,0.0000,nan,nan,0.5770,0.2395,0.7371
2.0554,5.0027,1.5782,path,7.1176,5.5400,1.5392,-1.2528,1.6294,2.0346,1.7018,0.9175
0.5560,4.1547,0.0240,lateral,0.6372,6.4400,0.5418,-0.0546,0.5533,0.9464,0.2239,0.8802
0.5949,4.3610,0.0884,straight,1.2035,5.0800,0.0217,0.5924,0.0543,1.6314,0.5467,1.5101
0.4922,3.5099,0.0753,combined,1.4022,7.7600,0.4922,-0.4397,0.2213,0.6839,0.1798,0.5480
0.4680,1.7727,0.0416,turn,0.0000,7.7400,0.0000,nan,nan,1.1371,0.2153,0.9704
0.5634,4.5482,0.1783,straight,0.5973,5.1200,0.5512,-0.5596,0.0654,0.2172,0.0887,0.6125
0.5463,3.2671,0.0692,lateral,0.6601,7.4000,0.5317,0.0085,0.5462,0.7235,0.1847,1.1500
0.4711,1.7776,0.1015,turn,0.0000,7.6600,0.0000,nan,nan,0.6856,0.1326,0.8580
0.5620,1.5747,0.0544,combined,1.7046,5.7800,0.0755,0.5521,0.1049,1.9566,0.5285,0.4931
0.5783,6.1948,0.0261,combined,0.8186,7.2000,0.3083,0.3459,0.4635,0.9132,0.2495,1.3586
0.8226,8.5729,1.2156,path,0.0070,7.8200,0.7670,-0.2861,0.7712,1.7746,1.1699,0.9603
2.3351,11.6897,1.2595,path,0.7284,6.3000,1.9138,0.2521,2.3215,1.8229,1.3721,1.2599
0.5992,3.8466,0.0498,combined,1.3852,4.0000,0.5992,-0.2115,0.5607,0.9777,0.3866,0.9871
0.5487,3.0084,0.1436,straight,1.1073,6.5400,0.5336,-0.5486,0.0121,0.6207,0.1436,0.8317
0.8231,22.1425,0.4080,path,0.7472,5.6000,0.8231,-0.3644,0.7380,1.3334,0.5940,0.3396
2.7551,18.5410,1.5996,path,3.1604,4.8200,0.9424,-2.5919,0.9340,1.7840,0.7292,1.1443
0.9649,10.4181,1.3595,path,7.7372,4.6200,0.5588,-0.9179,0.2976,1.9124,1.5477,0.5912
0.4970,3.6372,0.0234,lateral,0.2407,6.0800,0.2309,0.0017,0.4970,0.7335,0.2054,0.3531
0.6558,3.3993,0.0950,combined,1.8327,5.7200,0.6384,-0.5855,0.2952,0.7228,0.2758,1.4084
0.5423,6.1938,0.0234,combined,0.6733,7.3800,0.4234,-0.0192,0.5420,0.8131,0.2084,0.8364
0.5685,2.8729,0.1290,lateral,1.3345,5.7400,0.5532,-0.0258,0.5679,0.8033,0.2668,0.8286
0.5731,3.5482,0.0247,straight,1.4909,4.0800,0.2009,0.5659,0.0907,1.5779,0.6568,1.1429
0.5494,5.0080,0.0310,combined,0.9629,7.8200,0.3966,0.2662,0.4806,0.9889,0.2587,1.5196
1.1492,40.7075,0.6435,path,1.7062,5.7400,0.4460,0.2790,1.1148,1.7833,0.9873,0.9974
0.6069,2.6278,0.0278,turn,0.0000,7.3600,0.0000,nan,nan,0.5224,0.1729,1.4003
0.5347,5.7244,0.1974,combined,1.3108,5.1200,0.5341,0.1732,0.5058,1.0735,0.3515,0.6305
0.4725,5.7068,0.0838,combined,1.3437,4.3600,0.4677,-0.4157,0.2247,0.9369,0.3083,1.2432
0.4824,6.0904,0.0925,turn,0.0000,6.6600,0.0000,nan,nan,0.6386,0.1298,0.4450
1.0224,0.0502,1.5335,path,7.1785,4.1800,0.8001,-0.9631,0.3432,2.0601,1.5294,0.8571
0.4817,5.6770,0.1331,turn,0.0000,4.5600,0.0000,nan,nan,1.0927,0.2742,0.9370
0.0135,0.4132,0.0274,stand,0.0000,6.2000,0.0000,nan,nan,0.1044,0.0246,0.6907
1.1904,12.3920,0.4758,path,1.4293,4.5000,1.1904,-1.1820,0.1408,1.5718,0.6603,0.8660
0.5512,3.8544,0.0354,combined,0.7894,6.1600,0.5417,-0.1776,0.5218,0.5143,0.1704,1.3727
0.5894,1.4233,0.0709,combined,1.4982,6.8400,0.5850,-0.4244,0.4090,0.6661,0.1875,0.8093
0.5572,2.3257,0.0304,combined,1.5257,6.2200,0.5572,0.2619,0.4918,1.5701,0.3811,1.0724
1.7308,3.9021,1.5517,path,6.5081,4.7800,1.3348,-1.3927,1.0277,2.3260,1.7518,1.5731
0.5297,3.5170,0.0366,lateral,0.9941,4.6000,0.5258,-0.0103,0.5296,0.8579,0.3059,0.9921
0.5522,5.7171,0.1554,combined,1.4255,4.9400,0.5474,-0.5303,0.1540,0.7532,0.2265,1.5635
3.3476,157.4102,1.3702,path,3.2786,5.7800,0.9200,0.5951,3.2942,1.8273,1.2707,0.4699
0.5087,5.8385,0.0266,turn,0.0000,5.9200,0.0000,nan,nan,0.5643,0.1610,1.1435
2.7655,60.5590,1.8846,path,1.6011,6.6200,1.2243,0.8123,2.6435,2.0893,1.2610,1.2978
0.5932,2.4961,0.0784,lateral,0.4437,6.1400,0.3455,0.0325,0.5923,0.8454,0.2322,0.5032
0.5437,4.3200,0.0591,lateral,1.0648,5.6000,0.5437,-0.0550,0.5409,0.6948,0.2446,1.1509
0.4154,2.9789,0.1719,combined,2.3276,7.0800,0.4096,-0.3767,0.1750,1.3273,0.3176,1.0650
1.2480,9.3229,0.6801,path,1.1359,5.1400,0.8649,-1.0168,0.7237,1.0803,0.5302,1.5028
3.7015,35.1802,1.9190,path,4.5813,4.0600,2.0143,-3.6917,0.2692,2.0333,0.9638,1.2246
1.5542,27.1505,0.9978,path,1.1901,4.6600,0.8902,-1.0879,1.1100,1.1997,0.6765,1.2222
0.5932,3.6049,0.0124,straight,0.2961,4.7400,0.0160,0.5918,0.0398,0.9199,0.2903,0.3983
0.5961,6.7233,0.0598,lateral,0.8566,5.3400,0.5768,0.0713,0.5918,0.7504,0.2446,0.7129
2.0944,29.7976,0.4985,path,1.3578,6.1400,1.9834,-1.5424,1.4169,1.9646,1.1872,0.3833
0.5553,4.8374,0.0985,lateral,0.6448,6.3800,0.5370,0.0515,0.5529,0.8240,0.2171,0.7135
0.4890,0.5428,0.0477,lateral,0.5205,5.0000,0.4878,-0.0307,0.4881,0.7397,0.2160,0.7406
1.3263,9.4168,1.9038,path,7.1342,4.6800,0.9637,-1.2791,0.3507,1.9612,1.4815,1.4994
0.6303,1.3320,0.0218,lateral,0.9837,7.7800,0.5345,-0.0005,0.6303,0.8047,0.2234,0.9122
1.1885,5.6767,1.3898,path,2.8741,5.7400,0.7894,-0.1482,1.1793,1.7596,1.4308,0.4069
0.4587,3.5856,0.1694,combined,2.2905,7.5400,0.4484,-0.4152,0.1948,1.1781,0.3033,1.3154
1.3619,8.2896,0.6415,path,1.9025,5.8600,0.0333,-1.3442,0.2187,1.4576,0.6430,0.7407
2.7351,47.5482,1.6778,path,4.9249,5.6800,2.3737,-0.2359,2.7249,1.8460,1.4620,0.7720
0.5198,1.4739,0.1196,lateral,0.8206,6.5200,0.5119,-0.1131,0.5074,0.8906,0.2293,0.3471
0.4326,3.6616,0.0109,combined,1.8524,5.3000,0.4326,0.0463,0.4301,1.0267,0.3997,1.3616
0.5495,3.5010,0.0292,combined,2.0340,5.9000,0.1704,0.5486,0.0311,1.7472,0.5960,0.9488
0.5083,5.8906,0.1180,lateral,0.3712,7.4200,0.3470,-0.0545,0.5054,0.6044,0.1503,0.8192
1.9709,25.7697,1.1727,path,1.3770,7.6000,0.9301,-1.9324,0.3879,1.4020,0.7254,0.5984
2.0338,40.6332,0.6469,path,3.3593,7.0400,1.1905,2.0025,0.3558,1.8707,1.1574,0.6012
0.6253,4.9137,0.0644,combined,0.7695,6.6400,0.6196,-0.5982,0.1820,0.2826,0.0984,0.9450
0.5248,7.4116,0.0991,combined,0.8774,7.6200,0.5191,-0.1726,0.4956,0.5666,0.1629,0.4030
0.5406,4.0798,0.0600,lateral,0.9598,6.4200,0.5164,-0.0358,0.5394,0.8119,0.2406,1.2921
0.5340,4.0155,0.0829,combined,1.5612,7.2800,0.5340,-0.3089,0.4357,0.8517,0.2182,0.9099
0.5044,4.7530,0.0307,turn,0.0000,5.5800,0.0000,nan,nan,0.5965,0.1615,1.2367
0.5318,1.7921,0.1650,lateral,1.2596,4.9400,0.5296,-0.1406,0.5129,0.5745,0.2694,1.2629
0.0097,0.8163,0.0287,stand,0.0000,6.9800,0.0000,nan,nan,0.1823,0.0293,1.4056
0.5730,1.5353,0.1008,turn,0.0000,5.6400,0.0000,nan,nan,0.6590,0.2284,1.3240
0.6067,3.9385,0.0651,lateral,0.2659,4.7600,0.2395,-0.0197,0.6064,0.5927,0.2015,0.6226
0.6161,4.0513,0.0336,combined,1.5332,5.9800,0.6081,-0.3316,0.5192,0.8216,0.2509,1.2505
2.7857,56.3107,1.4155,path,2.9420,7.8600,0.8794,-2.0217,1.9165,1.8610,1.0298,1.4504
0.5304,5.7482,0.0502,lateral,0.4651,7.4800,0.4353,0.0183,0.5301,0.8775,0.2060,0.4866
0.5335,4.9913,0.1501,lateral,1.0446,6.5400,0.5262,-0.0159,0.5332,0.9920,0.2387,0.8712
0.5535,1.1881,0.0694,lateral,0.5041,5.7000,0.4245,-0.0613,0.5501,0.4612,0.1861,1.5955
1.1944,10.0665,1.4867,path,2.8094,5.0000,0.6690,-1.1168,0.4234,1.4252,0.9547,1.2062
0.5299,2.3810,0.1431,combined,1.5104,7.9200,0.5144,-0.4903,0.2012,0.9196,0.2124,0.9823
2.0650,82.3822,0.8914,path,0.7051,7.0600,2.0071,0.4188,2.0221,1.7238,1.0531,1.2614
0.4753,7.0142,0.0758,combined,1.1681,7.4200,0.4605,-0.2332,0.4141,0.5639,0.1732,1.5870
0.5901,2.7386,0.0402,combined,0.4029,4.0400,0.3845,-0.3572,0.4697,0.5556,0.1767,0.7989
1.5568,82.8947,1.6171,path,4.7502,7.2000,1.2256,-1.5494,0.1510,2.0471,1.1627,0.6664
2.6519,80.5952,0.2072,path,2.4531,6.7800,0.9419,1.7272,2.0123,1.7306,1.1452,0.4982
0.4337,3.6611,0.0945,straight,0.4470,5.6600,0.0426,0.4336,0.0105,1.1973,0.3037,0.8910
0.5630,4.6569,0.0392,lateral,1.1934,4.6400,0.5544,-0.0978,0.5544,0.7277,0.3005,1.3970
1.4867,5.9414,1.4971,path,6.5883,4.8400,0.2077,-1.4812,0.1272,1.7910,1.1115,0.7575
0.5152,3.5916,0.1336,lateral,1.3288,6.9400,0.5150,0.0309,0.5143,0.9144,0.2608,0.4198
0.5066,6.1880,0.0488,lateral,0.0446,7.6800,0.0395,-0.0354,0.5054,1.0090,0.1964,1.1370
0.9025,3.6778,1.5681,path,2.5552,5.1800,0.6538,-0.8958,0.1093,1.7346,1.1993,1.2539
0.5488,4.0219,0.0511,straight,0.8576,4.6000,0.0346,0.5410,0.0918,1.6079,0.4454,0.6321
2.4879,3.1465,0.6041,path,0.9081,5.7800,1.1466,-0.8360,2.3432,1.3473,0.7023,1.2775
2.4182,16.7203,1.6403,path,4.8849,6.8800,1.6056,-2.2763,0.8161,1.9126,1.4007,0.5519
0.4812,4.8667,0.0371,combined,1.4522,6.4600,0.0696,0.4791,0.0444,1.5491,0.4031,1.5323
0.5157,7.5004,0.1017,combined,0.9099,6.4800,0.5124,-0.2921,0.4250,0.6029,0.1636,1.5174
2.3286,32.7234,1.5100,path,4.2739,6.4000,2.2466,-1.5422,1.7447,1.9364,1.3509,0.8599
1.4019,20.3800,0.9016,path,0.5543,6.8600,0.2586,0.3401,1.3601,1.8312,0.7152,1.3382
0.5165,7.2576,0.0811,turn,0.0000,6.6800,0.0000,nan,nan,0.5656,0.1436,0.3338
0.5557,4.9317,0.0486,turn,0.0000,4.6000,0.0000,nan,nan,0.5619,0.1861,0.7881
0.0182,1.4397,0.0254,stand,0.0000,5.8000,0.0000,nan,nan,0.1394,0.0353,1.5187
1.1685,3.5616,1.4756,path,5.0043,4.7200,0.8379,-0.9260,0.7127,1.7272,1.3254,0.3707
1.6489,5.9728,0.8039,path,0.0863,5.7600,0.8902,-0.4193,1.5947,1.7168,0.7898,1.5585
0.5472,1.7089,0.0340,straight,0.4729,4.7000,0.4704,-0.5471,0.0061,0.1866,0.0808,0.4254
0.5808,3.8167,0.1011,turn,0.0000,4.3600,0.0000,nan,nan,0.6679,0.2438,0.8652
0.4620,3.0291,0.0917,straight,1.8061,7.9200,0.0420,0.4619,0.0049,1.7039,0.4099,1.3117
0.5331,4.3516,0.1118,straight,0.5893,7.3800,0.5073,-0.5312,0.0449,0.1897,0.0877,0.8557
0.6365,4.1482,0.0559,turn,0.0000,4.1000,0.0000,nan,nan,0.8553,0.2583,0.4934
0.5519,4.1365,0.0577,turn,0.0000,5.9400,0.0000,nan,nan,0.5159,0.1636,0.7048
0.5139,0.6942,0.0972,turn,0.0000,4.3600,0.0000,nan,nan,0.5845,0.1836,0.6451
0.5619,4.8536,0.1766,straight,0.9221,5.8600,0.0250,0.5600,0.0462,1.5231,0.3844,0.9739
0.5144,1.8056,0.0628,lateral,0.2040,4.4400,0.1956,-0.0723,0.5093,0.8249,0.2258,0.8115
0.4622,6.6316,0.1037,lateral,0.9090,5.5400,0.4619,-0.1117,0.4485,0.7256,0.2221,0.5508
0.5548,2.6055,0.0666,combined,1.2719,4.0200,0.5462,-0.5547,0.0129,0.6576,0.2098,1.0683
0.5948,2.6539,0.0447,combined,0.1091,6.2400,0.0577,-0.0262,0.5942,0.6989,0.2035,1.5858
2.1204,59.8268,1.1631,path,3.0682,4.2800,2.1130,-1.7162,1.2454,1.7531,1.0282,1.5520
0.5660,3.9699,0.0329,combined,0.6598,7.5200,0.3613,0.3603,0.4366,1.0635,0.2453,0.7122
0.5514,3.5198,0.1457,lateral,1.1475,5.1200,0.5487,-0.0349,0.5503,0.7642,0.2859,0.9885
3.3500,7.2120,1.2179,path,2.3127,6.2800,1.4398,-0.3288,3.3338,2.4309,1.2178,1.4913
0.5330,3.8560,0.0341,turn,0.0000,4.1600,0.0000,nan,nan,0.6500,0.2606,0.4030
0.4655,3.5607,0.1452,straight,0.0309,4.0800,0.0304,-0.4654,0.0079,0.5770,0.1914,1.0022
0.4489,5.1685,0.1531,combined,0.9411,5.2200,0.4488,-0.3282,0.3062,0.7520,0.1951,1.2225
1.9511,3.4338,1.7939,path,7.3852,7.3800,1.1822,-1.3233,1.4338,1.9465,1.3358,1.0546
1.3834,11.0182,1.7905,path,4.0544,6.1200,0.8376,0.1495,1.3753,1.9430,1.3903,0.6676
2.8891,21.7970,0.8238,path,1.3774,6.0600,0.1393,-2.7261,0.9570,2.1048,1.0149,1.3556
1.5339,9.2907,0.7674,path,1.1530,5.5800,0.4723,-1.5220,0.1905,1.7620,0.4942,0.5640
1.7904,52.9393,1.7245,path,5.1354,7.7400,1.3271,-1.7678,0.2834,2.0346,1.4294,1.1801
0.0118,0.8770,0.0012,stand,0.0000,4.6600,0.0000,nan,nan,0.1106,0.0281,0.9348
0.5124,5.0154,0.1509,lateral,0.1254,5.7600,0.1032,-0.0186,0.5121,0.8139,0.1869,0.8544
0.5689,3.4647,0.0173,turn,0.0000,4.1800,0.0000,nan,nan,0.4143,0.1929,0.3997
0.5525,3.1612,0.0716,turn,0.0000,7.0600,0.0000,nan,nan,0.8616,0.1691,0.4777
0.5317,2.5677,0.0740,lateral,0.7272,5.1600,0.5089,0.0302,0.5308,0.5255,0.2176,0.9133
0.5514,4.5908,0.0459,combined,1.4346,6.8200,0.1166,0.5512,0.0140,1.6997,0.4265,0.3271
1.7191,46.7536,0.8718,path,4.8167,5.7000,1.1615,-1.1444,1.2828,2.2895,1.3941,0.9766
0.5837,5.8704,0.0327,turn,0.0000,4.2400,0.0000,nan,nan,0.7890,0.3099,0.8463
0.5456,5.2663,0.1387,straight,1.7685,7.1600,0.0474,0.5429,0.0534,1.7717,0.4420,1.0784
0.8343,0.8332,1.7141,path,5.6839,7.7000,0.6648,-0.4121,0.7255,1.9673,1.3123,1.4383
0.5841,5.4832,0.0327,combined,0.3218,5.1800,0.2688,0.2397,0.5327,0.6164,0.2187,0.4932
1.1445,1.5705,0.3910,path,1.4745,7.1800,0.9888,-1.0115,0.5356,1.5849,0.5902,1.4414
0.6063,0.6506,0.0670,straight,1.9529,4.5000,0.0147,0.6042,0.0505,1.8715,0.7063,1.4960
0.4312,7.6464,0.0424,turn,0.0000,4.2200,0.0000,nan,nan,0.3814,0.1316,0.5363
0.5190,0.9932,0.0041,straight,0.7788,7.3000,0.0327,0.5190,0.0022,1.3011,0.2889,1.5824
0.4961,6.2678,0.0790,turn,0.0000,6.6200,0.0000,nan,nan,0.3698,0.1290,0.3460
0.5835,0.0685,0.0825,turn,0.0000,5.8800,0.0000,nan,nan,0.6022,0.1908,0.9233
0.6105,3.8637,0.1156,lateral,0.7885,7.4600,0.5840,0.0735,0.6060,0.7723,0.1926,0.3417
1.1919,11.8668,0.9914,path,1.7355,6.5800,0.6181,-1.1622,0.2647,1.3530,0.6632,0.7354
0.4708,0.8085,0.1500,lateral,1.2513,6.8400,0.4693,-0.0653,0.4662,0.8692,0.2377,0.4966
0.5479,2.0731,0.0389,straight,1.3299,7.7200,0.5453,-0.5468,0.0346,0.6425,0.1636,1.2195
0.4505,2.7567,0.0140,straight,0.8075,5.4400,0.4419,-0.4493,0.0331,0.5450,0.1336,0.7987
1.0911,50.2155,0.6656,path,2.0733,4.3200,0.8223,-1.0619,0.2506,1.3715,0.6822,1.5062
0.5736,2.8458,0.0580,straight,0.7669,4.2600,0.5609,-0.5736,0.0029,0.3482,0.1112,1.1246
0.7508,4.9947,0.7470,path,1.8882,5.4600,0.4306,-0.7503,0.0263,1.2701,0.8521,1.4989
0.5308,3.0830,0.1324,turn,0.0000,6.4400,0.0000,nan,nan,0.7484,0.1956,1.4783
2.3799,14.3426,1.9537,path,7.3739,4.6200,1.3741,-1.6853,1.6804,2.3204,1.7790,1.0264
2.3122,25.7943,1.4194,path,1.3882,7.4200,1.2097,1.6493,1.6205,2.1233,1.3514,1.2960
0.0190,0.2046,0.0316,stand,0.0000,5.2200,0.0000,nan,nan,0.1599,0.0297,1.2373
0.5856,1.7870,0.0436,combined,1.8643,4.6800,0.5829,-0.5062,0.2944,0.8355,0.3553,0.7810
0.2412,4.0188,0.0267,stand,0.0000,6.3600,0.0000,nan,nan,0.5207,0.1256,1.5304
1.6531,18.9982,0.8685,path,2.4157,7.3200,1.3475,-1.2305,1.1038,1.6870,1.0555,1.1369
0.5378,1.7833,0.1431,combined,0.7664,4.7600,0.5114,-0.0652,0.5338,0.6383,0.2287,1.2043
2.8820,5.7242,1.3711,path,5.5497,6.7400,1.8645,-2.7493,0.8645,1.6678,1.2525,1.1346
0.3924,0.6609,1.3995,path,6.6316,7.9800,0.3924,-0.2585,0.2953,1.6970,1.2895,1.4811
2.0685,9.0635,1.0203,path,2.3256,5.3800,1.3795,-1.5149,1.4085,1.6252,0.7501,0.6386
0.5366,5.3265,0.0403,straight,1.6699,7.3400,0.5254,-0.5364,0.0134,0.9783,0.1950,1.4073
1.5611,21.4640,1.2434,path,1.3460,5.5800,0.7913,-1.3903,0.7099,1.2573,0.8054,0.4744
0.5147,5.9573,0.0366,straight,0.2955,5.8800,0.2955,-0.5075,0.0860,0.2857,0.1068,0.7474
0.5267,0.1501,0.0871,combined,0.8448,7.0800,0.5256,0.0375,0.5254,0.7920,0.2190,1.5824
1.5935,28.1869,1.2165,path,1.4387,7.5800,1.3224,-0.4084,1.5402,1.7963,1.1300,0.7852
0.5056,3.9761,0.0813,straight,1.5255,7.5800,0.1021,0.5040,0.0402,1.6132,0.3985,0.3558
1.5030,8.7804,1.8660,path,7.1380,5.4000,0.8604,-1.0850,1.0400,2.0336,1.6969,0.9350
1.4295,10.9781,1.8629,path,1.5747,7.0400,0.6509,0.4160,1.3676,2.0945,1.2836,1.3590
0.5247,2.5784,0.0082,straight,1.4729,5.0200,0.5186,-0.5232,0.0393,0.7918,0.2321,1.2094
0.5623,3.4566,0.1731,lateral,0.7016,7.5400,0.5474,-0.0366,0.5611,0.5177,0.1597,1.0955
2.1734,2.3691,0.4079,path,2.0909,4.6000,0.8291,-2.1406,0.3766,1.2401,0.7480,1.3184
0.5844,2.5813,0.1084,straight,1.4721,4.8000,0.5669,-0.5842,0.0169,0.7771,0.2282,0.8998
0.5118,5.2464,0.1692,combined,1.9722,4.6800,0.5118,-0.2185,0.4628,1.1101,0.3934,1.3663
0.5119,7.0200,0.1798,lateral,1.0402,6.4400,0.5119,0.0139,0.5117,1.0286,0.2488,0.5763
1.7409,9.5120,1.4025,path,1.9863,5.9000,0.9754,-0.2804,1.7182,1.9824,1.1276,1.4013
0.5483,5.4822,0.0668,combined,0.3366,7.6200,0.0812,0.5174,0.1813,1.0078,0.2106,0.9230
0.5215,3.6969,0.0454,turn,0.0000,6.4000,0.0000,nan,nan,0.5343,0.1792,0.3514
0.5583,5.2792,0.0389,straight,1.4889,4.8600,0.0320,0.5552,0.0584,1.8240,0.5987,1.5149
1.0142,9.6980,1.5942,path,2.6917,5.9000,0.6281,-0.9967,0.1873,1.9249,1.1567,0.5655
1.9812,6.4972,0.8506,path,8.6339,5.5400,1.5254,-1.7037,1.0112,2.2382,1.4424,1.0033
0.5639,3.6972,0.0334,combined,1.7273,5.4600,0.5603,-0.5542,0.1039,0.9334,0.2536,1.0072
1.5803,54.4419,0.8700,path,2.1773,5.6800,1.5668,-1.2630,0.9499,1.6965,1.1017,0.5836
1.0579,3.0603,1.6716,path,3.3209,6.5200,0.6039,0.5466,0.9058,1.8404,1.2641,1.5378
2.3775,17.2573,1.5810,path,0.9245,7.9000,1.2543,-2.2183,0.8554,2.0559,1.2737,0.7590
2.4287,27.7029,1.6482,path,9.3247,5.1600,1.5188,-2.3283,0.6910,2.1788,1.4859,0.9274
0.5597,0.6300,0.0422,turn,0.0000,4.5800,0.0000,nan,nan,0.8183,0.2225,0.4931
4.4062,40.1714,0.4545,path,2.5372,4.2600,0.9257,-2.2807,3.7700,2.0494,1.2843,0.7604
0.5644,3.6267,0.0053,combined,1.8003,7.4600,0.5268,0.4953,0.2707,1.6882,0.4311,1.3461
2.4410,7.8740,1.1757,path,6.7839,6.9000,1.9728,-1.6710,1.7794,1.6486,1.1735,0.5824
0.4921,5.2913,0.1007,combined,1.4865,4.1800,0.4921,-0.4913,0.0286,0.8826,0.3136,0.4450
0.4334,4.9566,0.0427,lateral,0.8496,5.7400,0.4175,0.0264,0.4326,0.5743,0.2011,1.5813
0.5298,3.2831,0.0307,turn,0.0000,6.7200,0.0000,nan,nan,0.8356,0.1883,0.6564
2.0104,5.4074,0.7564,path,3.5427,5.3400,1.2636,-2.0104,0.0122,1.1212,0.6078,1.3950
0.6006,0.8126,0.6264,path,2.8632,5.4400,0.3201,0.6006,0.0047,1.6391,1.2252,1.4062
0.5559,3.9136,0.1042,straight,1.3420,5.1400,0.0462,0.5556,0.0178,1.5482,0.4972,1.4597
0.5732,6.2063,0.0335,combined,0.6481,4.9400,0.1470,0.4108,0.3998,1.1663,0.3482,0.8802
1.7507,5.1458,1.8376,path,1.1523,7.6200,1.2320,1.7388,0.2032,2.0605,1.2993,0.3104
1.0048,2.1265,1.7836,path,7.1636,4.7800,0.6738,-0.9846,0.2007,1.8812,1.4178,0.7514
2.3557,16.7976,1.0307,path,5.6052,7.7200,1.9773,-2.2457,0.7115,1.8680,1.0901,1.4505
0.5187,2.1576,0.1232,combined,1.7338,5.0400,0.5187,0.4092,0.3187,1.6574,0.5682,0.7371
1.9996,9.4170,1.4099,path,5.6260,4.4600,1.4015,-1.6432,1.1394,1.7939,1.3650,0.4896
0.7350,3.5365,1.4266,path,2.1914,7.5000,0.2464,0.6792,0.2809,1.6300,1.1883,0.7779
1.3447,3.3518,1.7430,path,1.0585,7.3200,0.8731,-0.9811,0.9196,1.7364,0.9103,1.2451
0.5441,4.6058,0.0911,straight,0.0301,5.4400,0.0098,0.5430,0.0352,0.8920,0.2387,0.5173
0.6016,4.3815,0.0031,straight,1.2886,4.4400,0.0490,0.6010,0.0262,1.7773,0.5909,1.4003
0.4506,3.4208,0.0508,straight,1.7936,5.2000,0.4421,-0.4460,0.0639,1.1816,0.3138,0.5773
3.0246,6.3702,0.4151,path,1.6504,4.2800,0.3699,-1.1679,2.7900,2.3774,1.1608,1.5081
1.5686,10.8680,1.0980,path,3.0524,4.6400,0.7853,-1.4975,0.4667,1.3392,0.5739,0.4224
0.5731,0.9408,0.1106,combined,1.2190,4.7200,0.2392,0.5612,0.1162,1.7013,0.5266,1.1429
0.0288,0.3105,0.0344,stand,0.0000,5.1800,0.0000,nan,nan,0.1303,0.0356,1.5101
0.4937,6.3763,0.2067,straight,1.9064,7.3000,0.4800,-0.4906,0.0544,1.1563,0.2563,0.4796
2.2254,31.1065,1.1744,path,6.9306,4.1200,0.5262,-2.1985,0.3445,2.0398,1.3118,1.4206
0.5621,0.0996,0.1603,turn,0.0000,7.9600,0.0000,nan,nan,0.7948,0.1813,1.0133
0.4935,5.5104,0.0553,lateral,1.4570,6.9400,0.4896,-0.1445,0.4719,0.7762,0.2425,0.9627
0.5768,1.8109,0.0857,combined,1.1030,6.7200,0.1661,0.5758,0.0340,1.5970,0.4093,0.4020
0.0265,0.6466,0.0221,stand,0.0000,6.2200,0.0000,nan,nan,0.1610,0.0350,1.5708
0.5116,4.6220,0.0258,combined,1.7474,4.4800,0.5116,-0.4881,0.1531,1.0377,0.3164,0.9921
0.5469,3.7431,0.0525,straight,0.9021,5.7000,0.5466,-0.5441,0.0556,0.4531,0.1245,0.6488
1.6634,98.6747,0.3889,path,0.2582,4.2000,0.8951,-1.4700,0.7785,1.9038,0.9777,0.4683
1.2209,12.1176,0.5150,path,0.5455,5.1800,0.9659,-0.2178,1.2014,1.7618,0.7705,0.3934
0.5324,0.7606,0.0045,straight,1.7665,7.8400,0.0123,0.5324,0.0006,1.8992,0.4068,0.4089
0.5286,3.9522,0.1115,turn,0.0000,7.7000,0.0000,nan,nan,0.5178,0.1510,1.5854
0.4841,6.5073,0.0907,lateral,0.8338,6.9000,0.4841,0.1037,0.4729,0.6836,0.1971,1.4568
0.4984,4.9707,0.1438,combined,0.6081,6.4000,0.4906,-0.3268,0.3764,0.6265,0.1220,1.5532
1.3670,27.8272,1.2025,path,2.7593,6.8800,0.7840,1.2662,0.5152,1.9383,1.1681,1.1826
0.5516,2.3051,0.1298,combined,0.9120,5.7000,0.5367,-0.1673,0.5256,0.7103,0.2156,0.8356
2.0404,46.2419,0.8327,path,3.1470,7.0000,0.9535,-2.0002,0.4034,1.7556,0.7111,1.3705
1.4115,127.6481,0.9702,path,1.3652,5.2800,0.8717,-1.1106,0.8711,1.6323,0.6198,1.5175
0.0346,4.8469,0.0221,stand,0.0000,5.9800,0.0000,nan,nan,0.3096,0.0571,0.6346
0.6951,30.3843,0.5891,path,3.6304,7.3400,0.4601,0.3659,0.5910,1.8371,1.0617,1.3325
0.5133,0.2374,0.0415,combined,0.3670,7.9200,0.0171,0.5132,0.0107,0.5188,0.1830,1.5561
1.9488,17.9050,1.5545,path,6.5790,4.4400,1.3931,-1.8029,0.7398,1.8146,1.2945,0.7788
1.1993,5.9263,1.1400,path,1.6196,6.3800,0.7553,-0.8455,0.8507,1.1515,0.8192,1.1805
0.5414,5.8055,0.1243,straight,1.7802,6.1000,0.5329,-0.5413,0.0103,0.9976,0.2519,0.4513
0.5339,2.5303,0.0342,straight,1.4483,7.3600,0.5201,-0.5339,0.0024,0.7633,0.1786,1.1179
2.0337,76.5192,1.1093,path,3.5885,7.4000,1.9894,-1.6150,1.2360,1.8270,1.1924,0.7613
0.6149,4.4150,0.0581,turn,0.0000,4.8200,0.0000,nan,nan,0.6337,0.2218,0.5032
2.7726,26.7478,1.0366,path,3.7304,6.9000,2.3614,-2.0589,1.8568,1.7844,1.2695,0.6277
0.0253,1.1711,0.0181,stand,0.0000,4.0200,0.0000,nan,nan,0.1518,0.0355,0.9823
0.5586,3.2362,0.0644,combined,2.3161,7.9800,0.4872,0.5209,0.2017,1.8895,0.4869,0.8704
0.6371,1.0071,0.0836,straight,0.9084,5.2200,0.0381,0.6369,0.0158,1.4210,0.4376,0.6907
0.0142,0.0390,0.0441,stand,0.0000,5.7800,0.0000,nan,nan,0.1164,0.0360,1.3586
0.4352,7.2157,0.0174,lateral,1.2035,4.7600,0.4352,-0.1222,0.4178,0.6975,0.2733,0.7849
1.1024,2.5685,1.5251,path,1.5688,6.2000,0.6613,-0.4679,0.9981,1.8278,1.1220,1.0306
1.3935,0.2215,1.1539,path,1.4878,7.5800,0.8363,-0.3567,1.3470,2.1464,1.3539,0.7604
0.4607,4.2079,0.0513,lateral,0.8262,5.2200,0.4410,-0.0565,0.4573,0.6439,0.2164,0.6930
0.5408,2.7194,0.1504,turn,0.0000,4.6800,0.0000,nan,nan,0.4473,0.1817,0.3471
4.1741,94.0945,2.3896,path,7.2363,5.5600,1.4104,-4.1724,0.1188,2.6847,0.9241,0.3407
0.5393,1.8726,0.0156,straight,0.5529,6.4000,0.5320,-0.5358,0.0617,0.2296,0.0869,0.4893
0.5113,1.3708,0.0914,straight,1.7114,4.8800,0.0364,0.5113,0.0004,1.7108,0.6023,0.7406
0.4661,3.7377,0.0627,straight,1.0924,6.1200,0.4508,-0.4644,0.0389,0.6771,0.1783,0.8580
0.7856,1.6460,0.6135,path,1.2441,5.0400,0.4426,-0.7844,0.0440,1.2665,0.8354,1.1922
0.5589,2.1523,0.1089,lateral,0.3212,5.3200,0.2457,-0.0377,0.5576,0.5467,0.1848,0.6183
0.8302,104.8729,0.3742,path,1.3040,5.3000,0.5346,-0.8258,0.0853,1.0102,0.4713,0.4330
1.6703,31.7132,0.8028,path,1.3216,7.2000,1.6391,-0.8252,1.4523,2.0077,1.1503,1.0058
0.5487,5.6500,0.1124,straight,1.6174,6.7600,0.0606,0.5487,0.0021,1.6289,0.4706,0.6659
1.1520,5.8970,1.1573,path,3.7794,5.1800,0.7695,-0.5898,0.9896,1.7636,1.3575,1.2794
1.5218,3.7582,1.2007,path,4.0529,6.9600,1.0955,-1.5186,0.0988,1.5626,1.0696,1.5368
0.5602,5.7703,0.0740,turn,0.0000,7.0400,0.0000,nan,nan,0.8874,0.2094,1.3060
0.5514,5.6481,0.0286,turn,0.0000,4.6400,0.0000,nan,nan,0.6867,0.2002,1.5955
1.8587,23.8094,0.8352,path,2.6657,7.0600,0.6784,-1.0393,1.5410,1.8059,0.9001,0.7150
0.4972,6.8900,0.1473,straight,1.0165,6.3600,0.0210,0.4949,0.0471,1.3140,0.3875,0.9525
0.0187,0.8507,0.0296,stand,0.0000,5.3600,0.0000,nan,nan,0.1608,0.0329,1.3616
0.0161,0.2749,0.0228,stand,0.0000,4.5000,0.0000,nan,nan,0.1278,0.0280,0.6321
0.5782,4.9849,0.0095,combined,0.9475,5.1800,0.5635,-0.1426,0.5603,0.6333,0.2252,1.4056
1.1922,2.9007,0.6407,path,1.2356,7.8200,0.9779,-0.4871,1.0882,1.2235,0.7425,0.5647
0.5512,4.6643,0.0203,turn,0.0000,5.9800,0.0000,nan,nan,0.5283,0.1843,1.0724
0.0159,0.4598,0.0181,stand,0.0000,7.6800,0.0000,nan,nan,0.1711,0.0253,1.0613
0.5495,3.6793,0.0471,lateral,0.1893,5.9000,0.1808,0.0256,0.5489,0.6900,0.1708,1.1509
0.5960,3.6657,0.0501,turn,0.0000,4.8400,0.0000,nan,nan,0.5757,0.2208,0.7989
0.4169,3.2555,0.1044,combined,1.3832,5.8800,0.4139,0.1484,0.3896,1.0265,0.3298,1.0650
0.4941,6.7443,0.0701,turn,0.0000,4.5200,0.0000,nan,nan,0.4732,0.1775,1.5187
1.4916,8.6751,1.0305,path,1.7173,7.0800,0.8112,-1.4845,0.1455,1.3868,0.9567,0.7498
0.0063,1.7730,0.0133,stand,0.0000,6.7600,0.0000,nan,nan,0.1436,0.0284,0.8317
0.0586,6.9791,0.0252,stand,0.0000,5.8400,0.0000,nan,nan,0.2491,0.0554,0.4791
1.1093,2.2351,1.4310,path,3.1290,7.1800,0.6994,-1.1090,0.0235,1.6480,1.3156,1.4222
0.5076,5.4371,0.1300,combined,1.5328,6.1800,0.5026,-0.0519,0.5050,1.1021,0.2824,1.1435
0.4780,8.8770,0.0421,lateral,0.7851,6.4600,0.4749,0.0699,0.4729,0.6551,0.2037,0.9370
0.5780,3.0370,0.0402,turn,0.0000,6.0400,0.0000,nan,nan,0.8222,0.1949,0.3983
3.4719,0.0557,0.7671,path,1.6739,6.0600,0.6433,-3.4120,0.6418,1.2599,0.6738,0.3619
0.5730,5.3529,0.1202,combined,1.3665,7.3200,0.5497,0.3392,0.4619,1.4640,0.3546,1.2543
0.5234,6.3902,0.1907,straight,1.3185,6.6000,0.0297,0.5129,0.1044,1.6380,0.4270,0.6305
2.1801,27.9456,1.1797,path,2.5068,5.0000,0.9798,-2.1083,0.5550,1.4047,0.7744,0.9545
1.6437,0.3163,0.8592,path,5.1441,4.2200,1.6437,-1.6336,0.1818,1.8745,1.2212,1.2494
0.4684,2.7636,0.1545,turn,0.0000,7.2600,0.0000,nan,nan,0.5513,0.1546,0.9704
0.0159,0.2318,0.0522,stand,0.0000,6.5400,0.0000,nan,nan,0.1446,0.0329,1.3727
0.5361,3.3868,0.0200,combined,1.6075,5.9200,0.5361,0.3036,0.4418,1.6312,0.4524,0.4030
0.5600,3.9663,0.0550,lateral,0.9474,7.2000,0.5473,-0.0385,0.5587,0.8540,0.2210,0.9871
0.6145,2.7411,0.1737,turn,0.0000,5.7400,0.0000,nan,nan,0.6842,0.2177,1.2505
0.6031,1.6567,0.1250,combined,2.0242,5.5000,0.5902,-0.5815,0.1602,0.9835,0.2902,1.3100
0.4922,7.6563,0.1966,lateral,1.4287,4.9600,0.4922,-0.2071,0.4465,0.7381,0.2778,1.3117
0.5480,5.5047,0.0613,straight,0.8313,6.3800,0.5447,-0.5468,0.0364,0.3170,0.0990,0.3720
0.5084,2.7219,0.0437,lateral,0.0038,4.9600,0.0038,0.0254,0.5078,0.8499,0.2132,0.8557
2.8021,1.2552,1.1750,path,6.4327,7.4000,2.4792,-1.5446,2.3380,1.9589,1.4025,0.4872
0.5315,1.8186,0.0895,turn,0.0000,7.5600,0.0000,nan,nan,0.7644,0.1605,1.1500
0.5322,2.4510,0.0308,straight,1.9104,4.6800,0.5284,-0.5313,0.0305,1.0806,0.3304,0.4030
0.4605,2.8946,0.1176,straight,1.9956,4.6600,0.4597,-0.4596,0.0299,1.0891,0.3812,1.0022
0.5009,5.6724,0.0040,lateral,0.3048,6.1000,0.2771,-0.0586,0.4974,0.6426,0.1654,1.2367
0.5482,5.4277,0.1406,combined,1.4375,7.3600,0.4409,0.5357,0.1163,1.6492,0.3840,0.8364
0.4914,6.4909,0.0972,lateral,1.4811,5.3600,0.4914,-0.0463,0.4892,0.9124,0.3099,0.3338
0.5090,4.1229,0.1065,turn,0.0000,7.4200,0.0000,nan,nan,0.4902,0.1220,0.3531
0.4475,2.0188,0.0654,lateral,0.2739,7.2400,0.2586,-0.0097,0.4474,0.7585,0.1808,1.2432
2.3624,13.9231,1.3096,path,3.8193,5.4400,1.5025,-2.3587,0.1320,1.7369,1.2312,0.3532
2.0268,6.1177,1.0194,path,1.2080,4.9600,1.0380,-0.5024,1.9635,1.9764,1.1444,0.7070
0.5741,3.1619,0.1456,combined,1.8110,4.9800,0.5680,-0.2996,0.4898,1.1078,0.3520,0.9885
0.5818,8.1338,0.1196,lateral,0.9767,7.8400,0.5541,0.1260,0.5680,0.8271,0.2013,0.6125
0.5348,5.1726,0.1517,combined,1.3855,6.9000,0.5204,0.3146,0.4325,1.5010,0.3810,0.7676
0.5389,4.1031,0.0592,straight,1.2517,5.3000,0.0136,0.5383,0.0248,1.6739,0.4794,0.9739
0.0395,6.4088,0.0138,stand,0.0000,4.9600,0.0000,nan,nan,0.1795,0.0310,1.4880
0.5932,2.2038,0.0914,turn,0.0000,7.2200,0.0000,nan,nan,0.5866,0.1616,0.8093
0.6424,4.3169,0.0338,combined,1.7836,7.7400,0.6282,0.3799,0.5181,1.5806,0.3997,1.4084
1.8328,40.1956,0.8436,path,1.2086,5.0000,1.4372,1.3164,1.2753,2.0408,1.3568,0.7173
0.5254,4.3164,0.1601,combined,1.5395,5.8800,0.5196,-0.3769,0.3661,0.9811,0.2783,1.1370
0.4918,2.5621,0.1352,lateral,0.9677,5.8000,0.4868,-0.0476,0.4895,0.9558,0.2490,1.5174
0.5601,2.5153,0.0162,turn,0.0000,4.9000,0.0000,nan,nan,0.5125,0.1906,0.3997
0.5463,7.5500,0.0132,combined,1.7468,4.6200,0.5438,-0.0495,0.5440,1.2731,0.4517,1.5824
3.6496,139.6595,0.7969,path,2.8954,7.6200,1.6158,-2.6973,2.4584,2.0382,1.4723,0.8469
0.5766,4.0321,0.0784,combined,1.1658,6.5400,0.5737,0.2381,0.5251,1.0593,0.2912,1.3240
0.0227,1.9477,0.0318,stand,0.0000,5.8200,0.0000,nan,nan,0.1680,0.0298,0.8652
0.5384,2.4682,0.0981,turn,0.0000,5.0200,0.0000,nan,nan,0.5639,0.1878,0.9133
0.5411,0.6178,0.0294,lateral,0.5997,4.1600,0.4383,0.0327,0.5401,1.0763,0.3212,1.5824
1.0234,8.7705,1.0261,path,1.4726,6.0800,0.7204,0.7971,0.6419,1.8069,1.1035,0.9453
1.3578,5.9427,1.1424,path,0.9766,5.3000,0.8186,-1.2179,0.6002,1.8186,1.1592,0.9473
0.5892,3.7701,0.0189,combined,1.5720,5.2600,0.2900,0.5785,0.1118,1.7451,0.5586,0.6840
0.5148,5.1306,0.0591,lateral,0.5052,6.1600,0.4377,-0.0344,0.5137,0.9065,0.2136,0.4198
0.5477,3.3066,0.1124,combined,1.4904,7.0000,0.5422,0.2439,0.4904,1.3770,0.3459,0.9488
0.5243,6.7966,0.0832,straight,0.7351,6.9400,0.0295,0.5173,0.0856,1.4171,0.2950,0.8192
0.5524,3.3307,0.0373,combined,1.3428,6.3000,0.5524,0.4252,0.3527,1.5578,0.4057,1.3970
0.5625,5.2583,0.0218,combined,1.2315,7.9400,0.5372,-0.5617,0.0297,0.6828,0.1512,1.5196
0.5411,2.8304,0.1000,straight,0.6942,7.5600,0.0226,0.5406,0.0237,1.6350,0.2779,1.5635
4.2385,42.4059,1.7924,path,0.5103,7.7200,1.2020,0.9939,4.1203,2.1445,1.0558,0.6344
0.4378,5.0669,0.1294,lateral,0.4182,5.4400,0.3620,0.0668,0.4327,0.4326,0.1621,1.2225
1.7876,4.0850,0.7454,path,6.4872,6.1600,1.2745,-1.6160,0.7642,2.0266,1.1184,0.9865
1.2533,125.7772,0.4590,path,2.5735,7.8800,0.2193,1.1929,0.3846,1.7038,0.9244,1.2531
0.5338,3.5820,0.0912,turn,0.0000,6.1600,0.0000,nan,nan,0.7519,0.1850,0.7881
1.9900,10.4444,1.0590,path,1.3143,5.4800,1.2168,-1.9648,0.3159,1.4195,0.7791,0.8221
0.4700,2.8403,0.1375,straight,0.4755,6.2800,0.0208,0.4658,0.0631,1.1976,0.2726,1.5323
0.5094,2.4710,0.1042,turn,0.0000,7.2800,0.0000,nan,nan,0.6804,0.1571,1.3419
1.2448,9.6577,0.5009,path,2.8037,7.1400,0.9375,-1.0258,0.7052,1.1802,0.5329,0.3464
1.9049,15.8330,1.5178,path,2.8015,5.7600,1.4060,-0.2802,1.8842,2.0943,1.5571,0.8181
1.9015,29.0028,1.5644,path,1.5572,7.3000,0.9622,-0.0533,1.9007,1.7421,1.1186,0.8019
2.1810,7.9877,2.1040,path,3.1905,7.8000,0.9891,-0.3981,2.1443,2.3154,1.4875,0.3716
2.8698,138.6583,0.4153,path,3.7101,7.9600,0.8370,-1.7476,2.2763,2.2037,1.3482,0.9404
0.5745,1.6170,0.0041,combined,1.0366,4.8800,0.5722,-0.5745,0.0003,0.4819,0.1404,1.1246
1.7020,9.1737,0.6027,path,0.6092,6.9400,1.0215,-0.7179,1.5432,1.7145,0.8707,0.3698
0.5244,1.7686,0.1201,lateral,0.3462,4.4000,0.2791,0.0248,0.5238,0.3599,0.1764,1.2094
0.5692,6.2235,0.1080,straight,1.8499,6.9000,0.5309,-0.5690,0.0137,0.9654,0.2399,0.8712
