t_s,low_state_age_s,policy_state_age_s,low_state_seq,tick_dt_s,tilt_deg,roll,pitch,gx,gy,gz,walking,gait_freq,gait_process,pub_hz,goal_x,goal_y,heading_err,q0,q1,q2,q3,q4,q5,q6,q7,q8,q9,q10,q11,dq0,dq1,dq2,dq3,dq4,dq5,dq6,dq7,dq8,dq9,dq10,dq11,tau0,tau1,tau2,tau3,tau4,tau5,tau6,tau7,tau8,tau9,tau10,tau11,act0,act1,act2,act3,act4,act5,act6,act7,act8,act9,act10,act11,gate_rej_legs,gate_rej_total,gate_samples,gate_dt_p99_ms,gate_dt_max_ms
15.47,0.0014479,0.023169,4238,0,5.6641,0.0064882,0.098646,0.024278,0.12962,0.044993,1,2,0.04,99.572,0.6,0,0,-0.20275,-0.0032425,0.00095369,0.3954,-0.2602,0.0079052,-0.19551,0.0089647,-0.0020981,0.40188,-0.25911,-0.0050213,-0.01109,-0.0083517,-0.0039159,0.03767,-0.12124,-0.032633,-0.015182,-2.5632e-05,0.004129,0.102,-0.088035,0.060724,1.4662,1.1048,-0.21853,0.20359,3.8175,-1.8441,-1.0473,-3.0952,0.51758,-1.2506,2.782,1.2937,-0.05613,0.0022069,0.051593,0.14972,0.038627,-0.10569,0.091645,-0.074851,0.14809,-0.087467,-0.20871,-0.16485,0,0,4244,15,1003.9
15.487,0.0055366,0.016805,4246,0.017303,5.7575,0.006769,0.10026,0.021605,0.12495,0.042552,1,2,0.095595,99.585,0.6,0,0,-0.20314,-0.0032425,0.00095369,0.39654,-0.26271,0.0056847,-0.19627,0.0089647,-0.0020981,0.40303,-0.26059,-0.0060422,-0.03352,0.003022,-0.0076914,0.030301,-0.10555,-0.042949,-0.03208,-0.00048954,-0.00011055,0.03847,-0.040681,-0.02429,1.1869,1.2407,-0.034505,0.84344,3.5072,-1.0978,-1.4662,-3.4982,0.51758,-0.90161,2.3823,1.5275,-0.14175,0.017122,0.023659,0.35124,-0.2037,-0.030348,0.11418,-0.18937,0.15901,-0.10972,-0.22724,-0.217,0,0,4250,15,1003.9
15.499,0.0014689,0.011286,4252,0.011617,5.8446,0.0070014,0.10177,0.021163,0.13649,0.019449,1,2,0.12174,99.584,0.6,0,0,-0.20314,-0.0032425,0.00095369,0.39693,-0.26344,0.0061958,-0.19627,0.0089647,-0.0020981,0.40303,-0.26106,-0.006068,-0.021978,-0.0022445,-0.0013677,0.013324,-0.049985,0.046645,0.010813,-0.0012682,0.0013012,0.014443,-0.052606,0.0040292,1.4662,1.0368,-0.12652,0.61077,3.5167,-1.4269,-1.4662,-2.7656,0.72462,-0.78527,2.7311,1.576,-0.21173,0.039861,0.036083,0.43338,-0.25337,0.0012972,0.11965,-0.18687,0.12537,-0.062639,-0.20272,-0.22679,0,0,4255,15,1003.9
15.516,0.0051832,0.015437,4258,0.017214,6.1513,0.0074949,0.1071,0.018992,0.18715,-0.015158,1,2,0.15529,99.584,0.6,0,0,-0.20352,-0.0032425,0.00095369,0.39807,-0.26466,0.0067344,-0.19627,0.0089647,-0.0020981,0.40303,-0.26323,-0.006657,-0.0058881,-0.0054386,-1.5709e-05,0.024859,-0.048616,0.04128,-0.0041813,-0.0076911,0.0055524,-0.00066295,-0.07931,-0.044067,1.0473,1.8186,-0.10352,0.20359,4.086,-1.789,-0.20945,-2.6557,0.54059,-0.78527,3.3436,1.4617,-0.24396,0.040299,0.045623,0.45139,-0.26476,0.007751,0.1266,-0.17254,0.11442,-0.033431,-0.18044,-0.22758,0,0,4261,15,1003.9
15.531,0.0013811,0.0058555,4267,0.015524,6.513,0.0076956,0.11341,0.0047246,0.20894,-0.017238,1,2,0.19787,99.59,0.6,0,0,-0.20428,-0.0024796,0.00095369,0.39769,-0.2783,0.026575,-0.19436,0.010872,-0.0024796,0.40341,-0.27801,-0.025124,-0.0068967,0.060262,-0.0097591,-0.022602,-0.56879,0.77805,0.083464,0.043947,-0.016695,0.043375,-0.62925,-0.52799,0.62835,0.52689,-0.24154,-0.087253,2.1676,-1.2414,-0.34908,-1.3087,0.33355,-0.31993,2.0328,0.43312,-0.24944,0.036072,0.051038,0.42918,-0.25558,0.010491,0.14204,-0.13864,0.10234,-0.0076935,-0.15385,-0.21503,0,0,4269,15,1003.9
15.559,0.0016328,0.013194,4276,0.027717,6.6713,0.0048217,0.11634,-0.085636,0.16027,-0.055331,1,2,0.2388,99.595,0.6,0,0,-0.20924,-0.00095369,0.0059129,0.40455,-0.29463,0.017037,-0.1894,0.010872,0.010872,0.4057,-0.30435,-0.037128,-0.3735,0.080351,0.39712,0.55828,-0.66341,-1.2751,0.4274,-0.10209,1.0754,0.012712,-1.4265,-1.4673,-3.0021,0.66286,2.2121,5.8725,4.739,-4.0595,5.0966,-6.0609,7.7837,-5.8022,-3.2901,-3.5137,-0.2455,0.053194,0.047906,0.39848,-0.22264,-0.0092163,0.14998,-0.13117,0.091395,0.029785,-0.10916,-0.19584,0,0,4280,15,1003.9
15.576,0.0048999,0.015587,4283,0.017388,6.5134,0.0054326,0.11355,-0.14329,0.02418,0.081233,1,2,0.27572,99.6,0.6,0,0,-0.22183,0.0017166,0.017357,0.4305,-0.30409,-0.038523,-0.17605,0.010872,0.039101,0.39883,-0.33815,-0.12027,-0.9261,0.16406,0.81129,1.8987,-0.69959,-3.6386,0.93707,-0.024552,1.8955,-0.49227,-2.2139,-5.7615,-6.0741,0.49289,0.35656,15.638,-0.69165,-1.3813,5.7948,-15.279,7.9163,-7.9312,-4.1714,-4.3031,-0.22061,0.076321,0.047566,0.33884,-0.18579,-0.019331,0.151,-0.10812,0.074006,0.041945,-0.095924,-0.18705,0,0,4287,15,1003.9
15.6,0.0013009,0.013298,4293,0.023363,6.1272,0.013915,0.10603,0.25079,-0.26399,0.48395,1,2,0.31972,99.598,0.6,0,0,-0.28897,0.014305,0.033379,0.57431,-0.37745,-0.039404,-0.14439,0.021935,0.056649,0.38472,-0.37794,-0.16625,-3.0016,0.62357,0.46316,6.5686,-3.4494,1.9812,1.2395,0.17137,0.48201,-0.50357,-1.1743,-0.031259,-6.7722,1.8186,0.057509,8.6975,-2.4193,2.1836,5.0966,-18.071,5.8481,-3.622,-2.7165,-2.7616,-0.21712,-0.0013266,0.073069,0.29467,-0.2035,0.0076562,0.13151,-0.026405,0.076263,0.015275,-0.062196,-0.15827,0,0,4298,15,1003.9
15.621,0.0012959,0.020736,4300,0.021504,5.8253,0.018648,0.099952,0.3088,-0.40083,0.57204,1,2,0.34787,99.574,0.6,0,0,-0.34619,0.013924,0.04406,0.70287,-0.44209,0.048425,-0.12379,0.014305,0.062753,0.37938,-0.38716,-0.15086,-3.6618,-0.14966,0.76719,7.9628,-3.8363,5.6513,1.2816,-0.51123,0.28995,-0.28397,-0.53615,0.84863,-5.0966,2.6557,-0.74762,-1.4251,0.14442,-0.94861,4.2588,-12.92,4.5976,-0.26176,-1.1357,-2.7268,-0.22096,0.0051408,0.072749,0.2805,-0.20674,0.042115,0.1213,-0.02506,0.037855,0.040978,-0.084929,-0.15382,0,0,4304,15,1003.9
15.641,0.007709,0.018884,4306,0.019217,5.3736,0.023003,0.09093,0.28249,-0.43407,0.49505,1,2,0.40288,99.603,0.6,0,0,-0.38624,0.013161,0.052071,0.7948,-0.48457,0.097128,-0.10891,0.0047684,0.060464,0.38281,-0.38574,-0.14605,-3.227,-0.021321,0.65384,7.5804,-3.3766,4.0012,1.2286,-0.74996,-0.11762,0.26127,0.085996,0.39207,-1.4662,1.8526,-0.080513,-6.6462,1.4168,-2.7084,3.421,-12.413,4.4222,-0.72711,-1.757,-3.1782,-0.22556,-0.0060095,0.073351,0.30559,-0.23045,0.060731,0.11807,-0.0088378,0.0079785,0.093473,0.016018,-0.16731,0,0,4308,15,1003.9
15.652,0.0013354,0.0057762,4311,0.011478,4.8822,0.02696,0.080842,0.2848,-0.72681,0.26676,1,2,0.43924,99.598,0.6,0,0,-0.42172,0.015831,0.058556,0.8917,-0.52685,0.051383,-0.093271,-0.0074388,0.059319,0.39502,-0.37762,-0.14133,-2.0918,0.14967,0.36876,5.6889,-2.3959,-3.5445,0.95343,-0.73329,-0.026495,0.80855,0.48541,0.40051,-0.62835,3.022,-1.0007,-11.15,2.821,-2.5689,2.4436,-10.815,3.4451,-0.61077,0.33766,-2.9618,-0.18649,0.034782,0.029848,0.2709,-0.33167,0.025725,0.05917,0.016348,-0.010837,0.14236,0.089541,-0.16094,0,0,4313,15,1003.9
15.679,0.001905,0.01193,4319,0.026681,4.0866,0.033853,0.062791,0.35853,-0.95692,0.057162,1,2,0.48143,99.6,0.6,0,0,-0.43698,0.020409,0.060082,0.94663,-0.53796,-0.10354,-0.073434,-0.023079,0.062371,0.41943,-0.37675,-0.12797,-0.73963,0.29222,0.087326,2.5548,-0.065922,-8.6028,1.1255,-0.86946,0.14884,1.4201,-0.11897,0.7513,0.90762,3.3516,-1.1387,-15.952,3.6591,2.4707,0.20945,-6.5057,2.5505,-1.367,2.7979,-3.1128,-0.16705,0.085406,-0.026139,0.24765,-0.38818,-0.030744,0.013852,0.030126,-0.025853,0.23627,0.2345,-0.13705,0,0,4322,15,1003.9
15.69,0.0014537,0.0045632,4326,0.01134,3.1447,0.042724,0.034465,0.41802,-1.0102,-0.083913,1,2,0.51798,99.606,0.6,0,0,-0.43278,0.029946,0.061227,0.94587,-0.52248,-0.1369,-0.059319,-0.031853,0.062371,0.43965,-0.39034,-0.11578,0.24442,0.65484,0.092405,-0.093174,1.0773,-1.7853,0.96696,-0.59983,0.0081064,1.4372,-0.95143,0.78622,0.34908,3.8278,-1.2997,-12.346,2.0699,4.1569,-0.76799,-6.6169,1.5297,-2.1232,4.0637,-2.8949,-0.14036,0.041805,-0.0012685,0.22527,-0.44082,0.048734,0.015166,-0.0033187,-0.00022862,0.26014,0.3021,-0.020009,2,2,4327,15,1003.9
15.718,0.0048593,0.01741,4332,0.027623,2.8695,0.040723,0.029161,-0.0058813,-0.52043,0.15377,1,2,0.55434,99.594,0.6,0,0,-0.40036,0.031472,0.062371,0.82303,-0.45552,-0.12945,-0.036431,-0.030327,0.06199,0.47398,-0.43729,-0.10691,0.84456,0.02914,-0.30574,-4.4574,2.6182,-0.40685,0.73956,0.10465,-0.17079,0.92453,-1.3856,0.30814,-3.1418,-3.6447,1.5297,-2.8793,-1.5681,-3.986,-6.0741,0.62886,-0.54059,-5.4506,6.755,-2.9186,-0.095786,0.066425,-0.038591,0.06815,-0.32722,0.11689,0.023031,0.018367,4.9854e-05,0.31666,0.14677,0.065333,7,7,4336,15,1003.9
15.731,0.0014556,0.0057837,4340,0.013391,2.6863,0.033423,0.032886,-0.23162,-0.071873,0.3261,1,2,0.59753,99.611,0.6,0,0,-0.39578,0.037575,0.053979,0.74063,-0.4311,0.14315,-0.029183,-0.026131,0.050927,0.48924,-0.45848,-0.094417,0.23859,0.38819,-0.44811,-4.9691,1.3702,-2.3359,0.33685,0.32286,-0.71092,0.9902,-1.1812,0.64244,-3.421,-4.2674,2.5022,2.9375,-2.1666,-3.3514,-3.9796,0.52689,-0.6326,-4.1143,9.3023,-3.5349,-0.072778,0.13694,-0.049688,0.007715,-0.25306,0.19802,0.0038061,0.035024,0.015102,0.36695,-0.34665,0.018799,9,9,4342,15,1003.9
15.757,0.0018548,0.010656,4349,0.025896,2.8931,0.0237,0.044591,-0.43064,0.34795,-0.24049,1,2,0.63999,99.609,0.6,0,0,-0.38472,0.037194,0.03109,0.70668,-0.37215,-0.08025,-0.045205,-0.023461,0.02079,0.52968,-0.45672,-0.087697,0.92875,-0.14083,-0.65579,0.62055,2.019,-4.7407,-0.85799,-0.1303,-0.99651,1.6357,0.60289,0.18344,-1.6058,-1.1727,0.74762,-4.1846,-6.9795,2.655,-5.2363,3.2784,-1.3917,-2.1232,11.561,-3.4771,0.025385,0.22824,-0.15466,0.17641,-0.079543,0.069026,-0.1031,0.032822,-0.029396,0.48269,-0.43102,0.029203,10,10,4351,15,1003.9
15.771,0.0050738,0.010953,4355,0.014059,3.8273,0.020693,0.063517,-0.29483,0.94823,-0.15589,1,2,0.67444,99.616,0.6,0,0,-0.38434,0.040627,0.026131,0.71584,-0.39256,-0.035929,-0.063897,-0.021935,0.0085832,0.55409,-0.42594,-0.099461,0.020619,0.27323,-0.50099,0.64378,-1.3808,2.8449,-1.509,0.12548,-1.0266,2.0247,2.465,-0.69951,2.7229,0.83282,-1.2997,-4.044,-6.0889,1.4173,-6.9119,3.5348,-1.3687,-0.3781,13.76,-2.9314,0.10081,0.18429,-0.10155,0.28809,0.0026667,0.16074,-0.21569,0.011753,-0.0425,0.47663,-0.44027,-0.0004804,10,10,4358,15,1003.9
15.798,0.0014126,0.010833,4365,0.026522,4.6174,0.0044496,0.080466,-0.63928,0.75066,-0.81099,1,2,0.72032,99.615,0.6,0,0,-0.37366,0.047875,0.013924,0.70935,-0.52874,0.084903,-0.12913,-0.016213,-0.0051499,0.65061,-0.31049,0.036504,0.78469,-0.31891,-0.097304,0.0097686,-4.1323,-0.74509,-2.0507,-0.063369,0.10174,3.2719,3.1577,5.4316,2.304,0.016996,-2.0187,-12.581,-1.5667,0.19019,-1.4662,1.1388,-0.31055,-2.065,11.851,-0.18787,0.1789,0.1263,-0.067436,0.30435,0.067806,0.10058,-0.31269,0.054628,-0.085966,0.52568,-0.35005,0.074539,10,10,4367,15,1003.9
15.81,0.0012827,0.0030065,4372,0.012308,5.0662,-0.0084573,0.088018,-0.81954,0.57522,-1.0413,1,2,0.76033,99.61,0.6,0,0,-0.34352,0.052071,-0.0051499,0.68303,-0.58635,0.050894,-0.16384,-0.0078202,0.0013352,0.70478,-0.27325,0.077935,1.7797,0.45644,-1.2204,-1.7961,-2.8171,-0.58212,-1.8839,0.50402,0.37734,2.9653,1.7598,1.5688,1.3265,3.6813,-0.51758,-18.771,1.8248,3.8091,0.48872,1.6147,-0.080513,-0.78527,-4.7049,-1.6147,0.21222,0.091365,-0.028218,0.30221,0.081224,0.10686,-0.33725,0.070223,-0.10533,0.5106,-0.33697,0.067761,10,10,4372,15,1003.9
15.83,0.0012473,0.0096317,4379,0.020685,5.4913,-0.03119,0.090638,-0.84115,0.10693,-1.1988,1,2,0.78843,99.554,0.6,0,0,-0.29202,0.063134,-0.0093462,0.62047,-0.56231,0.10045,-0.19055,0.0047684,0.012016,0.75551,-0.31928,0.010434,2.682,0.24889,0.15684,-3.0765,2.2904,4.3134,-1.2148,0.72657,0.50636,2.4391,-3.0578,-4.0747,-0.90762,11.868,-8.9771,-8.0845,0.82992,-0.16279,-3.8399,1.1048,-1.3457,0.20359,-7.8632,0.32363,0.19847,0.021627,0.0030956,0.22363,0.030174,0.058936,-0.30031,0.10453,-0.1081,0.45221,-0.27981,0.03178,15,15,4381,15,1003.9
15.857,0.0016644,0.010965,4387,0.026569,6.0873,-0.045347,0.096113,-0.83012,0.30497,-0.75261,1,2,0.83965,99.616,0.6,0,0,-0.24014,0.065805,-0.018883,0.58385,-0.49734,0.20116,-0.21534,0.018502,0.0078202,0.79213,-0.4173,-0.064544,3.1663,0.2337,-0.76838,-2.2512,3.8853,-1.1347,-1.6496,0.85337,-0.3351,2.3828,-6.0518,-4.567,6.6326,9.9571,-5.0235,5.4506,3.4374,-1.1039,-9.2505,-1.1727,-2.5989,1.0761,-3.4042,1.698,0.2455,0.08183,-0.0031916,0.22894,0.25133,0.027944,-0.29925,0.10991,-0.13398,0.43655,-0.25152,0.019403,15,15,4389,15,1003.9
15.877,0.0049782,0.016177,4393,0.020038,6.9116,-0.06446,0.10203,-0.76812,0.39161,-1.0457,1,2,0.87597,99.618,0.6,0,0,-0.20123,0.088312,-0.052453,0.56287,-0.39901,0.10688,-0.26036,0.029564,-0.011254,0.8444,-0.46276,-0.054712,1.9381,1.4904,-1.9061,-1.0275,5.8877,-4.7496,-2.5136,0.62789,-1.1305,3.0028,-7.0204,2.0848,7.1804,7.0247,-1.7286,9.1573,3.6835,1.8649,-9.1211,-3.315,0.080513,-2.7048,-0.25993,2.0496,0.19752,0.12789,-0.031073,0.23925,0.27363,0.095529,-0.2614,0.032318,-0.083376,0.40238,-0.23421,0.083801,18,18,4396,15,1003.9
15.897,0.006523,0.017845,4399,0.020057,7.6598,-0.083031,0.1049,-1.1134,0.39343,-1.5107,1,2,0.91573,99.621,0.6,0,0,-0.18864,0.098611,-0.065805,0.56363,-0.37254,0.052612,-0.30919,0.036812,-0.036431,0.89513,-0.67516,0.0045401,0.73632,0.41191,-0.6284,0.20196,0.83691,-2.852,-3.1828,0.40948,-1.6261,3.0773,-6.4799,6.4968,15.433,5.616,-0.42557,6.7868,13.637,1.5498,-11.321,1.1388,-0.72462,-2.2977,4.7291,0.29561,0.16742,0.055618,-0.071591,0.11546,0.30344,-0.078686,-0.25405,0.084031,-0.10481,0.41583,-0.26145,0.1342,20,20,4402,15,1003.9
15.921,0.0014072,0.01555,4407,0.024223,7.9687,-0.092701,0.10383,-0.41752,0.28588,-2.0026,1,2,0.95865,99.569,0.6,0,0,-0.16766,0.094415,-0.061608,0.58537,-0.39528,0.065698,-0.3706,0.03872,-0.061227,0.93328,-0.72261,0.22625,1.38,-0.11558,0.25854,1.3431,-1.0784,1.1957,-3.743,0.074959,-1.4311,2.3316,-2.4324,6.6023,12.873,0.90081,0.83963,6.5758,10.001,1.8698,-8.0861,2.1585,-0.88564,-5.2396,5.7125,-5.3193,0.17489,0.080546,-0.021627,0.23674,0.40091,-0.14154,-0.25052,-0.0010761,-0.068166,0.41002,-0.11094,0.15353,22,22,4412,15,1003.9
15.937,0.0016137,0.011213,4414,0.015651,7.6411,-0.093562,0.095175,0.0347,-0.13657,-2.8338,1,2,0.99898,99.617,0.6,0,0,-0.13256,0.086023,-0.024987,0.61475,-0.39511,0.086646,-0.44728,0.046731,-0.092889,0.96685,-0.66742,0.16354,1.3615,-0.51175,1.6194,0.83911,-0.058358,-0.58487,-2.7595,0.46542,-1.0455,0.61053,4.8659,-4.173,8.733,-5.2083,0.14952,0.49443,9.2082,-0.81423,0.34908,2.6923,-0.080513,-5.8725,0.94349,5.1425,0.04187,0.038427,0.10748,0.35007,0.36452,-0.27535,-0.14943,0.01706,-0.017832,0.18043,-0.043572,-0.044313,25,25,4417,15,1003.9
15.95,0.0052572,0.009825,4421,0.013001,6.4625,-0.086998,0.071877,0.51758,-0.85597,-2.9815,1,2,0.035182,99.623,0.6,0,0,-0.079919,0.07496,-0.00057221,0.62772,-0.3925,0.042891,-0.48734,0.057794,-0.10128,0.94053,-0.58699,-0.12644,2.8548,-0.55417,1.2139,0.6561,0.43198,-1.916,-1.6353,0.4571,-0.36064,-1.539,3.7644,5.8132,7.4392,-0.22095,-1.5527,-0.66894,16.546,-0.90474,-0.76799,3.2784,-2.5022,-5.2396,-0.24467,5.4825,-0.10127,0.066019,0.034241,0.58155,-0.25683,-0.09752,-0.067302,-0.21532,0.14805,-0.0022044,-0.11306,-0.16645,25,25,4423,15,1003.9
15.998,0.012445,0.032734,4426,0.047944,4.8639,-0.073624,0.042297,0.77782,-1.2419,-2.8435,1,2,0.095438,99.626,0.6,0,0,-0.024605,0.06199,0.012016,0.63573,-0.38007,0.059883,-0.49153,0.063516,-0.10472,0.89323,-0.50006,0.20367,2.9404,-0.82606,0.59686,0.43229,0.66014,1.7056,-0.089602,0.21923,-0.13219,-2.7494,6.8392,17.699,-1.1869,8.2011,-2.7198,0.029084,19.179,0.50566,0.90762,-0.56088,0.37956,-0.95978,-2.129,-1.9735,-0.057035,0.057733,0.00084538,0.68935,-0.73744,-0.0082642,-0.19901,-0.44105,0.18866,0.12654,-0.49483,0.081418,25,25,4429,15,1003.9
16.009,0.0015481,0.010872,4431,0.011189,3.919,-0.0637,0.024934,0.85469,-1.2409,-2.5769,1,2,0.14392,99.626,0.6,0,0,-0.0020981,0.047875,0.013161,0.63993,-0.37222,0.09013,-0.48581,0.060845,-0.10204,0.85966,-0.44253,0.32492,2.3525,-1.2652,0.19058,0.44897,0.77906,2.6751,0.46642,-0.21498,0.18081,-3.2199,6.2512,11.744,-5.0966,6.2462,-4.8231,-4.6769,19.988,-3.7969,0.62835,0.18696,0.81663,0.78527,-4.5848,-5.9268,-0.050965,0.038641,0.0077531,0.76695,-0.67848,0.017196,-0.26488,-0.30871,0.1938,0.068643,-0.48127,-0.065738,25,25,4433,15,1003.9
16.019,0.001464,0.0099635,4435,0.010296,3.2879,-0.055433,0.014844,0.91395,-1.2591,-2.3877,1,2,0.16615,99.613,0.6,0,0,0.022316,0.021935,0.0047684,0.64641,-0.36035,0.073668,-0.47704,0.065423,-0.10548,0.8196,-0.41899,0.27715,2.0919,-2.1019,-0.60816,0.50304,1.029,-1.3821,0.65207,0.47356,-0.2553,-3.2472,2.1679,-2.7173,-9.6386,9.5835,-2.6714,-8.7741,18.334,-2.9185,2.5832,-1.1727,1.8495,4.5363,-3.6559,-6.3676,-0.0074071,0.022965,-0.010863,0.70048,-0.61214,0.015625,-0.22781,-0.21827,0.11428,-0.0010658,-0.42701,-0.10424,25,25,4437,15,1003.9
16.03,0.0057878,0.010617,4439,0.010912,2.1665,-0.037811,-0.00042869,1.0672,-1.1409,-2.0755,1,2,0.19531,99.631,0.6,0,0,0.040627,0.0013352,-0.0024796,0.65099,-0.34956,0.032686,-0.47627,0.073053,-0.10853,0.79747,-0.41812,0.15522,2.2344,-2.3716,-0.853,0.54362,1.2399,-3.9795,0.23856,0.8501,-0.32083,-2.9375,1.2052,-11.416,-10.803,9.5462,-2.8407,-9.0807,19.986,-5.7467,4.6777,-2.1925,2.3088,0.14542,-3.5929,-0.92083,0.050215,0.01148,-0.018297,0.59729,-0.56514,0.017431,-0.19822,-0.18052,0.10912,-0.044582,-0.37305,-0.11759,25,25,4441,15,1003.9
16.057,0.0054786,0.016134,4446,0.02615,1.2151,0.020877,-0.003729,1.4202,-0.89582,-1.1193,1,2,0.23594,99.632,0.6,0,0,0.078393,-0.027657,-0.012398,0.66625,-0.31928,-0.077869,-0.46902,0.075723,-0.10319,0.78107,-0.37964,-0.11298,1.6251,-1.347,-0.15201,0.80842,1.636,-4.8554,0.75773,-0.12462,0.51511,-0.46759,2.7254,-9.5542,-15.841,9.5835,0.79363,-1.5415,21.438,-5.5861,0.76799,-4.6703,2.7923,-5.0989,-0.60862,4.9766,0.028907,0.020262,0.016357,0.46841,-0.45793,-0.00044593,-0.10537,-0.045985,0.094626,0.057609,-0.28314,-0.15678,25,25,4449,15,1003.9
16.07,0.0058237,0.010283,4453,0.013688,2.9806,0.044892,0.026292,1.3971,0.60328,0.22798,1,2,0.27574,99.624,0.6,0,0,0.030709,-0.043679,0.047494,0.75742,-0.25498,-0.22856,-0.41142,0.037575,-0.026894,0.76085,-0.3293,-0.021953,-2.833,-0.062183,1.8822,3.7386,0.54192,-0.97251,1.4983,-1.8876,2.5671,-1.2843,-0.47338,0.60395,-22.108,9.8451,-3.4701,6.4352,-6.8836,4.4729,9.1211,-19.614,11.838,-22.924,0.96937,-3.5606,-0.017605,0.0076666,0.085691,0.40225,-0.31042,-0.063346,0.020979,0.044249,0.05936,0.21598,-0.12258,-0.16544,25,25,4455,15,1003.9
16.097,0.0055838,0.016605,4461,0.027095,4.9574,0.065315,0.056787,0.77721,1.3018,2.05,1,2,0.31668,99.631,0.6,0,0,-0.15354,-0.023461,0.066949,0.95121,-0.39977,0.080239,-0.33513,-0.0040055,0.0074388,0.60483,-0.38503,-0.19053,-5.9552,0.24677,-0.074247,6.2884,-5.4154,11.603,1.2725,-1.3755,0.84736,-3.9213,-2.027,0.37795,8.3448,8.5747,-4.773,1.7741,-10.055,-4.3079,-8.4742,-26.231,15.192,-8.6975,-7.4938,1.8167,-0.1023,-0.078875,0.13657,0.45744,-0.29338,-0.013256,0.063168,0.011175,-0.022762,0.12458,-0.14743,-0.15733,30,30,4464,15,1003.9
16.118,0.0012505,0.012934,4469,0.021105,7.2635,0.094436,0.084703,1.0926,1.2966,1.242,1,2,0.35762,99.64,0.6,0,0,-0.3088,-0.021172,0.051308,1.0966,-0.70998,0.002849,-0.313,-0.041772,0.030327,0.56287,-0.44481,0.080292,-4.391,0.43919,-1.1926,3.9624,-10.941,-14.447,1.2766,-1.4334,0.62954,-1.1658,-2.6471,3.3189,15.977,3.2784,-2.9132,-5.1692,1.011,-1.8511,-10.156,-11.751,7.6776,-16.619,-10.126,-7.6786,-0.19316,-0.071897,0.13838,0.53588,-0.35055,-0.065244,0.10089,-0.011537,-0.039409,0.29579,0.19649,-0.044558,34,34,4473,15,1003.9
16.13,0.0012743,0.0044825,4477,0.011594,8.6487,0.11261,0.10074,1.2829,0.90043,-0.89389,1,2,0.39777,99.635,0.6,0,0,-0.33513,-0.020409,0.03109,1.1133,-0.79969,-0.20525,-0.28973,-0.079538,0.052071,0.52892,-0.51961,-0.015128,-0.37691,-0.25368,-0.585,0.10693,-0.35938,-22.81,0.96306,-1.7529,1.1377,-1.9006,-2.0713,-7.6593,11.838,3.7912,-2.1154,-11.303,2.7831,5.6472,-8.0861,-1.8526,2.9374,-9.7703,-0.53513,0.32601,-0.30465,-0.014398,0.19423,0.55736,-0.42449,-0.19563,0.18587,0.05785,-0.024311,0.23538,0.2551,-0.10778,44,44,4478,15,1003.9
16.152,0.001295,0.0061224,4485,0.021618,10.139,0.13248,0.11766,1.3611,0.76255,-1.969,1,2,0.43773,99.632,0.6,0,0,-0.30919,-0.018883,0.022698,1.0721,-0.69595,0.34751,-0.26684,-0.088312,0.064279,0.50946,-0.53487,-0.30405,1.6489,0.219,-0.51014,-2.9096,6.6343,14.291,1.4471,-0.30485,0.63884,-0.98264,-0.6844,-4.4415,7.5686,1.9546,2.2846,-9.6171,-2.0804,-13.425,-2.5832,3.8278,0.88564,0.14542,1.3403,3.4777,-0.43446,-0.21142,0.32974,0.49281,-0.26555,0.008917,0.34117,0.29105,0.018629,0.25958,0.44581,0.17443,44,44,4487,15,1003.9
16.171,0.0012581,0.0057975,4493,0.019313,11.843,0.15495,0.13735,1.2399,0.36356,-2.5971,1,2,0.47696,99.642,0.6,0,0,-0.24701,0.0062943,0.031853,0.95884,-0.68969,0.21354,-0.21763,-0.057412,0.074578,0.52358,-0.52513,-0.16618,3.1166,1.4125,0.56345,-5.4437,1.719,-11.624,2.0421,1.0601,0.67874,0.81778,1.0946,7.6151,-4.957,-5.4307,4.1215,-4.4659,1.2799,-4.8364,2.0247,9.6582,-2.067,5.8725,2.0896,0.17916,-0.33717,-0.19896,0.42207,0.36483,-0.2653,-0.059477,0.3558,0.49659,0.039464,0.11179,0.93947,0.55194,52,52,4495,15,1003.9
16.208,0.0014358,0.021877,4501,0.03667,14.085,0.17989,0.16846,0.99286,0.50977,-1.6775,1,2,0.51811,99.625,0.6,0,0,-0.19512,0.034524,0.05169,0.85355,-0.56403,-0.41047,-0.1978,-0.054742,0.061227,0.54379,-0.46451,-0.05027,1.9928,0.88632,1.3303,-5.2261,7.4075,-11.81,1.0879,0.18082,-1.1276,0.9455,3.4854,4.0899,-9.5092,-11.985,3.4952,4.2549,-6.5603,6.8721,2.8625,4.304,-3.5954,-1.367,1.1837,-3.6812,-0.19632,-0.1112,0.38327,0.25432,-0.19482,-0.26886,0.28946,0.48064,0.017458,0.034201,0.88196,0.4092,60,60,4508,15,1003.9
16.218,0.0016943,0.01116,4509,0.010297,14.842,0.18862,0.17861,0.90422,1.0278,-0.52327,1,2,0.56104,99.646,0.6,0,0,-0.21458,0.032235,0.092508,0.80014,-0.5234,0.16942,-0.16957,-0.05169,0.011254,0.56744,-0.34187,-0.082439,-1.6569,-0.31032,2.0131,-1.5772,5.3882,23.22,1.2551,0.28344,-2.2875,1.168,6.4083,-1.6785,-18.152,-4.1209,4.4473,9.3872,-8.3531,-11.185,9.8974,6.5428,0.31055,4.8879,6.4378,-1.0294,-0.11692,-0.081746,0.37826,0.22095,-0.18693,-0.13445,0.23432,0.4359,-0.045802,0.073166,0.7077,0.34994,60,60,4512,15,1003.9
16.231,0.0013482,0.0054433,4517,0.013494,16.763,0.20657,0.20869,1.2386,1.6601,0.73121,1,2,0.59878,99.633,0.6,0,0,-0.29088,0.035668,0.13752,0.82685,-0.51693,0.13229,-0.15545,-0.026894,-0.034142,0.58194,-0.31248,-0.14426,-3.8829,0.16702,2.3675,1.6582,-0.27398,-8.6773,0.35064,1.2425,-2.2088,0.44796,-1.6808,-1.6019,-20.192,-21.303,11.329,2.2395,-0.7376,-5.1384,25.573,27.251,4.322,10.996,34.203,7.2795,0.029697,0.063042,0.23389,0.39454,-0.13168,-0.22699,0.1394,0.35511,0.073978,0.001123,0.72597,0.2487,61,61,4519,15,1003.9
16.249,0.0054034,0.0083521,4524,0.017474,17.002,0.19407,0.22591,-0.65108,1.2781,0.62032,1,2,0.63607,99.64,0.6,0,0,-0.38434,0.04139,0.18406,0.86919,-0.49393,-0.042358,-0.14172,-0.018502,-0.015068,0.57546,-0.38475,-0.045964,-5.0294,0.32859,2.624,2.294,3.7357,-18.626,1.175,0.92615,1.2756,-0.43208,-2.5131,7.8333,-9.6386,-21.46,14.221,-8.9274,-1.4759,5.4011,23.355,32.396,0.54059,1.0179,24.616,7.5846,0.018264,0.1511,0.053978,0.34951,0.065269,-0.32808,0.019086,0.080781,0.016833,0.31337,0.49259,-0.042448,67,67,4525,15,1003.9
16.271,0.0057013,0.010176,4533,0.022078,15.501,0.15998,0.21911,-1.6424,-0.02548,1.7169,1,2,0.67721,99.637,0.6,0,0,-0.47475,0.02575,0.27562,0.88102,-0.49271,-0.33443,-0.055505,0.047494,0.046731,0.53235,-0.40146,0.18495,-3.2196,-1.007,4.0378,-0.25209,-0.27713,-5.7683,4.2688,2.5796,2.4932,-2.1402,-0.23569,12.265,-3.421,-19.182,7.0411,-5.6615,0.15104,5.2357,10.027,29.075,-3.4701,2.763,20.339,6.3451,0.11296,0.33012,-0.098387,0.28739,0.19719,-0.35995,-0.15248,-0.066856,0.16572,0.43628,-0.30584,-0.14892,75,75,4535,15,1003.9
16.297,0.0016076,0.016016,4540,0.025633,12.952,0.11202,0.19676,-2.7381,-0.50793,2.522,1,2,0.70857,99.646,0.6,0,0,-0.50488,-0.010872,0.34085,0.84401,-0.47303,0.20405,0.029946,0.10586,0.066186,0.48581,-0.36827,0.3467,-1.2799,-1.9676,3.3766,-2.3018,2.4262,13.035,4.4713,3.1953,0.81605,-2.6306,2.1419,3.3785,8.8623,-7.3583,1.4607,-7.8546,-0.064778,-12.235,-1.6058,20.085,-6.5484,2.6467,26.771,2.7374,0.096666,0.17673,0.049509,0.20549,0.11357,-0.2832,-0.14607,-0.029309,0.088252,0.32367,-0.34127,-0.10014,76,76,4543,15,1003.9
16.31,0.0049977,0.0097306,4547,0.013125,11.221,0.071749,0.18239,-3.5061,-0.80087,2.844,1,2,0.75419,99.649,0.6,0,0,-0.48924,-0.032235,0.36793,0.78756,-0.46247,0.064735,0.076104,0.16499,0.05436,0.45186,-0.3153,0.33092,1.0724,-1.4265,1.8341,-3.8308,1.3744,-10.501,3.1977,4.2593,-0.73041,-2.3932,3.68,-1.0404,19.376,1.8866,-6.7299,4.1846,-0.15427,-10.449,-11.062,11.205,-1.0697,0.72711,25.799,0.8338,0.10521,0.16079,0.16977,0.15683,0.33326,-0.37018,-0.022292,-0.091228,0.13776,0.26146,-0.22417,-0.15608,78,78,4549,15,1003.9
16.341,0.005249,0.019552,4556,0.031085,8.8586,-0.045376,0.14785,-4.9543,-1.3565,2.0915,1,2,0.79677,99.615,0.6,0,0,-0.45262,-0.029564,0.3336,0.73301,-0.47637,-0.13597,0.13218,0.26913,0.052071,0.43812,-0.15662,0.22034,1.7913,0.47208,-3.0767,-0.38185,-3.3446,2.8894,2.4719,3.8333,0.14639,0.23872,7.5113,-5.6609,14.753,-2.0905,-2.889,-13.679,12.811,-12.388,-24.187,-7.3954,-2.3813,6.2242,12.717,-3.6832,0.18644,-0.023867,0.30164,0.17547,0.45598,-0.18276,-0.12006,0.027899,-0.081094,0.39509,-0.16574,0.068284,90,90,4561,15,1003.9
16.358,0.0015753,0.011865,4564,0.017635,9.2013,-0.080653,0.13902,-2.4802,-0.41688,1.2454,1,2,0.84038,99.654,0.6,0,0,-0.36107,0.073053,0.19093,0.77382,-0.47943,-0.011969,0.099756,0.27638,0.033761,0.51709,0.011845,0.013146,3.9332,3.9215,-6.687,1.0955,1.1538,-4.0605,-2.5452,0.4534,-1.0009,4.614,8.3267,-9.3142,18.288,18.829,-13.008,-1.7741,5.7762,-10.476,-23.217,-26.709,8.8445,7.9312,-17.694,-1.6701,0.35956,0.055288,0.10195,0.16036,0.3515,0.13306,-0.29968,0.11942,-0.23182,0.56631,-0.26611,0.19104,99,99,4567,15,1003.9
16.379,0.0015489,0.017505,4570,0.020202,10.044,-0.11062,0.13628,-2.1926,-0.44888,-1.6878,1,2,0.86949,99.64,0.6,0,0,-0.29126,0.10204,0.069238,0.75818,-0.40605,-0.048838,0.0089647,0.25845,0.042153,0.66167,0.047604,-0.18993,4.6072,1.755,-7.1885,-0.97039,4.3561,-7.5503,-5.239,-1.6013,0.76061,8.2561,1.2069,-10.805,16.384,21.185,-2.6956,-4.3956,25.37,-2.1171,-14.073,-21.381,7.3593,1.2506,-20.335,2.6509,0.29413,-0.1314,0.049414,0.10356,0.32558,0.12561,-0.32218,0.22531,-0.23866,0.5311,-0.21739,0.10415,105,105,4575,15,1003.9
16.399,0.0013137,0.013636,4579,0.020318,9.924,-0.11766,0.12741,-0.40221,0.1334,-3.3832,1,2,0.91732,99.64,0.6,0,0,-0.21382,0.10281,-0.018502,0.71164,-0.45164,-0.32632,-0.13752,0.17185,0.075723,0.8299,-0.089349,-0.34137,3.8545,0.084523,-2.5334,-2.505,-0.1952,4.6825,-6.7951,-4.5539,1.4376,6.7227,-7.1812,-5.0579,3.5607,5.7643,10.17,-4.2549,17.861,-1.0416,-0.76799,-12.842,2.1879,-17.974,-5.4078,6.0641,0.23271,-0.17568,-0.015298,0.099429,0.29538,0.025349,-0.23846,0.25095,-0.21816,0.4597,-0.22924,-0.025402,105,105,4583,15,1003.9
16.411,0.0014675,0.0086529,4586,0.012107,9.4285,-0.1181,0.11486,0.11849,-0.33827,-3.5064,1,2,0.95186,99.616,0.6,0,0,-0.15393,0.11997,0.0089647,0.66243,-0.35155,-0.34344,-0.21344,0.08526,0.097086,0.88293,-0.23161,-0.293,3.8934,1.1871,1.8187,-3.4935,7.2046,-1.6544,-5.3275,-6.1156,1.6044,3.7711,-10.169,4.0441,-1.8851,0.69685,4.4473,-1.3088,12.112,-3.2466,3.5607,-5.4678,1.7286,-18.213,-2.0517,4.2123,0.11607,-0.067953,0.019391,0.018352,0.33983,-0.14328,-0.16684,0.18779,-0.15325,0.41865,-0.25729,0.051188,105,105,4587,15,1003.9
16.43,0.0056868,0.0089693,4593,0.019159,8.3353,-0.10342,0.1025,0.7738,-0.34766,-2.5131,1,2,0.99806,99.637,0.6,0,0,-0.058938,0.1112,0.11616,0.593,-0.21203,-0.29242,-0.28477,-0.042535,0.1009,0.8711,-0.43604,0.00030649,4.7469,-1.6993,5.3637,-2.6514,3.7304,6.9159,-3.1929,-5.3665,-0.60475,-1.3797,-7.2308,19.057,-4.6777,-1.4787,3.7207,-0.49443,19.134,0.12233,4.6777,14.269,-10.727,-1.3088,4.8515,-0.22319,0.099927,-0.15053,0.2248,0.17499,0.65788,-0.44574,-0.064846,0.0089517,-0.084759,0.28826,-0.12321,0.036148,108,108,4594,15,1003.9
16.457,0.0059379,0.016276,4600,0.026302,6.9498,-0.08986,0.081584,1.3019,-0.70774,-1.9316,1,2,0.036319,99.644,0.6,0,0,0.0093462,0.070001,0.20047,0.56554,-0.15141,-0.08773,-0.34123,-0.12837,0.058938,0.8154,-0.48804,0.37157,3.8336,-1.6803,3.8324,-1.4981,4.3686,10.595,-3.289,-4.4832,-2.6997,-2.8611,-1.1221,17.45,4.1192,-0.42491,-8.6588,1.4251,7.4486,4.8334,-4.1192,28.566,-20.381,12.189,1.3894,-5.5395,-0.1254,-0.012571,0.19481,0.62509,-0.23945,-0.15407,-0.00066137,-0.30037,0.14281,-0.0010231,-0.049305,0.040041,110,110,4603,15,1003.9
16.471,0.0050401,0.0099503,4608,0.01455,7.386,-0.11651,0.055295,-1.0317,-1.0299,-1.6259,1,2,0.076567,99.641,0.6,0,0,0.095178,0.033761,0.18063,0.53235,-0.040945,0.15909,-0.43851,-0.13981,-0.031853,0.81159,-0.56064,0.29144,2.5412,-1.1071,-2.4289,-1.1814,2.8551,12.373,-3.1755,1.1342,-5.2212,0.7837,0.61758,-8.1883,-3.421,-13.764,-2.3813,-0.49443,7.6883,-4.6278,-0.76799,29.575,-7.2798,8.3144,2.6577,1.2245,-0.0542,-0.014818,0.050333,0.76774,-0.62843,0.10727,-0.16167,-0.51518,0.21,0.1006,-0.35589,-0.13463,117,117,4610,15,1003.9
16.497,0.0014899,0.0097428,4617,0.026218,7.8867,-0.13471,0.028379,-0.79086,-0.93048,-2.0414,1,2,0.12186,99.648,0.6,0,0,0.14363,0.028801,0.065805,0.51976,-0.044201,0.22613,-0.50908,-0.047494,-0.1627,0.83104,-0.50394,-0.27015,1.972,-0.1192,-5.4416,-0.37536,-0.21078,-4.605,-3.1042,4.7737,-2.8757,0.60227,2.4892,-5.0041,-17.2,-13.532,3.7708,-7.9312,8.5313,-10.513,11.45,13.493,1.0237,1.716,-0.30477,11.022,0.026027,-0.020905,-0.037072,0.78724,-0.66688,0.114,-0.25397,-0.39225,0.16114,0.0026541,-0.49491,-0.17303,117,117,4619,15,1003.9
16.51,0.0014056,0.0043439,4624,0.012808,7.8291,-0.13618,0.011281,-0.15269,-0.81431,-1.5117,1,2,0.15835,99.653,0.6,0,0,0.173,0.032616,0.0093462,0.53464,0.0045938,0.12921,-0.54036,0.055505,-0.17147,0.81693,-0.47362,-0.18759,1.4517,0.097478,-1.6665,1.1302,4.2857,-10.124,-1.0918,4.8069,0.083111,-1.0326,3.7137,6.3257,-27.098,-16.298,17.281,-5.8022,11.947,-7.9882,23.355,-5.9126,3.8459,-2.2977,0.099833,0.48725,0.071373,0.07934,-0.10927,0.80361,-0.69673,0.060813,-0.26741,-0.42076,0.24769,0.025494,-0.56015,0.079338,129,129,4625,15,1003.9
16.53,0.0055035,0.01016,4631,0.019725,6.6598,-0.11615,-0.004489,0.80442,-0.6983,-1.2313,1,2,0.19451,99.662,0.6,0,0,0.18978,0.028801,0.04902,0.57164,0.095781,-0.36228,-0.53235,0.089837,-0.15354,0.77573,-0.3933,0.34397,1.124,-0.341,2.6625,2.5648,7.2639,-19.254,0.54148,2.3874,1.1547,-3.1016,6.7381,16.723,-31.026,-13.299,7.9958,-6.7868,12.524,-1.7883,20.328,-5.8014,3.2033,0.20359,-0.46046,-9.1975,0.027155,0.16645,-0.11908,0.78341,-0.79327,0.070521,-0.34629,-0.44196,0.29647,0.13313,-0.39708,0.34207,129,129,4633,15,1003.9
16.559,0.0013055,0.012813,4641,0.029059,1.2007,0.0059727,-0.020087,3.1165,-0.58564,-0.32587,1,2,0.23889,99.637,0.6,0,0,0.13409,-0.01812,0.14858,0.69905,0.066826,-0.26187,-0.46826,0.069238,-0.0906,0.6548,-0.35957,0.2435,-3.9176,-2.1753,3.645,6.808,-3.7753,13.096,2.773,-2.3769,3.4542,-5.6795,1.7879,-8.5061,-17.88,5.5048,-6.1853,15.168,-13.497,5.8359,10.027,-37.045,17.898,-2.0068,-7.8903,-6.6671,0.080524,0.05771,0.093607,0.634,-0.46648,0.024767,-0.18905,0.025,-0.00484,-0.047867,-0.25658,-0.063114,152,152,4645,15,1003.9
16.578,0.0019533,0.0094951,4650,0.019516,5.2545,0.085254,-0.033839,4.6114,-0.24876,1.8814,1,2,0.28588,99.649,0.6,0,0,0.0089647,-0.10624,0.18788,0.90352,-0.10407,0.21642,-0.40723,0.0047684,-0.010109,0.53807,-0.30475,-0.37168,-1.9062,-1.4175,1.62,2.906,-2.1502,6.5875,0.96808,-0.19195,0.027368,-0.69423,1.9736,2.737,25.157,14.502,-9.534,-27.16,8.8577,-19.292,-7.8273,8.6121,-2.8407,0.20359,-12.671,8.0713,-0.062,-0.045042,0.060412,0.62188,-0.32728,-0.010886,-0.059926,0.14538,0.10051,-0.075522,-0.35132,0.30908,153,153,4651,15,1003.9
16.597,0.0012611,0.011118,4655,0.018712,7.0953,0.10915,-0.058621,2.9676,-1.4717,0.28455,1,2,0.31867,99.639,0.6,0,0,0.020409,-0.091363,0.19245,0.86957,-0.067098,0.064485,-0.40417,0.0032425,-0.0082017,0.58003,-0.2851,-0.16804,0.59691,0.85353,0.6197,-2.021,3.1989,-11.365,0.54256,-0.28096,0.46942,3.4368,3.149,17.01,10.932,7.2842,-5.9259,-11.303,17.237,-14.434,-15.705,18.829,-14.68,-14.071,-14.358,-1.7608,-0.040166,-0.057017,0.057157,0.54062,-0.23638,-0.054644,-0.20261,0.064577,0.079819,-0.077311,-0.36261,0.44593,165,165,4658,15,1003.9
16.617,0.0016972,0.011407,4663,0.020075,7.7798,0.11642,-0.070038,0.56207,-1.1003,-0.98891,1,2,0.35879,99.652,0.6,0,0,0.063897,-0.050546,0.1772,0.76886,0.10304,-0.29594,-0.40036,0.010872,-0.021553,0.63268,-0.32241,0.038472,1.9514,1.9196,-1.0793,-4.6829,3.3765,-8.0316,-0.257,1.1652,-1.2974,1.9354,-3.0191,5.7034,0.76799,-6.4316,0.057509,11.15,-18.164,15.697,-6.7923,2.2605,-0.79363,-15.168,-10.912,-13.511,0.067267,-0.14752,0.11875,0.33469,-0.2191,-0.067675,-0.22165,0.025855,0.026166,-0.097274,-0.5082,0.31254,167,167,4666,15,1003.9
16.638,0.001426,0.011196,4672,0.020862,8.7697,0.1331,-0.075791,0.89118,-0.78633,-1.6276,1,2,0.40076,99.669,0.6,0,0,0.089075,-0.043297,0.1463,0.73911,0.0087137,-0.089999,-0.40379,0.029564,-0.034142,0.64565,-0.35131,-0.30557,1.4947,-0.35956,-1.1358,-0.16486,-5.7962,14.034,0.16826,0.43617,-0.17599,0.81097,2.6839,-15.745,-7.6979,1.9886,1.7044,-1.0179,3.4922,-1.6916,-9.3799,1.0028,-3.1549,-25,0.58633,7.315,0.16481,-0.13841,0.16425,0.14097,-0.18534,0.0036087,-0.18017,0.094108,0.02385,-0.053751,-0.40201,-0.017257,169,169,4675,15,1003.9
16.651,0.0014467,0.0060992,4679,0.013219,8.2796,0.13299,-0.0567,0.041468,0.78808,-0.76875,1,2,0.43736,99.669,0.6,0,0,0.0906,-0.036431,0.14096,0.74712,-0.057394,0.095439,-0.40112,0.039101,-0.036431,0.64641,-0.27287,-0.29796,-0.38648,0.54736,-0.40493,0.13367,-1.6027,5.1779,-0.13401,0.46076,-0.03674,-0.44757,2.6247,4.6223,2.4436,-5.579,2.5505,-1.0179,14.068,-16.811,-5.3759,-0.49289,-2.744,-15.247,-17.286,5.4284,0.17572,-0.098072,0.12211,0.10749,-0.097367,0.0021366,-0.066059,-0.013899,0.05327,0.052076,-0.32116,0.13929,171,171,4681,15,1003.9
16.676,0.0051464,0.015446,4686,0.025158,7.8425,0.13313,-0.031916,-0.067182,1.081,-0.77006,1,2,0.47648,99.654,0.6,0,0,0.076486,-0.03109,0.13828,0.73873,0.0075628,0.033986,-0.40646,0.037957,-0.037957,0.6178,-0.30013,-0.18968,-0.60666,0.25298,-0.16712,-0.53174,4.3924,-4.1344,-0.22875,-0.088607,-0.12208,-1.3639,-0.91662,11.421,3.0021,-7.9396,2.3813,0.95978,-3.1633,1.5059,-3.5607,0.18696,-1.1387,-18.612,-12.535,-3.4772,0.15406,-0.028717,0.06952,0.096532,-0.065051,-0.04153,-0.077676,-0.024834,0.041234,0.071383,-0.24865,0.2076,179,179,4689,15,1003.9
16.7,0.0018605,0.013663,4695,0.023538,6.2605,0.10926,-0.00098693,-0.57927,1.0635,-0.95157,1,2,0.52021,99.65,0.6,0,0,0.070764,-0.021935,0.13714,0.72461,0.057304,-0.2211,-0.40341,0.037194,-0.046731,0.62352,-0.31527,-0.1563,-0.4503,0.32358,0.08257,-0.79805,1.7779,-3.9831,0.25374,0.00097801,-0.44934,0.17343,-0.77553,-6.3673,6.0741,-5.6531,0.90864,4.044,-12.573,12.902,-4.8174,0.28894,0.6326,-14.541,-3.284,0.068991,0.1839,0.086379,0.030252,0.12011,0.13322,-0.13894,-0.07545,-0.038366,-0.00059472,0.29302,0.047346,0.019355,181,181,4699,15,1003.9
16.717,0.0014783,0.011167,4702,0.016933,5.5273,0.095297,0.015017,-1.1132,0.95106,-1.5688,1,2,0.55856,99.667,0.6,0,0,0.067712,-0.031472,0.1421,0.71698,-0.013548,-0.044664,-0.40265,0.042916,-0.057031,0.60254,-0.33135,-0.26384,-0.089183,-0.46514,0.18397,-0.26825,-3.5337,10.162,0.070239,0.37936,-0.5106,-1.1172,-0.49744,-2.716,5.7948,-2.8755,0.74762,0.72711,3.8772,-3.3859,-4.5381,-5.4678,2.478,-9.6937,-1.4752,4.5388,0.28322,0.15623,-0.027347,0.083531,0.27906,-0.03762,-0.20113,-0.01219,-0.010936,0.4683,-0.050396,-0.049269,181,181,4705,15,1003.9
16.738,0.001308,0.016408,4710,0.020764,5.16,0.080976,0.039458,-0.67182,0.88582,-1.7411,1,2,0.58931,99.654,0.6,0,0,0.06466,-0.040627,0.1421,0.71355,-0.038186,0.031907,-0.39235,0.053979,-0.053216,0.58385,-0.31967,-0.14154,-0.14785,-0.39874,0.047404,-0.21089,-0.30557,0.86196,0.50538,0.259,0.31188,-0.96289,0.87471,6.701,4.6777,0.18696,0.28755,1.3088,6.0695,-9.5533,-5.7948,-4.2674,-0.034505,-4.3956,-3.104,-0.96801,0.36764,0.26206,-0.03884,0.12591,0.33614,0.031684,-0.38276,0.0043892,-0.020029,0.59279,-0.1518,-0.051402,184,184,4714,15,1003.9
16.76,0.0013236,0.013827,4719,0.021946,5.1917,0.06928,0.058448,-0.47502,0.84561,-1.9997,1,2,0.63837,99.648,0.6,0,0,0.068856,-0.04406,0.14515,0.70859,0.02784,-0.16467,-0.39311,0.058175,-0.06733,0.57469,-0.29931,-0.12872,0.14697,-0.1626,0.11825,-0.24368,2.9426,-7.5043,-0.089853,0.382,-0.91329,-0.12952,0.39928,-2.3574,2.4436,1.6147,-0.37956,0.95978,-6.558,7.3146,-2.1643,-8.8736,5.9519,-6.6462,-5.4654,-1.775,0.35863,0.29214,-0.042924,0.22709,0.41228,-0.097447,-0.48293,-0.012304,0.02803,0.63237,-0.19991,-0.16117,184,184,4724,15,1003.9
16.768,0.0013059,0.0081343,4726,0.0084935,5.2197,0.063234,0.065624,-0.493,0.70274,-2.0868,1,2,0.66664,99.675,0.6,0,0,0.069619,-0.050164,0.15126,0.70287,0.018302,-0.13787,-0.39349,0.06466,-0.079919,0.57393,-0.31121,-0.19401,0.027465,-0.2434,0.3571,-0.28821,-1.2592,3.2736,0.012687,0.32749,-0.61747,-0.0091844,-0.58059,-2.6527,2.7229,2.2265,-1.4147,-0.14542,-3.5697,3.6784,-0.62835,-11.283,6.9892,-10.23,-4.7498,0.79416,0.37005,0.18984,-0.010697,0.20819,0.36281,-0.060209,-0.48659,-0.0014684,-0.027439,0.62419,-0.20295,-0.14949,184,184,4727,15,1003.9
16.792,0.0013403,0.0058637,4736,0.023677,5.1935,0.050601,0.075236,-0.37752,0.26785,-1.5918,1,2,0.71866,99.667,0.6,0,0,0.071145,-0.04902,0.14858,0.69753,-0.03147,0.01596,-0.39235,0.074197,-0.081445,0.57469,-0.30624,-0.14083,0.089558,-0.0035178,-0.19224,-0.27129,-1.3087,4.4098,0.10489,0.18504,-0.016428,-0.064974,0.49592,2.73,1.6058,2.6557,-0.79363,0.029084,4.4117,-8.4619,0.069817,-13.037,7.0411,-9.7703,-4.6069,-1.0323,0.32975,0.13598,0.044231,0.17352,0.23511,0.063082,-0.43498,0.028325,-0.054875,0.57023,-0.17342,-0.079623,184,184,4738,15,1003.9
16.81,0.0012921,0.0097658,4743,0.018349,5.1873,0.04284,0.079783,-0.34311,0.2001,-1.4051,1,2,0.74752,99.673,0.6,0,0,0.07229,-0.047875,0.14591,0.69028,-0.012359,-0.064961,-0.39044,0.075723,-0.084497,0.5724,-0.30119,-0.14337,0.030838,0.070717,-0.11665,-0.36963,1.4233,-5.2445,0.072448,0.10913,-0.15177,-0.091155,0.17068,-0.77411,0.069817,2.1585,-0.81663,0.49443,1.2517,-0.90569,1.1869,-13.687,7.0411,-10.69,-4.784,-0.61315,0.29094,0.15773,0.045349,0.15912,0.22345,-0.041199,-0.38799,0.033695,-0.023363,0.51211,-0.14943,-0.08682,184,184,4745,15,1003.9
16.838,0.0013394,0.011912,4752,0.027394,5.2985,0.042156,0.082334,-0.089906,0.13127,-1.2693,1,2,0.79806,99.657,0.6,0,0,0.071145,-0.047112,0.14401,0.68379,0.018052,-0.15431,-0.38777,0.076104,-0.084115,0.56859,-0.30275,-0.17134,-0.091982,0.032019,-0.066816,-0.31202,1.3405,-3.5755,0.21508,0.012095,0.042686,-0.21134,-0.065404,-0.95015,2.5832,2.2605,-0.79363,-0.72711,-4.148,6.3526,0.48872,-12.959,6.2112,-10.843,-4.2421,0.69096,0.25469,0.12023,0.088155,0.16962,0.1878,-0.091548,-0.30575,0.024711,-0.021385,0.38173,-0.084134,-0.061123,184,184,4756,15,1003.9
16.859,0.0013848,0.012099,4761,0.021006,5.5057,0.047171,0.083748,0.35165,-0.037004,-1.2507,1,2,0.83977,99.66,0.6,0,0,0.071908,-0.049401,0.14324,0.68303,-0.0077988,-0.063078,-0.37861,0.073434,-0.074197,0.56172,-0.30278,-0.14506,0.10523,-0.075542,-0.02738,-0.10253,-1.4677,5.3268,0.37806,-0.11394,0.43899,-0.36938,0.022348,0.95716,-0.34908,2.8388,-1.1387,-1.7741,-0.12388,-1.0115,-1.7454,-13.299,4.9985,-9.6937,-3.1207,-0.059921,0.18516,-0.0013844,0.13407,0.29633,0.045022,-0.028935,-0.12883,-0.060153,0.056501,0.16429,-0.048329,0.020808,184,184,4764,15,1003.9
16.882,0.0063917,0.021122,4767,0.023014,5.8832,0.051244,0.089018,0.36279,0.1313,-0.99033,1,2,0.87782,99.663,0.6,0,0,0.073053,-0.048638,0.14248,0.67884,-0.023761,-0.0094691,-0.3748,0.07229,-0.071527,0.55638,-0.30259,-0.14982,0.076629,0.033052,-0.079712,-0.32174,-1.2096,4.2427,0.33588,-0.12175,0.2809,-0.42322,0.026491,-0.26558,-0.069817,2.1245,-0.47158,-1.0179,2.0669,-5.4043,-1.0473,-12.725,3.7457,-8.2377,-2.4966,0.40146,0.13451,-0.0085688,0.10056,0.32285,-0.05059,0.0092813,-0.0013185,-0.075251,0.11016,0.11969,-0.091193,-0.020919,184,184,4772,15,1003.9
16.897,0.0015907,0.010096,4774,0.015656,6.1495,0.053295,0.093207,0.24719,0.23722,-0.64356,1,2,0.92148,99.677,0.6,0,0,0.071145,-0.04406,0.13752,0.67006,-0.017408,-0.049562,-0.37137,0.070001,-0.063516,0.54799,-0.3015,-0.15871,-0.11082,0.26428,-0.29872,-0.49479,0.6639,-3.1407,0.18706,-0.099416,0.46437,-0.4175,0.041959,-0.23412,0.34908,0.42491,-0.42557,0.31993,1.1427,-1.9511,-0.34908,-11.946,2.7198,-8.391,-2.6481,0.090985,0.10103,0.022221,0.069994,0.33273,-0.11498,0.015544,0.025116,-0.087993,0.12828,0.11837,-0.10316,-0.13365,184,184,4776,15,1003.9
16.921,0.0055877,0.020832,4780,0.023936,6.773,0.058913,0.10254,0.23648,0.36868,-0.40079,1,2,0.95596,99.666,0.6,0,0,0.067712,-0.04139,0.13371,0.66014,0.0034644,-0.12408,-0.36946,0.066949,-0.058938,0.54227,-0.30154,-0.1525,-0.24314,0.17476,-0.20731,-0.61229,1.3364,-4.1027,0.12719,-0.2063,0.26231,-0.37105,0.0044928,0.3344,3.5607,-0.39092,0.12652,1.4251,-2.0103,4.2617,-0.48872,-9.5088,2.1396,-8.391,-1.7838,0.47656,0.070231,0.037505,0.05659,0.37262,-0.16176,0.0026496,0.054674,-0.1108,0.14224,0.11829,-0.10534,-0.19545,184,184,4785,15,1003.9
16.931,0.0015508,0.0058909,4787,0.0099329,7.0195,0.064094,0.10448,0.31261,0.36778,-0.29259,1,2,0.99761,99.68,0.6,0,0,0.062753,-0.035286,0.13142,0.65175,0.00089101,-0.10655,-0.36488,0.062371,-0.05436,0.53998,-0.29975,-0.15029,-0.2019,0.26116,-0.10508,-0.42457,-0.3389,1.6874,0.26429,-0.23655,0.27971,-0.090269,0.087979,0.11056,3.421,-1.2067,0.44857,0.61077,-2.1636,3.2506,-0.76799,-7.5066,1.2767,-9.3105,-1.1266,0.2228,0.020796,0.039569,0.070477,0.43289,-0.22696,-0.0043669,0.098694,-0.10233,0.14337,0.12374,-0.095657,-0.23523,184,184,4789,15,1003.9
16.949,0.0050009,0.0093342,4794,0.018298,7.0284,0.06755,0.10247,0.29963,-0.056168,-0.33058,1,2,0.03428,99.683,0.6,0,0,0.065042,-0.037194,0.12837,0.64603,-0.02133,-0.024142,-0.35763,0.058556,-0.04902,0.53502,-0.3004,-0.14562,0.081067,-0.024973,-0.10552,-0.27049,-0.885,3.0072,0.39243,-0.15928,0.18356,-0.30807,-0.041651,0.25597,1.4662,-0.76484,0.88564,0.31993,1.7284,-3.7209,-2.4436,-6.8023,0.97766,-8.0845,-0.62161,0.35547,-0.00027044,0.055859,0.070348,0.46817,-0.28036,-0.0016909,0.075914,-0.12192,0.1438,0.077652,-0.17228,-0.25554,184,184,4796,15,1003.9
17,0.0033281,0.033952,4803,0.050695,7.0967,0.067202,0.10412,-0.0023044,0.045787,0.031676,1,2,0.082578,99.503,0.6,0,0,0.062753,-0.034142,0.12379,0.63649,-0.009184,-0.10144,-0.34695,0.055505,-0.04902,0.5251,-0.29705,-0.14078,-0.13685,0.090955,-0.094299,-0.31553,0.89431,-3.3584,0.30749,-0.10879,0.015511,-0.21954,0.12051,0.080343,3.0021,-2.1585,0.42557,0.61077,-0.070012,2.7868,-3.421,-6.8764,1.4147,-9.2339,-0.22089,0.20531,-0.024669,0.076182,0.05608,0.49203,-0.3182,-0.027467,0.076859,-0.17158,0.14437,0.075784,-0.17059,-0.30256,184,184,4807,15,1003.9
17.01,0.0013275,0.0077104,4810,0.0096544,7.1156,0.066628,0.10488,-0.032127,0.062191,-0.077611,1,2,0.15087,99.49,0.6,0,0,0.061608,-0.033379,0.12417,0.62734,-0.0055252,-0.091753,-0.34199,0.053979,-0.048257,0.52281,-0.29648,-0.14354,-0.039706,0.0033863,0.0012026,-0.40993,-0.095449,1.4708,0.25572,-0.062004,0.034955,-0.13114,0.010084,-0.11129,2.5832,-1.1388,0.011502,1.1343,-1.3253,1.73,-3.8399,-7.21,0.97766,-8.8508,0.11574,0.3193,-0.057623,0.078389,0.071036,0.5009,-0.36163,-0.031279,0.092587,-0.16003,0.13216,0.095429,-0.17681,-0.30412,184,184,4811,15,1003.9
17.035,0.0013444,0.0060491,4821,0.025376,6.9981,0.061252,0.10574,-0.12363,-0.022954,-0.031604,1,2,0.20491,99.497,0.6,0,0,0.063897,-0.035668,0.12417,0.62238,-0.021568,-0.032571,-0.33551,0.05436,-0.047875,0.51671,-0.29495,-0.13996,0.11673,-0.094299,-0.021265,-0.086289,-0.42935,0.98933,0.2297,0.03148,0.013481,-0.26757,0.098421,0.19956,0.76799,0.11897,-0.67861,-1.1925,0.84345,-2.9662,-3.8399,-7.5066,1.5527,-8.7741,0.3421,0.42876,-0.071516,0.085079,0.065486,0.45784,-0.36405,-0.029092,0.091057,-0.14645,0.11803,0.093458,-0.19394,-0.27144,184,184,4823,15,1003.9
17.051,0.0050108,0.0082152,4827,0.015557,7.018,0.058535,0.10766,-0.2612,0.15885,0.088611,1,2,0.23887,99.51,0.6,0,0,0.062753,-0.036049,0.12417,0.61818,-0.016448,-0.082662,-0.33322,0.056268,-0.048638,0.51061,-0.29261,-0.13957,-0.071798,0.0025918,-0.0012848,-0.276,0.32314,-2.6023,0.10064,0.097298,-0.045371,-0.29301,0.1019,0.045264,2.304,-0.18696,-0.37956,0.029084,0.16272,1.2912,-0.76799,-8.7242,2.1637,-8.4676,0.75912,0.28526,-0.068839,0.09665,0.057999,0.41804,-0.34418,-0.043353,0.09786,-0.14954,0.11172,0.10831,-0.16638,-0.24561,184,184,4828,15,1003.9
17.083,0.0014607,0.01351,4835,0.032303,7.1565,0.046447,0.11599,-0.29073,0.17667,0.1323,1,2,0.28593,99.509,0.6,0,0,0.063897,-0.034905,0.12341,0.60407,-0.020466,-0.04566,-0.33017,0.058175,-0.050546,0.50031,-0.28595,-0.12525,0.098339,0.021674,-0.11105,-0.27034,-0.49084,2.7173,0.096418,0.0071716,-0.01734,-0.29955,0.27478,0.50685,-0.48872,-0.42491,-0.54059,-0.3781,-0.1446,-1.9524,-0.62835,-9.4714,2.5505,-7.0681,0.63188,0.024322,-0.063665,0.08564,0.069423,0.35175,-0.3293,-0.045817,0.10262,-0.1217,0.091981,0.10804,-0.17105,-0.21639,184,184,4839,15,1003.9
17.1,0.0015317,0.01138,4842,0.016589,7.232,0.044156,0.11829,-0.22856,0.2009,0.18748,1,2,0.32353,99.503,0.6,0,0,0.063516,-0.034905,0.11997,0.59911,-0.023778,-0.041349,-0.32788,0.058938,-0.051308,0.49268,-0.28481,-0.12365,-0.025369,0.0057564,-0.19806,-0.31062,-0.097574,-0.29904,0.12794,0.025018,-0.037239,-0.37866,0.044653,0.015312,-1.4662,0.39092,-0.080513,-0.26176,0.49767,-2.0124,0.34908,-8.8736,2.7198,-6.5758,0.56275,-0.13625,-0.032008,0.073403,0.070222,0.28357,-0.29205,-0.058327,0.088857,-0.10626,0.076809,0.10914,-0.16741,-0.18713,184,184,4845,15,1003.9
17.12,0.0047635,0.017626,4849,0.020822,7.2783,0.038579,0.12106,-0.22102,0.1816,0.12822,1,2,0.35918,99.501,0.6,0,0,0.063516,-0.034905,0.11845,0.593,-0.021318,-0.07496,-0.32521,0.058938,-0.05169,0.48772,-0.28522,-0.12655,-0.020447,0.0084059,-0.12058,-0.40372,0.17467,-2.1619,0.20472,-0.018564,-0.0070567,-0.35331,-0.016711,-0.15705,-0.34908,-0.42491,0.24154,-0.029084,0.85094,0.71014,-1.0473,-9.733,2.8165,-5.6615,0.77538,0.065534,0.0015288,0.061226,0.072085,0.21664,-0.25614,-0.077995,0.072191,-0.11087,0.061656,0.12307,-0.16115,-0.16921,184,184,4854,15,1003.9
17.138,0.0015264,0.0098704,4858,0.018102,7.1706,0.03402,0.12046,-0.24876,0.051863,0.068919,1,2,0.40405,99.498,0.6,0,0,0.063516,-0.034905,0.11654,0.58576,-0.024645,-0.073418,-0.31987,0.056268,-0.05169,0.48009,-0.28314,-0.12482,-0.0016353,0.0022934,-0.1082,-0.25091,-0.22607,1.124,0.17832,-0.14063,0.0036054,-0.38073,0.11845,0.25534,-1.7454,0.016996,-0.17253,-0.66894,1.1545,1.1648,0.20945,-7.5437,2.5747,-5.0989,0.98743,-0.21967,0.051491,0.036865,0.07622,0.12929,-0.22381,-0.083785,0.035089,-0.11744,0.036716,0.11842,-0.19387,-0.1448,184,184,4860,15,1003.9
17.154,0.0015495,0.010173,4865,0.015066,7.0965,0.032085,0.11965,-0.16687,-0.052038,0.068995,1,2,0.43367,99.486,0.6,0,0,0.063134,-0.035286,0.11158,0.57965,-0.025138,-0.041314,-0.31643,0.05436,-0.051308,0.47169,-0.27538,-0.11142,-0.014807,-0.0030608,-0.19593,-0.34466,0.068374,0.55766,0.13956,-0.070092,0.010335,-0.30248,0.3233,0.52212,-1.1869,0.86681,0.21853,-0.087253,0.68791,-1.8606,1.1869,-7.9769,2.8648,-5.5912,0.43567,-0.43371,0.10402,0.01383,0.067072,0.061794,-0.16753,-0.080583,-0.0033817,-0.10524,0.027888,0.097475,-0.21462,-0.11049,184,184,4867,15,1003.9
17.182,0.0013476,0.012956,4874,0.028129,6.9349,0.029006,0.11753,-0.13402,-0.093843,-0.041291,1,2,0.48405,99.517,0.6,0,0,0.062753,-0.035668,0.11234,0.57317,-0.027286,-0.074199,-0.31415,0.050927,-0.050546,0.4675,-0.27012,-0.11721,-0.0034705,-0.037635,0.064278,-0.2704,-0.19921,-1.4555,0.10714,-0.17447,0.037717,-0.1561,0.26481,-0.38912,-2.7229,0.90081,-0.19553,-1.5415,2.1787,1.1191,2.304,-6.2092,2.6956,-5.7319,-0.4698,-0.11157,0.15669,0.04012,0.036103,0.012713,-0.082924,-0.08247,-0.030422,-0.067086,-0.0013435,0.11633,-0.16667,-0.081701,184,184,4876,15,1003.9
17.192,0.0014398,0.010296,4878,0.010623,6.8486,0.027254,0.1164,-0.14022,-0.10261,-0.027424,1,2,0.51104,99.502,0.6,0,0,0.063897,-0.035668,0.11311,0.57126,-0.029422,-0.077712,-0.313,0.049401,-0.050546,0.46597,-0.26748,-0.12008,0.097428,-0.024305,0.081022,-0.23325,-0.23782,-0.65066,0.13497,-0.1789,0.0084158,-0.18159,0.29326,-0.31649,-2.8625,1.2747,-0.31055,-1.5996,2.6215,1.4496,3.1418,-5.9126,2.5505,-5.3099,-0.2803,-0.25061,0.19346,0.065474,0.014002,-0.0022021,-0.022223,-0.056213,-0.048795,-0.025951,-0.024905,0.1594,-0.086177,-0.036785,184,184,4880,15,1003.9
17.212,0.0012876,0.0040817,4886,0.020066,6.7445,0.024208,0.11521,-0.15452,-0.067706,0.21071,1,2,0.56325,99.515,0.6,0,0,0.064279,-0.035668,0.11196,0.56706,-0.031185,-0.052409,-0.30728,0.047875,-0.050546,0.45758,-0.26534,-0.10485,0.0028362,-0.0082699,-0.0773,-0.18154,5.4311e-05,1.2834,0.29693,-0.070683,0.0066348,-0.3926,0.047978,0.8607,-3.1418,1.2747,-0.26454,-2.3558,2.8183,-0.54925,0.76799,-5.5048,2.478,-4.2549,-0.50937,-0.23097,0.26141,0.15977,-0.041553,-0.041303,0.026926,0.027207,-0.13563,0.018388,-0.042476,0.29475,-0.031566,0.032997,184,184,4887,15,1003.9
17.24,0.0013664,0.011018,4895,0.027194,6.6568,0.018491,0.11471,-0.27212,-0.03119,0.20862,1,2,0.60394,99.518,0.6,0,0,0.06466,-0.036431,0.1112,0.56096,-0.032547,-0.052387,-0.30079,0.045586,-0.050546,0.44842,-0.26274,-0.10588,0.044247,-0.054779,0.012716,-0.31539,-0.16103,-0.37044,0.20776,-0.10246,0.0072112,-0.34337,0.20819,-0.32968,-3.7003,1.5807,-0.24154,-2.5303,2.345,-0.72297,2.1643,-5.3936,2.478,-2.6467,-0.34011,-0.50408,0.32179,0.23637,-0.043801,-0.072918,0.090503,0.025589,-0.27304,0.04803,-0.026569,0.47896,-0.18426,-0.032322,184,184,4898,15,1003.9
17.253,0.0012814,0.0079627,4904,0.013382,6.7166,0.01229,0.11658,-0.2594,0.08123,0.21952,1,2,0.6367,99.486,0.6,0,0,0.065042,-0.036812,0.1112,0.55295,-0.037998,-0.059725,-0.29812,0.04406,-0.050546,0.43812,-0.25434,-0.096385,-0.0064534,-0.0053958,-0.020136,-0.25774,-0.066429,0.21717,0.084556,-0.053013,-0.0010465,-0.31079,0.28489,0.76677,-4.1192,2.0226,-1.2997,-3.6923,4.3005,-0.079409,3.8399,-4.8901,3.0824,-2.2977,-1.8296,-0.99426,0.33387,0.19373,-0.013376,-0.012338,0.12945,-0.0052811,-0.34463,0.046236,-0.020676,0.51767,-0.21651,-0.031536,184,184,4905,15,1003.9
17.28,0.0053918,0.016991,4911,0.026814,6.9054,0.0053314,0.1204,-0.27367,0.14211,0.23324,1,2,0.68049,99.526,0.6,0,0,0.065042,-0.037575,0.11006,0.54646,-0.040292,-0.049521,-0.29736,0.04139,-0.050546,0.43278,-0.25623,-0.091082,-0.0093366,-0.047834,-0.053643,-0.31051,-0.13238,0.30022,0.050818,-0.1177,0.0032153,-0.21604,-0.13228,0.045037,-4.3985,2.2605,-0.88564,-3.9033,4.6221,-0.64398,4.8174,-4.304,3.1549,-2.2395,-0.565,-0.82435,0.33603,0.14475,0.0060007,0.029155,0.158,-0.030308,-0.35913,0.051396,-0.028737,0.49425,-0.21772,-0.030418,184,184,4915,15,1003.9
17.293,0.0012655,0.0052279,4920,0.013544,6.9927,0.0013094,0.12204,-0.27946,0.10266,0.29361,1,2,0.72277,99.515,0.6,0,0,0.065042,-0.03872,0.10853,0.53883,-0.041639,-0.052238,-0.29393,0.039101,-0.050546,0.42554,-0.25247,-0.093365,0.0067096,-0.049839,-0.078604,-0.3233,-0.056089,-0.086896,0.20585,-0.084297,0.016074,-0.3662,0.18964,-0.082356,-5.2363,3.6813,-0.56359,-4.044,4.1497,-0.33135,4.2588,-3.9011,3.896,-1.4251,-0.8591,-0.94893,0.32617,0.109,0.019688,0.047751,0.16542,-0.061162,-0.34294,0.06176,-0.037287,0.44174,-0.19207,-0.027979,184,184,4922,15,1003.9
17.321,0.0013438,0.011924,4928,0.02794,7.0654,-0.00078228,0.12331,-0.20515,0.07373,0.43322,1,2,0.76534,99.519,0.6,0,0,0.065423,-0.039483,0.10624,0.53464,-0.042357,-0.051834,-0.28859,0.038338,-0.050546,0.41905,-0.24801,-0.094155,0.0011887,-0.062054,-0.12337,-0.28139,-0.05592,0.014437,0.34852,-0.071878,0.012448,-0.38773,0.29363,-0.059694,-5.2363,4.1209,-0.86264,-4.044,4.4538,-0.45892,3.2814,-3.315,3.5703,-0.95978,-1.8601,-0.88817,0.31323,0.088921,0.040655,0.058492,0.16763,-0.070268,-0.30843,0.073945,-0.052852,0.37411,-0.15276,-0.014965,184,184,4931,15,1003.9
17.348,0.0015506,0.018931,4935,0.026615,7.1387,-0.0019164,0.12458,-0.14617,0.061771,0.56768,1,2,0.80468,99.523,0.6,0,0,0.065423,-0.040246,0.10319,0.53044,-0.043337,-0.051033,-0.28286,0.036812,-0.049401,0.41295,-0.24238,-0.092491,0.00057506,-0.048803,-0.16447,-0.23321,-0.04304,0.018382,0.28995,-0.08669,0.069978,-0.29278,0.23424,0.13478,-5.0966,2.8388,-0.47158,-4.8176,4.6769,-0.23942,4.1192,-3.2051,3.0582,-0.43626,-1.7969,-0.75064,0.29475,0.075578,0.059865,0.057378,0.17822,-0.0764,-0.25875,0.081908,-0.065724,0.29719,-0.10927,-0.00069732,184,184,4940,15,1003.9
17.36,0.0017195,0.012278,4942,0.01263,7.1512,-0.002022,0.1248,-0.10386,0.042732,0.62976,1,2,0.84397,99.517,0.6,0,0,0.065423,-0.04139,0.10052,0.52548,-0.044843,-0.049435,-0.28058,0.035668,-0.047494,0.40761,-0.24472,-0.089132,0.002188,-0.067823,-0.11696,-0.31696,-0.10401,0.12912,0.12829,-0.058238,0.12916,-0.32287,-0.11809,0.17209,-5.6552,4.4872,-0.31055,-4.9582,5.2746,-0.25548,5.7948,-3.4615,2.8165,0.087253,-1.0978,-0.87562,0.26909,0.064364,0.072907,0.049688,0.19351,-0.099437,-0.18582,0.074584,-0.053714,0.19893,-0.07008,-0.00697,184,184,4945,15,1003.9
17.371,0.0016025,0.0081993,4948,0.010184,7.1544,-0.0020486,0.12485,-0.09181,0.010795,0.6559,1,2,0.87228,99.527,0.6,0,0,0.065042,-0.041772,0.099756,0.5209,-0.047397,-0.04624,-0.27905,0.035668,-0.045586,0.40455,-0.24354,-0.088522,-0.022934,-0.036187,-0.060327,-0.36874,-0.21328,0.27598,0.11772,-0.015384,0.15311,-0.24817,0.089908,0.048309,-5.5155,4.9634,-0.74762,-4.9582,5.2755,-0.78702,4.3985,-3.6813,2.4297,-0.31993,-0.8298,-0.66793,0.23991,0.045908,0.080591,0.080834,0.20369,-0.11912,-0.10438,0.048691,-0.011936,0.10241,-0.062269,-0.034757,184,184,4949,15,1003.9
17.391,0.0049447,0.0079659,4956,0.020378,7.2058,-0.0022746,0.12574,-0.10062,0.039269,0.71351,1,2,0.91994,99.525,0.6,0,0,0.065423,-0.042153,0.099756,0.51328,-0.049162,-0.044232,-0.276,0.035286,-0.042153,0.40036,-0.24073,-0.089988,0.0065308,-0.014919,-5.6716e-05,-0.3767,-0.049129,0.041175,0.17807,-0.020136,0.16889,-0.2064,0.088851,0.015827,-5.6552,5.06,-0.79363,-4.7473,5.4368,-0.75498,4.6777,-3.6447,2.0187,-0.95978,-0.43529,-0.10471,0.1922,0.020454,0.097522,0.1569,0.25176,-0.1438,-0.016142,0.0024936,0.051038,0.043128,-0.056789,-0.10097,184,184,4957,15,1003.9
17.412,0.0047241,0.0099423,4964,0.021412,7.3671,-0.0029755,0.12855,-0.13083,0.11058,0.78991,1,2,0.95868,99.533,0.6,0,0,0.065423,-0.042153,0.098993,0.50717,-0.050268,-0.044601,-0.26951,0.034524,-0.041009,0.39616,-0.24142,-0.085046,0.0085893,-0.001929,-0.03147,-0.30274,-0.051199,0.00066485,0.293,-0.064276,0.033291,-0.18245,0.018606,0.16787,-6.0741,4.707,-0.90864,-4.9582,5.7645,-0.53795,2.0247,-3.9744,2.4055,-0.72711,-0.17828,-0.66039,0.11125,0.030137,0.09629,0.24343,0.20376,-0.14409,0.079364,-0.085135,0.10333,0.021698,-0.046419,-0.16763,184,184,4966,15,1003.9
17.433,0.002776,0.01133,4971,0.020315,7.5358,-0.0030705,0.13149,-0.11117,0.13872,0.80375,1,2,0.99166,99.535,0.6,0,0,0.065423,-0.041772,0.097467,0.50107,-0.050986,-0.04419,-0.26379,0.033761,-0.040627,0.39006,-0.23931,-0.085236,-0.023295,0.0036696,-0.075938,-0.28855,-0.024686,0.032121,0.24638,-0.036479,0.013776,-0.37465,0.098937,0.10495,-6.3533,5.2453,-0.6326,-4.6769,5.2471,-0.51835,4.2588,-2.6557,1.9703,0.72711,0.27588,-0.7022,0.035229,0.0498,0.061067,0.33155,-0.14688,-0.047886,0.13661,-0.19998,0.15256,-0.0054854,-0.067138,-0.23008,184,184,4973,15,1003.9
17.459,0.0015508,0.017142,4978,0.026534,7.8637,-0.0029813,0.13721,-0.093428,0.17234,0.71279,1,2,0.031586,99.528,0.6,0,0,0.063897,-0.041009,0.09556,0.49382,-0.050986,-0.04419,-0.26074,0.032998,-0.039864,0.38243,-0.23693,-0.079463,-0.06466,0.039018,-0.093466,-0.36716,-0.0080222,0.017425,0.16491,-0.040164,0.045823,-0.3217,0.15377,0.30123,-7.0515,4.6337,-1.0927,-4.7473,5.0601,-0.35428,4.2588,-3.5348,2.1637,0.029084,-0.18077,-0.96913,-0.020965,0.065582,0.048366,0.40307,-0.31629,-0.0055067,0.15518,-0.24683,0.15741,-0.0097802,-0.11493,-0.27707,184,184,4982,15,1003.9
17.469,0.0019437,0.0070422,4985,0.0096092,7.9512,-0.0029755,0.13874,-0.08072,0.24375,0.6275,1,2,0.071568,99.535,0.6,0,0,0.063897,-0.039864,0.092508,0.48619,-0.051248,-0.04379,-0.25731,0.032235,-0.039483,0.37861,-0.23549,-0.076554,-0.0042415,0.053492,-0.1777,-0.43954,-0.021858,0.029281,0.18881,-0.071429,0.030684,-0.21037,0.046936,0.099607,-7.0515,4.1575,0.011502,-4.044,5.1836,-0.36964,5.0966,-2.8388,1.8011,0.31993,0.74081,-0.88271,-0.079571,0.078694,0.050189,0.45756,-0.36651,0.0034985,0.17996,-0.24758,0.15095,0.013564,-0.11339,-0.28944,184,184,4985,15,1003.9
17.492,0.0015362,0.0097734,4993,0.023022,8.3343,-0.0027735,0.14543,-0.077402,0.25618,0.60668,1,2,0.11158,99.515,0.6,0,0,0.063897,-0.039483,0.088693,0.48047,-0.05216,-0.043768,-0.25425,0.03109,-0.039101,0.37404,-0.23621,-0.078008,-0.012375,0.032081,-0.26241,-0.36394,-0.061378,0.014928,0.20385,-0.058457,0.024888,-0.30024,-0.043484,-0.041256,-7.0515,4.6703,0.011502,-4.8176,5.3855,0.097016,4.6777,-2.6557,2.1396,1.0761,1.0139,-1.0159,-0.12007,0.084172,0.053731,0.48909,-0.39834,0.0037464,0.19304,-0.24468,0.14159,0.023671,-0.11365,-0.28628,184,184,4995,15,1003.9
17.519,0.0014964,0.010021,5002,0.02661,8.6729,-0.0029977,0.15134,-0.10206,0.25166,0.64413,1,2,0.16412,99.525,0.6,0,0,0.063897,-0.036812,0.086786,0.47398,-0.05379,-0.043334,-0.24739,0.030709,-0.039101,0.36488,-0.23501,-0.075586,-0.0045254,0.12619,-0.005182,-0.28011,-0.034399,0.0038067,0.30539,-0.023032,0.022379,-0.35505,0.063307,0.12776,-6.9217,4.3773,-0.54059,-5.0286,5.6755,-0.33258,4.1192,-2.8388,1.7044,1.2506,1.9945,-0.94271,-0.14786,0.093196,0.054256,0.48917,-0.40612,-0.0026705,0.20995,-0.2345,0.1286,0.039393,-0.10762,-0.26718,184,184,5004,15,1003.9
17.534,0.001443,0.0059636,5010,0.015848,8.9731,-0.0028698,0.15658,-0.095611,0.23748,0.6301,1,2,0.20386,99.528,0.6,0,0,0.063516,-0.036049,0.086404,0.46407,-0.053984,-0.043725,-0.24395,0.02842,-0.037575,0.35954,-0.23477,-0.075102,-0.009818,0.025179,-0.020325,-0.35932,-0.023829,0.0076013,0.095985,-0.096446,0.033142,-0.14549,0.011644,0.023059,-6.7923,3.9377,-0.70161,-4.6066,4.6437,-0.29048,6.0741,-1.5807,2.4297,0.66894,2.521,-1.0052,-0.15765,0.099869,0.055078,0.46116,-0.39045,-0.010295,0.21192,-0.21768,0.11575,0.042746,-0.11003,-0.24303,184,184,5012,15,1003.9
17.559,0.0016427,0.0099137,5018,0.024557,9.2265,-0.002063,0.16102,-0.066633,0.22531,0.65712,1,2,0.24541,99.54,0.6,0,0,0.062753,-0.035286,0.08526,0.45682,-0.054703,-0.043312,-0.24205,0.026894,-0.037575,0.3542,-0.23357,-0.072684,-0.054067,0.031182,-0.063555,-0.34243,-0.024785,0.02371,0.13855,-0.068337,0.026226,-0.32343,0.068395,0.14452,-6.9217,3.7179,-0.6326,-4.5363,4.364,-0.058223,5.3759,-1.7166,2.3088,1.716,3.1574,-0.81882,-0.1416,0.094915,0.056435,0.40434,-0.35909,-0.019613,0.20753,-0.18179,0.099,0.033546,-0.11269,-0.21453,184,184,5020,15,1003.9
17.573,0.0014259,0.011065,5024,0.014429,9.4755,-0.001177,0.16537,-0.051054,0.202,0.58287,1,2,0.27167,99.524,0.6,0,0,0.062371,-0.034524,0.083734,0.44995,-0.055226,-0.042508,-0.23785,0.026513,-0.037575,0.34848,-0.23238,-0.071181,-0.019085,0.039079,-0.097324,-0.38922,-0.032708,0.060375,0.23386,-0.022444,0.016434,-0.30342,0.059597,0.092948,-6.7923,3.9744,-0.6096,-4.2549,4.5859,-0.052679,5.9344,-3.022,2.4055,1.1925,3.2485,-1.0319,-0.11964,0.08333,0.059595,0.35344,-0.33148,-0.031546,0.20703,-0.16294,0.089847,0.030196,-0.10592,-0.19752,184,184,5027,15,1003.9
17.598,0.0057937,0.015565,5032,0.024704,9.6597,-0.00054018,0.16859,-0.047442,0.17359,0.49141,1,2,0.32062,99.535,0.6,0,0,0.062753,-0.033761,0.081064,0.44347,-0.055488,-0.042106,-0.23327,0.026131,-0.037194,0.34276,-0.23045,-0.067325,0.0098184,0.029478,-0.13055,-0.33149,-0.0099115,0.032302,0.2204,-0.040528,0.0059191,-0.24608,0.138,0.27886,-8.0861,3.7179,-0.37956,-4.5363,4.5491,0.10612,5.5155,-1.3087,2.0187,1.6578,3.4664,-1.4251,-0.090611,0.067927,0.061894,0.2689,-0.28911,-0.044532,0.19362,-0.14052,0.067819,0.036639,-0.10688,-0.17108,184,184,5035,15,1003.9
17.62,0.0012328,0.011981,5041,0.02197,9.7778,0.00060487,0.17065,-0.057835,0.10942,0.53055,1,2,0.36272,99.51,0.6,0,0,0.062753,-0.032998,0.076486,0.43927,-0.055488,-0.042106,-0.22984,0.02575,-0.037194,0.3378,-0.22461,-0.056723,-0.011967,0.046894,-0.25217,-0.2181,-0.018468,0.0078938,0.18383,-0.016527,0.022297,-0.29138,0.31796,0.61324,-7.4392,3.2051,0.12652,-5.2396,4.8373,0.31655,6.7722,-2.1585,2.2846,2.2395,3.4226,-1.692,-0.038943,0.039877,0.070041,0.17731,-0.25728,-0.059728,0.16411,-0.13275,0.050125,0.036706,-0.12899,-0.14863,184,184,5045,15,1003.9
17.641,0.0055166,0.01734,5049,0.021,9.8758,0.0022001,0.17235,-0.024253,0.067157,0.51741,1,2,0.40232,99.54,0.6,0,0,0.062371,-0.030709,0.074197,0.4324,-0.056796,-0.040093,-0.22602,0.02575,-0.036431,0.33169,-0.22294,-0.055194,-0.004314,0.1036,-0.015592,-0.35296,-0.071608,0.11841,0.15905,0.002718,0.036852,-0.23309,0.0047416,-0.061572,-7.4392,2.619,-0.080513,-5.2396,4.0588,-0.055538,6.6629,-2.0905,2.333,1.4251,3.2305,-1.8197,0.016982,0.017621,0.075716,0.085466,-0.20978,-0.065208,0.13618,-0.12658,0.036407,0.040714,-0.14072,-0.13301,184,184,5053,15,1003.9
17.652,0.0051605,0.0086436,5056,0.010631,9.9213,0.002906,0.17314,0.0036751,0.092981,0.47125,1,2,0.44059,99.538,0.6,0,0,0.062371,-0.029946,0.074578,0.42592,-0.059147,-0.036459,-0.2245,0.02575,-0.036049,0.32788,-0.22443,-0.058965,-0.0088214,0.043027,0.0080528,-0.37839,-0.10869,0.17673,0.082542,0.00718,0.03409,-0.21133,-0.0825,-0.16601,-8.3448,2.6557,-0.12652,-4.6066,5.0539,0.21598,7.1804,-3.022,2.7923,1.4833,4.3673,-1.7293,0.068815,0.0082533,0.06887,0.0093601,-0.13843,-0.056685,0.11632,-0.11986,0.022282,0.05111,-0.11433,-0.11744,184,184,5057,15,1003.9
17.673,0.0013806,0.01075,5064,0.021432,10.092,0.0043853,0.17608,-0.027758,0.1138,0.50803,1,2,0.47168,99.549,0.6,0,0,0.062753,-0.028801,0.074197,0.41905,-0.059343,-0.03685,-0.22107,0.02575,-0.035286,0.32368,-0.22347,-0.05796,0.0065467,0.059403,-0.017049,-0.30999,-0.024607,-0.0053502,0.18143,-0.0074281,0.010422,-0.18917,0.084279,0.14951,-9.1211,1.4787,-0.51758,-5.4506,4.4376,-0.13503,7.4392,-2.9121,2.5747,1.367,4.6535,-1.6048,0.10841,0.025559,0.049796,-0.0082944,-0.070902,-0.039456,0.10449,-0.094577,-0.0015443,0.086509,-0.015948,-0.097408,184,184,5067,15,1003.9
17.692,0.0012457,0.0044013,5074,0.019406,10.217,0.0049401,0.17826,-0.075952,0.10021,0.57179,1,2,0.52285,99.542,0.6,0,0,0.062753,-0.026513,0.073053,0.41142,-0.0598,-0.036837,-0.2142,0.025368,-0.035286,0.31415,-0.21713,-0.048302,-0.0015351,0.062728,-0.064919,-0.27985,-0.017336,0.015515,0.30336,-0.0086922,0.006248,-0.37235,0.34622,0.47646,-8.4742,1.4787,-0.90864,-5.4506,4.5833,0.027698,6.9119,-2.6923,2.7198,2.2395,4.3886,-1.8379,0.17826,0.081696,0.0090393,-0.054033,-0.025605,0.01971,0.04402,-0.03789,-0.051044,0.17081,0.12066,-0.044987,184,184,5075,15,1003.9
17.72,0.0015914,0.011791,5082,0.027754,10.365,0.0056779,0.18081,-0.075329,0.094851,0.58804,1,2,0.56416,99.544,0.6,0,0,0.062371,-0.024987,0.071145,0.4057,-0.060061,-0.036432,-0.21,0.025368,-0.034905,0.30766,-0.21246,-0.048744,-0.035857,0.07377,-0.090896,-0.28176,-0.024348,0.034002,0.17627,-0.025753,0.049083,-0.28433,0.15041,-0.22163,-8.9917,1.6826,-0.28755,-5.5912,4.4993,-0.072784,7.8273,-2.2605,2.5989,2.3558,3.3385,-1.7015,0.29179,0.16311,-0.04882,-0.11303,0.013772,0.096486,-0.11876,0.02731,-0.067854,0.27899,0.085682,-0.016373,184,184,5085,15,1003.9
17.739,0.0012463,0.010463,5090,0.018476,10.406,0.0062687,0.18151,-0.080864,0.068461,0.58966,1,2,0.60318,99.534,0.6,0,0,0.062371,-0.023842,0.068093,0.39845,-0.060778,-0.036013,-0.20848,0.024987,-0.03109,0.30423,-0.2122,-0.056778,-0.002352,0.057259,-0.1768,-0.41257,-0.04032,0.031449,0.090727,-0.003422,0.21193,-0.17646,-0.010051,-0.20159,-9.6386,1.0368,0.080513,-5.0989,3.9307,-0.16624,8.0861,-2.6557,1.1387,2.414,3.7767,-1.3527,0.35267,0.23464,-0.05614,-0.11909,0.042334,0.13363,-0.26468,0.042322,-0.044392,0.39492,-0.22731,-0.028401,184,184,5093,15,1003.9
17.759,0.0012533,0.011181,5099,0.020568,10.466,0.0078737,0.18249,-0.047704,0.044566,0.64659,1,2,0.6429,99.551,0.6,0,0,0.062371,-0.023461,0.062371,0.38968,-0.062018,-0.034783,-0.20428,0.024605,-0.028038,0.2966,-0.20873,-0.049272,-0.01182,0.025936,-0.19274,-0.38721,-0.054494,0.060716,0.20172,-0.017263,0.061294,-0.31579,0.17448,0.33503,-9.6386,1.2747,0.28755,-5.4506,4.0992,0.099847,9.2505,-2.8388,1.5297,2.8212,4.113,-1.5521,0.36479,0.21324,-0.031343,-0.075281,0.042931,0.13484,-0.32118,0.043227,-0.039187,0.45044,-0.26641,-0.014347,184,184,5102,15,1003.9
17.773,0.0012856,0.011069,5106,0.014125,10.485,0.0089327,0.18278,-0.061771,0.037758,0.64503,1,2,0.67143,99.534,0.6,0,0,0.06199,-0.022698,0.06199,0.38396,-0.062997,-0.033957,-0.1997,0.024224,-0.028038,0.29164,-0.20606,-0.045889,-0.016232,0.023486,-0.0044914,-0.31261,-0.046219,0.055898,0.2562,-0.038698,0.013837,-0.28975,0.15989,0.21892,-10.415,1.3767,-0.10352,-5.0286,3.9549,0.028778,8.8623,-2.5458,1.5527,2.5885,3.9614,-1.821,0.36256,0.1869,-0.01868,-0.046629,0.048721,0.11495,-0.33877,0.041979,-0.04082,0.44556,-0.27571,-0.012262,184,184,5109,15,1003.9
17.802,0.0012401,0.019597,5114,0.028536,10.443,0.009882,0.182,-0.051953,-0.023567,0.64089,1,2,0.71143,99.553,0.6,0,0,0.062371,-0.022698,0.06199,0.37785,-0.063454,-0.033943,-0.19589,0.023842,-0.028038,0.28782,-0.20391,-0.044347,0.014593,0.008014,-0.0018858,-0.35087,-0.034966,0.038253,0.24484,-0.038852,0.0096639,-0.22557,0.098478,0.10571,-10.027,1.3427,-0.10352,-5.3802,4.0325,-0.057445,8.9917,-3.0586,1.9462,2.8212,4.346,-1.5824,0.35019,0.15718,-0.0011306,-0.034822,0.03534,0.093497,-0.32423,0.046093,-0.043523,0.40755,-0.26068,-0.01018,184,184,5116,15,1003.9
17.811,0.0014104,0.0086076,5118,0.0089777,10.42,0.010304,0.18158,-0.052976,-0.051626,0.65704,1,2,0.75161,99.554,0.6,0,0,0.062371,-0.022698,0.06199,0.37633,-0.063714,-0.033536,-0.19398,0.023461,-0.028038,0.28592,-0.20391,-0.044347,0.0098198,0.0039653,-0.0006832,-0.25699,-0.041051,0.048447,0.23913,-0.037186,0.025701,-0.24089,0.020723,0.012364,-9.768,1.2747,-0.6556,-5.8725,4.2307,-0.15792,8.6036,-2.5458,1.7044,2.8793,4.1891,-1.6866,0.334,0.12854,0.02032,-0.02129,0.04083,0.072998,-0.29505,0.058493,-0.054606,0.3508,-0.23052,0.0010485,184,184,5119,15,1003.9
17.839,0.0052339,0.016009,5126,0.028015,10.381,0.011867,0.1808,-0.051898,-0.041861,0.72035,1,2,0.80057,99.54,0.6,0,0,0.06199,-0.022316,0.061608,0.37251,-0.064432,-0.033115,-0.19055,0.022698,-0.027276,0.28019,-0.20344,-0.044303,-0.022734,0.023268,-0.023258,-0.25544,-0.040979,0.047756,0.20821,-0.040189,0.03064,-0.32731,0.0452,0.014739,-10.156,1.4787,-0.28755,-5.7319,4.3802,0.11899,8.8623,-2.6557,1.6802,2.9375,4.5747,-1.442,0.30852,0.098674,0.048317,-0.020005,0.05182,0.054066,-0.24289,0.078003,-0.069319,0.2633,-0.18156,0.013663,184,184,5129,15,1003.9
17.862,0.0017761,0.013568,5134,0.023508,10.397,0.013087,0.18099,-0.068485,0.0085459,0.71452,1,2,0.84544,99.55,0.6,0,0,0.061227,-0.021935,0.060464,0.36564,-0.066452,-0.030656,-0.18711,0.022316,-0.027276,0.27562,-0.20201,-0.043278,-0.041834,0.0086584,-0.070406,-0.33197,-0.090093,0.10834,0.15985,-0.037839,-0.00030097,-0.19238,0.066827,0.033907,-10.415,1.3427,-0.12652,-5.7319,4.108,-0.12693,8.4742,-2.5458,2.0429,2.414,5.0146,-1.6241,0.28397,0.085619,0.062858,-0.021384,0.083994,0.032942,-0.17354,0.082861,-0.070151,0.15696,-0.13603,0.010344,184,184,5137,15,1003.9
17.882,0.0014289,0.012804,5141,0.019996,10.406,0.014165,0.18106,-0.1038,0.013524,0.76966,1,2,0.8863,99.55,0.6,0,0,0.061227,-0.02079,0.057031,0.35382,-0.069828,-0.025343,-0.18177,0.021172,-0.027276,0.26989,-0.19986,-0.041746,-0.0075561,0.041872,-0.15068,-0.42473,-0.12656,0.19352,0.20709,-0.042875,0.0089254,-0.20759,0.08201,0.11873,-10.027,1.1388,0.057509,-5.0286,4.7232,-0.49852,8.8623,-2.8755,2.1154,2.763,6.3351,-1.7492,0.24725,0.064671,0.070395,0.000219,0.12903,0.019257,-0.075342,0.071208,-0.030069,0.036714,-0.11491,-0.026204,184,184,5144,15,1003.9
17.9,0.0066403,0.017255,5146,0.01757,10.372,0.014673,0.18044,-0.11201,0.0030489,0.8309,1,2,0.92302,99.557,0.6,0,0,0.061227,-0.020409,0.054742,0.35077,-0.070286,-0.025325,-0.1791,0.021172,-0.027276,0.26722,-0.19936,-0.040813,-0.010983,0.034801,-0.20422,-0.32426,-0.049348,0.053859,0.25231,-0.040675,0.002893,-0.27392,0.070504,0.13559,-10.415,1.1048,0.31055,-5.3099,4.7859,-0.31849,7.8273,-2.2605,1.8253,4.3253,5.4399,-1.4137,0.19968,0.04648,0.082053,0.063417,0.19562,-0.00031514,0.027662,0.030834,0.03855,-0.028909,-0.10683,-0.089776,184,184,5149,15,1003.9
17.922,0.0021732,0.013169,5154,0.021708,10.37,0.015396,0.18035,-0.12651,-0.020254,0.86372,1,2,0.96563,99.553,0.6,0,0,0.060845,-0.019265,0.050927,0.34276,-0.071202,-0.025289,-0.17262,0.02079,-0.026894,0.25883,-0.19505,-0.037766,-0.021934,0.03297,-0.14489,-0.38284,-0.06342,0.027853,0.26069,-0.038548,0.02345,-0.31735,0.24889,0.12159,-10.415,1.4787,0.31055,-5.0989,4.9087,-0.26334,8.4742,-2.2605,2.2363,3.9736,4.5811,-1.6247,0.12266,0.043306,0.079597,0.12863,0.20003,-0.040915,0.12206,-0.054798,0.10216,-0.077775,-0.10907,-0.16661,184,184,5157,15,1003.9
17.941,0.0014266,0.011507,5161,0.019682,10.435,0.015956,0.18143,-0.11521,0.040998,0.76754,1,2,0.0065517,99.555,0.6,0,0,0.059701,-0.01812,0.050546,0.33513,-0.07172,-0.024468,-0.17109,0.019265,-0.02575,0.25425,-0.18768,-0.040613,-0.085221,0.068468,-0.022413,-0.4147,-0.019365,0.037839,0.057323,-0.08292,0.067877,-0.21441,0.31694,-0.18519,-8.8623,0.90081,0.011502,-5.0989,4.3204,-0.22619,10.027,-1.4107,1.7769,3.9736,4.49,-1.2515,0.041416,0.044811,0.04731,0.22309,-0.09727,-0.033495,0.18888,-0.18453,0.15268,-0.1165,-0.10534,-0.22889,184,184,5164,15,1003.9
17.96,0.0054821,0.016544,5167,0.018329,10.466,0.017777,0.18181,-0.086972,0.060884,0.73433,1,2,0.041586,99.555,0.6,0,0,0.056649,-0.017357,0.049783,0.32902,-0.071919,-0.02486,-0.16995,0.016976,-0.024224,0.25082,-0.18697,-0.040109,-0.16983,0.032044,-0.056422,-0.35368,-0.017799,0.01491,0.072814,-0.1417,0.091944,-0.1838,0.011153,0.083361,-9.3799,0.76484,-0.10352,-4.7473,4.4038,-0.15002,10.415,-0.22095,1.3917,3.7626,4.4493,-0.93223,-0.021158,0.062826,0.03571,0.31663,-0.28829,-0.022955,0.21857,-0.23597,0.14453,-0.11713,-0.12111,-0.26581,184,184,5170,15,1003.9
17.98,0.0059051,0.01698,5172,0.020015,10.468,0.018182,0.1818,-0.054935,0.021452,0.85314,1,2,0.081171,99.343,0.6,0,0,0.05436,-0.017357,0.048638,0.3233,-0.073932,-0.022376,-0.16537,0.013924,-0.024224,0.24434,-0.18669,-0.038768,-0.12543,0.0034273,-0.036119,-0.30625,-0.14934,0.14365,0.26901,-0.16466,0.025727,-0.39116,0.0071813,0.10841,-9.2505,0.90081,-0.42557,-5.0989,4.5516,-0.67818,9.5092,-0.22095,1.8978,4.8879,4.5854,-1.2522,-0.072513,0.07633,0.044907,0.3823,-0.3428,-0.020486,0.23501,-0.23032,0.12842,-0.10991,-0.1226,-0.27519,184,184,5172,15,1003.9
18.005,0.0017931,0.019365,5175,0.025222,10.466,0.019876,0.18159,-0.06244,0.017867,0.87608,1,2,0.11889,99.345,0.6,0,0,0.053597,-0.016976,0.048257,0.32139,-0.074649,-0.021945,-0.16346,0.013161,-0.024224,0.24205,-0.18644,-0.038307,-0.12455,0.0045813,-0.051815,-0.30335,-0.13129,0.14121,0.30195,-0.13027,0.017475,-0.37618,0.023959,0.1008,-10.156,0.62886,-0.31055,-5.0989,5.0864,-0.50451,10.156,0.15297,1.8253,4.8176,5.4454,-1.0567,-0.106,0.080516,0.05207,0.41604,-0.3654,-0.021593,0.24127,-0.22486,0.11484,-0.095991,-0.11559,-0.27368,184,184,5180,15,1003.9
18.017,0.0014533,0.011476,5182,0.011829,10.422,0.020728,0.18073,-0.10722,-0.0062444,0.96937,1,2,0.15768,99.34,0.6,0,0,0.05169,-0.016213,0.046349,0.31491,-0.075942,-0.019883,-0.15736,0.012398,-0.024224,0.23518,-0.18422,-0.035042,-0.10585,0.055384,-0.10019,-0.28621,-0.043885,0.072747,0.29462,-0.039108,0.0083395,-0.31879,0.15066,0.20936,-9.1211,0.56088,-0.12652,-5.0989,5.2085,-0.40834,9.3799,0.28894,1.7044,5.2396,5.2713,-1.2952,-0.12307,0.082151,0.054586,0.41724,-0.36598,-0.024133,0.24363,-0.21142,0.10207,-0.090183,-0.11338,-0.26369,184,184,5185,15,1003.9
18.032,0.0013307,0.0061468,5191,0.015633,10.399,0.021264,0.18025,-0.15826,-0.0088733,1.0416,1,2,0.1994,99.332,0.6,0,0,0.049783,-0.013924,0.043297,0.30575,-0.07901,-0.018541,-0.15164,0.011254,-0.023842,0.2306,-0.17912,-0.029796,-0.085118,0.083132,-0.12699,-0.36561,-0.14796,0.079867,0.22852,-0.017579,0.045941,-0.1742,0.12,0.061676,-9.2505,-0.22095,0.79363,-5.0286,5.7976,-0.54868,8.4742,-0.39092,2.4297,4.1143,5.1493,-1.3102,-0.12409,0.083855,0.056449,0.38574,-0.34858,-0.032254,0.24401,-0.18763,0.087697,-0.086391,-0.11063,-0.24266,184,184,5193,15,1003.9
18.057,0.0016947,0.0098295,5199,0.025012,10.404,0.022836,0.18017,-0.1624,0.013894,1.1364,1,2,0.24281,99.337,0.6,0,0,0.047112,-0.011635,0.037194,0.28897,-0.082854,-0.015947,-0.14019,0.011254,-0.021935,0.21992,-0.17726,-0.029639,-0.03899,0.031032,-0.054093,-0.44313,-0.10346,0.0093087,0.31405,-0.013957,0.02806,-0.25759,0.037266,0.077167,-7.6979,-0.86681,0.77062,-3.9736,5.7555,-0.25529,8.733,-0.25495,1.9703,4.3253,6.7151,-1.4273,-0.10894,0.078599,0.057132,0.31926,-0.3136,-0.043465,0.25075,-0.15045,0.073223,-0.089427,-0.11129,-0.21608,184,184,5201,15,1003.9
18.077,0.0014083,0.01132,5206,0.019975,10.361,0.024293,0.17921,-0.13699,-0.014425,1.1094,1,2,0.27899,99.345,0.6,0,0,0.046349,-0.011635,0.037575,0.28134,-0.083456,-0.017129,-0.136,0.010872,-0.02079,0.21649,-0.17531,-0.027737,-0.046618,0.001218,-0.00057956,-0.41047,-0.026797,-0.0061472,0.20055,-0.016398,0.074199,-0.14209,0.11175,0.12293,-8.6036,0.050989,0.35656,-3.9033,6.2232,-0.46648,8.6036,-0.18696,1.4147,3.9736,6.7778,-0.7802,-0.075758,0.062973,0.06286,0.24184,-0.27933,-0.054824,0.2375,-0.11684,0.063363,-0.098827,-0.12211,-0.18974,184,184,5209,15,1003.9
18.099,0.0013549,0.011311,5215,0.021418,10.328,0.025738,0.17843,-0.12608,-0.0048389,1.0852,1,2,0.322,99.348,0.6,0,0,0.044823,-0.011635,0.037194,0.27523,-0.083915,-0.017108,-0.13218,0.010491,-0.01812,0.21344,-0.17234,-0.028793,-0.095041,-8.8281e-05,-0.015229,-0.34415,-0.014624,0.0033821,0.21904,-0.03009,0.17354,-0.18669,0.18644,-0.078528,-7.6979,0.39092,0.011502,-3.9736,5.8954,-0.41677,9.768,-0.18696,0.56359,4.1143,5.8585,-0.79793,-0.033917,0.040507,0.06863,0.14258,-0.23144,-0.066554,0.22098,-0.089438,0.048702,-0.092423,-0.1375,-0.16047,184,184,5218,15,1003.9
18.12,0.0022714,0.013815,5222,0.020678,10.263,0.025677,0.1773,-0.15688,-0.013771,1.0503,1,2,0.36006,99.352,0.6,0,0,0.04406,-0.011254,0.036431,0.26761,-0.084174,-0.016692,-0.1257,0.0093462,-0.016213,0.20619,-0.16616,-0.025691,-0.029653,0.011293,-0.036139,-0.38376,-0.026282,0.041094,0.34417,-0.038557,0.084931,-0.32936,0.311,0.27854,-9.3799,-0.084982,-0.42557,-2.8793,5.9174,-0.28915,6.6629,-0.32293,0.79363,4.6066,5.4046,-0.84278,0.011021,0.015581,0.070677,0.046253,-0.18661,-0.073792,0.20428,-0.094907,0.038239,-0.078805,-0.15268,-0.1392,184,184,5225,15,1003.9
18.138,0.0013035,0.011553,5229,0.018837,10.163,0.025133,0.17561,-0.204,-0.051095,1.0011,1,2,0.40038,99.349,0.6,0,0,0.043679,-0.011254,0.035286,0.26074,-0.08515,-0.015838,-0.11959,0.0085832,-0.015831,0.20123,-0.16333,-0.024599,-0.027518,0.0039792,-0.056982,-0.36495,-0.053588,0.041627,0.30846,-0.049097,0.02904,-0.27058,0.1251,-0.061113,-8.4742,0.32293,-0.26454,-3.622,5.7497,-0.44051,7.3098,0.016996,0.6326,4.3253,5.0129,-1.0985,0.06068,0.0040403,0.063966,-0.055905,-0.1337,-0.069637,0.17824,-0.10328,0.025948,-0.067544,-0.16178,-0.12766,184,184,5233,15,1003.9
18.15,0.001294,0.0041203,5238,0.011874,10.097,0.024982,0.17446,-0.18636,-0.059207,0.97523,1,2,0.43892,99.345,0.6,0,0,0.043297,-0.010872,0.032998,0.25311,-0.088882,-0.014849,-0.11616,0.0078202,-0.015068,0.19856,-0.16239,-0.024524,-0.013943,0.0098476,-0.10989,-0.38209,-0.23517,0.059873,0.16659,-0.052975,0.016438,-0.094946,0.04904,0.10596,-7.9567,-0.084982,0.51758,-2.7048,6.4216,-0.36703,8.0861,0.15297,0.86264,2.6467,5.485,-0.99511,0.10655,0.0053886,0.047597,-0.1148,-0.11049,-0.050243,0.15372,-0.086809,0.015253,-0.069466,-0.15114,-0.12293,184,184,5239,15,1003.9
18.176,0.0013482,0.010214,5247,0.026062,10.026,0.024141,0.17333,-0.19455,-0.017023,0.89444,1,2,0.47903,99.351,0.6,0,0,0.042535,-0.0097276,0.026894,0.24281,-0.093556,-0.010148,-0.10891,0.0066758,-0.015068,0.19093,-0.16113,-0.022275,-0.046057,0.057774,-0.28042,-0.36221,-0.061217,0.075936,0.2883,-0.033242,0.0034032,-0.39054,0.059796,0.1257,-8.4742,0.18696,0.90864,-2.4722,7.7601,-0.60264,7.8273,0.9348,1.2077,4.6066,6.2009,-0.93408,0.13776,0.019785,0.015169,-0.14872,-0.11179,0.0042321,0.14452,-0.052835,-0.0094559,-0.057062,-0.068928,-0.095774,184,184,5249,15,1003.9
18.198,0.0015029,0.011195,5255,0.021319,9.9741,0.023977,0.17244,-0.17314,-0.036172,0.86978,1,2,0.51977,99.339,0.6,0,0,0.04139,-0.0093462,0.024224,0.23709,-0.094477,-0.0101,-0.10395,0.0055314,-0.015068,0.18521,-0.15838,-0.018201,-0.065311,0.027466,-0.12519,-0.38703,-0.048387,0.025197,0.29738,-0.074256,0.0041869,-0.35316,0.18577,0.26539,-9.2505,0.49289,0.95465,-2.414,7.8025,-0.52842,6.7923,0.69685,1.5527,4.7473,6.1148,-0.90133,0.18645,0.066142,-0.030797,-0.20482,-0.12617,0.084443,0.099427,-0.0055805,-0.044637,0.01307,0.057842,-0.037982,184,184,5257,15,1003.9
18.218,0.0015093,0.011386,5261,0.020155,9.9479,0.024317,0.17193,-0.12296,-0.017644,0.77044,1,2,0.55975,99.349,0.6,0,0,0.040246,-0.0089647,0.024605,0.23136,-0.094531,-0.0092829,-0.10166,0.003624,-0.015068,0.18139,-0.15398,-0.013597,-0.082677,-9.9245e-05,-0.0058221,-0.35454,-0.013373,0.027299,0.12418,-0.13144,0.0036756,-0.20646,0.24928,0.25388,-7.9567,0.28894,0.40256,-2.414,7.4449,-0.70314,8.3448,1.5467,1.3917,4.1143,5.5526,-1.1153,0.26665,0.16017,-0.083114,-0.2629,-0.12367,0.1818,-0.028598,0.056522,-0.045998,0.13864,-0.013472,-0.0026559,184,184,5264,15,1003.9
18.238,0.0013724,0.011351,5269,0.020215,9.9113,0.025064,0.17118,-0.097568,-0.0029761,0.7087,1,2,0.6001,99.347,0.6,0,0,0.037957,-0.0093462,0.024605,0.22602,-0.094531,-0.0092829,-0.10014,0.0013352,-0.014687,0.17872,-0.15162,-0.017267,-0.16909,-0.016736,-0.021725,-0.33946,0.0024791,0.013066,0.10679,-0.14034,0.026172,-0.18645,0.17453,-0.24368,-7.1804,0.69685,0.24154,-2.4722,7.3404,-0.34378,8.4742,1.6147,1.3917,4.3253,5.1999,-0.75764,0.32,0.22074,-0.083025,-0.26935,-0.1475,0.23032,-0.1637,0.050422,-0.034243,0.29055,-0.23478,-0.018732,184,184,5272,15,1003.9
18.251,0.001664,0.0049158,5276,0.01269,9.8844,0.025203,0.17068,-0.09605,-0.029952,0.71735,1,2,0.63901,99.361,0.6,0,0,0.034905,-0.0093462,0.023842,0.2203,-0.094788,-0.0088621,-0.096704,-0.00019074,-0.013924,0.17185,-0.14798,-0.018695,-0.14686,-0.0039735,-0.015852,-0.30221,-0.014008,0.029974,0.20839,-0.05628,0.033651,-0.3331,0.14664,0.066228,-7.0511,0.83282,0.44857,-2.8793,6.5932,-0.50163,8.0861,1.7166,1.2997,4.6769,5.6566,-0.45349,0.33069,0.1991,-0.046975,-0.23432,-0.15468,0.22769,-0.22816,0.050949,-0.040344,0.36275,-0.27964,-0.0071972,184,184,5277,15,1003.9
18.29,0.0017287,0.023336,5284,0.038946,9.7193,0.024905,0.16781,-0.13544,-0.019764,0.7291,1,2,0.68019,99.353,0.6,0,0,0.032616,-0.0093462,0.023461,0.21344,-0.095303,-0.00802,-0.091745,-0.00057221,-0.013924,0.16499,-0.14375,-0.01287,-0.10461,0.0023829,-0.025025,-0.30565,-0.036783,0.060595,0.23411,-0.022406,0.0028737,-0.30605,0.23048,0.25987,-7.0511,0.90081,-0.12652,-2.7048,6.5103,-0.50896,8.3448,1.6826,1.2997,5.3099,4.3935,-1.3097,0.33136,0.15722,-0.030132,-0.2002,-0.1499,0.19557,-0.24795,0.053657,-0.04837,0.3548,-0.28617,-0.0043409,184,184,5291,15,1003.9
18.297,0.0015983,0.0071941,5293,0.0075062,9.6663,0.024808,0.16689,-0.14632,-0.10895,0.80841,1,2,0.72728,99.352,0.6,0,0,0.032235,-0.0089647,0.021553,0.20581,-0.097047,-0.0058866,-0.086023,-0.0017166,-0.013924,0.15927,-0.14155,-0.010599,-0.035341,0.027217,-0.10328,-0.31843,-0.047895,0.062834,0.25281,-0.040755,0.015691,-0.23875,0.039635,0.033761,-6.7722,0.73084,0.6096,-2.9375,6.4868,-0.50528,8.4742,1.7846,1.4377,5.1692,5.0347,-1.0821,0.31609,0.11358,-0.0083052,-0.18285,-0.16018,0.16424,-0.22767,0.065713,-0.05717,0.29831,-0.26431,-0.00086253,184,184,5293,15,1003.9
18.318,0.0014142,0.011024,5299,0.020679,9.4879,0.02466,0.16376,-0.15328,-0.13108,0.85516,1,2,0.76052,99.369,0.6,0,0,0.031853,-0.0085832,0.019265,0.20047,-0.098277,-0.0045933,-0.082208,-0.0017166,-0.013542,0.15507,-0.14041,-0.010943,-0.023577,0.025117,-0.16277,-0.38898,-0.088422,0.061531,0.25434,-0.018592,0.051289,-0.28556,0.079738,0.042901,-6.6326,0.35692,0.56359,-2.4722,7.249,-0.71634,8.0861,1.8526,1.4147,5.3099,5.4981,-1.0564,0.29717,0.086068,0.0027322,-0.18115,-0.17827,0.13957,-0.1895,0.081321,-0.064071,0.23387,-0.23135,0.0019632,184,184,5301,15,1003.9
18.338,0.0014866,0.011726,5306,0.020207,9.373,0.024365,0.16178,-0.1531,-0.08497,0.86373,1,2,0.79972,99.361,0.6,0,0,0.03109,-0.0078202,0.013542,0.19284,-0.10079,-0.0011788,-0.078393,-0.0020981,-0.013161,0.15126,-0.13867,-0.0087125,-0.056969,0.031157,-0.28394,-0.40111,-0.14392,0.25284,0.18832,-0.018846,0.007982,-0.16328,0.083139,0.089192,-7.5686,0.56088,1.0007,-2.1813,7.514,-0.79822,8.9917,1.6826,2.0912,4.4659,5.8674,-0.92219,0.27583,0.062245,0.012051,-0.17585,-0.18431,0.12187,-0.14433,0.095077,-0.069022,0.14905,-0.19203,0.0013181,184,184,5309,15,1003.9
18.369,0.0016301,0.022546,5314,0.030694,9.0831,0.023988,0.15672,-0.15161,-0.087798,0.82656,1,2,0.83972,99.373,0.6,0,0,0.029183,-0.0062943,0.012016,0.18482,-0.10227,0.0005467,-0.074197,-0.0020981,-0.013161,0.14668,-0.13744,-0.0073645,-0.055123,0.070171,-0.019901,-0.37573,-0.040576,0.035426,0.21743,-0.0087216,0.021088,-0.22249,0.049834,0.10288,-7.3098,-0.016996,0.70161,-1.8323,7.7814,-1.0606,8.733,1.2067,1.4147,4.6066,5.8123,-0.97913,0.2502,0.059934,0.015074,-0.19015,-0.18996,0.11533,-0.089735,0.10103,-0.065858,0.057132,-0.15792,-0.004341,184,184,5321,15,1003.9
18.378,0.0012683,0.0092219,5323,0.009572,8.9834,0.02399,0.15496,-0.13408,-0.18764,0.78401,1,2,0.88482,99.371,0.6,0,0,0.029564,-0.0059129,0.012016,0.17605,-0.10299,0.0010005,-0.068093,-0.0024796,-0.013161,0.14096,-0.13349,-0.0028989,-0.010902,0.016151,0.002854,-0.33685,-0.017574,-0.0075736,0.26236,-0.0095371,0.0047973,-0.26417,0.24516,0.28554,-7.4392,0.52689,0.19553,-2.2977,7.3639,-1.1024,8.3448,1.6826,2.0187,5.0286,5.4276,-1.1921,0.21459,0.057112,0.010647,-0.21668,-0.20353,0.12844,-0.022792,0.10048,-0.041857,-0.056311,-0.14899,-0.031143,184,184,5325,15,1003.9
18.39,0.0013255,0.0040724,5329,0.011909,8.7995,0.023919,0.15172,-0.12519,-0.19047,0.78865,1,2,0.91904,99.37,0.6,0,0,0.02842,-0.0051499,0.011635,0.17033,-0.10299,0.0010005,-0.063134,-0.0028611,-0.013161,0.13485,-0.12798,-0.0033894,-0.081289,0.028676,-0.022743,-0.31426,0.0010922,0.011279,0.24991,-0.016829,0.018358,-0.29904,0.28451,-0.14952,-7.1804,-0.016996,0.33355,-2.0068,7.239,-0.96802,8.6036,1.8866,1.8736,4.9582,4.9137,-0.55037,0.1949,0.044207,0.0032066,-0.23671,-0.19456,0.17181,0.035436,0.088641,-0.0010021,-0.13212,-0.16005,-0.085964,184,184,5330,15,1003.9
18.414,0.001271,0.0061878,5339,0.023347,8.5159,0.023501,0.14677,-0.13125,-0.17036,0.75545,1,2,0.96135,99.356,0.6,0,0,0.026894,-0.003624,0.010109,0.16155,-0.10299,0.0010005,-0.058556,-0.0024796,-0.012016,0.12989,-0.12401,-0.0064746,-0.047562,0.07263,-0.068399,-0.37569,-0.0027548,0.021069,0.20893,-0.0030525,0.037598,-0.18123,0.12198,0.14653,-7.9567,-0.56088,0.6556,-1.6578,6.615,-0.99382,8.0861,1.1048,2.0187,4.1143,4.6455,-0.61748,0.18562,0.028186,0.0086042,-0.23565,-0.13118,0.18625,0.076784,0.065431,0.043013,-0.17248,-0.17384,-0.15504,184,184,5341,15,1003.9
18.438,0.0014441,0.0099455,5347,0.024172,8.108,0.023418,0.13957,-0.12468,-0.23654,0.86116,1,2,0.0026216,99.37,0.6,0,0,0.026894,-0.0020981,0.0074388,0.15469,-0.1035,0.0018513,-0.052453,-0.0028611,-0.012016,0.12684,-0.12289,-0.0030691,-0.004411,0.072,-0.14519,-0.33785,-0.043914,0.058383,0.31828,-0.0086965,0.0028307,-0.16309,0.047088,0.06726,-7.4392,-1.5127,0.90864,-2.0068,6.6788,-0.54211,7.4392,1.6147,2.1879,3.833,5.1645,-0.3369,0.16799,0.0053141,0.024783,-0.17789,-0.051814,0.11282,0.12024,0.0099386,0.099791,-0.21582,-0.19522,-0.21774,184,184,5349,15,1003.9
18.458,0.00096147,0.011583,5353,0.019835,7.8887,0.023286,0.13571,-0.13803,-0.27379,0.90664,1,2,0.038005,99.375,0.6,0,0,0.026513,-0.00057221,0.003624,0.14897,-0.10472,0.0031579,-0.047494,-0.0024796,-0.011635,0.12264,-0.12191,-0.0021754,-0.022635,0.084301,-0.20292,-0.34519,-0.047799,0.058646,0.26407,-0.0019444,0.032616,-0.24003,0.076648,0.092675,-7.4392,-1.2747,1.2537,-1.5996,6.2047,-0.62687,7.9567,0.69685,1.7769,4.2549,5.7161,-0.90072,0.12974,-0.012299,0.034822,-0.020165,-0.051575,-0.017429,0.17322,-0.11233,0.16232,-0.2703,-0.21422,-0.25739,184,184,5356,15,1003.9
18.481,0.0013461,0.013244,5362,0.023551,7.659,0.023088,0.13168,-0.13001,-0.21148,0.88044,1,2,0.08261,99.375,0.6,0,0,0.02575,0.00019074,0.00057221,0.14248,-0.10447,0.0027318,-0.043679,-0.0028611,-0.010872,0.11769,-0.11791,0.0030528,-0.055933,0.045184,-0.13278,-0.35999,-0.00055701,0.0044824,0.21802,-0.006473,0.051954,-0.25787,0.21705,0.32005,-7.6979,-1.1388,1.0467,-1.7741,6.2812,-0.80439,6.7923,1.0368,1.8253,3.9736,4.9742,-0.77547,0.064981,0.02162,0.021528,0.222,-0.21693,-0.01834,0.21308,-0.2094,0.14385,-0.28912,-0.20202,-0.25776,184,184,5366,15,1003.9
18.5,0.0016951,0.01364,5369,0.019082,7.4477,0.022946,0.12796,-0.11962,-0.15785,0.81544,1,2,0.12062,99.379,0.6,0,0,0.024605,0.00057221,0.00057221,0.13638,-0.10447,0.0027318,-0.040246,-0.0028611,-0.010109,0.11463,-0.11652,0.0031348,-0.09847,0.027656,-0.008225,-0.41519,-0.0027784,-0.0066746,0.25093,-0.0053954,0.047248,-0.22936,0.096332,-0.024788,-6.9217,-0.79883,0.90864,-1.1925,5.9348,-0.78748,7.3098,1.6826,1.8736,3.9033,5.147,-0.87927,-0.025884,0.052552,0.036862,0.33311,-0.27404,-0.0098833,0.24252,-0.20854,0.096562,-0.2503,-0.1553,-0.25608,184,184,5373,15,1003.9
18.512,0.0016202,0.0059621,5376,0.011745,7.214,0.022908,0.12382,-0.10011,-0.18034,0.76506,1,2,0.15933,99.376,0.6,0,0,0.022316,0.00057221,0.00057221,0.12799,-0.10472,0.0031579,-0.034905,-0.0028611,-0.0093462,0.10853,-0.11539,0.0027855,-0.06601,0.011174,-0.011406,-0.4018,-0.0085153,0.037819,0.23333,-0.0084736,0.033126,-0.25872,0.036934,0.03108,-6.9119,-0.96879,0.6326,-1.0179,6.417,-0.36523,7.3098,1.0368,1.922,4.5363,6.1354,-0.80381,-0.07048,0.054734,0.050478,0.35667,-0.27861,-0.005454,0.24428,-0.18546,0.07115,-0.23435,-0.13636,-0.25548,184,184,5378,15,1003.9
18.537,0.0014983,0.010327,5384,0.024966,6.9533,0.022733,0.11922,-0.10911,-0.26786,0.80532,1,2,0.20021,99.373,0.6,0,0,0.021172,0.00095369,-0.00019074,0.12112,-0.10574,0.0048638,-0.029564,-0.0024796,-0.0085832,0.10166,-0.1137,0.0041244,-0.073795,0.01273,-0.040805,-0.3514,-0.035799,0.072791,0.24568,0.0064287,0.055961,-0.34111,0.099671,0.11101,-7.0515,-0.73084,0.6556,-1.0179,5.4812,-0.23398,7.0511,0.39092,1.2767,4.9582,6.3938,-0.96359,-0.066614,0.049806,0.05519,0.33039,-0.26354,-0.0041864,0.23207,-0.15289,0.053398,-0.23888,-0.13692,-0.23801,184,184,5386,15,1003.9
18.557,0.0013029,0.0093582,5392,0.019772,6.6566,0.022047,0.11408,-0.12566,-0.22245,0.82177,1,2,0.24133,99.386,0.6,0,0,0.016594,0.0013352,-0.0013352,0.1154,-0.10574,0.0048638,-0.02575,-0.0024796,-0.0066758,0.097467,-0.10882,0.0048147,-0.22877,0.011699,-0.024656,-0.25663,-0.006538,0.0071784,0.16606,0.0015836,0.10104,-0.18005,0.28346,0.019603,-4.3985,-0.76484,1.2537,-1.9486,5.7824,-0.99479,8.0861,0.59487,1.7044,3.9033,5.119,-0.71707,-0.048231,0.040623,0.057754,0.26703,-0.23267,-0.010467,0.22495,-0.11481,0.041485,-0.23811,-0.13385,-0.20302,184,184,5394,15,1003.9
18.578,0.001517,0.011163,5400,0.020893,6.3998,0.020532,0.1098,-0.15749,-0.17278,0.8372,1,2,0.27993,99.38,0.6,0,0,0.012398,0.0017166,-0.0020981,0.10853,-0.10533,0.0056571,-0.022698,-0.0020981,-0.0059129,0.092889,-0.10293,0.007197,-0.17021,0.017225,-0.039603,-0.31062,0.024321,0.038311,0.17401,0.017153,0.022965,-0.21965,0.24399,0.098889,-5.0966,-0.66286,0.37956,-0.66894,5.1876,-0.47879,6.6629,-0.016996,1.4147,4.7473,4.7098,-0.49752,-0.018683,0.027136,0.058777,0.18028,-0.19713,-0.018938,0.21813,-0.084225,0.035341,-0.236,-0.14446,-0.16071,184,184,5403,15,1003.9
18.598,0.0012623,0.012302,5408,0.020325,5.9802,0.019004,0.10263,-0.15965,-0.21192,0.85511,1,2,0.31785,99.377,0.6,0,0,0.011254,0.0017166,-0.0020981,0.10586,-0.10558,0.006084,-0.018883,-0.0017166,-0.0051499,0.093271,-0.10318,0.006773,-0.064744,-0.012225,-0.00099032,-0.080607,-0.016224,-0.00011975,0.18086,-0.0033133,0.021504,0.069419,-0.021706,-0.0077976,-4.3985,-0.66286,0.6326,-0.49443,5.1786,-0.73129,5.9344,0.59487,1.1617,4.6769,4.0965,-0.62466,0.01594,0.016471,0.056204,0.076048,-0.15454,-0.028897,0.20355,-0.071843,0.031454,-0.21953,-0.16593,-0.1226,184,184,5412,15,1003.9
18.617,0.0014912,0.0083189,5418,0.018922,5.6666,0.018238,0.09721,-0.13529,-0.34347,0.81282,1,2,0.36414,99.391,0.6,0,0,0.010109,0.0013352,-0.0024796,0.10586,-0.10609,0.0069381,-0.015068,-0.0017166,-0.004387,0.094797,-0.10267,0.007621,-0.039112,-0.019475,-0.0088332,-0.0090635,-0.01487,0.05339,0.14382,-0.010356,0.056355,0.071918,0.024051,0.033,-3.9796,-0.42491,-0.10352,-0.49443,4.954,-0.70989,5.7948,0.69685,0.77062,2.9375,4.273,-0.55974,0.07118,-0.0056798,0.052688,-0.043105,-0.1124,-0.025168,0.15955,-0.076496,0.027821,-0.22857,-0.22376,-0.099117,184,184,5419,15,1003.9
18.638,0.001389,0.010674,5425,0.021238,5.0624,0.016657,0.086775,-0.13325,-0.42349,0.74482,1,2,0.40156,99.39,0.6,0,0,0.0093462,0.0013352,-0.0028611,0.10586,-0.10609,0.0069381,-0.013924,-0.0017166,-0.003624,0.095941,-0.10195,0.0080696,-0.056945,-0.024199,-0.0037377,-0.02562,-0.02083,0.00912,0.11121,-0.0099973,0.043174,0.11124,0.036858,0.036679,-3.8399,-0.49289,0.31055,0.14542,5.4814,-0.79874,4.5381,0.56088,0.93165,2.414,4.0299,-0.50021,0.11782,-0.020399,0.046571,-0.13114,-0.11082,-0.017883,0.12622,-0.082557,0.027389,-0.2492,-0.27337,-0.089915,184,184,5428,15,1003.9
18.648,0.0014223,0.0019632,5433,0.0099974,4.8229,0.015928,0.082659,-0.14537,-0.4965,0.66709,1,2,0.43913,99.385,0.6,0,0,0.0082017,0.00095369,-0.0032425,0.10548,-0.10685,0.0082205,-0.012016,-0.0017166,-0.003624,0.09823,-0.10144,0.0089164,-0.059742,-0.012527,-0.015932,-0.010632,-0.058397,0.088701,0.078451,-0.0017408,0.0029386,0.10475,0.035919,0.073873,-3.7003,-0.73084,0.86264,-0.66894,5.6542,-1.0561,4.6777,0.49289,0.70161,2.0068,3.3521,-0.84764,0.13528,-0.021427,0.031027,-0.18404,-0.13344,0.0072806,0.11051,-0.071297,0.028766,-0.28031,-0.2931,-0.067067,184,184,5432,15,1003.9
18.671,0.00161,0.0049539,5441,0.023018,3.9502,0.013369,0.067638,-0.12777,-0.54363,0.51321,1,2,0.47953,99.385,0.6,0,0,0.0078202,0.00095369,-0.0032425,0.10472,-0.10792,0.010757,-0.010491,-0.0017166,-0.003624,0.099756,-0.099743,0.010234,-0.0061736,-0.008348,0.0097424,-0.04973,-0.031999,0.095573,0.081358,0.00031489,0.00039719,0.04537,0.076082,0.077736,-3.1418,-0.59487,0.26454,0.14542,6.2679,-1.0837,3.7003,0.18696,1.0697,1.7741,3.5422,-0.80066,0.13656,-0.0072449,0.0091167,-0.23138,-0.1553,0.050327,0.11139,-0.045312,0.025814,-0.29799,-0.28031,0.00060306,184,184,5442,15,1003.9
18.699,0.0017477,0.012139,5449,0.027616,3.3891,0.011452,0.058034,-0.10986,-0.45224,0.37622,1,2,0.52069,99.394,0.6,0,0,0.0074388,0.00095369,-0.0028611,0.10472,-0.10771,0.011153,-0.0093462,-0.0017166,-0.003624,0.1009,-0.096556,0.013255,-0.008765,-0.0038028,0.015779,-0.006264,0.0097118,0.044811,0.046954,0.0022484,-0.001973,0.070206,0.21339,0.17745,-2.4436,-0.35692,0.49458,0.43626,6.2246,-1.2956,4.6777,0.56088,0.90864,1.0179,2.2842,-1.0993,0.13406,0.050112,-0.038854,-0.30566,-0.1814,0.10742,0.12483,0.00059026,0.020737,-0.22537,-0.22143,0.082065,184,184,5452,15,1003.9
18.717,0.0012024,0.0091587,5457,0.018362,2.9957,0.0098919,0.051341,-0.10131,-0.37954,0.23627,1,2,0.56237,99.395,0.6,0,0,0.0070573,0.00095369,-0.0028611,0.10433,-0.10775,0.011978,-0.0093462,-0.0017166,-0.003624,0.10166,-0.09121,0.017582,-0.033466,-0.0053005,0.012177,-0.019434,0.0089716,0.042177,0.010166,-0.012955,-0.0083493,0.036295,0.23497,0.17892,-2.8625,-0.42491,0.74762,0.26176,6.5125,-1.5665,3.5607,0.18696,0.79363,1.2506,0.92557,-0.62527,0.13387,0.16129,-0.094805,-0.44438,-0.27145,0.20572,0.13952,0.041848,0.013919,0.076944,-0.12434,0.040264,184,184,5459,15,1003.9
18.732,0.0016258,0.0058778,5464,0.015134,2.6421,0.0084046,0.045341,-0.096975,-0.37203,0.093815,1,2,0.59996,99.388,0.6,0,0,0.0066758,0.00095369,-0.0020981,0.10395,-0.10734,0.012768,-0.0093462,-0.0017166,-0.003624,0.10166,-0.091147,0.011899,-0.017281,-0.00078255,0.042628,-0.005898,0.01001,0.043448,0.0054365,-0.010009,-0.00058204,0.014133,-0.02193,-0.41033,-2.4436,-0.73084,0.14952,0.90161,5.9316,-1.4046,4.2588,0.69685,0.90864,1.2506,0.54014,-0.48907,0.13089,0.16722,-0.041233,-0.46196,-0.27511,0.21104,0.068554,0.067698,0.0014575,0.25257,-0.17741,-0.010061,184,184,5465,15,1003.9
18.75,0.0013384,0.0045784,5471,0.018115,2.3257,0.0071539,0.039956,-0.092744,-0.38179,0.030607,1,2,0.63822,99.395,0.6,0,0,0.0062943,0.00095369,-0.0013352,0.10433,-0.10734,0.012769,-0.0093462,-0.0020981,-0.003624,0.10166,-0.090509,0.0042251,-0.014123,-0.003579,0.07601,0.0087086,0.00012345,0.034886,0.0023614,-0.023083,0.0025805,0.0080905,0.069361,-0.45444,-2.4436,-0.39092,0.17253,-0.029084,6.2615,-1.6947,4.2588,0.52689,0.88564,1.1925,-0.073552,-0.049195,0.13268,0.14072,-0.0032033,-0.41431,-0.20216,0.1892,0.020837,0.08226,-0.013023,0.30201,-0.22852,-0.022272,184,184,5472,15,1003.9
18.779,0.0015416,0.012537,5479,0.028384,1.6135,0.0046114,0.027781,-0.08105,-0.38176,-0.019839,1,2,0.67939,99.392,0.6,0,0,0.0066758,0.00057221,0.00019074,0.10433,-0.10747,0.01524,-0.0093462,-0.0028611,-0.0032425,0.10166,-0.087837,0.010042,0.0030774,-0.034415,0.06043,-0.0014702,0.0098274,0.15237,0.0055638,-0.04474,0.031538,0.00068313,0.09683,0.38186,-3.2814,-0.084982,0.080513,-0.029084,6.0927,-1.616,3.9796,0.11897,0.81663,1.6578,-0.58967,-0.046701,0.13976,0.11318,0.0054394,-0.39203,-0.18683,0.17703,-0.00026682,0.090655,-0.02269,0.30631,-0.23316,-0.02382,184,184,5482,15,1003.9
18.797,0.0013663,0.011149,5486,0.018177,1.1734,0.0032094,0.020226,-0.073042,-0.37578,-0.010611,1,2,0.71821,99.403,0.6,0,0,0.0066758,-0.00019074,0.00057221,0.10472,-0.10668,0.017642,-0.0093462,-0.003624,-0.0024796,0.10166,-0.087892,0.0092289,0.0014484,-0.043116,0.014453,0.0071445,0.030293,0.10763,0.002918,-0.040891,0.029394,0.0066982,-0.016347,-0.15041,-3.5607,0.52689,-0.14952,-0.20359,5.6414,-1.8659,5.7948,0.96879,0.54059,1.4833,-0.38644,-0.2766,0.13462,0.081824,0.015926,-0.3691,-0.18537,0.15662,0.0022689,0.097939,-0.022399,0.2731,-0.22087,-0.03015,184,184,5489,15,1003.9
18.818,0.0013923,0.008427,5495,0.020766,0.78286,0.0024063,0.01345,-0.053309,-0.37733,-0.013865,1,2,0.76532,99.398,0.6,0,0,0.0066758,-0.0013352,0.00057221,0.1051,-0.10538,0.019181,-0.0093462,-0.0047684,-0.0020981,0.10166,-0.088716,0.0071612,0.0037966,-0.056152,-0.0080671,0.035807,0.07756,0.11685,0.021024,-0.039793,0.029598,0.011563,0.0027776,0.16168,-3.1418,0.42491,0.12652,-0.49443,5.6455,-2.7236,3.5607,0.39092,0.35656,0.84344,-0.32585,0.021454,0.11572,0.04423,0.022214,-0.34564,-0.21166,0.12455,0.02824,0.11207,-0.021005,0.19806,-0.1897,-0.034155,184,184,5496,15,1003.9
18.837,0.0013791,0.011091,5501,0.019042,0.30027,0.0020184,0.0048363,-0.02781,-0.379,-0.05773,1,2,0.79795,99.406,0.6,0,0,0.0066758,-0.0028611,0.00057221,0.10624,-0.10342,0.021071,-0.0085832,-0.0051499,-0.0013352,0.10166,-0.087121,0.010483,-0.010383,-0.10097,0.0074346,0.051642,0.11629,0.11316,0.037933,-0.029337,0.04562,0.0021986,0.085737,0.16424,-3.5607,1.4787,-0.47158,-0.61077,4.3017,-2.7118,3.0021,1.6486,0.35656,1.3088,-0.35409,-0.1706,0.091065,0.029793,0.014427,-0.34451,-0.25874,0.093651,0.06714,0.12134,-0.014437,0.12329,-0.15733,-0.032751,184,184,5504,15,1003.9
18.852,0.0014361,0.0067856,5509,0.015307,0.16754,0.0016901,-0.0023862,-0.012261,-0.41476,-0.14964,1,2,0.83736,99.407,0.6,0,0,0.0070573,-0.004387,0.00095369,0.10662,-0.1022,0.019751,-0.0078202,-0.0055314,-0.0013352,0.10204,-0.086973,0.0092781,0.043729,-0.062703,0.037992,0.027601,0.035221,-0.1339,0.038028,-0.012442,0.01169,0.0080906,-0.0031155,-0.0063244,-3.9796,1.2747,0.12652,-0.66894,3.6287,-2.2828,3.421,1.2747,0.28755,1.4833,-0.63633,-0.24926,0.060769,0.023806,0.009656,-0.35454,-0.31076,0.061562,0.10768,0.12601,-0.011296,0.047967,-0.14613,-0.027199,184,184,5511,15,1003.9
18.879,0.0013887,0.013382,5517,0.026914,0.6929,0.0010169,-0.012051,-0.024568,-0.36179,-0.12924,1,2,0.8777,99.402,0.6,0,0,0.0078202,-0.0047684,0.0017166,0.10739,-0.099852,0.014271,-0.0078202,-0.0051499,-0.0013352,0.10204,-0.086919,0.010089,0.015333,-0.012656,0.029812,0.025402,0.14149,-0.26668,0.014159,-0.0010457,0.014802,0.0061003,0.026504,0.013138,-3.1418,1.4787,-0.24154,-1.1343,2.8396,-1.4704,3.421,1.1727,0.057509,1.3088,-0.15167,-0.022206,0.043448,0.0121,0.0015097,-0.36035,-0.3614,0.022146,0.13258,0.1291,-0.012719,-0.038566,-0.16257,-0.021443,184,184,5522,15,1003.9
18.9,0.0066741,0.017759,5526,0.020808,0.92169,0.00060272,-0.016075,-0.024467,-0.29312,-0.006263,1,2,0.92115,99.394,0.6,0,0,0.0074388,-0.0047684,0.0017166,0.10777,-0.095965,0.014393,-0.0074388,-0.0051499,-0.0013352,0.10204,-0.085945,0.010949,-0.012255,0.00019022,0.0034484,-0.00046273,0.12036,0.012027,0.012225,0.0063322,0.0079441,0.00308,0.020991,0.052984,-3.1418,1.1727,-0.35656,-1.1343,1.644,-2.1635,2.4436,0.73084,0.83963,0.95978,-0.42982,-0.18718,0.036874,-0.012647,-0.0068359,-0.36201,-0.37417,-0.032694,0.13282,0.1259,-0.0062141,-0.14557,-0.19819,-0.037314,184,184,5529,15,1003.9
18.921,0.001457,0.014725,5533,0.02153,1.2618,0.00019545,-0.022021,-0.025636,-0.2937,0.028115,1,2,0.96005,99.396,0.6,0,0,0.0078202,-0.004387,0.0017166,0.10777,-0.094289,0.013053,-0.0066758,-0.0047684,-0.0013352,0.10204,-0.085688,0.011366,0.0015455,0.0086649,0.0096698,0.0050738,0.069824,-0.045912,0.051204,0.010838,0.0036436,0.0074034,0.009119,0.0084332,-3.9796,1.4107,0.24154,-1.0179,1.507,-2.1806,2.0247,1.6486,0.6326,1.7741,-0.14951,-0.065556,0.047502,-0.037326,-0.013049,-0.35378,-0.33344,-0.092643,0.12276,0.10451,0.020303,-0.23324,-0.22564,-0.085231,184,184,5537,15,1003.9
18.94,0.0015136,0.013119,5540,0.018525,1.5436,3.6582e-06,-0.026941,-0.011015,-0.28648,0.023195,1,2,0.00041952,99.398,0.6,0,0,0.0078202,-0.004387,0.0017166,0.10853,-0.093072,0.011749,-0.0059129,-0.0047684,-0.0013352,0.10204,-0.085688,0.011366,0.0029306,0.012701,0.00065761,0.039254,0.07265,-0.0853,0.0458,0.0028317,0.0067382,0.0059411,0.0076927,0.0076583,-3.5607,1.0368,-0.011502,-1.4833,0.88966,-1.9202,2.304,1.2407,0.21853,0.95978,-0.60416,-0.14279,0.085741,-0.04795,-0.011789,-0.26334,-0.25416,-0.12054,0.11053,0.034582,0.06165,-0.32237,-0.22753,-0.14668,184,184,5544,15,1003.9
18.986,0.0012196,0.038307,5549,0.046519,1.876,-0.0004307,-0.03274,-0.014522,-0.25996,-0.00043398,1,2,0.042515,99.403,0.6,0,0,0.0078202,-0.0040055,0.0017166,0.10929,-0.091648,0.010839,-0.0051499,-0.0047684,-0.0013352,0.10204,-0.085431,0.011783,0.015328,0.01118,0.0061884,0.025344,0.074566,-0.041127,0.05582,0.0051412,0.0056257,0.0063945,0.025276,0.0052965,-2.5832,1.2747,-0.12652,-1.4833,0.20496,-1.9394,2.0247,0.96879,0.86264,1.1343,-1.0009,-0.23461,0.13238,-0.031654,0.0073386,0.011336,-0.15452,-0.069638,0.10814,-0.09699,0.099178,-0.39173,-0.21414,-0.20658,184,184,5553,15,1003.9
18.991,0.0014433,0.0043864,5555,0.0047957,1.9474,-0.00053286,-0.033985,-0.020068,-0.22438,-0.026624,1,2,0.12034,99.403,0.6,0,0,0.0085832,-0.003624,0.0017166,0.11006,-0.089924,0.0086956,-0.0047684,-0.004387,-0.0013352,0.10204,-0.085431,0.011783,0.011896,0.016592,0.00067029,0.034763,0.095203,-0.10508,0.016435,0.009952,0.0061739,0.002066,0.0027502,0.01833,-3.1418,1.1388,-0.37956,-1.7741,-0.23569,-1.6831,1.6058,0.22095,0.057509,0.95978,-1.0239,-0.15729,0.099789,-0.00032156,0.024037,0.30232,-0.13663,0.014455,0.13875,-0.18664,0.086653,-0.37677,-0.21172,-0.22729,184,184,5556,15,1003.9
19.02,0.0012507,0.010014,5566,0.029293,2.2207,-0.0012281,-0.038739,-0.020935,-0.1387,-0.06866,1,2,0.16736,99.418,0.6,0,0,0.0085832,-0.0032425,0.0017166,0.11044,-0.088452,0.006979,-0.0047684,-0.004387,-0.0013352,0.10204,-0.085431,0.011783,-0.0016926,0.0046028,0.0016683,0.0015749,0.0074609,0.0047637,0.0036014,0.0051024,0.0026581,-0.00039598,0.0037123,0.0039358,-3.5607,0.90081,-0.35656,-1.7741,-0.67249,-1.3115,1.7454,0.90081,0.49458,1.0761,-0.51759,-0.34339,0.016685,0.018602,0.040865,0.3458,-0.19074,0.041416,0.1466,-0.17241,0.047644,-0.30416,-0.17249,-0.22556,184,184,5568,15,1003.9
19.037,0.0015289,0.010449,5571,0.016938,2.3247,-0.0023562,-0.040505,-0.028683,-0.092417,-0.068515,1,2,0.20087,99.404,0.6,0,0,0.0085832,-0.0028611,0.0017166,0.11044,-0.088452,0.006979,-0.0047684,-0.0040055,-0.0013352,0.10204,-0.085229,0.01139,-0.011035,0.012313,0.0060946,-0.0061179,0.0057735,0.0020973,0.0078093,0.0097073,0.0027518,0.0061046,0.0013862,-0.0011217,-3.1418,0.76484,-0.37956,-1.7741,-1.1537,-1.2468,2.0247,1.6486,0.6326,1.1343,-0.55392,-0.0055486,-0.010291,0.01795,0.052634,0.33674,-0.18025,0.040703,0.14659,-0.14444,0.034898,-0.2797,-0.15789,-0.21622,184,184,5573,15,1003.9
19.064,0.0029115,0.015534,5579,0.026359,2.3846,-0.0034953,-0.041473,-0.044706,-0.040781,-0.14464,1,2,0.24618,99.379,0.6,0,0,0.0085832,-0.0020981,0.0024796,0.11044,-0.088452,0.006979,-0.0051499,-0.0040055,-0.0013352,0.10204,-0.085431,0.011783,-0.00023205,-0.0034059,0.021584,-0.0048091,0.00092162,0.008596,-0.018048,-0.0035228,0.0053273,0.0015471,0.00080408,-0.0073955,-2.5832,0.39092,-0.33355,-1.5996,-1.4467,-1.4232,2.4436,1.3087,0.33355,1.3088,-0.71819,-0.15653,-0.0024375,0.012017,0.052279,0.27141,-0.16101,0.037018,0.14307,-0.10683,0.020949,-0.26751,-0.15445,-0.18071,184,184,5582,15,1003.9
19.08,0.0014592,0.010624,5585,0.016739,2.3903,-0.0039941,-0.041527,-0.0476,-0.02165,-0.13458,1,2,0.28651,99.408,0.6,0,0,0.0085832,-0.0024796,0.0028611,0.11044,-0.088452,0.006979,-0.0055314,-0.0040055,-0.00095369,0.10166,-0.085431,0.011783,0.0072291,-0.0085962,0.035219,0.00048647,6.9598e-05,0.013249,-0.0075046,-0.00725,0.01208,-0.01149,-0.010587,0.0052487,-3.8399,0.62886,0.011502,-1.9486,-0.70824,-1.4581,2.304,1.6486,0.19553,1.4251,-0.27123,0.072645,0.029804,0.00048354,0.047652,0.17879,-0.13253,0.030351,0.13214,-0.081045,0.016035,-0.26772,-0.17172,-0.13781,184,184,5587,15,1003.9
19.1,0.0013626,0.012259,5591,0.019371,2.3689,-0.0046157,-0.041087,-0.046979,0.0089633,-0.11537,1,2,0.32193,99.418,0.6,0,0,0.0085832,-0.0024796,0.003624,0.11044,-0.088452,0.006979,-0.0059129,-0.004387,-0.00095369,0.10166,-0.085945,0.010949,-0.0027486,-0.0083036,0.052414,-0.01335,-0.0002758,0.00809,-0.021869,-0.023596,0.0079873,-0.0038808,-0.030188,-0.040515,-4.3985,0.90081,-0.28755,-1.7741,-1.022,-1.2926,2.7229,0.52689,0.44857,1.0761,-0.75971,-0.089057,0.071517,-0.0078686,0.038678,0.077275,-0.10023,0.025202,0.11459,-0.073103,0.014084,-0.2658,-0.20568,-0.10431,184,184,5594,15,1003.9
19.12,0.0017975,0.012223,5598,0.019819,2.3038,-0.005428,-0.03984,-0.043282,0.042708,-0.10709,1,2,0.36245,99.411,0.6,0,0,0.0085832,-0.0028611,0.004387,0.11044,-0.088452,0.006979,-0.0066758,-0.004387,-0.00095369,0.10166,-0.086459,0.010114,-0.0033012,-0.026921,0.056368,-0.0069428,-0.0061493,0.01488,-0.06063,-0.011651,0.0042701,0.0085425,-0.03624,-0.061221,-3.5607,0.52689,-0.86264,-1.7741,-0.79806,-1.3871,3.1418,0.76484,0.31055,0.95978,-0.50293,-0.24726,0.10714,-0.020675,0.036819,-0.03088,-0.079783,0.026006,0.096316,-0.079579,0.016127,-0.2643,-0.24719,-0.087155,184,184,5601,15,1003.9
19.141,0.0016924,0.011572,5606,0.021248,2.1885,-0.0065801,-0.037626,-0.042571,0.071107,-0.13918,1,2,0.40609,99.414,0.6,0,0,0.0085832,-0.003624,0.0055314,0.11006,-0.088705,0.0074001,-0.0082017,-0.0047684,-0.00095369,0.10166,-0.087744,0.0080229,-0.000994,-0.037216,0.054959,-0.001486,-0.015325,0.03879,-0.056937,-0.020695,0.0065654,-3.768e-05,-0.046363,-0.070162,-4.1192,1.6147,-1.0467,-1.7741,-0.5082,-1.5872,3.0021,1.0368,0.28755,1.3088,-0.66629,-0.042251,0.12195,-0.029311,0.039462,-0.11094,-0.08204,0.028545,0.09086,-0.077719,0.018209,-0.27681,-0.27822,-0.084983,184,184,5609,15,1003.9
19.159,0.001315,0.010849,5613,0.01798,2.102,-0.0075508,-0.035901,-0.056375,0.090508,-0.16861,1,2,0.44276,99.42,0.6,0,0,0.0085832,-0.004387,0.0070573,0.11006,-0.089212,0.0082426,-0.0093462,-0.0051499,-0.00095369,0.10166,-0.088,0.0076043,-0.0058645,-0.043947,0.058892,-0.0054497,-0.02201,0.046907,-0.046276,-0.018984,0.0024339,-6.1663e-05,-0.0082817,-0.0060437,-4.5381,1.5807,-1.0927,-1.6578,-0.45144,-1.5934,3.1418,0.96879,0.6556,1.1343,-0.27016,0.050267,0.12098,-0.025651,0.030114,-0.15982,-0.082706,0.043942,0.099142,-0.064516,0.020827,-0.28793,-0.27708,-0.070668,184,184,5616,15,1003.9
19.189,0.00121,0.020915,5622,0.030638,1.9109,-0.0082669,-0.032312,-0.053959,0.11414,-0.18107,1,2,0.48367,99.414,0.6,0,0,0.0082017,-0.0059129,0.0093462,0.11006,-0.090477,0.010352,-0.0097276,-0.0055314,-0.00095369,0.10166,-0.088513,0.0067667,-0.018434,-0.075257,0.13122,-0.013735,-0.062426,0.11502,0.00032376,-0.0063297,0.010201,0.005669,-0.021531,-0.05081,-5.2363,2.0566,-1.4147,-1.8323,0.2975,-1.777,4.2588,1.4107,0.24154,1.3088,-0.47684,-0.011895,0.11505,-0.0017558,0.0056794,-0.21601,-0.091221,0.07521,0.11493,-0.035682,0.017598,-0.26925,-0.24314,-0.018787,184,184,5627,15,1003.9
19.205,0.0013417,0.015056,5629,0.015387,1.7248,-0.0078084,-0.029074,-0.012407,0.14487,-0.22164,1,2,0.52645,99.415,0.6,0,0,0.0078202,-0.0078202,0.012398,0.11006,-0.092244,0.013311,-0.0093462,-0.0047684,-0.00095369,0.10166,-0.088513,0.0067667,-0.035104,-0.11697,0.15738,-0.0095113,-0.09544,0.16515,0.013096,0.020299,0.00031238,0.0082381,-0.0027592,0.014433,-2.4436,3.6081,-2.2363,-1.6578,0.053999,-2.027,3.1418,0.96879,-0.034505,0.49443,-0.28754,0.018876,0.11993,0.080375,-0.052194,-0.32124,-0.13367,0.13762,0.12685,0.014303,0.014322,-0.12618,-0.17896,0.054294,184,184,5633,15,1003.9
19.227,0.0060126,0.021897,5635,0.022432,1.5522,-0.0070288,-0.026163,0.021107,0.19073,-0.27456,1,2,0.56678,99.428,0.6,0,0,0.0070573,-0.010109,0.013161,0.10967,-0.093252,0.015005,-0.0085832,-0.0040055,-0.00095369,0.10166,-0.088769,0.0063477,-0.037097,-0.13105,0.037861,-0.014964,-0.034494,0.0648,0.061928,0.056683,-0.00013061,0.010015,-0.00055951,-0.014111,-2.7229,3.8278,-2.0429,-1.3088,0.87221,-2.605,3.2814,0.016996,0.51758,1.5996,-0.4175,-0.048271,0.14132,0.18588,-0.087918,-0.45413,-0.24042,0.2127,0.11237,0.045651,0.00038193,0.2102,-0.10284,0.025288,184,184,5638,15,1003.9
19.24,0.0014082,0.011945,5640,0.012259,1.4176,-0.0063418,-0.023916,0.051288,0.2117,-0.3055,1,2,0.60216,99.429,0.6,0,0,0.0062943,-0.011635,0.013161,0.10929,-0.093459,0.014615,-0.0074388,-0.0028611,-0.00095369,0.10166,-0.088513,0.0067667,-0.04413,-0.09768,0.021231,-0.028743,-0.0079044,0.012402,0.076653,0.061192,0.0064098,0.0034774,0.0049605,-0.0024925,-3.1418,4.1941,-2.067,-1.3088,0.83784,-2.2544,2.7229,1.3087,0.42557,1.4833,-0.22584,-0.060771,0.15441,0.16197,-0.029257,-0.40212,-0.19219,0.19456,0.013849,0.055757,-0.0046136,0.30522,-0.18818,-0.013023,184,184,5643,15,1003.9
19.261,0.0013302,0.013033,5648,0.021234,1.0128,-0.0051779,-0.016902,0.05297,0.23931,-0.31472,1,2,0.64231,99.43,0.6,0,0,0.0055314,-0.013161,0.013542,0.10853,-0.093459,0.014615,-0.0051499,-0.0017166,-0.0013352,0.10204,-0.088769,0.0063477,-0.042465,-0.10357,0.027773,-0.054212,-0.017087,0.0011218,0.13179,0.074982,0.0035349,0.010852,0.0047921,0.01445,-3.5607,4.5238,-2.1879,-1.0179,0.58673,-2.1208,1.1869,0.016996,0.54059,0.95978,-0.061118,0.068785,0.18344,0.13848,-0.019669,-0.36465,-0.16539,0.18946,-0.034172,0.063182,-0.022739,0.33776,-0.21893,-0.020668,184,184,5652,15,1003.9
19.277,0.001603,0.010506,5655,0.01634,0.6588,-0.0054118,-0.010145,0.020667,0.29311,-0.30979,1,2,0.6804,99.422,0.6,0,0,0.0032425,-0.015831,0.014687,0.10777,-0.093919,0.014649,-0.0020981,-0.00057221,-0.0013352,0.10204,-0.088973,0.0067414,-0.13718,-0.13241,0.045412,-0.042409,-0.011476,0.025199,0.14411,0.00078772,0.005362,0.010007,-0.0022911,0.0035949,-0.34908,5.2824,-2.3813,-0.49443,1.0409,-2.2198,-0.76799,0.32293,0.21853,1.3088,-0.43965,0.0072562,0.20138,0.098725,-0.014571,-0.33074,-0.16067,0.16805,-0.058072,0.068418,-0.027898,0.31652,-0.22724,-0.029485,184,184,5657,15,1003.9
19.308,0.0018975,0.020318,5663,0.031004,0.30916,-0.005265,-0.0011809,-0.021937,0.32515,-0.28726,1,2,0.72351,99.432,0.6,0,0,-0.0013352,-0.019265,0.015068,0.10739,-0.094171,0.015073,0.0013352,0.0017166,-0.0013352,0.10204,-0.088716,0.0071604,-0.1663,-0.14263,0.015538,-0.00045411,-0.013297,0.022045,0.097464,0.13413,-0.005999,0.018656,0.0012291,0.019074,1.8851,7.173,-2.4538,-0.95978,1.2698,-2.3893,-1.0473,-0.73084,0.74762,1.1343,0.058692,-0.025459,0.20757,0.05723,-0.011471,-0.29713,-0.17266,0.13277,-0.056978,0.074744,-0.029992,0.25481,-0.20746,-0.038003,184,184,5667,15,1003.9
19.32,0.0013517,0.011092,5669,0.011454,0.36767,-0.0046153,0.0044585,0.026785,0.3706,-0.28874,1,2,0.76377,99.422,0.6,0,0,-0.0040055,-0.022316,0.015068,0.10739,-0.094378,0.014683,0.0017166,0.0028611,-0.0017166,0.10204,-0.088716,0.0071604,-0.14145,-0.16647,0.0063163,-0.01345,-0.022543,0.012959,0.046407,0.039647,0.010391,0.014795,0.0050233,0.017359,1.7454,8.5747,-3.2033,-0.84344,0.93421,-2.304,-0.20945,-0.15297,0.44857,0.78527,-0.35349,-0.17108,0.20198,0.025423,-0.0023998,-0.26584,-0.19751,0.10771,-0.039212,0.089764,-0.036682,0.17499,-0.17417,-0.036393,184,184,5672,15,1003.9
19.339,0.0014514,0.011828,5676,0.01949,0.61078,-0.0043242,0.0097436,0.039979,0.39556,-0.32737,1,2,0.80149,99.436,0.6,0,0,-0.0055314,-0.024605,0.015831,0.10662,-0.09463,0.015107,0.0020981,0.0024796,-0.0017166,0.10204,-0.088973,0.0067414,-0.056132,-0.12287,0.060672,-0.051946,-0.0078095,0.01809,0.010144,-0.026873,0.0020924,0.0058424,0.0037074,0.0042363,2.1643,7.7527,-2.8648,-0.61077,1.1785,-2.2454,-0.62835,-0.96879,0.51758,0.78527,-0.20725,-0.051174,0.18822,0.0012735,0.0055886,-0.24397,-0.22401,0.084623,-0.0093778,0.10056,-0.041388,0.086017,-0.14145,-0.027475,184,184,5678,15,1003.9
19.358,0.0014973,0.009746,5681,0.018716,0.79216,-0.0045879,0.013042,0.0094509,0.36134,-0.33857,1,2,0.84314,99.427,0.6,0,0,-0.0055314,-0.02575,0.017357,0.10548,-0.09463,0.015107,0.0020981,0.0024796,-0.0017166,0.10204,-0.088973,0.0067414,-0.023179,-0.085064,0.12732,-0.080669,-0.0045504,0.020456,0.0083245,-0.029512,0.0017227,0.0061545,0.0053387,-0.00089782,2.4436,8.2758,-3.5703,-0.43626,1.2517,-2.3315,-1.1869,-0.050989,0.49458,1.0179,-0.28392,-0.046143,0.159,-0.0089453,0.0064697,-0.25288,-0.27003,0.05416,0.032505,0.11025,-0.040576,-0.0059069,-0.11349,-0.01827,184,184,5683,15,1003.9
19.377,0.0013222,0.0095935,5688,0.018775,1.1489,-0.0066894,0.018904,-0.08527,0.31114,-0.34425,1,2,0.88067,99.426,0.6,0,0,-0.0066758,-0.02575,0.018883,0.10472,-0.09463,0.015107,0.0028611,0.0024796,-0.0017166,0.10243,-0.088973,0.0067414,-0.042465,-0.0068268,0.077581,-0.047202,-0.0063359,0.0030423,0.03588,0.0099223,0.0091286,0.020706,0.0023124,0.0025315,2.5832,8.8363,-3.42,0.14542,1.3088,-2.1463,-0.76799,-0.96879,0.58659,1.0761,-0.24439,-0.070328,0.12977,-0.022199,0.00082188,-0.2664,-0.32081,0.0098856,0.070983,0.12222,-0.03437,-0.092825,-0.11099,-0.02134,184,184,5690,15,1003.9
19.399,0.0013913,0.011708,5696,0.02293,1.6076,-0.012619,0.025061,-0.15215,0.19236,-0.41701,1,2,0.92249,99.436,0.6,0,0,-0.0066758,-0.024605,0.019265,0.10281,-0.095549,0.015174,0.0040055,0.0020981,-0.0017166,0.10395,-0.088973,0.0067414,-0.015801,0.038658,0.0029158,-0.084462,-0.038447,0.0040569,0.018903,-0.043961,0.004426,0.027481,0.0040911,0.0044891,2.304,7.9769,-3.1308,0.95978,1.463,-2.2718,-1.0473,-0.050989,0.49458,0.84344,-0.080856,0.080873,0.10337,-0.044451,-0.003095,-0.29786,-0.3567,-0.057664,0.10083,0.13743,-0.025258,-0.15241,-0.12477,-0.047315,184,184,5699,15,1003.9
19.427,0.0012101,0.018175,5705,0.027686,1.8675,-0.017275,0.02764,-0.1539,0.1337,-0.43059,1,2,0.96457,99.439,0.6,0,0,-0.0066758,-0.023079,0.019265,0.10243,-0.096305,0.01645,0.003624,0.00019074,-0.0017166,0.10357,-0.088973,0.0067414,-0.0033309,0.048404,-4.797e-06,-0.0020088,-0.04724,0.050269,-0.016572,-0.080311,0.004472,0.00814,0.0068276,0.0043076,2.304,7.678,-2.9615,0.20359,1.6203,-2.312,-1.1869,-0.18696,0.6096,0.49443,-0.17011,-0.03202,0.095636,-0.06136,0.0017464,-0.31008,-0.33619,-0.13438,0.11719,0.13638,-0.012707,-0.18817,-0.1236,-0.092514,184,184,5710,15,1003.9
19.438,0.0013942,0.010792,5712,0.011142,1.9287,-0.018893,0.027863,-0.1322,0.054606,-0.35892,1,2,0.0019895,99.441,0.6,0,0,-0.0059129,-0.022316,0.019265,0.10243,-0.097016,0.016909,0.0032425,-0.00057221,-0.0017166,0.10357,-0.088973,0.0067414,0.020187,0.043458,0.00041829,0.0016628,-0.015989,0.031782,-0.021623,-0.022087,0.0066073,-0.00019868,0.0042644,0.0073863,1.8851,7.173,-3.1308,0.90161,2.0788,-2.2866,-1.0473,0.11897,0.37956,0.029084,-0.39534,-0.1036,0.094822,-0.068535,0.0085648,-0.27495,-0.28992,-0.19407,0.13015,0.099472,0.024249,-0.24584,-0.1338,-0.15153,184,184,5715,15,1003.9
19.457,0.0012338,0.0092737,5721,0.018436,1.983,-0.020337,0.028006,-0.063272,0.0087343,-0.23149,1,2,0.041585,99.446,0.6,0,0,-0.0055314,-0.021935,0.019265,0.10281,-0.098481,0.018648,0.0020981,-0.00057221,-0.0017166,0.10357,-0.088973,0.0067414,0.021351,-0.0061836,0.0053477,0.0022875,-0.051437,0.068545,-0.018092,-0.000374,0.0051927,0.010584,0.004079,0.003109,1.8851,6.8764,-3.1308,0.31993,1.915,-2.4927,-0.20945,-0.15297,0.58659,0.31993,-0.38634,0.079325,0.094409,-0.059276,0.021481,-0.07678,-0.22269,-0.16829,0.161,-0.028426,0.095833,-0.32591,-0.14933,-0.23195,184,184,5723,15,1003.9
19.478,0.0015637,0.009759,5730,0.021671,2.0116,-0.021026,0.028119,-0.037912,0.010482,-0.13629,1,2,0.084611,99.441,0.6,0,0,-0.0055314,-0.022698,0.019265,0.10281,-0.098481,0.018648,0.0024796,-0.00057221,-0.0017166,0.10357,-0.088973,0.0067414,-0.0075685,-0.042621,-0.00084242,-0.0091512,-0.021736,0.01042,0.0041673,-0.0022901,-0.002463,0.011069,-0.00011959,0.0083921,2.4436,7.7901,-3.4451,0.31993,2.3944,-2.5017,-0.34908,0.18696,0.51758,1.1343,0.20366,0.11618,0.055769,-0.0028032,0.030857,0.27461,-0.13265,-0.016086,0.20321,-0.19806,0.11739,-0.3518,-0.18316,-0.26681,184,184,5732,15,1003.9
19.501,0.0012092,0.012305,5738,0.022239,2.0198,-0.022135,0.027438,-0.036524,-0.011075,-0.040221,1,2,0.1233,99.44,0.6,0,0,-0.0055314,-0.023079,0.019265,0.10281,-0.098481,0.018648,0.0020981,-0.00057221,-0.0017166,0.10319,-0.088973,0.0067414,-0.0045361,-0.024615,-7.0462e-05,0.0059963,-0.0013598,0.0049678,0.0072195,-0.002857,0.0075504,-0.00016152,-0.0090019,0.001144,1.8851,7.7527,-3.0824,0.14542,2.594,-2.6082,-0.62835,0.42491,0.10352,0.5526,-0.29771,-0.1424,-0.0463,0.025584,0.040124,0.37383,-0.21305,0.046903,0.20912,-0.22561,0.07751,-0.27779,-0.15259,-0.25889,184,184,5742,15,1003.9
19.519,0.0012732,0.011572,5746,0.018354,2.0074,-0.022822,0.026586,-0.048197,-0.047126,0.04931,1,2,0.16151,99.446,0.6,0,0,-0.0051499,-0.023079,0.019265,0.10281,-0.098481,0.018648,0.0020981,-0.00057221,-0.0017166,0.10357,-0.088973,0.0067414,-0.0006931,-0.0037401,0.0030211,0.0050354,-0.004579,0.019453,-0.00062766,0.0083483,0.0028236,0.0028384,-0.0044107,0.0049139,1.7454,7.3583,-3.0341,0.26176,2.0748,-2.4658,-0.76799,-0.15297,0.74762,0.95978,0.059895,-0.047111,-0.08819,0.031904,0.054087,0.4054,-0.21753,0.056533,0.2011,-0.21026,0.058089,-0.24283,-0.13389,-0.25723,184,184,5749,15,1003.9
19.538,0.0012554,0.010462,5754,0.018546,1.9576,-0.023454,0.024847,-0.044389,-0.076923,0.13585,1,2,0.20087,99.439,0.6,0,0,-0.0051499,-0.023079,0.018883,0.10281,-0.098273,0.019039,0.0020981,-0.00057221,-0.0013352,0.10357,-0.088973,0.0067414,0.0059162,-0.0036327,-0.011511,-0.010257,-0.0025349,0.0026242,0.0077406,-0.0013462,0.0014174,0.0088048,0.0044058,0.014665,2.1643,7.3954,-3.0099,0.5526,2.3936,-2.5028,-0.62835,0.016996,0.58659,0.84344,-0.34441,0.011803,-0.093984,0.032165,0.056215,0.38089,-0.21043,0.057148,0.19487,-0.18088,0.043939,-0.23264,-0.12943,-0.24018,184,184,5757,15,1003.9
19.557,0.0013908,0.0093851,5763,0.019768,1.8792,-0.023558,0.022823,-0.012448,-0.10429,0.20723,1,2,0.24282,99.443,0.6,0,0,-0.0047684,-0.023079,0.016976,0.10319,-0.098273,0.019039,0.0024796,-0.00057221,-0.0017166,0.10357,-0.088973,0.0067414,0.0020663,-0.010646,-0.10045,0.017012,0.003512,0.008163,0.01182,-0.0016774,0.007219,0.0046426,-0.0073044,-0.0067824,1.4662,7.5066,-2.5022,0.5526,2.3539,-2.3692,-0.62835,0.084982,0.42557,0.66894,-0.16772,-0.075358,-0.069271,0.022672,0.055048,0.31125,-0.18923,0.052809,0.18661,-0.13739,0.031952,-0.23907,-0.13454,-0.2032,184,184,5765,15,1003.9
19.581,0.001378,0.011279,5773,0.023667,1.6969,-0.022691,0.019036,0.022877,-0.13641,0.22257,1,2,0.28627,99.443,0.6,0,0,-0.0047684,-0.023461,0.015068,0.10319,-0.098064,0.019429,0.0020981,0.00057221,-0.0017166,0.10357,-0.088716,0.0071604,0.0059611,-0.026901,-0.072916,0.011373,0.011277,0.011492,-0.0077442,0.077679,0.001956,0.009744,0.003499,0.0008062,1.8851,7.8648,-2.2604,0.31993,1.9934,-2.47,-0.62835,-0.9348,0.6556,1.0179,-0.42229,0.0386,-0.01745,0.0031858,0.052097,0.20237,-0.15395,0.045735,0.16775,-0.096857,0.026617,-0.25034,-0.15894,-0.15259,184,184,5776,15,1003.9
19.6,0.0013395,0.012032,5780,0.018977,1.5137,-0.021213,0.015748,0.058995,-0.16336,0.2174,1,2,0.32271,99.445,0.6,0,0,-0.004387,-0.023842,0.014305,0.10357,-0.098064,0.019429,0.0020981,0.00095369,-0.0017166,0.10319,-0.088716,0.0071604,0.013618,-0.036742,-0.045376,0.027475,0.0015459,0.018786,-0.003126,0.02226,0.0060114,0.0058905,0.0023994,0.0057759,1.0473,7.5437,-2.3571,0.14542,2.4127,-2.5819,-1.1869,-0.4589,0.10352,0.66894,-0.22823,-0.017365,0.040593,-0.01237,0.04346,0.088291,-0.11596,0.03993,0.14265,-0.081797,0.025658,-0.25644,-0.19978,-0.11604,184,184,5783,15,1003.9
19.617,0.0016321,0.010276,5787,0.017454,1.3808,-0.02013,0.01325,0.086728,-0.20042,0.19147,1,2,0.3616,99.451,0.6,0,0,-0.004387,-0.024987,0.013924,0.1051,-0.098064,0.019429,0.0017166,0.00095369,-0.0017166,0.10319,-0.088973,0.0067414,-0.0014203,-0.062403,-0.010995,0.076828,-0.0012015,0.012738,-0.0021017,-0.0033046,0.0057444,0.0081574,-0.002112,0.012057,1.4662,7.8275,-2.5264,-0.78527,2.2329,-2.5981,-0.76799,0.18696,0.6556,0.20359,-0.072483,-0.070812,0.091975,-0.027555,0.036575,-0.029144,-0.086214,0.042058,0.11206,-0.085117,0.025309,-0.26055,-0.25117,-0.098854,184,184,5789,15,1003.9
19.631,0.0012956,0.003097,5795,0.013109,1.2252,-0.01875,0.010282,0.087179,-0.19546,0.14111,1,2,0.40157,99.45,0.6,0,0,-0.0040055,-0.025368,0.013542,0.10624,-0.098064,0.019429,0.0020981,0.00095369,-0.0017166,0.10357,-0.088973,0.0067413,0.0097781,-0.022669,-0.022309,0.051706,-0.0014517,0.007619,0.0097256,0.0057901,0.0071398,0.009298,-0.00060781,0.0054586,2.0247,7.9022,-1.9462,-0.95978,1.794,-2.2511,0.20945,-0.66286,0.31055,0.49443,-0.30967,0.074295,0.11909,-0.040269,0.038672,-0.1129,-0.085313,0.042008,0.099194,-0.083548,0.027984,-0.27607,-0.28925,-0.098359,184,184,5795,15,1003.9
19.659,0.0013194,0.01162,5803,0.028394,1.0296,-0.01701,0.0057959,0.065934,-0.1789,0.028292,1,2,0.44137,99.434,0.6,0,0,-0.0040055,-0.025368,0.013161,0.10624,-0.098064,0.019429,0.0020981,0.00095369,-0.0017166,0.10357,-0.088973,0.0067414,0.01993,-0.0021464,-0.0029934,-0.0076679,-0.0038697,0.0044029,-0.0043824,-0.0022423,0.0030561,0.0028576,-0.0031166,0.012852,0.90762,7.5437,-2.067,-0.31993,2.173,-2.5885,-0.76799,-0.22095,0.44857,0.49443,-0.12819,-0.099542,0.1232,-0.037969,0.030726,-0.16105,-0.086689,0.058585,0.10263,-0.069891,0.030264,-0.29706,-0.29575,-0.080049,184,184,5806,15,1003.9
19.678,0.0016309,0.010304,5811,0.019332,0.89784,-0.015413,0.0028281,0.075614,-0.15323,0.0057611,1,2,0.48331,99.447,0.6,0,0,-0.0028611,-0.024987,0.013161,0.10624,-0.098064,0.019429,0.0013352,0.00057221,-0.0017166,0.10319,-0.088716,0.0071604,0.04823,0.0053419,0.0054728,0.0093395,0.0007473,0.0064469,-0.027398,-0.017984,0.0028015,0.0054844,0.0045629,0.017076,0.48872,7.8648,-2.067,-0.78527,2.3726,-2.6952,1.0473,0.050989,0.37956,0.66894,-0.49539,-0.02137,0.12167,-0.019193,0.010888,-0.211,-0.095884,0.089139,0.11499,-0.043357,0.025716,-0.29881,-0.27375,-0.012083,184,184,5813,15,1003.9
19.697,0.0013701,0.0094658,5818,0.018713,0.79932,-0.013897,0.0012259,0.098348,-0.12962,0.007595,1,2,0.5218,99.456,0.6,0,0,-0.0024796,-0.024987,0.013161,0.10662,-0.098064,0.019429,0.00095369,0.00019074,-0.0017166,0.10319,-0.088973,0.0067414,0.029165,0.0026337,0.0044612,0.0066461,0.0032023,-0.0012062,-0.035029,-0.030479,0.0030286,0.00074823,0.0011152,0.0026406,1.0473,7.8648,-1.9703,-0.66894,2.0733,-2.4454,-0.62835,0.18696,0.51758,0.84344,-0.30967,0.074295,0.12248,0.043704,-0.035234,-0.29293,-0.12849,0.13192,0.12584,0.00027975,0.019665,-0.21559,-0.22523,0.07876,184,184,5820,15,1003.9
19.718,0.0014245,0.011598,5825,0.021469,0.65417,-0.011394,-0.00072332,0.12065,-0.098161,0.0037669,1,2,0.56058,99.45,0.6,0,0,-0.0017166,-0.024605,0.013161,0.10662,-0.098064,0.019429,0.00057221,-0.00019074,-0.0017166,0.10319,-0.088716,0.0071604,0.03447,0.0099986,-0.00097736,-0.0050036,-0.0023544,-0.00059806,-0.00090723,-0.014779,0.01042,-0.0076534,0.0037093,0.0054758,0.34908,8.2011,-2.067,-0.66894,1.6141,-2.2898,0.34908,-0.35692,0.24154,0.78527,-0.21204,0.035554,0.12582,0.15949,-0.082487,-0.43291,-0.22275,0.21741,0.1408,0.03369,0.0095456,0.10449,-0.12355,0.053262,184,184,5828,15,1003.9
19.738,0.0014469,0.010689,5833,0.019159,0.43255,-0.0070555,-0.0026858,0.15046,-0.081701,-0.0032986,1,2,0.60082,99.452,0.6,0,0,-0.0013352,-0.024224,0.013161,0.107,-0.098064,0.019429,0.00057221,-0.00019074,-0.0017166,0.10319,-0.088973,0.0067414,0.007455,0.0046376,0.0093861,0.025162,0.0082722,0.0034511,0.010462,-0.0096561,0.0035782,0.0062536,0.0024834,0.0041371,-0.069817,8.0143,-2.067,-0.78527,2.3526,-2.6621,-1.7454,-0.39092,0.49458,0.66894,-0.34441,0.011803,0.12985,0.18292,-0.034338,-0.43958,-0.2305,0.22681,0.062282,0.05026,0.0051078,0.28352,-0.17489,-0.0026113,184,184,5836,15,1003.9
19.758,0.0017397,0.010773,5841,0.020689,0.31154,-0.0044101,-0.0031807,0.1791,-0.046137,-0.014761,1,2,0.64255,99.451,0.6,0,0,-0.0017166,-0.024224,0.013161,0.10777,-0.098064,0.019429,0.00095369,-0.00019074,-0.0013352,0.10319,-0.088973,0.0067414,-0.018085,0.0061069,0.0016841,0.010086,0.0092616,-0.0069193,0.015251,0.0023601,0.0039164,0.012151,-0.003281,0.013562,0.76799,7.9769,-2.067,-1.1343,2.1933,-2.4196,0.76799,0.11897,0.10352,1.1343,-0.093444,-0.03705,0.14263,0.16223,-0.0027115,-0.38067,-0.16315,0.21268,0.0057352,0.056184,-0.0037044,0.32474,-0.22897,-0.022753,184,184,5843,15,1003.9
19.779,0.001441,0.011777,5848,0.020418,0.19345,0.00038647,-0.0033542,0.20448,-0.021831,-0.041685,1,2,0.68087,99.464,0.6,0,0,-0.0017166,-0.024224,0.013161,0.10777,-0.097813,0.019003,0.00095369,-0.00019074,-0.0017166,0.10319,-0.088973,0.0067414,-0.0097235,-0.0043468,0.0085775,-0.014786,0.012637,-0.027424,0.010799,0.0022418,0.0019707,0.012042,0.0010663,0.009024,-0.76799,7.9769,-2.1396,-1.0179,1.8148,-2.3066,0.76799,0.016996,0.44857,0.66894,-0.30967,0.074295,0.16,0.14185,0.00048406,-0.35526,-0.15752,0.20549,-0.022335,0.056449,-0.011414,0.32569,-0.23313,-0.030197,184,184,5851,15,1003.9
19.797,0.0015972,0.0088461,5856,0.018361,0.25366,0.0021755,-0.0038558,0.19213,-0.018919,-0.043756,1,2,0.7236,99.465,0.6,0,0,-0.0017166,-0.021935,0.013161,0.10777,-0.096305,0.01645,0.00057221,0.00095369,-0.0017166,0.10319,-0.088566,0.0059542,0.0048748,0.15025,0.00576,-0.00087247,0.086986,-0.1804,-0.026161,0.079154,-4.548e-05,0.0013668,0.017125,-0.0082934,-0.48872,6.7281,-2.1396,-1.0179,1.171,-2.0727,-0.90762,-0.69685,0.42557,0.029084,-0.029253,-0.16009,0.15699,0.111,0.016729,-0.32835,-0.158,0.18936,-0.020519,0.057356,-0.011491,0.28326,-0.2193,-0.039479,184,184,5857,15,1003.9
19.815,0.0014612,0.0085094,5863,0.018354,0.29842,0.0022458,-0.0046993,0.024457,-0.036172,0.052036,1,2,0.76093,99.464,0.6,0,0,-0.0017166,-0.017357,0.013161,0.10739,-0.094198,0.011424,0.00057221,0.004387,-0.0017166,0.10357,-0.088566,0.0059542,-0.0089125,0.25123,-0.0074503,-0.015731,0.075559,-0.17829,0.018923,0.20232,-0.0019707,0.0030962,-0.00061797,-0.0035962,1.0473,4.6703,-2.067,-0.84344,1.2635,-1.8914,0.20945,-2.2945,0.56359,0.3781,-0.32347,-0.022101,0.14435,0.058308,0.022632,-0.31302,-0.19036,0.15629,0.0028502,0.082605,-0.01862,0.20032,-0.18661,-0.03944,184,184,5864,15,1003.9
19.838,0.0015208,0.010182,5871,0.022795,0.35074,0.0021416,-0.0057347,-0.00086719,-0.055554,0.11408,1,2,0.8032,99.457,0.6,0,0,-0.0013352,-0.011635,0.012779,0.10739,-0.094496,0.012662,0.00057221,0.010491,-0.0020981,0.10357,-0.088566,0.0059542,0.00069062,0.2408,-0.0044849,0.00010915,0.0084226,-0.013877,-0.007911,0.25224,-0.012406,0.019061,-0.00080909,0.013234,1.8851,3.0952,-1.8011,-0.84344,0.83365,-2.0815,0.62835,-3.8278,0.6326,0.3781,-0.33961,-0.075049,0.1184,0.03199,0.026996,-0.30123,-0.23249,0.11523,0.049168,0.098802,-0.015341,0.094181,-0.14669,-0.037105,184,184,5873,15,1003.9
19.861,0.0012422,0.013035,5879,0.022718,0.41067,0.0024867,-0.0067224,-0.0019466,-0.038283,0.10276,1,2,0.84242,99.462,0.6,0,0,-0.0013352,-0.0089647,0.012016,0.10739,-0.094496,0.012662,0.00095369,0.013161,-0.0024796,0.10357,-0.088363,0.0055609,-0.0019611,0.091923,-0.045566,-0.0075866,0.0030604,-0.0018334,0.0079527,0.1078,-0.020413,0.0088396,0.0031502,-0.020899,-0.069817,3.4249,-1.8978,-0.66894,1.3219,-1.8343,0.20945,-4.8168,0.67861,0.3781,-0.34813,0.076655,0.096036,0.019336,0.01425,-0.30402,-0.29199,0.075186,0.09245,0.11066,-0.011999,-0.010743,-0.12829,-0.027075,184,184,5883,15,1003.9
19.889,0.0014549,0.018008,5887,0.027953,0.44509,0.0033485,-0.0070095,0.048465,-0.021701,0.047234,1,2,0.88866,99.457,0.6,0,0,-0.0013352,-0.0074388,0.011635,0.10739,-0.093693,0.010577,0.00095369,0.014687,-0.0028611,0.10395,-0.08816,0.0051677,0.0040554,0.070659,-0.023359,-0.0068502,0.043214,-0.12775,0.004359,0.068978,0.001323,0.0088843,0.0071819,-0.014003,1.4662,1.9546,-1.8978,-0.84344,1.2906,-1.6582,0.48872,-3.8645,0.86264,0.66894,0.087118,-0.18933,0.073192,0.0096029,0.0079151,-0.29988,-0.32955,0.035117,0.12347,0.10747,0.0037812,-0.13272,-0.15941,-0.024537,184,184,5890,15,1003.9
19.899,0.0015277,0.0094091,5892,0.009925,0.45078,0.003607,-0.0069921,0.034407,-0.0053226,0.066141,1,2,0.92563,99.462,0.6,0,0,-0.0013352,-0.0062943,0.010872,0.10739,-0.09314,0.008916,0.00095369,0.015831,-0.0028611,0.10395,-0.08816,0.0051677,-0.014391,0.06204,-0.033964,-0.010526,0.016087,-0.053139,0.01278,0.048244,-0.0059736,0.0058914,0.00080447,0.0087474,1.0473,1.7506,-1.0697,-0.84344,1.0176,-1.6915,-0.069817,-5.4307,0.81663,0.61077,-0.69573,0.14236,0.0684,-0.013579,-0.0016143,-0.30569,-0.32104,-0.0071551,0.12901,0.10054,0.029548,-0.21109,-0.19216,-0.056107,184,184,5893,15,1003.9
19.929,0.0016497,0.01656,5899,0.030692,0.43241,0.0034901,-0.0066916,-0.0024173,0.007526,0.08883,1,2,0.97309,99.444,0.6,0,0,-0.0013352,-0.0059129,0.010491,0.10739,-0.09314,0.008916,0.00095369,0.016213,-0.0032425,0.10395,-0.08816,0.0051677,-0.014636,0.0057275,-0.019413,-0.000367,0.0050855,0.021232,0.021219,0.027253,-0.018735,0.008251,-0.011952,-0.0065089,-0.76799,1.6147,-2.1396,-0.84344,0.45601,-1.3952,-0.20945,-4.6337,0.86264,-0.26176,-0.26887,0.3632,0.081609,-0.034607,-0.003383,-0.29024,-0.27272,-0.072003,0.12551,0.078432,0.055373,-0.26965,-0.19553,-0.12273,184,184,5903,15,1003.9
19.94,0.0013055,0.010527,5905,0.010843,0.41927,0.003439,-0.0064592,-0.0071096,0.019143,0.077074,1,2,0.0064113,99.461,0.6,0,0,-0.0013352,-0.0059129,0.010491,0.10739,-0.093394,0.009339,0.00095369,0.016213,-0.0032425,0.10395,-0.088363,0.0055609,-0.0056573,-0.016766,-0.005917,-0.0046252,-0.00026187,0.016586,0.0089245,-0.0072045,-0.0067059,0.0016511,-0.014495,0.01154,-0.76799,1.4107,-0.88564,-0.84344,1.0457,-1.3254,-0.76799,-4.9267,0.88564,0.029084,-0.39894,-0.038868,0.10435,-0.041033,0.0020048,-0.18263,-0.21185,-0.10431,0.13435,0.0069807,0.094153,-0.32649,-0.19219,-0.18104,184,184,5907,15,1003.9
19.996,0.0023867,0.049035,5911,0.056042,0.33044,0.003269,-0.0047513,-0.0065249,0.031937,0.041414,1,2,0.043333,99.461,0.6,0,0,-0.0013352,-0.0062943,0.010109,0.10739,-0.093394,0.009339,0.00095369,0.015831,-0.0032425,0.10395,-0.088363,0.0055609,-0.0040177,-0.029512,-0.0062524,-0.0077888,-0.0079192,0.020679,0.0067662,-0.050952,0.0060854,-0.0025296,-0.012375,0.029366,0.34908,2.1245,-1.1387,-1.1343,1.4473,-1.7392,-0.34908,-5.4307,0.6096,0.31993,-0.026487,0.13135,0.10589,-0.017036,0.019033,0.10109,-0.11034,-0.049674,0.16272,-0.12898,0.12284,-0.36418,-0.20184,-0.22972,184,184,5917,15,1003.9
20.009,0.0016005,0.012443,5919,0.012812,0.27461,0.0030289,-0.0037145,-0.0061542,0.054456,-0.048625,1,2,0.14081,99.474,0.6,0,0,-0.0013352,-0.0089647,0.010109,0.10739,-0.094152,0.010609,0.00095369,0.013161,-0.0032425,0.10357,-0.088566,0.0059542,-0.0092393,-0.097544,0.0076971,-0.0065414,-0.046744,0.078118,-0.0070589,-0.11585,0.0045521,0.0044562,-0.016047,0.027439,-0.069817,3.3516,-1.5067,-0.84344,1.3344,-1.4789,-0.20945,-3.9011,0.97766,0.84344,-0.39249,0.1876,0.034378,0.019384,0.034022,0.30475,-0.16383,0.011962,0.19695,-0.17747,0.083742,-0.3164,-0.17971,-0.24114,184,184,5922,15,1003.9
20.028,0.0017416,0.010615,5926,0.018378,0.22127,0.0026696,-0.0027907,-0.018306,0.052698,-0.038247,1,2,0.18135,99.472,0.6,0,0,-0.0013352,-0.010872,0.010491,0.10739,-0.094911,0.01188,0.00095369,0.010872,-0.0032425,0.10357,-0.088769,0.0063477,-0.0080971,-0.093605,0.012862,0.0040412,-0.033804,0.037978,0.0040787,-0.10515,0.019577,0.0011484,-0.006482,-0.00012245,1.0473,3.9011,-1.3687,-1.1343,1.4167,-1.9946,-0.20945,-3.6813,0.47158,0.84344,-0.14914,-0.065828,-0.035091,0.030453,0.049883,0.33427,-0.19134,0.028571,0.19528,-0.16033,0.051306,-0.26509,-0.14518,-0.23772,184,184,5928,15,1003.9
20.05,0.0016619,0.013443,5933,0.022809,0.13242,0.0020775,-0.0010127,-0.023304,0.062946,-0.03287,1,2,0.22137,99.476,0.6,0,0,-0.0013352,-0.012016,0.010491,0.10739,-0.09592,0.013577,0.00095369,0.0097276,-0.0028611,0.10357,-0.088973,0.0067414,-0.009652,-0.06932,0.017434,-0.00054212,-0.059055,0.088283,0.0046552,-0.077866,0.012085,0.0059979,0.0029079,-0.0007999,0.34908,4.2308,-1.4147,-0.84344,1.4136,-1.9947,-0.20945,-1.9886,0.81663,0.49443,0.025149,-0.1096,-0.047271,0.024962,0.055966,0.3,-0.17894,0.02842,0.19314,-0.12577,0.037508,-0.24741,-0.13864,-0.21609,184,184,5937,15,1003.9
20.071,0.0016305,0.012445,5941,0.020559,0.17726,0.0018642,0.002469,0.0015937,0.078258,-0.015466,1,2,0.26441,99.475,0.6,0,0,-0.0017166,-0.01545,0.010872,0.107,-0.097136,0.014886,0.00095369,0.0059129,-0.0024796,0.10357,-0.088973,0.0067414,-0.01504,-0.044395,0.0051099,-0.0098057,-0.028308,0.0070569,0.0021038,-0.06603,0.0054675,-0.0015362,-0.0043441,0.0089253,0.34908,5.8385,-1.7044,-0.66894,2.2619,-1.9749,0.90762,-1.7166,0.74762,0.66894,-0.36777,0.088902,-0.026285,0.0098602,0.056174,0.21668,-0.15372,0.02358,0.18927,-0.085952,0.02928,-0.24203,-0.1451,-0.17297,184,184,5944,15,1003.9
20.097,0.0015102,0.01856,5947,0.025989,0.23952,0.0019586,0.0036932,4.4484e-05,0.07375,-0.0071574,1,2,0.30379,99.478,0.6,0,0,-0.0020981,-0.016213,0.010872,0.107,-0.097136,0.014886,0.00095369,0.0051499,-0.0024796,0.10357,-0.088973,0.0067414,-0.011242,-0.043548,0.0076285,-0.026445,-0.01293,-0.0029446,0.00046551,-0.049949,0.00072125,0.0002406,0.0017771,0.0099063,1.4662,5.9497,-1.5297,-0.49443,2.5618,-2.0669,-1.0473,-1.5467,0.58659,1.0179,-0.50134,0.086871,0.013308,-0.0028948,0.051117,0.11834,-0.11724,0.017315,0.17314,-0.068138,0.027543,-0.24054,-0.17089,-0.13163,184,184,5952,15,1003.9
20.112,0.0013792,0.014494,5954,0.014828,0.30168,0.0021963,0.0047854,0.0095779,0.048201,0.005663,1,2,0.34147,99.468,0.6,0,0,-0.0017166,-0.016594,0.010872,0.10624,-0.097344,0.014494,0.00095369,0.0047684,-0.0024796,0.10357,-0.088973,0.0067414,0.0039665,-0.016736,0.0085527,-0.045234,-0.011771,0.0088085,0.00017512,-0.025282,0.0086917,0.010789,-0.0086375,-0.0066323,0.34908,5.2824,-1.9462,-0.84344,2.3028,-2.1523,0.76799,-1.6486,0.67861,0.66894,-0.22104,-0.14743,0.059297,-0.016674,0.045907,0.0090953,-0.079679,0.013799,0.14825,-0.065382,0.027445,-0.23944,-0.21454,-0.10224,184,184,5959,15,1003.9
20.129,0.0014136,0.010701,5962,0.017177,0.35052,0.0023342,0.005655,0.0099305,0.054781,0.022829,1,2,0.38335,99.469,0.6,0,0,-0.0017166,-0.016213,0.010872,0.10624,-0.097596,0.01492,0.00095369,0.0051499,-0.0024796,0.10357,-0.088973,0.0067414,-0.014421,0.01624,0.0021081,-0.0082098,-0.007357,-0.0017493,-0.00047428,0.0073654,0.0043434,0.007237,-0.001954,0.010532,-0.76799,5.5048,-1.4607,-0.31993,2.461,-1.7662,-0.069817,-1.5807,0.6326,0.84344,-0.15154,-0.022443,0.094949,-0.035618,0.04971,-0.08409,-0.061605,0.014344,0.13166,-0.07565,0.030589,-0.24749,-0.25716,-0.088521,184,184,5964,15,1003.9
20.145,0.0013503,0.0072358,5969,0.015722,0.41128,0.0025675,0.0067034,0.01417,0.049113,0.014689,1,2,0.42174,99.478,0.6,0,0,-0.0017166,-0.01545,0.010872,0.10624,-0.097596,0.01492,0.00095369,0.0059129,-0.0024796,0.10357,-0.088973,0.0067414,-0.0033818,0.028871,0.00033802,-0.0050316,-0.00013225,0.0064866,0.0099714,0.046159,0.0037346,0.0077536,-0.0028667,-0.012853,0.62835,5.0971,-1.4607,-0.26176,2.6611,-1.9173,0.76799,-2.2945,0.58659,0.31993,-0.22582,-0.060751,0.11211,-0.042482,0.050404,-0.1366,-0.058241,0.024705,0.12596,-0.071137,0.033208,-0.27055,-0.27999,-0.067332,184,184,5972,15,1003.9
20.171,0.0014735,0.012211,5977,0.026266,0.47263,0.002552,0.0078443,0.00041539,0.049545,0.016933,1,2,0.46443,99.484,0.6,0,0,-0.0017166,-0.014305,0.010872,0.10624,-0.097804,0.014528,0.00095369,0.0074388,-0.0024796,0.10357,-0.088973,0.0067414,-0.00040218,0.035265,-0.0018859,-0.0032044,-0.010635,-0.0047821,0.00095343,0.068782,0.0021076,0.0078235,-0.0056782,-0.0067506,0.76799,5.3195,-1.7044,-0.95978,2.462,-1.9896,-0.62835,-2.8388,0.58659,0.3781,-0.13298,-0.012866,0.11487,-0.035843,0.037532,-0.17778,-0.064408,0.052997,0.13296,-0.052273,0.03078,-0.2897,-0.26576,-0.0076557,184,184,5980,15,1003.9
20.189,0.0016958,0.012073,5983,0.018453,0.52375,0.0025538,0.0087772,0.0022931,0.05619,0.017281,1,2,0.50201,99.475,0.6,0,0,-0.0017166,-0.013161,0.010491,0.10624,-0.097804,0.014528,0.00095369,0.0085832,-0.0024796,0.10357,-0.088973,0.0067414,-0.001138,0.073167,-0.00093603,-0.0092093,-0.0058082,0.009607,0.0011554,0.059783,0.00028628,0.0031256,0.0036712,0.0078564,0.76799,4.4139,-2.1637,-0.14542,1.2314,-2.3371,2.1643,-2.6557,0.54059,0.66894,-0.17011,-0.03202,0.11912,-0.0031759,0.0061856,-0.23228,-0.088069,0.086597,0.14085,-0.018841,0.020462,-0.27123,-0.22598,0.078515,184,184,5986,15,1003.9
20.217,0.0019246,0.020312,5990,0.027885,0.60311,0.0027436,0.010162,0.0062039,0.060951,0.019932,1,2,0.54183,99.481,0.6,0,0,-0.0017166,-0.012398,0.010491,0.10624,-0.097804,0.014528,0.00057221,0.0097276,-0.0028611,0.10357,-0.088973,0.0067414,-0.0010382,0.033219,-0.00071163,0.0024062,0.0026817,0.016072,-0.001978,0.044215,0.00082402,0.00085874,-0.013764,-0.0011909,-0.48872,3.5714,-2.1396,-1.0179,2.2027,-2.1433,-0.34908,-3.3883,0.58659,0.66894,-0.27914,-0.13282,0.13377,0.096927,-0.064374,-0.33611,-0.15102,0.16092,0.14229,0.030302,0.013989,-0.098664,-0.15388,0.12718,184,184,5995,15,1003.9
20.229,0.0013196,0.011364,5997,0.011669,0.62936,0.0029052,0.010593,0.009231,0.052775,0.019255,1,2,0.58196,99.483,0.6,0,0,-0.0017166,-0.011635,0.010491,0.10624,-0.097804,0.014528,0.00057221,0.010109,-0.0028611,0.10357,-0.088973,0.0067414,0.00057948,0.046615,-0.0038161,-0.0027133,-0.0042249,0.0060677,0.00061931,0.030153,-0.0051777,0.0088536,-0.0099504,-0.0042421,0.76799,3.7179,-1.1387,-0.5526,1.6098,-1.9184,0.76799,-3.7546,0.67861,1.0179,0.23362,0.26535,0.15725,0.19088,-0.083089,-0.4446,-0.25528,0.23526,0.096332,0.047812,0.0031907,0.20938,-0.13271,0.021167,184,184,6000,15,1003.9
20.256,0.0021722,0.018115,6005,0.027319,0.69108,0.0034566,0.011556,0.018168,0.032782,0.019135,1,2,0.62414,99.481,0.6,0,0,-0.0017166,-0.010872,0.0089647,0.10624,-0.098219,0.013744,0.00057221,0.010872,-0.0028611,0.10357,-0.088973,0.0067414,-0.0011046,0.018876,-0.070933,-0.016698,-0.01541,-0.020799,0.0057988,0.024384,0.0006604,0.017449,0.00049896,0.0183,3.0021,3.7179,-1.1847,-0.66894,2.3637,-2.1141,0.20945,-3.4982,0.6556,1.0179,-0.16054,-0.20537,0.16389,0.16464,-0.021413,-0.38746,-0.19537,0.20983,0.0080915,0.060416,-0.0073168,0.28947,-0.21405,-0.022323,184,184,6009,15,1003.9
20.27,0.0015321,0.011377,6012,0.013354,0.72189,0.0037247,0.012036,0.015068,0.03074,0.0080417,1,2,0.66346,99.474,0.6,0,0,-0.0013352,-0.010491,0.0066758,0.10624,-0.09822,0.013744,0.00057221,0.011254,-0.0028611,0.10357,-0.088973,0.0067414,-0.002815,0.0076869,-0.095352,0.0038971,-0.0040297,-0.0021812,0.012659,0.0062539,-0.0023629,0.0058399,-0.011026,-0.0077169,-0.76799,3.5714,-0.6556,-0.49443,2.7427,-1.9567,0.069817,-3.7179,0.81663,0.029084,-0.032952,-0.094996,0.18257,0.13783,-0.01534,-0.35835,-0.17651,0.20189,-0.030653,0.068432,-0.023532,0.30871,-0.22822,-0.028783,184,184,6014,15,1003.9
20.292,0.0021451,0.014448,6018,0.02217,0.76025,0.0041271,0.012611,0.013789,0.02634,0.011612,1,2,0.70262,99.478,0.6,0,0,-0.0013352,-0.010491,0.0040055,0.10624,-0.09822,0.013744,0.00057221,0.011254,-0.0032425,0.10357,-0.088973,0.0067414,-0.0031485,0.0026895,-0.15736,-0.0085968,-0.0062867,0.0011967,0.0079532,0.0015501,-0.00050127,0.0075071,-0.0051422,-0.0053432,0.62835,3.6813,-0.49458,-0.78527,3.0421,-1.869,0.20945,-3.5348,0.58659,-0.14542,-0.07966,0.059203,0.18557,0.10433,-0.0056764,-0.33172,-0.17114,0.18288,-0.040184,0.073666,-0.026287,0.28044,-0.22247,-0.036621,184,184,6022,15,1003.9
20.31,0.0014367,0.011939,6025,0.018393,0.79264,0.0042987,0.01315,0.0096884,0.028815,0.013742,1,2,0.74339,99.479,0.6,0,0,-0.0013352,-0.010491,0.0013352,0.10624,-0.09822,0.013744,0.00057221,0.011254,-0.0032425,0.10357,-0.088973,0.0067414,8.1429e-05,-0.0051598,-0.11915,-0.0021257,0.0038832,0.012468,0.0067858,-0.0050958,-0.0033033,0.003596,0.0061861,0.0082724,0.76799,3.2784,0.057509,-0.49443,2.6223,-1.781,0.76799,-3.6081,0.6326,0.84344,-0.3582,-0.084451,0.17923,0.066083,0.0016826,-0.30713,-0.18871,0.15528,-0.026962,0.086645,-0.030224,0.21744,-0.19598,-0.039833,184,184,6028,15,1003.9
20.338,0.0012173,0.0095989,6035,0.027719,0.85168,0.0042596,0.014241,-0.002348,0.042804,0.0048511,1,2,0.80317,99.482,0.6,0,0,-0.0013352,-0.010491,0.0017166,0.10624,-0.098427,0.013352,0.00057221,0.011254,-0.0032425,0.10357,-0.088973,0.0067414,-0.0035873,-0.016989,0.0068904,-0.0069914,-0.0041329,0.0083037,0.005795,-0.0065899,0.0069983,0.0072146,-0.0046355,0.014465,0.34908,3.4982,-0.12652,-0.49443,2.483,-1.7731,-1.3265,-3.7546,0.74762,0.31993,0.013186,0.10709,0.15696,0.017498,0.01247,-0.27777,-0.23632,0.10537,0.0086369,0.10798,-0.033624,0.095692,-0.15434,-0.03631,184,184,6037,15,1003.9
20.35,0.0014076,0.010895,6040,0.012546,0.89493,0.0041592,0.015056,-0.0071874,0.044735,0.0040686,1,2,0.82608,99.483,0.6,0,0,-0.0013352,-0.010491,0.0017166,0.10624,-0.098427,0.013352,0.00057221,0.010872,-0.0032425,0.10357,-0.088973,0.0067414,-0.0074703,-0.01161,0.0015857,-0.0023893,-0.00729,0.0091495,0.0063768,-0.010847,0.0013211,0.0053242,0.0033544,0.0072222,0.34908,3.5714,-0.10352,-0.49443,2.3238,-1.9574,0.62835,-3.4249,0.56359,0.66894,-0.40251,0.02641,0.13128,0.014535,0.0021465,-0.28293,-0.27856,0.078572,0.060027,0.11217,-0.023141,0.011635,-0.12537,-0.02847,184,184,6043,15,1003.9
20.368,0.0014882,0.010258,6047,0.017244,0.93691,0.0041001,0.01583,-0.0037495,0.043326,0.0057466,1,2,0.86196,99.473,0.6,0,0,-0.0013352,-0.010872,0.0017166,0.10624,-0.098427,0.013352,0.00057221,0.010872,-0.0032425,0.10357,-0.088973,0.0067414,-0.0081591,-0.013715,0.0049758,-0.0069786,-0.0067896,-0.0025822,0.0036037,-0.018737,-0.0071861,0.0061939,-0.002588,0.013272,-0.48872,3.7912,-0.10352,-0.029084,2.743,-1.866,0.20945,-3.6813,0.74762,0.3781,-0.39294,-0.14694,0.10725,0.0077357,-0.0027257,-0.28788,-0.32137,0.052363,0.096782,0.11266,-0.012433,-0.079916,-0.12854,-0.024069,184,184,6049,15,1003.9
20.389,0.0016191,0.011199,6055,0.021687,0.96775,0.0040228,0.016405,-0.002154,0.024608,-0.011185,1,2,0.90354,99.48,0.6,0,0,-0.0013352,-0.010872,0.0017166,0.10586,-0.098679,0.013778,0.00057221,0.010491,-0.0032425,0.10357,-0.088973,0.0067414,-0.0041084,-0.01669,0.011374,-0.011108,-0.012891,0.0088154,0.0044907,-0.01853,0.0071021,0.0010442,-0.008168,-0.014103,0.34908,4.1575,0.12652,-0.49443,2.5621,-1.771,0.48872,-3.4249,0.77062,1.0179,-0.51513,-0.0093824,0.087089,-0.0067854,-0.0078812,-0.29644,-0.34235,0.018031,0.11818,0.11266,0.0049718,-0.16787,-0.15617,-0.03898,184,184,6057,15,1003.9
20.4,0.0019423,0.0025886,6061,0.010406,0.97427,0.0040038,0.016526,-0.00033809,0.012657,-0.013687,1,2,0.94226,99.482,0.6,0,0,-0.0013352,-0.010872,0.0017166,0.10586,-0.098679,0.013778,0.00057221,0.010491,-0.0032425,0.10357,-0.088973,0.0067414,-0.0078603,-0.0080313,0.0068462,-0.0085905,-0.010339,0.012422,0.003716,-0.011619,0.0014556,0.00081175,-0.0036001,0.0048792,-0.48872,3.7179,-0.58659,-0.3781,2.6033,-2.1732,-0.90762,-3.2784,0.6556,0.84344,-0.014382,-0.085419,0.084809,-0.025454,-0.0090468,-0.3046,-0.31491,-0.025468,0.12346,0.10259,0.029113,-0.22066,-0.1776,-0.084663,184,184,6060,15,1003.9
20.439,0.0015106,0.021301,6068,0.039048,1.0053,0.0039182,0.017103,-0.0015745,0.016044,-0.011246,1,2,0.9822,99.496,0.6,0,0,-0.0013352,-0.010872,0.0017166,0.10586,-0.098679,0.013778,0.00057221,0.010109,-0.0032425,0.10357,-0.088973,0.0067414,-0.0071243,-0.0094585,0.0060919,-0.0098887,-0.017036,-0.0022403,0.003853,-0.0087121,0.010457,0.0040345,0.0049652,0.0045687,-0.069817,3.8278,-0.011502,-0.31993,3.5806,-1.7285,1.1869,-3.0586,0.90864,0.20359,-0.086267,-0.16707,0.095458,-0.040155,-0.0047169,-0.272,-0.26027,-0.077428,0.12837,0.067635,0.062282,-0.27268,-0.1853,-0.1447,184,184,6074,15,1003.9
20.459,0.00095558,0.020034,6076,0.020589,1.0131,0.0038952,0.017248,-7.7642e-05,0.01673,-0.0057933,1,2,0.024712,99.485,0.6,0,0,-0.0013352,-0.010872,0.0017166,0.10586,-0.098932,0.014204,0.00057221,0.010109,-0.0032425,0.10357,-0.088973,0.0067414,-0.0017969,-0.0064134,-0.0010147,-0.010307,-0.0048837,0.013094,0.0050153,-0.0089178,0.0030364,8.7202e-05,-0.0095423,-0.0052771,-0.069817,3.9377,-0.12652,-0.66894,3.0012,-1.9372,-0.20945,-3.6447,0.81663,0.31993,-0.16533,-0.1187,0.10742,-0.043442,0.0089005,-0.098075,-0.19014,-0.095165,0.1525,-0.038759,0.11418,-0.3314,-0.18884,-0.21244,184,184,6080,15,1003.9
20.471,0.0015863,0.011408,6082,0.011779,1.0121,0.0039173,0.017225,0.0017878,0.0048614,6.6587e-05,1,2,0.066822,99.469,0.6,0,0,-0.0013352,-0.010872,0.0017166,0.10586,-0.098932,0.014204,0.00057221,0.010491,-0.0032425,0.10357,-0.088973,0.0067414,0.0010681,-0.0014605,0.00059588,-0.0044398,-0.0026912,0.0087151,0.0021987,-0.0021077,0.002787,0.00040309,-0.0030324,0.0050338,0.34908,3.7179,-0.35656,-0.66894,2.8014,-1.8985,1.1869,-3.4615,0.58659,1.3088,-0.11919,0.083388,0.081894,-0.0020362,0.021561,0.21108,-0.11194,-0.017456,0.18781,-0.17408,0.12364,-0.35634,-0.20781,-0.24117,184,184,6084,15,1003.9
20.482,0.0027331,0.0051505,6087,0.010814,1.0119,0.0039636,0.017211,0.0026641,-0.00018857,0.0022257,1,2,0.10314,99.486,0.6,0,0,-0.0013352,-0.010872,0.0017166,0.10586,-0.098932,0.014204,0.00057221,0.010491,-0.0032425,0.10357,-0.088973,0.0067414,-0.0053643,0.0009925,0.0045466,-0.0021243,-0.00039745,0.00075602,0.0031409,-0.0059891,0.0012441,0.0025536,0.0023296,0.0020073,0.34908,3.9377,-0.49458,-0.14542,1.7915,-1.7438,0.20945,-3.2784,0.72462,0.49443,-0.27731,0.18013,-0.0044218,0.025952,0.029145,0.31884,-0.1937,0.023059,0.20268,-0.19634,0.087048,-0.30412,-0.18316,-0.24551,184,184,6087,15,1003.9
20.51,0.0013524,0.011306,6094,0.027883,1.0106,0.0040683,0.017163,0.0047352,-0.00037468,0.0046615,1,2,0.14395,99.501,0.6,0,0,-0.0013352,-0.010872,0.0017166,0.10624,-0.09914,0.013811,0.00057221,0.010491,-0.0032425,0.10357,-0.088973,0.0067414,-0.011936,0.0051556,0.0097949,-0.0020922,-0.0034952,0.014986,0.0097234,0.0014876,0.0091598,0.0076316,-0.0027402,-0.014852,0.34908,3.7179,0.011502,-0.5526,2.8819,-1.9398,0.76799,-3.4615,0.97766,0.3781,-0.20486,-0.094512,-0.050594,0.031164,0.047405,0.35978,-0.20583,0.028146,0.20292,-0.18036,0.06519,-0.26842,-0.15735,-0.25213,184,184,6096,15,1003.9
20.538,0.0017807,0.018808,6101,0.028417,1.0007,0.0040945,0.01698,0.0024958,-0.0045425,0.0081262,1,2,0.18664,99.494,0.6,0,0,-0.0013352,-0.010872,0.0017166,0.10586,-0.09914,0.013811,0.00057221,0.010491,-0.0032425,0.10357,-0.088973,0.0067414,-0.0078554,0.0035241,0.0087759,-0.0040304,-0.00094903,0.0070296,0.0053952,0.00059137,0.0048381,0.015144,-0.0052663,0.0046737,0.76799,3.6447,0.14952,-0.31993,3.0016,-1.8689,0.62835,-3.2418,0.54059,0.84344,-0.17251,0.011319,-0.064305,0.029877,0.053771,0.34429,-0.20163,0.027401,0.20031,-0.15195,0.049622,-0.25101,-0.14685,-0.24213,184,184,6105,15,1003.9
20.539,0.0060382,0.0065866,6106,0.00098381,1.0007,0.0040945,0.01698,-5.7973e-05,-0.0084182,0.0064587,1,2,0.2216,99.494,0.6,0,0,-0.0013352,-0.010872,0.0017166,0.10624,-0.09914,0.013811,0.00057221,0.010491,-0.0032425,0.10357,-0.088973,0.0067414,-0.0044916,-0.003405,0.0030732,-0.0056182,-0.00088507,-0.0040036,0.0032893,-0.0043888,-0.00070377,0.0054022,-0.0043129,0.010406,1.0473,3.7179,-0.44857,-0.49443,2.6026,-2.0156,0.76799,-4.011,0.74762,0.84344,-0.11919,0.083388,-0.053045,0.022959,0.055281,0.29868,-0.18707,0.023478,0.19659,-0.12125,0.041014,-0.24867,-0.14608,-0.21772,184,184,6105,15,1003.9
20.566,0.002063,0.0082497,6112,0.026371,0.98744,0.0040934,0.016741,-0.0020269,-0.013175,-3.407e-05,1,2,0.26286,99.503,0.6,0,0,-0.0013352,-0.010872,0.0017166,0.10624,-0.099139,0.013811,0.00057221,0.010491,-0.0032425,0.10357,-0.088973,0.0067414,-0.0034547,-0.0010359,-0.0028603,-0.0028112,-0.001414,0.0060647,0.0063022,-0.0045939,0.0049176,0.0042844,-0.0056614,-0.0026253,-0.069817,3.4982,-0.35656,-0.43626,3.0616,-1.9007,-0.069817,-3.2418,0.58659,0.66894,-0.26535,-0.036566,-0.023311,0.0115,0.054322,0.2188,-0.16176,0.017301,0.18855,-0.083329,0.032292,-0.2485,-0.15226,-0.17511,184,184,6111,15,1003.9
20.592,0.0083049,0.020749,6116,0.026642,0.97215,0.0040505,0.016477,-0.00056304,-0.012192,-0.00068494,1,2,0.30384,99.454,0.6,0,0,-0.0013352,-0.010872,0.0017166,0.10624,-0.09914,0.013811,0.00057221,0.010491,-0.0032425,0.10357,-0.088973,0.0067414,-0.015383,-0.010234,0.004925,0.0040571,0.0016465,0.010896,0.0083564,-0.0044172,0.0033448,0.0074921,-0.013131,-0.0104,1.7454,3.8645,-0.44857,-0.84344,2.8813,-1.7157,0.20945,-3.6447,0.74762,1.0179,-0.48158,0.074779,0.016754,-0.0011619,0.049807,0.11866,-0.12547,0.011424,0.17213,-0.064029,0.029374,-0.24695,-0.17705,-0.13151,184,184,6119,15,1003.9
20.63,0.0076656,0.031098,6122,0.037464,0.95478,0.0039701,0.016184,-0.002773,-0.01286,0.00036785,1,2,0.35599,99.488,0.6,0,0,-0.0013352,-0.010872,0.0017166,0.10624,-0.09914,0.013811,0.00057221,0.010491,-0.0032425,0.10357,-0.088973,0.0067414,-0.0058074,-0.0072533,0.0072049,-0.002578,-0.0037852,0.004175,0.0042216,-0.0023151,0.0051483,0.0071319,-0.0029737,0.0054634,-0.069817,3.7912,-0.35656,-0.49443,2.5428,-2.051,0.76799,-3.6447,0.70161,0.49443,-0.32345,-0.021959,0.062352,-0.017435,0.046312,-0.010692,-0.079395,0.012102,0.14611,-0.065321,0.026373,-0.24155,-0.22258,-0.095553,184,184,6125,15,1003.9
20.645,0.0012073,0.0059876,6130,0.015358,0.93132,0.0038861,0.015783,-0.002448,-0.019351,0.0063821,1,2,0.42458,99.477,0.6,0,0,-0.0013352,-0.010872,0.0017166,0.10624,-0.098932,0.014204,0.00057221,0.010491,-0.0032425,0.10357,-0.088973,0.0067414,-0.0096544,-0.0074389,0.0095397,-0.0070056,0.001724,0.0049344,0.0054937,-0.0087002,0.0046854,0.0065092,-0.0042677,0.0034665,-0.48872,4.1575,0.011502,-0.84344,2.721,-1.7216,-0.62835,-3.6447,0.74762,0.84344,-0.13298,-0.012866,0.097255,-0.040629,0.050956,-0.11567,-0.06805,0.028572,0.12959,-0.073439,0.02712,-0.27047,-0.26694,-0.068165,184,184,6130,15,1003.9
20.688,0.0070235,0.031782,6133,0.04281,0.89001,0.0037816,0.015066,-0.003071,-0.019328,0.0085937,1,2,0.47025,99.501,0.6,0,0,-0.0013352,-0.010872,0.0017166,0.10624,-0.098932,0.014204,0.00057221,0.010491,-0.0032425,0.10357,-0.088973,0.0067414,-0.006738,-0.0089018,0.0084472,-0.0048445,0.00012096,0.0057546,0.0024479,-0.0066932,0.005141,0.0072756,-0.00042801,0.0039259,-0.069817,3.8645,-0.37956,-0.90161,2.6614,-1.8243,-0.34908,-3.2418,0.58659,0.029084,0.38275,-0.014318,0.11325,-0.02977,0.031873,-0.17796,-0.074733,0.056027,0.1324,-0.050053,0.026323,-0.28915,-0.26089,-0.0061,184,184,6139,15,1003.9
20.703,0.0070821,0.021684,6140,0.015196,0.85507,0.0037499,0.014445,-0.0006878,-0.021886,0.011029,1,2,0.52105,99.497,0.6,0,0,-0.0013352,-0.010872,0.0017166,0.10624,-0.098932,0.014204,0.00057221,0.010491,-0.0032425,0.10357,-0.088973,0.0067414,-0.0071113,-0.0060165,0.0056954,-0.0050552,-0.00012138,0.0060653,-0.0021233,-0.0066511,0.0027179,0.0039307,0.0060557,-0.0058773,1.0473,3.6081,-0.12652,-0.49443,3.2804,-1.7718,-0.34908,-3.2418,0.56359,0.84344,-0.13298,-0.012866,0.12281,0.02633,-0.020798,-0.26399,-0.11389,0.10822,0.13798,-0.00072321,0.01526,-0.2415,-0.20833,0.096399,184,184,6144,15,1003.9
20.727,0.0015205,0.023961,6146,0.02434,0.8115,0.0037758,0.013651,0.00023519,-0.024916,0.0047398,1,2,0.55416,99.509,0.6,0,0,-0.0013352,-0.010872,0.0017166,0.10624,-0.098932,0.014204,0.00057221,0.010491,-0.0032425,0.10357,-0.088973,0.0067414,-0.0047666,-0.0081316,0.013716,-0.0056721,0.00037648,0.0048277,0.00047737,-0.0060946,0.00047217,0.0074056,-0.0070855,-0.0042173,-0.48872,3.6081,0.10352,-0.029084,2.8014,-1.8985,0.20945,-3.6447,0.81663,0.3781,-0.30488,-0.012382,0.13773,0.14384,-0.091605,-0.39354,-0.20385,0.1957,0.14017,0.039908,0.012031,0.023391,-0.13222,0.073488,184,184,6150,15,1003.9
20.729,0.0020394,0.0025781,6151,0.001078,0.8115,0.0037758,0.013651,0.0016928,-0.028194,-0.0020721,1,2,0.59997,99.509,0.6,0,0,-0.0013352,-0.010872,0.0017166,0.10624,-0.098887,0.013386,0.00057221,0.010491,-0.0032425,0.10357,-0.088973,0.0067414,-0.014081,-0.0063985,0.0065738,-0.0065763,-0.0088535,0.0076166,0.0085514,-0.0051143,0.00095366,0.0075395,-0.0028519,0.014652,-1.1869,3.6081,-0.35656,-0.49443,2.6624,-1.7557,1.1869,-3.0586,0.6556,0.84344,-0.014382,-0.085419,0.15435,0.18492,-0.065901,-0.44403,-0.26082,0.22596,0.066596,0.057236,-0.0018168,0.25829,-0.16052,-0.0043445,184,184,6150,15,1003.9
20.751,0.0016972,0.010797,6156,0.021989,0.75511,0.0037461,0.012636,0.00087604,-0.02946,-0.0035086,1,2,0.627,99.513,0.6,0,0,-0.0013352,-0.010872,0.0017166,0.10624,-0.098679,0.013778,0.00057221,0.010491,-0.0032425,0.10357,-0.088973,0.0067414,-0.011346,-0.0027437,0.0080988,-0.0081394,-0.0057171,-0.0021859,0.012098,-0.0045431,0.00059022,0.0028646,-0.0024245,0.021268,0.76799,4.1575,-0.011502,-0.49443,2.4633,-2.0991,-1.3265,-3.4249,0.58659,1.3088,0.084445,-0.14588,0.15829,0.1543,-0.019708,-0.38424,-0.18526,0.20314,8.0358e-05,0.067882,-0.012846,0.30221,-0.22432,-0.024985,184,184,6158,15,1003.9
20.779,0.0013839,0.019987,6162,0.028646,0.71539,0.0037041,0.011924,0.00049401,-0.027146,-0.004754,1,2,0.66526,99.505,0.6,0,0,-0.0013352,-0.010872,0.0017166,0.10624,-0.098679,0.013778,0.00057221,0.010491,-0.0032425,0.10357,-0.088973,0.0067414,-0.0012145,-0.010532,-0.0023483,-0.0058452,0.00062793,0.012988,0.015529,-0.002334,0.0033252,0.0078228,-0.0084893,-0.0023334,0.34908,3.8645,-0.33355,-0.66894,2.5018,-1.6495,0.76799,-3.4249,0.79363,0.66894,-0.31867,-0.10864,0.17617,0.1319,-0.016451,-0.36243,-0.17582,0.19574,-0.029564,0.072438,-0.023976,0.31252,-0.23019,-0.028665,184,184,6166,15,1003.9
20.788,0.0014322,0.0088309,6168,0.0092459,0.70803,0.003675,0.011798,-0.0012688,-0.021345,-0.0055225,1,2,0.70615,99.514,0.6,0,0,-0.0013352,-0.010872,0.0017166,0.10624,-0.098887,0.013386,0.00057221,0.010491,-0.0032425,0.10357,-0.088973,0.0067414,-0.0028832,-0.0047332,0.0076707,-0.003891,-0.00056106,-0.0018833,0.0057813,-0.0046455,0.0084766,-0.00033024,-0.0016887,0.0088338,0.34908,4.011,-0.35656,-0.66894,2.3433,-1.8776,0.20945,-3.0586,0.77062,0.66894,-0.11919,0.083388,0.17775,0.097595,-0.0044593,-0.33564,-0.17137,0.17387,-0.034533,0.078176,-0.02483,0.2791,-0.22186,-0.03679,184,184,6169,15,1003.9
20.819,0.0058805,0.019187,6175,0.03087,0.66825,0.0035508,0.011109,-0.0033445,-0.017786,-0.0030607,1,2,0.75612,99.507,0.6,0,0,-0.0013352,-0.010872,0.0017166,0.10624,-0.098887,0.013386,0.00057221,0.010491,-0.0032425,0.10357,-0.088973,0.0067414,-0.0052256,-0.00074008,0.007269,-0.0046002,-0.0016781,0.0065884,0.0070857,-0.004846,0.0054845,0.0088165,-0.0039673,-0.0084707,-0.76799,3.4982,-0.011502,-0.66894,2.4627,-1.7395,-0.90762,-3.0586,0.88564,0.029084,-0.29771,-0.1424,0.16741,0.051243,0.0073525,-0.3064,-0.19659,0.1402,-0.015338,0.094425,-0.028849,0.19765,-0.18953,-0.040888,184,184,6178,15,1003.9
20.838,0.0050428,0.016513,6181,0.018374,0.65636,0.0035298,0.010898,-0.0019325,-0.018844,-0.0047768,1,2,0.7965,99.508,0.6,0,0,-0.0013352,-0.010872,0.0017166,0.10624,-0.098887,0.013385,0.00057221,0.010491,-0.0032425,0.10357,-0.088973,0.0067414,-0.0094502,-0.00093898,-0.00081596,-0.0014191,-0.0023722,0.0025888,0.0033886,-0.0034568,0.0079516,0.0038451,-0.0035617,0.0033976,1.0473,3.7179,-0.35656,-0.90161,3.2417,-1.7715,1.1869,-3.6447,0.70161,0.49443,-0.014382,-0.085419,0.14358,0.023761,0.0095792,-0.29281,-0.23949,0.1056,0.025608,0.10881,-0.027366,0.10168,-0.15111,-0.036873,184,184,6184,15,1003.9
20.858,0.005094,0.011028,6189,0.0199,0.63717,0.0034489,0.010572,-0.0042271,-0.018343,-0.0044781,1,2,0.84712,99.507,0.6,0,0,-0.0013352,-0.010872,0.0017166,0.10624,-0.098887,0.013386,0.00057221,0.010491,-0.0032425,0.10357,-0.088973,0.0067414,-0.0064352,-0.0055784,0.0042337,-0.0050845,-0.0044138,0.00034073,0.0084371,-0.0065421,0.0010455,0.0013031,-0.0041316,0.00054662,-0.069817,3.6447,-0.33355,-0.26176,2.5434,-1.9835,-1.0473,-3.0586,0.47158,0.49443,-0.13298,-0.012866,0.11369,0.0091673,0.0051415,-0.29479,-0.30072,0.067457,0.071996,0.116,-0.02337,-0.015085,-0.12902,-0.027642,184,184,6189,15,1003.9
20.861,0.0016203,0.0023102,6191,0.0034644,0.63497,0.0034437,0.010534,-0.0031593,-0.017494,-0.0036688,1,2,0.86479,99.507,0.6,0,0,-0.0013352,-0.010872,0.0017166,0.10624,-0.098887,0.013386,0.00057221,0.010491,-0.0032425,0.10357,-0.088973,0.0067414,-0.0066715,-0.0029604,0.0010534,-0.0035678,-0.003124,0.0084658,0.010666,-0.0096605,-0.00031457,0.0063348,-0.0045558,0.0020056,-0.76799,4.0842,-0.49458,-0.66894,2.8638,-2.2202,-0.62835,-3.4615,0.49458,0.20359,-0.2911,0.083872,0.091474,0.0064191,-0.0055441,-0.29835,-0.33248,0.042046,0.11518,0.11311,-0.0062296,-0.090479,-0.13641,-0.022785,184,184,6190,15,1003.9
20.888,0.0011218,0.007968,6199,0.027198,0.60595,0.0033386,0.010035,-0.0039587,-0.020016,-0.0042773,1,2,0.90687,99.517,0.6,0,0,-0.0013352,-0.010872,0.0017166,0.10624,-0.098887,0.013386,0.00057221,0.010491,-0.0032425,0.10357,-0.088973,0.0067414,-0.006371,-0.012458,0.014749,-0.0013551,0.0017033,0.01079,0.0042366,-0.0045002,0.0057821,0.00046564,-0.0063865,-0.0055331,0.34908,3.8645,-0.011502,-0.84344,2.8027,-1.8971,0.20945,-3.4249,0.77062,0.84344,0.13656,-0.052142,0.077398,-0.0089417,-0.0098879,-0.30657,-0.34791,0.0053024,0.1248,0.11336,0.0086749,-0.17364,-0.16524,-0.040432,184,184,6198,15,1003.9
20.901,0.0017094,0.0023768,6202,0.012816,0.57905,0.0032659,0.009564,-0.0024828,-0.02346,-0.0040526,1,2,0.94488,99.506,0.6,0,0,-0.0013352,-0.010872,0.0017166,0.10624,-0.098887,0.013386,0.00095369,0.010491,-0.0032425,0.10357,-0.088973,0.0067414,-0.007808,-0.0053011,0.0084571,-0.0041639,-0.0057818,-0.00064392,0.0044757,-0.0048233,0.006661,0.0017619,0.0016314,0.0059489,-0.069817,3.5714,-0.35656,-0.49443,3.0006,-1.3531,0.20945,-3.6447,0.67861,1.0179,-0.32824,0.064718,0.079088,-0.028348,-0.010258,-0.31108,-0.31661,-0.04115,0.12464,0.10241,0.03056,-0.22763,-0.18635,-0.086237,184,184,6201,15,1003.9
20.928,0.00090387,0.0076792,6208,0.026542,0.55832,0.00323,0.0091936,-0.0016825,-0.017795,-0.0060122,1,2,0.98576,99.52,0.6,0,0,-0.0013352,-0.010872,0.0017166,0.10624,-0.098887,0.013386,0.00095369,0.010491,-0.0032425,0.10357,-0.088973,0.0067414,-0.01153,-0.0001142,0.0039237,-0.0041686,0.00015203,0.0057998,0.0087327,-0.0039065,0.0070937,0.0068183,-0.0016186,0.014108,-0.069817,3.9011,0.011502,-1.0179,2.803,-1.9643,-0.34908,-3.4249,0.67861,0.3781,0.17131,0.010351,0.092826,-0.042695,-0.0068133,-0.27009,-0.25988,-0.090719,0.12823,0.062315,0.065159,-0.28507,-0.19233,-0.14645,184,184,6208,15,1003.9
20.984,0.0013766,0.045366,6213,0.056842,0.5147,0.0032358,0.0083803,-5.1451e-05,-0.01594,-0.0054367,1,2,0.024911,99.513,0.6,0,0,-0.0013352,-0.010872,0.0017166,0.10624,-0.098887,0.013386,0.00057221,0.010491,-0.0032425,0.10357,-0.088973,0.0067414,-0.0084838,-0.010466,0.010362,-0.005161,0.00053461,0.0078174,0.0029068,-0.0042953,0.0027208,0.0052167,-0.00043716,0.010648,-0.48872,3.9744,0.011502,-0.61077,2.8023,-1.7626,-0.62835,-3.4249,0.72462,0.84344,-0.3504,0.12015,0.11074,-0.041554,0.0068457,-0.083745,-0.18691,-0.094286,0.14641,-0.047398,0.11295,-0.34338,-0.19439,-0.21129,184,184,6220,15,1003.9
21.002,0.001466,0.017442,6222,0.017892,0.50752,0.0032281,0.0082487,0.0016204,-0.014649,0.0037303,1,2,0.11673,99.313,0.6,0,0,-0.0013352,-0.010872,0.0017166,0.10624,-0.098679,0.013778,0.00095369,0.010491,-0.0032425,0.10357,-0.088973,0.0067414,-0.0087481,-0.0073949,0.0041695,-0.0080622,-0.0036694,0.0067221,0.010005,-0.0012916,0.011357,0.011301,0.00063741,0.001725,-0.48872,3.4982,0.011502,-0.66894,2.2839,-2.2054,-0.20945,-3.2418,0.79363,0.029084,-0.20486,-0.094512,0.081698,0.0016517,0.027873,0.26611,-0.12212,-0.014483,0.18976,-0.17314,0.10948,-0.35486,-0.20325,-0.24313,184,184,6226,15,1003.9
21.03,0.001442,0.020931,6229,0.028148,0.48701,0.0031643,0.0078889,-0.0013692,-0.011582,0.0037262,1,2,0.1659,99.319,0.6,0,0,-0.0013352,-0.010872,0.0017166,0.10624,-0.098887,0.013386,0.00095369,0.010491,-0.0032425,0.10357,-0.088973,0.0067414,-0.014531,-0.0097688,0.0050208,-0.0011559,-0.004334,0.006948,0.007911,-0.0010813,0.0032919,0.0078515,-0.010413,-0.010519,1.4662,3.6081,-0.49458,-0.14542,2.7235,-2.0788,-0.62835,-3.6447,0.81663,0.66894,-0.27133,0.07178,-0.012135,0.02631,0.040402,0.32415,-0.19901,0.022698,0.19628,-0.16811,0.062679,-0.28691,-0.16495,-0.23924,184,184,6234,15,1003.9
21.042,0.0017721,0.011496,6236,0.012042,0.48371,0.0031488,0.0078332,-0.0012397,-0.0071858,0.0030554,1,2,0.20935,99.317,0.6,0,0,-0.0013352,-0.010872,0.0017166,0.10624,-0.098887,0.013385,0.00095369,0.010491,-0.0032425,0.10357,-0.088973,0.0067414,-0.0044416,-0.0056342,-0.0093218,-0.0049745,0.0022951,0.0088593,0.0011096,-0.0041067,-0.0017893,0.00091678,-0.0005558,0.0027599,-0.48872,3.8278,-0.35656,-0.66894,3.1229,-2.0665,0.76799,-3.6447,0.6556,0.66894,-0.07966,0.059203,-0.037709,0.024292,0.053063,0.30866,-0.1871,0.024682,0.19239,-0.13265,0.043569,-0.2604,-0.14902,-0.22205,184,184,6238,15,1003.9
21.053,0.0056259,0.010584,6240,0.01096,0.4714,0.0030921,0.0076244,-0.0013475,-0.0063048,0.0033093,1,2,0.24118,99.319,0.6,0,0,-0.0013352,-0.010872,0.0017166,0.10624,-0.098887,0.013386,0.00095369,0.010491,-0.0032425,0.10357,-0.088973,0.0067414,-0.0052673,-0.0030163,-0.0018933,-8.0912e-05,0.0012019,0.0096908,0.00025912,-0.0047756,-0.0015987,0.0080762,0.00047207,0.017053,1.0473,3.6813,0.14952,-0.49443,2.5242,-2.197,-0.76799,-3.4615,0.56359,0.84344,-0.34441,0.011803,-0.028009,0.015025,0.054559,0.25785,-0.17155,0.020699,0.18797,-0.10166,0.036958,-0.2569,-0.15058,-0.19425,184,184,6242,15,1003.9
21.079,0.0014,0.0096499,6249,0.025206,0.46736,0.003059,0.0075617,-0.00070208,-0.00087586,0.00132,1,2,0.28497,99.317,0.6,0,0,-0.0013352,-0.010872,0.0017166,0.10624,-0.098679,0.013778,0.00095369,0.010491,-0.0032425,0.10357,-0.088973,0.0067414,-0.0010229,-0.0045647,0.0047414,-0.0001959,0.0012274,0.0085368,0.0019872,-0.0050023,0.0028218,0.002361,0.00088632,0.011299,0.34908,4.011,0.011502,-0.43626,3.0211,-1.6336,-0.34908,-3.8278,0.72462,1.0179,-0.24918,0.016349,0.0027882,0.00412,0.051329,0.16622,-0.14075,0.015745,0.17596,-0.070649,0.028657,-0.252,-0.16454,-0.14865,184,184,6251,15,1003.9
21.091,0.0014707,0.0033168,6256,0.012449,0.46642,0.0030329,0.0075544,-0.0008013,0.0011396,0.0010995,1,2,0.32257,99.322,0.6,0,0,-0.0013352,-0.010872,0.0017166,0.10624,-0.098887,0.013386,0.00095369,0.010491,-0.0032425,0.10357,-0.088973,0.0067414,-0.01204,-0.00044779,0.0094031,0.0033023,-0.00072008,0.0075129,0.0077802,-0.0036677,0.0046003,0.0073932,-0.0072272,-0.0050578,0.62835,3.9744,-0.12652,-0.66894,2.8823,-1.805,0.76799,-3.4249,0.83963,0.66894,-0.14676,-0.10912,0.043846,-0.0079675,0.045685,0.063757,-0.10295,0.010659,0.15616,-0.061509,0.027788,-0.24852,-0.19871,-0.11228,184,184,6256,15,1003.9
21.115,0.0018367,0.0069839,6263,0.024317,0.4677,0.0030355,0.0075775,-0.0012546,0.0012436,-0.00024296,1,2,0.36467,99.322,0.6,0,0,-0.0013352,-0.010872,0.0017166,0.10624,-0.098679,0.013778,0.00095369,0.010491,-0.0032425,0.10357,-0.088973,0.0067414,-0.0029981,-0.0021562,0.0028604,-0.0030895,-0.0010708,0.0088563,-0.0019973,-0.0017984,0.0010754,-0.00049639,-0.0026527,0.0046092,1.4662,3.9744,-0.37956,-0.31993,2.503,-2.0306,0.48872,-3.6081,0.74762,0.66894,0.034148,0.073327,0.084,-0.02477,0.045107,-0.043768,-0.072016,0.01254,0.13449,-0.071271,0.028577,-0.24803,-0.24234,-0.089552,184,184,6265,15,1003.9
21.142,0.0013687,0.014157,6270,0.027052,0.47246,0.0030656,0.0076549,0.0018173,0.0035665,0.0019327,1,2,0.40353,99.301,0.6,0,0,-0.0013352,-0.010872,0.0017166,0.10624,-0.098679,0.013778,0.00095369,0.010491,-0.0032425,0.10357,-0.088973,0.0067414,-0.0027135,-0.0013454,0.0062587,-0.0006928,-0.0057478,0.011502,0.0057014,-0.003072,0.0051835,0.0030821,0.0041449,0.016682,0.34908,3.7912,0.011502,-0.31993,2.4637,-2.2336,0.76799,-3.4615,0.83963,0.84344,-0.22582,-0.060751,0.11063,-0.035223,0.046864,-0.11338,-0.067607,0.014389,0.12236,-0.07308,0.03022,-0.26261,-0.27515,-0.075564,184,184,6273,15,1003.9
21.16,0.0053447,0.016813,6275,0.017167,0.47855,0.0030911,0.0077592,0.00071947,0.0046211,0.0013618,1,2,0.44051,99.324,0.6,0,0,-0.0013352,-0.010872,0.0017166,0.10624,-0.098679,0.013778,0.00095369,0.010491,-0.0032425,0.10357,-0.088973,0.0067414,-0.0013607,-0.0027749,0.0011524,-0.0041692,-0.0027063,0.0062437,0.0056254,-0.004124,0.0030011,0.0081264,-0.0025357,0.010178,-0.48872,3.4982,-0.37956,-0.31993,2.6824,-1.9018,-0.069817,-3.6447,0.81663,0.3781,-0.29292,-0.22907,0.11717,-0.035799,0.040202,-0.15517,-0.068413,0.031352,0.12399,-0.062257,0.03111,-0.28306,-0.28032,-0.043592,184,184,6279,15,1003.9
21.181,0.0017279,0.012639,6284,0.021751,0.48473,0.0030622,0.0078865,-0.00024406,0.0069159,-0.0014334,1,2,0.48512,99.329,0.6,0,0,-0.0013352,-0.010872,0.0017166,0.10624,-0.098887,0.013386,0.00095369,0.010491,-0.0032425,0.10357,-0.088973,0.0067414,-0.010655,-0.0026505,0.0063418,-0.0064028,-0.0016026,0.0072361,0.0025968,-0.0053389,0.0042404,0.0094794,-0.0032049,0.0051363,-0.069817,3.5714,-0.35656,-0.31993,2.7632,-2.0104,0.34908,-3.4249,0.79363,0.84344,-0.093444,-0.03705,0.11729,-0.01744,0.017087,-0.20451,-0.082433,0.066934,0.13336,-0.034749,0.024092,-0.28764,-0.25073,0.031294,184,184,6287,15,1003.9
21.201,0.0013072,0.010981,6292,0.019667,0.49217,0.0030489,0.0080308,-4.7229e-05,0.0067066,-0.00036259,1,2,0.52698,99.326,0.6,0,0,-0.0013352,-0.010872,0.0017166,0.10624,-0.098887,0.013386,0.00095369,0.010491,-0.0032425,0.10357,-0.088973,0.0067414,-0.0076368,-0.0040269,0.0025432,0.0064306,-0.00094648,0.0093271,0.0035006,-0.0066983,-0.0019523,0.0027129,-0.0068993,0.012232,-0.76799,3.7179,-0.12652,-0.90161,2.6829,-1.9008,0.069817,-3.2418,0.93165,0.20359,0.16413,0.14037,0.12478,0.050915,-0.039787,-0.29106,-0.12618,0.12245,0.13849,0.013642,0.015465,-0.20096,-0.19307,0.11797,184,184,6295,15,1003.9
21.22,0.001311,0.011344,6299,0.019373,0.49985,0.0030412,0.0081768,8.2887e-05,0.0071267,-0.00018939,1,2,0.56495,99.328,0.6,0,0,-0.0013352,-0.010872,0.0017166,0.10624,-0.098887,0.013386,0.00095369,0.010491,-0.0032425,0.10357,-0.088973,0.0067414,-0.0068297,-0.0073511,0.0042661,0.0027119,-0.0061602,0.011234,0.009082,-0.0067498,0.0029588,0.0030075,-0.0065109,0.005114,1.8851,3.7179,-0.12652,-0.3781,2.3842,-2.1677,1.4662,-3.4249,0.83963,0.66894,-0.07966,0.059203,0.14191,0.16995,-0.096949,-0.42671,-0.23097,0.21526,0.13213,0.045245,0.0088166,0.11518,-0.12118,0.04717,184,184,6302,15,1003.9
21.241,0.0012651,0.012502,6307,0.020251,0.51158,0.0030216,0.0084019,5.0926e-05,0.0087191,0.00060194,1,2,0.60305,99.324,0.6,0,0,-0.0013352,-0.010872,0.0017166,0.10624,-0.098887,0.013386,0.00095369,0.010491,-0.0032425,0.10357,-0.088973,0.0067414,-0.0037593,-0.0040779,0.0081396,-0.0047583,-0.0029822,-0.0013199,-0.00047063,-0.0058001,0.0019227,0.010559,0.0034031,0.00097594,-0.48872,3.4982,-0.12652,-0.43626,2.9015,-1.5915,0.34908,-3.4249,0.56359,0.3781,0.20606,0.072843,0.15476,0.17446,-0.048214,-0.42276,-0.23469,0.21605,0.041714,0.059076,-0.0037498,0.27068,-0.1826,-0.01264,184,184,6311,15,1003.9
21.255,0.0012558,0.0066713,6316,0.014587,0.51824,0.0030104,0.0085294,0.00087899,0.0068479,0.0035635,1,2,0.64388,99.327,0.6,0,0,-0.0013352,-0.010872,0.0017166,0.10624,-0.098887,0.013386,0.00095369,0.010491,-0.0032425,0.10357,-0.088973,0.0067414,-0.0065622,-0.009437,0.0076751,0.0034464,0.0016104,0.011476,0.0012518,-0.0040324,0.0015931,0.003236,-0.0040435,-0.0035532,-0.069817,3.7546,0.12652,-0.49443,3.0821,-1.8212,-0.90762,-3.0586,0.81663,0.31993,-0.4756,-0.033567,0.16629,0.14547,-0.019043,-0.37484,-0.17845,0.19885,-0.0096787,0.069433,-0.017306,0.30831,-0.22508,-0.026467,184,184,6319,15,1003.9
21.281,0.0016511,0.012493,6325,0.026133,0.52635,0.003047,0.0086665,0.0015001,0.0077626,0.0049628,1,2,0.68524,99.329,0.6,0,0,-0.0013352,-0.010872,0.0017166,0.10624,-0.098887,0.013386,0.00095369,0.010491,-0.0032425,0.10357,-0.088973,0.0067414,-0.0080323,-0.0040313,0.0060566,0.0015195,-0.0037037,0.0048772,0.0018218,-0.0022909,0.0025778,-0.0028554,-0.0028129,-0.0032306,0.62835,3.6813,-0.35656,-0.72711,2.7827,-1.8865,-0.34908,-3.2418,0.58659,0.66894,-0.17251,0.011319,0.17869,0.11594,-0.011152,-0.3482,-0.17016,0.18509,-0.032442,0.073865,-0.02379,0.29816,-0.22634,-0.032984,184,184,6329,15,1003.9
21.302,0.0021167,0.013619,6333,0.020977,0.53347,0.0030911,0.0087828,0.0029468,0.0063898,0.0042457,1,2,0.72592,99.334,0.6,0,0,-0.0013352,-0.010872,0.0017166,0.10624,-0.098887,0.013386,0.00095369,0.010491,-0.0032425,0.10357,-0.088973,0.0067414,-0.0041593,-0.0079283,0.003641,-0.0037376,-0.013553,-0.0054588,0.00060038,-0.0021456,0.0090347,-1.9489e-05,0.011181,0.010682,0.34908,3.8278,0.011502,-0.14542,2.6835,-2.0577,-0.069817,-3.8278,0.67861,0.49443,0.020364,-0.022927,0.17646,0.080058,-0.0011151,-0.32373,-0.17859,0.1614,-0.028615,0.082952,-0.026474,0.25007,-0.20802,-0.038623,184,184,6336,15,1003.9
21.32,0.0013695,0.012519,6339,0.018078,0.53811,0.0031165,0.0088597,0.0033935,0.0060473,0.0022168,1,2,0.76269,99.326,0.6,0,0,-0.0013352,-0.010872,0.0017166,0.10624,-0.098887,0.013386,0.00095369,0.010491,-0.0032425,0.10357,-0.088973,0.0067414,-0.0055746,-0.0049496,-0.0022982,-0.010874,-0.001894,0.0097316,0.0091221,-0.0061222,0.0041613,0.0032219,-0.0023704,0.0031937,-0.48872,3.7912,0.12652,-0.43626,2.9833,-2.1269,-0.62835,-3.8278,0.72462,0.84344,-0.45104,-0.13234,0.16306,0.046116,0.0057792,-0.30358,-0.20597,0.13317,-0.0037349,0.098172,-0.02849,0.17651,-0.17671,-0.040483,184,184,6343,15,1003.9
21.335,0.0017136,0.0066484,6347,0.014078,0.54098,0.0031106,0.0089148,0.0011266,0.0035324,0.0020353,1,2,0.80292,99.337,0.6,0,0,-0.0013352,-0.010872,0.0017166,0.10624,-0.098887,0.013386,0.00095369,0.010491,-0.0032425,0.10357,-0.088973,0.0067414,-0.0038158,-0.0090508,0.002855,-0.00219,-0.00018982,0.0092482,-0.0014336,-0.0054725,0.0069931,0.0022502,-0.0053101,-0.0095951,1.0473,3.6813,-0.12652,-0.26176,2.5634,-1.9941,0.76799,-3.4249,0.6096,0.49443,-0.30488,-0.012382,0.13932,0.020871,0.0083445,-0.29114,-0.2469,0.098466,0.035492,0.10941,-0.025513,0.081631,-0.14318,-0.036023,184,184,6349,15,1003.9
21.361,0.0015981,0.012938,6355,0.026384,0.54892,0.0031524,0.009047,0.0018082,0.005341,0.00033055,1,2,0.84304,99.335,0.6,0,0,-0.0013352,-0.010872,0.0017166,0.10624,-0.098887,0.013386,0.00095369,0.010491,-0.0032425,0.10357,-0.088973,0.0067414,-0.0044746,-0.0011106,0.00083399,-0.0066029,-0.0014753,0.01093,-0.0023923,-0.0052449,0.0018185,0.0047623,-0.0010647,0.011433,0.62835,3.7546,-0.24154,-0.14542,2.4233,-1.92,-0.62835,-3.2418,0.81663,0.66894,-0.058698,0.025442,0.11303,0.011296,0.0033263,-0.293,-0.29805,0.067388,0.07935,0.11354,-0.018944,-0.019086,-0.12565,-0.026987,184,184,6358,15,1003.9
21.382,0.0013765,0.013202,6362,0.020703,0.55278,0.0031384,0.0091232,-5.1351e-05,0.004414,-0.0020781,1,2,0.88371,99.338,0.6,0,0,-0.0013352,-0.010872,0.0017166,0.10624,-0.098887,0.013386,0.00095369,0.010491,-0.0032425,0.10357,-0.088973,0.0067414,-0.0026873,0.0047262,0.0098128,-0.0046542,0.0030699,0.0117,0.005553,-0.001244,-0.0036377,0.0058291,-0.0046974,-0.0046632,-0.48872,3.8645,0.011502,-0.31993,3.1024,-1.9215,-0.62835,-3.7912,0.67861,0.029084,-0.26535,-0.036566,0.088558,0.0014823,-0.0041207,-0.29658,-0.33976,0.033412,0.11283,0.11407,-0.0057901,-0.12395,-0.14655,-0.025998,184,184,6365,15,1003.9
21.4,0.0012692,0.0098474,6370,0.018679,0.55564,0.0031235,0.009181,-0.00014076,0.0029204,0.00034561,1,2,0.92766,99.334,0.6,0,0,-0.0013352,-0.010872,0.0017166,0.10624,-0.098887,0.013386,0.00095369,0.010491,-0.0032425,0.10357,-0.088973,0.0067414,-0.0047197,0.0017005,0.0042961,0.0017124,-0.0024028,0.0033799,0.0051244,-0.0045892,0.0026474,0.0065149,-0.0033272,0.0043781,0.62835,3.7912,-0.12652,-0.5526,2.8227,-1.9077,1.1869,-3.4249,0.6326,1.3088,-0.074875,-0.027473,0.078093,-0.018837,-0.0091242,-0.30825,-0.33483,-0.01118,0.1234,0.11051,0.015819,-0.19791,-0.17246,-0.06025,184,184,6372,15,1003.9
21.413,0.0014465,0.0044128,6377,0.012832,0.55816,0.0030784,0.0092426,-0.0018843,0.004531,-0.0001597,1,2,0.96451,99.335,0.6,0,0,-0.0013352,-0.010872,0.0017166,0.10624,-0.098887,0.013386,0.00095369,0.010491,-0.0032425,0.10357,-0.088973,0.0067414,-0.0064473,-0.0025207,0.0045954,-0.0051127,-0.0047153,0.0048493,0.0023261,-0.0045097,0.0001832,0.0082204,0.001527,0.010293,1.4662,3.6081,-0.49458,-0.49443,2.5634,-1.9941,0.20945,-3.4249,0.79363,0.31993,0.13178,0.034535,0.08577,-0.035761,-0.0078272,-0.29812,-0.28931,-0.062502,0.12465,0.089621,0.043963,-0.25067,-0.18725,-0.11444,184,184,6378,15,1003.9
21.439,0.0012758,0.010921,6385,0.026134,0.56275,0.0030257,0.0093442,-0.0013655,0.0026933,0.0018097,1,2,0.0034044,99.342,0.6,0,0,-0.0013352,-0.010872,0.0017166,0.10624,-0.098887,0.013386,0.00095369,0.010491,-0.0032425,0.10357,-0.088973,0.0067414,-0.0033395,-0.012468,0.008924,0.0025857,-0.0020515,0.0084491,0.0031666,-0.0033605,0.0046277,0.0071683,-0.0066378,-0.0036401,-0.76799,3.6813,0.12652,-0.5526,2.9829,-2.0148,-1.3265,-3.2418,0.67861,1.0179,-0.30488,-0.012382,0.10129,-0.045668,-0.0029,-0.21381,-0.22756,-0.10359,0.1351,0.025113,0.086616,-0.30989,-0.18961,-0.17646,184,184,6388,15,1003.9
21.462,0.0014662,0.012767,6394,0.022436,0.56114,0.0029777,0.0093301,-0.0017267,2.0359e-05,-3.2471e-05,1,2,0.044985,99.339,0.6,0,0,-0.0013352,-0.010872,0.0017166,0.10624,-0.098887,0.013386,0.00095369,0.010491,-0.0032425,0.10357,-0.088973,0.0067414,-0.0027878,-0.0063554,0.0062924,-0.0059516,0.0019389,0.0018763,0.0089141,-0.0073965,0.0048293,-0.0039134,-0.0047864,0.0085806,0.62835,3.6081,-0.35656,-0.26176,2.9228,-1.9606,0.76799,-3.8278,0.77062,0.49443,-0.19825,0.13176,0.10751,-0.026468,0.018178,0.07154,-0.12633,-0.059871,0.16412,-0.1197,0.12592,-0.35941,-0.20193,-0.23285,184,184,6397,15,1003.9
21.482,0.0015038,0.010865,6402,0.019873,0.55961,0.0029506,0.0093107,0.0005387,-0.00051002,1.2809e-05,1,2,0.088655,99.337,0.6,0,0,-0.0013352,-0.010872,0.0017166,0.10624,-0.098887,0.013386,0.00095369,0.010491,-0.0032425,0.10357,-0.088973,0.0067414,-0.0042838,-0.0057902,0.0043949,-0.0042056,-0.0046582,-0.0047654,0.0040445,-0.0079042,0.0073601,0.00049551,-0.0030267,0.017638,-0.48872,3.4982,0.37956,-0.20359,2.7632,-2.0104,0.34908,-3.2418,0.77062,0.029084,0.066501,0.17916,0.043209,0.0142,0.022225,0.28231,-0.15554,0.010818,0.19386,-0.19267,0.10328,-0.33642,-0.20135,-0.24119,184,184,6405,15,1003.9
21.493,0.0012469,0.0042567,6409,0.011327,0.55798,0.0029678,0.0092754,0.00058717,-0.0024617,-0.00036585,1,2,0.12396,99.341,0.6,0,0,-0.0013352,-0.010872,0.0017166,0.10624,-0.098887,0.013386,0.00095369,0.010491,-0.0032425,0.10357,-0.088973,0.0067414,-0.0039209,-0.0095946,0.013964,-0.00024776,-0.00064632,0.0065303,0.006121,-0.0044487,0.0032181,0.00092149,-0.0066113,0.0055027,1.0473,4.011,-0.12652,-0.66894,2.8818,-1.6481,0.34908,-3.4615,0.70161,0.49443,-0.040129,0.035019,-0.028913,0.029366,0.038922,0.34876,-0.2013,0.029184,0.19787,-0.19107,0.07285,-0.2863,-0.16925,-0.24966,184,184,6410,15,1003.9
21.52,0.001567,0.011539,6417,0.026832,0.55436,0.002926,0.0092225,0.00034053,-0.0024016,-0.0014671,1,2,0.16347,99.344,0.6,0,0,-0.0013352,-0.010872,0.0017166,0.10624,-0.098887,0.013386,0.00095369,0.010491,-0.0032425,0.10357,-0.088973,0.0067414,-0.0093014,-0.0062253,0.007225,-0.0099984,0.00037869,-0.0007071,0.0076119,-0.0033031,0.0071579,0.003484,0.0022612,0.0074721,1.0473,3.3516,-0.35656,-0.26176,2.3833,-1.8988,0.34908,-3.4615,0.72462,0.49443,-0.17251,0.011319,-0.058079,0.0306,0.051255,0.36227,-0.2027,0.030537,0.19644,-0.16929,0.055978,-0.26067,-0.15241,-0.25008,184,184,6420,15,1003.9
21.534,0.0012633,0.0058946,6425,0.014538,0.54798,0.0028961,0.0091151,-0.00083201,-0.0037466,-0.002661,1,2,0.20345,99.346,0.6,0,0,-0.0013352,-0.010872,0.0017166,0.10624,-0.098887,0.013386,0.00095369,0.010491,-0.0032425,0.10357,-0.088973,0.0067414,0.0034232,-0.0041936,0.00084802,-0.010645,-0.0054053,0.006756,0.0058233,-0.0057802,0.00024195,0.0060753,0.0034085,0.0067736,-0.069817,3.8645,0.011502,-0.49443,2.5439,-2.1404,0.20945,-3.6447,0.6326,0.49443,-0.21386,-0.27744,-0.05953,0.026887,0.054586,0.32887,-0.19316,0.028305,0.19379,-0.13839,0.043241,-0.25029,-0.14643,-0.23204,184,184,6427,15,1003.9
21.56,0.0012577,0.011413,6433,0.025626,0.54224,0.0028593,0.0090217,-0.00022821,-0.0049608,-0.0016306,1,2,0.24366,99.348,0.6,0,0,-0.0013352,-0.010872,0.0017166,0.10624,-0.098887,0.013386,0.00095369,0.010491,-0.0032425,0.10357,-0.088973,0.0067414,-0.0012422,-0.012738,0.009037,0.0033339,-0.0010468,0.0080189,0.0085385,-0.0071204,0.003974,0.003255,-0.011969,-0.0077802,-0.069817,3.6081,-0.011502,-0.66894,3.3625,-2.0591,-1.8851,-3.6447,0.58659,0.3781,-0.073679,-0.049142,-0.037801,0.017091,0.054789,0.2618,-0.17233,0.022791,0.18874,-0.10041,0.034192,-0.2499,-0.148,-0.19601,184,184,6436,15,1003.9
21.579,0.0014602,0.0098687,6442,0.01939,0.53591,0.0028137,0.0089203,-0.00024525,-0.0042455,0.00014589,1,2,0.28593,99.343,0.6,0,0,-0.0013352,-0.010872,0.0017166,0.10624,-0.098887,0.013386,0.00095369,0.010491,-0.0032425,0.10357,-0.088973,0.0067414,-0.0054292,-0.0060792,0.0053929,-0.004209,-0.0047082,0.0017702,0.011068,-0.0078013,0.00031795,-0.0014875,-0.00055239,0.0068225,1.4662,3.6447,-0.35656,-0.14542,2.902,-1.7259,-0.069817,-3.4249,0.72462,0.20359,-0.07966,0.059203,-0.00021568,0.0039192,0.051803,0.16699,-0.14032,0.016006,0.17642,-0.070059,0.028555,-0.25008,-0.16406,-0.14914,184,184,6444,15,1003.9
21.599,0.0012663,0.01048,6449,0.019858,0.5305,0.0027769,0.0088327,-0.00070778,-0.0040965,0.0002206,1,2,0.32403,99.352,0.6,0,0,-0.0013352,-0.010872,0.0017166,0.10624,-0.098679,0.013778,0.00095369,0.010491,-0.0032425,0.10357,-0.088973,0.0067414,-0.0015192,-0.0095855,0.0037694,-0.004745,-0.0036098,0.0047097,0.010454,-0.0040523,-0.00095462,0.0079943,0.0015958,0.0097259,1.0473,3.7179,0.011502,-0.66894,2.8431,-2.2107,0.20945,-2.6923,0.6556,0.31993,0.0041869,-0.075842,0.043231,-0.0080917,0.045525,0.061575,-0.1025,0.011093,0.15622,-0.061592,0.0277,-0.2475,-0.19914,-0.11175,184,184,6452,15,1003.9
21.618,0.0013449,0.0094832,6458,0.01912,0.52391,0.0027089,0.0087335,-0.0027271,-0.0042664,0.00056801,1,2,0.36442,99.349,0.6,0,0,-0.0013352,-0.010872,0.0017166,0.10624,-0.098679,0.013778,0.00095369,0.010491,-0.0032425,0.10357,-0.088973,0.0067414,-0.0035709,-0.013654,0.00065241,-0.0040997,0.0021156,0.015618,0.0067929,-0.0036798,0.0034492,0.0064666,-0.0060931,-0.0070738,0.34908,3.7546,-0.47158,-0.14542,2.9809,-1.5452,0.069817,-3.2784,0.58659,0.66894,0.025149,-0.1096,0.083861,-0.024169,0.044788,-0.044115,-0.072244,0.012068,0.13509,-0.071667,0.028595,-0.24686,-0.24141,-0.090292,184,184,6460,15,1003.9
21.642,0.0014147,0.012439,6466,0.023338,0.51809,0.0026549,0.0086438,-0.0021002,-0.0041155,0.00029274,1,2,0.40533,99.35,0.6,0,0,-0.0013352,-0.010872,0.0017166,0.10624,-0.098887,0.013386,0.00095369,0.010491,-0.0032425,0.10357,-0.088973,0.0067414,-0.0060979,-0.0028975,0.0050934,0.0030397,0.0040689,0.013557,0.0032153,-0.0046738,0.0035432,0.0060623,-0.00093269,0.010037,0.34908,3.9744,-0.35656,-0.49443,1.9246,-2.0811,0.48872,-3.8278,0.6096,0.66894,-0.36298,0.0022257,0.11052,-0.035146,0.046406,-0.11498,-0.069125,0.015053,0.12211,-0.073158,0.029873,-0.26326,-0.27509,-0.076434,184,184,6470,15,1003.9
21.654,0.0012583,0.0057229,6474,0.012594,0.51245,0.0026237,0.0085505,-0.001479,-0.0060487,-0.00030686,1,2,0.44363,99.352,0.6,0,0,-0.0013352,-0.010872,0.0017166,0.10624,-0.098887,0.013386,0.00095369,0.010491,-0.0032425,0.10357,-0.088973,0.0067414,-0.00086901,-0.0033894,0.0022888,-0.009701,-0.002239,0.0041305,0.0085985,-0.0034762,0.0063938,0.0043841,0.0048669,0.0012978,-0.069817,4.011,0.26454,-0.66894,2.9036,-2.1741,-0.20945,-3.6447,0.6556,0.49443,-0.34441,0.011803,0.11703,-0.035156,0.038996,-0.15776,-0.070239,0.033987,0.12412,-0.061149,0.030696,-0.28461,-0.27918,-0.041566,184,184,6476,15,1003.9
21.682,0.0014207,0.013649,6482,0.027439,0.50183,0.0026173,0.0083584,0.0012865,-0.004908,0.0010498,1,2,0.48297,99.349,0.6,0,0,-0.0013352,-0.010872,0.0017166,0.10624,-0.098887,0.013386,0.00095369,0.010491,-0.0032425,0.10357,-0.088973,0.0067414,-0.0018362,0.003037,0.0065249,-0.0010041,0.0022683,0.0055916,0.0039057,-0.0043106,0.0035788,0.006547,-0.0083502,-0.0011176,0.34908,3.6447,-0.37956,-0.5526,2.6617,-1.5316,2.1643,-4.0476,0.67861,0.84344,-0.31149,-0.23865,0.11783,-0.018414,0.017735,-0.20328,-0.083053,0.065473,0.1329,-0.035977,0.024702,-0.28867,-0.2534,0.029468,184,184,6487,15,1003.9
21.694,0.0012431,0.0055051,6491,0.0124,0.49806,0.002614,0.0082905,-2.0688e-05,-0.0065549,-0.0024478,1,2,0.52372,99.354,0.6,0,0,-0.0013352,-0.010872,0.0017166,0.10624,-0.098887,0.013386,0.00095369,0.010491,-0.0032425,0.10357,-0.088973,0.0067414,-0.0097735,-0.0022271,0.0069885,-0.00025651,-0.0063688,0.00073727,0.011373,-0.0065702,0.0025303,0.0011754,0.0014062,-0.0036403,1.0473,3.8278,-0.24154,-0.14542,2.8227,-1.9077,0.76799,-3.4615,0.74762,1.3088,-0.24439,-0.070328,0.12384,0.045571,-0.035997,-0.28552,-0.12442,0.11751,0.13777,0.010615,0.015953,-0.21122,-0.19845,0.11453,184,184,6493,15,1003.9
21.72,0.0021789,0.012045,6499,0.026394,0.49119,0.0025822,0.0081748,-0.00077666,-0.0046576,-0.0020498,1,2,0.56484,99.35,0.6,0,0,-0.0013352,-0.010872,0.0017166,0.10624,-0.098887,0.013386,0.00095369,0.010491,-0.0032425,0.10357,-0.088973,0.0067414,-0.0026868,-0.0052645,0.0067845,-0.0013706,-0.011092,-0.0029773,0.0091432,-0.0045681,0.0045193,0.0027905,0.0041954,0.0073285,1.4662,3.7546,-0.24154,-0.20359,3.0231,-2.0808,-0.62835,-3.2418,0.79363,0.49443,-0.11919,0.083388,0.14018,0.16704,-0.096917,-0.42404,-0.22748,0.21258,0.1352,0.044739,0.0094695,0.1053,-0.12189,0.05029,184,184,6502,15,1003.9
21.74,0.0012578,0.010891,6507,0.019422,0.48304,0.0025238,0.0080441,-0.00086538,-0.0069399,-8.8986e-05,1,2,0.60461,99.357,0.6,0,0,-0.0013352,-0.010872,0.0017166,0.10624,-0.098887,0.013386,0.00095369,0.010491,-0.0032425,0.10357,-0.088973,0.0067414,-0.0027917,-0.0086212,0.010421,-0.0075841,-0.0042863,0.013664,0.0061756,-0.0041654,0.0049777,-0.00076555,-0.013612,-0.0034374,0.34908,3.7546,-0.35656,-0.78527,2.5224,-1.6816,0.20945,-3.2418,0.86264,0.84344,-0.17251,0.011319,0.15261,0.17455,-0.049129,-0.42696,-0.23779,0.21521,0.046367,0.059884,-0.0030679,0.27057,-0.18016,-0.012178,184,184,6510,15,1003.9
21.762,0.0012741,0.010882,6517,0.022141,0.47461,0.0024708,0.0079064,-0.00092306,-0.0037874,-0.0013076,1,2,0.64894,99.362,0.6,0,0,-0.0013352,-0.010872,0.0017166,0.10624,-0.098887,0.013386,0.00095369,0.010491,-0.0032425,0.10357,-0.088973,0.0067414,-0.0094433,-0.004835,0.003316,-0.011168,-0.0049752,-0.0011489,0.0036407,-0.0051606,0.00082774,0.00048347,-0.0011907,0.014147,0.34908,3.6447,-0.12652,-0.14542,3.1212,-1.5735,-0.20945,-2.8388,0.72462,1.1343,-0.1839,-0.12827,0.1631,0.14206,-0.016008,-0.37375,-0.1758,0.1954,-0.0056618,0.070626,-0.015689,0.30532,-0.2254,-0.028258,184,184,6520,15,1003.9
21.778,0.0013934,0.0091883,6524,0.016178,0.47065,0.0024133,0.007852,-0.0033226,-0.005616,-0.00015167,1,2,0.68493,99.358,0.6,0,0,-0.0013352,-0.010872,0.0017166,0.10624,-0.098887,0.013386,0.00095369,0.010491,-0.0032425,0.10357,-0.088973,0.0067414,-0.0050591,-0.00069054,0.0068473,0.0037029,-2.3636e-05,0.0027473,-0.0013472,-0.0027213,-0.0023685,0.0073996,-0.00087991,0.00030555,1.0473,3.7546,-0.35656,-0.49443,2.7029,-1.9114,-0.76799,-3.0586,0.6556,0.20359,-0.32584,0.02138,0.17619,0.11557,-0.011507,-0.35119,-0.17146,0.18476,-0.029426,0.075066,-0.023887,0.29806,-0.22474,-0.032491,184,184,6526,15,1003.9
21.8,0.0013775,0.012917,6532,0.022325,0.46364,0.002357,0.0077411,-0.0022911,-0.0033745,-0.00085244,1,2,0.72201,99.359,0.6,0,0,-0.0013352,-0.010872,0.0017166,0.10624,-0.098887,0.013386,0.00095369,0.010491,-0.0032425,0.10357,-0.088973,0.0067414,-0.015606,-0.007184,-0.00024821,-0.010469,0.00026762,0.0045882,0.0063459,-0.0057036,0.0049359,0.0038512,-0.0062192,-0.0068359,1.4662,3.7179,-0.12652,-0.84344,2.7629,-1.9431,-0.069817,-3.4249,0.74762,0.66894,-0.13298,-0.012866,0.17374,0.082121,-0.0017849,-0.32845,-0.17773,0.16262,-0.026154,0.083509,-0.025547,0.25517,-0.20956,-0.038469,184,184,6536,15,1003.9
21.82,0.0015199,0.01064,6542,0.019832,0.45716,0.0022961,0.0076415,-0.0021293,-0.0051338,-0.0021597,1,2,0.76657,99.364,0.6,0,0,-0.0013352,-0.010872,0.0017166,0.10624,-0.098887,0.013386,0.00095369,0.010491,-0.0032425,0.10357,-0.088973,0.0067414,-0.010024,-0.0053124,0.0065419,-0.0025073,-0.0056375,0.00632,0.004576,-0.0057551,0.0035387,0.0049288,0.00019992,0.016334,-0.069817,3.8278,-0.35656,-0.61077,2.3833,-1.8988,-0.62835,-3.2418,0.83963,0.49443,-0.39653,-0.081936,0.15945,0.041087,0.0078523,-0.3027,-0.20654,0.12917,-0.0013162,0.10013,-0.027959,0.17163,-0.17616,-0.040978,184,184,6544,15,1003.9
21.843,0.0014288,0.014142,6549,0.022316,0.44883,0.0022654,0.0074989,-0.0024271,-0.0056611,-0.0042086,1,2,0.80383,99.354,0.6,0,0,-0.0013352,-0.010872,0.0017166,0.10624,-0.098887,0.013386,0.00095369,0.010491,-0.0032425,0.10357,-0.088973,0.0067414,-0.00036382,-0.0030691,0.0092003,-0.009479,0.0024223,0.0083281,0.0078627,-0.0060919,0.0059078,-0.0009118,0.0031886,0.01839,0.34908,3.8645,0.12652,-0.31993,2.8625,-1.8616,-0.62835,-3.0586,0.79363,0.31993,-0.33724,-0.11821,0.1361,0.019868,0.0076062,-0.29322,-0.24965,0.096493,0.039587,0.1107,-0.024783,0.078935,-0.14166,-0.035443,184,184,6554,15,1003.9
21.851,0.0014955,0.0023788,6557,0.0084744,0.44752,0.002251,0.0074793,-0.0007788,-0.0045342,-0.0034101,1,2,0.84423,99.36,0.6,0,0,-0.0013352,-0.010872,0.0017166,0.10624,-0.098887,0.013386,0.00095369,0.010491,-0.0032425,0.10357,-0.088973,0.0067414,-0.002247,-0.013305,0.0086897,-0.0038608,-0.00066686,0.002264,0.0043267,-0.0042051,0.0048264,4.2402e-05,0.0038914,0.018645,-1.1869,3.6081,-0.37956,-0.66894,2.2879,-1.5575,-1.3265,-3.6447,0.67861,0.84344,-0.30488,-0.012382,0.1101,0.010397,0.0020982,-0.29605,-0.30148,0.063738,0.082039,0.11518,-0.018787,-0.020251,-0.12537,-0.027022,184,184,6556,15,1003.9
21.872,0.001605,0.0022175,6563,0.021089,0.44314,0.0022242,0.0074075,-0.0011191,-0.0039825,-0.0023298,1,2,0.88714,99.359,0.6,0,0,-0.0013352,-0.010872,0.0017166,0.10624,-0.098887,0.013386,0.00095369,0.010491,-0.0032425,0.10357,-0.088973,0.0067414,-0.0157,-0.0053733,0.0056403,-0.0068031,0.0019158,0.010807,0.0021885,-0.0081407,0.0059707,0.0047592,0.00097302,0.012518,1.4662,3.4615,-0.10352,-0.31993,1.8513,-1.7515,0.76799,-3.4249,0.81663,0.49443,-0.098229,0.049626,0.085204,-0.00040596,-0.0049368,-0.30086,-0.34488,0.026892,0.11427,0.11653,-0.0062818,-0.12749,-0.14919,-0.027053,184,184,6562,15,1003.9
21.902,0.0014139,0.011296,6570,0.030169,0.43583,0.0021799,0.0072876,-0.0012745,-0.0041357,-0.00032637,1,2,0.9292,99.369,0.6,0,0,-0.0013352,-0.010872,0.0017166,0.10624,-0.098887,0.013386,0.00095369,0.010491,-0.0032425,0.10357,-0.088973,0.0067414,-0.0061435,-0.0045449,0.003862,-0.011077,-0.0037167,-0.0019628,0.011678,-0.0039844,0.0090433,0.0085564,0.0026074,0.0065537,0.34908,3.9011,-0.49458,-0.31993,3.0821,-1.8212,-0.62835,-3.0586,0.58659,0.66894,-0.27014,0.050111,0.075985,-0.020671,-0.0097981,-0.31116,-0.33739,-0.019228,0.1245,0.11217,0.015077,-0.19942,-0.17411,-0.061414,184,184,6573,15,1003.9
21.922,0.0083294,0.019623,6575,0.020013,0.43221,0.0021835,0.0072206,-0.00031888,-0.0038987,-0.0015644,1,2,0.96334,99.355,0.6,0,0,-0.0013352,-0.010872,0.0017166,0.10624,-0.098887,0.013386,0.00095369,0.010491,-0.0032425,0.10357,-0.088973,0.0067414,-0.004814,-0.0033913,-0.0013424,-0.0055142,-0.00010487,0.0121,0.0068714,-0.0043112,0.0065172,0.0066802,0.00097356,0.011516,-0.76799,3.315,-0.37956,-0.66894,2.9228,-1.9606,-0.069817,-3.2418,0.77062,0.31993,-0.17251,0.011319,0.084248,-0.036421,-0.0082998,-0.29949,-0.2918,-0.067083,0.1251,0.09071,0.043003,-0.25162,-0.18876,-0.11232,184,184,6578,15,1003.9
21.934,0.0014567,0.0059113,6581,0.011887,0.42357,0.0021476,0.0070739,0.00056027,-0.0040831,-5.6458e-05,1,2,0.0038152,99.372,0.6,0,0,-0.0013352,-0.010872,0.0017166,0.10624,-0.098887,0.013386,0.00095369,0.010491,-0.0032425,0.10357,-0.088973,0.0067414,-0.0068216,-0.010021,0.00081765,0.0013792,-0.0039459,0.011289,0.0074158,-0.0016902,0.0014481,0.010602,0.0018767,0.021314,0.34908,3.7179,0.14952,-0.84344,2.5622,-1.6356,0.069817,-3.6447,0.74762,0.95978,-0.38993,0.14433,0.10045,-0.046271,-0.0035816,-0.21366,-0.22893,-0.10606,0.13429,0.025079,0.085903,-0.31225,-0.19096,-0.17548,184,184,6583,15,1003.9
21.993,0.0017489,0.04504,6589,0.058884,0.41718,0.0020841,0.0069765,-0.00027966,-0.0035955,0.0026446,1,2,0.043848,99.361,0.6,0,0,-0.0013352,-0.010872,0.0017166,0.10624,-0.098887,0.013386,0.00095369,0.010491,-0.0032425,0.10357,-0.088973,0.0067414,-0.0038026,-0.0013646,0.0089105,-0.013285,0.001662,0.0011138,0.012813,-0.0065652,0.011089,0.0033745,0.0039492,0.015545,0.62835,3.7179,0.26454,-0.31993,2.6644,-2.316,-0.34908,-3.2418,0.88564,0.49443,-0.073053,0.28547,0.10811,-0.026897,0.017352,0.069021,-0.12786,-0.060325,0.16203,-0.11803,0.12479,-0.36111,-0.20203,-0.23159,184,184,6594,15,1003.9
22.011,0.0055711,0.016108,6597,0.018067,0.41411,0.0020748,0.0069234,0.00063934,-0.0020997,0.0028954,1,2,0.14558,99.373,0.6,0,0,-0.0013352,-0.010872,0.0017166,0.10624,-0.098679,0.013778,0.00095369,0.010491,-0.0032425,0.10357,-0.088973,0.0067414,-0.00099084,-0.00075905,0.0021679,-0.0096426,0.003134,0.013108,0.0041534,-0.005492,0.0073188,0.0059122,0.0089556,0.01597,1.4662,3.9011,-0.35656,-1.0761,2.7026,-1.9796,-0.62835,-3.2418,0.77062,0.84344,-0.25157,0.059687,0.045395,0.012626,0.03224,0.29481,-0.16301,0.0071185,0.19735,-0.17317,0.087873,-0.32486,-0.19058,-0.23789,184,184,6600,15,1003.9
22.032,0.0012217,0.011593,6606,0.020927,0.41129,0.002052,0.0068789,-0.0011267,-0.0011594,0.001367,1,2,0.18782,99.373,0.6,0,0,-0.0013352,-0.010872,0.0017166,0.10624,-0.098887,0.013386,0.00095369,0.010491,-0.0032425,0.10357,-0.088973,0.0067414,-0.0021071,-0.00010575,0.0045071,-0.0047317,-0.0027402,-0.0011324,0.0068523,-0.0062134,6.6097e-05,-9.3083e-05,0.0046739,-0.00099768,1.4662,3.6447,0.011502,-0.31993,2.5121,-1.2512,-1.0473,-3.6447,0.72462,0.3781,-0.44922,0.18061,-0.02494,0.025953,0.047291,0.31928,-0.19407,0.024636,0.19465,-0.15221,0.053008,-0.27315,-0.15433,-0.23098,184,184,6610,15,1003.9
22.051,0.0013642,0.0093575,6616,0.018714,0.40521,0.0020189,0.0067779,-0.00014654,5.4237e-05,0.0024494,1,2,0.22993,99.373,0.6,0,0,-0.0013352,-0.010872,0.0017166,0.10624,-0.098887,0.013386,0.00095369,0.010491,-0.0032425,0.10357,-0.088973,0.0067414,0.0012162,-0.0089249,0.010633,-0.012985,0.0035171,0.014799,0.0045744,-0.0042341,0.0016552,0.0050386,-0.0046653,-0.00039125,-0.48872,3.8645,-0.10352,-1.1343,2.922,-1.7365,-0.62835,-3.0586,0.81663,0.84344,-0.17251,0.011319,-0.033435,0.020011,0.053797,0.27927,-0.17811,0.023391,0.19026,-0.11385,0.038316,-0.25678,-0.14752,-0.20549,184,184,6618,15,1003.9
22.072,0.0013014,0.01159,6624,0.021399,0.40489,0.0020191,0.006772,0.0019323,-9.9136e-05,0.0034479,1,2,0.2682,99.374,0.6,0,0,-0.0013352,-0.010872,0.0017166,0.10624,-0.098887,0.013386,0.00095369,0.010491,-0.0032425,0.10357,-0.088973,0.0067414,-0.0087812,-0.001682,-0.00060984,-0.0046957,-0.0040047,0.0019295,0.010108,-0.002934,0.00012965,0.0064628,-0.0010219,0.0011541,-0.48872,3.9377,-0.12652,-0.49443,3.3407,-1.5331,-0.20945,-3.2418,0.6096,0.20359,-0.15154,-0.022443,-0.010066,0.007864,0.05325,0.20366,-0.15326,0.017735,0.18169,-0.080144,0.031228,-0.25408,-0.15643,-0.1657,184,184,6628,15,1003.9
22.098,0.0014031,0.017074,6632,0.025461,0.40636,0.0020427,0.0067917,0.0008996,0.0010218,0.0044462,1,2,0.30824,99.381,0.6,0,0,-0.0013352,-0.010872,0.0017166,0.10624,-0.098679,0.013778,0.00095369,0.010491,-0.0032425,0.10357,-0.088973,0.0067414,-0.007589,-0.010171,0.0082783,-0.0013018,0.00023364,0.010066,0.0021817,-0.0041015,0.0025169,0.0056431,-0.0016748,0.0069983,0.34908,3.7546,0.011502,-0.66894,3.0019,-1.8696,-0.20945,-3.0586,0.58659,1.1343,-0.13298,-0.012866,0.02773,-0.0033396,0.047664,0.10565,-0.11802,0.013239,0.16406,-0.064213,0.028039,-0.25092,-0.18366,-0.1251,184,184,6636,15,1003.9
22.12,0.0011937,0.017754,6641,0.022016,0.41029,0.0020623,0.0068575,0.0010027,0.0010892,0.0044527,1,2,0.35062,99.376,0.6,0,0,-0.0013352,-0.010872,0.0017166,0.10624,-0.098887,0.013386,0.00095369,0.010491,-0.0032425,0.10357,-0.088973,0.0067414,-0.0041465,-0.0040591,0.0059702,-0.0060523,0.00065838,0.0035851,0.0072368,-0.0049007,0.0022606,0.0092662,-0.00096615,0.012693,1.4662,3.7179,-0.24154,-0.49443,2.3833,-1.8988,1.1869,-3.8645,0.6326,0.84344,-0.0053831,0.097511,0.069987,-0.017376,0.04372,-0.008058,-0.079332,0.012509,0.141,-0.065997,0.026718,-0.24593,-0.22605,-0.095264,184,184,6646,15,1003.9
22.131,0.0012713,0.01087,6648,0.011304,0.41276,0.0020778,0.0068978,0.00090101,0.0032327,0.0046572,1,2,0.38711,99.381,0.6,0,0,-0.0013352,-0.010872,0.0017166,0.10624,-0.098887,0.013386,0.00095369,0.010491,-0.0032425,0.10357,-0.088973,0.0067414,-0.0012849,-0.0048467,-0.0038094,-0.004635,-0.0083058,-0.0035813,0.0021278,-0.00521,-0.0031723,0.0015028,0.0023949,0.0049545,-0.069817,3.4982,-0.37956,-0.66894,2.8823,-1.805,-0.62835,-3.6447,0.77062,0.029084,-0.13298,-0.012866,0.10401,-0.032287,0.04582,-0.090625,-0.069248,0.011593,0.12497,-0.074134,0.029831,-0.25487,-0.26484,-0.082739,184,184,6651,15,1003.9
22.15,0.0013252,0.0096524,6657,0.019121,0.41823,0.0021234,0.0069839,0.0032091,0.0032313,0.002517,1,2,0.42793,99.376,0.6,0,0,-0.0013352,-0.010872,0.0017166,0.10624,-0.098887,0.013386,0.00095369,0.010491,-0.0032425,0.10357,-0.088973,0.0067414,-0.0018192,-0.0086808,0.0081575,-0.0046874,-0.010712,0.0059683,0.0066924,-0.0045235,0.0057216,-0.0026431,-0.011805,-0.0035674,0.76799,3.6813,0.011502,-0.14542,2.7632,-2.0104,0.76799,-3.4249,0.77062,0.31993,-0.087463,-0.1454,0.1159,-0.03645,0.043086,-0.14164,-0.068788,0.024663,0.1215,-0.067247,0.030943,-0.27698,-0.28172,-0.060637,184,184,6659,15,1003.9
22.171,0.0013365,0.010696,6665,0.020668,0.42363,0.0021265,0.0070813,0.0011659,0.0041732,0.002221,1,2,0.46718,99.382,0.6,0,0,-0.0013352,-0.010872,0.0017166,0.10624,-0.098887,0.013386,0.00095369,0.010491,-0.0032425,0.10357,-0.088973,0.0067414,-0.0038016,-0.0071573,0.001153,-0.0030487,0.00065762,0.0066197,0.00088913,-0.0008073,0.0075144,0.0047252,0.0024742,0.0057358,-0.76799,3.9744,-0.37956,-0.49443,2.6631,-1.9574,-0.62835,-3.4249,0.6556,0.66894,-0.17251,0.011319,0.11705,-0.028441,0.028564,-0.18227,-0.074917,0.052254,0.12932,-0.048023,0.028112,-0.29152,-0.26652,-0.0029911,184,184,6668,15,1003.9
22.192,0.0013419,0.011497,6674,0.021344,0.42711,0.0021291,0.0071439,-0.00071502,0.0029253,-0.0010615,1,2,0.50829,99.379,0.6,0,0,-0.0013352,-0.010872,0.0017166,0.10624,-0.098887,0.013386,0.00095369,0.010491,-0.0032425,0.10357,-0.088973,0.0067414,-0.003601,-0.012618,0.0021987,-0.0039552,0.0042502,0.0031033,0.0048821,-0.0033826,-0.0026662,-0.0004615,0.00019725,0.01294,-0.34908,3.6081,-0.37956,-1.3088,3.1419,-1.7858,0.069817,-3.6447,0.74762,0.029084,0.26176,0.10157,0.12049,0.013677,-0.010959,-0.24842,-0.10503,0.093673,0.13654,-0.0099579,0.01728,-0.25863,-0.22195,0.084124,184,184,6677,15,1003.9
22.215,0.001534,0.014173,6682,0.023226,0.43001,0.0021029,0.0072044,-0.0010781,0.0027434,-0.00208,1,2,0.54936,99.369,0.6,0,0,-0.0013352,-0.010872,0.0017166,0.10624,-0.098887,0.013386,0.00095369,0.010491,-0.0032425,0.10357,-0.088973,0.0067414,-0.0019831,-0.0084147,-0.003043,0.00053644,0.0015291,0.008078,-0.0020929,-0.0015929,-0.0012493,0.010419,-0.011896,-0.0077878,0.76799,3.8645,0.011502,-0.3781,3.0818,-1.754,-1.3265,-3.4615,0.83963,1.1343,-0.098229,0.049626,0.1333,0.12814,-0.08462,-0.37335,-0.18412,0.18077,0.14241,0.035774,0.013379,-0.021248,-0.1435,0.088216,184,184,6686,15,1003.9
22.223,0.0013123,0.0030292,6688,0.0072794,0.43052,0.002083,0.0072194,-0.00042389,0.0034192,-0.0028572,1,2,0.5861,99.371,0.6,0,0,-0.0013352,-0.010872,0.0017166,0.10624,-0.098887,0.013386,0.00095369,0.010491,-0.0032425,0.10357,-0.088973,0.0067414,-0.0012475,-0.0024707,0.0045491,-0.013517,-0.0013697,0.01001,0.0011923,-0.0039767,0.0026825,0.0028627,-0.0027534,0.004337,0.34908,3.6081,0.011502,-0.14542,2.9228,-1.9606,-0.62835,-3.4249,0.67861,0.49443,-0.20964,-0.0078353,0.15086,0.18767,-0.077297,-0.45202,-0.2668,0.22908,0.082431,0.053637,0.00039205,0.24141,-0.14206,0.0047032,184,184,6688,15,1003.9
22.251,0.0016063,0.01122,6694,0.028077,0.43302,0.0020594,0.0072717,-0.00058311,0.0026668,-0.0046862,1,2,0.62638,99.388,0.6,0,0,-0.0013352,-0.010872,0.0017166,0.10624,-0.098887,0.013386,0.00095369,0.010491,-0.0032425,0.10357,-0.088973,0.0067414,-0.0091329,-0.006054,0.0082812,-0.0045815,0.00094169,0.0097661,0.0095155,-0.0046707,0.0030222,0.0075381,-9.259e-05,0.012375,-0.48872,3.7912,-0.12652,-0.14542,2.4436,-1.9978,-1.0473,-3.2784,0.49458,0.029084,-0.17011,-0.03202,0.15512,0.1535,-0.020568,-0.38604,-0.18457,0.20013,0.008524,0.067139,-0.0094544,0.29651,-0.2189,-0.02468,184,184,6697,15,1003.9
22.272,0.0013134,0.012611,6702,0.021451,0.43235,0.002034,0.0072666,-0.00072549,0.00067092,-0.0018152,1,2,0.66596,99.365,0.6,0,0,-0.0013352,-0.010872,0.0017166,0.10624,-0.098887,0.013386,0.00095369,0.010491,-0.0032425,0.10357,-0.088973,0.0067414,-0.0030304,0.0047504,0.013574,0.0029479,-0.0018946,0.0028493,0.0062801,-0.0020852,0.003585,0.0044288,-0.0028848,-0.0016663,1.0473,3.7546,0.011502,-0.84344,3.0628,-2.0347,-0.62835,-3.4615,0.77062,0.66894,-0.21204,0.035503,0.17477,0.13037,-0.016623,-0.36286,-0.17442,0.19456,-0.025315,0.0725,-0.023181,0.3103,-0.22661,-0.02834,184,184,6705,15,1003.9
22.3,0.0014813,0.020002,6709,0.028044,0.42863,0.001974,0.0072159,-0.00088183,-0.0020419,-5.3884e-05,1,2,0.70764,99.385,0.6,0,0,-0.0013352,-0.010872,0.0017166,0.10624,-0.098887,0.013386,0.00095369,0.010491,-0.0032425,0.10357,-0.088973,0.0067414,-0.005541,0.0058546,0.0042836,-0.0029328,-0.0029125,0.011386,0.005266,-0.0017112,0.0046285,0.0066863,-0.005468,-0.0087073,1.0473,3.8645,-0.37956,-0.49443,2.6835,-2.0577,0.34908,-3.8278,0.67861,0.66894,-0.10062,0.092965,0.17596,0.094689,-0.0038322,-0.33482,-0.16968,0.17278,-0.031347,0.078548,-0.024276,0.27605,-0.21926,-0.037048,184,184,6714,15,1003.9
22.308,0.0013905,0.0075911,6716,0.0079018,0.42918,0.0019779,0.0072248,-0.0015181,0.00020954,2.3317e-05,1,2,0.74816,99.391,0.6,0,0,-0.0013352,-0.010872,0.0017166,0.10624,-0.098887,0.013386,0.00095369,0.010491,-0.0032425,0.10357,-0.088973,0.0067414,-0.0093972,-0.0043326,0.012561,-0.0019488,-0.004287,-0.0043865,0.0011502,-0.0043779,0.0016324,0.0078075,0.0036001,0.016279,0.20945,3.4982,0.14952,-0.43626,2.6231,-1.9362,-0.62835,-3.2418,0.58659,0.029084,-0.3504,0.12015,0.16773,0.057944,0.0036882,-0.31309,-0.19258,0.14479,-0.014782,0.092695,-0.028011,0.21038,-0.1905,-0.039703,184,184,6716,15,1003.9
22.329,0.0015358,0.0092916,6723,0.020797,0.42763,0.0019709,0.0071987,-0.00063008,-0.00087074,0.0022151,1,2,0.78635,99.392,0.6,0,0,-0.0013352,-0.010872,0.0017166,0.10624,-0.098887,0.013386,0.00095369,0.010491,-0.0032425,0.10357,-0.088973,0.0067414,-0.0063819,-0.0021807,-0.0012459,-0.012214,-0.0041965,0.0041445,0.014201,-0.0012742,-0.0015362,0.010562,-0.0023976,0.0016965,0.20945,3.6447,0.011502,-0.66894,3.4405,-1.4964,-0.76799,-3.4615,0.74762,0.20359,0.24319,0.091997,0.14757,0.027464,0.0082635,-0.29512,-0.22872,0.11141,0.020431,0.10676,-0.02657,0.12134,-0.15599,-0.038969,184,184,6725,15,1003.9
22.35,0.0012296,0.010146,6732,0.020734,0.41796,0.0019725,0.0070231,0.0019319,-0.0054733,0.0025762,1,2,0.82578,99.386,0.6,0,0,-0.0013352,-0.010872,0.0017166,0.10624,-0.098887,0.013386,0.00095369,0.010491,-0.0032425,0.10357,-0.088973,0.0067414,-0.0059514,-0.0056293,0.0042592,-0.0041268,0.0025762,0.0037308,0.0018567,-0.0035311,0.0050683,0.0018157,-0.0021589,0.004857,1.0473,3.9744,-0.35656,-1.0179,2.982,-1.7683,-1.3265,-3.2784,0.81663,0.029084,-0.45583,-0.045659,0.12056,0.013956,0.005398,-0.29397,-0.27754,0.078659,0.064522,0.11327,-0.020828,0.023964,-0.12869,-0.030843,184,184,6735,15,1003.9
22.372,0.0014517,0.012048,6741,0.02252,0.41384,0.0019731,0.0069482,0.001255,-0.0024996,-0.0018563,1,2,0.86738,99.388,0.6,0,0,-0.0013352,-0.010872,0.0017166,0.10624,-0.098887,0.013386,0.00095369,0.010491,-0.0032425,0.10357,-0.088973,0.0067414,0.0009584,-0.0065818,0.0054471,-0.0061071,-0.0080509,-0.011131,0.0054836,-0.0013068,-0.0050425,0.0038949,0.0059941,-0.0040813,0.34908,3.6447,-0.24154,-0.14542,3.1419,-1.7858,-1.3265,-3.2784,0.93165,0.31993,-0.41151,-0.15652,0.095778,0.0060737,-0.0018244,-0.29848,-0.32827,0.045814,0.1029,0.11584,-0.013098,-0.078295,-0.1342,-0.024258,184,184,6744,15,1003.9
22.39,0.0016842,0.010638,6748,0.017823,0.40977,0.0019522,0.0068803,-0.00075656,-0.0034775,-0.0039107,1,2,0.90624,99.391,0.6,0,0,-0.0013352,-0.010872,0.0017166,0.10624,-0.098887,0.013386,0.00095369,0.010491,-0.0032425,0.10357,-0.088973,0.0067414,-0.0088081,-0.0052974,0.0084099,-0.0051312,-0.0012346,7.8356e-05,0.007962,-0.0013249,0.0010135,0.0071811,-0.0045251,0.0066769,0.34908,3.7179,0.011502,-0.5526,2.8825,-1.8722,0.76799,-3.6447,0.67861,0.31993,-0.18629,-0.084935,0.077697,-0.0092635,-0.0087708,-0.30503,-0.34804,0.0061133,0.12317,0.11509,0.0040873,-0.16779,-0.16224,-0.038208,184,184,6750,15,1003.9
22.411,0.0019318,0.011789,6755,0.020731,0.405,0.0019445,0.0067959,0.00016905,-0.0050215,-0.0005376,1,2,0.94588,99.393,0.6,0,0,-0.0013352,-0.010872,0.0017166,0.10624,-0.098887,0.013386,0.00095369,0.010491,-0.0032425,0.10357,-0.088973,0.0067414,-0.0068412,0.0010044,0.0032396,0.005998,-0.0035779,0.0075367,0.0034236,-0.0018303,0.0038918,0.0032518,-0.0015036,-0.00055209,0.76799,3.6813,-0.35656,-0.31993,2.8233,-2.0645,0.76799,-3.4982,0.77062,1.0179,-0.19586,0.088418,0.077998,-0.029323,-0.0095336,-0.30978,-0.31693,-0.042279,0.12465,0.10372,0.028319,-0.22551,-0.18356,-0.084872,184,184,6758,15,1003.9
22.429,0.0012348,0.0092742,6763,0.018488,0.4005,0.0019043,0.0067257,-0.0015807,-0.0025564,-0.0019718,1,2,0.98665,99.394,0.6,0,0,-0.0013352,-0.010872,0.0017166,0.10624,-0.098887,0.013386,0.00095369,0.010491,-0.0032425,0.10357,-0.088973,0.0067414,-0.0043148,-0.0031423,0.007258,-0.0028044,-0.010459,0.0030361,0.0031612,-0.0059114,0.0065012,0.0033707,0.0036435,0.01201,-0.48872,3.8278,-0.37956,-0.95978,2.7833,-2.0434,-0.76799,-3.4615,0.77062,0.66894,-0.41391,-0.11318,0.091757,-0.043338,-0.0065635,-0.26927,-0.26036,-0.093975,0.1288,0.063547,0.063715,-0.284,-0.18917,-0.1461,184,184,6765,15,1003.9
22.46,0.0013781,0.011572,6773,0.031074,0.39217,0.0018524,0.0065893,-0.0021451,-0.0063502,-0.00034901,1,2,0.0444,99.392,0.6,0,0,-0.0013352,-0.010872,0.0017166,0.10624,-0.098887,0.013386,0.00095369,0.010491,-0.0032425,0.10357,-0.088973,0.0067414,-0.013251,-0.010169,0.010918,-0.0035814,2.7381e-05,0.004865,0.0099373,-0.0080967,0.0053974,0.0012027,-0.0078557,-0.011933,1.1869,3.7546,0.14952,-0.66894,2.3625,-1.6641,-0.34908,-4.2308,0.6556,0.31993,-0.43726,-0.036082,0.10918,-0.038665,0.013394,-0.012888,-0.1702,-0.089111,0.15428,-0.076109,0.11828,-0.35316,-0.19015,-0.22508,184,184,6776,15,1003.9
22.468,0.0013423,0.007133,6778,0.0074519,0.38721,0.0018296,0.0065056,-0.00095556,-0.0061352,0.00024864,1,2,0.068199,99.392,0.6,0,0,-0.0013352,-0.010872,0.0017166,0.10624,-0.098887,0.013386,0.00095369,0.010491,-0.0032425,0.10357,-0.088973,0.0067414,-0.0092927,-0.0041821,0.0042404,-0.00075525,-0.0018679,0.0080359,0.0051435,-0.0048191,0.0064161,-0.0007634,-0.005255,-0.0010679,0.20945,3.8278,-0.10352,-0.61077,2.6026,-1.7912,0.34908,-3.2418,0.83963,0.95978,-0.20964,-0.0078353,0.067938,0.0067208,0.018826,0.2473,-0.12542,-0.00080586,0.18611,-0.18582,0.11277,-0.35553,-0.20713,-0.23864,184,184,6781,15,1003.9
22.493,0.001518,0.011508,6786,0.024928,0.381,0.0018242,0.0063946,0.00040542,-0.0058155,-0.00050568,1,2,0.10966,99.395,0.6,0,0,-0.0013352,-0.010872,0.0017166,0.10624,-0.098679,0.013778,0.00095369,0.010491,-0.0032425,0.10357,-0.088973,0.0067414,-0.0057131,-0.010649,0.0041983,0.0054345,-0.00458,0.00010089,0.0030331,-0.0048744,0.0059769,0.002482,0.0023447,0.0050874,-0.48872,3.7179,-0.35656,-0.49443,2.2827,-1.8468,-0.62835,-3.6447,0.72462,0.31993,-0.44803,0.15894,-0.012565,0.026852,0.032607,0.33501,-0.19535,0.02886,0.19574,-0.19658,0.079721,-0.29967,-0.17819,-0.24613,184,184,6788,15,1003.9
22.51,0.0014153,0.0098097,6792,0.017296,0.37176,0.0017959,0.006235,-0.0014116,-0.007632,-0.0008404,1,2,0.14736,99.399,0.6,0,0,-0.0013352,-0.010872,0.0017166,0.10624,-0.098635,0.01296,0.00095369,0.010491,-0.0032425,0.10357,-0.088973,0.0067414,0.00021055,-0.0058436,-0.0042604,-0.0045784,0.0011869,0.0078798,0.0042115,-0.0063372,0.0043874,0.0081181,-0.0068105,-0.0061728,0.34908,3.6081,-0.10352,-0.66894,2.2287,-1.5927,0.76799,-3.6447,0.81663,0.66894,-0.31086,0.095964,-0.05192,0.030619,0.048387,0.36772,-0.20302,0.032212,0.1946,-0.1799,0.061099,-0.26836,-0.15711,-0.25265,184,184,6794,15,1003.9
22.524,0.0015467,0.004691,6800,0.014041,0.36257,0.0017763,0.0060737,0.00053973,-0.0080211,0.001385,1,2,0.18595,99.399,0.6,0,0,-0.0013352,-0.010872,0.0017166,0.10624,-0.098635,0.01296,0.00095369,0.010491,-0.0032425,0.10357,-0.088973,0.0067414,-0.0085452,-0.0027251,0.0032,-0.0068999,0.00099471,0.01097,0.0023792,-0.0039472,0.0062817,0.0099438,-0.0026945,-0.0062006,-0.48872,3.4615,0.011502,-0.49443,2.5442,-1.9832,0.76799,-3.4249,0.74762,0.31993,0.025149,-0.1096,-0.062142,0.028967,0.053822,0.35113,-0.19828,0.031134,0.19204,-0.15326,0.047452,-0.25405,-0.14859,-0.24261,184,184,6801,15,1003.9
22.55,0.0012293,0.0096158,6809,0.025757,0.35446,0.0017902,0.0059219,0.00056549,-0.0058276,0.0044356,1,2,0.22705,99.4,0.6,0,0,-0.0013352,-0.010872,0.0017166,0.10624,-0.098427,0.013352,0.00095369,0.010491,-0.0032425,0.10357,-0.088973,0.0067414,-0.00074744,-0.00078401,0.0019877,-0.01645,-0.0013427,0.0062876,0.0073842,-0.0038009,-0.0014831,0.0017838,-0.00020796,-0.0024762,-0.48872,3.6447,-0.10352,-0.49443,2.7425,-1.7315,0.48872,-3.2418,0.74762,0.66894,-0.33724,-0.11821,-0.048798,0.021566,0.054979,0.29548,-0.1813,0.026817,0.18851,-0.11687,0.03659,-0.25048,-0.14687,-0.21272,184,184,6811,15,1003.9
22.571,0.0013273,0.010178,6818,0.020983,0.34344,0.0018256,0.0057094,0.0010987,-0.0068439,0.0061731,1,2,0.26802,99.394,0.6,0,0,-0.0013352,-0.010872,0.0017166,0.10624,-0.098635,0.01296,0.00095369,0.010491,-0.0032425,0.10357,-0.088973,0.0067414,-0.0065999,0.0013405,0.0038253,-0.0011056,0.0040494,0.0041813,-7.2982e-05,-0.0030424,0.0020231,0.0038485,-0.0051001,-0.0147,0.34908,3.6447,-0.37956,-1.0761,2.704,-1.9783,0.76799,-3.2784,0.77062,0.66894,0.0755,0.36209,-0.015357,0.0087722,0.053651,0.21055,-0.15472,0.019822,0.17977,-0.080049,0.029677,-0.25251,-0.15599,-0.16811,184,184,6820,15,1003.9
22.59,0.0013319,0.0079097,6827,0.019158,0.336,0.0018433,0.0055671,0.0013996,-0.0076617,0.0041352,1,2,0.31091,99.398,0.6,0,0,-0.0013352,-0.010872,0.0017166,0.10624,-0.098635,0.01296,0.00095369,0.010491,-0.0032425,0.10357,-0.088973,0.0067414,-0.004965,-0.0041449,0.00562,-0.0038505,-0.0076865,0.001869,0.0055894,-0.00726,0.0058195,0.0067222,0.0090311,0.0047456,-0.76799,3.7179,-0.10352,-0.43626,2.8033,-1.8295,1.1869,-3.2418,0.74762,0.029084,-0.17968,0.14133,0.027205,-0.0035968,0.047617,0.10386,-0.11625,0.014363,0.16137,-0.062881,0.0265,-0.25052,-0.18451,-0.12374,184,184,6828,15,1003.9
22.604,0.0013059,0.0042165,6834,0.013757,0.32851,0.0018272,0.0054346,-0.00068296,-0.0063461,0.0025464,1,2,0.34583,99.403,0.6,0,0,-0.0013352,-0.010872,0.0017166,0.10624,-0.098635,0.01296,0.00095369,0.010491,-0.0032425,0.10357,-0.088973,0.0067414,-0.0044919,-0.0054573,0.0046723,-0.0063775,-0.00040197,0.0035346,0.0061975,-0.0019636,-0.0029369,0.00086446,-0.0097805,-0.0018654,1.4662,3.7546,-0.35656,-0.49443,2.6243,-2.0256,-0.62835,-3.2784,0.77062,0.3781,-0.17251,0.011319,0.071815,-0.016942,0.04274,-0.0016333,-0.082047,0.012119,0.13977,-0.065884,0.027483,-0.24841,-0.22658,-0.096499,184,184,6835,15,1003.9
22.631,0.0013229,0.011298,6843,0.027051,0.32087,0.0018242,0.0052947,-5.6423e-05,-0.00549,0.0019403,1,2,0.3858,99.397,0.6,0,0,-0.0013352,-0.010872,0.0017166,0.10624,-0.098635,0.01296,0.00095369,0.010491,-0.0032425,0.10357,-0.088973,0.0067414,-0.0070072,-0.0087796,0.0070656,-0.0047213,-0.00016067,0.0069236,0.00048821,-0.0036741,-0.00091585,0.0035061,-0.0061889,-0.0058679,0.34908,3.7179,-0.49458,-0.5526,2.9239,-2.0275,-0.20945,-3.6447,0.77062,1.3088,-0.13298,-0.012866,0.1041,-0.031657,0.045353,-0.087202,-0.069989,0.012674,0.12298,-0.074528,0.029065,-0.25609,-0.26489,-0.082771,184,184,6846,15,1003.9
22.65,0.0012386,0.0094973,6852,0.019214,0.31224,0.0018081,0.0051409,0.00013973,-0.0064324,0.0020936,1,2,0.42762,99.403,0.6,0,0,-0.0013352,-0.010872,0.0017166,0.10624,-0.098427,0.013352,0.00095369,0.010491,-0.0032425,0.10357,-0.088973,0.0067414,-0.0028156,-0.0069859,0.005907,-0.0052351,-0.0026599,-0.00081951,0.0014765,-0.005349,0.0059329,0.0035115,0.0040034,0.011235,-0.76799,4.011,0.011502,-0.49443,2.5441,-2.1188,-0.62835,-3.2784,0.6556,0.3781,-0.38395,0.035987,0.11623,-0.036392,0.042819,-0.14061,-0.070245,0.025821,0.11919,-0.067594,0.030412,-0.27872,-0.28317,-0.060543,184,184,6854,15,1003.9
22.672,0.0012318,0.011198,6860,0.021745,0.30902,0.001813,0.0050796,0.00076882,-0.0042074,0.0019489,1,2,0.46771,99.392,0.6,0,0,-0.0013352,-0.010872,0.0017166,0.10624,-0.098427,0.013352,0.00095369,0.010491,-0.0032425,0.10357,-0.088973,0.0067414,-0.0058611,-0.0076081,0.012866,-0.00071919,0.00012189,0.0078471,0.0084295,-0.0025975,0.0042478,0.0013752,-0.0019668,0.0064517,1.0473,3.7179,0.011502,-0.49443,2.6629,-1.8236,0.34908,-2.8755,0.79363,0.66894,-0.014382,-0.085419,0.11708,-0.027789,0.02809,-0.18251,-0.075246,0.053564,0.12764,-0.047673,0.027583,-0.29294,-0.26799,-0.0016852,184,184,6863,15,1003.9
22.692,0.0013354,0.010736,6869,0.020784,0.30427,0.0017928,0.0049987,-0.00036687,-0.0035541,0.0054755,1,2,0.51042,99.403,0.6,0,0,-0.0013352,-0.010872,0.0017166,0.10624,-0.098635,0.01296,0.00095369,0.010491,-0.0032425,0.10357,-0.088973,0.0067414,-0.0078289,-0.002972,0.0051151,-0.0046497,-0.0024791,-0.0025485,0.0050537,-0.004768,0.0039371,0.0039017,-0.0051946,0.0045456,1.0473,3.2784,-0.10352,-0.66894,2.4246,-2.0542,-0.34908,-3.2418,0.67861,0.31993,-0.19825,0.13176,0.12056,0.01702,-0.013403,-0.25214,-0.10621,0.096392,0.13502,-0.0077441,0.017155,-0.25628,-0.22285,0.088228,184,184,6871,15,1003.9
22.704,0.0012827,0.0040798,6875,0.011344,0.3021,0.0017821,0.0049624,0.00011956,-0.0041079,0.0080147,1,2,0.54623,99.398,0.6,0,0,-0.0013352,-0.010872,0.0017166,0.10624,-0.098427,0.013352,0.00095369,0.010491,-0.0032425,0.10357,-0.088973,0.0067414,-0.0046139,-0.0049803,0.0039222,-0.0054541,-0.0077849,-0.00073219,0.0029193,-0.0044513,-0.0032729,0.0060155,0.0009019,0.012986,-0.48872,3.315,-0.24154,-0.43626,3.0624,-1.8113,0.48872,-3.4615,0.81663,0.31993,-0.37016,0.13224,0.13151,0.12718,-0.083373,-0.37451,-0.18566,0.17922,0.142,0.035139,0.013573,-0.023245,-0.14491,0.088436,184,184,6876,15,1003.9
22.732,0.0013162,0.011396,6883,0.027764,0.2999,0.0017791,0.0049226,0.0008663,-0.0016866,0.011607,1,2,0.58724,99.406,0.6,0,0,-0.0013352,-0.010872,0.0017166,0.10624,-0.098635,0.01296,0.00095369,0.010491,-0.0032425,0.10357,-0.088973,0.0067414,-0.0066865,-0.0050167,0.012238,-0.0029352,-0.0035283,0.0068525,0.0039383,-0.00078525,-0.0032091,0.0069964,-0.0097862,0.0026938,0.76799,3.7546,0.12652,-0.84344,3.0223,-1.6546,-0.34908,-3.2784,0.81663,0.49443,-0.035344,-0.051658,0.14817,0.1881,-0.076785,-0.45446,-0.26676,0.22743,0.085213,0.05432,0.00044736,0.24404,-0.14035,0.0050571,184,184,6886,15,1003.9
22.744,0.0013125,0.0042642,6891,0.01229,0.2986,0.0018123,0.0048863,0.003892,-0.0017985,0.010618,1,2,0.62613,99.411,0.6,0,0,-0.0013352,-0.010872,0.0017166,0.10624,-0.098635,0.01296,0.00095369,0.010491,-0.0032425,0.10357,-0.088973,0.0067414,-0.0089342,0.00098897,0.004823,-0.001448,-0.0039606,-0.00044152,0.0036861,-0.00012135,0.0010554,0.0070967,-0.0055434,0.0019778,1.4662,3.4249,-0.35656,-0.26176,2.3545,-1.3013,-0.62835,-3.3883,0.72462,0.5526,-0.21204,0.035503,0.15181,0.15453,-0.019135,-0.3872,-0.18224,0.20001,0.010803,0.066971,-0.0083162,0.2973,-0.2183,-0.024911,184,184,6892,15,1003.9
22.77,0.0013848,0.0098764,6900,0.026064,0.29167,0.0018333,0.004749,0.0012145,-0.0042303,0.0045185,1,2,0.66703,99.409,0.6,0,0,-0.0013352,-0.010872,0.0017166,0.10624,-0.098427,0.013352,0.00095369,0.010491,-0.0032425,0.10357,-0.088973,0.0067414,-0.0046686,-0.0057781,0.0054711,-0.0028797,-0.0077431,-0.004445,0.012206,-0.0038318,-0.0021949,0.0056695,0.0015279,0.011562,-0.069817,3.9744,0.12652,-0.31993,2.703,-1.8448,-0.20945,-3.4615,0.81663,0.31993,-0.17251,0.011319,0.1716,0.12999,-0.015878,-0.36404,-0.17317,0.19304,-0.022624,0.073302,-0.022365,0.3103,-0.22573,-0.028763,184,184,6902,15,1003.9
22.792,0.0013232,0.012484,6908,0.022145,0.28787,0.0018273,0.0046803,-0.00098537,-0.0024174,0.002239,1,2,0.70612,99.405,0.6,0,0,-0.0013352,-0.010872,0.0017166,0.10624,-0.098427,0.013352,0.00095369,0.010872,-0.0032425,0.10357,-0.088973,0.0067414,-0.01278,-0.009494,-0.00072286,-0.0040076,-0.00049123,0.0033049,0.0080873,-0.0012561,-0.0014699,0.0037887,-0.010085,-0.0084265,0.76799,3.6447,-0.12652,-0.49443,2.823,-1.9084,-0.76799,-3.6813,0.81663,0.31993,-0.3001,-0.099058,0.17314,0.096244,-0.0044216,-0.33765,-0.16877,0.17168,-0.028882,0.079343,-0.023509,0.27848,-0.21858,-0.037237,184,184,6912,15,1003.9
22.81,0.0013091,0.010124,6917,0.018005,0.28865,0.0018673,0.004679,0.0012282,-0.00080979,0.0064037,1,2,0.74684,99.412,0.6,0,0,-0.0013352,-0.010872,0.0017166,0.10624,-0.098427,0.013352,0.00095369,0.010872,-0.0032425,0.10357,-0.088973,0.0067414,-0.0061535,-0.0020183,0.00496,0.0012342,-0.0017126,0.0063262,0.010251,-0.0038761,0.0075,0.0013414,0.00032198,0.0042389,-0.48872,3.4249,-0.24154,-0.31993,2.3435,-1.8783,0.76799,-3.8278,0.72462,0.20359,0.013186,0.10709,0.16593,0.059707,0.0040591,-0.31469,-0.18999,0.14554,-0.013465,0.092079,-0.027012,0.21332,-0.19083,-0.040255,184,184,6919,15,1003.9
22.832,0.0015229,0.012108,6925,0.022318,0.28892,0.0018952,0.0046729,0.0011796,-0.00093361,0.0079694,1,2,0.78748,99.408,0.6,0,0,-0.0013352,-0.010872,0.0017166,0.10624,-0.098635,0.01296,0.00095369,0.010872,-0.0032425,0.10357,-0.088973,0.0067414,-0.0015963,-0.0065978,-0.0011971,0.0070763,-0.001553,0.0073333,0.0075835,-0.0037022,-0.0024944,0.0027169,0.0052117,0.0097204,0.34908,3.7179,0.011502,-0.087253,2.3647,-2.0449,-0.62835,-3.6813,0.74762,0.66894,-0.22582,-0.060751,0.14564,0.02746,0.0089422,-0.2956,-0.22712,0.11079,0.02117,0.10691,-0.026374,0.12171,-0.15505,-0.038954,184,184,6928,15,1003.9
22.854,0.0027298,0.011329,6934,0.021325,0.28947,0.0019104,0.0046771,5.4271e-05,0.00060607,0.0077968,1,2,0.8339,99.411,0.6,0,0,-0.0013352,-0.010872,0.0017166,0.10624,-0.098427,0.013352,0.00095369,0.010872,-0.0032425,0.10357,-0.088973,0.0067414,-0.004257,0.00096006,0.011413,0.0013317,0.0029358,0.011792,0.0078098,-0.0048024,-0.0032747,0.00508,-0.013856,-0.0044094,0.34908,3.4982,-0.011502,-1.0179,2.6221,-1.5782,-0.62835,-3.6447,0.86264,0.49443,-0.37198,-0.1807,0.11758,0.011078,0.0063929,-0.29325,-0.28315,0.074564,0.066037,0.11449,-0.022439,0.012146,-0.12807,-0.029682,184,184,6936,15,1003.9
22.872,0.0018911,0.012549,6939,0.018295,0.29269,0.0019578,0.0047183,0.0020025,0.0015848,0.0090767,1,2,0.8664,99.411,0.6,0,0,-0.0013352,-0.010872,0.0017166,0.10624,-0.098427,0.013352,0.00095369,0.010872,-0.0032425,0.10357,-0.088973,0.0067414,-0.0044088,-0.00077369,-0.0030839,0.0014552,0.0032115,0.0062836,-0.00094371,-0.0068541,0.00052808,0.0015969,-0.0030792,-0.011193,1.0473,4.0476,-0.35656,-0.31993,3.0224,-1.8125,-0.62835,-3.8645,0.77062,0.66894,-0.33724,-0.11821,0.092521,0.0061736,-0.0027381,-0.29859,-0.32791,0.044218,0.1081,0.11492,-0.010645,-0.08111,-0.13405,-0.02304,184,184,6942,15,1003.9
22.891,0.0018182,0.010948,6945,0.01849,0.29631,0.001969,0.0047821,0.0029858,0.0045341,0.010133,1,2,0.9069,99.41,0.6,0,0,-0.0013352,-0.010872,0.0017166,0.10624,-0.098635,0.01296,0.00095369,0.010872,-0.0032425,0.10357,-0.088973,0.0067414,-0.0055851,-0.004949,0.0013878,0.002175,0.00097771,0.00906,0.0076295,-0.0050079,0.0036714,-0.0028447,-0.0026855,0.0042062,-0.48872,3.7912,-0.10352,-0.61077,2.2849,-2.0698,1.3265,-3.4615,0.6326,-0.31993,-0.25157,0.059687,0.07658,-0.0094219,-0.008543,-0.30432,-0.34573,0.0051711,0.12441,0.11401,0.0057758,-0.17012,-0.16253,-0.038032,184,184,6947,15,1003.9
22.914,0.0014121,0.014354,6952,0.023291,0.30598,0.0019719,0.004963,0.0030042,0.0086717,0.0036145,1,2,0.94588,99.397,0.6,0,0,-0.0013352,-0.010872,0.0017166,0.10624,-0.098427,0.013352,0.00095369,0.010872,-0.0032425,0.10357,-0.088973,0.0067414,-0.00016453,-0.0081662,0.0046416,-0.00035225,-0.0055208,0.0058968,0.010385,-0.0041227,0.00065743,0.0039527,0.0045659,0.0020579,-0.48872,3.4249,0.12652,0.029084,2.7034,-1.9793,0.76799,-3.4982,0.58659,0.20359,0.059895,-0.047111,0.078087,-0.029132,-0.0095327,-0.30825,-0.3143,-0.043171,0.12513,0.10322,0.029116,-0.22589,-0.18254,-0.085038,184,184,6956,15,1003.9
22.931,0.0012324,0.0095968,6960,0.016869,0.31458,0.0020056,0.005111,0.0011167,0.008946,-0.0048902,1,2,0.98887,99.411,0.6,0,0,-0.0013352,-0.010872,0.0017166,0.10624,-0.098427,0.013352,0.00095369,0.010872,-0.0032425,0.10357,-0.088973,0.0067414,-0.0051463,-0.005292,0.0090138,-0.0049647,-0.0026478,0.013042,0.0037744,-0.003137,0.00095251,0.0014284,-0.0051933,-0.0082469,1.4662,3.7912,-0.12652,-0.31993,3.2232,-2.1202,-0.34908,-3.6447,0.93165,0.84344,0.087463,0.1454,0.091686,-0.043792,-0.0062568,-0.26433,-0.25659,-0.095492,0.12963,0.06037,0.065842,-0.28649,-0.18875,-0.14862,184,184,6962,15,1003.9
22.944,0.0014405,0.0042417,6967,0.012901,0.32667,0.0020292,0.0053282,0.0014869,0.011178,-0.0021631,1,2,0.025598,99.411,0.6,0,0,-0.0013352,-0.010872,0.0017166,0.10624,-0.098427,0.013352,0.00095369,0.010872,-0.0032425,0.10357,-0.088973,0.0067414,-0.0029976,-0.0084464,0.005577,-0.006322,-0.0074904,-0.00052605,0.0050698,-0.0037909,0.0015929,0.010347,0.0036396,0.0037047,-1.1869,3.6447,-0.49458,-0.43626,3.1424,-1.8536,0.34908,-3.8278,0.77062,0.84344,-0.17011,-0.03202,0.10922,-0.04089,0.0077396,-0.071996,-0.18275,-0.093224,0.14899,-0.051368,0.11348,-0.34418,-0.19221,-0.21233,184,184,6968,15,1003.9
22.994,0.0018784,0.021515,6979,0.050513,0.34847,0.0020618,0.0057219,0.0013002,0.0095853,0.0013859,1,2,0.092669,99.318,0.6,0,0,-0.0013352,-0.010872,0.0017166,0.10624,-0.098635,0.01296,0.00095369,0.010872,-0.0032425,0.10357,-0.088973,0.0067414,-0.0060394,-0.0077155,0.0098955,-0.0090627,6.7061e-05,0.006492,0.0073139,-0.0043884,0.0071931,0.0072558,-0.0048019,0.0053693,0.20945,3.7546,0.011502,-0.66894,3.0037,-2.0026,0.069817,-3.0586,0.88564,0.029084,-0.47679,-0.011898,0.078023,0.0020575,0.024158,0.25522,-0.11893,-0.011699,0.18805,-0.17873,0.1142,-0.35751,-0.20408,-0.24372,184,184,6983,15,1003.9
23.007,0.0013856,0.012379,6985,0.013076,0.35323,0.0020627,0.0058097,0.0019611,0.0081067,0.0014325,1,2,0.13646,99.317,0.6,0,0,-0.0013352,-0.010872,0.0017166,0.10624,-0.098427,0.013352,0.00095369,0.010872,-0.0032425,0.10357,-0.088973,0.0067414,-0.0071695,-0.00021383,0.0049314,-0.0023747,2.1641e-05,0.0089157,0.007269,-0.0052008,0.0020711,0.0007856,-0.0024266,-0.0037846,1.0473,3.9377,-0.37956,-0.14542,2.9831,-1.9931,-0.20945,-3.8278,0.72462,0.5526,-0.13298,-0.012866,-0.013184,0.026748,0.036664,0.33539,-0.19958,0.025333,0.19789,-0.18417,0.072395,-0.29401,-0.17164,-0.24679,184,184,6988,15,1003.9
23.017,0.0014728,0.0059025,6990,0.010016,0.35537,0.0020544,0.0058522,0.00088628,0.0053084,0.0029122,1,2,0.16958,99.32,0.6,0,0,-0.0013352,-0.010872,0.0017166,0.10624,-0.098427,0.013352,0.00095369,0.010872,-0.0032425,0.10357,-0.088973,0.0067414,-0.0036331,-0.0034514,0.0079469,-0.00017277,-0.00098609,0.0022693,0.0074474,-0.0029567,-0.00019223,0.012101,0.0039159,0.0026036,-0.48872,3.7179,-0.35656,-0.26176,3.6197,-1.2335,-0.62835,-3.315,0.6326,0.49443,-0.23061,0.025926,-0.050303,0.029087,0.05112,0.35393,-0.19938,0.029297,0.19573,-0.1648,0.055309,-0.26441,-0.15221,-0.24591,184,184,6992,15,1003.9
23.033,0.0058763,0.015906,6994,0.016211,0.35609,0.0020501,0.0058671,-0.00015721,0.0046086,0.0029205,1,2,0.191,99.32,0.6,0,0,-0.0013352,-0.010872,0.0017166,0.10624,-0.098635,0.01296,0.00095369,0.010872,-0.0032425,0.10357,-0.088973,0.0067414,-0.005557,-0.0054218,0.0083027,-0.010898,-0.007269,-0.0086612,0.0019988,-0.00073403,0.0044689,0.0077593,0.0023929,0.0099675,0.34908,3.6447,0.10352,-0.49443,2.5236,-1.8158,-1.0473,-3.1319,0.72462,0.66894,0.30369,0.034051,-0.057765,0.02668,0.05427,0.3412,-0.19512,0.028753,0.19365,-0.14817,0.048542,-0.25648,-0.14852,-0.23812,184,184,6997,15,1003.9
23.054,0.0018324,0.010372,7002,0.020338,0.35153,0.0020219,0.0057927,-0.001063,-0.0030852,-0.0038498,1,2,0.23448,99.315,0.6,0,0,-0.0013352,-0.010872,0.0017166,0.10624,-0.098635,0.01296,0.00095369,0.010872,-0.0032425,0.10357,-0.088973,0.0067414,-0.0058945,-0.0093289,0.0058418,-0.0046006,-0.0031378,0.0062837,0.0026811,-0.0049758,0.0046361,0.0015329,-0.0059664,-0.0004315,-0.069817,3.315,-0.10352,-0.3781,2.1845,-1.9272,-0.62835,-3.6447,0.58659,0.20359,0.26416,0.058235,-0.042842,0.020331,0.054309,0.2811,-0.17702,0.025288,0.18792,-0.10992,0.034821,-0.25106,-0.14695,-0.20508,184,184,7004,15,1003.9
23.075,0.0017894,0.012959,7008,0.02133,0.34677,0.002016,0.0057066,-0.00067426,-0.0035393,-0.0049533,1,2,0.27192,99.322,0.6,0,0,-0.0013352,-0.010872,0.0017166,0.10624,-0.098635,0.01296,0.00095369,0.010872,-0.0032425,0.10357,-0.088973,0.0067414,-0.013058,-0.0020189,0.00028748,-0.015328,0.0011788,0.015727,0.0034122,-0.0044823,0.0075892,0.0051674,-0.0029361,0.0043941,-0.76799,3.7912,-0.35656,-0.66894,2.5831,-1.713,0.20945,-3.6447,0.81663,0.49443,-0.27731,0.18013,-0.0094902,0.0069017,0.053244,0.19924,-0.15022,0.018169,0.17876,-0.077744,0.030028,-0.25329,-0.15827,-0.16285,184,184,7011,15,1003.9
23.096,0.0012446,0.012491,7016,0.020581,0.34149,0.0019687,0.0056256,-0.0014699,-0.0033369,0.00049962,1,2,0.31304,99.325,0.6,0,0,-0.0013352,-0.010872,0.0017166,0.10624,-0.098635,0.01296,0.00095369,0.010872,-0.0032425,0.10357,-0.088973,0.0067414,-0.0032579,-0.0049209,0.00089221,0.0019925,-0.00059115,0.0080795,0.0085861,-0.0081707,-0.0061435,0.0044978,-0.0040017,0.00058537,1.0473,3.7179,0.24154,-0.5526,3.0023,-1.644,-0.62835,-3.4615,0.6326,0.31993,-0.26535,-0.036566,0.031225,-0.0042843,0.04683,0.095244,-0.11366,0.013384,0.1606,-0.062799,0.026937,-0.25016,-0.1873,-0.1213,184,184,7019,15,1003.9
23.114,0.0013421,0.011306,7023,0.018437,0.33495,0.0019155,0.0055233,-0.0020169,-0.0035655,0.0024184,1,2,0.35243,99.313,0.6,0,0,-0.0013352,-0.010872,0.0017166,0.10624,-0.098635,0.01296,0.00095369,0.010872,-0.0032425,0.10357,-0.088973,0.0067414,-0.0085673,-0.0047015,-0.001766,-0.0010225,0.00055678,0.010732,0.009201,-0.0045079,0.00078105,0.0031395,-0.0061118,-0.004303,-0.48872,3.7912,0.12652,-0.31993,3.1032,-1.921,0.48872,-3.6447,0.67861,0.3781,-0.37016,0.13224,0.074532,-0.018736,0.04328,-0.014801,-0.077718,0.012786,0.13798,-0.067318,0.027018,-0.24733,-0.23018,-0.094188,184,184,7026,15,1003.9
23.134,0.0016296,0.010894,7031,0.019535,0.32965,0.0019179,0.0054245,0.0013859,-0.0041781,0.0037059,1,2,0.39277,99.318,0.6,0,0,-0.0013352,-0.010872,0.0017166,0.10624,-0.098635,0.01296,0.0013352,0.010872,-0.0032425,0.10357,-0.088973,0.0067414,-0.0075734,-0.0050961,0.001168,-0.00684,0.0012848,0.011097,0.0080904,-0.0063565,0.0038632,-0.001541,-0.00044275,0.0075845,-0.76799,3.8645,-0.12652,-0.3781,3.0034,-1.9354,-0.34908,-3.9011,0.72462,0.14542,-0.21802,0.14385,0.1064,-0.033208,0.046066,-0.096587,-0.069125,0.013519,0.12228,-0.073971,0.029019,-0.25887,-0.26892,-0.080384,184,184,7034,15,1003.9
23.156,0.0014348,0.013695,7039,0.022188,0.3258,0.0019231,0.0053512,0.00081252,-0.0033856,0.0051012,1,2,0.4313,99.325,0.6,0,0,-0.0013352,-0.010872,0.0017166,0.10624,-0.098635,0.01296,0.0013352,0.010872,-0.0032425,0.10357,-0.088973,0.0067414,-0.0064185,-0.00058815,0.012588,-0.00086912,-0.00080785,0.013905,0.0089073,-0.0028813,-0.0057259,0.0029458,-0.010348,0.0019414,-0.48872,3.6447,0.12652,-0.43626,3.2422,-1.7038,-0.62835,-3.4982,0.67861,0.3781,0.10603,0.15497,0.11678,-0.036298,0.042214,-0.14485,-0.069111,0.027354,0.12062,-0.065843,0.030676,-0.2805,-0.28302,-0.055382,184,184,7044,15,1003.9
23.174,0.0051682,0.018007,7046,0.018312,0.32476,0.0019031,0.0053391,0.00032155,-0.0011953,0.0011427,1,2,0.46682,99.326,0.6,0,0,-0.0013352,-0.010872,0.0017166,0.10624,-0.098635,0.01296,0.0013352,0.010872,-0.0032425,0.10357,-0.088972,0.0067417,-0.0035044,0.0022297,0.0046784,-0.0029907,0.00063187,0.010421,0.0030714,-0.0080124,-0.00013703,0.0057751,-0.0054547,-0.003072,0.62835,3.6081,-0.10352,-0.49443,2.584,-1.9372,1.1869,-4.011,0.81663,0.49443,-0.058698,0.025442,0.1179,-0.027547,0.027805,-0.18304,-0.07523,0.051553,0.12828,-0.047557,0.027903,-0.29232,-0.26851,-0.00025487,184,184,7050,15,1003.9
23.192,0.0013681,0.0092637,7055,0.01809,0.32469,0.0018919,0.0053418,-0.00073117,0.00012183,-0.00057154,1,2,0.51282,99.322,0.6,0,0,-0.0013352,-0.010872,0.0017166,0.10624,-0.098635,0.01296,0.00095369,0.010872,-0.0032425,0.10357,-0.088973,0.0067414,-0.0058207,-0.00263,0.005826,0.0054556,-0.0041137,0.0034951,0.0042668,-0.0046046,0.0064364,0.0093212,-0.0026127,0.017597,-0.48872,3.7179,0.011502,-0.26176,2.509,-1.383,0.76799,-3.315,0.86264,0.3781,-0.21204,0.035503,0.12074,0.019964,-0.015667,-0.25531,-0.10738,0.098747,0.1356,-0.0054567,0.016844,-0.25185,-0.21931,0.09167,184,184,7057,15,1003.9
23.217,0.0014243,0.015195,7063,0.025142,0.3279,0.0019373,0.0053851,0.0016241,0.0016421,0.00029038,1,2,0.55136,99.321,0.6,0,0,-0.0013352,-0.010872,0.0017166,0.10624,-0.098635,0.01296,0.00095369,0.010872,-0.0032425,0.10357,-0.088973,0.0067414,-0.0029122,-0.00099499,0.0083229,-0.0015861,0.001735,0.012851,-0.0010098,-0.0054342,0.0026515,-0.0014779,0.00067493,-0.0089325,1.4662,3.7179,0.12652,-0.49443,2.7432,-1.7977,-0.069817,-3.6813,0.67861,0.49443,-0.067697,-0.15749,0.13354,0.1364,-0.087447,-0.3848,-0.19219,0.18725,0.14208,0.037474,0.012754,0.0033108,-0.13851,0.080813,184,184,7068,15,1003.9
23.226,0.0014936,0.0043714,7070,0.0090458,0.33088,0.001942,0.0054386,0.0013772,0.0024388,0.00095777,1,2,0.59123,99.329,0.6,0,0,-0.0013352,-0.010872,0.0017166,0.10624,-0.098635,0.01296,0.00095369,0.010872,-0.0032425,0.10357,-0.088973,0.0067414,-0.0049332,-0.014677,0.0082302,0.0024466,-0.0036348,0.0028169,0.0037492,-0.0010332,0.0060825,0.00076824,-0.0054508,-0.007682,1.0473,3.4249,0.034505,-1.367,3.0432,-1.8893,0.76799,-3.6081,0.81663,0.66894,-0.26535,-0.036566,0.1507,0.18673,-0.072098,-0.45022,-0.26318,0.22573,0.075764,0.055636,-0.00077702,0.25297,-0.1483,0.0006882,184,184,7071,15,1003.9
23.253,0.0015656,0.010463,7079,0.026614,0.33546,0.0019543,0.0055191,0.0001162,0.003642,0.00085531,1,2,0.63243,99.326,0.6,0,0,-0.0013352,-0.010872,0.0017166,0.10624,-0.098635,0.01296,0.00095369,0.010872,-0.0032425,0.10357,-0.088973,0.0067414,-0.010459,-0.0026114,0.0064782,-0.0050749,-0.0093185,-0.00088805,0.0041127,-0.0063653,0.00031822,0.011146,0.0014945,0.0013842,-0.76799,3.2784,-0.011502,-0.49443,2.7443,-2.0667,-1.0473,-3.9744,0.77062,0.49443,-0.28392,-0.046143,0.15505,0.15042,-0.01769,-0.38236,-0.17878,0.19769,0.006004,0.068286,-0.010092,0.29947,-0.22142,-0.026451,184,184,7081,15,1003.9
23.273,0.0013037,0.01087,7086,0.019516,0.34141,0.0019558,0.0056287,0.00017505,0.0065942,0.0015293,1,2,0.6701,99.334,0.6,0,0,-0.0013352,-0.010872,0.0017166,0.10624,-0.098842,0.012568,0.00095369,0.010872,-0.0032425,0.10357,-0.088973,0.0067414,-0.0074955,-0.0030558,0.0043591,-0.0044049,-0.0052236,0.0016487,0.0012487,-0.0061921,-0.006545,0.0024057,0.00065445,-0.0006217,1.0473,3.6447,-0.47158,-0.31993,3.0226,-1.6311,-0.76799,-3.4982,0.58659,0.66894,-0.014382,-0.085419,0.1745,0.12765,-0.015823,-0.36111,-0.17315,0.19198,-0.025775,0.073494,-0.023386,0.309,-0.22562,-0.029321,184,184,7088,15,1003.9
23.286,0.0013182,0.0044664,7093,0.013551,0.34932,0.0019557,0.0057746,0.0012049,0.0093771,0.0011982,1,2,0.71,99.331,0.6,0,0,-0.0013352,-0.010872,0.0017166,0.10624,-0.098842,0.012568,0.00095369,0.010872,-0.0032425,0.10357,-0.088973,0.0067414,-0.0009646,-0.0030974,0.0042986,-0.0086231,-0.0036518,0.0088388,0.0051643,-0.0036459,0.0050158,0.0029869,0.0027147,0.006811,0.34908,3.5714,-0.011502,-0.66894,2.8634,-1.7706,0.90762,-3.4982,0.67861,0.66894,0.087463,0.1454,0.17623,0.092804,-0.0039496,-0.33308,-0.16997,0.17015,-0.030907,0.079127,-0.024481,0.27286,-0.21695,-0.037542,184,184,7094,15,1003.9
23.318,0.0017374,0.013673,7101,0.031417,0.35875,0.0019133,0.005962,-0.00029509,0.0080615,-0.0009333,1,2,0.75489,99.331,0.6,0,0,-0.0013352,-0.010872,0.0017166,0.10624,-0.098842,0.012568,0.00095369,0.010872,-0.0032425,0.10357,-0.088973,0.0067414,-0.0015016,-0.0057533,0.0093022,-0.0033085,-0.0023988,0.001473,0.0041907,-0.0057561,0.0028959,0.0052055,0.005209,0.0079742,-0.069817,3.7179,-0.12652,-0.14542,2.9237,-1.8471,-1.1869,-3.4982,0.93165,0.31993,0.058698,-0.025442,0.16605,0.051564,0.0055452,-0.30785,-0.1953,0.13932,-0.012173,0.094895,-0.028385,0.19808,-0.18585,-0.040476,184,184,7105,15,1003.9
23.334,0.0014573,0.012344,7107,0.016391,0.36454,0.0019101,0.006069,-0.00032853,0.0076793,-0.0010849,1,2,0.79013,99.334,0.6,0,0,-0.0013352,-0.010872,0.0017166,0.10624,-0.098842,0.012568,0.00095369,0.010872,-0.0032425,0.10357,-0.088973,0.0067414,-0.0093498,-0.0013403,0.012483,-0.014047,-0.0052067,0.009581,0.0023522,-0.0053401,-0.0057919,0.0065542,-0.0034504,0.0097395,0.34908,3.7179,0.011502,-0.66894,2.9228,-1.6455,-0.20945,-3.5348,0.74762,0.95978,-0.040129,0.035019,0.14428,0.026014,0.0075777,-0.29511,-0.2336,0.10763,0.026048,0.10815,-0.025994,0.11157,-0.15099,-0.03808,184,184,7110,15,1003.9
23.355,0.0014759,0.012256,7115,0.020776,0.37157,0.0019061,0.0061986,0.00039928,0.0057434,0.0013099,1,2,0.83195,99.331,0.6,0,0,-0.0013352,-0.010872,0.0017166,0.10624,-0.098842,0.012568,0.00095369,0.010872,-0.0032425,0.10357,-0.088973,0.0067414,-0.013866,-0.0081689,0.0057046,-0.0088413,0.00044419,0.010936,0.002495,-0.0037875,-0.0033209,0.0010622,0.00068005,0.0044636,0.76799,4.0842,-0.44857,-0.49443,3.023,-1.7208,0.48872,-3.4615,0.67861,0.66894,-0.21204,0.035503,0.1175,0.012031,0.0046452,-0.29401,-0.28474,0.073436,0.069368,0.1143,-0.020663,0.01041,-0.12701,-0.030046,184,184,7119,15,1003.9
23.374,0.0014335,0.01088,7124,0.019006,0.38198,0.0019195,0.0063846,0.0017449,0.0072248,0.0021363,1,2,0.87272,99.331,0.6,0,0,-0.0013352,-0.010872,0.0017166,0.10624,-0.098842,0.012568,0.00095369,0.010872,-0.0032425,0.10357,-0.088973,0.0067414,-0.0084596,-0.0041039,0.0021621,-0.013438,-0.0013725,-0.00080401,0.0053364,-0.0083854,0.0036069,0.002591,0.0030784,0.011617,-0.48872,3.6447,-0.37956,-0.66894,2.8433,-1.7376,-0.20945,-3.7179,0.77062,0.66894,-0.098229,0.049626,0.092435,0.0042395,-0.0027385,-0.29828,-0.33349,0.040383,0.10729,0.11609,-0.011139,-0.092846,-0.138,-0.02417,184,184,7127,15,1003.9
23.392,0.0013104,0.010636,7131,0.018538,0.38616,0.0019056,0.0064648,0.00032347,0.004694,-0.00012395,1,2,0.90992,99.332,0.6,0,0,-0.0013352,-0.010872,0.0017166,0.10624,-0.09905,0.012175,0.00095369,0.010872,-0.0032425,0.10357,-0.088973,0.0067414,-0.0043162,-0.0084057,-0.0024454,-0.0040757,-0.00468,0.0098821,0.0065543,-0.0046319,0.010515,0.0033552,-0.0068473,0.0090436,0.34908,3.7179,0.011502,-0.31993,2.8833,-1.6457,-1.1869,-3.4982,0.72462,0.3781,-0.29771,-0.1424,0.07699,-0.011441,-0.0093179,-0.30492,-0.34583,0.00098323,0.12478,0.11416,0.0068911,-0.17508,-0.16382,-0.041255,184,184,7134,15,1003.9
23.407,0.0013331,0.0058063,7140,0.015265,0.3916,0.0019318,0.0065561,0.00046276,0.0050715,-0.00092623,1,2,0.9502,99.337,0.6,0,0,-0.0013352,-0.010872,0.0017166,0.10624,-0.09905,0.012175,0.00095369,0.010872,-0.0032425,0.10357,-0.088973,0.0067414,-0.0088484,-0.0039196,-0.0039541,-0.0052974,-0.0059201,0.0070973,0.005576,-0.0075416,0.0052301,0.0039539,-0.013356,-0.014546,0.34908,3.7179,-0.49458,-0.84344,2.6843,-1.7864,0.76799,-3.5348,0.67861,0.49443,-0.30608,0.0092874,0.079239,-0.031263,-0.0092172,-0.30782,-0.31135,-0.04869,0.12472,0.10173,0.031464,-0.23121,-0.18411,-0.091222,184,184,7142,15,1003.9
23.433,0.0014067,0.010892,7149,0.025871,0.3979,0.0019489,0.0066657,0.0010648,0.0041621,-0.0016217,1,2,0.99192,99.338,0.6,0,0,-0.0013352,-0.010872,0.0017166,0.10624,-0.09905,0.012175,0.00095369,0.010872,-0.0032425,0.10357,-0.088973,0.0067414,-0.002451,-0.0093887,0.0023853,0.0018161,-0.0018994,0.013994,0.00024567,-0.0042222,0.0026196,0.004517,0.006353,0.0098503,0.34908,3.7179,0.12652,-0.31993,2.964,-1.8224,-0.62835,-3.315,0.72462,0.66894,-0.034148,-0.073327,0.093828,-0.044377,-0.0056541,-0.25636,-0.25145,-0.099191,0.13042,0.054648,0.069446,-0.29139,-0.18842,-0.15414,184,184,7152,15,1003.9
23.447,0.0013372,0.0059832,7157,0.013954,0.39874,0.0019219,0.0066888,-0.0011122,0.0025474,-0.00027728,1,2,0.02936,99.341,0.6,0,0,-0.0013352,-0.010872,0.0017166,0.10624,-0.09905,0.012175,0.00095369,0.010872,-0.0032425,0.10357,-0.088973,0.0067414,-0.0074209,-0.0010004,0.0088028,-0.00059886,0.002686,0.01403,0.0089827,-0.0021965,-0.0034137,0.0057643,-0.0025499,-0.0082283,1.8851,3.7179,0.12652,-0.66894,2.8839,-1.7802,-2.5832,-3.4982,0.81663,0.66894,-0.26535,-0.036566,0.11016,-0.039072,0.009746,-0.045957,-0.17471,-0.088867,0.15125,-0.06453,0.11668,-0.34856,-0.19384,-0.21777,184,184,7159,15,1003.9
23.475,0.0013631,0.012537,7166,0.027752,0.40031,0.0018442,0.0067389,-0.0018867,0.00074969,-0.0019563,1,2,0.07194,99.34,0.6,0,0,-0.0013352,-0.010872,0.0017166,0.10624,-0.09905,0.012175,0.00095369,0.010872,-0.0032425,0.10357,-0.088973,0.0067414,-0.010309,-0.0040464,0.0054984,-0.0094524,-0.0036199,0.00855,0.0095359,-0.0045273,0.002886,0.0022777,-0.0080444,0.0011552,1.8851,4.011,-0.35656,-0.49443,3.0035,-1.7092,1.6058,-3.3516,0.77062,1.1343,-0.21204,0.035503,0.074478,0.0033422,0.020228,0.24065,-0.11905,-0.0060988,0.18522,-0.18233,0.1157,-0.35717,-0.20676,-0.24023,184,184,7170,15,1003.9
23.487,0.0013366,0.0042343,7174,0.011979,0.4009,0.001838,0.0067513,-0.00054104,0.0015594,-0.00016178,1,2,0.11246,99.334,0.6,0,0,-0.0013352,-0.010872,0.0017166,0.10624,-0.09905,0.012175,0.00095369,0.010872,-0.0032425,0.10357,-0.088973,0.0067414,-0.0038496,-0.0082931,0.006104,-0.0027584,-0.00012448,0.0085006,0.0024496,-0.0030226,0.0025566,0.00063277,0.0032671,0.012588,-0.069817,3.4982,0.011502,-0.14542,2.7844,-1.8393,-0.76799,-3.5348,0.81663,0.31993,-0.31867,-0.10864,-0.010135,0.026585,0.032195,0.33279,-0.19552,0.027537,0.19669,-0.19534,0.0802,-0.30031,-0.17859,-0.24663,184,184,7175,15,1003.9
23.513,0.0014565,0.0099039,7183,0.025915,0.39533,0.0018031,0.00666,-0.0015056,-0.0036471,1.828e-05,1,2,0.15316,99.343,0.6,0,0,-0.0013352,-0.010872,0.0017166,0.10624,-0.09905,0.012175,0.00095369,0.010872,-0.0032425,0.10357,-0.088973,0.0067414,-0.0052186,-0.0086787,0.011127,-0.00829,-5.0045e-05,0.0098161,-0.00092349,-0.0043163,0.0020846,0.0067947,-0.0085067,-0.00022204,0.34908,3.7912,0.37956,-0.5526,2.8231,-1.5692,-0.34908,-3.4615,0.72462,0.84344,-0.48579,-0.19483,-0.050363,0.030557,0.048885,0.36451,-0.20222,0.031426,0.19486,-0.17689,0.059855,-0.26756,-0.15617,-0.25118,184,184,7185,15,1003.9
23.527,0.0012952,0.004046,7191,0.013543,0.39037,0.0017911,0.0065736,-0.00057062,-0.0050822,-0.0003333,1,2,0.19167,99.34,0.6,0,0,-0.0013352,-0.010872,0.0017166,0.10624,-0.09905,0.012175,0.00095369,0.010872,-0.0032425,0.10357,-0.088973,0.0067414,-0.0117,-0.001846,0.0053399,-0.0043686,0.00032199,0.0087488,-0.0010227,-0.0060602,0.0069652,0.003056,-0.00037477,-0.00056113,-0.48872,3.8645,-0.33355,-0.31993,2.7867,-1.2818,0.069817,-3.8278,0.51758,0.029084,-0.25157,0.059687,-0.059975,0.028457,0.053946,0.34429,-0.19666,0.030232,0.19203,-0.14874,0.046146,-0.25374,-0.148,-0.23921,184,184,7192,15,1003.9
23.555,0.0012015,0.010917,7201,0.028407,0.38061,0.0017373,0.0064116,-0.0016909,-0.0039497,0.00055249,1,2,0.23462,99.343,0.6,0,0,-0.0013352,-0.010872,0.0017166,0.10624,-0.09905,0.012175,0.00095369,0.010872,-0.0032425,0.10357,-0.088973,0.0067414,-0.0045247,-0.0016071,0.0010361,-0.0026226,-0.0013218,0.00366,0.005499,-0.0070376,0.0085449,0.0064973,0.0054999,-0.0025789,1.0473,3.5714,-0.12652,-0.31993,2.9045,-1.9027,-0.62835,-3.315,0.81663,0.95978,-0.31086,0.095964,-0.044533,0.020251,0.054695,0.28212,-0.17766,0.025405,0.18808,-0.10981,0.034893,-0.24986,-0.14658,-0.20579,184,184,7204,15,1003.9
23.574,0.0012603,0.012756,7208,0.019275,0.37099,0.0017256,0.0062408,-0.00076068,-0.007774,-0.00019192,1,2,0.26955,99.34,0.6,0,0,-0.0013352,-0.010872,0.0017166,0.10624,-0.09905,0.012175,0.00095369,0.010872,-0.0032425,0.10357,-0.088973,0.0067414,-0.0044105,-0.010657,0.013254,-0.0029505,-0.0013268,0.0074482,0.0083595,-0.0025801,0.0072154,0.009344,0.0032765,0.0090574,1.4662,4.0842,-0.12652,-0.84344,3.1824,-1.5355,0.76799,-3.4615,0.77062,1.0179,-0.10723,-0.1333,-0.011264,0.0075657,0.053323,0.20385,-0.15221,0.018427,0.17992,-0.079935,0.031035,-0.25326,-0.15747,-0.16518,184,184,7212,15,1003.9
23.594,0.0014641,0.010419,7217,0.01976,0.36464,0.0017329,0.0061238,0.00069079,-0.0084142,0.00051654,1,2,0.31377,99.345,0.6,0,0,-0.0013352,-0.010872,0.0017166,0.10624,-0.09905,0.012175,0.00095369,0.010872,-0.0032425,0.10357,-0.088973,0.0067414,-0.010815,-0.0044615,0.0049221,0.0038901,-0.002067,3.4683e-05,0.007825,-0.0068108,0.0064104,0.0031364,-0.001716,0.0097921,0.34908,4.011,-0.10352,-0.31993,2.6643,-1.7983,-0.20945,-3.4615,0.77062,0.84344,-0.12996,0.27841,0.030231,-0.0037802,0.04682,0.096037,-0.11375,0.013836,0.16008,-0.062396,0.026234,-0.25,-0.18685,-0.12124,184,184,7219,15,1003.9
23.607,0.0014316,0.0045101,7224,0.012904,0.35606,0.0017,0.0059775,-0.0012405,-0.0086407,0.0019363,1,2,0.35172,99.343,0.6,0,0,-0.0013352,-0.010872,0.0017166,0.10624,-0.09905,0.012175,0.00095369,0.010872,-0.0032425,0.10357,-0.088973,0.0067414,-0.0049004,-0.00074411,0.0082892,-0.0077867,-0.001834,-0.0064149,0.0058047,-0.0052396,0.011484,0.0071263,0.0036216,0.010346,0.76799,4.011,-0.011502,-0.84344,2.7045,-1.8418,1.1869,-3.2784,0.77062,0.84344,-0.30488,-0.012382,0.074659,-0.018662,0.043294,-0.013492,-0.078527,0.012566,0.13777,-0.067379,0.027195,-0.24758,-0.23016,-0.094505,184,184,7225,15,1003.9
23.634,0.0017123,0.011863,7232,0.027488,0.34617,0.0016889,0.0058009,-0.0005315,-0.0085946,0.0039639,1,2,0.39244,99.343,0.6,0,0,-0.0013352,-0.010872,0.0017166,0.10624,-0.09905,0.012175,0.00095369,0.010872,-0.0032425,0.10357,-0.088973,0.0067414,-0.012994,-0.0093154,0.0091963,-0.0091653,-0.0011721,0.0055813,0.0062786,-0.0044311,0.0058651,0.0020213,-0.0082407,-0.0078226,-0.48872,3.5714,0.35656,-0.72711,2.7826,-1.4585,-0.20945,-3.315,0.88564,0.84344,-0.39773,-0.060267,0.10647,-0.032646,0.045735,-0.096039,-0.069819,0.013542,0.1216,-0.074266,0.028764,-0.25865,-0.26852,-0.080824,184,184,7235,15,1003.9
23.647,0.0014119,0.0057761,7239,0.01279,0.33941,0.0016937,0.0056765,-0.00028247,-0.0069701,0.0014372,1,2,0.42969,99.353,0.6,0,0,-0.0013352,-0.010872,0.0017166,0.10624,-0.09905,0.012175,0.00095369,0.010872,-0.0032425,0.10357,-0.088973,0.0067414,-0.0096798,-0.0026373,0.0034258,-0.0088422,-0.0027106,0.011842,0.008878,-0.0017995,0.0045655,0.0022966,-0.0026596,0.0060262,1.0473,3.8645,-0.011502,-0.66894,3.1223,-1.5038,-0.62835,-3.7912,0.81663,0.5526,0.034148,0.073327,0.11725,-0.035873,0.042005,-0.1439,-0.069809,0.026145,0.1197,-0.066363,0.030646,-0.27961,-0.28322,-0.057409,184,184,7241,15,1003.9
23.676,0.0013325,0.011873,7248,0.028631,0.33497,0.0016783,0.0056003,-0.00044153,-0.0038334,0.0018282,1,2,0.47453,99.347,0.6,0,0,-0.0013352,-0.010872,0.0017166,0.10624,-0.09905,0.012175,0.00095369,0.010872,-0.0032425,0.10357,-0.088973,0.0067414,-0.0089196,-0.0039177,0.0033854,-0.004744,9.8406e-06,0.010766,0.0038687,-0.0039577,-0.0046803,0.0069727,-0.0036129,0.012557,-0.48872,3.5714,0.14952,-0.78527,2.9646,-1.9569,-1.0473,-3.1685,0.6326,1.0179,-0.18629,-0.084935,0.11674,-0.024652,0.024202,-0.19012,-0.078622,0.059033,0.12908,-0.04295,0.026369,-0.29273,-0.26254,0.0090385,184,184,7251,15,1003.9
23.696,0.0015157,0.013011,7255,0.019985,0.33509,0.001666,0.0056061,-0.0011832,-0.0016006,0.0021739,1,2,0.51263,99.345,0.6,0,0,-0.0013352,-0.010872,0.0017166,0.10624,-0.09905,0.012175,0.00095369,0.010872,-0.0032425,0.10357,-0.088973,0.0067414,-0.0046456,-0.0090321,-0.0015108,-0.011812,-0.00037682,0.0095439,0.0024897,-0.003965,0.00086372,-0.00074887,-0.011002,-0.0041005,1.4662,3.7912,0.12652,-0.78527,2.9233,-1.6445,0.069817,-3.6813,0.93165,1.0179,-0.040129,0.035019,0.12127,0.023739,-0.019197,-0.26043,-0.11164,0.10048,0.13606,-0.003,0.016765,-0.24673,-0.21682,0.095712,184,184,7259,15,1003.9
23.706,0.0049491,0.0095745,7261,0.010007,0.33685,0.0016824,0.0056332,0.00096146,0.0038072,0.0019408,1,2,0.54643,99.355,0.6,0,0,-0.0013352,-0.010872,0.0017166,0.10624,-0.09905,0.012175,0.0013352,0.010872,-0.0032425,0.10357,-0.088973,0.0067414,-0.0087796,-0.0041974,0.0055726,-0.0092816,0.00058514,0.0091896,0.0063956,-0.005159,0.0066402,0.0055166,0.0037616,0.0012685,1.8851,3.7179,-0.10352,-0.84344,2.8834,-1.6681,-1.8851,-3.6813,0.88564,0.20359,0.11321,0.024958,0.13292,0.13349,-0.086049,-0.38185,-0.19369,0.18418,0.14193,0.037046,0.012785,-0.0039414,-0.13813,0.082077,184,184,7263,15,1003.9
23.735,0.0012861,0.012762,7270,0.028944,0.348,0.0017232,0.0058242,0.0027624,0.0064645,0.0032276,1,2,0.59059,99.356,0.6,0,0,-0.0013352,-0.010872,0.0017166,0.10624,-0.09905,0.012175,0.00095369,0.010872,-0.003624,0.10357,-0.088973,0.0067414,-0.0060211,-0.0023244,0.0059356,-0.0077834,0.00059869,0.01335,0.0016954,-0.0040308,-0.0074397,0.0033954,-0.0042545,0.0099635,-0.48872,3.4982,-0.35656,-0.49443,2.669,-1.2867,-1.0473,-3.4615,0.56359,0.95978,-0.093444,-0.03705,0.15041,0.18674,-0.073242,-0.45019,-0.26389,0.22664,0.078141,0.055333,-0.00083003,0.24992,-0.14637,0.0015971,184,184,7274,15,1003.9
23.752,0.0017029,0.01057,7278,0.01777,0.35852,0.0017407,0.0060104,0.0018935,0.01071,0.0040638,1,2,0.63105,99.349,0.6,0,0,-0.0013352,-0.010872,0.0017166,0.10624,-0.098842,0.012568,0.0013352,0.010872,-0.003624,0.10357,-0.088973,0.0067414,-0.0079848,0.002542,0.0078957,-0.0083179,-0.0022109,0.011043,0.0071672,-0.0048992,-0.0052256,0.002056,-0.0042664,0.0072193,1.8851,3.7912,-0.14952,-0.26176,2.7628,-1.5832,-0.62835,-3.7912,0.79363,0.66894,-0.2911,0.083872,0.15611,0.15123,-0.018697,-0.38218,-0.18,0.19878,0.0063295,0.067515,-0.010111,0.29797,-0.22095,-0.026198,184,184,7280,15,1003.9
23.773,0.0016441,0.01192,7285,0.020721,0.3761,0.0018187,0.0063073,0.0045642,0.014712,0.0027109,1,2,0.66994,99.356,0.6,0,0,-0.0013352,-0.010872,0.0017166,0.10624,-0.098842,0.012568,0.0013352,0.010872,-0.003624,0.10357,-0.088973,0.0067414,-0.0058156,-0.0037413,0.0088941,-0.0027196,-0.00051292,0.0092381,0.0028236,-0.0077659,0.0072929,0.0039824,-0.0011477,0.010629,-0.48872,3.7179,-0.35656,-0.95978,2.8234,-1.7494,-0.20945,-3.8278,0.93165,0.49443,-0.17011,-0.03202,0.17628,0.12795,-0.016403,-0.35969,-0.17352,0.19266,-0.026555,0.072857,-0.023599,0.30795,-0.22592,-0.029232,184,184,7288,15,1003.9
23.795,0.0016242,0.013589,7293,0.022293,0.39612,0.0018797,0.0066531,0.0032931,0.015864,0.0027502,1,2,0.71093,99.351,0.6,0,0,-0.0013352,-0.010872,0.0017166,0.10624,-0.098842,0.012568,0.00095369,0.010872,-0.003624,0.10357,-0.088973,0.0067414,-0.0042555,-0.0073635,0.0057102,-0.0016696,-0.00047829,0.010402,-0.0064575,-0.0050513,0.0059535,-0.00080531,0.00037058,0.014025,1.4662,3.7912,0.10352,-1.1343,2.5246,-1.9269,-0.62835,-3.5348,0.67861,0.66894,-0.49058,-0.10815,0.17734,0.092204,-0.0042886,-0.332,-0.17054,0.16982,-0.03182,0.078957,-0.024848,0.27155,-0.21638,-0.037448,184,184,7297,15,1003.9
23.813,0.0014437,0.0098612,7301,0.017154,0.41192,0.0019269,0.0069264,0.0025576,0.018273,0.0025776,1,2,0.7526,99.36,0.6,0,0,-0.0013352,-0.010872,0.0017166,0.10624,-0.098842,0.012568,0.00095369,0.010872,-0.003624,0.10357,-0.088973,0.0067414,-0.0086543,-0.0063212,0.0094012,-0.008896,0.00065509,0.016919,0.0037181,-0.0047204,0.0051675,0.011477,0.0053737,0.018102,1.4662,3.9377,-0.10352,-0.49443,2.7639,-1.8521,0.20945,-3.6081,0.79363,0.49443,-0.13298,-0.012866,0.16846,0.053786,0.0043377,-0.30804,-0.19504,0.14111,-0.01388,0.093873,-0.028625,0.2006,-0.1869,-0.040326,184,184,7303,15,1003.9
23.834,0.001508,0.011494,7309,0.021057,0.44054,0.0019963,0.0074251,0.0052428,0.023534,0.006319,1,2,0.79124,99.356,0.6,0,0,-0.0013352,-0.010872,0.0017166,0.10624,-0.098635,0.01296,0.00095369,0.010872,-0.003624,0.10357,-0.088973,0.0067414,-0.0067921,-0.0053035,0.0027776,-0.0051997,0.016683,0.034361,0.004881,-0.0021174,0.0085336,0.0065763,0.0092685,1.3597e-06,0.20945,3.4982,-0.10352,-0.66894,2.8644,-2.1526,-1.0473,-3.6081,0.74762,0.3781,-0.20486,-0.094512,0.14813,0.025237,0.0082016,-0.29046,-0.2323,0.10806,0.022161,0.10708,-0.027305,0.1093,-0.15165,-0.03794,184,184,7312,15,1003.9
23.848,0.0014972,0.0060185,7317,0.013959,0.47056,0.0020568,0.0079511,0.0022607,0.026414,0.0069336,1,2,0.83042,99.357,0.6,0,0,-0.0013352,-0.010872,0.0017166,0.10624,-0.097804,0.014528,0.00095369,0.010872,-0.003624,0.10357,-0.088973,0.0067414,-0.0064126,-0.012052,0.011247,-0.0079329,0.028751,0.060399,-3.8715e-05,-0.0042755,0.0067063,0.0006774,-0.0060819,0.0028043,0.34908,3.4249,-0.12652,-0.66894,2.3618,-1.8468,-0.20945,-3.3516,1.0007,0.95978,-0.17251,0.011319,0.12232,0.012104,0.0042274,-0.28962,-0.28134,0.075696,0.065673,0.11323,-0.021698,0.010549,-0.126,-0.029619,184,184,7319,15,1003.9
23.873,0.0014185,0.01182,7325,0.025501,0.50737,0.0021313,0.0085949,0.004271,0.027073,0.0093848,1,2,0.86966,99.362,0.6,0,0,-0.0013352,-0.010872,0.0017166,0.10624,-0.097804,0.014528,0.00095369,0.010872,-0.003624,0.10357,-0.088973,0.0067414,-0.0099828,-0.0069298,0.0005663,-0.0097664,0.00076477,0.0079257,0.0062152,-0.00038123,0.0044929,0.01271,-0.0072241,-0.0030677,1.8851,3.4249,0.12652,-0.66894,2.4422,-2.0463,-1.0473,-3.4615,0.81663,0.31993,-0.24439,-0.070328,0.097094,0.0053416,-0.0026149,-0.29357,-0.32847,0.045085,0.10414,0.11451,-0.011326,-0.090304,-0.13489,-0.024063,184,184,7328,15,1003.9
23.893,0.0019901,0.010588,7333,0.019534,0.53553,0.0021749,0.0090902,0.0019793,0.027572,0.0087043,1,2,0.91214,99.364,0.6,0,0,-0.0013352,-0.010491,0.0017166,0.10624,-0.097804,0.014528,0.00095369,0.010872,-0.003624,0.10357,-0.088973,0.0067414,-0.0018374,-0.0035334,0.0021137,-0.0093657,-0.0042815,-0.0023662,0.0055033,-0.0023343,0.0047737,0.0038855,-0.00010542,0.0064937,-0.069817,3.5714,-0.35656,-0.49443,1.7439,-2.4153,-0.62835,-3.2418,0.70161,0.49443,0.092248,0.058719,0.080703,-0.011239,-0.008174,-0.3009,-0.34157,0.0061305,0.1219,0.11338,0.0068689,-0.1772,-0.16132,-0.04353,184,184,7335,15,1003.9
23.924,0.0018179,0.021917,7340,0.03084,0.58408,0.0022659,0.0099392,0.0023979,0.031319,0.0075292,1,2,0.95092,99.362,0.6,0,0,-0.0013352,-0.010872,0.0017166,0.10624,-0.097804,0.014528,0.00095369,0.010872,-0.003624,0.10357,-0.088973,0.0067414,-0.00045893,-0.0067966,0.011543,-0.018295,-0.0067001,-0.0029286,0.00041613,-0.0042311,0.0029935,-0.001792,0.0066751,0.026733,0.34908,3.6447,-0.011502,-0.43626,2.4419,-1.9342,-1.0473,-3.4982,0.70161,1.1343,-0.093444,-0.03705,0.082888,-0.030216,-0.0085264,-0.30336,-0.30599,-0.04275,0.12455,0.10037,0.032469,-0.2304,-0.17963,-0.093821,184,184,7346,15,1003.9
23.936,0.0015573,0.011895,7348,0.012241,0.60809,0.0023248,0.010355,0.0027396,0.029551,0.0095008,1,2,0.99503,99.355,0.6,0,0,-0.0013352,-0.010872,0.0017166,0.10624,-0.097804,0.014528,0.00095369,0.010872,-0.003624,0.10357,-0.088973,0.0067414,-0.014666,-0.0062016,0.0037555,-0.013099,-0.006471,0.0070207,0.0069123,-0.0041493,-0.0026844,0.0018016,0.0010056,0.007679,1.0473,3.6447,-0.12652,-0.49443,2.422,-1.946,-0.34908,-3.4249,0.6326,0.66894,-0.17251,0.011319,0.095409,-0.044518,-0.0042051,-0.24779,-0.24592,-0.09533,0.1327,0.050544,0.073078,-0.29131,-0.18565,-0.15972,184,184,7351,15,1003.9
23.965,0.0051459,0.029128,7353,0.029628,0.65029,0.0024001,0.011093,0.0047337,0.030443,0.0087576,1,2,0.026944,99.364,0.6,0,0,-0.0013352,-0.010872,0.0017166,0.10624,-0.097804,0.014528,0.00095369,0.010872,-0.003624,0.10357,-0.088973,0.0067414,-0.0056064,-0.0062592,0.00476,-0.014879,0.0027638,0.020908,0.003562,-0.0031753,0.0026566,0.0035403,-0.00092561,0.0082722,0.34908,3.6447,-0.37956,-1.1343,2.5428,-2.3238,-0.34908,-3.2051,0.90864,0.029084,0.085641,-0.16755,0.10834,-0.038135,0.010997,-0.04289,-0.16987,-0.084308,0.156,-0.066759,0.11927,-0.34399,-0.19324,-0.2188,184,184,7359,15,1003.9
23.968,0.0036509,0.0046769,7360,0.0025116,0.65029,0.0024001,0.011093,0.0034769,0.035048,0.0063416,1,2,0.077625,99.364,0.6,0,0,-0.0013352,-0.010872,0.0017166,0.10624,-0.097804,0.014528,0.00095369,0.010872,-0.003624,0.10357,-0.088973,0.0067414,-0.0070674,-0.0047269,0.00082816,-0.014376,0.0063317,0.02811,0.0074306,-0.0010086,-0.0050194,0.0023766,-0.012181,0.0023021,-0.069817,3.5714,-0.011502,-0.66894,2.4419,-1.9342,0.48872,-3.4249,0.81663,0.66894,-0.18629,-0.084935,0.068375,0.0046242,0.021952,0.24585,-0.12385,-0.0060482,0.1933,-0.18254,0.11624,-0.3506,-0.20388,-0.24165,184,184,7359,15,1003.9
23.988,0.0054645,0.0094155,7363,0.020396,0.68186,0.0024629,0.011643,0.0047215,0.035208,0.0075794,1,2,0.1128,99.275,0.6,0,0,-0.0013352,-0.010872,0.0017166,0.10624,-0.097804,0.014528,0.00095369,0.010872,-0.0040055,0.10357,-0.088973,0.0067414,-0.0071821,-0.0095921,-0.0044389,-0.0085782,0.0038829,0.02126,-0.00022081,-0.0054584,-0.0061396,0.00091881,-0.012687,0.0047516,0.34908,3.5714,-0.034505,-0.31993,2.2222,-1.952,0.76799,-3.5348,0.79363,0.66894,-0.032952,-0.094996,-0.017644,0.028127,0.033025,0.33269,-0.19867,0.02614,0.20383,-0.19401,0.080069,-0.29491,-0.17431,-0.24749,184,184,7364,15,1003.9
24.006,0.0013839,0.0031133,7370,0.01746,0.7063,0.002503,0.01207,0.0039311,0.035987,0.0074141,1,2,0.1522,99.287,0.6,0,0,-0.0013352,-0.010872,0.0017166,0.10624,-0.097804,0.014528,0.00095369,0.010872,-0.0040055,0.10357,-0.088973,0.0067414,-0.00696,-0.0028789,0.004292,-0.0072018,-0.0066528,0.0022637,0.0020971,-0.0054811,-0.00086725,0.0049651,-0.0051965,0.00012799,1.0473,3.5714,-0.47158,0.029084,2.6617,-1.9612,-0.20945,-3.4249,0.88564,0.66894,0.18509,0.1066,-0.0571,0.031383,0.049263,0.36223,-0.20475,0.029422,0.20382,-0.17598,0.06106,-0.26278,-0.15222,-0.25186,184,184,7370,15,1003.9
24.034,0.0020654,0.010538,7378,0.028388,0.77706,0.0026549,0.0133,0.0047871,0.034376,0.008912,1,2,0.19551,99.277,0.6,0,0,-0.0013352,-0.010872,0.0017166,0.10624,-0.097596,0.01492,0.00095369,0.010872,-0.0040055,0.10357,-0.088973,0.0067414,-0.0028092,-0.0036921,0.0055624,-0.0033007,0.0075642,0.020825,0.0017894,-0.0075286,-0.0061575,0.0065305,0.0058936,0.0095356,-0.48872,3.6447,-0.011502,-0.66894,2.0824,-2.2601,-0.62835,-3.5348,0.88564,0.31993,-0.2911,0.083872,-0.065777,0.029068,0.0541,0.33622,-0.19817,0.027963,0.20179,-0.14475,0.046213,-0.24756,-0.14361,-0.23736,184,184,7380,15,1003.9
24.053,0.00164,0.0097875,7385,0.018998,0.8371,0.0027948,0.01434,0.0049895,0.035012,0.006626,1,2,0.23408,99.284,0.6,0,0,-0.0013352,-0.010872,0.0017166,0.10624,-0.097596,0.01492,0.00095369,0.010872,-0.0040055,0.10357,-0.088973,0.0067414,-0.0060649,-0.0029185,0.010744,-0.004262,-0.0014948,0.0074327,0.0069934,-0.0038058,-0.0058176,0.0088593,-0.0091286,-0.0069707,1.7454,3.9377,-0.011502,-0.31993,2.701,-1.8936,-0.069817,-3.5348,0.54059,0.66894,-0.29771,-0.1424,-0.049651,0.020077,0.055247,0.27758,-0.17938,0.022606,0.19863,-0.10861,0.037565,-0.24511,-0.14354,-0.20624,184,184,7387,15,1003.9
24.075,0.002637,0.012253,7393,0.022202,0.87151,0.0029111,0.01493,0.0072659,0.030072,0.0042387,1,2,0.27557,99.285,0.6,0,0,-0.0013352,-0.010872,0.0017166,0.10624,-0.097596,0.01492,0.00095369,0.010872,-0.0040055,0.10357,-0.089229,0.0063222,-0.0034453,-0.00698,0.0034104,-0.0048912,0.00063853,0.023385,0.0067661,-0.0021485,-0.0029276,0.0028342,0.0020575,0.0065178,0.20945,3.6447,0.011502,-0.49443,2.5415,-2.0331,-0.069817,-3.6081,0.77062,0.029084,-0.2576,0.16795,-0.01564,0.0074948,0.053386,0.18955,-0.15072,0.015815,0.18915,-0.074281,0.03121,-0.24524,-0.15523,-0.16117,184,184,7395,15,1003.9
24.095,0.0013369,0.010068,7400,0.019711,0.90425,0.003003,0.015494,0.0053972,0.029044,-0.0003151,1,2,0.31684,99.285,0.6,0,0,-0.0013352,-0.010872,0.0017166,0.10624,-0.097804,0.014528,0.00095369,0.010872,-0.0040055,0.10357,-0.089229,0.0063222,-0.0046885,-0.0074755,0.012774,-0.0084206,0.0017545,0.01768,0.0082906,-0.0037872,0.0040496,0.0019668,-0.011134,-0.0043601,1.0473,3.5714,-0.011502,-0.31993,2.4619,-1.9448,-0.34908,-3.7179,1.0237,0.49443,-0.34199,-0.031605,0.026191,-0.0045276,0.048068,0.084033,-0.11168,0.010093,0.17033,-0.060979,0.029037,-0.24183,-0.18571,-0.12024,184,184,7402,15,1003.9
24.11,0.0013245,0.0071279,7406,0.014807,0.93131,0.0030858,0.015959,0.0046277,0.028839,-0.0012605,1,2,0.35227,99.291,0.6,0,0,-0.0013352,-0.010872,0.0017166,0.10624,-0.097804,0.014528,0.00095369,0.010872,-0.0040055,0.10357,-0.089229,0.0063222,-0.005981,-0.0056535,0.0028797,-0.0053888,-0.0017483,0.0090511,0.0041519,-0.0053994,0.0043963,0.0017086,-0.0063329,-0.012539,-0.069817,3.6447,-0.011502,-0.43626,2.2428,-2.2094,-0.069817,-3.315,0.88564,0.49443,-0.25037,0.037958,0.068798,-0.019055,0.045342,-0.019651,-0.077339,0.00786,0.14939,-0.067144,0.03006,-0.23931,-0.22638,-0.096957,184,184,7407,15,1003.9
24.129,0.0015382,0.004877,7413,0.018662,0.96072,0.0031745,0.016464,0.0046992,0.028961,0.00041402,1,2,0.39453,99.286,0.6,0,0,-0.0013352,-0.010872,0.0017166,0.10624,-0.097804,0.014528,0.00095369,0.010872,-0.0040055,0.10357,-0.089229,0.0063222,-0.0086289,-0.0041402,0.00188,-0.00085137,-0.0046318,0.0026327,0.0041796,-0.0036645,0.0054966,0.0032886,0.005429,-0.0062746,-0.48872,3.6447,-0.011502,-0.26176,1.5837,-2.2855,-0.34908,-3.7912,0.79363,0.49443,-0.29111,0.083796,0.099947,-0.033689,0.048175,-0.10003,-0.065762,0.0094521,0.13394,-0.074002,0.031126,-0.25008,-0.26227,-0.083612,184,184,7414,15,1003.9
24.148,0.0015457,0.0062006,7420,0.019888,0.99044,0.0032458,0.016979,0.0037579,0.025786,0.0003479,1,2,0.43169,99.295,0.6,0,0,-0.0013352,-0.010872,0.0017166,0.10586,-0.097804,0.014528,0.00095369,0.010872,-0.0040055,0.10357,-0.089229,0.0063222,-0.0025412,-0.0015675,0.0076402,0.0011395,0.0013205,0.013858,0.0084018,-0.0012339,0.0065573,0.0021826,-0.0056885,0.0017979,0.76799,3.5714,-0.44857,-0.95978,2.3625,-2.1385,-0.069817,-3.4982,0.90864,0.84344,-0.40009,-0.017013,0.11321,-0.036852,0.043549,-0.14637,-0.065656,0.022937,0.13095,-0.066029,0.031826,-0.27071,-0.27415,-0.060177,184,184,7421,15,1003.9
24.167,0.0013291,0.0045447,7427,0.018961,1.0226,0.0033533,0.01753,0.0055416,0.025236,0.0012249,1,2,0.47248,99.295,0.6,0,0,-0.0013352,-0.010872,0.0017166,0.10624,-0.097804,0.014528,0.00095369,0.010872,-0.0040055,0.10357,-0.089229,0.0063222,-0.011277,-0.010228,0.0033972,-0.0069221,-0.00076273,0.0051881,0.006109,-0.0028544,0.0072356,0.0052645,-0.0010996,0.0046056,-0.069817,3.6447,-0.057509,-0.49443,2.5419,-1.9872,0.48872,-3.2784,0.77062,1.0179,-0.24195,-0.1137,0.1154,-0.026976,0.026628,-0.18718,-0.075074,0.053899,0.13827,-0.04473,0.027235,-0.28377,-0.25196,0.0010003,184,184,7428,15,1003.9
24.194,0.0015285,0.011694,7435,0.026957,1.0605,0.0035053,0.018175,0.005134,0.025344,0.0026019,1,2,0.51217,99.292,0.6,0,0,-0.0013352,-0.010872,0.0017166,0.10586,-0.097804,0.014528,0.00095369,0.010872,-0.0040055,0.10357,-0.089485,0.0059028,-0.0032065,-0.0070349,0.0016572,-0.0094301,-0.0092342,-0.0026575,0.0040811,-0.0041968,-0.0014221,0.0028407,0.00082512,-0.00068543,-0.76799,3.7179,-0.011502,-0.31993,2.1227,-2.1009,0.34908,-3.7546,0.79363,0.84344,-0.29718,0.19203,0.12145,0.016513,-0.014003,-0.25287,-0.10926,0.098106,0.14456,-0.0058473,0.015125,-0.24666,-0.20197,0.08794,184,184,7438,15,1003.9
24.211,0.0014081,0.0079909,7443,0.016626,1.0846,0.0036057,0.018583,0.0054093,0.020085,0.0024883,1,2,0.5528,99.297,0.6,0,0,-0.0013352,-0.010872,0.0017166,0.10586,-0.097804,0.014528,0.00095369,0.010872,-0.0040055,0.10357,-0.089485,0.0059028,-0.01327,-0.0099055,0.0063827,-0.0025503,-0.009642,-0.0071781,0.010846,-0.0081556,-0.0078295,0.0062252,-0.0070368,-0.00074589,0.34908,3.6447,-0.011502,-0.84344,2.981,-1.8169,-0.069817,-3.6447,0.90864,1.0179,-0.099855,-0.26328,0.14082,0.13254,-0.089239,-0.37344,-0.18964,0.18899,0.14113,0.039717,0.011167,-0.0084279,-0.13212,0.085984,184,184,7446,15,1003.9
24.228,0.0015393,0.0054621,7451,0.017258,1.1079,0.0037041,0.018979,0.0047862,0.022289,0.00038188,1,2,0.59268,99.297,0.6,0,0,-0.0013352,-0.010872,0.0017166,0.10586,-0.098012,0.014136,0.00095369,0.010872,-0.0040055,0.10357,-0.089485,0.0059028,-0.0083415,-0.0033318,0.0040308,-0.0056184,-0.0017624,0.012233,0.005508,-0.0039005,0.0048446,0.0077515,-0.0060293,0.0061901,1.0473,3.4982,-0.24154,-0.49443,2.6622,-1.9153,0.069817,-3.7179,1.0237,0.49443,-0.12166,0.12664,0.16486,0.18774,-0.076795,-0.43692,-0.26232,0.23253,0.065778,0.052445,-0.0022442,0.2406,-0.15597,0.00014757,184,184,7452,15,1003.9
24.25,0.0012943,0.0066803,7459,0.02167,1.1373,0.0037914,0.019484,0.0033966,0.019199,-0.0012291,1,2,0.63317,99.298,0.6,0,0,-0.0013352,-0.010872,0.0017166,0.10586,-0.098012,0.014136,0.00095369,0.010872,-0.0040055,0.10357,-0.089485,0.0059028,-0.0057127,-0.0045875,8.6569e-05,-0.0083091,-0.016229,-0.011783,0.0038503,-0.0081203,-0.0012561,0.0034457,0.0026971,0.0051321,-0.069817,3.8645,-0.011502,-0.84344,2.3831,-2.1257,0.069817,-3.3516,0.6556,0.3781,-0.2306,0.025818,0.17147,0.15277,-0.023695,-0.37534,-0.18955,0.20405,-0.0065723,0.064912,-0.013953,0.29467,-0.22445,-0.025634,184,184,7462,15,1003.9
24.278,0.0012796,0.01506,7468,0.028365,1.1597,0.003873,0.019867,0.0026906,0.018406,0.00038485,1,2,0.67311,99.272,0.6,0,0,-0.0013352,-0.010872,0.0017166,0.10586,-0.098012,0.014136,0.00095369,0.010872,-0.0040055,0.10357,-0.089485,0.0059028,-0.0053022,-0.010678,-0.0051408,-0.0075856,-0.0049998,0.0069641,0.00016631,-0.0087953,-0.0052466,-0.00016731,-0.0089193,-0.015011,1.0473,3.6447,-0.034505,-0.66894,2.5027,-2.0547,-0.62835,-3.7179,0.88564,1.0179,-0.079693,0.059151,0.18919,0.12611,-0.018625,-0.35066,-0.17923,0.19382,-0.038169,0.070765,-0.026294,0.30135,-0.23009,-0.030033,184,184,7472,15,1003.9
24.299,0.0012517,0.014637,7475,0.020349,1.1766,0.0039287,0.020156,0.0052815,0.014237,-0.00043775,1,2,0.7146,99.3,0.6,0,0,-0.0013352,-0.010872,0.0017166,0.10586,-0.098472,0.01417,0.00095369,0.010872,-0.0040055,0.10357,-0.089485,0.0059028,-0.0025381,-0.0037312,0.0025831,-0.006339,-0.011301,-0.0085535,0.0045305,-0.0031888,0.005001,0.0064648,-0.0052507,-0.00012946,-1.1869,3.7912,-0.10352,0.029084,2.2429,-2.0731,1.0473,-3.315,0.88564,0.31993,-0.15151,-0.022502,0.18975,0.090428,-0.0059724,-0.32265,-0.17824,0.17087,-0.041761,0.077384,-0.028114,0.26193,-0.21858,-0.037722,184,184,7480,15,1003.9
24.314,0.005116,0.014546,7482,0.015202,1.1842,0.0039368,0.02029,0.0018649,0.010708,-0.00042799,1,2,0.7529,99.303,0.6,0,0,-0.0013352,-0.010872,0.0017166,0.10586,-0.098472,0.01417,0.00095369,0.010872,-0.0040055,0.10357,-0.089485,0.0059028,-0.0032345,-0.0035413,-0.0036242,-0.0065261,-0.0011431,0.0085854,0.0041653,-0.0035946,0.0031537,0.0084148,0.00072071,0.0050986,-0.76799,3.8645,-0.011502,-0.66894,2.5028,-2.1661,-0.069817,-3.5348,0.90864,0.20359,-0.24432,-0.070413,0.17938,0.055054,0.0023208,-0.30117,-0.20076,0.14389,-0.022668,0.092126,-0.031757,0.19459,-0.18897,-0.039622,184,184,7485,15,1003.9
24.334,0.0015461,0.011614,7491,0.020591,1.1968,0.0039721,0.020507,0.0010524,0.010639,0.0016335,1,2,0.79254,99.303,0.6,0,0,-0.0013352,-0.010872,0.0017166,0.10586,-0.098679,0.013778,0.00095369,0.010872,-0.0040055,0.10357,-0.089485,0.0059028,-0.0059784,0.0019825,0.0060708,-0.00052287,-0.0088923,0.0060975,0.0026195,-0.003755,0.0050086,0.0044414,-0.010951,-0.0022449,1.4662,3.7912,-0.12652,-0.49443,2.7818,-1.753,0.76799,-3.2051,0.77062,1.0179,-0.04015,0.034991,0.15777,0.025163,0.0080065,-0.28347,-0.2363,0.1101,0.013893,0.10594,-0.030289,0.10252,-0.1546,-0.037153,184,184,7494,15,1003.9
24.346,0.0016538,0.0032872,7499,0.011651,1.2023,0.0039768,0.020603,0.0006021,0.0064824,0.00080169,1,2,0.83276,99.303,0.6,0,0,-0.0013352,-0.010872,0.0017166,0.10586,-0.098887,0.013385,0.00095369,0.010872,-0.0040055,0.10357,-0.089741,0.0054833,-0.0089526,-0.004447,0.0029889,-0.0053543,-0.0078634,-0.0073784,0.0010281,-0.0036141,0.0055406,-0.00036501,-0.0027639,0.0036332,1.8851,3.7179,-0.011502,-0.43626,2.5639,-2.1286,0.069817,-3.7912,0.6326,0.20359,-0.11195,-0.04668,0.12981,0.013072,0.0045899,-0.28448,-0.28501,0.078597,0.059858,0.11216,-0.023646,0.0019063,-0.129,-0.02913,184,184,7499,15,1003.9
24.376,0.0015319,0.011564,7506,0.029488,1.2096,0.0040034,0.020728,0.0011598,0.0041432,-0.00036115,1,2,0.87512,99.297,0.6,0,0,-0.0013352,-0.010872,0.0017166,0.10586,-0.098887,0.013386,0.00095369,0.010872,-0.0040055,0.10357,-0.089741,0.0054833,-0.0067753,-0.0020376,0.0040919,-0.0026347,-0.010474,-0.015941,0.0048785,-0.003373,-0.00029369,0.0023093,-3.6e-05,0.0069946,0.62835,3.6447,-0.011502,-0.3781,3.3609,-1.5885,-0.62835,-3.4982,0.90864,0.20359,0.071177,0.092486,0.10227,0.0054509,-0.0023093,-0.29,-0.33211,0.048229,0.099829,0.11357,-0.011162,-0.10506,-0.13982,-0.026189,184,184,7509,15,1003.9
24.388,0.0014968,0.004846,7513,0.012795,1.2099,0.004002,0.020735,0.001477,0.0016884,-0.00017513,1,2,0.91403,99.307,0.6,0,0,-0.0013352,-0.010872,0.0017166,0.10586,-0.099095,0.012993,0.00095369,0.010872,-0.0040055,0.10357,-0.089741,0.0054833,-0.0086987,-0.0017448,0.013549,-0.0066332,-0.014811,-0.021141,0.0049472,-0.0047304,-0.0035051,0.0068231,-0.011763,-0.010208,0.34908,3.6447,-0.011502,-0.3781,2.7421,-1.573,0.069817,-3.5348,0.56359,1.0179,-0.69206,-0.25717,0.086072,-0.010896,-0.0086002,-0.29981,-0.34026,0.012295,0.12034,0.11101,0.010537,-0.18353,-0.16444,-0.049553,184,184,7514,15,1003.9
24.415,0.0013019,0.011986,7520,0.026272,1.2091,0.004023,0.020716,0.00053932,-0.0015815,0.00056467,1,2,0.95199,99.304,0.6,0,0,-0.0013352,-0.010491,0.0017166,0.10586,-0.09951,0.012208,0.00095369,0.010872,-0.0040055,0.10357,-0.089741,0.0054833,-0.0032746,-0.0063838,0.0017079,-0.0015491,-0.018628,-0.025072,0.0026933,-0.0025458,0.0016988,0.0035069,-0.0079257,-0.01165,0.76799,3.5714,-0.14952,-0.43626,3.0437,-1.8417,0.48872,-3.6447,1.0007,1.1343,0.10585,0.15497,0.088623,-0.02847,-0.0078863,-0.30149,-0.30215,-0.034474,0.12316,0.097248,0.036161,-0.23299,-0.18146,-0.10039,184,184,7524,15,1003.9
24.435,0.0012629,0.010825,7530,0.020596,1.2027,0.0040005,0.020607,0.00020726,-0.0052841,0.0019359,1,2,0.99543,99.304,0.6,0,0,-0.0013352,-0.010872,0.0017166,0.10586,-0.09951,0.012208,0.00095369,0.010872,-0.0040055,0.10357,-0.089741,0.0054833,-0.0010961,-0.0021504,-0.0007259,0.00020501,-0.0032282,0.010417,0.0082205,-0.0052236,-0.0031959,0.0050793,1.3831e-05,0.0055062,0.76799,3.7179,0.17253,-0.31993,2.9451,-2.1247,0.20945,-3.5348,0.77062,0.66894,-0.19836,0.13157,0.099894,-0.043414,-0.0027283,-0.24531,-0.24252,-0.088384,0.13272,0.046867,0.076373,-0.29073,-0.18712,-0.16502,184,184,7533,15,1003.9
24.447,0.0012939,0.0041025,7538,0.011732,1.1985,0.0039957,0.020533,-0.0017576,-0.005051,0.0035962,1,2,0.03241,99.306,0.6,0,0,-0.0013352,-0.010872,0.0017166,0.10586,-0.09951,0.012208,0.00095369,0.010872,-0.0040055,0.10357,-0.089741,0.0054833,-0.00035086,-0.012189,0.012522,-0.010273,-0.0027371,0.01593,0.0033814,-0.0026889,-0.0076297,0.0018885,-0.0040475,-0.00056588,1.4662,3.7912,-0.011502,-0.95978,3.0432,-1.7297,1.1869,-3.7179,0.88564,0.66894,0.097047,-0.027881,0.10945,-0.036589,0.014199,-0.023435,-0.1643,-0.081682,0.15983,-0.078617,0.12377,-0.34379,-0.1954,-0.22719,184,184,7539,15,1003.9
24.486,0.0012816,0.022497,7547,0.03867,1.1857,0.0039264,0.020318,-0.00055441,-0.0062063,0.003772,1,2,0.072931,99.303,0.6,0,0,-0.0013352,-0.010491,0.0017166,0.10586,-0.09951,0.012208,0.00095369,0.010872,-0.0040055,0.10357,-0.089741,0.0054833,-0.007237,-0.0026089,0.0044184,-0.0032588,0.00039021,0.0050182,0.0093608,-0.0037642,0.0060397,0.0083099,-0.0036909,0.011957,-0.34908,3.5714,0.057509,-0.49443,2.5832,-1.5762,-0.62835,-3.7912,0.90864,0.66894,0.16152,0.18373,0.064637,0.0072949,0.020797,0.24471,-0.13105,-0.0039126,0.19419,-0.18629,0.11634,-0.34743,-0.20659,-0.24255,184,184,7553,15,1003.9
24.503,0.0015465,0.016734,7555,0.017114,1.1789,0.0038892,0.020205,-0.0020495,-0.0072647,0.0031145,1,2,0.11924,99.309,0.6,0,0,-0.0013352,-0.010491,0.0017166,0.10586,-0.09951,0.012208,0.00095369,0.010872,-0.0040055,0.10357,-0.089741,0.0054833,-0.0046496,-0.0045598,0.0020752,-0.016275,0.00016955,0.007871,0.01155,-0.0016562,0.0088126,0.0072472,0.0010884,0.013332,1.0473,3.5714,-0.011502,-0.31993,3.0036,-1.7982,1.4662,-3.5348,0.79363,-0.14542,-0.15881,0.10742,-0.018437,0.028745,0.034984,0.33445,-0.2019,0.024274,0.20475,-0.19321,0.079376,-0.2916,-0.17398,-0.24946,184,184,7559,15,1003.9
24.516,0.001358,0.012733,7561,0.013165,1.1708,0.0038644,0.020065,-0.0038609,-0.0090019,0.0031161,1,2,0.15314,99.312,0.6,0,0,-0.0013352,-0.010491,0.0017166,0.10586,-0.09951,0.012208,0.00095369,0.010872,-0.0040055,0.10357,-0.089741,0.0054833,-0.00096523,-0.0095015,0.013507,-0.0088894,-0.00049108,0.007666,0.0083509,-0.0039862,0.013411,0.0036284,-0.0031618,-0.0025334,1.8851,3.4249,-0.35656,-0.31993,2.6033,-1.6092,0.76799,-3.3516,0.6556,1.1343,-0.1515,-0.022532,-0.057786,0.03259,0.049114,0.36274,-0.20833,0.027944,0.20363,-0.17695,0.061373,-0.26211,-0.15379,-0.25399,184,184,7564,15,1003.9
24.533,0.0015608,0.010961,7568,0.017484,1.1653,0.0038569,0.019969,-0.00011818,-0.0071058,0.0027251,1,2,0.19208,99.314,0.6,0,0,-0.0013352,-0.010491,0.0017166,0.10586,-0.09951,0.012208,0.00095369,0.010872,-0.0040055,0.10357,-0.089741,0.0054833,-0.0062341,-0.0032827,0.0029256,-0.0096911,-0.004261,0.0085119,0.0069515,-0.0020726,0.0047268,0.0055509,-0.010838,-0.016077,0.76799,3.7179,-0.057509,-0.66894,3.2824,-1.6326,0.76799,-3.7179,1.2537,0.66894,-0.53847,0.067335,-0.066151,0.030186,0.053968,0.34054,-0.20171,0.026704,0.20171,-0.14821,0.047661,-0.24846,-0.14578,-0.2411,184,184,7570,15,1003.9
24.556,0.0016328,0.012127,7576,0.022365,1.1518,0.0037857,0.019744,-0.0013031,-0.0074756,0.0024143,1,2,0.23436,99.315,0.6,0,0,-0.0013352,-0.010491,0.0017166,0.10586,-0.09951,0.012208,0.00095369,0.010872,-0.0040055,0.10357,-0.089741,0.0054833,-0.0081904,-0.0068923,-0.0026415,-0.0084224,-0.00042407,0.0076964,0.011145,-0.0038218,0.0087177,-0.0014245,0.0021205,0.011148,0.34908,3.6447,-0.31055,-0.31993,3.1031,-1.739,-0.34908,-3.9377,1.0237,0.20359,0.23331,0.26538,-0.049694,0.021674,0.054859,0.27924,-0.18209,0.021804,0.19725,-0.1098,0.036943,-0.24533,-0.1451,-0.20803,184,184,7579,15,1003.9
24.569,0.0014049,0.0057053,7583,0.012963,1.1446,0.0037917,0.019614,0.00054156,-0.0078049,0.0031703,1,2,0.27292,99.313,0.6,0,0,-0.0013352,-0.010491,0.0017166,0.10586,-0.09951,0.012208,0.00095369,0.010872,-0.0040055,0.10357,-0.089485,0.0059028,-0.01429,-0.012181,-0.0027836,0.0092199,0.00036023,0.0063529,0.0044088,-0.0055807,0.0081915,0.006757,-0.0071635,0.0070244,0.76799,3.6447,-0.28755,-0.31993,2.8629,-1.6122,1.4662,-3.2784,0.6556,1.0179,-0.21204,0.0354,-0.015434,0.008644,0.053663,0.19518,-0.15453,0.014714,0.1882,-0.076744,0.031782,-0.24713,-0.15611,-0.16457,184,184,7585,15,1003.9
24.596,0.0012722,0.010781,7593,0.027398,1.1405,0.0037787,0.019543,0.0002985,-0.0024171,0.00022588,1,2,0.31737,99.314,0.6,0,0,-0.0013352,-0.010491,0.0017166,0.10586,-0.09951,0.012208,0.00095369,0.010872,-0.0040055,0.10357,-0.089485,0.0059028,-0.0030538,-0.0033375,0.0015486,0.00030094,0.001979,0.0091402,0.012609,-0.0036491,0.0050856,0.00032441,-0.0010734,0.0054384,-0.069817,3.7912,-0.10352,-0.49443,3.1422,-1.5362,-0.62835,-3.8278,0.90864,0.49443,0.078482,-0.037489,0.026137,-0.0037303,0.048309,0.084696,-0.11393,0.0094418,0.16941,-0.060778,0.028318,-0.24227,-0.18624,-0.12073,184,184,7596,15,1003.9
24.616,0.0013629,0.012222,7600,0.01968,1.138,0.0037637,0.019503,0.00080419,-0.0012047,0.00097152,1,2,0.3539,99.31,0.6,0,0,-0.0013352,-0.010491,0.0017166,0.10586,-0.09951,0.012208,0.00095369,0.010872,-0.0040055,0.10357,-0.089485,0.0059028,-0.0031574,-0.0062351,0.0027843,-0.0038594,-0.0019798,0.0048669,0.0075384,-0.0033327,-0.0034983,0.0010848,0.0030965,-0.0011224,-0.76799,3.6447,-0.49458,-1.0179,3.124,-1.9288,-0.62835,-3.3516,0.54059,0.84344,0.48924,0.13,0.069995,-0.019521,0.045988,-0.022023,-0.078485,0.0076602,0.14813,-0.067862,0.029925,-0.24038,-0.22839,-0.096524,184,184,7603,15,1003.9
24.627,0.0016757,0.0031256,7608,0.010989,1.1393,0.0037613,0.019526,-0.00035534,0.0017093,-0.00052779,1,2,0.39459,99.311,0.6,0,0,-0.0013352,-0.010491,0.0017166,0.10586,-0.09951,0.012208,0.00095369,0.010872,-0.0040055,0.10357,-0.089485,0.0059028,-0.005265,0.0019044,0.0098692,0.0059443,-0.0018374,0.013219,0.0039623,-0.0041964,-0.0060329,0.0074884,-0.0067969,-0.0014933,-0.069817,3.8645,-0.12652,-0.49443,2.2185,-1.2719,-0.20945,-3.0952,0.77062,0.49443,0.034093,0.07332,0.10184,-0.033382,0.048292,-0.10158,-0.067969,0.0085958,0.13278,-0.074304,0.031184,-0.25093,-0.26431,-0.083531,184,184,7608,15,1003.9
24.656,0.0014422,0.012801,7616,0.029172,1.1471,0.0037719,0.019663,0.00056907,0.0037099,-0.0013307,1,2,0.43328,99.318,0.6,0,0,-0.0013352,-0.010491,0.0017166,0.10586,-0.09951,0.012208,0.00095369,0.010872,-0.0040055,0.10357,-0.089485,0.0059028,-0.0057732,-0.0017472,0.0034375,-0.012423,-0.00054296,0.0082716,0.0055824,-0.0020879,0.0018229,0.00555,-0.0059294,-0.0086858,1.0473,3.6447,-0.011502,-0.49443,3.4022,-1.6288,-1.0473,-3.4249,1.0237,0.3781,-0.047418,0.16496,0.11433,-0.0364,0.043204,-0.14834,-0.067987,0.023193,0.1301,-0.065744,0.031754,-0.27233,-0.27544,-0.058687,184,184,7620,15,1003.9
24.669,0.005368,0.011243,7623,0.012977,1.1508,0.0037713,0.019728,0.00075439,0.0068118,-0.00078932,1,2,0.47027,99.32,0.6,0,0,-0.0013352,-0.010491,0.0017166,0.10586,-0.09951,0.012208,0.00095369,0.010872,-0.0040055,0.10357,-0.089485,0.0059028,-0.0050342,-0.0049141,0.005769,-0.0064535,-0.00068602,0.013313,0.016865,-0.0031634,0.0028719,0.0029716,-0.0069729,0.0077552,-0.48872,3.9377,-0.31055,-1.1925,3.0426,-1.5954,-0.34908,-3.5348,0.90864,0.31993,0.16159,0.18372,0.11642,-0.027168,0.027345,-0.18631,-0.076076,0.05084,0.13803,-0.046081,0.027522,-0.28332,-0.25401,-0.0016102,184,184,7626,15,1003.9
24.689,0.0014325,0.0059062,7632,0.019712,1.1616,0.0037823,0.019918,6.8561e-05,0.0076716,-0.00073766,1,2,0.51243,99.319,0.6,0,0,-0.0013352,-0.010491,0.0017166,0.10586,-0.09951,0.012208,0.00095369,0.010872,-0.0040055,0.10357,-0.089485,0.0059028,-0.0059076,-0.0074998,0.012332,-0.01065,-0.00088089,0.007201,0.0064305,-0.00027593,0.0024295,0.0029113,-0.0066193,-0.00012169,0.62835,3.5714,0.19553,-0.84344,2.983,-1.6756,1.0473,-3.4249,0.67861,0.95978,-0.11924,0.083311,0.12188,0.017048,-0.014141,-0.25345,-0.1114,0.097547,0.14388,-0.0060183,0.015263,-0.24725,-0.20312,0.086442,184,184,7634,15,1003.9
24.718,0.0012606,0.0141,7641,0.029163,1.1802,0.0038243,0.02024,0.0018309,0.011474,-0.0023381,1,2,0.55404,99.31,0.6,0,0,-0.0013352,-0.010491,0.0017166,0.10586,-0.09951,0.012208,0.00095369,0.010872,-0.0040055,0.10357,-0.089485,0.0059028,-0.00044929,-0.0038269,0.0059775,-0.0096987,0.0023734,0.0059786,0.0061447,-0.0064984,0.0040513,0.0024917,-0.00018132,0.0064609,-0.069817,3.4249,-0.56359,-0.14542,3.4835,-1.9398,0.76799,-3.4982,1.0237,0.84344,-0.016354,0.29244,0.14151,0.13418,-0.089814,-0.37495,-0.19159,0.19002,0.14134,0.039911,0.011333,-0.00475,-0.13193,0.083918,184,184,7646,15,1003.9
24.735,0.001383,0.010964,7649,0.016786,1.1886,0.003855,0.020384,0.0031412,0.010846,-0.0027736,1,2,0.59411,99.321,0.6,0,0,-0.0013352,-0.010491,0.0017166,0.10586,-0.09951,0.012208,0.00095369,0.010872,-0.0040055,0.10357,-0.089741,0.0054833,-0.0032409,-0.003837,0.0061228,-0.0066488,-0.0019298,0.0084431,0.0061766,-0.0043557,0.0089368,0.0015698,0.00093987,-0.00052002,1.0473,3.6447,-0.034505,-0.31993,2.8434,-1.7136,-0.069817,-3.3516,0.90864,1.1343,-0.24428,-0.070456,0.16501,0.18769,-0.075629,-0.43697,-0.26308,0.23188,0.064756,0.053188,-0.0024959,0.2424,-0.15787,-0.00076082,184,184,7652,15,1003.9
24.747,0.0013435,0.004075,7657,0.01203,1.1972,0.0038759,0.020533,0.0021746,0.01101,-0.0031522,1,2,0.63181,99.324,0.6,0,0,-0.0013352,-0.010491,0.0017166,0.10586,-0.09951,0.012208,0.00095369,0.010872,-0.0040055,0.10357,-0.089741,0.0054833,-0.0016238,-0.0091695,0.013476,-0.0091915,0.0012593,0.01047,0.0045444,-0.0061512,0.0094691,0.0066238,-0.010383,-0.0064941,0.34908,3.7179,-0.034505,-0.31993,3.1031,-1.739,0.069817,-3.6447,0.79363,0.49443,-0.47183,-0.098839,0.17158,0.15324,-0.023833,-0.37575,-0.19057,0.20357,-0.007196,0.065285,-0.01438,0.29516,-0.22532,-0.025357,184,184,7658,15,1003.9
24.767,0.0054112,0.0087313,7664,0.02045,1.2091,0.0039059,0.020737,0.003234,0.012719,-0.0026295,1,2,0.6715,99.317,0.6,0,0,-0.0013352,-0.010491,0.0017166,0.10586,-0.09951,0.012208,0.00095369,0.010872,-0.0040055,0.10357,-0.089741,0.0054833,-0.004754,-0.00057106,0.0017678,-0.0093558,0.0011961,0.0046168,0.0064592,-0.004627,0.0063902,-5.2334e-05,-0.0071548,0.00067806,-0.069817,3.5714,-0.011502,-0.029084,3.0621,-1.494,0.069817,-3.6081,0.77062,0.3781,-0.2394,-0.15709,0.18945,0.12782,-0.018569,-0.35108,-0.18002,0.19496,-0.03861,0.07064,-0.026453,0.30271,-0.23142,-0.029745,184,184,7665,15,1003.9
24.795,0.0016683,0.011897,7672,0.027956,1.2227,0.0039341,0.020975,0.0012852,0.010615,0.00019899,1,2,0.71365,99.32,0.6,0,0,-0.0017166,-0.010491,0.0017166,0.10586,-0.09951,0.012208,0.00095369,0.010872,-0.0040055,0.10357,-0.089741,0.0054833,-0.0078196,-0.0099998,0.005803,-0.00037563,0.001458,0.0088306,0.0039355,-0.0043444,0.0014617,0.0082307,0.0031268,0.0030727,1.0473,3.9377,-0.28755,-0.84344,3.5035,-1.9504,0.76799,-3.3516,0.6556,0.66894,-0.19105,0.001616,0.18992,0.090876,-0.0065103,-0.3229,-0.17863,0.17029,-0.042684,0.077683,-0.028333,0.26309,-0.21985,-0.037586,184,184,7675,15,1003.9
24.823,0.0050934,0.022886,7680,0.02799,1.238,0.0039706,0.021239,0.0011429,0.010132,0.0039443,1,2,0.75458,99.322,0.6,0,0,-0.0017166,-0.010491,0.0017166,0.10586,-0.09951,0.012208,0.00095369,0.010872,-0.0040055,0.10357,-0.089741,0.0054833,-0.0079582,-0.011124,0.0099967,-0.0029524,0.00016951,0.0090845,0.0053179,-0.0064271,-0.0027914,0.0063962,0.00074387,0.020861,1.4662,3.6447,-0.12652,-1.0179,3.1422,-1.5362,-0.90762,-3.4249,0.88564,0.66894,-0.2306,0.025764,0.17955,0.053391,0.0027458,-0.29932,-0.2019,0.14107,-0.023227,0.093067,-0.032139,0.19172,-0.18894,-0.039797,184,184,7686,15,1003.9
24.834,0.001311,0.010316,7688,0.010694,1.2482,0.0039876,0.021418,0.0014544,0.0080476,0.0023473,1,2,0.79349,99.328,0.6,0,0,-0.0017166,-0.010491,0.0017166,0.10586,-0.09951,0.012208,0.00095369,0.010872,-0.0040055,0.10357,-0.089741,0.0054833,-0.0075527,-0.0019415,0.0049353,-0.003825,-0.00082735,0.0099434,0.010068,-0.0079159,0.001112,0.0062678,-0.0086375,0.0082976,0.62835,3.4982,-0.011502,-0.31993,2.7228,-1.5382,0.34908,-3.6081,0.88564,0.029084,0.25674,0.18833,0.15749,0.024813,0.0077589,-0.28286,-0.2383,0.10842,0.014521,0.10661,-0.030602,0.099623,-0.15416,-0.036938,184,184,7691,15,1003.9
24.849,0.0016824,0.0049015,7696,0.014917,1.2575,0.0040193,0.021576,0.0016676,0.010437,0.0017241,1,2,0.83461,99.326,0.6,0,0,-0.0017166,-0.010491,0.0017166,0.10586,-0.09951,0.012208,0.00095369,0.010872,-0.0040055,0.10357,-0.089741,0.0054833,-0.002836,-0.0072099,0.0040695,-0.0023581,0.00094142,0.0094464,0.0049346,-0.0054203,-0.0043839,0.0031525,0.0074819,0.0099791,0.34908,3.5714,0.011502,-0.78527,3.0231,-1.6968,0.76799,-3.2051,0.6556,0.84344,0.017947,0.020414,0.13034,0.012789,0.0046139,-0.28273,-0.28617,0.077265,0.059771,0.11217,-0.024287,-0.0025885,-0.12861,-0.02879,184,184,7697,15,1003.9
24.875,0.0015687,0.010664,7704,0.026041,1.2684,0.0040484,0.021765,0.0015208,0.0092032,0.00069938,1,2,0.87499,99.328,0.6,0,0,-0.0017166,-0.010491,0.0017166,0.10586,-0.09951,0.012208,0.00095369,0.010872,-0.0040055,0.10357,-0.089741,0.0054833,-0.014025,-0.012352,-0.0016821,-0.0069219,-0.00082402,0.007856,0.0059311,-0.0034596,-0.0063785,0.010206,0.0011836,0.017645,0.76799,3.7179,0.080513,-0.20359,2.982,-1.4517,0.48872,-3.315,0.79363,0.66894,-0.13538,0.030371,0.10267,0.0056525,-0.0030361,-0.28931,-0.33292,0.047582,0.10017,0.11375,-0.010735,-0.10719,-0.14013,-0.026489,184,184,7706,15,1003.9
24.898,0.0016902,0.012482,7711,0.023079,1.2789,0.004082,0.021944,0.0018341,0.0087935,-0.0032031,1,2,0.91785,99.32,0.6,0,0,-0.0017166,-0.010491,0.0017166,0.10586,-0.09951,0.012208,0.00095369,0.010872,-0.0040055,0.10357,-0.089741,0.0054833,-0.0060771,-0.0028073,0.0059291,-0.0089892,-0.00012091,0.0078084,0.010371,-0.0056448,0.0041178,0.0071945,-0.0024423,0.0016401,0.62835,3.7179,-0.35656,-0.49443,3.1627,-1.6588,-0.62835,-3.7179,0.77062,0.31993,0.12197,0.20788,0.086866,-0.01229,-0.0079435,-0.29908,-0.3382,0.010792,0.11944,0.11094,0.011013,-0.18684,-0.16439,-0.05306,184,184,7714,15,1003.9
24.908,0.0048376,0.009668,7716,0.0101,1.2875,0.0040694,0.022099,0.0022397,0.010579,-0.0025367,1,2,0.95016,99.327,0.6,0,0,-0.0017166,-0.010491,0.0017166,0.10586,-0.09951,0.012208,0.00095369,0.010872,-0.0040055,0.10357,-0.089741,0.0054833,-0.0058283,-0.0059327,0.0052656,-0.0074143,-0.0025959,0.0045706,0.0074259,-0.0027643,0.01049,0.0028109,0.0042106,0.018127,-0.48872,3.4982,-0.14952,-0.84344,3.0642,-1.9642,-0.76799,-3.5348,0.90864,0.20359,0.22938,-0.0041051,0.08998,-0.027883,-0.0076216,-0.29855,-0.3009,-0.03123,0.12383,0.096553,0.03682,-0.23262,-0.18056,-0.099558,184,184,7718,15,1003.9
24.928,0.0013531,0.0061313,7723,0.02067,1.299,0.0040733,0.022303,-0.00050661,0.012179,-0.0027362,1,2,0.99152,99.332,0.6,0,0,-0.0017166,-0.010491,0.0017166,0.10586,-0.09951,0.012208,0.00095369,0.010872,-0.0040055,0.10357,-0.089741,0.0054833,-0.0039235,0.0036945,0.011307,-0.004458,-0.0022736,0.0083342,-0.0029698,-0.0026605,0.010346,0.008645,0.0089647,0.0049605,0.34908,3.7912,0.14952,-0.49443,3.1632,-1.7707,0.76799,-3.5714,0.90864,0.49443,-0.1515,-0.022532,0.10026,-0.041966,-0.0020925,-0.249,-0.24346,-0.082171,0.13246,0.050591,0.074579,-0.28577,-0.18597,-0.1614,184,184,7725,15,1003.9
24.955,0.0015675,0.01034,7732,0.026451,1.3139,0.004103,0.022561,0.00081937,0.011578,-0.00054853,1,2,0.036294,99.329,0.6,0,0,-0.0017166,-0.010491,0.0013352,0.10586,-0.09951,0.012208,0.00095369,0.010872,-0.0040055,0.10357,-0.089998,0.0050637,-0.0069211,0.0015252,0.0043403,-0.0081975,-0.0033632,0.011454,0.0082002,-0.0065887,0.0014096,0.0055341,0.0015969,0.0003378,1.4662,3.5714,-0.011502,-0.31993,3.5035,-1.9504,0.76799,-3.6447,0.88564,0.66894,-0.15148,-0.022562,0.10733,-0.037105,0.016023,-0.017682,-0.16308,-0.081555,0.1635,-0.079519,0.12538,-0.34128,-0.1932,-0.22911,184,184,7733,15,1003.9
24.988,0.019186,0.032473,7735,0.032966,1.3203,0.0041035,0.022675,0.0013901,0.010406,-0.00050584,1,2,0.093162,99.253,0.6,0,0,-0.0017166,-0.010491,0.0013352,0.10586,-0.09951,0.012208,0.00095369,0.010872,-0.0040055,0.10357,-0.089998,0.0050637,-0.005864,-0.0013787,0.0054482,0.0009028,-0.0011264,0.011278,0.0074876,-0.0046344,0.0050464,0.0022118,0.0030558,0.00055104,0.62835,3.4982,-0.011502,-0.84344,3.3424,-1.6643,-1.4662,-3.4249,0.77062,0.49443,0.12189,0.20787,0.058777,0.0091686,0.024238,0.265,-0.14086,-0.0055411,0.20124,-0.18521,0.11255,-0.34205,-0.20229,-0.24691,184,184,7738,15,1003.9
25.001,0.0013391,0.012292,7740,0.012671,1.3292,0.0041222,0.022831,0.0012865,0.010086,0.00084051,1,2,0.12342,99.252,0.6,0,0,-0.0017166,-0.010491,0.0013352,0.10586,-0.09951,0.012208,0.00095369,0.010872,-0.0040055,0.10357,-0.089998,0.0050637,-0.0043022,-0.0032067,0.0030756,-0.0060381,-0.00081379,0.0093859,0.011206,-0.0020926,0.0013369,0.00035308,-0.0052607,0.0050784,1.0473,3.8645,-0.011502,-0.49443,2.8831,-1.6452,0.069817,-3.4249,0.51758,0.66894,-0.19349,0.044885,-0.027945,0.030694,0.036461,0.33882,-0.20692,0.023202,0.20869,-0.1907,0.076607,-0.28592,-0.16937,-0.25155,184,184,7743,15,1003.9
25.017,0.0016132,0.012042,7745,0.016613,1.3393,0.0041384,0.023006,0.0015865,0.010102,0.0015134,1,2,0.15762,99.26,0.6,0,0,-0.0017166,-0.010491,0.0013352,0.10586,-0.09951,0.012208,0.00095369,0.010872,-0.0040055,0.10357,-0.089998,0.0050637,-0.001365,-0.0067492,0.012814,0.00097609,-0.00042506,0.0098111,0.0082905,-0.003995,-0.00027246,0.0068346,-0.01508,-0.014428,0.34908,3.1685,0.080513,-1.1343,3.2628,-1.7116,1.0473,-3.7912,0.6556,0.66894,0.10089,0.24159,-0.062769,0.032822,0.050145,0.36031,-0.20907,0.026521,0.20816,-0.17305,0.060255,-0.25801,-0.15062,-0.25365,184,184,7748,15,1003.9
25.028,0.0053115,0.0087801,7751,0.010542,1.3442,0.0041341,0.023093,0.0011591,0.012089,0.0018976,1,2,0.19275,99.26,0.6,0,0,-0.0017166,-0.010491,0.0013352,0.10586,-0.09951,0.012208,0.00095369,0.010872,-0.0040055,0.10357,-0.089998,0.0050637,-0.012126,-0.0051914,0.0031932,-0.010935,0.0011667,0.0079244,0.0031284,-0.0086086,0.0037233,0.0050896,-0.0058082,-0.0088217,-0.48872,3.9377,0.011502,-0.14542,3.2628,-1.7116,0.48872,-3.9744,0.6556,0.3781,0.2171,0.2125,-0.069069,0.030247,0.054128,0.33847,-0.20229,0.025337,0.20611,-0.14728,0.04839,-0.2465,-0.14381,-0.24126,184,184,7752,15,1003.9
25.056,0.001441,0.010315,7760,0.027867,1.37,0.0041537,0.023548,0.00022624,0.0091845,0.001723,1,2,0.23752,99.261,0.6,0,0,-0.0017166,-0.010491,0.0013352,0.10586,-0.09951,0.012208,0.00095369,0.010872,-0.0040055,0.10357,-0.089998,0.0050637,-0.0051761,-0.00442,0.0028103,-0.0047194,-0.0019476,0.011405,0.00039555,-0.0042667,-0.0024441,-0.0077905,0.0052088,-0.0030213,-0.34908,3.7912,-0.057509,-0.49443,3.5015,-1.5025,-0.62835,-3.6447,0.79363,0.49443,-0.58063,-0.19976,-0.050799,0.021573,0.054743,0.27261,-0.18182,0.020598,0.20098,-0.10638,0.036768,-0.2428,-0.14402,-0.20579,184,184,7762,15,1003.9
25.076,0.0015055,0.011503,7767,0.020882,1.3818,0.0041767,0.023753,0.00158,0.0089166,-0.00054907,1,2,0.27711,99.257,0.6,0,0,-0.0017166,-0.010491,0.0013352,0.10586,-0.09951,0.012208,0.00095369,0.010872,-0.0040055,0.10357,-0.089998,0.0050637,-0.0024076,-0.001844,0.0041053,-0.013965,0.00074405,0.0089455,-0.0025844,-0.0052436,0.0048698,0.0057775,-0.0017353,0.0089119,0.34908,3.7179,-0.034505,-1.1343,2.7045,-1.9083,-0.069817,-3.6447,0.88564,0.49443,0.201,0.1596,-0.015269,0.0077274,0.05376,0.185,-0.15224,0.013063,0.19158,-0.073696,0.032257,-0.24373,-0.15639,-0.16123,184,184,7770,15,1003.9
25.099,0.0015774,0.013088,7775,0.022886,1.3921,0.004213,0.023929,0.00035637,0.0065444,-9.7091e-05,1,2,0.31961,99.258,0.6,0,0,-0.0017166,-0.010491,0.0013352,0.10586,-0.099302,0.012601,0.00095369,0.010872,-0.0040055,0.10357,-0.090254,0.0046438,-0.0088718,-0.0089276,0.0078819,-0.0046199,-0.0034787,0.0096464,0.0014031,-0.0026292,-0.0066399,0.0036867,-0.00024051,0.024911,-0.48872,3.7912,-0.19553,-0.31993,2.8426,-1.625,0.76799,-3.4982,0.77062,0.3781,0.041414,-0.056601,0.027073,-0.0044607,0.048248,0.076577,-0.11214,0.0079329,0.17164,-0.060844,0.029484,-0.23993,-0.18813,-0.11955,184,184,7779,15,1003.9
25.115,0.0013283,0.00909,7783,0.015943,1.3973,0.00421,0.024021,-0.0006831,0.0047687,0.00082077,1,2,0.35933,99.263,0.6,0,0,-0.0017166,-0.010491,0.0013352,0.10586,-0.099302,0.012601,0.00095369,0.010872,-0.0040055,0.10357,-0.090254,0.0046438,-0.0094606,-0.0059817,0.0043716,-0.0020299,0.0011099,0.0098454,-0.0010283,-0.0013174,0.0055116,0.004328,-0.0030003,0.010749,0.34908,3.4249,-0.35656,-0.49443,2.4634,-1.6928,-0.34908,-3.6447,0.88564,0.66894,0.04762,0.16951,0.070267,-0.021232,0.04711,-0.032416,-0.07591,0.0071445,0.15001,-0.069345,0.030432,-0.23793,-0.23013,-0.096106,184,184,7785,15,1003.9
25.137,0.0013046,0.011384,7791,0.021293,1.4067,0.0042523,0.02418,0.0022138,0.0067655,-0.0015358,1,2,0.39715,99.263,0.6,0,0,-0.0017166,-0.010491,0.0013352,0.10586,-0.099302,0.012601,0.00095369,0.010872,-0.0040055,0.10357,-0.090254,0.0046438,-0.0027786,-0.00074175,-0.00058107,-0.014762,0.00098118,0.012576,0.00092812,-0.008225,0.005835,0.0038657,0.0050114,0.0058516,1.0473,3.7179,-0.17253,-0.84344,2.6635,-1.7762,0.48872,-3.315,0.88564,1.7741,0.050089,0.1262,0.10243,-0.033514,0.048539,-0.10691,-0.067109,0.0070126,0.13548,-0.073914,0.032116,-0.24925,-0.26454,-0.084416,184,184,7795,15,1003.9
25.15,0.0015383,0.0052439,7800,0.013145,1.4094,0.0042213,0.024233,-0.00079277,0.0049406,-0.00016925,1,2,0.43599,99.264,0.6,0,0,-0.0017166,-0.010491,0.0013352,0.10586,-0.099302,0.012601,0.00095369,0.010872,-0.0040055,0.10357,-0.090254,0.0046438,-0.0012105,-0.010116,-0.00072944,-0.0099426,-0.0014853,0.010329,0.0047443,-0.0065069,0.0069264,0.0018355,0.0056624,0.012867,1.0473,3.6447,-0.35656,-0.3781,2.8431,-1.737,-0.069817,-3.7912,0.79363,0.3781,-0.12551,-0.14291,0.11387,-0.035981,0.042171,-0.15178,-0.068737,0.023355,0.13348,-0.064897,0.032064,-0.27053,-0.27215,-0.059105,184,184,7801,15,1003.9
25.169,0.0018044,0.0052654,7807,0.01945,1.4146,0.0042115,0.024327,0.00025291,0.0057147,-0.00038939,1,2,0.47551,99.265,0.6,0,0,-0.0017166,-0.010491,0.0013352,0.10586,-0.099302,0.012601,0.00095369,0.010872,-0.0040055,0.10357,-0.090254,0.0046438,-0.0083033,-0.0040716,0.0040012,-0.0032419,-0.0026657,0.010405,0.0080112,-0.0038908,0.0044532,0.0066809,-0.0014458,0.0058114,-0.48872,3.3516,-0.35656,-0.31993,3.4014,-1.5403,-0.62835,-3.4982,0.90864,0.029084,0.22195,0.12591,0.11609,-0.024846,0.024362,-0.19181,-0.079419,0.055181,0.14131,-0.04272,0.026601,-0.28097,-0.24647,0.0033648,184,184,7808,15,1003.9
25.189,0.0047896,0.009118,7814,0.019918,1.4195,0.0041993,0.024417,6.583e-06,0.0041763,-0.00056586,1,2,0.5138,99.261,0.6,0,0,-0.0017166,-0.010491,0.0013352,0.10586,-0.099302,0.012601,0.00095369,0.010872,-0.0040055,0.10357,-0.090254,0.0046438,-0.0049224,-0.0040572,0.00066274,0.0025987,-0.0052786,0.0092217,0.0054402,-0.0039174,-0.0026454,0.0033821,-0.00032665,-0.0083668,1.0473,3.7179,-0.26454,-0.66894,3.1823,-1.6704,0.20945,-3.7179,0.90864,0.84344,-0.36416,-0.31089,0.12253,0.020092,-0.017341,-0.25761,-0.11611,0.1008,0.14656,-0.0033471,0.01433,-0.24057,-0.19489,0.088743,184,184,7816,15,1003.9
25.21,0.0012912,0.0047419,7823,0.021041,1.4199,0.004185,0.024426,-0.00037034,0.0011486,8.7974e-05,1,2,0.55754,99.266,0.6,0,0,-0.0017166,-0.010491,0.0013352,0.10586,-0.099302,0.012601,0.00095369,0.010872,-0.0040055,0.10357,-0.090254,0.0046438,-0.018031,0.0054677,-0.010912,-0.0075104,-0.0019721,0.015125,0.0058163,-0.0041454,-0.0066396,0.0023971,0.0066648,0.020176,0.34908,3.7912,-0.49458,-0.3781,3.2823,-1.7009,0.20945,-3.7179,0.90864,0.20359,0.031541,0.11661,0.14359,0.14003,-0.093306,-0.38134,-0.19961,0.19676,0.13999,0.04179,0.010919,0.012358,-0.12925,0.077105,184,184,7824,15,1003.9
25.235,0.0054918,0.013838,7830,0.024356,1.4214,0.0041501,0.024458,-0.0012329,0.0021952,0.0012481,1,2,0.59659,99.268,0.6,0,0,-0.0017166,-0.010491,0.0013352,0.10586,-0.099302,0.012601,0.00095369,0.010872,-0.0040055,0.10357,-0.090254,0.0046438,-0.00769,-0.0025851,0.0017691,-0.0030455,0.0032164,0.012529,0.0023445,-0.0051019,0.0043051,0.0078149,-0.00032189,0.0060792,-0.90762,3.5714,-0.35656,-0.14542,3.0628,-1.7413,-1.3265,-3.6447,1.0237,0.66894,0.20341,0.11632,0.16734,0.18542,-0.072538,-0.43229,-0.26202,0.23132,0.057689,0.053718,-0.0033945,0.2444,-0.16485,-0.0038509,184,184,7832,15,1003.9
25.25,0.0055105,0.0098228,7838,0.015333,1.4223,0.0041568,0.024473,2.4003e-05,0.00038362,0.0016195,1,2,0.63533,99.264,0.6,0,0,-0.0017166,-0.010491,0.0013352,0.10586,-0.099302,0.012601,0.00095369,0.010872,-0.0040055,0.10357,-0.090254,0.0046438,-0.00053918,-0.001343,0.0021086,-0.0099551,0.00069923,0.013256,0.0060358,-0.0036133,0.002974,0.0035247,0.0022647,0.0047029,1.0473,3.3883,-0.034505,-0.3781,2.7426,-1.5945,-0.62835,-3.3516,0.90864,0.49443,0.059962,-0.047011,0.17451,0.15149,-0.023774,-0.37278,-0.19104,0.2043,-0.010534,0.065418,-0.015768,0.2949,-0.22744,-0.026046,184,184,7840,15,1003.9
25.276,0.0020148,0.011685,7847,0.026599,1.4205,0.0041567,0.024441,0.0012239,-0.0016434,0.0010783,1,2,0.67771,99.266,0.6,0,0,-0.0017166,-0.010491,0.0013352,0.10586,-0.099302,0.012601,0.00095369,0.010872,-0.0040055,0.10357,-0.090254,0.0046438,-0.01018,-0.010293,0.01163,-0.0044561,0.0013113,0.013049,0.0057981,-0.0044657,-0.00096396,0.0016218,0.0086954,0.018086,1.0473,3.8278,-0.24154,-0.31993,3.1428,-1.7836,0.76799,-3.3516,0.90864,0.66894,-0.2442,-0.070542,0.1904,0.12294,-0.017715,-0.34706,-0.1811,0.19115,-0.039751,0.071566,-0.026513,0.29656,-0.23166,-0.031257,184,184,7850,15,1003.9
25.29,0.0012788,0.0053177,7855,0.013593,1.4177,0.0041353,0.024395,0.00028782,-0.00098068,-0.0008019,1,2,0.71617,99.27,0.6,0,0,-0.0017166,-0.010491,0.0013352,0.10586,-0.099302,0.012601,0.00095369,0.010872,-0.0040055,0.10357,-0.090254,0.0046438,-0.003287,-0.0037526,0.006121,-0.0019202,-0.0021918,0.0090694,0.0053555,-0.003847,0.010492,0.0040585,-0.00082028,-0.0023096,-0.069817,3.3883,-0.057509,-0.14542,3.0027,-1.7096,0.76799,-3.2784,0.90864,0.029084,0.10326,0.19828,0.19099,0.088883,-0.0067381,-0.32141,-0.18208,0.16943,-0.042127,0.078456,-0.029056,0.25776,-0.21817,-0.037484,184,184,7857,15,1003.9
25.316,0.0012321,0.011288,7863,0.025981,1.4155,0.004137,0.024357,0.00010271,-0.0026941,-0.00026966,1,2,0.75611,99.275,0.6,0,0,-0.0017166,-0.010491,0.0013352,0.10586,-0.099302,0.012601,0.00095369,0.010872,-0.0040055,0.10357,-0.090254,0.0046438,-0.0041824,-0.00645,0.0020028,-0.013655,-0.00071287,0.016269,0.00052943,-0.0025765,0.0043004,-0.0030146,0.0081346,0.014892,-1.1869,3.6447,-0.011502,-0.66894,2.8038,-1.895,-1.8851,-3.2784,1.0237,0.029084,-0.23059,0.025655,0.1792,0.052205,0.0027667,-0.29886,-0.20473,0.14052,-0.02154,0.093695,-0.032113,0.18693,-0.18792,-0.039907,184,184,7866,15,1003.9
25.335,0.0013495,0.011348,7871,0.018995,1.4136,0.0041037,0.024328,-0.0021966,-0.0026167,0.0025342,1,2,0.79421,99.273,0.6,0,0,-0.0017166,-0.010491,0.0013352,0.10586,-0.099302,0.012601,0.00095369,0.010872,-0.0040055,0.10357,-0.090254,0.0046438,-0.0057706,-0.0099791,0.011429,-0.0054313,-0.0029575,0.014449,0.0022002,-0.0048102,0.010532,0.0087166,-0.0081626,0.0040304,0.34908,3.7179,-0.35656,-0.66894,3.0221,-1.5634,-0.76799,-3.6447,0.77062,0.66894,-0.23059,0.025655,0.15773,0.024307,0.0067946,-0.28314,-0.24095,0.10705,0.01554,0.10716,-0.030437,0.096086,-0.15365,-0.036816,184,184,7874,15,1003.9
25.351,0.0051012,0.010805,7880,0.016397,1.4111,0.0040671,0.024291,-0.0012282,-0.0022494,0.00040168,1,2,0.83567,99.266,0.6,0,0,-0.0017166,-0.010491,0.0013352,0.10586,-0.099302,0.012601,0.00095369,0.010872,-0.0040055,0.10357,-0.090254,0.0046438,0.0018061,-0.0050495,0.0023106,-0.014055,0.0010542,0.010297,0.0051394,-0.0040218,0.0088463,0.00079295,-0.001125,0.014238,-0.48872,3.5714,-0.26454,-0.31993,2.3436,-1.6966,0.069817,-3.5348,1.0237,0.3781,-0.37403,-0.13767,0.13026,0.012365,0.0041482,-0.28326,-0.28893,0.076648,0.060675,0.11241,-0.023978,-0.0061257,-0.12908,-0.028865,184,184,7883,15,1003.9
25.377,0.0013352,0.012286,7889,0.025951,1.4062,0.0040477,0.024207,0.00049765,-0.0021647,0.0020017,1,2,0.87699,99.265,0.6,0,0,-0.0017166,-0.010491,0.0013352,0.10586,-0.099302,0.012601,0.00095369,0.010872,-0.0040055,0.10357,-0.090254,0.0046438,-0.0067131,-0.0021538,0.010343,-0.001742,-0.00054608,0.0074073,0.0071618,-0.004552,0.0083363,-0.0046168,0.0020772,0.0013089,-0.48872,3.7912,-0.17253,-0.14542,3.2822,-1.6785,0.34908,-3.2051,0.77062,0.66894,-0.46677,-0.18562,0.10256,0.0050376,-0.0029751,-0.2888,-0.33407,0.047515,0.1005,0.11343,-0.010094,-0.11245,-0.14166,-0.02697,184,184,7893,15,1003.9
25.397,0.0012972,0.011635,7897,0.019362,1.4044,0.004047,0.024175,-0.00090667,-0.0026413,0.00093325,1,2,0.91694,99.277,0.6,0,0,-0.0017166,-0.010491,0.0013352,0.10586,-0.099302,0.012601,0.00095369,0.010872,-0.0040055,0.10357,-0.090254,0.0046438,-0.0089613,-0.010684,0.0092331,-0.0089788,-0.002803,0.012261,0.0070675,-0.0055991,0.0090773,0.0015701,0.0022944,0.017868,0.34908,3.4615,0.011502,-0.20359,2.4107,-1.3968,1.1869,-3.7912,0.88564,1.3088,0.57929,0.22151,0.087389,-0.011853,-0.0092673,-0.30033,-0.33946,0.011182,0.11992,0.11121,0.011745,-0.18735,-0.16505,-0.053773,184,184,7900,15,1003.9
25.419,0.0015083,0.015253,7904,0.022477,1.4008,0.0040244,0.024115,0.00027556,-0.0018241,0.00066709,1,2,0.95504,99.272,0.6,0,0,-0.0017166,-0.010491,0.0013352,0.10586,-0.099302,0.012601,0.00095369,0.010872,-0.0040055,0.10357,-0.090254,0.0046438,-0.0032067,-0.0058497,0.0054381,-0.0024677,-0.00086512,0.009551,0.010307,-0.0073404,-0.0013859,0.0081426,-0.00065389,-0.00030035,-0.069817,3.5714,-0.37956,-0.49443,2.9038,-1.9255,0.76799,-3.6081,1.0237,0.31993,0.15644,0.27035,0.090723,-0.029447,-0.007498,-0.29885,-0.29834,-0.034966,0.1233,0.095696,0.037913,-0.23554,-0.18068,-0.10589,184,184,7908,15,1003.9
25.429,0.0049321,0.0096072,7910,0.010003,1.3993,0.0040171,0.02409,-0.0014024,-0.0034547,-5.1385e-05,1,2,0.99326,99.275,0.6,0,0,-0.0017166,-0.010491,0.0013352,0.10586,-0.099302,0.012601,0.00095369,0.010872,-0.0040055,0.10357,-0.090254,0.0046438,-0.001721,-0.0057474,0.0086973,-0.0010831,-0.00081555,0.015829,0.0085423,-0.0057313,0.0024216,-0.0021117,-0.0021458,0.0060336,-0.069817,3.6081,-0.10352,-0.84344,2.8838,-1.9373,-1.3265,-4.011,0.54059,1.0179,0.46801,0.16397,0.10165,-0.042213,-0.0024536,-0.24553,-0.24111,-0.08528,0.13299,0.047631,0.076623,-0.289,-0.18674,-0.16587,184,184,7912,15,1003.9
25.449,0.0013939,0.0042866,7919,0.019344,1.3965,0.0040125,0.024041,0.00029597,-0.0019733,-0.0014697,1,2,0.03549,99.277,0.6,0,0,-0.0017166,-0.010491,0.0013352,0.10586,-0.099302,0.012601,0.00095369,0.010872,-0.0040055,0.10357,-0.090254,0.0046438,-0.0031545,-0.013719,0.0022369,-0.0004881,0.0006689,0.01324,0.01174,-0.0077291,-0.0048127,-0.00062003,0.0086943,0.0067428,0.34908,3.4249,0.14952,-0.66894,2.9429,-1.7451,0.069817,-3.2784,0.81663,0.66894,-0.15887,0.10732,0.10805,-0.03609,0.015871,-0.014524,-0.16143,-0.081017,0.1634,-0.08239,0.12574,-0.34214,-0.19447,-0.2306,184,184,7920,15,1003.9
25.478,0.001836,0.013366,7926,0.029065,1.3914,0.0039808,0.023955,-0.00066753,-0.0030998,0.00032497,1,2,0.076275,99.271,0.6,0,0,-0.0017166,-0.010491,0.0013352,0.10586,-0.099302,0.012601,0.00095369,0.010872,-0.0040055,0.10357,-0.090254,0.0046438,0.00098181,-0.0056937,-0.00076106,-0.0056487,-0.0027683,0.0059814,4.7592e-05,-0.0057696,-0.00072139,0.00099862,0.0052273,0.014264,1.0473,3.6447,-0.37956,-0.3781,2.7245,-2.0319,0.069817,-3.315,0.77062,0.31993,0.51871,0.27935,0.060313,0.0087418,0.0212,0.25058,-0.13655,-0.0031558,0.19766,-0.18783,0.11564,-0.34453,-0.20577,-0.24448,184,184,7929,15,1003.9
25.496,0.0054318,0.016568,7932,0.018824,1.389,0.0039797,0.023915,8.3316e-05,-0.0023477,0.0029698,1,2,0.11482,99.28,0.6,0,0,-0.0017166,-0.010491,0.0013352,0.10586,-0.099302,0.012601,0.00095369,0.010872,-0.0040055,0.10357,-0.090254,0.0046438,-0.0067039,-0.005794,0.0095293,-0.0037059,-0.0043124,0.010127,0.010103,-0.0016619,0.0036738,0.00064025,-0.0013034,0.01126,-0.76799,3.4982,-0.35656,-0.49443,3.0033,-1.844,0.34908,-3.315,0.90864,0.49443,0.33324,0.18345,-0.022907,0.03001,0.034423,0.33509,-0.20396,0.024226,0.20745,-0.19485,0.080201,-0.28986,-0.17341,-0.25049,184,184,7935,15,1003.9
25.51,0.0014557,0.0044764,7940,0.013545,1.3883,0.0039591,0.023905,-0.0010529,-0.0012532,0.0027446,1,2,0.15805,99.276,0.6,0,0,-0.0017166,-0.010491,0.0013352,0.10586,-0.099302,0.012601,0.00095369,0.010872,-0.0040055,0.10357,-0.090254,0.0046438,-0.0016807,0.00075267,0.0096126,0.00027281,0.0022345,0.011154,0.0062411,-0.0034751,0.009009,0.0025122,0.0070183,0.010673,1.0473,3.9011,-0.12652,-0.49443,3.6013,-1.5789,0.20945,-3.4249,0.79363,0.49443,0.22195,0.12591,-0.060247,0.032781,0.049793,0.35955,-0.20912,0.027019,0.2071,-0.17366,0.060262,-0.25888,-0.15171,-0.25301,184,184,7941,15,1003.9
25.53,0.0050401,0.0095671,7947,0.019554,1.3858,0.0039391,0.023865,-0.00041827,-0.00022419,-0.00034855,1,2,0.19427,99.277,0.6,0,0,-0.0017166,-0.010491,0.0013352,0.10586,-0.099302,0.012601,0.00095369,0.010872,-0.0040055,0.10357,-0.090254,0.0046438,-0.0033182,0.0025613,0.0057395,-0.0092658,-0.001362,0.0099562,0.00046741,-0.0038086,0.0036299,0.0050081,0.0036368,0.019728,1.4662,3.8278,0.011502,0.087253,3.403,-1.9211,-1.4662,-3.4982,0.88564,1.0179,-0.19103,0.001532,-0.067509,0.029938,0.05404,0.33687,-0.20242,0.025536,0.20489,-0.14652,0.048225,-0.24713,-0.14494,-0.24034,184,184,7949,15,1003.9
25.549,0.001573,0.004647,7955,0.019068,1.3853,0.0039341,0.023856,0.00027789,0.00065178,-0.0011796,1,2,0.23521,99.285,0.6,0,0,-0.0017166,-0.010491,0.0013352,0.10586,-0.099302,0.012601,0.00095369,0.010872,-0.0040055,0.10357,-0.090254,0.0046438,-0.0015529,-0.011139,0.0055051,-0.0062573,0.0052043,0.0081798,0.011779,-0.0029882,0.0077564,0.0053043,0.006073,0.0098959,-0.76799,3.7179,-0.37956,-0.66894,2.9629,-1.7332,0.069817,-3.5348,0.77062,0.31993,-0.32333,-0.022295,-0.051336,0.021853,0.05474,0.2761,-0.18272,0.02075,0.20135,-0.10913,0.037862,-0.24309,-0.1439,-0.20766,184,184,7956,15,1003.9
25.577,0.0054473,0.017485,7963,0.028895,1.3852,0.003905,0.023859,0.00080341,0.00057257,0.00042927,1,2,0.27517,99.285,0.6,0,0,-0.0017166,-0.010491,0.0013352,0.10586,-0.099302,0.012601,0.00095369,0.010872,-0.0040055,0.10357,-0.090254,0.0046438,-0.0029174,-0.010305,0.012575,-0.0071187,0.00046536,0.013162,0.0075548,-0.0022884,0.00128,-0.00095332,0.0095779,0.01336,0.34908,3.7179,0.080513,-0.31993,3.383,-1.9105,-0.20945,-3.7546,1.3687,0.20359,0.4606,0.29388,-0.016863,0.0086457,0.053605,0.18998,-0.15411,0.013854,0.19177,-0.075418,0.032315,-0.24418,-0.15561,-0.16345,184,184,7966,15,1003.9
25.595,0.0013635,0.015541,7969,0.017636,1.3861,0.003905,0.023875,-0.0012367,0.0016268,-0.00031112,1,2,0.306,99.279,0.6,0,0,-0.0017166,-0.010491,0.0013352,0.10586,-0.099302,0.012601,0.00095369,0.010872,-0.0040055,0.10357,-0.090254,0.0046438,-0.007793,-0.0057473,0.002611,-0.003715,0.0032913,0.0060659,0.0051519,-0.0024177,0.0025559,0.0024095,0.00031917,-0.0046139,0.62835,3.5714,-0.37956,-0.14542,2.8821,-1.5117,0.48872,-3.4249,1.0237,0.66894,0.27513,0.19798,0.021605,-0.0027269,0.049529,0.10373,-0.12299,0.0072765,0.17708,-0.06487,0.032715,-0.24407,-0.18153,-0.1293,184,184,7972,15,1003.9
25.609,0.0013792,0.0044878,7978,0.014139,1.3875,0.0039035,0.0239,0.00051271,0.002752,0.00033542,1,2,0.35646,99.282,0.6,0,0,-0.0017166,-0.010491,0.0013352,0.10586,-0.099302,0.012601,0.00095369,0.010872,-0.0040055,0.10357,-0.090254,0.0046438,-0.0061641,-0.0028128,0.0021702,-0.0025917,0.00078087,0.0085368,0.0011033,-0.0050436,-0.004591,0.00014717,0.0046163,0.0079326,0.34908,3.4982,-0.034505,-0.66894,3.462,-1.7065,-0.069817,-3.4249,0.90864,0.20359,-0.31592,-0.15221,0.062144,-0.017572,0.046948,-0.017332,-0.079343,0.0084165,0.15252,-0.066636,0.028113,-0.23714,-0.22292,-0.097801,184,184,7979,15,1003.9
25.638,0.0015052,0.013546,7986,0.028848,1.3899,0.0038878,0.023946,0.0011127,0.0023559,0.0010169,1,2,0.3961,99.273,0.6,0,0,-0.0017166,-0.010491,0.0013352,0.10586,-0.099302,0.012601,0.00095369,0.010872,-0.0040055,0.10357,-0.090254,0.0046438,-0.0031943,-0.0071248,0.012068,-0.003547,0.002163,0.0097577,0.0028657,-0.0090818,-0.0073522,0.0069559,-0.0058285,-0.0049016,0.34908,3.6813,-0.011502,-0.49443,2.962,-1.5317,0.90762,-3.4249,0.6556,0.66894,0.4606,0.29388,0.09823,-0.033564,0.049112,-0.10105,-0.067518,0.0089177,0.13677,-0.074393,0.031335,-0.24863,-0.26094,-0.085015,184,184,7991,15,1003.9
25.657,0.0051786,0.016423,7994,0.01839,1.3908,0.0038913,0.02396,-0.00080179,0.0012413,-0.0016356,1,2,0.43474,99.288,0.6,0,0,-0.0017166,-0.010491,0.0013352,0.10586,-0.099302,0.012601,0.00095369,0.010872,-0.0040055,0.10357,-0.090254,0.0046438,0.0025621,-0.0048016,0.0041763,-0.010633,0.0018361,-0.00089121,0.0022228,-0.004634,0.0026164,0.0012867,-0.0031007,0.012579,-0.48872,3.2418,-0.33355,-0.49443,3.0215,-1.429,0.20945,-3.5714,0.77062,1.0179,0.14283,0.17415,0.11311,-0.036267,0.042917,-0.14942,-0.068847,0.023698,0.13309,-0.065749,0.031824,-0.27035,-0.27258,-0.060479,184,184,7997,15,1003.9
25.677,0.001285,0.01328,8001,0.020699,1.393,0.0039163,0.023995,0.0011347,0.0022785,-0.00013848,1,2,0.47458,99.281,0.6,0,0,-0.0017166,-0.010491,0.0013352,0.10586,-0.099302,0.012601,0.00095369,0.010872,-0.0040055,0.10357,-0.090254,0.0046438,-0.0017042,-0.0049083,0.001913,-0.0050828,0.0011989,0.0084974,0.0036844,-0.0035781,0.0027798,0.0030701,0.001575,0.0067846,-1.1869,3.4982,-0.10352,-0.31993,3.4612,-1.5049,0.34908,-3.3516,0.88564,1.0179,0.50016,0.26976,0.11609,-0.025541,0.025089,-0.19055,-0.079382,0.055032,0.14052,-0.043586,0.026895,-0.28195,-0.24862,0.0012912,184,184,8006,15,1003.9
25.69,0.0016052,0.0050821,8010,0.012403,1.3945,0.0039192,0.024021,0.00074082,0.0012759,-0.00044124,1,2,0.51637,99.292,0.6,0,0,-0.0017166,-0.010491,0.0013352,0.10586,-0.099302,0.012601,0.00095369,0.010872,-0.0040055,0.10357,-0.090254,0.0046438,-0.018678,-0.011414,0.011477,-0.010176,-0.00032067,0.0065041,0.0015207,-0.006693,-0.011711,0.0052419,0.014758,0.013432,-0.48872,3.4249,-0.37956,-0.66894,3.0622,-1.6069,0.76799,-3.7912,0.42557,0.84344,-0.49272,-0.065302,0.12287,0.023466,-0.019877,-0.26084,-0.11759,0.10382,0.14547,-0.0015816,0.014075,-0.23752,-0.19451,0.09057,184,184,8011,15,1003.9
25.717,0.0015657,0.012745,8017,0.027521,1.3984,0.0039234,0.024089,0.0016909,0.0038803,-0.00074152,1,2,0.55606,99.291,0.6,0,0,-0.0017166,-0.010491,0.0013352,0.10586,-0.099302,0.012601,0.00095369,0.010872,-0.0040055,0.10357,-0.090254,0.0046438,-0.0046186,-0.0026571,0.0055322,-0.0049629,-0.0054963,0.0089741,0.0059981,-0.0046799,0.0022096,0.0058458,-0.0014859,0.00097928,0.34908,3.5714,-0.10352,-0.66894,2.5079,-1.4258,-0.069817,-3.6447,0.90864,0.029084,0.11687,0.29447,0.144,0.141,-0.093384,-0.38208,-0.20074,0.19715,0.13922,0.041818,0.010718,0.014966,-0.12795,0.075326,184,184,8020,15,1003.9
25.736,0.0013832,0.010652,8024,0.018596,1.3986,0.0039272,0.024092,0.00087106,0.0016953,-0.00037438,1,2,0.59692,99.291,0.6,0,0,-0.0017166,-0.010491,0.0013352,0.10586,-0.099302,0.012601,0.00095369,0.010872,-0.0040055,0.10357,-0.090254,0.0046438,-0.0050366,-0.0085195,-0.0022847,-0.015636,0.0012461,0.004308,0.0064525,-0.004756,-0.0004635,0.00071959,0.0066546,0.024274,0.76799,3.7179,-0.10352,-0.49443,3.3224,-1.7444,-0.76799,-3.5714,1.0237,0.49443,-0.51374,-0.031589,0.16697,0.18517,-0.072049,-0.4323,-0.2619,0.2303,0.057237,0.054066,-0.0035612,0.24505,-0.16518,-0.0043776,184,184,8027,15,1003.9
25.749,0.0012854,0.0089666,8032,0.013201,1.3992,0.003914,0.024105,0.00026003,0.00010274,-6.5041e-05,1,2,0.62675,99.288,0.6,0,0,-0.0017166,-0.010491,0.0013352,0.10586,-0.099302,0.012601,0.00095369,0.010872,-0.0040055,0.10357,-0.090254,0.0046438,-0.0089634,-0.0025962,-0.0011627,-0.012632,-0.0029993,0.0081135,-0.0010516,-0.0049918,0.01138,0.012901,0.010575,0.016037,1.4662,3.9377,-0.35656,-0.14542,3.1433,-1.8956,-0.62835,-3.3516,0.90864,0.66894,0.22195,0.12591,0.17291,0.15447,-0.025778,-0.37731,-0.19435,0.20733,-0.010064,0.065345,-0.016326,0.29619,-0.22625,-0.023983,184,184,8034,15,1003.9
25.769,0.0013004,0.0053223,8041,0.020446,1.4014,0.0039393,0.024139,0.001279,0.0017629,-0.00034634,1,2,0.67487,99.295,0.6,0,0,-0.0017166,-0.010491,0.0013352,0.10586,-0.099302,0.012601,0.00095369,0.010872,-0.0040055,0.10357,-0.090254,0.0046438,-0.0058224,-0.0021933,0.00073838,-0.010884,-0.0018155,0.009396,0.0069251,-0.0036982,0.00042566,0.002493,0.0011063,0.002361,-0.069817,3.5714,-0.12652,-0.31993,2.8642,-2.0164,-0.62835,-3.7912,0.88564,0.49443,0.38147,0.34213,0.19014,0.12444,-0.017388,-0.34766,-0.17963,0.19306,-0.039405,0.070725,-0.026072,0.29865,-0.23294,-0.030927,184,184,8043,15,1003.9
25.798,0.0015741,0.013538,8049,0.02912,1.4006,0.0039724,0.024121,0.0018227,-0.00055977,-0.00052185,1,2,0.71723,99.291,0.6,0,0,-0.0017166,-0.010491,0.0013352,0.10586,-0.099302,0.012601,0.00095369,0.010872,-0.0040055,0.10357,-0.090254,0.0046438,-0.0029557,-0.0029478,0.006408,0.0014337,-0.002886,0.0098924,-5.8654e-05,-0.003625,-0.00069066,0.0056522,-0.0018893,0.0033294,1.8851,3.6813,0.011502,-0.20359,3.0033,-1.844,0.20945,-3.315,0.79363,0.66894,0.41977,0.0052902,0.19075,0.088122,-0.0060686,-0.32058,-0.18128,0.1694,-0.042339,0.078379,-0.029004,0.2572,-0.2183,-0.037645,184,184,8053,15,1003.9
25.809,0.0052885,0.010052,8055,0.010361,1.4012,0.0039727,0.024132,0.0016435,-0.00080711,-0.0015739,1,2,0.75243,99.296,0.6,0,0,-0.0017166,-0.010491,0.0013352,0.10586,-0.099302,0.012601,0.00095369,0.010872,-0.0040055,0.10357,-0.090254,0.0046438,-0.0029576,-0.00036732,0.01462,-0.006442,0.0023204,0.0041159,0.0043288,-0.0027776,-0.0079045,0.007333,2.8897e-05,0.017668,0.62835,3.2784,-0.14952,-1.3088,3.2029,-1.8154,0.76799,-3.3516,1.0007,0.84344,-0.19103,0.001532,0.18063,0.055986,0.0012205,-0.30089,-0.20313,0.14365,-0.022974,0.092321,-0.032119,0.19302,-0.18941,-0.039559,184,184,8057,15,1003.9
25.837,0.0015425,0.012888,8063,0.028406,1.4011,0.0039527,0.024133,-0.00022237,5.7796e-05,0.00035403,1,2,0.796,99.287,0.6,0,0,-0.0017166,-0.010491,0.0013352,0.10586,-0.099302,0.012601,0.00095369,0.010872,-0.0040055,0.10357,-0.090254,0.0046438,-0.0040353,-0.004846,0.0048698,-0.00056401,-0.0007873,0.0084718,0.009269,-0.0035703,-0.00031734,0.0050733,-0.002129,0.01509,1.0473,3.4615,-0.26454,-0.31993,2.8226,-1.6144,-0.76799,-3.6447,0.88564,0.3781,-0.079744,0.059073,0.15854,0.022918,0.0081387,-0.28094,-0.2399,0.10728,0.013324,0.10679,-0.031263,0.095227,-0.15464,-0.036989,184,184,8067,15,1003.9
25.856,0.0013228,0.01213,8071,0.01872,1.4005,0.0039799,0.024116,-0.00022797,-0.0014085,0.00077149,1,2,0.83451,99.296,0.6,0,0,-0.0017166,-0.010491,0.0013352,0.10586,-0.099302,0.012601,0.00095369,0.010872,-0.0040055,0.10357,-0.090254,0.0046438,-0.0098545,-0.0055261,0.0061414,0.00053412,-0.0045659,0.012373,0.0086977,-0.0033099,0.0053531,0.010103,0.0031982,-0.0027669,1.0473,3.3883,-0.12652,-0.3781,2.9037,-1.9031,-0.62835,-3.9377,0.67861,1.0179,0.30235,0.39038,0.13053,0.012786,0.0036763,-0.28301,-0.28829,0.077465,0.060288,0.1125,-0.023929,-0.0044653,-0.12937,-0.028856,184,184,8075,15,1003.9
25.88,0.0013288,0.014399,8080,0.02374,1.401,0.0039858,0.024125,-0.00016188,0.001099,0.0017028,1,2,0.87743,99.294,0.6,0,0,-0.0017166,-0.010491,0.0013352,0.10586,-0.099302,0.012601,0.00095369,0.010872,-0.0040055,0.10357,-0.090254,0.0046438,-0.0069693,-0.0097728,0.012913,-0.012453,-0.0033832,0.0052295,0.0043347,-0.0071227,-0.0020998,0.0016987,0.0085586,0.028527,1.4662,3.8278,-0.034505,-0.66894,2.962,-1.5317,0.069817,-3.4982,1.0007,0.84344,-0.1119,-0.046715,0.10287,0.0049305,-0.0032591,-0.2896,-0.335,0.046886,0.099704,0.11424,-0.01085,-0.11168,-0.14152,-0.027348,184,184,8084,15,1003.9
25.896,0.0015389,0.0096545,8087,0.016144,1.4013,0.0039675,0.024133,-0.001273,0.00098724,0.00040479,1,2,0.91957,99.297,0.6,0,0,-0.0017166,-0.010491,0.0013352,0.10586,-0.099302,0.012601,0.00095369,0.010872,-0.0040055,0.10357,-0.090254,0.0046438,-0.0001035,-0.0036407,0.0099257,-0.0036155,-0.000996,0.015358,0.0012881,-0.0046989,0.0035156,0.0039424,0.0040813,0.00057046,-0.48872,3.2418,-0.011502,-0.20359,3.3229,-1.8788,-0.069817,-3.6447,1.0007,0.029084,0.084715,0.18869,0.087766,-0.012896,-0.0083773,-0.29998,-0.33735,0.0096862,0.11917,0.11109,0.011341,-0.18837,-0.16419,-0.05557,184,184,8089,15,1003.9
25.909,0.001275,0.0032149,8094,0.013342,1.4002,0.0039523,0.024117,-0.00062786,-0.00054869,0.00073218,1,2,0.9587,99.3,0.6,0,0,-0.0017166,-0.010491,0.0013352,0.10586,-0.099302,0.012601,0.00095369,0.010872,-0.0040055,0.10357,-0.090254,0.0046438,-0.0075437,-0.0050722,-0.00020143,-0.0067858,0.0020837,0.0098062,0.002492,-0.0051522,0.00436,-0.0012681,0.010574,0.008732,-0.76799,3.8278,-0.011502,-0.49443,3.3228,-1.8564,-0.76799,-3.4982,0.6556,1.1343,0.0067878,-0.11908,0.091143,-0.030792,-0.0071951,-0.29825,-0.29516,-0.039291,0.12312,0.09417,0.039741,-0.23914,-0.18146,-0.11069,184,184,8094,15,1003.9
25.939,0.0014603,0.018919,8099,0.029865,1.3979,0.0039517,0.024076,-0.00088787,-0.00081412,0.00062511,1,2,0.98735,99.296,0.6,0,0,-0.0017166,-0.010491,0.0013352,0.10586,-0.099302,0.012601,0.00095369,0.010872,-0.0040055,0.10357,-0.090254,0.0046438,-0.0066856,-0.0088587,0.012812,-0.0015896,-0.0009892,0.0088744,0.0087641,-0.0027119,0.0093459,0.0034055,-0.00044486,0.0070844,0.34908,3.7179,-0.011502,-1.1343,3.1243,-2.1314,-0.069817,-3.4249,0.77062,0.31993,-0.25781,-0.16674,0.10282,-0.040641,-0.003017,-0.25126,-0.24262,-0.081543,0.1316,0.051625,0.074666,-0.28639,-0.18826,-0.16142,184,184,8104,15,1003.9
25.974,0.0014835,0.029114,8107,0.035052,1.3965,0.0039651,0.024049,0.0010393,-0.00096052,0.00032678,1,2,0.037128,99.294,0.6,0,0,-0.0017166,-0.010491,0.0013352,0.10586,-0.099302,0.012601,0.00095369,0.010872,-0.0040055,0.10357,-0.090254,0.0046438,-0.005555,-0.0052355,0.0096322,-0.006145,0.0046382,0.005536,0.0058488,-0.0044958,0.0044868,0.0041526,-0.0035958,-0.0038296,-0.48872,3.5714,0.057509,-0.20359,3.3619,-1.6536,-0.34908,-3.8645,0.77062,0.20359,0.196,0.24623,0.10833,-0.037397,0.015996,-0.018878,-0.16429,-0.082773,0.1628,-0.079584,0.1257,-0.3417,-0.1938,-0.23025,184,184,8111,15,1003.9
25.992,0.0066288,0.022071,8112,0.017591,1.3949,0.0039591,0.024022,0.00080406,-0.0010508,0.00010275,1,2,0.10672,99.152,0.6,0,0,-0.0017166,-0.010491,0.0013352,0.10586,-0.099302,0.012601,0.00095369,0.010872,-0.0040055,0.10357,-0.090254,0.0046438,-0.0066513,-0.0038093,0.0050086,-0.0077601,0.0010617,0.010262,0.012202,-0.0045803,0.0054104,0.0052165,0.0025401,-0.0027142,-0.76799,3.8278,-0.12652,-0.66894,2.095,-1.4758,0.76799,-3.5348,0.88564,-0.14542,0.39382,0.12561,0.058931,0.0094406,0.026326,0.27364,-0.14501,-0.0069186,0.20253,-0.18286,0.1096,-0.33991,-0.20085,-0.24832,184,184,8114,15,1003.9
26.012,0.0015912,0.010361,8118,0.019868,1.3919,0.0039356,0.023973,-0.00024888,-0.001674,0.00088915,1,2,0.14973,99.143,0.6,0,0,-0.0017166,-0.010491,0.0013352,0.10586,-0.099302,0.012601,0.00095369,0.010872,-0.0040055,0.10357,-0.090254,0.0046438,-0.0078193,-3.836e-06,0.010292,-0.013581,0.00077986,0.0085179,0.0092753,-0.0041126,0.0028355,0.00016182,0.0052258,0.0038449,0.62835,3.5714,-0.057509,-0.84344,2.7036,-1.8198,0.76799,-3.3516,0.77062,0.84344,-0.23059,0.025655,-0.028371,0.03017,0.040923,0.33667,-0.208,0.02171,0.20799,-0.17853,0.068646,-0.27959,-0.16313,-0.24885,184,184,8120,15,1003.9
26.04,0.0025344,0.01949,8125,0.028188,1.392,0.0039388,0.023973,0.00032593,-0.00061558,4.8842e-05,1,2,0.18981,99.151,0.6,0,0,-0.0017166,-0.010491,0.0013352,0.10586,-0.099302,0.012601,0.00095369,0.010872,-0.0040055,0.10357,-0.090254,0.0046438,-0.0049929,-0.0098661,0.0079717,-0.0077498,-0.00030062,0.0092466,0.0057227,-0.0061412,0.0065502,0.0097499,0.006457,0.011672,-0.069817,3.6081,-0.21853,-0.31993,3.0827,-1.7295,-1.0473,-3.5714,1.0237,0.029084,-0.23059,0.025655,-0.056798,0.030183,0.052649,0.33423,-0.2017,0.023951,0.20606,-0.15059,0.050868,-0.2532,-0.14621,-0.2396,184,184,8129,15,1003.9
26.05,0.0013541,0.0097459,8131,0.010126,1.3923,0.0039373,0.02398,0.00045908,-0.00057739,0.00070127,1,2,0.22715,99.154,0.6,0,0,-0.0017166,-0.010491,0.0013352,0.10586,-0.099302,0.012601,0.00095369,0.010872,-0.0040055,0.10357,-0.090254,0.0046438,-0.012943,-0.0030527,0.0075859,-0.0015997,-0.0054363,0.0087984,0.0016358,-0.0045167,0.0067884,0.0083752,7.0996e-05,0.014895,-0.48872,3.5714,-0.10352,-0.66894,2.9031,-1.7687,-0.62835,-4.0476,1.1157,1.0179,-0.04018,0.034949,-0.051096,0.023028,0.054705,0.28678,-0.18676,0.020672,0.20196,-0.11633,0.040615,-0.24667,-0.14441,-0.21372,184,184,8133,15,1003.9
26.082,0.0030338,0.022963,8139,0.032555,1.3857,0.0039275,0.023864,0.00088448,-0.0022332,5.0889e-05,1,2,0.26922,99.154,0.6,0,0,-0.0017166,-0.010491,0.0013352,0.10586,-0.099302,0.012601,0.00095369,0.010872,-0.0040055,0.10357,-0.090254,0.0046438,-0.012438,-0.0048937,0.0040358,0.0023139,-0.0019393,0.004313,0.0028416,-0.0042065,-0.0022356,0.0016379,-0.003102,0.0099191,-0.069817,3.4615,-0.10352,-0.49443,2.9415,-1.4091,-0.069817,-3.3516,1.0237,1.0179,0.42104,0.31801,-0.021295,0.010808,0.053815,0.20364,-0.15933,0.014657,0.19313,-0.078927,0.032348,-0.24517,-0.15295,-0.16989,184,184,8143,15,1003.9
26.091,0.001532,0.0081679,8145,0.0085106,1.3858,0.0039181,0.023867,-0.00078804,-0.0015022,0.0012346,1,2,0.31284,99.152,0.6,0,0,-0.0017166,-0.010491,0.0013352,0.10586,-0.099302,0.012601,0.00095369,0.010872,-0.0040055,0.10357,-0.090254,0.0046438,-0.0027792,-0.0030686,0.0060872,-3.8652e-05,-0.0003817,0.0095506,0.0083977,-0.004509,0.0007561,0.0025525,0.0052809,0.0092324,0.34908,3.6813,-0.24154,-0.66894,2.9631,-1.8004,-0.069817,-3.5348,0.90864,1.0179,-0.23059,0.025655,0.019463,-0.0021832,0.049294,0.096461,-0.11976,0.0089227,0.17507,-0.061664,0.029389,-0.24092,-0.18117,-0.1259,184,184,8146,15,1003.9
26.112,0.0012491,0.012117,8151,0.021375,1.3855,0.0039382,0.023859,0.00039549,-0.00050279,-0.0004262,1,2,0.34712,99.157,0.6,0,0,-0.0017166,-0.010491,0.0013352,0.10586,-0.099302,0.012601,0.00095369,0.010872,-0.0040055,0.10357,-0.090254,0.0046438,-0.0053553,0.0011899,0.0082593,0.0022506,-0.0021329,0.007319,0.0020393,-0.0017565,0.012138,0.013756,0.008973,0.027587,1.0473,3.2418,0.080513,-0.3781,3.2423,-1.7021,0.76799,-3.2051,0.90864,0.49443,-0.25781,-0.16674,0.062898,-0.016455,0.046069,-0.0073423,-0.084043,0.0053603,0.15416,-0.065692,0.030674,-0.23808,-0.22169,-0.1006,184,184,8154,15,1003.9
26.131,0.0015278,0.010355,8159,0.018705,1.3857,0.003938,0.023862,0.0017898,-0.00077543,0.0010934,1,2,0.38862,99.155,0.6,0,0,-0.0017166,-0.010491,0.0013352,0.10586,-0.099302,0.012601,0.00095369,0.010872,-0.0040055,0.10357,-0.090254,0.0046438,-0.0083952,-0.0037171,0.0035544,-0.0055996,7.3948e-05,0.010294,0.0037874,-0.0093273,-0.001002,0.0044303,0.0033113,0.018267,0.34908,3.7912,-0.14952,-0.20359,3.1222,-1.6387,-2.1643,-3.7912,0.88564,0.49443,0.38147,0.34213,0.096517,-0.031864,0.048378,-0.092326,-0.068265,0.0065846,0.13717,-0.074469,0.03168,-0.24622,-0.25875,-0.087228,184,184,8161,15,1003.9
26.145,0.0012677,0.0042122,8166,0.014123,1.3851,0.0039188,0.023854,-0.0015934,0.00040957,0.00038588,1,2,0.42869,99.155,0.6,0,0,-0.0017166,-0.010491,0.0013352,0.10586,-0.099302,0.012601,0.00095369,0.010872,-0.0040055,0.10357,-0.090254,0.0046438,-0.0026175,-0.0035113,0.0016917,-0.0011114,0.0013555,0.0096183,0.01065,-0.0064426,0.0030555,0.0037122,0.0042151,0.0017357,-0.069817,3.7179,0.080513,-0.66894,2.6435,-1.7656,-0.62835,-3.5348,0.88564,0.66894,0.196,0.24623,0.11225,-0.036313,0.04427,-0.14359,-0.068052,0.019191,0.13246,-0.067823,0.031863,-0.26673,-0.27317,-0.067139,184,184,8167,15,1003.9
26.172,0.001643,0.011142,8174,0.027215,1.3859,0.0038844,0.023875,-0.00015506,0.0015791,0.00079169,1,2,0.47,99.151,0.6,0,0,-0.0017166,-0.010491,0.0013352,0.10586,-0.099302,0.012601,0.00095369,0.010872,-0.0040055,0.10357,-0.090254,0.0046438,-0.0053409,-0.0085395,0.00892,-0.0015014,-0.0011207,0.010079,0.0071806,-0.002302,0.0021819,0.0011184,0.010896,0.02429,0.76799,3.6813,0.011502,-0.31993,3.4225,-1.7973,-0.62835,-3.6447,0.77062,0.029084,-0.015427,0.27065,0.11546,-0.028206,0.028211,-0.1847,-0.077164,0.050974,0.13944,-0.046997,0.027865,-0.28228,-0.25254,-0.0084328,184,184,8176,15,1003.9
26.193,0.0016017,0.012167,8181,0.021027,1.3886,0.0038776,0.023923,-0.00062585,0.0022131,-0.00025908,1,2,0.50991,99.152,0.6,0,0,-0.0017166,-0.010491,0.0013352,0.10586,-0.099302,0.012601,0.00095369,0.010872,-0.0040055,0.10357,-0.090254,0.0046438,-0.0060306,-0.010252,0.0067436,0.0007515,0.0017009,0.0091732,0.0052128,-0.0083613,0.0084688,0.00681,-0.0039644,0.01143,-0.069817,3.7179,-0.37956,-1.4833,3.2233,-1.9379,0.069817,-3.6081,0.90864,0.84344,0.35552,0.46245,0.12137,0.012978,-0.011304,-0.24807,-0.11076,0.094545,0.14575,-0.009209,0.01545,-0.25036,-0.20289,0.07709,184,184,8184,15,1003.9
26.211,0.001233,0.010721,8188,0.017685,1.3901,0.0038555,0.023954,-0.0012439,0.0027978,-0.00052807,1,2,0.54745,99.156,0.6,0,0,-0.0017166,-0.010491,0.0013352,0.10586,-0.099302,0.012601,0.00095369,0.010872,-0.0040055,0.10357,-0.090254,0.0046438,-0.010084,-0.0031618,0.0089439,0.00087905,-0.00078099,0.0094561,0.0074169,-0.0020087,-0.002725,0.0034646,0.0061476,0.004221,1.4662,3.7546,0.14952,-0.14542,2.6635,-1.7762,0.76799,-3.5714,0.67861,0.95978,0.40122,-0.0042999,0.13921,0.12,-0.084126,-0.35979,-0.18417,0.18058,0.14335,0.038123,0.01138,-0.042253,-0.13358,0.095774,184,184,8191,15,1003.9
26.234,0.0012665,0.013675,8196,0.022933,1.3911,0.00384,0.023975,0.00079183,0.0001289,0.00025731,1,2,0.5874,99.15,0.6,0,0,-0.0017166,-0.010491,0.0013352,0.10586,-0.099302,0.012601,0.00095369,0.010872,-0.0040055,0.10357,-0.090254,0.0046438,-0.0096948,-0.0048623,0.0038844,-0.0018248,0.0027084,0.0094841,0.0036091,-0.0048362,-0.0055542,0.0036117,-0.0068287,-0.0076196,2.1643,3.3883,-0.12652,-0.84344,2.8642,-2.0164,-0.34908,-3.9377,0.88564,0.029084,-0.026569,0.13115,0.16312,0.18876,-0.083894,-0.43971,-0.26764,0.23382,0.076358,0.051777,-0.00061352,0.2239,-0.14879,0.0043039,184,184,8201,15,1003.9
26.254,0.0013199,0.013212,8205,0.020423,1.3912,0.0038279,0.023978,-0.0011032,0.00087391,-0.0005784,1,2,0.62935,99.16,0.6,0,0,-0.0017166,-0.010491,0.0013352,0.10586,-0.099302,0.012601,0.00095369,0.010872,-0.0040055,0.10357,-0.090254,0.0046438,-0.011377,-0.0016317,0.002366,-0.0053491,0.00019809,0.0093706,0.0018682,-0.0066671,-0.003676,0.0066949,0.003391,0.0037467,0.34908,3.6813,-0.40256,-0.84344,2.7631,-1.7171,0.069817,-3.5348,0.90864,0.49443,-0.33073,0.10762,0.17021,0.15527,-0.026076,-0.37913,-0.19681,0.20502,-0.0012614,0.064489,-0.012509,0.28868,-0.22252,-0.024925,184,184,8210,15,1003.9
26.274,0.0011974,0.013171,8213,0.019143,1.3915,0.0038251,0.023983,0.00016132,0.00081856,-5.9569e-05,1,2,0.66748,99.16,0.6,0,0,-0.0017166,-0.010491,0.0013352,0.10586,-0.099302,0.012601,0.00095369,0.010872,-0.0040055,0.10357,-0.090254,0.0046438,-0.01371,-0.010283,0.012265,-0.0010093,-0.0010025,0.011686,0.0037532,-0.004999,2.3644e-05,0.0028754,0.0067045,0.021671,1.4662,3.9744,-0.034505,-0.14542,2.762,-1.4483,1.0473,-3.7179,0.79363,0.84344,-0.090851,0.25394,0.1888,0.13035,-0.020765,-0.35412,-0.18357,0.1955,-0.036376,0.070765,-0.026178,0.30205,-0.23185,-0.029068,184,184,8217,15,1003.9
26.292,0.0014768,0.010451,8221,0.017936,1.3926,0.0038058,0.024006,0.00038782,0.00095912,0.00012557,1,2,0.70931,99.16,0.6,0,0,-0.0017166,-0.010491,0.0013352,0.10586,-0.099302,0.012601,0.00095369,0.010872,-0.0040055,0.10357,-0.090254,0.0046438,-0.0093189,-0.0060241,0.0037661,-0.0010752,0.00061088,0.012014,0.0052242,-0.0018055,7.2533e-05,-0.002197,-0.0015492,0.017232,1.0473,3.7912,-0.26454,-0.31993,2.6029,-1.6101,-0.62835,-3.4982,1.1157,-0.14542,0.0637,0.2224,0.19111,0.094622,-0.0080403,-0.3253,-0.17896,0.1729,-0.043262,0.076557,-0.028026,0.26713,-0.22269,-0.037122,184,184,8223,15,1003.9
26.322,0.0015764,0.018524,8228,0.030288,1.3929,0.003801,0.024011,-0.00020413,0.0010908,-7.8816e-05,1,2,0.75361,99.159,0.6,0,0,-0.0017166,-0.010491,0.0013352,0.10586,-0.099302,0.012601,0.00095369,0.010872,-0.0040055,0.10357,-0.090254,0.0046438,-0.0054155,-0.0087231,-0.0017391,-0.001506,-0.0002067,0.005667,0.0050352,-0.0058491,0.0016749,0.00094816,0.0024283,0.011908,-1.1869,3.9011,-0.057509,-0.49443,2.7235,-1.8079,-0.20945,-3.4249,0.88564,0.84344,0.14283,0.17415,0.18161,0.05381,0.0026504,-0.29873,-0.20094,0.14264,-0.025876,0.092128,-0.032367,0.19382,-0.19178,-0.039827,184,184,8233,15,1003.9
26.332,0.0017598,0.011607,8234,0.010411,1.393,0.0038009,0.024013,0.00035537,0.00027984,-0.0014564,1,2,0.78893,99.164,0.6,0,0,-0.0017166,-0.010491,0.0013352,0.10586,-0.099302,0.012601,0.00095369,0.010872,-0.0040055,0.10357,-0.090254,0.0046438,-0.0060304,-0.0057076,-0.0012905,-6.6482e-05,-0.001298,0.011082,0.0039384,-0.0043217,0.0061986,-0.00088114,0.0018938,0.025133,0.34908,3.9011,0.011502,-0.20359,3.0622,-1.6069,1.0473,-3.4982,0.90864,0.20359,-0.058728,0.025359,0.16068,0.027548,0.006235,-0.28397,-0.23559,0.11184,0.01089,0.10587,-0.03092,0.108,-0.15691,-0.037123,184,184,8237,15,1003.9
26.35,0.0015134,0.0084437,8242,0.017403,1.395,0.0038176,0.024046,0.00074661,0.0016411,-0.001172,1,2,0.82962,99.17,0.6,0,0,-0.0017166,-0.010491,0.0013352,0.10586,-0.099302,0.012601,0.00095369,0.010872,-0.0040055,0.10357,-0.090254,0.0046438,-0.0012462,-0.0067407,0.00011318,-0.009469,0.0036895,0.0071998,0.0028726,-0.0041494,-0.0077942,0.0043049,0.0013436,0.019934,1.8851,3.7179,-0.12652,-0.49443,2.8826,-1.6461,-0.62835,-3.8278,0.90864,0.49443,-0.11931,0.083196,0.13403,0.013369,0.0046206,-0.28219,-0.28153,0.080631,0.055107,0.11171,-0.024787,0.007615,-0.1306,-0.030045,184,184,8243,15,1003.9
26.371,0.0012342,0.01026,8250,0.021222,1.3966,0.0038089,0.024077,0.00019067,0.0008052,-0.00010661,1,2,0.86787,99.164,0.6,0,0,-0.0017166,-0.010491,0.0013352,0.10586,-0.099302,0.012601,0.00095369,0.010872,-0.0040055,0.10357,-0.090254,0.0046438,-0.0043988,-0.0073888,0.007895,-0.004158,0.00031255,0.012008,0.0067336,-0.0040827,0.0052015,0.0011077,0.0032345,0.0066066,0.34908,3.6447,-0.17253,-0.3781,3.0432,-1.8427,-0.069817,-3.5348,0.79363,1.0179,0.38147,0.34213,0.10732,0.0073053,-0.0026507,-0.28821,-0.32773,0.053382,0.09602,0.11334,-0.012661,-0.092007,-0.13565,-0.025859,184,184,8253,15,1003.9
26.392,0.0012148,0.011172,8259,0.020699,1.3976,0.0038123,0.024093,0.00064373,0.001173,0.00094385,1,2,0.90742,99.164,0.6,0,0,-0.0017166,-0.010491,0.0013352,0.10586,-0.099302,0.012601,0.00095369,0.010872,-0.0040055,0.10357,-0.090254,0.0046438,-0.0049231,0.0015048,0.012274,-0.0040046,-0.0015489,0.015193,0.010663,-0.0038987,0.0072827,0.004426,0.0098476,0.031635,1.4662,3.7912,-0.37956,-0.61077,2.8815,-1.3773,0.48872,-3.4982,0.79363,0.66894,-0.32333,-0.022295,0.088921,-0.0078532,-0.0080312,-0.29505,-0.34189,0.021173,0.11844,0.11111,0.0074744,-0.17613,-0.16023,-0.043909,184,184,8262,15,1003.9
26.413,0.0014917,0.011683,8267,0.021127,1.3989,0.0038009,0.024118,0.00034975,0.0011482,0.00069809,1,2,0.94915,99.167,0.6,0,0,-0.0017166,-0.010491,0.0013352,0.10586,-0.099302,0.012601,0.00095369,0.010872,-0.0040055,0.10357,-0.090254,0.0046438,-0.0094008,-0.00047352,0.003283,0.00063572,-0.0016868,0.0056287,0.003481,-0.0041791,-0.0006659,0.0025547,-0.0025167,0.0043847,-0.48872,3.4615,-0.31055,-0.3781,2.7235,-1.8079,-1.0473,-3.6081,1.0237,0.3781,-0.13292,-0.013001,0.088858,-0.026889,-0.0082451,-0.30139,-0.30679,-0.024849,0.12271,0.099395,0.033334,-0.22767,-0.17881,-0.096374,184,184,8270,15,1003.9
26.431,0.0016059,0.011616,8274,0.018782,1.3975,0.0038029,0.024092,-0.00049358,0.0003174,0.0012181,1,2,0.98705,99.174,0.6,0,0,-0.0017166,-0.010491,0.0013352,0.10586,-0.099302,0.012601,0.00095369,0.010872,-0.0040055,0.10357,-0.090254,0.0046438,0.00090181,-0.0034526,0.01177,-0.0012119,-0.0021377,0.0086349,0.0085124,-0.0054498,0.008031,0.0011513,0.0013114,0.02005,-0.069817,3.4615,-0.31055,-0.66894,3.1427,-1.7612,-0.62835,-3.315,0.77062,0.3781,0.20341,0.11632,0.099791,-0.040355,-0.0032131,-0.26049,-0.25081,-0.077027,0.13049,0.059353,0.068819,-0.27888,-0.18534,-0.15558,184,184,8276,15,1003.9
26.453,0.0014912,0.011964,8281,0.021119,1.3979,0.0037929,0.024102,7.1968e-05,0.00055315,0.00031607,1,2,0.028206,99.165,0.6,0,0,-0.0017166,-0.010491,0.0013352,0.10586,-0.099302,0.012601,0.00095369,0.010872,-0.0040055,0.10357,-0.090254,0.0046438,-0.001801,-0.0075232,0.014059,-0.0069424,-8.5217e-05,0.0081993,-0.0037216,-0.0082948,0.0016565,0.002449,-0.0032737,0.0038106,1.8851,3.6447,0.10352,-0.84344,3.1217,-1.5043,0.76799,-3.315,0.67861,0.31993,0.24544,0.04889,0.10861,-0.04089,0.01195,-0.069437,-0.18036,-0.09025,0.15736,-0.054825,0.11998,-0.33464,-0.19152,-0.22181,184,184,8284,15,1003.9
26.472,0.0013245,0.011171,8289,0.019826,1.3991,0.0037756,0.024126,-0.00085939,0.0010751,-0.0015878,1,2,0.069303,99.172,0.6,0,0,-0.0017166,-0.010491,0.0013352,0.10586,-0.099302,0.012601,0.00095369,0.010872,-0.0040055,0.10357,-0.090254,0.0046438,-0.0059757,-0.0050593,0.0055434,-0.0054741,-7.6479e-05,0.012429,0.015821,-0.0047763,-0.00084841,0.0004055,0.0089184,0.018195,-0.069817,3.3516,-0.12652,-0.66894,3.6621,-1.7898,-0.34908,-3.5714,0.90864,0.66894,-0.008022,0.14074,0.073121,0.0026679,0.021457,0.22538,-0.12096,-0.012826,0.19417,-0.18037,0.12172,-0.35033,-0.20663,-0.24437,184,184,8292,15,1003.9
26.493,0.0012524,0.011871,8297,0.020612,1.3958,0.0037647,0.024069,-0.0002055,-0.0012569,0.00019653,1,2,0.10903,99.174,0.6,0,0,-0.0017166,-0.010491,0.0013352,0.10586,-0.099302,0.012601,0.00095369,0.010872,-0.0040055,0.10357,-0.090254,0.0046438,-0.0065706,-0.0026974,0.0076877,-0.0071451,-0.00096632,0.012525,0.012337,-0.0015124,0.009105,0.0031095,-0.0039351,0.0045277,-0.48872,3.4982,0.10352,-0.49443,2.8837,-1.9149,0.20945,-3.6081,0.77062,0.66894,0.11687,0.29447,-0.013688,0.028354,0.03142,0.32582,-0.19999,0.02256,0.20764,-0.19616,0.084573,-0.29646,-0.17795,-0.24924,184,184,8301,15,1003.9
26.51,0.0012143,0.009023,8306,0.016888,1.3966,0.0037459,0.024086,-0.0012203,0.00064348,-0.0015623,1,2,0.14844,99.177,0.6,0,0,-0.0017166,-0.010491,0.0013352,0.10586,-0.099302,0.012601,0.00095369,0.010872,-0.0040055,0.10357,-0.090254,0.0046438,-0.0089747,-0.0098888,0.0082758,-0.0073271,-0.0012659,0.012668,0.0044244,-0.0031856,0.010444,0.01413,-0.0031106,0.0070607,0.34908,3.6081,-0.034505,-0.66894,2.9825,-1.6542,-0.069817,-3.2418,0.67861,0.66894,-0.093354,-0.037125,-0.05747,0.033049,0.047984,0.36183,-0.20935,0.027197,0.20741,-0.18012,0.063758,-0.2625,-0.1538,-0.25472,184,184,8308,15,1003.9
26.524,0.0013081,0.003246,8315,0.014245,1.3959,0.0037491,0.024073,0.00029731,-0.00057035,-6.4306e-05,1,2,0.18861,99.164,0.6,0,0,-0.0017166,-0.010491,0.0013352,0.10586,-0.099302,0.012601,0.00095369,0.010872,-0.0040055,0.10357,-0.090254,0.0046438,-0.0068444,-0.003164,0.00019076,-0.0013203,0.0043638,0.011106,0.0023039,-0.0051985,0.009426,0.0035714,-0.0013525,0.00796,-0.069817,3.7179,0.10352,-0.3781,3.423,-1.9317,-0.20945,-3.6081,1.0237,0.49443,0.17498,0.27994,-0.069027,0.031269,0.05351,0.34361,-0.2047,0.026384,0.20535,-0.15155,0.049351,-0.2473,-0.14498,-0.24381,184,184,8315,15,1003.9
26.552,0.0012086,0.011172,8324,0.028052,1.3934,0.003743,0.024029,0.00087451,-0.0020542,0.0013369,1,2,0.22873,99.174,0.6,0,0,-0.0017166,-0.010491,0.0013352,0.10586,-0.099302,0.012601,0.00095369,0.010872,-0.0040055,0.10357,-0.090254,0.0046438,-0.006534,-0.0041887,-0.002598,-0.00046158,0.0016709,0.009916,0.0081834,-0.001945,0.0024911,0.006975,-0.00020353,0.0096068,0.76799,3.9011,-0.35656,-0.3781,2.8843,-2.0493,-0.069817,-3.4249,0.79363,1.1343,0.80186,0.33659,-0.055398,0.023326,0.054868,0.28807,-0.18666,0.021777,0.20175,-0.11527,0.039257,-0.24359,-0.14382,-0.21405,184,184,8326,15,1003.9
26.572,0.0013737,0.011043,8331,0.019752,1.3932,0.0037144,0.024031,-0.00090725,0.00067905,0.00014235,1,2,0.26863,99.177,0.6,0,0,-0.0017166,-0.010491,0.0013352,0.10586,-0.099302,0.012601,0.00095369,0.010872,-0.0040055,0.10357,-0.090254,0.0046438,-0.01565,-0.012386,0.013216,-0.0068054,-0.0036673,0.012932,0.0073975,-0.0045039,-0.010995,0.0030824,0.0057958,0.017052,0.34908,3.8278,0.080513,-0.029084,2.8425,-1.6026,0.34908,-3.315,0.6556,1.0179,-0.1119,-0.046715,-0.023075,0.010945,0.053904,0.2059,-0.15943,0.015064,0.19373,-0.079949,0.032616,-0.2442,-0.1523,-0.1708,184,184,8334,15,1003.9
26.592,0.0014349,0.01143,8339,0.019723,1.3931,0.0036985,0.024032,-0.00053294,0.001461,0.0011559,1,2,0.30761,99.181,0.6,0,0,-0.0017166,-0.010491,0.0013352,0.10586,-0.099302,0.012601,0.00095369,0.010872,-0.0040055,0.10357,-0.090254,0.0046438,-0.004162,-0.0085569,0.0070882,-0.0070932,-0.0027897,0.011826,0.0050339,-0.0020697,-0.0025595,0.0023687,0.00078915,0.011695,-0.76799,3.7179,-0.19553,-0.14542,2.9427,-1.6779,0.20945,-4.1209,0.86264,0.3781,0.078509,-0.037421,0.016821,-0.0014784,0.049715,0.107,-0.12388,0.0089627,0.17751,-0.063572,0.030772,-0.24216,-0.17859,-0.12972,184,184,8342,15,1003.9
26.611,0.0013894,0.0094782,8348,0.019423,1.3904,0.0037243,0.02398,0.00098581,-0.0017053,0.0021487,1,2,0.35025,99.174,0.6,0,0,-0.0017166,-0.010491,0.0013352,0.10586,-0.099302,0.012601,0.00095369,0.010872,-0.0040055,0.10357,-0.090254,0.0046438,-0.0027819,-0.0075618,0.012444,-0.0015281,0.00034522,0.017577,0.0061335,-0.0067416,0.0057153,0.0083281,0.0011547,0.020746,-0.76799,3.5714,-0.14952,-0.31993,2.8437,-1.8938,-0.34908,-3.2051,1.0237,0.66894,0.11687,0.29447,0.059966,-0.01573,0.046343,-0.0072406,-0.083148,0.0070947,0.15434,-0.065348,0.028931,-0.23708,-0.21967,-0.10006,184,184,8350,15,1003.9
26.625,0.0014978,0.0049043,8355,0.013874,1.389,0.0037033,0.023959,-0.00025723,-0.0014834,-0.00168,1,2,0.3873,99.177,0.6,0,0,-0.0017166,-0.010491,0.0013352,0.10586,-0.099302,0.012601,0.00095369,0.010872,-0.0040055,0.10357,-0.090254,0.0046438,-0.0092433,-0.0046965,0.001522,-0.0098,0.004683,0.0075066,0.010366,-0.0049895,-0.0052638,0.0057274,-0.0028473,0.0070282,1.0473,3.5714,-0.12652,-0.14542,3.042,-1.5516,0.34908,-3.3516,0.90864,0.84344,-0.21204,0.035246,0.096017,-0.031584,0.048174,-0.091103,-0.068251,0.0064205,0.13777,-0.074346,0.031759,-0.24531,-0.25736,-0.087716,184,184,8356,15,1003.9
26.645,0.0016291,0.004675,8363,0.019538,1.3891,0.0037055,0.02396,-0.00036359,0.0014184,5.5523e-05,1,2,0.42702,99.179,0.6,0,0,-0.0017166,-0.010491,0.0013352,0.10586,-0.099302,0.012601,0.00095369,0.010872,-0.0040055,0.10357,-0.090254,0.0046438,-0.0085337,-0.0042648,0.0014144,-0.010281,0.0022512,0.0083028,0.0081807,-0.0042679,0.00030257,0.0050055,0.0078341,0.016659,-0.48872,3.3516,0.10352,-0.49443,2.9626,-1.666,-1.4662,-3.6447,0.88564,0.029084,-0.51374,-0.031589,0.11216,-0.036358,0.044451,-0.14214,-0.068005,0.018373,0.13223,-0.068326,0.032012,-0.26609,-0.27337,-0.068291,184,184,8364,15,1003.9
26.671,0.0014205,0.011328,8371,0.026751,1.3896,0.0036861,0.023972,0.00067022,0.0014208,-0.00029985,1,2,0.46696,99.179,0.6,0,0,-0.0017166,-0.010491,0.0013352,0.10586,-0.099302,0.012601,0.00095369,0.010872,-0.0040055,0.10357,-0.090254,0.0046438,-0.00065786,-0.0068613,0.004122,-0.0071662,-0.0032204,0.009374,0.014611,-0.0063681,0.0043989,0.0069359,-0.0037787,0.0079329,0.34908,3.7179,-0.12652,-0.31993,3.0233,-1.8546,-1.3265,-3.315,0.90864,1.0179,0.4606,0.29388,0.11535,-0.029103,0.029593,-0.18157,-0.075576,0.047701,0.13924,-0.048823,0.028294,-0.28104,-0.25412,-0.014068,184,184,8374,15,1003.9
26.694,0.0015191,0.014006,8379,0.022902,1.3897,0.0036988,0.023971,0.00079834,-0.00063028,0.00054513,1,2,0.50739,99.173,0.6,0,0,-0.0017166,-0.010491,0.0013352,0.10586,-0.099302,0.012601,0.00095369,0.010872,-0.0040055,0.10357,-0.090254,0.0046438,-0.0064944,0.00083815,0.009391,-0.0031379,0.0018986,0.01272,0.0018651,-0.0032823,0.0097117,0.0062634,-0.0020472,0.0090715,0.34908,3.6813,0.33355,-0.66894,3.1032,-1.8745,0.76799,-3.315,0.90864,0.66894,-0.53476,0.0021245,0.12074,0.008249,-0.0074252,-0.2428,-0.10807,0.091292,0.14525,-0.012324,0.016489,-0.25632,-0.20774,0.071997,184,184,8383,15,1003.9
26.72,0.0012206,0.019021,8387,0.026279,1.3913,0.0036728,0.024003,-0.00067595,0.00053983,0.0014387,1,2,0.5495,99.179,0.6,0,0,-0.0017166,-0.010491,0.0013352,0.10586,-0.099302,0.012601,0.00095369,0.010872,-0.0040055,0.10357,-0.090254,0.0046438,-0.0081915,0.0042576,0.0065029,-0.0031311,-0.0069402,-0.00086639,-0.0043448,-0.0033806,0.010461,0.014816,0.0026741,0.034504,1.0473,3.5348,0.057509,-0.49443,3.4429,-1.9199,0.069817,-3.7179,0.90864,0.20359,-0.23059,0.025655,0.13871,0.11835,-0.083252,-0.35717,-0.18071,0.17961,0.144,0.037376,0.011996,-0.047454,-0.13678,0.098004,184,184,8391,15,1003.9
26.731,0.0016577,0.010613,8393,0.011026,1.3918,0.0036955,0.024009,-0.00045279,0.0021037,0.0010419,1,2,0.58918,99.181,0.6,0,0,-0.0017166,-0.010491,0.0013352,0.10586,-0.099302,0.012601,0.00095369,0.010872,-0.0040055,0.10357,-0.090254,0.0046438,-0.005729,-0.0030739,0.0049527,-0.0017349,0.0038083,0.0084781,0.0083476,-0.0049492,0.003345,0.0095082,-2.6192e-06,0.014197,0.34908,3.9011,-0.33355,-0.61077,3.2023,-1.681,-1.7454,-3.6447,0.88564,0.029084,0.28627,0.33748,0.16418,0.18869,-0.084684,-0.43933,-0.26722,0.2345,0.076971,0.051868,-0.00078953,0.22459,-0.14897,0.0050478,184,184,8395,15,1003.9
26.744,0.0013808,0.0042526,8400,0.012748,1.3908,0.0036803,0.023993,-0.00068164,0.00036832,0.0015015,1,2,0.62692,99.189,0.6,0,0,-0.0017166,-0.010491,0.0013352,0.10586,-0.099302,0.012601,0.00095369,0.010872,-0.0040055,0.10357,-0.090254,0.0046438,-0.012888,-0.0056055,0.0068232,0.00087701,-0.00021382,0.017692,0.0027683,-0.0041193,0.0034791,0.00025359,0.0010433,0.0043298,1.8851,3.6813,-0.26454,-0.20359,3.1624,-1.6822,0.76799,-3.6447,0.79363,1.0179,-0.19843,0.13144,0.17018,0.15614,-0.026874,-0.38019,-0.19777,0.20574,-0.0018048,0.064258,-0.012574,0.289,-0.22232,-0.02421,184,184,8401,15,1003.9
26.771,0.0012405,0.010084,8409,0.02656,1.3924,0.0036856,0.024022,-0.00046981,0.00028728,-0.00087325,1,2,0.6681,99.185,0.6,0,0,-0.0017166,-0.010491,0.0013352,0.10586,-0.099302,0.012601,0.00095369,0.010872,-0.0040055,0.10357,-0.090254,0.0046438,-0.0056582,-0.011526,0.014737,-0.011047,-0.00168,0.011344,0.0068138,-0.0055612,-0.0032488,0.0011362,0.0097057,0.029859,1.4662,3.4615,-0.011502,-0.029084,3.4023,-1.7419,-0.62835,-3.7546,1.0237,0.029084,-0.33694,-0.11849,0.18892,0.12935,-0.020354,-0.35346,-0.18298,0.19469,-0.036323,0.070796,-0.026025,0.30142,-0.23198,-0.029175,184,184,8411,15,1003.9
26.791,0.0012384,0.0097434,8417,0.02001,1.3927,0.0036661,0.024029,-0.00090292,0.0013532,-0.0004086,1,2,0.70877,99.189,0.6,0,0,-0.0017166,-0.010491,0.0013352,0.10586,-0.099302,0.012601,0.00095369,0.010872,-0.0040055,0.10357,-0.090254,0.0046438,-0.0040272,-0.0058188,0.0051301,0.00053489,-0.0023139,0.005638,0.0079114,-0.0027997,-0.0035227,0.0019865,-0.0072396,0.0079691,-0.069817,3.6447,-0.034505,-0.029084,2.7637,-1.8515,-0.20945,-3.4982,0.88564,0.84344,0.42104,0.31801,0.19182,0.094724,-0.0085741,-0.32532,-0.17915,0.17301,-0.043782,0.076512,-0.028359,0.26745,-0.22256,-0.036764,184,184,8419,15,1003.9
26.812,0.0015219,0.012486,8424,0.0216,1.393,0.003681,0.024032,0.0010937,0.0011951,0.00073622,1,2,0.74697,99.185,0.6,0,0,-0.0017166,-0.010491,0.0013352,0.10586,-0.099302,0.012601,0.00095369,0.010872,-0.0040055,0.10357,-0.090254,0.0046438,-0.0021083,-0.0037611,0.0038915,-0.0057866,-0.0025715,0.008139,0.0098861,-0.0010104,0.0013258,-0.0015011,0.0019761,-0.00037015,0.34908,3.7179,0.14952,-0.66894,2.664,-1.9106,-0.76799,-3.315,0.79363,0.84344,0.18239,0.15003,0.18364,0.060418,0.00028202,-0.30328,-0.19822,0.1477,-0.028114,0.089682,-0.031942,0.20495,-0.19498,-0.039343,184,184,8428,15,1003.9
26.832,0.0015424,0.011694,8433,0.020062,1.3942,0.0036586,0.024058,-0.0012938,0.0012966,-0.0010616,1,2,0.78884,99.188,0.6,0,0,-0.0017166,-0.010491,0.0013352,0.10586,-0.099302,0.012601,0.00095369,0.010872,-0.0040055,0.10357,-0.090254,0.0046438,-0.0060516,-0.0077066,0.0029705,-0.011638,-0.00079185,0.007002,0.0018145,-0.0038643,-0.0088002,-0.0012883,-0.0078306,0.0004328,1.8851,3.5714,-0.14952,-0.31993,2.8826,-1.6461,0.76799,-3.315,0.77062,0.029084,-0.015427,0.27065,0.16222,0.026499,0.0073555,-0.28355,-0.23344,0.11237,0.0069374,0.10567,-0.031646,0.11212,-0.1597,-0.037957,184,184,8436,15,1003.9
26.849,0.0012977,0.0081057,8441,0.01673,1.3935,0.0036361,0.024047,-0.00072124,0.0015296,-0.00072069,1,2,0.82898,99.191,0.6,0,0,-0.0017166,-0.010491,0.0013352,0.10586,-0.099302,0.012601,0.00095369,0.010872,-0.0040055,0.10357,-0.090254,0.0046438,-0.0033536,-0.0054937,0.0067473,0.0016691,-0.00023182,0.0053621,-0.0010091,-0.0028469,0.010158,0.0049002,0.0015821,-0.0020131,0.34908,3.5714,-0.51758,-0.78527,2.8431,-1.737,-0.20945,-3.4615,0.77062,0.66894,0.24054,0.46986,0.13519,0.013201,0.0049844,-0.28164,-0.2799,0.081153,0.052692,0.11206,-0.025768,0.011026,-0.13122,-0.02986,184,184,8442,15,1003.9
26.872,0.00159,0.011805,8448,0.022512,1.3929,0.0036027,0.024042,-0.00061561,-0.00050511,0.0018062,1,2,0.86703,99.188,0.6,0,0,-0.0017166,-0.010491,0.0013352,0.10586,-0.099302,0.012601,0.00095369,0.010872,-0.0040055,0.10357,-0.090254,0.0046438,-0.0094232,-0.0012439,0.0023152,-0.0046156,-0.0021474,0.005151,0.005762,-0.0048077,0.0052194,0.0036008,0.00043126,0.0024575,1.0473,3.7179,-0.034505,-1.0179,3.3428,-1.8446,1.0473,-3.4249,0.90864,0.66894,-0.093354,-0.037125,0.1077,0.0071699,-0.0023428,-0.28829,-0.3273,0.054296,0.095008,0.11343,-0.013239,-0.089263,-0.13543,-0.025742,184,184,8451,15,1003.9
26.89,0.0015472,0.0075589,8456,0.018038,1.393,0.0035885,0.024047,0.00034396,0.00082593,-0.00073062,1,2,0.91161,99.192,0.6,0,0,-0.0017166,-0.010491,0.0013352,0.10586,-0.099302,0.012601,0.00095369,0.010872,-0.0040055,0.10357,-0.090254,0.0046438,-0.0073607,-0.0068314,0.010096,-0.0040026,-0.0019582,0.010955,0.00078925,-0.0044194,0.0086811,0.0061594,0.0049904,0.022706,0.76799,3.7546,-0.35656,-0.029084,2.8425,-1.6026,-0.62835,-3.7912,0.6556,0.95978,-0.51497,-0.0099372,0.08877,-0.0089469,-0.0078354,-0.29773,-0.34194,0.017718,0.11679,0.11276,0.0064994,-0.1775,-0.16083,-0.047124,184,184,8456,15,1003.9
26.911,0.0014341,0.011095,8462,0.021559,1.394,0.0035978,0.024062,0.00051727,0.00084814,-2.3974e-05,1,2,0.94743,99.189,0.6,0,0,-0.0017166,-0.010491,0.0013352,0.10586,-0.099302,0.012601,0.00095369,0.010872,-0.0040055,0.10357,-0.090254,0.0046438,-0.0012527,-0.00098264,0.0076404,0.0015626,-0.0015421,0.01419,0.00096995,-0.0045119,0.0059587,0.0054949,0.0026676,0.0019613,-0.48872,3.7179,-0.28755,-0.66894,3.0021,-1.5752,0.76799,-3.6081,1.2537,0.20359,0.3209,0.39997,0.089401,-0.026551,-0.0080969,-0.30094,-0.30768,-0.025337,0.12316,0.099935,0.032389,-0.22647,-0.17779,-0.094401,184,184,8465,15,1003.9
26.931,0.0014262,0.009195,8470,0.019953,1.3937,0.0035887,0.024059,0.00046892,0.00043411,-0.00041924,1,2,0.99098,99.197,0.6,0,0,-0.0017166,-0.010491,0.0013352,0.10586,-0.099302,0.012601,0.00095369,0.010872,-0.0040055,0.10357,-0.090254,0.0046438,-0.0071455,-0.0049943,0.0054212,-0.005038,-0.00021007,0.011501,0.0087309,-0.0065826,0.0050918,0.0095137,0.0011198,0.0035791,-0.76799,3.7179,-0.011502,-0.31993,3.1027,-1.7401,1.6058,-3.4982,0.79363,0.49443,0.026605,0.20322,0.099026,-0.041618,-0.0030927,-0.25645,-0.24958,-0.081222,0.13143,0.05659,0.070753,-0.28175,-0.18504,-0.1593,184,184,8472,15,1003.9
26.95,0.0013613,0.0088414,8478,0.019234,1.3937,0.0035322,0.024067,-0.0028605,0.0010681,-0.00097572,1,2,0.030131,99.198,0.6,0,0,-0.0017166,-0.010491,0.0013352,0.10586,-0.099302,0.012601,0.00095369,0.010872,-0.0040055,0.10357,-0.090254,0.0046438,-0.0035603,-0.006897,0.0074332,3.2672e-05,-0.0029135,-0.0020107,-0.00077057,-0.0051307,0.013671,0.00086598,0.009414,0.011915,0.62835,3.7179,-0.12652,-0.49443,2.9025,-1.6343,-0.62835,-3.4615,0.77062,0.20359,-0.31592,-0.15221,0.10833,-0.039689,0.012998,-0.054234,-0.17607,-0.088873,0.15916,-0.062313,0.12143,-0.33681,-0.19155,-0.22471,184,184,8479,15,1003.9
26.973,0.011848,0.020251,8482,0.022335,1.3936,0.0035163,0.024068,-0.0031045,-5.3398e-05,0.0011652,1,2,0.073034,99.158,0.6,0,0,-0.0017166,-0.010491,0.0013352,0.10586,-0.099302,0.012601,0.00095369,0.010872,-0.0040055,0.10357,-0.090254,0.0046438,-0.010014,-0.0045934,0.0067539,-0.00087492,0.0016919,0.0067818,-0.00092365,-0.0056974,0.0027103,0.0026695,-3.2787e-05,0.00045166,1.4662,3.2418,-0.33355,-0.49443,3.2029,-1.8154,-1.0473,-3.7912,1.0237,0.49443,0.34191,0.36625,0.069828,0.0045866,0.021533,0.23604,-0.12607,-0.010136,0.19505,-0.18329,0.11975,-0.34949,-0.20633,-0.24535,184,184,8481,15,1003.9
26.99,0.015648,0.016227,8483,0.017293,1.3942,0.0035162,0.024079,-0.0023672,0.00075182,0.000487,1,2,0.12287,99.198,0.6,0,0,-0.0017166,-0.010491,0.0013352,0.10586,-0.099302,0.012601,0.00095369,0.010872,-0.0040055,0.10357,-0.090254,0.0046438,-0.0084887,-0.0033462,0.0061136,-0.0030243,0.0031797,0.0086256,-0.00067287,-0.0053439,0.000781,0.0031381,-0.0020985,0.0014787,1.0473,3.7912,-0.35656,-0.66894,3.1817,-1.536,0.069817,-3.7912,0.88564,0.84344,0.33571,0.14014,-0.016783,0.028714,0.034663,0.33164,-0.20356,0.022671,0.20785,-0.19188,0.079967,-0.2915,-0.17381,-0.25047,184,184,8482,15,1003.9
27.003,0.0017915,0.0024253,8487,0.012667,1.3941,0.003509,0.024078,-0.00079452,0.00047915,0.00049982,1,2,0.1484,99.197,0.6,0,0,-0.0017166,-0.010491,0.0013352,0.10586,-0.099302,0.012601,0.00095369,0.010872,-0.0040055,0.10357,-0.090254,0.0046438,-0.0018307,-0.0036387,0.0056649,-0.0062976,0.0030014,0.010976,0.010687,-0.0046627,0.0026909,0.0056963,-0.0032262,0.0081389,1.4662,3.3883,-0.44857,-0.78527,3.0427,-1.7308,2.304,-3.6081,1.1157,0.84344,0.038946,-0.013297,-0.05994,0.032912,0.048311,0.36331,-0.21068,0.027174,0.20747,-0.17949,0.063752,-0.26214,-0.15354,-0.25588,184,184,8486,15,1003.9
27.03,0.0013692,0.0091391,8494,0.027235,1.3957,0.0034992,0.024106,0.00091267,0.00088607,-0.00032704,1,2,0.18872,99.2,0.6,0,0,-0.0017166,-0.010491,0.0013352,0.10586,-0.099302,0.012601,0.00095369,0.010872,-0.0040055,0.10357,-0.090254,0.0046438,-0.0032331,-0.0016874,0.0062945,-0.0040658,0.0018109,0.0087925,0.00060205,-0.0057982,0.0058238,0.0045488,0.0057365,0.0067385,0.34908,3.6813,0.011502,-0.66894,3.5024,-1.8172,-0.069817,-3.2051,0.90864,0.3781,0.17745,0.23664,-0.069816,0.031381,0.053544,0.34422,-0.20485,0.026543,0.20563,-0.15161,0.049174,-0.24685,-0.1448,-0.24405,184,184,8496,15,1003.9
27.052,0.0015188,0.0096415,8503,0.021682,1.3943,0.0034468,0.02409,0.00055222,-0.00019772,0.0014308,1,2,0.23124,99.202,0.6,0,0,-0.0017166,-0.010491,0.0013352,0.10586,-0.099302,0.012601,0.00095369,0.010872,-0.0040055,0.10357,-0.090254,0.0046438,-0.0015217,0.0031368,0.0082148,-0.0081464,0.0022556,0.0059261,0.00067282,-0.0054276,-0.007434,0.0033539,0.0057485,0.025952,0.34908,3.6447,0.10352,-0.49443,2.5495,-1.336,-0.90762,-3.4982,0.77062,0.029084,-0.5941,0.03831,-0.054763,0.023029,0.054834,0.28482,-0.18592,0.021821,0.2013,-0.11311,0.038397,-0.24306,-0.14396,-0.21218,184,184,8505,15,1003.9
27.071,0.0013632,0.010124,8511,0.019452,1.3939,0.0034571,0.024082,0.0010912,0.0011363,-0.00023487,1,2,0.269,99.202,0.6,0,0,-0.0017166,-0.010491,0.0013352,0.10586,-0.099302,0.012601,0.00095369,0.010872,-0.0040055,0.10357,-0.090254,0.0046438,-0.0083687,-0.0076613,0.011225,-0.00073812,-0.00081324,0.0039493,0.008232,-0.0074672,0.0010523,0.010558,0.001836,0.011227,0.76799,3.3883,-0.011502,-0.14542,3.3423,-1.7326,-1.3265,-3.5348,1.0007,0.49443,-0.23059,0.025655,-0.02237,0.010421,0.054077,0.20406,-0.15895,0.014646,0.19407,-0.079492,0.033085,-0.24407,-0.15253,-0.17013,184,184,8513,15,1003.9
27.09,0.0026509,0.011149,8518,0.018986,1.3921,0.0034286,0.024053,-0.00064617,-4.7086e-05,-0.00010925,1,2,0.30732,99.206,0.6,0,0,-0.0017166,-0.010491,0.0013352,0.10586,-0.099302,0.012601,0.00095369,0.010872,-0.0040055,0.10357,-0.090254,0.0046438,-0.00854,-0.0044696,0.0081845,0.0048208,-0.0014925,0.0087976,0.014438,-0.0036292,0.0054558,0.0039805,0.0015573,0.0054413,0.34908,3.3516,0.080513,-0.49443,2.9638,-1.9572,0.20945,-3.5348,0.88564,0.66894,0.28253,0.06807,0.016735,-0.0013469,0.049628,0.10713,-0.12374,0.0086046,0.17786,-0.063752,0.030859,-0.24189,-0.17822,-0.13,184,184,8520,15,1003.9
27.112,0.0012649,0.01202,8526,0.022064,1.3914,0.0034376,0.024041,-2.327e-05,-0.0018312,-0.00034574,1,2,0.34705,99.2,0.6,0,0,-0.0017166,-0.010491,0.0013352,0.10586,-0.099302,0.012601,0.00095369,0.010872,-0.0040055,0.10357,-0.090254,0.0046438,-0.0094288,-0.0044764,0.007052,-0.0049936,0.0028436,0.010165,0.002804,-0.0034281,0.010209,0.00062598,0.0043525,-0.0023606,0.34908,3.4982,-0.24154,-0.14542,2.6034,-1.7445,0.20945,-3.7179,0.79363,1.0179,-0.43461,-0.079836,0.060002,-0.014924,0.045827,-0.0024018,-0.085334,0.0063506,0.15465,-0.064947,0.029439,-0.23802,-0.21914,-0.10136,184,184,8529,15,1003.9
27.133,0.0017558,0.012582,8533,0.020647,1.3913,0.0034022,0.024043,0.00074642,7.2424e-05,-0.0020597,1,2,0.38817,99.207,0.6,0,0,-0.0017166,-0.010491,0.0013352,0.10586,-0.099302,0.012601,0.00095369,0.010872,-0.003624,0.10357,-0.090254,0.0046438,-0.0041446,-0.0051138,0.0024601,-0.0072338,-0.00010531,0.0086807,0.0088643,-0.0042562,0.0081603,0.0013106,-0.010058,-0.00019471,-0.48872,3.4615,0.011502,-0.49443,3.1234,-1.9075,0.20945,-3.7912,0.79363,0.66894,0.15644,0.27035,0.094842,-0.031717,0.048511,-0.090262,-0.06838,0.007208,0.13826,-0.074584,0.03177,-0.24541,-0.25669,-0.088088,184,184,8537,15,1003.9
27.151,0.0013547,0.0096413,8542,0.018041,1.391,0.0033994,0.024039,-0.00058053,-0.00017575,0.0013174,1,2,0.42943,99.203,0.6,0,0,-0.0017166,-0.010491,0.0013352,0.10586,-0.099302,0.012601,0.00095369,0.010872,-0.003624,0.10357,-0.090254,0.0046438,-0.0037121,-0.0032803,0.0093684,-0.013664,0.0011973,0.013523,0.0052845,-0.0057344,0.0071169,0.0017258,0.0014635,0.0053951,1.4662,3.7912,-0.011502,0.43626,2.9038,-1.9255,-1.3265,-3.315,0.77062,0.49443,0.26279,0.4145,0.11181,-0.03636,0.044203,-0.14343,-0.06861,0.020386,0.13244,-0.067793,0.031994,-0.26737,-0.27277,-0.067569,184,184,8544,15,1003.9
27.172,0.0013732,0.011473,8550,0.021085,1.3915,0.0033557,0.024053,-0.00050727,-0.0014265,-0.0010315,1,2,0.46794,99.209,0.6,0,0,-0.0017166,-0.010491,0.0013352,0.10586,-0.099302,0.012601,0.00095369,0.010872,-0.003624,0.10357,-0.090254,0.0046438,-0.011819,-0.0071259,0.013004,-0.0078253,-0.0012575,0.012568,0.0012222,-0.0020705,0.0072819,0.0016502,0.0021388,0.012252,0.76799,3.8645,-0.034505,-0.3781,2.9025,-1.6343,0.76799,-3.2418,0.90864,0.49443,-0.19103,0.001532,0.11592,-0.028487,0.028698,-0.18309,-0.077383,0.049405,0.13857,-0.048266,0.028498,-0.28232,-0.25483,-0.012286,184,184,8553,15,1003.9
27.194,0.0015272,0.012964,8558,0.021554,1.3928,0.0033862,0.024071,8.5931e-05,0.0018052,0.00033661,1,2,0.50839,99.2,0.6,0,0,-0.0017166,-0.010491,0.0013352,0.10586,-0.099302,0.012601,0.00095369,0.010872,-0.003624,0.10357,-0.090254,0.0046438,-0.0029343,-0.0025066,0.0056418,-0.0056901,-0.004028,0.0031748,0.0055062,-0.0053829,0.0066259,0.0039032,0.00074535,0.011222,-0.069817,3.5714,-0.31055,-0.61077,3.1027,-1.7401,-0.62835,-3.7912,0.90864,0.20359,0.13168,0.034653,0.12098,0.010224,-0.0091188,-0.24471,-0.10915,0.092762,0.14566,-0.011093,0.016341,-0.2535,-0.20534,0.072981,184,184,8562,15,1003.9
27.212,0.0012121,0.011432,8566,0.018206,1.3902,0.0033697,0.024029,0.0010729,0.00035746,0.0017903,1,2,0.54725,99.204,0.6,0,0,-0.0017166,-0.010491,0.0013352,0.10586,-0.099302,0.012601,0.00095369,0.010872,-0.003624,0.10357,-0.090254,0.0046438,-0.0059286,-0.0054242,0.0060235,0.00034666,-0.0024459,0.0081008,0.010229,-0.0004422,0.0023519,0.00019176,-0.00071492,0.0019569,0.62835,3.7179,-0.057509,-0.66894,2.9427,-1.6779,-1.0473,-3.5348,0.77062,1.0179,0.21455,0.25582,0.13853,0.117,-0.082627,-0.35604,-0.1811,0.17845,0.14396,0.037414,0.011778,-0.050425,-0.13513,0.09833,184,184,8569,15,1003.9
27.232,0.0014667,0.011086,8574,0.020274,1.3893,0.0033633,0.024013,0.00092884,-0.0024647,0.00051728,1,2,0.58899,99.209,0.6,0,0,-0.0017166,-0.010491,0.0013352,0.10586,-0.099302,0.012601,0.00095369,0.010872,-0.003624,0.10357,-0.090254,0.0046438,-0.0057686,-0.011839,-0.009198,-0.0081555,-0.0022384,0.0085805,0.0064924,-0.0021454,-0.0072734,-0.0015903,0.00045752,0.019344,1.0473,3.7546,-0.057509,-0.14542,3.1228,-1.7731,-0.62835,-3.3516,0.79363,1.0179,0.31469,0.17386,0.16294,0.18871,-0.08513,-0.44083,-0.26809,0.23344,0.078887,0.05212,-0.00043424,0.22358,-0.14752,0.0052067,184,184,8577,15,1003.9
27.254,0.0012557,0.013787,8582,0.022234,1.3893,0.0033765,0.024012,0.0015233,0.0003443,0.00036735,1,2,0.62762,99.212,0.6,0,0,-0.0017166,-0.010491,0.0013352,0.10586,-0.099302,0.012601,0.00095369,0.010872,-0.0040055,0.10357,-0.090254,0.0046438,-0.0052626,-0.0038348,0.0054058,-0.0068252,-0.00065739,0.01028,0.0043688,-0.0026832,-0.002518,0.0031318,-0.00086385,0.0086614,-0.76799,3.4615,-0.12652,-0.49443,3.1427,-1.7612,-1.0473,-3.7179,0.90864,0.66894,0.23803,0.1788,0.17016,0.15595,-0.026504,-0.37953,-0.1972,0.20504,-0.0010461,0.064029,-0.012263,0.288,-0.22221,-0.024527,184,184,8587,15,1003.9
27.271,0.0012486,0.010057,8590,0.016286,1.3886,0.0034228,0.023993,0.002091,-0.00062229,0.0020743,1,2,0.6676,99.213,0.6,0,0,-0.0017166,-0.010491,0.0013352,0.10586,-0.099302,0.012601,0.00095369,0.010872,-0.0040055,0.10357,-0.090254,0.0046438,-0.004863,-0.0031126,0.0074427,-0.013477,0.0012788,0.0059865,0.00090589,-0.0045489,0.0066939,0.010104,0.0019355,0.0054567,0.34908,3.7179,-0.24154,-0.66894,2.7235,-1.8079,0.76799,-3.9744,0.90864,0.20359,0.30235,0.39038,0.18864,0.13002,-0.020208,-0.35398,-0.18329,0.19615,-0.035925,0.070556,-0.025965,0.30151,-0.23184,-0.028944,184,184,8592,15,1003.9
27.291,0.0012347,0.011216,8598,0.020828,1.3882,0.0034,0.023989,-0.0004011,-0.0002204,-0.0014253,1,2,0.70696,99.199,0.6,0,0,-0.0017166,-0.010491,0.0013352,0.10586,-0.099302,0.012601,0.00095369,0.010872,-0.0040055,0.10357,-0.090254,0.0046438,-0.0071299,0.0036366,0.012429,0.0057693,3.8403e-05,0.0098981,0.011806,-0.003952,-0.015618,0.012685,0.0097901,0.018922,-1.1869,3.9011,0.12652,-0.49443,3.2228,-1.8035,0.069817,-3.7179,0.90864,0.20359,-0.20464,-0.094665,0.19186,0.096172,-0.0089975,-0.32624,-0.17901,0.17502,-0.044045,0.076151,-0.028438,0.26951,-0.22355,-0.036584,184,184,8601,15,1003.9
27.31,0.0017376,0.0076657,8607,0.018433,1.3872,0.0034165,0.023969,0.00087403,-0.0020867,-0.00096295,1,2,0.75187,99.212,0.6,0,0,-0.0017166,-0.010491,0.0013352,0.10586,-0.099302,0.012601,0.00095369,0.010872,-0.0040055,0.10357,-0.090254,0.0046438,-0.0034789,-0.0039783,0.0070022,-0.0082349,-0.0028183,0.010019,0.0084836,-0.0054454,-0.0013957,0.0097058,-0.0051351,0.0090251,-0.069817,3.9011,0.057509,-0.14542,3.2429,-1.8365,-0.62835,-3.6447,0.77062,1.0179,-0.00061707,0.010826,0.18191,0.054968,0.0024608,-0.29985,-0.19978,0.14437,-0.026889,0.091419,-0.032146,0.19734,-0.19351,-0.03991,184,184,8607,15,1003.9
27.332,0.0012791,0.011273,8613,0.022425,1.3877,0.0034363,0.023975,0.0017507,-0.00081679,0.0012153,1,2,0.78861,99.215,0.6,0,0,-0.0017166,-0.010491,0.0013352,0.10586,-0.099302,0.012601,0.00095369,0.010872,-0.0040055,0.10357,-0.090254,0.0046438,-0.0038835,-0.0051952,0.0043248,-0.0053163,-0.0037602,0.013639,0.0069749,-0.0034577,0.0039914,0.00031236,0.0048633,0.0032705,0.76799,3.7179,-0.12652,-0.49443,3.2423,-1.7021,-0.069817,-3.4982,0.90864,0.3781,-0.15147,-0.022591,0.16123,0.027307,0.0065438,-0.28387,-0.23477,0.11241,0.0095838,0.10581,-0.031181,0.10979,-0.15797,-0.03728,184,184,8616,15,1003.9
27.343,0.0012114,0.0029279,8621,0.011175,1.3877,0.003431,0.023975,0.0001847,0.0011674,0.00019234,1,2,0.82757,99.216,0.6,0,0,-0.0017166,-0.010491,0.0013352,0.10586,-0.099302,0.012601,0.00095369,0.010872,-0.0040055,0.10357,-0.090254,0.0046438,-0.014719,-0.0079439,0.013735,-0.0032501,0.00082674,0.0097493,0.0031139,-0.0055496,0.0032324,-0.0032559,0.0064625,0.021168,-0.48872,3.5348,-0.011502,-0.31993,3.5225,-1.8502,0.90762,-3.6447,1.1157,0.20359,-0.39505,-0.10396,0.13438,0.013468,0.0041694,-0.28307,-0.28078,0.081184,0.05435,0.11215,-0.024728,0.011853,-0.1312,-0.030332,184,184,8621,15,1003.9
27.364,0.0024274,0.004798,8628,0.020681,1.3864,0.0034259,0.023954,0.00076242,-0.0015876,-0.0011345,1,2,0.86752,99.214,0.6,0,0,-0.0017166,-0.010491,0.0013352,0.10586,-0.099302,0.012601,0.00095369,0.010872,-0.0040055,0.10357,-0.090254,0.0046438,-0.004239,-0.0032173,0.0047274,-0.0055086,0.00050034,0.0050895,-0.0013947,-0.0080379,0.0044871,0.00051917,0.0033314,0.0012801,-0.76799,3.4982,-0.12652,-0.49443,3.2623,-1.7127,-0.76799,-3.4249,0.90864,0.49443,0.012994,0.10702,0.10735,0.0070845,-0.0021251,-0.28879,-0.32749,0.053725,0.095195,0.11359,-0.013385,-0.089357,-0.1353,-0.025725,184,184,8628,15,1003.9
27.392,0.0017082,0.010775,8635,0.027923,1.3867,0.0034279,0.023958,8.8494e-05,0.00079237,-0.0014549,1,2,0.91002,99.209,0.6,0,0,-0.0017166,-0.010491,0.0013352,0.10586,-0.099302,0.012601,0.00095369,0.010872,-0.0040055,0.10357,-0.090254,0.0046438,-0.003712,-0.0071816,0.004799,-0.0068794,-0.0028408,0.011854,-0.00024444,-0.0017916,0.0050031,0.00061664,0.0032604,0.011633,1.0473,3.6813,0.057509,-0.3781,2.9232,-1.8017,0.34908,-3.3516,0.56359,0.3781,0.64361,0.43309,0.088798,-0.008526,-0.007975,-0.2972,-0.34217,0.018157,0.11735,0.11257,0.0063017,-0.17633,-0.16023,-0.045773,184,184,8637,15,1003.9
27.413,0.0014452,0.012501,8642,0.02138,1.3857,0.0034211,0.023941,0.00057611,-0.00032369,0.00182,1,2,0.94884,99.209,0.6,0,0,-0.0017166,-0.010491,0.0013352,0.10586,-0.099302,0.012601,0.00095369,0.010872,-0.0040055,0.10357,-0.090254,0.0046438,-0.0072882,-0.0099175,0.015156,-0.015219,-0.00057423,0.0094943,0.0064706,-0.0010088,-0.0064581,0.0051173,-0.0042798,0.0054527,1.8851,3.6813,-0.080513,0.087253,3.3224,-1.7444,-0.20945,-3.4249,0.90864,0.20359,-0.19723,-0.22458,0.088973,-0.026831,-0.0085933,-0.30266,-0.30852,-0.027981,0.12279,0.10085,0.032302,-0.2272,-0.17866,-0.096265,184,184,8645,15,1003.9
27.43,0.0014146,0.009596,8649,0.017111,1.386,0.0033932,0.023951,-0.0021243,-0.00017488,-0.00032313,1,2,0.98883,99.218,0.6,0,0,-0.0017166,-0.010491,0.0013352,0.10586,-0.099302,0.012601,0.00095369,0.010872,-0.0040055,0.10357,-0.090254,0.0046438,-0.0087282,-0.0032595,0.0024174,-0.0091667,-0.00053163,0.0063009,0.015024,-0.0061688,-0.00064081,-0.00038726,0.00050539,-0.0038515,-0.069817,3.7912,0.12652,-0.61077,3.403,-1.9211,0.76799,-3.7912,0.74762,0.84344,0.21702,0.21251,0.099305,-0.04133,-0.0034642,-0.25993,-0.25199,-0.080979,0.13083,0.059294,0.068823,-0.28033,-0.18536,-0.15715,184,184,8651,15,1003.9
27.446,0.0012468,0.0050898,8657,0.015321,1.383,0.0033901,0.023898,0.00084972,0.0012324,-0.0017521,1,2,0.028155,99.221,0.6,0,0,-0.0017166,-0.010491,0.0013352,0.10586,-0.099302,0.012601,0.00095369,0.010872,-0.0040055,0.10357,-0.090254,0.0046438,-0.010224,-0.0062501,0.010709,-0.0068735,-0.0032565,0.016717,0.0056607,-0.006002,-0.0028623,0.00059336,0.0049393,0.0063387,0.34908,3.6813,0.011502,-0.84344,3.1222,-1.6387,0.76799,-3.315,0.79363,0.49443,0.020399,-0.022888,0.1085,-0.040723,0.011895,-0.066811,-0.17993,-0.09051,0.15752,-0.055681,0.11994,-0.33569,-0.19195,-0.22214,184,184,8658,15,1003.9
27.472,0.0013184,0.010674,8665,0.026222,1.3821,0.0034196,0.023879,0.00079751,-0.00078424,-0.00019935,1,2,0.069561,99.218,0.6,0,0,-0.0017166,-0.010491,0.0013352,0.10586,-0.099302,0.012601,0.00095369,0.010872,-0.0040055,0.10357,-0.090254,0.0046438,-0.0049845,-0.005471,0.006295,-0.0076664,-0.00012645,0.0041043,0.0020371,-0.0044681,-0.0030245,-0.00063628,0.0069315,0.012543,-0.069817,3.7179,-0.33355,-0.20359,2.8226,-1.6144,-0.62835,-3.7179,0.79363,0.31993,-0.0030854,0.05413,0.073251,0.0027149,0.021359,0.22706,-0.12188,-0.012063,0.19352,-0.18101,0.12145,-0.35129,-0.2074,-0.24422,184,184,8668,15,1003.9
27.492,0.0014065,0.01211,8672,0.020255,1.3813,0.0034199,0.023864,0.00020903,-0.00079828,-0.00034483,1,2,0.10724,99.21,0.6,0,0,-0.0017166,-0.010491,0.0013352,0.10586,-0.099302,0.012601,0.00095369,0.010872,-0.0040055,0.10357,-0.090254,0.0046438,-0.007615,-0.0048898,0.0078336,-0.0018819,-0.0027395,0.013229,0.00087972,-0.00337,0.0037463,0.0054681,0.0053773,-0.018827,0.76799,3.5714,0.10352,-0.14542,3.3624,-1.7656,0.069817,-3.6447,0.88564,0.66894,-0.12671,0.21311,-0.01363,0.028501,0.030998,0.32594,-0.20013,0.023202,0.20704,-0.197,0.084717,-0.29699,-0.17857,-0.24906,184,184,8675,15,1003.9
27.512,0.0013222,0.01071,8680,0.019539,1.3802,0.0034112,0.023846,0.0011472,-0.0010165,-0.00081531,1,2,0.14909,99.221,0.6,0,0,-0.0017166,-0.010491,0.0013352,0.10586,-0.099302,0.012601,0.00095369,0.010872,-0.0040055,0.10357,-0.090254,0.0046438,-0.010653,-0.010594,0.0010375,-0.0049262,0.0013575,0.010934,0.0072936,-0.0040262,0.0087548,0.0031847,0.0015047,0.0067043,0.34908,3.6447,-0.12652,-0.3781,3.1428,-1.7836,0.48872,-3.7546,0.79363,1.0179,-0.15147,-0.022591,-0.056988,0.032885,0.048075,0.36178,-0.20923,0.027527,0.20699,-0.17969,0.063415,-0.26283,-0.15403,-0.25437,184,184,8683,15,1003.9
27.533,0.0014286,0.011512,8688,0.020743,1.3804,0.0033903,0.023853,0.0001138,0.00096342,-0.000252,1,2,0.18917,99.219,0.6,0,0,-0.0017166,-0.010491,0.0013352,0.10586,-0.099302,0.012601,0.00095369,0.010872,-0.0040055,0.10357,-0.090254,0.0046438,-0.010555,-0.002012,-0.0013562,-0.0049849,0.00037055,0.011052,0.0040796,-0.0028559,0.0022581,0.0074296,0.0027152,0.013107,-0.069817,3.7179,-0.31055,-0.49443,2.8826,-1.6461,-1.0473,-3.4249,0.90864,0.66894,0.050089,0.1262,-0.068936,0.031089,0.053513,0.34328,-0.20436,0.026541,0.20524,-0.15138,0.049218,-0.24716,-0.14472,-0.24334,184,184,8691,15,1003.9
27.552,0.0013798,0.010901,8696,0.019314,1.379,0.0034066,0.023825,0.0013226,-0.0013179,-0.00047084,1,2,0.22884,99.223,0.6,0,0,-0.0017166,-0.010491,0.0013352,0.10586,-0.099302,0.012601,0.00095369,0.010872,-0.0040055,0.10357,-0.090254,0.0046438,-0.0067778,-0.0071492,0.0050974,0.0018941,-0.004563,0.009659,0.0055137,-0.0047107,0.0028302,0.013605,0.0028048,0.00011014,0.34908,3.5714,-0.12652,-0.31993,2.783,-1.7053,0.76799,-2.9487,0.90864,0.66894,0.26152,0.10178,-0.055445,0.023439,0.054839,0.28816,-0.18659,0.02198,0.20171,-0.1155,0.039257,-0.24341,-0.14354,-0.21397,184,184,8699,15,1003.9
27.573,0.0012742,0.011907,8704,0.020683,1.3787,0.0034149,0.02382,0.0022278,-1.2095e-06,-0.0013319,1,2,0.26806,99.226,0.6,0,0,-0.0017166,-0.010491,0.0013352,0.10586,-0.099302,0.012601,0.00095369,0.010872,-0.0040055,0.10357,-0.090254,0.0046438,-0.011327,0.0028596,0.0075067,-0.0092643,-0.0020507,0.013167,0.006895,-0.0048729,0.0085781,0.0053954,0.0075441,0.013609,0.62835,3.4615,-0.057509,-0.66894,2.6424,-1.5192,0.48872,-3.7546,0.6556,0.49443,-0.28377,-0.046419,-0.023283,0.010631,0.054261,0.20681,-0.15971,0.014925,0.19381,-0.079665,0.032886,-0.24458,-0.15229,-0.1713,184,184,8707,15,1003.9
27.59,0.0013105,0.0091145,8712,0.01789,1.3787,0.0034311,0.023817,0.00074646,0.00035577,0.0007447,1,2,0.30951,99.224,0.6,0,0,-0.0017166,-0.010491,0.0013352,0.10586,-0.099302,0.012601,0.00095369,0.010872,-0.0040055,0.10357,-0.090254,0.0046438,-0.0022529,0.00033699,0.0046782,-0.0091771,-0.0010498,0.0067931,0.01187,-0.0047129,-0.00076586,0.0054845,-0.000771,0.0078207,-0.48872,3.4982,0.080513,-0.66894,3.0033,-1.844,-0.34908,-3.7912,0.90864,0.66894,0.44205,0.28429,0.016858,-0.0016056,0.049586,0.10407,-0.12236,0.0090128,0.17693,-0.062643,0.029994,-0.24127,-0.17881,-0.12857,184,184,8714,15,1003.9
27.613,0.0013044,0.010846,8722,0.022894,1.3775,0.003402,0.0238,0.00062823,-0.00057155,0.001133,1,2,0.3518,99.225,0.6,0,0,-0.0017166,-0.010491,0.0013352,0.10586,-0.099302,0.012601,0.00095369,0.010872,-0.0040055,0.10357,-0.090254,0.0046438,0.00048559,0.00047427,0.0011395,-0.0057654,-8.1824e-05,0.010866,0.0046822,-0.0059055,0.0069349,0.004667,0.0037701,0.014581,0.62835,3.5348,-0.31055,-0.49443,2.7836,-1.8397,-0.069817,-3.4982,0.88564,0.3781,-0.00061707,0.010826,0.061071,-0.01674,0.046519,-0.010539,-0.082109,0.0072618,0.15365,-0.065807,0.029032,-0.23727,-0.22117,-0.099658,184,184,8724,15,1003.9
27.624,0.001225,0.0042966,8728,0.011108,1.3781,0.003405,0.023811,-0.0011251,0.0012771,-0.00050752,1,2,0.38699,99.229,0.6,0,0,-0.0017166,-0.010491,0.0013352,0.10586,-0.099302,0.012601,0.00095369,0.010872,-0.0040055,0.10357,-0.090254,0.0046438,-0.0060502,-0.0033092,0.0085289,-0.0069151,0.0022377,0.012442,0.0014022,-0.0036323,-0.0019286,-0.0020511,0.00072865,0.0098916,-0.48872,3.6447,-0.011502,-0.31993,2.5073,-1.4478,-0.62835,-3.6447,1.1387,0.84344,-0.30478,-0.012705,0.097445,-0.031476,0.047801,-0.092261,-0.069122,0.0062731,0.13726,-0.074439,0.032106,-0.24565,-0.25856,-0.088083,184,184,8729,15,1003.9
27.652,0.0012126,0.011864,8737,0.027616,1.3774,0.0033938,0.023799,0.00059513,-0.00060489,-0.00077259,1,2,0.42706,99.227,0.6,0,0,-0.0017166,-0.010491,0.0013352,0.10586,-0.099302,0.012601,0.00095369,0.010872,-0.0040055,0.10357,-0.090254,0.0046438,-0.00083976,-0.0047098,0.0047579,-0.0095754,0.00080589,0.00066916,0.0085165,-0.0034167,0.0001868,0.0090193,0.00014701,0.015738,-0.069817,3.4982,0.011502,-0.14542,2.6635,-1.7762,-0.62835,-3.9377,1.0237,0.029084,-0.00061707,0.010826,0.11236,-0.036326,0.044255,-0.1425,-0.068333,0.01861,0.13206,-0.068281,0.032131,-0.26617,-0.27348,-0.068635,184,184,8741,15,1003.9
27.673,0.0012201,0.012168,8746,0.020661,1.3772,0.0034231,0.023791,-0.00021292,-0.0013037,0.00031077,1,2,0.46779,99.225,0.6,0,0,-0.0017166,-0.010491,0.0013352,0.10586,-0.099302,0.012601,0.00095369,0.010872,-0.0040055,0.10357,-0.090254,0.0046438,0.00059933,-0.0046274,0.0026388,-0.0060253,-0.0028493,0.012976,0.0065792,-0.0025457,0.0085981,0.0049168,-0.0012664,0.011708,-0.48872,3.4982,0.10352,-0.66894,2.7841,-1.9741,0.76799,-3.8645,0.77062,0.31993,0.092155,0.39314,0.11556,-0.028892,0.029014,-0.18262,-0.07693,0.049042,0.1388,-0.048342,0.028345,-0.28208,-0.25459,-0.013116,184,184,8750,15,1003.9
27.703,0.0012048,0.019401,8757,0.030045,1.3767,0.003413,0.023785,0.00096804,1.1543e-05,0.0015927,1,2,0.51338,99.233,0.6,0,0,-0.0017166,-0.010491,0.0013352,0.10586,-0.099302,0.012601,0.00095369,0.010872,-0.0040055,0.10357,-0.090254,0.0046438,-0.0091394,-0.014761,0.0080644,-0.0018032,0.0015718,0.0081216,0.0073519,-0.0030882,0.0058889,0.0092,-0.011622,0.0083719,-1.1869,3.6081,-0.10352,-0.14542,3.5225,-1.8502,-1.3265,-3.4249,0.77062,0.49443,-0.25778,0.16763,0.12152,0.016207,-0.013733,-0.25107,-0.11174,0.098524,0.1454,-0.0070916,0.014876,-0.24702,-0.20025,0.079092,184,184,8761,15,1003.9
27.712,0.0012446,0.0093311,8763,0.0096423,1.3774,0.0034123,0.023796,0.00011546,-0.00022117,0.0012429,1,2,0.55289,99.227,0.6,0,0,-0.0017166,-0.010491,0.0013352,0.10586,-0.099302,0.012601,0.00095369,0.010872,-0.0040055,0.10357,-0.090254,0.0046438,-0.0067729,-0.0065857,0.0067157,0.0012026,0.00060572,0.0088679,0.006182,-0.0015563,0.0039419,0.0068015,-0.010679,-0.0056187,-0.48872,3.5714,-0.37956,-0.14542,2.7036,-1.8198,-0.62835,-3.4249,1.0237,0.66894,-0.15887,0.10732,0.1414,0.13058,-0.089411,-0.37066,-0.19176,0.1892,0.14186,0.039974,0.011309,-0.014619,-0.13124,0.084342,184,184,8765,15,1003.9
27.734,0.0014175,0.012674,8770,0.021625,1.3774,0.0034306,0.023794,9.694e-05,-0.00094956,0.0021587,1,2,0.58978,99.228,0.6,0,0,-0.0017166,-0.010491,0.0013352,0.10586,-0.099302,0.012601,0.00095369,0.010872,-0.0040055,0.10357,-0.090254,0.0046438,-0.0095442,-0.0015561,0.0026317,-0.0061226,2.9282e-05,0.0097531,0.0072662,-0.0024107,0.0060534,0.0088576,0.0072068,0.011159,0.34908,3.1319,0.011502,-0.84344,3.0833,-1.8863,0.20945,-3.4249,1.0237,0.84344,-0.087148,0.18898,0.16456,0.18694,-0.078813,-0.43672,-0.26673,0.23311,0.067416,0.052433,-0.0016447,0.23249,-0.15556,9.7068e-05,184,184,8773,15,1003.9
27.752,0.0012436,0.011118,8777,0.017852,1.3786,0.0034393,0.023813,0.00073076,0.00028664,0.00032964,1,2,0.62825,99.229,0.6,0,0,-0.0017166,-0.010491,0.0013352,0.10586,-0.099302,0.012601,0.00095369,0.010872,-0.0040055,0.10357,-0.090254,0.0046438,-0.0067051,-0.0040626,0.0045013,0.0029956,0.002378,0.013696,0.002403,-0.0016834,0.0068209,0.0062701,-0.0019296,0.0071626,1.0473,3.5714,-0.12652,-0.84344,2.9828,-1.7214,-0.34908,-3.6447,0.77062,0.66894,0.14283,0.17415,0.17131,0.15479,-0.026135,-0.37798,-0.19518,0.20585,-0.005032,0.064787,-0.014184,0.292,-0.22374,-0.024419,184,184,8780,15,1003.9
27.77,0.0013099,0.0089982,8786,0.018056,1.3791,0.0034399,0.023822,0.00047582,0.00046961,0.00012912,1,2,0.66874,99.234,0.6,0,0,-0.0017166,-0.010491,0.0013352,0.10586,-0.099302,0.012601,0.00095369,0.010872,-0.0040055,0.10357,-0.090254,0.0046438,-0.0056855,-0.00080112,0.0032162,-0.015886,-0.00028601,0.0078568,0.0038791,-0.0017305,0.002595,0.0053292,0.0012211,0.0039263,0.34908,3.4615,-0.31055,-0.31993,2.723,-1.6735,0.069817,-3.6081,0.88564,0.66894,-0.23059,0.025655,0.18916,0.12868,-0.019586,-0.35263,-0.18208,0.19583,-0.037677,0.070629,-0.026206,0.30195,-0.23252,-0.029312,184,184,8788,15,1003.9
27.793,0.0013306,0.012639,8794,0.023105,1.3747,0.0034103,0.023749,-0.0013299,-0.0019761,-0.0001439,1,2,0.70771,99.23,0.6,0,0,-0.0017166,-0.010491,0.0013352,0.10586,-0.099302,0.012601,0.00095369,0.010872,-0.003624,0.10357,-0.090254,0.0046438,-0.0019987,-0.0065221,0.0061636,-0.0051156,-0.0014422,0.011276,0.0041189,-0.0037852,0.0054528,0.0060061,0.0065624,0.0037621,0.34908,3.3516,0.080513,-0.3781,2.8231,-1.7488,0.20945,-3.7179,0.79363,0.31993,0.071105,0.09249,0.19136,0.095165,-0.0087337,-0.32667,-0.17908,0.17404,-0.043962,0.076751,-0.028424,0.26944,-0.22296,-0.036207,184,184,8798,15,1003.9
27.812,0.0013442,0.011363,8802,0.01846,1.3753,0.0034089,0.02376,-0.0014498,0.00022234,-0.00018519,1,2,0.74719,99.231,0.6,0,0,-0.0017166,-0.010491,0.0013352,0.10586,-0.099302,0.012601,0.00095369,0.010872,-0.0040055,0.10357,-0.090254,0.0046438,-0.0024248,-0.0098021,-0.00031561,-0.0040885,0.0015534,0.013095,0.0045342,-0.0051674,-0.0018063,-2.9512e-05,0.0084616,0.021407,0.34908,3.4982,0.011502,-0.029084,3.0027,-1.7096,-0.62835,-3.315,0.77062,0.66894,-0.32333,-0.022295,0.18326,0.059304,0.00040062,-0.30342,-0.19783,0.14683,-0.028217,0.090103,-0.031991,0.20518,-0.19514,-0.039231,184,184,8805,15,1003.9
27.83,0.00123,0.0088911,8810,0.018735,1.3765,0.0034227,0.02378,0.0015718,0.00057525,0.00051985,1,2,0.78937,99.235,0.6,0,0,-0.0017166,-0.010491,0.0013352,0.10586,-0.099302,0.012601,0.00095369,0.010872,-0.003624,0.10357,-0.090254,0.0046438,-0.0092659,-0.0020448,0.005692,-0.0022166,-0.00084751,0.0031056,0.0030636,-0.0040609,-0.0031808,0.0047142,0.0025735,0.0069932,-1.1869,3.7912,-0.10352,-0.31993,2.7831,-1.7277,-0.62835,-3.4982,1.1617,0.66894,-0.79812,-0.067182,0.16185,0.026272,0.007881,-0.28299,-0.23336,0.11239,0.007188,0.10557,-0.031554,0.11126,-0.15971,-0.037707,184,184,8812,15,1003.9
27.845,0.0012152,0.0043704,8819,0.014711,1.3755,0.0034205,0.023762,0.00039628,0.00012243,-6.2333e-05,1,2,0.82784,99.235,0.6,0,0,-0.0017166,-0.010491,0.0013352,0.10586,-0.099302,0.012601,0.00095369,0.010872,-0.003624,0.10357,-0.090254,0.0046438,-0.0032147,-0.0043397,0.0063752,-0.0119,-0.00027161,0.013559,0.0029003,-0.0046117,0.0071681,0.0092099,0.0077695,0.007184,0.34908,3.4982,-0.10352,-0.5526,3.1234,-1.9075,-0.069817,-3.4982,0.90864,1.1343,0.17125,0.01053,0.13483,0.013309,0.0046444,-0.28231,-0.28007,0.081748,0.053435,0.11204,-0.025172,0.012213,-0.13148,-0.029989,184,184,8820,15,1003.9
27.873,0.001484,0.011901,8827,0.027739,1.3755,0.0034265,0.023761,0.00085764,0.00012167,0.00091856,1,2,0.86869,99.235,0.6,0,0,-0.0017166,-0.010491,0.0013352,0.10586,-0.099302,0.012601,0.00095369,0.010872,-0.0040055,0.10357,-0.090254,0.0046438,-0.010342,0.0016825,0.011246,0.0014556,0.0004577,0.010049,0.0039976,-0.0038029,0.0071584,0.001797,0.002486,0.0044264,1.4662,3.6081,0.034505,-0.49443,2.9626,-1.666,-0.20945,-3.5714,0.54059,0.66894,1.0133,0.31217,0.10711,0.0068354,-0.0019613,-0.28833,-0.32795,0.053848,0.094889,0.11358,-0.013472,-0.091252,-0.13615,-0.025815,184,184,8830,15,1003.9
27.891,0.0016594,0.0070539,8836,0.017813,1.3771,0.0034212,0.023791,0.00028903,0.0018497,-0.0012877,1,2,0.91435,99.238,0.6,0,0,-0.0017166,-0.010491,0.0013352,0.10586,-0.099302,0.012601,0.00095369,0.010872,-0.0040055,0.10357,-0.090254,0.0046438,-0.00055182,0.00044724,0.0029911,-0.00091052,-0.00025054,0.00091887,0.0097511,-0.0032663,-0.001533,0.0063237,-0.0034159,0.010646,-0.069817,3.315,-0.17253,-0.61077,2.7631,-1.7171,1.1869,-3.9377,0.77062,0.029084,0.22195,0.12591,0.088713,-0.010215,-0.0074642,-0.29747,-0.34029,0.016534,0.11662,0.11252,0.0068299,-0.17987,-0.16121,-0.049141,184,184,8836,15,1003.9
27.914,0.0012989,0.01369,8841,0.023486,1.3774,0.0034361,0.023793,6.2229e-05,0.00099682,5.0737e-05,1,2,0.94733,99.237,0.6,0,0,-0.0017166,-0.010491,0.0013352,0.10586,-0.099302,0.012601,0.00095369,0.010872,-0.0040055,0.10357,-0.090254,0.0046438,-0.0016914,-0.0071387,0.0062486,0.00062745,-0.0040514,0.0052088,0.0018462,-0.0042268,3.663e-05,0.0047106,-0.004383,0.0099793,1.0473,3.5714,-0.057509,-0.61077,2.9236,-1.8913,-1.0473,-3.6447,1.0007,0.49443,0.61885,0.19739,0.089718,-0.026488,-0.0084388,-0.30107,-0.30696,-0.026628,0.12322,0.099971,0.032798,-0.22705,-0.17802,-0.095147,184,184,8845,15,1003.9
27.931,0.0014935,0.011054,8848,0.017377,1.3755,0.003433,0.02376,0.00078955,-0.00035421,0.00049866,1,2,0.98776,99.242,0.6,0,0,-0.0017166,-0.010491,0.0013352,0.10586,-0.099302,0.012601,0.00095369,0.010872,-0.0040055,0.10357,-0.090254,0.0046438,-0.0032824,3.1998e-05,0.0079621,-0.0037679,-0.00093585,0.013774,0.0032044,-0.005477,0.0042375,0.011429,0.0028132,-0.0043453,0.34908,3.5714,-0.011502,-0.66894,3.0034,-1.8664,0.76799,-3.4249,0.44857,0.49443,0.12922,0.077957,0.099375,-0.040895,-0.0032428,-0.26007,-0.25136,-0.078432,0.13049,0.059058,0.069109,-0.27992,-0.18574,-0.15585,184,184,8851,15,1003.9
27.95,0.0013322,0.0095836,8856,0.019094,1.3776,0.0034444,0.023795,0.00065582,0.00094909,-0.0002643,1,2,0.028623,99.241,0.6,0,0,-0.0017166,-0.010491,0.0013352,0.10586,-0.099302,0.012601,0.00095369,0.010872,-0.0040055,0.10357,-0.090254,0.0046438,-0.0071052,-0.0095643,0.0079074,-0.0074908,0.0044737,0.0022202,0.0016992,-0.0022499,-0.0029228,-0.00017396,0.0049317,0.010329,0.34908,3.5348,0.034505,0.14542,2.6075,-1.3667,-0.069817,-3.6081,0.90864,0.20359,-0.55951,-0.23357,0.10848,-0.040691,0.011886,-0.06648,-0.17972,-0.090108,0.15745,-0.056143,0.12011,-0.3356,-0.19188,-0.22216,184,184,8858,15,1003.9
27.994,0.01133,0.030455,8863,0.043074,1.3782,0.0034192,0.02381,0.00051825,0.0011536,0.00013729,1,2,0.092618,99.245,0.6,0,0,-0.0017166,-0.010491,0.0013352,0.10586,-0.099302,0.012601,0.00095369,0.010872,-0.0040055,0.10357,-0.090254,0.0046438,-0.0039306,-0.003866,0.0027011,-0.00315,0.0013414,0.0098482,0.011999,-0.0070502,0.0021361,0.0034197,-0.0010022,-0.0049312,-0.48872,3.4615,-0.011502,-0.84344,2.604,-1.8789,0.48872,-3.4982,0.88564,1.0179,0.059962,-0.047011,0.070633,0.0044664,0.024865,0.25292,-0.12944,-0.013521,0.19843,-0.18095,0.11725,-0.34828,-0.20348,-0.24862,184,184,8866,15,1003.9
28.005,0.001544,0.0062862,8869,0.011712,1.3782,0.0034141,0.023811,-0.00026394,-0.00071146,0.0004899,1,2,0.14489,99.243,0.6,0,0,-0.0017166,-0.010491,0.0013352,0.10586,-0.099302,0.012601,0.00095369,0.010872,-0.0040055,0.10357,-0.090254,0.0046438,-0.0065913,-0.0037063,0.011216,-0.011853,-0.00027829,-0.00054229,0.011319,-0.001486,0.0032713,0.0038289,0.0015424,0.00068123,0.62835,3.5714,-0.14952,-0.66894,2.9236,-1.8913,0.48872,-3.4615,0.77062,0.84344,0.050089,0.1262,-0.020666,0.029229,0.038428,0.33209,-0.20628,0.021163,0.20849,-0.18149,0.07224,-0.28465,-0.16681,-0.24881,184,184,8871,15,1003.9
28.031,0.0015401,0.020874,8873,0.025713,1.379,0.003426,0.023823,-0.00017397,0.00026516,0.0004563,1,2,0.16741,99.242,0.6,0,0,-0.0017166,-0.010491,0.0013352,0.10586,-0.099302,0.012601,0.00095369,0.010872,-0.0040055,0.10357,-0.090254,0.0046438,-0.0063142,-0.0082819,0.01548,-0.0021596,-0.0017927,0.0078775,0.0046174,-0.0035762,0.011436,0.0051054,-0.0037298,-0.0077058,-0.069817,3.6813,0.057509,-0.78527,2.9421,-1.5435,-0.069817,-3.3516,0.74762,1.1343,-0.21204,0.035246,-0.058147,0.031346,0.050929,0.353,-0.20757,0.025433,0.20696,-0.16726,0.058826,-0.25948,-0.15019,-0.25018,184,184,8878,15,1003.9
28.05,0.0013071,0.019069,8880,0.019457,1.3797,0.003412,0.023838,0.00082867,0.00068075,0.00031084,1,2,0.20944,99.244,0.6,0,0,-0.0017166,-0.010491,0.0013352,0.10586,-0.099302,0.012601,0.00095369,0.010872,-0.0040055,0.10357,-0.090254,0.0046438,-0.010225,-0.00091991,0.0022921,-0.005653,-0.00062378,0.0083823,0.0070372,-0.0036507,0.01352,-0.0018567,-0.013952,-0.0066526,-0.48872,3.5714,-0.33355,-0.49443,3.1032,-1.8745,-0.62835,-3.6447,0.90864,0.49443,-0.068601,0.19857,-0.061755,0.02815,0.054162,0.3171,-0.19637,0.024112,0.20415,-0.13368,0.04359,-0.24598,-0.14321,-0.22955,184,184,8885,15,1003.9
28.071,0.0014345,0.019881,8887,0.02041,1.3769,0.0033796,0.023793,-1.2478e-05,0.00062903,0.00016887,1,2,0.24881,99.248,0.6,0,0,-0.0017166,-0.010491,0.0013352,0.10586,-0.099302,0.012601,0.00095369,0.010872,-0.0040055,0.10357,-0.090254,0.0046438,-0.007416,-0.0033026,0.0066567,-0.0044059,-0.00035919,0.012102,-0.0029227,-0.0026564,0.0052769,-0.00042651,0.0015867,0.0063544,-0.48872,3.9377,-0.011502,-0.84344,2.8642,-2.0164,-1.3265,-3.4615,0.90864,0.3781,0.21702,0.21251,-0.039023,0.017027,0.054816,0.24874,-0.1744,0.0184,0.19837,-0.095864,0.035828,-0.2454,-0.14681,-0.19287,184,184,8892,15,1003.9
28.082,0.0012975,0.010302,8894,0.010832,1.3766,0.0033863,0.023786,-0.0012359,-0.00088073,0.00071575,1,2,0.28945,99.243,0.6,0,0,-0.0017166,-0.010491,0.0013352,0.10586,-0.099302,0.012601,0.00095369,0.010872,-0.0040055,0.10357,-0.090254,0.0046438,-0.0063773,-0.0045253,0.0003219,0.0026721,-0.0026774,0.011883,0.0012484,-0.003864,0.0041015,0.0087514,-0.00038179,0.018507,-0.48872,3.9377,0.080513,-0.3781,2.7625,-1.5827,-0.20945,-3.4982,0.77062,0.31993,-0.44082,-0.30594,-0.0025396,0.0043936,0.051928,0.15563,-0.14195,0.011839,0.18589,-0.068923,0.030987,-0.24381,-0.16381,-0.14807,184,184,8896,15,1003.9
28.093,0.0015453,0.011471,8898,0.011834,1.374,0.003379,0.023741,0.00057913,-0.0003395,-0.0012046,1,2,0.31133,99.248,0.6,0,0,-0.0017166,-0.010491,0.0013352,0.10586,-0.099302,0.012601,0.00095369,0.010872,-0.0040055,0.10357,-0.090254,0.0046438,-0.0054694,-0.0047969,0.0029751,0.0025366,-0.00051666,0.01454,0.0034524,-0.0021762,0.00097632,0.0075344,-0.00018333,-0.0066654,-0.48872,3.8645,-0.24154,0.087253,2.3727,-1.3543,-0.62835,-3.6447,0.88564,0.66894,0.13542,0.30406,0.034848,-0.0061099,0.04808,0.080229,-0.11533,0.0050622,0.17215,-0.065421,0.034608,-0.24474,-0.19198,-0.12263,184,184,8901,15,1003.9
28.105,0.0013762,0.0043221,8905,0.011259,1.3729,0.0033792,0.023723,0.00050185,-0.0021707,0.0010145,1,2,0.34781,99.248,0.6,0,0,-0.0017166,-0.010491,0.0013352,0.10586,-0.099302,0.012601,0.00095369,0.010872,-0.0040055,0.10357,-0.090254,0.0046438,-0.0093481,-0.0061011,-0.00028386,-0.0058856,0.0036707,0.010479,0.0052603,-0.0045578,0.0028295,0.008839,-0.0013784,0.0039439,1.0473,3.6813,-0.37956,-0.66894,2.7631,-1.7171,0.48872,-3.7546,0.42557,0.66894,0.35672,0.10643,0.069539,-0.016514,0.044631,-0.015173,-0.082826,0.0043174,0.15156,-0.067839,0.031187,-0.23867,-0.22632,-0.10004,184,184,8906,15,1003.9
28.132,0.0014466,0.011513,8913,0.027306,1.3761,0.0033878,0.023777,0.00071854,0.0022171,-0.00025774,1,2,0.38822,99.249,0.6,0,0,-0.0017166,-0.010491,0.0013352,0.10586,-0.099302,0.012601,0.00095369,0.010872,-0.0040055,0.10357,-0.090254,0.0046438,-0.0029719,-0.0055222,0.0096187,-0.0042982,-0.0021872,0.014484,0.0034227,-0.0031569,-0.0076865,0.0034808,0.0031997,0.021531,1.0473,3.5714,0.011502,-1.1343,2.6231,-1.6655,0.76799,-3.5714,0.79363,0.3781,-0.35549,-0.12808,0.098868,-0.031864,0.047798,-0.095099,-0.06926,0.0058488,0.13655,-0.074729,0.032247,-0.24616,-0.26023,-0.088012,184,184,8916,15,1003.9
28.153,0.001896,0.012441,8921,0.020945,1.3758,0.0033862,0.023773,0.00065588,0.00080228,-0.00058869,1,2,0.42911,99.243,0.6,0,0,-0.0017166,-0.010491,0.0013352,0.10586,-0.099302,0.012601,0.00095369,0.010872,-0.0040055,0.10357,-0.090254,0.0046438,-0.0068377,-0.0055821,0.012197,-0.0052402,-0.0020656,0.0045724,0.0052397,-0.0065374,0.0037216,0.0064649,0.006992,-0.0089733,1.8851,3.6447,-0.057509,-0.31993,3.1032,-1.8745,-1.0473,-3.9377,0.77062,0.66894,0.024136,0.24652,0.11278,-0.03604,0.043755,-0.14449,-0.068607,0.019584,0.13199,-0.067488,0.032023,-0.26724,-0.27348,-0.067732,184,184,8924,15,1003.9
28.171,0.0017387,0.009769,8928,0.017586,1.3763,0.0033781,0.023782,-0.00046194,-0.00026355,-0.00092757,1,2,0.46934,99.248,0.6,0,0,-0.0017166,-0.010491,0.0013352,0.10586,-0.099302,0.012601,0.00095369,0.010872,-0.0040055,0.10357,-0.090254,0.0046438,-0.00083818,0.0072098,-0.0058776,-0.0014505,0.0041308,0.013054,0.0040011,-0.0066444,0.005572,-0.00081535,0.0014578,0.01374,-0.069817,3.6813,-0.26454,-0.49443,3.6026,-1.8925,-0.62835,-3.7912,0.90864,0.3781,-0.079744,0.059073,0.11586,-0.028511,0.028233,-0.18439,-0.077778,0.05025,0.13909,-0.047185,0.028077,-0.28272,-0.25409,-0.010677,184,184,8930,15,1003.9
28.194,0.0014607,0.01119,8937,0.023435,1.3757,0.0033544,0.023775,0.0012663,0.0006642,0.001034,1,2,0.51281,99.248,0.6,0,0,-0.0017166,-0.010491,0.0013352,0.10586,-0.099302,0.012601,0.00095369,0.010872,-0.0040055,0.10357,-0.090254,0.0046438,-0.00448,-0.0059002,0.0013097,-0.002824,0.0023162,0.0054992,0.0086355,-0.0053848,-0.00010162,-0.0054574,-0.0019191,0.01905,-0.069817,3.5714,0.12652,-1.1343,2.9014,-1.3655,-0.069817,-3.4982,1.0237,1.1343,0.031541,0.11661,0.12176,0.01575,-0.013526,-0.25113,-0.11191,0.098141,0.14554,-0.0071273,0.014997,-0.24772,-0.20115,0.080099,184,184,8940,15,1003.9
28.214,0.0013734,0.013134,8944,0.019954,1.3753,0.0033471,0.023769,-0.0015159,-0.00038305,-0.00054541,1,2,0.54865,99.245,0.6,0,0,-0.0017166,-0.010491,0.0013352,0.10586,-0.099302,0.012601,0.00095369,0.010872,-0.0040055,0.10357,-0.090254,0.0046438,-0.0093509,-0.0047015,0.00364,-0.0076561,-0.0026558,0.015447,0.012411,-0.002912,0.00097178,-0.0054444,0.0017552,0.012139,0.34908,3.5714,-0.37956,-0.14542,3.3029,-1.8682,0.48872,-3.6081,0.88564,0.029084,0.43959,0.3276,0.14005,0.12466,-0.086644,-0.36543,-0.18923,0.18452,0.14264,0.038857,0.011448,-0.029529,-0.13231,0.089509,184,184,8948,15,1003.9
28.234,0.0021552,0.013115,8951,0.019862,1.3756,0.0033673,0.023771,0.00040517,0.00078378,-0.0015834,1,2,0.58976,99.249,0.6,0,0,-0.0017166,-0.010491,0.0013352,0.10586,-0.099302,0.012601,0.00095369,0.010872,-0.0040055,0.10357,-0.090254,0.0046438,-0.012141,-0.0088772,0.010925,-0.008729,-0.0044077,0.016543,0.0030221,-0.0058199,0.00051482,0.0033129,0.0057079,0.012019,1.0473,3.6813,0.080513,-0.49443,2.7625,-1.5827,0.20945,-3.4249,0.79363,0.84344,-0.19103,0.001532,0.16372,0.18749,-0.081458,-0.43898,-0.26787,0.23246,0.072434,0.052683,-0.0013595,0.22959,-0.15195,0.0019606,184,184,8955,15,1003.9
28.251,0.0013536,0.010506,8959,0.01729,1.3747,0.0033488,0.023758,-0.00048684,-0.00058204,0.00053314,1,2,0.62819,99.255,0.6,0,0,-0.0017166,-0.010491,0.0013352,0.10586,-0.099302,0.012601,0.00095369,0.010872,-0.0040055,0.10357,-0.090254,0.0046438,-0.0029651,-0.00372,0.0036896,-0.0033963,-0.0043438,0.013306,0.0088061,-0.0053396,-0.00028959,0.0069468,-0.006888,-0.0041082,1.0473,3.0586,0.011502,-0.3781,3.4011,-1.4731,-0.90762,-3.4249,0.77062,-0.31993,0.12428,0.16456,0.17088,0.1545,-0.026077,-0.3782,-0.19568,0.2049,-0.0034306,0.064608,-0.013457,0.2899,-0.2233,-0.024619,184,184,8962,15,1003.9
28.274,0.001243,0.012336,8968,0.022672,1.3745,0.0033553,0.023754,0.001384,-0.00084564,-0.00070105,1,2,0.66963,99.243,0.6,0,0,-0.0017166,-0.010491,0.0013352,0.10586,-0.099302,0.012601,0.00095369,0.010872,-0.0040055,0.10357,-0.090254,0.0046438,-0.010102,0.00091996,0.006211,-0.0032933,-0.0017078,0.0097992,0.0035046,-0.0026076,0.0025708,0.011454,0.0032076,0.0007415,1.4662,3.7546,-0.33355,-0.49443,3.2029,-1.8154,0.48872,-3.2418,1.2537,0.49443,0.27513,0.19798,0.18877,0.12842,-0.019494,-0.35245,-0.18241,0.19548,-0.036712,0.070732,-0.026059,0.30082,-0.23192,-0.029512,184,184,8972,15,1003.9
28.292,0.0012214,0.011607,8976,0.01852,1.3748,0.0033392,0.023762,-0.00030043,4.7753e-06,-0.00017399,1,2,0.7081,99.244,0.6,0,0,-0.0017166,-0.010491,0.0013352,0.10586,-0.099302,0.012601,0.00095369,0.010872,-0.0040055,0.10357,-0.090254,0.0046438,-0.007804,-0.0094207,0.0061632,-0.0076404,0.00070162,0.0072066,0.013023,-0.0056076,0.0059466,0.0053775,-0.011236,-0.0014465,-0.069817,3.9011,-0.24154,-0.49443,2.9025,-1.6343,-0.62835,-3.4249,0.67861,0.31993,-0.30972,0.073902,0.19126,0.094765,-0.0089324,-0.32633,-0.17974,0.17345,-0.043388,0.077043,-0.028384,0.26817,-0.22263,-0.036535,184,184,8980,15,1003.9
28.321,0.0015538,0.010497,8986,0.028714,1.374,0.0033453,0.023747,-0.00051073,-0.00079084,0.00092847,1,2,0.76832,99.256,0.6,0,0,-0.0017166,-0.010491,0.0013352,0.10586,-0.099302,0.012601,0.00095369,0.010872,-0.0040055,0.10357,-0.090254,0.0046438,2.4836e-05,-0.00057981,0.0086041,-0.015661,0.00083242,0.015504,0.0056181,-0.0047227,0.0010184,0.005682,-0.0016967,0.0022936,1.8851,3.4615,-0.14952,-0.31993,2.9038,-1.9255,0.76799,-3.6447,0.88564,0.66894,-0.27015,0.049779,0.17703,0.038879,0.0085754,-0.28843,-0.20691,0.13212,-0.021227,0.096867,-0.033053,0.16886,-0.18548,-0.040819,184,184,8988,15,1003.9
28.331,0.0013556,0.0095502,8990,0.0098611,1.3757,0.0033482,0.023775,0.0011537,0.00034183,0.00010995,1,2,0.78964,99.254,0.6,0,0,-0.0017166,-0.010491,0.0013352,0.10586,-0.099302,0.012601,0.00095369,0.010872,-0.0040055,0.10357,-0.090254,0.0046438,-0.011926,-0.0010327,0.0072891,-0.0079844,-0.00061897,0.0076386,0.0063414,-0.0076454,0.0055073,0.00082954,0.0011082,0.010101,0.76799,3.5714,-0.011502,-0.14542,2.7036,-1.8198,0.20945,-3.7179,0.77062,1.0179,0.23556,0.2221,0.15625,0.028351,0.0032932,-0.28639,-0.24227,0.10938,0.020942,0.10729,-0.028978,0.098021,-0.15081,-0.035493,184,184,8992,15,1003.9
28.355,0.0012145,0.0144,8998,0.023726,1.3776,0.0033416,0.023811,-0.0009178,0.00079081,-0.00035258,1,2,0.82711,99.256,0.6,0,0,-0.0017166,-0.010491,0.0013352,0.10586,-0.099302,0.012601,0.00095369,0.010872,-0.0040055,0.10357,-0.090254,0.0046438,-0.0098964,-0.0094636,0.010957,-0.0067093,-0.004429,0.0077302,-0.0023902,-0.0043688,0.0086623,0.0048273,0.0030986,0.018525,0.34908,3.8278,-0.057509,-0.84344,2.8425,-1.6026,-0.62835,-3.4982,0.70161,0.66894,-0.13785,0.073606,0.13178,0.013764,0.0029092,-0.28462,-0.28337,0.079232,0.060418,0.11143,-0.021867,0.0064458,-0.12891,-0.030548,184,184,9003,15,1003.9
28.37,0.0012951,0.0095154,9006,0.015534,1.3754,0.003333,0.023773,0.0007475,0.0019293,0.0015748,1,2,0.86804,99.261,0.6,0,0,-0.0017166,-0.010491,0.0013352,0.10586,-0.099302,0.012601,0.00095369,0.010872,-0.0040055,0.10357,-0.090254,0.0046438,-0.0037044,-0.0030301,0.0037494,-0.0015327,0.00075799,0.0070391,0.015003,-0.0079591,0.0073368,-0.00020915,0.0040412,0.0083219,0.34908,3.5714,0.10352,-0.84344,2.703,-1.663,-0.34908,-3.6447,0.79363,0.3781,-0.77714,-0.43526,0.10684,0.0067484,-0.0025912,-0.28769,-0.32831,0.05269,0.097222,0.11319,-0.012047,-0.094049,-0.13575,-0.025683,184,184,9008,15,1003.9
28.392,0.0014316,0.011906,9014,0.022059,1.3754,0.0032992,0.023777,-0.0023722,0.00015764,-0.00090561,1,2,0.9076,99.259,0.6,0,0,-0.0017166,-0.010491,0.0013352,0.10586,-0.099302,0.012601,0.00095369,0.010872,-0.0040055,0.10357,-0.090254,0.0046438,-0.005007,-0.0062252,0.0014359,-0.0064069,-0.0020413,0.010608,0.0020266,-0.0043312,0.0042895,0.0020589,0.0034105,0.0094033,-0.48872,3.4982,-0.10352,-0.31993,2.6629,-1.6418,-0.069817,-3.7912,0.90864,0.49443,0.30235,0.39038,0.088452,-0.008188,-0.0087758,-0.29666,-0.34297,0.019073,0.11876,0.11204,0.0072309,-0.17597,-0.16005,-0.0443,184,184,9017,15,1003.9
28.412,0.0013178,0.011234,9021,0.019737,1.3751,0.0032824,0.023775,-0.00025811,0.00061358,-0.0017188,1,2,0.94818,99.263,0.6,0,0,-0.0017166,-0.010491,0.0013352,0.10586,-0.099302,0.012601,0.00095369,0.010872,-0.0040055,0.10357,-0.090254,0.0046438,-0.013063,-0.0091265,-0.00098967,-0.0061326,-0.0013193,0.0093435,0.011314,-0.0057208,-0.0032716,0.0041337,0.010527,0.012678,1.4662,3.4615,-0.080513,-0.49443,3.5625,-1.8489,-0.90762,-3.7546,0.90864,0.84344,-0.042649,0.078253,0.08849,-0.02688,-0.0088485,-0.30259,-0.30964,-0.026857,0.12296,0.10109,0.031973,-0.22655,-0.17841,-0.095115,184,184,9024,15,1003.9
28.433,0.0012244,0.012662,9029,0.020833,1.3734,0.0032923,0.023744,2.4309e-05,-0.0011661,-0.00023656,1,2,0.98693,99.258,0.6,0,0,-0.0017166,-0.010491,0.0013352,0.10586,-0.099302,0.012601,0.00095369,0.010872,-0.0040055,0.10357,-0.090254,0.0046438,-0.0019654,-0.0040541,0.0049717,-0.00108,0.00042961,0.012253,0.0060774,-0.004724,-0.0026785,-0.0016964,-0.0003992,0.0063982,-0.48872,3.5714,-0.26454,-0.14542,2.564,-1.8577,-0.62835,-3.6081,0.90864,1.0179,0.18239,0.15003,0.099148,-0.040671,-0.0035532,-0.26227,-0.25301,-0.078771,0.13027,0.060853,0.067591,-0.27871,-0.18538,-0.1546,184,184,9033,15,1003.9
28.451,0.0012404,0.0099159,9038,0.017907,1.3742,0.0032523,0.023763,-0.001603,0.00022373,0.00030879,1,2,0.028255,99.264,0.6,0,0,-0.0017166,-0.010491,0.0013352,0.10586,-0.099302,0.012601,0.00095369,0.010872,-0.0040055,0.10357,-0.090254,0.0046438,-0.0027909,-0.0026711,0.0040111,-0.003066,0.00045903,0.0097475,0.0069959,-0.0036031,0.0056661,0.00068117,0.0036608,0.0088463,1.8851,3.6081,0.080513,-0.84344,3.1828,-1.8048,0.76799,-3.6447,0.90864,0.84344,0.47294,0.077364,0.10822,-0.041344,0.011686,-0.071579,-0.18202,-0.091691,0.15723,-0.05302,0.11924,-0.33442,-0.19079,-0.22132,184,184,9040,15,1003.9
28.474,0.0012351,0.013132,9047,0.023718,1.3736,0.0032238,0.023756,-0.0013011,-9.3181e-05,-0.00047707,1,2,0.069277,99.262,0.6,0,0,-0.0017166,-0.010491,0.0013352,0.10586,-0.099302,0.012601,0.00095369,0.010872,-0.0040055,0.10357,-0.090254,0.0046438,-0.0095914,0.00016896,0.0043847,-0.003163,0.0017391,0.0057769,0.019483,-0.0017733,-0.0064035,0.0053238,0.0074475,0.012885,-0.069817,3.4249,-0.35656,-0.31993,3.0833,-1.8863,0.34908,-3.4982,0.54059,0.84344,0.15891,0.22705,0.073489,0.002282,0.021528,0.22527,-0.1205,-0.013427,0.19381,-0.17996,0.12179,-0.35098,-0.20648,-0.24454,184,184,9051,15,1003.9
28.494,0.0015357,0.012842,9054,0.019174,1.3728,0.003215,0.023743,-0.00077056,-0.00059988,0.0015315,1,2,0.10867,99.263,0.6,0,0,-0.0017166,-0.010491,0.0013352,0.10586,-0.099302,0.012601,0.00095369,0.010872,-0.0040055,0.10357,-0.090254,0.0046438,-0.0039463,-0.0038126,0.0061143,-0.0026621,0.00068643,0.0094296,0.0096704,-0.0024399,0.0031109,0.0017375,0.0032886,0.0049239,0.34908,3.3516,-0.44857,-0.95978,3.0027,-1.7096,0.76799,-3.4249,0.88564,0.49443,0.29614,0.16427,-0.013504,0.028322,0.031169,0.32612,-0.20018,0.022849,0.20747,-0.19673,0.084672,-0.29686,-0.17815,-0.24932,184,184,9057,15,1003.9
28.519,0.0016629,0.017751,9061,0.025158,1.3738,0.0032202,0.02376,-0.0012913,-0.0010465,0.00042774,1,2,0.14952,99.263,0.6,0,0,-0.0017166,-0.010491,0.0013352,0.10586,-0.099302,0.012601,0.00095369,0.010872,-0.0040055,0.10357,-0.090254,0.0046438,-0.0089384,-0.0053196,0.015061,-0.002882,-0.0016166,0.0088282,-0.00058078,-0.0023915,0.006729,0.0033087,0.0050456,-0.0034211,0.62835,3.6447,-0.011502,-0.3781,3.0622,-1.6069,-0.069817,-3.6447,0.77062,1.0179,0.098326,0.28488,-0.056755,0.032921,0.048087,0.36197,-0.20948,0.027624,0.20668,-0.17973,0.063388,-0.26305,-0.15426,-0.25448,184,184,9064,15,1003.9
28.532,0.0016238,0.010973,9067,0.013179,1.3735,0.0032183,0.023755,0.0011415,0.00014354,-0.00075348,1,2,0.18931,99.263,0.6,0,0,-0.0017166,-0.010491,0.0013352,0.10586,-0.099302,0.012601,0.00095369,0.010872,-0.0040055,0.10357,-0.090254,0.0046438,-0.0021183,-0.0070456,0.0063629,-0.0064692,0.0023905,0.0027413,0.0028892,-0.0048437,0.00047274,0.0047765,0.0016678,0.021512,-0.069817,4.011,-0.40256,-0.029084,2.9421,-1.5435,-0.34908,-3.7912,1.0237,0.49443,-0.11811,-0.27282,-0.068803,0.031215,0.053439,0.34328,-0.20451,0.026759,0.20512,-0.1516,0.049246,-0.24711,-0.14489,-0.24329,184,184,9069,15,1003.9
28.553,0.0013399,0.012561,9074,0.020697,1.3721,0.0032034,0.023732,0.00057688,-0.00031316,-0.00032679,1,2,0.22694,99.268,0.6,0,0,-0.0017166,-0.010491,0.0013352,0.10586,-0.099302,0.012601,0.00095369,0.010872,-0.0040055,0.10357,-0.090254,0.0046438,-0.006833,-0.0035222,0.0051908,-0.014827,0.00092003,0.0068078,0.014604,-0.0046228,0.00047271,0.0087211,-0.0029559,0.0089852,0.34908,3.7912,-0.19553,-0.49443,2.4879,-1.4376,-0.20945,-3.2784,1.0237,0.84344,-0.092085,0.27559,-0.05635,0.023584,0.054959,0.2914,-0.18714,0.02215,0.20219,-0.11739,0.03984,-0.24352,-0.1432,-0.21555,184,184,9077,15,1003.9
28.571,0.0015601,0.010444,9082,0.018864,1.3714,0.0031686,0.023725,-0.0017113,0.0010331,-0.00050027,1,2,0.26944,99.264,0.6,0,0,-0.0017166,-0.010491,0.0013352,0.10586,-0.099302,0.012601,0.00095369,0.010872,-0.0040055,0.10357,-0.090254,0.0046438,-0.001091,-0.01125,0.011981,-0.0031626,-0.0006674,0.011129,0.0062072,-0.0077261,0.0084292,0.0081363,-0.00087603,-0.00066581,1.4662,3.7546,-0.057509,-0.14542,3.2023,-1.681,-0.62835,-3.5714,0.77062,0.3781,0.052557,0.0829,-0.02427,0.011652,0.053762,0.20585,-0.15973,0.015588,0.19389,-0.079688,0.031967,-0.24285,-0.1513,-0.17082,184,184,9084,15,1003.9
28.591,0.0014029,0.010281,9089,0.019696,1.3722,0.0031558,0.023741,-0.0010651,0.0010184,0.00050572,1,2,0.30884,99.265,0.6,0,0,-0.0017166,-0.010491,0.0013352,0.10586,-0.099302,0.012601,0.00095369,0.010872,-0.0040055,0.10357,-0.090254,0.0046438,-0.0049114,-0.0072115,0.0054861,0.00016779,-0.00011588,0.012096,0.0049563,-0.0051325,0.0047956,0.0029238,-0.00125,0.0085084,-0.48872,3.7912,-0.24154,-0.49443,2.2525,-1.4473,-0.62835,-3.4982,0.90864,0.029084,0.16384,0.14044,0.01697,-0.0015289,0.04956,0.10535,-0.12308,0.0092169,0.17685,-0.063355,0.03038,-0.24166,-0.17886,-0.12928,184,184,9091,15,1003.9
28.609,0.0015908,0.0088248,9096,0.017576,1.3721,0.0031534,0.023739,-0.00022939,0.00019677,0.00037388,1,2,0.3471,99.271,0.6,0,0,-0.0017166,-0.010491,0.0013352,0.10586,-0.099302,0.012601,0.00095369,0.010872,-0.0040055,0.10357,-0.090254,0.0046438,-0.010005,-0.0082261,0.0016694,-0.0039135,-0.0029289,0.011692,0.0021621,-0.0090015,0.0048533,0.0010533,0.0010914,0.0065236,1.4662,3.6081,-0.011502,-0.66894,3.2418,-1.5677,-0.34908,-3.7179,0.77062,1.1343,0.15891,0.22705,0.060615,-0.01494,0.045572,-0.0031477,-0.085212,0.0063977,0.15445,-0.065323,0.029417,-0.2378,-0.21931,-0.10148,184,184,9097,15,1003.9
28.632,0.0013518,0.010664,9104,0.022818,1.3719,0.0031355,0.023738,-0.0011711,0.00058689,0.0014412,1,2,0.38875,99.268,0.6,0,0,-0.0017166,-0.010491,0.0013352,0.10586,-0.099302,0.012601,0.00095369,0.010872,-0.0040055,0.10357,-0.090254,0.0046438,-0.010435,-0.011672,0.012429,-0.00097581,-0.0015099,0.01184,0.005871,-0.0029231,-0.0042152,-0.0022598,0.005635,0.019014,0.34908,3.6813,-0.33355,-0.66894,2.6075,-1.3667,0.76799,-3.6447,0.6556,0.31993,-0.34434,0.011418,0.095229,-0.031753,0.048193,-0.090868,-0.069109,0.0079643,0.1377,-0.074988,0.031297,-0.24608,-0.25714,-0.088016,184,184,9106,15,1003.9
28.646,0.0012436,0.0057378,9111,0.014391,1.3718,0.003153,0.023735,0.0015005,0.00068142,-0.0016567,1,2,0.42714,99.266,0.6,0,0,-0.0017166,-0.010491,0.0013352,0.10586,-0.099302,0.012601,0.00095369,0.010872,-0.0040055,0.10357,-0.090254,0.0046438,-0.0020777,-0.005057,0.0029764,-0.0062198,-0.0022227,0.012468,0.003334,-0.003326,-0.0032213,0.0002214,0.00015702,0.011751,0.34908,3.5714,-0.14952,-0.78527,2.962,-1.5317,-0.62835,-3.8278,0.67861,1.0179,0.41857,0.36131,0.11236,-0.03636,0.0444,-0.14211,-0.068525,0.019425,0.13205,-0.068384,0.032032,-0.26657,-0.27379,-0.06864,184,184,9113,15,1003.9
28.673,0.0013435,0.012548,9119,0.026713,1.3702,0.0031464,0.023707,-0.00021637,-0.0013258,-0.0019137,1,2,0.46692,99.267,0.6,0,0,-0.0017166,-0.010491,0.0013352,0.10586,-0.099302,0.012601,0.00095369,0.010872,-0.0040055,0.10357,-0.090254,0.0046438,0.001522,-0.0067946,-0.0024989,-0.0076297,0.0017787,0.017297,0.0046858,-0.005463,0.0044579,0.00049298,0.0040458,0.013324,0.34908,3.8278,-0.24154,-0.20359,3.1233,-1.8851,1.0473,-3.4982,0.90864,0.84344,0.74375,0.35113,0.11577,-0.028998,0.029116,-0.182,-0.077088,0.048497,0.13844,-0.048906,0.02843,-0.28199,-0.25553,-0.014916,184,184,9122,15,1003.9
28.692,0.0016238,0.011989,9126,0.019123,1.371,0.003126,0.023723,-0.00018847,0.00049279,-0.00026579,1,2,0.507,99.273,0.6,0,0,-0.0017166,-0.010491,0.0013352,0.10586,-0.099302,0.012601,0.00095369,0.010872,-0.0040055,0.10357,-0.090254,0.0046438,-0.0029583,-0.0082782,-0.0048999,-0.0053359,-0.00017336,0.0096703,0.0024786,-0.0061679,0.0074707,0.00056442,0.01058,0.014884,1.4662,3.6813,-0.14952,-0.31993,2.6629,-1.6418,0.48872,-3.5348,0.90864,0.029084,0.031541,0.11661,0.12074,0.0086097,-0.007924,-0.24265,-0.10858,0.091222,0.14517,-0.012566,0.016507,-0.25585,-0.20785,0.069643,184,184,9129,15,1003.9
28.713,0.0013541,0.011957,9134,0.020835,1.3711,0.0031245,0.023725,0.00075178,0.00057486,0.00087153,1,2,0.54822,99.271,0.6,0,0,-0.0017166,-0.010491,0.0013352,0.10586,-0.099302,0.012601,0.00095369,0.010872,-0.0040055,0.10357,-0.090254,0.0046438,-0.0062258,-0.0003453,0.0030351,-0.01016,0.0015203,0.0050831,0.0084903,0.00059722,0.0025329,0.00096711,0.0024221,0.010368,-0.48872,3.5714,-0.12652,-0.61077,2.604,-1.8789,-1.0473,-3.6081,0.6326,1.3088,0.82288,0.30288,0.13819,0.11666,-0.082483,-0.35535,-0.18002,0.1784,0.14421,0.037106,0.011848,-0.051363,-0.13667,0.098315,184,184,9137,15,1003.9
28.731,0.0014387,0.0085195,9142,0.017955,1.3692,0.0031233,0.023692,-0.00041143,-0.0020924,0.00048587,1,2,0.5912,99.272,0.6,0,0,-0.0017166,-0.010491,0.0013352,0.10586,-0.099302,0.012601,0.00095369,0.010872,-0.0040055,0.10357,-0.090254,0.0046438,-0.0035924,-0.0076315,0.0065858,-0.0043746,-8.4431e-06,0.01425,0.0056719,-0.0034395,0.0021077,0.0067787,0.00058905,0.0039316,0.34908,3.8278,-0.42557,-0.84344,3.8015,-1.707,-0.069817,-3.6081,0.88564,0.66894,0.34064,0.053537,0.16346,0.18827,-0.085,-0.44097,-0.26797,0.23363,0.078716,0.0526,-0.00084973,0.22608,-0.14806,0.0050156,184,184,9143,15,1003.9
28.745,0.0013129,0.0042542,9149,0.014049,1.3692,0.0031095,0.023694,-0.00022531,0.001017,0.00054104,1,2,0.62758,99.274,0.6,0,0,-0.0017166,-0.010491,0.0013352,0.10586,-0.099302,0.012601,0.00095369,0.010872,-0.003624,0.10357,-0.090254,0.0046438,0.0014114,0.0010655,0.0067012,-0.012809,-0.002137,0.0073357,0.002827,-0.0037006,0.0032588,0.0067884,0.0028793,0.026176,1.4662,3.6081,-0.42557,-0.14542,2.8425,-1.6026,-0.20945,-3.3516,0.90864,1.0179,0.18239,0.15003,0.17035,0.15499,-0.026052,-0.3791,-0.19644,0.20509,-0.0017003,0.064039,-0.012314,0.28815,-0.22267,-0.024336,184,184,9150,15,1003.9
28.772,0.0013384,0.011164,9157,0.027381,1.3684,0.0030619,0.023686,-0.0021519,0.0019014,0.0010239,1,2,0.6685,99.273,0.6,0,0,-0.0017166,-0.010491,0.0013352,0.10586,-0.099302,0.012601,0.00095369,0.010872,-0.0040055,0.10357,-0.090254,0.0046438,-0.0039873,-0.0035031,-0.0022205,-0.011045,0.00045891,0.0043339,0.006639,-0.0042974,0.0022322,0.0030646,0.003916,0.014002,-0.48872,3.5714,-0.057509,-0.49443,3.2429,-1.8365,-0.069817,-3.4982,1.0237,0.84344,-0.066133,0.15527,0.18913,0.12837,-0.02029,-0.35318,-0.18296,0.19527,-0.036223,0.070818,-0.026229,0.30072,-0.23152,-0.028853,184,184,9160,15,1003.9
28.792,0.0013419,0.010125,9166,0.019956,1.369,0.0030622,0.023697,0.00024229,-0.00012,0.00027614,1,2,0.71061,99.277,0.6,0,0,-0.0017166,-0.010491,0.0013352,0.10586,-0.099302,0.012601,0.00095369,0.010872,-0.0040055,0.10357,-0.090254,0.0046438,-0.0083388,-0.0033957,0.0067961,-0.010343,-0.00083432,0.0068352,0.0040022,-0.007177,0.0042175,0.006139,0.0066535,0.0044857,1.0473,3.8645,-0.057509,-0.66894,2.783,-1.7053,-0.20945,-3.315,1.0237,0.49443,-0.29117,0.083492,0.19046,0.092298,-0.0075302,-0.325,-0.17956,0.17218,-0.042337,0.077416,-0.028123,0.26497,-0.22182,-0.036914,184,184,9168,15,1003.9
28.812,0.0012514,0.010863,9173,0.019537,1.3697,0.003062,0.02371,-0.00028922,0.00034819,-0.0014059,1,2,0.74798,99.277,0.6,0,0,-0.0017166,-0.010491,0.0013352,0.10586,-0.099302,0.012601,0.00095369,0.010872,-0.0040055,0.10357,-0.090254,0.0046438,-0.0043457,-0.010239,0.0086996,-0.0019164,-0.001088,0.0080269,0.0068503,-0.0019052,-0.0005124,0.0037621,0.0080584,0.012327,0.34908,3.6081,0.057509,-0.49443,3.2623,-1.7127,-0.62835,-3.6081,0.90864,0.49443,0.25411,0.23169,0.18259,0.058645,-2.4512e-06,-0.30331,-0.19942,0.14581,-0.026428,0.090802,-0.031959,0.20241,-0.19348,-0.039171,184,184,9176,15,1003.9
28.829,0.0015082,0.0095968,9181,0.017965,1.3694,0.003054,0.023705,0.000943,1.1091e-05,-0.0013287,1,2,0.78701,99.273,0.6,0,0,-0.0017166,-0.010491,0.0013352,0.10586,-0.099302,0.012601,0.00095369,0.010872,-0.0040055,0.10357,-0.090254,0.0046438,-0.0075614,-0.0041315,-0.00020715,-0.0025831,-0.0010122,0.008164,0.0071173,-0.0066448,0.0033896,0.003927,-0.00064975,0.01551,-0.48872,3.5714,-0.057509,-0.66894,3.0643,-2.1221,-0.069817,-3.8278,0.67861,1.0179,0.12428,0.16456,0.16205,0.027368,0.0066891,-0.28421,-0.23284,0.1132,0.0078311,0.10538,-0.031075,0.1136,-0.15963,-0.037914,184,184,9183,15,1003.9
28.851,0.0012303,0.0098398,9190,0.021403,1.3696,0.0030406,0.02371,-0.0015139,0.00030537,0.0010687,1,2,0.82877,99.276,0.6,0,0,-0.0017166,-0.010491,0.0013352,0.10586,-0.099302,0.012601,0.00095369,0.010872,-0.0040055,0.10357,-0.090254,0.0046438,-0.0016096,-0.0057007,0.0065171,0.00096204,-0.0018922,0.011117,0.0028676,-0.0036697,0.0072396,0.00961,0.0081504,0.01601,1.0473,3.7912,-0.24154,-0.3781,2.8821,-1.5117,0.76799,-3.5348,1.2307,0.66894,0.4606,0.29388,0.13524,0.012466,0.0048353,-0.28174,-0.27998,0.081053,0.052283,0.11235,-0.02594,0.01171,-0.13135,-0.029921,184,184,9192,15,1003.9
28.871,0.0014358,0.0094952,9199,0.020507,1.3691,0.0030487,0.023701,0.000204,-0.0007614,-0.00096653,1,2,0.87085,99.276,0.6,0,0,-0.0017166,-0.010491,0.0013352,0.10586,-0.099302,0.012601,0.00095369,0.010872,-0.0040055,0.10357,-0.090254,0.0046438,-0.0016072,-0.0096529,0.002462,-0.001184,-0.0023253,0.0096918,0.0030254,-0.0066527,-0.0034228,0.0083948,-0.0099016,-0.0015099,-0.069817,3.7179,-0.12652,-0.3781,2.7825,-1.5709,0.48872,-3.6447,0.56359,0.49443,0.050089,0.1262,0.10695,0.006122,-0.0023278,-0.28882,-0.32924,0.051566,0.094223,0.11466,-0.014376,-0.093704,-0.13646,-0.026181,184,184,9199,15,1003.9
28.893,0.0014319,0.012388,9202,0.021909,1.3689,0.0030543,0.023695,-0.00012317,-0.00069657,-0.00070198,1,2,0.90865,99.277,0.6,0,0,-0.0017166,-0.010491,0.0013352,0.10586,-0.099302,0.012601,0.00095369,0.010872,-0.0040055,0.10357,-0.090254,0.0046438,-0.0050768,-0.0036023,0.0014344,2.7733e-05,0.0010366,0.0085053,0.012361,-0.0040612,-0.0045053,0.0070695,-0.0078685,-0.0077739,-0.069817,3.4982,-0.011502,-0.31993,2.3684,-1.5085,-0.34908,-3.4249,1.0007,1.0179,0.27513,0.19798,0.088493,-0.0089041,-0.0084265,-0.29616,-0.34273,0.017914,0.11843,0.11224,0.0065115,-0.17637,-0.16013,-0.044805,184,184,9205,15,1003.9
28.912,0.0013317,0.010977,9209,0.018394,1.3695,0.0030475,0.023708,-0.00058725,0.00024228,0.0011515,1,2,0.94827,99.279,0.6,0,0,-0.0017166,-0.010491,0.0013352,0.10586,-0.099302,0.012601,0.00095369,0.010872,-0.0040055,0.10357,-0.090254,0.0046438,-0.00662,-0.0080478,0.0098092,-0.007632,-0.0016557,0.0088199,0.00056433,-0.0014779,-0.00080037,-0.0051392,-0.0025632,0.010678,0.34908,3.4982,-0.14952,-0.66894,2.6034,-1.7445,0.76799,-3.4982,0.90864,1.1343,0.21455,0.25582,0.088615,-0.026862,-0.0087104,-0.30281,-0.30904,-0.028113,0.12289,0.10104,0.031965,-0.22674,-0.17814,-0.095276,184,184,9211,15,1003.9
28.925,0.0013224,0.0038373,9215,0.012917,1.3698,0.0030341,0.023714,-0.0015556,-8.1533e-05,0.0020939,1,2,0.98833,99.274,0.6,0,0,-0.0017166,-0.010491,0.0013352,0.10586,-0.099302,0.012601,0.00095369,0.010872,-0.0040055,0.10357,-0.090254,0.0046438,-0.0085925,0.001186,0.0086509,-0.0029285,0.0012966,0.0059555,0.0012844,-0.0037132,0.0010209,0.0023103,-0.0027662,0.010458,1.0473,3.9377,0.080513,-0.78527,2.8825,-1.6237,-0.20945,-3.7546,0.6326,1.0179,-0.072339,-0.070838,0.09914,-0.041239,-0.0034808,-0.26091,-0.25271,-0.080788,0.13056,0.059845,0.068323,-0.28011,-0.18537,-0.15597,184,184,9216,15,1003.9
28.945,0.0013586,0.0044038,9222,0.020053,1.3711,0.0030703,0.023733,0.0025241,0.0010366,-0.00084756,1,2,0.027396,99.276,0.6,0,0,-0.0017166,-0.010491,0.0013352,0.10586,-0.099302,0.012601,0.00095369,0.010872,-0.0040055,0.10357,-0.090254,0.0046438,-0.0042908,-0.0050581,0.0056111,-0.0029947,-0.0009829,0.014509,0.010546,-0.0061571,0.0098955,-0.00040022,0.010098,0.022368,-0.48872,3.2784,-0.10352,-0.31993,2.4633,-1.6704,-0.20945,-3.4249,0.90864,0.20359,0.038946,-0.013297,0.10826,-0.041068,0.011651,-0.070833,-0.18107,-0.091088,0.15733,-0.053464,0.11942,-0.33478,-0.19139,-0.22106,184,184,9223,15,1003.9
28.987,0.0071507,0.015161,9232,0.042643,1.3682,0.0030802,0.023681,0.0014062,-0.00043177,-0.00021044,1,2,0.10261,99.221,0.6,0,0,-0.0017166,-0.010491,0.0013352,0.10586,-0.099302,0.012601,0.00095369,0.010872,-0.0040055,0.10357,-0.090254,0.0046438,-0.0083847,-0.0078629,0.0021159,-0.0011921,0.0035516,0.011583,0.0047611,-0.0014542,0.0070427,0.0010722,0.0023012,0.0084119,0.34908,3.2784,0.057509,-1.1343,2.8029,-1.6934,1.4662,-3.8278,0.90864,1.0179,0.31473,0.50823,0.071615,0.0042345,0.026289,0.25953,-0.13118,-0.014458,0.19901,-0.17932,0.11553,-0.34807,-0.20283,-0.24907,184,184,9234,15,1003.9
29.004,0.0012148,0.010261,9237,0.016198,1.3698,0.0030668,0.02371,0.00016251,0.00051432,-0.0001181,1,2,0.13313,99.219,0.6,0,0,-0.0017166,-0.010491,0.0013352,0.10586,-0.099302,0.012601,0.00095369,0.010872,-0.0040055,0.10357,-0.090254,0.0046438,-0.0077688,-0.0098084,-0.0012458,-0.0057344,-0.0023716,0.0098783,0.0080602,0.0017229,-0.0031443,0.0083133,0.0079299,0.0046214,1.8851,3.9744,-0.33355,-0.31993,2.3304,-1.4661,-0.069817,-3.6447,0.6556,0.49443,-0.28377,-0.046419,-0.023315,0.029965,0.036409,0.33635,-0.20844,0.021949,0.20804,-0.18756,0.075113,-0.28714,-0.16963,-0.25138,184,184,9239,15,1003.9
29.013,0.0012633,0.0096598,9241,0.0099826,1.3715,0.0030624,0.023741,-0.00040434,0.0026588,-0.0013489,1,2,0.1544,99.216,0.6,0,0,-0.0017166,-0.010491,0.0013352,0.10586,-0.099302,0.012601,0.00095369,0.010872,-0.0040055,0.10357,-0.090254,0.0046438,-0.0065391,-0.012289,0.0032148,-0.011133,0.0015113,0.014513,0.0077999,-0.0034045,-0.0055993,0.0094273,0.004492,0.017426,0.34908,3.9011,-0.057509,-0.49443,2.9837,-1.9454,-0.90762,-3.9011,0.77062,0.3781,-0.23059,0.025655,-0.06164,0.032613,0.049484,0.36323,-0.21002,0.02681,0.20732,-0.17638,0.061814,-0.26038,-0.15196,-0.25515,184,184,9243,15,1003.9
29.043,0.0013078,0.021458,9248,0.029115,1.3709,0.0030932,0.023726,0.0025377,0.0007975,0.00025619,1,2,0.18908,99.221,0.6,0,0,-0.0017166,-0.010491,0.0013352,0.10586,-0.099302,0.012601,0.00095369,0.010872,-0.0040055,0.10357,-0.090254,0.0046438,-0.0034565,-0.0062549,0.0061152,-0.0026361,-0.0018267,0.016997,0.0068109,-5.1596e-05,-0.00027293,0.0029555,-0.0014032,0.003684,0.34908,3.5714,-0.33355,-0.5526,3.0027,-1.7096,2.1643,-3.7912,0.79363,0.3781,0.65101,0.30318,-0.070038,0.030968,0.053625,0.34389,-0.20461,0.026592,0.20562,-0.15134,0.049444,-0.24719,-0.14484,-0.24374,184,184,9251,15,1003.9
29.044,0.0074567,0.0080914,9252,0.0013093,1.3709,0.0030932,0.023726,0.0013119,-0.00083913,0.0015328,1,2,0.2307,99.221,0.6,0,0,-0.0017166,-0.010491,0.0013352,0.10586,-0.099302,0.012601,0.00095369,0.010872,-0.0040055,0.10357,-0.090254,0.0046438,-0.0050005,-0.0094643,0.003555,-0.00060066,0.00028884,0.0070367,0.0037843,-0.0043019,0.0043072,-0.0042915,0.0022733,0.0067419,0.34908,3.6813,0.011502,-0.66894,3.0616,-1.4725,-0.20945,-3.4982,0.88564,0.31993,0.024136,0.24652,-0.054681,0.02336,0.054673,0.286,-0.18604,0.022259,0.20118,-0.11412,0.03847,-0.2435,-0.14385,-0.2125,184,184,9251,15,1003.9
29.064,0.00099517,0.0020192,9260,0.020416,1.3719,0.0030954,0.023744,-0.00036986,0.00060129,0.0011014,1,2,0.27075,99.218,0.6,0,0,-0.0017166,-0.010491,0.0013352,0.10586,-0.099302,0.012601,0.00095369,0.010872,-0.0040055,0.10357,-0.090254,0.0046438,-0.002496,-0.0027661,0.0042713,-0.0068061,0.00013394,0.0052365,0.0035566,-0.0077364,-0.0050009,0.0033986,0.0079352,0.017831,1.0473,3.6447,-0.10352,-0.49443,2.6224,-1.5087,-1.0473,-3.5348,0.67861,1.0179,-0.52735,-0.12779,-0.021566,0.010249,0.053884,0.20173,-0.15833,0.015086,0.19303,-0.078541,0.032319,-0.244,-0.15308,-0.16872,184,184,9259,15,1003.9
29.094,0.0016697,0.011405,9267,0.029198,1.3704,0.0031044,0.023716,0.00061274,-0.00062659,0.00019815,1,2,0.31163,99.219,0.6,0,0,-0.0017166,-0.010491,0.0013352,0.10586,-0.099302,0.012601,0.00095369,0.010872,-0.0040055,0.10357,-0.090254,0.0046438,-0.0052649,-0.0077457,0.0095618,-0.0015656,-0.0021663,0.0076118,0.0052861,-0.0027428,0.005084,-0.0020506,-0.0014095,-0.0043252,0.34908,3.7179,-0.12652,-0.49443,3.0027,-1.7096,-0.62835,-3.6447,0.88564,0.49443,0.35425,0.14973,0.01973,-0.0021228,0.049133,0.098492,-0.12057,0.0092904,0.17514,-0.062671,0.029994,-0.24164,-0.18128,-0.1267,184,184,9270,15,1003.9
29.109,0.0017594,0.0068404,9275,0.015289,1.3715,0.0031105,0.023734,0.0012971,0.00015661,-0.00026673,1,2,0.35161,99.221,0.6,0,0,-0.0017166,-0.010491,0.0013352,0.10586,-0.099302,0.012601,0.00095369,0.010872,-0.0040055,0.10357,-0.090254,0.0046438,-0.0070556,-0.0083408,0.012596,-0.012481,0.00037015,0.012725,0.012181,-0.0038604,0.0047003,0.0067837,-0.0030655,-0.0019538,1.4662,3.9011,-0.080513,-0.84344,2.3644,-1.8864,0.20945,-3.5348,1.0467,0.49443,0.28874,0.29418,0.062695,-0.016786,0.046196,-0.012267,-0.081332,0.0071714,0.15337,-0.066591,0.029327,-0.23713,-0.22175,-0.099606,184,184,9277,15,1003.9
29.127,0.0018216,0.0055292,9282,0.017715,1.3718,0.0031078,0.023739,-0.00014593,-0.00010014,0.00046829,1,2,0.38946,99.225,0.6,0,0,-0.0017166,-0.010491,0.0013352,0.10586,-0.099302,0.012601,0.00095369,0.010872,-0.0040055,0.10357,-0.090254,0.0046438,-0.0035635,-0.0070286,0.0046703,-0.007253,0.001267,0.0072091,0.0048575,-0.0038614,0.0016236,0.0046756,-0.0021219,0.002601,0.34908,3.5714,-0.37956,-1.0179,3.2418,-1.5677,0.069817,-3.4249,1.0007,0.3781,0.21455,0.25582,0.09764,-0.031839,0.047873,-0.09474,-0.068874,0.0069843,0.13692,-0.074595,0.03181,-0.24616,-0.25895,-0.087854,184,184,9283,15,1003.9
29.152,0.0016409,0.011888,9289,0.025898,1.3703,0.0031276,0.023711,0.0008878,-5.0523e-05,0.0011717,1,2,0.42853,99.225,0.6,0,0,-0.0017166,-0.010491,0.0013352,0.10586,-0.099302,0.012601,0.00095369,0.010872,-0.0040055,0.10357,-0.090254,0.0046438,0.0033547,-0.0081234,0.0059422,-0.0055015,0.00080364,0.0093737,0.0059883,-0.0036932,0.0038611,-0.0016743,-0.00076433,0.0042278,0.34908,3.5714,-0.33355,-0.84344,2.8431,-1.737,-0.069817,-3.5348,0.77062,0.95978,0.30728,0.30377,0.11288,-0.036162,0.043688,-0.14422,-0.069107,0.01984,0.13213,-0.06775,0.032167,-0.26717,-0.27365,-0.068099,184,184,9292,15,1003.9
29.176,0.0013926,0.012207,9299,0.023995,1.3697,0.0031629,0.023696,0.0015123,0.00044021,0.00056571,1,2,0.47533,99.228,0.6,0,0,-0.0017166,-0.010491,0.0013352,0.10586,-0.099302,0.012601,0.00095369,0.010872,-0.0040055,0.10357,-0.090254,0.0046438,-0.0030024,-0.011186,0.0085928,-0.0063069,-0.00094321,0.014651,0.0069463,-0.0017267,0.0077435,0.0050518,-0.0099465,-0.0022427,-0.069817,3.7546,-0.057509,-0.14542,3.6825,-1.9124,-0.62835,-3.4249,0.77062,0.49443,-0.27015,0.049779,0.11508,-0.025691,0.025204,-0.18949,-0.07971,0.056431,0.14012,-0.043641,0.026714,-0.28218,-0.24768,-0.0031978,184,184,9302,15,1003.9
29.194,0.0016829,0.011808,9305,0.017757,1.3687,0.0031502,0.023679,0.00095266,-0.00033155,-9.3409e-05,1,2,0.51226,99.226,0.6,0,0,-0.0017166,-0.010491,0.0013352,0.10586,-0.099302,0.012601,0.00095369,0.010872,-0.0040055,0.10357,-0.090254,0.0046438,-0.0073659,-0.00038256,0.0042207,-0.0034415,0.0022884,0.0090521,0.0099875,-0.004043,0.010258,0.0047321,-0.00071513,0.0015022,1.0473,3.6081,-0.011502,-0.31993,2.544,-1.8471,-0.62835,-3.4982,0.90864,0.31993,0.089652,0.10208,0.12177,0.01765,-0.015596,-0.25399,-0.11503,0.099449,0.14608,-0.0054726,0.014822,-0.24433,-0.19807,0.082919,184,184,9308,15,1003.9
29.206,0.005336,0.010099,9311,0.012183,1.3668,0.0031725,0.023643,0.0013046,5.7624e-05,0.00034489,1,2,0.54742,99.226,0.6,0,0,-0.0017166,-0.010491,0.0013352,0.10586,-0.099302,0.012601,0.00095369,0.010872,-0.0040055,0.10357,-0.090254,0.0046438,-0.0058868,-0.0020619,0.010503,-0.0053278,-0.0039188,0.0092223,-0.0010956,-0.0023762,0.0054617,-0.00019594,-0.0021928,-0.0015025,0.76799,3.4615,-0.37956,-0.14542,2.9431,-1.7899,0.069817,-3.2784,0.90864,0.66894,0.095858,0.32819,0.13979,0.125,-0.086283,-0.36657,-0.1909,0.18461,0.14239,0.039038,0.011322,-0.028479,-0.13129,0.089534,184,184,9313,15,1003.9
29.233,0.0012758,0.0097273,9320,0.026725,1.3669,0.0031958,0.023642,0.00023018,-0.00084131,-0.00045284,1,2,0.59338,99.227,0.6,0,0,-0.0017166,-0.010491,0.0013352,0.10586,-0.099302,0.012601,0.00095369,0.010872,-0.0040055,0.10357,-0.090254,0.0046438,-0.0071373,-0.0055441,0.010393,-0.011357,0.00029224,0.0095017,0.0039808,-0.0032727,-0.0070551,0.0029274,0.0083208,0.011914,0.62835,3.7546,-0.057509,-0.14542,3.0616,-1.4725,-0.20945,-3.7179,0.90864,0.20359,0.196,0.24623,0.16407,0.18719,-0.080465,-0.43901,-0.26708,0.23177,0.071959,0.053349,-0.0019227,0.23368,-0.15313,0.0012521,184,184,9322,15,1003.9
29.247,0.0013394,0.0061237,9327,0.014384,1.367,0.0031862,0.023645,0.00060507,-0.00087498,-0.00014792,1,2,0.62951,99.231,0.6,0,0,-0.0017166,-0.010491,0.0013352,0.10586,-0.099302,0.012601,0.00095369,0.010872,-0.0040055,0.10357,-0.090254,0.0046438,-0.00083573,-0.0011259,0.0054643,-0.0050863,-0.00042348,0.015877,0.0073658,-0.0046567,-0.0049847,0.002595,-0.00056012,0.0066765,-0.069817,3.5714,-0.034505,-0.66894,2.8025,-1.5814,0.069817,-3.8645,0.6556,0.66894,0.18239,0.15003,0.1711,0.15374,-0.025198,-0.37709,-0.19409,0.20441,-0.0044489,0.064688,-0.013603,0.29055,-0.2243,-0.025061,184,184,9329,15,1003.9
29.277,0.0012623,0.016088,9335,0.030017,1.3652,0.0031567,0.023617,-0.0015933,-0.0013592,6.9275e-05,1,2,0.66948,99.225,0.6,0,0,-0.0017166,-0.010491,0.0013352,0.10586,-0.099302,0.012601,0.00095369,0.010872,-0.0040055,0.10357,-0.090254,0.0046438,-0.0057148,-0.003525,0.0031728,-0.0024965,-0.0019505,0.012875,0.0027494,-0.0045702,0.0060617,0.011659,0.0061864,0.016091,-0.069817,3.6813,-0.011502,-0.49443,2.9837,-1.9454,0.76799,-3.7546,0.79363,0.84344,-0.008022,0.14074,0.18918,0.12766,-0.019933,-0.35257,-0.18251,0.19503,-0.037389,0.071,-0.026509,0.30108,-0.23175,-0.029027,184,184,9340,15,1003.9
29.304,0.0012506,0.017961,9344,0.026679,1.367,0.0031357,0.023651,-0.00096918,0.00048859,0.00015404,1,2,0.7191,99.227,0.6,0,0,-0.0017166,-0.010491,0.0013352,0.10586,-0.099302,0.012601,0.00095369,0.010872,-0.0040055,0.10357,-0.090254,0.0046438,-0.00091076,-0.0096196,0.0039385,-0.0066814,2.7265e-05,0.0084522,0.011184,-0.0059023,0.014595,0.0039135,0.0040234,0.022748,1.0473,3.4982,-0.10352,-0.49443,3.0226,-1.6978,-1.3265,-3.315,0.90864,0.84344,-0.093354,-0.037125,0.19001,0.08415,-0.004896,-0.31842,-0.18028,0.16621,-0.041304,0.078933,-0.028272,0.25347,-0.2185,-0.038271,184,184,9349,15,1003.9
29.324,0.0012639,0.01697,9352,0.019642,1.3656,0.0031575,0.023625,-0.0005511,-0.00018842,-9.5186e-05,1,2,0.76044,99.234,0.6,0,0,-0.0017166,-0.010491,0.0013352,0.10586,-0.099302,0.012601,0.00095369,0.010872,-0.0040055,0.10357,-0.090254,0.0046438,-0.0027403,-0.0050423,0.0058004,-0.0082681,-0.00097744,0.010017,0.0040881,-0.0047145,0.0051931,-0.0038086,0.0043454,0.0026627,0.34908,3.9011,-0.21853,-0.84344,3.0833,-1.8863,0.76799,-3.4982,0.77062,1.0179,0.26152,0.10178,0.17782,0.047166,0.003592,-0.29589,-0.2074,0.13683,-0.019174,0.096019,-0.032753,0.17842,-0.18435,-0.039252,184,184,9355,15,1003.9
29.336,0.0015725,0.011736,9357,0.012082,1.3654,0.0031774,0.023618,0.00040195,-0.0010444,-0.00015788,1,2,0.79564,99.234,0.6,0,0,-0.0017166,-0.010491,0.0013352,0.10586,-0.099302,0.012601,0.00095369,0.010872,-0.0040055,0.10357,-0.090254,0.0046438,-0.0027753,-0.0045845,0.0022334,-0.0017508,-0.0013028,0.013565,0.008619,-0.0053442,0.0036737,0.014616,0.009934,0.0083605,1.0473,3.4249,-0.080513,-0.20359,3.1427,-1.7612,0.76799,-3.6447,0.67861,0.20359,-0.28377,-0.046419,0.15595,0.023209,0.006161,-0.28252,-0.24312,0.10556,0.01916,0.10747,-0.029894,0.090157,-0.15107,-0.036159,184,184,9360,15,1003.9
29.353,0.0013246,0.011072,9363,0.016844,1.3648,0.0031587,0.02361,0.00042924,-0.00072628,0.00018867,1,2,0.8301,99.231,0.6,0,0,-0.0017166,-0.010491,0.0013352,0.10586,-0.099302,0.012601,0.00095369,0.010872,-0.0040055,0.10357,-0.090254,0.0046438,-0.0039268,0.008739,0.008958,-0.0046869,0.00079178,0.011912,0.0059607,-0.0029476,0.0074309,-0.0015431,0.0059781,0.0046915,-0.48872,3.9011,0.057509,-0.49443,2.962,-1.5317,-0.62835,-3.1319,0.77062,0.31993,-0.19723,-0.22458,0.13012,0.013516,0.0030693,-0.28356,-0.28579,0.078846,0.063154,0.1113,-0.021618,-0.00095089,-0.12824,-0.02915,184,184,9366,15,1003.9
29.374,0.0014957,0.012678,9371,0.021048,1.3639,0.0031796,0.023592,0.00087265,-0.0018755,-0.00018102,1,2,0.86938,99.236,0.6,0,0,-0.0017166,-0.010491,0.0013352,0.10586,-0.099302,0.012601,0.00095369,0.010872,-0.0040055,0.10357,-0.090254,0.0046438,-0.0076351,0.00051996,0.0053917,-0.0018854,0.0014387,0.0091288,0.010577,-0.0047352,0.006803,0.00038136,0.0033407,-0.0017497,1.0473,3.4615,-0.10352,-0.84344,2.5434,-1.7127,0.20945,-3.6081,0.88564,0.3781,0.12922,0.077957,0.10454,0.0063881,-0.0033151,-0.28863,-0.33061,0.05188,0.10018,0.11288,-0.0103,-0.099139,-0.1376,-0.025587,184,184,9374,15,1003.9
29.392,0.0015672,0.011459,9378,0.018522,1.362,0.0031746,0.023558,-0.00029106,-0.0014924,5.3055e-05,1,2,0.90894,99.231,0.6,0,0,-0.0017166,-0.010491,0.0013352,0.10586,-0.099302,0.012601,0.00095369,0.010872,-0.0040055,0.10357,-0.090254,0.0046438,-0.0074167,-0.0025667,0.0047366,-0.0036099,-0.0015793,0.01004,0.0068758,-0.0050195,0.0063583,0.0061589,0.0079889,0.005959,0.34908,3.4982,-0.35656,0.087253,2.9631,-1.8004,0.76799,-3.7179,0.77062,0.49443,-0.30478,-0.012705,0.087603,-0.0089659,-0.0089732,-0.29702,-0.34283,0.018275,0.11988,0.11146,0.0087131,-0.17873,-0.16161,-0.045496,184,184,9381,15,1003.9
29.415,0.0012656,0.013181,9387,0.022449,1.3611,0.0031783,0.023541,-7.2975e-05,0.00028606,0.00016405,1,2,0.94984,99.229,0.6,0,0,-0.0017166,-0.010491,0.0013352,0.10586,-0.099302,0.012601,0.00095369,0.010872,-0.0040055,0.10357,-0.090254,0.0046438,0.00086112,-0.011111,0.0020957,-0.0069594,-6.8831e-05,-0.0017592,0.0016489,-0.0044095,-0.0025015,0.010507,0.0054066,0.019913,0.34908,4.1941,-0.33355,-0.3781,3.1222,-1.6387,-0.34908,-3.7179,0.90864,0.66894,0.38147,0.34213,0.088802,-0.027309,-0.0085458,-0.30201,-0.3066,-0.029066,0.12299,0.10009,0.032997,-0.22798,-0.17802,-0.09735,184,184,9391,15,1003.9
29.426,0.0018607,0.0055665,9394,0.011485,1.3616,0.0031716,0.023552,0.00029063,0.00045947,0.00016396,1,2,0.98916,99.238,0.6,0,0,-0.0017166,-0.010491,0.0013352,0.10586,-0.099302,0.012601,0.00095369,0.010872,-0.0040055,0.10357,-0.090254,0.0046438,0.00054501,-0.004282,0.0013736,-0.0049087,-0.002045,0.0095213,0.0092647,-0.0048044,-0.00064129,0.0043262,0.00080438,0.0092031,-0.48872,3.7179,-0.24154,-0.84344,3.3234,-1.9908,0.76799,-3.6447,0.77062,0.20359,-0.11931,0.083196,0.099548,-0.04135,-0.003135,-0.25777,-0.25001,-0.081312,0.13115,0.057767,0.069801,-0.28121,-0.18509,-0.15768,184,184,9395,15,1003.9
29.448,0.0015916,0.0075048,9401,0.021824,1.3619,0.0031473,0.023561,-0.00074987,0.0012537,0.00036328,1,2,0.028476,99.239,0.6,0,0,-0.0017166,-0.010491,0.0013352,0.10586,-0.099302,0.012601,0.00095369,0.010872,-0.0040055,0.10357,-0.090254,0.0046438,-0.011571,-0.0043626,0.011141,-0.0014386,0.00085051,0.014361,0.0095327,-0.0039776,7.0044e-05,0.00056367,6.1989e-05,0.0086343,0.34908,3.6813,-0.12652,-0.20359,3.2228,-1.8035,-0.62835,-3.4615,0.77062,0.84344,0.86865,0.50486,0.10833,-0.040433,0.012057,-0.063225,-0.17873,-0.089937,0.15786,-0.057538,0.1203,-0.33611,-0.1919,-0.2228,184,184,9403,15,1003.9
29.466,0.0017106,0.0051315,9408,0.017747,1.3632,0.0031388,0.023584,0.00022444,-3.8171e-05,0.00013347,1,2,0.068883,99.24,0.6,0,0,-0.0017166,-0.010491,0.0013352,0.10586,-0.099302,0.012601,0.00095369,0.010872,-0.003624,0.10357,-0.090254,0.0046438,-0.015099,-0.0053625,0.012027,-0.0055264,-0.001713,0.004851,0.00066439,-0.0062424,-0.0055709,0.0026065,-0.00040862,0.00021519,-1.1869,3.7912,-0.011502,-0.31993,3.5424,-1.8384,0.76799,-3.6447,0.58659,0.66894,-0.12551,-0.14291,0.07269,0.0030524,0.021183,0.22769,-0.1221,-0.011298,0.19316,-0.18128,0.12134,-0.35118,-0.20709,-0.24425,184,184,9409,15,1003.9
29.495,0.0018784,0.013713,9416,0.029346,1.3637,0.003143,0.023592,0.0012268,0.00098011,-0.00027082,1,2,0.11068,99.234,0.6,0,0,-0.0017166,-0.010491,0.0013352,0.10586,-0.099302,0.012601,0.00095369,0.010872,-0.0040055,0.10357,-0.090254,0.0046438,-0.0045667,-0.0049752,0.0076068,-0.0052465,-0.0026078,0.011445,0.0025086,-0.002139,-0.0039883,0.0045149,-0.0017228,-0.000825,0.34908,3.5714,0.080513,-0.84344,3.1623,-1.6598,-0.34908,-3.3516,0.77062,0.66894,0.42104,0.31801,-0.01395,0.028288,0.031765,0.32719,-0.20072,0.023288,0.20727,-0.19605,0.083939,-0.29601,-0.17773,-0.24929,184,184,9420,15,1003.9
29.513,0.0016105,0.011833,9423,0.017918,1.3629,0.0031272,0.023581,-6.7157e-06,0.0002668,0.0014215,1,2,0.14986,99.237,0.6,0,0,-0.0017166,-0.010491,0.0013352,0.10586,-0.099302,0.012601,0.00095369,0.010872,-0.0040055,0.10357,-0.090254,0.0046438,-0.012248,-0.0041776,-0.0046295,-0.0026525,-0.00046784,0.014099,0.0033524,-0.0060014,0.0047743,0.0050221,0.0037251,0.014592,0.34908,3.7546,0.080513,-0.31993,3.1032,-1.8745,-0.62835,-3.315,0.77062,0.3781,-0.32333,-0.022295,-0.057355,0.032749,0.048208,0.36215,-0.20947,0.027598,0.20675,-0.17922,0.063121,-0.26279,-0.15381,-0.25446,184,184,9426,15,1003.9
29.533,0.0014556,0.010734,9431,0.019695,1.3623,0.0031426,0.023568,0.00097227,0.00019241,-0.0002493,1,2,0.19105,99.242,0.6,0,0,-0.0017166,-0.010491,0.0013352,0.10586,-0.099302,0.012601,0.00095369,0.010872,-0.0040055,0.10357,-0.090254,0.0046438,0.00031221,-0.0013277,-0.00086651,-0.0015289,-0.0045469,0.0094634,0.0071486,-0.0052626,0.007013,0.001738,0.0081608,0.018357,-0.76799,3.5714,-0.12652,-0.14542,2.2725,-1.4355,-0.34908,-3.7179,0.90864,0.84344,-0.73878,-0.10337,-0.068711,0.031006,0.053578,0.34142,-0.20401,0.026626,0.20525,-0.14995,0.04859,-0.24678,-0.14444,-0.2423,184,184,9433,15,1003.9
29.544,0.001489,0.0032295,9438,0.011345,1.362,0.0031445,0.023562,0.00067499,-0.0010469,-0.0015831,1,2,0.22891,99.242,0.6,0,0,-0.0017166,-0.010491,0.0013352,0.10586,-0.099302,0.012601,0.00095369,0.010872,-0.0040055,0.10357,-0.090254,0.0046438,-0.0040453,-0.003964,-1.636e-05,-0.00087494,0.0011965,0.0079442,0.0010199,-0.0073061,0.0085008,0.0078895,-0.00057345,0.005737,0.34908,3.5348,-0.10352,-0.5526,3.145,-2.2988,0.76799,-3.4249,1.0007,0.31993,-0.3369,0.21587,-0.054577,0.023077,0.054938,0.28794,-0.18648,0.021965,0.20141,-0.11538,0.039437,-0.24423,-0.14393,-0.21375,184,184,9438,15,1003.9
29.573,0.0013683,0.0093611,9448,0.029008,1.3634,0.0031365,0.023587,0.0009871,0.0018516,0.0010259,1,2,0.27433,99.239,0.6,0,0,-0.0017166,-0.010491,0.0013352,0.10586,-0.099302,0.012601,0.00095369,0.010872,-0.0040055,0.10357,-0.090254,0.0046438,0.0019433,-0.01382,-0.0004794,-0.0049824,0.0017735,0.011033,0.0082186,-0.0043522,0.011843,0.0079544,-0.0053238,-0.0086778,-0.069817,3.7546,-0.24154,-0.49443,2.5634,-1.7233,-0.62835,-3.4982,1.0237,0.029084,-0.04018,0.034949,-0.02127,0.010539,0.053447,0.19592,-0.1562,0.015338,0.19253,-0.076225,0.030926,-0.24206,-0.15277,-0.16592,184,184,9450,15,1003.9
29.592,0.0013172,0.0093988,9455,0.0184,1.363,0.0031701,0.023577,0.00095198,3.3505e-05,0.0010279,1,2,0.31103,99.241,0.6,0,0,-0.0017166,-0.010491,0.0013352,0.10586,-0.099302,0.012601,0.00095369,0.010872,-0.0040055,0.10357,-0.090254,0.0046438,-0.0067061,-0.0064296,0.0018696,0.0038708,-0.0012479,0.010779,0.0068908,-0.0036888,0.0066336,-0.0013989,-0.0063744,0.00077014,1.8851,3.9011,-0.33355,-0.66894,2.2688,-1.5677,-0.62835,-3.315,0.90864,1.0179,0.51251,0.053241,0.020964,-0.002916,0.049277,0.097432,-0.12016,0.008637,0.17516,-0.062999,0.030904,-0.24216,-0.18227,-0.12675,184,184,9457,15,1003.9
29.607,0.0013694,0.0058212,9463,0.015442,1.3627,0.0031734,0.02357,0.00040726,2.1976e-05,0.00085134,1,2,0.34919,99.243,0.6,0,0,-0.0017166,-0.010491,0.0013352,0.10586,-0.099302,0.012601,0.00095369,0.010872,-0.0040055,0.10357,-0.090254,0.0046438,-0.011151,0.0038424,0.0083653,0.0024832,-0.0024303,0.008911,-0.00031626,-0.0021063,0.0048952,0.0053963,0.010758,0.017094,-0.069817,3.3516,0.034505,-0.31993,2.9837,-1.9454,1.0473,-3.4249,0.90864,0.66894,0.46554,0.20728,0.063552,-0.016567,0.045822,-0.0095866,-0.083267,0.0064689,0.15301,-0.066231,0.029915,-0.23839,-0.22265,-0.10014,184,184,9465,15,1003.9
29.635,0.0013711,0.0136,9471,0.028002,1.3661,0.0031696,0.023632,0.00066059,0.0027265,0.00081669,1,2,0.38963,99.244,0.6,0,0,-0.0017166,-0.010491,0.0013352,0.10586,-0.099302,0.012601,0.00095369,0.010872,-0.0040055,0.10357,-0.090254,0.0046438,-0.0034028,0.0036593,0.0084405,-0.0019921,-0.0014202,0.016792,0.0078651,-0.004214,-0.0026,0.0056198,0.0056566,0.027468,-0.76799,3.9011,-0.057509,-0.31993,3.2039,-2.0618,-0.62835,-3.5348,0.67861,0.66894,-0.15147,-0.022591,0.096677,-0.032294,0.04839,-0.09376,-0.068347,0.0071393,0.13747,-0.074659,0.031685,-0.24618,-0.25871,-0.087467,184,184,9475,15,1003.9
29.653,0.0015551,0.010441,9479,0.017553,1.3641,0.0031806,0.023595,-0.00026102,0.00083444,0.0014832,1,2,0.43118,99.246,0.6,0,0,-0.0017166,-0.010491,0.0013352,0.10586,-0.099302,0.012601,0.00095369,0.010872,-0.0040055,0.10357,-0.090254,0.0046438,-0.0033666,-0.0068661,0.00061126,-0.012421,0.0014648,0.0052927,0.002089,-0.0034012,-0.0018033,-0.0012203,0.0061111,-0.001903,0.62835,3.5714,-0.12652,-0.66894,3.2622,-1.6903,-0.90762,-3.4249,0.90864,1.0179,-0.11931,0.083196,0.11228,-0.03642,0.043574,-0.14535,-0.069131,0.021901,0.13223,-0.067219,0.031807,-0.2689,-0.27319,-0.065599,184,184,9481,15,1003.9
29.666,0.0015325,0.0047551,9486,0.013207,1.3638,0.0031871,0.023589,0.00022651,-0.0015416,-0.00074049,1,2,0.46917,99.246,0.6,0,0,-0.0017166,-0.010491,0.0013352,0.10586,-0.099302,0.012601,0.00095369,0.010872,-0.0040055,0.10357,-0.090254,0.0046438,-0.004053,-0.0041484,0.00040986,-0.012849,-0.0027674,0.0065808,0.0049548,-0.0034733,0.0018317,0.0029358,-0.00042175,0.0034729,1.0473,3.3516,-0.10352,-0.31993,2.8631,-1.7476,-0.069817,-3.5348,0.90864,0.49443,0.038981,0.32107,0.11601,-0.027844,0.027813,-0.18456,-0.077712,0.050487,0.13886,-0.047365,0.027916,-0.28228,-0.25385,-0.0095239,184,184,9487,15,1003.9
29.686,0.0015662,0.0051268,9494,0.020747,1.3658,0.0032008,0.023621,0.001522,0.0024732,0.00023921,1,2,0.50993,99.247,0.6,0,0,-0.0017166,-0.010491,0.0013352,0.10586,-0.099302,0.012601,0.00095369,0.010872,-0.0040055,0.10357,-0.090254,0.0046438,-0.007183,-0.0089241,0.0043351,-0.0036835,-0.00023294,0.011015,0.0017869,-0.0042022,-0.00069267,0.0022218,0.0092953,0.011409,-0.76799,3.7179,-0.24154,-0.66894,3.2628,-1.8247,-0.62835,-3.6447,0.79363,0.20359,0.4606,0.29388,0.12128,0.012807,-0.011348,-0.24799,-0.11097,0.095129,0.14537,-0.0092419,0.015681,-0.2509,-0.2037,0.076737,184,184,9495,15,1003.9
29.714,0.0014206,0.013946,9501,0.027945,1.3641,0.0032178,0.023589,0.00089971,4.6486e-05,0.0021334,1,2,0.54783,99.249,0.6,0,0,-0.0017166,-0.010491,0.0013352,0.10586,-0.099302,0.012601,0.00095369,0.010872,-0.0040055,0.10357,-0.090254,0.0046438,-0.0017338,-0.001976,0.0029543,-0.0026114,-0.001182,0.010298,0.004628,-0.0034324,-6.3148e-05,0.0035536,0.0013116,-0.0017344,0.76799,3.7179,-0.33355,-0.78527,3.5019,-1.6828,-0.34908,-3.4249,1.0007,0.66894,0.17125,0.01053,0.13911,0.12054,-0.084328,-0.36047,-0.18476,0.18135,0.14339,0.038045,0.01156,-0.040747,-0.13399,0.094365,184,184,9505,15,1003.9
29.743,0.0014316,0.017812,9511,0.028233,1.3631,0.0031837,0.023576,-0.0010219,-0.0012032,-0.0011117,1,2,0.59668,99.249,0.6,0,0,-0.0017166,-0.010491,0.0013352,0.10586,-0.099302,0.012601,0.00095369,0.010872,-0.0040055,0.10357,-0.090254,0.0046438,-0.002613,-0.0052652,-0.0095195,-0.014384,0.00084295,0.0098622,0.0040058,-0.0066408,0.0061181,0.005932,0.0024918,0.0087078,1.0473,3.2418,-0.011502,-0.31993,2.8431,-1.737,0.20945,-3.4982,0.79363,1.1343,-0.19103,0.001532,0.16454,0.18735,-0.082041,-0.44041,-0.26712,0.23283,0.075159,0.053847,-0.0019218,0.23446,-0.15166,0.0025989,184,184,9516,15,1003.9
29.752,0.0014757,0.0094223,9518,0.0097505,1.3628,0.0031701,0.023573,-0.0016287,0.0013977,-0.00077404,1,2,0.63313,99.25,0.6,0,0,-0.0017166,-0.010491,0.0013352,0.10586,-0.099302,0.012601,0.00095369,0.010872,-0.0040055,0.10357,-0.090254,0.0046438,0.0035122,-0.0051369,-0.00064566,-0.0053995,0.0010872,0.0095194,0.0036542,-0.0056201,0.0086425,0.00089859,-0.0069713,0.0013832,0.34908,3.9011,-0.42557,-0.49443,3.2023,-1.681,0.069817,-4.011,0.88564,1.0179,-0.40246,0.025952,0.17163,0.15189,-0.024067,-0.37521,-0.1923,0.20232,-0.0045087,0.064706,-0.012936,0.28947,-0.22504,-0.025797,184,184,9520,15,1003.9
29.773,0.001352,0.011292,9526,0.020787,1.3624,0.0031707,0.023566,-0.00057549,-0.00020226,0.0015389,1,2,0.67053,99.249,0.6,0,0,-0.0017166,-0.010491,0.0013352,0.10586,-0.099302,0.012601,0.00095369,0.010872,-0.0040055,0.10357,-0.090254,0.0046438,-0.005058,-0.0042323,0.0066422,-0.0027599,-6.5842e-05,0.0089985,0.0079445,-0.0057253,0.0038386,0.0047684,-0.0033128,0.019475,1.0473,3.4982,-0.057509,-0.66894,2.9042,-2.0375,-0.62835,-3.315,0.6556,0.31993,0.34191,0.36625,0.18977,0.1273,-0.020195,-0.35218,-0.18298,0.19453,-0.037604,0.071174,-0.026789,0.3004,-0.2311,-0.029031,184,184,9529,15,1003.9
29.794,0.0013873,0.012205,9534,0.020629,1.3623,0.0031786,0.023563,0.0014922,0.00018575,0.0011273,1,2,0.71014,99.252,0.6,0,0,-0.0017166,-0.010491,0.0013352,0.10586,-0.099302,0.012601,0.00095369,0.010872,-0.0040055,0.10357,-0.090254,0.0046438,-0.011236,-0.0080256,0.0091609,-0.0023518,-0.0025652,0.0064508,0.0089814,-0.0039385,-0.0008236,0.0018689,0.0027183,0.015524,1.8851,3.6813,0.034505,-0.14542,2.631,-1.2227,0.76799,-3.4982,0.77062,0.20359,0.26152,0.10178,0.1907,0.093164,-0.0081158,-0.32515,-0.17962,0.17196,-0.042821,0.077296,-0.028241,0.26574,-0.2217,-0.036979,184,184,9538,15,1003.9
29.823,0.0012903,0.019056,9544,0.029007,1.3635,0.0031927,0.023582,0.0019325,0.0017566,-0.00070651,1,2,0.75435,99.252,0.6,0,0,-0.0017166,-0.010491,0.0013352,0.10586,-0.099302,0.012601,0.00095369,0.010872,-0.0040055,0.10357,-0.090254,0.0046438,-0.0042352,-0.0039631,0.0055845,-0.0004472,-0.0033605,0.017124,0.0057389,-0.0046206,-0.00465,-0.0001477,-0.0034383,0.013429,0.34908,3.4982,-0.034505,-0.66894,2.7825,-1.5933,-0.34908,-3.7179,0.88564,0.3781,0.16384,0.14044,0.18101,0.052754,0.0029234,-0.29823,-0.20109,0.14204,-0.024822,0.092371,-0.03229,0.19203,-0.19087,-0.03993,184,184,9548,15,1003.9
29.834,0.0013824,0.011028,9550,0.011341,1.3633,0.0032039,0.023578,0.00068769,0.00032322,0.0014396,1,2,0.79326,99.251,0.6,0,0,-0.0017166,-0.010491,0.0013352,0.10586,-0.099302,0.012601,0.00095369,0.010872,-0.0040055,0.10357,-0.090254,0.0046438,-0.0050769,-0.0028282,0.0068992,0.0045361,-0.0044389,0.012094,0.0022939,-0.005932,0.0010511,0.0010395,-0.0052425,0.015166,1.0473,3.6813,0.10352,-0.61077,2.7842,-1.9965,-0.62835,-3.4249,0.90864,0.3781,0.196,0.24623,0.15893,0.024348,0.0071936,-0.2824,-0.23818,0.10902,0.012789,0.10682,-0.031259,0.10031,-0.15495,-0.036452,184,184,9553,15,1003.9
29.845,0.0013372,0.0042657,9557,0.011116,1.3619,0.0031995,0.023554,0.00041166,-0.0014222,0.0008896,1,2,0.82887,99.254,0.6,0,0,-0.0017166,-0.010491,0.0013352,0.10586,-0.099302,0.012601,0.00095369,0.010872,-0.0040055,0.10357,-0.090254,0.0046438,-0.0075022,-0.0097426,0.0024362,-0.0054916,0.0014453,0.01305,0.013589,-0.0038244,0.0015946,0.0050493,-0.00246,0.0088782,0.34908,3.4615,-0.14952,-0.14542,3.383,-1.9105,-0.069817,-3.315,0.79363,0.49443,0.012994,0.10702,0.13243,0.013317,0.0031546,-0.28334,-0.28352,0.079379,0.058235,0.1122,-0.023577,0.0057883,-0.12974,-0.029817,184,184,9558,15,1003.9
29.867,0.00169,0.0053025,9565,0.021478,1.3616,0.0031772,0.023551,-0.00062489,-0.0012927,-0.0002988,1,2,0.87044,99.252,0.6,0,0,-0.0017166,-0.010491,0.0013352,0.10586,-0.099302,0.012601,0.00095369,0.010872,-0.0040055,0.10357,-0.090254,0.0046438,-0.011283,-0.0050834,-0.00043165,-0.0096252,0.00095182,0.0068788,0.0031387,-0.0035094,-0.0073042,0.0041519,0.0064189,0.029986,-0.48872,3.3883,-0.10352,-0.20359,2.8626,-1.6356,-0.069817,-3.4249,0.67861,0.3781,0.21702,0.21251,0.10519,0.0062303,-0.0029873,-0.28977,-0.3312,0.051083,0.097635,0.11406,-0.012262,-0.096615,-0.13757,-0.026213,184,184,9566,15,1003.9
29.896,0.0015276,0.015127,9572,0.029292,1.3612,0.0031573,0.023547,0.00080743,0.00086201,-0.00086011,1,2,0.90889,99.253,0.6,0,0,-0.0017166,-0.010491,0.0013352,0.10586,-0.099302,0.012601,0.00095369,0.010872,-0.0040055,0.10357,-0.090254,0.0046438,-0.0024913,-0.0059969,0.0067941,-0.0046626,-0.00033415,0.012311,0.0086731,-0.0018614,0.0016889,0.0081368,-0.00014542,-0.0018529,2.5832,3.6081,-0.31055,-0.31993,3.0633,-1.8757,0.20945,-3.4249,1.0237,0.84344,0.38641,0.25552,0.088086,-0.0088681,-0.0086158,-0.29642,-0.34244,0.017476,0.11931,0.11185,0.0074852,-0.17744,-0.16052,-0.045201,184,184,9577,15,1003.9
29.905,0.005269,0.0087457,9579,0.0092251,1.3614,0.0031561,0.02355,-0.00026518,-0.0010524,0.0015761,1,2,0.94771,99.253,0.6,0,0,-0.0017166,-0.010491,0.0013352,0.10586,-0.099302,0.012601,0.00095369,0.010872,-0.0040055,0.10357,-0.090254,0.0046438,-0.010871,0.0029446,0.0077158,-0.009608,0.0012463,0.0092018,0.0079973,-0.005125,0.005883,0.0038329,0.0016525,0.0023787,0.62835,3.3516,-0.37956,-0.31993,3.0432,-1.8427,0.069817,-3.3516,0.90864,0.84344,-0.28377,-0.046419,0.088321,-0.02711,-0.0086292,-0.30201,-0.30946,-0.026305,0.1233,0.10027,0.032808,-0.22758,-0.17933,-0.094644,184,184,9580,15,1003.9
29.926,0.0013895,0.004439,9586,0.020542,1.3603,0.0031564,0.02353,-0.00026521,-0.0009814,0.00012763,1,2,0.98968,99.256,0.6,0,0,-0.0017166,-0.010491,0.0013352,0.10586,-0.099302,0.012601,0.00095369,0.010872,-0.0040055,0.10357,-0.090254,0.0046438,-0.0063465,0.00071553,0.0065246,-0.0054944,0.00089406,0.0023315,0.0077136,-0.004475,0.0041212,0.0092066,0.0056791,0.022643,-0.48872,3.5714,-0.19553,-0.20359,2.9415,-1.4091,-0.90762,-3.5348,0.90864,0.66894,-0.30478,-0.012705,0.098753,-0.041539,-0.0034686,-0.25849,-0.25122,-0.080779,0.13103,0.057972,0.069648,-0.28119,-0.18551,-0.15749,184,184,9587,15,1003.9
29.946,0.0014034,0.0046572,9594,0.02002,1.3613,0.0031478,0.02355,0.0002381,0.00078935,0.00075696,1,2,0.029316,99.258,0.6,0,0,-0.0017166,-0.010491,0.0013352,0.10586,-0.099302,0.012601,0.00095369,0.010872,-0.0040055,0.10357,-0.090254,0.0046438,-0.009351,-0.0080514,0.0080315,-0.005853,0.00048643,0.0081878,0.0042919,-0.0038762,0.0057432,0.0089001,0.0051222,0.0069764,1.0473,3.5348,-0.24154,-0.3781,2.7224,-1.5391,0.76799,-3.4982,0.88564,0.66894,-0.23059,0.025655,0.1082,-0.04027,0.012277,-0.06061,-0.17832,-0.089825,0.15808,-0.058716,0.12056,-0.33648,-0.19165,-0.22327,184,184,9595,15,1003.9
29.972,0.0064935,0.00648,9601,0.026179,1.3613,0.0031482,0.023549,0.00023194,2.4181e-05,-0.0009586,1,2,0.08362,99.254,0.6,0,0,-0.0017166,-0.010491,0.0013352,0.10586,-0.099302,0.012601,0.00095369,0.010872,-0.0040055,0.10357,-0.090254,0.0046438,-0.0030868,-0.0069494,0.0062497,-0.0013416,-0.00058267,0.0072395,0.00071292,-0.0032587,0.0062287,0.0065585,0.0084956,0.0062904,1.4662,3.7546,0.057509,-0.49443,3.2017,-1.5466,-0.62835,-3.5348,0.79363,0.3781,0.26152,0.10178,0.070238,0.0044516,0.023317,0.2465,-0.12815,-0.011733,0.19656,-0.18281,0.11857,-0.34951,-0.20513,-0.24738,184,184,9600,15,1003.9
30.003,0.012193,0.021353,9603,0.03077,1.3613,0.0031548,0.023548,-0.0016668,-0.00018215,7.5161e-05,1,2,0.13116,99.258,0.6,0,0,-0.0017166,-0.010491,0.0013352,0.10586,-0.099302,0.012601,0.00095369,0.010872,-0.0040055,0.10357,-0.090254,0.0046438,-0.011628,-0.0081378,0.0145,0.0042832,-0.0024657,0.0074753,0.0048281,-0.0046617,0.0062379,0.0014177,0.0050921,0.0042952,1.0473,3.7546,-0.17253,-0.14542,2.4432,-1.6375,-0.62835,-3.3516,0.90864,0.31993,0.024136,0.24652,-0.019418,0.029351,0.036131,0.33416,-0.20568,0.022489,0.20778,-0.18877,0.07663,-0.28859,-0.17081,-0.25072,184,184,9605,15,1003.9
30.013,0.0014463,0.010329,9607,0.010661,1.3614,0.0031418,0.023552,0.0020242,-0.00017488,-0.00050998,1,2,0.15334,99.255,0.6,0,0,-0.0017166,-0.010491,0.0013352,0.10586,-0.099302,0.012601,0.00095369,0.010872,-0.0040055,0.10357,-0.090254,0.0046438,-0.0044661,-0.0080401,0.011641,-0.0016425,-0.00084464,0.0047233,0.0080577,-0.0061976,0.0019169,0.0047249,0.0054668,0.015637,-0.48872,3.4982,-0.37956,-0.49443,3.2029,-1.8154,0.76799,-3.3516,0.79363,0.49443,-0.30972,0.073902,-0.060246,0.032499,0.049194,0.36224,-0.21018,0.026986,0.20685,-0.17656,0.062365,-0.26145,-0.15273,-0.25501,184,184,9609,15,1003.9
30.041,0.0014381,0.017866,9614,0.02802,1.3605,0.0031213,0.023539,0.00022852,-0.00017285,-0.00030891,1,2,0.19424,99.26,0.6,0,0,-0.0017166,-0.010491,0.0013352,0.10586,-0.099302,0.012601,0.00095369,0.010872,-0.0040055,0.10357,-0.090254,0.0046438,-0.0049064,-0.0080638,0.0057191,0.0036547,-0.0015798,0.011073,0.0061408,-0.004874,0.00015244,0.0039749,0.0021938,0.018397,1.0473,3.4615,-0.057509,-0.61077,3.3224,-1.7444,-0.62835,-3.6447,0.90864,0.66894,0.34064,0.053537,-0.068395,0.030829,0.053585,0.33845,-0.20282,0.026381,0.205,-0.14771,0.04749,-0.2462,-0.14411,-0.24066,184,184,9619,15,1003.9
30.063,0.0016316,0.021177,9621,0.021713,1.358,0.0030874,0.023499,-0.00098154,-0.0010945,-0.00014156,1,2,0.23142,99.259,0.6,0,0,-0.0017166,-0.010491,0.0013352,0.10586,-0.099302,0.012601,0.00095369,0.010872,-0.0040055,0.10357,-0.090254,0.0046438,-0.0095462,-0.004523,0.0047266,-0.0047995,0.0029693,0.015463,-0.000401,-0.0043548,0.0054262,-2.1233e-05,0.0046835,0.013807,0.76799,3.8278,0.011502,-0.66894,3.1222,-1.6387,-0.069817,-3.7179,0.77062,1.0179,-0.23059,0.025655,-0.052475,0.022273,0.054928,0.28361,-0.18495,0.021637,0.20067,-0.11314,0.039005,-0.24479,-0.14453,-0.21126,184,184,9627,15,1003.9
30.074,0.0016611,0.010037,9629,0.010461,1.3585,0.0030784,0.02351,-0.00067637,-8.632e-05,0.00070453,1,2,0.27467,99.256,0.6,0,0,-0.0017166,-0.010491,0.0013352,0.10586,-0.099302,0.012601,0.00095369,0.010872,-0.0040055,0.10357,-0.090254,0.0046438,-0.0043323,-0.0062588,0.0045549,-0.012179,-0.00060103,0.010893,0.0059878,-0.0059857,0.0034972,0.0058935,-0.00049989,0.0059849,1.4662,3.6813,-0.10352,-0.49443,3.2227,-1.7811,0.76799,-3.2784,1.0237,0.66894,0.03401,0.07331,-0.019137,0.0098483,0.053413,0.19416,-0.15541,0.014936,0.19165,-0.076177,0.031148,-0.24324,-0.15391,-0.16492,184,184,9631,15,1003.9
30.096,0.0014587,0.013435,9636,0.022116,1.3598,0.0030736,0.023533,-0.00023617,0.001659,0.0010807,1,2,0.31172,99.257,0.6,0,0,-0.0017166,-0.010491,0.0013352,0.10586,-0.099302,0.012601,0.00095369,0.010872,-0.0040055,0.10357,-0.090254,0.0046438,-0.0088144,-0.0054291,0.011616,-0.0099429,0.00046725,0.0057536,-0.00013329,-0.0062103,0.0073791,0.0029322,-0.0057792,0.0098391,1.0473,3.6081,-0.14952,-0.61077,2.9219,-1.4881,0.20945,-3.315,0.90864,0.66894,0.196,0.24623,0.022318,-0.0029027,0.049061,0.095522,-0.11949,0.0084746,0.17442,-0.063139,0.030692,-0.24217,-0.18299,-0.12598,184,184,9640,15,1003.9
30.113,0.0013302,0.011849,9643,0.017478,1.3602,0.0030465,0.023543,0.0004795,0.0014822,0.0014331,1,2,0.34953,99.262,0.6,0,0,-0.0017166,-0.010491,0.0013352,0.10586,-0.099302,0.012601,0.00095369,0.010872,-0.0040055,0.10357,-0.090254,0.0046438,0.0025881,-0.0033513,0.0063735,-0.013141,-0.0031057,0.0098355,0.0046947,-0.0052894,0.0056069,0.01024,0.0059161,0.01655,1.4662,3.3883,-0.011502,-0.5526,2.8226,-1.6144,-0.76799,-3.7912,0.90864,1.1343,-0.079744,0.059073,0.063792,-0.016541,0.045775,-0.010994,-0.082832,0.0062378,0.15345,-0.066662,0.030032,-0.23747,-0.22228,-0.10016,184,184,9646,15,1003.9
30.126,0.001331,0.0040591,9651,0.012987,1.3594,0.0030272,0.023533,-0.00060909,0.00039545,-0.00049603,1,2,0.39115,99.261,0.6,0,0,-0.0017166,-0.010491,0.0013352,0.10586,-0.099302,0.012601,0.00095369,0.010872,-0.0040055,0.10357,-0.090254,0.0046438,-0.00040201,-0.0055297,0.0098471,-0.010719,-0.002359,0.014438,0.0055674,-0.0044692,0.0041929,0.012503,-0.0011453,0.010627,0.76799,3.4982,-0.40256,-0.5526,3.1228,-1.7731,1.0473,-3.7179,0.79363,0.66894,0.74375,0.35113,0.097007,-0.032136,0.048189,-0.095382,-0.068585,0.0075499,0.13698,-0.074784,0.031405,-0.24648,-0.25873,-0.087556,184,184,9652,15,1003.9
30.154,0.0019351,0.011761,9660,0.027676,1.3591,0.0030266,0.023528,0.00041359,-0.00081753,-6.1162e-05,1,2,0.43218,99.264,0.6,0,0,-0.0017166,-0.010491,0.0013352,0.10586,-0.099302,0.012601,0.00095369,0.010872,-0.0040055,0.10357,-0.090254,0.0046438,-0.004368,-0.011551,0.0011416,0.00084774,0.00010022,0.01251,0.0052428,-0.0050713,0.0015722,0.0014819,-0.0024627,-0.0015211,0.34908,3.7912,-0.37956,-0.029084,2.7235,-1.8079,0.20945,-3.5348,0.77062,0.3781,0.37527,0.11602,0.11228,-0.036175,0.043161,-0.14633,-0.069339,0.022669,0.13239,-0.066784,0.031653,-0.2691,-0.27255,-0.065316,184,184,9663,15,1003.9
30.168,0.0014253,0.006237,9667,0.013749,1.3613,0.0030004,0.023568,0.00024123,0.0027216,-0.00023034,1,2,0.46971,99.264,0.6,0,0,-0.0017166,-0.010491,0.0013352,0.10586,-0.099302,0.012601,0.00095369,0.010872,-0.0040055,0.10357,-0.090254,0.0046438,-0.0074509,-0.0038392,0.0061486,-0.0036558,0.0030319,0.014906,0.0073033,-0.0026602,0.01085,0.0036363,0.0046912,0.011813,-0.48872,3.5714,0.080513,-0.31993,2.9622,-1.5764,-1.3265,-3.5714,0.90864,0.31993,-0.27015,0.049779,0.11577,-0.027472,0.027329,-0.1851,-0.077811,0.051005,0.13954,-0.0469,0.027736,-0.28156,-0.25213,-0.0091898,184,184,9669,15,1003.9
30.194,0.001204,0.0097281,9676,0.026277,1.3616,0.0029892,0.023576,0.0009499,0.0011378,-0.00013421,1,2,0.51502,99.262,0.6,0,0,-0.0017166,-0.010491,0.0013352,0.10586,-0.099302,0.012601,0.00095369,0.010872,-0.0040055,0.10357,-0.090254,0.0046438,-0.0027322,-0.0062696,0.003476,-0.0013644,-0.0028742,0.0090809,0.0019752,-0.0040845,-0.000944,0.0079545,-0.0024958,0.015575,1.0473,3.5714,-0.14952,-0.49443,3.0033,-1.844,0.20945,-3.6081,0.77062,1.1343,-0.11931,0.083196,0.12196,0.019086,-0.016406,-0.25505,-0.1145,0.10151,0.14557,-0.0046604,0.014551,-0.24307,-0.19744,0.082719,184,184,9678,15,1003.9
30.204,0.0013774,0.0018879,9683,0.010019,1.3613,0.0029979,0.023569,0.00066409,-1.327e-05,0.0015473,1,2,0.55104,99.266,0.6,0,0,-0.0017166,-0.010491,0.0013352,0.10586,-0.099302,0.012601,0.00095369,0.010872,-0.0040055,0.10357,-0.090254,0.0046438,-0.0023397,0.0067184,0.013958,0.0027679,-0.0049179,0.010427,0.0044874,-0.002439,-0.0033723,0.010792,0.0034384,7.6533e-05,1.8851,3.8645,0.057509,0.087253,2.583,-1.6219,-0.62835,-3.4249,1.0237,0.49443,0.64361,0.43309,0.14132,0.13044,-0.089067,-0.37148,-0.19391,0.19016,0.14143,0.040055,0.011168,-0.01319,-0.12984,0.083751,184,184,9682,15,1003.9
30.233,0.0025197,0.012446,9691,0.029445,1.3626,0.0029548,0.023597,-0.0015774,0.0015425,0.00030847,1,2,0.59083,99.263,0.6,0,0,-0.0017166,-0.010491,0.0013352,0.10586,-0.099302,0.012601,0.00095369,0.010872,-0.003624,0.10357,-0.090254,0.0046438,-0.0054731,-0.00039653,0.0010451,-0.0028534,0.0032554,0.0069949,0.0072727,-0.001526,-0.0074618,0.0060408,0.0050296,0.00037714,0.76799,3.4982,-0.011502,-0.14542,2.9421,-1.5435,2.304,-4.1209,0.79363,1.0179,0.23556,0.2221,0.16489,0.18614,-0.078484,-0.4362,-0.26606,0.23248,0.066755,0.052704,-0.0019783,0.23388,-0.15594,-0.00024202,184,184,9694,15,1003.9
30.253,0.0013519,0.011057,9699,0.01955,1.3631,0.0029592,0.023606,0.00098901,0.00060714,9.7117e-05,1,2,0.63062,99.268,0.6,0,0,-0.0017166,-0.010491,0.0013352,0.10586,-0.099302,0.012601,0.00095369,0.010872,-0.0040055,0.10357,-0.090254,0.0046438,-0.010351,0.0015809,0.0040444,-0.00020795,-0.0048963,0.011496,0.0064476,-0.0086597,0.0036845,0.0072211,0.0048356,-0.0019572,1.4662,3.6813,-0.10352,-0.31993,2.8021,-1.4918,0.76799,-3.6447,0.90864,0.66894,0.27513,0.19798,0.17144,0.15286,-0.025075,-0.37666,-0.19407,0.20517,-0.0053169,0.065271,-0.014171,0.2916,-0.22451,-0.024981,184,184,9702,15,1003.9
30.264,0.0074688,0.0081005,9706,0.011168,1.3629,0.0029546,0.023604,-0.00022413,0.00046461,-0.00070546,1,2,0.67115,99.267,0.6,0,0,-0.0017166,-0.010491,0.0013352,0.10586,-0.099302,0.012601,0.00095369,0.010872,-0.0040055,0.10357,-0.090254,0.0046438,-0.0052807,-0.011126,0.0087405,-0.0003134,0.0010038,0.011005,0.0053243,-0.0030683,-0.00081967,0.0017406,0.0037698,0.0025742,-0.76799,3.022,-0.19553,-0.78527,3.2827,-1.8129,-0.62835,-3.4615,0.93165,0.66894,0.010525,0.15033,0.18951,0.12638,-0.019745,-0.35123,-0.18178,0.19344,-0.037883,0.071092,-0.026429,0.30012,-0.23159,-0.029538,184,184,9705,15,1003.9
30.294,0.0012799,0.012318,9713,0.029571,1.36,0.0029372,0.023554,-0.00065922,-0.0016579,-0.0017446,1,2,0.70941,99.269,0.6,0,0,-0.0017166,-0.010491,0.0013352,0.10586,-0.099302,0.012601,0.00095369,0.010872,-0.0040055,0.10357,-0.090254,0.0046438,-0.0053058,-0.0062286,0.0023846,-0.0041231,0.0026382,0.011195,0.006631,-0.0034536,0.00031877,0.0030847,0.0050458,0.014817,1.0473,3.2418,-0.19553,-0.3781,3.1211,-1.3699,-0.62835,-3.3516,0.79363,0.66894,0.49276,0.39967,0.19091,0.093343,-0.0084778,-0.32589,-0.17973,0.17251,-0.043076,0.077394,-0.028559,0.26675,-0.22162,-0.036473,184,184,9717,15,1003.9
30.315,0.0024022,0.011247,9722,0.020899,1.359,0.0029403,0.023537,-0.001994,-0.0018687,3.7202e-05,1,2,0.75551,99.271,0.6,0,0,-0.0017166,-0.010491,0.0013352,0.10586,-0.099302,0.012601,0.00095369,0.010872,-0.0040055,0.10357,-0.090254,0.0046438,-0.0057372,-0.0037339,0.011798,-0.0053437,0.0011175,0.0086889,0.00015058,-0.0020608,-0.00091741,0.0011089,-0.0013013,0.008967,0.34908,3.5714,-0.19553,-0.66894,2.9232,-1.8017,0.20945,-3.6081,0.90864,0.84344,0.18239,0.15003,0.17993,0.050811,0.0034598,-0.29826,-0.20169,0.14047,-0.024189,0.093229,-0.03217,0.19044,-0.19053,-0.039974,184,184,9724,15,1003.9
30.326,0.0012052,0.0028241,9729,0.011685,1.3586,0.002926,0.02353,-0.00099579,-0.00098503,-0.00015616,1,2,0.79348,99.267,0.6,0,0,-0.0017166,-0.010491,0.0013352,0.10586,-0.099302,0.012601,0.00095369,0.010872,-0.0040055,0.10357,-0.090254,0.0046438,-0.011003,-0.010371,0.011948,-0.0048402,0.00092551,0.010976,0.0051276,-0.0021978,0.0089046,0.0016447,0.00063835,0.00065581,1.0473,3.5348,-0.011502,-0.31993,3.1428,-1.7836,-1.0473,-3.5348,0.77062,0.029084,-0.1119,-0.046715,0.15808,0.023795,0.0066106,-0.28349,-0.23989,0.10737,0.0141,0.10768,-0.030981,0.099359,-0.15455,-0.036505,184,184,9729,15,1003.9
30.351,0.0018623,0.0089265,9736,0.02438,1.3584,0.0029055,0.02353,-0.00038197,0.00011251,-0.00089433,1,2,0.83109,99.268,0.6,0,0,-0.0017166,-0.010491,0.0013352,0.10586,-0.099302,0.012601,0.00095369,0.010872,-0.0040055,0.10357,-0.090254,0.0046438,-0.0056349,-0.00017466,0.0020962,-0.01223,0.002918,0.0037577,0.011483,-0.0036456,0.0035412,0.0064825,-0.0059378,-0.0025616,-0.76799,3.7179,-0.24154,-0.49443,2.9415,-1.4091,-1.0473,-3.6447,0.67861,0.84344,-0.19103,0.001532,0.13147,0.012219,0.0036525,-0.28306,-0.28546,0.07814,0.059362,0.11234,-0.023717,0.0017208,-0.12957,-0.02951,184,184,9737,15,1003.9
30.371,0.0017689,0.0092653,9744,0.020677,1.3597,0.0028833,0.023556,0.00074431,-0.00028387,0.00016547,1,2,0.87176,99.268,0.6,0,0,-0.0017166,-0.010491,0.0013352,0.10586,-0.099302,0.012601,0.00095369,0.010872,-0.0040055,0.10357,-0.090254,0.0046438,-0.015418,-0.0034581,0.0040694,-0.0010881,-0.0030882,0.0052694,0.0015493,-0.0042004,0.0040328,0.0075533,8.6855e-05,0.0052109,0.34908,3.2784,-0.51758,-0.66894,2.9031,-1.7687,0.76799,-3.3516,0.90864,0.3781,0.22195,0.12591,0.10418,0.0056882,-0.0031817,-0.28941,-0.33224,0.049919,0.09887,0.11404,-0.01158,-0.10057,-0.13861,-0.026097,184,184,9746,15,1003.9
30.396,0.0016177,0.012043,9753,0.024488,1.3607,0.0028905,0.023572,0.00074023,0.0010587,5.4732e-06,1,2,0.91482,99.27,0.6,0,0,-0.0017166,-0.010491,0.0013352,0.10586,-0.099302,0.012601,0.00095369,0.010872,-0.0040055,0.10357,-0.090254,0.0046438,-0.0078851,-0.012022,0.0073001,-0.0069154,-0.0018704,0.010205,0.0056842,-0.0046142,-0.0035164,0.0051611,0.0017218,0.016101,-0.48872,3.6081,-0.10352,0.087253,2.8425,-1.6026,-0.62835,-3.3516,0.93165,0.029084,0.45193,0.11108,0.087577,-0.011039,-0.0088211,-0.29959,-0.34187,0.012272,0.11857,0.113,0.0081861,-0.18219,-0.16251,-0.050449,184,184,9756,15,1003.9
30.412,0.0013796,0.011074,9759,0.016507,1.3592,0.0028875,0.023547,0.0011188,-0.00022601,-0.00061191,1,2,0.94932,99.269,0.6,0,0,-0.0017166,-0.010491,0.0013352,0.10586,-0.099302,0.012601,0.00095369,0.010872,-0.003624,0.10357,-0.090254,0.0046438,-0.0040956,-0.0043763,0.0022846,-0.0021004,-0.00074275,0.012503,0.0033391,-0.006104,-0.0065719,0.0018406,-8.0741e-05,0.014166,0.34908,3.5348,-0.33355,-0.49443,2.703,-1.6854,-0.069817,-3.7546,0.67861,1.0179,0.010525,0.15033,0.089451,-0.027873,-0.0082481,-0.30096,-0.30601,-0.030828,0.12355,0.09936,0.033812,-0.22966,-0.17904,-0.097453,184,184,9762,15,1003.9
30.427,0.0013083,0.006655,9767,0.014999,1.3588,0.0028545,0.023544,-0.0013221,-0.00011593,0.00043516,1,2,0.98808,99.276,0.6,0,0,-0.0017166,-0.010491,0.0013352,0.10586,-0.099302,0.012601,0.00095369,0.010872,-0.003624,0.10357,-0.090254,0.0046438,-0.0018592,-0.0077201,0.0051409,-0.0031135,-0.00033651,0.015688,0.0011871,-0.0027389,-0.00045236,0.0050128,0.0030052,0.001291,1.0473,3.8278,-0.080513,-0.31993,2.7235,-1.8079,0.76799,-3.8645,1.2767,0.49443,0.34064,0.053537,0.099783,-0.041037,-0.003415,-0.25896,-0.25053,-0.081875,0.13074,0.058431,0.069504,-0.28106,-0.18524,-0.15702,184,184,9770,15,1003.9
30.447,0.0012496,0.005365,9777,0.01946,1.3586,0.0028544,0.02354,0.0014311,0.00082276,-0.00098591,1,2,0.029488,99.264,0.6,0,0,-0.0017166,-0.010491,0.0013352,0.10586,-0.099302,0.012601,0.00095369,0.010872,-0.003624,0.10357,-0.090254,0.0046438,-0.0071627,-0.011426,0.005221,-0.0047442,-0.0020629,0.015287,0.0088903,-0.0053461,-0.00539,0.0074768,0.0016523,0.015699,0.34908,3.7179,-0.12652,-0.5526,3.3624,-1.7656,-1.0473,-3.7179,0.77062,1.1343,-0.3765,-0.094369,0.10819,-0.040444,0.012334,-0.061024,-0.1786,-0.090694,0.15822,-0.058291,0.12065,-0.33627,-0.19132,-0.22339,184,184,9779,15,1003.9
30.473,0.001281,0.011422,9786,0.025948,1.3556,0.0028279,0.02349,-0.0010318,-0.0017055,-0.00040175,1,2,0.069306,99.267,0.6,0,0,-0.0017166,-0.010491,0.0013352,0.10586,-0.099302,0.012601,0.00095369,0.010872,-0.003624,0.10357,-0.090254,0.0046438,-0.0081796,-0.0071793,0.0044586,-0.011366,-0.0021501,0.0062321,0.0044152,-0.0035285,-0.00040455,0.0059473,-0.0043389,0.0039238,0.34908,3.4982,-0.011502,-0.3781,2.7241,-1.9423,-1.3265,-3.315,0.88564,-0.14542,0.17742,-0.097729,0.071845,0.0034151,0.021157,0.22958,-0.12283,-0.011067,0.19352,-0.18194,0.12107,-0.35087,-0.20663,-0.24458,184,184,9789,15,1003.9
30.486,0.0051808,0.009961,9793,0.013422,1.3558,0.0028473,0.023491,0.00073993,-0.00016956,0.00081223,1,2,0.10695,99.272,0.6,0,0,-0.0017166,-0.010491,0.0013352,0.10586,-0.099302,0.012601,0.00095369,0.010872,-0.003624,0.10357,-0.090254,0.0046438,-0.0073713,0.0024641,0.0076245,-0.006352,-0.0015145,0.0016511,-0.00062646,-0.0049561,0.0019083,0.00084495,0.0031089,0.005282,0.62835,3.4982,-0.011502,-0.20359,3.0822,-1.6175,1.1869,-3.5348,1.0237,0.49443,0.084715,0.18869,-0.01437,0.028413,0.031185,0.32725,-0.20047,0.02368,0.20671,-0.19726,0.084704,-0.29693,-0.17837,-0.2492,184,184,9795,15,1003.9
30.515,0.002476,0.012676,9802,0.028482,1.3549,0.0028318,0.023477,-0.0010739,-0.0010108,0.001231,1,2,0.15268,99.267,0.6,0,0,-0.0017166,-0.010491,0.0013352,0.10586,-0.099302,0.012601,0.00095369,0.010872,-0.003624,0.10357,-0.090254,0.0046438,-0.0032558,-0.0001453,0.0043313,-0.010406,-0.0016475,0.0076655,0.0099328,-0.00077055,0.0028732,0.0064316,0.0031859,0.014349,-0.48872,3.6081,-0.011502,0.087253,3.1234,-1.9075,-0.20945,-3.3516,0.79363,0.49443,-0.008022,0.14074,-0.057269,0.032702,0.048657,0.36112,-0.20893,0.027744,0.20697,-0.17808,0.062536,-0.26153,-0.15287,-0.25349,184,184,9805,15,1003.9
30.527,0.0014511,0.0052676,9809,0.012198,1.3541,0.0028299,0.023463,0.00057791,-0.0012149,4.0925e-06,1,2,0.19008,99.266,0.6,0,0,-0.0017166,-0.010491,0.0013352,0.10586,-0.099302,0.012601,0.00095369,0.010872,-0.003624,0.10357,-0.090254,0.0046438,-0.0098475,-0.0023714,0.0049078,-0.0038588,0.0010496,-0.00037634,0.00075754,-0.0038298,0.0063067,0.0048492,0.0028038,-6.1126e-05,1.0473,3.6813,-0.51758,-0.5526,3.0021,-1.5752,0.48872,-3.5714,1.2537,1.0179,0.10326,0.19828,-0.068326,0.030833,0.053697,0.34287,-0.2041,0.026801,0.20452,-0.1509,0.04936,-0.24771,-0.14483,-0.24288,184,184,9810,15,1003.9
30.554,0.0026818,0.011521,9817,0.027135,1.354,0.0027866,0.023466,-0.0028453,-0.00031054,-0.0014652,1,2,0.23419,99.26,0.6,0,0,-0.0017166,-0.010491,0.0013352,0.10586,-0.099302,0.012601,0.00095369,0.010872,-0.0040055,0.10357,-0.090254,0.0046438,-0.0055275,-0.0054587,0.004759,-0.0087584,-0.00072457,0.0087781,0.0046971,-0.0044555,0.0029273,0.0025992,0.0036573,-0.0089998,0.34908,3.6081,0.21853,-0.66894,3.1032,-1.8745,-0.069817,-3.7546,0.77062,0.66894,0.076076,0.34025,-0.053236,0.022961,0.054479,0.28107,-0.18426,0.02224,0.20051,-0.11138,0.037197,-0.24263,-0.14332,-0.2096,184,184,9819,15,1003.9
30.573,0.0013941,0.011456,9823,0.018969,1.3552,0.0027921,0.023488,-0.00029056,0.0020584,0.0015556,1,2,0.2698,99.271,0.6,0,0,-0.0017166,-0.010491,0.0013352,0.10586,-0.099302,0.012601,0.00095369,0.010872,-0.003624,0.10357,-0.090254,0.0046438,-0.0046108,-0.0089949,0.010463,-0.0095121,-0.0011708,0.0092756,0.0019823,-0.0030686,0.006647,0.0090896,-0.0019514,0.0097522,-0.48872,3.8278,-0.057509,-0.66894,3.1823,-1.6704,-1.0473,-3.315,0.67861,0.66894,-0.16508,-0.11879,-0.020373,0.009765,0.054069,0.20197,-0.15816,0.014848,0.19316,-0.07958,0.033694,-0.24493,-0.15348,-0.16886,184,184,9826,15,1003.9
30.593,0.0027563,0.010948,9831,0.019714,1.354,0.0027847,0.023467,-0.00028354,-0.0011497,0.0011878,1,2,0.31235,99.267,0.6,0,0,-0.0017166,-0.010491,0.0013352,0.10586,-0.099302,0.012601,0.00095369,0.010872,-0.0040055,0.10357,-0.090254,0.0046438,-0.001255,-0.0038987,0.0023928,7.1552e-05,0.0010952,0.0014212,8.9525e-05,-0.0048514,-0.0019086,0.0037798,0.0035489,0.015552,-0.48872,3.4982,-0.011502,-0.31993,2.8624,-1.5908,-0.62835,-3.5348,0.77062,0.31993,0.49519,0.021999,0.020157,-0.0020269,0.048768,0.097307,-0.1204,0.0095194,0.17453,-0.062689,0.029571,-0.24153,-0.18163,-0.12613,184,184,9833,15,1003.9
30.606,0.0014939,0.004514,9838,0.013079,1.352,0.0027695,0.023434,0.00080899,-0.0011254,0.00031744,1,2,0.34956,99.27,0.6,0,0,-0.0017166,-0.010491,0.0013352,0.10586,-0.099302,0.012601,0.00095369,0.010872,-0.0040055,0.10357,-0.090254,0.0046438,-0.0090593,-0.004981,0.0084637,-0.0093483,-0.00019431,0.005468,0.003347,-0.0029951,0.0032872,0.0059821,0.0076432,0.0037455,0.76799,3.5714,0.080513,-0.49443,2.7642,-1.9859,-0.069817,-3.4249,0.90864,0.84344,0.49276,0.39967,0.063574,-0.016581,0.045774,-0.0098234,-0.082989,0.0069072,0.15286,-0.066584,0.02978,-0.2382,-0.22235,-0.10021,184,184,9839,15,1003.9
30.642,0.0014894,0.021078,9846,0.036085,1.3515,0.0027777,0.023425,0.0017819,0.0004459,-0.00043101,1,2,0.38858,99.268,0.6,0,0,-0.0017166,-0.010491,0.0013352,0.10586,-0.099302,0.012601,0.00095369,0.010872,-0.0040055,0.10357,-0.090254,0.0046438,-0.0037375,-0.012863,0.010047,-0.00079242,-0.00084133,0.010307,0.01195,-0.0051502,0.0033472,0.0026448,-0.0049724,0.0089837,1.8851,3.4982,-0.057509,-0.14542,3.1038,-2.0089,-0.62835,-3.4982,1.0237,0.3781,0.38641,0.25552,0.096963,-0.031354,0.047715,-0.093128,-0.068772,0.0071033,0.13726,-0.074757,0.031642,-0.2455,-0.25798,-0.08834,184,184,9853,15,1003.9
30.653,0.0012759,0.011042,9855,0.011395,1.3496,0.0027787,0.023391,0.00021712,-0.0002507,0.0006848,1,2,0.43106,99.268,0.6,0,0,-0.0017166,-0.010491,0.0013352,0.10586,-0.099302,0.012601,0.00095369,0.010872,-0.0040055,0.10357,-0.090254,0.0046438,0.0005174,-0.006997,0.0061242,-0.0098473,-0.0047891,0.0096056,0.0090528,-0.0039782,0.00086528,-0.0010541,8.3225e-05,-0.0044174,1.0473,3.5714,-0.10352,-0.49443,3.3624,-1.7656,1.0473,-3.9377,0.93165,0.66894,0.10326,0.19828,0.11192,-0.036382,0.043408,-0.14516,-0.069338,0.021994,0.13239,-0.067156,0.031699,-0.26844,-0.27237,-0.066904,184,184,9858,15,1003.9
30.677,0.001652,0.012534,9864,0.023502,1.3517,0.0027874,0.023426,0.0011449,0.0013002,-0.00030007,1,2,0.4758,99.264,0.6,0,0,-0.0017166,-0.010491,0.0013352,0.10586,-0.099302,0.012601,0.00095369,0.010872,-0.0040055,0.10357,-0.090254,0.0046438,-0.0078208,-0.0056466,0.016096,-0.0024265,-0.0009621,0.010007,0.0020256,-0.0025494,0.0049493,0.0016154,-0.00023294,-0.00095805,0.62835,3.7179,0.057509,-0.14542,3.2623,-1.7127,0.20945,-3.4249,0.90864,0.20359,-0.029038,0.17445,0.1153,-0.025252,0.024624,-0.19027,-0.08051,0.057241,0.14005,-0.043294,0.026507,-0.2824,-0.2477,-0.0022653,184,184,9867,15,1003.9
30.695,0.0014153,0.012508,9870,0.018209,1.3511,0.002767,0.023418,0.00014372,0.0011463,0.00024349,1,2,0.51179,99.266,0.6,0,0,-0.0017166,-0.010491,0.0013352,0.10586,-0.099302,0.012601,0.00095369,0.010872,-0.0040055,0.10357,-0.090254,0.0046438,-0.0056007,-0.0051368,0.0050132,-0.0021373,-0.0026531,0.013881,0.013677,-0.0082978,0.0071527,0.0050872,0.0082592,0.023731,0.62835,3.3883,-0.12652,-1.0761,3.2023,-1.681,-1.4662,-3.2784,1.0237,0.66894,0.33944,0.40956,0.12159,0.017897,-0.016038,-0.25391,-0.11555,0.099243,0.14625,-0.0055209,0.014753,-0.24345,-0.19726,0.08154,184,184,9874,15,1003.9
30.714,0.0012613,0.012348,9878,0.01939,1.3498,0.0027588,0.023396,-0.00017648,0.00030802,0.0011945,1,2,0.55059,99.27,0.6,0,0,-0.0017166,-0.010491,0.0013352,0.10586,-0.099302,0.012601,0.00095369,0.010872,-0.0040055,0.10357,-0.090254,0.0046438,-0.0019119,-0.0026252,0.0048098,0.0028321,-0.00038804,0.013162,0.0083891,-0.0044187,0.0039694,0.00036316,0.00019055,0.0068882,1.0473,3.6813,-0.19553,-0.49443,2.6046,-2.0133,0.34908,-3.6447,0.90864,0.66894,0.35425,0.14973,0.14081,0.12943,-0.0888,-0.37034,-0.19345,0.18842,0.14185,0.03998,0.011113,-0.016173,-0.12991,0.083955,184,184,9882,15,1003.9
30.733,0.0020027,0.011606,9886,0.018941,1.3494,0.002739,0.023392,-0.00014377,-0.0007072,-1.629e-05,1,2,0.59127,99.27,0.6,0,0,-0.0017166,-0.010491,0.0013352,0.10586,-0.099302,0.012601,0.00095369,0.010872,-0.003624,0.10357,-0.090254,0.0046438,-0.0041607,-0.0052973,-0.00079817,-0.0069858,-0.0019146,0.0093403,0.00071547,-0.0038036,0.0091083,0.0067599,-0.0025223,0.0043382,2.5832,4.0842,-0.19553,-0.31993,3.0244,-2.1234,-0.90762,-3.3516,0.77062,0.84344,0.42104,0.31801,0.16409,0.18606,-0.078731,-0.43741,-0.26669,0.23196,0.068401,0.05301,-0.0017237,0.23373,-0.15491,5.8818e-05,184,184,9888,15,1003.9
30.757,0.00142,0.014465,9893,0.023911,1.349,0.0027616,0.023383,0.00032322,0.0002757,-0.00074328,1,2,0.63236,99.272,0.6,0,0,-0.0017166,-0.010491,0.0013352,0.10586,-0.099302,0.012601,0.00095369,0.010872,-0.0040055,0.10357,-0.090254,0.0046438,-0.0079942,-0.0087044,0.0030075,-0.0050071,-0.00048892,0.0019611,0.0043814,-0.0064243,0.0087721,0.0020016,0.0047827,0.012743,-0.76799,3.5348,-0.011502,-0.49443,2.9627,-1.6884,-0.34908,-3.5348,0.79363,0.84344,0.18239,0.15003,0.17096,0.15185,-0.024652,-0.37629,-0.19323,0.20277,-0.0044343,0.065658,-0.013776,0.29099,-0.22449,-0.025341,184,184,9898,15,1003.9
30.773,0.0013367,0.011218,9900,0.0163,1.3483,0.0027584,0.023369,0.0018024,-0.001061,0.00050317,1,2,0.67129,99.264,0.6,0,0,-0.0017166,-0.010491,0.0013352,0.10586,-0.099302,0.012601,0.00095369,0.010872,-0.0040055,0.10357,-0.090254,0.0046438,0.0018332,-0.0035197,0.0065496,-0.013099,0.0020248,0.009718,0.0030914,-0.0065757,0.0072941,0.0008276,0.0018875,0.0075296,0.34908,3.6081,0.17253,-0.84344,2.9042,-2.0375,-0.34908,-3.4249,0.77062,0.84344,0.25658,0.18839,0.18917,0.12631,-0.019279,-0.35167,-0.18182,0.19396,-0.037178,0.071108,-0.02639,0.29986,-0.23121,-0.029342,184,184,9903,15,1003.9
30.795,0.001292,0.012456,9908,0.02127,1.3484,0.0027396,0.023374,0.00015172,0.0013071,0.0007893,1,2,0.71128,99.256,0.6,0,0,-0.0017166,-0.010491,0.0013352,0.10586,-0.099302,0.012601,0.00095369,0.010872,-0.0040055,0.10357,-0.090254,0.0046438,-0.0094222,0.00086014,0.0070482,-0.0008717,0.0018186,0.0085069,0.011024,-0.0053661,0.0061942,0.0015457,0.0052943,0.023449,1.0473,3.6813,0.17253,-0.31993,2.7631,-1.7171,-0.76799,-3.5348,0.88564,0.49443,0.12428,0.16456,0.19078,0.091483,-0.0076664,-0.32419,-0.17974,0.17195,-0.042519,0.077609,-0.028493,0.2639,-0.22103,-0.036798,184,184,9912,15,1003.9
30.812,0.0016175,0.010172,9916,0.017555,1.3487,0.0027457,0.023379,1.6532e-05,0.00042072,0.00058846,1,2,0.75145,99.273,0.6,0,0,-0.0017166,-0.010491,0.0013352,0.10586,-0.099302,0.012601,0.00095369,0.010872,-0.0040055,0.10357,-0.090254,0.0046438,-0.0054507,0.0026136,0.0042975,-0.0082951,0.0032653,0.0073252,0.0025658,-0.0054208,-0.0035162,0.010586,0.0062971,0.02468,-0.76799,3.4982,-0.12652,-0.49443,3.0021,-1.5752,-0.76799,-3.2051,0.77062,1.3088,0.12922,0.077957,0.18098,0.054923,0.0017362,-0.30106,-0.20084,0.14435,-0.024633,0.091956,-0.03206,0.19625,-0.19165,-0.039356,184,184,9918,15,1003.9
30.834,0.0013411,0.012202,9924,0.021686,1.3474,0.0027282,0.023358,-0.00082192,-0.00033495,-0.00041118,1,2,0.79025,99.268,0.6,0,0,-0.0017166,-0.010491,0.0013352,0.10586,-0.099302,0.012601,0.00095369,0.010872,-0.0040055,0.10357,-0.090254,0.0046438,-0.003737,-0.0088027,0.0075619,-0.0062702,0.00030337,0.0092072,-0.0018269,-0.0037672,0.0014239,0.0080733,-0.0031444,0.0066596,0.34908,3.5714,0.080513,-0.66894,3.0628,-1.7413,0.20945,-3.6447,0.77062,0.84344,-0.21698,0.12185,0.15981,0.025244,0.0065626,-0.2841,-0.23614,0.11019,0.011235,0.10658,-0.030945,0.10654,-0.15669,-0.037167,184,184,9927,15,1003.9
30.853,0.0013342,0.010991,9932,0.019333,1.3481,0.0027345,0.023369,0.00047115,0.001623,0.0013077,1,2,0.8315,99.27,0.6,0,0,-0.0017166,-0.010491,0.0013352,0.10586,-0.099302,0.012601,0.00095369,0.010872,-0.0040055,0.10357,-0.090254,0.0046438,-0.0077577,-0.0080176,0.0090257,-0.0017136,-0.004343,0.012451,0.0030268,-0.0078548,0.0043592,0.0052202,0.0018717,0.010635,-0.069817,3.6813,-0.12652,-0.95978,2.7224,-1.5391,0.20945,-3.315,0.54059,0.84344,0.10326,0.19828,0.13271,0.011805,0.004296,-0.2828,-0.28405,0.078504,0.056139,0.11287,-0.025165,0.004738,-0.1302,-0.029446,184,184,9935,15,1003.9
30.875,0.0012886,0.014303,9940,0.022204,1.3482,0.0027129,0.023373,-1.6674e-05,0.00025979,-0.00011626,1,2,0.86912,99.263,0.6,0,0,-0.0017166,-0.010491,0.0013352,0.10586,-0.099302,0.012601,0.00095369,0.010872,-0.0040055,0.10357,-0.090254,0.0046438,-0.007201,-0.0021124,0.001902,0.0077296,0.0019259,0.011499,0.006728,-0.0058843,-0.0018184,0.003422,-0.00027361,0.016043,1.8851,3.4615,-0.19553,-0.49443,2.9031,-1.7687,0.34908,-3.6447,0.77062,0.66894,0.089652,0.10208,0.10588,0.0059877,-0.0029692,-0.28826,-0.32916,0.051268,0.097305,0.1138,-0.012709,-0.09468,-0.13607,-0.025519,184,184,9946,15,1003.9
30.894,0.0022363,0.01247,9949,0.018008,1.3479,0.0027049,0.02337,-0.0010033,-6.6515e-06,-0.00011811,1,2,0.91066,99.271,0.6,0,0,-0.0017166,-0.010491,0.0013352,0.10586,-0.099302,0.012601,0.00095369,0.010872,-0.003624,0.10357,-0.090254,0.0046438,-0.0030541,0.00017671,0.0063542,-0.0041812,-0.0025266,0.011352,0.0042584,-0.0044544,0.0016619,0.001737,0.0032047,0.0073009,1.0473,3.7179,0.034505,-0.14542,2.5841,-1.8907,0.069817,-3.8645,0.88564,0.3781,-0.072339,-0.070838,0.08796,-0.0097155,-0.0083239,-0.2974,-0.34264,0.016404,0.11844,0.11244,0.0072802,-0.17827,-0.16082,-0.046242,184,184,9952,15,1003.9
30.909,0.0013615,0.0073471,9957,0.015543,1.3494,0.0027049,0.023395,0.0021593,0.00015609,0.00052797,1,2,0.9503,99.272,0.6,0,0,-0.0017166,-0.010491,0.0013352,0.10586,-0.099302,0.012601,0.00095369,0.010872,-0.0040055,0.10357,-0.090254,0.0046438,-0.0026444,-0.010311,0.0053178,-0.0013038,0.002449,0.0084924,0.0069456,-0.0078439,0.0059034,0.0076001,-0.001892,-0.00074023,1.0473,3.2418,0.011502,-0.3781,2.8425,-1.6026,-0.069817,-3.4249,0.90864,0.49443,-0.11931,0.083196,0.088801,-0.027849,-0.0083666,-0.30183,-0.30685,-0.030644,0.12297,0.10048,0.032653,-0.22827,-0.17787,-0.097644,184,184,9960,15,1003.9
30.933,0.0017481,0.009602,9964,0.024099,1.3484,0.0027143,0.023377,-0.00066652,0.0001471,0.00041363,1,2,0.99412,99.265,0.6,0,0,-0.0017166,-0.010491,0.0013352,0.10586,-0.099302,0.012601,0.00095369,0.010872,-0.0040055,0.10357,-0.090254,0.0046438,-0.0052523,-0.0059283,0.006192,-0.004229,-0.0020732,0.011832,0.0056961,-0.0052501,0.0032651,0.002567,0.001782,0.0017016,0.34908,3.5714,-0.057509,-0.49443,3.0628,-1.7413,1.0473,-3.315,0.33355,-0.14542,0.31469,0.17386,0.099166,-0.042832,-0.0028883,-0.25164,-0.24769,-0.087462,0.13246,0.053516,0.072347,-0.28527,-0.18414,-0.16294,184,184,9966,15,1003.9
30.951,0.0014477,0.0094018,9971,0.018261,1.3483,0.0027134,0.023375,-0.00023425,-0.0012253,0.00085174,1,2,0.030983,99.271,0.6,0,0,-0.0017166,-0.010491,0.0013352,0.10586,-0.099302,0.012601,0.00095369,0.010872,-0.0040055,0.10357,-0.090254,0.0046438,-0.011863,-0.0090135,0.0056265,-0.0155,-0.0016283,0.0081344,0.0043369,-0.0064018,0.0048535,0.0016191,-0.00069426,0.0026594,1.0473,3.2784,-0.011502,-0.84344,2.8826,-1.6461,0.76799,-3.4249,0.90864,1.0179,0.36786,0.24593,0.10849,-0.038576,0.013246,-0.042192,-0.17286,-0.087382,0.15952,-0.067916,0.12221,-0.34026,-0.19289,-0.22653,184,184,9973,15,1003.9
30.995,0.020348,0.040139,9977,0.04406,1.3481,0.0027096,0.023372,-1.8434e-05,-0.0017385,-0.0016958,1,2,0.095446,99.263,0.6,0,0,-0.0017166,-0.010491,0.0013352,0.10586,-0.099302,0.012601,0.00095369,0.010872,-0.0040055,0.10357,-0.090254,0.0046438,-0.010877,-0.0090884,0.011878,-0.0076316,0.000742,0.016393,0.0038865,-0.0037572,0.0023955,0.00050067,0.0071206,0.011027,0.76799,3.5714,0.17253,-0.14542,2.6034,-1.7445,-0.20945,-3.2051,1.0007,0.20359,-0.15887,0.10732,0.06569,0.0067721,0.024761,0.26301,-0.13604,-0.0092154,0.19877,-0.18414,0.11426,-0.34642,-0.20326,-0.24873,184,184,9981,15,1003.9
31.014,0.0017402,0.01223,9984,0.018037,1.3479,0.0027081,0.02337,0.00016728,-0.00053605,0.00036497,1,2,0.15018,99.273,0.6,0,0,-0.0017166,-0.010491,0.0013352,0.10586,-0.099302,0.012601,0.00095369,0.010872,-0.003624,0.10357,-0.090254,0.0046438,-0.0047264,-0.0052944,0.0061083,-0.0083702,-0.0011207,0.0087438,0.00030128,-0.0022958,0.011879,0.0039005,-0.0016067,0.012073,0.34908,3.5714,-0.26454,-0.49443,2.3684,-1.5085,0.20945,-3.7179,0.90864,0.66894,0.7623,0.36072,-0.023427,0.029682,0.039943,0.33398,-0.20697,0.022289,0.20767,-0.17939,0.069793,-0.28161,-0.16427,-0.24786,184,184,9987,15,1003.9
31.035,0.0013427,0.01196,9992,0.021243,1.3476,0.0027022,0.023364,6.799e-05,-0.00098438,-0.00014236,1,2,0.19242,99.272,0.6,0,0,-0.0017166,-0.010491,0.0013352,0.10586,-0.099302,0.012601,0.00095369,0.010872,-0.0040055,0.10357,-0.090254,0.0046438,-0.0054908,-0.0018762,0.0042194,0.0012556,-0.0031997,0.0071552,0.0056973,-0.0037362,0.0039739,-0.00066898,-0.0018959,0.016744,1.0473,3.7179,-0.057509,-0.029084,2.8826,-1.6461,-0.62835,-3.6447,0.90864,0.49443,0.46554,0.20728,-0.054506,0.029737,0.052428,0.33145,-0.20106,0.024557,0.2052,-0.14916,0.050203,-0.25393,-0.14623,-0.23766,184,184,9995,15,1003.9
31.054,0.0014534,0.011344,9999,0.019105,1.3473,0.0026941,0.023361,-0.00080896,0.0011384,-0.00060684,1,2,0.23198,99.27,0.6,0,0,-0.0017166,-0.010491,0.0013352,0.10586,-0.099302,0.012601,0.00095369,0.010872,-0.0040055,0.10357,-0.090254,0.0046438,-0.0068346,-0.013172,-0.00011174,-0.0031526,0.0010419,0.012278,8.2673e-07,-0.0035913,-0.005248,0.0024235,0.0057054,0.0072742,-0.069817,3.4249,0.19553,-0.49443,2.8821,-1.5117,0.069817,-3.4982,1.1157,0.84344,-0.11931,0.083196,-0.048371,0.022328,0.054247,0.27986,-0.18472,0.021251,0.20095,-0.11309,0.039255,-0.24644,-0.14437,-0.20936,184,184,10002,15,1003.9
31.073,0.0014026,0.010304,10007,0.019235,1.3473,0.0026914,0.02336,0.0021607,0.00061832,0.00043822,1,2,0.27251,99.267,0.6,0,0,-0.0017166,-0.010491,0.0013352,0.10586,-0.099302,0.012601,0.00095369,0.010872,-0.0040055,0.10357,-0.090254,0.0046438,-0.011026,0.001084,0.007398,-0.0030049,-0.0017452,0.0083206,0.0061762,-0.0033911,0.0041187,-0.0031815,0.0026436,0.015561,1.0473,3.5714,0.057509,0.087253,2.9237,-1.9137,1.0473,-3.7546,0.90864,0.49443,-0.19103,0.001532,-0.018048,0.0095237,0.053599,0.19649,-0.15657,0.0147,0.19207,-0.07741,0.032245,-0.24524,-0.1543,-0.16607,184,184,10009,15,1003.9
31.105,0.0014021,0.020526,10015,0.032176,1.3469,0.0026844,0.023353,-0.0003831,0.00090691,-0.0011421,1,2,0.31641,99.266,0.6,0,0,-0.0017166,-0.010491,0.0013352,0.10586,-0.099302,0.012601,0.00095369,0.010872,-0.0040055,0.10357,-0.090254,0.0046438,-0.00428,-0.0034516,0.0022144,-0.0042548,0.0017411,0.0055884,0.0072181,-0.0054676,0.0097698,-0.0036244,0.0062649,0.019512,-0.48872,3.7912,-0.011502,-0.66894,2.8419,-1.4682,0.76799,-3.6447,0.79363,0.66894,0.35425,0.14973,0.023089,-0.0028958,0.048423,0.087879,-0.11648,0.009256,0.17286,-0.061787,0.028938,-0.24051,-0.18411,-0.12301,184,184,10021,15,1003.9
31.126,0.0056513,0.017825,10025,0.020808,1.3467,0.0026797,0.023351,-0.0011838,0.0012987,0.0011513,1,2,0.37203,99.322,0.6,0,0,-0.0017166,-0.010491,0.0013352,0.10586,-0.099302,0.012601,0.00095369,0.010872,-0.0040055,0.10357,-0.090254,0.0046438,-0.00036804,-0.0037496,0.0026836,-0.0055729,-0.0039024,0.0025665,0.005988,-0.0011779,-0.00020301,0.00018578,0.0050527,0.0090497,1.0473,3.4615,0.057509,-0.31993,3.0027,-1.7096,-0.34908,-3.4982,0.90864,0.49443,0.15023,0.044243,0.067443,-0.02391,0.049031,-0.04169,-0.071608,0.012744,0.14834,-0.071202,0.027461,-0.23833,-0.23041,-0.093782,184,184,10029,15,1003.9
31.138,0.001263,0.0056951,10032,0.011767,1.3466,0.0026759,0.02335,-0.0013353,-0.00057551,0.00064605,1,2,0.41097,99.316,0.6,0,0,-0.0017166,-0.010491,0.0013352,0.10586,-0.099302,0.012601,0.00095369,0.010872,-0.003624,0.10357,-0.090254,0.0046438,-0.0068362,-0.0098837,0.014413,-0.0055825,-0.0024067,0.0076651,0.0070162,-0.003235,-1.4855e-05,0.0088128,0.0075005,0.0071444,-0.069817,3.6813,-0.057509,0.087253,3.2623,-1.7127,-0.34908,-3.5348,0.56359,0.84344,0.18239,0.15003,0.10315,-0.035394,0.048187,-0.11787,-0.067422,0.014969,0.1342,-0.07344,0.030658,-0.256,-0.26567,-0.080318,184,184,10033,15,1003.9
31.155,0.0014795,0.011683,10035,0.017487,1.3464,0.0026716,0.023347,0.00052044,-0.0005649,-0.00027986,1,2,0.43434,99.314,0.6,0,0,-0.0017166,-0.010491,0.0013352,0.10586,-0.099302,0.012601,0.00095369,0.010872,-0.0040055,0.10357,-0.090254,0.0046438,-0.010422,-0.010407,0.009771,-0.0042211,0.00080167,-0.0016466,0.00025235,-0.0039469,0.00062762,0.0067367,0.0086654,0.013876,1.0473,3.8278,-0.011502,-0.49443,3.5204,-1.335,0.069817,-3.7179,0.90864,0.49443,-0.025371,-0.22487,0.1168,-0.034292,0.040337,-0.15337,-0.069836,0.023196,0.13209,-0.064972,0.032096,-0.27015,-0.27357,-0.059328,184,184,10037,15,1003.9
31.177,0.0013112,0.014898,10041,0.022129,1.3462,0.0026689,0.023344,8.087e-05,0.00050285,0.00017979,1,2,0.4719,99.313,0.6,0,0,-0.0017166,-0.010491,0.0013352,0.10586,-0.099302,0.012601,0.00095369,0.010872,-0.0040055,0.10357,-0.090254,0.0046438,-0.0060867,-0.003181,0.0020147,-0.0074781,-0.0023437,0.0091065,0.0020595,-0.0074461,-0.0042009,0.007873,0.0011295,0.012274,1.0473,3.5714,0.080513,-0.5526,3.1222,-1.6387,0.20945,-3.7179,0.77062,0.31993,0.15644,0.27035,0.11666,-0.025617,0.024392,-0.19004,-0.081201,0.052589,0.13943,-0.04432,0.027474,-0.28137,-0.25024,-0.00372,184,184,10046,15,1003.9
31.195,0.0013347,0.012165,10049,0.017631,1.3459,0.0026656,0.023339,0.002019,0.00071069,0.00078953,1,2,0.51267,99.325,0.6,0,0,-0.0017166,-0.010491,0.0013352,0.10586,-0.099302,0.012601,0.00095369,0.010872,-0.003624,0.10357,-0.090254,0.0046438,-0.003003,-0.0047661,0.0016725,-0.0092166,-0.00034937,0.0091784,0.0062703,-0.0035428,0.005416,0.0088232,0.0033463,0.0055576,0.62835,3.8645,-0.24154,-0.78527,2.9037,-1.9031,1.4662,-3.4249,0.90864,0.3781,0.11687,0.29447,0.1217,0.018421,-0.016129,-0.25451,-0.11543,0.099565,0.14578,-0.004955,0.015248,-0.24346,-0.19781,0.082505,184,184,10053,15,1003.9
31.214,0.0012822,0.0092638,10059,0.018902,1.3456,0.0026582,0.023334,0.00053661,0.00019147,-0.0013071,1,2,0.55623,99.317,0.6,0,0,-0.0017166,-0.010491,0.0013352,0.10586,-0.099302,0.012601,0.00095369,0.010872,-0.003624,0.10357,-0.090254,0.0046438,-0.0045283,-0.0035956,0.0039853,-0.0092818,0.00098477,0.013242,0.0031112,-0.0063,-0.0072106,0.00039934,-0.0049131,0.0037499,-0.76799,3.6081,-0.31055,-0.3781,3.2423,-1.7021,0.34908,-3.7912,0.56359,1.1343,-0.053756,0.27312,0.14235,0.13718,-0.092376,-0.37853,-0.198,0.19431,0.14106,0.041196,0.011308,0.0050222,-0.12966,0.076518,184,184,10061,15,1003.9
31.234,0.001482,0.010902,10066,0.019597,1.3454,0.0026534,0.023331,0.00080109,3.0385e-05,0.00085861,1,2,0.59251,99.32,0.6,0,0,-0.0017166,-0.010491,0.0013352,0.10586,-0.099302,0.012601,0.00095369,0.010872,-0.0040055,0.10357,-0.090254,0.0046438,-0.0070999,-0.006906,0.0035223,-0.0068445,0.0028337,0.016218,0.0041047,-0.0084403,-0.0019639,0.0021876,0.00081483,-0.0042222,1.4662,3.7179,-0.011502,-0.66894,2.7637,-1.8515,0.069817,-3.5348,0.79363,0.31993,0.50016,0.26976,0.16505,0.18469,-0.074717,-0.43472,-0.26481,0.23102,0.061656,0.053534,-0.0026267,0.23917,-0.16044,-0.0026715,184,184,10069,15,1003.9
31.254,0.0013645,0.010698,10075,0.020517,1.3452,0.00265,0.023328,0.0014688,0.0007442,0.00058867,1,2,0.63363,99.319,0.6,0,0,-0.0017166,-0.010491,0.0013352,0.10586,-0.099302,0.012601,0.00095369,0.010872,-0.0040055,0.10357,-0.090254,0.0046438,-0.0010879,-0.010615,0.010321,-0.007639,-0.0044361,0.0090491,-0.00053247,-0.0028217,-0.0035585,0.0068511,0.0016314,0.012898,0.34908,3.8278,0.057509,-0.3781,3.0821,-1.5951,0.20945,-3.4615,0.88564,1.0179,0.17745,0.23664,0.17222,0.15095,-0.02435,-0.37483,-0.19164,0.2025,-0.0070744,0.065894,-0.015006,0.29319,-0.22539,-0.025508,184,184,10078,15,1003.9
31.274,0.0011966,0.011398,10083,0.019414,1.345,0.0026475,0.023325,0.00058495,-0.00059683,-0.00022722,1,2,0.67088,99.316,0.6,0,0,-0.0017166,-0.010491,0.0013352,0.10586,-0.099302,0.012601,0.00095369,0.010872,-0.003624,0.10357,-0.090254,0.0046438,-0.0010442,-0.0051392,0.0054687,-0.0023226,-0.0027495,0.014404,0.0038273,-0.0031912,-0.0051085,0.011056,0.0030611,0.015109,-0.48872,3.5348,0.080513,-0.66894,2.5434,-1.7127,0.20945,-3.6081,0.79363,0.20359,-0.026569,0.13115,0.18993,0.12615,-0.019655,-0.35113,-0.18159,0.19383,-0.038884,0.071033,-0.026829,0.30068,-0.2317,-0.029232,184,184,10086,15,1003.9
31.293,0.0014455,0.008882,10092,0.019206,1.3448,0.002645,0.023322,0.00040843,-0.00044409,0.0001394,1,2,0.71471,99.319,0.6,0,0,-0.0017166,-0.010491,0.0013352,0.10586,-0.099302,0.012601,0.00095369,0.010872,-0.0040055,0.10357,-0.090254,0.0046438,-0.002917,-0.0027347,-0.00083921,-0.0047464,0.001513,0.01282,0.0067467,-0.0035621,0.0027737,0.0054543,0.0015239,0.010414,0.34908,3.6813,0.057509,-0.49443,2.8642,-2.0164,-0.34908,-3.6081,1.2537,0.3781,0.089687,0.43645,0.19031,0.088182,-0.0063329,-0.32182,-0.17959,0.1696,-0.042232,0.078157,-0.02851,0.25987,-0.21984,-0.037378,184,184,10093,15,1003.9
31.316,0.0012702,0.011055,10099,0.023056,1.3448,0.0026401,0.023322,0.0012436,0.00088409,0.00034729,1,2,0.75613,99.299,0.6,0,0,-0.0017166,-0.010491,0.0013352,0.10586,-0.099302,0.012601,0.00095369,0.010872,-0.0040055,0.10357,-0.090254,0.0046438,-0.0012939,-0.012705,-0.00012953,-0.0060721,0.002216,0.012488,0.0026793,-0.0043048,0.0070168,0.0046477,-0.0029784,0.0041013,-0.48872,3.6813,-0.24154,-0.20359,3.1828,-1.8048,0.069817,-3.3516,0.77062,0.029084,0.54593,0.47174,0.17967,0.05054,0.0025268,-0.29802,-0.20361,0.13973,-0.022434,0.094069,-0.032468,0.18735,-0.18799,-0.039335,184,184,10102,15,1003.9
31.336,0.0013864,0.013873,10105,0.019894,1.3446,0.0026367,0.023319,0.00032517,-7.0889e-06,0.0011506,1,2,0.79048,99.321,0.6,0,0,-0.0017166,-0.010491,0.0013352,0.10586,-0.099302,0.012601,0.00095369,0.010872,-0.0040055,0.10357,-0.090254,0.0046438,-0.0021929,-0.013833,-0.0034538,-0.0043764,-0.00075212,0.0057432,0.0086773,-0.0031204,0.0038497,0.0043035,0.0078417,0.018767,0.34908,3.7912,-0.33355,-0.49443,3.2023,-1.681,-0.62835,-3.4249,0.77062,0.66894,-0.026605,-0.20322,0.15883,0.025594,0.0053659,-0.28418,-0.23818,0.10864,0.014309,0.10682,-0.030293,0.10242,-0.15439,-0.036804,184,184,10110,15,1003.9
31.353,0.0014688,0.010623,10114,0.017357,1.3445,0.0026337,0.023317,3.8777e-05,0.00059504,0.00020458,1,2,0.832,99.32,0.6,0,0,-0.0017166,-0.010491,0.0013352,0.10586,-0.099302,0.012601,0.00095369,0.010872,-0.0040055,0.10357,-0.090254,0.0046438,-0.0078945,-0.0079524,0.0091988,0.0036105,-0.0034623,0.0015717,0.0025387,-0.0024563,0.0053502,0.0035498,-0.00045826,0.0045432,0.62835,3.4615,-0.42557,-0.66894,3.0232,-1.8322,0.76799,-3.315,0.79363,1.0179,0.010525,0.15033,0.1317,0.011992,0.0038909,-0.2833,-0.28522,0.077514,0.058,0.1127,-0.024371,0.0022205,-0.12941,-0.029438,184,184,10116,15,1003.9
31.374,0.0014084,0.011027,10122,0.020656,1.3441,0.0026301,0.023311,0.00010071,-7.5751e-05,0.00070211,1,2,0.87213,99.322,0.6,0,0,-0.0017166,-0.010491,0.0013352,0.10586,-0.099302,0.012601,0.00095369,0.010872,-0.0040055,0.10357,-0.090254,0.0046438,-0.0094773,0.0016787,0.010981,-0.0048304,0.00056301,0.0081383,0.0088513,-0.0058187,0.0024516,0.005635,0.0014112,-0.0073493,1.0473,3.9377,-0.057509,-0.14542,3.2418,-1.5677,-0.069817,-3.4982,1.1387,0.49443,-0.23059,0.025655,0.10442,0.0050823,-0.0030015,-0.28902,-0.33226,0.049478,0.098447,0.11422,-0.012133,-0.10072,-0.13838,-0.026086,184,184,10125,15,1003.9
31.393,0.0014244,0.011183,10130,0.019222,1.344,0.0026278,0.02331,4.0829e-05,-0.0011823,0.00020971,1,2,0.91046,99.318,0.6,0,0,-0.0017166,-0.010491,0.0013352,0.10586,-0.099302,0.012601,0.00095369,0.010872,-0.003624,0.10357,-0.090254,0.0046438,-0.0082064,0.0020265,0.0063483,-0.0082368,-0.00091069,0.0073832,0.0044709,-0.0035355,-0.0068543,-0.001236,0.0097292,0.020968,0.34908,3.9011,-0.31055,-0.49443,3.0027,-1.7096,-2.0247,-3.315,0.56359,1.0179,-0.2442,-0.070542,0.087186,-0.010004,-0.0089415,-0.29785,-0.3431,0.015674,0.11997,0.11189,0.0085321,-0.17992,-0.16219,-0.046514,184,184,10133,15,1003.9
31.415,0.0013476,0.010048,10140,0.022229,1.3436,0.0026176,0.023305,0.00050448,0.002969,0.00024592,1,2,0.95703,99.315,0.6,0,0,-0.0017166,-0.010491,0.0013352,0.10586,-0.099302,0.012601,0.00095369,0.010872,-0.0040055,0.10357,-0.090254,0.0046438,-0.0024406,-0.0062356,0.00093968,1.2209e-06,-1.7785e-05,0.012284,0.00043958,-0.0069403,0.0022014,0.0087968,-0.0020595,0.010366,1.0473,3.4982,-0.19553,-0.31993,3.0633,-1.8757,0.20945,-3.4982,0.88564,0.49443,0.26398,0.05848,0.088931,-0.030393,-0.0075586,-0.30066,-0.30129,-0.037094,0.12272,0.098237,0.035105,-0.23314,-0.17828,-0.10535,184,184,10142,15,1003.9
31.434,0.0014251,0.012122,10145,0.018877,1.3435,0.0026152,0.023303,0.0018545,0.00016432,-0.00038296,1,2,0.99075,99.321,0.6,0,0,-0.0017166,-0.010491,0.0013352,0.10586,-0.099302,0.012601,0.00095369,0.010872,-0.0040055,0.10357,-0.090254,0.0046438,-0.0082739,-0.0081802,0.014765,-0.00063496,-0.0032802,0.010468,-8.3084e-05,-0.0052328,0.0095468,0.010413,-0.0039403,0.0026978,1.4662,3.6813,0.080513,-0.49443,3.0422,-1.5964,-0.62835,-3.5714,0.79363,0.3781,-0.093354,-0.037125,0.10074,-0.041953,-0.0030184,-0.25194,-0.24593,-0.086188,0.13193,0.053334,0.073115,-0.28618,-0.18617,-0.1621,184,184,10149,15,1003.9
31.451,0.0014344,0.0093257,10154,0.017445,1.3435,0.0026103,0.023302,0.0012593,-4.525e-05,0.00047553,1,2,0.031367,99.32,0.6,0,0,-0.0017166,-0.010491,0.0013352,0.10586,-0.099302,0.012601,0.00095369,0.010872,-0.0040055,0.10357,-0.090254,0.0046438,-0.0081151,-0.0050239,0.0070507,-0.0053038,0.0023445,0.0054741,0.00084554,-0.0073639,0.0029116,0.0053583,0.0076148,0.016261,1.0473,3.5714,-0.33355,-1.1343,3.1222,-1.6387,-0.62835,-3.4249,0.90864,0.31993,-0.27015,0.049779,0.1086,-0.03877,0.013585,-0.040986,-0.17199,-0.086863,0.15979,-0.068795,0.12264,-0.33998,-0.19303,-0.22654,184,184,10155,15,1003.9
31.475,0.0013735,0.013052,10162,0.023886,1.3433,0.0026053,0.023299,0.0014631,0.0016022,0.00064228,1,2,0.071575,99.315,0.6,0,0,-0.0017166,-0.010491,0.0013352,0.10586,-0.099302,0.012601,0.00095369,0.010872,-0.003624,0.10357,-0.090254,0.0046438,-0.0088419,-0.0064526,0.010868,-0.0010719,-0.0015274,0.010555,0.0073072,-0.0038619,0.00049558,0.0012809,-0.003325,0.012782,0.76799,3.5714,-0.19553,-0.95978,3.6003,-1.3549,0.76799,-3.315,1.0007,0.49443,0.34191,0.36625,0.066869,0.005776,0.021126,0.23885,-0.12815,-0.0071963,0.19552,-0.18477,0.11898,-0.34836,-0.20589,-0.24439,184,184,10166,15,1003.9
31.495,0.0016913,0.012719,10170,0.019842,1.3428,0.002603,0.023291,-0.00024163,0.0014415,0.0013097,1,2,0.11252,99.314,0.6,0,0,-0.0017166,-0.010491,0.0013352,0.10586,-0.099302,0.012601,0.00095369,0.010872,-0.0040055,0.10357,-0.090254,0.0046438,-0.0049501,-0.0089931,0.0068665,0.0018987,-0.00054295,0.01022,0.00045796,-0.006013,0.0068719,0.0069885,-0.00093319,0.0016199,-0.069817,3.8278,-0.12652,-0.029084,3.2029,-1.8154,-0.34908,-3.3516,1.0237,0.66894,0.4606,0.29388,-0.018557,0.029221,0.032927,0.33209,-0.20267,0.024344,0.20726,-0.19646,0.082177,-0.29304,-0.17501,-0.25025,184,184,10173,15,1003.9
31.514,0.0015156,0.012014,10177,0.019048,1.3427,0.0026008,0.02329,-0.0018386,0.00027012,0.00016671,1,2,0.15169,99.315,0.6,0,0,-0.0017166,-0.010491,0.0013352,0.10586,-0.099302,0.012601,0.00095369,0.010872,-0.003624,0.10357,-0.090254,0.0046438,0.00018055,-0.0071905,0.0013065,-0.0023839,0.0012867,0.0036028,0.00052871,-0.0055233,0.0096525,-0.00040387,-0.0088411,-0.0038173,0.34908,3.3883,0.12652,-0.61077,3.4429,-1.9199,-0.34908,-3.3516,1.0237,0.84344,-0.046386,-0.19116,-0.059331,0.033113,0.048746,0.36347,-0.21009,0.028257,0.20666,-0.17875,0.062503,-0.2611,-0.1528,-0.25483,184,184,10180,15,1003.9
31.533,0.0017911,0.010028,10184,0.018486,1.3427,0.0025987,0.02329,0.0002313,-0.00091673,0.0011421,1,2,0.19304,99.314,0.6,0,0,-0.0017166,-0.010491,0.0013352,0.10586,-0.099302,0.012601,0.00095369,0.010872,-0.0040055,0.10357,-0.090254,0.0046438,-0.0099838,-0.0051381,0.0041655,-0.0087624,-0.0022077,0.0054978,0.005435,-0.0047893,0.0021777,0.00059426,0.00044488,-0.0082082,1.0473,3.7179,-0.011502,-0.31993,2.9432,-1.8123,0.76799,-3.4982,0.90864,1.1343,0.39382,0.12561,-0.068729,0.03094,0.053693,0.34091,-0.20327,0.027071,0.20431,-0.14896,0.047668,-0.24643,-0.14409,-0.24157,184,184,10186,15,1003.9
31.553,0.0016526,0.01067,10191,0.020115,1.3425,0.0025957,0.023287,-0.00066729,-0.00063184,-0.00048691,1,2,0.2318,99.314,0.6,0,0,-0.0017166,-0.010491,0.0013352,0.10586,-0.099302,0.012601,0.00095369,0.010872,-0.0040055,0.10357,-0.090254,0.0046438,-0.007992,-0.0020506,0.0014524,-0.0047144,-0.0011265,0.0094375,0.0059451,-0.004391,0.0029233,0.0055349,0.0027024,-0.0036112,1.0473,3.4982,-0.14952,-0.31993,2.9025,-1.6343,0.069817,-3.5348,0.77062,0.029084,0.010525,0.15033,-0.053539,0.022522,0.054858,0.28406,-0.185,0.022144,0.20081,-0.11309,0.038517,-0.24376,-0.14369,-0.21128,184,184,10194,15,1003.9
31.584,0.0015783,0.019844,10200,0.030957,1.342,0.0025876,0.023279,0.0017645,-0.00010532,-0.00073381,1,2,0.27518,99.314,0.6,0,0,-0.0017166,-0.010491,0.0013352,0.10586,-0.099302,0.012601,0.00095369,0.010872,-0.0040055,0.10357,-0.090254,0.0046438,-0.0030851,-0.0085269,0.0050653,0.0020071,-0.0011576,0.0083544,0.010675,-0.0044321,0.0073437,0.013442,0.0045844,0.014686,1.4662,3.7546,-0.011502,-0.95978,2.7429,-1.6617,-0.20945,-3.6447,0.90864,1.3088,-0.30231,-0.056009,-0.019834,0.0097545,0.053364,0.19361,-0.15506,0.015257,0.19179,-0.076037,0.031169,-0.24253,-0.15358,-0.16459,184,184,10205,15,1003.9
31.597,0.0013944,0.012453,10207,0.012783,1.3419,0.0025845,0.023278,-0.00049662,-0.00017284,-0.00051138,1,2,0.31525,99.316,0.6,0,0,-0.0017166,-0.010491,0.0013352,0.10586,-0.099302,0.012601,0.00095369,0.010872,-0.0040055,0.10357,-0.090254,0.0046438,-0.0093596,-0.0078525,0.0041366,-0.0028027,0.004103,0.010206,0.0072769,-0.0019156,0.0072886,0.012312,-0.003471,0.017328,0.62835,3.6081,-0.35656,-0.66894,2.7836,-1.8397,1.1869,-3.4982,0.90864,0.95978,-0.27015,0.049779,0.022846,-0.0032425,0.048569,0.089369,-0.11655,0.0090781,0.17313,-0.062461,0.029727,-0.24067,-0.184,-0.12367,184,184,10211,15,1003.9
31.613,0.001712,0.01055,10214,0.01665,1.3416,0.002583,0.023273,-0.00052538,0.0014965,0.00055269,1,2,0.35283,99.321,0.6,0,0,-0.0017166,-0.010491,0.0013352,0.10586,-0.099302,0.012601,0.00095369,0.010872,-0.003624,0.10357,-0.090254,0.0046438,-0.0079092,-0.010364,-0.00082962,-0.0064683,0.00060597,0.010015,0.005744,-0.0023258,0.0060282,0.0056987,0.0059439,-0.0010923,1.0473,3.6813,0.080513,-0.14542,3.5414,-1.592,-0.62835,-3.315,0.90864,1.0179,0.4977,0.31306,0.06607,-0.017859,0.045784,-0.017766,-0.080455,0.0072525,0.15175,-0.068005,0.030189,-0.23763,-0.22463,-0.099284,184,184,10216,15,1003.9
31.632,0.0013953,0.0091993,10222,0.018793,1.3415,0.0025796,0.023271,-0.0010111,2.1739e-06,0.0012641,1,2,0.39267,99.321,0.6,0,0,-0.0017166,-0.010491,0.0013352,0.10586,-0.099302,0.012601,0.00095369,0.010872,-0.003624,0.10357,-0.090254,0.0046438,-0.010148,-0.008897,0.0078578,-0.0092905,0.0016688,0.015828,0.0095899,-0.0053589,-0.0038584,0.0037851,-0.015499,-0.010537,-0.76799,3.6813,0.057509,-0.78527,3.0238,-1.9666,1.0473,-3.4982,0.56359,0.20359,-0.04018,0.034949,0.099231,-0.031991,0.047648,-0.098741,-0.068742,0.0077465,0.13573,-0.074624,0.031437,-0.24737,-0.26036,-0.087748,184,184,10224,15,1003.9
31.657,0.0014494,0.014665,10230,0.024874,1.3413,0.0025741,0.023268,0.0007121,-0.00074493,0.00044676,1,2,0.43152,99.312,0.6,0,0,-0.0017166,-0.010491,0.0013352,0.10586,-0.099302,0.012601,0.00095369,0.010872,-0.0040055,0.10357,-0.090254,0.0046438,-0.003063,0.0024049,0.015026,0.0027364,0.00042848,0.010937,0.007445,-0.0025562,-0.0019605,0.010131,-0.0025713,0.012074,1.4662,3.7912,-0.12652,-0.31993,3.0638,-1.9877,1.0473,-3.315,0.90864,1.0179,0.71776,0.13708,0.11279,-0.036382,0.043049,-0.14662,-0.069279,0.022121,0.13227,-0.066663,0.031938,-0.26892,-0.27291,-0.065919,184,184,10234,15,1003.9
31.674,0.0013551,0.011648,10237,0.01722,1.3411,0.0025718,0.023264,1.4213e-05,0.0012775,-0.00018985,1,2,0.47186,99.317,0.6,0,0,-0.0017166,-0.010491,0.0013352,0.10586,-0.099302,0.012601,0.00095369,0.010872,-0.0040055,0.10357,-0.090254,0.0046438,-0.005592,0.0053444,0.0084266,-0.0082856,-0.00087254,0.017083,0.0098454,-0.0064099,0.0059582,0.005232,0.0037196,-0.00028877,0.62835,3.8278,0.10352,-0.31993,3.0833,-1.8863,-0.069817,-3.3516,0.88564,0.49443,-0.11931,0.083196,0.11558,-0.02663,0.026165,-0.18694,-0.078901,0.052843,0.13966,-0.045489,0.027275,-0.28179,-0.25052,-0.0076669,184,184,10240,15,1003.9
31.7,0.0014134,0.017814,10245,0.026246,1.341,0.0025668,0.023263,-0.000787,-0.001274,0.00020807,1,2,0.51215,99.323,0.6,0,0,-0.0017166,-0.010491,0.0013352,0.10586,-0.099302,0.012601,0.00095369,0.010872,-0.003624,0.10357,-0.090254,0.0046438,-0.0042125,0.0056447,0.0060367,-0.010637,0.0031748,0.0090575,-8.633e-05,-0.0021948,0.010058,0.0082242,-0.012253,-0.0082533,-0.069817,3.9377,-0.057509,-0.3781,3.0827,-1.7295,-1.3265,-3.6813,0.67861,0.49443,0.55087,0.38514,0.1216,0.01654,-0.014662,-0.25259,-0.11466,0.09877,0.14541,-0.0063122,0.015551,-0.24647,-0.2005,0.079662,184,184,10250,15,1003.9
31.714,0.0017833,0.011475,10253,0.013694,1.341,0.0025634,0.023265,0.00023727,-0.0010027,-0.001805,1,2,0.55295,99.315,0.6,0,0,-0.0017166,-0.010491,0.0013352,0.10586,-0.099302,0.012601,0.00095369,0.010872,-0.0040055,0.10357,-0.090254,0.0046438,-0.0038499,-0.0030938,0.0091673,-0.0047199,-0.0029443,0.010778,0.0038526,-0.0045998,0.0064043,0.0025538,0.0012019,-0.0051285,-0.069817,3.6081,0.10352,-0.66894,2.7836,-1.8397,0.76799,-3.6447,0.90864,1.3088,-0.14653,-0.1092,0.14103,0.13161,-0.089869,-0.3724,-0.19388,0.18995,0.14205,0.04004,0.011436,-0.010792,-0.13108,0.081652,184,184,10255,15,1003.9
31.736,0.0046407,0.0096505,10261,0.021622,1.3407,0.0025592,0.023259,0.00026679,0.0013627,-0.00062726,1,2,0.60553,99.322,0.6,0,0,-0.0017166,-0.010491,0.0013352,0.10586,-0.099302,0.012601,0.00095369,0.010872,-0.0040055,0.10357,-0.090254,0.0046438,-0.0052076,-0.011671,0.011023,-0.0028709,0.0027614,0.0090189,0.0025264,-0.0084679,0.010826,0.0083161,0.00463,0.0013313,1.0473,4.011,0.12652,-0.49443,3.2423,-1.7021,-0.069817,-3.7179,1.2307,0.20359,-0.17248,0.011122,0.16682,0.18403,-0.074925,-0.43556,-0.26341,0.22859,0.064845,0.055925,-0.0038078,0.24687,-0.16098,-0.0028271,184,184,10263,15,1003.9
31.753,0.0013327,0.011069,10266,0.017323,1.3404,0.002556,0.023254,0.00044541,0.0028152,0.00088203,1,2,0.63063,99.314,0.6,0,0,-0.0017166,-0.010491,0.0013352,0.10586,-0.099302,0.012601,0.00095369,0.010872,-0.0040055,0.10357,-0.090254,0.0046438,-0.0012276,-0.0095207,0.0032965,-0.0030331,0.0027959,0.011689,0.0054162,-0.0054031,-0.0020311,0.0023396,0.0047576,0.022636,-0.34908,4.0476,-0.011502,-0.84344,3.6621,-1.7898,-0.62835,-3.4249,0.77062,0.66894,0.078509,-0.037421,0.17306,0.15126,-0.024605,-0.37453,-0.19139,0.20283,-0.0096121,0.065414,-0.015473,0.29354,-0.22684,-0.025112,184,184,10269,15,1003.9
31.782,0.0019247,0.019453,10275,0.029214,1.34,0.0025472,0.023248,-0.00075301,-0.001703,-0.00058707,1,2,0.67352,99.321,0.6,0,0,-0.0017166,-0.010491,0.0013352,0.10586,-0.099302,0.012601,0.00095369,0.010872,-0.003624,0.10357,-0.090254,0.0046438,-0.0045628,-0.0029469,0.0091834,-0.0029627,0.00049107,0.010467,-0.00042619,-0.0048345,0.0012109,0.0020929,-0.0041735,0.0036529,1.0473,3.4615,-0.011502,-0.78527,2.7836,-1.8397,-0.62835,-3.6447,0.90864,1.1343,0.024136,0.24652,0.18934,0.12387,-0.01844,-0.35009,-0.18067,0.19256,-0.038558,0.071511,-0.026579,0.29959,-0.23147,-0.029599,184,184,10281,15,1003.9
31.794,0.0013615,0.011582,10283,0.01191,1.3396,0.0025447,0.023242,3.5679e-05,0.0031424,0.0011061,1,2,0.71202,99.314,0.6,0,0,-0.0017166,-0.010491,0.0013352,0.10586,-0.099302,0.012601,0.00095369,0.010872,-0.0040055,0.10357,-0.090254,0.0046438,-0.00031125,-0.0068358,0.013827,-0.004274,0.0041334,0.012329,-0.0016255,-0.0023435,0.0042721,0.0018714,-0.0011483,0.0082883,-0.48872,3.7912,0.057509,0.14542,3.6621,-1.7898,-0.62835,-3.4249,0.54059,0.029084,-0.43461,-0.079836,0.19115,0.090613,-0.0078458,-0.32396,-0.17966,0.17062,-0.042884,0.077871,-0.028809,0.26338,-0.21998,-0.036503,184,184,10286,15,1003.9
31.813,0.0012634,0.010833,10290,0.018658,1.3394,0.0025402,0.023239,-0.0012036,-0.0011824,0.00086078,1,2,0.75057,99.32,0.6,0,0,-0.0017166,-0.010491,0.0013352,0.10586,-0.099302,0.012601,0.00095369,0.010872,-0.003624,0.10357,-0.090254,0.0046438,-0.0020741,-0.00032213,0.0040782,-0.0053202,0.002161,0.0056909,0.0055208,-0.0055068,-0.0021834,-0.00011229,-0.002796,-0.0051271,1.0473,3.4615,-0.12652,-0.84344,3.2623,-1.7127,-0.62835,-3.7179,0.79363,0.20359,0.18239,0.15003,0.18114,0.055366,0.001272,-0.30192,-0.2004,0.14419,-0.024829,0.091867,-0.031976,0.19765,-0.19162,-0.039113,184,184,10293,15,1003.9
31.833,0.0014328,0.010736,10298,0.019942,1.3394,0.0025381,0.023238,-0.0013556,-0.0018601,-0.00012646,1,2,0.79092,99.317,0.6,0,0,-0.0017166,-0.010491,0.0013352,0.10586,-0.099302,0.012601,0.00095369,0.010872,-0.0040055,0.10357,-0.090254,0.0046438,-0.015328,-0.0047773,0.0034762,-0.0053478,-0.00083315,0.0084586,0.0042475,-0.0024067,0.0014076,0.0079005,0.00083539,0.003444,1.0473,3.1319,-0.21853,-0.49443,3.0425,-1.686,0.76799,-3.315,0.79363,0.84344,0.196,0.24623,0.1591,0.024437,0.0069757,-0.28421,-0.23691,0.10977,0.011594,0.10691,-0.030855,0.10565,-0.15709,-0.037358,184,184,10301,15,1003.9
31.856,0.0014146,0.013268,10307,0.023422,1.339,0.002533,0.023231,-0.00032404,0.0015562,-0.001686,1,2,0.83281,99.312,0.6,0,0,-0.0017166,-0.010491,0.0013352,0.10586,-0.099302,0.012601,0.00095369,0.010872,-0.003624,0.10357,-0.090254,0.0046438,-0.0042999,-0.0078063,0.011765,-0.004365,0.00019078,0.011873,-0.0017279,-0.0063435,0.0096937,0.0039412,0.0038918,0.0010415,0.62835,3.7546,0.10352,-0.31993,3.2628,-1.8247,-1.0473,-3.3516,0.79363,0.31993,0.41236,0.1352,0.13198,0.011324,0.0043255,-0.28315,-0.28532,0.077604,0.056822,0.11321,-0.025298,0.0029646,-0.12992,-0.029133,184,184,10311,15,1003.9
31.875,0.0012665,0.013,10314,0.01865,1.3389,0.00253,0.02323,-0.0015821,-0.00020779,0.00037073,1,2,0.87025,99.313,0.6,0,0,-0.0017166,-0.010491,0.0013352,0.10586,-0.099302,0.012601,0.00095369,0.010872,-0.003624,0.10357,-0.090254,0.0046438,-0.0058748,-0.0032371,0.0065458,-0.0094114,-0.0022538,0.015493,0.012412,-0.0065614,-0.0049997,0.004646,5.5122e-06,0.020246,0.62835,3.3883,0.011502,-0.49443,3.1222,-1.6387,0.20945,-3.4249,0.56359,0.49443,-0.090886,-0.080428,0.10517,0.0052676,-0.003405,-0.28919,-0.33146,0.049708,0.098076,0.11447,-0.01259,-0.096856,-0.13698,-0.025873,184,184,10317,15,1003.9
31.896,0.0017158,0.011835,10322,0.021446,1.3388,0.0025275,0.023229,-0.00063629,5.0555e-05,-0.00043136,1,2,0.91617,99.32,0.6,0,0,-0.0017166,-0.010491,0.0013352,0.10586,-0.099302,0.012601,0.00095369,0.010872,-0.0040055,0.10357,-0.090254,0.0046438,-0.010087,-0.0070315,0.0068361,-0.0029857,-3.0366e-05,0.011349,0.0057225,-0.0041304,0.0027475,0.0039196,-0.0011282,0.0032861,-0.48872,3.8645,-0.12652,-0.31993,2.4634,-1.6928,0.76799,-3.6447,0.88564,0.029084,-0.34928,0.098026,0.087369,-0.011714,-0.0084283,-0.30024,-0.34237,0.01088,0.11767,0.11378,0.0073108,-0.18214,-0.16238,-0.051054,184,184,10325,15,1003.9
31.916,0.0012455,0.014644,10328,0.020259,1.3386,0.002523,0.023226,-0.00070324,0.0021044,-0.00089307,1,2,0.95036,99.317,0.6,0,0,-0.0017166,-0.010491,0.0013352,0.10586,-0.099302,0.012601,0.00095369,0.010872,-0.003624,0.10357,-0.090254,0.0046438,-0.00081736,-0.0073948,0.00053806,-0.0069624,0.0016539,0.012889,0.0002054,-0.0047705,0.0054472,0.0044782,0.001385,0.0079206,-0.48872,3.5714,0.10352,-0.31993,2.9837,-1.9454,-0.34908,-3.6447,0.93165,0.029084,0.085914,-0.16733,0.089447,-0.028434,-0.008188,-0.30132,-0.30612,-0.033669,0.12351,0.10008,0.03318,-0.2296,-0.17805,-0.09838,184,184,10332,15,1003.9
31.936,0.001269,0.013536,10335,0.019034,1.3384,0.002519,0.023223,-7.4087e-05,0.00091184,-0.00089634,1,2,0.99068,99.308,0.6,0,0,-0.0017166,-0.010491,0.0013352,0.10586,-0.099302,0.012601,0.00095369,0.010872,-0.0040055,0.10357,-0.090254,0.0046438,-0.0032683,-0.0079486,-0.0019056,-0.0020529,0.00074666,0.011341,0.010983,-0.0056943,0.0025021,-0.00092239,-0.0048259,0.017963,0.62835,3.7912,-0.26454,-0.84344,2.783,-1.7053,-0.34908,-3.6447,1.0237,0.49443,0.087184,0.14538,0.099552,-0.04205,-0.0032036,-0.25514,-0.24903,-0.085563,0.13168,0.0563,0.070644,-0.2833,-0.18463,-0.15966,184,184,10339,15,1003.9
31.952,0.0014587,0.0095204,10343,0.016778,1.3383,0.0025131,0.023222,0.0012938,9.8722e-05,0.00022167,1,2,0.032716,99.321,0.6,0,0,-0.0017166,-0.010491,0.0013352,0.10586,-0.099302,0.012601,0.00095369,0.010872,-0.0040055,0.10357,-0.090254,0.0046438,0.0019617,-0.0017837,0.0045114,0.0039749,-0.0030615,0.012654,0.0027526,-0.0056674,0.0018975,0.0067041,0.00091164,0.0030541,0.34908,3.4982,-0.011502,-1.3088,2.9037,-1.9031,-0.20945,-3.2418,0.93165,1.0179,0.25658,0.18839,0.10793,-0.039235,0.01404,-0.041176,-0.17325,-0.088021,0.16046,-0.067766,0.12247,-0.3393,-0.19156,-0.22648,184,184,10345,15,1003.9
31.995,0.011309,0.03274,10350,0.04256,1.3382,0.0025101,0.023221,-5.9236e-05,0.00038758,0.00013976,1,2,0.090375,99.309,0.6,0,0,-0.0017166,-0.010491,0.0013352,0.10586,-0.099302,0.012601,0.00095369,0.010872,-0.003624,0.10357,-0.090254,0.0046438,-0.0012096,-6.9961e-05,0.012207,-0.00049335,-0.0031402,0.011783,0.0083662,-0.0059253,0.0050557,0.0045463,0.0039044,0.0031088,0.62835,3.6081,-0.14952,-0.14542,3.0021,-1.5752,-0.62835,-3.5348,0.90864,0.84344,-0.13045,-0.056305,0.064865,0.0068218,0.024144,0.25915,-0.13506,-0.0090534,0.19903,-0.18441,0.11555,-0.34645,-0.20303,-0.24831,184,184,10352,15,1003.9
32.005,0.0014769,0.0094364,10354,0.0098147,1.3382,0.0025085,0.023221,0.00089516,0.00087457,-0.00047485,1,2,0.13759,99.312,0.6,0,0,-0.0017166,-0.010491,0.0013352,0.10586,-0.099302,0.012601,0.00095369,0.010872,-0.0040055,0.10357,-0.090254,0.0046438,-0.0065594,0.003863,0.0022229,0.00080211,-0.00050602,0.0035316,0.010013,-0.0068601,0.0071456,0.0027488,0.0053211,0.022481,-0.48872,3.6081,-0.19553,-0.84344,3.2623,-1.7127,-0.90762,-3.2784,0.77062,1.4833,-0.33694,-0.11849,-0.024166,0.02971,0.038111,0.33731,-0.20738,0.022751,0.2082,-0.18558,0.073462,-0.28482,-0.16713,-0.25055,184,184,10356,15,1003.9
32.015,0.0013086,0.010271,10358,0.010577,1.338,0.0025072,0.023217,-0.00052411,0.00094417,0.00091167,1,2,0.15684,99.319,0.6,0,0,-0.0017166,-0.010491,0.0013352,0.10586,-0.099302,0.012601,0.00095369,0.010872,-0.0040055,0.10357,-0.090254,0.0046438,-0.0043366,-0.0043975,0.0020219,-0.010143,-0.00078759,0.014052,0.0042621,-0.0061077,0.0089427,-0.00086398,-0.00034238,0.0043968,0.34908,3.9011,-0.31055,-0.49443,3.0232,-1.8322,-0.069817,-3.9377,0.77062,0.66894,0.17745,0.23664,-0.061433,0.032211,0.049976,0.36263,-0.21012,0.027128,0.20661,-0.17469,0.061225,-0.26071,-0.15161,-0.25467,184,184,10360,15,1003.9
32.033,0.0013058,0.011016,10364,0.018058,1.3378,0.0025027,0.023214,-0.00022793,-0.0013148,0.0022172,1,2,0.19136,99.317,0.6,0,0,-0.0017166,-0.010491,0.0013352,0.10586,-0.099302,0.012601,0.00095369,0.010872,-0.0040055,0.10357,-0.090254,0.0046438,-0.0046678,-0.0058987,0.0014299,-0.0059617,-0.0021373,0.011777,0.0011193,-0.0042435,0.0026448,0.011185,0.0039168,8.7921e-05,2.1643,3.7912,0.12652,-0.61077,3.0833,-1.8863,-0.62835,-3.6447,0.90864,0.66894,0.9008,0.61065,-0.069082,0.030787,0.053673,0.34259,-0.20381,0.02681,0.20476,-0.15024,0.048578,-0.24728,-0.14439,-0.24251,184,184,10367,15,1003.9
32.053,0.0012626,0.0091861,10373,0.019908,1.3373,0.0024911,0.023207,-4.9391e-05,0.001685,-0.00094698,1,2,0.23477,99.317,0.6,0,0,-0.0017166,-0.010491,0.0013352,0.10586,-0.099302,0.012601,0.00095369,0.010872,-0.0040055,0.10357,-0.090254,0.0046438,-0.0015504,-0.0051986,0.0062695,-0.011676,0.0019134,0.0040747,0.0033912,-0.0032355,-0.00047961,0.0060754,-0.0008103,0.019346,0.34908,3.7912,0.080513,-1.1343,2.7642,-1.9859,-0.20945,-3.6447,0.77062,0.31993,0.0080572,0.19363,-0.053182,0.022609,0.054549,0.28006,-0.18389,0.022245,0.20056,-0.11081,0.037276,-0.24255,-0.14338,-0.20888,184,184,10375,15,1003.9
32.073,0.0013411,0.010779,10380,0.019328,1.3372,0.0024864,0.023205,-0.0018307,0.0011857,-0.0004889,1,2,0.27039,99.322,0.6,0,0,-0.0017166,-0.010491,0.0013352,0.10586,-0.099302,0.012601,0.00095369,0.010872,-0.003624,0.10357,-0.090254,0.0046438,-0.0013085,-0.0057364,0.013575,-0.0036576,-0.00045094,0.010333,0.010714,-0.0065995,0.0009538,0.00063035,0.00085051,0.011935,-0.069817,3.6081,0.057509,-0.31993,3.0238,-1.9666,-0.62835,-3.7546,0.88564,0.3781,0.071105,0.09249,-0.020107,0.0097162,0.053905,0.20094,-0.15772,0.01493,0.19311,-0.079407,0.033428,-0.2447,-0.15345,-0.16833,184,184,10383,15,1003.9
32.093,0.0013979,0.0099661,10390,0.020879,1.3369,0.0024797,0.023201,0.0002867,-0.001577,0.00098986,1,2,0.31396,99.32,0.6,0,0,-0.0017166,-0.010491,0.0013352,0.10586,-0.099302,0.012601,0.00095369,0.010872,-0.0040055,0.10357,-0.090254,0.0046438,-0.010204,-0.0060928,0.004077,-0.0016044,0.0017868,0.0040839,0.010756,-0.0048724,0.0074448,0.0062322,-0.00015241,0.0060929,0.34908,3.6081,-0.42557,-0.31993,2.6436,-1.788,0.34908,-3.4249,0.79363,0.49443,-0.19843,0.13144,0.020544,-0.0020166,0.048557,0.094521,-0.11848,0.0095564,0.17391,-0.062321,0.028984,-0.2407,-0.18174,-0.1251,184,184,10392,15,1003.9
32.113,0.0014578,0.010382,10397,0.01984,1.3368,0.0024795,0.023199,-0.00033801,-0.0012376,0.00010442,1,2,0.35292,99.326,0.6,0,0,-0.0017166,-0.010491,0.0013352,0.10586,-0.099302,0.012601,0.00095369,0.010872,-0.0040055,0.10357,-0.090254,0.0046438,-0.011833,-0.0064858,0.0078993,-0.00046307,0.0016611,0.01116,0.0094098,-0.0034667,0.0081842,-0.003116,-0.0077868,-0.0027505,0.34908,3.6081,0.034505,-0.78527,3.3029,-1.8682,0.76799,-3.2784,0.6326,1.4833,-0.40246,0.025952,0.064719,-0.017548,0.045906,-0.015625,-0.080931,0.0077427,0.15181,-0.067487,0.029386,-0.23793,-0.22382,-0.099455,184,184,10399,15,1003.9
32.143,0.0014176,0.018989,10405,0.030225,1.3366,0.0024762,0.023196,0.0010326,-0.00062728,0.0012042,1,2,0.39594,99.318,0.6,0,0,-0.0017166,-0.010491,0.0013352,0.10586,-0.099302,0.012601,0.00095369,0.010872,-0.003624,0.10357,-0.090254,0.0046438,-0.0050458,-0.0056915,0.011923,-0.0085722,-0.0018528,0.0095105,0.0030692,-0.0050133,0.0099961,0.0031976,0.005692,0.0010697,-0.069817,3.1319,-0.26454,-0.31993,3.0232,-1.8322,0.20945,-3.315,0.90864,0.3781,0.18979,0.02012,0.098648,-0.033089,0.048406,-0.10022,-0.068722,0.0096483,0.13551,-0.074817,0.031195,-0.24925,-0.2612,-0.086665,184,184,10408,15,1003.9
32.154,0.0015322,0.0099886,10410,0.010381,1.3364,0.0024768,0.023192,-5.2694e-05,0.0018428,0.00053086,1,2,0.43504,99.324,0.6,0,0,-0.0017166,-0.010491,0.0013352,0.10586,-0.099302,0.012601,0.00095369,0.010872,-0.003624,0.10357,-0.090254,0.0046438,-0.0071205,-0.0047087,0.0060131,-0.0095067,-0.0020566,0.010988,0.0083826,-0.0059568,0.0041419,0.0053032,0.0010826,0.023505,0.34908,3.6813,-0.33355,-0.49443,2.6424,-1.5192,-0.069817,-3.5348,0.90864,0.95978,-0.38144,-0.0077618,0.11268,-0.035847,0.042232,-0.14897,-0.069296,0.024592,0.13275,-0.065686,0.031583,-0.2702,-0.27138,-0.063025,184,184,10412,15,1003.9
32.179,0.0014216,0.015811,10417,0.024993,1.3363,0.0024705,0.023191,-0.00092487,0.00094241,-4.1267e-05,1,2,0.47318,99.318,0.6,0,0,-0.0017166,-0.010491,0.0013352,0.10586,-0.099302,0.012601,0.00095369,0.010872,-0.0040055,0.10357,-0.090254,0.0046438,-0.0023706,-0.0081397,0.0042981,-0.0019296,-0.0019194,0.0085755,0.0022434,-0.0042762,0.0092651,0.0051498,0.00086707,0.0088105,0.76799,3.8645,-0.26454,-0.49443,2.8436,-1.8714,-0.20945,-3.4249,1.0007,0.66894,0.61145,0.3273,0.11602,-0.025324,0.02446,-0.18956,-0.080902,0.054583,0.13988,-0.044459,0.026943,-0.28133,-0.24896,-0.004658,184,184,10421,15,1003.9
32.193,0.0014517,0.0096268,10423,0.014126,1.3361,0.0024682,0.023188,0.00040581,0.0010391,-0.00014307,1,2,0.51376,99.315,0.6,0,0,-0.0017166,-0.010491,0.0013352,0.10586,-0.099302,0.012601,0.00095369,0.010872,-0.0040055,0.10357,-0.090254,0.0046438,-0.013102,-0.00081225,-0.00106,-0.010422,0.0014524,0.0080709,0.0078554,-0.0068596,0.00085957,0.0074759,0.006707,0.00015585,-0.069817,3.5714,-0.47158,-0.3781,3.1228,-1.7731,-0.20945,-3.3516,0.90864,0.20359,0.27513,0.19798,0.12173,0.020013,-0.017575,-0.25616,-0.11672,0.10139,0.14566,-0.0038971,0.01463,-0.24145,-0.19654,0.082778,184,184,10425,15,1003.9
32.216,0.001376,0.012554,10431,0.022635,1.3356,0.0024639,0.023181,-0.001029,-0.00019285,-0.00035739,1,2,0.55309,99.317,0.6,0,0,-0.0017166,-0.010491,0.0013352,0.10586,-0.099302,0.012601,0.00095369,0.010872,-0.0040055,0.10357,-0.090254,0.0046438,-0.0058147,-0.0059227,0.00060505,-0.0029396,0.00073341,0.0096079,0.0028899,-0.0012597,-0.0062061,-3.4731e-05,0.0093507,0.02512,-0.069817,3.8278,-0.31055,-0.66894,2.8431,-1.737,-1.3265,-3.5348,0.31055,0.66894,0.052557,0.0829,0.14155,0.13475,-0.091313,-0.37652,-0.19803,0.19243,0.14106,0.040786,0.011056,-0.0016184,-0.12912,0.078187,184,184,10434,15,1003.9
32.235,0.0014201,0.010845,10438,0.018996,1.3354,0.0024579,0.023177,-0.0004803,-0.00089184,-0.0011473,1,2,0.59461,99.313,0.6,0,0,-0.0017166,-0.010491,0.0013352,0.10586,-0.099302,0.012601,0.00095369,0.010872,-0.0040055,0.10357,-0.090254,0.0046438,-0.0086942,-0.0059099,0.0050618,-0.0033253,-0.00083164,0.0069796,0.0068899,-0.0023872,-0.007568,0.0030184,0.004302,-0.002771,1.0473,3.3883,-0.12652,-0.49443,2.4239,-1.7837,0.069817,-3.5348,0.90864,0.66894,-0.49519,-0.021999,0.16477,0.18476,-0.075505,-0.43547,-0.26507,0.23023,0.063708,0.05397,-0.0027568,0.23972,-0.15933,-0.0024589,184,184,10440,15,1003.9
32.255,0.0014992,0.012186,10445,0.020671,1.335,0.0024497,0.023171,-0.00080129,-0.00026407,-0.00013977,1,2,0.63345,99.322,0.6,0,0,-0.0017166,-0.010491,0.0013352,0.10586,-0.099302,0.012601,0.00095369,0.010872,-0.003624,0.10357,-0.090254,0.0046438,-0.010155,-0.0011045,0.015577,0.0045386,-0.0003163,0.010448,0.013086,-0.0027087,0.0056297,0.0034597,0.0025785,0.0088307,-0.069817,3.5348,0.034505,-1.1343,3.0622,-1.6069,-0.62835,-3.6447,0.90864,0.31993,0.35425,0.14973,0.17191,0.15037,-0.02411,-0.37439,-0.19168,0.20254,-0.0068903,0.065905,-0.014639,0.29234,-0.22581,-0.025671,184,184,10448,15,1003.9
32.273,0.0015315,0.0098167,10452,0.017326,1.3348,0.0024471,0.023169,-0.00024014,0.0016517,0.0012167,1,2,0.67275,99.319,0.6,0,0,-0.0017166,-0.010491,0.0013352,0.10586,-0.099302,0.012601,0.00095369,0.010872,-0.003624,0.10357,-0.090254,0.0046438,-0.0030145,-0.00097507,0.0038693,-0.0044132,0.0003705,0.0054902,0.0019629,-0.0046426,0.0058998,0.0018882,0.010168,0.016286,-0.48872,3.4982,-0.42557,-0.31993,3.3823,-1.7537,0.34908,-3.3516,0.81663,0.84344,0.087184,0.14538,0.18967,0.12456,-0.019029,-0.35035,-0.1814,0.19327,-0.038205,0.07132,-0.026639,0.29921,-0.23112,-0.02937,184,184,10453,15,1003.9
32.293,0.0012921,0.0097731,10459,0.020042,1.3346,0.002442,0.023166,-9.3212e-05,-0.001312,0.00072641,1,2,0.71257,99.322,0.6,0,0,-0.0017166,-0.010491,0.0013352,0.10586,-0.099302,0.012601,0.00095369,0.010872,-0.0040055,0.10357,-0.090254,0.0046438,-0.0037103,-0.0041257,0.006797,-0.0012575,0.0011482,0.011355,0.0050585,-0.003324,0.0082195,-0.0013105,-0.00091554,0.0022857,1.8851,3.7546,-0.12652,-0.31993,3.1422,-1.6268,0.76799,-3.4982,0.90864,1.3088,0.16388,0.47481,0.19023,0.090017,-0.0074005,-0.32398,-0.17983,0.17067,-0.042117,0.078108,-0.028565,0.26259,-0.21991,-0.036715,184,184,10461,15,1003.9
32.315,0.0014365,0.013481,10466,0.022691,1.3345,0.0024344,0.023164,0.00024145,0.0017127,-0.0005902,1,2,0.75076,99.313,0.6,0,0,-0.0017166,-0.010491,0.0013352,0.10586,-0.099302,0.012601,0.00095369,0.010872,-0.003624,0.10357,-0.090254,0.0046438,1.1675e-05,-0.0054092,0.012215,-0.010462,-0.002272,0.0066289,0.0080829,-0.0022918,0.001367,0.0054092,-0.00041374,0.021614,-0.48872,3.8645,0.17253,-0.20359,2.7036,-1.8198,0.76799,-3.5348,0.88564,0.66894,-0.17248,0.011122,0.1814,0.055168,0.00097456,-0.30141,-0.20078,0.14352,-0.024556,0.092002,-0.031943,0.19668,-0.19127,-0.039169,184,184,10469,15,1003.9
32.332,0.0012633,0.0095546,10473,0.017083,1.3344,0.0024324,0.023162,-0.0003759,0.0003425,0.00045357,1,2,0.79252,99.328,0.6,0,0,-0.0017166,-0.010491,0.0013352,0.10586,-0.099302,0.012601,0.00095369,0.010872,-0.0040055,0.10357,-0.090254,0.0046438,-0.0039129,-0.0077799,-0.0031313,-0.0055328,-0.0018734,0.0091185,0.0015266,-0.0037261,0.00041849,0.00087275,0.012436,0.017453,-0.76799,3.7179,0.080513,-0.5526,3.2029,-1.8154,-0.34908,-3.5348,0.74762,0.95978,0.31469,0.17386,0.15924,0.023537,0.0072893,-0.28297,-0.23714,0.10872,0.01166,0.10692,-0.03124,0.1029,-0.15604,-0.036879,184,184,10475,15,1003.9
32.353,0.0012981,0.0099102,10481,0.020264,1.3341,0.002428,0.023158,-0.00078336,1.5593e-06,0.00082361,1,2,0.83241,99.319,0.6,0,0,-0.0017166,-0.010491,0.0013352,0.10586,-0.099302,0.012601,0.00095369,0.010872,-0.0040055,0.10357,-0.090254,0.0046438,-0.0095009,-0.0037806,0.0051363,0.0066701,-0.0036918,0.009932,0.0072656,-0.0066449,-0.0062408,-0.00373,-0.00078624,0.0078027,-0.48872,3.7179,-0.12652,-0.31993,3.1228,-1.7731,0.20945,-4.011,0.77062,1.1343,0.087184,0.14538,0.13166,0.011559,0.0038928,-0.28303,-0.28528,0.077797,0.057657,0.11307,-0.02497,0.0022685,-0.12964,-0.029075,184,184,10483,15,1003.9
32.366,0.0013405,0.0043744,10489,0.013771,1.3338,0.002424,0.023153,-0.00039324,0.0010818,0.00058338,1,2,0.87113,99.322,0.6,0,0,-0.0017166,-0.010491,0.0013352,0.10586,-0.099302,0.012601,0.00095369,0.010872,-0.0040055,0.10357,-0.090254,0.0046438,-0.0049001,-0.008822,0.0079372,0.0012503,-0.00083533,0.012384,0.0082247,-0.0032214,0.0024357,0.0008378,0.001719,0.01614,2.1643,3.4249,-0.011502,-0.49443,3.2623,-1.7127,-1.3265,-3.6447,0.93165,0.66894,-0.27015,0.049779,0.10503,0.005382,-0.0034611,-0.28909,-0.3313,0.049004,0.097974,0.11455,-0.012674,-0.098216,-0.13691,-0.025899,184,184,10490,15,1003.9
32.393,0.0014933,0.011232,10497,0.026422,1.3337,0.0024199,0.023151,-0.00057497,0.00089041,-0.00033011,1,2,0.91043,99.316,0.6,0,0,-0.0017166,-0.010491,0.0013352,0.10586,-0.099302,0.012601,0.00095369,0.010872,-0.0040055,0.10357,-0.090254,0.0046438,-0.0072882,-0.0023171,0.0053205,-0.010118,-0.0023782,0.0019508,0.0012537,-0.0056987,0.0058297,0.0017695,0.0013863,0.0040302,1.8851,3.6813,-0.31055,-1.0179,2.7625,-1.5827,-0.62835,-3.9377,0.90864,0.49443,0.19847,0.20292,0.087394,-0.010098,-0.0088304,-0.298,-0.34364,0.014616,0.11943,0.11262,0.0075235,-0.17889,-0.16123,-0.046222,184,184,10500,15,1003.9
32.417,0.0012902,0.013899,10506,0.023641,1.3334,0.0024134,0.023147,0.00037007,-0.00021739,-0.00035385,1,2,0.95207,99.323,0.6,0,0,-0.0017166,-0.010491,0.0013352,0.10586,-0.099302,0.012601,0.00095369,0.010872,-0.0040055,0.10357,-0.090254,0.0046438,-0.012213,-0.0016131,0.0061264,-0.010953,-0.0015239,0.0073614,0.00099221,-0.0032108,0.004846,-0.00090852,0.0027195,0.0011578,-0.069817,3.3883,-0.011502,-0.31993,3.5224,-1.8278,-1.0473,-3.6447,1.0007,0.20359,0.098326,0.28488,0.088242,-0.02898,-0.0084092,-0.3026,-0.30699,-0.033517,0.12304,0.10006,0.033469,-0.23064,-0.17954,-0.099577,184,184,10511,15,1003.9
32.434,0.0013111,0.010676,10514,0.016971,1.3334,0.0024114,0.023147,0.0015226,-0.00075295,0.00081613,1,2,0.99244,99.318,0.6,0,0,-0.0017166,-0.010491,0.0013352,0.10586,-0.099302,0.012601,0.00095369,0.010872,-0.0040055,0.10357,-0.090254,0.0046438,-0.0024839,-0.0078941,0.011053,-0.0050398,-0.0019639,0.010211,0.0019631,-0.0029509,0.0055665,0.0085746,-0.00094716,0.0055104,-0.76799,3.6813,-0.26454,-0.95978,2.4536,-1.263,-0.34908,-3.315,0.77062,0.84344,0.31716,0.13055,0.099466,-0.042415,-0.0030643,-0.2528,-0.24784,-0.087237,0.13217,0.05427,0.071961,-0.28512,-0.18485,-0.16164,184,184,10517,15,1003.9
32.462,0.0014767,0.020439,10522,0.028644,1.3331,0.0024086,0.023142,0.00032522,0.00025705,-0.00026433,1,2,0.030562,99.321,0.6,0,0,-0.0017166,-0.010491,0.0013352,0.10586,-0.099302,0.012601,0.00095369,0.010872,-0.0040055,0.10357,-0.090254,0.0046438,-0.0036733,-0.005647,0.0061326,-0.012233,-0.0014093,0.012648,-0.0022459,-0.0029805,0.014283,0.0059742,0.0016183,0.0039021,1.0473,3.6081,-0.37956,-0.84344,2.9025,-1.6343,0.48872,-3.4982,0.90864,1.3088,-0.39505,-0.10396,0.10843,-0.039002,0.013229,-0.045256,-0.17387,-0.087998,0.15938,-0.0664,0.12197,-0.33956,-0.19246,-0.2257,184,184,10527,15,1003.9
32.476,0.0017411,0.013636,10529,0.014287,1.333,0.0024053,0.023141,0.0011965,-0.0013921,-0.00013,1,2,0.072692,99.315,0.6,0,0,-0.0017166,-0.010491,0.0013352,0.10586,-0.099302,0.012601,0.00095369,0.010872,-0.0040055,0.10357,-0.090254,0.0046438,-0.001993,-0.0068391,0.0046927,-0.0095549,-0.0026228,0.010988,0.0061975,0.00022065,0.0074149,0.0020989,-0.0034818,0.0071525,1.0473,3.6813,0.080513,-0.14542,2.8832,-1.7805,0.069817,-3.4249,0.81663,0.20359,-0.19103,0.001532,0.06789,0.0052665,0.021343,0.23932,-0.12768,-0.0079944,0.19516,-0.18455,0.11897,-0.34927,-0.20611,-0.24474,184,184,10533,15,1003.9
32.504,0.0016864,0.019698,10537,0.027384,1.3327,0.0024023,0.023136,-0.00055012,-0.0021652,-0.00069369,1,2,0.1158,99.312,0.6,0,0,-0.0017166,-0.010491,0.0013352,0.10586,-0.099302,0.012601,0.00095369,0.010872,-0.0040055,0.10357,-0.090254,0.0046438,-0.004984,-0.0093945,0.00071971,0.0014944,-0.0032366,0.011526,0.0089378,-0.0031131,0.0041528,0.011034,0.00071258,-0.0014975,-0.48872,3.7179,0.17253,-0.14542,2.583,-1.6219,-0.62835,-3.4249,0.90864,0.029084,-0.079744,0.059073,-0.018513,0.029114,0.033502,0.33299,-0.20306,0.024151,0.20716,-0.19546,0.081281,-0.29235,-0.17417,-0.25045,184,184,10542,15,1003.9
32.515,0.0017559,0.011046,10544,0.011425,1.3327,0.002402,0.023136,0.0010584,-0.00060501,-4.7519e-05,1,2,0.15605,99.313,0.6,0,0,-0.0017166,-0.010491,0.0013352,0.10586,-0.099302,0.012601,0.00095369,0.010872,-0.003624,0.10357,-0.090254,0.0046438,-0.0055588,-0.0010272,-0.0012246,-0.0035096,0.0001154,0.0045471,0.0080521,-0.0020333,-0.0018749,0.0051328,0.0037878,0.01839,0.34908,3.8278,-0.19553,-1.2506,3.0833,-1.8863,-0.62835,-3.7546,0.79363,0.029084,-0.2442,-0.070542,-0.059272,0.032591,0.049321,0.36138,-0.20927,0.027914,0.20648,-0.17585,0.061244,-0.26023,-0.15192,-0.25347,184,184,10546,15,1003.9
32.535,0.0016809,0.012507,10550,0.019715,1.3324,0.002399,0.023132,0.001065,0.0011136,0.00086693,1,2,0.19251,99.316,0.6,0,0,-0.0017166,-0.010491,0.0013352,0.10586,-0.099302,0.012601,0.00095369,0.010872,-0.003624,0.10357,-0.090254,0.0046438,-0.01161,-0.002209,0.0060788,0.00022701,-0.0012641,0.0079825,0.0067152,-0.0031852,-0.0055152,0.0059158,0.0043568,0.0055725,0.62835,3.022,-0.12652,-0.49443,2.8029,-1.6934,1.0473,-3.315,0.79363,0.66894,0.27513,0.19798,-0.068506,0.03044,0.053809,0.34067,-0.20321,0.026834,0.20466,-0.1491,0.048646,-0.24703,-0.1442,-0.24154,184,184,10553,15,1003.9
32.554,0.0013811,0.011229,10558,0.019301,1.3323,0.0023944,0.02313,0.00084938,-0.00040669,0.0014147,1,2,0.23304,99.326,0.6,0,0,-0.0017166,-0.010491,0.0013352,0.10586,-0.099302,0.012601,0.00095369,0.010872,-0.0040055,0.10357,-0.090254,0.0046438,-0.0092185,-0.0016817,0.012409,-0.0020353,0.00028422,0.0060868,-0.0046407,-0.0038376,0.0084371,-0.00053072,0.0099813,0.011087,-0.48872,3.6081,0.011502,-0.78527,3.0828,-1.7519,-0.62835,-3.3516,0.77062,0.3781,0.052557,0.0829,-0.052346,0.022467,0.054687,0.28226,-0.18464,0.022281,0.20004,-0.11211,0.038128,-0.24436,-0.14432,-0.21004,184,184,10561,15,1003.9
32.574,0.0014489,0.010986,10566,0.019513,1.3322,0.0023882,0.023129,0.00080748,0.00051543,-0.001732,1,2,0.2725,99.317,0.6,0,0,-0.0017166,-0.010491,0.0013352,0.10586,-0.099302,0.012601,0.00095369,0.010872,-0.003624,0.10357,-0.090254,0.0046438,-0.0061255,0.00025857,0.0067117,-0.013791,-0.00034049,0.0081315,0.0094951,-0.0049209,0.0064237,-0.003375,0.0077877,0.036156,1.0473,3.5714,-0.35656,-0.3781,3.2824,-1.7233,-0.20945,-3.4982,0.67861,0.66894,-0.072339,-0.070838,-0.019325,0.0094989,0.05374,0.19796,-0.15651,0.015153,0.19197,-0.077792,0.032366,-0.2445,-0.15395,-0.16649,184,184,10569,15,1003.9
32.594,0.0013435,0.011056,10574,0.020209,1.3318,0.0023836,0.023121,5.5592e-05,0.0017352,-0.0010974,1,2,0.31271,99.32,0.6,0,0,-0.0017166,-0.010491,0.0013352,0.10586,-0.099302,0.012601,0.00095369,0.010872,-0.0040055,0.10357,-0.090254,0.0046438,-0.017168,-0.0044609,0.0077982,-0.010595,-0.00040814,0.013343,0.0044371,-0.0028894,0.0046858,0.0058348,-0.0015147,0.0059167,1.0473,3.4615,0.19553,-0.14542,3.0027,-1.7096,-1.0473,-3.7912,1.0007,0.20359,0.13295,0.34737,0.02143,-0.0024711,0.0487,0.095732,-0.11893,0.0093141,0.17399,-0.062993,0.029714,-0.24169,-0.18227,-0.12556,184,184,10577,15,1003.9
32.613,0.001314,0.010603,10582,0.018721,1.3317,0.0023777,0.023121,0.00058348,-0.001113,7.1218e-05,1,2,0.35109,99.316,0.6,0,0,-0.0017166,-0.010491,0.0013352,0.10586,-0.099302,0.012601,0.00095369,0.010872,-0.003624,0.10357,-0.090254,0.0046438,-0.0040361,-0.0053381,0.01361,-0.0037981,-0.00078316,0.005268,0.0033083,-0.0047554,0.0048647,0.0069115,-0.0045162,0.00060189,0.34908,3.7912,0.034505,-0.14542,3.1627,-1.7718,-0.069817,-3.3516,0.67861,0.20359,-0.39505,-0.10396,0.064382,-0.016907,0.045711,-0.012815,-0.08225,0.0073641,0.15223,-0.06716,0.029915,-0.23789,-0.22302,-0.099978,184,184,10585,15,1003.9
32.635,0.0014339,0.012597,10591,0.022369,1.3316,0.0023746,0.02312,0.0015236,-0.00078181,-0.00014087,1,2,0.39204,99.313,0.6,0,0,-0.0017166,-0.010491,0.0013352,0.10586,-0.099302,0.012601,0.00095369,0.010872,-0.0040055,0.10357,-0.090254,0.0046438,-0.0092731,-0.003921,0.0026393,-0.0044812,0.0015153,0.0014348,0.0091546,-0.0044066,0.0028756,0.0054238,0.0072081,0.014477,-0.48872,3.3883,-0.10352,-0.31993,2.8826,-1.6461,0.76799,-3.7912,1.0007,0.49443,-0.072339,-0.070838,0.097793,-0.03231,0.047942,-0.096332,-0.068676,0.0083095,0.13609,-0.07481,0.031172,-0.24746,-0.25975,-0.087593,184,184,10595,15,1003.9
32.654,0.0013629,0.012502,10599,0.019393,1.3313,0.0023718,0.023114,0.00030102,0.0015067,0.0016873,1,2,0.43082,99.317,0.6,0,0,-0.0017166,-0.010491,0.0013352,0.10586,-0.099302,0.012601,0.00095369,0.010872,-0.0040055,0.10357,-0.090254,0.0046438,-0.0039264,-0.011057,0.0036926,-0.0058768,-0.0035558,0.005642,0.0012694,-0.0077981,-0.0045967,0.00019918,-0.0079163,0.0049285,0.62835,3.6813,0.21853,-0.31993,2.9821,-1.5646,-0.90762,-3.7179,0.74762,0.31993,0.43959,0.3276,0.11305,-0.035781,0.042708,-0.14597,-0.069931,0.021823,0.13183,-0.067114,0.031658,-0.26839,-0.27312,-0.067368,184,184,10603,15,1003.9
32.674,0.0014673,0.012222,10607,0.019813,1.3313,0.0023695,0.023114,-0.00011546,9.1489e-05,0.0018819,1,2,0.47122,99.317,0.6,0,0,-0.0017166,-0.010491,0.0013352,0.10586,-0.099302,0.012601,0.00095369,0.010872,-0.003624,0.10357,-0.090254,0.0046438,-0.0065854,-0.0081999,0.006444,-0.0031538,-0.0040978,0.0036559,0.007359,-0.0057857,0.0023668,-0.0014517,-0.0030986,0.0085538,-0.76799,3.7912,0.12652,-0.31993,2.9427,-1.6779,-0.62835,-3.6447,0.90864,0.66894,-0.1935,0.044836,0.11574,-0.026636,0.026104,-0.18667,-0.079605,0.052821,0.13914,-0.045847,0.027611,-0.28185,-0.25113,-0.0097305,184,184,10611,15,1003.9
32.687,0.0014032,0.0044338,10616,0.012467,1.3292,0.0023805,0.023076,-0.00064235,9.8907e-05,-0.00040345,1,2,0.51169,99.318,0.6,0,0,-0.0017166,-0.010491,0.0013352,0.10586,-0.099302,0.012601,0.00095369,0.010872,-0.0040055,0.10357,-0.090254,0.0046438,-0.0044067,-0.00022999,0.0091207,-0.007366,0.0036812,0.0069034,0.0033873,-0.00095743,0.0059857,-0.0019483,-0.0057566,-0.0043735,0.76799,3.5714,-0.011502,-1.2506,3.3624,-1.7656,-0.069817,-3.2418,0.77062,0.66894,-0.45563,-0.046122,0.12151,0.016127,-0.01441,-0.25186,-0.1143,0.098494,0.14537,-0.0068015,0.015277,-0.24699,-0.20092,0.078052,184,184,10617,15,1003.9
32.711,0.0013464,0.0080015,10624,0.023765,1.3288,0.0023751,0.023071,0.0001743,0.0010878,-0.00050622,1,2,0.55188,99.327,0.6,0,0,-0.0017166,-0.010491,0.0013352,0.10586,-0.099302,0.012601,0.00095369,0.010872,-0.0040055,0.10357,-0.090254,0.0046438,-0.009205,-0.0053342,0.01075,-0.0013258,-0.0023056,0.014683,0.010675,-0.0054194,0.0016856,0.001932,0.005081,-0.0007132,1.0473,3.6813,-0.034505,-0.49443,3.2029,-1.8154,0.76799,-3.2784,0.54059,0.49443,0.30108,0.07766,0.14064,0.12974,-0.089208,-0.37013,-0.19272,0.18858,0.14227,0.039795,0.011371,-0.015504,-0.13116,0.082706,184,184,10625,15,1003.9
32.741,0.0013202,0.016097,10634,0.030932,1.3286,0.0023673,0.023068,-0.00065001,0.00080942,0.0023068,1,2,0.59746,99.317,0.6,0,0,-0.0017166,-0.010491,0.0013352,0.10586,-0.099302,0.012601,0.00095369,0.010872,-0.0040055,0.10357,-0.090254,0.0046438,-0.0055362,-0.0091352,0.011616,0.0053925,-0.00043154,0.016195,0.011294,-0.0029673,0.0048794,-0.0026147,-0.0013449,-0.003336,-0.76799,3.7912,-0.12652,-0.14542,2.4879,-1.4376,-0.62835,-3.3516,0.77062,0.31993,-0.33073,0.10762,0.16554,0.18538,-0.077853,-0.43662,-0.26533,0.23052,0.066904,0.05426,-0.002836,0.23967,-0.15717,-0.0011036,184,184,10638,15,1003.9
32.754,0.0014885,0.012079,10640,0.012463,1.3286,0.0023639,0.023067,-0.00037736,0.00093107,0.0010367,1,2,0.63075,99.317,0.6,0,0,-0.0017166,-0.010491,0.0013352,0.10586,-0.099302,0.012601,0.00095369,0.010872,-0.0040055,0.10357,-0.090254,0.0046438,-0.0080726,-0.0018292,0.006857,-0.0041856,-0.0015284,0.008752,0.0039804,-0.0015479,0.0026592,0.0097753,0.0064035,0.027469,-0.069817,3.7912,-0.17253,-0.5526,2.783,-1.7053,0.069817,-3.5714,1.2537,0.84344,0.089652,0.10208,0.1714,0.15157,-0.024504,-0.37586,-0.19259,0.2033,-0.0064881,0.065523,-0.014367,0.29191,-0.22548,-0.025174,184,184,10643,15,1003.9
32.766,0.0013701,0.004197,10648,0.012438,1.3284,0.0023601,0.023065,0.0031692,0.00013209,-2.003e-05,1,2,0.67122,99.316,0.6,0,0,-0.0017166,-0.010491,0.0013352,0.10586,-0.099302,0.012601,0.00095369,0.010872,-0.0040055,0.10357,-0.090254,0.0046438,-0.015156,-0.0036388,0.0044609,-0.0035788,-0.002403,0.012189,0.003177,-0.004544,0.01172,-0.0040672,-0.0011407,0.0035464,-0.069817,3.5714,-0.47158,-0.49443,3.2628,-1.8247,1.0473,-3.315,0.67861,0.84344,0.53232,0.37555,0.18846,0.12613,-0.01902,-0.35187,-0.18145,0.19409,-0.037174,0.071415,-0.02631,0.30071,-0.23155,-0.029372,184,184,10649,15,1003.9
32.794,0.001415,0.0118,10657,0.027808,1.3282,0.0023568,0.023062,-0.00027924,-0.00077966,0.0011004,1,2,0.71169,99.319,0.6,0,0,-0.0017166,-0.010491,0.0013352,0.10586,-0.099302,0.012601,0.00095369,0.010872,-0.0040055,0.10357,-0.090254,0.0046438,-0.0046735,-0.008492,0.0043166,-0.0037762,-0.00059826,0.016042,0.0018555,-0.0040194,0.0048978,-0.0040243,0.0026952,0.005824,1.0473,3.5348,-0.44857,-0.49443,3.2029,-1.8154,-0.76799,-3.6447,0.77062,1.0179,0.4544,0.067774,0.19005,0.090597,-0.0075419,-0.32462,-0.17923,0.17077,-0.042054,0.077946,-0.028361,0.26385,-0.22058,-0.036724,184,184,10660,15,1003.9
32.812,0.0015288,0.0098389,10665,0.018188,1.3282,0.0023486,0.023061,0.0017566,-5.9017e-05,0.0011625,1,2,0.7523,99.318,0.6,0,0,-0.0017166,-0.010491,0.0013352,0.10586,-0.099302,0.012601,0.00095369,0.010872,-0.0040055,0.10357,-0.090254,0.0046438,-0.0039792,-0.0062612,0.0045126,-0.0054876,0.0019436,0.0042399,0.004633,-0.0040574,-0.0084685,0.0074166,0.0074419,0.027394,1.0473,3.4982,-0.26454,-0.31993,2.5835,-1.7563,0.20945,-3.5348,0.88564,1.1343,0.0637,0.2224,0.18064,0.053974,0.0017677,-0.30054,-0.20094,0.1426,-0.02415,0.092414,-0.032028,0.19468,-0.19096,-0.039429,184,184,10667,15,1003.9
32.834,0.0013756,0.012043,10673,0.021663,1.3276,0.0023441,0.023052,-0.0012777,-0.00042545,-0.0013876,1,2,0.79084,99.322,0.6,0,0,-0.0017166,-0.010491,0.0013352,0.10586,-0.099302,0.012601,0.00095369,0.010872,-0.0040055,0.10357,-0.090254,0.0046438,-0.00066469,0.0010863,0.0052535,-0.0010216,0.0008704,0.010985,-0.002679,-0.002654,-0.0062834,-0.0029766,-0.00055231,0.006797,-0.76799,4.2674,-0.057509,-0.84344,3.3624,-1.7656,-0.069817,-3.4982,0.6556,0.3781,0.51251,0.053241,0.15926,0.024771,0.006812,-0.28385,-0.23608,0.11004,0.012154,0.10648,-0.030912,0.10518,-0.1559,-0.036907,184,184,10676,15,1003.9
32.855,0.0016248,0.011876,10681,0.020727,1.3275,0.002341,0.023051,0.002689,-0.00041997,-0.0015068,1,2,0.83321,99.318,0.6,0,0,-0.0017166,-0.010491,0.0013352,0.10586,-0.099302,0.012601,0.00095369,0.010872,-0.0040055,0.10357,-0.090254,0.0046438,-0.0060347,-0.00046523,0.010919,-0.0013092,0.0035929,0.010635,0.0023977,-0.0033722,0.0056066,-0.0045672,-0.0030146,0.0029999,0.76799,3.7912,-0.40256,-0.84344,2.4879,-1.4376,-1.3265,-3.6081,0.90864,0.66894,-0.54096,-0.22398,0.13134,0.011566,0.0046266,-0.2831,-0.28524,0.078331,0.057527,0.11279,-0.024929,0.0017637,-0.13001,-0.029089,184,184,10684,15,1003.9
32.867,0.0020835,0.0040868,10689,0.011973,1.3274,0.0023401,0.02305,-4.6252e-05,-0.0013648,0.00053288,1,2,0.87362,99.315,0.6,0,0,-0.0017166,-0.010491,0.0013352,0.10586,-0.099302,0.012601,0.00095369,0.010872,-0.0040055,0.10357,-0.090254,0.0046438,-0.0060845,0.0033731,0.0067232,-0.0062168,0.003779,0.0027612,0.002434,-0.00039791,-0.0074452,0.0038238,-0.013906,-0.010797,1.8851,3.5714,-0.42557,-0.66894,3.0027,-1.7096,-0.76799,-3.6081,0.77062,0.84344,-0.5941,0.03831,0.10364,0.0048245,-0.0029962,-0.28955,-0.3328,0.0489,0.098724,0.1144,-0.012245,-0.10252,-0.13912,-0.026231,184,184,10689,15,1003.9
32.896,0.002307,0.013036,10695,0.029162,1.3273,0.0023348,0.023048,0.0013913,0.0014398,0.00068331,1,2,0.91449,99.319,0.6,0,0,-0.0017166,-0.010491,0.0013352,0.10586,-0.099302,0.012601,0.00095369,0.010872,-0.003624,0.10357,-0.090254,0.0046438,-0.0097553,-0.0059307,0.0080402,-0.0079214,0.0013273,0.010837,-0.0012545,-0.0024585,-0.0083526,0.0072229,-0.0098218,0.00013541,1.0473,3.5714,-0.034505,-1.1343,3.2423,-1.7021,0.069817,-3.7912,1.2537,0.49443,0.23556,0.2221,0.086992,-0.011363,-0.0088909,-0.29968,-0.34222,0.011839,0.11933,0.11278,0.0085854,-0.18247,-0.16295,-0.049991,184,184,10698,15,1003.9
32.922,0.0015054,0.020421,10701,0.026308,1.3268,0.0023311,0.023039,-0.0010149,-0.00017029,0.0017952,1,2,0.95046,99.314,0.6,0,0,-0.0017166,-0.010491,0.0013352,0.10586,-0.099302,0.012601,0.00095369,0.010872,-0.0040055,0.10357,-0.090254,0.0046438,0.00019277,-0.0022453,0.0026549,-0.0015634,0.0021655,0.004941,0.0081905,-0.0051416,0.0029205,0.0027057,0.0010083,0.0096054,0.34908,3.5714,0.057509,-0.31993,2.5633,-1.7009,-1.4662,-3.6081,0.90864,0.66894,0.038946,-0.013297,0.089192,-0.028545,-0.0082995,-0.3011,-0.30596,-0.032936,0.12354,0.099809,0.033326,-0.22986,-0.17828,-0.098312,184,184,10705,15,1003.9
32.936,0.0014898,0.013837,10707,0.014215,1.3267,0.00233,0.023039,-0.0016151,0.00052983,0.0023701,1,2,0.99225,99.324,0.6,0,0,-0.0017166,-0.010491,0.0013352,0.10586,-0.099302,0.012601,0.00095369,0.010872,-0.0040055,0.10357,-0.090254,0.0046438,-0.0045287,-0.0091777,0.014698,-0.0080096,0.00047587,0.0098604,0.0087992,-0.0019409,0.0060041,-0.00039885,0.0010766,0.017836,-0.76799,4.011,-0.057509,-0.31993,2.7224,-1.5391,-0.62835,-3.3516,0.79363,0.31993,-1.0281,-0.38672,0.099381,-0.042326,-0.0032836,-0.25384,-0.2486,-0.087623,0.13193,0.055185,0.07136,-0.28446,-0.18434,-0.16146,184,184,10711,15,1003.9
32.954,0.0013715,0.010733,10715,0.017152,1.3265,0.002325,0.023035,0.0010107,0.0021426,8.1653e-05,1,2,0.032612,99.321,0.6,0,0,-0.0017166,-0.010491,0.0013352,0.10586,-0.099302,0.012601,0.00095369,0.010872,-0.0040055,0.10357,-0.090254,0.0046438,-0.0017719,-0.0041438,0.0045534,-0.0034653,-0.0029922,0.0085764,0.0048677,-0.0025777,0.0013257,0.00069276,0.0047797,0.0020862,1.0473,3.5714,-0.33355,-0.66894,3.1834,-1.9392,0.76799,-3.4249,0.90864,0.66894,-0.098291,0.049483,0.108,-0.038861,0.014005,-0.038594,-0.17234,-0.087718,0.16061,-0.069061,0.12256,-0.34006,-0.1919,-0.22696,184,184,10718,15,1003.9
32.996,0.0069054,0.017737,10724,0.042449,1.326,0.0023172,0.023028,-0.00025109,-0.00066234,-0.0024051,1,2,0.11435,99.312,0.6,0,0,-0.0017166,-0.010491,0.0013352,0.10586,-0.099302,0.012601,0.00095369,0.010872,-0.003624,0.10357,-0.090254,0.0046438,-0.011321,-0.0031813,0.0075968,-0.0068851,-0.00085275,0.0069335,0.0068109,-0.0033346,0.0033899,0.0015866,0.0069726,0.021153,0.62835,3.9377,0.011502,-0.31993,2.8826,-1.6461,-0.62835,-3.5714,1.0237,0.84344,-0.1119,-0.046715,0.063877,0.0075342,0.027679,0.27457,-0.14164,-0.010032,0.20174,-0.17991,0.10949,-0.34217,-0.19995,-0.24863,184,184,10728,15,1003.9
33.022,0.0014917,0.018137,10732,0.025923,1.326,0.0023134,0.023027,-1.7095e-05,-0.0010178,0.00018913,1,2,0.15457,99.336,0.6,0,0,-0.0017166,-0.010491,0.0013352,0.10586,-0.099302,0.012601,0.00095369,0.010872,-0.003624,0.10357,-0.090254,0.0046438,-0.01414,-0.0048499,0.0069695,0.0030152,-0.0022104,0.006628,0.0058019,-0.0063711,-0.005467,0.0042463,-0.0079921,0.0033638,-0.069817,3.5714,-0.10352,-0.95978,3.2022,-1.6586,-1.3265,-3.3516,0.79363,0.84344,-0.21204,0.035246,-0.027189,0.030052,0.040851,0.33545,-0.20842,0.021945,0.20719,-0.1768,0.067362,-0.27972,-0.1619,-0.24767,184,184,10735,15,1003.9
33.037,0.0013334,0.012947,10738,0.014936,1.3258,0.0023118,0.023023,-0.00063879,0.0005728,0.0008932,1,2,0.19465,99.314,0.6,0,0,-0.0017166,-0.010491,0.0013352,0.10586,-0.099302,0.012601,0.00095369,0.010872,-0.0040055,0.10357,-0.090254,0.0046438,-0.012974,-0.0059246,0.00084373,-0.0058714,0.00062652,0.008506,3.894e-05,-0.0057809,-0.0016123,0.00063906,0.0040675,0.0018356,0.34908,3.3883,-0.057509,-0.49443,3.0027,-1.7096,-0.069817,-3.4982,0.77062,0.49443,0.14283,0.17415,-0.0547,0.029507,0.052705,0.3306,-0.20024,0.024511,0.20473,-0.1476,0.049237,-0.25371,-0.14581,-0.23667,184,184,10742,15,1003.9
33.056,0.0012334,0.010646,10747,0.018699,1.3252,0.0023019,0.023015,0.00049427,0.00012654,0.0012,1,2,0.23653,99.318,0.6,0,0,-0.0017166,-0.010491,0.0013352,0.10586,-0.099302,0.012601,0.00095369,0.010872,-0.0040055,0.10357,-0.090254,0.0046438,-0.0036993,-0.011728,0.013078,-0.01103,-0.0025965,0.0069509,0.0048567,-0.0037254,0.007707,0.0035702,0.0036228,0.0021693,0.34908,3.9377,-0.14952,-0.3781,3.0027,-1.7096,-1.0473,-3.3516,0.54059,1.3088,0.55828,0.25523,-0.046659,0.021613,0.05429,0.27297,-0.18234,0.021045,0.20018,-0.10898,0.037833,-0.24565,-0.144,-0.20533,184,184,10750,15,1003.9
33.081,0.0012208,0.016524,10756,0.025647,1.3251,0.0022981,0.023013,-5.7614e-05,-0.00067247,-0.00028403,1,2,0.27604,99.318,0.6,0,0,-0.0017166,-0.010491,0.0013352,0.10586,-0.099302,0.012601,0.00095369,0.010872,-0.0040055,0.10357,-0.090254,0.0046438,-0.0090107,-0.011647,-0.0036987,-0.013527,0.0002997,0.012343,0.0088231,-0.0017484,0.0029169,0.0036621,0.0060132,0.0051122,1.0473,4.011,-0.40256,-0.31993,2.8626,-1.6356,-0.069817,-3.4982,0.88564,0.66894,0.09212,0.058776,-0.01486,0.0084771,0.053128,0.18881,-0.15335,0.014457,0.19068,-0.076169,0.031927,-0.24498,-0.15571,-0.16223,184,184,10760,15,1003.9
33.093,0.0012817,0.0087204,10764,0.01173,1.3249,0.0022952,0.02301,0.0017738,0.00074097,-0.00037509,1,2,0.31524,99.319,0.6,0,0,-0.0017166,-0.010491,0.0013352,0.10586,-0.099302,0.012601,0.00095369,0.010872,-0.003624,0.10357,-0.090254,0.0046438,-0.0044464,-0.0069408,0.0048414,-0.0026893,-0.001117,0.011346,8.8035e-05,-0.0046117,0.010638,0.0033469,0.01118,0.02064,1.0473,3.4982,0.080513,-0.3781,2.8431,-1.737,0.76799,-3.2784,0.6556,1.1343,0.04762,0.16951,0.0256,-0.0035306,0.04833,0.087037,-0.11652,0.0088884,0.17227,-0.062801,0.03037,-0.24179,-0.18569,-0.12299,184,184,10765,15,1003.9
33.123,0.0012057,0.018471,10773,0.030263,1.3248,0.0022911,0.023009,-0.00040565,-0.0011383,-0.00060919,1,2,0.35612,99.323,0.6,0,0,-0.0017166,-0.010491,0.0013352,0.10586,-0.099302,0.012601,0.00095369,0.010872,-0.0040055,0.10357,-0.090254,0.0046438,-0.0028056,-0.007183,0.0049444,-0.0040853,-0.00107,0.011231,0.0032552,-0.0051209,0.0078109,0.00051144,-0.0016286,0.0050208,0.34908,3.5714,0.080513,-0.14542,2.8841,-2.0045,-0.20945,-3.4249,0.88564,0.31993,-0.04018,0.034949,0.06785,-0.018828,0.045876,-0.023366,-0.079099,0.0082604,0.15016,-0.068966,0.029471,-0.23806,-0.22686,-0.098222,184,184,10777,15,1003.9
33.136,0.0012069,0.011529,10780,0.013158,1.3247,0.0022869,0.023007,-0.0012034,0.0014497,-0.00095563,1,2,0.3963,99.318,0.6,0,0,-0.0017166,-0.010491,0.0013352,0.10586,-0.099302,0.012601,0.00095369,0.010872,-0.0040055,0.10357,-0.090254,0.0046438,-0.0097245,9.7813e-05,0.0098973,-0.004414,-0.0026396,-5.0477e-05,0.0093236,-0.0050063,0.0067294,0.0076649,0.0072061,-0.0018422,0.76799,3.7912,-0.47158,-0.20359,2.9421,-1.5435,-0.62835,-3.1685,0.90864,0.49443,0.15023,0.044243,0.10037,-0.032779,0.047851,-0.10302,-0.068535,0.0086452,0.13506,-0.074542,0.030942,-0.24878,-0.2619,-0.086867,184,184,10784,15,1003.9
33.155,0.0013856,0.010804,10789,0.019015,1.3245,0.0022827,0.023003,-0.00012474,0.00048362,-0.00047595,1,2,0.43609,99.319,0.6,0,0,-0.0017166,-0.010491,0.0013352,0.10586,-0.099302,0.012601,0.00095369,0.010872,-0.0040055,0.10357,-0.090254,0.0046438,-7.1271e-05,-0.0032452,0.0062879,-0.0021296,0.00077729,0.0062682,0.0017303,-0.0053755,0.0053598,0.0047932,0.0079005,0.019186,1.0473,3.6813,-0.10352,-0.66894,3.0021,-1.5752,-0.069817,-3.4249,0.6556,0.49443,-0.51991,0.07667,0.11311,-0.036004,0.041634,-0.15067,-0.07058,0.025464,0.13255,-0.065109,0.031621,-0.27135,-0.27187,-0.062404,184,184,10792,15,1003.9
33.173,0.0012173,0.0089844,10797,0.017557,1.3241,0.0022777,0.022998,-0.00085277,-0.0022888,-0.00023693,1,2,0.47455,99.314,0.6,0,0,-0.0017166,-0.010491,0.0013352,0.10586,-0.099302,0.012601,0.00095369,0.010872,-0.0040055,0.10357,-0.090254,0.0046438,-0.010245,-0.0078531,0.0025778,-0.0048308,0.001535,0.01334,0.0022465,-0.0067131,0.0087277,0.00074945,0.0012449,0.0054234,1.0473,3.2418,-0.44857,-0.31993,2.6834,-1.7644,-1.0473,-3.315,0.67861,0.66894,0.50016,0.26976,0.11632,-0.024209,0.023306,-0.19128,-0.082107,0.055922,0.13949,-0.043409,0.026538,-0.28178,-0.24871,-0.0025422,184,184,10799,15,1003.9
33.196,0.0014241,0.011379,10807,0.023065,1.3241,0.0022749,0.022997,0.0011216,-0.0019784,0.00033883,1,2,0.5163,99.321,0.6,0,0,-0.0017166,-0.010491,0.0013352,0.10586,-0.09951,0.012208,0.00095369,0.010872,-0.0040055,0.10357,-0.090254,0.0046438,-0.0046587,-0.0074129,0.014576,0.0021614,-0.005458,0.013017,0.0092727,-0.0074146,0.004357,0.0034628,-0.00028036,0.021414,0.34908,3.6813,-0.057509,-0.49443,2.783,-1.5923,0.069817,-3.315,1.0237,1.6578,-0.48779,-0.15191,0.12243,0.024321,-0.021056,-0.26101,-0.11938,0.10513,0.14561,-0.0011062,0.014148,-0.23592,-0.19324,0.086256,184,184,10809,15,1003.9
33.215,0.0012016,0.010154,10815,0.019313,1.324,0.0022705,0.022997,-0.00011268,0.00064913,0.00129,1,2,0.55695,99.319,0.6,0,0,-0.0017166,-0.010491,0.0013352,0.10586,-0.09951,0.012208,0.00095369,0.010872,-0.0040055,0.10357,-0.090254,0.0046438,-0.0056507,-0.0041852,0.0053262,0.0010647,-0.0034085,0.01293,-0.0016386,-0.0073695,-0.00018561,0.0067804,0.008206,0.017682,0.34908,3.4615,-0.37956,-0.49443,3.0237,-1.8311,-0.76799,-3.315,0.90864,0.84344,-0.21204,0.035246,0.14323,0.14265,-0.094502,-0.38537,-0.20514,0.19893,0.13929,0.042325,0.010753,0.021546,-0.12711,0.069542,184,184,10818,15,1003.9
33.243,0.0015959,0.018137,10824,0.027652,1.3236,0.0022682,0.02299,-0.0010763,7.5212e-05,0.0013719,1,2,0.59703,99.329,0.6,0,0,-0.0017166,-0.010491,0.0013352,0.10586,-0.09951,0.012208,0.00095369,0.010872,-0.003624,0.10357,-0.090254,0.0046438,-0.0019764,-0.0068724,0.0038484,-0.0045398,-0.0013416,0.018824,-0.0015536,-0.0054179,0.0036738,0.00033534,0.0014603,0.005987,0.34908,3.8278,0.14952,-0.49443,2.9636,-1.7994,-0.069817,-3.5348,0.77062,0.029084,0.089652,0.10208,0.16544,0.18231,-0.070464,-0.43207,-0.26143,0.22836,0.056825,0.054788,-0.0034711,0.24558,-0.16534,-0.0051829,184,184,10827,15,1003.9
33.256,0.0013541,0.01056,10830,0.012583,1.3237,0.0022674,0.022991,-0.0013776,-0.00048718,0.00039256,1,2,0.63688,99.317,0.6,0,0,-0.0017166,-0.010491,0.0013352,0.10586,-0.09951,0.012208,0.00095369,0.010872,-0.003624,0.10357,-0.090254,0.0046438,-0.0084518,-0.0070647,0.01736,0.00058028,0.0018046,0.015734,0.0031334,-0.0026419,0.0073095,0.0071648,0.0025147,-0.0026148,-0.76799,3.7912,0.19553,-0.31993,2.6033,-1.6092,-1.0473,-3.4249,1.0237,0.84344,-0.23059,0.025655,0.17289,0.14803,-0.023183,-0.37274,-0.18969,0.20088,-0.0091877,0.0668,-0.015718,0.29434,-0.22693,-0.026069,184,184,10833,15,1003.9
33.276,0.0012147,0.0108,10839,0.020017,1.3235,0.002265,0.022988,0.00053944,-0.00035002,-0.00038496,1,2,0.67618,99.322,0.6,0,0,-0.0017166,-0.010491,0.0013352,0.10586,-0.09951,0.012208,0.00095369,0.010872,-0.003624,0.10357,-0.090254,0.0046438,-0.011804,-0.0015566,0.0058141,-0.0088207,-0.0006683,0.011877,0.0065581,-0.0044576,-3.4158e-05,0.0032081,-0.0072045,0.0040256,0.34908,3.3883,-0.33355,-0.84344,2.9431,-1.6769,-0.069817,-3.8278,0.81663,0.49443,0.30108,0.07766,0.18918,0.12171,-0.017734,-0.34853,-0.18079,0.19096,-0.038245,0.07211,-0.026504,0.29701,-0.23101,-0.030412,184,184,10841,15,1003.9
33.293,0.0017486,0.007793,10846,0.01733,1.3234,0.0022647,0.022987,9.6699e-05,-0.00019711,-0.0008409,1,2,0.71791,99.318,0.6,0,0,-0.0017166,-0.010491,0.0013352,0.10586,-0.09951,0.012208,0.00095369,0.010872,-0.0040055,0.10357,-0.090254,0.0046438,-0.011323,-0.0077387,0.0061325,-0.00055438,0.0013731,0.0056337,0.0059887,-0.0053705,0.0062893,0.012188,0.002489,0.0021514,0.62835,3.7912,-0.24154,-0.31993,3.3629,-1.7645,1.4662,-3.4982,1.2307,0.66894,0.35425,0.14973,0.18916,0.084917,-0.0060382,-0.3207,-0.18171,0.16657,-0.040207,0.079761,-0.028719,0.25472,-0.21721,-0.037581,184,184,10846,15,1003.9
33.327,0.0012556,0.022659,10852,0.033929,1.3231,0.0022591,0.022982,0.00061162,0.00013327,-0.00013796,1,2,0.75501,99.316,0.6,0,0,-0.0017166,-0.010491,0.0013352,0.10586,-0.09951,0.012208,0.00095369,0.010872,-0.0040055,0.10357,-0.090254,0.0046438,-0.0097239,-0.0015819,0.011348,-0.0031987,0.0019741,0.010802,0.0034403,-0.0072166,0.0046142,0.0020021,0.0023132,0.0051727,-0.48872,4.1209,0.011502,-0.14542,2.8619,-1.3883,0.34908,-3.1685,0.88564,0.31993,0.66462,0.39937,0.17838,0.051338,0.0018166,-0.3,-0.20483,0.14015,-0.019974,0.094374,-0.032036,0.18747,-0.18699,-0.039196,184,184,10857,15,1003.9
33.343,0.0048818,0.015999,10859,0.016322,1.323,0.0022571,0.02298,-0.00020608,-0.00042398,-0.00060035,1,2,0.80827,99.321,0.6,0,0,-0.0017166,-0.010491,0.0013352,0.10586,-0.09951,0.012208,0.00095369,0.010872,-0.0040055,0.10357,-0.090254,0.0046438,-0.0033839,-0.0043733,0.0023341,-0.0094223,-0.0038077,0.0096528,0.0012549,-0.0042936,0.0036932,0.0017033,0.0046936,0.011305,2.1643,3.7912,-0.31055,-0.66894,2.8224,-1.4791,0.34908,-3.315,0.90864,0.66894,0.085914,-0.16733,0.15272,0.015161,0.010042,-0.27927,-0.24943,0.098907,0.019654,0.10983,-0.032355,0.074416,-0.14954,-0.034719,184,184,10863,15,1003.9
33.357,0.001321,0.01229,10866,0.014058,1.3229,0.0022523,0.022979,-0.0009243,-0.00048999,-0.00016508,1,2,0.83669,99.319,0.6,0,0,-0.0017166,-0.010491,0.0013352,0.10586,-0.099302,0.0126,0.00095369,0.010872,-0.0040055,0.10357,-0.090254,0.0046438,-0.0016998,-0.0080757,0.0082981,-0.015548,-0.0028212,0.010182,0.0080838,0.00052602,0.0043874,0.0008241,0.0023983,0.001251,1.0473,3.5714,0.12652,-0.14542,2.9431,-1.7899,-0.34908,-3.4982,0.88564,0.3781,0.38147,0.34213,0.12587,0.011709,0.00086686,-0.28531,-0.2947,0.072049,0.069202,0.1135,-0.021657,-0.01487,-0.12672,-0.027571,184,184,10869,15,1003.9
33.384,0.001329,0.019224,10872,0.026996,1.3226,0.0022461,0.022974,-0.0012021,0.00079728,-0.0013079,1,2,0.87678,99.312,0.6,0,0,-0.0017166,-0.010491,0.0013352,0.10586,-0.099302,0.012601,0.00095369,0.010872,-0.0040055,0.10357,-0.090254,0.0046438,-0.00045714,-0.009847,0.00075308,-0.0072411,-6.0429e-06,0.0085718,0.0028752,-0.0051628,0.0041495,0.0017901,0.0072496,0.0031186,-0.069817,3.6081,-0.011502,-0.49443,3.482,-1.717,-0.90762,-3.8278,1.0007,0.20359,0.25411,0.23169,0.10055,0.0034227,-0.0045452,-0.28993,-0.3368,0.042917,0.10406,0.11423,-0.0091427,-0.11482,-0.14083,-0.026502,184,184,10877,15,1003.9
33.395,0.0013186,0.010492,10879,0.010864,1.3224,0.0022439,0.02297,0.00038441,-0.00089521,5.818e-05,1,2,0.91592,99.32,0.6,0,0,-0.0017166,-0.010491,0.0013352,0.10586,-0.099302,0.012601,0.00095369,0.010872,-0.0040055,0.10357,-0.090254,0.0046438,-0.0033459,-0.0027532,0.0021951,-0.0062339,0.004269,0.0081073,0.0067602,-0.0062023,-0.0037421,0.0093624,0.013254,0.02799,1.8851,3.5714,-0.12652,-0.31993,3.1428,-1.7836,1.1869,-3.5348,0.90864,0.31993,0.20587,0.073014,0.086281,-0.012895,-0.0095698,-0.29947,-0.34085,0.0085826,0.12137,0.11152,0.011335,-0.18736,-0.16416,-0.051914,184,184,10881,15,1003.9
33.414,0.0012699,0.009358,10887,0.01931,1.3222,0.0022424,0.022968,-0.0011364,-0.00024597,-0.00040659,1,2,0.95674,99.318,0.6,0,0,-0.0017166,-0.010491,0.0013352,0.10586,-0.099302,0.012601,0.00095369,0.010872,-0.0040055,0.10357,-0.090254,0.0046438,-0.0045959,-0.0042207,-0.0030894,-0.0049952,-0.00025328,0.011227,-0.00020773,-0.0057291,-0.0022568,-0.00017366,4.7847e-05,0.011629,0.34908,3.6813,-0.33355,-0.20359,3.0232,-1.8322,-0.62835,-3.315,0.88564,1.1343,0.47298,0.41173,0.089537,-0.030958,-0.0079277,-0.30006,-0.29976,-0.040556,0.12346,0.09681,0.037073,-0.23654,-0.18012,-0.10674,184,184,10889,15,1003.9
33.435,0.0013338,0.0094547,10896,0.020514,1.3221,0.0022403,0.022966,0.00076817,0.00020725,0.00071333,1,2,0.99775,99.32,0.6,0,0,-0.0017166,-0.010491,0.0013352,0.10586,-0.099302,0.012601,0.00095369,0.010872,-0.0040055,0.10357,-0.090254,0.0046438,-0.0053224,0.0011589,0.002346,-0.012569,8.9865e-05,0.0067579,0.00075044,-0.0058945,0.0076521,0.0021112,0.0056179,0.010695,-0.76799,4.011,0.17253,-0.66894,3.5031,-1.974,-0.62835,-3.315,0.90864,0.84344,-0.17742,0.097729,0.10087,-0.044158,-0.0021508,-0.23857,-0.24022,-0.092253,0.13451,0.043936,0.078518,-0.29334,-0.18581,-0.16976,184,184,10898,15,1003.9
33.456,0.001408,0.011211,10904,0.021425,1.3217,0.0022311,0.02296,-0.0019191,-0.00025388,0.0015517,1,2,0.037132,99.313,0.6,0,0,-0.0017166,-0.010491,0.0013352,0.10586,-0.099302,0.012601,0.00095369,0.010872,-0.003624,0.10357,-0.090254,0.0046438,-0.0053787,-0.0065656,0.0060075,0.0012898,0.00082285,0.0047139,0.0044095,-0.0059994,-0.0071676,-0.0021181,-0.0059417,0.0020811,0.34908,3.7912,-0.10352,-0.66894,3.2228,-1.8035,0.34908,-3.4982,0.77062,1.0179,-0.17248,0.011122,0.10737,-0.034377,0.016504,0.002531,-0.1574,-0.078667,0.16455,-0.089877,0.12621,-0.34528,-0.19452,-0.23285,184,184,10907,10,1003.9
33.476,0.0012284,0.011075,10912,0.01927,1.3218,0.0022282,0.022962,-0.0011818,-0.00072377,-0.001287,1,2,0.07566,99.319,0.6,0,0,-0.0017166,-0.010491,0.0013352,0.10586,-0.099302,0.012601,0.00095369,0.010872,-0.0040055,0.10357,-0.090254,0.0046438,-0.0091486,-0.0015443,0.0087611,-0.0042461,-0.001102,0.0098153,0.0031011,-0.00031806,0.0003431,0.0035474,0.0012358,0.0027512,-0.069817,3.4615,-0.011502,-0.66894,2.8226,-1.6144,-0.62835,-4.011,1.0237,0.3781,-0.27636,-0.17633,0.056073,0.010117,0.020899,0.25628,-0.14025,-1.9567e-05,0.1978,-0.19,0.11396,-0.34313,-0.2044,-0.24452,184,184,10915,10,1003.9
33.505,0.0012224,0.011948,10921,0.029378,1.3214,0.002225,0.022956,-0.0016418,-0.00015983,-0.0007932,1,2,0.13265,99.324,0.6,0,0,-0.0017166,-0.010491,0.0013352,0.10586,-0.099302,0.012601,0.00095369,0.010872,-0.003624,0.10357,-0.090254,0.0046438,-0.0056003,-0.0058952,0.0023918,-0.00020173,-0.0038267,0.0076663,0.00033231,0.00025522,0.0031819,0.0032873,0.0081786,0.0268,0.62835,3.6813,-0.057509,-0.66894,2.8826,-1.6461,-0.069817,-3.4982,0.90864,0.029084,-0.39505,-0.10396,-0.024503,0.029474,0.038308,0.33953,-0.20557,0.024964,0.20714,-0.18932,0.075406,-0.28474,-0.16815,-0.25034,184,184,10924,10,1003.9
33.515,0.0013991,0.0096264,10926,0.010095,1.3212,0.0022246,0.022952,4.5638e-05,-8.629e-05,0.0013457,1,2,0.15786,99.311,0.6,0,0,-0.0017166,-0.010491,0.0013352,0.10586,-0.099302,0.012601,0.00095369,0.010872,-0.003624,0.10357,-0.090254,0.0046438,-0.011234,-0.0040045,0.004782,0.0070837,0.0011523,0.007236,0.0034168,-0.0066709,0.0028877,0.0011359,0.0091614,0.025178,0.62835,3.7912,-0.14952,-0.3781,2.4233,-1.6493,0.48872,-3.4615,0.77062,0.66894,0.23803,0.1788,-0.061933,0.03245,0.04993,0.36266,-0.21015,0.028029,0.20581,-0.17455,0.060774,-0.2595,-0.15132,-0.25418,184,184,10928,10,1003.9
33.534,0.0012288,0.0090051,10934,0.019028,1.3212,0.0022207,0.022952,-0.00082278,-0.00013944,-0.00052928,1,2,0.19682,99.315,0.6,0,0,-0.0017166,-0.010491,0.0013352,0.10586,-0.099302,0.012601,0.00095369,0.010872,-0.003624,0.10357,-0.090254,0.0046438,-0.007095,-0.0028804,0.0051816,-0.009552,-0.0011601,0.012855,0.0063681,-0.00092573,0.0019519,0.0053132,0.0031457,0.0055466,-1.1869,3.6813,-0.011502,-0.66894,2.5434,-1.7127,-0.069817,-3.8645,0.90864,0.31993,-0.14406,-0.1525,-0.068096,0.030246,0.053913,0.33694,-0.20174,0.026854,0.20416,-0.14608,0.046995,-0.24594,-0.14365,-0.23922,184,184,10935,10,1003.9
33.557,0.0012545,0.011885,10942,0.022854,1.3208,0.0022136,0.022946,0.001297,0.0013725,-0.0011656,1,2,0.23682,99.315,0.6,0,0,-0.0017166,-0.010491,0.0013352,0.10586,-0.099302,0.012601,0.00095369,0.010872,-0.0040055,0.10357,-0.090254,0.0046438,-0.0051418,-0.0062729,0.010572,-0.011849,-0.0041512,0.014649,0.0042568,-0.0043482,0.0034625,0.0040904,-0.0016463,-0.0005977,0.34908,3.4615,-0.057509,0.087253,3.2623,-1.7127,-0.069817,-3.4249,0.90864,0.3781,-0.04018,0.034949,-0.050579,0.02139,0.054747,0.27545,-0.18213,0.021833,0.20005,-0.10851,0.03735,-0.24358,-0.14392,-0.20637,184,184,10945,10,1003.9
33.574,0.0012903,0.0091508,10950,0.017034,1.3207,0.0022101,0.022944,-0.0016472,-0.00078432,-0.00040371,1,2,0.27644,99.32,0.6,0,0,-0.0017166,-0.010491,0.0013352,0.10586,-0.099095,0.012993,0.00095369,0.010872,-0.0040055,0.10357,-0.090254,0.0046438,-0.013444,-0.0063951,0.0033356,-0.0032882,0.0045304,0.030908,0.00087,-0.0016049,0.0082344,0.0026204,0.0022074,-0.011029,1.8851,3.5714,-0.37956,-0.66894,2.9633,-1.9583,-0.069817,-3.315,0.6556,0.66894,0.59784,0.2311,-0.015554,0.0084907,0.053174,0.1892,-0.15345,0.01492,0.19008,-0.075787,0.031646,-0.24478,-0.15604,-0.16237,184,184,10952,10,1003.9
33.594,0.0012535,0.0090277,10959,0.019561,1.3205,0.0022033,0.022941,-7.8347e-05,0.0010461,-0.0013228,1,2,0.31573,99.317,0.6,0,0,-0.0017166,-0.010491,0.0013352,0.10586,-0.098264,0.014561,0.00095369,0.010872,-0.0040055,0.10357,-0.090254,0.0046438,-0.0093551,-0.0050494,0.0097578,-0.0023014,0.041188,0.088364,0.0002387,-0.0043388,0.0034831,0.0027828,0.0066943,0.0056152,-0.069817,3.9011,-0.011502,-0.029084,1.3113,-2.3786,-0.069817,-3.5714,1.0007,0.66894,-0.032775,-0.094962,0.025432,-0.0037196,0.048213,0.086725,-0.1163,0.0094706,0.17202,-0.062561,0.029871,-0.24195,-0.18615,-0.12289,184,184,10961,10,1003.9
33.614,0.0012559,0.010196,10967,0.020669,1.3201,0.0021974,0.022935,0.00026058,0.0011059,0.0002712,1,2,0.35469,99.322,0.6,0,0,-0.0017166,-0.010491,0.0013352,0.10586,-0.097848,0.015345,0.00095369,0.010872,-0.0040055,0.10357,-0.090254,0.0046438,-0.0020041,-0.011229,0.0042517,-0.011032,0.012298,0.042176,0.0071951,-0.0059805,-0.001577,0.0019553,0.0030071,0.021496,0.34908,3.6813,-0.10352,-0.31993,2.1608,-1.8764,-0.34908,-3.3516,0.54059,0.3781,-0.65225,-0.28152,0.067237,-0.018725,0.045725,-0.021215,-0.079599,0.0084205,0.15091,-0.068706,0.02978,-0.23803,-0.22622,-0.098538,184,184,10970,10,1003.9
33.632,0.001259,0.007431,10977,0.018091,1.3198,0.0021942,0.02293,-0.0010382,-0.001008,0.0011224,1,2,0.39647,99.324,0.6,0,0,-0.0017166,-0.010491,0.0013352,0.10586,-0.098056,0.014953,0.00095369,0.010872,-0.0040055,0.10357,-0.090254,0.0046438,-0.014522,-0.0051167,0.0042592,-0.001185,0.0069599,0.021349,0.0065006,-0.005451,-0.0051091,0.0044753,-0.0035867,0.0071437,1.4662,3.4615,-0.35656,-1.0179,2.2024,-2.3903,-0.069817,-3.6081,0.90864,0.029084,-0.15887,0.10732,0.099872,-0.033061,0.04781,-0.10217,-0.068897,0.0098169,0.13472,-0.074669,0.030842,-0.24967,-0.26228,-0.086528,184,184,10977,10,1003.9
33.655,0.0012761,0.011037,10984,0.022655,1.3197,0.0021895,0.022929,-0.0008427,-0.00044731,0.0006659,1,2,0.43458,99.323,0.6,0,0,-0.0017166,-0.010491,0.0013352,0.10586,-0.098056,0.014953,0.00095369,0.010872,-0.0040055,0.10357,-0.090254,0.0046438,-0.00614,-0.0042007,0.00020788,0.0017442,0.0082418,0.014778,-0.0020905,-0.0032672,0.0056041,0.0023541,0.0058683,0.0011866,0.34908,3.5714,-0.37956,-0.31993,2.9605,-1.9412,-0.069817,-3.6081,0.77062,0.66894,0.071105,0.09249,0.11343,-0.035978,0.041832,-0.14943,-0.07056,0.025036,0.13191,-0.065654,0.031755,-0.27112,-0.27317,-0.063468,184,184,10987,10,1003.9
33.675,0.0012824,0.010626,10993,0.020037,1.3196,0.0021852,0.022927,5.4956e-05,0.0010152,0.0006578,1,2,0.47552,99.319,0.6,0,0,-0.0017166,-0.010491,0.0013352,0.10586,-0.098056,0.014953,0.00095369,0.010872,-0.0040055,0.10357,-0.090254,0.0046438,-0.0028655,-0.0047156,-0.00029792,0.0020642,0.00019561,0.0082748,0.0049291,-0.0049137,9.681e-05,0.0034251,0.0090641,0.027298,-0.48872,3.4615,-0.011502,-0.49443,2.5411,-1.9875,-0.069817,-3.4982,1.2307,0.20359,0.22195,0.12591,0.11562,-0.024711,0.023456,-0.19124,-0.081328,0.057496,0.14011,-0.043022,0.026526,-0.28175,-0.24747,-0.0014163,184,184,10996,10,1003.9
33.693,0.0013503,0.0082094,11001,0.017801,1.3194,0.0021838,0.022924,0.0018175,-2.7834e-05,0.0014167,1,2,0.51604,99.324,0.6,0,0,-0.0017166,-0.010491,0.0013352,0.10586,-0.098056,0.014953,0.00095369,0.010872,-0.0040055,0.10357,-0.090254,0.0046438,-0.0020263,-0.0070933,0.0062771,-0.011888,-0.0079138,0.0022906,0.006361,-0.0037202,0.0062314,0.0042665,-0.00092513,0.013589,1.0473,3.9011,-0.33355,-0.31993,2.701,-2.0276,0.20945,-3.7912,0.90864,0.31993,0.03401,0.07331,0.12224,0.023868,-0.020821,-0.26065,-0.11874,0.10549,0.14567,-0.0012922,0.014374,-0.23644,-0.19362,0.08706,184,184,11002,10,1003.9
33.714,0.0013476,0.0094219,11009,0.021209,1.319,0.0021782,0.022918,-0.00078648,-0.00086785,0.0016614,1,2,0.55601,99.317,0.6,0,0,-0.0017166,-0.010491,0.0013352,0.10586,-0.098056,0.014953,0.00095369,0.010872,-0.003624,0.10357,-0.090254,0.0046438,0.0041087,-0.0052213,0.0060847,-0.0067825,0.0060905,0.011796,0.012482,-0.0040154,0.0058924,0.0022908,0.0042837,0.014365,-0.76799,3.5714,0.17253,-0.3781,1.9027,-2.3656,0.76799,-3.4249,1.0007,0.84344,0.30235,0.39038,0.14307,0.14125,-0.094105,-0.38367,-0.20353,0.19865,0.1395,0.042043,0.011053,0.018191,-0.12707,0.07082,184,184,11011,10,1003.9
33.736,0.0057103,0.010117,11017,0.021962,1.3187,0.0021748,0.022913,-0.00075908,0.00056824,-0.0012966,1,2,0.60721,99.328,0.6,0,0,-0.0017166,-0.010491,0.0013352,0.10586,-0.098056,0.014953,0.00095369,0.010872,-0.0040055,0.10357,-0.090254,0.0046438,-0.00068915,0.008333,0.0091601,-0.0051638,0.0038224,0.010969,0.0038633,-0.0061754,0.0056767,0.0072443,0.0091303,0.012079,-0.48872,3.6813,0.057509,-0.66894,2.3413,-1.9711,-0.62835,-3.2051,1.0007,0.20359,-0.36289,0.0018283,0.16698,0.1805,-0.068488,-0.43042,-0.25821,0.22831,0.056634,0.056243,-0.0043392,0.25129,-0.16768,-0.006497,184,184,11019,10,1003.9
33.754,0.0012919,0.0094415,11024,0.018469,1.3183,0.0021706,0.022907,-0.00026987,0.0003883,0.00080456,1,2,0.63671,99.314,0.6,0,0,-0.0017166,-0.010491,0.0013352,0.10586,-0.098056,0.014953,0.00095369,0.010872,-0.003624,0.10357,-0.090254,0.0046438,-0.0065089,-0.0010502,0.0050387,-0.0046492,-0.0016727,-0.0087606,0.0049083,-0.0037919,0.007768,0.0030972,0.0074542,0.030999,0.34908,4.1209,0.080513,-0.49443,1.6078,-1.9626,0.76799,-3.5348,0.90864,0.66894,-0.008022,0.14074,0.17377,0.14769,-0.022876,-0.37218,-0.18852,0.20271,-0.011345,0.066562,-0.016318,0.29521,-0.22779,-0.026176,184,184,11026,10,1003.9
33.772,0.0015021,0.0082697,11032,0.017814,1.3183,0.0021694,0.022906,-2.4879e-05,0.00029625,-2.408e-05,1,2,0.67513,99.324,0.6,0,0,-0.0017166,-0.010491,0.0013352,0.10586,-0.098056,0.014953,0.00095369,0.010872,-0.003624,0.10357,-0.090254,0.0046438,-0.0086543,-0.0034496,0.0089068,-0.011217,-0.0029822,0.0047052,0.0046696,-0.0036511,0.0041646,0.003948,0.0010039,0.0047212,0.62835,3.7912,-0.12652,-0.61077,2.5411,-1.9875,0.069817,-3.4249,1.0237,0.49443,0.196,0.24623,0.18963,0.12184,-0.018047,-0.3491,-0.18014,0.19237,-0.039246,0.071971,-0.026839,0.29838,-0.23108,-0.03005,184,184,11033,10,1003.9
33.795,0.001461,0.011743,11040,0.023245,1.3181,0.0021663,0.022903,-0.000381,0.0011869,-0.0003316,1,2,0.71462,99.313,0.6,0,0,-0.0017166,-0.010491,0.0013352,0.10586,-0.098056,0.014953,0.00095369,0.010872,-0.003624,0.10357,-0.090254,0.0046438,2.9668e-05,-0.0065733,0.0041955,-0.0040425,0.0030652,0.015475,0.0050859,-0.0021723,0.0022091,0.0030888,0.006325,0.019379,0.62835,3.6813,-0.011502,-0.49443,2.7411,-2.0937,-0.069817,-3.4615,0.67861,0.84344,-0.15767,-0.2487,0.19041,0.087455,-0.0069784,-0.32247,-0.17983,0.16959,-0.041854,0.078613,-0.028873,0.25947,-0.21833,-0.036924,184,184,11043,10,1003.9
33.816,0.0016559,0.012024,11048,0.020623,1.3179,0.0021645,0.0229,-0.0001713,-0.00062206,-0.00063059,1,2,0.75565,99.316,0.6,0,0,-0.0017166,-0.010491,0.0013352,0.10586,-0.098056,0.014953,0.00095369,0.010872,-0.003624,0.10357,-0.090254,0.0046438,0.00056071,-0.0055525,0.00566,-0.0055817,-0.00060807,0.009431,0.0096689,-0.001653,-0.0012613,0.0026653,0.0063432,0.021653,0.34908,3.6813,0.011502,-0.84344,2.2017,-2.0538,-0.069817,-3.4249,0.79363,0.3781,-0.28377,-0.046419,0.17936,0.050076,0.0025072,-0.29839,-0.20291,0.1403,-0.022025,0.093903,-0.03218,0.18742,-0.18776,-0.03946,184,184,11051,10,1003.9
33.833,0.0015213,0.0085927,11056,0.017123,1.3177,0.0021599,0.022896,-0.00043123,0.000565,0.00036557,1,2,0.79652,99.318,0.6,0,0,-0.0017166,-0.010491,0.0013352,0.10586,-0.097848,0.015345,0.00095369,0.010872,-0.0040055,0.10357,-0.090254,0.0046438,-0.0032007,-0.0014219,0.0033032,-0.003878,-0.003634,0.00017455,0.0063306,-0.003466,0.0021838,0.0045422,0.0024028,0.0050157,-2.304,3.6081,-0.034505,-0.31993,2.5805,-1.9649,-0.62835,-3.8278,0.88564,0.49443,0.10573,0.15497,0.15655,0.021207,0.0073743,-0.28202,-0.24109,0.1063,0.016249,0.10778,-0.030841,0.092552,-0.15241,-0.036082,184,184,11057,10,1003.9
33.857,0.0016321,0.01185,11064,0.02343,1.3169,0.0021539,0.022882,-0.00065362,0.00089292,-0.0004677,1,2,0.83692,99.314,0.6,0,0,-0.0017166,-0.010491,0.0013352,0.10586,-0.098056,0.014953,0.00095369,0.010872,-0.0040055,0.10357,-0.090254,0.0046438,-0.0031294,-0.0067834,0.015662,-0.0046098,-0.0027351,0.00033368,0.0064457,-0.0067966,0.0041201,0.0023952,-0.0088009,-0.0014314,1.8851,3.0586,-0.057509,-0.66894,2.3219,-2.2521,-0.20945,-3.2784,0.88564,0.84344,0.49276,0.39967,0.12862,0.010543,0.0030696,-0.28406,-0.29089,0.074965,0.062219,0.11369,-0.024168,-0.0085464,-0.12814,-0.02831,184,184,11067,10,1003.9
33.874,0.0014349,0.010038,11071,0.017175,1.317,0.0021492,0.022886,0.00016387,-0.00030213,-0.00081932,1,2,0.87465,99.312,0.6,0,0,-0.0017166,-0.010491,0.0013352,0.10586,-0.098056,0.014953,0.00095369,0.010872,-0.0040055,0.10357,-0.090254,0.0046438,0.00011828,-0.0053505,0.0079575,-0.0094622,-0.0011471,0.0048158,-0.00026865,-0.0061598,-0.0055106,0.0045902,-0.008026,0.0054637,-0.069817,3.5714,-0.19553,-0.84344,2.2411,-1.8283,-0.069817,-3.4249,0.67861,0.66894,-0.6312,0.019129,0.10186,0.0041029,-0.0040639,-0.28982,-0.33426,0.046177,0.10202,0.1143,-0.01055,-0.10834,-0.13939,-0.026238,184,184,11073,10,1003.9
33.896,0.002251,0.012929,11078,0.02214,1.3168,0.0021456,0.022882,-0.00010454,0.0006271,0.00069672,1,2,0.9147,99.316,0.6,0,0,-0.0017166,-0.010491,0.0013352,0.10586,-0.098056,0.014953,0.00095369,0.010872,-0.0040055,0.10357,-0.090254,0.0046438,-0.009807,-0.0018556,0.012273,-0.0040303,-0.005748,-0.004804,0.0026115,-0.003501,-0.0092553,-0.0060433,-0.0016568,0.0062067,1.4662,3.3516,-0.19553,0.14542,2.2626,-2.5567,0.48872,-3.2418,0.79363,0.029084,0.66462,0.39937,0.086432,-0.011926,-0.0094743,-0.29982,-0.34153,0.010939,0.12062,0.11223,0.0098939,-0.1846,-0.16336,-0.050632,184,184,11081,10,1003.9
33.924,0.0012245,0.019782,11086,0.028502,1.3166,0.0021416,0.02288,-3.85e-05,-7.0421e-05,-6.9361e-05,1,2,0.95606,99.315,0.6,0,0,-0.0017166,-0.010491,0.0013352,0.10586,-0.098056,0.014953,0.00095369,0.010872,-0.0040055,0.10357,-0.090254,0.0046438,-0.0051309,-0.0066305,0.014347,-0.007611,-0.0058054,0.0020336,0.0019321,-0.008225,0.0035884,-0.0016935,0.0028213,0.0033002,0.62835,4.011,-0.21853,-0.31993,2.0416,-1.924,0.069817,-3.315,0.6556,0.84344,-0.032775,-0.094962,0.089106,-0.030487,-0.0081885,-0.3013,-0.30148,-0.038999,0.12332,0.098237,0.035757,-0.23469,-0.17937,-0.10556,184,184,11090,10,1003.9
33.935,0.0019113,0.0099901,11092,0.01033,1.3163,0.0021384,0.022875,4.3606e-05,-0.00041086,0.00026086,1,2,0.99764,99.31,0.6,0,0,-0.0017166,-0.010491,0.0013352,0.10586,-0.098056,0.014953,0.00095369,0.010872,-0.0040055,0.10357,-0.090254,0.0046438,-0.0074768,-0.0061093,0.0034356,0.0017829,-0.012937,-0.002839,0.0013231,-0.0092047,0.00012328,0.0038476,0.0061503,0.014808,0.34908,3.6081,-0.034505,-0.95978,1.9071,-1.7854,-0.62835,-3.3516,0.6556,0.66894,-0.23059,0.025655,0.10034,-0.043962,-0.0025268,-0.24102,-0.24134,-0.092457,0.13421,0.046004,0.077067,-0.29173,-0.18464,-0.1691,184,184,11093,10,1003.9
33.963,0.0016435,0.019158,11098,0.028688,1.3162,0.0021321,0.022873,0.00017508,-0.00073674,-0.00032152,1,2,0.036158,99.292,0.6,0,0,-0.0017166,-0.010491,0.0013352,0.10586,-0.098056,0.014953,0.00095369,0.010872,-0.0040055,0.10357,-0.090254,0.0046438,-0.01316,-0.0057562,0.0065769,-0.0010427,-0.0013917,0.0041378,0.0019591,-0.0027142,0.012218,0.0077884,0.0049929,-0.0058217,0.62835,3.2784,-0.011502,-0.5526,2.3416,-2.1057,-0.20945,-3.3516,0.67861,0.84344,0.30975,0.26047,0.10742,-0.035185,0.015822,-0.0043712,-0.15984,-0.079916,0.16346,-0.086177,0.12566,-0.34514,-0.19459,-0.23192,184,184,11101,10,1003.9
33.993,0.0034335,0.014619,11103,0.029189,1.316,0.0021297,0.02287,0.0010442,-0.00049407,-0.00031327,1,2,0.10683,99.315,0.6,0,0,-0.0017166,-0.010491,0.0013352,0.10586,-0.098056,0.014953,0.00095369,0.010872,-0.0040055,0.10357,-0.090254,0.0046438,0.0015664,-0.0046677,-0.0012329,-0.0013892,-0.0069161,-0.008342,0.0043618,-0.0039785,0.0014632,0.0069658,-0.00027718,0.011277,-0.48872,3.6081,-0.080513,-0.14542,2.601,-1.9745,-1.3265,-3.6447,1.2537,0.95978,0.42104,0.31801,0.055347,0.010161,0.026222,0.27859,-0.1491,-0.0036245,0.20233,-0.18513,0.10823,-0.33875,-0.20013,-0.24831,184,184,11103,10,1003.9
34.005,0.0017045,0.011793,11105,0.012318,1.3158,0.0021258,0.022867,1.8515e-05,0.00064979,0.00011446,1,2,0.13362,99.312,0.6,0,0,-0.0017166,-0.010491,0.0013352,0.10586,-0.098056,0.014953,0.00095369,0.010872,-0.0040055,0.10357,-0.090254,0.0046438,-0.002425,-0.0089898,-0.00065427,0.0010016,-0.0043791,-0.010631,-0.0012655,-0.0041742,0.00197,0.0013098,-0.0020116,0.012453,-0.48872,3.6813,-0.19553,-0.31993,2.2011,-1.7846,0.76799,-3.315,1.0237,0.49443,0.43959,0.3276,-0.031587,0.030934,0.03864,0.34485,-0.21011,0.024696,0.20691,-0.18827,0.0728,-0.28261,-0.16649,-0.25256,184,184,11108,10,1003.9
34.022,0.0012966,0.016838,11110,0.017258,1.3156,0.0021221,0.022864,-0.00082646,-0.00052491,-0.00032782,1,2,0.15759,99.319,0.6,0,0,-0.0017166,-0.010491,0.0013352,0.10586,-0.098264,0.014562,0.00095369,0.010872,-0.0040055,0.10357,-0.090254,0.0046438,-0.00049601,-0.011633,-0.0024979,-0.00054996,-0.00087054,-0.0011601,0.0052061,-0.0048013,0.010759,0.0052621,0.0034322,0.0014312,-0.48872,3.4982,-0.12652,-0.66894,2.5616,-1.9747,0.34908,-3.4249,0.77062,1.0179,0.18239,0.15003,-0.064668,0.032762,0.050258,0.36529,-0.21055,0.028265,0.20626,-0.17493,0.060069,-0.25812,-0.15077,-0.25525,184,184,11115,10,1003.9
34.034,0.0014223,0.0098446,11118,0.011914,1.3155,0.0021192,0.022862,0.00082494,0.00020207,-0.0017288,1,2,0.1957,99.311,0.6,0,0,-0.0017166,-0.010491,0.0013352,0.10586,-0.098264,0.014562,0.00095369,0.010872,-0.0040055,0.10357,-0.090254,0.0046438,-0.014145,0.0015025,0.0073704,-0.00093034,-0.0049064,0.00244,0.0014825,-0.0040704,-0.0050829,-0.0035682,0.0046815,-0.0012167,0.76799,3.8278,0.057509,-0.31993,2.3813,-1.7447,-0.069817,-3.4982,0.79363,0.66894,-0.026569,0.13115,-0.069144,0.030214,0.053951,0.33914,-0.20251,0.027316,0.20376,-0.14654,0.046798,-0.24626,-0.14428,-0.24034,184,184,11120,10,1003.9
34.054,0.0012816,0.010578,11126,0.020296,1.3152,0.0021156,0.022856,-0.00087815,0.00010905,0.00066051,1,2,0.23456,99.33,0.6,0,0,-0.0017166,-0.010491,0.0013352,0.10586,-0.098472,0.01417,0.00095369,0.010872,-0.0040055,0.10357,-0.090254,0.0046438,-0.0085624,0.0016312,0.0066414,0.0022193,-0.0021938,0.0088507,0.011486,-0.0072448,0.0031309,-0.0012577,-0.0003318,0.0018939,0.34908,3.4982,-0.080513,-0.20359,2.7012,-1.6892,-0.20945,-3.2418,0.79363,0.66894,-0.2442,-0.070542,-0.0522,0.02177,0.054824,0.2798,-0.18353,0.02228,0.20043,-0.1105,0.037696,-0.24366,-0.14366,-0.20869,184,184,11128,10,1003.9
34.075,0.0014083,0.010013,11134,0.020259,1.3149,0.0021076,0.022852,-0.0031143,-0.00066857,-0.0013129,1,2,0.27646,99.32,0.6,0,0,-0.0017166,-0.010491,0.0013352,0.10586,-0.098472,0.01417,0.00095369,0.010872,-0.0040055,0.10357,-0.090254,0.0046438,-0.0077239,-0.0043147,0.00054602,-0.0062135,-0.0090697,-0.010713,0.0068015,-0.0065912,0.0010026,0.0033976,-0.0040272,0.012158,0.34908,3.6813,-0.19553,-0.31993,2.3831,-2.2146,-0.76799,-3.6447,0.90864,0.84344,-0.23059,0.025655,-0.017452,0.0090761,0.05308,0.19094,-0.15392,0.015378,0.19048,-0.075884,0.030961,-0.24351,-0.15481,-0.16302,184,184,11136,10,1003.9
34.093,0.0013318,0.0082668,11142,0.018291,1.3149,0.0021054,0.022853,-0.0015394,0.0001491,0.0010578,1,2,0.3164,99.32,0.6,0,0,-0.0017166,-0.010491,0.0013352,0.10586,-0.098679,0.013778,0.00095369,0.010872,-0.0040055,0.10357,-0.090254,0.0046438,-0.0087318,-0.010125,0.010375,-0.0054389,-0.0032202,-0.0059712,0.0091714,-0.0040921,0.0057927,0.0013121,0.0021354,-0.0023603,0.34908,3.5714,-0.37956,-0.49443,3.382,-2.0933,-1.0473,-3.1319,0.77062,0.3781,-0.35549,-0.12808,0.024706,-0.0033627,0.048134,0.086418,-0.1156,0.009473,0.17202,-0.062652,0.029465,-0.24083,-0.18522,-0.12268,184,184,11143,10,1003.9
34.116,0.0014942,0.011699,11150,0.023242,1.3145,0.0021,0.022845,0.0008934,0.000714,-8.1188e-05,1,2,0.35632,99.341,0.6,0,0,-0.0017166,-0.010491,0.0013352,0.10586,-0.098679,0.013778,0.00095369,0.010872,-0.0040055,0.10357,-0.090254,0.0046438,-0.0045537,-0.006342,0.0029821,-0.0015434,-0.0039659,0.00037139,0.0062494,-0.0081967,0.0039956,0.0061311,0.011076,0.027619,1.4662,3.4982,-0.10352,-0.3781,2.5834,-2.185,0.76799,-3.2051,0.54059,1.1343,0.010525,0.15033,0.0674,-0.019155,0.045967,-0.023681,-0.078622,0.0083753,0.15036,-0.068942,0.029544,-0.23761,-0.22661,-0.098274,184,184,11153,10,1003.9
34.138,0.0017011,0.013341,11157,0.021397,1.3145,0.0020974,0.022846,-4.0261e-05,-0.00038796,-0.00095946,1,2,0.39621,99.316,0.6,0,0,-0.0017166,-0.010491,0.0013352,0.10586,-0.098679,0.013778,0.00095369,0.010872,-0.0040055,0.10357,-0.090254,0.0046438,-0.010626,-0.0030351,0.0010069,-0.01292,-0.0016396,0.011359,0.0081869,-0.0057114,0.0029191,0.0059584,-0.0042653,0.015847,0.62835,3.6813,-0.011502,-0.31993,2.6631,-2.1378,-1.7454,-3.7912,0.93165,0.49443,0.25658,0.18839,0.10057,-0.032897,0.047654,-0.1028,-0.068683,0.0090637,0.13459,-0.074522,0.03097,-0.24937,-0.26246,-0.086696,184,184,11160,10,1003.9
34.156,0.0013795,0.0078346,11166,0.018113,1.3143,0.0020939,0.022843,9.5223e-05,-0.0010505,0.0021255,1,2,0.4428,99.305,0.6,0,0,-0.0017166,-0.010491,0.0013352,0.10586,-0.099302,0.0126,0.00095369,0.010872,-0.0040055,0.10357,-0.090254,0.0046438,-0.0023875,-0.010068,0.0058612,-0.0082355,-0.017634,-0.032426,0.011747,-0.0069314,0.0091364,-0.002011,-0.0031728,0.00040396,1.0473,3.6813,-0.011502,-0.66894,3.1433,-1.8956,-1.3265,-3.315,0.6556,0.84344,-0.082212,0.10238,0.11191,-0.03562,0.040246,-0.15476,-0.07118,0.030645,0.1335,-0.062872,0.030618,-0.27411,-0.26847,-0.056566,184,184,11166,10,1003.9
34.177,0.0012204,0.012974,11170,0.021157,1.3142,0.0020905,0.022843,-0.00075246,-0.00015074,0.0013293,1,2,0.47456,99.318,0.6,0,0,-0.0017166,-0.010491,0.0013352,0.10586,-0.099302,0.012601,0.00095369,0.010872,-0.0040055,0.10357,-0.090254,0.0046438,-0.0038754,-0.0059931,0.0016508,-0.0040409,-0.017843,-0.035687,0.0072514,-0.0051098,0.004056,0.0045021,-0.0081453,-0.004979,1.0473,3.2784,-0.44857,-0.49443,2.8431,-1.737,0.76799,-3.4249,0.77062,0.49443,-0.12551,-0.14291,0.11659,-0.023331,0.022271,-0.19263,-0.082452,0.055964,0.14044,-0.042908,0.026208,-0.28017,-0.24676,0.00061393,184,184,11173,10,1003.9
34.204,0.0012968,0.012237,11179,0.027426,1.3143,0.0020837,0.022844,-7.8842e-05,-0.00070661,8.2288e-05,1,2,0.53094,99.317,0.6,0,0,-0.0017166,-0.010491,0.0013352,0.10586,-0.09951,0.012208,0.00095369,0.010872,-0.0040055,0.10357,-0.090254,0.0046438,-0.010499,-0.00077621,0.0030894,-0.0043843,-0.0028649,0.011673,-0.0018052,-0.0053051,0.0046992,0.004289,0.00027096,0.012261,0.34908,3.5714,0.14952,-0.3781,3.1432,-1.7602,-0.34908,-3.4249,0.90864,0.66894,0.18239,0.15003,0.12573,0.046075,-0.037609,-0.28306,-0.12931,0.12468,0.14457,0.012358,0.013333,-0.20428,-0.17887,0.10136,184,184,11183,10,1003.9
34.222,0.001357,0.017788,11185,0.01811,1.314,0.0020782,0.022839,0.00055595,0.00043631,-0.00088561,1,2,0.55628,99.321,0.6,0,0,-0.0017166,-0.010491,0.0013352,0.10586,-0.09951,0.012208,0.00095369,0.010872,-0.0040055,0.10357,-0.090254,0.0046438,-0.0045816,-0.0087599,0.014842,-0.0084733,-0.0016254,0.011749,0.0027403,-0.0028558,0.0032878,0.001395,-0.0062831,0.021227,-0.76799,3.6081,0.057509,-0.66894,2.9836,-1.81,0.76799,-3.2784,0.79363,0.66894,0.17498,0.27994,0.1465,0.15676,-0.097292,-0.4038,-0.22557,0.21074,0.13084,0.044326,0.009653,0.066599,-0.12245,0.052038,184,184,11189,10,1003.9
34.236,0.0053785,0.0084618,11193,0.013127,1.3139,0.0020776,0.022837,0.00041554,0.00080972,-0.00079601,1,2,0.60916,99.31,0.6,0,0,-0.0017166,-0.010491,0.0013352,0.10586,-0.09951,0.012208,0.00095369,0.010872,-0.0040055,0.10357,-0.090254,0.0046438,-0.011384,-0.0050815,0.0055351,-0.0073583,0.0013552,0.01267,0.0040016,-0.0033559,-0.008783,0.0019753,0.0054292,0.0020602,0.62835,3.9011,0.19553,-0.3781,3.1432,-1.7602,0.76799,-3.6447,0.54059,0.66894,-0.17248,0.011122,0.16575,0.17564,-0.058642,-0.4211,-0.24854,0.22055,0.044146,0.058345,-0.0057583,0.25848,-0.17964,-0.011937,184,184,11194,10,1003.9
34.254,0.0013897,0.009355,11200,0.018769,1.3136,0.002071,0.022834,-0.0010185,-0.00057734,0.0012009,1,2,0.63702,99.315,0.6,0,0,-0.0017166,-0.010491,0.0013352,0.10586,-0.09951,0.012208,0.00095369,0.010872,-0.0040055,0.10357,-0.090254,0.0046438,-0.0058113,-0.0062267,0.00056942,-0.0060025,-0.0016942,0.0048917,0.0012593,-0.0026381,0.0092643,0.0051247,0.00083991,0.01289,0.34908,3.7912,-0.057509,0.087253,2.7228,-1.5382,-0.76799,-3.2051,0.90864,0.029084,-0.13292,-0.013001,0.17581,0.14695,-0.024107,-0.37195,-0.18941,0.20223,-0.015465,0.067486,-0.019111,0.29938,-0.22837,-0.025312,184,184,11202,10,1003.9
34.282,0.0056058,0.015875,11209,0.027347,1.3136,0.0020668,0.022833,0.001348,-0.0027547,0.0015019,1,2,0.68708,99.319,0.6,0,0,-0.0017166,-0.010491,0.0013352,0.10586,-0.09951,0.012208,0.00095369,0.010872,-0.0040055,0.10357,-0.090254,0.0046438,-0.0060836,-0.0068744,0.0058348,0.0010196,-0.00088508,0.0038455,0.0065628,-0.0047832,-0.00058057,0.0053745,0.0097799,0.022524,-0.48872,3.4615,-0.37956,-0.31993,3.0231,-1.6968,0.48872,-3.5714,1.0237,1.0179,-0.30231,-0.056009,0.18925,0.11258,-0.013871,-0.34043,-0.17734,0.1843,-0.03939,0.072968,-0.026018,0.28828,-0.22997,-0.033011,184,184,11212,10,1003.9
34.293,0.0012493,0.0084227,11216,0.011513,1.3135,0.0020631,0.022832,0.00081529,-0.00092785,0.0007276,1,2,0.71632,99.319,0.6,0,0,-0.0017166,-0.010491,0.0013352,0.10586,-0.09951,0.012208,0.00095369,0.010872,-0.0040055,0.10357,-0.090254,0.0046438,-0.0056393,-0.0012361,0.0082421,-0.001679,-0.0031863,0.004314,0.0032656,-0.0057201,0.0060694,0.00096587,-0.0012669,0.0032857,-0.48872,3.5714,-0.14952,-0.49443,2.8634,-1.7242,0.34908,-3.6447,0.54059,0.3781,0.4606,0.29388,0.18945,0.087189,-0.0081533,-0.3238,-0.18457,0.16848,-0.039178,0.080405,-0.029869,0.25616,-0.21433,-0.035984,184,184,11217,10,1003.9
34.323,0.0012423,0.018768,11224,0.029516,1.3133,0.002058,0.022828,0.0005734,-0.0010933,0.00094837,1,2,0.75464,99.316,0.6,0,0,-0.0017166,-0.010491,0.0013352,0.10586,-0.09951,0.012208,0.00095369,0.010872,-0.0040055,0.10357,-0.090254,0.0046438,-0.0054185,0.0071788,0.0092919,-0.0044356,-0.0023113,0.010273,0.009584,-0.0040632,0.0061715,-0.0014494,-0.0012269,-0.00047622,-0.76799,3.8278,-0.080513,-0.49443,3.6432,-1.9348,-1.3265,-3.2051,1.0007,0.66894,0.85503,0.40867,0.17817,0.051138,0.0023381,-0.29966,-0.20356,0.14052,-0.01982,0.093515,-0.031392,0.18742,-0.1876,-0.039863,184,184,11229,10,1003.9
34.345,0.0012066,0.020739,11232,0.022414,1.3131,0.0020533,0.022826,0.00061984,4.7836e-05,-0.0024625,1,2,0.79545,99.313,0.6,0,0,-0.0017166,-0.010491,0.0013352,0.10586,-0.09951,0.012208,0.00095369,0.010872,-0.0040055,0.10357,-0.090254,0.0046438,-0.0090233,-0.0048132,0.0050826,-0.00071218,-0.0016037,0.0070023,0.0041812,-0.0033595,0.0087361,0.0059477,0.0033318,0.010257,0.76799,3.7912,-0.10352,-1.1343,3.1031,-1.739,-0.62835,-3.3516,0.90864,0.66894,0.7697,0.23081,0.15637,0.022119,0.0069727,-0.28301,-0.24133,0.10616,0.01679,0.10787,-0.030427,0.094346,-0.15302,-0.036341,184,184,11238,10,1003.9
34.361,0.001467,0.015929,11240,0.01624,1.313,0.0020512,0.022824,0.0014297,0.0022516,-0.00010391,1,2,0.83808,99.319,0.6,0,0,-0.0017166,-0.010491,0.0013352,0.10586,-0.09951,0.012208,0.00095369,0.010872,-0.0040055,0.10357,-0.090254,0.0046438,-0.0040247,-0.0023086,-0.0013243,-0.010352,0.0014667,0.0089519,0.0061223,-0.00085016,0.0063095,0.00067602,0.002257,0.008522,1.0473,3.9011,-0.011502,-0.14542,3.0436,-1.8193,-0.069817,-4.1941,1.1387,0.3781,0.42104,0.31801,0.12839,0.010429,0.0037285,-0.28363,-0.29162,0.074623,0.062276,0.11344,-0.024355,-0.0098715,-0.12879,-0.028214,184,184,11243,10,1003.9
34.373,0.0016985,0.0098349,11246,0.012051,1.3127,0.0020483,0.022819,0.00088242,0.0016006,0.00023447,1,2,0.87483,99.324,0.6,0,0,-0.0017166,-0.010491,0.0013352,0.10586,-0.09951,0.012208,0.00095369,0.010872,-0.0040055,0.10357,-0.090254,0.0046438,-0.0055457,-0.0051309,0.013552,-0.0031608,-0.0018539,0.0093659,0.0079383,-0.0036208,0.0024556,0.0088362,0.0083855,0.0034016,-0.76799,3.9377,-0.58659,-0.49443,2.7562,-0.95267,-1.4662,-3.5348,0.88564,0.66894,0.18239,0.15003,0.10195,0.0039671,-0.004261,-0.28933,-0.33509,0.045376,0.10207,0.11444,-0.010553,-0.10912,-0.1399,-0.026152,184,184,11248,10,1003.9
34.393,0.0014023,0.0082256,11255,0.019879,1.3126,0.0020442,0.022817,-0.00058558,-0.00093069,0.0017138,1,2,0.91721,99.32,0.6,0,0,-0.0017166,-0.010491,0.0013352,0.10586,-0.09951,0.012208,0.00095369,0.010872,-0.0040055,0.10357,-0.090254,0.0046438,-0.0073109,-0.002434,0.0030875,0.0076118,0.0010815,0.0096601,0.0010907,-0.0066614,0.0010309,0.0011726,0.01489,0.018484,1.4662,3.3883,-0.057509,-0.84344,2.53,-1.347,0.34908,-3.7179,0.90864,0.66894,0.020399,-0.022888,0.086446,-0.013078,-0.0090691,-0.30035,-0.34093,0.0081402,0.1198,0.1125,0.0098026,-0.18609,-0.16349,-0.052391,184,184,11256,10,1003.9
34.415,0.0012261,0.010474,11263,0.021662,1.3124,0.0020406,0.022814,-0.00075555,-0.0005884,0.00060375,1,2,0.95567,99.32,0.6,0,0,-0.0017166,-0.010491,0.0013352,0.10586,-0.09951,0.012208,0.00095369,0.010872,-0.0040055,0.10357,-0.090254,0.0046438,-0.0043105,-0.0071515,0.00030606,-0.01421,0.0020183,0.0072802,0.0064928,-0.0037045,0.0067546,0.0030683,-0.0043819,0.0074123,1.8851,3.4615,0.057509,-0.31993,3.2621,-1.5549,0.48872,-3.8278,0.77062,0.84344,0.012994,0.10702,0.089474,-0.030625,-0.0080869,-0.30089,-0.30195,-0.040685,0.12343,0.098214,0.035892,-0.23514,-0.17984,-0.10527,184,184,11265,10,1003.9
34.434,0.0013589,0.010704,11270,0.019528,1.3121,0.0020491,0.022808,0.0014234,-0.00026648,-0.00039945,1,2,0.99448,99.315,0.6,0,0,-0.0017166,-0.010491,0.0013352,0.10586,-0.09951,0.012208,0.00095369,0.010872,-0.0040055,0.10357,-0.090254,0.0046438,-0.0036394,-0.0073241,0.0048135,-0.00936,-0.0011504,0.0034212,0.011172,-0.0032555,0.0052032,0.006829,-0.0020118,0.0002877,1.4662,3.7179,-0.011502,-0.49443,3.2832,-1.8118,0.20945,-3.5348,0.77062,0.84344,0.057494,-0.0037074,0.10047,-0.043273,-0.0026956,-0.24568,-0.24368,-0.091174,0.13331,0.049432,0.075208,-0.28946,-0.18542,-0.16583,184,184,11273,10,1003.9
34.456,0.0012084,0.011289,11279,0.021004,1.3121,0.0020488,0.022809,0.00010648,-0.0014368,-0.00086518,1,2,0.035084,99.311,0.6,0,0,-0.0017166,-0.010491,0.0013352,0.10586,-0.09951,0.012208,0.00095369,0.010872,-0.003624,0.10357,-0.090254,0.0046438,-0.014511,-0.0046498,0.0029279,-0.0024007,-0.0039492,0.009406,0.00704,-0.0045434,0.0033081,0.0015872,-0.00681,0.0092062,0.62835,3.4982,-0.33355,-0.31993,3.2428,-1.701,-0.069817,-3.4982,0.67861,0.029084,0.68317,0.40896,0.108,-0.036724,0.015135,-0.016745,-0.16508,-0.083526,0.16201,-0.079985,0.12462,-0.3438,-0.19374,-0.23036,184,184,11282,10,1003.9
34.475,0.0012136,0.010303,11287,0.019125,1.312,0.0020456,0.022807,0.0017944,0.0017193,-0.00083893,1,2,0.075302,99.323,0.6,0,0,-0.0017166,-0.010491,0.0013352,0.10586,-0.09951,0.012208,0.00095369,0.010872,-0.0040055,0.10357,-0.090254,0.0046438,-0.0086821,-0.0036393,0.0087513,-0.0040065,0.0025696,0.0027414,0.002426,-0.0020063,-0.0033086,0.0036859,-0.0014408,0.0062374,-0.48872,3.4982,-0.011502,-0.49443,2.7622,-1.425,-0.20945,-3.2784,0.90864,0.20359,0.38641,0.25552,0.060908,0.0082901,0.021167,0.25103,-0.13538,-0.0032805,0.19708,-0.18791,0.11572,-0.34589,-0.20505,-0.24477,184,184,11289,10,1003.9
34.495,0.0012165,0.010592,11295,0.020227,1.3118,0.0020415,0.022804,0.0012202,0.00070715,0.00077279,1,2,0.11519,99.323,0.6,0,0,-0.0017166,-0.010491,0.0013352,0.10586,-0.09951,0.012208,0.00095369,0.010872,-0.0040055,0.10357,-0.090254,0.0046438,-0.0043758,-0.010976,0.011452,-0.0028649,-0.0022044,0.0077337,0.0077693,-0.0024365,0.0033273,0.0011421,0.00055015,0.0084006,-0.069817,3.5714,-0.24154,-0.5526,2.7823,-1.4356,0.34908,-3.5714,0.77062,0.66894,-0.04018,0.034949,-0.023007,0.029926,0.034341,0.33699,-0.20434,0.025357,0.20701,-0.19614,0.080138,-0.29009,-0.17268,-0.25084,184,184,11297,10,1003.9
34.514,0.001655,0.010341,11302,0.019022,1.3116,0.0020392,0.0228,0.00037376,-0.0011655,-2.9319e-06,1,2,0.15456,99.319,0.6,0,0,-0.0017166,-0.010491,0.0013352,0.10586,-0.09951,0.012208,0.00095369,0.010872,-0.0040055,0.10357,-0.090254,0.0046438,-0.0051444,-0.0069854,0.0026458,-0.0082502,-0.0034656,0.012296,0.0067412,-0.0033973,0.012112,0.0052316,0.0033348,0.0021194,0.34908,3.6813,-0.034505,-1.0179,3.2633,-1.8236,0.069817,-3.4982,0.77062,0.66894,0.13168,0.034653,-0.061279,0.033044,0.0494,0.36433,-0.20976,0.028593,0.20612,-0.17732,0.061039,-0.25954,-0.15154,-0.25453,184,184,11304,10,1003.9
34.537,0.001609,0.013115,11310,0.022893,1.3113,0.0020351,0.022796,0.0020761,0.0014722,-0.00065903,1,2,0.19477,99.317,0.6,0,0,-0.0017166,-0.010491,0.0013352,0.10586,-0.09951,0.012208,0.00095369,0.010872,-0.0040055,0.10357,-0.090254,0.0046438,-0.0044177,-0.0065364,0.00040291,-0.0057234,0.0019019,0.0012209,0.0044572,-0.0044842,0.0029099,0.0012518,0.0022059,0.0026459,1.0473,3.4982,-0.14952,-0.49443,2.9645,-2.001,-0.069817,-3.315,0.90864,0.49443,0.078509,-0.037421,-0.069042,0.030662,0.053784,0.33944,-0.20285,0.027275,0.20423,-0.14773,0.047286,-0.24593,-0.14379,-0.24057,184,184,11314,10,1003.9
34.554,0.001244,0.0094915,11318,0.017036,1.3113,0.0020322,0.022796,0.00094392,-0.00044849,-0.00043111,1,2,0.23532,99.32,0.6,0,0,-0.0017166,-0.010491,0.0013352,0.10586,-0.09951,0.012208,0.00095369,0.010872,-0.0040055,0.10357,-0.090254,0.0046438,-0.0070615,-0.0069255,-0.0048337,-0.013678,0.00074778,0.0039159,0.0032203,-0.0044603,0.0065341,0.00051683,0.0054202,0.019412,0.34908,3.7179,-0.14952,-0.31993,2.923,-1.6439,0.48872,-3.6081,0.79363,0.66894,0.042684,0.25611,-0.051687,0.021843,0.054693,0.27906,-0.18307,0.022243,0.19972,-0.11028,0.037461,-0.24378,-0.14395,-0.20802,184,184,11320,10,1003.9
34.576,0.0012591,0.011898,11326,0.022425,1.3112,0.0020287,0.022795,1.9277e-05,0.00051671,-0.00061965,1,2,0.2754,99.315,0.6,0,0,-0.0017166,-0.010491,0.0013352,0.10586,-0.09951,0.012208,0.00095369,0.010872,-0.0040055,0.10357,-0.090254,0.0046438,-0.0033971,-0.0035364,0.0072053,-5.081e-06,0.00027111,0.017473,0.0023634,-0.0038838,0.012487,0.004812,0.0058882,-0.0034404,0.34908,3.3883,0.12652,-0.20359,3.8224,-1.8284,0.76799,-3.6447,0.79363,0.66894,0.27513,0.19798,-0.017282,0.0090443,0.053334,0.19193,-0.15462,0.015165,0.19084,-0.076312,0.031697,-0.24409,-0.15503,-0.16366,184,184,11329,10,1003.9
34.594,0.0014093,0.0090269,11333,0.017952,1.3111,0.0020252,0.022793,0.00082412,-8.5679e-05,-0.0011683,1,2,0.31735,99.318,0.6,0,0,-0.0017166,-0.010491,0.0013352,0.10586,-0.09951,0.012208,0.00095369,0.010872,-0.0040055,0.10357,-0.090254,0.0046438,-0.0037453,-0.00024994,0.0099413,0.0048342,-0.0019905,0.0098902,0.010822,-0.0054346,-4.4494e-05,0.0088946,0.0085436,0.0043603,1.0473,3.6813,-0.24154,-0.66894,2.2928,-1.4228,-0.34908,-3.6081,0.77062,0.84344,0.23803,0.1788,0.024391,-0.0034545,0.048193,0.084715,-0.11496,0.0093408,0.17202,-0.061995,0.029127,-0.24016,-0.18528,-0.12214,184,184,11335,10,1003.9
34.616,0.0012274,0.012022,11341,0.022135,1.3108,0.002018,0.022789,0.00040934,-0.0015715,-0.00041384,1,2,0.35526,99.324,0.6,0,0,-0.0017166,-0.010491,0.0013352,0.10586,-0.09951,0.012208,0.00095369,0.010872,-0.0040055,0.10357,-0.090254,0.0046438,-0.0090165,0.0034119,0.0098933,-0.0006935,0.0020507,0.0063477,0.0043525,-0.0040511,0.0015119,0.00035306,-0.0024877,0.0093374,0.76799,3.8278,-0.011502,-0.66894,3.1632,-1.7707,0.76799,-3.022,1.0237,0.66894,-0.28377,-0.046419,0.068334,-0.019222,0.045884,-0.022952,-0.079204,0.0079014,0.14987,-0.068776,0.029862,-0.23851,-0.22754,-0.098527,184,184,11345,10,1003.9
34.634,0.0016283,0.010093,11349,0.017468,1.3108,0.002016,0.022788,0.0012687,0.00066115,-0.00015276,1,2,0.39489,99.327,0.6,0,0,-0.0017166,-0.010491,0.0013352,0.10586,-0.09951,0.012208,0.00095369,0.010872,-0.0040055,0.10357,-0.090254,0.0046438,0.00028413,-0.0037771,0.006311,-0.0038211,0.0017011,0.012561,0.0075601,-0.0045389,-0.0031788,0.0095746,-0.0029794,0.01469,-0.069817,3.4982,-0.057509,-0.61077,2.9235,-1.7559,-0.62835,-3.5348,0.6556,0.49443,0.017966,0.35478,0.10046,-0.032726,0.047671,-0.10197,-0.068908,0.0085789,0.13511,-0.074777,0.031295,-0.24855,-0.26209,-0.08712,184,184,11351,10,1003.9
34.656,0.0012117,0.01164,11358,0.022524,1.3108,0.0020094,0.02279,-0.00065865,-0.00027343,-0.00019766,1,2,0.436,99.321,0.6,0,0,-0.0017166,-0.010491,0.0013352,0.10586,-0.09951,0.012208,0.00095369,0.010872,-0.0040055,0.10357,-0.090254,0.0046438,-0.0041831,-0.0070372,0.010181,-0.0011134,-0.0015862,0.012907,0.0036777,-0.006343,-0.003107,0.0057724,0.006478,0.015821,-0.069817,3.4615,-0.011502,-0.20359,3.0225,-1.5624,-0.62835,-3.7912,0.88564,0.31993,-0.20464,-0.094665,0.1129,-0.03578,0.041448,-0.15035,-0.07078,0.0256,0.1323,-0.065254,0.031382,-0.27119,-0.27155,-0.063137,184,184,11361,10,1003.9
34.673,0.0013182,0.0086804,11366,0.017124,1.311,0.0020074,0.022793,0.00065314,-0.0018241,4.9528e-05,1,2,0.47635,99.321,0.6,0,0,-0.0017166,-0.010491,0.0013352,0.10586,-0.09951,0.012208,0.00095369,0.010872,-0.0040055,0.10357,-0.090254,0.0046438,-0.012516,-0.0065973,0.0072689,-0.0019271,0.002028,0.0074895,0.0053361,-0.004261,0.00055446,0.0051045,0.0077874,0.023923,2.5832,3.3883,0.011502,-0.61077,3.2232,-1.8024,1.1869,-3.3516,0.6556,0.66894,-0.28377,-0.046419,0.11581,-0.023729,0.022592,-0.19249,-0.082506,0.058108,0.13986,-0.042344,0.026089,-0.28177,-0.24659,-2.5632e-05,184,184,11367,10,1003.9
34.696,0.0012143,0.010914,11374,0.022435,1.3109,0.0020036,0.022791,-0.0014559,0.0024406,-0.00090643,1,2,0.51656,99.321,0.6,0,0,-0.0017166,-0.010491,0.0013352,0.10586,-0.09951,0.012208,0.00095369,0.010872,-0.0040055,0.10357,-0.090254,0.0046438,-0.010481,-0.0048426,0.0059086,-0.006496,-0.00082554,0.01113,0.010339,-0.0035205,-0.0052816,0.010278,0.003904,0.018798,0.34908,3.7179,-0.011502,-0.31993,3.4619,-1.5934,0.76799,-3.4249,0.44857,0.66894,-0.47418,-0.055712,0.12228,0.025545,-0.022323,-0.26226,-0.12042,0.10629,0.14597,-0.00027566,0.013915,-0.2334,-0.19105,0.087476,184,184,11377,10,1003.9
34.714,0.0015507,0.0096509,11381,0.017878,1.3108,0.002002,0.022789,0.00072096,-0.0016637,-7.454e-05,1,2,0.55553,99.318,0.6,0,0,-0.0017166,-0.010491,0.0013352,0.10586,-0.09951,0.012208,0.00095369,0.010872,-0.0040055,0.10357,-0.090254,0.0046438,-0.0069419,0.00039029,0.0099625,-0.0070712,0.0021189,0.010589,0.0011496,-0.0022883,0.0023266,0.00329,0.0010512,0.013191,-0.48872,3.5348,-0.26454,-0.14542,2.903,-1.6333,0.34908,-3.022,0.90864,0.66894,-0.074772,0.30683,0.14267,0.14208,-0.093995,-0.38561,-0.20629,0.19868,0.13911,0.042235,0.010771,0.020449,-0.12681,0.069829,184,184,11383,10,1003.9
34.743,0.0017472,0.018794,11389,0.029067,1.3106,0.0019968,0.022786,0.00063852,-0.0024852,0.00039372,1,2,0.59574,99.319,0.6,0,0,-0.0017166,-0.010491,0.0013352,0.10586,-0.09951,0.012208,0.00095369,0.010872,-0.0040055,0.10357,-0.090254,0.0046438,-0.0072665,-0.011477,0.009161,-0.0070933,0.0019956,0.012452,0.0069247,-0.0054162,0.0042382,-0.00087911,-0.00019022,0.0057191,0.34908,3.6081,-0.011502,-0.49443,2.982,-1.4517,0.76799,-3.3516,0.79363,0.3781,0.34191,0.36625,0.16448,0.18234,-0.070971,-0.43273,-0.26266,0.22767,0.05779,0.054884,-0.0033781,0.24427,-0.1645,-0.0050232,184,184,11392,10,1003.9
34.756,0.0012462,0.010822,11395,0.012712,1.3106,0.0019939,0.022787,-0.0009635,-0.0013943,0.0001962,1,2,0.6361,99.315,0.6,0,0,-0.0017166,-0.010491,0.0013352,0.10586,-0.09951,0.012208,0.00095369,0.010872,-0.0040055,0.10357,-0.090254,0.0046438,-0.0024419,-0.0052057,0.0023212,-0.003296,0.0023704,0.003005,0.0043519,-0.0083451,0.011872,-0.0015007,-0.0061647,-0.0019494,-0.76799,3.7179,-0.057509,-0.14542,2.903,-1.6333,0.34908,-3.6447,0.90864,0.49443,0.34685,0.27965,0.17226,0.14807,-0.023254,-0.37337,-0.18971,0.20131,-0.0081966,0.066742,-0.015658,0.29405,-0.22629,-0.025735,184,184,11398,10,1003.9
34.785,0.0012043,0.02016,11404,0.029701,1.3105,0.0019903,0.022786,0.0010784,-0.00043143,0.00073562,1,2,0.67677,99.312,0.6,0,0,-0.0017166,-0.010491,0.0013352,0.10586,-0.09951,0.012208,0.00095369,0.010872,-0.0040055,0.10357,-0.090254,0.0046438,-0.007314,-0.0050406,0.0053987,-0.0088593,-0.0021578,0.0032606,0.0069854,-0.0073196,0.005555,0.0012232,0.0030357,0.016209,0.34908,3.6813,0.21853,0.087253,2.5837,-1.6882,0.069817,-3.4249,1.0007,0.66894,0.25411,0.23169,0.18909,0.12097,-0.017653,-0.34816,-0.18051,0.19027,-0.037914,0.07222,-0.026443,0.29611,-0.2307,-0.030376,184,184,11410,10,1003.9
34.797,0.0013849,0.011722,11412,0.012053,1.3104,0.0019883,0.022785,0.00073538,-0.0017295,0.00028313,1,2,0.71811,99.312,0.6,0,0,-0.0017166,-0.010491,0.0013352,0.10586,-0.09951,0.012208,0.00095369,0.010872,-0.0040055,0.10357,-0.090254,0.0046438,-0.010757,-0.013696,0.010082,-0.0049279,-0.0016919,0.0074773,0.0023399,-0.0061985,0.0050797,0.005978,0.013653,0.017824,1.4662,3.4982,-0.057509,-0.49443,2.3887,-1.4959,0.48872,-3.3516,0.79363,0.20359,0.089652,0.10208,0.18854,0.084575,-0.0061692,-0.32141,-0.18203,0.16574,-0.039476,0.080173,-0.028629,0.25446,-0.21665,-0.037417,184,184,11415,10,1003.9
34.815,0.0013989,0.0098189,11419,0.017241,1.3104,0.0019861,0.022784,0.0027736,0.00050925,-0.00057783,1,2,0.75638,99.316,0.6,0,0,-0.0017166,-0.010491,0.0013352,0.10586,-0.09951,0.012208,0.00095369,0.010872,-0.0040055,0.10357,-0.090254,0.0046438,-0.0090708,-0.0070233,0.0042104,0.0017096,2.2114e-05,0.015959,0.0071811,-0.0082304,-0.0071759,0.0084279,0.0021529,0.00077712,1.7454,3.5714,-0.011502,0.087253,2.9436,-1.7888,0.069817,-3.4982,1.1387,0.49443,0.51378,0.36596,0.17811,0.049888,0.002165,-0.29856,-0.20512,0.13854,-0.019382,0.09473,-0.032063,0.18458,-0.18624,-0.039491,184,184,11421,10,1003.9
34.846,0.0013228,0.020857,11427,0.031525,1.3099,0.0019817,0.022776,9.3041e-05,0.001452,-8.6038e-05,1,2,0.79722,99.317,0.6,0,0,-0.0017166,-0.010491,0.0013352,0.10586,-0.09951,0.012208,0.00095369,0.010872,-0.0040055,0.10357,-0.090254,0.0046438,-0.0017745,-0.0029487,0.0018878,-0.00023414,0.0028893,0.0075589,0.0067801,-0.0049803,-0.0018048,-0.00064491,0.0032111,0.002862,0.34908,3.9377,-0.011502,-0.029084,2.6639,-1.7528,0.069817,-3.9011,1.2537,1.6578,0.21948,0.16921,0.15594,0.020987,0.0070766,-0.2819,-0.24241,0.1046,0.017788,0.10796,-0.030625,0.090296,-0.1516,-0.036018,184,184,11434,10,1003.9
34.867,0.0013158,0.015861,11437,0.021084,1.3098,0.0019796,0.022775,-0.00092975,0.00029285,-0.00011957,1,2,0.84926,99.321,0.6,0,0,-0.0017166,-0.010491,0.0013352,0.10586,-0.099302,0.012601,0.00095369,0.010872,-0.0040055,0.10357,-0.090254,0.0046438,-0.0060783,-0.0055454,0.0039768,-0.0011882,0.001748,0.0097911,0.0045753,-0.0035367,0.0046908,0.0027453,0.0085363,0.023193,0.34908,3.3883,-0.10352,-0.49443,3.1222,-1.6387,0.76799,-3.315,0.77062,0.66894,-0.17248,0.011122,0.12474,0.0080709,0.0039842,-0.28502,-0.30159,0.069575,0.064077,0.11551,-0.026405,-0.026525,-0.12931,-0.026999,184,184,11442,10,1003.9
34.891,0.0014808,0.019371,11444,0.023959,1.3097,0.0019782,0.022773,-0.00048117,-0.00043908,-0.0001634,1,2,0.89052,99.318,0.6,0,0,-0.0017166,-0.010491,0.0013352,0.10586,-0.099302,0.012601,0.00095369,0.010872,-0.0040055,0.10357,-0.090254,0.0046438,-0.0082732,-0.0078031,0.005685,-0.0010564,-0.00084588,0.010582,0.0096643,-0.0047692,-0.0029635,0.002895,0.0030427,0.0012101,1.4662,3.5714,0.080513,-0.20359,2.5434,-1.7127,0.20945,-3.4982,0.93165,0.029084,0.42104,0.31801,0.096329,-0.00097409,-0.0047987,-0.29168,-0.34275,0.033626,0.10482,0.11643,-0.00893,-0.13668,-0.14827,-0.03087,184,184,11448,10,1003.9
34.896,0.0015174,0.0047426,11450,0.0051358,1.3096,0.0019771,0.022771,-0.00050379,-0.00074969,0.00062669,1,2,0.93018,99.318,0.6,0,0,-0.0017166,-0.010491,0.0013352,0.10586,-0.099302,0.012601,0.00095369,0.010872,-0.0040055,0.10357,-0.090254,0.0046438,-0.0080464,-0.0036128,0.00086179,-0.0024713,-0.0020225,0.004023,0.0090774,-0.0029144,-0.006129,0.004143,0.0034062,0.0013841,-0.48872,3.7912,-0.12652,-0.78527,3.0027,-1.7096,-0.20945,-3.5348,1.0237,0.84344,-0.11931,0.083196,0.085907,-0.019412,-0.0094758,-0.30402,-0.33295,-0.0073069,0.12143,0.11077,0.016264,-0.20135,-0.16918,-0.067567,184,184,11451,10,1003.9
34.916,0.0012903,0.010626,11456,0.019652,1.3093,0.0019765,0.022767,0.0012685,-0.00042643,0.0012423,1,2,0.95727,99.327,0.6,0,0,-0.0017166,-0.010491,0.0013352,0.10586,-0.099302,0.012601,0.00095369,0.010872,-0.0040055,0.10357,-0.090254,0.0046438,-0.0060949,0.0047709,0.0037746,-0.010997,0.0009495,0.015806,0.0040589,-0.00082029,0.0027078,0.0063202,0.00050049,0.0050579,0.34908,3.6813,-0.057509,-0.49443,2.9421,-1.5435,-2.0247,-3.4249,0.88564,1.0179,0.20834,0.02971,0.092354,-0.032068,-0.0072041,-0.29513,-0.29258,-0.046107,0.12471,0.092223,0.042418,-0.24415,-0.18371,-0.11143,184,184,11457,10,1003.9
34.936,0.0014227,0.011397,11462,0.019747,1.3094,0.0019716,0.022768,-0.00010038,-0.0017343,-0.00024424,1,2,0.99555,99.316,0.6,0,0,-0.0017166,-0.010491,0.0013352,0.10586,-0.099302,0.012601,0.00095369,0.010872,-0.0040055,0.10357,-0.090254,0.0046438,-0.0068868,0.00017251,0.0053431,-0.002629,0.0019466,0.005106,0.0043489,-0.0040063,0.00058902,0.0040244,0.010026,0.022208,-0.069817,3.7179,-0.011502,-0.66894,2.8425,-1.6026,-0.069817,-3.315,0.77062,0.84344,-0.072339,-0.070838,0.10241,-0.043657,-0.0024413,-0.23576,-0.23669,-0.091343,0.13421,0.0412,0.080319,-0.29526,-0.18776,-0.17036,184,184,11465,10,1003.9
34.987,0.0055889,0.039716,11472,0.051246,1.309,0.0019689,0.022761,-0.00064916,-0.000533,0.00038366,1,2,0.049686,99.322,0.6,0,0,-0.0017166,-0.010491,0.0013352,0.10586,-0.099302,0.012601,0.00095369,0.010872,-0.0040055,0.10357,-0.090254,0.0046438,-0.0067642,-0.0024617,0.0081959,0.0037955,0.0027983,0.0099226,0.00282,-0.0035625,0.0053913,0.0030477,0.00036713,0.012152,0.76799,3.4982,-0.011502,-0.20359,2.404,-1.7955,-0.62835,-3.4249,0.88564,0.49443,0.18979,0.02012,0.10568,-0.030681,0.020642,0.051553,-0.14175,-0.070648,0.16959,-0.1102,0.12915,-0.35044,-0.19591,-0.23901,184,184,11476,10,1003.9
35.007,0.0013954,0.012888,11479,0.019637,1.3086,0.0019667,0.022754,-0.00060028,-0.00090969,0.00028059,1,2,0.13416,99.313,0.6,0,0,-0.0017166,-0.010491,0.0013352,0.10586,-0.099302,0.012601,0.00095369,0.010872,-0.0040055,0.10357,-0.090254,0.0046438,-0.0041699,-0.011593,0.0031177,-0.0093804,-0.00013209,0.010577,0.0056309,-0.0039958,0.0040894,0.010511,0.010562,0.015122,1.0473,3.2784,-0.31055,-0.31993,2.7825,-1.5709,0.76799,-3.4982,0.90864,0.66894,-0.35549,-0.12808,0.041273,0.014955,0.030343,0.29432,-0.16713,0.0018227,0.20657,-0.17918,0.095316,-0.32375,-0.19152,-0.24573,184,184,11483,10,1003.9
35.023,0.0012321,0.0088913,11488,0.016865,1.3084,0.0019601,0.022751,0.00081719,0.00080524,-0.00078771,1,2,0.17568,99.324,0.6,0,0,-0.0017166,-0.010491,0.0013352,0.10586,-0.099302,0.012601,0.00095369,0.010872,-0.0040055,0.10357,-0.090254,0.0046438,-0.007152,-0.0060747,0.0029554,-0.010166,0.0020156,0.0079962,0.006436,-0.0056417,-0.0039198,0.0047015,-0.0020409,0.0049689,1.0473,3.5714,-0.011502,-0.49443,2.3041,-1.7874,-0.20945,-3.7546,0.67861,0.84344,0.20587,0.073014,-0.034968,0.029747,0.045955,0.33021,-0.20475,0.022396,0.20621,-0.16317,0.058785,-0.26941,-0.1536,-0.24091,184,184,11490,10,1003.9
35.047,0.0012699,0.012287,11497,0.02372,1.3097,0.0019572,0.022775,0.0009479,0.0004921,0.0012321,1,2,0.2164,99.306,0.6,0,0,-0.0017166,-0.010491,0.0013352,0.10586,-0.099302,0.012601,0.00095369,0.010872,-0.0040055,0.10357,-0.090254,0.0046438,-0.0082392,-0.004094,0.0067197,-0.0075988,0.00016883,0.0099991,0.0067211,-0.0012629,-0.0019148,0.0061877,0.0020823,0.010093,-0.48872,3.6081,0.17253,-0.029084,2.7042,-1.9542,-1.0473,-3.7179,0.77062,0.66894,-0.32333,-0.022295,-0.049703,0.025701,0.053655,0.3019,-0.19159,0.02244,0.20299,-0.12817,0.043526,-0.2505,-0.1441,-0.22111,184,184,11501,10,1003.9
35.064,0.0012599,0.0089737,11506,0.016896,1.3085,0.0019675,0.022753,0.0013281,-0.00060749,0.0003372,1,2,0.25679,99.318,0.6,0,0,-0.0017166,-0.010491,0.0013352,0.10586,-0.099302,0.012601,0.00095369,0.010872,-0.0040055,0.10357,-0.090254,0.0046438,-0.0053493,-0.0053817,0.0052389,-0.0029617,0.0017321,0.01,-0.0008707,-0.0020833,-0.0050413,0.0065986,-0.00091832,0.01292,-0.48872,3.6813,-0.14952,-0.31993,3.1828,-1.8048,-0.34908,-3.6081,0.90864,0.49443,0.13666,0.28241,-0.029939,0.014571,0.054054,0.23101,-0.1689,0.017528,0.196,-0.089789,0.034501,-0.24677,-0.14863,-0.18298,184,184,11508,10,1003.9
35.089,0.0012578,0.01403,11515,0.024594,1.3107,0.0019565,0.022793,0.00022249,-0.00010689,0.00018262,1,2,0.29588,99.316,0.6,0,0,-0.0017166,-0.010491,0.0013352,0.10586,-0.099302,0.012601,0.00095369,0.010872,-0.0040055,0.10357,-0.090254,0.0046438,-0.0074675,-0.011204,0.013974,0.00187,-0.00042629,0.013597,0.0041445,-0.0057778,0.0058311,0.0071567,0.0060752,0.020181,-0.48872,4.1575,0.057509,-0.84344,2.8829,-1.7133,0.34908,-3.315,0.79363,1.3088,-0.25161,0.059369,0.0057467,0.0024173,0.050697,0.13877,-0.13553,0.011446,0.18229,-0.067863,0.030855,-0.24409,-0.16879,-0.14101,184,184,11520,10,1003.9
35.104,0.0012422,0.008955,11524,0.015689,1.3106,0.0019369,0.022792,-0.0019508,0.0009158,-0.00063301,1,2,0.3373,99.353,0.6,0,0,-0.0017166,-0.010491,0.0013352,0.10586,-0.099302,0.012601,0.00095369,0.010872,-0.0040055,0.10357,-0.090254,0.0046438,-0.010529,-0.0018751,0.0046391,-0.0024968,-0.002125,0.0084014,0.0035865,-0.0087155,0.0080935,0.0059577,0.0026525,0.01022,1.0473,3.4982,-0.011502,-0.5526,3.3624,-1.7656,-0.62835,-3.5348,0.90864,0.49443,-0.71036,-0.26699,0.048541,-0.009804,0.045256,0.026527,-0.09471,0.0073601,0.15946,-0.062316,0.02812,-0.23799,-0.2071,-0.10698,184,184,11526,10,1003.9
35.136,0.0013168,0.013497,11535,0.03145,1.3102,0.0019718,0.022782,0.0024184,-0.00082621,0.0012312,1,2,0.39125,99.314,0.6,0,0,-0.0017166,-0.010491,0.0013352,0.10586,-0.099302,0.012601,0.00095369,0.010872,-0.0040055,0.10357,-0.090254,0.0046438,-0.0046703,-0.0012869,-0.003933,-0.0031366,0.0037151,0.01372,0.004742,-0.0043593,0.0050978,0.004815,0.0066856,0.0063227,-0.069817,3.7179,-0.37956,-0.14542,3.3035,-2.0026,0.20945,-3.4249,1.0237,0.66894,0.4606,0.29388,0.086476,-0.032452,0.049819,-0.081583,-0.068315,0.012791,0.13976,-0.075203,0.029181,-0.24658,-0.25137,-0.088229,184,184,11538,10,1003.9
35.146,0.0012558,0.0046012,11541,0.010655,1.3105,0.0019833,0.022787,0.0016016,-0.00054789,0.0025384,1,2,0.43023,99.319,0.6,0,0,-0.0017166,-0.010491,0.0013352,0.10586,-0.099302,0.012601,0.00095369,0.010872,-0.0040055,0.10357,-0.090254,0.0046438,-0.0018317,-0.0061668,-0.0056905,-0.0044314,0.0021342,0.0098225,0.0064876,-0.0064739,0.0026083,0.0054752,-0.0018278,0.0070059,-0.069817,4.011,0.080513,-0.84344,3.1415,-1.47,1.0473,-3.315,1.0237,0.66894,-0.12551,-0.14291,0.10981,-0.036233,0.044397,-0.14086,-0.068325,0.023484,0.13271,-0.068436,0.030646,-0.26743,-0.27094,-0.067927,184,184,11542,10,1003.9
35.168,0.0054207,0.01134,11548,0.021432,1.3114,0.0019576,0.022805,-0.00083956,0.00037165,-0.00041066,1,2,0.46802,99.322,0.6,0,0,-0.0017166,-0.010491,0.0013352,0.10586,-0.099302,0.012601,0.00095369,0.010872,-0.0040055,0.10357,-0.090254,0.0046438,-0.0010522,-0.0050606,0.0055721,-0.0057862,0.0056756,0.0034545,0.00064957,-0.0053706,-0.0002894,0.005725,0.0055684,0.018518,0.62835,3.2418,-0.14952,-0.84344,2.5841,-1.8907,0.20945,-3.6081,0.56359,0.20359,-0.1119,-0.046715,0.11524,-0.028173,0.027917,-0.18284,-0.078493,0.050759,0.13846,-0.048346,0.027813,-0.28165,-0.25369,-0.014863,184,184,11551,10,1003.9
35.187,0.0015781,0.012853,11554,0.018907,1.311,0.0019502,0.022799,-0.0012298,0.0012802,-0.0017821,1,2,0.49491,99.32,0.6,0,0,-0.0017166,-0.010491,0.0013352,0.10586,-0.099302,0.012601,0.00095369,0.010872,-0.0040055,0.10357,-0.090254,0.0046438,-0.0049834,-0.0080411,0.0063191,-0.0079192,0.0028178,0.0097601,-0.0026367,-0.0077977,0.0070468,0.0056803,-0.0030788,-0.00035062,1.0473,3.6813,0.12652,-1.2506,3.0027,-1.7096,-0.62835,-3.8278,0.90864,0.66894,-0.10816,0.2227,0.11928,-0.0020711,0.00028218,-0.22865,-0.10421,0.078525,0.14438,-0.021717,0.019628,-0.26556,-0.21956,0.051099,184,184,11557,10,1003.9
35.216,0.0059445,0.01895,11562,0.028887,1.3114,0.0019418,0.022807,-0.00045327,0.0002196,0.0010207,1,2,0.54932,99.313,0.6,0,0,-0.0017166,-0.010491,0.0013352,0.10586,-0.099302,0.012601,0.00095369,0.010872,-0.0040055,0.10357,-0.090254,0.0046438,-0.001911,-0.0013389,0.0052573,-0.0043808,-0.00076248,0.013259,-0.0018922,-0.0064136,0.0022893,0.0027987,0.0026185,0.007551,0.34908,3.7912,-0.057509,-0.49443,3.8032,-2.1102,0.069817,-3.2418,0.77062,0.66894,-0.0055537,0.097433,0.13549,0.10732,-0.077575,-0.34352,-0.16974,0.17053,0.14529,0.034546,0.012751,-0.075885,-0.14454,0.10213,184,184,11566,10,1003.9
35.227,0.0013236,0.0060172,11569,0.011518,1.3108,0.0019533,0.022794,6.3089e-05,0.0012673,0.0018372,1,2,0.5889,99.32,0.6,0,0,-0.0017166,-0.010491,0.0013352,0.10586,-0.099302,0.012601,0.00095369,0.010872,-0.0040055,0.10357,-0.090254,0.0046438,-0.0012647,-0.0043022,0.0042461,-0.0069238,0.00082927,0.0061678,0.0073063,-0.0041921,0.0044232,0.0054944,0.0018147,0.011621,1.4662,3.7179,0.080513,-0.31993,3.1228,-1.7731,0.90762,-3.4249,0.54059,0.95978,-0.14406,-0.1525,0.16156,0.18766,-0.089108,-0.44196,-0.26777,0.23447,0.087183,0.052087,0.00049718,0.21595,-0.14192,0.0089778,184,184,11571,10,1003.9
35.244,0.0013158,0.010276,11573,0.01708,1.3111,0.0019353,0.022801,0.00043771,3.5895e-05,-0.00029379,1,2,0.61456,99.316,0.6,0,0,-0.0017166,-0.010491,0.0013352,0.10586,-0.099302,0.012601,0.00095369,0.010872,-0.0040055,0.10357,-0.090254,0.0046438,-0.010237,-0.0028665,0.0035828,-0.0067025,-0.0019045,0.010059,0.0092424,-0.0043383,-0.0020639,0.001086,0.0064258,0.016945,-0.069817,3.4982,0.080513,-0.95978,3.1222,-1.6387,0.76799,-3.6081,0.88564,0.66894,-0.36289,0.0018283,0.16703,0.15889,-0.030569,-0.38694,-0.20443,0.20888,0.0028728,0.063214,-0.011503,0.28405,-0.21736,-0.021335,184,184,11575,10,1003.9
35.274,0.0013552,0.018998,11582,0.029836,1.3086,0.0019171,0.02276,-0.00051332,-0.0010715,-0.00082304,1,2,0.65703,99.319,0.6,0,0,-0.0017166,-0.010491,0.0013352,0.10586,-0.099302,0.012601,0.00095369,0.010872,-0.0040055,0.10357,-0.090254,0.0046438,-0.0029354,-0.0057097,0.0085214,-0.00081408,0.0017235,0.011767,0.011626,-0.0024058,-0.0024378,0.0052909,-0.00069966,0.011558,-0.48872,3.6813,0.057509,-0.49443,2.8231,-1.7488,-0.62835,-3.7912,0.90864,0.029084,-0.1119,-0.046715,0.18647,0.1347,-0.022715,-0.35984,-0.18423,0.19921,-0.033267,0.069983,-0.025709,0.30629,-0.23186,-0.026429,184,184,11586,10,1003.9
35.287,0.001291,0.012704,11588,0.013033,1.3105,0.0019112,0.022793,0.00036617,-0.0013175,-0.00059533,1,2,0.69553,99.329,0.6,0,0,-0.0017166,-0.010491,0.0013352,0.10586,-0.099302,0.012601,0.00095369,0.010872,-0.0040055,0.10357,-0.090254,0.0046438,-0.0020207,-0.0070653,0.007526,-0.0067738,0.001651,0.0089457,0.010043,-0.0035844,0.0047963,0.0089029,0.0019071,-0.0075818,1.0473,3.9011,-0.51758,-0.84344,3.1433,-1.8956,0.76799,-3.4982,0.90864,0.31993,-0.058728,0.025359,0.19149,0.10384,-0.011657,-0.33369,-0.17627,0.18004,-0.045272,0.074722,-0.027838,0.28328,-0.22835,-0.034156,184,184,11592,10,1003.9
35.306,0.001243,0.01098,11596,0.018626,1.3107,0.0018888,0.022798,-0.0013206,-0.0012684,0.00096499,1,2,0.73617,99.32,0.6,0,0,-0.0017166,-0.010491,0.0013352,0.10586,-0.099302,0.012601,0.00095369,0.010872,-0.0040055,0.10357,-0.090254,0.0046438,-0.0047713,-0.0086675,0.010173,-0.0064103,-0.0029296,0.0088353,0.013113,-0.0078546,0.0024926,0.0072387,0.0013399,0.003817,0.76799,3.2784,-0.24154,-0.20359,3.1228,-1.7731,-0.069817,-3.315,0.67861,0.66894,0.24297,0.092194,0.18622,0.067361,-0.0020479,-0.30986,-0.19043,0.15418,-0.034547,0.086377,-0.03115,0.2261,-0.20423,-0.03837,184,184,11599,10,1003.9
35.324,0.0012933,0.0095302,11604,0.018359,1.3101,0.0018826,0.022788,2.6547e-05,-0.00072627,-0.0003908,1,2,0.77583,99.312,0.6,0,0,-0.0017166,-0.010491,0.0013352,0.10586,-0.099302,0.012601,0.00095369,0.010872,-0.0040055,0.10357,-0.090254,0.0046438,-0.002837,-0.0073242,0.011343,-0.008511,-0.00091853,0.010744,0.002559,-0.0047886,0.0023423,0.0047766,0.0047354,0.0058805,1.0473,3.4615,-0.011502,-0.31993,3.5636,-2.1177,-0.069817,-3.0586,1.1157,0.84344,-0.15147,-0.022591,0.16833,0.033102,0.0056076,-0.28856,-0.22129,0.1217,-0.0038766,0.1028,-0.031994,0.1417,-0.16935,-0.038786,184,184,11606,10,1003.9
35.342,0.001308,0.0086039,11612,0.018406,1.3104,0.0018565,0.022796,-0.00077134,0.0015361,1.8966e-05,1,2,0.81453,99.323,0.6,0,0,-0.0017166,-0.010491,0.0013352,0.10586,-0.099302,0.012601,0.00095369,0.010872,-0.0040055,0.10357,-0.090254,0.0046438,-0.014387,-0.0028132,0.0036027,-0.00045319,-0.0014475,0.010358,0.00015411,-0.0060158,-0.00029035,0.0043577,-0.0010654,0.0097142,-0.069817,3.4615,-0.33355,-0.84344,3.6224,-1.8583,0.48872,-3.3516,0.90864,0.49443,0.18239,0.15003,0.14297,0.01487,0.0055564,-0.28213,-0.26436,0.09007,0.039596,0.11138,-0.027576,0.045472,-0.13826,-0.032622,184,184,11613,10,1003.9
35.367,0.0017378,0.012934,11619,0.024836,1.3094,0.0018306,0.022781,-0.0013932,-0.0012961,0.00060905,1,2,0.85641,99.319,0.6,0,0,-0.0017166,-0.010491,0.0013352,0.10586,-0.099302,0.012601,0.00095369,0.010872,-0.0040055,0.10357,-0.090254,0.0046438,-0.012972,-0.0060711,0.0015009,-0.0038701,0.0017761,0.0086651,0.0051374,-0.0040465,0.011589,0.0052817,-0.0029376,0.0062904,1.8851,3.4982,-0.31055,-0.14542,2.464,-1.8272,2.1643,-3.3516,0.79363,0.20359,0.42104,0.31801,0.11498,0.0078316,-0.00042661,-0.28856,-0.31664,0.060709,0.082726,0.11517,-0.019337,-0.056547,-0.12932,-0.026005,184,184,11623,10,1003.9
35.384,0.0013508,0.010221,11627,0.016843,1.3093,0.0018176,0.02278,0.0013468,9.5555e-06,-0.00034434,1,2,0.89476,99.321,0.6,0,0,-0.0017166,-0.010491,0.0013352,0.10586,-0.099302,0.012601,0.00095369,0.010872,-0.0040055,0.10357,-0.090254,0.0046438,0.0011855,-0.011257,0.011663,0.00028329,0.00017761,0.0095489,0.0023027,-0.0067061,0.0033574,0.0001799,0.002507,0.0081262,0.34908,3.6813,0.057509,-0.5526,2.2639,-1.7439,0.34908,-3.2051,0.77062,0.49443,0.03401,0.07331,0.092051,-0.0032185,-0.0068851,-0.29275,-0.34435,0.027031,0.11315,0.11451,-0.0022078,-0.15248,-0.15143,-0.033378,184,184,11629,10,1003.9
35.406,0.00177,0.011968,11635,0.022013,1.3088,0.001791,0.022772,0.00049064,-0.0013473,-0.00027167,1,2,0.93613,99.335,0.6,0,0,-0.0017166,-0.010491,0.0013352,0.10586,-0.099302,0.012601,0.00095369,0.010872,-0.0040055,0.10357,-0.090254,0.0046438,-0.012137,-0.0030102,0.0054326,-0.006747,0.00038448,0.010407,0.0019573,-0.005458,0.0027634,0.0066013,0.0034212,0.016075,0.34908,3.4615,-0.057509,-0.84344,2.9037,-1.9031,-0.62835,-3.4249,1.0237,0.49443,-0.31592,-0.15221,0.085687,-0.022369,-0.0097047,-0.30501,-0.32683,-0.014968,0.12274,0.10806,0.022014,-0.21078,-0.17304,-0.076102,184,184,11638,10,1003.9
35.423,0.001334,0.0083254,11643,0.016798,1.3087,0.0017922,0.02277,-0.0010423,-0.00018369,5.3847e-05,1,2,0.97615,99.316,0.6,0,0,-0.0017166,-0.010491,0.0013352,0.10586,-0.099302,0.012601,0.00095369,0.010872,-0.0040055,0.10357,-0.090254,0.0046438,-0.00651,-0.0037124,0.0018379,-0.0047802,-0.0031143,0.0096343,0.0059072,-0.0030448,-0.0099696,0.0013647,0.0028436,-0.004044,-0.48872,3.2418,-0.21853,-0.14542,3.0431,-1.8203,0.76799,-3.7546,1.2537,1.4833,0.18239,0.15003,0.094436,-0.038051,-0.0055929,-0.28392,-0.2739,-0.068302,0.12645,0.080163,0.052849,-0.26116,-0.18347,-0.13591,184,184,11644,10,1003.9
35.446,0.0012155,0.011745,11651,0.022888,1.3083,0.0017419,0.022767,-0.0021186,-0.00073395,-0.00071314,1,2,0.014832,99.311,0.6,0,0,-0.0017166,-0.010491,0.0013352,0.10586,-0.099302,0.012601,0.00095369,0.010872,-0.0040055,0.10357,-0.090254,0.0046438,-0.0073501,-0.0091871,-0.0028429,-0.00046453,0.00055333,0.01161,0.007238,-0.0057752,0.0025452,0.0029384,0.0018718,0.0035682,0.34908,3.6081,-0.12652,-0.66894,2.6635,-1.7762,0.76799,-3.5348,1.1387,0.3781,0.26032,0.4578,0.10558,-0.046154,0.0034551,-0.16324,-0.21016,-0.10344,0.14563,-0.0026587,0.10185,-0.31781,-0.18731,-0.20018,184,184,11654,10,1003.9
35.464,0.0012002,0.0095726,11658,0.017703,1.3098,0.0017549,0.022793,-9.8247e-05,0.00039296,-0.00039608,1,2,0.054549,99.317,0.6,0,0,-0.0017166,-0.010491,0.0013352,0.10586,-0.099302,0.012601,0.00095369,0.010872,-0.0040055,0.10357,-0.090254,0.0046438,-0.011191,-0.006182,0.0053832,-0.0054359,0.00085172,8.3046e-05,0.0043282,-0.0044112,0.0029093,0.0053398,0.010483,0.031672,-0.48872,3.4982,-0.26454,-0.49443,3.102,-1.5833,0.069817,-3.315,0.90864,0.029084,-0.32333,-0.022295,0.094318,-0.013136,0.021953,0.14954,-0.10895,-0.038577,0.18137,-0.15343,0.12937,-0.35652,-0.20608,-0.24256,184,184,11660,10,1003.9
35.487,0.0014108,0.0056605,11667,0.023256,1.3087,0.0017418,0.022774,-0.00020312,-0.0012714,0.0019889,1,2,0.10922,99.321,0.6,0,0,-0.0017166,-0.010491,0.0013352,0.10586,-0.099302,0.012601,0.00095369,0.010872,-0.0040055,0.10357,-0.090254,0.0046438,-0.0083765,0.0012057,0.010801,-0.0071092,-0.0042356,0.0060842,0.0083653,-0.0040844,-0.0025868,0.0017966,0.0027134,0.012312,1.8851,3.6813,0.057509,-0.49443,2.9631,-1.8004,0.34908,-3.4982,0.90864,1.0179,-0.079744,0.059073,0.012593,0.022004,0.028104,0.30891,-0.18643,0.016447,0.20565,-0.19423,0.093036,-0.31258,-0.18793,-0.2478,184,184,11669,10,1003.9
35.514,0.0016396,0.019799,11673,0.027541,1.3076,0.0017385,0.022756,-0.0012503,-0.0020769,0.0014229,1,2,0.13655,99.322,0.6,0,0,-0.0017166,-0.010491,0.0013352,0.10586,-0.099302,0.012601,0.00095369,0.010872,-0.0040055,0.10357,-0.090254,0.0046438,-0.0060453,0.0022042,0.012679,-0.0096095,-0.0018006,0.01015,0.0068572,-0.0043491,0.0058252,0.0035847,0.0060662,-0.0028914,1.0473,3.6081,-0.24154,-0.95978,2.7024,-1.5286,-0.069817,-3.4249,0.90864,0.31993,-0.16508,-0.11879,-0.048387,0.032399,0.044135,0.35997,-0.20999,0.027761,0.2061,-0.18729,0.068595,-0.27166,-0.15907,-0.25515,184,184,11677,10,1003.9
35.531,0.0017329,0.016146,11679,0.016629,1.3093,0.0017355,0.022785,0.00032187,0.0011944,0.000141,1,2,0.17725,99.32,0.6,0,0,-0.0017166,-0.010491,0.0013352,0.10586,-0.099302,0.012601,0.00095369,0.010872,-0.0040055,0.10357,-0.090254,0.0046438,-0.0076284,0.001081,-0.0029164,-0.010073,-1.364e-05,0.0054367,0.002747,-0.0039273,0.0048467,0.0048286,-0.0013374,0.011676,-0.48872,3.7912,-0.33355,-0.49443,3.3224,-1.7444,0.34908,-3.4982,1.0237,0.84344,-0.032775,-0.094962,-0.068823,0.032356,0.052511,0.35587,-0.20767,0.028388,0.20517,-0.16177,0.052573,-0.25026,-0.14606,-0.24905,184,184,11682,10,1003.9
35.553,0.0016136,0.018436,11686,0.022176,1.3092,0.0017339,0.022784,-0.00052594,0.0013012,-0.0011081,1,2,0.21685,99.316,0.6,0,0,-0.0017166,-0.010491,0.0013352,0.10586,-0.099302,0.012601,0.00095369,0.010872,-0.0040055,0.10357,-0.090254,0.0046438,-0.013278,-0.0062409,0.0036467,-0.0047287,-0.0012943,0.010894,0.0025638,-0.0049016,0.01103,0.004825,4.6516e-05,0.016811,1.0473,3.7179,-0.24154,-0.3781,3.0821,-1.5951,-0.069817,-3.7912,0.67861,0.20359,0.43955,-0.0067715,-0.062504,0.026789,0.054546,0.31099,-0.19337,0.025095,0.20207,-0.12866,0.041501,-0.24377,-0.14265,-0.22508,184,184,11690,10,1003.9
35.565,0.0017467,0.010467,11693,0.012275,1.3097,0.0017457,0.022793,0.00036816,-0.0011467,0.00055662,1,2,0.25761,99.327,0.6,0,0,-0.0017166,-0.010491,0.0013352,0.10586,-0.099302,0.012601,0.00095369,0.010872,-0.0040055,0.10357,-0.090254,0.0046438,-0.0084061,-0.0095421,0.0090709,-0.01132,-0.001202,0.0073465,0.0049523,-0.0039549,0.002176,0.0018705,0.0066103,0.0091847,-0.48872,3.4615,-0.011502,-0.84344,2.6075,-1.3667,-0.62835,-3.6447,1.0237,1.0179,0.14283,0.17415,-0.03428,0.015063,0.054298,0.23402,-0.16862,0.018753,0.19564,-0.089562,0.033437,-0.24407,-0.14774,-0.18395,184,184,11695,10,1003.9
35.585,0.0012789,0.010391,11701,0.019957,1.3099,0.0017726,0.022793,0.0018289,-9.0735e-05,-0.000856,1,2,0.29675,99.376,0.6,0,0,-0.0017166,-0.010491,0.0013352,0.10586,-0.099302,0.012601,0.00095369,0.010872,-0.0040055,0.10357,-0.090254,0.0046438,-0.0068327,-0.0061579,0.0025003,-0.0016821,0.0023647,0.010611,0.003502,-0.0062444,-0.00078544,0.0053814,0.0038846,0.015721,0.76799,3.6081,-0.12652,-0.66894,3.0021,-1.5752,-0.069817,-3.7546,0.79363,0.3781,0.23556,0.2221,0.004648,0.0020377,0.05083,0.13847,-0.13505,0.011921,0.18189,-0.06712,0.030571,-0.24348,-0.16905,-0.14078,184,184,11703,10,1003.9
35.605,0.0013877,0.010389,11708,0.019316,1.3091,0.0017552,0.022781,-0.00060876,-0.00019197,0.00026793,1,2,0.33557,99.373,0.6,0,0,-0.0017166,-0.010491,0.0013352,0.10586,-0.099302,0.012601,0.00095369,0.010872,-0.0040055,0.10357,-0.090254,0.0046438,0.00029614,-0.0033534,0.011747,-0.010759,0.0022068,0.0070924,0.003641,-0.0049306,0.0011969,0.001142,0.0028764,0.0094331,-0.069817,3.4982,-0.057509,-0.3781,2.7025,-1.551,-0.62835,-3.315,0.90864,0.49443,0.53973,0.24564,0.048341,-0.0099062,0.045284,0.029222,-0.096035,0.007539,0.16001,-0.062575,0.028871,-0.23874,-0.20704,-0.10763,184,184,11710,10,1003.9
35.627,0.0016029,0.011924,11716,0.022209,1.3081,0.0017566,0.022762,0.00039576,-0.0017972,0.00047398,1,2,0.3774,99.372,0.6,0,0,-0.0017166,-0.010491,0.0013352,0.10586,-0.099302,0.012601,0.00095369,0.010872,-0.0040055,0.10357,-0.090254,0.0046438,-0.0017177,-0.0081406,0.0075115,0.0023228,-0.00061273,0.0046166,0.003905,-0.0051485,0.013772,-0.00020479,-0.003653,0.0060708,1.0473,3.5714,0.034505,-0.78527,2.9031,-1.7687,-0.62835,-3.2418,0.88564,0.66894,0.38147,0.34213,0.086647,-0.028055,0.04722,-0.069919,-0.07129,0.0084023,0.14094,-0.074325,0.030658,-0.24207,-0.24746,-0.092098,184,184,11719,10,1003.9
35.642,0.0014654,0.0077948,11723,0.015309,1.3083,0.0017476,0.022768,0.00032429,0.00068487,0.00035325,1,2,0.41594,99.376,0.6,0,0,-0.0017166,-0.010491,0.0013352,0.10586,-0.099302,0.012601,0.00095369,0.010872,-0.0040055,0.10357,-0.090254,0.0046438,-0.013939,-0.0075967,0.0060883,-0.0093378,-0.0039498,0.012475,0.0017138,-0.0049731,0.011255,0.003997,-0.0093054,0.0052225,-0.90762,3.4615,-0.26454,-0.31993,2.643,-1.6536,-1.3265,-3.0952,0.6556,0.66894,0.17745,0.23664,0.11001,-0.034903,0.045353,-0.12975,-0.069206,0.014366,0.13093,-0.071517,0.031297,-0.2601,-0.27192,-0.079304,184,184,11723,10,1003.9
35.664,0.0015279,0.010091,11730,0.022013,1.3079,0.0017197,0.022762,-0.0015651,0.00024343,-5.8598e-05,1,2,0.45535,99.389,0.6,0,0,-0.0017166,-0.010491,0.0013352,0.10586,-0.099302,0.012601,0.00095369,0.010872,-0.0040055,0.10357,-0.090254,0.0046438,-0.0023288,-0.0052283,0.0066196,-0.010162,-0.0022887,0.013057,0.003308,-0.0017587,0.0057794,0.0082221,0.0017436,0.0086775,0.34908,3.7179,-0.057509,-0.49443,3.2628,-1.8247,-0.76799,-3.4249,1.0237,1.0179,0.53973,0.24564,0.11484,-0.032646,0.034075,-0.16983,-0.074596,0.039788,0.13565,-0.055764,0.030023,-0.27939,-0.26288,-0.037307,184,184,11732,10,1003.9
35.687,0.0014333,0.01236,11738,0.02266,1.3081,0.0017238,0.022765,0.001065,0.0001902,-0.00018657,1,2,0.49602,99.373,0.6,0,0,-0.0017166,-0.010491,0.0013352,0.10586,-0.099302,0.012601,0.00095369,0.010872,-0.0040055,0.10357,-0.090254,0.0046438,-0.010387,-0.0033333,0.0010517,-0.0041702,-0.0033036,0.012919,0.0072041,-0.0056037,0.0053075,0.0042131,0.010633,0.028214,1.8851,3.7912,-0.080513,-0.49443,2.3438,-1.7414,-0.069817,-3.3516,0.90864,0.3781,-0.31592,-0.15221,0.11802,-0.0060831,0.0046504,-0.2217,-0.098082,0.078529,0.14355,-0.024828,0.020046,-0.27046,-0.22302,0.041326,184,184,11741,10,1003.9
35.702,0.0012464,0.0070709,11745,0.014818,1.3086,0.0017278,0.022775,0.0003266,0.0010462,1.3652e-05,1,2,0.53598,99.371,0.6,0,0,-0.0017166,-0.010491,0.0013352,0.10586,-0.099302,0.012601,0.00095369,0.010872,-0.0040055,0.10357,-0.090254,0.0046438,-0.0023981,-0.0049388,0.0080181,-0.0044007,0.0037776,0.0028311,-0.0013301,-0.00069158,0.0075663,0.0050985,0.0051194,-0.0012001,1.0473,3.6081,-0.011502,-0.66894,3.3228,-1.8564,-1.3265,-3.4982,0.90864,1.0179,0.098326,0.28488,0.12993,0.076828,-0.059865,-0.31653,-0.15397,0.1483,0.14647,0.027452,0.012622,-0.14333,-0.15439,0.11437,184,184,11748,10,1003.9
35.726,0.0014689,0.012356,11753,0.024263,1.3057,0.0017045,0.022725,0.00048855,-0.0012064,0.0018422,1,2,0.57438,99.37,0.6,0,0,-0.0017166,-0.010491,0.0013352,0.10586,-0.099302,0.012601,0.00095369,0.010872,-0.0040055,0.10357,-0.090254,0.0046438,-0.0081358,-0.0075839,-0.0034456,-0.0012732,-0.00015899,0.0065251,0.0046145,-0.0034476,0.0049136,0.0033051,0.0054241,0.012575,0.34908,3.6813,0.12652,-1.0179,2.6235,-1.755,-0.20945,-3.4249,0.90864,0.3781,0.071105,0.09249,0.15392,0.18179,-0.097642,-0.43534,-0.25777,0.22937,0.11109,0.049231,0.0051947,0.16326,-0.12757,0.02419,184,184,11756,10,1003.9
35.744,0.0015606,0.0090032,11761,0.018055,1.3062,0.0017128,0.022734,-0.0006517,-0.00057995,-0.00091892,1,2,0.61736,99.381,0.6,0,0,-0.0017166,-0.010491,0.0013352,0.10586,-0.099302,0.012601,0.00095369,0.010872,-0.0040055,0.10357,-0.090254,0.0046438,-0.0092156,-0.0013575,-0.00036817,-0.0052436,-0.00090422,0.0048317,0.010985,-0.0047103,0.003273,0.0058213,0.0062737,0.018675,1.4662,3.5714,-0.10352,-0.49443,2.9436,-1.9019,0.34908,-3.7179,0.77062,0.84344,0.066168,0.1791,0.16567,0.16294,-0.037885,-0.3965,-0.21824,0.20983,0.018678,0.061613,-0.0080462,0.27318,-0.20546,-0.01974,184,184,11762,10,1003.9
35.765,0.0013647,0.011022,11768,0.021164,1.3087,0.0017233,0.022776,0.0014391,0.00051772,0.00058729,1,2,0.65503,99.377,0.6,0,0,-0.0017166,-0.010491,0.0013352,0.10586,-0.099302,0.012601,0.00095369,0.010872,-0.0040055,0.10357,-0.090254,0.0046438,-0.01065,-0.0064126,0.0015156,-0.022519,-0.0022388,0.0082648,0.0028942,-0.0067672,0.0066733,0.002951,0.00044042,-0.0012603,0.34908,3.4982,-0.057509,-0.20359,2.544,-1.8471,-0.62835,-3.6447,0.90864,0.84344,0.196,0.24623,0.18231,0.13655,-0.022054,-0.36312,-0.18604,0.19845,-0.025297,0.070137,-0.023157,0.30184,-0.23013,-0.027172,184,184,11771,10,1003.9
35.787,0.0015147,0.012338,11776,0.021519,1.3087,0.0016954,0.022778,-0.00028347,0.0019418,0.0010025,1,2,0.6955,99.377,0.6,0,0,-0.0017166,-0.010491,0.0013352,0.10586,-0.099302,0.012601,0.00095369,0.010872,-0.0040055,0.10357,-0.090254,0.0046438,-0.0031037,-0.0073294,0.0098176,-0.0055979,0.0028805,0.0094724,0.0134,-0.0042545,0.0032233,0.0046878,0.0048898,0.006062,-2.0247,3.6081,0.057509,-0.84344,2.8231,-1.7488,0.76799,-3.5348,0.90864,0.66894,0.196,0.24623,0.19105,0.10403,-0.01217,-0.33408,-0.1773,0.17936,-0.042317,0.07463,-0.027294,0.28067,-0.2273,-0.03438,184,184,11779,10,1003.9
35.807,0.0017832,0.013076,11783,0.020355,1.3077,0.0016892,0.022761,0.00019571,-0.0014117,-0.00037901,1,2,0.73566,99.375,0.6,0,0,-0.0017166,-0.010491,0.0013352,0.10586,-0.099302,0.012601,0.00095369,0.010872,-0.003624,0.10357,-0.090254,0.0046438,-0.0020888,0.003121,0.0055813,-0.0044826,-0.0015331,0.0083982,0.0050292,-0.0037434,0.0095403,-0.00040219,0.0041313,0.021184,-0.069817,3.7912,-0.12652,-0.84344,2.9821,-1.5646,-0.069817,-3.8278,0.90864,1.4833,-0.5459,-0.13738,0.18565,0.068506,-0.0019284,-0.31085,-0.19032,0.15567,-0.033131,0.085793,-0.030695,0.22633,-0.20378,-0.038171,184,184,11786,10,1003.9
35.833,0.0054817,0.016225,11791,0.02561,1.3092,0.0017038,0.022787,0.00037207,0.00032807,-1.3275e-05,1,2,0.78797,99.376,0.6,0,0,-0.0017166,-0.010491,0.0013352,0.10586,-0.099302,0.012601,0.00095369,0.010872,-0.0040055,0.10357,-0.090254,0.0046438,-0.0092886,-0.0051555,0.0057564,-0.0052212,-0.0028121,0.0090646,-0.00076396,-0.0040716,-0.0045866,0.007813,-0.0029264,0.0043032,1.0473,3.7179,-0.057509,-0.31993,3.0628,-1.7413,-0.069817,-3.7546,0.47158,0.66894,0.10326,0.19828,0.16448,0.024095,0.0094243,-0.28248,-0.22779,0.1144,-0.00029498,0.10544,-0.033025,0.12168,-0.16523,-0.038079,184,184,11794,10,1003.9
35.846,0.0015583,0.011774,11797,0.013647,1.3089,0.0017054,0.022781,0.00080323,0.0004573,0.00052016,1,2,0.81621,99.377,0.6,0,0,-0.0017166,-0.010491,0.0013352,0.10586,-0.099302,0.012601,0.00095369,0.010872,-0.0040055,0.10357,-0.090254,0.0046438,-0.0029426,-0.0032395,0.008461,-0.0080722,-0.0014642,0.0036413,0.0080105,-0.0036646,-0.0046857,-0.00032591,0.0012403,0.0088383,-0.76799,3.6813,-0.35656,-0.61077,2.8431,-1.737,-1.0473,-4.1209,0.90864,0.66894,0.80927,0.20668,0.13975,0.015587,0.0033339,-0.28285,-0.26925,0.087201,0.047149,0.11166,-0.025681,0.035408,-0.13424,-0.031238,184,184,11800,10,1003.9
35.871,0.0012478,0.016481,11805,0.025122,1.306,0.0017181,0.022729,0.0012298,-0.0017346,-0.00099734,1,2,0.85664,99.375,0.6,0,0,-0.0017166,-0.010491,0.0013352,0.10586,-0.099302,0.012601,0.00095369,0.010872,-0.0040055,0.10357,-0.090254,0.0046438,-0.0045678,-0.0092314,0.006569,0.00036159,0.00053388,0.0071292,0.0054741,-0.002796,0.0035361,0.0054694,0.0076188,0.015613,1.0473,3.6081,-0.011502,-0.49443,2.9415,-1.4091,0.76799,-3.5714,0.54059,0.49443,-0.49272,-0.065302,0.11353,0.0082531,-0.001324,-0.28852,-0.31777,0.059254,0.086574,0.11425,-0.017238,-0.061735,-0.12879,-0.025749,184,184,11809,10,1003.9
35.883,0.001249,0.0083586,11813,0.011619,1.3071,0.0017261,0.022747,0.0002996,0.0010304,-0.0013988,1,2,0.89611,99.374,0.6,0,0,-0.0017166,-0.010491,0.0013352,0.10586,-0.099302,0.012601,0.00095369,0.010872,-0.0040055,0.10357,-0.090254,0.0046438,-0.003623,-0.0076632,0.0019083,-8.2736e-05,-0.0028178,0.012765,0.0077372,-0.0026016,0.0053171,0.0050454,-0.00069178,0.014564,-0.76799,3.9011,-0.080513,-0.49443,3.3624,-1.7656,0.48872,-3.3516,0.90864,0.3781,0.67203,0.26946,0.091314,-0.0040048,-0.0072844,-0.29274,-0.34494,0.026331,0.11445,0.11406,-0.00060723,-0.15638,-0.1528,-0.034349,184,184,11814,10,1003.9
35.905,0.0013634,0.010983,11820,0.0218,1.3068,0.0017137,0.022743,-0.00047296,-0.0015182,0.00084042,1,2,0.93472,99.376,0.6,0,0,-0.0017166,-0.010491,0.0013352,0.10586,-0.099302,0.012601,0.00095369,0.010872,-0.0040055,0.10357,-0.090254,0.0046438,-0.0038633,-0.010237,0.0076154,-0.0068248,-0.0019221,0.012883,0.0098416,-0.0025545,0.00028916,0.0031529,0.00072159,0.020063,-0.48872,3.6081,0.034505,-0.84344,3.2029,-1.8154,0.48872,-4.011,0.88564,0.66894,0.4606,0.29388,0.08596,-0.021785,-0.010292,-0.30449,-0.3266,-0.014736,0.1234,0.10798,0.022206,-0.21025,-0.1722,-0.075331,184,184,11823,10,1003.9
35.923,0.0022136,0.0097249,11827,0.018015,1.3054,0.0017038,0.02272,-0.0019645,-0.0015737,0.0011053,1,2,0.97481,99.375,0.6,0,0,-0.0017166,-0.010491,0.0013352,0.10586,-0.099302,0.012601,0.00095369,0.010872,-0.0040055,0.10357,-0.090254,0.0046438,-0.008975,-0.0068667,-0.0043517,-0.0088133,0.0020234,0.00061685,0.0018745,-0.001236,0.011166,0.0025385,-0.0080203,0.00011651,1.0473,3.7179,-0.12652,-0.66894,2.9427,-1.6779,0.48872,-3.7179,0.81663,0.66894,-0.21204,0.035246,0.094173,-0.037605,-0.0059708,-0.28571,-0.27576,-0.067648,0.12613,0.081386,0.052081,-0.26017,-0.18361,-0.1343,184,184,11827,10,1003.9
35.944,0.0014972,0.010445,11832,0.021175,1.3065,0.0017145,0.022738,0.00085141,-0.00064551,0.0012878,1,2,0.014427,99.371,0.6,0,0,-0.0017166,-0.010491,0.0013352,0.10586,-0.099302,0.012601,0.00095369,0.010872,-0.0040055,0.10357,-0.090254,0.0046438,-0.011105,-0.0049624,0.0041037,-0.0076903,0.00082009,0.011371,0.005677,-0.004914,0.0035966,0.0082058,-0.0096053,0.0069479,1.0473,3.4982,-0.37956,-0.31993,3.1428,-1.7836,-0.069817,-3.4249,0.77062,0.49443,-0.072339,-0.070838,0.10539,-0.046318,0.0031686,-0.1667,-0.21143,-0.10317,0.14506,-0.00066307,0.10124,-0.31753,-0.18797,-0.19882,184,184,11834,10,1003.9
35.993,0.0015813,0.038972,11840,0.048965,1.3069,0.0017166,0.022745,0.00018587,0.0017989,0.00016361,1,2,0.055475,99.318,0.6,0,0,-0.0017166,-0.010491,0.0013352,0.10586,-0.099302,0.012601,0.00095369,0.010872,-0.0040055,0.10357,-0.090254,0.0046438,-0.0025759,-0.0041529,-0.0011012,-0.009535,-0.00030443,0.010473,0.0002618,-0.00034389,0.010148,0.0057737,-0.0048293,-0.00046894,-0.069817,3.9011,0.034505,-0.84344,3.2029,-1.8154,-0.62835,-3.6081,0.79363,1.6578,0.10326,0.19828,0.094769,-0.013514,0.022323,0.14928,-0.10911,-0.039228,0.18167,-0.15289,0.12961,-0.35651,-0.20574,-0.24258,184,184,11844,10,1003.9
36.013,0.0014834,0.02007,11846,0.020457,1.3064,0.0016812,0.02274,-0.00016067,-0.00051976,3.7437e-05,1,2,0.13392,99.313,0.6,0,0,-0.0017166,-0.010491,0.0013352,0.10586,-0.099302,0.012601,0.00095369,0.010872,-0.0040055,0.10357,-0.090254,0.0046438,-0.0070655,-0.0063615,0.010279,-0.0046567,-0.0022999,0.013371,0.0053687,-0.0057373,0.0042879,0.004682,0.0035159,0.0075199,0.76799,3.4615,-0.011502,-0.66894,2.43,-1.407,0.069817,-3.5348,0.90864,1.0179,0.38147,0.34213,0.013126,0.021671,0.032527,0.31129,-0.18896,0.014773,0.20735,-0.1848,0.086543,-0.30672,-0.18207,-0.24672,184,184,11851,10,1003.9
36.026,0.0017972,0.012334,11853,0.012704,1.3074,0.0016685,0.022756,-0.0014811,5.6796e-05,0.00069097,1,2,0.17543,99.316,0.6,0,0,-0.0017166,-0.010491,0.0013352,0.10586,-0.099302,0.012601,0.00095369,0.010872,-0.0040055,0.10357,-0.090254,0.0046438,-0.012928,-0.0031355,0.0011571,-0.0077511,-0.003468,0.0061037,0.0077793,-0.004521,0.00050781,0.002187,0.0028143,0.014751,0.76799,3.3883,-0.14952,-0.49443,3.3424,-1.755,-0.069817,-3.4249,0.77062,0.49443,-0.072339,-0.070838,-0.045015,0.030575,0.048628,0.3398,-0.20449,0.025036,0.20572,-0.16375,0.057118,-0.26342,-0.15056,-0.2433,184,184,11856,10,1003.9
36.045,0.0018103,0.011167,11860,0.019179,1.3048,0.0017063,0.022709,0.0010314,-0.00026415,-0.001138,1,2,0.2161,99.316,0.6,0,0,-0.0017166,-0.010491,0.0013352,0.10586,-0.099302,0.012601,0.00095369,0.010872,-0.0040055,0.10357,-0.090254,0.0046438,-0.0012992,-0.0051761,-0.0014736,-0.0026866,0.00043178,0.0081525,0.0054251,-0.003326,-0.0043736,0.00026033,0.0025967,0.0036693,-0.48872,3.6813,0.12652,-0.14542,2.7829,-1.6829,-0.20945,-3.4982,1.2537,0.3781,0.25411,0.23169,-0.054208,0.026217,0.053811,0.30543,-0.19301,0.023787,0.2027,-0.12878,0.042988,-0.24832,-0.14366,-0.22273,184,184,11862,10,1003.9
36.066,0.0014877,0.010018,11868,0.020348,1.3078,0.0017169,0.022761,0.00020943,-0.0010956,-0.0007794,1,2,0.25856,99.318,0.6,0,0,-0.0017166,-0.010491,0.0013352,0.10586,-0.099302,0.012601,0.00095369,0.010872,-0.0040055,0.10357,-0.090254,0.0046438,-0.0083073,-0.0083517,-0.0036501,-0.0058227,-0.00069425,0.010132,0.0056798,-0.0079247,0.006438,0.0017364,0.0016297,0.015507,1.4662,3.9011,-0.19553,-0.66894,3.2418,-1.5677,-0.62835,-3.4982,0.77062,1.0179,-0.082212,0.10238,-0.031228,0.014842,0.054001,0.23021,-0.16796,0.01803,0.1956,-0.08874,0.033275,-0.24512,-0.14789,-0.18222,184,184,11870,10,1003.9
36.085,0.0015162,0.0098072,11876,0.019759,1.3059,0.0017271,0.022727,0.00052149,-0.00181,0.0024516,1,2,0.29856,99.317,0.6,0,0,-0.0017166,-0.010491,0.0013352,0.10586,-0.099302,0.012601,0.00095369,0.010872,-0.0040055,0.10357,-0.090254,0.0046438,-0.0069343,0.0040298,0.010842,-0.010307,0.0011756,0.011392,0.0066813,-0.0011689,-0.0012822,0.0033409,0.0088574,0.018545,0.34908,3.7912,-0.14952,-0.84344,3.0821,-1.5951,0.069817,-3.8645,1.0007,0.66894,-0.032775,-0.094962,0.0068385,0.0013701,0.050732,0.13387,-0.13336,0.01155,0.18088,-0.066435,0.03043,-0.24377,-0.17047,-0.13892,184,184,11878,10,1003.9
36.104,0.0014383,0.0094935,11883,0.018828,1.3064,0.0017384,0.022735,-0.0003315,-6.2644e-05,0.0012377,1,2,0.33642,99.357,0.6,0,0,-0.0017166,-0.010491,0.0013352,0.10586,-0.099302,0.012601,0.00095369,0.010872,-0.0040055,0.10357,-0.090254,0.0046438,-0.011853,-0.00687,0.00075956,0.0012893,0.0025343,0.0065042,0.011418,-0.0056778,0.0044937,0.0055309,0.0063362,0.0187,1.0473,3.5714,-0.24154,-0.66894,2.8226,-1.6144,-0.069817,-3.5714,1.0007,0.49443,-0.33694,-0.11849,0.049637,-0.010215,0.045053,0.026053,-0.094597,0.0071605,0.15952,-0.062947,0.028832,-0.23837,-0.2079,-0.107,184,184,11885,10,1003.9
36.134,0.0012264,0.018225,11892,0.029482,1.3063,0.0017274,0.022733,-0.0011583,0.00022195,0.00064354,1,2,0.37776,99.319,0.6,0,0,-0.0017166,-0.010491,0.0013352,0.10586,-0.099302,0.012601,0.00095369,0.010872,-0.0040055,0.10357,-0.090254,0.0046438,-0.004295,-0.0085322,0.0006395,-0.00074599,-0.0027443,0.0074494,0.0040539,-0.0043459,0.010021,-0.00074874,5.6543e-05,0.016234,-0.48872,3.7179,-0.12652,-0.49443,2.7235,-1.8079,-0.069817,-3.9377,0.90864,0.66894,-0.40863,0.13421,0.087488,-0.028265,0.047057,-0.071433,-0.071296,0.0080029,0.14073,-0.074465,0.030739,-0.24211,-0.24807,-0.092055,184,184,11897,10,1003.9
36.146,0.0012856,0.010964,11900,0.012656,1.3049,0.0017566,0.022707,0.00086447,-0.00088488,-0.00085697,1,2,0.41769,99.315,0.6,0,0,-0.0017166,-0.010491,0.0013352,0.10586,-0.099302,0.012601,0.00095369,0.010872,-0.0040055,0.10357,-0.090254,0.0046438,0.00048401,-0.0089069,0.012377,-0.0061467,-0.0001154,0.011821,0.0037186,-0.0048109,0.001387,0.0019487,-0.0011897,0.0099584,-0.069817,3.7912,-0.011502,-0.49443,3.3224,-1.7444,0.76799,-2.9853,0.77062,0.029084,-0.238,0.15557,0.10989,-0.035431,0.045354,-0.13133,-0.069517,0.015643,0.13129,-0.071312,0.031439,-0.26111,-0.27202,-0.078311,184,184,11903,10,1003.9
36.157,0.0012159,0.002375,11907,0.010921,1.3046,0.001755,0.022701,0.00055313,-0.00095249,-0.00070709,1,2,0.45616,99.321,0.6,0,0,-0.0017166,-0.010491,0.0013352,0.10586,-0.099302,0.012601,0.00095369,0.010872,-0.0040055,0.10357,-0.090254,0.0046438,-0.0068596,-0.0038013,0.0041768,-0.0049785,0.0024378,0.0020747,0.0068017,-0.0045003,0.00058233,0.0025763,0.010733,0.025764,1.0473,3.4982,-0.24154,-0.95978,3.2023,-1.681,0.069817,-3.3516,0.90864,0.20359,-0.46184,-0.27223,0.11497,-0.032406,0.033819,-0.17049,-0.074374,0.040558,0.13568,-0.055317,0.029861,-0.27995,-0.26286,-0.035199,184,184,11906,10,1003.9
36.187,0.0015844,0.0093902,11912,0.029949,1.3041,0.0017382,0.022695,0.00067732,-0.00017965,-0.00042099,1,2,0.5029,99.318,0.6,0,0,-0.0017166,-0.010491,0.0013352,0.10586,-0.099302,0.012601,0.00095369,0.010872,-0.0040055,0.10357,-0.090254,0.0046438,-0.0050463,-0.0029591,0.010937,-0.0042462,0.0021869,0.0033181,0.0026099,-0.0055018,0.00011514,0.0092992,0.00014911,0.0044696,-0.48872,3.5714,-0.14952,-0.31993,2.7637,-1.8515,-0.90762,-3.6447,0.79363,0.49443,0.51378,0.36596,0.11881,0.00060457,-0.00098433,-0.23081,-0.10233,0.086105,0.14387,-0.019103,0.018089,-0.26473,-0.21589,0.05176,184,184,11914,10,1003.9
36.197,0.0016995,0.0025063,11918,0.0096416,1.3051,0.0017321,0.022712,-0.00044597,0.0016347,0.0013125,1,2,0.53638,99.318,0.6,0,0,-0.0017166,-0.010491,0.0013352,0.10586,-0.099302,0.012601,0.00095369,0.010872,-0.0040055,0.10357,-0.090254,0.0046438,-0.0033592,-0.005328,0.0054257,-0.0028543,-0.0028165,0.0067305,0.0067935,-0.0045609,0.0022786,0.0068821,0.0017931,0.0053579,-0.069817,3.6813,0.17253,-0.14542,2.6629,-1.6418,0.76799,-3.2418,0.90864,0.31993,0.0043548,0.25859,0.13134,0.085975,-0.065924,-0.32625,-0.1625,0.15578,0.14688,0.030819,0.012156,-0.12203,-0.14674,0.11261,184,184,11917,10,1003.9
36.238,0.0014445,0.020777,11924,0.041093,1.3039,0.0017566,0.02269,0.00051856,-1.4911e-05,0.0014128,1,2,0.5815,99.306,0.6,0,0,-0.0017166,-0.010491,0.0013352,0.10586,-0.099302,0.012601,0.00095369,0.010872,-0.0040055,0.10357,-0.090254,0.0046438,-0.0048936,-0.0035524,0.01198,-0.0020263,-0.0046559,0.0064498,0.0021565,-0.0072807,0.0038343,0.0043532,0.0017377,0.0069941,-0.069817,3.6813,0.057509,-0.14542,3.5014,-1.5708,0.069817,-3.4249,1.1387,0.84344,0.010525,0.15033,0.15641,0.18528,-0.095383,-0.44046,-0.26333,0.23186,0.10377,0.050836,0.0033491,0.18699,-0.13142,0.017934,184,184,11928,10,1003.9
36.248,0.0059326,0.009607,11930,0.0099354,1.3052,0.0017647,0.022711,0.0013151,-0.00036781,0.00013645,1,2,0.63279,99.314,0.6,0,0,-0.0017166,-0.010491,0.0013352,0.10586,-0.099302,0.012601,0.00095369,0.010872,-0.0040055,0.10357,-0.090254,0.0046438,-0.01729,-0.0012583,0.0069505,-0.014093,0.0035225,0.0091269,0.0086409,-0.0055113,0.0064452,0.00057485,-0.0021465,0.0076356,-0.48872,3.4982,-0.19553,-0.49443,3.2623,-1.7127,0.34908,-3.5714,0.90864,1.0179,0.30108,0.07766,0.16618,0.15552,-0.028969,-0.38536,-0.20466,0.20234,0.013055,0.063835,-0.0077495,0.27756,-0.21431,-0.024632,184,184,11931,10,1003.9
36.268,0.0014457,0.011836,11935,0.019865,1.3063,0.0017598,0.022732,0.00039229,0.0018038,-5.4609e-05,1,2,0.659,99.311,0.6,0,0,-0.0017166,-0.010491,0.0013352,0.10586,-0.099302,0.012601,0.00095369,0.010872,-0.0040055,0.10357,-0.090254,0.0046438,-0.0095363,-0.0072673,0.0033896,-0.0066736,-9.6053e-05,0.015141,0.0010641,-0.00699,-0.0087105,0.010483,-0.0027239,0.012303,0.62835,3.5714,-0.034505,0.14542,2.583,-1.6219,-0.62835,-3.4982,0.81663,1.0179,-0.25778,0.16763,0.18567,0.13445,-0.023377,-0.36102,-0.18693,0.1977,-0.029805,0.070698,-0.025514,0.30233,-0.22938,-0.027066,184,184,11938,10,1003.9
36.285,0.0012188,0.0097337,11942,0.01745,1.3061,0.0017548,0.022729,0.00044334,-0.00078167,0.00011314,1,2,0.69773,99.319,0.6,0,0,-0.0017166,-0.010491,0.0013352,0.10586,-0.099302,0.012601,0.00095369,0.010872,-0.0040055,0.10357,-0.090254,0.0046438,-0.010806,-0.010801,0.015532,-0.00060528,-0.0014787,0.012187,0.0073627,-0.0041804,0.0013698,0.006538,0.00024662,-0.0014977,-0.48872,3.7912,-0.35656,-0.66894,3.0821,-1.5951,1.1869,-3.5348,0.90864,0.3781,0.22195,0.12591,0.19022,0.10206,-0.011319,-0.33316,-0.17716,0.17752,-0.042561,0.075304,-0.02725,0.27915,-0.22662,-0.035051,184,184,11944,10,1003.9
36.305,0.0015134,0.0095992,11950,0.019425,1.3075,0.0017751,0.02275,0.00083969,0.0018697,0.00010814,1,2,0.73705,99.313,0.6,0,0,-0.0017166,-0.010491,0.0013352,0.10586,-0.099302,0.012601,0.00095369,0.010872,-0.0040055,0.10357,-0.090254,0.0046438,-0.0040281,-0.0041078,0.0080251,-0.0099624,-0.0040036,0.014285,0.0033718,-0.001493,0.0015697,0.00051228,0.0069892,0.017763,0.34908,3.2418,-0.011502,-0.14542,2.7842,-1.9965,0.069817,-3.5348,0.79363,0.3781,-0.41607,-0.070246,0.18551,0.067328,-0.001931,-0.31001,-0.19133,0.15373,-0.032342,0.086487,-0.030897,0.22356,-0.20248,-0.038502,184,184,11952,10,1003.9
36.328,0.0020198,0.013299,11958,0.023499,1.3061,0.0017678,0.022728,-0.00020387,-0.00070239,0.00076197,1,2,0.77804,99.311,0.6,0,0,-0.0017166,-0.010491,0.0013352,0.10586,-0.099302,0.012601,0.00095369,0.010872,-0.0040055,0.10357,-0.090254,0.0046438,-0.015217,-0.0067619,-0.001445,-0.0074993,-0.00061657,0.010517,0.001155,-0.0036912,0.0018986,0.0057682,0.0042073,0.0060189,-0.069817,3.1319,-0.10352,-0.66894,2.7224,-1.5391,0.34908,-3.8645,0.90864,0.66894,-0.30478,-0.012705,0.16649,0.031457,0.0060804,-0.28821,-0.22352,0.12014,-0.0013691,0.10356,-0.031601,0.13668,-0.16803,-0.038921,184,184,11961,10,1003.9
36.346,0.001765,0.012485,11964,0.018288,1.307,0.0017714,0.022742,-0.00044723,-0.00091211,0.0013696,1,2,0.81555,99.317,0.6,0,0,-0.0017166,-0.010491,0.0013352,0.10586,-0.099302,0.012601,0.00095369,0.010872,-0.0040055,0.10357,-0.090254,0.0046438,-0.0040026,-0.0056213,-3.5401e-05,-0.0048517,0.0016782,0.008792,-0.0013372,-0.0028859,0.005939,0.0096509,0.0050717,0.017598,1.4662,3.4982,0.011502,-0.49443,3.0226,-1.6978,0.48872,-3.3516,0.79363,0.3781,-0.30231,-0.056009,0.14179,0.014844,0.0051516,-0.28238,-0.26591,0.088853,0.041929,0.11143,-0.026988,0.041855,-0.13693,-0.032248,184,184,11968,10,1003.9
36.386,0.0012872,0.030435,11973,0.039339,1.3076,0.0017624,0.022753,0.00089076,0.0017399,-0.00017981,1,2,0.85748,99.304,0.6,0,0,-0.0017166,-0.010491,0.0013352,0.10586,-0.099302,0.012601,0.00095369,0.010872,-0.0040055,0.10357,-0.090254,0.0046438,-0.0052912,-0.009657,0.0029839,-0.0066061,0.0024213,0.0024074,0.00945,-0.0037328,0.010992,0.0029375,0.0047369,0.0037188,0.62835,3.4982,0.057509,-0.84344,2.9427,-1.6779,0.20945,-3.7912,0.74762,0.66894,0.196,0.24623,0.11476,0.007831,-0.00063773,-0.28797,-0.31723,0.059735,0.083762,0.11495,-0.018938,-0.059965,-0.12927,-0.02588,184,184,11980,10,1003.9
36.398,0.0018578,0.011922,11982,0.012356,1.3068,0.0017688,0.022739,-0.0017991,-0.00032307,0.00047792,1,2,0.92034,99.316,0.6,0,0,-0.0017166,-0.010491,0.0013352,0.10586,-0.099302,0.012601,0.00095369,0.010872,-0.0040055,0.10357,-0.090254,0.0046438,-0.0084003,-0.001649,0.0069275,0.0094098,-0.0011645,0.0059908,0.004384,-0.0072412,0.00067419,0.00047398,0.0049157,0.0033653,0.76799,3.4615,0.080513,0.087253,2.8226,-1.6144,0.20945,-3.7546,0.88564,0.84344,-0.068601,0.19857,0.090005,-0.011559,-0.0050946,-0.30151,-0.34257,0.011559,0.10858,0.11859,-0.0014872,-0.17371,-0.15877,-0.051134,184,184,11985,10,1003.9
36.418,0.001588,0.019179,11987,0.019659,1.3084,0.0017452,0.02277,-0.00026668,-0.00049226,-0.00084438,1,2,0.94468,99.315,0.6,0,0,-0.0017166,-0.010491,0.0013352,0.10586,-0.099302,0.012601,0.00095369,0.010872,-0.0040055,0.10357,-0.090254,0.0046438,-0.0082482,-0.0027373,0.0026537,0.0050552,-3.6951e-05,0.010511,0.008927,-0.0041819,0.0074231,0.0040256,0.0099002,0.027719,1.0473,3.9011,-0.034505,-0.31993,3.0226,-1.6978,-0.62835,-3.5348,0.79363,0.49443,-0.43461,-0.079836,0.088938,-0.026833,-0.0086586,-0.30272,-0.31468,-0.029487,0.1233,0.10439,0.02738,-0.22247,-0.17589,-0.089633,184,184,11991,10,1003.9
36.434,0.0013535,0.010148,11994,0.016215,1.3098,0.0017456,0.022794,-0.00037923,0.0011031,0.00031534,1,2,0.99462,99.317,0.6,0,0,-0.0017166,-0.010491,0.0013352,0.10586,-0.099302,0.012601,0.00095369,0.010872,-0.0040055,0.10357,-0.090254,0.0046438,-0.0062356,-0.0033947,0.0054008,0.0030757,0.0003866,0.0082209,0.00014394,-0.0081769,-0.0040887,0.0051683,-0.0011947,0.015238,-0.76799,3.5714,-0.080513,-0.20359,3.1034,-1.9193,-0.20945,-3.2784,0.79363,0.84344,0.57929,0.22151,0.097067,-0.043455,-0.0031508,-0.25599,-0.25275,-0.08976,0.13194,0.057903,0.068827,-0.28245,-0.18214,-0.16009,184,184,11996,10,1003.9
36.446,0.0014358,0.012012,11998,0.01234,1.3089,0.0017587,0.022776,-0.00026726,0.0026477,-0.00022666,1,2,0.015842,99.317,0.6,0,0,-0.0017166,-0.010491,0.0013352,0.10586,-0.099302,0.012601,0.00095369,0.010872,-0.0040055,0.10357,-0.090254,0.0046438,-0.0020389,-0.0010954,0.00089537,-0.0051882,0.0011205,0.0085652,-0.0010453,-0.0049608,-0.0111,0.0041466,-0.00086582,0.0047134,-0.48872,3.4615,0.011502,-0.66894,3.0628,-1.7413,-0.34908,-3.4249,0.79363,1.0179,-0.23059,0.025655,0.10883,-0.04168,0.0076754,-0.1052,-0.18846,-0.093264,0.15244,-0.036707,0.11387,-0.33062,-0.19281,-0.2124,184,184,12001,10,1003.9
36.468,0.0015265,0.012788,12006,0.021121,1.3085,0.0017496,0.02277,0.0020116,-0.001464,0.00016444,1,2,0.056704,99.319,0.6,0,0,-0.0017166,-0.010491,0.0013352,0.10586,-0.099302,0.012601,0.00095369,0.010872,-0.0040055,0.10357,-0.090254,0.0046438,-0.0060842,-0.0069029,0.0042628,-0.0042621,-0.0021456,0.0073331,0.0030995,-0.0047131,0.0045961,0.0034162,0.0079793,0.016232,0.34908,3.6081,0.17253,-1.1343,3.102,-1.5833,-0.62835,-3.4249,1.2537,0.66894,-0.1119,-0.046715,0.083164,-0.0042299,0.020608,0.18932,-0.11116,-0.020063,0.18689,-0.17085,0.1262,-0.3543,-0.2081,-0.24161,184,184,12009,10,1003.9
36.493,0.0017692,0.018749,12012,0.025286,1.3089,0.0017381,0.022779,-0.0021067,0.0014404,9.2527e-05,1,2,0.095697,99.318,0.6,0,0,-0.0017166,-0.010491,0.0013352,0.10586,-0.099302,0.012601,0.00095369,0.010872,-0.0040055,0.10357,-0.090254,0.0046438,-0.00538,-0.0047052,0.0019435,-0.0049804,-0.00076273,0.0086803,0.0078278,-0.004018,-0.00033502,0.0083067,0.0052753,0.019848,1.4662,3.5714,-0.057509,-0.20359,3.2429,-1.8365,-0.20945,-3.4249,0.67861,0.49443,0.196,0.24623,-0.0011155,0.025501,0.026893,0.31281,-0.1906,0.022496,0.20556,-0.20037,0.091641,-0.30608,-0.18469,-0.2463,184,184,12016,10,1003.9
36.508,0.0015371,0.0134,12019,0.015491,1.3094,0.0017262,0.022787,-0.00068366,-0.00037086,0.0013013,1,2,0.13704,99.327,0.6,0,0,-0.0017166,-0.010491,0.0013352,0.10586,-0.099302,0.012601,0.00095369,0.010872,-0.0040055,0.10357,-0.090254,0.0046438,-0.00015521,-0.0035407,0.010417,-0.0082054,0.0011965,0.015634,0.005164,-0.003791,0.0005847,0.0036487,-0.0015118,0.0072472,0.34908,3.6813,-0.011502,-0.3781,2.5246,-1.9934,-0.76799,-3.5714,0.77062,-0.31993,-0.066133,0.15527,-0.052136,0.03273,0.045259,0.36267,-0.20934,0.029045,0.20649,-0.18758,0.067952,-0.2683,-0.15757,-0.25513,184,184,12023,10,1003.9
36.526,0.0018766,0.012213,12026,0.01817,1.3112,0.0017234,0.022819,0.00076133,0.0021391,-0.00099251,1,2,0.17634,99.317,0.6,0,0,-0.0017166,-0.010491,0.0013352,0.10586,-0.099302,0.012601,0.00095369,0.010872,-0.0040055,0.10357,-0.090254,0.0046438,-0.0048617,-0.0022043,0.0047165,-0.0039379,0.0040974,0.0069889,-0.0023581,-0.0041223,0.0026974,0.0060505,-0.0080671,0.00050188,1.4662,3.4982,-0.35656,-0.49443,3.0221,-1.5634,0.76799,-3.6447,0.77062,0.49443,-0.2442,-0.070542,-0.070538,0.032561,0.052546,0.35728,-0.20841,0.028909,0.20508,-0.16249,0.052893,-0.24953,-0.14615,-0.24989,184,184,12029,10,1003.9
36.546,0.001606,0.0098581,12033,0.019235,1.3113,0.0017531,0.022818,0.0023102,0.00039312,-0.00067977,1,2,0.21866,99.328,0.6,0,0,-0.0017166,-0.010491,0.0013352,0.10586,-0.099302,0.012601,0.00095369,0.010872,-0.0040055,0.10357,-0.090254,0.0046438,-0.0058366,-0.0043312,0.0055491,3.2149e-05,0.00025787,0.0098002,-0.00040426,-0.003045,0.0065701,0.0042359,-0.0040838,-0.0068851,-0.48872,3.6081,-0.12652,-0.029084,3.1228,-1.7731,-0.90762,-3.5348,0.6556,0.029084,0.071105,0.09249,-0.062403,0.026604,0.05458,0.30842,-0.19293,0.025227,0.20182,-0.12661,0.04081,-0.24321,-0.1429,-0.22385,184,184,12035,10,1003.9
36.564,0.0016928,0.0097255,12039,0.018518,1.3101,0.0017577,0.022797,-0.00010898,-0.00032381,0.0018038,1,2,0.2565,99.321,0.6,0,0,-0.0017166,-0.010491,0.0013352,0.10586,-0.099302,0.012601,0.00095369,0.010872,-0.0040055,0.10357,-0.090254,0.0046438,-0.0021318,-0.0072732,0.0067072,0.001923,0.0010152,0.0096899,0.0070031,-0.0030411,0.0038636,-0.00060302,0.006958,0.005918,-0.069817,3.4982,0.14952,-0.49443,2.8832,-1.7805,-1.0473,-3.4982,0.77062,0.66894,-0.23059,0.025655,-0.03409,0.014734,0.05446,0.2347,-0.16919,0.018531,0.19634,-0.090237,0.034357,-0.24461,-0.14802,-0.1846,184,184,12040,10,1003.9
36.588,0.0014276,0.011735,12046,0.023664,1.3092,0.0017408,0.022783,0.00035133,-0.0011516,0.0013221,1,2,0.29927,99.319,0.6,0,0,-0.0017166,-0.010491,0.0013352,0.10586,-0.099302,0.012601,0.00095369,0.010872,-0.0040055,0.10357,-0.090254,0.0046438,-0.0070159,0.0010079,-0.0001386,0.0012655,-0.0034977,0.011485,0.0052374,-0.0084901,0.0082485,0.007188,0.0055799,0.013345,-0.48872,3.3883,-0.26454,-0.49443,2.6424,-1.5192,-0.069817,-3.4249,0.77062,0.84344,0.089652,0.10208,0.005185,0.0021495,0.050568,0.13432,-0.13337,0.011878,0.18103,-0.065882,0.02953,-0.24242,-0.16939,-0.13906,184,184,12048,10,1003.9
36.607,0.0015139,0.011529,12052,0.019257,1.3108,0.0017364,0.022812,0.00026267,0.0020887,-0.0011416,1,2,0.33812,99.323,0.6,0,0,-0.0017166,-0.010491,0.0013352,0.10586,-0.099302,0.012601,0.00095369,0.010872,-0.0040055,0.10357,-0.090254,0.0046438,-0.0023366,-0.0041172,0.0060387,-0.011173,0.0013696,0.0088869,0.0034006,-0.003797,-0.0024516,0.0095369,0.0047194,0.00029722,1.0473,3.7912,-0.011502,-0.49443,2.5041,-1.8708,-1.3265,-3.4982,0.56359,0.84344,0.68317,0.40896,0.049629,-0.010937,0.045419,0.02334,-0.093594,0.0076019,0.15924,-0.062748,0.028789,-0.238,-0.2087,-0.10641,184,184,12055,10,1003.9
36.637,0.0026973,0.023575,12058,0.030268,1.3092,0.0017442,0.022783,-4.439e-05,0.00018918,-3.3465e-05,1,2,0.37664,99.317,0.6,0,0,-0.0017166,-0.010491,0.0013352,0.10586,-0.099302,0.012601,0.00095369,0.010872,-0.0040055,0.10357,-0.090254,0.0046438,-0.0075917,-0.0021155,-0.0028913,-0.0029646,0.0010615,0.017264,0.0044657,-0.0062346,-0.0010494,0.00094291,0.0092148,0.0038805,-0.069817,3.6813,-0.057509,-0.61077,2.8226,-1.6144,-1.0473,-3.315,0.74762,0.31993,0.22195,0.12591,0.088145,-0.028248,0.046924,-0.07125,-0.071162,0.0073308,0.14062,-0.074139,0.031052,-0.24204,-0.24854,-0.092231,184,184,12065,10,1003.9
36.667,0.001392,0.023199,12068,0.029476,1.3091,0.0017363,0.022783,-0.001459,0.00023693,2.2412e-05,1,2,0.4341,99.306,0.6,0,0,-0.0017166,-0.010491,0.0013352,0.10586,-0.099302,0.012601,0.00095369,0.010872,-0.0040055,0.10357,-0.090254,0.0046438,-0.0040321,-0.0035458,0.0035044,0.0032914,-0.0014736,0.012371,0.0075588,-0.0042404,0.0076906,0.0059995,0.0063259,0.026102,0.34908,3.5714,-0.14952,-0.49443,3.1428,-1.7836,0.90762,-3.5714,1.0007,-0.14542,0.25411,0.23169,0.10629,-0.037942,0.044674,-0.14062,-0.070055,0.026964,0.13365,-0.068133,0.029985,-0.26972,-0.26804,-0.067843,184,184,12075,10,1003.9
36.686,0.0016539,0.018587,12077,0.018958,1.3073,0.0017534,0.022749,0.00086115,-0.00046437,0.00056436,1,2,0.48194,99.313,0.6,0,0,-0.0017166,-0.010491,0.0013352,0.10586,-0.099302,0.012601,0.00095369,0.010872,-0.0040055,0.10357,-0.090254,0.0046438,-0.0073471,0.0049897,0.0037444,-0.010874,8.9021e-05,0.0094564,0.010555,-0.0034836,-0.0036849,0.0090438,0.0052902,0.0012452,-1.1869,3.6813,0.14952,-0.31993,2.8236,-1.8608,-0.34908,-3.4982,0.77062,0.3781,0.38147,0.34213,0.11379,-0.022494,0.021855,-0.19397,-0.082278,0.064291,0.14112,-0.040124,0.024322,-0.28152,-0.24111,0.0042286,184,184,12081,10,1003.9
36.695,0.0013999,0.0086082,12083,0.0090565,1.307,0.0017472,0.022744,-0.00013312,-0.00084005,0.0014324,1,2,0.5195,99.322,0.6,0,0,-0.0017166,-0.010491,0.0013352,0.10586,-0.099302,0.012601,0.00095369,0.010872,-0.0040055,0.10357,-0.090254,0.0046438,-0.0011383,0.0010823,-0.00029155,-0.0015545,0.0033094,0.0091489,0.00025091,-0.0037799,0.011304,-0.0023306,0.0078799,0.02356,0.34908,3.5714,-0.12652,-0.3781,3.423,-1.9317,-0.069817,-3.315,0.77062,0.029084,-0.65225,-0.28152,0.12329,0.030523,-0.026591,-0.26874,-0.12467,0.11201,0.14587,0.0033464,0.013638,-0.22716,-0.18789,0.092732,184,184,12083,10,1003.9
36.707,0.0014085,0.012031,12085,0.012548,1.3071,0.0017425,0.022747,-0.00033259,-0.00087296,0.00019302,1,2,0.5377,99.318,0.6,0,0,-0.0017166,-0.010491,0.0013352,0.10586,-0.099302,0.012601,0.00095369,0.010872,-0.0040055,0.10357,-0.090254,0.0046438,-5.8707e-05,-0.0014885,-0.00015473,-0.0028878,0.0012835,0.0039605,0.0051283,-0.0040688,0.0077376,0.00082603,0.006828,0.029264,1.4662,3.7912,-0.24154,-0.49443,3.423,-1.9317,0.069817,-3.3516,1.1387,0.3781,-0.047585,0.16486,0.13853,0.12301,-0.085106,-0.36821,-0.20005,0.18406,0.14092,0.039192,0.011045,-0.02805,-0.12527,0.084321,184,184,12088,10,1003.9
36.728,0.0015559,0.012653,12092,0.020739,1.3085,0.0017457,0.022772,-0.00075039,0.00068034,0.00027518,1,2,0.57836,99.318,0.6,0,0,-0.0017166,-0.010491,0.0013352,0.10586,-0.099302,0.012601,0.00095369,0.010872,-0.0040055,0.10357,-0.090254,0.0046438,-0.0088066,-0.0098612,0.0041471,-0.0017251,-0.00071009,0.011505,0.002583,-0.0046902,0.013034,-0.0070641,0.0043478,0.013831,-0.48872,3.5714,0.17253,-0.029084,2.7836,-1.8397,-0.069817,-3.6447,0.79363,0.66894,0.30728,0.30377,0.15915,0.1845,-0.082558,-0.43805,-0.26986,0.22949,0.075878,0.051264,0.00020555,0.21435,-0.14571,0.002998,184,184,12095,10,1003.9
36.755,0.0016375,0.012006,12100,0.026822,1.3089,0.0017634,0.022776,0.0019222,0.00035732,-0.001646,1,2,0.63339,99.319,0.6,0,0,-0.0017166,-0.010491,0.0013352,0.10586,-0.099302,0.012601,0.00095369,0.010872,-0.0040055,0.10357,-0.090254,0.0046438,-0.00041147,-0.0080266,0.0051927,-0.0053375,0.002933,0.0074871,0.0027491,-0.0036761,0.0063782,-0.0012908,0.0022097,0.0023611,1.0473,3.7179,-0.21853,-0.029084,3.042,-1.5516,0.20945,-3.4982,1.0237,0.66894,0.097057,-0.027831,0.16875,0.15213,-0.026306,-0.37909,-0.19644,0.20148,0.0029309,0.065517,-0.012211,0.28615,-0.21933,-0.025179,184,184,12103,10,1003.9
36.768,0.0018689,0.012827,12105,0.013191,1.3087,0.0017509,0.022774,-0.00067434,-0.00024979,0.0011471,1,2,0.6586,99.317,0.6,0,0,-0.0017166,-0.010491,0.0013352,0.10586,-0.099302,0.012601,0.00095369,0.010872,-0.0040055,0.10357,-0.090254,0.0046438,-0.0064386,-0.0043819,0.0085143,-0.0080705,0.0007295,0.008194,0.0072287,-0.0035427,0.0054744,0.0065118,0.0085785,0.018385,0.76799,3.5714,-0.12652,-0.66894,2.8425,-1.6026,0.48872,-3.3516,1.0007,0.3781,-0.19723,-0.22458,0.18767,0.13362,-0.02354,-0.35986,-0.18598,0.19851,-0.03515,0.070677,-0.026822,0.30558,-0.2311,-0.026449,184,184,12108,10,1003.9
36.797,0.0060721,0.017841,12113,0.028506,1.3084,0.0017535,0.022768,-0.00092604,-0.0011861,0.00072989,1,2,0.71391,99.32,0.6,0,0,-0.0017166,-0.010491,0.0013352,0.10586,-0.099302,0.012601,0.00095369,0.010872,-0.0040055,0.10357,-0.090254,0.0046438,-0.0044305,-0.008327,0.0045746,-0.005146,-0.00092627,0.0060205,0.008586,-0.0064524,0.0010703,0.0081712,0.0019275,0.0070004,0.34908,3.3516,-0.011502,0.087253,2.3721,-1.3764,-0.62835,-3.9377,0.54059,0.49443,-0.61265,0.02872,0.18906,0.086981,-0.0052466,-0.3214,-0.17664,0.1681,-0.041272,0.077732,-0.027081,0.26041,-0.22216,-0.038076,184,184,12116,10,1003.9
36.816,0.0012449,0.01904,12118,0.019356,1.3076,0.001757,0.022754,0.0014226,0.000423,0.00025713,1,2,0.74077,99.321,0.6,0,0,-0.0017166,-0.010491,0.0013352,0.10586,-0.099302,0.012601,0.00095369,0.010872,-0.0040055,0.10357,-0.090254,0.0046438,-0.012061,-0.0091489,0.0072099,-0.010125,-0.00054631,0.0076475,0.0019808,-0.0052697,0.0055798,0.00032705,-0.0036662,-0.0012472,-1.1869,3.4982,-0.12652,-0.84344,2.9826,-1.6766,0.069817,-3.7912,1.0007,0.49443,0.22195,0.12591,0.1827,0.06499,-0.0033869,-0.31084,-0.19882,0.15073,-0.025905,0.090067,-0.031757,0.2137,-0.19482,-0.037365,184,184,12122,10,1003.9
36.836,0.0015828,0.012964,12125,0.020011,1.3064,0.0017425,0.022734,-0.0013303,4.5853e-05,-0.00033857,1,2,0.79351,99.322,0.6,0,0,-0.0017166,-0.010491,0.0013352,0.10586,-0.099302,0.012601,0.00095369,0.010872,-0.0040055,0.10357,-0.090254,0.0046438,-0.011333,-0.0063076,0.0042126,-0.0012666,-0.0031832,0.01015,0.009328,-0.0044018,-0.0041912,0.0033662,-0.0032764,0.0076045,1.4662,3.5714,0.057509,0.087253,3.2623,-1.7127,0.76799,-3.4982,0.67861,0.3781,0.23803,0.1788,0.16049,0.020413,0.0094703,-0.2812,-0.23419,0.10841,0.0069391,0.10666,-0.032019,0.10645,-0.15993,-0.038148,184,184,12129,10,1003.9
36.846,0.0013328,0.009361,12131,0.0097202,1.3063,0.0017225,0.022734,-0.00015631,-0.0010241,-0.0001604,1,2,0.8197,99.317,0.6,0,0,-0.0017166,-0.010491,0.0013352,0.10586,-0.099302,0.012601,0.00095369,0.010872,-0.0040055,0.10357,-0.090254,0.0046438,-0.0076034,-0.0013444,0.0078981,-0.0096819,-0.00075718,0.0077267,0.0055703,-0.0038741,-0.0034057,0.0030271,0.0014636,0.011216,-0.76799,3.9377,-0.24154,-0.31993,2.7625,-1.5827,0.76799,-2.7656,0.77062,0.49443,0.50016,0.26976,0.13548,0.01513,0.0022419,-0.28431,-0.27567,0.08354,0.054739,0.11211,-0.023504,0.023394,-0.13118,-0.030452,184,184,12133,10,1003.9
36.859,0.0024138,0.0045998,12138,0.01307,1.3057,0.0016787,0.022727,-0.0013619,-0.00024664,-0.00026007,1,2,0.85748,99.317,0.6,0,0,-0.0017166,-0.010491,0.0013352,0.10586,-0.099302,0.012601,0.00095369,0.010872,-0.0040055,0.10357,-0.090254,0.0046438,-0.0030205,-0.0034229,0.0084176,-0.0082917,-0.0023476,0.0074594,0.0025248,-0.0055545,0.0076858,0.0046416,0.0066289,0.012046,0.34908,3.7179,-0.10352,-1.1343,2.8821,-1.5117,1.1869,-3.9377,0.77062,0.31993,0.50016,0.26976,0.11119,0.00779,-0.0023892,-0.28909,-0.3209,0.057276,0.091727,0.11378,-0.014864,-0.06868,-0.12923,-0.025357,184,184,12138,10,1003.9
36.886,0.0015865,0.010758,12145,0.027048,1.3057,0.0016821,0.022727,0.0015295,0.00063429,-0.00061707,1,2,0.89771,99.313,0.6,0,0,-0.0017166,-0.010491,0.0013352,0.10586,-0.099302,0.012601,0.00095369,0.010872,-0.0040055,0.10357,-0.090254,0.0046438,-0.0023718,-0.00369,0.0069998,-0.0053316,-0.00062074,0.010583,0.013737,-0.003735,-0.011334,0.0031428,0.0027435,0.0011536,0.62835,3.4615,0.011502,-0.84344,2.8832,-1.7805,-0.069817,-3.7912,0.90864,0.84344,-0.087148,0.18898,0.09032,-0.0047345,-0.0076993,-0.29312,-0.34526,0.025159,0.11624,0.11348,0.0013151,-0.16075,-0.15441,-0.03563,184,184,12147,10,1003.9
36.906,0.0013276,0.011746,12152,0.020265,1.3049,0.0016574,0.022714,-0.00012834,-0.00024589,-0.000816,1,2,0.93569,99.312,0.6,0,0,-0.0017166,-0.010491,0.0013352,0.10586,-0.099302,0.012601,0.00095369,0.010872,-0.0040055,0.10357,-0.090254,0.0046438,-0.0027354,-0.010234,-0.0055309,-0.010374,-0.00060209,0.0080301,0.0054492,-0.0016031,0.0017503,0.0049721,0.0096351,0.010371,-0.48872,3.7912,-0.40256,-0.61077,3.2628,-1.8247,0.20945,-3.6447,1.0007,1.0179,0.72273,0.38484,0.086014,-0.022338,-0.010337,-0.30413,-0.32476,-0.015648,0.12385,0.10692,0.02373,-0.21237,-0.17308,-0.077041,184,184,12155,10,1003.9
36.926,0.0018305,0.010395,12159,0.020077,1.3043,0.0016405,0.022705,-0.0020708,-0.0011391,5.4804e-05,1,2,0.97948,99.318,0.6,0,0,-0.0017166,-0.010491,0.0013352,0.10586,-0.099302,0.012601,0.00095369,0.010872,-0.0040055,0.10357,-0.090254,0.0046438,-0.012091,-0.0026823,0.0042705,-0.0040392,0.001118,0.007395,0.0079018,-0.0059616,0.0045208,0.0031558,0.0038371,0.028147,1.8851,3.5714,-0.034505,-0.14542,2.4033,-1.6387,-0.62835,-3.5714,0.90864,1.1343,-0.28994,0.061841,0.094479,-0.039153,-0.0055247,-0.28103,-0.27121,-0.071965,0.12702,0.077278,0.055252,-0.26463,-0.18351,-0.14006,184,184,12161,10,1003.9
36.946,0.001366,0.011751,12166,0.019875,1.3053,0.0016397,0.022722,0.00012285,0.00025851,0.00017153,1,2,0.015682,99.319,0.6,0,0,-0.0017166,-0.010491,0.0013352,0.10586,-0.099302,0.012601,0.00095369,0.010872,-0.0040055,0.10357,-0.090254,0.0046438,-0.0044903,-0.0084319,0.0071273,-0.009951,-0.0015231,0.012824,0.0090457,-0.0073417,0.010745,0.0067951,0.0022974,0.0098417,-0.76799,3.6813,-0.14952,-0.31993,3.2429,-1.8365,-0.62835,-3.6081,0.67861,0.20359,0.084715,0.18869,0.10602,-0.045764,0.0043544,-0.15329,-0.20672,-0.10268,0.14704,-0.0083367,0.10433,-0.32016,-0.18781,-0.20282,184,184,12169,10,1003.9
37.004,0.0073245,0.026474,12177,0.057755,1.3061,0.0016246,0.022738,0.00025153,0.00032153,0.00023967,1,2,0.11326,99.319,0.6,0,0,-0.0017166,-0.010491,0.0013352,0.10586,-0.099302,0.012601,0.00095369,0.010872,-0.0040055,0.10357,-0.090254,0.0046438,-0.0052094,0.0050703,0.0043782,-0.005651,0.0025193,0.0040631,0.0022267,-0.0057795,0.0083565,0.0057217,0.0020659,0.015278,-0.069817,3.8278,-0.33355,-1.0179,3.2227,-1.7811,0.76799,-3.5348,0.90864,0.84344,-0.2442,-0.070542,0.088904,-0.0041694,0.029502,0.2411,-0.11536,-0.029889,0.19539,-0.16588,0.11988,-0.35381,-0.20064,-0.24892,184,184,12180,10,1003.9
37.016,0.0015992,0.011684,12182,0.012114,1.3067,0.0015991,0.022749,-0.00098214,0.0021749,0.00074667,1,2,0.15583,99.32,0.6,0,0,-0.0017166,-0.010491,0.0013352,0.10586,-0.099302,0.012601,0.00095369,0.010872,-0.0040055,0.10357,-0.090254,0.0046438,-0.0065535,0.00084288,0.0054868,-0.00090244,-0.0022083,0.0065149,0.0096339,-0.0072038,0.0064138,0.00082331,0.0030922,0.018561,0.34908,3.3883,-0.011502,-0.31993,2.3727,-1.3543,-0.34908,-3.1319,0.42557,0.20359,0.11067,0.068367,-0.013228,0.027834,0.03722,0.32356,-0.20617,0.018251,0.20832,-0.17534,0.070682,-0.28816,-0.16707,-0.24583,184,184,12185,10,1003.9
37.034,0.0021892,0.010954,12189,0.018075,1.3051,0.0015869,0.022723,-0.0013786,-0.00091735,0.00070035,1,2,0.19466,99.317,0.6,0,0,-0.0017166,-0.010491,0.0013352,0.10586,-0.099302,0.012601,0.00095369,0.010872,-0.003624,0.10357,-0.090254,0.0046438,-0.0076554,-0.0056731,-0.00070664,-0.0023333,0.00045944,0.0091315,0.0050039,-0.0059647,-0.0073511,0.0045767,-0.0020076,0.0069523,0.34908,3.3516,-0.011502,-0.49443,2.8237,-1.8832,-0.62835,-3.9377,1.0237,0.49443,0.34685,0.27965,-0.049256,0.029022,0.052004,0.32729,-0.19937,0.023664,0.20509,-0.14815,0.050338,-0.25669,-0.1463,-0.23526,184,184,12191,10,1003.9
37.057,0.00156,0.013381,12196,0.022702,1.3056,0.0015092,0.022737,-0.0030198,0.00051562,-0.00085968,1,2,0.23401,99.314,0.6,0,0,-0.0017166,-0.010491,0.0013352,0.10586,-0.099302,0.012601,0.00095369,0.010872,-0.003624,0.10357,-0.090254,0.0046438,0.0029248,-0.0093111,-0.010295,0.0014213,0.0003914,0.0084619,-6.0081e-05,-0.0014649,0.00083313,0.010541,-0.0020631,0.011092,1.0473,3.7179,0.14952,-0.31993,2.9225,-1.6225,0.76799,-3.8645,1.2307,0.84344,-0.098291,0.049483,-0.045972,0.021858,0.054013,0.27618,-0.1839,0.021244,0.2007,-0.11194,0.03923,-0.24706,-0.14398,-0.20698,184,184,12201,10,1003.9
37.083,0.001346,0.0095903,12207,0.026337,1.3061,0.0014816,0.022748,-0.00044505,-0.00011862,0.00014609,1,2,0.29388,99.315,0.6,0,0,-0.0017166,-0.010491,0.0013352,0.10586,-0.099302,0.012601,0.00095369,0.010872,-0.003624,0.10357,-0.090254,0.0046438,-0.0092904,-0.0090335,0.012197,-0.005965,-0.002414,0.0036117,-0.0052356,-0.0067585,0.0031464,0.0019201,0.0061251,0.010986,-0.48872,3.9011,-0.011502,-0.31993,2.8626,-1.6356,0.34908,-2.9487,1.0237,1.0179,0.0637,0.2224,-0.0090782,0.007714,0.05119,0.15924,-0.14256,0.015849,0.18399,-0.066893,0.02622,-0.23957,-0.15972,-0.14824,184,184,12209,10,1003.9
37.088,0.0012812,0.004329,12211,0.0047027,1.3059,0.001461,0.022745,-0.00049781,0.00065283,-3.1268e-06,1,2,0.31371,99.315,0.6,0,0,-0.0017166,-0.010491,0.0013352,0.10586,-0.099302,0.012601,0.00095369,0.010872,-0.003624,0.10357,-0.090254,0.0046438,-0.0025046,-0.0092675,0.0086303,-0.0078778,0.002031,0.0061474,0.0016831,-0.007532,-0.0010247,0.0004675,0.0001894,-0.0003423,1.0473,3.6813,-0.19553,-0.78527,3.5029,-1.9292,0.76799,-3.5348,0.88564,0.66894,-0.13292,-0.013001,0.034477,-0.0066742,0.047943,0.078749,-0.1143,0.006928,0.17051,-0.065686,0.034057,-0.24397,-0.1922,-0.12224,184,184,12212,10,1003.9
37.114,0.0016276,0.010533,12220,0.026613,1.309,0.0014903,0.022797,0.0018424,0.0018905,-0.00010162,1,2,0.3552,99.39,0.6,0,0,-0.0017166,-0.010491,0.0013352,0.10586,-0.099302,0.012601,0.00095369,0.010872,-0.003624,0.10357,-0.090254,0.0046438,-0.002686,-0.0041571,0.0065692,-0.0076861,-0.0044074,0.0062155,0.0044361,-0.0050731,0.0090291,0.0090281,0.0023436,0.0048564,-0.069817,3.5714,0.080513,-0.3781,2.9025,-1.6343,0.069817,-3.3516,0.77062,0.66894,0.18239,0.15003,0.07068,-0.018372,0.044998,-0.02562,-0.078973,0.0073888,0.14945,-0.069758,0.030272,-0.23768,-0.22839,-0.098641,184,184,12222,10,1003.9
37.135,0.0013288,0.011091,12228,0.020407,1.3082,0.001478,0.022785,-0.0014561,-0.00040313,0.00037767,1,2,0.39437,99.383,0.6,0,0,-0.0017166,-0.010491,0.0013352,0.10586,-0.099302,0.012601,0.00095369,0.010872,-0.0040055,0.10357,-0.090254,0.0046438,-0.0073184,-0.005019,0.011239,-0.011868,0.0007064,0.01542,0.0063118,-0.0055689,0.00094172,0.0038252,0.0046873,0.0099267,-0.069817,3.4982,-0.42557,-0.49443,2.5115,-1.2936,0.76799,-3.4249,1.0237,0.31993,0.10326,0.19828,0.10167,-0.032145,0.046858,-0.1027,-0.070079,0.0079527,0.13412,-0.07472,0.031144,-0.24855,-0.26249,-0.088455,184,184,12231,10,1003.9
37.154,0.0014645,0.0080305,12237,0.019504,1.3081,0.0014679,0.022783,-0.00093034,-0.00048752,-0.0010526,1,2,0.43969,99.38,0.6,0,0,-0.0017166,-0.010491,0.0013352,0.10586,-0.099302,0.012601,0.00095369,0.010872,-0.0040055,0.10357,-0.090254,0.0046438,-0.0032204,-0.0080685,0.0010026,-0.0097505,-0.002243,0.0060875,-0.0032033,-0.0030308,0.013947,0.0066938,0.010763,0.027753,1.4662,3.6081,-0.33355,-0.66894,3.2029,-1.8154,0.76799,-3.4249,0.90864,0.84344,-0.51991,0.07667,0.11242,-0.035905,0.040481,-0.15284,-0.072318,0.028896,0.13253,-0.064027,0.031181,-0.27346,-0.27029,-0.060922,184,184,12238,10,1003.9
37.176,0.0013363,0.012405,12244,0.021968,1.3058,0.0014054,0.022747,-0.00072533,-0.0019316,-0.00062459,1,2,0.47473,99.375,0.6,0,0,-0.0017166,-0.010491,0.0013352,0.10586,-0.099302,0.012601,0.00095369,0.010872,-0.0040055,0.10357,-0.090254,0.0046438,-0.0026342,-0.0011571,0.0026978,-0.0075081,-0.00026609,0.014792,0.0070506,-0.0041949,0.0080192,0.0084094,0.0035479,0.0056558,-0.48872,3.2418,-0.33355,-0.14542,2.604,-1.8789,-0.34908,-3.4249,0.90864,1.0179,0.42104,0.31801,0.11612,-0.02372,0.022546,-0.19168,-0.082572,0.056671,0.14018,-0.043154,0.026276,-0.28078,-0.247,-0.0022293,184,184,12248,10,1003.9
37.196,0.001376,0.012307,12252,0.019553,1.3051,0.0014022,0.022735,-0.00065782,-0.00047381,0.0012347,1,2,0.51399,99.383,0.6,0,0,-0.0017166,-0.010491,0.0013352,0.10586,-0.099302,0.012601,0.00095369,0.010872,-0.0040055,0.10357,-0.090254,0.0046438,-0.0048671,-0.010612,-0.0023208,-0.0068486,0.00063795,0.010245,0.0044121,-0.0033214,0.010757,0.0025286,0.0036409,0.012826,0.76799,3.7912,-0.057509,-0.5526,2.8841,-2.0045,0.76799,-3.2784,0.77062,1.0179,0.33324,0.18345,0.12187,0.022499,-0.020141,-0.25896,-0.12004,0.10327,0.14558,-0.0025023,0.014639,-0.2381,-0.19455,0.082311,184,184,12256,10,1003.9
37.209,0.0015069,0.0048383,12261,0.01279,1.3038,0.0013989,0.022713,4.9951e-05,-0.001573,0.0010015,1,2,0.5548,99.374,0.6,0,0,-0.0017166,-0.010491,0.0013352,0.10586,-0.099302,0.012601,0.00095369,0.010872,-0.0040055,0.10357,-0.090254,0.0046438,-0.014966,-0.002513,0.0053609,-0.0040588,0.00080583,0.0092668,0.010964,-0.0051517,0.004154,0.00099909,0.010412,0.028407,0.62835,3.3516,-0.33355,-0.5526,2.7036,-1.8198,-0.76799,-3.7179,1.0237,0.3781,0.2479,0.0055865,0.14172,0.1387,-0.093183,-0.38124,-0.2034,0.19601,0.14041,0.041677,0.011009,0.011195,-0.12786,0.071703,184,184,12262,10,1003.9
37.248,0.0017391,0.014489,12271,0.039742,1.3023,0.0013804,0.022687,-0.00026087,-0.00020599,0.00044642,1,2,0.61537,99.379,0.6,0,0,-0.0017166,-0.010491,0.0013352,0.10586,-0.099302,0.012601,0.00095369,0.010872,-0.003624,0.10357,-0.090254,0.0046438,-0.0045017,0.0022653,-0.0037185,-0.008394,-0.0016707,0.0081704,0.012317,-0.0053963,-0.0060163,0.0039459,0.0046973,0.0021152,0.34908,3.0586,-0.011502,-0.31993,3.2823,-1.7009,-0.069817,-3.7179,0.77062,0.66894,0.16384,0.14044,0.16698,0.17827,-0.067764,-0.42966,-0.25796,0.22412,0.058959,0.057944,-0.0046954,0.25344,-0.16802,-0.007181,184,184,12275,10,1003.9
37.265,0.0051805,0.016268,12277,0.01676,1.3028,0.0014006,0.022696,-0.00039941,-0.0014116,0.001036,1,2,0.65232,99.381,0.6,0,0,-0.0017166,-0.010491,0.0013352,0.10586,-0.099302,0.012601,0.00095369,0.010872,-0.0040055,0.10357,-0.090254,0.0046438,0.0038651,0.0020573,0.0049267,-0.014068,0.0013212,0.0069069,0.00095385,-0.0042966,-0.0025644,0.0048949,0.0078552,0.01235,1.8851,3.6081,-0.6556,-0.66894,3.2228,-1.8035,-0.069817,-3.2051,1.0007,0.66894,-0.2442,-0.070542,0.1743,0.13892,-0.01827,-0.36417,-0.18325,0.19436,-0.010404,0.067701,-0.015093,0.28887,-0.2286,-0.030193,184,184,12281,10,1003.9
37.277,0.002031,0.011475,12283,0.011789,1.3037,0.0014055,0.022711,0.0018662,0.00056731,0.00078904,1,2,0.6792,99.385,0.6,0,0,-0.0017166,-0.010491,0.0013352,0.10586,-0.099302,0.012601,0.00095369,0.010872,-0.0040055,0.10357,-0.090254,0.0046438,0.0024496,-0.0019492,0.0064943,-0.0052095,0.001082,0.01409,0.00052654,-0.0050605,0.0043758,0.0065296,-0.0012895,0.0012728,0.76799,4.0476,-0.31055,-0.49443,3.0622,-1.6069,0.069817,-3.7179,0.77062,0.84344,-0.016696,-0.042068,0.19077,0.11939,-0.019045,-0.34791,-0.18272,0.19011,-0.038633,0.072935,-0.028091,0.29407,-0.2274,-0.029834,184,184,12285,10,1003.9
37.295,0.0012269,0.0098257,12290,0.018081,1.3031,0.0013895,0.022701,-0.00047081,-0.00092254,-0.00085981,1,2,0.71707,99.379,0.6,0,0,-0.0017166,-0.010491,0.0013352,0.10586,-0.099302,0.012601,0.00095369,0.010872,-0.0040055,0.10357,-0.090254,0.0046438,-0.0097907,-0.006556,0.0054967,-0.00020659,-0.0028588,0.010955,0.0022322,-0.0069166,-0.0046912,0.0038132,0.011987,0.021922,0.34908,3.5714,-0.33355,0.14542,3.2634,-1.9591,1.0473,-3.6447,0.93165,0.31993,0.10326,0.19828,0.18858,0.084606,-0.006598,-0.32195,-0.1817,0.16645,-0.039316,0.079973,-0.02868,0.25478,-0.21627,-0.037376,184,184,12292,10,1003.9
37.318,0.0013447,0.01387,12298,0.023092,1.3017,0.0013894,0.022677,0.00037728,0.00048341,0.0011088,1,2,0.75542,99.378,0.6,0,0,-0.0017166,-0.010491,0.0013352,0.10586,-0.099302,0.012601,0.00095369,0.010872,-0.0040055,0.10357,-0.090254,0.0046438,0.00016532,-0.010015,0.011173,-0.00086675,-0.0016381,0.012265,0.0043135,-0.0011391,0.0028488,0.0046958,0.0091386,0.0074443,0.62835,3.9377,-0.37956,-0.14542,3.2039,-2.0618,0.20945,-3.4982,0.88564,0.49443,-0.3765,-0.094369,0.17874,0.049969,0.0015774,-0.29912,-0.20423,0.13849,-0.020045,0.094498,-0.031987,0.18605,-0.18637,-0.039173,184,184,12302,10,1003.9
37.333,0.0016837,0.0085845,12305,0.014588,1.3012,0.0013902,0.022668,5.1513e-05,-0.0012556,0.0016572,1,2,0.79577,99.379,0.6,0,0,-0.0017166,-0.010491,0.0013352,0.10586,-0.099302,0.012601,0.00095369,0.010872,-0.0040055,0.10357,-0.090254,0.0046438,-0.0013347,-0.0067809,0.006043,-0.0042201,-9.8509e-05,0.0061398,0.00064907,-0.0050561,0.0052423,0.0027139,0.0038391,0.016934,0.76799,3.7912,-0.33355,-0.49443,2.9427,-1.6779,0.76799,-3.6447,1.0007,0.66894,0.27759,0.15468,0.15612,0.021218,0.0067293,-0.28312,-0.24151,0.1049,0.017107,0.10811,-0.030453,0.093407,-0.15216,-0.036011,184,184,12306,10,1003.9
37.355,0.0024167,0.011394,12312,0.0221,1.3001,0.0013614,0.02265,-0.00014646,-3.8819e-05,-0.00046504,1,2,0.83573,99.378,0.6,0,0,-0.0017166,-0.010491,0.0013352,0.10586,-0.099302,0.012601,0.00095369,0.010872,-0.0040055,0.10357,-0.090254,0.0046438,-0.01331,-0.0084074,0.0024418,-0.0019371,0.0042956,0.011718,0.0030913,-0.0073986,0.0020294,0.001542,0.0052364,0.022709,1.0473,3.6081,0.011502,-0.49443,3.1422,-1.6268,0.20945,-3.5348,0.67861,0.029084,0.8946,0.38454,0.12835,0.010244,0.0027408,-0.28483,-0.29112,0.074145,0.062571,0.11407,-0.023967,-0.0063483,-0.12847,-0.028404,184,184,12314,10,1003.9
37.37,0.0013339,0.0062625,12319,0.014914,1.3005,0.0013645,0.022657,0.00057943,-0.00040881,-0.00030549,1,2,0.87371,99.375,0.6,0,0,-0.0017166,-0.010491,0.0013352,0.10586,-0.099302,0.012601,0.00095369,0.010872,-0.0040055,0.10357,-0.090254,0.0046438,-0.005713,-0.0032354,0.0011543,-0.0031738,-0.00014238,0.012102,0.0011323,-0.0063883,-0.0021098,0.0026452,0.0015073,0.007612,1.0473,3.6081,0.080513,-0.78527,2.723,-1.6735,2.1643,-3.4249,0.67861,0.84344,0.11687,0.29447,0.10205,0.0037206,-0.0040539,-0.28995,-0.33477,0.045456,0.10174,0.11475,-0.011236,-0.10568,-0.13888,-0.025783,184,184,12321,10,1003.9
37.397,0.0022044,0.01102,12328,0.027259,1.3023,0.0013501,0.02269,-0.00032842,-0.0010604,-0.00050983,1,2,0.92054,99.372,0.6,0,0,-0.0017166,-0.010491,0.0013352,0.10586,-0.099302,0.012601,0.00095369,0.010872,-0.0040055,0.10357,-0.090254,0.0046438,-0.010348,-0.010466,0.01171,-0.006739,8.5326e-05,0.0053143,0.0015626,-0.0056775,0.0062051,0.0021094,-0.00045239,0.0030203,0.34908,3.5714,-0.37956,-0.84344,2.8431,-1.737,0.20945,-3.2418,0.88564,0.3781,-0.042649,0.078253,0.086189,-0.014264,-0.0091023,-0.30313,-0.34227,0.0037522,0.11863,0.11467,0.0085601,-0.18671,-0.16397,-0.055204,184,184,12329,10,1003.9
37.414,0.0015249,0.010226,12333,0.017394,1.3026,0.0013656,0.022694,0.0020278,0.0010543,-0.00030645,1,2,0.95557,99.381,0.6,0,0,-0.0017166,-0.010491,0.0013352,0.10586,-0.099302,0.012601,0.00095369,0.010872,-0.0040055,0.10357,-0.090254,0.0046438,-0.012138,-0.007118,0.0049612,-0.0057342,7.426e-05,0.012772,-0.00065818,-0.0048357,0.0013318,0.0019991,-0.0088764,-0.0042841,0.76799,3.4982,-0.12652,0.14542,3.1222,-1.6387,-0.20945,-3.2418,1.0237,0.84344,-0.23059,0.025655,0.089507,-0.031105,-0.0079884,-0.30097,-0.30265,-0.043311,0.12371,0.098818,0.035207,-0.23543,-0.17989,-0.10504,184,184,12335,10,1003.9
37.447,0.0017949,0.023039,12340,0.032177,1.3025,0.0013851,0.02269,0.001035,-0.0013814,6.6735e-05,1,2,0.99463,99.374,0.6,0,0,-0.0017166,-0.010491,0.0013352,0.10586,-0.099302,0.012601,0.00095369,0.010872,-0.0040055,0.10357,-0.090254,0.0046438,-0.011348,0.00028156,0.0081172,-0.0039607,-0.001842,0.01039,0.0050311,-0.0034869,-0.0040227,0.0071041,-0.0035867,0.0050128,-0.90762,3.7912,-0.24154,-0.66894,2.9631,-1.8004,-0.62835,-3.6081,0.90864,0.66894,0.36786,0.24593,0.10027,-0.043762,-0.0028685,-0.24583,-0.24468,-0.09242,0.13314,0.049676,0.074938,-0.29039,-0.18588,-0.16564,184,184,12343,10,1003.9
37.455,0.0012909,0.0078086,12345,0.0081238,1.3021,0.0013779,0.022684,-4.8208e-06,0.00049821,0.0019259,1,2,0.040539,99.378,0.6,0,0,-0.0017166,-0.010491,0.0013352,0.10586,-0.099302,0.012601,0.00095369,0.010872,-0.0040055,0.10357,-0.090254,0.0046438,-0.0035811,-0.0071295,0.013709,-0.0039618,0.001134,0.0053625,0.010581,-0.0047736,-0.0046236,0.0013336,0.0020272,0.0051178,0.34908,3.6081,-0.14952,-0.5526,2.9427,-1.6779,-0.069817,-3.6081,0.88564,0.31993,0.4606,0.29388,0.10693,-0.03536,0.016959,0.0035509,-0.16032,-0.081895,0.16488,-0.088397,0.12568,-0.34548,-0.19238,-0.23382,184,184,12346,10,1003.9
37.475,0.0012333,0.010363,12352,0.020275,1.3029,0.0013895,0.022698,3.5709e-05,6.5587e-05,0.001665,1,2,0.075854,99.374,0.6,0,0,-0.0017166,-0.010491,0.0013352,0.10586,-0.099302,0.012601,0.00095369,0.010872,-0.0040055,0.10357,-0.090254,0.0046438,-0.0082038,-0.0060489,0.0041434,-0.0059277,-0.00013937,0.010603,0.00075474,-0.0064744,0.0055369,0.0067224,0.0067446,0.01464,0.62835,3.7179,-0.12652,-0.66894,2.8425,-1.6026,-0.069817,-3.7179,0.90864,0.20359,0.42104,0.31801,0.055529,0.010462,0.020878,0.25841,-0.14084,-0.0004202,0.19804,-0.1904,0.11359,-0.34364,-0.20362,-0.24522,184,184,12354,10,1003.9
37.495,0.0016823,0.010534,12360,0.020389,1.3027,0.0013652,0.022696,-0.00035971,0.0001835,-0.00024213,1,2,0.11711,99.373,0.6,0,0,-0.0017166,-0.010491,0.0013352,0.10586,-0.099302,0.012601,0.00095369,0.010872,-0.0040055,0.10357,-0.090254,0.0046438,-0.0084982,-0.0072093,0.0061934,-0.0055115,8.8847e-05,0.0069927,0.002515,-0.0042266,-0.01065,-0.0014987,0.0028181,-0.00012067,-0.76799,3.8278,0.057509,0.087253,3.3423,-1.7326,0.76799,-3.6081,0.79363,0.20359,0.50016,0.26976,-0.025818,0.03019,0.035354,0.34107,-0.20555,0.026242,0.20655,-0.19606,0.078641,-0.28836,-0.17128,-0.25161,184,184,12362,10,1003.9
37.523,0.0015068,0.019059,12367,0.02769,1.3036,0.0013657,0.022711,0.00082085,0.00070814,-0.00050469,1,2,0.15513,99.379,0.6,0,0,-0.0017166,-0.010491,0.0013352,0.10586,-0.099302,0.012601,0.00095369,0.010872,-0.0040055,0.10357,-0.090254,0.0046438,-0.0091687,-0.0096322,0.00090223,0.00014964,0.00056852,0.011496,0.0024716,-0.0049185,0.0043576,-0.0017499,0.0076139,0.00306,0.34908,4.011,0.10352,-0.49443,2.9226,-1.6449,-0.069817,-3.3516,1.0237,0.20359,-0.27015,0.049779,-0.062674,0.033204,0.049486,0.36582,-0.2105,0.029302,0.20577,-0.17738,0.060561,-0.2589,-0.15134,-0.25493,184,184,12371,10,1003.9
37.535,0.0012744,0.011574,12373,0.012168,1.3038,0.0013633,0.022715,-0.00037201,0.0010426,-0.0011394,1,2,0.19394,99.372,0.6,0,0,-0.0017166,-0.010491,0.0013352,0.10586,-0.099302,0.012601,0.00095369,0.010872,-0.0040055,0.10357,-0.090254,0.0046438,-0.010292,-0.0019706,0.00087282,-0.003929,-0.00070836,0.012598,0.0030766,-0.0074477,0.0080264,0.0035953,0.0069614,0.023356,0.34908,3.5714,-0.011502,-0.31993,2.8837,-1.9149,-0.62835,-3.6447,0.77062,0.84344,-0.10323,0.13609,-0.069999,0.030815,0.053816,0.34214,-0.20335,0.027846,0.20391,-0.14915,0.047376,-0.24577,-0.14349,-0.24153,184,184,12376,10,1003.9
37.557,0.0013462,0.012284,12382,0.021428,1.3031,0.0013548,0.022704,-0.0004882,-0.00037084,0.00069605,1,2,0.2356,99.379,0.6,0,0,-0.0017166,-0.010491,0.0013352,0.10586,-0.099302,0.012601,0.00095369,0.010872,-0.0040055,0.10357,-0.090254,0.0046438,-0.0064829,-0.0020045,0.0069425,-0.0083192,-0.0019935,0.011626,0.00049964,-0.0057264,0.0052223,0.0013833,0.0059653,0.0026409,1.0473,3.4982,-0.44857,-0.95978,2.8431,-1.737,0.76799,-3.8278,0.67861,0.49443,-0.021598,0.37891,-0.052592,0.022286,0.054604,0.28011,-0.18363,0.022949,0.19953,-0.1106,0.037051,-0.24317,-0.14354,-0.20831,184,184,12384,10,1003.9
37.577,0.0012168,0.012895,12389,0.020747,1.306,0.0013455,0.022755,-0.0012479,0.0013333,-1.5495e-05,1,2,0.27562,99.381,0.6,0,0,-0.0017166,-0.010491,0.0013352,0.10586,-0.099302,0.012601,0.00095369,0.010872,-0.0040055,0.10357,-0.090254,0.0046438,-0.0023655,-0.0085418,0.006392,-0.0085977,-0.0031676,0.012695,0.00803,-0.0027968,0.006408,0.008039,0.0021068,0.0013931,1.0473,3.4615,-0.12652,-0.66894,3.2429,-1.8365,0.20945,-3.4249,0.77062,0.3781,-0.40246,0.025952,-0.018146,0.009236,0.053192,0.19276,-0.15453,0.015732,0.19107,-0.076937,0.031515,-0.24332,-0.15431,-0.16374,184,184,12393,10,1003.9
37.597,0.0012179,0.011313,12398,0.019457,1.3063,0.0013542,0.022758,0.00040088,0.0015209,0.00073433,1,2,0.31769,99.375,0.6,0,0,-0.0017166,-0.010491,0.0013352,0.10586,-0.099302,0.012601,0.00095369,0.010872,-0.0040055,0.10357,-0.090254,0.0046438,-0.0066422,-0.0061003,0.0040507,-0.0088403,-0.00044277,0.010866,0.0058068,-0.0067051,-0.0042598,0.0024277,-0.00072271,0.0015887,-0.069817,3.4982,-0.26454,-0.95978,2.7637,-1.8515,0.069817,-3.315,0.77062,0.66894,0.16384,0.14044,0.024479,-0.0032786,0.047905,0.085064,-0.11507,0.0099576,0.1716,-0.062374,0.028857,-0.24029,-0.18536,-0.12215,184,184,12401,10,1003.9
37.615,0.0013635,0.010795,12405,0.017764,1.3057,0.0013606,0.022749,0.00017127,0.0003947,0.00052119,1,2,0.35448,99.378,0.6,0,0,-0.0017166,-0.010491,0.0013352,0.10586,-0.099302,0.012601,0.00095369,0.010872,-0.0040055,0.10357,-0.090254,0.0046438,0.002653,-0.005055,0.012746,-0.0066666,0.00080454,0.014918,0.010401,-0.0039961,-0.007191,0.002936,0.00027307,0.016874,-0.48872,3.6081,0.080513,-0.3781,3.2016,-1.5242,-0.069817,-4.011,0.67861,1.4833,-0.1119,-0.046715,0.067589,-0.018813,0.045565,-0.021657,-0.079882,0.0082374,0.15086,-0.069196,0.029987,-0.23767,-0.22621,-0.099137,184,184,12408,10,1003.9
37.636,0.0012642,0.012053,12414,0.02178,1.3057,0.0013477,0.02275,-4.713e-05,-0.001058,-0.0012873,1,2,0.3954,99.379,0.6,0,0,-0.0017166,-0.010491,0.0013352,0.10586,-0.099302,0.012601,0.00095369,0.010872,-0.0040055,0.10357,-0.090254,0.0046438,-0.0089127,-0.0015304,0.0055789,0.00048145,0.001894,0.0061534,0.0013119,-0.0048021,-0.00064965,0.0041475,0.0043581,0.0058401,0.34908,3.4615,0.080513,-0.84344,2.5235,-1.7246,0.069817,-3.4249,0.77062,0.20359,-0.59907,-0.20945,0.10045,-0.032559,0.047317,-0.10181,-0.069843,0.0093223,0.13436,-0.07485,0.030944,-0.24924,-0.26231,-0.087931,184,184,12417,10,1003.9
37.655,0.0015409,0.01075,12421,0.018565,1.3067,0.0013375,0.022768,3.9558e-05,0.00066763,-0.0015111,1,2,0.43557,99.383,0.6,0,0,-0.0017166,-0.010491,0.0013352,0.10586,-0.099302,0.012601,0.00095369,0.010872,-0.0040055,0.10357,-0.090254,0.0046438,-0.0041556,-0.0032612,0.0033659,-0.0037886,0.00047809,0.0084316,0.0021705,-0.0045768,0.0019214,0.0033915,0.0056416,0.0091399,-1.6058,3.6813,-0.24154,-0.66894,2.8826,-1.6461,-0.069817,-3.4615,1.2537,1.0179,-0.41607,-0.070246,0.113,-0.035774,0.041318,-0.14989,-0.071092,0.025728,0.13219,-0.065417,0.031402,-0.27108,-0.27173,-0.06463,184,184,12423,10,1003.9
37.676,0.0015201,0.011802,12428,0.021244,1.3065,0.0013417,0.022763,0.0010357,-0.00012972,-0.00076146,1,2,0.47601,99.383,0.6,0,0,-0.0017166,-0.010491,0.0013352,0.10586,-0.099302,0.012601,0.00095369,0.010872,-0.0040055,0.10357,-0.090254,0.0046438,-0.011128,-0.0052568,0.0090991,-0.010342,-0.0017411,0.0086033,-0.00094492,-0.0029043,-0.0023743,0.0044366,0.0032439,0.0067374,-0.48872,3.4615,-0.057509,-0.49443,2.9031,-1.7687,0.48872,-3.4249,0.88564,0.66894,0.12428,0.16456,0.11583,-0.023878,0.022543,-0.19209,-0.082937,0.058302,0.1397,-0.042617,0.026273,-0.28185,-0.24701,-0.0021761,184,184,12431,10,1003.9
37.695,0.0015215,0.011508,12435,0.018488,1.3064,0.0013333,0.022762,-0.00085066,-0.00023329,0.00033248,1,2,0.51353,99.381,0.6,0,0,-0.0017166,-0.010491,0.0013352,0.10586,-0.099302,0.012601,0.00095369,0.010872,-0.0040055,0.10357,-0.090254,0.0046438,-0.01154,-0.0026703,0.0079136,-0.011361,0.0016708,0.0069144,0.0058574,-0.0023505,0.0037178,0.0034702,-0.0045581,0.011722,1.0473,3.3516,0.011502,-0.49443,2.7625,-1.5827,0.069817,-3.5348,0.77062,0.66894,0.18239,0.15003,0.12178,0.021852,-0.019652,-0.25823,-0.11957,0.10294,0.14559,-0.0029305,0.014696,-0.23895,-0.19543,0.082304,184,184,12438,10,1003.9
37.708,0.0015206,0.0049523,12443,0.013413,1.306,0.0013469,0.022753,-0.00016807,-0.00046047,0.00050073,1,2,0.55347,99.381,0.6,0,0,-0.0017166,-0.010491,0.0013352,0.10586,-0.099302,0.012601,0.00095369,0.010872,-0.0040055,0.10357,-0.090254,0.0046438,-0.0041343,-0.0046945,0.0084372,-0.00084963,-0.0016317,0.0064253,0.0049221,-0.00059787,0.0009358,0.0086764,-0.010645,0.00083423,-1.6058,3.5714,-0.011502,-0.66894,2.6034,-1.7445,-0.34908,-3.315,0.90864,0.3781,0.14283,0.17415,0.14155,0.13679,-0.092246,-0.37877,-0.20124,0.19432,0.14069,0.041251,0.011,0.0054649,-0.12789,0.073783,184,184,12444,10,1003.9
37.745,0.0013732,0.021451,12451,0.037217,1.3047,0.0013437,0.022731,0.00017444,-1.4003e-05,-0.0010504,1,2,0.59457,99.389,0.6,0,0,-0.0017166,-0.010491,0.0013352,0.10586,-0.099302,0.012601,0.00095369,0.010872,-0.0040055,0.10357,-0.090254,0.0046438,-0.00020858,-0.011103,0.010638,-0.0039576,-0.0031352,0.010532,0.0067206,-0.0035943,0.0040696,0.0083115,0.00027218,0.0092428,0.76799,3.7912,-0.011502,-0.95978,3.2029,-1.8154,0.069817,-3.5348,0.79363,1.3088,-0.079744,0.059073,0.16481,0.18285,-0.074467,-0.43395,-0.26449,0.22868,0.061624,0.054282,-0.0030546,0.24002,-0.16052,-0.0032364,184,184,12457,10,1003.9
37.757,0.001273,0.011186,12459,0.011722,1.305,0.0013472,0.022737,-0.00055677,8.5014e-05,-0.0013981,1,2,0.6384,99.379,0.6,0,0,-0.0017166,-0.010491,0.0013352,0.10586,-0.099302,0.012601,0.00095369,0.010872,-0.0040055,0.10357,-0.090254,0.0046438,-0.0089628,-0.0071041,0.0051936,-0.0068886,0.001029,0.0074194,0.0086834,-0.0011561,0.006084,0.00022763,0.0070496,0.019338,1.0473,3.3516,-0.011502,-0.49443,3.3017,-1.577,0.76799,-3.4249,1.0007,0.49443,0.57929,0.22151,0.17165,0.14677,-0.022798,-0.37259,-0.1897,0.19943,-0.0063195,0.066924,-0.014609,0.29136,-0.22585,-0.026609,184,184,12462,10,1003.9
37.777,0.0012762,0.012029,12466,0.019553,1.3054,0.001355,0.022743,0.0006017,-0.00058649,0.00085267,1,2,0.67586,99.377,0.6,0,0,-0.0017166,-0.010491,0.0013352,0.10586,-0.099302,0.012601,0.00095369,0.010872,-0.003624,0.10357,-0.090254,0.0046438,0.0016877,-0.0055319,0.0066043,-0.0071154,0.0024875,0.0090553,0.0003942,-0.0025391,0.010843,0.0037087,0.0036134,0.0044319,0.34908,4.0476,-0.011502,-0.14542,3.4225,-1.7973,-0.34908,-3.7912,0.67861,0.49443,0.18239,0.15003,0.18925,0.12117,-0.018471,-0.34912,-0.18118,0.19038,-0.03727,0.072097,-0.026587,0.29598,-0.22966,-0.029726,184,184,12470,10,1003.9
37.795,0.0014565,0.010808,12475,0.018755,1.3031,0.0013642,0.022703,0.00049749,-0.0012773,-0.00032875,1,2,0.71618,99.378,0.6,0,0,-0.0017166,-0.010491,0.0013352,0.10586,-0.099302,0.012601,0.00095369,0.010872,-0.0040055,0.10357,-0.090254,0.0046438,-0.0063646,-0.011436,-0.0034348,-0.0059628,0.0019875,0.010583,0.0067215,-0.005211,0.0031463,0.0035659,0.0049393,0.013592,0.34908,3.5714,-0.47158,-0.66894,2.9626,-1.666,-0.069817,-3.2784,0.90864,0.49443,-0.21204,0.035246,0.18903,0.085521,-0.0067456,-0.32223,-0.18121,0.16698,-0.039803,0.079649,-0.028604,0.25636,-0.21732,-0.037059,184,184,12478,10,1003.9
37.815,0.0012563,0.011724,12483,0.020015,1.3034,0.0013655,0.022707,0.00014758,0.00066296,0.0010658,1,2,0.75391,99.382,0.6,0,0,-0.0017166,-0.010491,0.0013352,0.10586,-0.099302,0.012601,0.00095369,0.010872,-0.0040055,0.10357,-0.090254,0.0046438,-0.0022565,-0.0035372,0.0035142,-0.002759,-0.0016131,0.011845,0.0087395,-0.006113,0.0021887,0.0037308,0.011359,0.023589,1.0473,3.3883,-0.10352,-0.31993,3.2423,-1.7021,-0.069817,-3.6447,0.77062,0.84344,0.38641,0.25552,0.17933,0.051161,0.0013847,-0.29989,-0.20339,0.14041,-0.020991,0.093895,-0.032084,0.18903,-0.18772,-0.03895,184,184,12487,10,1003.9
37.827,0.0013421,0.0029506,12492,0.011728,1.3028,0.0013614,0.022697,-0.00016494,-0.00063201,-0.00026748,1,2,0.79507,99.377,0.6,0,0,-0.0017166,-0.010491,0.0013352,0.10586,-0.099302,0.012601,0.00095369,0.010872,-0.0040055,0.10357,-0.090254,0.0046438,-0.0021595,-0.0027662,0.010568,-0.015443,0.00038581,0.018997,0.010146,-0.0022446,-0.011121,0.0022815,0.0047336,0.00075632,1.0473,3.7912,-0.37956,-0.84344,2.9632,-1.8228,-0.069817,-3.7912,0.67861,0.66894,0.27513,0.19798,0.15683,0.021211,0.00686,-0.28302,-0.24086,0.10588,0.015988,0.10793,-0.030642,0.095332,-0.15338,-0.036556,184,184,12492,10,1003.9
37.855,0.0012824,0.010602,12500,0.027578,1.3028,0.0013036,0.022701,-0.00068862,-0.00046132,7.1434e-05,1,2,0.83481,99.379,0.6,0,0,-0.0017166,-0.010491,0.0013352,0.10586,-0.099302,0.012601,0.00095369,0.010872,-0.0040055,0.10357,-0.090254,0.0046438,-0.00089068,0.0051507,0.0073022,-0.0040879,-0.0006855,0.0074175,-4.8054e-05,-0.0034657,0.0010181,0.0060488,0.0012797,0.01845,1.0473,3.5714,-0.26454,-0.84344,2.9025,-1.6343,0.76799,-3.6447,0.77062,0.20359,-0.45563,-0.046122,0.12924,0.010431,0.0034428,-0.28367,-0.28884,0.075778,0.061487,0.11335,-0.024101,-0.0044729,-0.12849,-0.02833,184,184,12503,10,1003.9
37.875,0.0012407,0.011097,12509,0.020498,1.3034,0.001312,0.02271,-0.00023291,0.00051938,0.00038153,1,2,0.87475,99.382,0.6,0,0,-0.0017166,-0.010491,0.0013352,0.10586,-0.099302,0.012601,0.00095369,0.010872,-0.0040055,0.10357,-0.090254,0.0046438,-0.0031847,-0.0030391,0.0075525,-0.0031279,-0.00044442,0.0057306,0.00088584,-0.0094539,0.006065,0.004442,0.0018834,0.01665,-0.48872,3.9011,-0.33355,-0.49443,2.7025,-1.551,-0.90762,-3.4249,0.90864,0.49443,0.052557,0.0829,0.10246,0.0034688,-0.0039114,-0.28987,-0.33497,0.045729,0.10049,0.11521,-0.011823,-0.10635,-0.1391,-0.025908,184,184,12511,10,1003.9
37.9,0.0018591,0.015543,12516,0.024818,1.3019,0.0013338,0.022684,0.0013837,-0.00030325,0.00031038,1,2,0.91679,99.385,0.6,0,0,-0.0017166,-0.010491,0.0013352,0.10586,-0.099302,0.012601,0.00095369,0.010872,-0.0040055,0.10357,-0.090254,0.0046438,-0.0060343,-0.004135,0.0034258,-0.0011925,0.00098207,0.0035848,0.0061211,-0.0051629,0.0075391,0.0056404,1.6623e-05,0.0090386,-0.069817,3.7912,0.034505,0.087253,2.8431,-1.737,0.76799,-3.6081,0.67861,0.3781,-0.13785,0.073606,0.086431,-0.013158,-0.0090814,-0.30023,-0.3423,0.0078148,0.1196,0.1134,0.0085916,-0.18476,-0.16292,-0.051579,184,184,12522,10,1003.9
37.918,0.0012939,0.014059,12524,0.018397,1.301,0.0013354,0.022667,2.0925e-05,-0.00078136,0.00088804,1,2,0.95535,99.385,0.6,0,0,-0.0017166,-0.010491,0.0013352,0.10586,-0.099302,0.012601,0.00095369,0.010872,-0.0040055,0.10357,-0.090254,0.0046438,-0.0075833,-0.0068524,0.00038058,-0.0009328,0.0020863,0.0061527,0.0049209,-0.0067797,0.0036752,0.0077482,0.0066224,0.016306,1.4662,3.5714,0.011502,-0.78527,3.403,-1.9211,-0.62835,-3.315,0.90864,0.49443,0.25411,0.23169,0.089017,-0.030837,-0.0082498,-0.30131,-0.30344,-0.041227,0.12331,0.099353,0.034636,-0.23404,-0.17899,-0.10423,184,184,12527,10,1003.9
37.936,0.0013338,0.011502,12530,0.017264,1.3013,0.0013727,0.02267,0.0023898,-0.00014957,-0.00035154,1,2,0.99504,99.373,0.6,0,0,-0.0017166,-0.010491,0.0013352,0.10586,-0.099302,0.012601,0.00095369,0.010872,-0.0040055,0.10357,-0.090254,0.0046438,-0.01056,-0.0035498,0.003016,-0.0045026,0.00056391,0.0066934,0.0039199,-0.004171,0.0064983,0.0051416,0.0062082,0.026872,0.34908,3.4982,-0.011502,-0.31993,2.8231,-1.7488,0.48872,-3.315,0.90864,0.66894,-0.2442,-0.070542,0.099962,-0.043749,-0.0028803,-0.24613,-0.24501,-0.092314,0.13318,0.049973,0.074722,-0.28993,-0.18538,-0.16565,184,184,12533,10,1003.9
37.959,0.0011977,0.013228,12539,0.022879,1.3011,0.0013704,0.022667,-0.00013549,0.0018031,0.00016947,1,2,0.037188,99.379,0.6,0,0,-0.0017166,-0.010491,0.0013352,0.10586,-0.099302,0.012601,0.00095369,0.010872,-0.003624,0.10357,-0.090254,0.0046438,-0.0048668,-0.0053222,0.004524,-0.0055057,-0.0020988,0.0095863,0.003819,-0.0026815,-0.00067286,0.0049106,0.001702,0.0030264,-0.48872,3.4615,-0.011502,-0.66894,3.0821,-1.5951,-0.069817,-3.6447,0.77062,0.84344,0.35425,0.14973,0.10735,-0.036304,0.015898,-0.0091211,-0.16381,-0.083354,0.16339,-0.082935,0.12498,-0.34418,-0.19253,-0.23174,184,184,12542,10,1003.9
37.988,0.017831,0.032146,12543,0.02944,1.301,0.0013687,0.022665,-0.00071862,-0.0004073,-0.00083471,1,2,0.097646,99.375,0.6,0,0,-0.0017166,-0.010491,0.0013352,0.10586,-0.099302,0.012601,0.00095369,0.010872,-0.0040055,0.10357,-0.090254,0.0046438,-0.0063551,-0.008909,0.0063959,-0.011043,-0.0027829,0.0063928,0.0035891,-0.0034514,-0.0012309,0.0042899,0.0032595,0.017456,0.76799,3.5714,-0.12652,-0.66894,2.0214,-1.3028,0.48872,-3.5714,0.90864,0.3781,0.14283,0.17415,0.057053,0.0098828,0.024667,0.27416,-0.14525,-0.0040024,0.20048,-0.18748,0.11061,-0.34208,-0.20116,-0.24885,184,184,12544,10,1003.9
38.007,0.0014643,0.013459,12547,0.018633,1.3011,0.0013666,0.022667,-0.00027518,-0.00095567,-0.00082779,1,2,0.13331,99.381,0.6,0,0,-0.0017166,-0.010491,0.0013352,0.10586,-0.099302,0.012601,0.00095369,0.010872,-0.0040055,0.10357,-0.090254,0.0046438,-0.0080928,-0.010345,0.0053407,-0.01224,0.001488,0.008298,0.0075922,-0.0034165,0.0014291,-0.0018295,0.0015732,0.009503,1.4662,3.6081,-0.12652,-0.84344,3.2016,-1.5242,0.76799,-3.5714,0.74762,0.029084,-0.15147,-0.022591,-0.029802,0.030883,0.038354,0.34474,-0.20914,0.024997,0.20674,-0.18935,0.073017,-0.28314,-0.1663,-0.25239,184,184,12551,10,1003.9
38.016,0.0016098,0.0091029,12553,0.0094539,1.301,0.0013666,0.022666,0.0011734,0.0019006,0.00087679,1,2,0.16127,99.38,0.6,0,0,-0.0017166,-0.010491,0.0013352,0.10586,-0.099302,0.012601,0.00095369,0.010872,-0.003624,0.10357,-0.090254,0.0046438,-0.0053766,-0.0065126,0.0029823,-0.0091054,-0.0012009,0.012832,0.0077412,-0.0033688,0.0023041,0.0038611,-0.0080477,-0.00073475,-2.304,3.7179,-0.24154,-0.14542,3.0827,-1.7295,0.76799,-3.4982,0.67861,-0.31993,0.19847,0.20292,-0.064002,0.03259,0.050719,0.36333,-0.20989,0.028327,0.20616,-0.1729,0.059201,-0.25734,-0.14958,-0.25386,184,184,12554,10,1003.9
38.036,0.0014989,0.010495,12560,0.019785,1.3008,0.0013608,0.022662,0.002289,0.00065909,0.00096164,1,2,0.19787,99.377,0.6,0,0,-0.0017166,-0.010491,0.0013352,0.10586,-0.099302,0.012601,0.00095369,0.010872,-0.0040055,0.10357,-0.090254,0.0046438,-0.0049431,0.00027932,0.0090868,-0.0084036,-0.0010226,0.0073303,0.0031135,-0.0015617,-0.0059696,0.0054988,0.0013867,0.010065,-0.76799,3.4615,0.14952,-0.49443,3.0226,-1.6978,0.90762,-3.4982,0.42557,0.66894,0.10326,0.19828,-0.068485,0.029845,0.054004,0.3365,-0.20175,0.027178,0.2039,-0.14535,0.04671,-0.24608,-0.14369,-0.23871,184,184,12562,10,1003.9
38.054,0.0013296,0.010425,12566,0.018385,1.3005,0.0013555,0.022658,0.00033018,0.0010825,0.00044885,1,2,0.23434,99.386,0.6,0,0,-0.0017166,-0.010491,0.0013352,0.10586,-0.099302,0.012601,0.00095369,0.010872,-0.0040055,0.10357,-0.090254,0.0046438,-0.0075525,-0.005359,0.0047625,-0.0027149,-0.0023561,0.012045,0.011934,-0.0057577,-0.006417,0.0084348,0.00066651,-0.0043067,-0.48872,3.3883,-0.011502,-0.31993,2.8837,-1.9149,-1.3265,-3.3516,0.77062,0.66894,0.012994,0.10702,-0.05184,0.021687,0.054714,0.28002,-0.18327,0.022356,0.20069,-0.11139,0.038165,-0.24391,-0.14335,-0.20844,184,184,12569,10,1003.9
38.076,0.0012734,0.011794,12575,0.02153,1.3004,0.0013502,0.022655,0.0014927,-0.00018568,4.7191e-05,1,2,0.27459,99.381,0.6,0,0,-0.0017166,-0.010491,0.0013352,0.10586,-0.099302,0.012601,0.00095369,0.010872,-0.0040055,0.10357,-0.090254,0.0046438,-0.0054945,-0.0099795,-0.0020305,0.0005461,0.00035864,0.0016628,0.0041397,-0.005005,0.0028807,0.0020792,0.0068915,0.0055285,0.34908,3.4615,0.080513,-0.84344,2.8636,-1.882,0.20945,-3.6081,0.77062,0.84344,-0.40246,0.025952,-0.018007,0.0094043,0.053096,0.19431,-0.15538,0.015742,0.191,-0.07736,0.031676,-0.24437,-0.15453,-0.16447,184,184,12579,10,1003.9
38.098,0.001314,0.013733,12584,0.02183,1.3002,0.0013432,0.022654,0.00067949,-2.7631e-06,-0.00059219,1,2,0.31442,99.467,0.6,0,0,-0.0017166,-0.010491,0.0013352,0.10586,-0.099302,0.012601,0.00095369,0.010872,-0.0040055,0.10357,-0.090254,0.0046438,0.0021368,-0.0063597,0.0056702,0.0045215,-0.002175,0.0078531,0.0083058,-0.0044002,0.0028642,0.0035612,0.0083826,0.01597,0.34908,3.4615,-0.10352,-0.49443,2.9427,-1.6779,0.76799,-3.3516,0.6556,0.49443,0.34191,0.36625,0.022939,-0.0028874,0.048258,0.091366,-0.11794,0.0098907,0.17324,-0.063363,0.029789,-0.2411,-0.18363,-0.12428,184,184,12589,10,1003.9
38.116,0.0011957,0.010134,12594,0.018165,1.3,0.0013409,0.022649,0.00010403,0.0015332,0.00066389,1,2,0.35782,99.464,0.6,0,0,-0.0017166,-0.010491,0.0013352,0.10586,-0.099302,0.012601,0.00095369,0.010872,-0.003624,0.10357,-0.090254,0.0046438,-0.0029825,-0.0003949,0.0064969,-0.00011647,0.00032679,0.0030788,0.0036994,-0.0031082,0.010611,0.0062206,0.0018389,0.00093766,0.34908,3.6813,0.057509,-0.31993,2.4233,-1.6493,0.34908,-3.5348,0.77062,0.49443,-0.014193,0.249,0.066107,-0.018935,0.046213,-0.023331,-0.078407,0.0094356,0.15036,-0.069007,0.029105,-0.23737,-0.22566,-0.098413,184,184,12597,10,1003.9
38.137,0.0021857,0.013979,12601,0.020885,1.3,0.0013381,0.02265,-5.2715e-05,-0.00032205,0.00025678,1,2,0.3935,99.468,0.6,0,0,-0.0017166,-0.010491,0.0013352,0.10586,-0.099302,0.012601,0.00095369,0.010872,-0.0040055,0.10357,-0.090254,0.0046438,-0.004724,0.0010482,0.012434,-0.0063637,0.0014982,0.0054823,0.0035707,-0.0052977,0.0045409,0.007605,0.0013338,0.0098259,0.34908,3.9011,0.17253,-0.49443,2.762,-1.4483,-0.069817,-4.011,0.88564,0.20359,-0.014228,-0.085371,0.10087,-0.032093,0.04705,-0.10111,-0.069677,0.0082677,0.13465,-0.074564,0.031273,-0.24806,-0.26173,-0.088343,184,184,12605,10,1003.9
38.155,0.0016962,0.011328,12609,0.018241,1.2999,0.001337,0.022649,0.000282,-0.00071566,-0.0016882,1,2,0.43462,99.467,0.6,0,0,-0.0017166,-0.010491,0.0013352,0.10586,-0.099302,0.012601,0.00095369,0.010872,-0.0040055,0.10357,-0.090254,0.0046438,0.0048198,-0.0048925,0.0054725,-0.0070607,0.00079967,0.009834,0.00503,-0.0076086,0.0072675,0.005441,0.0092082,0.022055,0.34908,3.6081,-0.19553,-0.66894,2.783,-1.7053,-0.62835,-3.8278,0.90864,0.029084,-0.098326,-0.28488,0.1129,-0.03576,0.041305,-0.14939,-0.071346,0.024769,0.13213,-0.065658,0.031526,-0.27031,-0.27161,-0.066108,184,184,12612,10,1003.9
38.176,0.0016694,0.012042,12617,0.020673,1.2997,0.0013334,0.022644,0.0012358,-0.00049748,-0.0015662,1,2,0.47439,99.463,0.6,0,0,-0.0017166,-0.010491,0.0013352,0.10586,-0.099302,0.012601,0.00095369,0.010872,-0.0040055,0.10357,-0.090254,0.0046438,-0.0082212,-0.0083214,0.0030646,-0.0057342,-0.00092835,0.012915,0.0054384,-0.0054311,0.0081239,-0.00028664,0.0038646,0.0049738,-0.48872,3.6813,-0.011502,0.087253,3.1428,-1.7836,-0.069817,-3.6447,0.90864,0.49443,0.33324,0.18345,0.11579,-0.024458,0.023323,-0.19035,-0.082162,0.056529,0.13959,-0.043618,0.02655,-0.28157,-0.24799,-0.0057683,184,184,12620,10,1003.9
38.197,0.0013208,0.012385,12625,0.021235,1.2995,0.0013323,0.022642,0.00020145,-0.0013669,-0.00072341,1,2,0.51545,99.463,0.6,0,0,-0.0017166,-0.010491,0.0013352,0.10586,-0.099302,0.012601,0.00095369,0.010872,-0.0040055,0.10357,-0.090254,0.0046438,0.00021399,-0.0082007,0.01142,-0.0020007,8.5928e-05,0.0097871,0.0060261,-0.0045118,0.0044765,-0.0029223,0.0051931,0.011885,0.34908,3.7912,0.17253,-0.84344,3.3224,-1.7444,-0.069817,-3.4249,0.90864,0.66894,-0.17001,-0.032181,0.12213,0.023358,-0.020693,-0.25976,-0.11978,0.10491,0.14557,-0.0019627,0.014388,-0.23723,-0.19408,0.082423,184,184,12629,10,1003.9
38.218,0.0013858,0.0144,12633,0.02093,1.2993,0.0013295,0.022638,-0.00038254,-0.00070737,0.00019844,1,2,0.55347,99.464,0.6,0,0,-0.0017166,-0.010491,0.0013352,0.10586,-0.099302,0.012601,0.00095369,0.010872,-0.0040055,0.10357,-0.090254,0.0046438,-0.0085885,0.0028357,0.001468,-0.0058669,0.0004439,0.0083349,0.0081022,-0.0035103,0.0052594,-0.0031267,0.00324,0.017837,0.34908,3.7912,-0.24154,-0.31993,3.0226,-1.6978,0.20945,-3.4982,0.77062,0.029084,0.18239,0.15003,0.14166,0.13751,-0.09247,-0.38033,-0.20295,0.19577,0.1404,0.041391,0.011029,0.0082589,-0.12762,0.072462,184,184,12638,10,1003.9
38.24,0.001391,0.016304,12641,0.021923,1.2991,0.0013284,0.022634,0.00062899,0.00017425,0.00053288,1,2,0.59348,99.469,0.6,0,0,-0.0017166,-0.010491,0.0013352,0.10586,-0.099302,0.012601,0.00095369,0.010872,-0.0040055,0.10357,-0.090254,0.0046438,-0.0051248,-0.0025331,0.0091711,-0.0044941,-0.00081689,0.0072721,0.0031996,-0.0022893,0.0066968,0.0087348,0.0015283,0.018365,-0.48872,3.4615,-0.26454,-0.31993,2.7825,-1.5933,0.069817,-3.7179,0.90864,0.3781,-0.16508,-0.11879,0.16411,0.1828,-0.073753,-0.43387,-0.2644,0.22956,0.061479,0.054085,-0.0028062,0.23961,-0.16059,-0.0033742,184,184,12646,10,1003.9
38.265,0.0013299,0.018005,12650,0.025806,1.2988,0.0013248,0.02263,0.00051869,-0.00010805,0.0012302,1,2,0.64167,99.463,0.6,0,0,-0.0017166,-0.010491,0.0013352,0.10586,-0.099302,0.012601,0.00095369,0.010872,-0.0040055,0.10357,-0.090254,0.0046438,-0.0002995,-0.010219,0.014232,-0.0082921,-0.0015324,0.00090995,0.0033032,-0.0048637,-0.00064036,-0.0043184,0.00073788,0.016535,0.62835,3.2784,-0.10352,-0.61077,2.8425,-1.6026,-0.069817,-3.4249,0.90864,0.49443,0.20341,0.11632,0.17186,0.14541,-0.022078,-0.37129,-0.18835,0.19805,-0.0060721,0.067085,-0.014419,0.29077,-0.22565,-0.027188,184,184,12654,10,1003.9
38.268,0.0015827,0.0022328,12656,0.0025466,1.2989,0.0013254,0.022631,0.0013522,-0.00030023,0.0016811,1,2,0.67885,99.463,0.6,0,0,-0.0017166,-0.010491,0.0013352,0.10586,-0.099302,0.012601,0.00095369,0.010872,-0.0040055,0.10357,-0.090254,0.0046438,-0.01036,-0.00461,0.0032698,-0.0031856,-0.00011445,0.0067403,0.0018578,-0.0044656,0.0030961,-0.00016569,-0.0022266,-0.0018741,-0.48872,3.7912,-0.33355,-0.31993,3.6621,-1.7898,0.069817,-3.3516,0.88564,0.66894,0.020399,-0.022888,0.18869,0.11927,-0.01768,-0.34791,-0.18132,0.1889,-0.036496,0.072741,-0.026442,0.29332,-0.22887,-0.030617,184,184,12655,10,1003.9
38.296,0.0015016,0.012324,12662,0.027979,1.2986,0.0013227,0.022626,1.7228e-05,0.0015512,0.00017707,1,2,0.71438,99.468,0.6,0,0,-0.0017166,-0.010491,0.0013352,0.10586,-0.099302,0.012601,0.00095369,0.010872,-0.0040055,0.10357,-0.090254,0.0046438,-0.0089014,-0.0070715,0.0033894,-0.0038956,-0.0026925,0.0080176,0.003834,-0.0052036,0.001017,-0.0035621,-0.0058185,-0.002588,0.62835,3.5714,-0.33355,-0.029084,2.9031,-1.7687,-0.62835,-3.5348,1.0467,0.66894,-0.33694,-0.11849,0.18919,0.087344,-0.0077574,-0.32399,-0.18173,0.16824,-0.039364,0.079462,-0.028747,0.25827,-0.21693,-0.03666,184,184,12666,10,1003.9
38.316,0.0019581,0.012901,12669,0.020514,1.2983,0.0013198,0.022622,0.0013392,-0.00018935,0.00066642,1,2,0.75502,99.469,0.6,0,0,-0.0017166,-0.010491,0.0013352,0.10586,-0.099302,0.012601,0.00095369,0.010872,-0.0040055,0.10357,-0.090254,0.0046438,-0.0082528,-8.8365e-05,0.007186,-0.0059925,-0.0018157,0.0089963,0.0010222,-0.0082454,0.010861,0.0061073,-0.00096716,0.0089104,-0.069817,3.4615,0.011502,-0.49443,2.3105,-1.4779,-0.34908,-3.4249,0.77062,0.029084,0.19847,0.20292,0.17825,0.050017,0.0024959,-0.29966,-0.20338,0.13997,-0.020345,0.094154,-0.031694,0.18775,-0.18792,-0.039354,184,184,12672,10,1003.9
38.337,0.0014706,0.011975,12677,0.020899,1.2983,0.0013161,0.022621,-0.00084246,-0.0014719,-0.00058595,1,2,0.79791,99.465,0.6,0,0,-0.0017166,-0.010491,0.0013352,0.10586,-0.099302,0.012601,0.00095369,0.010872,-0.0040055,0.10357,-0.090254,0.0046438,-0.0072555,-0.012861,0.0047208,0.0036683,0.0036675,0.013943,0.0034361,-0.0043898,0.0019928,-0.00081418,-0.0015895,-0.00058415,0.76799,3.7912,0.21853,-0.14542,3.0616,-1.4725,0.76799,-3.1319,0.77062,0.31993,-0.4136,-0.11355,0.15562,0.019767,0.0070787,-0.28251,-0.24274,0.10363,0.017071,0.10884,-0.031048,0.091015,-0.15201,-0.035804,184,184,12680,10,1003.9
38.356,0.0015944,0.011794,12684,0.018666,1.2981,0.0013147,0.022617,7.5554e-06,0.00055817,-0.0010266,1,2,0.83589,99.466,0.6,0,0,-0.0017166,-0.010491,0.0013352,0.10586,-0.099302,0.012601,0.00095369,0.010872,-0.0040055,0.10357,-0.090254,0.0046438,-0.010609,-0.007204,0.0070815,-0.0077175,-0.0010455,0.010513,2.3827e-05,-0.0013625,0.0070871,0.006543,0.00087644,0.0097821,1.0473,3.7912,-0.12652,-0.49443,2.8832,-1.7805,-1.3265,-3.3516,0.88564,0.66894,0.18239,0.15003,0.12794,0.010374,0.0025449,-0.28492,-0.29164,0.073563,0.063478,0.11402,-0.02365,-0.0073883,-0.12823,-0.028315,184,184,12687,10,1003.9
38.369,0.0015518,0.0054843,12691,0.012714,1.298,0.0013139,0.022616,-0.0025429,-0.00014639,0.0014854,1,2,0.87364,99.467,0.6,0,0,-0.0017166,-0.010491,0.0013352,0.10586,-0.099302,0.012601,0.00095369,0.010872,-0.0040055,0.10357,-0.090254,0.0046438,-0.0033346,-0.0058814,0.0021779,-0.010521,-0.0011795,0.0069744,-0.00017642,-0.0047067,0.0077695,0.008252,-0.00045763,-0.005799,-0.069817,3.6813,-0.12652,-0.49443,2.544,-1.8471,0.48872,-3.5348,0.90864,0.49443,0.196,0.24623,0.102,0.0034872,-0.0044363,-0.29051,-0.33565,0.044579,0.10193,0.11518,-0.011261,-0.10564,-0.13862,-0.025892,184,184,12692,10,1003.9
38.395,0.001222,0.01067,12700,0.026191,1.2979,0.0013092,0.022615,8.2901e-05,0.00026684,-0.00043674,1,2,0.91521,99.467,0.6,0,0,-0.0017166,-0.010491,0.0013352,0.10586,-0.099302,0.012601,0.00095369,0.010872,-0.0040055,0.10357,-0.090254,0.0046438,-0.013806,-0.0021821,0.0021115,0.00097665,-0.0014772,0.0059531,0.0022493,4.8034e-05,0.0075794,-4.6222e-05,0.0012428,0.017183,1.0473,3.6813,-0.057509,-0.20359,3.0226,-1.6978,-1.0473,-3.3516,1.1157,0.3781,0.0067878,-0.11908,0.086064,-0.012657,-0.009302,-0.3001,-0.34335,0.0081372,0.12022,0.11327,0.008649,-0.18397,-0.16302,-0.050191,184,184,12703,10,1003.9
38.414,0.0013309,0.010073,12709,0.019228,1.2977,0.0013076,0.022611,-0.0005354,0.0019058,-0.00078461,1,2,0.95507,99.462,0.6,0,0,-0.0017166,-0.010491,0.0013352,0.10586,-0.099302,0.012601,0.00095369,0.010872,-0.0040055,0.10357,-0.090254,0.0046438,-0.0062173,-0.0018271,0.0065462,-0.0011345,-0.0029289,0.008139,0.011327,-0.006159,-0.0023515,0.00078558,3.4682e-05,-0.0073643,-0.069817,3.2784,-0.24154,-0.31993,2.464,-1.8272,-1.3265,-3.6447,0.90864,1.0179,0.51131,0.40926,0.088855,-0.030876,-0.0080877,-0.30095,-0.30387,-0.040443,0.12353,0.099516,0.034216,-0.23331,-0.1785,-0.10346,184,184,12711,10,1003.9
38.436,0.0016213,0.012942,12716,0.022286,1.2977,0.0013055,0.022611,-0.00010456,0.00043577,0.0011732,1,2,0.99434,99.469,0.6,0,0,-0.0017166,-0.010491,0.0013352,0.10586,-0.099302,0.012601,0.00095369,0.010872,-0.0040055,0.10357,-0.090254,0.0046438,-0.00080532,-0.0033505,0.0085926,-0.007679,0.0002969,0.007704,0.0023177,-0.0055646,-0.0059741,0.0058915,0.00072358,-0.00032505,1.8851,3.9377,-0.14952,-0.49443,2.8832,-1.7805,0.069817,-3.5348,0.74762,1.6578,0.059962,-0.047011,0.099935,-0.04348,-0.0028224,-0.24779,-0.24578,-0.091953,0.13301,0.051427,0.073588,-0.28837,-0.1843,-0.16468,184,184,12720,10,1003.9
38.458,0.0013148,0.013922,12725,0.02196,1.2975,0.001303,0.022609,0.00063178,6.0771e-05,-0.0004226,1,2,0.035826,99.466,0.6,0,0,-0.0017166,-0.010491,0.0013352,0.10586,-0.099302,0.012601,0.00095369,0.010872,-0.0040055,0.10357,-0.090254,0.0046438,-0.010956,-0.00082792,0.004742,0.0011088,-0.0022729,0.0079669,0.0051789,-0.0027622,0.0049889,0.0028245,0.012962,0.011808,0.34908,3.3516,-0.24154,-1.1343,3.3018,-1.5994,0.069817,-3.4982,0.77062,0.49443,-0.35549,-0.12808,0.10759,-0.037206,0.01516,-0.017398,-0.16671,-0.084797,0.16216,-0.078945,0.12411,-0.34375,-0.1927,-0.23052,184,184,12729,10,1003.9
38.474,0.0017347,0.010268,12732,0.015979,1.2974,0.0013018,0.022607,-0.00025349,0.00076761,-0.00082133,1,2,0.075852,99.465,0.6,0,0,-0.0017166,-0.010491,0.0013352,0.10586,-0.099302,0.012601,0.00095369,0.010872,-0.0040055,0.10357,-0.090254,0.0046438,-0.0049521,-0.0046787,0.0061472,-0.0023133,-0.0034487,0.0064161,0.0050238,-0.0045531,-0.0059262,0.012036,0.0068348,0.011443,-0.48872,3.5714,-0.034505,-0.49443,3.2635,-1.9815,-0.34908,-3.4249,0.67861,0.84344,-0.093354,-0.037125,0.060441,0.0083577,0.021266,0.25263,-0.13561,-0.0035949,0.19726,-0.18838,0.11557,-0.34581,-0.20406,-0.24558,184,184,12734,10,1003.9
38.495,0.001464,0.011636,12739,0.020636,1.2972,0.0013003,0.022603,0.00061108,-0.0006762,0.00015414,1,2,0.11368,99.463,0.6,0,0,-0.0017166,-0.010491,0.0013352,0.10586,-0.099302,0.012601,0.00095369,0.010872,-0.0040055,0.10357,-0.090254,0.0046438,-0.0032735,-0.001962,0.0075773,-0.0076909,-0.00066676,0.0083794,0.0084725,-0.0038436,-0.0062901,9.0855e-05,1.4175e-05,0.006652,1.0473,3.6813,-0.080513,-0.84344,3.6621,-1.7898,-0.069817,-3.4249,0.93165,0.66894,0.66956,0.31277,-0.023582,0.02987,0.034079,0.33811,-0.20471,0.0258,0.20668,-0.19686,0.080204,-0.29053,-0.17284,-0.25121,184,184,12742,10,1003.9
38.515,0.0012049,0.0097585,12748,0.019837,1.2973,0.0012972,0.022605,-0.00064815,-0.00064725,-8.1864e-05,1,2,0.15682,99.473,0.6,0,0,-0.0017166,-0.010491,0.0013352,0.10586,-0.099302,0.012601,0.00095369,0.010872,-0.0040055,0.10357,-0.090254,0.0046438,-0.01035,-0.00078523,0.0080883,-0.0084516,-9.9654e-05,0.0086542,0.0062508,-0.0008002,0.00056994,0.0068846,0.00033397,0.021104,-0.069817,3.7179,-0.14952,-0.78527,3.1627,-1.7718,-0.62835,-3.4615,1.0007,0.3781,-0.19723,-0.22458,-0.061406,0.03293,0.049601,0.36442,-0.20953,0.029016,0.20575,-0.17667,0.06022,-0.25884,-0.151,-0.25393,184,184,12750,10,1003.9
38.536,0.0012947,0.011575,12756,0.021312,1.297,0.001294,0.0226,-0.00058173,0.00080616,0.0007932,1,2,0.19602,99.469,0.6,0,0,-0.0017166,-0.010491,0.0013352,0.10586,-0.099302,0.012601,0.00095369,0.010872,-0.0040055,0.10357,-0.090254,0.0046438,-0.0088042,-0.0061785,0.0075053,-0.0068155,-0.0021336,0.0093442,0.0025165,-0.0031389,0.0019438,0.0025588,0.0022807,0.0099874,-0.069817,3.6813,0.080513,-0.14542,3.1228,-1.7731,0.76799,-3.7912,0.77062,0.84344,0.47915,0.30347,-0.068846,0.030594,0.05377,0.3393,-0.20257,0.027748,0.2036,-0.14765,0.046985,-0.24583,-0.14356,-0.23995,184,184,12759,10,1003.9
38.554,0.0013461,0.0096515,12764,0.017732,1.2969,0.0012904,0.022599,-0.0030333,-0.0011765,0.00096523,1,2,0.23542,99.461,0.6,0,0,-0.0017166,-0.010491,0.0013352,0.10586,-0.099302,0.012601,0.00095369,0.010872,-0.0040055,0.10357,-0.090254,0.0046438,-0.0015542,-0.008324,0.011048,-0.0057013,0.00076564,0.0067327,0.0029683,-0.0058445,0.00056356,0.00089192,-0.0022472,-0.0013659,0.76799,4.011,-0.011502,-0.66894,2.7024,-1.5286,-0.069817,-4.011,0.74762,0.49443,0.052557,0.0829,-0.051783,0.02221,0.054499,0.27974,-0.18352,0.022902,0.19966,-0.1112,0.03747,-0.24353,-0.14364,-0.20811,184,184,12766,10,1003.9
38.576,0.0012981,0.011669,12773,0.022187,1.297,0.0012884,0.022601,-0.00020416,0.00015092,-0.00084592,1,2,0.27567,99.468,0.6,0,0,-0.0017166,-0.010491,0.0013352,0.10586,-0.099302,0.012601,0.00095369,0.010872,-0.0040055,0.10357,-0.090254,0.0046438,-0.011981,-0.0028531,-0.00022971,-0.0019187,0.0002397,0.004842,0.0081868,-0.0025851,0.0053828,0.0044863,-0.0075652,0.0067643,0.76799,3.6813,0.080513,-0.66894,3.1428,-1.7836,-0.62835,-3.2784,1.0237,0.3781,0.53232,0.37555,-0.017668,0.0090796,0.053153,0.1926,-0.15435,0.01569,0.19058,-0.076652,0.031346,-0.24387,-0.15464,-0.16357,184,184,12776,10,1003.9
38.595,0.0012938,0.010421,12781,0.019036,1.2969,0.0012866,0.022599,0.00040432,0.0016202,0.00020315,1,2,0.31624,99.472,0.6,0,0,-0.0017166,-0.010491,0.0013352,0.10586,-0.099302,0.012601,0.00095369,0.010872,-0.003624,0.10357,-0.090254,0.0046438,-0.010191,-0.0070435,0.011488,-0.0024501,0.00052791,0.00065715,0.0054253,-0.0040438,-0.0062945,0.0027524,-0.0083908,-0.0023704,-0.069817,3.5714,0.057509,-0.3781,2.8237,-1.8832,-0.34908,-3.4982,0.67861,0.84344,0.038946,-0.013297,0.024334,-0.0032047,0.048042,0.087573,-0.11612,0.0099721,0.17199,-0.062891,0.029546,-0.24094,-0.18488,-0.12299,184,184,12784,10,1003.9
38.615,0.0012475,0.01094,12789,0.019461,1.2968,0.0012842,0.022596,-0.0012836,-0.00043382,1.7281e-05,1,2,0.35395,99.468,0.6,0,0,-0.0017166,-0.010491,0.0013352,0.10586,-0.099302,0.012601,0.00095369,0.010872,-0.0040055,0.10357,-0.090254,0.0046438,-0.00058813,-0.00435,0.0052753,-0.0079123,0.0016378,0.0060812,0.0075809,-0.0051564,-0.0037817,-0.0020623,-0.00025062,0.0079903,-0.76799,3.9011,-0.37956,-0.66894,3.0634,-1.8981,-0.20945,-3.5348,0.54059,0.31993,0.26152,0.10178,0.067353,-0.018235,0.045277,-0.019844,-0.080578,0.0083066,0.15061,-0.069001,0.029638,-0.23798,-0.22581,-0.099392,184,184,12792,10,1003.9
38.635,0.001394,0.011049,12798,0.020783,1.2967,0.0012813,0.022596,-0.00067998,8.3077e-05,-0.00086621,1,2,0.39557,99.47,0.6,0,0,-0.0017166,-0.010491,0.0013352,0.10586,-0.099302,0.012601,0.00095369,0.010872,-0.003624,0.10357,-0.090254,0.0046438,-0.017519,-0.0023992,0.0043209,-0.0079086,-0.0016247,0.0096285,0.0073425,-0.0047114,0.0039849,0.0029452,0.012829,0.02948,1.0473,3.5714,-0.33355,-0.14542,3.2622,-1.6903,-0.34908,-3.5348,0.79363,0.029084,-0.48779,-0.15191,0.099922,-0.032534,0.047424,-0.10102,-0.069413,0.0094362,0.13442,-0.074886,0.030824,-0.24918,-0.26153,-0.087888,184,184,12801,10,1003.9
38.657,0.0013006,0.012778,12807,0.022047,1.2965,0.0012799,0.022591,-0.00028706,-0.00048804,0.00064604,1,2,0.43612,99.472,0.6,0,0,-0.0017166,-0.010491,0.0013352,0.10586,-0.099302,0.012601,0.00095369,0.010872,-0.003624,0.10357,-0.090254,0.0046438,-0.0044127,-0.0082168,0.0034311,-0.0054247,-0.00065517,0.0051915,0.0056097,-0.0036823,0.0037909,0.0048189,0.0055062,0.0004991,0.34908,3.4982,-0.44857,-0.3781,2.9631,-1.8004,-0.62835,-3.5714,1.0007,1.0179,-0.23059,0.025655,0.11275,-0.03561,0.041169,-0.15006,-0.071095,0.026231,0.13224,-0.065289,0.031487,-0.27113,-0.27102,-0.064415,184,184,12810,10,1003.9
38.668,0.0013585,0.0042071,12814,0.011079,1.2965,0.0012788,0.022591,-0.0013195,-0.00089016,0.0016416,1,2,0.47546,99.459,0.6,0,0,-0.0017166,-0.010491,0.0013352,0.10586,-0.099302,0.012601,0.00095369,0.010872,-0.0040055,0.10357,-0.090254,0.0046438,-0.0080476,-0.0073534,-0.0032189,-0.007976,-0.0032923,0.010339,0.0031411,-0.0037815,0.0054283,0.0040437,0.0049245,0.0045519,0.34908,3.6813,-0.33355,0.087253,2.8237,-1.8832,-0.90762,-3.5714,0.90864,1.0179,0.27513,0.19798,0.11585,-0.023713,0.022334,-0.19189,-0.083238,0.05761,0.13972,-0.042879,0.026219,-0.28127,-0.24683,-0.0036785,184,184,12815,10,1003.9
38.694,0.0012128,0.0098948,12822,0.025272,1.2965,0.0012758,0.022592,-0.0010479,-0.00054837,0.00088355,1,2,0.5144,99.463,0.6,0,0,-0.0017166,-0.010491,0.0013352,0.10586,-0.099302,0.012601,0.00095369,0.010872,-0.0040055,0.10357,-0.090254,0.0046438,-0.0043966,-0.004141,-1.7897e-05,-0.0086949,0.0024106,0.0065162,0.006825,-0.0053336,0.0035358,0.00050998,0.0069458,0.016473,1.4662,3.5714,-0.12652,-0.3781,3.0226,-1.6978,1.0473,-3.4982,0.79363,0.84344,-0.33073,0.10762,0.12188,0.022818,-0.020458,-0.2593,-0.12021,0.10404,0.14566,-0.0021746,0.014505,-0.23761,-0.19426,0.082227,184,184,12824,10,1003.9
38.709,0.0014102,0.0058604,12830,0.015392,1.2962,0.0012742,0.022588,-0.00082078,0.0013679,-0.00088553,1,2,0.55348,99.467,0.6,0,0,-0.0017166,-0.010491,0.0013352,0.10586,-0.099302,0.012601,0.00095369,0.010872,-0.0040055,0.10357,-0.090254,0.0046438,-0.0081485,-0.0093519,0.0027867,-0.0089154,-0.0019307,0.010339,0.00015182,-0.0034245,0.0027869,-7.7914e-05,0.0060685,0.026227,-0.069817,3.3883,-0.12652,-0.49443,3.0027,-1.7096,-0.62835,-3.7912,0.77062,0.66894,-0.16751,0.25888,0.14155,0.13775,-0.092735,-0.38058,-0.20307,0.19491,0.14054,0.041447,0.010993,0.0082926,-0.12752,0.072056,184,184,12832,10,1003.9
38.733,0.0014025,0.0085152,12838,0.02342,1.2961,0.0012715,0.022586,-0.00029153,-0.0018363,0.0001828,1,2,0.59509,99.472,0.6,0,0,-0.0017166,-0.010491,0.0013352,0.10586,-0.099302,0.012601,0.00095369,0.010872,-0.0040055,0.10357,-0.090254,0.0046438,-0.0077297,0.00047625,0.010131,0.00089832,0.00081825,0.0042382,0.0046169,-0.0042398,0.0065589,0.008361,0.0031667,0.0087536,-0.069817,4.2308,-0.080513,-0.78527,3.184,-2.0736,1.1869,-3.5348,0.6556,0.66894,0.071105,0.09249,0.16403,0.1824,-0.073276,-0.43395,-0.26424,0.22915,0.061533,0.054514,-0.0029212,0.24083,-0.16107,-0.0037092,184,184,12839,10,1003.9
38.76,0.0012766,0.014947,12846,0.027453,1.2958,0.0012682,0.022581,-0.0001146,-0.00052598,0.00058041,1,2,0.63696,99.469,0.6,0,0,-0.0017166,-0.010491,0.0013352,0.10586,-0.099302,0.012601,0.00095369,0.010872,-0.0040055,0.10357,-0.090254,0.0046438,-0.0073723,-0.0032294,0.0039068,-0.0052549,6.1666e-05,0.0076956,0.008603,-0.0048123,0.0056491,0.0022646,0.0068502,0.011348,-0.48872,3.6813,-0.057509,-0.31993,2.684,-1.8988,-0.20945,-3.7179,0.77062,0.49443,0.0067878,-0.11908,0.1715,0.14725,-0.023032,-0.37318,-0.18992,0.20071,-0.0064489,0.066827,-0.014867,0.29188,-0.22579,-0.026188,184,184,12852,10,1003.9
38.777,0.0013656,0.012555,12854,0.016798,1.2956,0.001267,0.022578,-0.00057125,-0.001451,-0.00068787,1,2,0.67545,99.465,0.6,0,0,-0.0017166,-0.010491,0.0013352,0.10586,-0.099302,0.012601,0.00095369,0.010872,-0.0040055,0.10357,-0.090254,0.0046438,-0.0067072,-0.0023663,0.002564,-0.0052904,0.0014255,0.0045085,0.011925,-0.0032187,0.0090889,-0.00010479,0.0031188,0.0078069,0.34908,3.8278,-0.011502,-0.84344,3.1228,-1.7731,-1.8851,-3.1319,0.77062,1.0179,0.23556,0.2221,0.18882,0.12116,-0.018409,-0.34922,-0.18115,0.19082,-0.037095,0.072301,-0.026542,0.29625,-0.23015,-0.029913,184,184,12858,10,1003.9
38.794,0.0015137,0.0097731,12862,0.017185,1.2955,0.0012645,0.022575,-0.00025137,-0.0016977,-0.00021329,1,2,0.71567,99.472,0.6,0,0,-0.0017166,-0.010491,0.0013352,0.10586,-0.099302,0.012601,0.00095369,0.010872,-0.0040055,0.10357,-0.090254,0.0046438,-0.0022595,-0.0085457,0.011685,-0.0081551,-0.0020997,0.0094298,0.0063314,-0.0049259,0.010154,0.0031221,0.00087547,0.0083422,-0.76799,3.7912,-0.40256,-0.31993,2.8226,-1.6144,0.76799,-3.6081,0.79363,0.66894,-0.00058186,0.34519,0.18906,0.085679,-0.0068358,-0.32262,-0.18101,0.1673,-0.039903,0.079597,-0.028578,0.25717,-0.21747,-0.036873,184,184,12864,10,1003.9
38.815,0.0012718,0.01085,12869,0.020563,1.2951,0.0012616,0.022569,-0.0018132,-0.00025101,0.0021006,1,2,0.75415,99.471,0.6,0,0,-0.0017166,-0.010491,0.0013352,0.10586,-0.099302,0.012601,0.00095369,0.010872,-0.0040055,0.10357,-0.090254,0.0046438,-0.0081649,-0.0059872,0.0017824,-0.0066408,0.0011814,0.0072947,0.0062356,-0.0076415,0.0024585,0.0057826,-0.0027554,0.014171,1.8851,4.1209,-0.31055,-0.66894,2.9421,-1.5435,0.76799,-3.7546,0.90864,0.3781,-0.62009,-0.17574,0.17866,0.050452,0.0015243,-0.30039,-0.20376,0.13979,-0.020611,0.094419,-0.031962,0.1889,-0.1878,-0.038992,184,184,12872,10,1003.9
38.829,0.0018933,0.0059738,12876,0.014233,1.295,0.0012616,0.022567,-9.9586e-05,-9.6949e-05,-0.00081778,1,2,0.79353,99.469,0.6,0,0,-0.0017166,-0.010491,0.0013352,0.10586,-0.099302,0.012601,0.00095369,0.010872,-0.0040055,0.10357,-0.090254,0.0046438,-0.0085294,-0.0021209,0.0020482,-0.0053327,-0.0011776,0.0076922,-0.0015414,-0.00533,0.0017259,0.0009937,0.013092,0.015843,-0.48872,3.4982,-0.42557,-0.31993,2.4233,-1.6493,0.20945,-3.8645,0.90864,0.029084,-0.28377,-0.046419,0.15665,0.02224,0.0066216,-0.28404,-0.2398,0.1068,0.016204,0.10774,-0.030292,0.098078,-0.15361,-0.03643,184,184,12878,10,1003.9
38.858,0.0015538,0.014645,12884,0.029004,1.2946,0.0012566,0.02256,0.0012949,-0.00051733,-0.0015203,1,2,0.83365,99.464,0.6,0,0,-0.0017166,-0.010491,0.0013352,0.10586,-0.099302,0.012601,0.00095369,0.010872,-0.003624,0.10357,-0.090254,0.0046438,-0.0046365,-0.0018224,0.013219,-0.0050885,0.00022711,0.0036661,0.0014073,-0.0062893,0.0055524,0.0063087,-0.0013016,0.0080942,-0.76799,3.7179,0.057509,-0.31993,2.8027,-1.6262,-0.069817,-3.6081,0.81663,1.0179,0.10326,0.19828,0.12966,0.010565,0.0034206,-0.28411,-0.28802,0.075967,0.06073,0.11349,-0.024032,-0.0016877,-0.12891,-0.028682,184,184,12888,10,1003.9
38.868,0.0015848,0.0050106,12891,0.010316,1.2946,0.0012555,0.02256,-0.00069629,-0.0023612,0.00012041,1,2,0.87358,99.465,0.6,0,0,-0.0017166,-0.010491,0.0013352,0.10586,-0.099302,0.012601,0.00095369,0.010872,-0.003624,0.10357,-0.090254,0.0046438,-0.011871,-0.012748,0.005794,-0.013036,-0.00099119,0.0067337,0.0058004,-0.0011608,-0.0023576,0.0031584,0.00029939,0.0042734,0.76799,3.5714,0.011502,-0.49443,3.2228,-1.8035,-0.20945,-3.4615,1.0007,0.029084,-0.45563,-0.046122,0.10261,0.004042,-0.0044597,-0.29172,-0.33599,0.045385,0.10015,0.116,-0.012199,-0.10262,-0.13902,-0.026449,184,184,12892,10,1003.9
38.895,0.0020191,0.011327,12899,0.026845,1.2945,0.0012542,0.022558,0.0001291,0.0019553,0.0010852,1,2,0.91524,99.469,0.6,0,0,-0.0017166,-0.010491,0.0013352,0.10586,-0.099302,0.012601,0.00095369,0.010872,-0.0040055,0.10357,-0.090254,0.0046438,-0.010691,-0.00341,0.010048,0.00025355,-0.0026282,0.016581,0.0024215,-0.0058301,0.0058038,0.0013729,-0.0031933,0.0012198,-0.76799,3.7179,-0.011502,-0.3781,3.1626,-1.7494,-1.7454,-3.8645,0.90864,0.20359,0.04762,0.16951,0.086381,-0.012785,-0.0089404,-0.30006,-0.3438,0.007994,0.11962,0.11392,0.0072061,-0.18241,-0.16195,-0.049831,184,184,12902,10,1003.9
38.918,0.0013843,0.012517,12908,0.023032,1.2943,0.0012506,0.022556,-0.00027319,-0.0010951,0.00041965,1,2,0.95776,99.466,0.6,0,0,-0.0017166,-0.010491,0.0013352,0.10586,-0.099302,0.012601,0.00095369,0.010872,-0.0040055,0.10357,-0.090254,0.0046438,-0.007495,-0.0084363,0.012227,-0.0001563,-0.002544,0.021539,0.0028459,-0.0067151,-0.0082242,0.0028892,0.0042313,0.011057,1.0473,3.4615,-0.37956,-0.49443,2.7625,-1.5827,-0.069817,-3.8645,0.74762,0.66894,0.087184,0.14538,0.088638,-0.031647,-0.0080517,-0.3019,-0.30281,-0.044403,0.12297,0.099577,0.034415,-0.23479,-0.17864,-0.10645,184,184,12911,10,1003.9
38.935,0.0013963,0.010913,12914,0.017241,1.2942,0.0012489,0.022553,-0.00032516,-0.0022891,-0.00088009,1,2,0.99562,99.469,0.6,0,0,-0.0017166,-0.010491,0.0013352,0.10586,-0.099302,0.012601,0.00095369,0.010872,-0.0040055,0.10357,-0.090254,0.0046438,-0.009287,-0.0031671,0.0027015,-0.0031631,-0.002346,0.0099486,0.0059516,-0.0042046,0.0045237,-0.0023428,0.0069752,0.017878,0.34908,4.011,-0.37956,0.26176,2.962,-1.5317,-1.3265,-3.6447,0.88564,0.3781,-0.11931,0.083196,0.10032,-0.044048,-0.002848,-0.245,-0.24466,-0.094543,0.13336,0.049297,0.07494,-0.29104,-0.18517,-0.1667,184,184,12917,10,1003.9
38.99,0.0018258,0.044305,12923,0.054255,1.2941,0.0012477,0.022552,0.00022859,0.0020602,-0.0014693,1,2,0.03819,99.391,0.6,0,0,-0.0017166,-0.010491,0.0013352,0.10586,-0.099302,0.012601,0.00095369,0.010872,-0.0040055,0.10357,-0.090254,0.0046438,-0.0050373,-0.0059391,-0.0016835,-0.0015603,-0.002047,0.0049886,0.0081374,-0.005989,0.0075889,0.0023469,0.0066216,-0.005758,0.62835,3.9011,-0.057509,-1.1343,3.363,-1.9,-0.069817,-3.8278,0.90864,0.66894,0.11067,0.068367,0.10713,-0.035707,0.016285,-0.0029308,-0.16202,-0.082827,0.16421,-0.085551,0.12507,-0.34491,-0.19239,-0.2327,184,184,12930,10,1003.9
39.003,0.0014932,0.013253,12932,0.013757,1.294,0.0012456,0.02255,-0.00052244,-0.001321,0.00068725,1,2,0.12703,99.387,0.6,0,0,-0.0017166,-0.010491,0.0013352,0.10586,-0.099302,0.012601,0.00095369,0.010872,-0.0040055,0.10357,-0.090254,0.0046438,-0.0062386,-0.0085857,0.0014878,-0.012478,0.0040265,0.0098071,0.0083615,-0.0036649,-0.00095387,0.0055105,0.00047914,0.013682,-0.069817,3.6813,-0.011502,-0.49443,2.8826,-1.6461,0.34908,-3.4615,0.88564,0.49443,0.34191,0.36625,0.05493,0.010695,0.02928,0.28591,-0.15315,-0.0053213,0.20442,-0.17898,0.10227,-0.33435,-0.19597,-0.2471,184,184,12937,10,1003.9
39.022,0.0012507,0.0097811,12942,0.019243,1.2938,0.0012438,0.022546,-0.00056676,0.00073082,-0.00029881,1,2,0.17219,99.391,0.6,0,0,-0.0017166,-0.010491,0.0013352,0.10586,-0.099302,0.012601,0.00095369,0.010872,-0.0040055,0.10357,-0.090254,0.0046438,-0.0059342,-0.0053841,0.0043727,-0.0075682,-0.0037927,0.0066896,0.0087903,-0.0038648,0.0042131,0.0036027,0.010175,0.0049731,0.34908,3.4982,-0.19553,-0.029084,2.8443,-2.0282,-0.62835,-3.7546,0.77062,0.66894,0.098326,0.28488,-0.030565,0.029908,0.043917,0.32949,-0.20593,0.022031,0.20657,-0.16645,0.06063,-0.27287,-0.15549,-0.24167,184,184,12944,10,1003.9
39.041,0.0016253,0.010154,12949,0.018787,1.2934,0.00124,0.022539,0.00072711,0.0015987,0.0013676,1,2,0.20974,99.396,0.6,0,0,-0.0017166,-0.010491,0.0013352,0.10586,-0.099302,0.012601,0.00095369,0.010872,-0.0040055,0.10357,-0.090254,0.0046438,-0.0128,-0.0015023,0.010107,-0.0058314,-0.0010325,0.0051787,0.0065914,-0.0032481,-0.008922,0.0029009,0.001132,0.0096113,1.0473,3.7179,0.057509,-0.49443,3.0622,-1.6069,-0.069817,-3.8278,0.90864,1.0179,-0.072339,-0.070838,-0.050622,0.026671,0.053458,0.31144,-0.1943,0.02321,0.20361,-0.13468,0.045611,-0.25223,-0.14438,-0.22597,184,184,12951,10,1003.9
39.062,0.0016452,0.010996,12957,0.020868,1.2933,0.0012357,0.022538,-7.6129e-06,0.00071388,0.00015815,1,2,0.24977,99.39,0.6,0,0,-0.0017166,-0.010491,0.0013352,0.10586,-0.099302,0.012601,0.00095369,0.010872,-0.0040055,0.10357,-0.090254,0.0046438,-0.0091266,-0.005689,0.0064095,-0.0088511,-0.00079013,0.0085442,0.0025567,-0.0046862,-0.0015524,0.0076571,0.0006417,0.0067061,0.34908,3.5714,-0.080513,-0.49443,2.9031,-1.7687,-0.90762,-3.315,0.90864,0.31993,0.33324,0.18345,-0.035771,0.017151,0.054033,0.2468,-0.17371,0.019067,0.19763,-0.096775,0.035518,-0.24671,-0.14615,-0.19088,184,184,12960,10,1003.9
39.083,0.001215,0.011255,12966,0.020954,1.2932,0.0012341,0.022537,-0.00031203,-0.0006437,-0.00072065,1,2,0.29038,99.384,0.6,0,0,-0.0017166,-0.010491,0.0013352,0.10586,-0.099302,0.012601,0.00095369,0.010872,-0.0040055,0.10357,-0.090254,0.0046438,-0.00082105,-0.0080576,0.0095276,0.009118,-0.0016865,0.0077301,0.0022165,-0.0041108,0.0023395,0.0056633,0.0073811,0.012679,0.34908,3.4982,-0.057509,-0.49443,2.7224,-1.5391,0.48872,-3.9377,0.90864,0.66894,0.53973,0.24564,-0.0011648,0.0044843,0.051312,0.15456,-0.14167,0.013069,0.18485,-0.07001,0.030766,-0.24415,-0.16406,-0.14717,184,184,12969,10,1003.9
39.109,0.0018149,0.018705,12973,0.026191,1.293,0.0012318,0.022534,8.8793e-05,-0.0014062,0.00080321,1,2,0.32898,99.391,0.6,0,0,-0.0017166,-0.010491,0.0013352,0.10586,-0.099302,0.012601,0.00095369,0.010872,-0.0040055,0.10357,-0.090254,0.0046438,-0.005099,-0.0037698,0.0062442,-0.0034425,0.0008966,0.0055776,0.0044091,-0.003411,0.002474,0.0028192,0.01153,0.024828,2.5832,3.5714,-0.12652,-0.84344,3.1433,-1.8956,-0.34908,-3.3516,0.88564,0.84344,-0.28377,-0.046419,0.041406,-0.0076363,0.045758,0.048052,-0.1025,0.008111,0.16343,-0.06232,0.029013,-0.23991,-0.20017,-0.11202,184,184,12976,10,1003.9
39.124,0.0015745,0.013003,12979,0.015024,1.293,0.0012311,0.022534,-0.00058996,0.0017225,0.00088885,1,2,0.36993,99.394,0.6,0,0,-0.0017166,-0.010491,0.0013352,0.10586,-0.099302,0.012601,0.00095369,0.010872,-0.0040055,0.10357,-0.090254,0.0046438,-0.002086,-0.010941,0.0068214,-0.010384,-0.00032295,0.0075,0.010795,-0.0036922,0.0021722,0.0031095,-0.0016502,0.012336,-0.48872,4.011,-0.080513,-0.49443,2.7042,-1.9542,0.76799,-3.8278,0.90864,0.20359,-0.079744,0.059073,0.080476,-0.025089,0.046495,-0.05523,-0.072672,0.0085676,0.14425,-0.07344,0.030175,-0.23946,-0.23988,-0.094261,184,184,12983,10,1003.9
39.14,0.0015031,0.0093667,12986,0.015821,1.293,0.0012307,0.022533,-0.0020976,0.0015121,-0.00067513,1,2,0.40879,99.386,0.6,0,0,-0.0017166,-0.010491,0.0013352,0.10586,-0.099302,0.012601,0.00095369,0.010872,-0.0040055,0.10357,-0.090254,0.0046438,-0.0045906,-0.0074683,0.0066852,-0.0043435,0.00017207,0.01598,-0.00011309,-0.001135,0.0015153,-0.00082285,0.00088065,0.005008,0.34908,3.5714,-0.057509,-0.3781,2.842,-1.4906,0.76799,-3.9744,0.77062,0.49443,0.50016,0.26976,0.10765,-0.034314,0.045943,-0.12137,-0.070245,0.012363,0.13165,-0.073204,0.031214,-0.25615,-0.26938,-0.083619,184,184,12988,10,1003.9
39.162,0.0017653,0.011494,12993,0.02194,1.2929,0.0012275,0.022532,-0.00034042,0.0003342,-0.00065942,1,2,0.44878,99.391,0.6,0,0,-0.0017166,-0.010491,0.0013352,0.10586,-0.099302,0.012601,0.00095369,0.010872,-0.003624,0.10357,-0.090254,0.0046438,-0.012288,-0.003782,0.0057207,-0.0040849,0.0024457,0.0076799,-0.00061409,-0.0047383,0.0027914,-0.00031454,0.001299,0.0020269,0.76799,3.6081,-0.12652,-0.66894,2.9427,-1.6779,-1.3265,-3.4249,1.0237,0.84344,0.42104,0.31801,0.11458,-0.033906,0.036633,-0.16313,-0.073683,0.035116,0.13375,-0.059162,0.030871,-0.27762,-0.26736,-0.048609,184,184,12995,10,1003.9
39.193,0.0016793,0.021957,13000,0.030902,1.2927,0.0012243,0.022528,-0.0016129,0.0002254,0.0020546,1,2,0.48965,99.404,0.6,0,0,-0.0017166,-0.010491,0.0013352,0.10586,-0.099302,0.012601,0.00095369,0.010872,-0.0040055,0.10357,-0.090254,0.0046438,-0.0032088,-0.0066493,-0.00021672,-0.00096196,-0.0059622,0.0059847,0.0069587,-0.0064187,0.0049782,0.0074898,-0.00056517,0.0034917,0.34908,3.5714,-0.33355,-0.31993,3.2039,-2.0618,-0.34908,-3.8645,0.90864,0.66894,0.3209,0.39997,0.11705,-0.012574,0.010654,-0.21131,-0.093043,0.07158,0.14267,-0.03112,0.022134,-0.27502,-0.23065,0.024196,184,184,13008,10,1003.9
39.205,0.0013034,0.011238,13010,0.011542,1.2926,0.0012236,0.022528,-0.00075039,-0.00037668,-0.0014646,1,2,0.53344,99.395,0.6,0,0,-0.0017166,-0.010491,0.0013352,0.10586,-0.099302,0.012601,0.00095369,0.010872,-0.0040055,0.10357,-0.090254,0.0046438,-0.0071991,-0.0104,0.0057248,-0.0050915,-0.0001537,0.013596,0.0023962,-0.0042603,0.0033467,0.0039947,-0.00026388,0.0046477,1.4662,3.6081,-0.011502,-0.14542,2.5229,-1.5902,-0.76799,-3.6447,1.0237,0.49443,-0.079744,0.059073,0.12786,0.064105,-0.051662,-0.30302,-0.14489,0.13845,0.14588,0.022036,0.012945,-0.16973,-0.16355,0.10884,184,184,13012,10,1003.9
39.221,0.0012848,0.0094355,13016,0.016005,1.2926,0.0012227,0.022527,-0.00099512,0.00020966,-0.0016925,1,2,0.569,99.388,0.6,0,0,-0.0017166,-0.010491,0.0013352,0.10586,-0.099302,0.012601,0.00095369,0.010872,-0.0040055,0.10357,-0.090254,0.0046438,-0.002091,-0.0065908,0.0051439,-0.0046234,-0.00084989,0.0093438,0.0034863,-0.0068739,0.0034666,-0.0031919,0.0093939,0.018105,0.34908,3.4982,0.080513,-0.20359,3.1228,-1.7731,-0.62835,-3.2418,0.90864,0.66894,0.010525,0.15033,0.15124,0.17492,-0.099319,-0.42683,-0.24832,0.22487,0.11982,0.048128,0.0068887,0.13384,-0.12379,0.031807,184,184,13018,10,1003.9
39.243,0.0012216,0.012271,13024,0.022441,1.2923,0.0012217,0.022522,0.00055937,0.00011371,-0.00032651,1,2,0.60809,99.385,0.6,0,0,-0.0017166,-0.010491,0.0013352,0.10586,-0.099302,0.012601,0.00095369,0.010872,-0.003624,0.10357,-0.090254,0.0046438,-0.0061229,-0.0046514,-0.0018656,-0.012215,-0.0035947,0.0027403,0.0023936,-0.0049334,-0.0051262,0.0012227,0.005222,0.005238,1.4662,3.7912,-0.24154,-0.66894,2.8236,-1.8608,1.1869,-3.7912,1.0007,0.84344,-0.035208,0.28271,0.16455,0.16792,-0.045782,-0.40694,-0.23109,0.21484,0.027141,0.059807,-0.0069799,0.26612,-0.19533,-0.016305,184,184,13027,10,1003.9
39.261,0.001452,0.010552,13032,0.018459,1.2922,0.0012211,0.022519,0.0018619,-0.00081797,-0.00024354,1,2,0.64891,99.389,0.6,0,0,-0.0017166,-0.010491,0.0013352,0.10586,-0.099302,0.012601,0.00095369,0.010872,-0.0040055,0.10357,-0.090254,0.0046438,-0.010714,-0.0061879,-0.0048919,-0.0045284,0.0033961,0.010512,0.0068068,-0.0043335,0.0031885,-0.0038972,0.0014867,-0.003447,1.0473,3.9377,-0.42557,-0.84344,2.43,-1.407,-0.62835,-3.3516,0.90864,0.029084,-0.025371,-0.22487,0.17944,0.14004,-0.022555,-0.36618,-0.18632,0.19977,-0.020781,0.069236,-0.021488,0.30122,-0.22935,-0.026554,184,184,13034,10,1003.9
39.28,0.0016797,0.0092775,13039,0.018856,1.2921,0.001219,0.022518,-0.0012587,0.00050551,-0.00042815,1,2,0.6896,99.393,0.6,0,0,-0.0017166,-0.010491,0.0013352,0.10586,-0.099302,0.012601,0.00095369,0.010872,-0.003624,0.10357,-0.090254,0.0046438,-0.0036263,-0.0054485,0.003011,-0.012459,0.0044582,0.018491,0.0070801,-0.0038363,0.0066868,-0.0047282,0.013828,0.021156,0.20945,3.6081,-0.31055,-0.31993,3.1823,-1.6704,0.069817,-3.4249,0.90864,1.0179,0.12922,0.077957,0.19007,0.10849,-0.013534,-0.33883,-0.17732,0.18281,-0.041122,0.074011,-0.026896,0.28646,-0.22884,-0.03295,184,184,13040,10,1003.9
39.3,0.0013114,0.0078971,13048,0.019971,1.2921,0.001216,0.022519,0.0013999,-0.00099542,0.00075556,1,2,0.73154,99.395,0.6,0,0,-0.0017166,-0.010491,0.0013352,0.10586,-0.099302,0.012601,0.00095369,0.010872,-0.0040055,0.10357,-0.090254,0.0046438,-0.0024497,0.0011027,0.011916,-0.010397,-0.0010363,0.0070129,0.00065727,-0.0049027,0.014374,0.0049864,0.0073628,0.0025782,0.34908,3.5714,0.080513,-0.31993,2.7631,-1.7171,0.069817,-3.6081,0.93165,1.1343,-0.238,0.15557,0.18637,0.071654,-0.0024755,-0.3133,-0.18732,0.15817,-0.034911,0.084347,-0.030074,0.23363,-0.20745,-0.038024,184,184,13049,10,1003.9
39.323,0.0013304,0.012187,13056,0.023025,1.2919,0.0012135,0.022516,0.00089124,0.0020112,-0.0016201,1,2,0.76911,99.392,0.6,0,0,-0.0017166,-0.010491,0.0013352,0.10586,-0.099302,0.012601,0.00095369,0.010872,-0.0040055,0.10357,-0.090254,0.0046438,-0.0013926,-0.0023316,0.0061766,0.0018096,-2.0656e-05,0.011561,-0.00056244,-0.0061833,0.0045611,0.0064218,0.0045671,0.015668,0.76799,3.8278,-0.12652,-0.3781,3.3224,-1.7444,-0.34908,-3.5348,0.88564,0.3781,-0.31592,-0.15221,0.17171,0.037824,0.0043003,-0.29139,-0.21527,0.12778,-0.0084674,0.10036,-0.032045,0.15553,-0.17403,-0.038814,184,184,13059,10,1003.9
39.342,0.0012777,0.0092168,13065,0.018698,1.2919,0.0012114,0.022516,0.0015567,-2.4817e-05,-0.00029923,1,2,0.8123,99.392,0.6,0,0,-0.0017166,-0.010491,0.0013352,0.10586,-0.099302,0.012601,0.00095369,0.010872,-0.0040055,0.10357,-0.090254,0.0046438,0.0016252,-0.0063404,0.010076,-0.0010463,-0.00014011,0.0095479,0.00054909,-0.000685,0.0011837,0.0059982,-0.00036464,0.01504,-0.76799,3.3883,-0.33355,-0.31993,2.8633,-1.7924,-0.76799,-3.5348,0.88564,0.66894,0.21702,0.21251,0.14645,0.014858,0.0066933,-0.2809,-0.25872,0.092753,0.032936,0.11088,-0.02923,0.054952,-0.14115,-0.033101,184,184,13067,10,1003.9
39.363,0.0012968,0.012747,13072,0.021016,1.2918,0.0012079,0.022514,-0.00090973,-0.00056407,0.00058766,1,2,0.84733,99.386,0.6,0,0,-0.0017166,-0.010491,0.0013352,0.10586,-0.099302,0.012601,0.00095369,0.010872,-0.0040055,0.10357,-0.090254,0.0046438,-0.012783,-0.00184,0.0081572,-0.011441,-0.0012534,0.0048694,0.0054229,-0.0055096,0.0097592,0.0072292,0.0040595,0.013715,-0.48872,3.4982,-0.080513,-0.66894,3.3224,-1.7444,0.20945,-3.9377,0.67861,0.66894,-0.15764,0.085668,0.11892,0.0088983,-0.00024853,-0.28758,-0.30823,0.065241,0.07857,0.11457,-0.019751,-0.039082,-0.12711,-0.026282,184,184,13076,10,1003.9
39.382,0.0012949,0.0098993,13082,0.019303,1.2916,0.001204,0.02251,7.031e-05,0.0011026,0.00087869,1,2,0.89164,99.388,0.6,0,0,-0.0017166,-0.010491,0.0013352,0.10586,-0.099302,0.012601,0.00095369,0.010872,-0.0040055,0.10357,-0.090254,0.0046438,-0.0079359,-0.0036858,0.0037523,-0.00056227,-0.00052511,0.0096384,0.0047352,-0.0046842,0.0066351,0.0001821,0.0039401,0.018281,1.8851,3.5714,-0.057509,-0.31993,2.8431,-1.737,-1.3265,-3.4982,0.88564,0.20359,0.12675,0.12126,0.093877,-0.0020874,-0.0057525,-0.29201,-0.34449,0.03103,0.10953,0.11539,-0.0052641,-0.14409,-0.14964,-0.031236,184,184,13084,10,1003.9
39.401,0.0019043,0.010526,13088,0.018295,1.2915,0.0012034,0.02251,-5.9817e-05,-0.00097807,-0.00045418,1,2,0.92806,99.39,0.6,0,0,-0.0017166,-0.010491,0.0013352,0.10586,-0.099302,0.012601,0.00095369,0.010872,-0.0040055,0.10357,-0.090254,0.0046438,-0.0069425,-0.0053843,0.0031207,-0.0020152,-0.00031352,0.010433,0.0040504,-0.0044387,0.00048501,0.0025807,0.010433,0.027141,-0.48872,3.9011,-0.31055,-0.31993,3.0628,-1.7413,-0.20945,-3.4249,0.79363,0.49443,-0.22812,-0.017648,0.085326,-0.019275,-0.010487,-0.30368,-0.33362,-0.0076058,0.12329,0.11017,0.017556,-0.2021,-0.16938,-0.066081,184,184,13090,10,1003.9
39.423,0.0014171,0.013199,13096,0.022673,1.2913,0.0012029,0.022506,0.00046648,-0.00028217,-0.0012878,1,2,0.96723,99.388,0.6,0,0,-0.0017166,-0.010491,0.0013352,0.10586,-0.099302,0.012601,0.00095369,0.010872,-0.0040055,0.10357,-0.090254,0.0046438,-0.0082056,-0.0048237,0.0091326,0.004672,-2.9012e-05,0.0074094,0.0056726,-0.0038882,-8.0442e-06,0.0020262,-0.0011764,0.010986,0.34908,3.7912,-0.12652,-0.84344,2.6041,-1.9013,0.76799,-3.3883,0.90864,0.66894,0.31469,0.17386,0.092139,-0.035272,-0.0067608,-0.2928,-0.28587,-0.05818,0.12478,0.089233,0.04511,-0.25005,-0.18214,-0.12264,184,184,13100,10,1003.9
39.44,0.0014131,0.0085845,13104,0.016299,1.2912,0.0012018,0.022504,-0.00048548,-0.00066167,-0.0010876,1,2,0.0088797,99.396,0.6,0,0,-0.0017166,-0.010491,0.0013352,0.10586,-0.099302,0.012601,0.00095369,0.010872,-0.0040055,0.10357,-0.090254,0.0046438,-0.01594,-0.010485,0.011188,-0.0029195,0.0020485,0.0098456,0.0014774,-0.0063682,-0.0024446,0.0068777,-0.0070246,0.0061148,1.4662,3.7179,-0.40256,-0.31993,3.384,-2.1569,-0.34908,-3.7179,0.77062,0.49443,0.0637,0.2224,0.10337,-0.046377,0.00014234,-0.20048,-0.22415,-0.10415,0.14014,0.019819,0.091345,-0.30851,-0.1863,-0.18807,184,184,13105,10,1003.9
39.461,0.0017568,0.010561,13111,0.021557,1.291,0.0012002,0.022499,0.00044178,0.00072217,-0.00018101,1,2,0.048394,99.383,0.6,0,0,-0.0017166,-0.010491,0.0013352,0.10586,-0.099302,0.012601,0.00095369,0.010872,-0.0040055,0.10357,-0.090254,0.0046438,-0.0025953,-0.004654,0.0032503,-0.011633,-0.0012888,0.012964,0.0077678,-0.0053638,0.0073441,0.006443,-0.0062396,-0.006729,-0.48872,3.7912,-0.057509,-0.49443,2.8642,-2.0164,-0.62835,-3.5348,0.77062,0.84344,-0.15887,0.10732,0.10116,-0.022114,0.021657,0.096629,-0.12054,-0.055536,0.17502,-0.13143,0.12989,-0.35422,-0.2018,-0.24065,184,184,13113,10,1003.9
39.482,0.0013253,0.011285,13119,0.021017,1.2909,0.0011946,0.022499,0.00011893,-0.001163,0.00036075,1,2,0.088589,99.39,0.6,0,0,-0.0017166,-0.010491,0.0013352,0.10586,-0.099302,0.012601,0.00095369,0.010872,-0.0040055,0.10357,-0.090254,0.0046438,0.0020525,-0.0031933,0.0059214,-0.0006143,-0.0028192,0.0083284,0.0061266,-0.0039243,-0.0092405,0.00022616,-0.0018335,0.0022511,-1.1869,3.5714,-0.057509,-0.31993,3.3835,-2.0449,-0.069817,-3.4249,0.90864,0.66894,-0.04018,0.034949,0.029245,0.018099,0.022783,0.28795,-0.1695,0.01232,0.20285,-0.19658,0.10294,-0.3264,-0.19718,-0.24524,184,184,13122,10,1003.9
39.5,0.001913,0.01017,13126,0.018076,1.2908,0.0011949,0.022497,0.00040408,-0.0011479,-0.0005378,1,2,0.12804,99.395,0.6,0,0,-0.0017166,-0.010491,0.0013352,0.10586,-0.099302,0.012601,0.00095369,0.010872,-0.0040055,0.10357,-0.090254,0.0046438,-0.0047451,-0.014389,0.0093291,0.00059482,0.0020948,0.0074398,0.010625,-0.0062494,0.001588,0.011277,-0.0031296,0.0074719,0.34908,3.4982,-0.14952,-0.31993,2.4879,-1.4376,0.20945,-3.2784,0.88564,0.66894,-0.11437,-0.0034111,-0.039938,0.031966,0.040713,0.35382,-0.20804,0.027912,0.20663,-0.19251,0.072628,-0.27723,-0.16284,-0.25354,184,184,13128,10,1003.9
39.523,0.0018762,0.012895,13133,0.022444,1.2906,0.0011919,0.022494,0.00082253,-0.0007564,-3.2461e-05,1,2,0.1674,99.389,0.6,0,0,-0.0017166,-0.010491,0.0013352,0.10586,-0.099302,0.012601,0.00095369,0.010872,-0.0040055,0.10357,-0.090254,0.0046438,-0.0070439,-0.0084142,0.004195,-0.001928,0.0046584,0.016334,0.0038253,-0.00431,0.0043611,4.5434e-05,0.0041729,0.021271,-0.48872,3.7179,-0.37956,-0.49443,2.7836,-1.8397,0.069817,-3.7179,0.90864,0.3781,-0.1539,0.35508,-0.067304,0.032995,0.051353,0.3625,-0.20958,0.029359,0.20509,-0.16962,0.056128,-0.25352,-0.14808,-0.25248,184,184,13137,10,1003.9
39.54,0.0012554,0.0091888,13142,0.017594,1.2906,0.0011911,0.022494,0.00099408,-0.0010249,0.0010143,1,2,0.20889,99.385,0.6,0,0,-0.0017166,-0.010491,0.0013352,0.10586,-0.099302,0.012601,0.00095369,0.010872,-0.0040055,0.10357,-0.090254,0.0046438,-0.0071248,-0.0014574,-0.0024706,-0.00067827,0.00076289,0.0074174,0.0074376,-0.0067054,0.0081829,0.0060245,0.003494,-0.0016751,0.34908,3.7912,-0.057509,-0.49443,2.8431,-1.737,0.76799,-3.4249,0.54059,0.20359,0.31469,0.17386,-0.066397,0.028637,0.054354,0.32357,-0.19753,0.026622,0.20271,-0.1361,0.04306,-0.2438,-0.14236,-0.23158,184,184,13144,10,1003.9
39.564,0.001236,0.011162,13151,0.023587,1.2902,0.0011872,0.022486,0.0017628,0.00049455,0.00018974,1,2,0.25205,99.386,0.6,0,0,-0.0017166,-0.010491,0.0013352,0.10586,-0.099302,0.012601,0.00095369,0.010872,-0.0040055,0.10357,-0.090254,0.0046438,-0.0018513,-0.0017252,0.0039727,-0.0014419,-0.0010622,0.00072836,0.006685,-0.0045068,0.0030257,-0.0021271,0.0077959,0.018737,0.34908,3.3883,-0.057509,-0.66894,2.7625,-1.5827,0.34908,-3.2051,0.6556,0.029084,0.073573,0.049186,-0.040854,0.017246,0.054422,0.24761,-0.17328,0.02045,0.19706,-0.094599,0.033936,-0.24308,-0.14575,-0.19097,184,184,13154,10,1003.9
39.584,0.0015264,0.012496,13158,0.02009,1.2899,0.0011838,0.022482,0.00031805,0.00072665,-5.0892e-05,1,2,0.29009,99.389,0.6,0,0,-0.0017166,-0.010491,0.0013352,0.10586,-0.099302,0.012601,0.00095369,0.010872,-0.0040055,0.10357,-0.090254,0.0046438,-0.011995,-0.0065724,0.0046182,-0.005617,-0.0051047,0.010452,0.0056023,-0.0074211,-0.0016763,-0.00094793,0.0021884,0.0038975,-0.76799,3.6081,-0.19553,-0.66894,2.9626,-1.666,-0.90762,-3.4249,0.77062,0.84344,0.47294,0.077364,-0.0020347,0.0040712,0.051583,0.15609,-0.14114,0.01318,0.18466,-0.069919,0.030793,-0.2441,-0.16416,-0.14768,184,184,13161,10,1003.9
39.602,0.0011327,0.011454,13164,0.017985,1.29,0.0011834,0.022483,0.00095657,-0.0008943,0.0006597,1,2,0.32734,99.387,0.6,0,0,-0.0017166,-0.010491,0.0013352,0.10586,-0.099302,0.012601,0.00095369,0.010872,-0.003624,0.10357,-0.090254,0.0046438,-0.0036211,-0.0019528,0.0093511,-0.0046194,-0.0032602,0.0056298,0.0022442,-0.0057696,-0.0068599,0.0063651,0.0036565,0.0032368,0.34908,4.011,-0.011502,-0.66894,2.703,-1.6854,2.1643,-3.6081,0.90864,0.49443,0.49276,0.39967,0.040501,-0.0073937,0.045958,0.051498,-0.10382,0.0080341,0.16413,-0.062391,0.029637,-0.24019,-0.19915,-0.11309,184,184,13167,10,1003.9
39.623,0.0016913,0.012804,13172,0.021377,1.2901,0.0011797,0.022485,0.00028245,0.00031777,-0.00065299,1,2,0.36862,99.387,0.6,0,0,-0.0017166,-0.010491,0.0013352,0.10586,-0.099302,0.012601,0.00095369,0.010872,-0.0040055,0.10357,-0.090254,0.0046438,-0.0084161,-0.0008002,0.0067868,0.0013735,0.0014667,0.0035065,0.0097819,-0.0044534,-0.00072296,0.0057031,-0.0015507,0.0025491,0.62835,3.4615,0.011502,-0.66894,2.5073,-1.4478,-0.62835,-3.4249,1.0007,1.0179,0.20834,0.02971,0.079463,-0.024694,0.046457,-0.052445,-0.072973,0.0085084,0.14442,-0.07297,0.03009,-0.23947,-0.23917,-0.094705,184,184,13176,10,1003.9
39.643,0.0013515,0.011479,13181,0.019207,1.29,0.0011782,0.022484,0.0011681,0.0012944,6.3098e-05,1,2,0.40895,99.384,0.6,0,0,-0.0017166,-0.010491,0.0013352,0.10586,-0.099302,0.012601,0.00095369,0.010872,-0.0040055,0.10357,-0.090254,0.0046438,-0.0066495,-0.0034385,0.003058,-0.0067523,-0.0010618,0.011295,0.007657,-0.0042659,0.0032023,0.0093996,0.0062117,0.023475,1.8851,3.5714,-0.057509,-0.49443,2.7631,-1.7171,-0.62835,-3.5348,0.88564,0.66894,-0.55951,-0.23357,0.10645,-0.034619,0.046442,-0.12016,-0.069071,0.012459,0.13216,-0.073245,0.030995,-0.2558,-0.26848,-0.083397,184,184,13184,10,1003.9
39.664,0.0014092,0.012756,13189,0.021126,1.29,0.0011743,0.022484,0.00057498,-5.4972e-05,0.00073753,1,2,0.44855,99.391,0.6,0,0,-0.0017166,-0.010491,0.0013352,0.10586,-0.099302,0.012601,0.00095369,0.010872,-0.003624,0.10357,-0.090254,0.0046438,-0.0044182,-0.0027177,0.015325,-0.0043615,-0.008598,0.0083621,0.0099839,-0.0044586,-0.005151,0.0083487,-0.00023553,0.013858,1.0473,3.7179,-0.011502,-0.84344,2.703,-1.6854,0.76799,-3.8645,0.77062,0.84344,-0.098291,0.049483,0.11389,-0.034162,0.037034,-0.16234,-0.072591,0.034919,0.13441,-0.059448,0.030785,-0.27671,-0.26616,-0.04858,184,184,13193,10,1003.9
39.682,0.0014731,0.010042,13198,0.017913,1.2905,0.0011804,0.022493,-0.00065731,-0.0012478,-0.00038328,1,2,0.48972,99.393,0.6,0,0,-0.0017166,-0.010491,0.0013352,0.10586,-0.099302,0.012601,0.00095369,0.010872,-0.0040055,0.10357,-0.090254,0.0046438,-0.012243,-0.00659,0.0042925,-0.0049441,-0.00016516,0.0066011,0.006717,-0.0032041,-0.00014879,0.0071499,0.0070483,0.016921,2.1643,3.4615,-0.10352,-0.3781,2.3883,-1.4967,0.76799,-3.6447,0.90864,0.20359,0.12922,0.077957,0.11684,-0.012724,0.010763,-0.21118,-0.093008,0.071965,0.1423,-0.031181,0.022141,-0.27559,-0.23097,0.025138,184,184,13200,10,1003.9
39.701,0.00159,0.010255,13205,0.01914,1.2905,0.0011804,0.022493,0.00020985,-0.00017763,0.0010308,1,2,0.52826,99.389,0.6,0,0,-0.0017166,-0.010491,0.0013352,0.10586,-0.099302,0.012601,0.00095369,0.010872,-0.0040055,0.10357,-0.090254,0.0046438,-0.010691,-0.0090991,0.011039,-0.0070442,-0.0021762,0.0055047,0.0079367,-0.0031373,0.0035192,0.0059909,0.0085086,0.013057,0.34908,3.6813,-0.33355,-0.14542,2.8436,-1.8714,-1.0473,-3.5348,0.56359,0.95978,0.25411,0.23169,0.12632,0.055322,-0.045748,-0.29481,-0.14113,0.13095,0.1461,0.018159,0.013038,-0.1854,-0.16791,0.10717,184,184,13207,10,1003.9
39.721,0.0012702,0.0093059,13213,0.020084,1.2903,0.0011783,0.022489,-0.00038889,0.0014805,0.00086369,1,2,0.56965,99.386,0.6,0,0,-0.0017166,-0.010491,0.0013352,0.10586,-0.099302,0.012601,0.00095369,0.010872,-0.0040055,0.10357,-0.090254,0.0046438,-0.0053941,-0.0080459,0.011145,-0.0071666,-0.00079103,0.0091603,-0.0024643,-0.0034107,0.0022433,0.0047667,-0.00068301,0.0085402,1.0473,3.6081,-0.080513,-0.49443,3.2634,-1.9591,-1.3265,-3.5348,0.93165,0.3781,0.4606,0.29388,0.15002,0.1721,-0.10013,-0.42286,-0.24251,0.22192,0.12454,0.047976,0.0075137,0.12214,-0.12309,0.036343,184,184,13215,10,1003.9
39.744,0.0013908,0.0128,13221,0.0229,1.2903,0.0011752,0.022489,0.001703,0.00052239,-0.0014596,1,2,0.60849,99.384,0.6,0,0,-0.0017166,-0.010491,0.0013352,0.10586,-0.099302,0.012601,0.00095369,0.010872,-0.0040055,0.10357,-0.090254,0.0046438,-0.01286,-0.0014598,0.0039093,-0.0099386,0.0023655,-0.00042738,0.0054729,-0.0052459,0.0057275,0.0079997,-0.0056994,-1.7513e-05,0.34908,3.3883,-0.011502,-0.20359,2.943,-1.7675,-1.8851,-3.5714,0.90864,0.84344,-0.47418,-0.055712,0.16475,0.16918,-0.04793,-0.40929,-0.23484,0.21586,0.030129,0.059403,-0.0064353,0.26404,-0.19292,-0.015691,184,184,13224,10,1003.9
39.761,0.0025173,0.011057,13227,0.017043,1.2903,0.0011729,0.02249,-0.00080973,0.001065,0.00026416,1,2,0.64808,99.387,0.6,0,0,-0.0017166,-0.010491,0.0013352,0.10586,-0.099302,0.012601,0.00095369,0.010872,-0.0040055,0.10357,-0.090254,0.0046438,-0.0075814,0.00043469,0.0030576,-0.0033027,-0.0010769,0.0036165,0.0036848,-0.0030199,0.0072909,0.0028714,-0.007764,0.00025264,-0.48872,3.022,-0.33355,-0.14542,2.7625,-1.5827,0.76799,-3.3516,0.90864,0.029084,0.071105,0.09249,0.17909,0.14016,-0.022549,-0.36638,-0.18645,0.19989,-0.019728,0.068971,-0.021069,0.30026,-0.22901,-0.02646,184,184,13229,10,1003.9
39.783,0.0012793,0.011405,13235,0.022188,1.2902,0.0011722,0.022488,-0.00041898,0.00024869,0.00029183,1,2,0.68972,99.401,0.6,0,0,-0.0017166,-0.010491,0.0013352,0.10586,-0.099302,0.012601,0.00095369,0.010872,-0.0040055,0.10357,-0.090254,0.0046438,0.0018452,-0.0011277,0.0083808,-0.0072623,-0.00073004,0.004784,0.0057607,-0.0053882,0.0093478,0.0076648,-0.0026408,0.019004,0.76799,3.6813,-0.080513,-0.66894,2.8825,-1.6237,0.20945,-4.011,0.77062,0.66894,0.38147,0.34213,0.19035,0.10861,-0.013574,-0.33847,-0.17736,0.18319,-0.041087,0.073794,-0.026971,0.28589,-0.22855,-0.032858,184,184,13238,10,1003.9
39.803,0.0060729,0.0091886,13243,0.020057,1.2902,0.0011713,0.022487,-9.211e-05,-0.00022252,0.0010658,1,2,0.74382,99.388,0.6,0,0,-0.0017166,-0.010491,0.0013352,0.10586,-0.099302,0.012601,0.00095369,0.010872,-0.0040055,0.10357,-0.090254,0.0046438,-0.0091553,-0.013522,0.015895,-0.00080806,-0.0007386,0.01064,0.0076226,-0.0035021,0.0015137,0.0044875,0.0002696,0.013658,0.76799,3.6081,0.057509,-0.49443,2.962,-1.5317,1.1869,-3.7179,0.90864,0.66894,0.42597,0.2314,0.18389,0.059404,0.0012546,-0.30429,-0.19139,0.14824,-0.031826,0.088136,-0.030653,0.21409,-0.2019,-0.039753,184,184,13244,10,1003.9
39.823,0.0016075,0.012786,13248,0.019997,1.29,0.0011664,0.022484,2.3501e-05,0.0013007,-9.967e-05,1,2,0.76778,99.386,0.6,0,0,-0.0017166,-0.010491,0.0013352,0.10586,-0.099302,0.012601,0.00095369,0.010872,-0.0040055,0.10357,-0.090254,0.0046438,-0.0083713,-0.0029277,0.0066029,-0.0040809,-0.0017892,0.010188,0.0063619,-0.001912,0.0027096,0.0059706,0.0030655,0.019242,0.34908,3.8278,-0.17253,-0.78527,3.1216,-1.4819,-0.90762,-3.4982,1.0007,0.49443,-0.2368,-0.20045,0.16919,0.040104,0.0012079,-0.2946,-0.22043,0.12667,-0.0016944,0.10168,-0.031136,0.15136,-0.1691,-0.037912,184,184,13251,10,1003.9
39.842,0.002044,0.011969,13255,0.019181,1.2897,0.0011657,0.02248,0.00055904,0.001861,0.0011203,1,2,0.80865,99.39,0.6,0,0,-0.0017166,-0.010491,0.0013352,0.10586,-0.099302,0.012601,0.00095369,0.010872,-0.0040055,0.10357,-0.090254,0.0046438,-0.0049253,-0.0064829,0.0060408,-0.0034502,-0.0024426,0.011957,0.0036018,-0.00030384,-9.3141e-05,-0.00064546,0.0019265,0.0031242,0.34908,3.6081,0.080513,-0.84344,3.1427,-1.7612,-0.069817,-3.3516,0.77062,0.20359,0.56448,0.48133,0.14594,0.016136,0.0055761,-0.2826,-0.2579,0.093171,0.035525,0.11,-0.02714,0.05732,-0.14075,-0.034467,184,184,13258,10,1003.9
39.862,0.0014876,0.011332,13263,0.019928,1.2896,0.0011612,0.022478,0.0014262,-0.00040298,-0.00092183,1,2,0.84865,99.389,0.6,0,0,-0.0017166,-0.010491,0.0013352,0.10586,-0.099302,0.012601,0.00095369,0.010872,-0.0040055,0.10357,-0.090254,0.0046438,-0.015124,-0.0058666,0.0010014,-0.015736,0.0015556,0.012154,0.0051612,-0.0063256,-0.0018068,0.006809,0.0048351,0.0071373,-0.48872,3.6813,-0.057509,-0.66894,3.2429,-1.8365,-0.069817,-3.6447,1.0007,-0.31993,0.23556,0.2221,0.11862,0.008871,0.00012652,-0.28805,-0.30924,0.06501,0.078561,0.11478,-0.019864,-0.04068,-0.12782,-0.026644,184,184,13266,10,1003.9
39.882,0.0017946,0.01114,13271,0.019488,1.2894,0.0011613,0.022475,0.00040488,-0.00125,-0.00056097,1,2,0.88864,99.394,0.6,0,0,-0.0017166,-0.010491,0.0013352,0.10586,-0.099302,0.012601,0.00095369,0.010872,-0.0040055,0.10357,-0.090254,0.0046438,-0.0066012,-0.0020082,0.0023074,-0.0054161,-0.0025308,0.0066642,0.0073551,-0.0027841,0.012338,0.0047758,0.008895,0.020002,-0.48872,3.4982,0.10352,-0.3781,3.1635,-1.951,1.1869,-3.2051,1.0007,0.66894,-0.39505,-0.10396,0.093898,-0.0014201,-0.006094,-0.29147,-0.34431,0.032555,0.11074,0.11473,-0.004803,-0.14128,-0.14897,-0.029931,184,184,13273,10,1003.9
39.901,0.0014455,0.0098646,13278,0.019081,1.2893,0.0011586,0.022473,-0.0017092,0.00016523,0.00054019,1,2,0.92866,99.385,0.6,0,0,-0.0017166,-0.010491,0.0013352,0.10586,-0.099302,0.012601,0.00095369,0.010872,-0.0040055,0.10357,-0.090254,0.0046438,-0.0016175,0.0010368,0.0031898,-0.0067945,0.0022208,0.005242,0.0037471,-0.0039197,0.0070046,0.0037547,0.00439,0.0010989,0.34908,4.011,-0.011502,-0.78527,2.4879,-1.4376,-0.34908,-3.8645,0.79363,1.0179,0.14283,0.17415,0.085229,-0.019461,-0.010066,-0.30361,-0.3337,-0.006904,0.12293,0.1103,0.017228,-0.2017,-0.16886,-0.066135,184,184,13280,10,1003.9
39.931,0.0022659,0.020167,13286,0.030278,1.2891,0.001156,0.02247,-1.0852e-05,0.0010327,0.00061622,1,2,0.97019,99.385,0.6,0,0,-0.0017166,-0.010491,0.0013352,0.10586,-0.099302,0.012601,0.00095369,0.010872,-0.0040055,0.10357,-0.090254,0.0046438,-0.0086109,-0.0057842,0.0013801,-0.0032737,-0.00088489,0.010997,0.0048854,-0.006622,0.0020184,0.0061918,0.0025525,0.010407,1.0473,3.6813,0.011502,-0.31993,3.0033,-1.844,-1.0473,-3.6447,1.0007,0.20359,0.15644,0.27035,0.092027,-0.036263,-0.0065826,-0.2917,-0.28429,-0.060872,0.12504,0.08811,0.04615,-0.25197,-0.18181,-0.12593,184,184,13291,10,1003.9
39.944,0.0013882,0.012015,13293,0.012648,1.289,0.0011549,0.022467,0.00060798,0.00091417,0.0012134,1,2,0.0099559,99.381,0.6,0,0,-0.0017166,-0.010491,0.0013352,0.10586,-0.099302,0.012601,0.00095369,0.010872,-0.0040055,0.10357,-0.090254,0.0046438,-0.0061116,-0.0098069,0.0052191,-0.0031694,0.00073765,0.0077856,0.002185,-0.0048435,0.0021711,-0.0014044,0.0031242,0.015509,0.34908,3.5714,-0.011502,-0.66894,3.8026,-1.9758,-1.0473,-3.4615,0.88564,1.1343,0.10326,0.19828,0.10384,-0.046423,0.00093613,-0.19336,-0.22114,-0.10418,0.14144,0.01561,0.093384,-0.3103,-0.18606,-0.19023,184,184,13296,10,1003.9
39.985,0.0014687,0.034149,13300,0.041166,1.2889,0.001151,0.022466,0.00037512,-0.00063904,-2.0138e-05,1,2,0.048273,99.343,0.6,0,0,-0.0017166,-0.010491,0.0013352,0.10586,-0.099302,0.012601,0.00095369,0.010872,-0.0040055,0.10357,-0.090254,0.0046438,-0.0050217,-0.0047922,0.011827,0.0029153,-0.0015535,0.011086,0.0069722,-0.0032205,0.011544,0.0055369,-0.0019488,0.0046614,0.62835,3.4615,-0.057509,-0.3781,2.3721,-1.3764,0.20945,-3.6447,0.90864,0.84344,0.14283,0.17415,0.10005,-0.020618,0.021591,0.10389,-0.1179,-0.052444,0.17581,-0.13513,0.12998,-0.35461,-0.20279,-0.24066,184,184,13304,10,1003.9
39.995,0.0012228,0.010188,13306,0.01066,1.2888,0.0011502,0.022465,0.0014183,-0.00070438,-0.0002149,1,2,0.11706,99.325,0.6,0,0,-0.0017166,-0.010491,0.0013352,0.10586,-0.099302,0.012601,0.00095369,0.010872,-0.0040055,0.10357,-0.090254,0.0046438,-0.0067655,-0.0048294,0.011965,-0.0011313,0.0013497,0.0079662,0.0085054,-0.004636,0.010396,0.00081075,0.0039227,0.0098624,0.76799,4.0476,-0.12652,-0.78527,2.8826,-1.6461,0.34908,-3.6447,0.77062,-0.14542,0.073538,-0.28518,0.02614,0.018377,0.028582,0.30242,-0.17783,0.010989,0.20554,-0.1896,0.095829,-0.31922,-0.19069,-0.24769,184,184,13308,10,1003.9
40.011,0.0063398,0.015429,13310,0.01575,1.2886,0.001151,0.022462,0.001158,4.4583e-05,-0.0018381,1,2,0.14828,99.341,0.6,0,0,-0.0017166,-0.010491,0.0013352,0.10586,-0.099302,0.012601,0.00095369,0.010872,-0.0040055,0.10357,-0.090254,0.0046438,-0.0070353,-0.0061193,0.0052886,-0.00061469,0.0026366,0.005187,0.0051451,-0.0091237,0.0038959,0.0030233,-0.0030757,0.0062795,1.4662,3.5714,-0.31055,-0.66894,3.0021,-1.5752,-0.62835,-3.4982,0.77062,0.66894,0.5855,0.44762,-0.043365,0.031684,0.044456,0.35296,-0.20955,0.026518,0.20628,-0.18148,0.066096,-0.27185,-0.15753,-0.25208,184,184,13312,10,1003.9
40.024,0.0012678,0.012569,13314,0.013065,1.2885,0.0011496,0.022459,0.00032435,0.00040754,-0.0011784,1,2,0.16998,99.341,0.6,0,0,-0.0017166,-0.010491,0.0013352,0.10586,-0.099302,0.012601,0.00095369,0.010872,-0.0040055,0.10357,-0.090254,0.0046438,-0.0086549,-0.0080056,0.0021798,-0.0034882,0.00036983,0.0091875,0.0047868,-0.0068685,0.00079933,0.0017539,0.0076848,0.013983,-1.6058,3.4615,-0.12652,-0.20359,2.8226,-1.6144,-0.76799,-3.3516,1.0007,1.0179,-0.38144,-0.0077618,-0.067365,0.03189,0.051987,0.36053,-0.20902,0.028348,0.20534,-0.16711,0.056227,-0.25439,-0.14772,-0.25189,184,184,13318,10,1003.9
40.043,0.0013269,0.012489,13321,0.018467,1.2884,0.0011483,0.022457,0.0017871,0.00079417,0.0017071,1,2,0.20718,99.332,0.6,0,0,-0.0017166,-0.010491,0.0013352,0.10586,-0.099302,0.012601,0.00095369,0.010872,-0.0040055,0.10357,-0.090254,0.0046438,-0.0019979,-0.0089925,0.0083782,-0.0069952,-4.4407e-05,0.01002,-0.0025446,-0.0057319,0.0035452,0.0032632,0.00051396,0.012354,0.34908,3.4615,-0.10352,-0.14542,3.1439,-2.0524,-0.62835,-3.5348,0.79363,0.49443,0.38147,0.34213,-0.065715,0.028714,0.054195,0.32513,-0.19811,0.026599,0.20295,-0.13779,0.044042,-0.2451,-0.14315,-0.23234,184,184,13324,10,1003.9
40.061,0.0014774,0.0095914,13329,0.018428,1.2881,0.0011414,0.022452,-0.00010919,-0.0008963,0.00052497,1,2,0.24997,99.346,0.6,0,0,-0.0017166,-0.010491,0.0013352,0.10586,-0.099302,0.012601,0.00095369,0.010872,-0.003624,0.10357,-0.090254,0.0046438,-0.0063968,-0.0034876,0.0037139,-0.018183,0.00050186,0.0041085,0.011479,-0.0074796,-0.0013671,0.0014694,-0.0028382,0.012236,-0.76799,3.6813,-0.33355,-0.49443,2.723,-1.6735,-0.62835,-3.3516,1.0007,0.029084,0.23556,0.2221,-0.042092,0.018021,0.054475,0.25218,-0.1742,0.020683,0.19737,-0.096866,0.034272,-0.24311,-0.14487,-0.19315,184,184,13331,10,1003.9
40.084,0.0014823,0.012661,13336,0.022473,1.2878,0.0011381,0.022448,-0.0004341,-0.0013,0.0013482,1,2,0.28899,99.325,0.6,0,0,-0.0017166,-0.010491,0.0013352,0.10586,-0.099302,0.012601,0.00095369,0.010872,-0.003624,0.10357,-0.090254,0.0046438,-0.0083466,-0.0048104,0.0011786,0.0019887,5.1177e-05,0.0040123,-0.0059343,-0.0032938,0.0031143,0.0061944,-0.0031634,0.00082596,0.62835,3.6813,0.011502,-0.66894,3.1823,-1.6704,0.20945,-3.315,1.0237,0.66894,0.47915,0.30347,-0.0033341,0.0045189,0.051777,0.15942,-0.14289,0.013654,0.18463,-0.070305,0.031046,-0.24442,-0.16354,-0.14904,184,184,13339,10,1003.9
40.103,0.0015458,0.011956,13343,0.019111,1.2879,0.0011324,0.022449,-0.00071538,0.00070684,-0.0017521,1,2,0.32873,99.384,0.6,0,0,-0.0017166,-0.010491,0.0013352,0.10586,-0.099302,0.012601,0.00095369,0.010872,-0.0040055,0.10357,-0.090254,0.0046438,-0.0079876,-0.013502,0.0097292,-0.0069743,0.00061075,0.0066658,0.0068067,-0.0044156,0.0020418,0.0054973,0.0028756,0.010226,0.34908,3.3883,0.011502,-1.1343,3.0821,-1.5951,0.069817,-3.2051,0.77062,0.3781,-0.22565,-0.060952,0.039519,-0.0068635,0.045657,0.050696,-0.10293,0.0086856,0.16415,-0.062401,0.02852,-0.23918,-0.19832,-0.11256,184,184,13346,10,1003.9
40.124,0.0014666,0.013119,13351,0.021537,1.2876,0.0011291,0.022444,-0.0014802,-0.00035864,-0.0020188,1,2,0.36937,99.343,0.6,0,0,-0.0017166,-0.010491,0.0013352,0.10586,-0.099302,0.012601,0.00095369,0.010872,-0.0040055,0.10357,-0.090254,0.0046438,-0.0051796,-0.0038724,0.0082352,-0.0058711,-0.002053,0.010021,0.010592,-0.0027728,0.0053883,0.0034716,0.0055374,0.011876,-0.48872,3.5714,-0.24154,-0.14542,3.3618,-1.6312,-0.62835,-3.5348,0.77062,0.66894,0.031541,0.11661,0.079658,-0.024988,0.046557,-0.053526,-0.072928,0.0087524,0.14423,-0.073179,0.030077,-0.23954,-0.23929,-0.094591,184,184,13354,10,1003.9
40.143,0.0015241,0.011741,13358,0.018889,1.2874,0.0011263,0.022441,4.4342e-05,-0.00083529,-0.00064106,1,2,0.40987,99.332,0.6,0,0,-0.0017166,-0.010491,0.0013352,0.10586,-0.099302,0.012601,0.00095369,0.010872,-0.003624,0.10357,-0.090254,0.0046438,-0.005316,-0.004617,0.0014256,-0.0041887,-0.0012808,0.0070131,0.0015191,-0.0039041,0.0073873,0.0028953,0.0042185,-0.0014822,1.0473,3.7912,-0.24154,-0.49443,2.3684,-1.5085,0.76799,-3.6447,0.77062,0.3781,0.57929,0.22151,0.10715,-0.034586,0.04622,-0.12134,-0.069876,0.013035,0.13153,-0.073058,0.031262,-0.25679,-0.26934,-0.083438,184,184,13361,10,1003.9
40.161,0.0017656,0.010608,13365,0.018031,1.2874,0.0011228,0.02244,0.0012393,-0.00050276,-7.4044e-05,1,2,0.44876,99.336,0.6,0,0,-0.0017166,-0.010491,0.0013352,0.10586,-0.099302,0.012601,0.00095369,0.010872,-0.0040055,0.10357,-0.090254,0.0046438,-0.0089102,-0.0085622,0.0019142,-0.0049087,0.0015075,0.0039715,0.0070649,-0.0051724,0.0031215,0.0049813,-0.003808,0.0011648,0.62835,3.9011,-0.33355,-0.49443,3.2623,-1.7127,-0.20945,-3.4249,0.90864,0.49443,-0.40866,-0.20016,0.11435,-0.033712,0.036556,-0.16284,-0.072985,0.035117,0.13406,-0.059328,0.03046,-0.27699,-0.26668,-0.048451,184,184,13367,10,1003.9
40.181,0.0013615,0.010822,13372,0.019941,1.2872,0.0011201,0.022438,-0.0005362,0.002065,-0.00085892,1,2,0.48738,99.336,0.6,0,0,-0.0017166,-0.010491,0.0013352,0.10586,-0.099302,0.012601,0.00095369,0.010872,-0.0040055,0.10357,-0.090254,0.0046438,-0.0042344,-0.0022894,0.0049069,-0.0080648,4.8293e-05,0.0049771,0.0094639,-0.0059585,0.0060964,0.0012265,0.013918,0.022377,-1.1869,3.5714,-0.057509,-0.31993,3.1222,-1.6387,-0.62835,-3.2051,0.79363,0.84344,0.27513,0.19798,0.11685,-0.014451,0.012304,-0.20865,-0.091635,0.069377,0.14254,-0.032724,0.022834,-0.27613,-0.23273,0.02146,184,184,13374,10,1003.9
40.2,0.0016989,0.0099847,13379,0.019076,1.2871,0.0011178,0.022437,-0.0014003,-0.0012685,0.0020076,1,2,0.52787,99.332,0.6,0,0,-0.0017166,-0.010491,0.0013352,0.10586,-0.099302,0.012601,0.00095369,0.010872,-0.003624,0.10357,-0.090254,0.0046438,-0.0072985,0.00044401,0.013596,0.0010266,-0.00079757,0.012538,0.0020259,-0.0020472,-0.0049516,0.0043365,-0.0025159,0.0027088,0.34908,4.1209,-0.057509,-0.66894,3.0221,-1.5634,0.20945,-3.6447,0.90864,0.3781,-0.15147,-0.022591,0.12606,0.052425,-0.043541,-0.29203,-0.13921,0.12905,0.1459,0.016761,0.013392,-0.19088,-0.17059,0.1057,184,184,13381,10,1003.9
40.223,0.0013912,0.011867,13388,0.023139,1.287,0.0011174,0.022435,0.00042732,-0.00023152,0.0014026,1,2,0.56987,99.338,0.6,0,0,-0.0017166,-0.010491,0.0013352,0.10586,-0.099302,0.012601,0.00095369,0.010872,-0.0040055,0.10357,-0.090254,0.0046438,-0.0063071,-0.0026803,0.0028346,-0.0029284,0.00082927,0.0068119,0.006433,-0.0023413,-0.0011753,0.0063474,0.0098336,0.011099,0.34908,3.2418,-0.31055,-0.31993,2.5695,-1.3242,-0.069817,-3.4249,0.90864,0.66894,-0.34188,-0.031885,0.14969,0.17085,-0.10028,-0.42058,-0.23983,0.22163,0.12595,0.04771,0.0077504,0.11743,-0.12322,0.038206,184,184,13391,10,1003.9
40.25,0.0015312,0.019158,13395,0.026632,1.2869,0.0011153,0.022434,-0.00066881,0.0011716,-0.00014594,1,2,0.60875,99.34,0.6,0,0,-0.0017166,-0.010491,0.0013352,0.10586,-0.099302,0.012601,0.00095369,0.010872,-0.003624,0.10357,-0.090254,0.0046438,-0.0065458,-0.0061749,0.0025695,-0.0094668,-0.003213,0.011545,0.004443,-0.0045337,0.0030335,0.001726,0.0037053,0.017753,-0.90762,3.4982,-0.011502,-0.66894,3.3823,-1.7537,-0.62835,-3.6447,0.79363,0.66894,0.55334,0.34183,0.1653,0.1692,-0.049215,-0.41042,-0.23616,0.21586,0.031025,0.05926,-0.0064047,0.26358,-0.19172,-0.015115,184,184,13399,10,1003.9
40.26,0.0013474,0.0094682,13401,0.0098633,1.2867,0.0011133,0.02243,3.0878e-05,-0.00012295,-0.001229,1,2,0.64748,99.339,0.6,0,0,-0.0017166,-0.010491,0.0013352,0.10586,-0.099302,0.012601,0.00095369,0.010872,-0.0040055,0.10357,-0.090254,0.0046438,-0.004257,-0.0042937,0.012847,-0.0040823,0.00071365,0.005965,0.011972,-0.0048278,-0.0081296,0.0037034,0.0040602,0.0071454,2.5832,4.011,0.10352,-0.14542,3.0833,-1.8863,0.48872,-3.6081,0.54059,0.49443,0.4606,0.29388,0.17916,0.1404,-0.02282,-0.36644,-0.18662,0.1992,-0.019698,0.068998,-0.02105,0.30004,-0.22908,-0.026515,184,184,13403,10,1003.9
40.293,0.0017437,0.022816,13409,0.033623,1.2866,0.0011094,0.022428,-0.00079507,0.0002283,-8.5281e-05,1,2,0.68874,99.336,0.6,0,0,-0.0017166,-0.010491,0.0013352,0.10586,-0.099302,0.012601,0.00095369,0.010872,-0.0040055,0.10357,-0.090254,0.0046438,0.00022361,-0.0045738,0.0053215,-0.0038676,0.002573,0.0024766,-0.0011295,-0.0084725,0.0043374,0.0066516,0.0077156,0.019981,0.34908,3.4615,0.011502,-0.14542,2.6624,-1.5074,0.34908,-3.4982,0.77062,-0.31993,0.22195,0.12591,0.19014,0.10933,-0.013972,-0.33947,-0.17746,0.1833,-0.041052,0.073811,-0.027076,0.28709,-0.22859,-0.032521,184,184,13416,10,1003.9
40.304,0.0013592,0.010159,13418,0.010594,1.2866,0.0011079,0.022427,-0.0012726,0.00095516,-0.00071951,1,2,0.73442,99.336,0.6,0,0,-0.0017166,-0.010491,0.0013352,0.10586,-0.099302,0.012601,0.00095369,0.010872,-0.003624,0.10357,-0.090254,0.0046438,-0.010877,-0.0029108,0.0018415,-0.00086077,-0.0013331,0.012029,0.0054228,-0.0036127,0.0033294,0.0045149,-0.00013361,0.0017277,-0.76799,3.6081,0.011502,-0.84344,2.703,-1.6854,-0.069817,-3.5714,0.90864,0.20359,0.38888,0.21222,0.18587,0.06829,-0.0016076,-0.31082,-0.18794,0.15557,-0.03432,0.085179,-0.030088,0.229,-0.20646,-0.03861,184,184,13420,10,1003.9
40.32,0.0013369,0.0098864,13423,0.016179,1.2864,0.0011062,0.022425,-0.0010888,0.00095868,0.00038892,1,2,0.76741,99.335,0.6,0,0,-0.0017166,-0.010491,0.0013352,0.10586,-0.099302,0.012601,0.00095369,0.010872,-0.003624,0.10357,-0.090254,0.0046438,-0.0041176,-0.0081633,0.012454,-0.0082589,0.0017145,0.015445,0.0011781,-0.0054016,0.0050731,0.0061017,-0.0031244,0.010186,-0.48872,3.5714,0.080513,-0.31993,3.1032,-1.8745,0.76799,-3.6447,0.81663,0.029084,-0.026569,0.13115,0.17122,0.039135,0.002846,-0.2938,-0.21656,0.12772,-0.0070288,0.10082,-0.031661,0.15704,-0.17334,-0.0385,184,184,13425,10,1003.9
40.343,0.0014435,0.011327,13430,0.022512,1.2863,0.0011039,0.022423,0.00011595,-0.00032156,4.4391e-06,1,2,0.80971,99.339,0.6,0,0,-0.0017166,-0.010491,0.0013352,0.10586,-0.099302,0.012601,0.00095369,0.010872,-0.003624,0.10357,-0.090254,0.0046438,-0.0099305,-0.0069758,0.0034943,-0.0081333,-0.0019078,0.0091384,0.00041016,-0.0049365,-0.0007594,0.010747,-0.0023479,0.0064611,-1.1869,3.5714,-0.011502,-0.49443,3.1428,-1.7836,-1.3265,-3.315,0.77062,0.029084,0.0637,0.2224,0.14636,0.015262,0.0063444,-0.28243,-0.25801,0.09338,0.033183,0.1108,-0.028364,0.058916,-0.14213,-0.03398,184,184,13433,10,1003.9
40.355,0.0014637,0.004507,13437,0.012197,1.2861,0.0011026,0.02242,-0.00066906,0.0002544,0.00026442,1,2,0.84786,99.337,0.6,0,0,-0.0017166,-0.010491,0.0013352,0.10586,-0.099302,0.012601,0.00095369,0.010872,-0.003624,0.10357,-0.090254,0.0046438,-0.0025185,-0.0058328,0.00087837,-0.0050928,0.0010014,0.0087512,0.003489,-0.0044478,0.0026942,0.006076,-0.0043184,-0.0041283,-0.48872,4.011,-0.14952,-0.3781,3.3024,-1.7338,0.48872,-3.4982,0.79363,0.029084,0.026605,0.20322,0.11973,0.0087505,0.00037473,-0.28687,-0.30685,0.065006,0.077031,0.1146,-0.020613,-0.038142,-0.1267,-0.026292,184,184,13438,10,1003.9
40.384,0.0012303,0.012243,13446,0.029494,1.286,0.0010995,0.022419,4.7035e-05,-0.0010042,-0.0016879,1,2,0.89095,99.339,0.6,0,0,-0.0017166,-0.010491,0.0013352,0.10586,-0.099302,0.012601,0.00095369,0.010872,-0.003624,0.10357,-0.090254,0.0046438,-0.00046494,-0.011242,0.0049868,0.00012618,-0.0013553,0.017885,0.0047468,-0.0037482,0.0013733,0.0071181,0.0013416,-0.0013067,0.76799,3.4982,-0.011502,-0.3781,2.6825,-1.5404,-0.90762,-3.7179,0.79363,0.20359,0.35425,0.14973,0.09442,-0.001782,-0.005886,-0.29207,-0.34399,0.030647,0.10888,0.11573,-0.005792,-0.14234,-0.14873,-0.03106,184,184,13450,10,1003.9
40.403,0.0012709,0.012808,13453,0.018934,1.2858,0.0010943,0.022414,0.0015868,0.0011824,0.00048388,1,2,0.92773,99.338,0.6,0,0,-0.0017166,-0.010491,0.0013352,0.10586,-0.099302,0.012601,0.00095369,0.010872,-0.003624,0.10357,-0.090254,0.0046438,-0.0016114,-0.0067689,0.0058118,-0.0076333,-0.0029469,0.011408,0.0029298,-0.0051733,0.0021613,0.0079081,0.0045848,0.0013462,-0.069817,3.7179,-0.44857,-0.31993,3.3823,-1.7537,-0.069817,-3.7546,0.88564,0.84344,0.196,0.24623,0.085537,-0.019105,-0.010113,-0.30319,-0.33373,-0.0075156,0.12315,0.11033,0.017187,-0.20128,-0.16857,-0.065455,184,184,13457,10,1003.9
40.425,0.0012799,0.012877,13462,0.021921,1.2856,0.0010883,0.022411,-0.0012335,0.001143,0.0013626,1,2,0.97143,99.337,0.6,0,0,-0.0017166,-0.010491,0.0013352,0.10586,-0.099302,0.012601,0.00095369,0.010872,-0.003624,0.10357,-0.090254,0.0046438,-0.0096796,-0.0087769,-0.0026847,-0.00061188,0.0035903,0.010146,0.0018646,-0.0054896,-0.0089391,0.0038706,0.0091274,-0.001419,0.34908,3.3883,0.057509,-0.66894,2.4634,-1.6928,1.0473,-3.9377,0.79363,0.20359,0.30235,0.39038,0.091966,-0.036614,-0.0065559,-0.29151,-0.28362,-0.062955,0.12498,0.087734,0.046514,-0.2527,-0.18149,-0.12731,184,184,13466,10,1003.9
40.442,0.0013751,0.010954,13469,0.016546,1.2855,0.0010882,0.02241,-0.0010558,-1.1677e-05,-0.00034317,1,2,0.0084991,99.343,0.6,0,0,-0.0017166,-0.010491,0.0013352,0.10586,-0.099302,0.012601,0.00095369,0.010872,-0.0040055,0.10357,-0.090254,0.0046438,-0.0067403,-0.002883,0.00016449,0.00091085,0.00091581,0.010598,0.011016,-0.0015258,-0.00046062,0.0058477,0.0059053,0.0065534,1.4662,3.4982,-0.33355,-0.029084,3.1827,-1.76,-1.0473,-3.8645,0.90864,0.84344,-0.54096,-0.22398,0.10396,-0.046384,0.00072416,-0.19575,-0.2215,-0.10353,0.14105,0.017219,0.09277,-0.30963,-0.1866,-0.18909,184,184,13472,10,1003.9
40.462,0.0011976,0.0092201,13479,0.020304,1.2854,0.0010864,0.022408,-0.0017772,0.0019593,-0.00049459,1,2,0.05236,99.335,0.6,0,0,-0.0017166,-0.010491,0.0013352,0.10586,-0.099302,0.012601,0.00095369,0.010872,-0.0040055,0.10357,-0.090254,0.0046438,-0.0031821,-0.0076473,0.0067036,-0.0042652,-0.001371,0.0092637,0.0022795,-0.0038516,-0.00044414,0.0063157,0.0067196,0.0040281,-0.48872,3.5714,-0.057509,-0.31993,3.682,-1.778,-1.3265,-3.5348,0.90864,0.84344,0.42104,0.31801,0.099817,-0.020102,0.02235,0.11327,-0.11692,-0.052094,0.17688,-0.13793,0.13008,-0.35521,-0.20224,-0.24221,184,184,13481,10,1003.9
40.481,0.0015578,0.0099534,13486,0.018913,1.2853,0.001085,0.022407,-0.0021037,-0.001262,0.00068752,1,2,0.089127,99.34,0.6,0,0,-0.0017166,-0.010491,0.0013352,0.10586,-0.099302,0.012601,0.00095369,0.010872,-0.003624,0.10357,-0.090254,0.0046438,-0.0058914,-0.00020721,0.016011,-0.0015873,-0.0002665,0.010788,0.004548,-0.007221,-0.0066408,0.0061687,0.0010239,0.009375,0.76799,3.6081,-0.057509,-0.84344,3.0833,-1.8863,-0.069817,-3.4982,0.81663,0.66894,0.26152,0.10178,0.024447,0.019613,0.023054,0.29244,-0.17342,0.01398,0.20306,-0.19766,0.10123,-0.32348,-0.19531,-0.24567,184,184,13488,10,1003.9
40.502,0.0014103,0.0093017,13495,0.021367,1.2853,0.0010846,0.022407,0.0007744,-0.00059986,-0.0013621,1,2,0.13309,99.343,0.6,0,0,-0.0017166,-0.010491,0.0013352,0.10586,-0.099302,0.012601,0.00095369,0.010872,-0.0040055,0.10357,-0.090254,0.0046438,-0.0029456,-0.00055997,0.0057724,0.0045095,-0.0022782,0.007628,0.0059369,-0.0045486,0.001052,-0.0021537,0.0068004,0.016016,0.34908,3.4615,0.080513,-0.31993,3.0226,-1.6978,-0.90762,-3.315,0.74762,0.20359,0.16878,0.053833,-0.04138,0.031682,0.042131,0.35497,-0.20852,0.027983,0.20647,-0.1897,0.070866,-0.27561,-0.16187,-0.25334,184,184,13497,10,1003.9
40.522,0.00134,0.011743,13502,0.020071,1.2852,0.0010815,0.022405,0.00022064,0.0011225,-0.00064625,1,2,0.16832,99.343,0.6,0,0,-0.0017166,-0.010491,0.0013352,0.10586,-0.099302,0.012601,0.00095369,0.010872,-0.0040055,0.10357,-0.090254,0.0046438,0.0017017,-0.0044012,0.005566,-0.0023955,-0.00011883,0.0082508,0.0014909,-0.0054351,0.0040716,0.0035485,0.0062149,0.020772,0.34908,3.6081,-0.24154,-0.49443,3.0226,-1.6978,-1.3265,-3.4982,1.0007,0.49443,0.5855,0.44762,-0.067935,0.0328,0.05155,0.36194,-0.20977,0.029261,0.20536,-0.16884,0.056077,-0.25313,-0.14778,-0.2523,184,184,13505,10,1003.9
40.545,0.0012001,0.012249,13511,0.022291,1.285,0.0010777,0.022402,-2.0909e-05,0.00062672,0.0019744,1,2,0.2116,99.339,0.6,0,0,-0.0017166,-0.010491,0.0013352,0.10586,-0.099302,0.012601,0.00095369,0.010872,-0.003624,0.10357,-0.090254,0.0046438,-0.0051723,-0.0073369,0.015054,-0.004657,-0.00061967,0.0089253,0.0040846,-0.0039639,0.012417,-0.0040659,0.0048901,0.0072154,1.0473,3.4615,-0.31055,-0.49443,2.6424,-1.5192,-0.62835,-3.4982,0.6556,0.66894,0.39382,0.12561,-0.06531,0.028582,0.054322,0.3202,-0.19646,0.026647,0.20231,-0.13427,0.042538,-0.24349,-0.1424,-0.22961,184,184,13515,10,1003.9
40.561,0.0014243,0.01052,13518,0.01614,1.2848,0.0010759,0.022398,0.00040596,8.9411e-05,0.0017374,1,2,0.24755,99.335,0.6,0,0,-0.0017166,-0.010491,0.0013352,0.10586,-0.099302,0.012601,0.00095369,0.010872,-0.0040055,0.10357,-0.090254,0.0046438,-0.012077,-0.0029716,0.00515,-0.010248,-0.002047,-0.0023029,0.0072868,-0.0046697,0.0039658,0.0034293,0.007755,0.01286,0.76799,3.6813,-0.12652,-0.31993,2.9421,-1.5435,-0.90762,-3.5348,0.90864,0.49443,-0.15147,-0.022591,-0.041363,0.017353,0.054728,0.25458,-0.17484,0.020309,0.19769,-0.098728,0.035846,-0.24493,-0.14573,-0.19453,184,184,13521,10,1003.9
40.591,0.0070831,0.018908,13527,0.029778,1.2848,0.0010751,0.022398,-0.00038922,0.00044654,0.00087593,1,2,0.3015,99.343,0.6,0,0,-0.0017166,-0.010491,0.0013352,0.10586,-0.099302,0.012601,0.00095369,0.010872,-0.0040055,0.10357,-0.090254,0.0046438,-0.0099235,-0.0024951,0.0039809,-0.0044892,-0.0011078,0.011971,0.0054515,-0.00091123,0.0021034,0.0030115,-0.0045219,0.015591,-0.48872,3.7912,-0.31055,-0.66894,2.8832,-1.7805,0.20945,-3.5348,0.79363,1.0179,0.31469,0.17386,-0.00036696,0.0040471,0.050274,0.13809,-0.13406,0.014538,0.18068,-0.06457,0.026704,-0.23972,-0.16628,-0.13954,184,184,13531,10,1003.9
40.604,0.0012954,0.013457,13533,0.013778,1.2848,0.0010723,0.022398,-2.7266e-05,0.001276,-0.00030502,1,2,0.32878,99.351,0.6,0,0,-0.0017166,-0.010491,0.0013352,0.10586,-0.099302,0.012601,0.00095369,0.010872,-0.0040055,0.10357,-0.090254,0.0046438,-0.0096044,-0.00062369,0.0092106,-0.0087787,0.001157,0.0063727,-0.0036291,-0.0042109,-0.00023009,0.00088884,0.0041152,0.005701,0.34908,3.5348,-0.080513,0.49443,2.9219,-1.4881,-0.62835,-3.7912,1.2537,0.31993,-0.00061707,0.010826,0.046752,-0.0098746,0.045658,0.041523,-0.10075,0.0070359,0.16179,-0.06343,0.030985,-0.24103,-0.20492,-0.11141,184,184,13538,10,1003.9
40.622,0.0013869,0.011467,13541,0.017323,1.2846,0.0010825,0.022394,-0.00060801,8.6413e-05,-0.0015678,1,2,0.36738,99.335,0.6,0,0,-0.0017166,-0.010491,0.0013352,0.10586,-0.099302,0.012601,0.00095369,0.010872,-0.0040055,0.10357,-0.090254,0.0046438,-0.012919,-0.003929,0.0035814,-0.013765,0.0025409,0.0040909,0.015026,-0.0043878,-0.00031016,-0.00016065,0.00042138,0.0011419,-1.1869,3.4615,-0.33355,-0.20359,2.8226,-1.6144,0.20945,-3.5348,0.88564,0.49443,-0.15147,-0.022591,0.083055,-0.024338,0.045549,-0.055012,-0.07305,0.0069836,0.14319,-0.073336,0.030622,-0.23963,-0.24139,-0.094893,184,184,13544,10,1003.9
40.642,0.001374,0.011236,13549,0.020524,1.2837,0.0010994,0.022377,4.8563e-06,-0.0006123,-0.00079671,1,2,0.40901,99.334,0.6,0,0,-0.0017166,-0.010491,0.0013352,0.10586,-0.099302,0.012601,0.00095369,0.010872,-0.0040055,0.10357,-0.090254,0.0046438,0.00074515,-0.0071499,0.0025866,-0.0025478,-0.00062296,0.0065323,-0.0043872,-0.0034875,-0.0046342,0.0055642,-0.006294,0.014805,-0.48872,3.6813,-0.31055,-0.31993,2.9438,-1.9467,1.0473,-3.2784,0.6556,0.84344,0.18239,0.15003,0.10785,-0.034785,0.045933,-0.12169,-0.070839,0.012507,0.13113,-0.073296,0.031368,-0.25686,-0.27028,-0.083787,184,184,13552,10,1003.9
40.671,0.0056493,0.01557,13559,0.028612,1.2825,0.0010574,0.022358,-0.00089081,-0.0012779,0.00040881,1,2,0.46603,99.34,0.6,0,0,-0.0017166,-0.010491,0.0013352,0.10586,-0.099302,0.012601,0.00095369,0.010872,-0.003624,0.10357,-0.090254,0.0046438,-0.0033445,-0.0086443,0.014087,-0.00010029,-0.0013343,0.0079121,0.0018908,-0.0044023,-0.005866,0.0079967,0.00060991,0.012079,0.34908,4.1209,0.14952,-0.66894,2.8226,-1.6144,-0.34908,-3.8278,0.79363,0.49443,-0.008022,0.14074,0.11175,-0.031298,0.031303,-0.17587,-0.077906,0.050609,0.13711,-0.050769,0.028174,-0.28261,-0.25459,-0.028303,184,184,13562,10,1003.9
40.683,0.0014494,0.011473,13564,0.011789,1.2839,0.001068,0.022382,-0.0014701,0.00053869,0.00092539,1,2,0.48953,99.339,0.6,0,0,-0.0017166,-0.010491,0.0013352,0.10586,-0.099302,0.012601,0.00095369,0.010872,-0.0040055,0.10357,-0.090254,0.0046438,-0.0060371,-0.0018164,0.0080498,0.0063006,-0.0014276,0.0096964,0.0091809,-0.0045747,-0.00023506,0.0063668,-0.0023634,0.0049963,-0.069817,3.9011,-0.011502,-0.3781,2.8226,-1.6144,-0.62835,-3.3516,0.90864,1.1343,0.27513,0.19798,0.1179,-0.0089536,0.0064697,-0.21737,-0.097936,0.073167,0.14421,-0.028302,0.021087,-0.27092,-0.22616,0.035789,184,184,13567,10,1003.9
40.703,0.0012964,0.012403,13572,0.020496,1.2825,0.0011076,0.022357,0.00082041,1.8196e-05,0.0015569,1,2,0.52831,99.329,0.6,0,0,-0.0017166,-0.010491,0.0013352,0.10586,-0.099302,0.012601,0.00095369,0.010872,-0.0040055,0.10357,-0.090254,0.0046438,-0.0016027,-0.0078599,0.010152,-0.0019675,-0.0023438,0.0090521,0.0071177,-0.0077244,0.007344,0.0031519,0.003101,0.016703,-0.48872,3.5714,-0.011502,-0.5526,2.8631,-1.7476,-1.4662,-3.5348,0.90864,1.0179,0.20587,0.073014,0.12673,0.060374,-0.049332,-0.30073,-0.14622,0.1341,0.14647,0.021203,0.012849,-0.17503,-0.16281,0.10995,184,184,13576,10,1003.9
40.724,0.0013842,0.012392,13581,0.020872,1.2813,0.0010951,0.022336,0.00021867,-0.0022991,-0.00019321,1,2,0.57023,99.36,0.6,0,0,-0.0017166,-0.010491,0.0013352,0.10586,-0.099302,0.012601,0.00095369,0.010872,-0.0040055,0.10357,-0.090254,0.0046438,-0.0019149,-0.004175,0.0038924,-0.0023596,-0.0018555,0.0053107,0.0044101,-0.0083782,0.007617,0.0037538,0.0052081,0.0049332,1.0473,3.6813,0.011502,-0.66894,2.9427,-1.6779,0.76799,-3.8645,0.90864,0.31993,0.22195,0.12591,0.15046,0.17429,-0.099509,-0.42621,-0.24707,0.2237,0.12176,0.048399,0.0069394,0.13198,-0.12348,0.033349,184,184,13585,10,1003.9
40.743,0.0013936,0.012399,13589,0.01907,1.2813,0.001068,0.022338,-0.0012174,-0.00022378,-0.0011733,1,2,0.60845,99.375,0.6,0,0,-0.0017166,-0.010491,0.0013352,0.10586,-0.099302,0.012601,0.00095369,0.010872,-0.0040055,0.10357,-0.090254,0.0046438,-0.0067688,-0.0023241,0.0060729,-0.0084866,0.0029443,0.0086263,0.01044,-0.0039959,0.0072107,-0.0027568,-0.0047323,0.013969,0.34908,3.8278,-0.24154,-0.31993,3.1416,-1.4924,0.48872,-3.5348,1.0237,0.95978,0.22816,0.35202,0.16461,0.16755,-0.046266,-0.4071,-0.23171,0.21445,0.027693,0.059782,-0.0068747,0.26546,-0.19499,-0.016152,184,184,13592,10,1003.9
40.761,0.0012503,0.01024,13597,0.018153,1.2802,0.0010567,0.022318,-0.00027655,-0.00096268,0.00065518,1,2,0.6488,99.341,0.6,0,0,-0.0017166,-0.010491,0.0013352,0.10586,-0.099302,0.012601,0.00095369,0.010872,-0.003624,0.10357,-0.090254,0.0046438,-0.0075441,-0.0040013,0.001214,-0.0031544,0.0012282,0.0037662,0.00014829,-0.0031085,0.0053493,0.00056701,-0.00079153,0.0045834,0.34908,3.6081,-0.37956,-0.14542,3.4831,-1.9634,0.76799,-3.4982,0.90864,0.66894,0.13666,0.28241,0.17917,0.13967,-0.022533,-0.36657,-0.18637,0.19941,-0.020359,0.069286,-0.021354,0.30109,-0.22898,-0.026248,184,184,13600,10,1003.9
40.783,0.0012662,0.011591,13607,0.021757,1.2797,0.0010579,0.02231,-0.00036535,0.00022018,-0.00098572,1,2,0.68964,99.369,0.6,0,0,-0.0017166,-0.010491,0.0013352,0.10586,-0.099302,0.012601,0.00095369,0.010872,-0.0040055,0.10357,-0.090254,0.0046438,-0.0063479,-0.00043651,0.0083139,0.00049182,0.00069097,0.0026587,0.0072243,-0.0035439,0.010256,0.0037946,0.0057202,0.0028464,1.0473,3.7912,-0.080513,-0.5526,3.423,-1.9317,-1.0473,-3.6447,0.77062,0.3781,0.14283,0.17415,0.19,0.10859,-0.013414,-0.33854,-0.17705,0.18297,-0.041122,0.073905,-0.026894,0.28633,-0.2288,-0.032974,184,184,13610,10,1003.9
40.801,0.0013666,0.010044,13615,0.018419,1.2797,0.0010556,0.02231,-0.00010067,0.00067695,-0.00093314,1,2,0.72972,99.333,0.6,0,0,-0.0017166,-0.010491,0.0013352,0.10586,-0.099302,0.012601,0.00095369,0.010872,-0.0040055,0.10357,-0.090254,0.0046438,-0.0027248,-0.0013751,0.0036796,-0.0078099,-0.0010779,0.01079,0.010742,-0.0031663,0.004914,0.0003711,0.006708,0.018489,0.34908,3.4615,-0.31055,-0.49443,3.0232,-1.8322,-0.62835,-3.5348,0.88564,0.66894,-0.25535,-0.21004,0.1871,0.073016,-0.0035992,-0.31411,-0.18698,0.15905,-0.035595,0.083946,-0.030211,0.236,-0.20806,-0.037835,184,184,13617,10,1003.9
40.833,0.0030229,0.022846,13622,0.031775,1.2793,0.001028,0.022305,-0.0022487,0.00043728,-0.00021806,1,2,0.77074,99.341,0.6,0,0,-0.0017166,-0.010491,0.0013352,0.10586,-0.099302,0.012601,0.00095369,0.010872,-0.003624,0.10357,-0.090254,0.0046438,-0.011963,-0.0039127,0.0021296,-0.011177,-0.00076257,0.0093341,0.001321,-0.0057118,0.00064625,0.003636,-0.0021988,0.0037301,-0.069817,3.9011,-0.44857,-1.1343,2.8237,-1.8832,-0.069817,-3.3516,0.56359,0.84344,0.0637,0.2224,0.17037,0.035566,0.0050609,-0.29145,-0.21663,0.12611,-0.0078181,0.10139,-0.031836,0.15355,-0.17415,-0.03913,184,184,13627,10,1003.9
40.844,0.001478,0.01066,13629,0.011013,1.2782,0.0010339,0.022285,-0.00051168,-0.0007616,-0.001303,1,2,0.81426,99.343,0.6,0,0,-0.0017166,-0.010491,0.0013352,0.10586,-0.099302,0.012601,0.00095369,0.010872,-0.003624,0.10357,-0.090254,0.0046438,-0.0047339,-0.0026028,0.0059023,-0.0020825,-0.0049885,0.012697,-0.00071101,-0.007606,-0.0056406,0.0047918,-0.0017456,0.015303,1.0473,3.9377,-0.011502,-0.31993,3.2016,-1.5242,0.76799,-3.4982,0.79363,0.66894,0.42104,0.31801,0.14482,0.013596,0.0068095,-0.28139,-0.26129,0.091265,0.03492,0.11166,-0.029231,0.051318,-0.14043,-0.032647,184,184,13631,10,1003.9
40.864,0.0024543,0.012468,13635,0.020121,1.279,0.0010271,0.022299,-0.00016271,0.00076561,0.00067582,1,2,0.85292,99.326,0.6,0,0,-0.0017166,-0.010491,0.0013352,0.10586,-0.099302,0.012601,0.00095369,0.010872,-0.0040055,0.10357,-0.090254,0.0046438,-0.011261,-0.0082622,0.0060383,0.0020881,0.0033647,0.009451,0.0088933,-0.0040693,0.00028768,0.0071195,0.0011177,0.01191,0.34908,3.6813,-0.10352,-0.31993,3.3224,-1.7444,-0.62835,-4.011,1.0007,0.029084,0.07731,0.3186,0.11712,0.0078429,-0.0003992,-0.2876,-0.31257,0.061931,0.079825,0.1154,-0.020559,-0.048291,-0.12792,-0.025958,184,184,13637,10,1003.9
40.884,0.0014775,0.013149,13640,0.019922,1.2792,0.001036,0.022303,-0.0010137,-0.001221,-0.000436,1,2,0.88927,99.325,0.6,0,0,-0.0017166,-0.010491,0.0013352,0.10586,-0.099302,0.012601,0.00095369,0.010872,-0.0040055,0.10357,-0.090254,0.0046438,-0.0092226,-0.0038103,0.0035986,-0.0041242,0.0014742,0.016968,0.0064659,-0.0052295,0.0043824,0.0050336,0.011097,0.018144,-0.069817,3.6081,-0.49458,-0.3781,2.7637,-1.8515,-0.069817,-3.3516,1.0237,0.3781,0.050089,0.1262,0.09282,-0.0022213,-0.0069374,-0.29207,-0.34541,0.030246,0.11253,0.11478,-0.003762,-0.14421,-0.14959,-0.03031,184,184,13643,10,1003.9
40.902,0.0015673,0.011293,13646,0.017327,1.2791,0.0010333,0.022301,0.00061254,0.00053494,0.00063237,1,2,0.92792,99.334,0.6,0,0,-0.0017166,-0.010491,0.0013352,0.10586,-0.099302,0.012601,0.00095369,0.010872,-0.003624,0.10357,-0.090254,0.0046438,-0.010421,-0.010318,0.0027791,0.0011053,-0.00035583,0.011041,0.00049808,-0.0060075,0.0018019,0.0027593,0.0017134,0.0028492,-0.069817,3.4982,-0.51758,-0.49443,2.7235,-1.8079,0.48872,-3.6447,0.6556,0.66894,0.36046,0.37584,0.084892,-0.019217,-0.010596,-0.30406,-0.33393,-0.0085763,0.12358,0.11035,0.017888,-0.20206,-0.1693,-0.065965,184,184,13649,10,1003.9
40.919,0.0025748,0.0089955,13654,0.017316,1.278,0.0010114,0.022282,-0.00014288,-0.00075949,-0.00092757,1,2,0.96917,99.336,0.6,0,0,-0.0017166,-0.010491,0.0013352,0.10586,-0.099302,0.012601,0.00095369,0.010872,-0.003624,0.10357,-0.090254,0.0046438,-0.0098045,-0.010245,0.010865,-0.0014216,0.0010653,0.0040944,0.003583,-0.0053428,0.0070539,0.0011334,0.0028071,0.011287,-0.48872,3.6813,-0.011502,-0.31993,3.423,-1.9317,-1.8851,-3.315,0.90864,0.66894,-0.15147,-0.022591,0.091892,-0.03593,-0.0068147,-0.29292,-0.2854,-0.061875,0.12487,0.088938,0.045671,-0.2514,-0.18195,-0.12485,184,184,13654,10,1003.9
40.943,0.0016831,0.012561,13661,0.024083,1.2785,0.0010252,0.022291,0.00066748,0.00027512,0.001901,1,2,0.0083472,99.334,0.6,0,0,-0.0017166,-0.010491,0.0013352,0.10586,-0.099302,0.012601,0.00095369,0.010872,-0.003624,0.10357,-0.090254,0.0046438,-0.0014377,-0.00060109,0.0061683,0.00029783,-0.0028214,0.0078228,0.0045119,-0.0052588,0.0063061,0.0022372,-0.0035881,0.0053801,0.34908,3.1319,-0.12652,-0.14542,3.243,-1.8589,-0.20945,-3.5348,1.1387,0.84344,0.57929,0.22151,0.10377,-0.046457,0.0008464,-0.19809,-0.22268,-0.10354,0.14079,0.018704,0.092096,-0.30883,-0.18601,-0.18775,184,184,13664,10,1003.9
40.965,0.0017673,0.014675,13668,0.022207,1.2783,0.0010495,0.022286,0.0013257,0.00045767,-0.00025871,1,2,0.048767,99.335,0.6,0,0,-0.0017166,-0.010491,0.0013352,0.10586,-0.099302,0.012601,0.00095369,0.010872,-0.0040055,0.10357,-0.090254,0.0046438,0.0028507,-0.0063561,0.0084503,-0.002606,0.00092087,0.0096666,0.0082231,-0.0041119,0.0041066,0.0045448,0.00015731,0.010357,0.34908,3.4982,-0.10352,-0.49443,2.8633,-1.7924,-0.20945,-3.4249,0.93165,0.66894,0.50016,0.26976,0.10053,-0.021577,0.02174,0.099905,-0.11947,-0.054278,0.17556,-0.13311,0.13003,-0.35424,-0.20199,-0.24058,184,184,13669,10,1003.9
40.994,0.0013533,0.0042209,13673,0.029179,1.2797,0.0010382,0.022311,-0.00062557,0.0018787,-0.0011718,1,2,0.12718,99.336,0.6,0,0,-0.0017166,-0.010491,0.0013352,0.10586,-0.099302,0.012601,0.00095369,0.010872,-0.0040055,0.10357,-0.090254,0.0046438,0.0014946,-0.0059194,0.010884,-0.0029216,0.00085961,0.013356,0.0051541,-0.0061763,0.0070057,0.0014671,0.0041853,0.0076263,0.34908,3.7912,0.080513,-0.84344,2.7625,-1.5827,0.34908,-3.6081,0.79363,0.84344,0.53973,0.24564,0.027205,0.018118,0.030183,0.30287,-0.17833,0.0097845,0.20666,-0.18566,0.093426,-0.31715,-0.18855,-0.24704,184,184,13674,10,1003.9
41.024,0.0013068,0.011802,13683,0.029382,1.2793,0.0010337,0.022304,-0.00083049,-0.0007114,-0.0016113,1,2,0.17079,99.333,0.6,0,0,-0.0017166,-0.010491,0.0013352,0.10586,-0.099302,0.012601,0.00095369,0.010872,-0.003624,0.10357,-0.090254,0.0046438,-0.0035422,-0.0061512,-6.7806e-05,-0.0029585,-0.0038425,0.0098789,0.0031526,-0.0041163,0.0059876,-0.00036528,0.0086156,0.0061754,0.62835,3.6081,-0.14952,-0.31993,3.2628,-1.8247,-0.34908,-3.6447,0.42557,0.31993,-0.00058186,0.34519,-0.040485,0.030705,0.046844,0.33982,-0.20582,0.025081,0.20571,-0.16769,0.059528,-0.26728,-0.15282,-0.24422,184,184,13686,10,1003.9
41.042,0.0012893,0.011553,13690,0.018054,1.2784,0.0010282,0.022288,0.0010605,0.00031206,0.0010634,1,2,0.20737,99.339,0.6,0,0,-0.0017166,-0.010491,0.0013352,0.10586,-0.099302,0.012601,0.00095369,0.010872,-0.003624,0.10357,-0.090254,0.0046438,-0.0049807,0.0028377,-0.0026274,-0.005153,-0.00080951,0.0099965,0.0071617,-0.0049496,-0.0034125,0.0013619,0.0054461,0.00079003,1.0473,3.5714,0.19553,-1.0179,2.7625,-1.5827,0.20945,-3.5714,0.79363,0.66894,0.07731,0.3186,-0.055781,0.027291,0.053829,0.31763,-0.19634,0.024672,0.20342,-0.13671,0.045864,-0.2503,-0.14387,-0.22899,184,184,13693,10,1003.9
41.064,0.0014032,0.012849,13699,0.021861,1.2785,0.0010512,0.02229,0.00080782,-0.00023212,-7.9594e-05,1,2,0.24872,99.321,0.6,0,0,-0.0017166,-0.010491,0.0013352,0.10586,-0.099302,0.012601,0.00095369,0.010872,-0.0040055,0.10357,-0.090254,0.0046438,-0.0036028,-0.0045946,0.0030034,-0.0078676,-0.0012267,0.0059259,0.0065676,-0.0049723,-5.8242e-05,0.0033461,0.0022695,-0.0069057,1.0473,3.3883,-0.14952,-1.4251,3.0027,-1.7096,0.76799,-3.4982,0.79363,0.3781,-0.08468,0.14568,-0.038725,0.017828,0.05412,0.25088,-0.17475,0.02001,0.19781,-0.097777,0.035192,-0.24563,-0.14548,-0.19283,184,184,13702,10,1003.9
41.081,0.001327,0.0093148,13706,0.017005,1.278,0.0010426,0.02228,0.00072971,-0.0012225,-0.00089009,1,2,0.28954,99.342,0.6,0,0,-0.0017166,-0.010491,0.0013352,0.10586,-0.099302,0.012601,0.00095369,0.010872,-0.003624,0.10357,-0.090254,0.0046438,-0.0054774,0.002379,0.010216,-0.0040501,-0.0015034,0.013136,0.0070372,-0.005717,-0.007262,-0.00014212,0.0073739,-0.00035506,0.62835,3.9011,0.080513,-1.1343,3.3624,-1.7656,0.069817,-3.4982,0.77062,0.20359,-0.6782,-0.1612,-0.0027386,0.0045268,0.051728,0.15788,-0.14223,0.013432,0.18492,-0.069825,0.030678,-0.24424,-0.16327,-0.14841,184,184,13708,10,1003.9
41.103,0.0014067,0.01215,13714,0.021828,1.2792,0.001035,0.022303,-0.00020809,0.00086638,-0.002432,1,2,0.3278,99.447,0.6,0,0,-0.0017166,-0.010491,0.0013352,0.10586,-0.099302,0.012601,0.00095369,0.010872,-0.0040055,0.10357,-0.090254,0.0046438,-0.0046078,-0.0057323,0.0020948,-0.00024989,5.9528e-05,0.0091409,0.0093871,-0.0045666,-0.001222,-0.00048786,0.003501,0.021077,0.34908,3.4615,-0.034505,-0.5526,3.0422,-1.5964,-1.3265,-3.2418,0.77062,0.84344,-0.20464,-0.094665,0.039665,-0.0071854,0.045772,0.051626,-0.10363,0.0083533,0.16451,-0.062464,0.029006,-0.23971,-0.19847,-0.11304,184,184,13718,10,1003.9
41.115,0.0012614,0.004348,13723,0.012403,1.2788,0.0010294,0.022295,-0.00071835,-0.00047789,0.00070501,1,2,0.36791,99.449,0.6,0,0,-0.0017166,-0.010491,0.0013352,0.10586,-0.099302,0.012601,0.00095369,0.010872,-0.0040055,0.10357,-0.090254,0.0046438,-0.0042027,-0.0070248,0.0087344,0.0052063,0.0026787,0.0083384,0.01035,-0.0044008,-0.0019749,0.0049658,2.4473e-05,0.012738,1.8851,3.6813,-0.24154,-0.31993,2.4244,-1.9181,-0.62835,-3.7912,1.0237,1.0179,-0.12424,0.1698,0.079321,-0.024393,0.046213,-0.051669,-0.073518,0.0086196,0.14456,-0.073067,0.030176,-0.23931,-0.23866,-0.094998,184,184,13724,10,1003.9
41.142,0.0013395,0.011709,13732,0.027307,1.2798,0.0010123,0.022313,-0.00023446,0.00059426,-0.00023977,1,2,0.40796,99.444,0.6,0,0,-0.0017166,-0.010491,0.0013352,0.10586,-0.099302,0.012601,0.00095369,0.010872,-0.0040055,0.10357,-0.090254,0.0046438,-0.0073819,-0.0086882,0.0052014,-0.010615,-0.0005212,0.011052,0.0056461,-0.0040874,0.0023448,0.0022906,0.0042471,0.014804,0.34908,3.3516,-0.21853,-0.78527,3.3029,-1.8682,0.34908,-3.8645,0.88564,0.31993,0.031541,0.11661,0.1068,-0.034142,0.046097,-0.11947,-0.069788,0.012253,0.13172,-0.073398,0.030895,-0.25556,-0.26849,-0.084123,184,184,13736,10,1003.9
41.164,0.0014804,0.012179,13741,0.021341,1.2803,0.0010164,0.022322,0.00039449,0.00095962,-7.0429e-05,1,2,0.44965,99.445,0.6,0,0,-0.0017166,-0.010491,0.0013352,0.10586,-0.099302,0.012601,0.00095369,0.010872,-0.0040055,0.10357,-0.090254,0.0046438,9.6743e-05,-0.0077334,0.0045269,-0.0034044,-0.0024625,0.012067,0.0011623,-0.0041532,0.005777,-0.00034259,0.0065908,0.02226,-0.76799,3.5714,0.080513,-0.49443,3.2423,-1.7021,-0.62835,-3.5348,0.79363,0.66894,-0.15147,-0.022591,0.11394,-0.034127,0.0365,-0.16333,-0.073967,0.036314,0.13426,-0.059036,0.030502,-0.27773,-0.26625,-0.048047,184,184,13745,10,1003.9
41.186,0.002008,0.015051,13749,0.022114,1.2793,0.0010102,0.022306,-0.00045795,-0.00052254,0.00064889,1,2,0.48946,99.448,0.6,0,0,-0.0017166,-0.010491,0.0013352,0.10586,-0.099302,0.012601,0.00095369,0.010872,-0.003624,0.10357,-0.090254,0.0046438,-2.9314e-05,-0.0061596,0.009089,-0.0069301,3.6007e-05,0.0097446,0.0054891,-0.0025471,0.0055921,0.011307,-0.00020921,0.0060258,0.62835,3.5714,-0.10352,-0.49443,2.9626,-1.666,0.48872,-3.4982,0.77062,0.3781,0.55087,0.38514,0.1169,-0.012686,0.010819,-0.21112,-0.09296,0.071887,0.14264,-0.031198,0.022491,-0.27517,-0.23063,0.024627,184,184,13753,10,1003.9
41.201,0.0014352,0.0098507,13756,0.015365,1.2794,0.0010227,0.022307,-0.0010738,-0.0013882,-0.00021103,1,2,0.52949,99.444,0.6,0,0,-0.0017166,-0.010491,0.0013352,0.10586,-0.099302,0.012601,0.00095369,0.010872,-0.003624,0.10357,-0.090254,0.0046438,-0.0090427,-0.0059044,0.01021,0.0016171,0.00083625,0.0035578,0.0062056,-0.0014981,0.00010934,-0.00013295,0.0048069,0.0066537,0.62835,3.6813,-0.057509,-0.31993,2.9042,-2.0375,0.34908,-3.4249,0.77062,0.84344,0.038946,-0.013297,0.12666,0.057413,-0.047199,-0.29698,-0.14228,0.13292,0.14591,0.01916,0.013267,-0.18191,-0.16714,0.10727,184,184,13758,10,1003.9
41.215,0.0014294,0.0044333,13764,0.014322,1.2795,0.0010182,0.022309,-0.00028343,0.0010852,0.00013175,1,2,0.56897,99.449,0.6,0,0,-0.0017166,-0.010491,0.0013352,0.10586,-0.099302,0.012601,0.00095369,0.010872,-0.0040055,0.10357,-0.090254,0.0046438,-0.0069838,-0.0029482,0.002026,-0.0051728,-0.0033995,0.0090695,0.0018341,-0.0051016,-0.00061447,0.010323,0.0025129,-0.0014504,-0.48872,3.5714,-0.31055,-0.14542,3.3228,-1.8564,-0.62835,-3.4249,0.90864,0.84344,-0.26275,-0.080132,0.15008,0.1722,-0.09972,-0.4231,-0.24374,0.22287,0.1236,0.047891,0.0074382,0.12361,-0.12322,0.03551,184,184,13765,10,1003.9
41.246,0.0016496,0.015265,13771,0.030381,1.2806,0.00099547,0.022328,-0.00092193,0.0012447,0.00038202,1,2,0.60851,99.445,0.6,0,0,-0.0017166,-0.010491,0.0013352,0.10586,-0.099302,0.012601,0.00095369,0.010872,-0.0040055,0.10357,-0.090254,0.0046438,-0.0063803,-0.005845,0.0040252,-0.0129,0.001121,0.0061171,0.00032529,-0.0056889,0.0084536,0.0032175,-0.0057267,-0.0063375,-0.069817,3.6081,0.12652,-0.49443,3.0226,-1.6978,0.76799,-3.4249,0.90864,0.66894,0.53726,0.28894,0.1647,0.1683,-0.047856,-0.40934,-0.23428,0.21515,0.029831,0.059661,-0.0066433,0.26445,-0.19288,-0.015569,184,184,13775,10,1003.9
41.262,0.0016279,0.010149,13778,0.016163,1.281,0.0010014,0.022336,-0.0012179,-0.0013564,0.00038509,1,2,0.65056,99.441,0.6,0,0,-0.0017166,-0.010491,0.0013352,0.10586,-0.099302,0.012601,0.00095369,0.010872,-0.003624,0.10357,-0.090254,0.0046438,-0.0028379,-0.0039995,0.010847,-0.0011661,-0.0013083,0.013227,0.00099653,-0.0017301,-0.0037821,0.0042852,-0.0019827,0.010212,0.34908,3.4982,-0.057509,-1.1343,2.6075,-1.3667,0.76799,-3.8645,0.79363,0.49443,0.53232,0.37555,0.17909,0.1385,-0.021881,-0.36534,-0.18544,0.19787,-0.019584,0.069261,-0.020859,0.2993,-0.22887,-0.026965,184,184,13779,10,1003.9
41.283,0.0014132,0.010105,13785,0.020758,1.281,0.001007,0.022334,-0.00034097,0.00015562,0.0010691,1,2,0.69219,99.447,0.6,0,0,-0.0017166,-0.010491,0.0013352,0.10586,-0.099302,0.012601,0.00095369,0.010872,-0.0040055,0.10357,-0.090254,0.0046438,-0.01032,-0.0025301,0.0038616,-0.0069902,-0.0022399,0.015581,0.0086081,-0.00018481,-0.0020577,0.00070721,0.0031427,0.022045,0.34908,3.7912,-0.47158,-0.31993,3.2228,-1.8035,-0.62835,-3.2051,0.77062,0.66894,0.050089,0.1262,0.18953,0.10674,-0.012958,-0.33765,-0.17783,0.18125,-0.039868,0.074491,-0.026765,0.28312,-0.22755,-0.033636,184,184,13787,10,1003.9
41.306,0.0013719,0.015725,13791,0.023292,1.2796,0.0010158,0.02231,-0.00080904,0.00039378,-0.00056378,1,2,0.72737,99.444,0.6,0,0,-0.0017166,-0.010491,0.0013352,0.10586,-0.099302,0.012601,0.00095369,0.010872,-0.0040055,0.10357,-0.090254,0.0046438,-0.0023483,-0.0055208,0.0066415,-0.0076464,-0.0011316,0.0078951,0.010191,-0.0041993,0.0052556,0.0025688,0.0053264,0.021287,-0.48872,3.2784,-0.49458,-0.5526,3.0432,-1.8427,-2.4436,-3.4982,0.79363,1.1343,0.42104,0.31801,0.18727,0.075222,-0.0051026,-0.31639,-0.1876,0.15984,-0.035111,0.083799,-0.030188,0.23843,-0.20792,-0.037365,184,184,13796,10,1003.9
41.326,0.0013764,0.013624,13799,0.020058,1.2776,0.0010105,0.022275,0.00036563,-0.00097901,0.00075425,1,2,0.7717,99.437,0.6,0,0,-0.0017166,-0.010491,0.0013352,0.10586,-0.099302,0.012601,0.00095369,0.010872,-0.0040055,0.10357,-0.090254,0.0046438,-0.0039363,-0.0054734,-0.0013573,-0.0042629,0.0011437,0.013287,0.004258,-0.004112,0.0063065,0.0071465,0.0029371,-0.0018772,-0.48872,3.6813,-0.31055,-0.31993,2.9421,-1.5435,0.069817,-3.5714,0.79363,0.49443,-0.019165,0.0012358,0.17073,0.034888,0.0058333,-0.28987,-0.21571,0.12551,-0.0085972,0.10092,-0.031884,0.15228,-0.1744,-0.039465,184,184,13803,10,1003.9
41.344,0.0015434,0.012778,13805,0.017929,1.2786,0.0010287,0.022291,0.00097768,-0.0015999,-0.00098564,1,2,0.80952,99.444,0.6,0,0,-0.0017166,-0.010491,0.0013352,0.10586,-0.099302,0.012601,0.00095369,0.010872,-0.0040055,0.10357,-0.090254,0.0046438,-0.010049,-0.010701,-0.0011977,-0.0057905,0.00082304,0.0060258,0.013592,-0.0063683,-0.0026645,0.0064442,0.0021459,0.0051707,-0.48872,3.6081,-0.44857,-0.49443,3.3224,-1.7444,-0.62835,-3.315,1.0007,0.84344,0.18239,0.15003,0.14613,0.015878,0.0052984,-0.28249,-0.25898,0.093332,0.034169,0.11134,-0.028512,0.058001,-0.14148,-0.033385,184,184,13808,10,1003.9
41.364,0.001507,0.011525,13812,0.0202,1.2791,0.0010404,0.0223,-0.000403,0.0016229,9.7013e-05,1,2,0.85242,99.449,0.6,0,0,-0.0017166,-0.010491,0.0013352,0.10586,-0.099302,0.012601,0.00095369,0.010872,-0.0040055,0.10357,-0.090254,0.0046438,-0.0025446,-0.0046037,0.0062984,-0.0099774,0.0025147,0.013183,0.00037855,-0.0068635,0.0012895,0.0013957,0.0050901,0.018437,-0.48872,3.5714,-0.37956,-1.4833,3.383,-1.9105,-0.069817,-3.4249,0.90864,0.49443,0.09212,0.058776,0.11817,0.0076459,0.00062896,-0.28752,-0.31092,0.063143,0.077665,0.11524,-0.021389,-0.044837,-0.12759,-0.026105,184,184,13815,10,1003.9
41.382,0.0013679,0.01128,13819,0.018212,1.2782,0.0010479,0.022285,0.0016223,-0.00030787,-0.0010592,1,2,0.88915,99.451,0.6,0,0,-0.0017166,-0.010491,0.0013352,0.10586,-0.099302,0.012601,0.00095369,0.010872,-0.003624,0.10357,-0.090254,0.0046438,-0.0086327,-0.00089363,0.0094418,-0.0039624,-0.0025457,0.010277,0.00073108,-0.0043245,0.008238,0.00094504,0.002641,0.0013077,1.8851,3.7912,0.057509,-0.49443,3.0816,-1.4607,0.34908,-3.4982,0.6556,0.49443,0.196,0.24623,0.093242,-0.0017784,-0.0062959,-0.2918,-0.34439,0.031257,0.11173,0.11459,-0.0040994,-0.14292,-0.14937,-0.030088,184,184,13822,10,1003.9
41.401,0.0014098,0.010013,13827,0.018404,1.2774,0.0010449,0.022269,0.00037417,-0.00055224,0.0010327,1,2,0.92857,99.451,0.6,0,0,-0.0017166,-0.010491,0.0013352,0.10586,-0.099302,0.012601,0.00095369,0.010872,-0.0040055,0.10357,-0.090254,0.0046438,-0.0080792,-5.6692e-05,0.0059518,-0.0074506,0.0012825,0.0049921,-0.00045518,-0.0060692,0.0052683,0.0030167,0.0084097,0.0079673,1.0473,3.6813,-0.33355,-0.49443,2.9421,-1.5435,-0.90762,-3.3516,0.77062,0.66894,-0.079744,0.059073,0.08486,-0.019544,-0.010258,-0.30406,-0.33386,-0.0076729,0.12332,0.11007,0.017939,-0.20264,-0.16997,-0.066275,184,184,13829,10,1003.9
41.42,0.0013923,0.0098457,13835,0.019283,1.2782,0.0010312,0.022286,2.0223e-05,0.00066027,-0.00041116,1,2,0.96737,99.444,0.6,0,0,-0.0017166,-0.010491,0.0013352,0.10586,-0.099302,0.012601,0.00095369,0.010872,-0.003624,0.10357,-0.090254,0.0046438,-0.0010404,-0.0093414,0.0089372,0.0011156,-0.0014281,0.010171,0.0080525,-0.0018257,-0.0034711,0.0029096,-0.00015277,0.0078612,1.4662,3.5714,-0.14952,-1.1343,3.1433,-1.8956,-0.62835,-3.7912,0.79363,0.49443,0.196,0.24623,0.092215,-0.035202,-0.0067377,-0.29268,-0.28549,-0.058955,0.12491,0.089436,0.045003,-0.24964,-0.1814,-0.12284,184,184,13837,10,1003.9
41.442,0.0013007,0.010083,13844,0.022135,1.2799,0.0010487,0.022314,0.00021787,0.0011434,8.1945e-05,1,2,0.010977,99.442,0.6,0,0,-0.0017166,-0.010491,0.0013352,0.10586,-0.099302,0.012601,0.00095369,0.010872,-0.0040055,0.10357,-0.090254,0.0046438,-0.014233,-0.0013811,0.0025345,-0.0091845,0.00029112,0.0098604,0.0024357,-0.0044457,-0.0037044,0.0016609,0.0041715,0.0063498,1.0473,3.3883,-0.37956,0.087253,3.1222,-1.6387,-0.90762,-3.4982,0.90864,0.66894,-0.20464,-0.094665,0.10322,-0.046991,0.00085308,-0.19417,-0.22263,-0.10426,0.14121,0.016296,0.093112,-0.31046,-0.18631,-0.18997,184,184,13846,10,1003.9
41.463,0.0014021,0.011905,13851,0.021067,1.2784,0.0010583,0.022286,-0.00022078,0.00014874,0.00065544,1,2,0.049652,99.446,0.6,0,0,-0.0017166,-0.010491,0.0013352,0.10586,-0.099302,0.012601,0.00095369,0.010872,-0.0040055,0.10357,-0.090254,0.0046438,-0.0053587,-0.0028354,0.0092415,-0.001207,0.00065331,0.011991,0.00079868,-0.0021712,0.0038998,-0.00050893,0.0068861,0.014845,0.34908,3.4982,0.057509,-0.14542,3.0827,-1.7295,0.76799,-3.6447,0.79363,0.31993,0.024136,0.24652,0.10026,-0.020449,0.021775,0.10784,-0.11756,-0.051885,0.17586,-0.13633,0.12985,-0.35555,-0.20311,-0.24096,184,184,13855,10,1003.9
41.483,0.0012582,0.010738,13861,0.020103,1.2789,0.0010404,0.022297,-0.00031158,-0.00056422,-0.0012912,1,2,0.092,99.448,0.6,0,0,-0.0017166,-0.010491,0.0013352,0.10586,-0.099302,0.012601,0.00095369,0.010872,-0.003624,0.10357,-0.090254,0.0046438,-0.013373,-0.0083828,0.01907,-0.0063032,-0.00056998,0.013315,0.0079971,-0.0099235,-0.0011888,1.5857e-05,0.0018677,0.006324,1.0473,3.7912,-0.24154,-0.49443,2.8042,-1.9846,-0.34908,-3.4249,0.67861,1.0179,0.14283,0.17415,0.026076,0.019141,0.023679,0.2933,-0.17258,0.013489,0.20291,-0.19695,0.10116,-0.32391,-0.195,-0.24603,184,184,13864,10,1003.9
41.504,0.0014275,0.012417,13868,0.020212,1.2796,0.001081,0.022306,0.0018769,0.00032968,0.0017173,1,2,0.12931,99.451,0.6,0,0,-0.0017166,-0.010491,0.0013352,0.10586,-0.099302,0.012601,0.00095369,0.010872,-0.0040055,0.10357,-0.090254,0.0046438,-0.008896,-0.003208,0.0026404,-0.00074108,-0.0028695,0.0086348,0.0064405,-0.0046973,0.0041278,0.0089239,-0.0042883,0.003992,-1.1869,3.3516,-0.24154,-0.029084,3.2423,-1.7021,-0.34908,-3.7179,0.77062,0.66894,-0.14653,-0.1092,-0.041703,0.031889,0.041406,0.35537,-0.20867,0.02805,0.20634,-0.19124,0.071784,-0.27647,-0.1623,-0.25385,184,184,13871,10,1003.9
41.522,0.0012298,0.0091938,13876,0.01827,1.2788,0.0010706,0.022293,0.0009421,-0.00030062,0.001408,1,2,0.17195,99.45,0.6,0,0,-0.0017166,-0.010491,0.0013352,0.10586,-0.099302,0.012601,0.00095369,0.010872,-0.0040055,0.10357,-0.090254,0.0046438,-0.0018821,-0.0081375,0.0068529,-0.0023517,-0.0021218,0.015244,0.0065823,-0.0033248,0.0055655,-0.0024446,-0.003673,-0.00026513,-0.76799,3.7179,-0.37956,-0.49443,3.0833,-1.8863,-0.62835,-3.5348,0.90864,0.20359,-0.014228,-0.085371,-0.067268,0.032882,0.051787,0.35934,-0.20871,0.029267,0.20518,-0.16643,0.054524,-0.25223,-0.14704,-0.25066,184,184,13878,10,1003.9
41.542,0.0013473,0.010956,13884,0.020312,1.2782,0.0010901,0.022282,0.00063704,-0.00026342,-0.002702,1,2,0.20934,99.448,0.6,0,0,-0.0017166,-0.010491,0.0013352,0.10586,-0.099302,0.012601,0.00095369,0.010872,-0.0040055,0.10357,-0.090254,0.0046438,-0.0024166,-0.0058177,0.010878,-0.0050454,-0.00076199,0.0092129,0.0067232,-0.0041915,0.0092835,0.0055315,0.010939,0.0122,0.34908,3.7912,-0.080513,-0.3781,2.9031,-1.7687,-0.62835,-3.6081,0.90864,0.84344,-0.068601,0.19857,-0.06546,0.028101,0.054468,0.32225,-0.1969,0.026433,0.20267,-0.13593,0.043682,-0.24439,-0.1427,-0.23092,184,184,13886,10,1003.9
41.561,0.0017664,0.009779,13891,0.018827,1.2792,0.0010739,0.0223,-0.0011784,0.001053,-0.0011782,1,2,0.25003,99.449,0.6,0,0,-0.0017166,-0.010491,0.0013352,0.10586,-0.099302,0.012601,0.00095369,0.010872,-0.0040055,0.10357,-0.090254,0.0046438,-0.0094676,-0.0038506,0.00064499,-0.0057934,-0.0031612,0.011234,0.0053875,-0.0071567,-0.0010206,0.0019906,0.0068796,0.013396,0.76799,3.4615,-0.057509,-0.14542,2.6629,-1.6418,-1.3265,-3.3516,1.2537,0.66894,0.024136,0.24652,-0.041141,0.017649,0.054332,0.25119,-0.17398,0.020543,0.19727,-0.096812,0.034446,-0.24376,-0.14545,-0.19269,184,184,13893,10,1003.9
41.581,0.0013618,0.009266,13899,0.019774,1.2772,0.0010878,0.022265,9.2707e-05,-0.001542,-0.00053033,1,2,0.28991,99.449,0.6,0,0,-0.0017166,-0.010491,0.0013352,0.10586,-0.099302,0.012601,0.00095369,0.010872,-0.003624,0.10357,-0.090254,0.0046438,-0.0045149,-0.004566,-0.0024929,-0.0004482,-0.00043155,0.010328,0.0054857,-0.0035585,-0.00020148,0.0053646,0.0028163,0.00021519,1.4662,3.3883,0.17253,-0.49443,3.0221,-1.5634,-1.3265,-3.6447,0.90864,0.84344,-0.31589,0.18216,-0.0031192,0.0044005,0.051663,0.15744,-0.14184,0.013597,0.1847,-0.069844,0.03076,-0.24378,-0.16347,-0.14817,184,184,13901,10,1003.9
41.602,0.0014773,0.010737,13907,0.02118,1.2777,0.001112,0.022273,0.0017867,7.2882e-05,0.00074217,1,2,0.32958,99.448,0.6,0,0,-0.0017166,-0.010491,0.0013352,0.10586,-0.099302,0.012601,0.00095369,0.010872,-0.0040055,0.10357,-0.090254,0.0046438,-0.012313,-0.0061326,-0.0064609,-0.00058524,0.0016312,0.0058028,0.0038322,-0.0047674,-0.0092421,0.0035016,0.0096323,0.013531,0.34908,3.8278,-0.26454,-0.3781,3.6621,-1.7898,-0.90762,-3.7912,0.79363,0.66894,-0.32333,-0.022295,0.040605,-0.0076651,0.045651,0.048258,-0.10208,0.0086554,0.16318,-0.061951,0.02853,-0.23979,-0.19999,-0.11185,184,184,13909,10,1003.9
41.615,0.0014787,0.0044568,13914,0.012747,1.2771,0.0011307,0.02226,0.0010229,-0.0012226,0.0012023,1,2,0.36737,99.443,0.6,0,0,-0.0017166,-0.010491,0.0013352,0.10586,-0.099302,0.012601,0.00095369,0.010872,-0.0040055,0.10357,-0.090254,0.0046438,-0.0022481,-0.0039254,-0.0025704,-0.0069386,-0.00058451,0.015328,0.0067372,-0.0062913,0.0052502,0.013903,0.0079711,0.029142,-0.069817,4.011,-0.33355,-0.14542,3.0226,-1.6978,-0.20945,-3.2051,0.88564,0.49443,-0.43461,-0.079836,0.080536,-0.024732,0.046161,-0.052461,-0.073423,0.007903,0.14406,-0.072997,0.030569,-0.23955,-0.23969,-0.094752,184,184,13915,10,1003.9
41.643,0.0013443,0.012471,13922,0.028327,1.2772,0.0011369,0.022262,0.00073026,0.00065349,0.0016442,1,2,0.40793,99.449,0.6,0,0,-0.0017166,-0.010491,0.0013352,0.10586,-0.099302,0.012601,0.00095369,0.010872,-0.003624,0.10357,-0.090254,0.0046438,-0.0023518,-0.0030094,0.0013443,-0.0038346,0.0038347,0.0071814,0.012985,-0.0050564,0.00076476,0.010539,0.0010113,0.006724,1.0473,3.6081,-0.011502,-0.66894,2.9031,-1.7687,0.48872,-3.7546,1.2307,0.49443,0.10326,0.19828,0.10656,-0.034269,0.046309,-0.11968,-0.069051,0.011625,0.13215,-0.073205,0.031267,-0.25494,-0.26816,-0.084204,184,184,13925,10,1003.9
41.662,0.0014686,0.011302,13930,0.019425,1.2776,0.0011261,0.02227,-0.00031266,-0.00081271,-5.5803e-05,1,2,0.44939,99.442,0.6,0,0,-0.0017166,-0.010491,0.0013352,0.10586,-0.099302,0.012601,0.00095369,0.010872,-0.003624,0.10357,-0.090254,0.0046438,-0.0021962,0.00015731,0.0086416,-0.0051198,-0.0010805,0.0082126,0.0055734,-0.0072942,-0.0060781,0.0063185,0.0057532,0.015242,0.76799,3.8278,-0.057509,-0.3781,3.2033,-1.9274,-0.62835,-3.6081,0.90864,0.3781,0.24544,0.04889,0.11381,-0.034248,0.036736,-0.16302,-0.073456,0.035634,0.13419,-0.059013,0.030708,-0.27755,-0.26625,-0.048423,184,184,13933,10,1003.9
41.68,0.0019615,0.010264,13937,0.017947,1.2773,0.0011119,0.022265,0.00050254,0.00092598,-0.0009124,1,2,0.48801,99.456,0.6,0,0,-0.0017166,-0.010491,0.0013352,0.10586,-0.099302,0.012601,0.00095369,0.010872,-0.003624,0.10357,-0.090254,0.0046438,-0.0017845,-0.0015772,0.0051941,-0.0068842,-0.0017906,0.014496,0.0080837,-0.003145,0.0078119,0.0062742,0.0050602,0.01473,0.34908,3.8278,-0.12652,-0.20359,3.1632,-1.8838,-0.34908,-3.4249,0.77062,0.66894,0.18239,0.15003,0.11682,-0.014187,0.01222,-0.20901,-0.091463,0.070159,0.14262,-0.032392,0.022988,-0.27628,-0.23246,0.022894,184,184,13939,10,1003.9
41.694,0.0014405,0.0030645,13945,0.013789,1.2765,0.0011023,0.022251,-0.0013205,-0.0014989,0.00059302,1,2,0.52926,99.446,0.6,0,0,-0.0017166,-0.010491,0.0013352,0.10586,-0.099302,0.012601,0.00095369,0.010872,-0.0040055,0.10357,-0.090254,0.0046438,-0.0018355,-0.0034628,0.0073367,-0.011848,-0.0015322,0.0094653,0.0019723,-0.0075303,0.0049907,0.012988,-0.0052011,0.003518,1.0473,3.2418,-0.19553,-0.49443,2.9432,-1.8123,-0.069817,-3.7546,0.81663,0.66894,-0.015427,0.27065,0.12643,0.055438,-0.045739,-0.29471,-0.14062,0.13119,0.14588,0.018085,0.01321,-0.18566,-0.16895,0.10634,184,184,13945,10,1003.9
41.712,0.0066309,0.0072939,13952,0.018092,1.2764,0.0010962,0.02225,-0.00056406,-0.00027248,0.00067704,1,2,0.56741,99.444,0.6,0,0,-0.0017166,-0.010491,0.0013352,0.10586,-0.099302,0.012601,0.00095369,0.010872,-0.0040055,0.10357,-0.090254,0.0046438,-0.013366,-0.0045156,0.0078366,-0.0042886,0.0027993,0.011738,0.0097594,0.0004145,0.011931,0.0057796,0.0034483,0.0023658,1.0473,3.6813,0.057509,-0.14542,2.9227,-1.6897,0.48872,-3.4982,0.77062,0.66894,0.196,0.24623,0.14934,0.17056,-0.099791,-0.42084,-0.2418,0.2212,0.12487,0.047449,0.0078833,0.11654,-0.12306,0.03742,184,184,13951,10,1003.9
41.75,0.0013351,0.018886,13959,0.037758,1.2753,0.0011263,0.022231,0.0013368,-0.0012025,-0.00027579,1,2,0.60916,99.444,0.6,0,0,-0.0017166,-0.010491,0.0013352,0.10586,-0.099302,0.012601,0.00095369,0.010872,-0.0040055,0.10357,-0.090254,0.0046438,-0.0085844,-0.00020375,0.0073095,-0.0092191,0.001843,0.0052175,0.0076825,-0.0019732,0.0063497,-0.0040211,-0.0026432,0.0082419,2.5832,3.7912,-0.33355,-0.31993,2.5835,-1.7563,-0.20945,-3.7179,0.90864,0.84344,-0.032775,-0.094962,0.16439,0.16963,-0.048788,-0.41066,-0.23573,0.2162,0.031913,0.059416,-0.0063248,0.26409,-0.19133,-0.015378,184,184,13964,10,1003.9
41.762,0.001796,0.011856,13966,0.012297,1.2751,0.0011433,0.022226,0.00028769,-0.00093273,0.0010003,1,2,0.64854,99.45,0.6,0,0,-0.0017166,-0.010491,0.0013352,0.10586,-0.099302,0.012601,0.00095369,0.010872,-0.003624,0.10357,-0.090254,0.0046438,-0.001142,-0.00073067,0.0053174,-0.0054313,0.00073874,0.0077506,0.0039994,-0.0078037,0.0090278,0.004824,0.0056388,0.017537,-0.069817,3.5714,-0.33355,-0.3781,3.2016,-1.5242,0.34908,-3.7912,0.79363,0.84344,0.43959,0.3276,0.17869,0.13978,-0.022068,-0.3662,-0.18597,0.19948,-0.019176,0.06898,-0.020684,0.29961,-0.22904,-0.026558,184,184,13969,10,1003.9
41.774,0.0015279,0.0033347,13974,0.012027,1.2748,0.0011181,0.022222,2.6667e-05,-0.00013232,0.00024455,1,2,0.68922,99.453,0.6,0,0,-0.0017166,-0.010491,0.0013352,0.10586,-0.099302,0.012601,0.00095369,0.010872,-0.0040055,0.10357,-0.090254,0.0046438,-0.012018,-0.0047495,0.0079903,-0.0023209,-0.0028721,0.01638,-0.0021861,-0.0047959,0.00084704,0.0041597,0.0012641,0.009553,0.34908,3.6813,-0.057509,-0.49443,2.7431,-1.7065,0.069817,-3.5714,0.77062,-0.14542,0.045152,0.21281,0.18919,0.10933,-0.013689,-0.33999,-0.17771,0.18323,-0.040065,0.074156,-0.026795,0.28684,-0.22838,-0.032872,184,184,13974,10,1003.9
41.796,0.0019224,0.0063826,13981,0.02208,1.2754,0.0011325,0.022231,0.00062755,0.00054572,-0.00021559,1,2,0.7279,99.448,0.6,0,0,-0.0017166,-0.010491,0.0013352,0.10586,-0.099302,0.012601,0.00095369,0.010872,-0.003624,0.10357,-0.090254,0.0046438,0.00011116,-0.0042059,0.0041053,-0.0020863,-0.0064936,0.0067867,0.0086929,-0.006965,0.0048871,0.00084921,-0.0032921,-0.0051783,-0.069817,3.6813,-0.10352,-0.14542,2.8821,-1.5117,-0.62835,-3.4982,0.90864,0.66894,-0.33447,-0.1618,0.18744,0.074774,-0.0040993,-0.31525,-0.18607,0.15999,-0.035947,0.083282,-0.02995,0.23866,-0.20887,-0.037638,184,184,13983,10,1003.9
41.824,0.0012686,0.012682,13990,0.027406,1.2751,0.0011347,0.022226,0.0008564,0.00091495,0.00042951,1,2,0.76905,99.447,0.6,0,0,-0.0017166,-0.010491,0.0013352,0.10586,-0.099302,0.012601,0.00095369,0.010872,-0.003624,0.10357,-0.090254,0.0046438,-0.0076423,-1.2566e-06,0.0017662,9.2019e-05,0.0032321,0.0071268,0.0067038,-0.0052646,0.0010706,0.0077233,-0.0041695,0.0050836,0.62835,3.1685,-0.011502,-0.49443,3.0021,-1.5528,0.34908,-3.7912,0.6556,0.3781,0.42104,0.31801,0.17184,0.037488,0.0050164,-0.29124,-0.21434,0.12818,-0.0098096,0.1001,-0.031916,0.15714,-0.17568,-0.039251,184,184,13994,10,1003.9
41.841,0.0020559,0.0097903,13998,0.017455,1.2745,0.0011295,0.022216,0.0004018,-0.00019535,-0.00046119,1,2,0.81123,99.449,0.6,0,0,-0.0017166,-0.010491,0.0013352,0.10586,-0.099302,0.012601,0.00095369,0.010872,-0.0040055,0.10357,-0.090254,0.0046438,-0.0059774,-0.012021,0.0014977,-0.0068273,-0.0049866,0.013554,-0.0044544,-0.0015129,-0.0063583,0.0048231,0.0026074,0.0072011,1.0473,4.0476,0.12652,-0.14542,2.7024,-1.5286,-0.62835,-3.4249,1.0237,0.84344,0.38147,0.34213,0.14624,0.015221,0.0063499,-0.28223,-0.25851,0.093098,0.032683,0.11129,-0.029247,0.057955,-0.14173,-0.033312,184,184,13999,10,1003.9
41.862,0.0017038,0.012174,14004,0.021034,1.2738,0.0011325,0.022204,-0.00055701,0.00015534,-0.00031171,1,2,0.84786,99.461,0.6,0,0,-0.0017166,-0.010491,0.0013352,0.10586,-0.099302,0.012601,0.00095369,0.010872,-0.0040055,0.10357,-0.090254,0.0046438,-0.0057512,-0.0027533,0.0049576,-0.0066658,0.00063849,0.013542,0.0097303,-0.0049645,0.0021014,0.006388,0.0072112,0.017679,-0.48872,3.6081,-0.12652,-0.20359,3.1228,-1.7731,0.34908,-3.1319,0.74762,0.66894,-0.1119,-0.046715,0.11938,0.0085214,0.00020674,-0.28683,-0.30737,0.064932,0.077498,0.11457,-0.020546,-0.038675,-0.12687,-0.026343,184,184,14007,10,1003.9
41.893,0.0015924,0.019176,14013,0.030196,1.2745,0.0011023,0.022217,-0.00062007,0.0012662,0.00027309,1,2,0.89393,99.44,0.6,0,0,-0.0017166,-0.010491,0.0013352,0.10586,-0.099302,0.012601,0.00095369,0.010872,-0.003624,0.10357,-0.090254,0.0046438,-0.0070492,0.0031827,0.0015775,-0.0034717,-0.0006734,0.0057778,0.0037661,-0.0050469,0.0022508,0.0024435,-0.0022477,-0.00056409,1.0473,3.7912,-0.011502,-0.78527,2.703,-1.6854,0.48872,-3.6081,0.90864,0.3781,0.47915,0.30347,0.093447,-0.0029431,-0.00535,-0.29235,-0.34472,0.030151,0.10905,0.11561,-0.0052075,-0.1466,-0.15069,-0.03224,184,184,14018,10,1003.9
41.904,0.0013267,0.011224,14020,0.011821,1.2753,0.0011064,0.022231,-0.0015892,0.00059187,0.0010839,1,2,0.93301,99.443,0.6,0,0,-0.0017166,-0.010491,0.0013352,0.10586,-0.099302,0.012601,0.00095369,0.010872,-0.0040055,0.10357,-0.090254,0.0046438,-0.010253,-0.004169,-0.00095409,-0.001156,0.0015629,0.010497,0.0003655,-0.0028988,0.011981,-0.00018114,0.0040626,0.0053048,1.4662,3.4615,0.12652,-0.61077,2.651,-1.2108,-0.34908,-3.5348,0.79363,0.31993,0.18239,0.15003,0.085376,-0.021284,-0.010029,-0.30518,-0.33083,-0.012458,0.12253,0.11013,0.018531,-0.20564,-0.17041,-0.071389,184,184,14023,10,1003.9
41.916,0.0031174,0.0054631,14026,0.011483,1.2755,0.0011114,0.022234,0.00017739,0.00075903,-0.00041206,1,2,0.97111,99.447,0.6,0,0,-0.0017166,-0.010491,0.0013352,0.10586,-0.099302,0.012601,0.00095369,0.010872,-0.0040055,0.10357,-0.090254,0.0046438,-0.0065472,-0.0031823,0.0014799,-0.0013678,0.0010401,0.010326,0.012757,-0.004065,0.0044325,0.0012009,-0.00090483,0.015538,0.62835,3.8278,-0.19553,-0.3781,3.3417,-1.5982,0.069817,-3.5348,0.90864,1.3088,0.10326,0.19828,0.093058,-0.036807,-0.0062076,-0.28923,-0.28124,-0.063553,0.12553,0.086106,0.047931,-0.25467,-0.18248,-0.12816,184,184,14025,10,1003.9
41.941,0.0013368,0.0096436,14032,0.02491,1.2735,0.001097,0.0222,6.3399e-05,-0.001173,-0.00082646,1,2,0.009031,99.451,0.6,0,0,-0.0017166,-0.010491,0.0013352,0.10586,-0.099302,0.012601,0.00095369,0.010872,-0.0040055,0.10357,-0.090254,0.0046438,-0.0065646,-0.0083532,0.0048784,0.0014509,0.0027569,0.012948,0.003735,-0.0055429,0.0077051,0.0084264,0.0033469,0.0098663,0.76799,3.7179,-0.034505,-0.84344,2.7042,-1.9542,0.90762,-3.5348,0.54059,1.0179,-0.1119,-0.046715,0.10432,-0.04622,0.00087686,-0.19193,-0.21984,-0.1037,0.14127,0.014456,0.094033,-0.31102,-0.18688,-0.19047,184,184,14034,10,1003.9
41.992,0.0015718,0.04105,14040,0.050861,1.2728,0.0010812,0.022189,-0.00026849,-0.00078191,-0.0010479,1,2,0.048421,99.446,0.6,0,0,-0.0017166,-0.010491,0.0013352,0.10586,-0.099302,0.012601,0.00095369,0.010872,-0.0040055,0.10357,-0.090254,0.0046438,-0.0064027,-0.00032084,0.010204,0.0023308,0.0025014,0.0096856,0.0041326,-0.0026893,0.013988,0.0066002,0.0072411,0.0098046,1.0473,3.8278,0.10352,-0.49443,2.9042,-2.0375,-1.7454,-3.6813,0.90864,1.0179,-0.1119,-0.046715,0.10005,-0.020499,0.021535,0.10561,-0.11737,-0.051666,0.17561,-0.13594,0.12997,-0.35496,-0.20328,-0.24065,184,184,14043,10,1003.9
42.003,0.0021464,0.011331,14045,0.011783,1.272,0.0010718,0.022174,-0.001213,-0.0015083,-0.00027479,1,2,0.13251,99.449,0.6,0,0,-0.0017166,-0.010491,0.0013352,0.10586,-0.099302,0.012601,0.00095369,0.010872,-0.0040055,0.10357,-0.090254,0.0046438,-0.0047286,-0.0014787,0.0021957,-0.0013341,0.00060866,0.010327,0.0056756,-0.0047908,0.0049678,0.0020049,-0.0019729,0.0028969,-0.76799,3.3883,-0.33355,-0.31993,2.8821,-1.5117,-1.0473,-3.2051,0.74762,1.0179,-0.019165,0.0012358,0.02631,0.018165,0.031164,0.30374,-0.17969,0.010364,0.2064,-0.18349,0.091192,-0.31523,-0.18722,-0.24616,184,184,14047,10,1003.9
42.024,0.0015008,0.0098923,14053,0.020556,1.2723,0.0010411,0.022182,9.7457e-06,-8.8134e-05,0.00045005,1,2,0.17531,99.437,0.6,0,0,-0.0017166,-0.010491,0.0013352,0.10586,-0.099302,0.012601,0.00095369,0.010872,-0.0040055,0.10357,-0.090254,0.0046438,-0.0026107,-0.0059857,0.0023536,-0.010005,0.0021227,0.010808,0.0047521,-0.004399,-0.0026917,-0.00042994,-0.0016496,0.0072278,0.34908,3.6081,-0.011502,-0.78527,2.703,-1.6854,0.48872,-3.5348,0.77062,0.84344,0.22816,0.35202,-0.040172,0.030298,0.047294,0.33635,-0.20476,0.024795,0.20547,-0.16426,0.057885,-0.2663,-0.15202,-0.24216,184,184,14055,10,1003.9
42.05,0.0015957,0.017529,14060,0.02626,1.2722,0.0010186,0.022182,-0.0005987,-0.0012182,-0.00028434,1,2,0.21272,99.45,0.6,0,0,-0.0017166,-0.010491,0.0013352,0.10586,-0.099302,0.012601,0.00095369,0.010872,-0.003624,0.10357,-0.090254,0.0046438,-0.0090856,-0.0074815,0.012696,0.00076757,-0.0012395,0.0064275,0.0082227,-0.0039264,-0.0067436,0.0057881,0.001745,0.0099655,1.0473,3.5348,-0.080513,-0.20359,3.0628,-1.7413,-0.76799,-3.4249,1.1387,0.31993,0.41977,0.0052902,-0.053387,0.026573,0.053733,0.30999,-0.19375,0.02415,0.20261,-0.13261,0.044534,-0.24983,-0.14365,-0.22479,184,184,14064,10,1003.9
42.064,0.0012978,0.00998,14068,0.013382,1.2722,0.0010325,0.02218,-0.000753,0.00075235,0.00043046,1,2,0.25399,99.441,0.6,0,0,-0.0017166,-0.010491,0.0013352,0.10586,-0.099302,0.012601,0.00095369,0.010872,-0.0040055,0.10357,-0.090254,0.0046438,-0.0010795,-0.0023263,0.0074744,-0.0070107,-0.0026763,0.0071517,0.01222,-0.0035678,-0.0012051,0.0020045,0.002479,0.0041227,0.34908,3.3883,0.011502,-0.49443,2.962,-1.5317,1.4662,-3.6447,0.88564,0.20359,-0.015427,0.27065,-0.034504,0.016167,0.054001,0.23953,-0.17108,0.019051,0.19698,-0.093057,0.034341,-0.24528,-0.14645,-0.18689,184,184,14070,10,1003.9
42.092,0.00152,0.012174,14077,0.0289,1.2733,0.00099563,0.022201,-0.0026126,0.0012945,0.0016629,1,2,0.3076,99.477,0.6,0,0,-0.0017166,-0.010491,0.0013352,0.10586,-0.099302,0.012601,0.00095369,0.010872,-0.0040055,0.10357,-0.090254,0.0046438,-0.0095977,-0.0033216,0.0021642,-0.0045622,-0.00086885,0.0064791,0.0067384,-0.003548,-0.0084484,0.0073622,0.00051877,0.0044108,-0.069817,3.6813,-0.31055,-0.66894,3.6421,-1.7792,-0.62835,-3.6447,0.67861,0.66894,0.16878,0.053833,0.0063025,0.0021522,0.049499,0.12191,-0.12799,0.013475,0.17796,-0.063132,0.026487,-0.2393,-0.17078,-0.13366,184,184,14081,10,1003.9
42.114,0.0012235,0.013019,14086,0.021548,1.273,0.0009803,0.022197,-0.00095686,-0.00019773,0.00094202,1,2,0.34865,99.451,0.6,0,0,-0.0017166,-0.010491,0.0013352,0.10586,-0.099302,0.012601,0.00095369,0.010872,-0.003624,0.10357,-0.090254,0.0046438,-0.0025338,-0.0079538,0.0079393,-0.0013177,-0.0030121,0.010113,0.0030583,-0.0047929,0.0063681,0.00045173,-0.012957,-0.0046839,0.34908,3.5714,-0.12652,-0.49443,2.5532,-1.2039,0.76799,-3.5348,0.90864,1.3088,0.038946,-0.013297,0.055537,-0.014437,0.04576,0.0024401,-0.08613,0.0098671,0.15452,-0.06489,0.028111,-0.23728,-0.2156,-0.10246,184,184,14090,10,1003.9
42.134,0.0064234,0.019834,14092,0.020138,1.2718,0.00095195,0.022177,-0.00010403,-0.00016555,0.0011979,1,2,0.38572,99.447,0.6,0,0,-0.0017166,-0.010491,0.0013352,0.10586,-0.099302,0.012601,0.00095369,0.010872,-0.003624,0.10357,-0.090254,0.0046438,-0.0059111,-0.002614,0.014949,-0.0064819,-0.0038173,0.014618,0.0044729,-0.0070624,0.0033255,0.00044885,0.00028422,0.0057146,1.0473,3.5714,0.057509,-0.66894,2.7431,-1.7065,-0.62835,-3.4982,0.90864,0.49443,0.70419,0.37525,0.094326,-0.030449,0.047062,-0.086277,-0.070312,0.0086286,0.13728,-0.074756,0.031068,-0.24499,-0.25495,-0.090585,184,184,14097,10,1003.9
42.155,0.0014184,0.014829,14100,0.020946,1.2714,0.00095246,0.02217,-0.00058633,-0.00069912,0.00034569,1,2,0.42748,99.448,0.6,0,0,-0.0017166,-0.010491,0.0013352,0.10586,-0.099302,0.012601,0.00095369,0.010872,-0.003624,0.10357,-0.090254,0.0046438,-0.00033476,-0.006641,0.0018163,-0.0065722,0.00034159,0.0085549,0.0010872,-0.0016236,0.0051807,0.009644,-0.0027359,0.015087,1.0473,3.4982,0.011502,-0.31993,3.1812,-1.4016,-1.3265,-4.011,0.77062,0.31993,-0.38391,0.035542,0.11127,-0.036009,0.043219,-0.14117,-0.070791,0.021338,0.1312,-0.068635,0.031619,-0.26681,-0.27216,-0.072673,184,184,14105,10,1003.9
42.171,0.0017922,0.010389,14108,0.015925,1.2722,0.00095704,0.022183,-0.0010399,0.0010559,-4.693e-05,1,2,0.46897,99.447,0.6,0,0,-0.0017166,-0.010491,0.0013352,0.10586,-0.099302,0.012601,0.00095369,0.010872,-0.003624,0.10357,-0.090254,0.0046438,-0.0049057,-0.0057325,0.0055386,-0.006612,-0.0027851,0.010836,0.00044076,-0.0060084,0.0064008,0.0066736,0.0070981,0.015168,-0.48872,3.7912,0.011502,-0.49443,2.6424,-1.5192,0.48872,-3.3516,1.0237,0.029084,-0.55951,-0.23357,0.11502,-0.027541,0.026973,-0.18335,-0.079782,0.051952,0.13818,-0.047675,0.027838,-0.28175,-0.25263,-0.017896,184,184,14110,10,1003.9
42.184,0.0015553,0.011419,14113,0.013203,1.2736,0.00095307,0.022209,0.0012568,-1.3392e-05,-0.00061937,1,2,0.49298,99.446,0.6,0,0,-0.0017166,-0.010491,0.0013352,0.10586,-0.099302,0.012601,0.00095369,0.010872,-0.0040055,0.10357,-0.090254,0.0046438,-0.0045925,-0.0038845,0.00037772,-0.0060438,0.0023688,0.0083501,0.0061085,-0.0035331,0.0051431,0.0078768,0.00071027,0.010073,1.0473,3.5714,-0.47158,-0.5526,2.7837,-1.8621,1.0473,-3.4249,0.90864,0.029084,0.40249,0.30842,0.11858,-0.0039603,0.0014582,-0.22567,-0.10327,0.0774,0.14443,-0.023288,0.020165,-0.26682,-0.22064,0.046952,184,184,14116,10,1003.9
42.204,0.001194,0.010939,14122,0.020075,1.273,0.00096383,0.022197,0.00085012,3.5626e-05,0.00027605,1,2,0.53337,99.448,0.6,0,0,-0.0017166,-0.010491,0.0013352,0.10586,-0.099302,0.012601,0.00095369,0.010872,-0.0040055,0.10357,-0.090254,0.0046438,0.0025598,-0.0073844,0.0032324,-0.0018406,-0.00098958,0.0045339,0.0050391,-0.0024738,-0.0016541,0.010624,-0.00054,0.0026799,-0.069817,3.6813,0.011502,0.087253,3.3029,-1.8682,-0.62835,-3.3516,0.88564,0.49443,0.13168,0.034653,0.1289,0.076002,-0.059519,-0.31614,-0.15591,0.14656,0.14686,0.027602,0.01243,-0.14355,-0.1527,0.1137,184,184,14125,10,1003.9
42.222,0.0049037,0.0079803,14131,0.01769,1.2727,0.0009273,0.022194,-0.001495,0.00031578,0.00043264,1,2,0.58207,99.45,0.6,0,0,-0.0017166,-0.010491,0.0013352,0.10586,-0.099302,0.012601,0.00095369,0.010872,-0.0040055,0.10357,-0.090254,0.0046438,0.00023361,-0.0043985,0.0033514,-0.011531,-0.0016311,0.01454,0.0083209,-0.0037557,0.0056052,0.006057,0.0067562,0.018217,-0.069817,3.5714,-0.14952,-0.5526,3.1032,-1.8521,0.76799,-3.5714,0.90864,1.0179,0.18239,0.15003,0.15509,0.183,-0.097835,-0.43857,-0.25984,0.23008,0.11068,0.050964,0.0041308,0.17724,-0.12833,0.021773,184,184,14132,10,1003.9
42.251,0.0012217,0.018104,14139,0.029318,1.274,0.00091783,0.022217,-0.0014208,0.0014221,-0.0002832,1,2,0.61306,99.446,0.6,0,0,-0.0017166,-0.010491,0.0013352,0.10586,-0.099302,0.012601,0.00095369,0.010872,-0.003624,0.10357,-0.090254,0.0046438,-0.0081439,-0.001923,0.010415,0.0015102,-0.0003108,0.015407,0.0062729,-0.0034611,0.0071563,0.003901,0.0050309,0.00083829,0.34908,3.7912,-0.080513,-0.66894,2.7042,-1.9542,-0.62835,-3.0586,1.0237,0.029084,0.24917,0.3183,0.16536,0.16166,-0.036776,-0.39536,-0.21616,0.20937,0.01527,0.061477,-0.008231,0.27366,-0.20748,-0.019367,184,184,14143,10,1003.9
42.261,0.0013136,0.0077161,14146,0.0096297,1.2736,0.00089402,0.022211,-0.00010871,-0.0012486,-0.00063575,1,2,0.65326,99.447,0.6,0,0,-0.0017166,-0.010491,0.0013352,0.10586,-0.099302,0.012601,0.00095369,0.010872,-0.0040055,0.10357,-0.090254,0.0046438,-0.0095901,0.00052908,0.0039241,-0.0019062,-0.0029066,0.0093016,0.0099401,-0.0053089,0.0063797,0.00066656,-0.0033024,-0.00049995,-0.48872,3.4615,-0.011502,-0.5526,2.8431,-1.737,-0.62835,-3.2418,0.74762,0.31993,-0.1119,-0.046715,0.18267,0.13651,-0.022734,-0.36362,-0.18583,0.19959,-0.02633,0.070061,-0.023834,0.30359,-0.22998,-0.026079,184,184,14147,10,1003.9
42.301,0.00236,0.019932,14157,0.03986,1.2738,0.00087204,0.022215,-0.00091614,0.00025222,-0.00096003,1,2,0.71037,99.448,0.6,0,0,-0.0017166,-0.010491,0.0013352,0.10586,-0.099302,0.012601,0.00095369,0.010872,-0.003624,0.10357,-0.090254,0.0046438,-0.0020925,-0.0067392,0.0085839,-0.003092,0.0012861,0.0072183,0.0074134,-0.0062726,0.0037022,0.0072458,0.0024277,0.016659,1.0473,3.5714,-0.011502,-0.49443,3.2835,-1.9921,0.76799,-3.7912,0.67861,0.66894,0.038946,-0.013297,0.18852,0.089674,-0.006473,-0.32427,-0.17635,0.17007,-0.039249,0.077085,-0.026334,0.26315,-0.22289,-0.037231,184,184,14162,10,1003.9
42.311,0.0014932,0.0097645,14164,0.01007,1.2729,0.00087774,0.0222,0.00047077,0.001205,8.9997e-05,1,2,0.74944,99.448,0.6,0,0,-0.0017166,-0.010491,0.0013352,0.10586,-0.099302,0.012601,0.00095369,0.010872,-0.003624,0.10357,-0.090254,0.0046438,-0.0074569,-0.0042016,0.011364,-0.0022836,0.0015917,0.0059204,0.0060652,-0.0031807,-0.0055704,0.0045569,0.0046581,0.010844,0.34908,3.7179,-0.057509,-0.3781,3.0833,-1.8863,-0.62835,-3.6813,0.67861,0.66894,-0.079744,0.059073,0.18089,0.055328,0.00033585,-0.30333,-0.2002,0.14439,-0.024028,0.092268,-0.031895,0.19944,-0.19183,-0.038351,184,184,14168,10,1003.9
42.326,0.0016126,0.012107,14172,0.015446,1.2724,0.00085561,0.02219,-0.0016398,0.00090194,0.00028381,1,2,0.77587,99.379,0.6,0,0,-0.0017166,-0.010491,0.0013352,0.10586,-0.099302,0.012601,0.00095369,0.010872,-0.0040055,0.10357,-0.090254,0.0046438,0.0030409,-0.0079547,0.0050368,-0.002479,-0.00062945,0.0064798,0.0022936,-0.0043875,-0.000627,0.0081628,0.005812,0.005086,0.34908,3.3883,-0.10352,0.087253,3.0215,-1.429,0.20945,-3.3516,1.0007,0.84344,-0.16508,-0.11879,0.16412,0.033191,0.0021594,-0.29077,-0.22721,0.11831,0.0068434,0.10393,-0.029842,0.1309,-0.16149,-0.037991,184,184,14173,10,1003.9
42.35,0.0018486,0.012765,14179,0.023528,1.2726,0.00084394,0.022196,-0.0026959,0.00078376,-0.0011566,1,2,0.82202,99.381,0.6,0,0,-0.0017166,-0.010491,0.0013352,0.10586,-0.099302,0.012601,0.00095369,0.010872,-0.003624,0.10357,-0.090254,0.0046438,0.00063424,-0.008596,0.0065283,-0.0058394,-0.0029238,0.0094686,0.011211,-0.0065045,0.0034718,0.0019882,0.011738,0.020663,-0.76799,3.3516,-0.011502,-0.49443,2.9231,-1.7793,-0.62835,-3.3516,1.1387,1.1343,-0.072339,-0.070838,0.13888,0.011091,0.00521,-0.28219,-0.27265,0.083468,0.045928,0.11262,-0.026754,0.028365,-0.13417,-0.031655,184,184,14182,10,1003.9
42.367,0.0015632,0.011238,14185,0.017004,1.2737,0.00083306,0.022215,0.0001324,0.00065274,0.00045746,1,2,0.8583,99.376,0.6,0,0,-0.0017166,-0.010491,0.0013352,0.10586,-0.099302,0.012601,0.00095369,0.010872,-0.0040055,0.10357,-0.090254,0.0046438,-0.0085896,-0.0047057,0.015882,-0.0090054,-0.00072702,0.013867,0.014427,-0.0033465,-0.0031544,-0.0013121,-0.00068817,0.0123,1.0473,3.3883,0.14952,-0.5526,3.5225,-1.8502,0.48872,-3.4249,0.67861,0.49443,0.050089,0.1262,0.112,0.0070837,-0.0023641,-0.28908,-0.32092,0.056514,0.089047,0.11531,-0.017017,-0.066391,-0.12973,-0.025541,184,184,14187,10,1003.9
42.378,0.0013537,0.0044214,14191,0.011381,1.2735,0.0008092,0.022213,-0.0012169,5.3203e-05,0.00012323,1,2,0.89449,99.375,0.6,0,0,-0.0017166,-0.010491,0.0013352,0.10586,-0.099302,0.012601,0.00095369,0.010872,-0.003624,0.10357,-0.090254,0.0046438,-0.0056433,-0.010192,0.012041,2.4115e-05,0.00097396,0.0049848,0.0086705,-0.0049441,0.0036468,0.0063908,0.002005,0.012967,1.4662,3.4982,-0.011502,-0.20359,3.9222,-1.9049,-0.76799,-3.3516,0.79363,0.84344,-0.15147,-0.022591,0.090463,-0.0044022,-0.0082865,-0.29354,-0.3468,0.024133,0.11609,0.11468,-0.00042473,-0.15533,-0.15226,-0.03346,184,184,14192,10,1003.9
42.409,0.0014559,0.014473,14199,0.030857,1.2724,0.00077513,0.022195,-0.0020532,-0.0015296,-0.001757,1,2,0.93631,99.372,0.6,0,0,-0.0017166,-0.010491,0.0013352,0.10586,-0.099302,0.012601,0.00095369,0.010872,-0.003624,0.10357,-0.090254,0.0046438,-0.0073953,-0.0056456,0.0085302,-0.0058324,0.00015858,0.0075569,0.00379,-0.0079526,0.0068084,0.00538,-0.0048086,0.004025,0.34908,3.4982,-0.44857,-1.0179,2.9828,-1.7214,-0.069817,-3.6447,0.88564,1.0179,0.34685,0.27965,0.085109,-0.023184,-0.010159,-0.30579,-0.328,-0.018722,0.12336,0.10908,0.021498,-0.21065,-0.17195,-0.076166,184,184,14203,10,1003.9
42.426,0.0012846,0.012128,14205,0.016761,1.2733,0.00076481,0.02221,0.00012536,-0.00063242,-0.00049862,1,2,0.97416,99.382,0.6,0,0,-0.0017166,-0.010491,0.0013352,0.10586,-0.099302,0.012601,0.00095369,0.010872,-0.003624,0.10357,-0.090254,0.0046438,-0.0045956,-0.0051707,0.010051,0.00036915,0.0012685,0.0084564,0.0050687,-0.0053987,2.6545e-05,-0.0052763,-0.0023459,0.011923,0.76799,3.2784,0.080513,-0.78527,2.783,-1.7053,0.76799,-3.4982,0.67861,0.31993,0.13168,0.034653,0.094062,-0.037875,-0.0058447,-0.28592,-0.27657,-0.069754,0.12628,0.082584,0.051033,-0.25955,-0.18275,-0.13314,184,184,14209,10,1003.9
42.451,0.0012276,0.015012,14215,0.024933,1.2724,0.00078866,0.022194,0.00020433,-0.00051404,0.00067694,1,2,0.0182,99.38,0.6,0,0,-0.0017166,-0.010491,0.0013352,0.10586,-0.099302,0.012601,0.00095369,0.010872,-0.0040055,0.10357,-0.090254,0.0046438,-0.0026655,-0.0049144,0.0018295,-0.0056766,-0.0010781,0.016635,0.01008,-0.0032102,0.0046914,0.0024401,0.0089137,0.016913,-0.76799,3.6081,-0.44857,-0.61077,3.2829,-1.8577,0.20945,-3.3516,0.79363,1.0179,-0.23059,0.025655,0.10461,-0.046962,0.0043138,-0.15605,-0.21047,-0.10586,0.14689,-0.0054429,0.10269,-0.31949,-0.18576,-0.20205,184,184,14220,10,1003.9
42.467,0.0014898,0.011946,14222,0.016218,1.2728,0.00077869,0.022202,0.0017796,-0.00095143,0.00044523,1,2,0.057244,99.38,0.6,0,0,-0.0017166,-0.010491,0.0013352,0.10586,-0.099302,0.012601,0.00095369,0.010872,-0.003624,0.10357,-0.090254,0.0046438,-0.0075748,-0.0049344,0.0010895,-0.0084886,-0.0037364,0.016935,0.0094619,-0.0053613,0.001803,0.014679,0.0062116,0.021553,-0.069817,3.6813,0.080513,-0.49443,3.0021,-1.5752,0.069817,-3.5714,1.0237,1.1343,-0.62009,-0.17574,0.092185,-0.011275,0.022215,0.1627,-0.10878,-0.036119,0.18301,-0.15713,0.12883,-0.35734,-0.20536,-0.24354,184,184,14225,10,1003.9
42.487,0.0013598,0.012574,14229,0.01959,1.2732,0.00076742,0.022208,-0.00042853,-0.00081962,0.00062181,1,2,0.094854,99.377,0.6,0,0,-0.0017166,-0.010491,0.0013352,0.10586,-0.099302,0.012601,0.00095369,0.010872,-0.0040055,0.10357,-0.090254,0.0046438,-0.011483,-0.0036833,-0.00060695,-0.0095562,-0.002088,0.0059773,0.0096697,-0.0024265,0.0078091,0.010636,0.0042221,-0.0029246,1.0473,3.7912,-0.24154,-1.1343,2.8431,-1.737,0.20945,-3.5348,1.0237,0.66894,0.38021,0.029414,0.0086992,0.023381,0.025334,0.30696,-0.18559,0.019062,0.20465,-0.19924,0.094594,-0.31343,-0.1886,-0.24655,184,184,14233,10,1003.9
42.505,0.0013266,0.009596,14238,0.018753,1.2717,0.00076754,0.022182,0.00023847,-0.00043364,-0.00032843,1,2,0.1383,99.374,0.6,0,0,-0.0017166,-0.010491,0.0013352,0.10586,-0.099302,0.012601,0.00095369,0.010872,-0.0040055,0.10357,-0.090254,0.0046438,-0.0039861,-0.0045632,-0.0011192,7.23e-06,5.8395e-05,0.0084062,0.010018,-0.0068675,0.0030743,0.0055079,0.0053248,0.016219,0.34908,3.4615,-0.011502,-0.14542,3.3618,-1.6312,0.34908,-3.4249,1.1387,1.1343,-0.38144,-0.0077618,-0.048659,0.032391,0.044586,0.36067,-0.20906,0.028748,0.20643,-0.18758,0.067938,-0.27014,-0.15772,-0.25429,184,184,14240,10,1003.9
42.525,0.0014318,0.010424,14245,0.019402,1.2699,0.00075285,0.022152,-0.00073746,-0.0019875,0.00044212,1,2,0.17546,99.374,0.6,0,0,-0.0017166,-0.010491,0.0013352,0.10586,-0.099302,0.012601,0.00095369,0.010872,-0.0040055,0.10357,-0.090254,0.0046438,-0.00109,-0.0047329,0.0060786,-0.0090566,-0.0048478,0.0088502,0.0046192,-0.0068799,0.0038477,0.0010307,0.0042715,0.013208,0.34908,3.3883,0.080513,-0.49443,3.0233,-1.8546,-0.069817,-3.315,0.77062,0.66894,0.0043548,0.25859,-0.069565,0.032599,0.052372,0.35893,-0.2085,0.029399,0.20448,-0.16418,0.053296,-0.25062,-0.14608,-0.25019,184,184,14247,10,1003.9
42.538,0.0053488,0.009219,14251,0.01347,1.2704,0.00075223,0.022159,-0.0013544,0.00014389,-0.0025923,1,2,0.21293,99.374,0.6,0,0,-0.0017166,-0.010491,0.0013352,0.10586,-0.099302,0.012601,0.00095369,0.010872,-0.0040055,0.10357,-0.090254,0.0046438,-0.0058172,-0.0011623,0.0085705,-0.0027174,-0.0028163,0.0087892,0.0013493,-0.0057286,0.010371,0.0082763,0.0039064,-0.0016181,1.0473,3.6813,0.057509,-0.49443,3.6018,-1.7133,-1.4662,-3.7912,0.77062,0.66894,0.18239,0.15003,-0.0646,0.027583,0.054535,0.31817,-0.19548,0.026339,0.20208,-0.13288,0.042469,-0.24391,-0.14246,-0.22848,184,184,14252,10,1003.9
42.559,0.0014486,0.00595,14259,0.021028,1.2689,0.00075088,0.022134,0.00019445,-0.00098278,-0.0012341,1,2,0.25366,99.377,0.6,0,0,-0.0017166,-0.010491,0.0013352,0.10586,-0.099302,0.012601,0.00095369,0.010872,-0.0040055,0.10357,-0.090254,0.0046438,-0.0093239,-0.001997,0.0057155,-0.0041015,0.00028731,0.0099511,0.0042123,-0.0041643,0.0036371,0.0007466,-0.0047283,-0.0012704,0.34908,3.6081,-0.33355,-0.3781,2.4499,-1.3952,-0.62835,-3.7546,1.0007,0.84344,-0.53356,-0.35389,-0.038107,0.016442,0.054319,0.24387,-0.17169,0.020208,0.19611,-0.093441,0.033805,-0.24409,-0.14646,-0.1887,184,184,14261,10,1003.9
42.586,0.0016369,0.011804,14267,0.026337,1.2684,0.00073982,0.022125,-0.00025713,-0.00096423,0.00065058,1,2,0.2948,99.376,0.6,0,0,-0.0017166,-0.010491,0.0013352,0.10586,-0.099302,0.012601,0.00095369,0.010872,-0.0040055,0.10357,-0.090254,0.0046438,-0.0011142,-0.0062382,0.0035077,-0.0063772,0.00036299,0.0045533,-0.0016825,-0.0054971,0.0042856,0.0046751,0.00482,0.014236,1.0473,3.6081,-0.26454,-0.78527,2.8832,-1.7805,0.76799,-3.6447,0.79363,1.0179,0.038946,-0.013297,0.0013029,0.0033196,0.0509,0.14635,-0.13791,0.013418,0.18228,-0.068355,0.02995,-0.2434,-0.16663,-0.14345,184,184,14270,10,1003.9
42.599,0.0014809,0.0047154,14275,0.013096,1.27,0.0007332,0.022153,0.00055836,0.0015139,-0.00055857,1,2,0.33498,99.399,0.6,0,0,-0.0017166,-0.010491,0.0013352,0.10586,-0.099302,0.012601,0.00095369,0.010872,-0.003624,0.10357,-0.090254,0.0046438,-0.011393,-0.0084874,0.01137,-0.0060822,0.00038446,0.0087198,0.0064458,-0.0030997,-0.0040163,0.0063381,0.00033209,0.0096179,1.4662,3.022,0.057509,-0.20359,3.423,-1.9317,0.48872,-3.5348,0.90864,0.3781,-0.14526,0.20352,0.0455,-0.0090963,0.045215,0.034307,-0.096936,0.0088364,0.16047,-0.062472,0.028377,-0.23846,-0.20442,-0.10857,184,184,14276,10,1003.9
42.627,0.0016504,0.011436,14284,0.028373,1.2689,0.0007017,0.022134,-0.0015941,-0.00087414,0.00022311,1,2,0.37869,99.374,0.6,0,0,-0.0017166,-0.010491,0.0013352,0.10586,-0.099302,0.012601,0.00095369,0.010872,-0.003624,0.10357,-0.090254,0.0046438,-0.0034816,-0.0039138,0.0074383,-0.01185,-0.0016996,0.0068883,0.0083914,-0.0020164,0.0017208,-0.0031874,0.0093707,0.015775,-1.1869,3.6813,-0.37956,-0.49443,2.9833,-1.8558,-0.069817,-3.4982,0.74762,0.20359,0.41236,0.1352,0.085156,-0.028337,0.047255,-0.068684,-0.071243,0.010086,0.14092,-0.074675,0.030103,-0.24242,-0.24624,-0.092327,184,184,14287,10,1003.9
42.638,0.0015754,0.0045099,14291,0.011437,1.2683,0.00070558,0.022124,-0.00040897,-0.0015199,-0.00095858,1,2,0.41498,99.374,0.6,0,0,-0.0017166,-0.010491,0.0013352,0.10586,-0.099302,0.012601,0.00095369,0.010872,-0.003624,0.10357,-0.090254,0.0046438,-0.0059258,-0.00037232,0.0072415,-0.01053,-0.00054904,0.011924,0.0068717,-0.001425,0.0041894,0.0054349,-0.0025341,0.010557,0.62835,3.9011,-0.37956,-0.49443,3.2429,-1.8365,-0.62835,-3.7179,0.90864,0.3781,0.30108,0.07766,0.10978,-0.034781,0.045103,-0.12863,-0.069617,0.014786,0.13078,-0.071773,0.031407,-0.25962,-0.27129,-0.080613,184,184,14292,10,1003.9
42.665,0.0016368,0.011475,14298,0.026382,1.2696,0.00067623,0.022148,-0.0004758,0.00050029,0.00051611,1,2,0.45415,99.377,0.6,0,0,-0.0017166,-0.010491,0.0013352,0.10586,-0.099302,0.012601,0.00095369,0.010872,-0.0040055,0.10357,-0.090254,0.0046438,-0.0079377,-0.0096884,0.0093507,-0.012835,0.0014902,0.0069464,0.011294,-0.00091056,0.0019928,0.001108,0.0074418,0.019642,0.76799,3.8278,-0.19553,-0.3781,3.4819,-1.6946,-1.0473,-3.315,0.93165,1.3088,-0.093354,-0.037125,0.11457,-0.032468,0.033837,-0.1685,-0.074763,0.039551,0.13515,-0.056413,0.029926,-0.27883,-0.26291,-0.040644,184,184,14301,10,1003.9
42.679,0.0015309,0.0060298,14306,0.014282,1.2688,0.00067574,0.022135,-0.00036338,-5.3505e-05,0.00041541,1,2,0.49347,99.379,0.6,0,0,-0.0017166,-0.010491,0.0013352,0.10586,-0.099302,0.012601,0.00095369,0.010872,-0.003624,0.10357,-0.090254,0.0046438,-0.0081325,-0.0085925,0.0032577,-0.0011613,0.0012864,0.010236,0.011619,-0.0054383,0.0055899,0.0025823,-0.0066546,0.003227,-0.069817,3.4982,-0.19553,-0.31993,3.3819,-1.6417,0.76799,-3.2418,1.0237,0.84344,-0.48779,-0.15191,0.11757,-0.0077064,0.0058425,-0.21847,-0.09763,0.076316,0.14323,-0.026796,0.020893,-0.27123,-0.22481,0.033468,184,184,14308,10,1003.9
42.705,0.001519,0.011704,14313,0.025863,1.27,0.00070314,0.022154,0.0010317,0.00058978,0.00028246,1,2,0.5338,99.382,0.6,0,0,-0.0017166,-0.010491,0.0013352,0.10586,-0.099302,0.012601,0.00095369,0.010872,-0.003624,0.10357,-0.090254,0.0046438,-0.0096159,-0.0030164,0.0058927,-0.0016973,0.00271,0.012369,0.0016167,-0.003757,0.0046066,0.009863,0.0030037,0.0095426,1.0473,3.7179,0.057509,-0.78527,3.1229,-1.7955,1.1869,-3.7546,0.90864,0.66894,0.28253,0.06807,0.12834,0.070425,-0.056093,-0.31005,-0.15108,0.14376,0.14639,0.025149,0.013062,-0.15587,-0.15793,0.11056,184,184,14316,10,1003.9
42.719,0.0015958,0.0060197,14321,0.014437,1.2706,0.00071769,0.022164,0.0023926,0.0020459,7.9651e-05,1,2,0.5742,99.381,0.6,0,0,-0.0017166,-0.010491,0.0013352,0.10586,-0.099302,0.012601,0.00095369,0.010872,-0.0040055,0.10357,-0.090254,0.0046438,-0.00042647,-0.010966,0.002571,-0.0045949,0.0009471,0.015583,0.002126,-0.0018409,0.0046427,0.0022059,0.0072067,0.015718,-0.48872,3.7912,-0.011502,-0.14542,2.5434,-1.7127,0.069817,-3.4982,1.0007,0.49443,0.42597,0.2314,0.1529,0.17973,-0.098768,-0.43274,-0.25423,0.22784,0.11516,0.049222,0.0056124,0.15496,-0.12557,0.026559,184,184,14323,10,1003.9
42.744,0.0015903,0.010069,14328,0.024946,1.2711,0.00070826,0.022173,0.0012336,0.00017875,0.00064047,1,2,0.61587,99.375,0.6,0,0,-0.0017166,-0.010491,0.0013352,0.10586,-0.099302,0.012601,0.00095369,0.010872,-0.0040055,0.10357,-0.090254,0.0046438,-0.0045951,-0.0059827,0.0027618,-0.0015957,0.00032352,0.0055805,0.0090401,-0.0024578,-0.00039627,0.0014894,0.0095191,0.018723,-0.48872,3.5714,0.011502,-0.66894,3.1032,-1.8745,0.34908,-3.7179,0.88564,1.1343,-0.34928,0.098026,0.16537,0.16352,-0.040087,-0.39896,-0.22121,0.21001,0.021032,0.061201,-0.0076806,0.27103,-0.20257,-0.01885,184,184,14329,10,1003.9
42.759,0.0014155,0.0056528,14334,0.014669,1.2699,0.00071379,0.022153,-0.0008627,0.00067515,-0.00033235,1,2,0.65381,99.384,0.6,0,0,-0.0017166,-0.010491,0.0013352,0.10586,-0.099302,0.012601,0.00095369,0.010872,-0.0040055,0.10357,-0.090254,0.0046438,0.0026609,-0.0057471,-0.0065747,0.0001533,-0.0026325,0.0024273,0.012951,-0.0053713,0.0029278,-0.0021017,0.0056862,0.0075403,1.4662,3.3516,0.057509,-0.14542,2.9031,-1.7687,0.76799,-3.4982,1.0007,0.49443,0.10326,0.19828,0.18264,0.136,-0.022777,-0.36269,-0.18545,0.1979,-0.024926,0.069662,-0.023171,0.30084,-0.22933,-0.026577,184,184,14336,10,1003.9
42.787,0.0013019,0.01142,14344,0.028346,1.2699,0.00074999,0.022152,0.00047537,-0.00091822,0.00095532,1,2,0.69866,99.375,0.6,0,0,-0.0017166,-0.010491,0.0013352,0.10586,-0.099302,0.012601,0.00095369,0.010872,-0.0040055,0.10357,-0.090254,0.0046438,-0.0029567,-0.0041265,0.0011587,-0.0074264,-0.00035246,0.010687,0.006731,-0.0031878,0.002812,0.0038628,-0.0050775,-0.0041066,-1.1869,3.3883,-0.33355,-0.78527,3.1416,-1.4924,0.76799,-3.7546,0.77062,0.84344,-0.51991,0.07667,0.18944,0.10057,-0.010702,-0.33299,-0.17688,0.17756,-0.040544,0.075386,-0.026839,0.27701,-0.22585,-0.034771,184,184,14347,10,1003.9
42.805,0.0015827,0.0097935,14351,0.017319,1.2699,0.00075693,0.02215,0.00017772,-0.0014555,-0.00045806,1,2,0.73721,99.379,0.6,0,0,-0.0017166,-0.010491,0.0013352,0.10586,-0.099302,0.012601,0.00095369,0.010872,-0.0040055,0.10357,-0.090254,0.0046438,-0.005244,-0.0051818,0.0010136,-0.0071225,-0.00129,0.00068099,0.0028078,-0.0050507,0.0031759,0.0085376,0.0079435,0.011151,0.62835,3.7912,-0.10352,-0.49443,3.0428,-1.7532,-0.069817,-3.2784,1.0237,0.84344,-0.15887,0.10732,0.18424,0.066149,-0.0021554,-0.31084,-0.19193,0.15331,-0.030737,0.08725,-0.030749,0.22256,-0.2016,-0.038066,184,184,14353,10,1003.9
42.825,0.0015322,0.011197,14358,0.020372,1.27,0.00076354,0.022153,-0.0003303,-0.00080338,0.0010921,1,2,0.775,99.382,0.6,0,0,-0.0017166,-0.010491,0.0013352,0.10586,-0.099302,0.012601,0.00095369,0.010872,-0.003624,0.10357,-0.090254,0.0046438,-0.011917,0.0049147,0.011672,0.00032994,-0.0012734,0.009803,-0.0022634,-0.0035282,-0.0034599,0.0070467,0.0059996,0.0001009,0.34908,3.3883,0.011502,-0.49443,2.6828,-1.63,-0.069817,-3.5348,0.90864,0.66894,0.11807,-0.061544,0.16677,0.032894,0.0052549,-0.28999,-0.22148,0.12218,-0.0011585,0.10279,-0.031047,0.14122,-0.16859,-0.038804,184,184,14361,10,1003.9
42.846,0.0014325,0.012086,14366,0.020851,1.27,0.00076302,0.022152,0.00016603,-9.3649e-07,0.00086383,1,2,0.81477,99.381,0.6,0,0,-0.0017166,-0.010491,0.0013352,0.10586,-0.099302,0.012601,0.00095369,0.010872,-0.003624,0.10357,-0.090254,0.0046438,-0.0044121,0.0034841,0.0038359,-0.0005405,-0.0025302,0.0051052,0.0061326,-0.0017152,-0.00041152,0.0030853,-0.0018547,-0.0020726,0.34908,3.6813,-0.31055,-0.49443,3.0425,-1.686,-0.069817,-3.2051,0.90864,1.0179,-0.15147,-0.022591,0.14247,0.014016,0.0056312,-0.28192,-0.26419,0.089923,0.040495,0.11131,-0.027224,0.044461,-0.13784,-0.032451,184,184,14370,10,1003.9
42.867,0.0018506,0.013341,14374,0.021408,1.2713,0.00077707,0.022175,0.00022668,9.2176e-05,-0.0016946,1,2,0.85584,99.371,0.6,0,0,-0.0017166,-0.010491,0.0013352,0.10586,-0.099302,0.012601,0.00095369,0.010872,-0.003624,0.10357,-0.090254,0.0046438,-0.0033563,-0.005538,0.0027701,-0.0018831,0.0012297,0.0098972,0.0077554,-0.0079209,0.0065935,0.0058071,-0.0048204,0.013188,0.76799,3.6081,0.057509,-0.31993,3.0432,-1.8427,1.0473,-3.6081,0.6556,1.0179,0.53973,0.24564,0.11515,0.007217,-0.00068747,-0.28804,-0.31586,0.060486,0.082843,0.11532,-0.019439,-0.055828,-0.12851,-0.025562,184,184,14378,10,1003.9
42.888,0.0013104,0.013667,14382,0.020771,1.2712,0.00077169,0.022173,0.00028311,0.00035999,-0.00066314,1,2,0.89572,99.379,0.6,0,0,-0.0017166,-0.010491,0.0013352,0.10586,-0.099302,0.012601,0.00095369,0.010872,-0.003624,0.10357,-0.090254,0.0046438,-0.0086755,-0.0067767,0.011767,0.0054719,-0.00030958,0.0087183,0.0041422,-0.0044911,0.012817,0.0038659,0.0016038,0.0093218,1.0473,3.6813,-0.011502,-0.14542,2.9026,-1.6567,-0.62835,-3.4982,0.77062,0.3781,0.50016,0.26976,0.091412,-0.0042467,-0.0071108,-0.29356,-0.3461,0.025593,0.11297,0.11546,-0.0025972,-0.15298,-0.15193,-0.033621,184,184,14386,10,1003.9
42.905,0.001464,0.011031,14389,0.01723,1.2695,0.00078766,0.022144,0.00054981,-0.0007327,0.00084195,1,2,0.93549,99.375,0.6,0,0,-0.0017166,-0.010491,0.0013352,0.10586,-0.099302,0.012601,0.00095369,0.010872,-0.0040055,0.10357,-0.090254,0.0046438,-0.0017898,-0.0066245,0.0052779,-0.0078596,0.0038806,0.0025769,0.0077973,-0.0025597,0.007602,0.0016486,0.0019729,0.012294,-0.069817,3.4982,-0.011502,-0.20359,2.8832,-1.7805,0.069817,-3.5348,0.77062,1.0179,0.14283,0.17415,0.085441,-0.022533,-0.0099971,-0.30505,-0.3281,-0.016932,0.12311,0.10924,0.020528,-0.2093,-0.17132,-0.074847,184,184,14392,10,1003.9
42.927,0.0015082,0.011898,14397,0.021937,1.2689,0.00082309,0.022131,0.000622,-0.00074287,0.001516,1,2,0.97785,99.382,0.6,0,0,-0.0017166,-0.010491,0.0013352,0.10586,-0.099302,0.012601,0.00095369,0.010872,-0.0040055,0.10357,-0.090254,0.0046438,-0.0050525,-0.0043393,0.00915,-0.017886,-0.0045916,0.012188,0.0044253,-0.0056538,0.0041553,0.0061594,0.0071938,0.013479,-0.48872,3.4982,-0.011502,-0.31993,3.1022,-1.6281,0.48872,-3.4249,0.90864,0.66894,-0.12548,0.19146,0.093561,-0.03905,-0.0056944,-0.28413,-0.27525,-0.07256,0.12665,0.08074,0.05253,-0.26213,-0.18288,-0.13688,184,184,14400,10,1003.9
42.946,0.0015477,0.010367,14404,0.018546,1.2695,0.00079938,0.022143,-0.00059992,-0.00074785,-0.00070602,1,2,0.018162,99.375,0.6,0,0,-0.0017166,-0.010491,0.0013352,0.10586,-0.099302,0.012601,0.00095369,0.010872,-0.003624,0.10357,-0.090254,0.0046438,-0.015086,-0.00070062,0.010339,0.00064768,0.00049992,0.010067,0.0031235,-0.0040326,0.0002107,0.010553,-0.001586,-0.0023453,0.34908,3.1685,-0.057509,-0.84344,2.6034,-1.7445,0.20945,-3.6447,0.6556,0.66894,0.020399,-0.022888,0.10518,-0.046612,0.0044569,-0.15152,-0.20887,-0.10518,0.147,-0.0083339,0.10403,-0.32131,-0.18692,-0.20349,184,184,14406,10,1003.9
42.99,0.001436,0.036398,14410,0.043724,1.2713,0.00079338,0.022175,1.2302e-05,0.00015727,-0.00087943,1,2,0.053331,99.308,0.6,0,0,-0.0017166,-0.010491,0.0013352,0.10586,-0.099302,0.012601,0.00095369,0.010872,-0.0040055,0.10357,-0.090254,0.0046438,-0.010371,-0.0073321,0.0054081,-0.0083947,3.8449e-05,0.004148,0.0033949,-0.00097544,-0.0044496,0.0061814,0.0048895,0.010327,1.4662,3.7912,0.080513,-0.66894,3.1817,-1.536,-0.90762,-3.4249,0.77062,1.1343,-0.35549,-0.12808,0.092331,-0.011355,0.021288,0.15647,-0.10883,-0.035075,0.18193,-0.15657,0.12841,-0.35702,-0.20633,-0.24226,184,184,14415,10,1003.9
43.01,0.0016069,0.018396,14418,0.020787,1.2724,0.00079368,0.022193,-0.00012702,0.0015854,5.2453e-05,1,2,0.13129,99.303,0.6,0,0,-0.0017166,-0.010491,0.0013352,0.10586,-0.099302,0.012601,0.00095369,0.010872,-0.003624,0.10357,-0.090254,0.0046438,-0.003499,-0.0051938,0.0096447,-0.0029673,-0.0014767,0.0060734,0.00098125,-0.0046707,0.0032264,0.0018708,-0.0020332,-0.0019646,-0.76799,3.5714,-0.10352,-0.49443,3.1032,-1.8745,1.0473,-3.6081,0.77062,0.84344,-0.079744,0.059073,0.010779,0.022021,0.03256,0.31385,-0.19032,0.016616,0.20698,-0.18693,0.086902,-0.30608,-0.18152,-0.24714,184,184,14423,10,1003.9
43.013,0.0012979,0.0023002,14425,0.0028531,1.2719,0.00078911,0.022184,7.1064e-05,0.00022013,-0.0025393,1,2,0.16861,99.303,0.6,0,0,-0.0017166,-0.010491,0.0013352,0.10586,-0.099302,0.012601,0.00095369,0.010872,-0.003624,0.10357,-0.090254,0.0046438,-0.0026688,-0.0034108,0.012226,0.0084667,-0.0034493,0.014861,0.0017026,-0.0037437,-0.0020606,0.0035875,0.00012776,0.013867,0.76799,3.6813,-0.011502,-0.49443,2.8431,-1.737,0.76799,-3.7179,0.77062,0.3781,-0.21204,0.035246,-0.047118,0.031083,0.048234,0.34645,-0.20676,0.026523,0.20565,-0.16901,0.05954,-0.26432,-0.15171,-0.24661,184,184,14424,10,1003.9
43.032,0.0055475,0.016443,14427,0.018779,1.2721,0.00079568,0.022188,-0.0012146,-0.0016043,-0.0014745,1,2,0.18633,99.303,0.6,0,0,-0.0017166,-0.010491,0.0013352,0.10586,-0.099302,0.012601,0.00095369,0.010872,-0.003624,0.10357,-0.090254,0.0046438,-0.0067355,-0.0076747,0.012677,0.0021064,-0.00056735,0.00745,0.001773,-0.0019867,-0.0010936,0.0030973,0.00076209,0.01305,1.0473,3.8278,-0.12652,-0.49443,3.0833,-1.8863,1.1869,-3.5714,0.90864,1.1343,0.20834,0.02971,-0.063224,0.029409,0.053403,0.34464,-0.20403,0.026974,0.20431,-0.15501,0.052907,-0.25324,-0.14618,-0.24326,184,184,14431,10,1003.9
43.05,0.0013509,0.01071,14435,0.018278,1.2753,0.00079894,0.022244,0.00096393,0.001326,0.0012954,1,2,0.22597,99.313,0.6,0,0,-0.0017166,-0.010491,0.0013352,0.10586,-0.099302,0.012601,0.00095369,0.010872,-0.0040055,0.10357,-0.090254,0.0046438,-0.0068779,-0.0057128,0.0093219,-0.016547,-0.0035853,0.017256,0.0035458,-0.0012828,0.0043669,0.0043922,0.0040862,0.017391,1.0473,3.9377,-0.011502,-0.20359,3.0027,-1.7096,1.1869,-3.4982,0.77062,1.0179,-0.23059,0.025655,-0.05535,0.024686,0.054124,0.29514,-0.18832,0.02417,0.20107,-0.12049,0.039551,-0.24496,-0.14288,-0.21584,184,184,14438,10,1003.9
43.071,0.0057206,0.017908,14441,0.021006,1.2756,0.00080564,0.022249,-4.8082e-05,-3.06e-05,0.00078292,1,2,0.26216,99.307,0.6,0,0,-0.0017166,-0.010491,0.0013352,0.10586,-0.099302,0.012601,0.00095369,0.010872,-0.003624,0.10357,-0.090254,0.0046438,-0.0045692,-0.0082787,0.0034099,-0.012435,-0.0018132,0.012426,0.0035453,-0.0036331,0.0039323,0.003478,0.0066085,-0.0060698,1.0473,3.6813,-0.14952,-0.49443,2.744,-1.9305,-0.90762,-3.4982,0.77062,0.66894,0.089652,0.10208,-0.026983,0.012594,0.054129,0.2215,-0.16456,0.017578,0.19437,-0.086314,0.03403,-0.24587,-0.15,-0.17738,184,184,14445,10,1003.9
43.084,0.0050057,0.010992,14448,0.012699,1.2768,0.00080805,0.02227,0.00046999,0.00084721,-0.00027211,1,2,0.30018,99.31,0.6,0,0,-0.0017166,-0.010491,0.0013352,0.10586,-0.09951,0.012208,0.00095369,0.010872,-0.0040055,0.10357,-0.090254,0.0046438,-0.0064097,-0.0093903,-5.4009e-06,-0.0051339,6.4856e-05,0.004754,0.0099664,-0.0029636,-0.0092465,0.0073848,0.00071975,0.013797,0.34908,3.8278,-0.33355,-0.84344,2.9431,-1.6769,-0.62835,-3.1319,0.6556,0.66894,0.09212,0.058776,0.0098484,0.0010253,0.049778,0.12826,-0.13124,0.011539,0.18009,-0.067262,0.030603,-0.24348,-0.17203,-0.13675,184,184,14451,10,1003.9
43.112,0.0016626,0.013357,14458,0.028023,1.2774,0.00082874,0.022279,-0.00013206,0.00034124,0.00043416,1,2,0.34431,99.381,0.6,0,0,-0.0017166,-0.010491,0.0013352,0.10586,-0.09951,0.012208,0.00095369,0.010872,-0.0040055,0.10357,-0.090254,0.0046438,-0.0015594,-0.0038729,0.0014966,-0.016463,0.0028529,0.0087183,0.0060564,-0.004671,0.0065332,0.0032177,0.00023539,0.0047691,0.34908,3.4615,0.080513,-0.66894,2.7823,-1.4356,-0.34908,-3.315,0.90864,0.31993,0.27513,0.19798,0.053341,-0.012045,0.045039,0.011524,-0.08929,0.00886,0.15618,-0.064017,0.027602,-0.23739,-0.21241,-0.10376,184,184,14462,10,1003.9
43.123,0.0014095,0.0043158,14466,0.010802,1.2786,0.00084871,0.0223,0.0024505,-0.00076569,-0.0010694,1,2,0.38395,99.369,0.6,0,0,-0.0017166,-0.010491,0.0013352,0.10586,-0.09951,0.012208,0.00095369,0.010872,-0.0040055,0.10357,-0.090254,0.0046438,-0.0051968,-0.0020995,0.010991,-0.0013921,0.002326,0.0048766,0.010515,-0.0045649,0.013455,0.0031834,0.00212,0.00944,-0.069817,3.7912,-0.080513,-0.14542,3.4434,-1.9187,-1.0473,-3.6081,0.90864,1.3088,0.27513,0.19798,0.091313,-0.030152,0.047407,-0.081505,-0.070093,0.0087968,0.13862,-0.074786,0.030685,-0.24406,-0.25245,-0.090962,184,184,14467,10,1003.9
43.15,0.0053491,0.016571,14473,0.02691,1.2804,0.00086239,0.02233,0.00076606,0.0017197,-0.00034645,1,2,0.42121,99.375,0.6,0,0,-0.0017166,-0.010491,0.0013352,0.10586,-0.09951,0.012208,0.00095369,0.010872,-0.003624,0.10357,-0.090254,0.0046438,-0.0075502,-0.0010513,0.0071824,-0.0031569,-0.0012928,0.010933,0.0048306,-0.0039889,0.00091654,0.0071983,0.0062501,0.0057592,1.0473,3.5714,-0.057509,-0.31993,3.503,-1.8384,0.76799,-3.4249,0.77062,0.31993,-0.15147,-0.022591,0.11129,-0.035342,0.044118,-0.136,-0.069647,0.016975,0.13101,-0.070091,0.031754,-0.2629,-0.2724,-0.077114,184,184,14477,10,1003.9
43.17,0.0016052,0.01167,14482,0.020363,1.2797,0.00086334,0.022319,0.0015426,-0.00013001,0.0019527,1,2,0.46419,99.376,0.6,0,0,-0.0017166,-0.010491,0.0013352,0.10586,-0.09951,0.012208,0.00095369,0.010872,-0.003624,0.10357,-0.090254,0.0046438,-0.0076944,-0.0037096,0.0019708,-0.0022388,-0.0019414,0.0095093,0.0035496,-0.004117,0.0054263,-0.0014154,0.0045794,0.0084781,0.34908,3.9011,-0.10352,-0.49443,2.8034,-1.6925,0.76799,-3.6081,0.79363,0.49443,0.07731,0.3186,0.11473,-0.030104,0.029963,-0.17793,-0.077766,0.047785,0.13701,-0.050673,0.028974,-0.28212,-0.2571,-0.026146,184,184,14485,10,1003.9
43.19,0.0015226,0.010286,14490,0.019824,1.2781,0.00087472,0.02229,0.00025686,-0.00040698,0.0023873,1,2,0.50629,99.371,0.6,0,0,-0.0017166,-0.010491,0.0013352,0.10586,-0.09951,0.012208,0.00095369,0.010872,-0.0040055,0.10357,-0.090254,0.0046438,-0.011555,-0.010136,0.0098131,-0.0019908,0.0020697,0.013004,-0.0044064,-0.003688,-0.0078769,0.0078428,-0.0063971,0.015822,1.8851,3.7912,0.21853,-0.14542,3.0025,-1.5742,-0.34908,-3.5348,0.79363,0.029084,0.18239,0.15003,0.11982,0.0073182,-0.0073429,-0.23964,-0.10882,0.091691,0.14418,-0.014298,0.016773,-0.25793,-0.21012,0.060542,184,184,14492,10,1003.9
43.202,0.0016242,0.0034735,14497,0.012061,1.2784,0.0008621,0.022295,-0.0016252,0.00056603,-0.00098738,1,2,0.54439,99.368,0.6,0,0,-0.0017166,-0.010491,0.0013352,0.10586,-0.09951,0.012208,0.00095369,0.010872,-0.0040055,0.10357,-0.090254,0.0046438,-0.0068383,-0.0021993,0.0038312,-0.0039114,0.00073606,0.013076,0.0066303,-0.0061292,-0.0022064,0.0025269,-0.0020459,0.0012355,0.34908,3.5714,-0.17253,-0.14542,3.1043,-1.9854,-0.34908,-3.3516,1.0237,-0.14542,0.26152,0.10178,0.13558,0.10943,-0.079473,-0.3487,-0.17854,0.17364,0.14527,0.035683,0.01221,-0.067526,-0.13894,0.096464,184,184,14497,10,1003.9
43.223,0.0046075,0.0094575,14504,0.020844,1.2779,0.00088653,0.022286,0.00064831,0.00029881,-0.0012668,1,2,0.58011,99.369,0.6,0,0,-0.0017166,-0.010491,0.0013352,0.10586,-0.09951,0.012208,0.00095369,0.010872,-0.0040055,0.10357,-0.090254,0.0046438,-0.0062367,-0.0074718,0.0037532,-0.0046503,0.0014074,0.0075787,0.0086738,-0.006878,0.0051795,0.0024974,0.0080736,0.014957,-0.48872,3.5714,-0.31055,-0.49443,3.0032,-1.7086,-0.069817,-3.4249,0.90864,0.49443,0.050089,0.1262,0.15866,0.18546,-0.088693,-0.44044,-0.26991,0.2323,0.08712,0.050951,0.0015327,0.20543,-0.13959,0.0085484,184,184,14506,10,1003.9
43.25,0.0050457,0.015728,14513,0.027153,1.2775,0.00089991,0.022278,0.0010566,0.0007819,0.0011254,1,2,0.62278,99.373,0.6,0,0,-0.0017166,-0.010491,0.0013352,0.10586,-0.09951,0.012208,0.00095369,0.010872,-0.0040055,0.10357,-0.090254,0.0046438,-0.0080671,-0.0062925,0.0082059,-0.006037,0.001997,0.0054699,0.0051471,-0.0026631,0.0020174,0.00097305,0.00121,0.0045197,1.4662,3.5714,0.12652,-0.3781,2.7439,-1.7951,-1.0473,-3.4982,0.90864,0.49443,0.26152,0.10178,0.1664,0.15604,-0.029753,-0.38553,-0.20285,0.20493,0.006674,0.064365,-0.010941,0.28307,-0.21602,-0.022614,184,184,14516,10,1003.9
43.273,0.0013093,0.013052,14522,0.022613,1.2783,0.00087164,0.022294,-0.0015753,0.0011567,0.00033686,1,2,0.66576,99.362,0.6,0,0,-0.0017166,-0.010491,0.0013352,0.10586,-0.09951,0.012208,0.00095369,0.010872,-0.003624,0.10357,-0.090254,0.0046438,-0.0019969,-0.0016615,0.0044925,-0.0078439,0.0029283,0.0091433,0.0044882,-0.0045089,0.00094384,0.0044255,-0.01,0.0005722,-0.48872,3.4615,-0.33355,-0.31993,3.2823,-1.6102,-1.0473,-3.4982,1.1617,0.49443,-0.23059,0.025655,0.18602,0.12789,-0.020235,-0.35557,-0.18267,0.19401,-0.031261,0.071035,-0.024787,0.29911,-0.23027,-0.028343,184,184,14526,10,1003.9
43.284,0.0053115,0.01094,14528,0.011442,1.2773,0.00086682,0.022276,0.00067854,-0.00017778,0.00042063,1,2,0.70094,99.372,0.6,0,0,-0.0017166,-0.010491,0.0013352,0.10586,-0.09951,0.012208,0.00095369,0.010872,-0.0040055,0.10357,-0.090254,0.0046438,0.00059678,-0.010429,-0.0008167,-0.012928,-0.0018453,0.011942,0.0059359,-0.0044046,0.002663,0.001858,-0.0047397,-0.0020963,1.8851,3.6813,-0.034505,-0.78527,2.844,-1.848,0.34908,-3.7912,0.90864,-0.14542,-0.27015,0.049779,0.19048,0.09868,-0.011174,-0.33204,-0.17852,0.17607,-0.041978,0.076445,-0.028106,0.27541,-0.2238,-0.03448,184,184,14531,10,1003.9
43.321,0.001445,0.013061,14541,0.03739,1.2759,0.0008632,0.022252,-0.00050474,-0.0018506,0.00033827,1,2,0.76371,99.375,0.6,0,0,-0.0017166,-0.010491,0.0013352,0.10586,-0.099302,0.012601,0.00095369,0.010872,-0.0040055,0.10357,-0.090254,0.0046438,-0.0038042,-0.0097481,0.003387,0.0012234,0.00084754,0.01162,0.002163,-0.0026548,0.011958,0.0059924,0.0025363,0.015227,0.34908,3.6813,-0.17253,-0.49443,2.6075,-1.3667,-0.90762,-3.8278,0.77062,0.66894,-0.014228,-0.085371,0.17767,0.040278,0.0073355,-0.29139,-0.20193,0.13369,-0.023353,0.095601,-0.032379,0.17852,-0.18908,-0.040514,184,184,14545,10,1003.9
43.34,0.0020192,0.016627,14548,0.01854,1.2764,0.00087389,0.02226,0.00042805,0.0012824,-0.00055002,1,2,0.79472,99.375,0.6,0,0,-0.0017166,-0.010491,0.0013352,0.10586,-0.099302,0.012601,0.00095369,0.010872,-0.0040055,0.10357,-0.090254,0.0046438,-0.0013131,-0.0012016,0.0022229,-0.0072489,-0.0039645,0.016441,0.0053923,-0.0025151,0.0043691,0.0052212,0.0065483,0.013975,-0.069817,3.5714,-0.011502,-0.20359,3.1428,-1.7836,-0.76799,-3.3516,0.90864,0.49443,-0.31592,-0.15221,0.156,0.022331,0.0052753,-0.28344,-0.24245,0.10584,0.018597,0.10877,-0.030779,0.093596,-0.15093,-0.034528,184,184,14551,10,1003.9
43.351,0.0012553,0.010982,14553,0.011298,1.2775,0.0008736,0.022279,0.00062099,0.00029956,1.1605e-05,1,2,0.82722,99.362,0.6,0,0,-0.0017166,-0.010491,0.0013352,0.10586,-0.099302,0.012601,0.00095369,0.010872,-0.003624,0.10357,-0.090254,0.0046438,-0.0068489,-0.0043004,0.0087089,-0.0017636,-0.0016888,0.0023863,-0.00031108,-0.0019469,0.004054,0.0020724,0.0067888,0.020737,-0.76799,3.7179,-0.24154,-0.78527,3.2429,-1.8365,0.76799,-3.2051,1.0007,1.0179,0.15644,0.27035,0.13032,0.012234,0.0018418,-0.28501,-0.28418,0.077578,0.061977,0.11246,-0.021959,0.005949,-0.12789,-0.029439,184,184,14556,10,1003.9
43.363,0.0012779,0.0045112,14561,0.012096,1.2776,0.00090013,0.02228,0.0009295,-0.00017705,-0.0005508,1,2,0.86437,99.368,0.6,0,0,-0.0017166,-0.010491,0.0013352,0.10586,-0.099302,0.012601,0.00095369,0.010872,-0.003624,0.10357,-0.090254,0.0046438,-0.0027697,-0.0058498,-0.003515,-0.0016356,0.00063949,0.012596,0.00030679,-0.0032085,0.0085283,0.003496,0.0034,-0.0035424,1.4662,3.6081,-0.011502,-0.66894,2.4879,-1.4376,-0.069817,-3.7912,0.88564,0.66894,0.038946,-0.013297,0.10613,0.0060437,-0.0036783,-0.28965,-0.32804,0.051377,0.098457,0.11412,-0.012284,-0.086612,-0.13307,-0.024837,184,184,14562,10,1003.9
43.392,0.0017025,0.01281,14569,0.02837,1.2789,0.00092554,0.022301,0.00080926,0.0010722,0.00043993,1,2,0.90529,99.37,0.6,0,0,-0.0017166,-0.010491,0.0013352,0.10586,-0.099302,0.012601,0.00095369,0.010872,-0.0040055,0.10357,-0.090254,0.0046438,-0.013231,-0.003569,0.00369,-0.0048222,0.0023914,0.016171,-0.00053776,-0.0057136,0.0044365,0.006481,0.0095143,0.023156,-0.069817,3.3883,-0.080513,-0.78527,3.3823,-1.7537,-0.62835,-3.5348,0.77062,1.4833,-0.58053,-0.19986,0.087391,-0.0085724,-0.008924,-0.29698,-0.34677,0.017237,0.11897,0.11393,0.0046604,-0.17195,-0.15878,-0.04111,184,184,14572,10,1003.9
43.412,0.0013688,0.012857,14576,0.020434,1.2764,0.00091236,0.022259,-0.0010086,-0.002077,0.003436,1,2,0.94525,99.369,0.6,0,0,-0.0017166,-0.010491,0.0013352,0.10586,-0.099302,0.012601,0.00095369,0.010872,-0.003624,0.10357,-0.090254,0.0046438,0.00032274,-0.0046152,0.0066908,-0.010653,-0.00085688,0.015078,0.00050191,-0.0030726,0.0057487,0.0037992,0.0046159,0.0027998,1.0473,3.7912,-0.40256,-0.66894,3.0033,-1.844,0.76799,-3.6447,0.56359,0.84344,0.30235,0.39038,0.08658,-0.026865,-0.0093793,-0.30476,-0.31655,-0.028827,0.12355,0.1047,0.027866,-0.22204,-0.17568,-0.089148,184,184,14580,10,1003.9
43.434,0.001502,0.011263,14585,0.021749,1.2773,0.00089457,0.022275,-0.0009326,0.00051935,0.0019271,1,2,0.99234,99.375,0.6,0,0,-0.0017166,-0.010491,0.0013352,0.10586,-0.099302,0.012601,0.00095369,0.010872,-0.003624,0.10357,-0.090254,0.0046438,-0.0052338,-0.00022868,0.014502,-7.8894e-05,0.0020553,0.010263,0.0077671,-0.0037589,-0.0061882,0.0035545,0.0070596,0.0051307,0.34908,3.9011,0.057509,-0.49443,2.504,-1.8484,0.76799,-3.6081,0.90864,1.0179,0.5904,0.026646,0.096573,-0.043044,-0.0036859,-0.26077,-0.25609,-0.088607,0.13131,0.061736,0.066406,-0.27987,-0.18208,-0.15707,184,184,14588,10,1003.9
43.449,0.0062488,0.015243,14590,0.015553,1.2776,0.0009056,0.02228,-0.00040604,0.0010255,0.00019822,1,2,0.025116,99.37,0.6,0,0,-0.0017166,-0.010491,0.0013352,0.10586,-0.099302,0.012601,0.00095369,0.010872,-0.003624,0.10357,-0.090254,0.0046438,-0.0098213,-0.0020111,0.0036088,0.00015578,0.0046281,0.011693,0.0085424,-0.0059198,-0.0044273,0.0065112,0.00063798,0.0067653,-0.48872,3.5714,-0.080513,-0.49443,2.8644,-2.0612,-0.62835,-3.3516,1.0467,0.84344,0.35425,0.14973,0.10772,-0.041771,0.010066,-0.080439,-0.18649,-0.095382,0.15544,-0.047221,0.11666,-0.33479,-0.18997,-0.21944,184,184,14593,10,1003.9
43.471,0.0012474,0.011005,14599,0.021326,1.277,0.00090581,0.02227,6.9494e-05,0.00064756,-0.00012861,1,2,0.066172,99.371,0.6,0,0,-0.0017166,-0.010491,0.0013352,0.10586,-0.098887,0.013386,0.00095369,0.010872,-0.003624,0.10357,-0.090254,0.0046438,-0.0069292,-0.0091961,0.011796,-0.0051906,0.026377,0.058521,0.0065011,-0.0041213,0.0037032,-0.0044804,0.00562,0.027148,0.34908,3.6081,-0.24154,-0.49443,3.1629,-2.0877,0.20945,-3.315,0.90864,1.0179,0.9008,0.61065,0.076334,0.00057506,0.021173,0.21951,-0.11838,-0.014739,0.19121,-0.17889,0.1229,-0.35388,-0.20637,-0.24485,184,184,14602,10,1003.9
43.483,0.0051925,0.009572,14606,0.012649,1.278,0.00092509,0.022285,0.0017055,-0.00052815,-0.00036392,1,2,0.1023,99.371,0.6,0,0,-0.0017166,-0.010491,0.0013352,0.10586,-0.098056,0.014953,0.00095369,0.010872,-0.003624,0.10357,-0.090254,0.0046438,-0.0047384,-0.0070539,0.0020093,0.0019861,0.0318,0.061262,0.0071571,-0.0044114,0.0041009,0.0055761,-0.0019003,0.0048572,1.0473,3.5714,-0.12652,-0.31993,2.5817,-2.3004,-1.0473,-3.2784,0.77062,0.49443,0.031541,0.11661,-0.010955,0.027677,0.029405,0.32466,-0.19827,0.024638,0.20603,-0.19956,0.086815,-0.30029,-0.18002,-0.2487,184,184,14608,10,1003.9
43.502,0.0016235,0.0090372,14613,0.018244,1.2795,0.00092577,0.022312,0.0002323,0.0016101,-0.00066902,1,2,0.13271,99.375,0.6,0,0,-0.0017166,-0.010491,0.0013352,0.10586,-0.098056,0.014953,0.00095369,0.010872,-0.0040055,0.10357,-0.090254,0.0046438,2.3876e-05,-0.005144,0.002582,-0.0063829,-0.0026003,0.0049333,0.0083928,-0.0035217,0.0074102,-0.0022383,-0.0027634,0.0078535,-0.48872,3.4615,-0.31055,-0.20359,2.3811,-1.8802,-1.3265,-3.2784,0.81663,0.84344,0.10326,0.19828,-0.057652,0.033297,0.04539,0.36841,-0.21084,0.030286,0.20624,-0.18972,0.068007,-0.26702,-0.157,-0.25733,184,184,14614,10,1003.9
43.523,0.0013918,0.0098499,14620,0.021038,1.2785,0.0009007,0.022297,-0.0012705,0.0012057,-0.00020496,1,2,0.17271,99.367,0.6,0,0,-0.0017166,-0.010491,0.0013352,0.10586,-0.098056,0.014953,0.00095369,0.010872,-0.003624,0.10357,-0.090254,0.0046438,0.00029965,-0.0068471,0.0084375,-0.0068653,-0.006668,-0.0026251,0.0055761,-0.0063935,0.0045607,0.0059586,0.0058781,0.010168,0.34908,3.9011,0.034505,-0.66894,2.8008,-1.9909,1.0473,-3.3516,0.67861,1.0179,-0.19103,0.001532,-0.073993,0.033275,0.052478,0.36363,-0.20974,0.030327,0.20505,-0.16626,0.053565,-0.24827,-0.14563,-0.25256,184,184,14622,10,1003.9
43.55,0.0053185,0.016944,14628,0.027359,1.281,0.00092446,0.022339,0.0003812,0.0012311,0.0016484,1,2,0.2211,99.372,0.6,0,0,-0.0017166,-0.010491,0.0013352,0.10586,-0.098056,0.014953,0.00095369,0.010872,-0.0040055,0.10357,-0.090254,0.0046438,-0.012505,-0.0022044,0.0097118,-0.0073935,0.0083217,0.022078,0.0098362,-0.00033516,0.0003653,-0.0016783,-0.0023727,0.01388,0.34908,4.011,-0.19553,-0.3781,2.5417,-2.2567,-1.4662,-3.6447,0.90864,0.20359,0.50016,0.26976,-0.064505,0.027024,0.05433,0.30841,-0.19237,0.026551,0.20109,-0.12555,0.039043,-0.24101,-0.14185,-0.22302,184,184,14632,10,1003.9
43.561,0.0012636,0.0080464,14636,0.010967,1.2812,0.00093887,0.022342,0.0005429,0.0021797,0.0010202,1,2,0.25271,99.372,0.6,0,0,-0.0017166,-0.010491,0.0013352,0.10586,-0.098056,0.014953,0.00095369,0.010872,-0.003624,0.10357,-0.090254,0.0046438,0.0016578,-0.0035084,0.0060987,-0.0017246,0.0047904,0.015588,0.0047443,-0.004871,-0.0013739,0.0023613,0.0030154,0.013215,-0.48872,3.7179,-0.44857,-0.20359,2.3014,-1.9947,0.069817,-3.4249,0.90864,0.49443,-0.11931,0.083196,-0.036044,0.014597,0.054926,0.2419,-0.17123,0.019394,0.19713,-0.093543,0.036243,-0.24555,-0.14783,-0.18815,184,184,14637,10,1003.9
43.59,0.001425,0.010861,14646,0.029275,1.2795,0.00095667,0.022311,0.00049463,-0.0021719,-0.00095579,1,2,0.30565,99.371,0.6,0,0,-0.0017166,-0.010491,0.0013352,0.10586,-0.098056,0.014953,0.00095369,0.010872,-0.003624,0.10357,-0.090254,0.0046438,-0.0083037,-0.0026068,0.0013403,-0.0025902,0.0015542,0.010372,0.0066723,-0.003426,0.0070295,0.0027099,-0.0075164,0.0061231,0.34908,3.7179,0.10352,-0.66894,2.6011,-2.0194,-0.90762,-3.4249,0.88564,0.20359,0.53973,0.24564,0.0051076,0.0024657,0.049618,0.1263,-0.12965,0.014051,0.17838,-0.063464,0.027015,-0.24014,-0.17023,-0.13511,184,184,14649,10,1003.9
43.61,0.0013913,0.010894,14654,0.019263,1.2808,0.00092864,0.022336,-0.0013772,0.0017561,-4.1339e-05,1,2,0.34424,99.377,0.6,0,0,-0.0017166,-0.010491,0.0013352,0.10586,-0.097848,0.015345,0.00095369,0.010872,-0.003624,0.10357,-0.090254,0.0046438,-0.0096135,-0.012622,0.003648,0.0029964,0.0038269,0.01577,0.0072477,-0.0038881,-0.006356,0.0072426,-0.0011762,0.0097757,-0.48872,3.4615,0.26454,-0.14542,2.4002,-1.7122,-0.069817,-3.3516,0.88564,0.66894,0.14283,0.17415,0.052811,-0.013224,0.045336,0.011137,-0.089037,0.0096229,0.15654,-0.06421,0.028525,-0.23736,-0.21259,-0.10404,184,184,14657,10,1003.9
43.633,0.0013686,0.013838,14663,0.023007,1.2798,0.00090037,0.022319,-0.0013775,0.00035745,0.00080699,1,2,0.38435,99.379,0.6,0,0,-0.0017166,-0.010491,0.0013352,0.10586,-0.098056,0.014953,0.00095369,0.010872,-0.003624,0.10357,-0.090254,0.0046438,-0.0058035,-0.0057717,0.0074955,0.0018215,-0.0010947,0.011205,0.0038139,-0.0052437,0.0028578,0.006127,0.0062772,0.018719,1.0473,3.5714,-0.37956,-0.84344,2.3216,-2.1175,-0.20945,-3.5714,0.90864,0.66894,-0.00061707,0.010826,0.091292,-0.030191,0.047162,-0.081912,-0.070442,0.0095229,0.13857,-0.07492,0.030882,-0.24409,-0.25242,-0.090932,184,184,14667,10,1003.9
43.643,0.0013261,0.010209,14669,0.010521,1.2808,0.0009091,0.022336,-0.0007038,-0.0010054,-0.00065054,1,2,0.41262,99.372,0.6,0,0,-0.0017166,-0.010491,0.0013352,0.10586,-0.097848,0.015345,0.00095369,0.010872,-0.003624,0.10357,-0.090254,0.0046438,-0.00075059,-0.0041665,0.0017087,-0.008358,-0.0021051,-0.0040033,0.0037318,-0.0052665,0.0036131,0.0099362,0.0040738,0.00012593,0.34908,3.4615,-0.33355,-0.49443,2.1816,-2.3583,-0.62835,-3.5714,0.77062,0.3781,0.61885,0.19739,0.11309,-0.033759,0.043825,-0.13139,-0.069959,0.011787,0.13001,-0.071152,0.032423,-0.25807,-0.27307,-0.081683,184,184,14671,10,1003.9
43.672,0.0013876,0.012936,14678,0.028857,1.281,0.00090683,0.022339,-0.0010479,0.0016725,0.00055327,1,2,0.46496,99.373,0.6,0,0,-0.0017166,-0.010491,0.0013352,0.10586,-0.097848,0.015345,0.00095369,0.010872,-0.003624,0.10357,-0.090254,0.0046438,0.0021097,-0.015259,-0.0013233,-0.0028086,0.0020323,0.0037107,0.0087345,-0.0071595,-0.0022697,0.003925,0.0035504,0.01172,-0.48872,3.7179,-0.12652,0.087253,2.7805,-2.116,-0.069817,-3.4249,0.77062,0.029084,-0.49396,-0.043651,0.11319,-0.030604,0.029765,-0.1778,-0.078489,0.048847,0.13738,-0.050179,0.028857,-0.28131,-0.25454,-0.02912,184,184,14682,10,1003.9
43.69,0.001486,0.011245,14686,0.018061,1.2805,0.00090155,0.022331,-0.00043855,-0.0015328,0.0018482,1,2,0.50461,99.369,0.6,0,0,-0.0017166,-0.010491,0.0013352,0.10586,-0.097848,0.015345,0.00095369,0.010872,-0.0040055,0.10357,-0.090254,0.0046438,-0.0040465,-0.0036375,0.0033032,-0.0068682,-0.0020459,0.017457,0.0079693,-0.0050257,0.0022547,0.009218,0.0083171,0.015678,-0.48872,3.3883,-0.44857,0.14542,2.4208,-2.0594,0.48872,-3.5714,1.0237,-0.31993,-0.30231,-0.056009,0.11898,0.0049467,-0.0055779,-0.23644,-0.10707,0.090399,0.14487,-0.015789,0.017136,-0.25944,-0.2104,0.056919,184,184,14689,10,1003.9
43.704,0.0013585,0.0057763,14694,0.013913,1.2808,0.00088871,0.022336,-0.00032515,0.00010436,-0.00018612,1,2,0.54317,99.374,0.6,0,0,-0.0017166,-0.010491,0.0013352,0.10586,-0.097848,0.015345,0.00095369,0.010872,-0.0040055,0.10357,-0.090254,0.0046438,-0.0081876,-0.0013397,0.012691,0.0043696,-0.0018297,0.0091501,0.005869,-0.0032424,-0.0016005,0.0031823,-3.7458e-05,0.013197,0.34908,3.4982,0.057509,-0.49443,1.9812,-1.9828,-0.76799,-3.6081,0.6556,0.029084,0.50016,0.26976,0.13428,0.10432,-0.076785,-0.34354,-0.17422,0.17081,0.14569,0.034835,0.012243,-0.079979,-0.14069,0.10147,184,184,14696,10,1003.9
43.723,0.0055751,0.0099123,14700,0.018823,1.2808,0.00088663,0.022336,0.00092316,-0.0010668,-0.0016293,1,2,0.58093,99.373,0.6,0,0,-0.0017166,-0.010491,0.0013352,0.10586,-0.097848,0.015345,0.00095369,0.010872,-0.0040055,0.10357,-0.090254,0.0046438,-0.0071272,9.1336e-05,0.0080245,0.0015951,0.0006045,0.00095374,0.0032039,-0.0078,0.011541,0.0079087,0.00088237,0.005625,0.34908,3.6081,-0.011502,-0.31993,2.6801,-1.8385,-0.34908,-3.4982,0.67861,0.3781,0.63247,0.29359,0.15795,0.1853,-0.09008,-0.4413,-0.26854,0.23415,0.091081,0.050895,0.0021094,0.20262,-0.13742,0.010538,184,184,14702,10,1003.9
43.751,0.0014125,0.012271,14710,0.028766,1.281,0.0008642,0.022341,-0.00063337,0.0014513,-0.00042326,1,2,0.62543,99.363,0.6,0,0,-0.0017166,-0.010491,0.0013352,0.10586,-0.097848,0.015345,0.00095369,0.010872,-0.003624,0.10357,-0.090254,0.0046438,-0.0016429,-0.0051179,0.0070921,0.00017825,-0.0034227,0.00096905,0.0085404,-0.0068823,0.0021236,0.0050812,-0.0004168,0.028571,1.0473,3.6081,-0.10352,-0.84344,2.0613,-2.115,1.1869,-3.3516,0.90864,0.84344,-0.1119,-0.046715,0.16726,0.1547,-0.029512,-0.38446,-0.20189,0.20503,0.0071434,0.064046,-0.010453,0.28157,-0.21579,-0.022991,184,184,14713,10,1003.9
43.77,0.0054969,0.016175,14716,0.018346,1.2806,0.00084994,0.022335,-0.0015975,-0.00018752,0.0017089,1,2,0.66246,99.369,0.6,0,0,-0.0017166,-0.010491,0.0013352,0.10586,-0.098056,0.014953,0.00095369,0.010872,-0.0040055,0.10357,-0.090254,0.0046438,-0.0021831,-0.003937,0.0019174,0.0056116,-0.0077387,-0.007808,0.0034345,-0.0017826,0.0039573,0.00070708,0.0034141,0.011405,-0.48872,3.7179,-0.24154,-0.49443,2.6812,-2.1067,-1.0473,-3.7912,0.81663,0.20359,0.22195,0.12591,0.18633,0.13035,-0.021821,-0.358,-0.18357,0.1965,-0.031806,0.070681,-0.025395,0.30133,-0.22967,-0.027337,184,184,14719,10,1003.9
43.781,0.0049889,0.0084283,14723,0.01163,1.281,0.00083661,0.022341,-0.0007534,-8.3145e-05,-0.00019125,1,2,0.7003,99.383,0.6,0,0,-0.0017166,-0.010491,0.0013352,0.10586,-0.098056,0.014953,0.00095369,0.010872,-0.003624,0.10357,-0.090254,0.0046438,-0.0013883,-0.0074043,0.0068476,-0.0042106,8.0739e-05,-0.0024264,0.0054029,-0.00606,0.0091915,-0.0011169,0.0039261,0.013665,0.34908,3.4982,-0.31055,-0.14542,2.6413,-2.1527,-0.069817,-3.6081,0.90864,0.66894,0.27513,0.19798,0.19051,0.098434,-0.010714,-0.33187,-0.1769,0.17697,-0.042664,0.076048,-0.027772,0.27629,-0.22467,-0.03452,184,184,14724,10,1003.9
43.804,0.0053155,0.0094819,14732,0.022075,1.2792,0.00085151,0.02231,0.00036081,-0.0012329,0.0011946,1,2,0.74299,99.37,0.6,0,0,-0.0017166,-0.010491,0.0013352,0.10586,-0.098056,0.014953,0.00095369,0.010872,-0.0040055,0.10357,-0.090254,0.0046438,-0.0087003,-0.0045256,0.007848,-0.0012543,-0.0039704,-0.00043775,0.0044804,-0.0042534,0.0052727,0.0026656,0.005483,0.028419,1.0473,3.6081,-0.011502,-0.61077,2.3818,-2.2166,0.76799,-3.6447,1.0237,0.66894,-0.22565,-0.060952,0.18311,0.060356,2.1551e-06,-0.30647,-0.19343,0.14959,-0.029544,0.088958,-0.031144,0.21313,-0.1986,-0.038741,184,184,14734,10,1003.9
43.831,0.0013517,0.012657,14741,0.027943,1.2791,0.00083533,0.022308,-0.0012521,-0.0011587,0.00025227,1,2,0.78453,99.37,0.6,0,0,-0.0017166,-0.010491,0.0013352,0.10586,-0.098056,0.014953,0.00095369,0.010872,-0.003624,0.10357,-0.090254,0.0046438,-0.013085,-0.011362,0.015305,-0.011775,-0.0069416,-0.0083419,0.0048627,-0.0039743,0.0020231,0.008893,-0.0025134,0.0045851,2.1643,3.4982,-0.080513,-0.66894,2.3421,-2.33,-1.7454,-3.315,1.2537,1.1343,-0.032775,-0.094962,0.16283,0.025924,0.0063673,-0.28624,-0.22964,0.11418,0.0043736,0.10614,-0.031479,0.12205,-0.16252,-0.037835,184,184,14745,10,1003.9
43.853,0.0012835,0.011139,14751,0.021038,1.2783,0.00083303,0.022295,-0.00023002,-0.0001824,-0.0014774,1,2,0.8295,99.373,0.6,0,0,-0.0017166,-0.010491,0.0013352,0.10586,-0.098056,0.014953,0.00095369,0.010872,-0.0040055,0.10357,-0.090254,0.0046438,-0.0082753,-0.0039483,0.0063946,-0.0043715,-0.002093,0.009536,0.0020358,-0.0037993,0.0018257,0.0064465,-0.0057041,0.003018,0.34908,3.3883,-0.37956,-0.31993,2.4815,-2.1576,1.1869,-3.6081,0.88564,1.6578,-0.072339,-0.070838,0.1346,0.0098253,0.005328,-0.28257,-0.2798,0.080313,0.050483,0.11378,-0.027302,0.014803,-0.13231,-0.029897,184,184,14754,10,1003.9
43.882,0.0011988,0.020829,14759,0.028983,1.2768,0.00079749,0.022271,-0.0014039,-0.0017555,0.00061889,1,2,0.86801,99.372,0.6,0,0,-0.0017166,-0.010491,0.0013352,0.10586,-0.098056,0.014953,0.00095369,0.010872,-0.003624,0.10357,-0.090254,0.0046438,-0.0044316,-0.0038167,0.0030306,0.003286,-0.0060155,0.0035727,0.0094728,-0.0054653,0.0054401,0.0003804,-0.0064754,0.010369,1.0473,3.4615,0.14952,-0.5526,3.1008,-2.1277,-0.62835,-3.3516,0.90864,0.3781,0.33324,0.18345,0.10681,0.004678,-0.0029506,-0.28956,-0.32871,0.051164,0.093977,0.11589,-0.015674,-0.086682,-0.13429,-0.025445,184,184,14765,10,1003.9
43.893,0.001256,0.011177,14767,0.011491,1.2763,0.00080683,0.02226,0.00030612,0.00053404,7.1055e-05,1,2,0.9104,99.367,0.6,0,0,-0.0017166,-0.010491,0.0013352,0.10586,-0.098264,0.014562,0.00095369,0.010872,-0.003624,0.10357,-0.090254,0.0046438,-0.0081428,-0.0060978,0.0077799,-0.0082005,-0.021596,-0.018421,0.0070007,-0.0040144,0.011455,0.0047684,-0.00047806,0.012818,0.62835,3.6081,-0.17253,-0.14542,1.8478,-1.82,-0.62835,-3.315,0.77062,0.31993,0.079779,0.27529,0.087377,-0.010365,-0.0085571,-0.29875,-0.34596,0.013302,0.11733,0.11536,0.0038302,-0.17466,-0.15934,-0.044994,184,184,14770,10,1003.9
43.902,0.0013443,0.0083099,14772,0.0086156,1.2769,0.00080472,0.022272,0.00031577,-0.0013762,0.00071248,1,2,0.93351,99.37,0.6,0,0,-0.0017166,-0.010491,0.0013352,0.10586,-0.098472,0.01417,0.00095369,0.010872,-0.0040055,0.10357,-0.090254,0.0046438,-0.0095903,-0.0035092,0.0031964,-0.0087972,-0.011717,-0.0074309,-0.00095754,-0.0043541,0.0060878,0.00069758,-0.0073577,0.0019559,0.34908,3.3883,-0.057509,-0.49443,3.0813,-1.8906,-1.0473,-3.4249,0.79363,1.1343,0.076041,0.0058827,0.086344,-0.023007,-0.010953,-0.30294,-0.32381,-0.019717,0.12644,0.10554,0.026119,-0.21584,-0.17504,-0.076811,184,184,14773,10,1003.9
43.933,0.0012718,0.016533,14781,0.031107,1.275,0.00080922,0.022239,-0.0019609,-0.0016702,-0.00088534,1,2,0.97914,99.375,0.6,0,0,-0.0017166,-0.010491,0.0013352,0.10586,-0.098472,0.01417,0.00095369,0.010872,-0.003624,0.10357,-0.090254,0.0046438,-0.0061297,-0.0043067,0.0019733,-0.0074933,-0.00099572,0.0033741,0.0014769,-0.0062995,0.0095143,0.0016882,0.0041203,0.005734,0.34908,3.8278,-0.057509,-0.66894,2.3622,-1.8901,0.76799,-3.4249,0.56359,0.31993,0.34064,0.053537,0.094425,-0.039348,-0.0057384,-0.2802,-0.27045,-0.073804,0.12736,0.076583,0.055953,-0.2658,-0.18325,-0.14003,184,184,14785,10,1003.9
43.949,0.0013521,0.015543,14787,0.015855,1.2733,0.00080192,0.022208,0.00079439,-0.0014377,0.00073485,1,2,0.012913,99.371,0.6,0,0,-0.0017166,-0.010491,0.0013352,0.10586,-0.098472,0.01417,0.00095369,0.010872,-0.003624,0.10357,-0.090254,0.0046438,-0.013367,-0.0045455,-0.0010108,-0.0088518,-0.0091739,-0.0022527,0.0042789,-0.0066711,0.0038383,0.0019281,0.0021701,0.0039561,0.34908,3.6813,0.057509,-0.14542,2.0035,-2.1701,-1.0473,-3.4982,0.6556,0.84344,0.42104,0.31801,0.10639,-0.04569,0.0029626,-0.16133,-0.20869,-0.10222,0.14509,-0.0042601,0.1027,-0.32,-0.18917,-0.20006,184,184,14790,10,1003.9
43.993,0.0077061,0.041043,14794,0.044878,1.2731,0.00079533,0.022206,-0.00022753,-0.00096495,5.0661e-05,1,2,0.085974,99.356,0.6,0,0,-0.0017166,-0.010491,0.0013352,0.10586,-0.098472,0.01417,0.00095369,0.010872,-0.0040055,0.10357,-0.090254,0.0046438,-0.0017863,-0.0067963,0.0030799,-0.0038781,-0.0045349,0.0060931,0.0082262,-0.0036909,0.00033451,0.0048007,-0.0040541,0.014238,0.34908,3.5714,0.19553,-0.78527,2.5814,-1.6928,-0.90762,-3.7912,0.88564,1.0179,-0.20464,-0.094665,0.091035,-0.0077165,0.026097,0.21143,-0.11052,-0.032714,0.18916,-0.16632,0.12623,-0.35799,-0.20284,-0.24923,184,184,14795,10,1003.9
44.013,0.0015284,0.012855,14798,0.019145,1.2726,0.00080213,0.022196,-5.372e-05,-3.4119e-05,-0.00072044,1,2,0.14667,99.372,0.6,0,0,-0.0017166,-0.010491,0.0013352,0.10586,-0.098679,0.013778,0.00095369,0.010872,-0.0040055,0.10357,-0.090254,0.0046438,-0.011026,-0.0033235,0.0018644,-0.00087534,-0.010119,-0.0089934,0.0014461,-0.0037376,-0.0013359,0.0023886,0.0034025,0.023801,0.62835,3.6813,-0.011502,-0.66894,3.0826,-2.1361,-1.3265,-3.2051,0.88564,0.66894,0.12304,0.18622,-0.0040829,0.026048,0.035131,0.32233,-0.20135,0.018606,0.20742,-0.1807,0.076104,-0.29496,-0.17295,-0.24705,184,184,14802,10,1003.9
44.032,0.0012496,0.010651,14807,0.018938,1.273,0.0007905,0.022204,-0.00042778,9.9004e-05,0.00043191,1,2,0.18848,99.365,0.6,0,0,-0.0017166,-0.010491,0.0013352,0.10586,-0.098679,0.013778,0.00095369,0.010872,-0.0040055,0.10357,-0.090254,0.0046438,-0.010271,-0.0022876,0.01029,0.0057878,-0.0060305,0.0046465,0.0028687,-0.0079336,0.0022831,0.0035674,0.00047595,0.00065893,0.76799,3.7912,-0.080513,-0.84344,2.6024,-1.8818,-0.62835,-3.4249,0.79363,1.1343,0.066168,0.1791,-0.048584,0.029886,0.050951,0.33327,-0.20168,0.025167,0.20479,-0.15388,0.052005,-0.25836,-0.14723,-0.23838,184,184,14810,10,1003.9
44.052,0.0018023,0.012491,14814,0.020711,1.2742,0.00077863,0.022225,-0.0013766,-0.00015477,-0.00021712,1,2,0.2271,99.371,0.6,0,0,-0.0017166,-0.010491,0.0013352,0.10586,-0.098887,0.013386,0.00095369,0.010872,-0.003624,0.10357,-0.090254,0.0046438,-0.01119,0.00029038,0.003622,0.00063434,-0.0099387,-0.019212,0.0042743,-0.0070013,-0.0028672,0.0033709,0.0043643,0.013272,-0.48872,3.6081,-0.14952,-0.029084,2.9426,-1.904,-0.069817,-3.7912,0.90864,0.84344,0.27513,0.19798,-0.049637,0.023487,0.054122,0.28944,-0.18739,0.022802,0.20078,-0.11884,0.040497,-0.24775,-0.14342,-0.21352,184,184,14818,10,1003.9
44.071,0.0011926,0.0089741,14824,0.018426,1.2746,0.00077934,0.022232,0.00011883,0.00017164,0.00072911,1,2,0.27005,99.369,0.6,0,0,-0.0017166,-0.010491,0.0013352,0.10586,-0.09951,0.012208,0.00095369,0.010872,-0.0040055,0.10357,-0.090254,0.0046438,-0.0050365,-0.0031942,0.0073509,-0.0027331,0.0012027,0.012881,0.0062264,-0.0061444,-0.012211,0.00013782,0.00031055,0.0059263,0.34908,3.9377,-0.12652,-0.49443,3.0831,-1.7285,0.76799,-3.5348,0.77062,0.84344,-0.079744,0.059073,-0.021798,0.011402,0.05319,0.20556,-0.15969,0.016893,0.19232,-0.0806,0.03152,-0.24467,-0.1518,-0.16961,184,184,14826,10,1003.9
44.093,0.0015284,0.010434,14833,0.022375,1.2752,0.00077132,0.022243,0.00010546,0.00087886,0.00089031,1,2,0.31225,99.419,0.6,0,0,-0.0017166,-0.010491,0.0013352,0.10586,-0.09951,0.012208,0.00095369,0.010872,-0.0040055,0.10357,-0.090254,0.0046438,-0.0082381,-0.0071052,0.0081327,-0.0071867,-0.00037338,0.012228,0.0034743,-0.0059872,0.0025785,0.0071201,0.0047207,0.016634,1.0473,3.5714,0.011502,-0.66894,3.0831,-1.7285,0.20945,-3.4982,1.0007,0.66894,-0.0030854,0.05413,0.019087,-0.0015861,0.048574,0.10048,-0.12073,0.010878,0.17411,-0.063723,0.028971,-0.24132,-0.18015,-0.12688,184,184,14835,10,1003.9
44.113,0.0012066,0.012226,14840,0.020439,1.2738,0.00075201,0.022219,-0.0008507,-0.00072855,0.0018575,1,2,0.3492,99.427,0.6,0,0,-0.0017166,-0.010491,0.0013352,0.10586,-0.09951,0.012208,0.00095369,0.010872,-0.003624,0.10357,-0.090254,0.0046438,-0.011208,-0.0066983,0.011155,-0.0069546,0.00096767,0.01044,0.0049316,-0.0036651,0.0050287,0.0046526,0.0022414,0.006829,1.0473,3.6813,-0.10352,-0.66894,2.4242,-1.738,-0.069817,-3.7546,0.77062,0.029084,0.33324,0.18345,0.063045,-0.01571,0.044923,-0.0072168,-0.084089,0.0082339,0.15221,-0.067285,0.029398,-0.23817,-0.22105,-0.10132,184,184,14844,10,1003.9
44.13,0.001383,0.0090634,14848,0.016293,1.2735,0.00074967,0.022214,-0.00054093,-0.0004231,0.00063894,1,2,0.38837,99.43,0.6,0,0,-0.0017166,-0.010491,0.0013352,0.10586,-0.09951,0.012208,0.00095369,0.010872,-0.003624,0.10357,-0.090254,0.0046438,-0.0070415,-0.0084475,0.0030227,-0.0066041,0.0016989,0.0088924,0.0065718,-0.004646,-0.0023955,0.0067474,0.0063322,0.0020927,-0.069817,3.6081,-0.080513,-0.029084,3.4224,-1.6842,-1.0473,-3.4982,0.67861,1.0179,0.78331,0.327,0.097058,-0.030835,0.046713,-0.091878,-0.070435,0.0082661,0.13598,-0.075097,0.031086,-0.24587,-0.25738,-0.090267,184,184,14849,10,1003.9
44.153,0.0012554,0.011458,14856,0.02277,1.2728,0.00075991,0.022202,0.0027746,-0.00045644,0.00018569,1,2,0.42891,99.429,0.6,0,0,-0.0017166,-0.010491,0.0013352,0.10586,-0.09951,0.012208,0.00095369,0.010872,-0.003624,0.10357,-0.090254,0.0046438,-0.0040771,-0.0035723,0.0023329,-0.0079308,-0.00055135,0.0081895,0.010429,-0.0047804,0.0025873,-0.00092318,-0.0055233,0.00443,0.76799,3.7912,0.080513,-1.1343,3.2222,-1.5785,0.76799,-3.4249,0.90864,0.20359,-0.16508,-0.11879,0.11212,-0.035837,0.042753,-0.14326,-0.070381,0.021629,0.13125,-0.06767,0.031709,-0.26767,-0.27253,-0.07169,184,184,14859,10,1003.9
44.18,0.0017293,0.019772,14863,0.027745,1.2727,0.00074491,0.0222,-0.000248,0.00073514,-0.00046927,1,2,0.46833,99.425,0.6,0,0,-0.0017166,-0.010491,0.0013352,0.10586,-0.09951,0.012208,0.00095369,0.010872,-0.0040055,0.10357,-0.090254,0.0046438,-0.010221,-0.005193,0.0084109,-0.0085827,-1.6633e-05,0.0078951,0.00016423,-0.00737,0.0079916,0.0021026,-0.0077485,0.014481,1.0473,3.8278,0.057509,-0.78527,2.883,-1.6228,-1.3265,-3.5348,0.97766,0.3781,0.53973,0.24564,0.1156,-0.02734,0.026673,-0.18348,-0.080037,0.051091,0.13792,-0.047886,0.027719,-0.28178,-0.25363,-0.018203,184,184,14868,10,1003.9
44.194,0.0012737,0.012874,14870,0.013234,1.2739,0.00072392,0.022221,-0.0011542,-0.00059075,-0.0011589,1,2,0.50806,99.426,0.6,0,0,-0.0017166,-0.010491,0.0013352,0.10586,-0.09951,0.012208,0.00095369,0.010872,-0.003624,0.10357,-0.090254,0.0046438,-0.0051995,-0.0084103,0.013714,-0.0089912,-0.001043,0.001483,0.0015288,-0.0041385,-0.0041591,0.01189,0.0023072,0.0078092,0.34908,3.8278,-0.10352,-0.49443,2.9624,-1.5307,-0.069817,-3.5348,0.54059,0.66894,0.69798,0.14914,0.12024,0.011708,-0.011274,-0.24538,-0.11268,0.094647,0.14483,-0.010742,0.016367,-0.25183,-0.20463,0.066235,184,184,14874,10,1003.9
44.212,0.0013828,0.011514,14878,0.018517,1.2741,0.00071863,0.022226,-0.00082027,0.001299,-0.00011755,1,2,0.54776,99.427,0.6,0,0,-0.0017166,-0.010491,0.0013352,0.10586,-0.09951,0.012208,0.00095369,0.010872,-0.0040055,0.10357,-0.090254,0.0046438,0.0015371,-0.0050024,0.005036,-0.0074318,-0.0011188,0.015569,0.0037754,-0.0052993,-0.00067539,0.0035675,0.009077,0.010547,0.34908,3.2418,-0.26454,-0.31993,3.2222,-1.5785,1.4662,-3.2784,0.97766,0.84344,-0.15147,-0.022591,0.1378,0.11944,-0.084645,-0.35934,-0.1864,0.18126,0.14412,0.037874,0.011816,-0.041707,-0.13395,0.087783,184,184,14881,10,1003.9
44.231,0.0016346,0.010601,14886,0.018948,1.2739,0.00072117,0.022222,0.00126,-0.00048134,0.0016454,1,2,0.58821,99.426,0.6,0,0,-0.0017166,-0.010491,0.0013352,0.10586,-0.09951,0.012208,0.00095369,0.010872,-0.0040055,0.10357,-0.090254,0.0046438,-0.0036833,-0.0051965,0.0040214,0.0035717,0.00041335,0.0074267,0.0076866,-0.0068976,0.0056744,0.0078681,-0.00058176,-0.0002871,0.34908,3.8278,-0.14952,-0.78527,2.9229,-1.6215,-1.4662,-3.4982,0.90864,0.3781,0.41363,0.44792,0.16168,0.18536,-0.083825,-0.43961,-0.26921,0.23214,0.077352,0.05269,-0.00067916,0.22339,-0.14728,0.0034671,184,184,14888,10,1003.9
44.259,0.0020668,0.019684,14893,0.02814,1.2753,0.00072113,0.022247,0.0013563,0.0013267,0.00046457,1,2,0.62716,99.423,0.6,0,0,-0.0017166,-0.010491,0.0013352,0.10586,-0.09951,0.012208,0.00095369,0.010872,-0.003624,0.10357,-0.090254,0.0046438,-0.0095192,-0.00968,-0.0028389,-0.0059569,0.0018007,0.0031935,0.0058573,2.5873e-05,-0.0036546,0.0034367,0.0039398,-0.0021121,1.0473,3.6813,-0.24154,-0.14542,3.0626,-1.6059,-0.34908,-3.6447,0.79363,0.49443,0.38021,0.029414,0.16813,0.15271,-0.026625,-0.38027,-0.1967,0.20286,0.00061994,0.065293,-0.012333,0.28722,-0.22096,-0.024072,184,184,14898,10,1003.9
44.271,0.0012086,0.010254,14901,0.011936,1.2755,0.00071217,0.02225,-0.00083711,0.00025737,-0.0003208,1,2,0.6683,99.429,0.6,0,0,-0.0017166,-0.010491,0.0013352,0.10586,-0.09951,0.012208,0.00095369,0.010872,-0.0040055,0.10357,-0.090254,0.0046438,-0.0037835,-0.0044357,0.0012372,-0.0011906,-0.00047888,0.0098444,0.0067274,-0.0035539,-0.0035363,0.0017168,-0.0013733,0.019393,-0.069817,3.5714,-0.034505,-0.31993,3.2033,-1.8143,0.20945,-3.7179,0.90864,1.1343,0.07731,0.3186,0.18738,0.126,-0.020152,-0.3537,-0.18204,0.19315,-0.03417,0.071429,-0.025869,0.2995,-0.23043,-0.028476,184,184,14903,10,1003.9
44.293,0.0012757,0.012337,14909,0.02195,1.2715,0.00068211,0.022181,-0.00055115,-0.0016697,-0.00013255,1,2,0.70813,99.425,0.6,0,0,-0.0017166,-0.010491,0.0013352,0.10586,-0.09951,0.012208,0.00095369,0.010872,-0.003624,0.10357,-0.090254,0.0046438,-0.00088389,-0.0035822,0.0048824,-0.0019751,-0.0018896,0.010203,0.0091044,-0.0035627,0.0064074,0.0073354,0.0010289,-0.0010043,1.0473,3.6813,-0.21853,-0.31993,2.8628,-1.5898,-1.0473,-3.4982,0.56359,0.49443,0.10326,0.19828,0.18991,0.091835,-0.0086461,-0.32674,-0.17868,0.17195,-0.041487,0.077632,-0.028102,0.26687,-0.2215,-0.035716,184,184,14913,10,1003.9
44.31,0.001226,0.0087083,14917,0.016946,1.2717,0.00067522,0.022185,-0.00032309,-0.00065924,-0.00018716,1,2,0.74919,99.43,0.6,0,0,-0.0017166,-0.010491,0.0013352,0.10586,-0.09951,0.012208,0.00095369,0.010872,-0.0040055,0.10357,-0.090254,0.0046438,-0.007652,0.00075015,0.0057654,-0.00084076,-0.00050952,0.0021317,0.0068993,-0.0047215,0.0028351,0.0019158,0.0080041,0.0082623,-0.48872,3.6813,0.080513,-0.49443,3.5632,-1.9149,0.48872,-3.4982,0.90864,0.84344,-0.019165,0.0012358,0.18079,0.054741,0.0010347,-0.30287,-0.19874,0.14446,-0.025062,0.091819,-0.031739,0.20056,-0.19306,-0.038787,184,184,14918,10,1003.9
44.333,0.0016197,0.0097664,14925,0.02334,1.2726,0.00068923,0.022201,0.00056436,0.0007007,0.00056505,1,2,0.79449,99.428,0.6,0,0,-0.0017166,-0.010491,0.0013352,0.10586,-0.09951,0.012208,0.00095369,0.010872,-0.0040055,0.10357,-0.090254,0.0046438,-0.0018476,-0.0069201,0.0026748,-0.0070355,-0.0011872,0.014095,0.0062625,-0.0061238,0.0081381,0.010278,0.0020417,0.021449,1.8851,3.5714,-0.12652,-0.61077,3.1426,-1.6258,0.48872,-3.4249,0.6326,0.84344,-0.23059,0.025655,0.15881,0.020182,0.0078728,-0.28182,-0.23764,0.10707,0.011154,0.10795,-0.031935,0.10101,-0.15619,-0.036217,184,184,14926,10,1003.9
44.344,0.0011238,0.0023632,14929,0.010495,1.2716,0.00069496,0.022183,0.00075679,-0.0011236,0.0010608,1,2,0.82897,99.418,0.6,0,0,-0.0017166,-0.010491,0.0013352,0.10586,-0.09951,0.012208,0.00095369,0.010872,-0.003624,0.10357,-0.090254,0.0046438,-0.0052889,-0.0050178,0.0028207,0.0015866,5.986e-05,0.014124,0.0054141,-0.0046539,0.0076586,0.0039246,0.001484,-0.006552,-0.069817,3.8278,-0.011502,-0.66894,2.9029,-1.6109,0.76799,-3.5348,0.90864,0.20359,0.17745,0.23664,0.1316,0.011273,0.0027988,-0.28377,-0.28369,0.077848,0.058227,0.11342,-0.024236,0.0072896,-0.12923,-0.028898,184,184,14928,10,1003.9
44.372,0.0017017,0.011701,14934,0.028136,1.2691,0.00070669,0.02214,0.0013954,-0.0028478,-0.00018434,1,2,0.86799,99.424,0.6,0,0,-0.0017166,-0.010491,0.0013352,0.10586,-0.09951,0.012208,0.00095369,0.010872,-0.0040055,0.10357,-0.090254,0.0046438,-0.0091076,0.0016278,0.011093,-0.00057068,-0.00058267,0.0085668,0.0054142,-0.0055434,0.0029424,0.0027962,-0.0014627,0.0033237,0.34908,3.7179,-0.057509,-0.31993,3.0635,-1.8075,-0.34908,-3.4982,0.79363,0.3781,-0.031506,0.21775,0.10497,0.0048764,-0.0033899,-0.29016,-0.33085,0.049914,0.097735,0.11501,-0.013302,-0.09095,-0.13547,-0.025201,184,184,14936,10,1003.9
44.393,0.0014942,0.01291,14941,0.021539,1.2678,0.0007157,0.022115,0.000542,-0.0010533,-0.00042124,1,2,0.90828,99.442,0.6,0,0,-0.0017166,-0.010491,0.0013352,0.10586,-0.09951,0.012208,0.00095369,0.010872,-0.0040055,0.10357,-0.090254,0.0046438,-0.0072025,-0.0068386,0.010409,-0.0015762,0.0039561,0.0071681,0.0073254,-0.0060883,0.0082644,0.004041,0.0021456,0.0052998,0.34908,3.9011,-0.19553,-0.14542,3.3629,-1.7645,-0.76799,-3.315,0.77062,1.1343,0.3283,0.27006,0.086992,-0.009945,-0.0091153,-0.29821,-0.34655,0.01354,0.11888,0.11468,0.0045481,-0.17428,-0.15932,-0.043453,184,184,14945,10,1003.9
44.41,0.0012527,0.0094832,14949,0.016827,1.2689,0.0007186,0.022135,-0.00044107,0.00065671,0.00098835,1,2,0.94838,99.427,0.6,0,0,-0.0017166,-0.010491,0.0013352,0.10586,-0.09951,0.012208,0.00095369,0.010872,-0.0040055,0.10357,-0.090254,0.0046438,-0.0045133,-0.0080509,0.011146,-0.0072558,-0.00028924,0.0088322,0.0028395,-0.0057151,0.00096516,0.0065332,0.0099317,0.013121,0.34908,3.7912,-0.47158,-0.14542,3.0225,-1.5624,0.76799,-3.4982,0.88564,0.66894,-0.49519,-0.021999,0.087053,-0.028299,-0.009114,-0.30447,-0.31393,-0.034261,0.12326,0.10437,0.02864,-0.22478,-0.17608,-0.093224,184,184,14950,10,1003.9
44.432,0.001467,0.012257,14956,0.022136,1.2669,0.00073294,0.022099,0.0016638,-0.0029114,0.00023447,1,2,0.98754,99.424,0.6,0,0,-0.0017166,-0.010491,0.0013352,0.10586,-0.09951,0.012208,0.00095369,0.010872,-0.0040055,0.10357,-0.090254,0.0046438,-0.0071673,-0.010854,-0.0088765,-0.00036018,0.00081757,0.0045578,0.0060199,-0.0029779,-0.00014695,-0.0012602,0.0038816,0.0082645,0.34908,3.4615,0.31055,-0.3781,2.8233,-1.6806,-0.20945,-3.8278,1.0007,0.20359,-0.11931,0.083196,0.09747,-0.041895,-0.0044108,-0.26519,-0.25793,-0.086928,0.13005,0.064625,0.064659,-0.27878,-0.18413,-0.15335,184,184,14959,10,1003.9
44.461,0.0015035,0.020658,14964,0.028735,1.267,0.00073692,0.0221,0.0007287,0.00068729,-0.0014524,1,2,0.0283,99.422,0.6,0,0,-0.0017166,-0.010491,0.0013352,0.10586,-0.09951,0.012208,0.00095369,0.010872,-0.003624,0.10357,-0.090254,0.0046438,-0.0076976,-0.0012559,0.0027733,-0.0070949,-0.00022824,0.0093942,0.0085843,-0.0031577,0.00255,0.005984,-0.0046944,-0.0038233,0.34908,3.7179,-0.33355,-1.1343,3.0436,-1.8193,0.069817,-3.4982,1.2537,0.84344,-0.19103,0.001532,0.10764,-0.04227,0.010801,-0.075853,-0.18698,-0.096674,0.15601,-0.048759,0.11711,-0.33555,-0.18903,-0.22052,184,184,14969,10,1003.9
44.474,0.0012602,0.012013,14971,0.012337,1.2669,0.00074889,0.0221,-6.4616e-05,-0.00015639,-0.0015268,1,2,0.06975,99.431,0.6,0,0,-0.0017166,-0.010491,0.0013352,0.10586,-0.09951,0.012208,0.00095369,0.010872,-0.003624,0.10357,-0.090254,0.0046438,-0.011563,-0.0059195,-0.0022078,-0.0079029,0.0016692,0.014693,0.0027568,-0.0050943,0.002303,0.0028774,-0.010439,-0.0074073,1.0473,3.5714,-0.080513,-0.31993,2.9425,-1.5425,-0.62835,-3.9744,0.90864,0.3781,0.14529,0.13085,0.075225,0.0015605,0.021538,0.22725,-0.12035,-0.014433,0.192,-0.17991,0.12175,-0.35397,-0.20569,-0.24583,184,184,14974,10,1003.9
44.492,0.0020757,0.011706,14978,0.018553,1.2663,0.00075821,0.022088,0.0016139,-0.00079205,-0.00058595,1,2,0.10909,99.431,0.6,0,0,-0.0017166,-0.010491,0.0013352,0.10586,-0.09951,0.012208,0.00095369,0.010872,-0.0040055,0.10357,-0.090254,0.0046438,-0.0030893,-0.008783,0.012041,-0.0087087,-0.0012358,0.017572,0.0029165,-0.0032158,0.0081239,0.0054651,0.0017682,0.0090588,0.34908,3.9011,-0.14952,-0.49443,2.9624,-1.5307,-0.62835,-3.7546,0.67861,0.66894,0.031541,0.11661,-0.01307,0.02818,0.031016,0.32917,-0.20076,0.024254,0.20606,-0.19827,0.084313,-0.29783,-0.17783,-0.24988,184,184,14980,10,1003.9
44.513,0.0012434,0.0099746,14987,0.021153,1.2661,0.00078086,0.022084,0.0014608,-0.0012305,-6.5922e-05,1,2,0.15315,99.427,0.6,0,0,-0.0017166,-0.010491,0.0013352,0.10586,-0.09951,0.012208,0.00095369,0.010872,-0.003624,0.10357,-0.090254,0.0046438,-0.0036812,-0.0056954,0.004592,-0.0036708,-0.0032514,0.01461,0.0034506,-0.005423,0.0026159,0.0031075,0.0024787,0.0094875,1.0473,3.3883,-0.35656,-0.029084,3.5231,-1.8714,1.0473,-3.6447,1.0237,0.49443,0.27759,0.15468,-0.057117,0.032803,0.048575,0.36346,-0.2094,0.029169,0.2056,-0.17915,0.062114,-0.26208,-0.15259,-0.2538,184,184,14989,10,1003.9
44.531,0.0018031,0.01113,14993,0.018086,1.268,0.0007612,0.022117,-0.0027498,0.00097864,0.0013949,1,2,0.18819,99.422,0.6,0,0,-0.0017166,-0.010491,0.0013352,0.10586,-0.09951,0.012208,0.00095369,0.010872,-0.003624,0.10357,-0.090254,0.0046438,-0.0030763,-0.0028001,-0.00059422,-0.014475,-0.0014557,0.0062863,0.0096969,-0.0030788,0.0076555,0.011322,0.0012823,0.0055572,1.0473,3.6813,-0.057509,-0.5526,3.0231,-1.6968,-0.069817,-3.7546,0.67861,0.84344,0.38147,0.34213,-0.070041,0.031276,0.053542,0.348,-0.2049,0.028401,0.20432,-0.1544,0.049766,-0.24709,-0.14351,-0.2444,184,184,14995,10,1003.9
44.552,0.0018134,0.011114,15000,0.020579,1.2681,0.00078011,0.022119,0.00085376,0.0008154,0.00027777,1,2,0.22935,99.428,0.6,0,0,-0.0017166,-0.010491,0.0013352,0.10586,-0.09951,0.012208,0.00095369,0.010872,-0.0040055,0.10357,-0.090254,0.0046438,-0.0078497,-0.0084671,-0.00068622,-0.013585,-0.0017273,0.0047289,0.0047764,-0.003114,0.0087788,0.0066966,0.0054555,-0.00046409,0.34908,3.7912,-0.011502,-0.49443,3.0436,-1.8193,-1.0473,-3.5348,0.77062,0.66894,0.024136,0.24652,-0.056723,0.024145,0.054443,0.29187,-0.18687,0.024229,0.20032,-0.11733,0.038313,-0.243,-0.14251,-0.2142,184,184,15002,10,1003.9
44.573,0.0015372,0.012297,15007,0.021414,1.2698,0.00077376,0.022149,-0.0012188,0.00022492,-0.00054175,1,2,0.2692,99.431,0.6,0,0,-0.0017166,-0.010491,0.0013352,0.10586,-0.09951,0.012208,0.00095369,0.010872,-0.0040055,0.10357,-0.090254,0.0046438,-0.00225,-0.0037264,0.0060915,-0.00018449,0.00045379,0.017188,-0.00056153,-0.0027749,0.0034564,0.0074552,0.0058139,0.013462,-0.069817,3.4615,-0.35656,-0.31993,3.0622,-1.5163,-0.069817,-3.315,1.0237,1.3088,-0.25781,-0.16674,-0.023767,0.011193,0.05359,0.20833,-0.16013,0.017247,0.19228,-0.081274,0.032104,-0.24417,-0.15188,-0.17084,184,184,15010,10,1003.9
44.593,0.0013434,0.01214,15014,0.01961,1.2698,0.00075129,0.02215,-0.00018967,0.00019397,-0.0018712,1,2,0.30848,99.415,0.6,0,0,-0.0017166,-0.010491,0.0013352,0.10586,-0.09951,0.012208,0.00095369,0.010872,-0.0040055,0.10357,-0.090254,0.0046438,-0.00055276,-0.0079895,0.0040534,-0.0069852,0.0028924,0.0078187,0.0052033,-0.0014614,0.0028811,-0.00026438,0.0047953,0.0040481,0.76799,3.5714,-0.057509,-0.84344,3.1227,-1.6376,-0.34908,-3.3516,1.0007,1.0179,0.031541,0.11661,0.017014,-0.0011424,0.0489,0.10832,-0.12386,0.011127,0.17571,-0.064903,0.029925,-0.2424,-0.17851,-0.12965,184,184,15018,10,1003.9
44.611,0.0012278,0.0096957,15023,0.018038,1.2693,0.00078101,0.022139,0.00060655,-0.00041889,0.00099443,1,2,0.34918,99.429,0.6,0,0,-0.0017166,-0.010491,0.0013352,0.10586,-0.09951,0.012208,0.00095369,0.010872,-0.0040055,0.10357,-0.090254,0.0046438,7.194e-05,0.0013188,0.0090299,0.002852,0.00028336,0.0053141,0.002776,-0.0026853,-0.0056792,-0.00055486,0.0042408,-0.0065126,0.34908,3.5714,-0.14952,-0.14542,3.6227,-1.8123,-1.3265,-3.6447,0.6556,0.84344,0.26152,0.10178,0.060623,-0.015333,0.045167,-0.0042663,-0.085078,0.0090083,0.15303,-0.0664,0.028689,-0.23813,-0.2198,-0.10141,184,184,15025,10,1003.9
44.631,0.001335,0.010963,15030,0.0203,1.2707,0.00081349,0.022162,0.0010745,0.00032984,0.00081003,1,2,0.38748,99.424,0.6,0,0,-0.0017166,-0.010491,0.0013352,0.10586,-0.09951,0.012208,0.00095369,0.010872,-0.0040055,0.10357,-0.090254,0.0046438,0.00047845,-0.0027905,0.0043101,0.00065074,0.00253,0.0085855,0.0046443,-0.00023506,0.00071063,0.007039,0.0091731,0.019617,0.76799,3.5714,0.011502,-0.66894,2.8233,-1.6806,0.069817,-3.5348,0.77062,1.0179,0.35425,0.14973,0.095897,-0.031218,0.04713,-0.090021,-0.070327,0.0087565,0.13673,-0.075147,0.031191,-0.24583,-0.25693,-0.08984,184,184,15033,10,1003.9
44.654,0.0015088,0.013413,15039,0.022917,1.2705,0.00079987,0.02216,0.00085759,0.00088403,0.0012221,1,2,0.42877,99.422,0.6,0,0,-0.0017166,-0.010491,0.0013352,0.10586,-0.09951,0.012208,0.00095369,0.010872,-0.0040055,0.10357,-0.090254,0.0046438,-0.00075085,-0.0064119,0.0040187,-0.0099659,0.00042297,0.00729,0.010182,-0.004394,0.0058597,0.0023414,0.0020947,0.013789,0.34908,3.3883,-0.12652,-0.61077,3.0421,-1.4834,0.34908,-3.6447,0.79363,0.49443,0.0080572,0.19363,0.11164,-0.035624,0.042725,-0.14276,-0.07033,0.0216,0.13153,-0.068013,0.031262,-0.26698,-0.27179,-0.071713,184,184,15043,10,1003.9
44.673,0.0012985,0.011883,15047,0.018689,1.2712,0.00079558,0.022173,-0.00049202,0.0015919,-0.0010663,1,2,0.4688,99.422,0.6,0,0,-0.0017166,-0.010491,0.0013352,0.10586,-0.09951,0.012208,0.00095369,0.010872,-0.003624,0.10357,-0.090254,0.0046438,-0.0025355,-0.0047636,0.0024536,0.0056042,-0.0010262,0.015672,0.0086354,-0.0060508,-0.0064332,0.0040203,0.0010966,0.010701,0.76799,3.6081,-0.10352,-0.49443,3.1227,-1.6376,1.0473,-3.2418,0.90864,1.6578,-0.047585,0.16486,0.11499,-0.027633,0.026822,-0.1835,-0.079592,0.051739,0.13872,-0.047574,0.027792,-0.28123,-0.25185,-0.017745,184,184,15051,10,1003.9
44.69,0.0017058,0.0093719,15055,0.01711,1.2724,0.00079225,0.022193,-0.00053579,0.00080439,-0.00032205,1,2,0.50883,99.427,0.6,0,0,-0.0017166,-0.010491,0.0013352,0.10586,-0.09951,0.012208,0.00095369,0.010872,-0.0040055,0.10357,-0.090254,0.0046438,-0.002996,-0.0075201,0.0040669,0.0016934,0.0035144,0.011307,0.004964,-0.0032826,0.0020467,0.0028557,0.011896,0.026822,0.34908,3.9011,-0.011502,-0.14542,3.1227,-1.6376,0.20945,-3.2418,0.88564,0.66894,0.3728,0.15932,0.12029,0.012391,-0.01194,-0.2463,-0.11304,0.095784,0.14518,-0.010106,0.015813,-0.25097,-0.20331,0.067825,184,184,15056,10,1003.9
44.712,0.0017878,0.010973,15062,0.021821,1.2727,0.00078469,0.022198,-0.00072956,0.00097476,-0.00059683,1,2,0.54933,99.427,0.6,0,0,-0.0017166,-0.010491,0.0013352,0.10586,-0.09951,0.012208,0.00095369,0.010872,-0.0040055,0.10357,-0.090254,0.0046438,-0.010451,-0.003317,0.0082402,-0.0021554,0.00018611,0.0097213,0.007055,-0.0067453,0.0099542,0.0068336,-0.00091982,0.0051882,0.34908,3.7912,0.19553,-0.61077,2.9848,-2.0563,-0.069817,-3.022,0.79363,0.3781,0.024136,0.24652,0.1383,0.12257,-0.086274,-0.36261,-0.18892,0.18367,0.14377,0.03853,0.011816,-0.033506,-0.13327,0.084991,184,184,15064,10,1003.9
44.733,0.0016886,0.011347,15069,0.021029,1.2713,0.00081157,0.022174,0.00021739,-0.00069971,-0.00027902,1,2,0.59007,99.43,0.6,0,0,-0.0017166,-0.010491,0.0013352,0.10586,-0.099302,0.012601,0.00095369,0.010872,-0.0040055,0.10357,-0.090254,0.0046438,-0.0039985,-0.006662,0.0071916,-0.0094972,0.0033504,0.015168,0.0088125,-0.0033379,-0.0018836,0.0070301,0.00019708,0.0089443,0.76799,3.5714,0.17253,-0.31993,2.6635,-1.7762,0.34908,-3.6081,0.77062,1.0179,0.69058,0.27905,0.16211,0.18486,-0.082233,-0.43945,-0.26918,0.23145,0.074851,0.053232,-0.0011858,0.22758,-0.14952,0.0019422,184,184,15072,10,1003.9
44.753,0.0016085,0.012612,15076,0.019894,1.2714,0.0008132,0.022175,0.00024939,0.00068591,-3.727e-05,1,2,0.62751,99.416,0.6,0,0,-0.0017166,-0.010491,0.0013352,0.10586,-0.099302,0.012601,0.00095369,0.010872,-0.003624,0.10357,-0.090254,0.0046438,-0.011079,-0.0014787,0.0040824,-0.011815,-0.0013713,0.010675,0.008638,-0.0057578,-0.0010612,0.0019357,-0.00076786,-0.0019143,-1.1869,3.4982,-0.12652,-0.78527,3.0232,-1.8322,-0.069817,-3.5348,0.77062,0.20359,-0.13292,-0.013001,0.16821,0.15167,-0.025699,-0.3796,-0.19552,0.20334,-0.00042469,0.065652,-0.01273,0.28814,-0.22198,-0.024288,184,184,15079,10,1003.9
44.776,0.0013375,0.014628,15084,0.023027,1.2706,0.00079325,0.022163,0.00015143,0.00072317,-0.0003133,1,2,0.66916,99.42,0.6,0,0,-0.0017166,-0.010491,0.0013352,0.10586,-0.099302,0.012601,0.00095369,0.010872,-0.003624,0.10357,-0.090254,0.0046438,-0.0084401,-0.0061477,-0.0014826,-0.019788,0.0020065,0.0168,0.0037882,-0.0013516,-0.0017992,0.0010843,-0.0016546,0.00093042,1.4662,3.3516,-0.33355,-0.20359,2.9421,-1.5435,2.304,-3.4982,1.1387,0.84344,0.038946,-0.013297,0.18684,0.12543,-0.019481,-0.35385,-0.18187,0.19306,-0.033779,0.071763,-0.025614,0.29946,-0.2306,-0.028846,184,184,15088,10,1003.9
44.791,0.0013764,0.010727,15090,0.015359,1.2705,0.00080544,0.02216,-0.0011577,-0.00058155,-0.00029311,1,2,0.7076,99.425,0.6,0,0,-0.0017166,-0.010491,0.0013352,0.10586,-0.099302,0.012601,0.00095369,0.010872,-0.0040055,0.10357,-0.090254,0.0046438,-0.0056039,-0.010054,-0.0049371,-0.0039422,-0.0017203,0.010979,0.0021554,-0.0008827,-0.0060291,0.0033018,0.0020785,0.015349,-0.48872,3.9011,0.057509,-0.14542,2.8231,-1.7488,-0.62835,-3.2418,0.77062,0.84344,0.22442,0.082604,0.18954,0.092602,-0.009046,-0.32775,-0.17863,0.17185,-0.041046,0.077737,-0.028139,0.26773,-0.22134,-0.035804,184,184,15093,10,1003.9
44.816,0.0016104,0.0153,15099,0.025304,1.2687,0.00081259,0.022128,-0.00020782,-0.0010829,-0.0012816,1,2,0.74959,99.42,0.6,0,0,-0.0017166,-0.010491,0.0013352,0.10586,-0.099302,0.012601,0.00095369,0.010872,-0.0040055,0.10357,-0.090254,0.0046438,-0.0062,-0.006957,0.0053814,-0.0031779,-0.00056899,0.011195,0.0055598,-0.0033128,-0.0030852,0.0077726,0.0067485,0.0073393,0.62835,3.7912,-0.011502,-0.78527,3.3228,-1.8564,-1.0473,-3.3516,1.0007,0.49443,0.50016,0.26976,0.1807,0.054329,0.0011315,-0.3026,-0.19865,0.14345,-0.024984,0.091902,-0.031611,0.19982,-0.19301,-0.039167,184,184,15104,10,1003.9
44.831,0.001581,0.010454,15106,0.014647,1.269,0.00080055,0.022134,-0.00032576,-0.001513,0.00058019,1,2,0.78852,99.43,0.6,0,0,-0.0017166,-0.010491,0.0013352,0.10586,-0.099302,0.012601,0.00095369,0.010872,-0.003624,0.10357,-0.090254,0.0046438,-0.010321,-0.0098643,0.0025721,-0.015373,0.0034768,0.014371,0.012604,-0.0053398,-0.0040452,0.0024022,0.0012954,0.00054094,0.76799,3.7179,0.14952,-0.31993,2.8231,-1.7488,-0.20945,-3.6447,0.77062,0.66894,0.18239,0.15003,0.15962,0.024087,0.006001,-0.28549,-0.23525,0.1101,0.010805,0.10727,-0.030819,0.11038,-0.15794,-0.037241,184,184,15108,10,1003.9
44.852,0.0013977,0.012118,15113,0.021169,1.2695,0.00077959,0.022144,-0.0012865,0.00046299,0.00063164,1,2,0.82716,99.415,0.6,0,0,-0.0017166,-0.010491,0.0013352,0.10586,-0.099302,0.012601,0.00095369,0.010872,-0.0040055,0.10357,-0.090254,0.0046438,-0.010893,-0.0026533,0.0021259,-0.0053144,-0.00024012,0.0095993,0.0071006,-0.0071724,-0.0077262,0.0092884,-0.0038102,0.0082072,-0.069817,3.1685,-0.19553,-0.31993,2.8419,-1.4682,-0.62835,-3.6447,0.79363,0.66894,0.09212,0.058776,0.1332,0.010919,0.0035588,-0.28365,-0.28125,0.07929,0.055272,0.11337,-0.024943,0.01286,-0.13077,-0.030072,184,184,15116,10,1003.9
44.871,0.0015929,0.010227,15121,0.019126,1.2694,0.00079599,0.02214,-0.00056209,-0.0011904,0.00060636,1,2,0.8696,99.428,0.6,0,0,-0.0017166,-0.010491,0.0013352,0.10586,-0.099302,0.012601,0.00095369,0.010872,-0.0040055,0.10357,-0.090254,0.0046438,-0.00098694,-0.0024891,0.010698,-0.0061564,-0.0023967,0.015856,0.0075079,-0.0028319,0.0048315,0.0091635,0.008011,0.021157,1.8851,3.4982,-0.14952,-0.49443,3.102,-1.5833,-0.20945,-3.3516,0.79363,0.20359,-0.11931,0.083196,0.106,0.0045211,-0.0029309,-0.28989,-0.33077,0.04961,0.095089,0.11589,-0.01503,-0.090618,-0.13543,-0.025658,184,184,15123,10,1003.9
44.892,0.0012977,0.011375,15128,0.020239,1.2692,0.00081227,0.022137,0.0011726,9.1677e-05,-0.00022369,1,2,0.90718,99.409,0.6,0,0,-0.0017166,-0.010491,0.0013352,0.10586,-0.099302,0.012601,0.00095369,0.010872,-0.003624,0.10357,-0.090254,0.0046438,-0.0075173,0.0019942,-0.0022319,-0.0067708,-0.0013769,0.0087387,0.0068988,-0.0011668,-0.0015493,0.0036868,0.0021569,0.0089078,1.4662,3.1319,0.057509,-0.49443,3.3832,-1.9553,-0.34908,-3.4982,0.79363,0.66894,-0.087148,0.18898,0.087057,-0.0097058,-0.008766,-0.2969,-0.34602,0.015419,0.11923,0.11371,0.0048717,-0.17395,-0.15942,-0.042458,184,184,15131,10,1003.9
44.91,0.0012246,0.009321,15136,0.018145,1.2683,0.00081833,0.022121,0.00040604,0.00093901,0.0014108,1,2,0.94748,99.429,0.6,0,0,-0.0017166,-0.010491,0.0013352,0.10586,-0.099302,0.012601,0.00095369,0.010872,-0.0040055,0.10357,-0.090254,0.0046438,-0.00057634,-0.0046945,0.0051484,-0.011603,0.0015312,0.0077628,0.0065788,-0.0015083,0.01063,0.0031503,-0.0037054,-0.0023449,0.34908,3.6081,0.011502,-0.49443,3.0432,-1.8427,0.069817,-3.7546,0.90864,0.66894,0.62506,0.4235,0.08693,-0.027811,-0.0090969,-0.30377,-0.3138,-0.031375,0.12347,0.10386,0.029028,-0.22438,-0.17626,-0.092168,184,184,15138,10,1003.9
44.931,0.0012439,0.011342,15143,0.021769,1.2668,0.0008118,0.022095,5.0696e-05,-0.0018035,0.0018662,1,2,0.98701,99.431,0.6,0,0,-0.0017166,-0.010491,0.0013352,0.10586,-0.099302,0.012601,0.00095369,0.010872,-0.0040055,0.10357,-0.090254,0.0046438,-0.001402,-0.0056185,0.007658,0.0027611,0.0011319,0.01179,0.0079942,-0.0048946,0.0041171,0.0029407,0.0055072,0.010997,1.0473,3.3883,-0.011502,-0.49443,2.4831,-1.6138,0.76799,-3.7179,1.0007,0.3781,-0.22565,-0.060952,0.09741,-0.041628,-0.0042354,-0.26575,-0.25804,-0.084798,0.12994,0.065277,0.064107,-0.27721,-0.18333,-0.15255,184,184,15146,10,1003.9
44.952,0.0015109,0.011427,15151,0.020569,1.2665,0.00083524,0.022088,0.00095462,-0.0004601,-0.00010857,1,2,0.02853,99.422,0.6,0,0,-0.0017166,-0.010491,0.0013352,0.10586,-0.099302,0.012601,0.00095369,0.010872,-0.003624,0.10357,-0.090254,0.0046438,-0.0059516,-0.0063257,0.014784,-0.0032726,0.0039247,0.011817,0.0033672,-0.005744,0.0025101,0.0012315,-0.00062468,0.010202,0.34908,3.7912,-0.011502,-0.31993,2.9427,-1.6779,-0.62835,-3.6447,0.6556,0.84344,0.10326,0.19828,0.10761,-0.042331,0.010653,-0.077624,-0.18768,-0.096978,0.15565,-0.048054,0.11689,-0.33526,-0.18866,-0.22054,184,184,15154,10,1003.9
44.983,0.0084152,0.028708,15157,0.030502,1.2655,0.00083045,0.022071,0.00063863,-0.001798,-0.00031519,1,2,0.068751,99.411,0.6,0,0,-0.0017166,-0.010491,0.0013352,0.10586,-0.099302,0.012601,0.00095369,0.010872,-0.0040055,0.10357,-0.090254,0.0046438,-0.011258,-0.0036536,0.0033376,-0.0051268,0.0035174,0.013974,0.011075,-0.0068218,0.0080086,0.0016691,0.0049365,0.0076602,0.76799,3.9011,-0.24154,-0.49443,3.1624,-1.6822,0.76799,-3.7912,0.67861,0.66894,-0.13292,-0.013001,0.075522,0.0013059,0.021431,0.2252,-0.11953,-0.014863,0.19182,-0.17936,0.12176,-0.35403,-0.20576,-0.24563,184,184,15159,10,1003.9
45.003,0.0015038,0.011686,15161,0.020163,1.2655,0.00082955,0.022071,-6.786e-05,-0.00081304,0.00053993,1,2,0.12919,99.426,0.6,0,0,-0.0017166,-0.010491,0.0013352,0.10586,-0.099302,0.012601,0.00095369,0.010872,-0.003624,0.10357,-0.090254,0.0046438,-0.0093708,-0.0097501,0.0054309,-0.0071984,-0.00024449,0.014113,0.0055121,-0.0033078,0.0068134,0.0019238,0.0023774,0.022119,0.76799,3.6081,0.080513,-0.84344,2.9427,-1.6779,-0.20945,-3.4615,0.90864,0.49443,-0.24914,0.016065,-0.011858,0.027374,0.034959,0.33118,-0.20207,0.02296,0.20672,-0.19076,0.079768,-0.29367,-0.17333,-0.24973,184,184,15164,10,1003.9
45.014,0.0063094,0.010771,15166,0.01108,1.2656,0.00080556,0.022075,-0.0016723,0.00077767,-0.00058146,1,2,0.16293,99.433,0.6,0,0,-0.0017166,-0.010491,0.0013352,0.10586,-0.099302,0.012601,0.00095369,0.010872,-0.0040055,0.10357,-0.090254,0.0046438,-0.0089025,-0.00808,0.0043737,-0.0074005,-0.00038028,0.012343,0.0043936,-0.0023764,0.0052055,0.0027733,0.0043987,0.015136,1.0473,3.4982,-0.33355,-0.66894,2.7838,-1.8845,-0.069817,-3.4249,0.6556,0.66894,0.17005,0.36655,-0.056769,0.032178,0.049471,0.35828,-0.20844,0.028251,0.20536,-0.17309,0.059404,-0.26053,-0.15058,-0.25129,184,184,15168,10,1003.9
45.03,0.0018401,0.010164,15171,0.015943,1.2663,0.00082273,0.022086,0.00019227,0.0011315,-0.0011322,1,2,0.18699,99.426,0.6,0,0,-0.0017166,-0.010491,0.0013352,0.10586,-0.099302,0.012601,0.00095369,0.010872,-0.0040055,0.10357,-0.090254,0.0046438,-0.0064475,-0.011473,0.0074768,-0.011735,0.00010387,0.010793,0.0080875,-0.0065789,0.0011737,0.0028961,-0.0038967,0.0013842,1.4662,3.5714,-0.14952,0.087253,2.7036,-1.8198,-0.62835,-3.6081,0.79363,0.66894,0.18979,0.02012,-0.068416,0.03049,0.053573,0.34766,-0.20469,0.027945,0.20443,-0.15475,0.050874,-0.2494,-0.1446,-0.24455,184,184,15173,10,1003.9
45.051,0.00093017,0.0099654,15180,0.021345,1.263,0.00083932,0.022027,0.0010733,-0.00013549,0.0012248,1,2,0.22837,99.433,0.6,0,0,-0.0017166,-0.010491,0.0013352,0.10586,-0.099302,0.012601,0.00095369,0.010872,-0.003624,0.10357,-0.090254,0.0046438,-0.0085534,-0.009367,0.0017214,-0.0055368,-0.00054388,0.0073984,0.00219,-0.0041942,0.0083946,0.0084836,-0.0037153,0.0091309,1.4662,3.4615,0.12652,-0.49443,3.0827,-1.7295,-1.3265,-3.5348,0.90864,0.029084,-0.31592,-0.15221,-0.056341,0.024454,0.054358,0.29293,-0.18741,0.02429,0.20037,-0.11825,0.038722,-0.24356,-0.14258,-0.21474,184,184,15182,10,1003.9
45.072,0.0013934,0.011054,15187,0.020491,1.2654,0.00086271,0.022068,0.00074169,0.0015499,-0.0019905,1,2,0.26797,99.425,0.6,0,0,-0.0017166,-0.010491,0.0013352,0.10586,-0.099302,0.012601,0.00095369,0.010872,-0.003624,0.10357,-0.090254,0.0046438,-0.0061681,-0.01113,0.0076015,-0.010262,-0.00067272,0.019315,0.0033338,-0.0021944,-0.0084589,0.0007481,-0.0016851,0.0072963,0.34908,3.9377,-0.034505,-0.49443,2.5278,-1.4139,0.069817,-3.4249,0.79363,0.49443,0.050089,0.1262,-0.024354,0.011414,0.053707,0.21074,-0.16069,0.017496,0.19265,-0.082042,0.032496,-0.24451,-0.15149,-0.17195,184,184,15190,10,1003.9
45.091,0.0012338,0.010754,15195,0.019272,1.2655,0.00088452,0.022069,0.0010838,-0.0010287,5.6509e-05,1,2,0.30689,99.479,0.6,0,0,-0.0017166,-0.010491,0.0013352,0.10586,-0.099302,0.012601,0.00095369,0.010872,-0.0040055,0.10357,-0.090254,0.0046438,-0.009813,-0.0058463,0.0092477,-0.00013805,0.00030922,0.0078326,0.0081749,-0.0043971,0.000115,0.0063822,0.0018415,0.015789,0.34908,3.3516,0.080513,-0.49443,2.7431,-1.7065,0.76799,-3.3516,0.88564,0.49443,-0.30972,0.073902,0.015639,-0.00079712,0.049099,0.11215,-0.12498,0.011115,0.17633,-0.065112,0.029944,-0.24268,-0.17721,-0.13091,184,184,15198,10,1003.9
45.121,0.0014042,0.019766,15204,0.029739,1.2652,0.00088957,0.022063,7.6521e-05,0.00069343,0.0011501,1,2,0.34866,99.477,0.6,0,0,-0.0017166,-0.010491,0.0013352,0.10586,-0.099302,0.012601,0.00095369,0.010872,-0.003624,0.10357,-0.090254,0.0046438,-0.0075028,-0.01557,-0.0017546,-0.0098144,0.0030997,0.008638,0.012643,-0.0041171,0.0064904,0.0083291,0.0052215,0.0066716,2.1643,3.6081,-0.011502,-0.49443,3.1441,-2.0972,-1.7454,-3.6081,0.90864,0.66894,0.031541,0.11661,0.058712,-0.014314,0.045044,-0.0014669,-0.084803,0.0089015,0.15391,-0.066165,0.02837,-0.23709,-0.21718,-0.10171,184,184,15210,10,1003.9
45.131,0.0014059,0.0099356,15212,0.010249,1.2645,0.00088473,0.022052,0.0015281,-0.0018639,-0.0012312,1,2,0.38878,99.477,0.6,0,0,-0.0017166,-0.010491,0.0013352,0.10586,-0.099302,0.012601,0.00095369,0.010872,-0.0040055,0.10357,-0.090254,0.0046438,-0.0030081,-0.0038541,0.001199,-0.0059904,-0.0020003,0.011592,0.0074908,-0.0040943,0.0088863,0.0114,0.0025247,0.017922,-0.48872,3.5714,-0.14952,-0.66894,2.9631,-1.8004,0.76799,-3.3516,0.77062,1.1343,-0.16508,-0.11879,0.094916,-0.0314,0.047357,-0.089904,-0.069811,0.0091946,0.1367,-0.074992,0.030729,-0.24607,-0.25632,-0.089647,184,184,15214,10,1003.9
45.151,0.001315,0.0094583,15220,0.01992,1.2641,0.00086966,0.022045,-0.00023325,6.5252e-05,0.00059997,1,2,0.42947,99.485,0.6,0,0,-0.0017166,-0.010491,0.0013352,0.10586,-0.099302,0.012601,0.00095369,0.010872,-0.0040055,0.10357,-0.090254,0.0046438,-0.0039052,-0.0063338,0.0026734,-0.0028932,-0.00030225,0.0075917,0.0069438,-0.0044388,-0.00048443,0.0059519,0.0081774,0.011855,0.76799,4.2674,-0.37956,-0.49443,2.7839,-1.9069,0.48872,-3.315,0.90864,0.49443,-0.58049,0.13451,0.11151,-0.035784,0.042693,-0.14308,-0.070497,0.022368,0.1315,-0.067914,0.031152,-0.26759,-0.27179,-0.070928,184,184,15222,10,1003.9
45.17,0.0013879,0.0094669,15228,0.01961,1.2658,0.0008668,0.022075,-0.00034617,0.00060907,3.7703e-05,1,2,0.46876,99.48,0.6,0,0,-0.0017166,-0.010491,0.0013352,0.10586,-0.099302,0.012601,0.00095369,0.010872,-0.003624,0.10357,-0.090254,0.0046438,-0.012404,0.0011585,0.009564,-0.0038293,-0.0048951,0.011468,0.014709,-0.0049591,0.003963,0.002281,0.0037331,0.0021399,1.0473,3.7912,0.057509,-0.49443,2.7437,-1.8633,-0.62835,-3.4982,1.0237,0.20359,0.11564,0.31613,0.11497,-0.027442,0.02692,-0.18327,-0.079004,0.051453,0.13847,-0.047498,0.027738,-0.28139,-0.25212,-0.016942,184,184,15230,10,1003.9
45.193,0.0014177,0.012446,15236,0.02287,1.2662,0.00088001,0.022082,0.0013736,0.00040199,0.00036896,1,2,0.50848,99.479,0.6,0,0,-0.0017166,-0.010491,0.0013352,0.10586,-0.099302,0.012601,0.00095369,0.010872,-0.0040055,0.10357,-0.090254,0.0046438,-0.0051303,-0.0012093,0.0067049,-0.0036571,-0.0022528,0.0097776,-0.0020604,-0.0052276,-0.0043217,0.0088272,0.0055847,0.010212,-0.76799,3.4982,-0.011502,-0.66894,3.2429,-1.8365,0.76799,-3.4982,0.90864,1.0179,0.0067878,-0.11908,0.12031,0.011516,-0.011176,-0.24575,-0.11251,0.095233,0.14485,-0.010432,0.016098,-0.2524,-0.20503,0.068447,184,184,15240,10,1003.9
45.212,0.0014066,0.011172,15244,0.018607,1.2672,0.00087601,0.022099,-0.00027192,0.00062338,0.00023242,1,2,0.54835,99.483,0.6,0,0,-0.0017166,-0.010491,0.0013352,0.10586,-0.099302,0.012601,0.00095369,0.010872,-0.0040055,0.10357,-0.090254,0.0046438,-0.0086235,-0.0046708,0.0043372,-0.0049662,0.00076403,0.0039991,0.009454,-0.0050718,0.0026953,2.2372e-05,0.00074651,0.0088701,1.8851,3.7179,-0.31055,-0.31993,2.9638,-1.9572,0.76799,-3.5714,0.90864,0.31993,0.26279,0.4145,0.13786,0.12072,-0.085225,-0.36066,-0.18696,0.18195,0.14399,0.037987,0.011866,-0.038765,-0.13441,0.08762,184,184,15247,10,1003.9
45.232,0.001259,0.011513,15252,0.020311,1.2677,0.00088916,0.022108,0.00037532,0.0021649,-0.00070243,1,2,0.58802,99.482,0.6,0,0,-0.0017166,-0.010491,0.0013352,0.10586,-0.099302,0.012601,0.00095369,0.010872,-0.003624,0.10357,-0.090254,0.0046438,-0.010314,-0.0061456,0.014203,-0.0084903,-0.0017676,0.0034372,0.0083083,-0.0064252,-0.00063522,0.0015973,-0.0063933,0.014632,1.0473,3.8278,-0.080513,-0.029084,2.1517,-1.5505,-0.34908,-3.6081,0.77062,0.3781,-0.058728,0.025359,0.16157,0.18517,-0.083373,-0.44002,-0.26973,0.23157,0.076815,0.052803,-0.00057761,0.22438,-0.14778,0.0031547,184,184,15255,10,1003.9
45.254,0.0014339,0.012779,15260,0.021749,1.268,0.00090029,0.022112,0.0016263,0.00032555,-0.00031878,1,2,0.62937,99.482,0.6,0,0,-0.0017166,-0.010491,0.0013352,0.10586,-0.099302,0.012601,0.00095369,0.010872,-0.003624,0.10357,-0.090254,0.0046438,-0.0068723,-0.00414,0.0058693,-0.0085374,0.0017553,0.0099548,0.0088733,-0.0042164,-0.0068395,0.0050279,-0.0021204,0.0064102,-0.48872,3.5714,-0.17253,-0.5526,3.3022,-1.689,0.76799,-3.2051,0.77062,0.84344,0.26398,0.05848,0.16825,0.15176,-0.025625,-0.3791,-0.1953,0.20247,0.00053069,0.06549,-0.012302,0.28737,-0.22153,-0.024667,184,184,15263,10,1003.9
45.271,0.00171,0.011515,15266,0.017403,1.2677,0.00090727,0.022106,0.0010454,-0.00076017,0.00060315,1,2,0.66707,99.48,0.6,0,0,-0.0017166,-0.010491,0.0013352,0.10586,-0.099302,0.012601,0.00095369,0.010872,-0.0040055,0.10357,-0.090254,0.0046438,-0.002448,-0.0075722,0.0056347,-0.011393,-0.001124,0.0068126,0.00698,-0.0049908,0.0010079,-2.6562e-06,0.0069258,0.013462,1.0473,3.5714,-0.33355,-0.31993,3.1228,-1.7731,0.76799,-3.3516,1.0007,0.66894,-0.1119,-0.046715,0.18722,0.12723,-0.020625,-0.35504,-0.18267,0.19404,-0.034297,0.071503,-0.026069,0.30086,-0.23041,-0.028158,184,184,15269,10,1003.9
45.293,0.0014601,0.012649,15274,0.021369,1.2687,0.00091939,0.022125,0.0015963,-0.0006993,0.00067527,1,2,0.70722,99.485,0.6,0,0,-0.0017166,-0.010491,0.0013352,0.10586,-0.099302,0.012601,0.00095369,0.010872,-0.0040055,0.10357,-0.090254,0.0046438,-0.011348,-0.0004517,0.0086545,-0.010119,0.00081105,0.011881,0.0059607,-0.0033481,0.0025463,0.0022161,0.001162,0.004205,1.4662,3.7912,-0.28755,-0.14542,3.1431,-1.8508,0.34908,-3.4982,1.0237,0.029084,0.23556,0.2221,0.18908,0.093166,-0.0082618,-0.32784,-0.17809,0.17295,-0.041042,0.077493,-0.027728,0.2686,-0.22243,-0.036117,184,184,15278,10,1003.9
45.311,0.0015078,0.010406,15283,0.0188,1.2675,0.00092214,0.022104,0.00014312,-5.7838e-05,0.0013297,1,2,0.74939,99.478,0.6,0,0,-0.0017166,-0.010491,0.0013352,0.10586,-0.099302,0.012601,0.00095369,0.010872,-0.003624,0.10357,-0.090254,0.0046438,-0.0062511,-0.0080946,0.0080314,-0.0056349,0.0019319,0.0046956,0.0043221,-0.0055569,0.0027051,0.004647,0.0033902,0.0034799,-0.48872,3.3516,0.011502,-0.3781,2.2109,-1.537,0.76799,-3.315,0.79363,0.66894,0.49276,0.39967,0.18081,0.054612,0.0011478,-0.30278,-0.19847,0.14393,-0.025262,0.091841,-0.031588,0.20064,-0.19335,-0.038984,184,184,15285,10,1003.9
45.332,0.001556,0.011517,15290,0.020087,1.2678,0.00091007,0.022109,-0.00027064,-0.00041711,0.00045441,1,2,0.78746,99.48,0.6,0,0,-0.0017166,-0.010491,0.0013352,0.10586,-0.099302,0.012601,0.00095369,0.010872,-0.003624,0.10357,-0.090254,0.0046438,-0.0053505,-0.0074045,0.0056714,-0.00087839,0.0014659,0.0069032,0.005967,-0.0055664,0.0070385,0.0057755,-0.0057898,-0.0021114,-0.069817,3.5714,0.080513,-0.49443,2.8229,-1.6816,0.76799,-3.5348,0.88564,0.20359,0.18239,0.15003,0.16051,0.024974,0.0059889,-0.28513,-0.23352,0.11117,0.0096061,0.10667,-0.030931,0.11261,-0.15824,-0.037038,184,184,15292,10,1003.9
45.351,0.0012774,0.010716,15297,0.019441,1.2687,0.00090459,0.022124,-0.0011995,-0.00026632,-0.001051,1,2,0.82732,99.486,0.6,0,0,-0.0017166,-0.010491,0.0013352,0.10586,-0.099302,0.012601,0.00095369,0.010872,-0.0040055,0.10357,-0.090254,0.0046438,-0.0034505,0.0021658,0.0074042,-0.0022296,-0.00068518,0.0050745,0.011407,-0.0065925,0.0033761,0.0054867,-0.0035043,0.0067626,0.34908,3.5714,0.28755,-0.49443,2.6424,-1.5192,-0.62835,-3.5348,1.0007,1.0179,0.07731,0.3186,0.13392,0.010835,0.0041025,-0.28276,-0.28017,0.080059,0.053913,0.1131,-0.025372,0.013457,-0.13096,-0.029868,184,184,15300,10,1003.9
45.373,0.0021104,0.013552,15305,0.022149,1.2669,0.00089178,0.022093,-0.0015985,-0.00085986,0.0010051,1,2,0.86761,99.472,0.6,0,0,-0.0017166,-0.010491,0.0013352,0.10586,-0.099302,0.012601,0.00095369,0.010872,-0.0040055,0.10357,-0.090254,0.0046438,-0.0065227,-0.006378,0.0016636,-0.0091266,-0.0038626,0.010318,0.0045429,-0.0041098,0.0083821,0.0079468,0.0029746,0.01138,-0.48872,3.4615,-0.057509,-0.66894,2.8619,-1.4564,-1.3265,-3.5714,0.90864,0.84344,0.33324,0.18345,0.10649,0.005003,-0.0032601,-0.2904,-0.33001,0.050649,0.094909,0.11592,-0.014963,-0.086988,-0.13463,-0.025524,184,184,15309,10,1003.9
45.398,0.0015298,0.009808,15314,0.024894,1.2651,0.00088632,0.022063,-0.00043251,-0.0016886,-0.00077267,1,2,0.92369,99.49,0.6,0,0,-0.0017166,-0.010491,0.0013352,0.10586,-0.099302,0.012601,0.00095369,0.010872,-0.0040055,0.10357,-0.090254,0.0046438,-0.004349,-0.0049707,0.0066814,-0.013481,-0.0043159,0.013325,0.006167,-0.0057126,0.0054913,0.0023159,0.0067094,0.021802,-0.48872,3.4982,0.12652,-0.66894,3.1428,-1.7836,0.069817,-3.4249,0.88564,0.31993,0.024136,0.24652,0.08687,-0.014848,-0.0073107,-0.30421,-0.34321,0.0032461,0.11458,0.11727,0.0040591,-0.18326,-0.16238,-0.055777,184,184,15316,10,1003.9
45.41,0.0014584,0.0098896,15319,0.011892,1.2673,0.00088141,0.0221,-0.00052127,5.337e-05,-0.00059009,1,2,0.94728,99.482,0.6,0,0,-0.0017166,-0.010491,0.0013352,0.10586,-0.099302,0.012601,0.00095369,0.010872,-0.003624,0.10357,-0.090254,0.0046438,-0.0096468,0.0026445,0.00034933,-0.0091278,-0.0039984,0.016328,0.0020507,-0.0035322,0.0078048,0.0066906,0.002665,0.0050653,1.4662,3.6813,-0.011502,-0.84344,2.7036,-1.8198,-0.20945,-3.315,0.79363,0.84344,0.12428,0.16456,0.088825,-0.02889,-0.0086204,-0.30208,-0.31139,-0.036167,0.12447,0.10231,0.030965,-0.22847,-0.17852,-0.094229,184,184,15321,10,1003.9
45.424,0.00134,0.0029437,15328,0.013914,1.2658,0.00086038,0.022075,-0.00099013,-0.0017888,-0.00020987,1,2,0.98872,99.477,0.6,0,0,-0.0017166,-0.010491,0.0013352,0.10586,-0.099302,0.012601,0.00095369,0.010872,-0.003624,0.10357,-0.090254,0.0046438,-0.0059454,-0.0036652,0.00058112,-0.0077218,0.0033223,0.0095928,0.004962,-0.0082671,-0.0088681,0.00022265,0.003694,0.016439,-0.76799,3.3883,-0.35656,-0.49443,3.3228,-1.8564,0.76799,-3.8645,0.51758,1.6578,-0.3765,-0.094369,0.098055,-0.042367,-0.004173,-0.26144,-0.2552,-0.087626,0.13058,0.06148,0.066944,-0.28122,-0.18439,-0.15562,184,184,15327,10,1003.9
