pos_err_m,heading_err_deg,final_speed_mps,category,start_dist_m,duration_s,min_dist_m,along_err_m,cross_err_m
0.1974,0.3901,0.0483,straight,0.0913,4.0200,0.0913,-0.1837,0.0723
0.1206,0.8100,0.1718,lateral,0.4949,4.0200,0.1206,-0.0558,0.1070
0.1577,0.3909,0.0922,turn,0.0000,4.0400,0.0000,nan,nan
0.0746,4.4524,0.0329,lateral,0.2634,4.0600,0.0746,-0.0275,0.0694
0.2155,15.7152,0.0371,lateral,0.5782,4.1000,0.2146,-0.2137,0.0274
0.3127,2.5503,0.1411,straight,1.0492,4.1000,0.3127,-0.3117,0.0252
0.2177,0.2699,0.0424,lateral,0.5938,4.2000,0.2164,-0.1974,0.0919
0.1671,2.2426,0.1574,combined,0.8456,4.2000,0.1671,-0.0851,0.1439
0.0425,1.4959,0.0008,stand,0.0000,4.2200,0.0000,nan,nan
0.1713,2.3111,0.0592,combined,0.6733,4.2200,0.1713,-0.0421,0.1660
0.1067,1.2190,0.0446,turn,0.0000,4.3000,0.0000,nan,nan
0.1564,8.8795,0.2207,combined,0.6823,4.3400,0.1564,-0.1372,0.0750
0.0937,9.5430,0.1061,combined,0.3463,4.3600,0.0937,-0.0830,0.0435
0.0399,4.8662,0.0190,stand,0.0000,4.3800,0.0000,nan,nan
0.0415,2.2820,0.0862,turn,0.0000,4.4200,0.0000,nan,nan
0.2698,2.7930,0.0177,stand,0.0000,4.4200,0.0000,nan,nan
0.2280,6.4582,0.0500,lateral,0.0100,4.4200,0.0100,0.0041,0.2280
0.3716,5.6508,0.0889,combined,0.5821,4.4600,0.3716,-0.3535,0.1147
0.1697,4.5700,0.0663,combined,0.3244,4.5000,0.1697,-0.1695,0.0099
0.1059,2.9233,0.0476,turn,0.0000,4.5200,0.0000,nan,nan
0.1145,1.2682,0.0262,lateral,0.1388,4.5400,0.0755,-0.0025,0.1145
0.3843,6.6612,0.0544,combined,0.9278,4.5600,0.3843,-0.3781,0.0688
0.3307,1.6752,0.1503,straight,0.9460,4.6000,0.3307,-0.2535,0.2124
0.2279,6.8443,0.0034,combined,0.5747,4.6000,0.2279,-0.2131,0.0807
0.1299,1.2850,0.0296,straight,0.3460,4.6200,0.1299,-0.1287,0.0178
0.0457,1.4019,0.0165,stand,0.0000,4.6400,0.0000,nan,nan
0.1719,1.4585,0.1322,combined,0.7641,4.6400,0.1719,-0.1238,0.1193
0.0273,2.4523,0.0072,lateral,0.0074,4.6600,0.0071,0.0190,0.0195
0.2059,5.8378,0.0601,straight,0.6705,4.6600,0.2059,-0.1976,0.0577
0.3012,5.5291,0.0567,straight,0.5975,4.7400,0.3012,-0.2765,0.1195
0.0412,3.2586,0.0681,stand,0.0000,4.8000,0.0000,nan,nan
0.0725,5.2513,0.1567,lateral,0.5259,4.8000,0.0725,-0.0693,0.0215
0.1310,3.7600,0.0589,straight,0.2018,4.8600,0.1287,-0.1255,0.0377
0.0380,5.2925,0.0245,stand,0.0000,4.8600,0.0000,nan,nan
0.3785,2.5081,0.0769,straight,0.9295,4.8600,0.3785,-0.3784,0.0061
0.1860,6.4467,0.0056,combined,0.2299,4.9000,0.1858,-0.1854,0.0157
0.1528,10.1631,0.0235,turn,0.0000,4.9000,0.0000,nan,nan
0.0722,4.8363,0.0287,stand,0.0000,4.9400,0.0000,nan,nan
0.0831,3.1198,0.0681,combined,0.2702,4.9600,0.0365,-0.0370,0.0744
0.2184,0.9429,0.0424,straight,0.2046,4.9800,0.1641,-0.1957,0.0971
0.2186,0.0271,0.0365,combined,0.5574,5.0000,0.2186,-0.2185,0.0058
0.0525,3.2636,0.0281,stand,0.0000,5.0200,0.0000,nan,nan
0.0716,10.4107,0.0515,turn,0.0000,5.0200,0.0000,nan,nan
0.1512,3.2659,0.0074,straight,0.2359,5.0600,0.1484,-0.1507,0.0121
0.0643,7.6385,0.0653,turn,0.0000,5.0600,0.0000,nan,nan
0.0860,5.1113,0.0485,lateral,0.5153,5.0800,0.0860,-0.0859,0.0035
0.2503,1.9276,0.1385,straight,0.7590,5.1000,0.2503,-0.2406,0.0690
0.2919,7.0447,0.0527,combined,0.5290,5.1000,0.2851,-0.2697,0.1116
0.1516,5.9385,0.0561,lateral,0.6538,5.1600,0.1493,-0.1502,0.0208
0.1533,3.3074,0.1142,combined,0.8037,5.2000,0.1533,-0.1445,0.0513
0.0383,0.8912,0.0603,lateral,0.6710,5.2000,0.0364,-0.0334,0.0189
0.3407,3.8894,0.0051,combined,0.2992,5.2200,0.2992,-0.3363,0.0545
0.0443,6.2303,0.0173,stand,0.0000,5.2400,0.0000,nan,nan
0.3105,3.9877,0.0618,combined,0.7495,5.2600,0.3105,-0.3096,0.0225
0.1411,0.4274,0.0545,straight,0.6999,5.3400,0.1411,-0.1057,0.0935
0.0968,1.7764,0.0667,turn,0.0000,5.3600,0.0000,nan,nan
0.2934,2.1479,0.0499,combined,1.1536,5.3800,0.2934,-0.2482,0.1564
0.2530,2.6930,0.0873,combined,0.9992,5.4200,0.2530,-0.2490,0.0445
0.0541,1.9244,0.0747,straight,0.9280,5.4200,0.0541,-0.0500,0.0207
0.2954,2.7374,0.0597,combined,0.8571,5.4400,0.2954,-0.2739,0.1106
0.1069,1.2871,0.1208,lateral,0.3944,5.4400,0.0624,0.0851,0.0646
0.1034,3.3376,0.0570,turn,0.0000,5.4400,0.0000,nan,nan
0.1149,6.1247,0.0515,lateral,0.0091,5.4400,0.0091,-0.0329,0.1101
0.2540,1.7486,0.1891,combined,0.8685,5.4600,0.2540,-0.2452,0.0660
0.0300,4.8740,0.0270,straight,0.3324,5.5400,0.0300,-0.0289,0.0082
0.3091,9.7718,0.0315,combined,0.7899,5.5600,0.3091,-0.2537,0.1766
0.1488,1.9790,0.1185,straight,0.1819,5.5600,0.1458,-0.1349,0.0628
0.1289,6.4633,0.0623,straight,0.5057,5.5800,0.1286,-0.1286,0.0094
0.1006,7.2616,0.1042,lateral,0.2602,5.6000,0.0961,-0.0940,0.0357
0.3131,4.5325,0.0393,straight,0.9651,5.6600,0.3131,-0.3035,0.0770
0.1559,8.9487,0.0277,combined,1.0088,5.6800,0.1559,-0.1557,0.0082
0.1256,1.4642,0.0130,straight,0.1223,5.7200,0.1180,-0.1243,0.0184
0.0211,1.6128,0.0125,stand,0.0000,5.7400,0.0000,nan,nan
0.2553,2.7305,0.0643,straight,0.5386,5.7400,0.2529,-0.2524,0.0383
0.1160,5.6430,0.0581,straight,0.9742,5.8000,0.1160,-0.0980,0.0620
0.1685,3.8349,0.0184,straight,0.0455,5.8200,0.0351,0.0447,0.1625
0.1275,5.0126,0.0361,straight,0.8274,5.8400,0.1275,-0.1174,0.0498
0.3836,10.1534,0.0685,combined,0.6839,5.8400,0.3836,-0.3812,0.0425
0.0441,4.8566,0.0484,turn,0.0000,5.8800,0.0000,nan,nan
0.0716,0.0600,0.0418,straight,0.0348,5.9000,0.0228,-0.0171,0.0695
0.2496,2.1483,0.0370,straight,0.7429,5.9200,0.2496,-0.1623,0.1896
0.0335,8.2488,0.0429,turn,0.0000,5.9400,0.0000,nan,nan
0.2521,7.6346,0.0117,lateral,0.5172,5.9600,0.2521,-0.2448,0.0604
0.1546,3.4540,0.0806,straight,0.0132,5.9600,0.0058,0.1015,0.1165
0.0681,4.3524,0.0799,lateral,0.3174,5.9600,0.0279,0.0655,0.0186
0.0472,5.7593,0.0864,lateral,0.1968,5.9800,0.0472,-0.0400,0.0252
0.1284,6.8476,0.0420,lateral,0.4809,5.9800,0.1284,-0.1185,0.0495
0.1505,2.2221,0.0808,straight,0.8512,6.0000,0.1505,-0.0556,0.1399
0.0853,0.2797,0.0573,turn,0.0000,6.0200,0.0000,nan,nan
0.0333,0.6094,0.0707,lateral,0.0694,6.0200,0.0021,0.0184,0.0277
0.4250,6.3149,0.1350,straight,0.9141,6.0200,0.4250,-0.4024,0.1365
0.1949,4.7111,0.0594,straight,0.2049,6.0600,0.1927,-0.0612,0.1850
0.1996,1.6618,0.0464,straight,0.5144,6.0800,0.1987,-0.1991,0.0138
0.0925,0.7674,0.0562,turn,0.0000,6.1000,0.0000,nan,nan
0.0847,1.8557,0.0597,combined,0.2858,6.1000,0.0847,-0.0616,0.0582
0.1266,5.6253,0.0625,straight,0.3992,6.1200,0.1266,-0.1261,0.0107
0.2625,5.2439,0.1609,combined,1.0113,6.1200,0.2625,-0.2449,0.0944
0.1327,4.0902,0.0897,turn,0.0000,6.1200,0.0000,nan,nan
0.1679,4.9926,0.0946,lateral,0.3731,6.1400,0.1679,-0.1277,0.1090
0.1090,2.4111,0.0597,combined,1.1037,6.1600,0.1090,-0.0845,0.0689
0.1575,6.0028,0.0828,straight,0.5854,6.1800,0.1334,0.0184,0.1564
0.2557,2.9844,0.0573,lateral,0.5461,6.2600,0.2528,-0.2350,0.1007
0.1061,0.5101,0.0847,lateral,0.2568,6.2600,0.0267,0.0771,0.0728
0.2244,1.7082,0.0305,lateral,0.5088,6.2800,0.2244,-0.2161,0.0604
0.0271,1.7920,0.0160,lateral,0.1923,6.2800,0.0271,-0.0085,0.0257
0.2687,3.5698,0.0721,lateral,0.0807,6.3000,0.0807,-0.2596,0.0696
0.2186,1.9691,0.0087,straight,0.1962,6.3400,0.1266,0.1291,0.1765
0.0676,3.1058,0.0548,turn,0.0000,6.4400,0.0000,nan,nan
0.0208,1.5693,0.0586,combined,0.6479,6.4800,0.0017,0.0202,0.0051
0.1179,2.8795,0.0132,lateral,0.3145,6.4800,0.0898,0.0513,0.1062
0.0840,6.8338,0.0575,lateral,0.5376,6.5200,0.0840,-0.0814,0.0206
0.0081,5.1649,0.0423,lateral,0.6158,6.5200,0.0006,0.0081,0.0004
0.1733,0.2234,0.0342,combined,0.4909,6.5400,0.1700,-0.1725,0.0167
0.3083,1.7478,0.0546,lateral,0.2428,6.5800,0.0927,0.2386,0.1953
0.2570,2.5377,0.0457,straight,0.7114,6.5800,0.2542,-0.2408,0.0897
0.0599,3.4059,0.0153,stand,0.0000,6.6000,0.0000,nan,nan
0.2030,1.8376,0.1517,lateral,0.2159,6.6400,0.1704,-0.1480,0.1389
0.0883,6.1870,0.1467,lateral,0.1051,6.6600,0.0221,0.0854,0.0225
0.0227,2.4890,0.0160,stand,0.0000,6.6800,0.0000,nan,nan
0.3247,0.5663,0.1157,straight,0.1604,6.6800,0.1563,0.1364,0.2947
0.0691,6.2417,0.0372,combined,0.7555,6.7000,0.0319,0.0663,0.0192
0.0741,0.0215,0.0374,turn,0.0000,6.7400,0.0000,nan,nan
0.4309,4.0614,0.0635,combined,0.8086,6.7400,0.4278,-0.4305,0.0179
0.2012,0.7913,0.1331,combined,0.4044,6.7600,0.0088,0.1821,0.0856
0.1094,6.1638,0.0501,lateral,0.6170,6.7800,0.1094,-0.1004,0.0435
0.1936,0.3126,0.0120,straight,0.1986,6.8200,0.1926,-0.0428,0.1888
0.1799,0.1902,0.0539,combined,0.3923,6.8400,0.0925,0.1419,0.1106
0.0559,4.0592,0.0243,lateral,0.6306,6.8600,0.0524,-0.0164,0.0535
0.1986,4.2558,0.0807,straight,0.7567,6.8600,0.1986,-0.1913,0.0534
0.1895,5.2604,0.0803,lateral,0.6765,6.8800,0.1810,-0.1786,0.0632
0.1851,1.7542,0.0763,turn,0.0000,6.9400,0.0000,nan,nan
0.0835,4.3121,0.0922,straight,0.9578,6.9800,0.0835,-0.0834,0.0039
0.1643,2.0427,0.0466,combined,0.9887,7.0000,0.1643,-0.1354,0.0931
0.1407,5.9423,0.0250,stand,0.0000,7.0400,0.0000,nan,nan
0.1626,3.5624,0.0329,combined,0.5521,7.0600,0.1534,-0.1607,0.0247
0.0569,4.5069,0.0342,lateral,0.3314,7.0800,0.0183,0.0559,0.0109
0.1769,4.7204,0.0334,lateral,0.2418,7.1200,0.0688,0.0180,0.1760
0.1185,1.1369,0.0455,combined,0.2487,7.1200,0.1157,-0.0658,0.0986
0.0992,8.8208,0.0629,combined,0.1204,7.1600,0.0956,-0.0066,0.0990
0.0203,0.1116,0.0516,combined,1.2078,7.1800,0.0201,0.0011,0.0202
0.0338,5.7560,0.0581,stand,0.0000,7.2200,0.0000,nan,nan
0.1360,13.5803,0.0596,turn,0.0000,7.2400,0.0000,nan,nan
0.1554,4.8282,0.0423,combined,0.7065,7.2400,0.1436,0.0453,0.1487
0.1265,2.2433,0.0656,combined,0.8713,7.2600,0.0899,0.0741,0.1025
0.0429,1.1890,0.1459,combined,1.0238,7.2600,0.0365,0.0216,0.0371
0.2429,3.7226,0.0393,turn,0.0000,7.3000,0.0000,nan,nan
0.3085,6.2815,0.0597,combined,1.2133,7.4000,0.3085,-0.1586,0.2646
0.0762,5.9325,0.0313,stand,0.0000,7.4200,0.0000,nan,nan
0.0142,5.2301,0.0208,stand,0.0000,7.4600,0.0000,nan,nan
0.0739,1.2345,0.1155,turn,0.0000,7.4600,0.0000,nan,nan
0.1676,3.9982,0.0592,combined,0.2561,7.4800,0.1669,-0.1671,0.0136
0.1295,7.7460,0.0426,turn,0.0000,7.5400,0.0000,nan,nan
0.1407,3.3121,0.0458,turn,0.0000,7.5400,0.0000,nan,nan
0.2085,1.5552,0.1059,turn,0.0000,7.5600,0.0000,nan,nan
0.0710,4.1505,0.0525,straight,0.9771,7.5800,0.0710,-0.0261,0.0660
0.1108,4.5369,0.0547,turn,0.0000,7.5800,0.0000,nan,nan
0.0430,2.2108,0.0094,stand,0.0000,7.6400,0.0000,nan,nan
0.1957,6.9004,0.0457,straight,0.5252,7.6600,0.1957,-0.1333,0.1433
0.0737,2.5355,0.0082,stand,0.0000,7.7400,0.0000,nan,nan
0.1343,1.9694,0.0236,lateral,0.6951,7.7400,0.1274,-0.0352,0.1296
0.0619,2.6281,0.0125,stand,0.0000,7.7800,0.0000,nan,nan
0.1362,4.2550,0.0925,turn,0.0000,7.7800,0.0000,nan,nan
0.3509,2.7788,0.0231,straight,1.0449,7.8200,0.3509,-0.3311,0.1161
0.0431,3.3644,0.1154,turn,0.0000,7.9200,0.0000,nan,nan
0.1790,2.8889,0.1071,lateral,0.2544,7.9200,0.1307,-0.1464,0.1029
0.2887,3.8847,0.0772,straight,0.8488,7.9600,0.2887,-0.2806,0.0678
0.0882,3.5877,0.0211,stand,0.0000,8.0000,0.0000,nan,nan
0.1913,9.5834,0.0932,combined,0.0777,8.0400,0.0777,0.0122,0.1909
0.1353,9.1311,0.0739,turn,0.0000,8.0600,0.0000,nan,nan
0.1404,4.4365,0.0435,straight,0.1706,8.1000,0.0310,0.1376,0.0281
0.1983,4.3315,0.0746,combined,0.9160,8.1000,0.1983,-0.1323,0.1477
0.1351,0.2955,0.0225,combined,0.1517,8.1000,0.0980,-0.1317,0.0301
0.1075,4.6634,0.0082,stand,0.0000,8.1200,0.0000,nan,nan
0.1778,0.1218,0.0589,turn,0.0000,8.1200,0.0000,nan,nan
0.0772,5.5744,0.0417,turn,0.0000,8.1400,0.0000,nan,nan
0.1867,0.3174,0.0484,turn,0.0000,8.1400,0.0000,nan,nan
0.0629,1.3686,0.0125,stand,0.0000,8.1600,0.0000,nan,nan
0.2702,2.0067,0.0883,straight,0.5688,8.1600,0.2028,0.1423,0.2297
0.0777,0.6406,0.0393,straight,0.1544,8.1800,0.0677,-0.0777,0.0028
0.1894,2.1275,0.0526,turn,0.0000,8.2200,0.0000,nan,nan
0.1741,8.7537,0.0298,lateral,0.6406,8.3000,0.0920,0.1203,0.1258
0.1631,3.4396,0.0264,turn,0.0000,8.3400,0.0000,nan,nan
0.1846,6.6681,0.1158,combined,0.7774,8.3800,0.1846,-0.1419,0.1180
0.0425,1.7611,0.0305,stand,0.0000,8.3800,0.0000,nan,nan
0.0639,1.3732,0.0346,stand,0.0000,8.4000,0.0000,nan,nan
0.1022,0.6599,0.1193,straight,0.9496,8.4000,0.1022,-0.0959,0.0354
0.1503,17.7127,0.0760,combined,0.4980,8.4400,0.1503,-0.1328,0.0704
0.0648,1.6715,0.0402,stand,0.0000,8.4400,0.0000,nan,nan
0.1343,2.7918,0.0168,turn,0.0000,8.4600,0.0000,nan,nan
0.1763,6.3451,0.1146,turn,0.0000,8.4800,0.0000,nan,nan
0.0167,2.4693,0.0328,stand,0.0000,4.2800,0.0000,nan,nan
0.0433,0.8767,0.0177,stand,0.0000,8.5400,0.0000,nan,nan
0.1570,1.2054,0.0611,combined,1.1124,8.5800,0.0386,0.1532,0.0344
0.0140,7.0586,0.0868,lateral,0.0386,8.5800,0.0140,0.0140,0.0006
0.1815,3.9322,0.0405,combined,0.6638,8.6000,0.1785,-0.0939,0.1553
0.0663,2.0690,0.0864,straight,0.4879,8.6200,0.0425,-0.0137,0.0649
0.0535,0.3261,0.1137,lateral,0.2475,4.3000,0.0525,-0.0226,0.0485
0.0742,2.1566,0.0179,lateral,0.6388,8.7400,0.0489,0.0532,0.0517
0.0998,5.4536,0.0269,lateral,0.4053,8.7400,0.0312,0.0918,0.0393
0.1744,2.7629,0.0185,turn,0.0000,8.7400,0.0000,nan,nan
0.1699,1.8122,0.0577,lateral,0.1131,8.7400,0.0939,-0.0032,0.1699
0.0946,7.2559,0.0584,combined,0.6720,8.7600,0.0724,-0.0208,0.0923
0.1134,0.8877,0.0316,stand,0.0000,8.7800,0.0000,nan,nan
0.0663,0.2431,0.0311,stand,0.0000,8.8000,0.0000,nan,nan
0.0708,1.9238,0.0710,stand,0.0000,8.8000,0.0000,nan,nan
0.2182,4.2414,0.0977,combined,0.7188,8.8200,0.0383,0.2110,0.0554
0.2275,11.8098,0.1007,straight,0.2562,8.8200,0.1939,-0.1172,0.1949
0.2500,4.0767,0.0259,combined,0.6141,8.8400,0.2485,-0.2411,0.0661
0.1886,5.2877,0.0256,straight,0.1949,8.8600,0.1310,-0.1668,0.0881
0.1277,4.6592,0.0507,turn,0.0000,8.8800,0.0000,nan,nan
0.2633,4.6579,0.0742,lateral,0.4678,8.9000,0.2519,-0.2193,0.1457
0.1802,2.8554,0.0224,turn,0.0000,8.9000,0.0000,nan,nan
0.1184,2.1515,0.0898,lateral,0.2610,4.3400,0.1184,-0.0996,0.0639
0.1198,0.9398,0.0382,stand,0.0000,8.9000,0.0000,nan,nan
0.2288,1.7126,0.1237,turn,0.0000,8.9600,0.0000,nan,nan
0.0711,0.3364,0.0294,stand,0.0000,8.9600,0.0000,nan,nan
0.0826,1.7260,0.1032,stand,0.0000,8.9800,0.0000,nan,nan
0.0823,1.6860,0.0381,stand,0.0000,8.9800,0.0000,nan,nan
0.0961,1.8035,0.1199,lateral,0.5867,9.0200,0.0654,-0.0140,0.0951
0.1241,10.3744,0.0690,lateral,0.4702,9.0400,0.1211,-0.0660,0.1051
0.1002,7.6924,0.1041,turn,0.0000,9.1000,0.0000,nan,nan
0.1494,6.4236,0.0869,straight,0.8672,9.1200,0.1236,0.0609,0.1364
0.3102,4.2724,0.0869,straight,0.9318,4.0800,0.3102,-0.3039,0.0622
0.2604,0.8254,0.0636,combined,0.9028,9.1600,0.2604,-0.2411,0.0983
0.0373,3.5623,0.0517,stand,0.0000,9.1600,0.0000,nan,nan
0.1303,7.8642,0.0812,lateral,0.3956,4.2000,0.1172,-0.0105,0.1299
0.1200,1.8283,0.0478,turn,0.0000,9.1600,0.0000,nan,nan
0.0157,4.7745,0.0876,lateral,0.0756,9.1800,0.0085,-0.0156,0.0016
0.0297,4.6603,0.0594,straight,0.7576,9.1800,0.0080,0.0097,0.0281
0.3671,1.6365,0.0501,combined,1.0026,4.6800,0.3671,-0.3603,0.0704
0.1721,3.1405,0.0427,straight,1.0107,9.2200,0.1721,-0.1402,0.0997
0.1993,3.2021,0.1150,combined,1.0287,9.2200,0.1864,-0.0625,0.1893
0.1249,2.3513,0.0714,lateral,0.3379,9.2400,0.1200,-0.1098,0.0596
0.1175,13.2456,0.0783,lateral,0.6702,9.2600,0.1129,-0.1041,0.0543
0.1021,0.0028,0.0935,combined,1.0895,9.2800,0.0315,0.0935,0.0411
0.0764,0.4200,0.0281,straight,0.5209,9.2800,0.0637,-0.0305,0.0701
0.1656,1.0707,0.0578,straight,0.3893,9.3200,0.1358,-0.0039,0.1655
0.0718,3.4408,0.1134,lateral,0.3918,9.3200,0.0616,-0.0654,0.0297
0.1067,11.3969,0.0346,combined,0.5988,9.3200,0.0879,0.0009,0.1067
0.2585,2.4127,0.0396,straight,0.3474,4.4800,0.2585,-0.2585,0.0029
0.2491,12.0448,0.0548,combined,0.7225,4.3600,0.2491,-0.2491,0.0018
0.0237,0.9483,0.0762,turn,0.0000,9.3800,0.0000,nan,nan
0.1740,9.4656,0.0533,combined,0.7396,9.4200,0.1470,0.0306,0.1713
0.0882,5.2686,0.0671,straight,0.2566,9.4200,0.0771,-0.0144,0.0870
0.0431,0.3407,0.0244,stand,0.0000,9.4200,0.0000,nan,nan
0.1064,4.0945,0.0808,turn,0.0000,4.0200,0.0000,nan,nan
0.0500,1.4113,0.0630,turn,0.0000,4.5200,0.0000,nan,nan
0.1630,4.8261,0.0889,straight,0.0939,9.4600,0.0939,-0.1628,0.0065
0.0645,0.9266,0.0118,lateral,0.2166,9.4800,0.0182,0.0399,0.0507
0.0136,0.5811,0.0142,stand,0.0000,9.5600,0.0000,nan,nan
0.1429,7.4164,0.0295,straight,0.7977,9.6000,0.1429,-0.1429,0.0003
0.0392,0.4230,0.0167,stand,0.0000,9.6000,0.0000,nan,nan
0.0591,2.2555,0.0243,stand,0.0000,9.6400,0.0000,nan,nan
0.0947,0.1818,0.0863,combined,0.8897,9.6400,0.0478,0.0277,0.0905
0.2157,3.7444,0.0973,combined,0.7370,5.2000,0.2140,-0.1516,0.1535
0.1897,0.1420,0.0351,combined,0.4448,9.7000,0.1864,-0.1709,0.0823
0.0157,1.9634,0.0181,stand,0.0000,5.0600,0.0000,nan,nan
0.1842,1.5517,0.1667,lateral,0.3857,9.7200,0.1262,0.0052,0.1841
0.2811,0.9724,0.1170,straight,0.2970,4.5200,0.2779,-0.2810,0.0086
0.2244,4.4704,0.0500,combined,0.5724,9.7200,0.1727,0.0173,0.2237
0.0999,1.9799,0.1141,lateral,0.1526,9.8200,0.0999,-0.0225,0.0973
0.1462,2.0363,0.0601,combined,0.2621,9.8400,0.0296,0.0840,0.1197
0.1207,2.8418,0.0538,combined,0.9290,9.8600,0.1205,-0.1185,0.0233
0.0291,3.2065,0.0344,stand,0.0000,9.8800,0.0000,nan,nan
0.1123,0.6906,0.0890,turn,0.0000,9.9000,0.0000,nan,nan
0.2379,5.1297,0.0265,straight,0.5665,5.8800,0.2379,-0.2246,0.0784
0.0103,1.2630,0.0195,stand,0.0000,5.2800,0.0000,nan,nan
0.1128,5.3443,0.0117,lateral,0.5321,9.9200,0.1100,-0.0817,0.0777
0.1165,8.3414,0.0194,turn,0.0000,9.9400,0.0000,nan,nan
0.1787,6.6219,0.0625,turn,0.0000,9.9600,0.0000,nan,nan
0.1280,6.9287,0.0778,turn,0.0000,9.9600,0.0000,nan,nan
0.4022,3.8844,0.0336,combined,0.6406,5.9000,0.4022,-0.4016,0.0233
0.1972,4.8109,0.0993,lateral,0.2361,4.0200,0.1828,-0.1317,0.1468
0.1516,14.0747,0.0571,turn,0.0000,5.4200,0.0000,nan,nan
0.2039,2.6613,0.0565,combined,0.2432,4.6600,0.2034,-0.1975,0.0507
0.1501,0.5368,0.0181,lateral,0.6684,4.1000,0.1501,-0.1489,0.0187
0.0561,1.7837,0.0103,stand,0.0000,6.2000,0.0000,nan,nan
0.0598,4.0021,0.1817,straight,0.8674,4.5000,0.0368,0.0461,0.0381
0.3508,3.8811,0.1212,combined,1.1763,4.4400,0.3508,-0.3333,0.1095
0.0267,6.4363,0.0642,combined,0.2626,4.3600,0.0244,0.0066,0.0259
0.1883,17.2516,0.0657,turn,0.0000,5.1600,0.0000,nan,nan
0.1056,5.3182,0.0474,turn,0.0000,4.0800,0.0000,nan,nan
0.2598,4.7154,0.0606,straight,0.8539,5.5800,0.2471,-0.0190,0.2591
0.0167,0.6949,0.0347,stand,0.0000,5.6400,0.0000,nan,nan
0.0979,2.2090,0.0424,lateral,0.3142,6.2800,0.0461,0.0809,0.0551
0.2440,7.5197,0.0688,lateral,0.5115,5.7000,0.2439,-0.1586,0.1854
0.0230,0.1693,0.0392,stand,0.0000,5.3600,0.0000,nan,nan
0.2309,3.7891,0.0598,straight,0.5988,5.4800,0.2305,-0.2298,0.0219
0.2302,3.6532,0.0548,straight,0.6141,4.6600,0.2302,-0.2260,0.0439
0.1794,0.8083,0.0237,lateral,0.3884,4.2200,0.1400,0.0265,0.1774
0.1366,1.6668,0.0739,straight,0.5173,4.7400,0.1366,-0.1361,0.0117
0.1392,1.9244,0.0803,turn,0.0000,6.4800,0.0000,nan,nan
0.0723,1.6581,0.0932,lateral,0.4885,4.4800,0.0723,-0.0700,0.0180
0.1159,8.4731,0.0440,lateral,0.4622,5.9600,0.1159,-0.0697,0.0926
0.2323,3.6205,0.0688,straight,0.8119,6.6800,0.2323,-0.2244,0.0598
0.1480,8.7429,0.0577,straight,0.0141,5.0600,0.0136,-0.0942,0.1141
0.1020,1.1645,0.0435,lateral,0.4270,5.4400,0.1020,-0.0861,0.0547
0.2077,1.4635,0.0639,combined,0.6213,4.0000,0.2027,-0.2024,0.0465
0.0782,2.3481,0.1377,combined,0.9082,5.0600,0.0782,-0.0744,0.0241
0.0136,1.1902,0.0082,stand,0.0000,5.0400,0.0000,nan,nan
0.1040,4.8167,0.0658,lateral,0.5724,5.3000,0.1040,-0.0779,0.0689
0.1165,2.8279,0.0202,turn,0.0000,4.6600,0.0000,nan,nan
0.0838,7.1101,0.1533,lateral,0.2748,4.3800,0.0838,-0.0772,0.0325
0.2719,2.0579,0.0671,lateral,0.5628,5.6400,0.2719,-0.2719,0.0052
0.1589,0.3205,0.0445,combined,0.3578,5.9000,0.1577,-0.1188,0.1056
0.1450,6.1779,0.0981,straight,0.6526,5.9800,0.1450,-0.0963,0.1084
0.1040,6.2715,0.1348,combined,0.7631,6.7400,0.1040,-0.0343,0.0981
0.0293,1.9340,0.0152,stand,0.0000,6.9400,0.0000,nan,nan
0.1514,3.4935,0.0342,combined,0.4607,4.0600,0.1514,-0.1485,0.0298
0.0060,0.3136,0.0389,stand,0.0000,6.6000,0.0000,nan,nan
0.2494,2.3474,0.0699,turn,0.0000,7.2000,0.0000,nan,nan
0.2316,4.2153,0.0291,turn,0.0000,6.9600,0.0000,nan,nan
0.2403,2.3505,0.0546,combined,0.7704,5.5600,0.2403,-0.2376,0.0357
0.2058,6.6093,0.0952,combined,0.9378,7.2600,0.2058,-0.2057,0.0056
0.0113,1.6373,0.0080,stand,0.0000,5.3400,0.0000,nan,nan
0.2466,6.1146,0.0062,combined,0.8005,6.6000,0.2466,-0.1743,0.1744
0.2139,1.7499,0.0394,lateral,0.4205,6.0600,0.2039,-0.2038,0.0650
0.1780,2.2004,0.0198,combined,0.6659,6.3200,0.1777,-0.1124,0.1381
0.0416,1.8630,0.0206,stand,0.0000,4.6600,0.0000,nan,nan
0.0541,10.0747,0.0181,lateral,0.1079,6.5600,0.0498,-0.0211,0.0498
0.1687,11.3400,0.0257,lateral,0.3015,7.0000,0.0301,0.1556,0.0652
0.0536,1.2242,0.0239,turn,0.0000,5.4400,0.0000,nan,nan
0.3054,4.2594,0.0149,combined,1.1100,5.0800,0.3054,-0.2549,0.1682
0.2294,0.7129,0.1439,combined,0.7654,5.5400,0.2294,-0.1940,0.1225
0.4088,3.9802,0.0302,combined,0.7007,4.6200,0.4088,-0.3942,0.1080
0.0103,0.0671,0.0341,stand,0.0000,5.6600,0.0000,nan,nan
0.1519,6.3007,0.0726,straight,0.2665,4.8400,0.1519,-0.1389,0.0615
0.0521,4.2528,0.0519,turn,0.0000,6.4000,0.0000,nan,nan
0.2243,11.8915,0.0408,lateral,0.4093,4.7400,0.2221,-0.2240,0.0107
0.1157,3.3035,0.0677,combined,0.3847,6.4800,0.1148,-0.0948,0.0663
0.0506,7.8369,0.1097,lateral,0.2710,4.2400,0.0408,-0.0137,0.0487
0.1248,3.5279,0.0250,straight,0.0069,7.1600,0.0059,-0.0225,0.1228
0.0311,0.9564,0.0378,stand,0.0000,5.9200,0.0000,nan,nan
0.1876,0.4107,0.0092,straight,0.0318,6.3400,0.0231,0.0107,0.1873
0.0794,2.5141,0.0602,turn,0.0000,6.1800,0.0000,nan,nan
0.2141,1.0412,0.0404,straight,0.7034,6.4000,0.2081,-0.2073,0.0535
0.0994,7.7641,0.0325,straight,0.2402,6.9800,0.0953,-0.0991,0.0083
0.1203,4.2632,0.0192,lateral,0.3410,7.8200,0.0514,0.0817,0.0883
0.0195,0.1640,0.0225,stand,0.0000,5.9600,0.0000,nan,nan
0.1039,6.6758,0.0180,turn,0.0000,8.3000,0.0000,nan,nan
0.1024,4.0678,0.1275,straight,0.1456,6.8000,0.0388,0.0318,0.0973
0.1776,1.4722,0.0314,lateral,0.6256,4.6400,0.1765,-0.1093,0.1400
0.0755,4.4284,0.0521,lateral,0.0375,8.4200,0.0038,0.0736,0.0168
0.1141,6.1116,0.0222,combined,0.7834,7.1600,0.1131,-0.1006,0.0538
0.1280,6.1961,0.0568,straight,0.9844,7.0000,0.1146,0.0569,0.1147
0.0863,4.8985,0.0683,lateral,0.0195,5.7600,0.0007,0.0862,0.0022
0.1592,7.4141,0.0428,straight,0.2858,4.7400,0.1551,-0.1419,0.0721
0.0700,0.0506,0.0105,combined,0.2311,6.0400,0.0684,-0.0648,0.0266
0.0229,3.2022,0.0346,turn,0.0000,4.9200,0.0000,nan,nan
0.1184,1.6262,0.0371,combined,0.4761,8.6600,0.1184,-0.1107,0.0418
0.0356,5.3468,0.1020,lateral,0.0151,4.4600,0.0008,-0.0352,0.0055
0.2223,3.5030,0.0500,combined,0.3140,8.1000,0.1994,-0.1883,0.1181
0.1665,3.8393,0.0825,lateral,0.5510,7.8000,0.1634,-0.1280,0.1064
0.0996,2.4034,0.0280,turn,0.0000,8.1600,0.0000,nan,nan
0.1989,1.0314,0.1012,lateral,0.5620,7.1800,0.1936,-0.0865,0.1790
0.2456,0.2293,0.0502,combined,0.9836,9.2400,0.2456,-0.2453,0.0119
0.0291,1.7604,0.0189,stand,0.0000,6.3400,0.0000,nan,nan
0.1568,4.2630,0.0691,turn,0.0000,4.5400,0.0000,nan,nan
0.1757,7.3515,0.0317,lateral,0.2175,6.6600,0.1580,-0.1756,0.0054
0.1720,5.4951,0.0527,turn,0.0000,5.7000,0.0000,nan,nan
0.2227,4.8410,0.0326,combined,0.4253,5.7000,0.2219,-0.2197,0.0363
0.0872,4.2038,0.0349,turn,0.0000,7.9600,0.0000,nan,nan
0.2348,0.3290,0.1075,straight,0.4088,6.9200,0.1959,-0.0339,0.2324
0.0544,6.1180,0.0334,lateral,0.2759,6.7000,0.0445,-0.0076,0.0539
0.1622,5.3385,0.0453,lateral,0.0904,5.3200,0.0542,0.0700,0.1463
0.2000,7.2801,0.0677,combined,0.6478,4.8600,0.2000,-0.1998,0.0091
0.0923,4.1361,0.0395,straight,0.4107,4.2400,0.0923,-0.0907,0.0169
0.0832,5.0207,0.0719,combined,0.5720,7.9600,0.0832,-0.0436,0.0709
0.2137,11.9599,0.0193,combined,0.7060,4.2400,0.2134,-0.2012,0.0721
0.1490,2.2148,0.0563,turn,0.0000,6.8200,0.0000,nan,nan
0.1494,4.4345,0.0854,straight,0.2096,8.0400,0.1456,-0.1411,0.0491
0.4162,6.8423,0.1187,combined,1.0865,4.0400,0.4162,-0.4158,0.0164
0.0352,2.2496,0.0722,combined,0.5158,6.6200,0.0112,0.0351,0.0026
0.1895,8.9749,0.0775,straight,0.7153,5.7200,0.1895,-0.1046,0.1580
0.1595,6.0193,0.0398,lateral,0.5557,9.0800,0.1396,-0.0095,0.1592
0.1329,1.7615,0.0293,turn,0.0000,6.6400,0.0000,nan,nan
0.2314,5.5682,0.1013,turn,0.0000,4.1200,0.0000,nan,nan
0.2381,8.1963,0.0357,turn,0.0000,9.4600,0.0000,nan,nan
0.2676,4.5746,0.0235,straight,0.8927,9.7800,0.2657,-0.2323,0.1327
0.2188,10.0064,0.0592,lateral,0.5917,6.7000,0.1665,0.0494,0.2131
0.0734,13.8373,0.0751,combined,0.4038,8.5000,0.0734,-0.0190,0.0709
0.1373,16.5233,0.0606,turn,0.0000,5.0000,0.0000,nan,nan
0.0163,0.0477,0.0297,stand,0.0000,7.8200,0.0000,nan,nan
0.0277,2.4576,0.0354,turn,0.0000,9.3400,0.0000,nan,nan
0.1710,4.4310,0.0282,lateral,0.0734,9.8400,0.0631,-0.0240,0.1693
0.2588,2.0013,0.0656,combined,1.0100,4.3800,0.2588,-0.2274,0.1236
0.2090,0.2566,0.0623,lateral,0.6252,4.0000,0.2090,-0.1974,0.0688
0.0874,6.9514,0.0310,combined,0.9532,5.5200,0.0871,-0.0459,0.0744
0.0223,0.5704,0.0447,stand,0.0000,4.1400,0.0000,nan,nan
0.1091,0.2106,0.0469,combined,0.3957,7.7800,0.1091,-0.0978,0.0484
0.1410,7.2319,0.0626,turn,0.0000,8.5000,0.0000,nan,nan
0.0231,0.7647,0.0247,stand,0.0000,9.0800,0.0000,nan,nan
0.1256,6.5959,0.0628,turn,0.0000,5.3000,0.0000,nan,nan
0.1145,0.3074,0.0493,straight,0.0196,5.1600,0.0196,-0.1046,0.0464
0.1150,14.1179,0.0541,turn,0.0000,9.9600,0.0000,nan,nan
0.1645,1.5375,0.0450,combined,1.0070,6.9400,0.1610,-0.0930,0.1356
0.2027,6.7785,0.0169,combined,1.1705,7.2800,0.2027,-0.2018,0.0194
0.1781,11.2844,0.0645,straight,0.8413,7.5600,0.1781,-0.1665,0.0633
0.4020,9.8762,0.0899,straight,0.2844,8.8600,0.2240,0.0213,0.4015
0.0462,0.7254,0.0126,stand,0.0000,8.2000,0.0000,nan,nan
0.1125,4.9194,0.0134,straight,0.6690,9.7600,0.1092,-0.1055,0.0390
0.1078,4.8685,0.0679,turn,0.0000,4.2000,0.0000,nan,nan
0.1249,16.1555,0.1136,combined,0.0290,4.4400,0.0290,-0.0986,0.0767
0.0316,4.2811,0.0229,lateral,0.1196,7.8200,0.0262,0.0154,0.0276
0.1478,1.2450,0.0818,lateral,0.0263,7.6600,0.0182,-0.1476,0.0091
0.1425,6.7878,0.0052,turn,0.0000,5.5200,0.0000,nan,nan
0.0505,0.3608,0.0783,lateral,0.4677,7.5400,0.0428,0.0227,0.0451
0.0616,3.5981,0.0754,turn,0.0000,5.6000,0.0000,nan,nan
0.3545,3.7393,0.0328,straight,0.8619,5.4000,0.3545,-0.3243,0.1432
0.1089,2.7822,0.0622,turn,0.0000,4.7400,0.0000,nan,nan
0.0770,1.2778,0.0782,lateral,0.6886,6.4000,0.0764,-0.0642,0.0426
0.1945,5.0727,0.0653,lateral,0.0538,6.9200,0.0441,0.0837,0.1756
0.1741,0.4956,0.1154,straight,1.0488,4.4800,0.1737,-0.0850,0.1520
0.2256,0.9438,0.0314,combined,1.0523,8.4200,0.2256,-0.2254,0.0090
0.1084,0.8464,0.0611,straight,0.3227,4.9200,0.0908,-0.0381,0.1015
0.1179,5.1960,0.0113,combined,0.5634,7.2800,0.1169,-0.0451,0.1089
0.1269,1.1242,0.0541,straight,0.2611,5.4200,0.1237,-0.0803,0.0983
0.0061,0.6827,0.0682,stand,0.0000,9.3000,0.0000,nan,nan
0.0906,3.4775,0.0219,combined,0.5132,5.4000,0.0906,-0.0866,0.0266
0.0585,3.4581,0.0549,combined,0.7167,9.7800,0.0554,-0.0170,0.0560
0.1305,0.1922,0.0692,combined,0.7062,4.7400,0.1143,0.0231,0.1285
0.2501,0.5902,0.0564,combined,0.7450,5.3400,0.2501,-0.2447,0.0515
0.2337,4.5130,0.0471,straight,0.8029,5.5000,0.2337,-0.1834,0.1449
0.0175,0.6935,0.0438,stand,0.0000,6.3200,0.0000,nan,nan
0.0783,6.5309,0.0423,straight,0.0683,9.0800,0.0314,0.0710,0.0331
0.1283,4.5227,0.0731,straight,0.4104,8.5000,0.1068,0.0384,0.1224
0.1932,4.1981,0.0072,lateral,0.1538,5.2800,0.1508,-0.1929,0.0122
0.2730,2.0440,0.0780,lateral,0.1985,4.5000,0.1917,-0.2721,0.0223
0.0444,1.2056,0.0386,stand,0.0000,9.7400,0.0000,nan,nan
0.1121,2.2935,0.0400,turn,0.0000,8.0000,0.0000,nan,nan
0.1951,3.9932,0.0204,straight,0.3360,6.9400,0.1951,-0.1924,0.0325
0.1428,3.3538,0.0707,turn,0.0000,9.6800,0.0000,nan,nan
0.1640,7.4789,0.0990,straight,0.0225,8.4600,0.0225,-0.0980,0.1315
0.0082,0.8775,0.0448,stand,0.0000,6.3800,0.0000,nan,nan
0.1097,1.0345,0.0605,combined,0.3311,4.0000,0.1097,-0.0722,0.0826
0.1736,1.9838,0.1475,combined,1.2480,5.0600,0.1736,-0.1711,0.0294
0.1780,2.4065,0.0878,straight,0.2396,7.1400,0.1565,-0.0883,0.1546
0.0210,0.8663,0.0388,stand,0.0000,4.4800,0.0000,nan,nan
0.0087,0.2109,0.0089,stand,0.0000,8.0200,0.0000,nan,nan
0.0046,1.3011,0.0573,stand,0.0000,9.3600,0.0000,nan,nan
0.1651,5.4486,0.0322,lateral,0.0868,6.3600,0.0588,-0.0874,0.1401
0.0822,2.5992,0.0710,combined,0.7119,8.2200,0.0752,-0.0352,0.0743
0.1252,0.1020,0.0270,lateral,0.3276,6.0600,0.1252,-0.0429,0.1176
0.3165,3.8239,0.0331,straight,0.7836,8.0000,0.3147,-0.3092,0.0675
0.0378,0.9524,0.0848,lateral,0.3556,5.3000,0.0369,-0.0105,0.0363
0.0438,0.1020,0.0527,turn,0.0000,4.6400,0.0000,nan,nan
0.0187,4.7686,0.0212,stand,0.0000,7.9000,0.0000,nan,nan
0.2523,3.2914,0.1034,combined,0.9379,7.0000,0.2523,-0.2460,0.0562
0.1383,2.5036,0.0832,straight,0.5806,5.5000,0.1368,-0.0843,0.1097
0.1834,4.9726,0.0541,lateral,0.1908,7.3800,0.1483,-0.0913,0.1591
0.3282,9.4481,0.0717,combined,0.8099,4.8400,0.3282,-0.3052,0.1208
0.0991,2.5433,0.0569,straight,0.8486,9.6200,0.0685,0.0136,0.0982
0.1696,1.8414,0.0482,straight,0.5692,6.8000,0.1696,-0.1690,0.0138
0.1528,4.2657,0.0630,combined,0.9835,7.2400,0.1528,-0.1106,0.1054
0.1629,0.4177,0.0723,combined,0.8126,6.1800,0.1629,-0.1628,0.0053
0.1119,12.0524,0.0252,turn,0.0000,9.8200,0.0000,nan,nan
0.0920,9.4537,0.0455,straight,0.5458,7.5800,0.0920,-0.0868,0.0305
0.0222,8.2378,0.0786,lateral,0.3989,8.8200,0.0161,-0.0082,0.0206
0.1607,1.7580,0.0912,lateral,0.2541,9.5600,0.1339,-0.1255,0.1003
0.0241,0.9971,0.0223,stand,0.0000,7.0200,0.0000,nan,nan
0.1664,3.9031,0.0384,straight,0.4079,4.5800,0.1664,-0.1663,0.0040
0.1028,2.3804,0.0733,combined,0.5690,5.8600,0.0581,0.0820,0.0620
0.0779,8.9097,0.0607,lateral,0.4800,7.2000,0.0779,-0.0566,0.0535
0.0490,6.4090,0.1091,turn,0.0000,5.5600,0.0000,nan,nan
0.2762,9.0619,0.0152,lateral,0.6746,4.1600,0.2761,-0.2749,0.0267
0.0376,4.2152,0.0325,turn,0.0000,6.8000,0.0000,nan,nan
0.0960,6.8421,0.0348,combined,0.3037,6.5000,0.0960,-0.0960,0.0010
0.2596,0.0972,0.0413,turn,0.0000,9.2000,0.0000,nan,nan
0.1110,5.8480,0.0396,turn,0.0000,5.1200,0.0000,nan,nan
0.2593,3.8804,0.1212,straight,0.7494,5.6400,0.2593,-0.2558,0.0424
0.1796,1.1247,0.0611,combined,0.4198,9.1200,0.1725,-0.1343,0.1193
0.1503,3.2352,0.0071,turn,0.0000,8.3200,0.0000,nan,nan
0.1496,3.5228,0.0363,lateral,0.1141,5.5600,0.0874,-0.0133,0.1490
0.1990,5.8976,0.0967,combined,0.4679,8.3800,0.1988,-0.1034,0.1701
0.1448,1.1510,0.0756,straight,0.7280,9.9800,0.1104,0.0250,0.1427
0.1399,4.8069,0.0371,turn,0.0000,9.9200,0.0000,nan,nan
0.0072,2.9167,0.0202,stand,0.0000,7.0400,0.0000,nan,nan
0.1849,1.7069,0.0161,turn,0.0000,4.6800,0.0000,nan,nan
0.1148,1.5265,0.1139,straight,0.4595,9.5600,0.1146,-0.0783,0.0840
0.0929,6.5576,0.0531,straight,0.5020,7.5600,0.0640,0.0505,0.0780
0.2700,2.7377,0.0235,lateral,0.3545,7.6200,0.0126,0.2690,0.0224
0.0721,8.3267,0.0600,combined,1.1846,7.5800,0.0721,0.0049,0.0719
0.2307,3.6999,0.0339,straight,0.4847,6.4400,0.2307,-0.2297,0.0220
0.0142,1.4411,0.0258,stand,0.0000,7.9400,0.0000,nan,nan
0.1664,1.6956,0.0553,straight,0.2458,8.3200,0.1487,-0.0846,0.1433
0.0037,0.0603,0.0248,stand,0.0000,7.3000,0.0000,nan,nan
0.2114,3.3321,0.0203,straight,0.8667,7.8400,0.2114,-0.2031,0.0584
0.2656,6.9565,0.1025,combined,0.5528,7.7400,0.2656,-0.2607,0.0504
0.2615,7.7072,0.1005,combined,1.1355,6.8200,0.2615,-0.1601,0.2067
0.1173,1.4199,0.0642,combined,0.4380,7.2400,0.1133,-0.1166,0.0124
0.3553,3.1764,0.0372,combined,0.5837,8.4800,0.3098,-0.1791,0.3069
0.2674,0.9032,0.0559,straight,0.9362,5.4400,0.2674,-0.2559,0.0777
0.1083,1.0048,0.1148,turn,0.0000,5.9800,0.0000,nan,nan
0.2267,3.9649,0.1484,combined,1.2523,4.2400,0.2187,-0.0483,0.2215
0.0463,3.8858,0.1257,lateral,0.4484,7.2400,0.0463,-0.0417,0.0201
0.0123,1.2864,0.0247,stand,0.0000,4.9600,0.0000,nan,nan
0.1209,10.3036,0.0242,straight,0.1661,8.8400,0.0311,0.0481,0.1109
0.3066,5.7907,0.0244,straight,0.7242,7.1800,0.3066,-0.2661,0.1525
0.0143,0.7273,0.0210,stand,0.0000,8.5000,0.0000,nan,nan
0.0279,0.7360,0.0395,combined,0.8477,7.1800,0.0074,0.0139,0.0242
0.0700,5.5337,0.0468,combined,0.0767,7.5200,0.0402,-0.0208,0.0669
0.1155,1.7759,0.0492,turn,0.0000,5.7800,0.0000,nan,nan
0.1660,9.8584,0.0590,straight,0.5967,4.8200,0.1657,-0.0945,0.1366
0.2506,6.7151,0.0407,lateral,0.4644,6.8200,0.2362,-0.2154,0.1280
0.0899,4.4549,0.0547,straight,1.0229,9.5800,0.0899,-0.0878,0.0191
0.1714,6.3696,0.0341,combined,0.4823,9.4800,0.1714,-0.0996,0.1395
0.2162,3.1794,0.1068,combined,1.2288,7.5400,0.2162,-0.2081,0.0586
0.0600,4.3985,0.0916,lateral,0.6150,7.2800,0.0592,-0.0598,0.0048
0.0139,0.6411,0.0469,straight,0.2006,5.6200,0.0120,-0.0085,0.0110
0.1945,5.1848,0.0870,straight,0.7864,9.4000,0.1945,-0.1789,0.0763
0.0626,1.7549,0.0446,turn,0.0000,4.2400,0.0000,nan,nan
0.0449,0.0522,0.0269,stand,0.0000,7.9200,0.0000,nan,nan
0.1637,7.0006,0.0719,lateral,0.3648,7.3200,0.1604,-0.1637,0.0008
0.1435,7.9724,0.1066,lateral,0.3407,7.8400,0.0981,0.0549,0.1326
0.1103,4.1763,0.0114,straight,0.8831,7.6800,0.0907,0.0419,0.1020
0.1487,0.7523,0.0626,turn,0.0000,8.8800,0.0000,nan,nan
0.1388,7.7393,0.1425,lateral,0.5154,8.6400,0.1307,-0.0182,0.1376
0.2481,9.9470,0.0784,lateral,0.2534,5.3600,0.2354,-0.2436,0.0472
0.1913,0.1924,0.0147,turn,0.0000,9.6400,0.0000,nan,nan
0.0592,4.8581,0.0805,combined,0.5587,9.5200,0.0592,0.0004,0.0591
0.1456,3.3571,0.1436,combined,1.0775,6.5800,0.1456,-0.1449,0.0144
0.1331,6.6743,0.0509,turn,0.0000,7.6600,0.0000,nan,nan
0.0616,3.9616,0.0236,lateral,0.0174,4.0800,0.0174,-0.0171,0.0592
0.2182,6.3669,0.0403,combined,0.4338,8.4400,0.2114,-0.2153,0.0356
0.0782,2.5921,0.0485,lateral,0.2236,8.2600,0.0743,-0.0708,0.0331
0.1130,5.3854,0.0184,lateral,0.2886,8.7600,0.0229,0.0575,0.0972
0.1038,1.0275,0.1201,lateral,0.4408,7.4400,0.0229,0.0833,0.0618
0.1359,9.9906,0.0124,turn,0.0000,5.2000,0.0000,nan,nan
0.1477,5.4764,0.0202,lateral,0.6972,6.6400,0.1477,-0.1471,0.0126
0.0591,7.2613,0.0499,straight,0.4570,9.6600,0.0518,-0.0167,0.0566
0.0125,1.0768,0.0104,stand,0.0000,6.1600,0.0000,nan,nan
0.2252,3.2474,0.1116,straight,0.0911,7.2000,0.0723,0.0423,0.2212
0.1934,1.9556,0.0637,combined,0.7533,7.1200,0.1934,-0.1933,0.0042
0.0216,2.5515,0.0352,stand,0.0000,4.3800,0.0000,nan,nan
0.0687,6.8463,0.0711,turn,0.0000,6.5000,0.0000,nan,nan
0.0189,2.0688,0.0556,stand,0.0000,5.1000,0.0000,nan,nan
0.2030,11.7827,0.0999,straight,0.6658,9.4600,0.1641,0.0508,0.1966
0.1071,13.4994,0.0155,turn,0.0000,4.8800,0.0000,nan,nan
0.0077,0.8834,0.0259,stand,0.0000,8.7400,0.0000,nan,nan
0.0388,4.5469,0.0742,combined,1.1006,7.8200,0.0336,0.0032,0.0387
0.3310,8.2847,0.1346,combined,1.0671,4.3200,0.3310,-0.3285,0.0404
0.1905,2.1956,0.0527,straight,0.4884,8.0000,0.1882,-0.1897,0.0173
0.1272,2.7918,0.0750,turn,0.0000,8.0000,0.0000,nan,nan
0.2115,0.1227,0.0588,combined,0.3476,9.4600,0.2113,-0.2108,0.0168
0.0296,0.5236,0.0227,stand,0.0000,9.8800,0.0000,nan,nan
0.2184,7.5707,0.0399,turn,0.0000,9.9800,0.0000,nan,nan
0.0889,1.4881,0.0201,lateral,0.1296,6.4400,0.0500,0.0393,0.0797
0.1170,5.8375,0.1033,turn,0.0000,5.6200,0.0000,nan,nan
0.0296,0.5790,0.0273,stand,0.0000,9.6400,0.0000,nan,nan
0.2327,10.3372,0.0970,combined,0.3186,9.4000,0.2240,-0.2326,0.0084
0.2352,3.1995,0.0672,turn,0.0000,8.6200,0.0000,nan,nan
0.2972,1.0354,0.1114,combined,1.1542,6.9000,0.2971,-0.2352,0.1816
0.1423,1.1133,0.0250,lateral,0.1886,6.6000,0.1274,-0.0427,0.1357
0.2795,8.7212,0.0472,lateral,0.1680,9.8400,0.1062,0.1296,0.2477
0.0967,2.7357,0.0918,combined,0.3256,4.9200,0.0786,0.0141,0.0956
0.1095,3.1817,0.0383,lateral,0.1437,8.9800,0.0351,0.0478,0.0986
0.0996,7.1652,0.0646,straight,0.7825,9.2400,0.0996,-0.0766,0.0638
0.3402,15.1577,0.0435,straight,0.7048,4.3400,0.3402,-0.3305,0.0809
0.1183,11.5161,0.0868,combined,0.4817,9.2600,0.1167,-0.0048,0.1182
0.0242,2.0357,0.0332,stand,0.0000,9.7800,0.0000,nan,nan
0.1195,0.4262,0.0026,lateral,0.1428,8.9000,0.1063,-0.1141,0.0356
0.1596,15.8958,0.0353,lateral,0.4011,4.0400,0.1595,-0.1552,0.0372
0.0149,0.5030,0.0098,stand,0.0000,8.9200,0.0000,nan,nan
0.1283,4.3075,0.0206,turn,0.0000,9.8200,0.0000,nan,nan
0.3215,5.1062,0.0457,straight,0.5804,6.4600,0.3215,-0.2777,0.1620
0.0635,4.7070,0.0317,straight,0.4236,6.4000,0.0603,-0.0493,0.0400
0.0401,2.2060,0.0359,combined,0.8716,9.4600,0.0329,0.0120,0.0382
0.0103,0.2330,0.0307,stand,0.0000,8.5400,0.0000,nan,nan
0.2998,1.4440,0.0442,straight,1.0778,6.0800,0.2998,-0.2964,0.0453
0.2306,9.8199,0.0793,turn,0.0000,7.8800,0.0000,nan,nan
0.1824,4.6001,0.0462,combined,0.6092,4.9800,0.1824,-0.1817,0.0151
0.1161,3.5807,0.0528,lateral,0.4056,5.0000,0.0715,0.0688,0.0935
0.0328,0.3642,0.0236,stand,0.0000,8.2200,0.0000,nan,nan
0.0148,0.8633,0.0128,stand,0.0000,4.4200,0.0000,nan,nan
0.3722,4.9975,0.1079,straight,1.1439,4.4800,0.3722,-0.3719,0.0137
0.2138,5.1928,0.0072,turn,0.0000,5.1200,0.0000,nan,nan
0.0142,6.7143,0.0911,turn,0.0000,6.1800,0.0000,nan,nan
0.1759,0.4489,0.0298,lateral,0.5866,5.3400,0.1759,-0.1727,0.0338
0.2198,5.8887,0.0465,lateral,0.6746,6.7600,0.2198,-0.1607,0.1499
0.0894,5.4953,0.0472,turn,0.0000,9.4400,0.0000,nan,nan
0.1709,7.5938,0.0236,straight,0.1996,8.7400,0.1433,-0.0838,0.1489
0.2304,2.5364,0.1054,straight,0.5876,5.3800,0.2304,-0.2299,0.0158
0.1882,10.3747,0.0183,combined,0.4837,9.8000,0.1734,-0.1848,0.0357
0.0374,4.0563,0.0662,combined,0.5411,6.8000,0.0078,0.0366,0.0074
0.1842,8.0338,0.1016,combined,0.2034,9.6800,0.1281,0.0293,0.1819
0.2135,1.0682,0.1906,lateral,0.7795,4.6200,0.2135,-0.1678,0.1320
0.0426,2.6380,0.0018,stand,0.0000,5.6200,0.0000,nan,nan
0.1058,0.7049,0.0782,turn,0.0000,4.2200,0.0000,nan,nan
0.2540,1.4023,0.0635,straight,0.6704,5.1200,0.2540,-0.2500,0.0450
0.1709,4.2096,0.0524,turn,0.0000,6.5000,0.0000,nan,nan
0.0297,2.0963,0.0392,stand,0.0000,4.7800,0.0000,nan,nan
0.2720,9.5222,0.1174,straight,1.1018,7.9000,0.2720,-0.2702,0.0316
0.1514,4.8825,0.0154,lateral,0.1940,8.1400,0.1062,-0.0955,0.1175
0.0891,2.1504,0.0607,straight,0.3945,5.9400,0.0857,-0.0451,0.0768
0.0276,2.1698,0.0274,stand,0.0000,8.4200,0.0000,nan,nan
0.0485,3.0734,0.0390,straight,0.7127,9.8800,0.0187,0.0184,0.0448
0.1073,4.1069,0.0479,straight,1.1547,6.2000,0.1069,-0.0918,0.0557
0.2195,1.6050,0.0536,combined,0.9649,9.7400,0.2188,-0.2165,0.0365
0.0080,0.8939,0.0378,stand,0.0000,7.9000,0.0000,nan,nan
0.2630,4.4731,0.1291,straight,0.8068,7.8200,0.2474,-0.1333,0.2268
0.0410,0.1806,0.0826,combined,0.5127,7.3200,0.0410,-0.0325,0.0249
0.1614,9.5417,0.0840,combined,1.1402,9.1400,0.1114,0.0532,0.1524
0.1625,5.7633,0.0389,lateral,0.5353,5.7000,0.1624,-0.0863,0.1377
0.2519,4.7722,0.1134,combined,1.0002,9.2400,0.2519,-0.2193,0.1239
0.2063,6.2664,0.0326,lateral,0.1611,7.9400,0.1173,-0.2027,0.0380
0.1621,0.8327,0.0620,lateral,0.5055,4.2600,0.1621,-0.0938,0.1322
0.0408,0.4749,0.0150,stand,0.0000,6.9600,0.0000,nan,nan
0.1324,1.8914,0.0125,turn,0.0000,6.1600,0.0000,nan,nan
0.0124,1.2259,0.0422,stand,0.0000,5.0200,0.0000,nan,nan
0.0677,5.1620,0.0314,turn,0.0000,5.8400,0.0000,nan,nan
0.0195,0.7100,0.0233,stand,0.0000,5.9600,0.0000,nan,nan
0.1069,6.2373,0.1123,straight,0.9786,6.8800,0.1069,-0.0941,0.0506
0.1603,9.4806,0.0667,lateral,0.4288,6.4600,0.1523,-0.1565,0.0349
0.0060,1.8633,0.0912,lateral,0.0935,6.7400,0.0050,-0.0046,0.0038
0.2283,5.3743,0.1757,combined,1.0211,5.0600,0.2283,-0.2184,0.0665
0.1060,0.9752,0.0586,turn,0.0000,5.8800,0.0000,nan,nan
0.0247,2.1873,0.0147,stand,0.0000,5.0000,0.0000,nan,nan
0.1981,8.6106,0.1135,lateral,0.5565,4.5600,0.1981,-0.1484,0.1313
0.2256,3.9908,0.0935,lateral,0.7202,4.3600,0.2249,-0.1537,0.1651
0.0906,3.5088,0.0855,straight,0.8078,6.0000,0.0906,-0.0893,0.0157
0.2387,2.6440,0.1064,lateral,0.7786,7.7600,0.2387,-0.2253,0.0791
0.0966,3.5995,0.1311,combined,0.4794,5.3400,0.0966,-0.0258,0.0931
0.1233,1.1483,0.0335,combined,0.8749,5.7000,0.1159,0.0045,0.1232
0.1223,3.2148,0.0972,lateral,0.6488,5.8400,0.1223,-0.0955,0.0764
0.2279,1.0536,0.0787,lateral,0.5099,6.3800,0.2210,-0.1791,0.1410
0.0423,0.2093,0.0247,stand,0.0000,6.2200,0.0000,nan,nan
0.1137,2.2727,0.0869,turn,0.0000,8.8000,0.0000,nan,nan
0.1594,7.0185,0.0976,straight,0.4034,6.6800,0.1552,-0.1579,0.0219
0.0794,1.6589,0.0711,combined,0.6810,5.9600,0.0794,-0.0716,0.0345
0.0791,8.4471,0.0235,turn,0.0000,6.6800,0.0000,nan,nan
0.1131,2.7601,0.0542,combined,0.7016,5.4000,0.1131,-0.1066,0.0378
0.1389,4.6564,0.0167,combined,0.7295,4.8000,0.1349,-0.1369,0.0236
0.0325,5.1636,0.0801,turn,0.0000,5.3800,0.0000,nan,nan
0.0991,3.7395,0.0365,lateral,0.6996,8.5800,0.0834,0.0405,0.0905
0.0600,2.7692,0.0940,straight,0.6988,8.2200,0.0600,-0.0491,0.0345
0.2885,4.9721,0.0738,combined,0.8925,6.2400,0.2885,-0.2880,0.0168
0.0737,8.2371,0.0453,turn,0.0000,8.0400,0.0000,nan,nan
0.0609,2.5831,0.0514,straight,0.0135,6.2400,0.0092,0.0076,0.0605
0.1795,5.4848,0.0128,turn,0.0000,9.1200,0.0000,nan,nan
0.0864,1.9835,0.0203,turn,0.0000,7.4600,0.0000,nan,nan
0.3265,6.9899,0.0607,combined,0.6275,8.0400,0.3265,-0.3221,0.0535
0.2062,2.6751,0.0517,combined,0.4797,5.7400,0.2062,-0.2043,0.0281
0.0203,0.8220,0.0167,stand,0.0000,6.5600,0.0000,nan,nan
0.1304,0.6919,0.1147,straight,0.0326,4.2800,0.0284,0.0619,0.1148
0.0790,10.5534,0.0230,straight,0.1769,8.9200,0.0694,0.0428,0.0664
0.1808,5.4301,0.1041,combined,1.0217,5.8600,0.1808,-0.1536,0.0954
0.0915,7.9192,0.1038,combined,0.6864,8.4800,0.0915,-0.0810,0.0427
0.1834,2.7139,0.0921,lateral,0.5723,5.3400,0.1834,-0.1773,0.0472
0.2530,3.0142,0.0813,straight,0.3595,4.4400,0.2524,-0.2236,0.1183
0.1244,7.8050,0.0629,turn,0.0000,4.6600,0.0000,nan,nan
0.0907,0.3502,0.0475,lateral,0.4039,6.1800,0.0853,-0.0858,0.0292
0.1728,3.0006,0.0722,lateral,0.6841,4.8600,0.1728,-0.1177,0.1265
0.1938,4.8677,0.0509,lateral,0.2806,4.0000,0.1822,-0.1860,0.0545
0.0110,1.0110,0.0156,stand,0.0000,6.0200,0.0000,nan,nan
0.0721,6.3647,0.0296,straight,0.4580,6.6800,0.0721,-0.0705,0.0151
0.3290,5.5176,0.0483,straight,1.0430,7.2200,0.3290,-0.3280,0.0266
0.2704,6.8685,0.0432,straight,0.5509,4.3400,0.2704,-0.2665,0.0457
0.2734,9.5326,0.0952,combined,1.0617,7.7600,0.2734,-0.1727,0.2120
0.0370,2.8875,0.0037,stand,0.0000,6.1200,0.0000,nan,nan
0.0206,1.3652,0.1094,turn,0.0000,5.5800,0.0000,nan,nan
0.1980,2.4524,0.0879,straight,0.0402,9.5000,0.0395,0.0976,0.1723
0.1030,7.2767,0.0321,lateral,0.4805,8.3200,0.1019,-0.0988,0.0293
0.1350,5.1889,0.0939,turn,0.0000,7.0200,0.0000,nan,nan
0.1568,4.0010,0.0307,combined,0.4716,8.6600,0.1524,-0.0934,0.1259
0.0929,4.7044,0.0857,lateral,0.7378,5.3400,0.0929,-0.0886,0.0280
0.0965,10.4521,0.0281,turn,0.0000,4.6400,0.0000,nan,nan
0.3790,2.6504,0.0626,combined,0.9909,4.3200,0.3790,-0.3788,0.0124
0.0352,1.9231,0.0219,stand,0.0000,5.1600,0.0000,nan,nan
0.1321,2.9976,0.0541,lateral,0.1352,4.2400,0.1091,-0.1216,0.0516
0.0308,3.2977,0.0111,stand,0.0000,7.2200,0.0000,nan,nan
0.1131,10.4693,0.0412,combined,0.4955,7.7000,0.1131,-0.1090,0.0304
0.2438,0.8538,0.0213,turn,0.0000,8.7400,0.0000,nan,nan
0.1136,4.2311,0.0198,turn,0.0000,6.0400,0.0000,nan,nan
0.0913,7.4406,0.0457,combined,0.9166,7.1600,0.0913,-0.0593,0.0694
0.1875,12.5144,0.0145,lateral,0.4873,9.5200,0.1841,-0.1875,0.0005
0.1108,0.1366,0.0343,turn,0.0000,7.7400,0.0000,nan,nan
0.1845,2.5923,0.0092,combined,0.2595,8.7000,0.1582,-0.1495,0.1082
0.2801,4.9695,0.0920,combined,0.8908,4.9000,0.2801,-0.2800,0.0062
0.0734,1.8655,0.0413,straight,0.1977,5.2800,0.0425,0.0397,0.0617
0.0307,2.0212,0.0236,stand,0.0000,4.2200,0.0000,nan,nan
0.1446,1.5445,0.1130,lateral,0.3589,7.5200,0.1305,-0.0925,0.1111
0.0917,6.2745,0.0783,straight,0.0023,5.5600,0.0011,0.0913,0.0085
0.0926,3.1429,0.0364,straight,0.3053,9.2400,0.0897,-0.0664,0.0645
0.0760,4.4734,0.0921,straight,0.5436,8.5400,0.0760,-0.0078,0.0756
0.2840,11.0165,0.0227,lateral,0.1627,6.6000,0.1541,-0.1951,0.2064
0.0956,1.1041,0.0500,straight,0.2908,5.6200,0.0956,-0.0804,0.0517
0.0789,6.2623,0.0531,straight,0.3971,8.7600,0.0741,-0.0355,0.0705
0.1455,4.5470,0.0707,lateral,0.3908,5.2000,0.1406,-0.1256,0.0735
0.1990,8.1015,0.0379,straight,0.0455,5.5600,0.0455,-0.1629,0.1143
0.0189,3.3953,0.0101,stand,0.0000,7.4000,0.0000,nan,nan
0.0929,6.6467,0.0883,combined,0.8300,7.7400,0.0929,-0.0689,0.0623
0.1190,0.7660,0.0381,lateral,0.3826,6.1400,0.1167,-0.0956,0.0709
0.1047,3.3218,0.0402,turn,0.0000,9.7400,0.0000,nan,nan
0.2379,3.3965,0.0364,lateral,0.0850,4.7000,0.0777,-0.1966,0.1340
0.1445,2.7055,0.1007,combined,1.1564,4.3400,0.1445,-0.1440,0.0122
0.1994,0.0069,0.0708,turn,0.0000,8.5000,0.0000,nan,nan
0.0063,1.6617,0.0483,stand,0.0000,4.0800,0.0000,nan,nan
0.1478,1.1951,0.0726,turn,0.0000,4.7400,0.0000,nan,nan
0.0705,4.1565,0.0643,turn,0.0000,5.0000,0.0000,nan,nan
0.0292,2.2464,0.0238,stand,0.0000,5.3800,0.0000,nan,nan
0.2382,2.9703,0.0271,combined,0.3328,5.9000,0.2113,-0.2222,0.0857
0.0696,5.4927,0.1139,lateral,0.0916,8.7600,0.0597,-0.0580,0.0384
0.1133,3.8033,0.0473,straight,0.5891,5.2600,0.1133,-0.0218,0.1112
0.0655,1.4580,0.0541,combined,0.8152,8.6800,0.0655,0.0442,0.0484
0.3022,4.3669,0.0424,straight,0.7187,6.9000,0.3022,-0.2931,0.0737
0.1422,5.0468,0.0384,combined,0.3127,6.3600,0.1312,-0.0330,0.1384
0.0907,4.6905,0.0009,turn,0.0000,6.6800,0.0000,nan,nan
0.2045,1.2575,0.0465,straight,0.7898,6.1800,0.2045,-0.1879,0.0806
0.4128,0.3499,0.0478,straight,0.7892,7.0600,0.4128,-0.4049,0.0804
0.0182,1.7459,0.0108,stand,0.0000,6.4800,0.0000,nan,nan
0.0500,5.7797,0.0363,combined,0.8950,9.8800,0.0500,-0.0427,0.0261
0.1371,0.1847,0.0606,turn,0.0000,6.9600,0.0000,nan,nan
0.0202,7.1417,0.0714,turn,0.0000,9.0600,0.0000,nan,nan
0.0342,4.3685,0.1262,lateral,0.2761,5.8000,0.0036,0.0334,0.0070
0.1140,1.8281,0.0546,straight,0.1562,4.1400,0.1138,-0.1083,0.0358
0.2451,8.8501,0.1269,lateral,0.5908,4.8200,0.2451,-0.2216,0.1046
0.2163,3.4670,0.0406,combined,0.6934,5.0400,0.2114,-0.2161,0.0089
0.1210,1.0316,0.0701,combined,1.1979,9.1800,0.1210,-0.1162,0.0335
0.0425,0.3018,0.0524,stand,0.0000,7.4600,0.0000,nan,nan
0.0255,1.2907,0.0269,stand,0.0000,8.9800,0.0000,nan,nan
0.0530,3.6434,0.0169,combined,0.2696,8.2400,0.0058,0.0527,0.0063
0.0206,2.0759,0.0406,stand,0.0000,9.4600,0.0000,nan,nan
0.0705,1.8051,0.0449,turn,0.0000,4.3200,0.0000,nan,nan
0.0341,4.0917,0.0603,turn,0.0000,9.6400,0.0000,nan,nan
0.2131,5.8319,0.1099,straight,0.3265,6.8400,0.2131,-0.2009,0.0709
0.0224,0.9417,0.0217,stand,0.0000,5.0000,0.0000,nan,nan
0.1489,10.2963,0.0088,combined,0.3087,5.1000,0.1412,-0.1185,0.0902
0.0462,1.5452,0.0271,straight,0.9167,8.4600,0.0395,-0.0031,0.0461
0.0195,0.4029,0.0306,stand,0.0000,6.3200,0.0000,nan,nan
0.0110,0.8214,0.0296,stand,0.0000,8.7600,0.0000,nan,nan
0.2189,2.9692,0.1092,turn,0.0000,8.9000,0.0000,nan,nan
0.1290,5.4240,0.0783,combined,1.0608,9.5800,0.1290,0.0207,0.1273
0.2781,6.4385,0.0562,combined,0.7327,4.2800,0.2781,-0.2654,0.0833
0.2283,7.3472,0.0160,combined,0.4588,6.7400,0.2199,-0.1645,0.1584
0.1203,5.7466,0.0325,lateral,0.6712,8.9800,0.1041,-0.0197,0.1187
0.0480,3.1626,0.0063,stand,0.0000,7.5600,0.0000,nan,nan
0.2343,6.8626,0.1505,combined,0.9672,5.6600,0.2343,-0.2242,0.0679
0.1094,1.7117,0.0714,lateral,0.1389,8.4000,0.0019,0.0935,0.0567
0.0613,9.1089,0.0545,combined,0.5870,6.1200,0.0590,0.0023,0.0613
0.0517,2.8999,0.0194,stand,0.0000,8.5600,0.0000,nan,nan
0.0640,0.3767,0.0325,turn,0.0000,9.2200,0.0000,nan,nan
0.0130,3.0127,0.0328,stand,0.0000,8.5400,0.0000,nan,nan
0.1387,9.2112,0.0593,lateral,0.0432,6.6600,0.0417,-0.1259,0.0584
0.1305,3.1474,0.0479,turn,0.0000,7.1400,0.0000,nan,nan
0.2132,1.8143,0.1022,straight,1.0073,6.8200,0.2132,-0.2128,0.0134
0.2027,6.2833,0.1429,lateral,0.4441,8.9200,0.1917,-0.1796,0.0940
0.2358,2.1922,0.0340,turn,0.0000,6.4800,0.0000,nan,nan
0.1201,1.8984,0.0342,lateral,0.3205,7.0800,0.0721,0.0830,0.0868
0.0247,5.0372,0.0525,stand,0.0000,4.3400,0.0000,nan,nan
0.0350,2.7362,0.0564,stand,0.0000,9.3400,0.0000,nan,nan
0.1454,3.4842,0.0438,lateral,0.7131,6.8800,0.1454,-0.1299,0.0653
0.0126,0.8764,0.0331,stand,0.0000,8.0200,0.0000,nan,nan
0.1302,10.9682,0.0627,straight,0.8970,5.2400,0.1302,-0.1103,0.0693
0.1232,3.6989,0.0295,combined,0.7813,7.4000,0.1232,-0.1214,0.0207
0.2073,2.0908,0.0786,straight,0.1270,8.5800,0.0598,0.1618,0.1296
0.1846,0.2979,0.0353,combined,1.0466,8.2800,0.1831,-0.1356,0.1253
0.1145,2.3710,0.0577,straight,0.5235,5.7200,0.1145,-0.0776,0.0842
0.3857,3.0376,0.0838,combined,1.2729,5.3200,0.3857,-0.3514,0.1591
0.0611,1.2120,0.0947,straight,0.7110,7.0600,0.0611,-0.0588,0.0166
0.1829,10.8434,0.0741,lateral,0.6938,5.2800,0.1683,-0.1267,0.1319
0.2535,8.6669,0.0934,combined,0.7720,5.4000,0.2465,-0.1219,0.2223
0.0256,1.0425,0.0328,stand,0.0000,9.9000,0.0000,nan,nan
0.0250,0.4286,0.0082,stand,0.0000,9.2600,0.0000,nan,nan
0.1504,9.0869,0.0258,straight,0.3983,7.1600,0.1321,-0.1344,0.0674
0.0812,2.2362,0.0406,combined,1.0845,8.2600,0.0812,-0.0478,0.0656
0.0089,3.2882,0.0332,stand,0.0000,7.4000,0.0000,nan,nan
0.2685,4.7198,0.0804,combined,1.0107,7.1400,0.2685,-0.2666,0.0323
0.0887,6.2337,0.0227,turn,0.0000,8.0400,0.0000,nan,nan
0.0530,0.7420,0.0382,combined,0.7630,8.0600,0.0530,-0.0519,0.0109
0.3243,9.5866,0.0540,straight,0.8726,9.7800,0.3243,-0.3241,0.0112
0.1290,1.4281,0.0409,combined,0.8089,9.2800,0.1277,-0.1281,0.0155
0.1047,4.2350,0.0315,turn,0.0000,8.1200,0.0000,nan,nan
0.0335,1.6085,0.0276,stand,0.0000,9.0600,0.0000,nan,nan
0.2593,3.3198,0.0603,straight,1.1251,9.7200,0.2583,-0.2591,0.0101
0.1700,10.3708,0.0995,turn,0.0000,6.5000,0.0000,nan,nan
0.1954,1.7211,0.0771,lateral,0.2739,9.4600,0.1718,-0.1529,0.1217
0.0905,9.9782,0.0325,straight,0.5434,7.6000,0.0905,-0.0815,0.0395
0.1234,1.1197,0.0264,turn,0.0000,4.1800,0.0000,nan,nan
0.0976,4.3338,0.0888,turn,0.0000,9.5400,0.0000,nan,nan
0.1515,0.6745,0.0306,lateral,0.2725,6.1200,0.0044,0.1484,0.0302
0.0261,2.5031,0.0225,stand,0.0000,9.9000,0.0000,nan,nan
0.1270,2.2570,0.1608,turn,0.0000,4.3000,0.0000,nan,nan
0.0132,0.6185,0.0239,stand,0.0000,7.9200,0.0000,nan,nan
0.0855,1.2827,0.1211,straight,0.1072,5.2600,0.0764,-0.0843,0.0140
0.0771,12.6612,0.0783,turn,0.0000,8.7400,0.0000,nan,nan
0.2041,6.6023,0.0602,combined,0.7215,4.5600,0.2041,-0.1984,0.0479
0.0599,6.1762,0.0109,lateral,0.4657,7.3200,0.0592,-0.0535,0.0268
0.1527,3.9351,0.0174,straight,0.2384,8.9000,0.1461,-0.0971,0.1179
0.1061,11.7124,0.0493,turn,0.0000,6.4400,0.0000,nan,nan
0.1212,2.4013,0.0214,straight,0.3091,6.2600,0.1212,-0.1188,0.0238
0.2230,7.5325,0.0085,lateral,0.2249,8.8800,0.1527,-0.0303,0.2209
0.1279,4.5714,0.0439,straight,0.3290,7.6600,0.1054,0.0087,0.1276
0.0044,1.6847,0.0407,stand,0.0000,8.1600,0.0000,nan,nan
0.0953,7.8757,0.0301,straight,0.0906,4.9000,0.0408,0.0712,0.0633
0.0706,9.8324,0.0598,combined,1.0141,8.5400,0.0441,0.0612,0.0351
0.3351,2.0994,0.0696,straight,0.8644,4.6400,0.3351,-0.3229,0.0900
0.1307,2.2957,0.0470,turn,0.0000,5.9000,0.0000,nan,nan
0.2295,8.6479,0.0933,combined,0.9870,6.7600,0.2295,-0.2124,0.0869
0.3272,3.6003,0.0695,straight,0.5655,4.7000,0.3272,-0.3188,0.0737
0.1759,7.0087,0.0662,turn,0.0000,5.0200,0.0000,nan,nan
0.2888,3.1743,0.0565,combined,1.2624,6.7600,0.2888,-0.2751,0.0877
0.1588,6.7610,0.0336,straight,0.3765,7.9600,0.1588,-0.1587,0.0051
0.3402,5.5271,0.0440,lateral,0.7639,6.1000,0.3271,-0.3367,0.0490
0.0144,5.8953,0.0373,stand,0.0000,7.9400,0.0000,nan,nan
0.0104,0.8669,0.0130,stand,0.0000,4.2600,0.0000,nan,nan
0.0963,5.0756,0.0555,turn,0.0000,9.6000,0.0000,nan,nan
0.3302,6.0339,0.0342,straight,0.9523,8.9400,0.3302,-0.3291,0.0274
0.1466,0.2914,0.1431,combined,1.0016,5.4200,0.1466,-0.1367,0.0532
0.1444,3.5368,0.0517,straight,1.1354,8.3600,0.1444,-0.1321,0.0584
0.0174,1.9837,0.0222,stand,0.0000,9.6400,0.0000,nan,nan
0.1076,3.8695,0.0394,lateral,0.4638,7.0000,0.0949,-0.0086,0.1073
0.0723,3.9311,0.0347,lateral,0.0775,8.5400,0.0013,0.0722,0.0006
0.0360,0.6240,0.0454,stand,0.0000,7.3800,0.0000,nan,nan
0.0577,4.6931,0.0104,turn,0.0000,6.0000,0.0000,nan,nan
0.0888,8.0948,0.0500,lateral,0.2880,6.9000,0.0713,-0.0697,0.0551
0.0779,0.4518,0.0104,turn,0.0000,5.3800,0.0000,nan,nan
0.2532,2.3531,0.0176,lateral,0.6569,8.6200,0.2379,-0.2344,0.0957
0.0818,2.6228,0.0463,straight,0.5203,9.3200,0.0572,0.0608,0.0547
0.0985,7.0537,0.0107,turn,0.0000,8.7800,0.0000,nan,nan
0.1066,2.7714,0.1115,combined,0.4092,6.6200,0.0953,0.0066,0.1064
0.0829,4.0677,0.0295,straight,0.8184,5.6200,0.0829,-0.0360,0.0747
0.0189,0.0919,0.0273,stand,0.0000,9.9600,0.0000,nan,nan
0.1048,1.7341,0.0440,lateral,0.0309,5.4000,0.0309,-0.0710,0.0772
0.0694,2.3410,0.0271,straight,0.9301,7.2200,0.0694,-0.0633,0.0283
0.1273,0.1947,0.0191,turn,0.0000,9.9000,0.0000,nan,nan
0.2261,2.3300,0.0486,combined,0.4587,8.0000,0.2201,-0.1475,0.1714
0.1081,2.2225,0.0358,combined,0.7740,8.1000,0.1038,-0.0577,0.0914
0.0319,0.8210,0.0284,stand,0.0000,9.7800,0.0000,nan,nan
0.3698,0.0417,0.0230,combined,1.0244,4.7800,0.3698,-0.3697,0.0051
0.1194,3.1025,0.0694,turn,0.0000,4.3400,0.0000,nan,nan
0.1307,5.9468,0.0633,combined,0.5132,7.3000,0.1302,-0.1257,0.0357
0.2296,1.5870,0.0289,combined,1.0563,6.1800,0.2296,-0.2076,0.0982
0.1697,2.2427,0.0495,combined,0.4224,7.6600,0.1568,-0.0514,0.1618
0.1668,1.1200,0.0120,straight,0.2287,8.0000,0.1618,-0.1451,0.0823
0.1013,1.3022,0.0515,straight,1.1682,7.6600,0.1013,-0.0264,0.0978
0.0609,3.2790,0.0675,lateral,0.7448,7.5800,0.0090,0.0608,0.0028
0.0717,0.3410,0.0600,turn,0.0000,9.9600,0.0000,nan,nan
0.3470,8.2290,0.1477,combined,1.2900,5.6600,0.3470,-0.3413,0.0624
0.1836,2.6442,0.0248,combined,0.4882,6.3600,0.0809,0.1279,0.1318
0.1137,0.9984,0.0214,lateral,0.3537,8.3000,0.0328,0.1041,0.0458
0.1543,3.7024,0.0310,straight,0.0923,6.6200,0.0840,-0.0679,0.1385
0.0103,6.4818,0.0780,turn,0.0000,8.3800,0.0000,nan,nan
0.1237,0.8769,0.0089,combined,0.3499,6.0200,0.1237,-0.1018,0.0701
0.1245,1.7933,0.0704,turn,0.0000,9.4600,0.0000,nan,nan
0.1418,0.4736,0.0596,combined,0.9999,6.3000,0.1418,-0.1402,0.0210
0.0090,2.8172,0.0213,stand,0.0000,8.3800,0.0000,nan,nan
0.1684,6.6615,0.0375,lateral,0.6284,5.3000,0.1681,-0.1592,0.0551
0.0429,0.3201,0.0579,stand,0.0000,4.7200,0.0000,nan,nan
0.1336,6.6163,0.0549,combined,0.4308,7.0600,0.0149,0.1323,0.0187
0.1243,4.2598,0.0506,straight,0.0978,6.1600,0.0909,-0.0153,0.1234
0.1229,2.6307,0.0270,combined,0.5222,7.9400,0.1142,-0.0121,0.1223
0.0967,8.5097,0.0236,lateral,0.5654,4.2600,0.0967,-0.0866,0.0431
0.1320,4.5064,0.0624,turn,0.0000,4.8400,0.0000,nan,nan
0.1011,3.0895,0.0646,combined,0.9361,8.4800,0.1011,-0.1011,0.0022
0.0548,1.2450,0.0451,lateral,0.3418,7.6800,0.0543,-0.0496,0.0232
0.1296,1.6810,0.0370,straight,0.8909,9.0800,0.1296,-0.0714,0.1081
0.0293,0.3324,0.0125,stand,0.0000,4.7400,0.0000,nan,nan
0.1913,3.0913,0.1098,combined,0.5852,7.6200,0.1913,-0.1291,0.1412
0.1270,2.5104,0.0978,lateral,0.4824,5.7400,0.1224,-0.1146,0.0548
0.2858,1.2967,0.0324,combined,0.5156,7.1000,0.2600,-0.2253,0.1758
0.1860,1.2945,0.0663,straight,0.3779,9.4400,0.1708,-0.0139,0.1855
0.1689,1.4472,0.1008,combined,0.3924,7.2600,0.0530,0.1521,0.0734
0.1724,6.7970,0.0177,lateral,0.8138,6.3000,0.1690,-0.1696,0.0311
0.0126,0.4286,0.0321,stand,0.0000,4.8200,0.0000,nan,nan
0.0976,0.1414,0.1681,combined,1.1450,5.3600,0.0976,-0.0472,0.0854
0.0728,1.8911,0.0637,lateral,0.1762,4.8600,0.0688,-0.0516,0.0514
0.0401,7.7758,0.0444,combined,0.2921,4.7800,0.0401,-0.0360,0.0177
0.1511,4.1446,0.0039,combined,0.9632,8.7800,0.1511,-0.1376,0.0624
0.1512,7.7690,0.0223,straight,0.2134,4.5000,0.1304,-0.0063,0.1511
0.1079,0.3296,0.1212,combined,0.7606,9.4800,0.1079,-0.1027,0.0331
0.0070,2.3883,0.0329,lateral,0.5708,9.9000,0.0062,-0.0070,0.0000
0.1411,6.8362,0.0797,turn,0.0000,8.4400,0.0000,nan,nan
0.0313,2.5163,0.0826,combined,0.5515,8.6000,0.0262,-0.0017,0.0313
0.1929,1.4374,0.0410,lateral,0.3657,6.1200,0.1929,-0.1674,0.0960
0.1193,5.8075,0.0616,turn,0.0000,8.3800,0.0000,nan,nan
0.2132,6.1560,0.1031,straight,0.6425,6.0200,0.2132,-0.1804,0.1138
0.2730,2.0357,0.0269,combined,0.7995,4.8000,0.2730,-0.2563,0.0938
0.3048,1.8177,0.1457,combined,1.1216,5.9800,0.3048,-0.2907,0.0917
0.2281,1.6333,0.0111,lateral,0.4191,5.0200,0.2281,-0.2264,0.0283
0.2613,7.5637,0.0517,lateral,0.4997,5.2800,0.2613,-0.2434,0.0949
0.3421,4.0387,0.0199,straight,0.6093,5.5600,0.3421,-0.3362,0.0633
0.1506,4.4105,0.0325,turn,0.0000,9.8800,0.0000,nan,nan
0.0542,7.3490,0.0373,turn,0.0000,7.5200,0.0000,nan,nan
0.3639,3.0095,0.0479,combined,0.9281,4.4600,0.3639,-0.3613,0.0438
0.0791,9.6282,0.0614,combined,0.5899,9.7400,0.0756,-0.0546,0.0572
0.1130,1.8695,0.0418,lateral,0.4496,5.7600,0.0174,0.1129,0.0053
0.1055,11.1103,0.0870,lateral,0.6363,7.0000,0.0997,-0.0288,0.1015
0.1375,1.6829,0.0244,lateral,0.5951,9.6000,0.1242,-0.0210,0.1359
0.1193,0.6519,0.0958,turn,0.0000,6.1600,0.0000,nan,nan
0.0097,2.4641,0.0122,stand,0.0000,8.5800,0.0000,nan,nan
0.0142,0.6092,0.0186,stand,0.0000,6.7800,0.0000,nan,nan
0.1994,6.8580,0.0841,turn,0.0000,5.6800,0.0000,nan,nan
0.0779,5.4866,0.0475,lateral,0.1688,6.3400,0.0688,-0.0765,0.0146
0.2055,0.1146,0.1056,lateral,0.0403,4.6400,0.0361,-0.1523,0.1379
0.1800,2.5222,0.1591,combined,0.9057,5.0400,0.1737,-0.0371,0.1761
0.0705,1.2846,0.0853,straight,0.2116,7.8600,0.0675,-0.0690,0.0144
0.2425,2.6824,0.0210,straight,1.0768,8.0200,0.2425,-0.2411,0.0258
0.0758,0.2540,0.0839,straight,0.1510,9.6200,0.0467,0.0532,0.0540
0.1394,1.6617,0.0494,turn,0.0000,4.3000,0.0000,nan,nan
0.1125,1.7776,0.0463,lateral,0.0662,7.8200,0.0485,-0.0323,0.1078
0.3678,4.3589,0.0498,combined,1.1454,5.6600,0.3678,-0.3678,0.0003
0.3751,8.3491,0.0759,combined,1.0268,9.3600,0.3751,-0.3159,0.2022
0.0167,0.8599,0.0314,stand,0.0000,6.4400,0.0000,nan,nan
0.2743,7.6058,0.1084,combined,0.9143,5.4200,0.2743,-0.2389,0.1348
0.2034,7.2847,0.0265,lateral,0.7418,4.4600,0.2005,-0.1921,0.0667
0.0458,1.4546,0.0475,turn,0.0000,7.2600,0.0000,nan,nan
0.0865,9.2492,0.0486,turn,0.0000,5.3200,0.0000,nan,nan
0.1750,0.5272,0.0455,straight,0.1985,9.1400,0.0949,0.1071,0.1383
0.0307,4.0423,0.0448,straight,0.1732,9.2400,0.0158,0.0279,0.0128
0.0707,7.9638,0.0916,turn,0.0000,4.1400,0.0000,nan,nan
0.2109,4.5472,0.0486,combined,1.1564,7.1600,0.2109,-0.2108,0.0065
0.0627,0.4441,0.0456,lateral,0.4258,9.3600,0.0337,0.0617,0.0112
0.0286,1.2678,0.0538,combined,0.4840,8.1400,0.0114,0.0230,0.0170
0.1295,3.8712,0.0775,turn,0.0000,7.6000,0.0000,nan,nan
0.1213,10.3403,0.0730,lateral,0.6268,6.8800,0.0743,0.0502,0.1104
0.0547,3.5886,0.1072,turn,0.0000,6.5800,0.0000,nan,nan
0.0828,4.2267,0.0552,turn,0.0000,9.5200,0.0000,nan,nan
0.0271,11.2931,0.0195,lateral,0.2876,5.4600,0.0214,-0.0197,0.0185
0.1238,3.8455,0.0513,turn,0.0000,7.5000,0.0000,nan,nan
0.1468,4.3947,0.1007,turn,0.0000,7.3200,0.0000,nan,nan
0.2427,5.5851,0.0802,combined,0.5943,5.7000,0.2427,-0.2298,0.0780
0.1214,3.1489,0.0267,combined,0.5369,8.8400,0.0693,0.0517,0.1099
0.0832,10.6585,0.1099,turn,0.0000,9.9000,0.0000,nan,nan
0.2676,7.0859,0.0708,combined,1.0878,7.6400,0.2676,-0.2498,0.0961
0.1469,5.3663,0.1006,straight,0.8654,9.0400,0.1469,-0.1395,0.0459
0.1952,1.7165,0.1013,turn,0.0000,4.8200,0.0000,nan,nan
0.0355,0.8942,0.0299,stand,0.0000,6.3800,0.0000,nan,nan
0.2718,8.0658,0.0039,lateral,0.3110,7.0600,0.2479,-0.2432,0.1215
0.1857,4.5498,0.0624,combined,0.5367,4.0800,0.1857,-0.1824,0.0347
0.1074,14.2552,0.0390,lateral,0.7389,7.0000,0.1074,-0.0718,0.0799
0.2946,4.2134,0.0297,straight,0.7159,5.0400,0.2945,-0.2942,0.0137
0.0862,3.1410,0.0096,lateral,0.2800,5.4200,0.0821,-0.0848,0.0158
0.0129,1.0941,0.0262,stand,0.0000,8.5400,0.0000,nan,nan
0.2803,8.1143,0.0215,combined,1.3806,6.5600,0.2803,-0.2779,0.0365
0.1268,4.5374,0.0565,turn,0.0000,7.0800,0.0000,nan,nan
0.3196,0.7790,0.0837,turn,0.0000,5.4600,0.0000,nan,nan
0.3800,3.2703,0.0538,straight,1.0508,4.6600,0.3800,-0.3667,0.0993
0.2298,3.8130,0.0881,straight,0.8245,4.0800,0.2298,-0.2290,0.0189
0.1309,9.6802,0.0561,straight,0.2811,5.4000,0.1309,-0.1059,0.0771
0.1817,0.8010,0.0839,lateral,0.3198,7.0000,0.1275,0.0671,0.1688
0.0408,1.6480,0.0565,lateral,0.5193,5.3400,0.0408,-0.0361,0.0190
0.3556,0.2792,0.1613,combined,1.2695,6.1000,0.3556,-0.3301,0.1323
0.0393,4.6877,0.0253,lateral,0.3276,5.9600,0.0274,0.0157,0.0361
0.0256,1.5861,0.0685,lateral,0.2516,4.7200,0.0234,-0.0255,0.0023
0.2557,7.6829,0.1041,combined,1.1942,4.4400,0.2557,-0.2357,0.0991
0.0574,2.3020,0.0495,turn,0.0000,9.3200,0.0000,nan,nan
0.0168,0.5291,0.0116,stand,0.0000,9.2600,0.0000,nan,nan
0.0505,9.4041,0.0341,lateral,0.7661,6.5600,0.0505,-0.0263,0.0432
0.0361,1.5016,0.0282,stand,0.0000,6.3400,0.0000,nan,nan
0.0215,1.4004,0.0204,stand,0.0000,4.1200,0.0000,nan,nan
0.2022,1.5179,0.0718,lateral,0.6131,4.8400,0.2022,-0.1957,0.0510
0.0342,0.0600,0.0777,turn,0.0000,6.3000,0.0000,nan,nan
0.1375,9.3326,0.0846,combined,1.0922,6.4200,0.1330,-0.0336,0.1334
0.2444,8.4267,0.0534,lateral,0.7955,4.2400,0.2444,-0.2416,0.0370
0.0592,4.2751,0.1394,combined,1.5254,7.3000,0.0592,0.0227,0.0547
0.1395,1.9787,0.0390,straight,0.3956,9.7800,0.0659,0.1278,0.0559
0.1046,4.6877,0.1107,lateral,0.2262,6.6800,0.0939,-0.1024,0.0213
0.2460,0.1936,0.1048,straight,1.2424,7.8200,0.2460,-0.2263,0.0964
0.1475,4.0438,0.0646,combined,1.1140,6.9800,0.1475,-0.1341,0.0614
0.1050,3.8541,0.0759,turn,0.0000,8.0200,0.0000,nan,nan
0.0852,3.4709,0.0417,turn,0.0000,9.7400,0.0000,nan,nan
0.1230,1.2687,0.1352,straight,1.2681,4.7800,0.1230,-0.1218,0.0169
0.0165,1.3467,0.0735,combined,0.8510,7.0400,0.0134,0.0159,0.0043
0.0169,0.2577,0.0137,stand,0.0000,6.3400,0.0000,nan,nan
0.0191,1.4178,0.0318,stand,0.0000,5.6800,0.0000,nan,nan
0.0473,8.3684,0.1390,turn,0.0000,6.4800,0.0000,nan,nan
0.0726,2.0461,0.0745,lateral,0.2673,7.0000,0.0679,0.0178,0.0703
0.2053,2.6457,0.1515,straight,1.0928,6.0600,0.2024,-0.1406,0.1496
0.2198,0.3256,0.0864,straight,1.2746,9.0800,0.2198,-0.2193,0.0150
0.0701,2.9816,0.2078,combined,0.9157,8.8200,0.0701,0.0038,0.0700
0.1569,3.1220,0.0613,turn,0.0000,6.5800,0.0000,nan,nan
0.0333,5.6587,0.0572,turn,0.0000,4.6200,0.0000,nan,nan
0.0640,0.4186,0.0291,straight,0.8953,8.9600,0.0591,-0.0304,0.0563
0.2456,7.5501,0.0179,turn,0.0000,9.9800,0.0000,nan,nan
0.2523,6.3257,0.0275,combined,0.7968,6.3200,0.2481,-0.1620,0.1935
0.0132,1.0319,0.0157,stand,0.0000,9.7200,0.0000,nan,nan
0.2779,9.5684,0.0663,straight,0.5583,7.2600,0.2779,-0.2770,0.0215
0.2211,5.3876,0.0796,lateral,0.6803,6.1600,0.2211,-0.2146,0.0532
0.1807,1.4173,0.0507,combined,0.1839,4.0200,0.0733,-0.0304,0.1782
0.1490,5.6716,0.0446,stand,0.0000,4.0400,0.0000,nan,nan
0.0423,1.9671,0.0409,stand,0.0000,4.1000,0.0000,nan,nan
0.1760,5.5821,0.0943,turn,0.0000,4.1000,0.0000,nan,nan
0.2345,6.7719,0.0133,turn,0.0000,4.1200,0.0000,nan,nan
0.2101,4.1527,0.1160,lateral,0.6686,4.1400,0.2101,-0.2079,0.0306
0.1607,1.7299,0.0180,turn,0.0000,4.1600,0.0000,nan,nan
0.0422,0.6518,0.0152,stand,0.0000,4.1600,0.0000,nan,nan
0.3941,2.8539,0.2101,combined,1.6963,4.2200,0.3941,-0.3762,0.1175
0.4373,0.6613,0.0838,straight,1.1651,4.2800,0.4373,-0.4304,0.0777
0.0491,0.5616,0.0293,stand,0.0000,4.3200,0.0000,nan,nan
0.0512,1.8194,0.0732,lateral,0.0305,4.3400,0.0305,-0.0486,0.0161
0.3641,6.6659,0.1135,combined,1.0607,4.3400,0.3641,-0.3491,0.1033
0.1394,0.0395,0.1539,straight,0.2497,4.3600,0.1394,-0.1361,0.0302
0.0409,3.1063,0.0036,stand,0.0000,4.3800,0.0000,nan,nan
0.0627,2.7143,0.0730,turn,0.0000,4.4000,0.0000,nan,nan
0.3202,1.2298,0.0597,combined,0.9911,4.4400,0.3184,-0.2817,0.1522
0.2070,2.0503,0.0897,combined,0.7027,4.4600,0.2070,-0.2068,0.0090
0.4022,2.9780,0.0589,straight,0.9813,4.4800,0.4022,-0.3888,0.1030
0.3206,8.5387,0.0838,combined,1.0937,4.5000,0.3206,-0.3178,0.0420
0.2230,2.2654,0.1228,straight,0.7215,4.5200,0.2230,-0.2195,0.0394
0.2493,2.2092,0.0352,lateral,0.7496,4.5200,0.2493,-0.1997,0.1493
0.1684,0.7024,0.1147,straight,0.0489,4.5400,0.0461,0.0200,0.1672
0.2548,2.1323,0.1176,straight,1.1779,4.5600,0.2545,-0.2060,0.1500
0.1583,8.1719,0.1088,combined,1.0793,4.5800,0.1583,-0.1456,0.0621
0.0831,4.6001,0.0313,turn,0.0000,4.6200,0.0000,nan,nan
0.2628,7.5401,0.1348,straight,0.9639,4.6600,0.2628,-0.2618,0.0223
0.2239,4.2502,0.1458,lateral,0.3808,4.6600,0.2239,-0.2234,0.0145
0.1943,2.2863,0.1276,lateral,0.5109,4.6800,0.1943,-0.1487,0.1250
0.1543,3.0389,0.1402,straight,1.3363,4.7000,0.1543,-0.1303,0.0828
0.2276,9.0692,0.0646,lateral,0.6280,4.7000,0.2276,-0.2027,0.1034
0.3559,0.0316,0.1029,combined,1.0432,4.7000,0.3559,-0.3558,0.0036
0.1150,5.0534,0.0416,turn,0.0000,4.7400,0.0000,nan,nan
0.1847,5.5545,0.0745,straight,0.8340,4.7400,0.1847,-0.1841,0.0152
0.1498,0.4772,0.0324,lateral,0.3018,4.7800,0.1497,-0.1497,0.0015
0.1837,5.4384,0.0086,stand,0.0000,4.8200,0.0000,nan,nan
0.2094,1.5074,0.1834,lateral,0.9868,4.8800,0.2094,-0.2094,0.0014
0.1998,5.2173,0.1553,lateral,0.0187,4.8800,0.0123,-0.1776,0.0915
0.2494,9.2601,0.0551,combined,1.2866,4.9000,0.2494,-0.2465,0.0376
0.0294,8.9882,0.0868,turn,0.0000,4.9400,0.0000,nan,nan
0.2550,0.5145,0.0772,straight,1.2099,4.9400,0.2550,-0.2496,0.0521
0.0404,2.2356,0.0090,stand,0.0000,5.0600,0.0000,nan,nan
0.2291,5.2279,0.0697,straight,0.1718,5.0600,0.1435,-0.2264,0.0353
0.0639,6.9295,0.0386,lateral,0.1466,5.1200,0.0637,-0.0576,0.0276
0.1584,5.1897,0.0164,stand,0.0000,5.1400,0.0000,nan,nan
0.3210,0.2543,0.0790,combined,1.1533,5.1600,0.3210,-0.3160,0.0564
0.0893,5.5948,0.0635,turn,0.0000,5.1800,0.0000,nan,nan
0.1591,2.1413,0.0526,straight,0.0345,5.2000,0.0030,0.1025,0.1218
0.3100,8.6897,0.1032,straight,0.8239,5.2200,0.3100,-0.3091,0.0236
0.3048,6.8288,0.1389,combined,1.2143,5.2800,0.3048,-0.3038,0.0244
0.0122,1.9329,0.0073,lateral,0.7328,5.2800,0.0122,-0.0080,0.0092
0.0524,3.2688,0.0312,stand,0.0000,5.3600,0.0000,nan,nan
0.3715,0.0191,0.0699,straight,1.3304,5.3600,0.3715,-0.3714,0.0032
0.2530,5.4509,0.1081,lateral,0.6621,5.3800,0.2530,-0.1607,0.1954
0.1664,3.0100,0.0396,lateral,0.6295,5.4000,0.1645,-0.0759,0.1481
0.0264,0.3944,0.0038,stand,0.0000,5.4200,0.0000,nan,nan
0.2022,3.0057,0.0920,lateral,0.3508,5.4200,0.1958,-0.1202,0.1626
0.1658,9.4077,0.0555,lateral,0.2646,5.4600,0.1420,-0.1582,0.0497
0.1932,13.3765,0.1222,lateral,0.4503,5.4600,0.1932,-0.1821,0.0647
0.0093,10.4909,0.0567,lateral,0.5887,5.4800,0.0032,0.0081,0.0047
0.0822,2.5974,0.0197,stand,0.0000,5.5000,0.0000,nan,nan
0.2815,0.9662,0.0632,combined,1.4046,5.5200,0.2815,-0.2277,0.1656
0.1999,2.8597,0.0408,lateral,0.7947,5.5800,0.1884,-0.1260,0.1551
0.3350,10.4133,0.1205,straight,0.8628,5.5800,0.3350,-0.3350,0.0063
0.1398,2.8781,0.0210,stand,0.0000,5.5800,0.0000,nan,nan
0.5083,9.9124,0.0584,straight,1.4913,5.6000,0.5083,-0.4850,0.1521
0.2181,7.1352,0.0984,lateral,0.7047,5.6000,0.2151,-0.1852,0.1152
0.1656,3.4897,0.1759,straight,0.9495,5.6200,0.1656,-0.1555,0.0570
0.0669,1.1519,0.0236,stand,0.0000,5.6200,0.0000,nan,nan
0.1569,2.2633,0.0993,lateral,0.3014,5.6600,0.1504,-0.1200,0.1010
0.2380,10.5510,0.0082,lateral,0.8041,5.7000,0.2344,-0.2375,0.0156
0.0428,1.9368,0.0726,straight,1.0274,5.7400,0.0419,0.0005,0.0428
0.1909,4.9170,0.0530,lateral,0.5755,5.7600,0.1776,-0.0827,0.1721
0.2348,13.9774,0.0820,lateral,0.4712,5.7800,0.2279,-0.2264,0.0621
0.1488,9.3848,0.1156,straight,0.1414,5.7800,0.1414,-0.1406,0.0486
0.0179,1.3251,0.0498,stand,0.0000,5.7800,0.0000,nan,nan
0.2168,3.6432,0.0859,lateral,0.7768,5.8000,0.2168,-0.1907,0.1031
0.2392,0.6440,0.0828,straight,1.3806,5.8200,0.2392,-0.2093,0.1157
0.1788,3.9331,0.0716,combined,1.7276,5.8600,0.1788,-0.1769,0.0256
0.1727,4.1376,0.0623,lateral,0.8123,5.8800,0.1727,-0.1671,0.0433
0.1134,5.8618,0.0580,straight,0.3001,5.9200,0.1087,-0.0933,0.0645
0.1440,2.5452,0.0217,combined,0.1803,5.9400,0.1017,0.0155,0.1432
0.1664,2.8480,0.1155,lateral,0.8883,5.9600,0.1644,-0.0629,0.1540
0.1180,4.1147,0.0291,lateral,0.7476,6.0000,0.1180,-0.1127,0.0352
0.2318,5.0855,0.0175,combined,1.0901,6.0200,0.2318,-0.1646,0.1631
0.0926,4.1706,0.0343,turn,0.0000,6.0600,0.0000,nan,nan
0.1633,12.5569,0.0288,lateral,0.0882,6.0600,0.0882,-0.1632,0.0069
0.1902,4.6148,0.0182,combined,0.7811,6.0800,0.1901,-0.1761,0.0720
0.3233,5.0384,0.1056,straight,0.7462,6.1000,0.3233,-0.3144,0.0752
0.2061,2.4787,0.1091,lateral,0.3574,6.1600,0.1104,0.1377,0.1534
0.0775,2.1450,0.0162,turn,0.0000,6.1600,0.0000,nan,nan
0.1814,0.9500,0.0202,turn,0.0000,6.1800,0.0000,nan,nan
0.1831,9.6728,0.1574,combined,1.4621,6.1800,0.1831,-0.1777,0.0443
0.1237,3.3792,0.0190,straight,0.3490,6.2200,0.1237,-0.0901,0.0848
0.0235,0.1229,0.0064,stand,0.0000,6.2800,0.0000,nan,nan
0.0844,8.3476,0.0391,straight,1.2052,6.3000,0.0819,-0.0294,0.0791
0.1079,7.1367,0.0473,lateral,0.8760,6.3200,0.1070,-0.1078,0.0038
0.1546,0.7282,0.0594,combined,0.3591,6.3200,0.1546,-0.1365,0.0725
0.2033,13.0177,0.1059,straight,1.1265,6.3600,0.2033,-0.1763,0.1013
0.0134,3.4341,0.0599,lateral,0.9279,6.4000,0.0027,0.0129,0.0035
0.3096,6.6229,0.0855,lateral,0.5255,6.4000,0.3078,-0.1689,0.2594
0.0666,0.2968,0.0015,lateral,0.2186,6.4000,0.0637,0.0018,0.0666
0.1050,6.2458,0.0464,straight,0.4920,6.4600,0.1050,-0.1009,0.0291
0.0521,1.8902,0.0192,stand,0.0000,6.5000,0.0000,nan,nan
0.0599,0.8934,0.0158,stand,0.0000,6.5000,0.0000,nan,nan
0.4126,2.7416,0.1251,straight,0.9480,6.5400,0.4126,-0.3321,0.2449
0.1845,3.3808,0.1189,straight,1.2648,6.5600,0.1845,-0.1544,0.1010
0.0205,13.3864,0.1222,lateral,0.2805,6.5800,0.0031,0.0197,0.0056
0.2190,15.1542,0.0798,combined,0.8422,6.5800,0.2103,-0.1395,0.1688
0.0701,0.5741,0.0231,stand,0.0000,6.6200,0.0000,nan,nan
0.2510,3.7912,0.0814,combined,1.2880,6.6400,0.2510,-0.2250,0.1114
0.2031,3.9522,0.0433,lateral,0.6868,6.6400,0.1950,-0.2022,0.0189
0.0537,4.8415,0.0392,combined,0.2507,6.6800,0.0446,-0.0268,0.0466
0.2047,6.3169,0.1170,straight,1.0912,6.6800,0.2024,-0.1697,0.1145
0.0346,3.9450,0.0972,turn,0.0000,6.7200,0.0000,nan,nan
0.1171,9.9677,0.0611,combined,1.2544,6.7600,0.1171,-0.1061,0.0497
0.1804,3.3661,0.0514,turn,0.0000,6.8000,0.0000,nan,nan
0.1700,2.9694,0.0513,straight,1.0845,6.8600,0.1695,-0.0003,0.1700
0.4244,0.1383,0.0911,straight,1.4813,6.8600,0.4244,-0.4192,0.0662
0.2512,0.6514,0.0457,straight,1.4803,6.9000,0.2512,-0.1237,0.2186
0.1649,2.7812,0.0215,turn,0.0000,6.9000,0.0000,nan,nan
0.0133,1.2074,0.0026,stand,0.0000,6.9400,0.0000,nan,nan
0.1093,1.0824,0.1295,straight,1.1487,6.9400,0.1001,0.0004,0.1093
0.0507,0.1376,0.0641,stand,0.0000,6.9600,0.0000,nan,nan
0.0318,0.2685,0.0375,stand,0.0000,6.9600,0.0000,nan,nan
0.1403,1.7766,0.0130,lateral,0.7163,7.0400,0.1403,-0.1347,0.0392
0.0435,2.9043,0.0251,turn,0.0000,7.0600,0.0000,nan,nan
0.1018,1.8232,0.0269,turn,0.0000,7.0800,0.0000,nan,nan
0.1584,1.7757,0.1334,turn,0.0000,7.1000,0.0000,nan,nan
0.1791,2.2917,0.0589,straight,0.1267,7.1200,0.0824,-0.0333,0.1760
0.0464,1.8465,0.0505,stand,0.0000,7.1200,0.0000,nan,nan
0.0184,0.3631,0.0198,stand,0.0000,7.1400,0.0000,nan,nan
0.0783,3.1886,0.0726,lateral,0.0876,7.1800,0.0107,-0.0302,0.0723
0.1764,7.7685,0.0096,stand,0.0000,7.1800,0.0000,nan,nan
0.0105,0.3520,0.0395,stand,0.0000,7.2400,0.0000,nan,nan
0.2875,2.2107,0.0415,lateral,0.8101,7.2800,0.2875,-0.2480,0.1455
0.1544,2.2672,0.0803,lateral,0.2369,7.3000,0.1201,-0.1514,0.0300
0.1558,7.8761,0.0401,lateral,0.0477,7.3400,0.0477,-0.1060,0.1142
0.2092,5.5035,0.1024,straight,0.7419,7.3400,0.2092,-0.1859,0.0961
0.0934,7.6163,0.0881,combined,1.5500,7.4000,0.0934,-0.0521,0.0776
0.1606,6.7723,0.0866,lateral,0.7575,7.4000,0.1568,-0.0812,0.1385
0.2223,1.6092,0.0363,turn,0.0000,7.4000,0.0000,nan,nan
0.0297,1.4516,0.0446,straight,0.4579,7.4200,0.0297,-0.0257,0.0150
0.2225,4.6758,0.0516,turn,0.0000,7.4200,0.0000,nan,nan
0.0922,0.8658,0.0399,combined,0.9439,7.4600,0.0720,0.0537,0.0749
0.1293,4.4080,0.0280,combined,1.1572,7.5400,0.1286,-0.1018,0.0797
0.2447,0.4202,0.0826,combined,0.6805,7.5400,0.2447,-0.2184,0.1105
0.0397,0.3077,0.0164,stand,0.0000,7.5800,0.0000,nan,nan
0.0303,0.3843,0.0218,stand,0.0000,7.5800,0.0000,nan,nan
0.0509,7.2425,0.1045,turn,0.0000,7.6400,0.0000,nan,nan
0.1095,0.9773,0.0575,combined,1.0905,7.6600,0.1095,-0.0766,0.0783
0.1148,7.5403,0.0814,combined,1.1551,7.6600,0.1148,-0.1146,0.0072
0.0819,0.1453,0.0501,combined,0.5773,7.6800,0.0806,-0.0753,0.0324
0.0872,2.7611,0.0062,lateral,0.9615,7.7000,0.0591,0.0775,0.0400
0.1195,5.0357,0.0135,stand,0.0000,7.7000,0.0000,nan,nan
0.0975,3.7887,0.0331,combined,1.3459,7.7200,0.0812,0.0133,0.0966
0.1027,8.7416,0.0671,turn,0.0000,7.7400,0.0000,nan,nan
0.2221,2.2946,0.0385,lateral,0.3285,7.7800,0.2143,-0.1848,0.1231
0.2375,4.1101,0.0392,combined,0.8403,7.7800,0.2322,-0.0908,0.2194
0.1729,1.9901,0.0228,turn,0.0000,7.8200,0.0000,nan,nan
0.0461,0.6262,0.0336,stand,0.0000,7.8200,0.0000,nan,nan
0.2412,2.1505,0.0211,straight,0.2880,7.8400,0.0785,0.2316,0.0675
0.2035,2.2480,0.1008,turn,0.0000,7.8600,0.0000,nan,nan
0.1276,5.9627,0.0389,lateral,0.5281,7.9000,0.1191,0.0200,0.1260
0.1279,0.0362,0.0422,straight,0.9543,7.9400,0.1163,0.0303,0.1243
0.2209,4.0078,0.0607,combined,0.7171,7.9800,0.2161,-0.1818,0.1254
0.0936,0.0751,0.0161,turn,0.0000,8.0200,0.0000,nan,nan
0.2013,7.5551,0.0855,combined,1.1945,8.0200,0.2013,-0.1748,0.0999
0.0978,1.0149,0.0433,stand,0.0000,8.0400,0.0000,nan,nan
0.1711,6.0027,0.0227,lateral,0.3102,8.0600,0.0420,0.0921,0.1443
0.0110,7.9416,0.0410,combined,0.6822,8.0800,0.0110,-0.0055,0.0096
0.0119,0.7406,0.0472,combined,1.0511,8.0800,0.0097,-0.0063,0.0102
0.1496,12.8206,0.0431,turn,0.0000,8.0800,0.0000,nan,nan
0.0539,3.9264,0.1258,turn,0.0000,8.1000,0.0000,nan,nan
0.0791,5.4860,0.0258,combined,0.5700,8.1000,0.0685,-0.0755,0.0236
0.2372,6.8462,0.0184,lateral,0.9955,8.1000,0.2369,-0.2135,0.1033
0.0424,4.1354,0.0177,lateral,0.3587,8.1200,0.0261,0.0423,0.0028
0.0472,2.0784,0.0410,stand,0.0000,8.1600,0.0000,nan,nan
0.2017,2.5196,0.0842,turn,0.0000,8.1600,0.0000,nan,nan
0.1868,1.8806,0.0463,turn,0.0000,8.1600,0.0000,nan,nan
0.2083,3.4924,0.1163,combined,1.6483,8.1600,0.1643,0.1429,0.1515
0.0627,0.2124,0.0238,stand,0.0000,8.2000,0.0000,nan,nan
0.1469,2.2419,0.0762,combined,1.1199,8.2200,0.1469,-0.1366,0.0540
0.1299,2.9147,0.0527,straight,0.1385,8.2800,0.0934,-0.1280,0.0217
0.1020,4.6974,0.0382,turn,0.0000,8.3400,0.0000,nan,nan
0.0865,7.3197,0.0720,combined,1.1300,8.3600,0.0865,-0.0495,0.0709
0.2032,2.1482,0.0464,lateral,0.7802,8.3600,0.2000,-0.0858,0.1842
0.2190,2.2163,0.0741,straight,1.1585,8.3800,0.1793,0.1348,0.1726
0.2285,3.7354,0.0904,straight,1.3971,8.3800,0.2020,-0.0161,0.2280
0.1643,2.3685,0.0312,straight,1.1967,8.3800,0.1638,-0.1221,0.1100
0.1032,1.4541,0.0193,combined,1.1082,8.3800,0.0993,-0.0684,0.0772
0.0550,9.2934,0.0587,lateral,0.3136,8.4000,0.0509,-0.0009,0.0550
0.0522,1.8439,0.0361,stand,0.0000,8.4000,0.0000,nan,nan
0.0978,3.6708,0.1020,straight,0.7990,8.4000,0.0374,0.0932,0.0295
0.1100,3.4324,0.0943,turn,0.0000,8.4200,0.0000,nan,nan
0.1401,8.0934,0.0437,turn,0.0000,8.4400,0.0000,nan,nan
0.1791,9.8754,0.0173,lateral,0.3639,8.6800,0.1743,-0.0521,0.1714
0.1026,4.6102,0.0846,lateral,0.8615,8.6800,0.0953,-0.0226,0.1000
0.1168,5.7425,0.0859,lateral,0.5249,4.0800,0.1168,-0.1047,0.0519
0.0751,3.3732,0.0758,combined,0.9232,8.7400,0.0295,0.0677,0.0324
0.0367,0.3250,0.0205,stand,0.0000,8.7800,0.0000,nan,nan
0.1908,0.4990,0.0205,turn,0.0000,8.8000,0.0000,nan,nan
0.1701,8.8639,0.0388,straight,0.2881,8.8400,0.1666,-0.1543,0.0715
0.0518,1.9229,0.0215,stand,0.0000,8.8600,0.0000,nan,nan
0.0989,5.3249,0.1047,lateral,0.7301,4.1800,0.0989,-0.0846,0.0511
0.1289,5.3486,0.0538,lateral,0.8336,8.9000,0.1264,-0.0996,0.0818
0.4592,7.1485,0.0767,straight,0.9365,4.2400,0.4592,-0.4588,0.0196
0.0431,2.2417,0.0893,straight,0.4745,8.9400,0.0399,-0.0311,0.0298
0.0686,2.1307,0.0085,stand,0.0000,8.9400,0.0000,nan,nan
0.1669,3.3723,0.0358,lateral,0.7027,8.9800,0.1621,-0.1667,0.0090
0.3160,2.3738,0.0535,turn,0.0000,9.0200,0.0000,nan,nan
0.1705,6.0145,0.0539,combined,1.2668,9.0200,0.0359,0.1578,0.0645
0.2163,3.4533,0.0287,combined,1.0217,9.0400,0.2163,-0.0345,0.2135
0.1998,1.9985,0.0456,combined,0.5127,9.0400,0.1794,-0.0085,0.1997
0.1950,1.6044,0.0853,straight,1.4539,9.0600,0.1834,-0.1104,0.1607
0.0484,1.8037,0.0433,combined,0.4864,9.0800,0.0106,0.0403,0.0267
0.1638,8.7820,0.0646,turn,0.0000,9.0800,0.0000,nan,nan
0.1096,1.7016,0.0428,lateral,0.5542,9.1000,0.1089,-0.0950,0.0546
0.0240,0.1179,0.0410,stand,0.0000,9.1200,0.0000,nan,nan
0.1602,4.7754,0.0806,turn,0.0000,9.1200,0.0000,nan,nan
0.1457,8.1560,0.0224,straight,0.9276,9.1600,0.1457,-0.1345,0.0559
0.1598,2.7471,0.0333,combined,1.1289,9.1600,0.1597,-0.1384,0.0799
0.2590,9.1432,0.1763,straight,0.3911,9.2000,0.2266,-0.0327,0.2569
0.0229,0.3883,0.0128,stand,0.0000,9.2000,0.0000,nan,nan
0.1691,1.0688,0.0352,lateral,0.7243,9.2400,0.1527,-0.0472,0.1623
0.1862,1.5115,0.0052,lateral,0.0702,9.2400,0.0702,-0.1770,0.0577
0.1073,6.5355,0.0773,straight,1.0970,9.3200,0.1042,0.0187,0.1056
0.1242,3.9116,0.0329,straight,0.3764,9.3400,0.1167,-0.1225,0.0206
0.0403,10.0659,0.0602,combined,0.9596,9.3600,0.0319,0.0190,0.0355
0.1079,1.5629,0.0517,lateral,0.4530,5.0200,0.1079,-0.1079,0.0011
0.2600,3.9276,0.1609,combined,1.4405,5.0400,0.2600,-0.2522,0.0631
0.2169,0.8946,0.0194,turn,0.0000,9.3600,0.0000,nan,nan
0.0274,0.7003,0.0084,stand,0.0000,4.6000,0.0000,nan,nan
0.0168,0.0118,0.0309,stand,0.0000,9.3800,0.0000,nan,nan
0.1394,3.7805,0.0220,straight,0.0701,9.4000,0.0701,-0.1387,0.0131
0.1035,2.2238,0.0478,straight,0.5980,9.4000,0.1018,-0.0503,0.0904
0.0385,3.7708,0.0155,stand,0.0000,9.4400,0.0000,nan,nan
0.0297,2.1239,0.0520,stand,0.0000,9.4800,0.0000,nan,nan
0.0336,4.4526,0.0874,turn,0.0000,9.5000,0.0000,nan,nan
0.2202,5.6279,0.0568,straight,0.2990,9.5000,0.2143,-0.2170,0.0374
0.2877,4.2087,0.0889,combined,1.7077,9.5000,0.2877,-0.2860,0.0311
0.0521,1.0738,0.0178,stand,0.0000,9.5200,0.0000,nan,nan
0.1412,7.5525,0.0369,turn,0.0000,9.5200,0.0000,nan,nan
0.0883,11.2754,0.1286,turn,0.0000,5.1000,0.0000,nan,nan
0.1240,3.2075,0.0279,lateral,0.7529,9.5800,0.1158,-0.0934,0.0816
0.1324,1.0060,0.0491,combined,1.2702,9.6000,0.0075,0.1319,0.0111
0.0918,9.6904,0.0092,lateral,0.3566,9.6000,0.0770,-0.0804,0.0442
0.1634,1.0269,0.1255,combined,1.2308,9.6000,0.1634,-0.1502,0.0644
0.0842,4.7414,0.0499,combined,0.8248,9.6200,0.0842,-0.0615,0.0575
0.2346,3.7648,0.0850,turn,0.0000,9.6400,0.0000,nan,nan
0.1493,1.5120,0.0513,combined,0.3636,4.4200,0.1489,-0.0665,0.1337
0.1564,2.0126,0.0345,turn,0.0000,9.6800,0.0000,nan,nan
0.1345,9.2495,0.0407,turn,0.0000,9.7000,0.0000,nan,nan
0.1937,9.6270,0.0427,straight,0.0322,9.7200,0.0047,0.1930,0.0172
0.1434,3.7978,0.0111,straight,0.9217,9.7200,0.1412,-0.1305,0.0596
0.1930,3.7921,0.0350,turn,0.0000,9.7200,0.0000,nan,nan
0.1140,2.4852,0.0355,turn,0.0000,5.2600,0.0000,nan,nan
0.4229,13.7748,0.1230,straight,1.2815,4.0400,0.4229,-0.4206,0.0440
0.1127,12.2625,0.1022,turn,0.0000,9.7400,0.0000,nan,nan
0.2160,2.3336,0.0585,lateral,0.1132,9.7600,0.1103,-0.1621,0.1427
0.1512,10.4536,0.0163,lateral,0.3284,9.7800,0.1388,-0.0696,0.1342
0.0289,1.4503,0.0287,stand,0.0000,9.9000,0.0000,nan,nan
0.1457,2.4461,0.0929,combined,0.2893,5.7600,0.1019,-0.0327,0.1420
0.0359,1.0381,0.0789,stand,0.0000,9.9200,0.0000,nan,nan
0.0704,0.4773,0.1000,lateral,0.9203,9.9200,0.0366,0.0427,0.0560
0.0454,2.8851,0.0528,turn,0.0000,9.9200,0.0000,nan,nan
0.0533,12.8242,0.0348,turn,0.0000,5.8200,0.0000,nan,nan
0.0813,0.9988,0.0966,straight,0.5468,5.2000,0.0813,-0.0732,0.0354
0.3945,6.9490,0.0216,combined,1.2002,5.8200,0.3943,-0.3943,0.0118
0.1551,6.1697,0.0751,combined,0.6828,9.9600,0.1029,0.1001,0.1184
0.4319,7.1289,0.0986,straight,1.2698,4.9200,0.4319,-0.4296,0.0446
0.0125,0.1611,0.0415,stand,0.0000,4.2200,0.0000,nan,nan
0.1453,0.6911,0.0104,turn,0.0000,5.2200,0.0000,nan,nan
0.0165,1.7026,0.0225,stand,0.0000,5.5400,0.0000,nan,nan
0.3118,5.1840,0.0900,combined,0.6159,4.5400,0.3118,-0.2983,0.0908
0.1297,2.0567,0.0868,straight,0.1765,5.8200,0.1297,-0.1244,0.0367
0.2477,4.2849,0.0555,straight,0.2555,4.8200,0.1787,-0.0908,0.2305
0.0350,2.2289,0.0401,stand,0.0000,4.6200,0.0000,nan,nan
0.1176,2.3760,0.0796,turn,0.0000,5.6600,0.0000,nan,nan
0.1372,5.1294,0.1026,turn,0.0000,5.2200,0.0000,nan,nan
0.0640,1.2102,0.0639,lateral,0.4989,6.3600,0.0640,-0.0639,0.0040
0.0727,7.9760,0.0636,lateral,0.0084,5.7800,0.0084,-0.0720,0.0099
0.0353,7.4188,0.0579,lateral,0.1805,6.3800,0.0027,0.0313,0.0163
0.4494,8.9593,0.0264,straight,0.9212,4.7200,0.4494,-0.4493,0.0102
0.1796,2.8218,0.0419,turn,0.0000,4.5200,0.0000,nan,nan
0.1439,2.5680,0.1385,turn,0.0000,4.8400,0.0000,nan,nan
0.2588,4.2566,0.0226,straight,1.1999,6.4800,0.2588,-0.2463,0.0795
0.2552,4.9441,0.0924,lateral,0.9368,4.1400,0.2552,-0.2516,0.0424
0.0108,0.5791,0.0345,stand,0.0000,5.5600,0.0000,nan,nan
0.1872,7.6603,0.0197,lateral,0.5197,4.0400,0.1872,-0.1129,0.1493
0.1662,0.0272,0.0391,straight,0.6155,4.8600,0.1662,-0.1614,0.0398
0.2455,2.0393,0.0262,combined,1.0938,6.3800,0.2455,-0.2346,0.0722
0.1774,4.5505,0.0719,turn,0.0000,5.1600,0.0000,nan,nan
0.2256,4.6901,0.0385,lateral,0.8977,5.4400,0.2243,-0.1748,0.1426
0.0266,0.1925,0.0415,turn,0.0000,4.7000,0.0000,nan,nan
0.3035,15.5729,0.0826,straight,0.6736,5.4800,0.3035,-0.2690,0.1405
0.0094,1.7855,0.0278,stand,0.0000,6.1000,0.0000,nan,nan
0.0937,1.5802,0.0842,combined,0.6189,6.7000,0.0890,-0.0305,0.0886
0.2276,8.1112,0.1587,straight,0.9844,4.2400,0.2276,-0.2247,0.0363
0.0960,3.1810,0.1005,combined,1.1474,5.8200,0.0960,-0.0960,0.0010
0.1928,2.9628,0.2003,lateral,0.4656,5.1400,0.1854,-0.1543,0.1156
0.3748,10.4042,0.0822,straight,0.9315,4.2400,0.3748,-0.3744,0.0155
0.0413,1.5567,0.0117,stand,0.0000,5.7800,0.0000,nan,nan
0.2303,0.3328,0.0384,combined,1.3963,6.8200,0.2303,-0.2286,0.0280
0.1729,7.1154,0.0892,lateral,0.1903,6.8600,0.1491,-0.1540,0.0787
0.2029,18.0416,0.0147,straight,1.0096,6.6800,0.2029,-0.1904,0.0699
0.2734,9.4221,0.0791,combined,1.2538,4.0400,0.2734,-0.2150,0.1689
0.2758,7.1949,0.0631,lateral,0.9351,6.1600,0.2758,-0.1320,0.2422
0.2537,8.3965,0.0883,straight,0.4156,5.1200,0.2537,-0.2356,0.0941
0.1311,0.6397,0.0668,straight,0.2513,7.2800,0.1264,-0.1269,0.0329
0.3707,7.6767,0.1384,straight,1.1919,5.0200,0.3707,-0.3374,0.1534
0.0203,2.3645,0.0275,stand,0.0000,7.3800,0.0000,nan,nan
0.1054,6.4581,0.0375,turn,0.0000,5.7000,0.0000,nan,nan
0.0741,10.3807,0.1264,lateral,0.2617,4.3200,0.0675,-0.0187,0.0717
0.2499,12.6160,0.0226,lateral,0.7679,5.1400,0.2460,-0.1579,0.1937
0.0930,7.5645,0.0275,turn,0.0000,6.7400,0.0000,nan,nan
0.1500,5.7029,0.0302,lateral,0.5286,4.3000,0.1500,-0.1487,0.0193
0.0679,10.3608,0.0640,combined,0.7276,6.3400,0.0679,-0.0419,0.0534
0.1564,0.1803,0.0388,combined,0.3462,4.8000,0.1564,-0.1153,0.1057
0.4615,0.2352,0.0590,combined,1.3305,4.0000,0.4615,-0.4567,0.0662
0.0301,3.7069,0.0024,turn,0.0000,4.6000,0.0000,nan,nan
0.1952,3.9489,0.0147,lateral,0.3720,6.9800,0.0944,0.0763,0.1797
0.0027,0.0733,0.0268,stand,0.0000,4.1400,0.0000,nan,nan
0.1404,4.8939,0.0312,lateral,0.9289,7.8000,0.1367,-0.0831,0.1131
0.2432,8.6928,0.0149,straight,0.0890,8.2800,0.0887,-0.1525,0.1894
0.1492,4.3760,0.1531,lateral,0.8121,5.4400,0.1492,-0.1452,0.0345
0.0793,1.7333,0.0882,lateral,0.6221,5.1000,0.0793,-0.0790,0.0074
0.0114,2.9509,0.0519,stand,0.0000,6.1800,0.0000,nan,nan
0.1484,2.6438,0.0266,turn,0.0000,4.3200,0.0000,nan,nan
0.1887,4.7720,0.1106,turn,0.0000,5.6200,0.0000,nan,nan
0.0259,0.5297,0.0152,stand,0.0000,4.3200,0.0000,nan,nan
0.0721,3.0197,0.0606,turn,0.0000,4.0400,0.0000,nan,nan
0.3508,8.5085,0.0831,straight,0.6768,6.9800,0.3507,-0.3481,0.0438
0.3276,1.0868,0.0503,lateral,0.8755,6.7400,0.3230,-0.2910,0.1506
0.0071,0.2351,0.0354,stand,0.0000,7.0000,0.0000,nan,nan
0.2540,7.6530,0.0870,combined,0.8219,6.2400,0.2540,-0.2356,0.0950
0.2055,1.5062,0.0710,combined,1.1254,4.4600,0.2055,-0.2040,0.0242
0.1190,5.8954,0.1193,straight,1.1847,4.1400,0.1190,-0.1037,0.0583
0.0139,2.1946,0.0516,stand,0.0000,4.8000,0.0000,nan,nan
0.1020,9.6172,0.1082,combined,0.4735,4.2400,0.1020,-0.0917,0.0447
0.0132,3.0594,0.0062,stand,0.0000,4.3000,0.0000,nan,nan
0.2365,0.8611,0.0615,lateral,0.6901,5.7000,0.2365,-0.2355,0.0225
0.0118,0.2255,0.0140,stand,0.0000,7.5400,0.0000,nan,nan
0.2237,3.6446,0.0468,combined,1.2336,8.1800,0.2023,0.0792,0.2092
0.2204,4.2727,0.0529,turn,0.0000,5.2800,0.0000,nan,nan
0.0606,1.5502,0.0275,turn,0.0000,6.9200,0.0000,nan,nan
0.3768,4.2184,0.1028,straight,0.9012,6.8200,0.3768,-0.3647,0.0945
0.2154,6.5513,0.1508,combined,1.7666,5.2200,0.2154,-0.1728,0.1287
0.2737,7.6992,0.0513,straight,0.7722,6.5600,0.2737,-0.2602,0.0848
0.2221,5.2995,0.0901,turn,0.0000,5.1200,0.0000,nan,nan
0.0371,0.3898,0.0254,stand,0.0000,7.0000,0.0000,nan,nan
0.1302,17.0151,0.0453,turn,0.0000,7.5800,0.0000,nan,nan
0.1569,1.7560,0.0772,combined,0.9374,5.9200,0.1569,-0.1274,0.0916
0.1753,9.7957,0.0289,combined,0.4763,6.2400,0.0422,0.1720,0.0335
0.3438,1.2851,0.0865,combined,0.7708,5.3400,0.3438,-0.3397,0.0528
0.2917,4.1904,0.1128,straight,1.1923,4.8200,0.2917,-0.2830,0.0709
0.1907,1.4296,0.1038,lateral,0.5153,5.2400,0.1907,-0.1242,0.1447
0.2607,5.0858,0.0850,combined,0.7986,4.8200,0.2607,-0.2600,0.0192
0.0677,0.4358,0.0048,turn,0.0000,8.0400,0.0000,nan,nan
0.1165,5.6591,0.0881,turn,0.0000,7.1200,0.0000,nan,nan
0.1415,2.4080,0.0154,turn,0.0000,4.9600,0.0000,nan,nan
0.3221,4.7737,0.0566,straight,0.9703,4.8400,0.3221,-0.3221,0.0042
0.0234,5.4489,0.0340,turn,0.0000,8.4600,0.0000,nan,nan
0.2475,3.1421,0.0812,straight,1.3766,4.2200,0.2475,-0.1252,0.2135
0.0152,4.1848,0.0371,stand,0.0000,5.0200,0.0000,nan,nan
0.1118,3.5186,0.0619,combined,1.0558,7.6600,0.1118,-0.1118,0.0003
0.0450,14.2455,0.0785,turn,0.0000,6.0800,0.0000,nan,nan
0.1449,6.8397,0.0189,combined,1.1881,7.6200,0.1449,-0.1285,0.0669
0.1771,3.4958,0.0455,lateral,0.8939,6.2600,0.1673,0.0041,0.1770
0.1474,1.9204,0.0406,lateral,0.8120,9.0600,0.1453,-0.1455,0.0236
0.0264,0.9351,0.0246,stand,0.0000,5.7800,0.0000,nan,nan
0.0918,6.5422,0.0265,combined,0.8366,8.8800,0.0745,-0.0600,0.0694
0.1468,3.8276,0.0673,lateral,0.0281,7.2400,0.0246,-0.1422,0.0365
0.0881,5.6515,0.0582,combined,1.1012,5.6400,0.0881,-0.0850,0.0232
0.2190,3.6166,0.0466,combined,1.0995,6.9400,0.2190,-0.2092,0.0648
0.2061,7.3744,0.0797,straight,0.6975,8.6800,0.2061,-0.2000,0.0498
0.1407,5.2290,0.0264,turn,0.0000,5.2600,0.0000,nan,nan
0.1517,0.6147,0.1000,turn,0.0000,6.2000,0.0000,nan,nan
0.0780,4.0712,0.0466,lateral,0.9419,7.0400,0.0780,-0.0770,0.0121
0.3530,8.8739,0.0144,straight,1.2600,6.4400,0.3529,-0.3526,0.0160
0.0653,7.9846,0.0653,lateral,0.2842,4.3200,0.0642,-0.0472,0.0452
0.0696,0.7348,0.0353,turn,0.0000,4.2400,0.0000,nan,nan
0.3900,4.9627,0.1389,combined,1.4139,6.0600,0.3900,-0.3766,0.1011
0.0165,0.2413,0.0138,stand,0.0000,6.1000,0.0000,nan,nan
0.3003,5.4229,0.0865,combined,1.0555,4.6400,0.3003,-0.2976,0.0404
0.2541,1.0886,0.1167,straight,0.9185,7.8800,0.2541,-0.2459,0.0640
0.2224,3.8041,0.0434,combined,0.4933,4.4600,0.2224,-0.1838,0.1252
0.2027,5.6232,0.0600,straight,0.5396,8.3800,0.1950,-0.0979,0.1775
0.1291,3.2048,0.0522,turn,0.0000,7.4800,0.0000,nan,nan
0.0198,0.9085,0.0590,stand,0.0000,4.4800,0.0000,nan,nan
0.0941,1.7805,0.1268,combined,0.6359,6.8800,0.0941,-0.0491,0.0803
0.0312,0.5390,0.0457,stand,0.0000,7.2200,0.0000,nan,nan
0.0354,10.0075,0.0414,combined,0.8563,7.5200,0.0341,-0.0352,0.0036
0.1051,6.4571,0.0348,turn,0.0000,8.8200,0.0000,nan,nan
0.0876,0.8608,0.0986,lateral,0.7418,9.0200,0.0512,0.0735,0.0476
0.1196,9.3102,0.0508,straight,0.1217,5.6200,0.0897,0.0118,0.1190
0.1265,5.4731,0.0880,combined,0.8893,6.3400,0.0542,0.1151,0.0523
0.1395,3.1207,0.1809,lateral,0.9548,4.7400,0.1395,-0.0870,0.1091
0.2423,4.4688,0.0921,straight,0.8361,5.1400,0.2423,-0.2394,0.0370
0.0788,5.1738,0.0268,lateral,0.2942,7.7600,0.0788,-0.0693,0.0375
0.2482,4.7721,0.0498,straight,0.9631,5.1200,0.2482,-0.2194,0.1161
0.1260,9.3178,0.0517,combined,1.4185,7.9800,0.1243,-0.1054,0.0690
0.2206,6.8345,0.0908,lateral,0.9979,7.1600,0.2149,-0.1177,0.1866
0.0561,0.7476,0.0522,turn,0.0000,6.8800,0.0000,nan,nan
0.2817,4.1044,0.0800,combined,1.0983,5.6400,0.2817,-0.2712,0.0762
0.1099,2.8141,0.0757,combined,1.3470,6.7600,0.1099,-0.1085,0.0175
0.0713,7.3161,0.0438,straight,0.1646,8.6600,0.0664,-0.0631,0.0332
0.1586,0.1871,0.0078,combined,0.9720,5.8200,0.0947,0.1529,0.0423
0.1402,8.7927,0.0814,straight,0.3596,9.3400,0.1346,-0.1366,0.0316
0.0257,1.1996,0.0310,stand,0.0000,6.4200,0.0000,nan,nan
0.2829,3.1265,0.0817,combined,1.0237,4.3000,0.2829,-0.2758,0.0632
0.0063,1.2709,0.0872,stand,0.0000,4.9000,0.0000,nan,nan
0.1835,6.3844,0.0347,combined,0.7810,9.9600,0.1722,-0.1326,0.1269
0.1606,1.7892,0.0734,straight,0.9463,8.5600,0.1265,0.0641,0.1473
0.1582,8.2720,0.0511,combined,0.0156,5.5600,0.0156,0.1176,0.1058
0.2141,4.0811,0.0449,combined,0.6862,4.8400,0.2141,-0.1618,0.1401
0.2333,11.7576,0.0410,lateral,0.4052,9.0200,0.1659,0.0200,0.2324
0.1826,6.0077,0.0533,turn,0.0000,7.8000,0.0000,nan,nan
0.0162,0.6190,0.0433,stand,0.0000,5.7400,0.0000,nan,nan
0.0048,2.3462,0.0203,stand,0.0000,5.1400,0.0000,nan,nan
0.0325,0.6043,0.0136,stand,0.0000,4.0400,0.0000,nan,nan
0.2559,3.9764,0.0632,straight,0.0345,7.7000,0.0275,-0.0586,0.2491
0.3778,8.4254,0.2374,combined,1.1565,4.8400,0.3778,-0.3769,0.0255
0.0645,2.4639,0.0145,turn,0.0000,7.5000,0.0000,nan,nan
0.0124,0.6291,0.0177,stand,0.0000,7.4400,0.0000,nan,nan
0.3044,8.6995,0.0826,straight,0.7454,8.1200,0.3044,-0.2955,0.0730
0.1304,4.3494,0.0298,straight,0.3802,8.4600,0.1206,-0.0330,0.1262
0.2192,9.2476,0.1158,combined,0.6914,7.5600,0.2158,-0.0712,0.2073
0.0684,17.5230,0.0470,straight,0.5869,9.8000,0.0243,0.0600,0.0328
0.1986,0.5888,0.0227,turn,0.0000,9.2800,0.0000,nan,nan
0.0428,3.4342,0.0840,lateral,0.5104,5.8800,0.0428,-0.0332,0.0270
0.0184,0.8646,0.0188,stand,0.0000,5.6200,0.0000,nan,nan
0.0702,0.8970,0.0135,combined,1.0050,6.8800,0.0702,-0.0536,0.0453
0.2593,4.7034,0.0400,combined,1.1363,8.2200,0.2593,-0.2320,0.1157
0.1648,1.0750,0.1118,turn,0.0000,5.6200,0.0000,nan,nan
0.1273,1.6190,0.0540,straight,1.3560,6.6200,0.1273,-0.0979,0.0814
0.0692,0.3332,0.0193,straight,0.7832,9.9000,0.0682,-0.0233,0.0651
0.0778,8.9330,0.0863,lateral,0.3986,6.3800,0.0677,-0.0336,0.0701
0.1153,0.1834,0.0233,turn,0.0000,4.8400,0.0000,nan,nan
0.0398,3.3242,0.0727,turn,0.0000,4.5800,0.0000,nan,nan
0.1370,6.3125,0.1066,combined,1.1570,9.1600,0.0815,0.0809,0.1106
0.1633,2.8862,0.1020,combined,0.0199,6.7200,0.0006,0.1573,0.0436
0.2090,1.4544,0.1299,straight,0.3225,8.0000,0.2090,-0.1684,0.1239
0.0705,7.8447,0.0069,combined,0.7796,9.5800,0.0705,-0.0705,0.0019
0.1241,3.0979,0.0166,combined,1.2870,8.6000,0.0211,0.1168,0.0417
0.0591,5.0654,0.0328,lateral,0.6403,6.2400,0.0582,-0.0458,0.0374
0.1683,2.8631,0.0949,combined,0.4287,8.5200,0.1527,-0.1639,0.0381
0.0884,12.3496,0.0662,straight,1.0812,5.3000,0.0884,-0.0854,0.0228
0.1362,12.3591,0.1760,combined,1.2579,6.2200,0.0396,0.1360,0.0081
0.0542,0.1340,0.0100,combined,0.5605,6.5000,0.0524,-0.0320,0.0437
0.0448,7.1111,0.0276,straight,0.1110,6.2800,0.0319,-0.0291,0.0341
0.2569,9.5588,0.0283,combined,0.7826,4.3400,0.2569,-0.2569,0.0000
0.1317,2.0584,0.0676,straight,0.1375,6.2800,0.0956,-0.0152,0.1308
0.1452,8.5946,0.1372,combined,1.4067,5.2600,0.1452,-0.1425,0.0278
0.0191,2.4860,0.0193,stand,0.0000,9.4000,0.0000,nan,nan
0.2905,4.5515,0.0963,lateral,0.3193,6.5800,0.1758,0.0456,0.2869
0.2267,0.7756,0.1067,combined,1.1420,7.8000,0.2267,-0.2261,0.0167
0.1336,2.9084,0.0147,turn,0.0000,9.2800,0.0000,nan,nan
0.2913,3.4894,0.0321,lateral,0.6445,5.6800,0.2913,-0.2906,0.0201
0.2555,6.6645,0.0819,combined,0.6934,6.0200,0.2555,-0.1193,0.2259
0.0308,2.9602,0.0446,stand,0.0000,6.4000,0.0000,nan,nan
0.2936,1.5994,0.0650,straight,1.0139,6.4800,0.2936,-0.2914,0.0360
0.1630,3.8996,0.0346,lateral,0.9642,9.4200,0.1597,-0.1243,0.1054
0.0915,0.4877,0.1176,combined,0.8642,6.2600,0.0915,-0.0621,0.0672
0.1649,9.2260,0.1159,combined,0.8256,8.4600,0.1648,-0.0712,0.1487
0.1072,10.9007,0.0863,lateral,0.0977,7.3800,0.0793,-0.1024,0.0316
0.1482,7.8963,0.0135,turn,0.0000,6.0600,0.0000,nan,nan
0.1014,0.4659,0.0164,lateral,0.1379,8.0200,0.0116,0.0921,0.0426
0.1460,5.4146,0.0452,lateral,0.2866,5.3800,0.1365,-0.1135,0.0919
0.2061,6.8820,0.0962,combined,0.1734,9.1000,0.0009,0.2045,0.0252
0.1327,7.6109,0.0229,lateral,0.5534,7.6200,0.1284,-0.0189,0.1314
0.0434,1.6497,0.1129,combined,0.8923,8.2800,0.0220,0.0399,0.0170
0.1023,4.8903,0.0348,combined,0.5044,8.2400,0.1023,-0.1021,0.0060
0.1183,2.8712,0.0703,lateral,0.8536,6.2000,0.1090,-0.0338,0.1134
0.2606,8.3171,0.1122,straight,1.1308,6.2400,0.2606,-0.1884,0.1800
0.0368,6.4562,0.0940,lateral,0.2597,4.7800,0.0368,-0.0032,0.0367
0.0169,0.2680,0.0379,stand,0.0000,4.8600,0.0000,nan,nan
0.1122,0.4549,0.0171,lateral,0.3636,6.2600,0.0935,-0.0204,0.1103
0.0268,1.0941,0.0255,stand,0.0000,7.9600,0.0000,nan,nan
0.0153,6.0321,0.1112,straight,0.3850,8.3200,0.0055,0.0138,0.0065
0.0294,8.2336,0.1255,combined,0.6742,7.3200,0.0245,0.0050,0.0290
0.0518,0.7482,0.0192,stand,0.0000,6.7000,0.0000,nan,nan
0.2154,6.0914,0.0589,straight,1.0831,9.7000,0.2137,-0.1432,0.1609
0.0487,6.3028,0.0270,combined,0.4057,9.7800,0.0223,0.0472,0.0120
0.0839,2.9267,0.0572,turn,0.0000,6.9800,0.0000,nan,nan
0.0963,0.4215,0.0919,straight,0.1323,6.8400,0.0763,-0.0512,0.0816
0.0136,0.3680,0.0397,stand,0.0000,7.0400,0.0000,nan,nan
0.1378,5.1056,0.0483,straight,0.2757,6.9000,0.0618,0.0736,0.1165
0.1217,9.4672,0.0901,straight,1.0825,6.5600,0.1187,-0.0820,0.0899
0.0720,1.8775,0.0386,turn,0.0000,8.5200,0.0000,nan,nan
0.2005,1.3133,0.0471,straight,0.6277,4.9400,0.2005,-0.2005,0.0026
0.1083,5.0833,0.0651,combined,0.5166,9.0000,0.0894,0.0579,0.0915
0.2319,2.6682,0.0364,lateral,0.6744,5.6600,0.2319,-0.2305,0.0252
0.0154,0.3570,0.0118,stand,0.0000,4.0400,0.0000,nan,nan
0.2658,1.6534,0.1587,lateral,0.7902,4.2600,0.2658,-0.2534,0.0804
0.2363,3.1235,0.0756,turn,0.0000,8.7200,0.0000,nan,nan
0.0407,2.5740,0.0153,stand,0.0000,8.5600,0.0000,nan,nan
0.1937,5.2775,0.0977,straight,1.5090,4.2800,0.1937,-0.1927,0.0194
0.1384,3.2175,0.0357,combined,0.3669,7.6600,0.0949,0.0793,0.1134
0.2641,3.1219,0.0470,combined,0.7632,6.3600,0.2636,-0.1338,0.2277
0.2189,1.0418,0.0544,straight,0.7737,4.3600,0.2189,-0.2186,0.0121
0.0988,3.3326,0.0266,combined,0.6764,9.8600,0.0895,-0.0936,0.0316
0.2977,4.8323,0.0529,straight,0.9892,8.5800,0.2977,-0.2922,0.0573
0.0041,0.7851,0.0095,stand,0.0000,7.3400,0.0000,nan,nan
0.1834,8.0306,0.1279,combined,0.7773,7.4200,0.1834,-0.1788,0.0407
0.0357,1.0739,0.0512,stand,0.0000,9.1200,0.0000,nan,nan
0.2527,3.3392,0.0521,straight,0.6919,9.3400,0.2527,-0.2071,0.1449
0.1056,0.6619,0.0936,lateral,0.2629,8.0000,0.1008,-0.1018,0.0279
0.2261,1.2224,0.0213,combined,0.6140,7.1800,0.2230,-0.1725,0.1462
0.1433,1.8068,0.0566,straight,0.8355,8.0800,0.1433,-0.1303,0.0595
0.0987,17.6709,0.0651,turn,0.0000,8.7600,0.0000,nan,nan
0.1339,0.7061,0.0449,combined,0.4690,8.9200,0.0016,0.1339,0.0032
0.1617,10.0347,0.1142,straight,0.9675,4.8400,0.1617,-0.1533,0.0514
0.0242,2.1594,0.0249,stand,0.0000,8.1400,0.0000,nan,nan
0.1909,7.3948,0.0336,lateral,0.6389,7.5800,0.1788,-0.0492,0.1845
0.1236,3.7025,0.0391,turn,0.0000,5.8800,0.0000,nan,nan
0.2093,1.5293,0.1063,combined,0.9097,4.2400,0.2093,-0.1683,0.1245
0.3056,1.0915,0.0890,combined,1.3408,4.7000,0.3056,-0.2994,0.0616
0.0472,0.0348,0.0453,combined,1.2016,7.9400,0.0353,-0.0130,0.0454
0.0317,2.2582,0.1106,turn,0.0000,6.5400,0.0000,nan,nan
0.1152,5.9794,0.0695,straight,0.1407,7.6200,0.0191,0.0892,0.0728
0.0525,0.5621,0.0237,lateral,0.7966,4.6800,0.0491,-0.0480,0.0214
0.1533,7.8221,0.0337,combined,1.0691,9.3000,0.1399,0.0692,0.1368
0.1240,0.1299,0.0378,lateral,0.0760,4.9800,0.0760,-0.1060,0.0642
0.1855,0.3711,0.1059,turn,0.0000,7.3200,0.0000,nan,nan
0.0662,4.8407,0.0354,combined,1.3527,9.7600,0.0609,-0.0616,0.0242
0.0071,0.8773,0.0221,stand,0.0000,6.8000,0.0000,nan,nan
0.1070,2.6781,0.0662,turn,0.0000,7.8000,0.0000,nan,nan
0.1205,7.3257,0.0157,lateral,0.1902,5.0400,0.1057,-0.0227,0.1184
0.0504,6.1288,0.0301,lateral,0.1443,9.1600,0.0316,0.0110,0.0492
0.1445,5.5974,0.0408,straight,1.4040,8.7800,0.1445,-0.1328,0.0571
0.3684,9.7513,0.1024,straight,0.9547,4.9600,0.3684,-0.3684,0.0030
0.0176,0.7547,0.0456,stand,0.0000,4.0800,0.0000,nan,nan
0.1721,6.5447,0.0071,straight,0.2380,7.7600,0.1554,-0.1343,0.1076
0.3239,1.3754,0.0821,straight,1.1146,7.7400,0.3239,-0.3217,0.0381
0.1847,7.6596,0.0092,turn,0.0000,4.2800,0.0000,nan,nan
0.2444,5.2227,0.0760,combined,1.0631,4.5000,0.2444,-0.2159,0.1144
0.0593,3.1270,0.0929,turn,0.0000,4.1400,0.0000,nan,nan
0.2193,5.4258,0.0790,straight,1.3526,7.7800,0.2188,-0.0727,0.2069
0.0382,5.7716,0.0528,lateral,0.4941,4.5800,0.0352,-0.0249,0.0289
0.1020,12.7026,0.0613,turn,0.0000,5.3800,0.0000,nan,nan
0.1644,5.1770,0.0427,combined,1.2178,6.3200,0.1510,-0.1014,0.1294
0.2551,13.3925,0.0809,straight,0.6725,9.7600,0.2533,-0.1782,0.1825
0.0794,2.2572,0.0298,turn,0.0000,8.3400,0.0000,nan,nan
0.3223,0.5155,0.1389,straight,0.9792,4.1600,0.3223,-0.3089,0.0921
0.2972,2.2900,0.0941,straight,0.9969,5.1200,0.2972,-0.2789,0.1028
0.1091,4.3706,0.0860,straight,1.1712,8.6200,0.1091,-0.0757,0.0786
0.3350,0.2243,0.0282,lateral,0.8003,4.7800,0.3350,-0.3301,0.0572
0.3114,8.9387,0.0329,combined,1.2885,5.9200,0.3114,-0.2509,0.1844
0.1017,3.7111,0.0454,turn,0.0000,8.5000,0.0000,nan,nan
0.1562,12.5044,0.0323,combined,1.1960,9.0200,0.1545,-0.1514,0.0384
0.0144,1.7061,0.0178,stand,0.0000,8.8400,0.0000,nan,nan
0.1250,0.1693,0.1201,straight,0.6417,6.0200,0.1250,-0.1113,0.0568
0.1263,2.4163,0.0622,straight,1.3711,5.0600,0.1263,-0.1186,0.0432
0.0200,0.0864,0.0083,stand,0.0000,5.7800,0.0000,nan,nan
0.2060,0.8781,0.0554,combined,0.7313,8.7800,0.2050,-0.1959,0.0639
0.3241,8.3791,0.0468,lateral,0.6551,4.7800,0.3230,-0.3236,0.0180
0.0886,1.7802,0.0319,straight,0.0576,8.1200,0.0513,-0.0844,0.0270
0.4627,2.4570,0.0911,straight,1.2472,4.3000,0.4627,-0.4332,0.1626
0.2425,4.3161,0.1077,combined,1.4577,4.8000,0.2425,-0.2420,0.0148
0.3054,6.4710,0.1455,straight,0.9531,6.5000,0.3054,-0.3054,0.0047
0.1069,1.2102,0.0438,straight,1.5868,7.0400,0.1069,-0.0710,0.0799
0.3139,1.9862,0.0555,combined,0.6389,7.8400,0.3121,-0.2931,0.1123
0.1745,0.8146,0.0290,turn,0.0000,8.9400,0.0000,nan,nan
0.3746,6.3336,0.0938,straight,0.4078,6.8400,0.3655,-0.3740,0.0213
0.1322,4.8868,0.0820,lateral,0.5943,8.2400,0.0046,0.1314,0.0148
0.1376,9.8116,0.0690,combined,1.4512,9.2800,0.1376,-0.1336,0.0329
0.2793,8.4192,0.0158,combined,0.6035,4.8000,0.2792,-0.2787,0.0186
0.3838,6.0843,0.0434,straight,1.2859,8.3800,0.3838,-0.3830,0.0249
0.1268,6.8890,0.0530,turn,0.0000,4.2000,0.0000,nan,nan
0.0253,4.7167,0.0436,lateral,0.4319,9.0200,0.0002,0.0246,0.0058
0.0348,3.3150,0.0321,turn,0.0000,9.2400,0.0000,nan,nan
0.1436,9.5541,0.0371,lateral,0.1784,8.0200,0.1078,-0.0306,0.1402
0.0041,2.1827,0.0259,stand,0.0000,4.1200,0.0000,nan,nan
0.1981,6.6380,0.0231,straight,0.6662,8.6400,0.0885,0.1248,0.1538
0.2713,4.3290,0.0249,straight,0.0106,5.9800,0.0106,-0.2706,0.0199
0.0922,7.1914,0.0365,lateral,0.0771,5.6400,0.0271,0.0659,0.0645
0.3592,8.8794,0.0088,combined,1.2560,6.0200,0.3592,-0.3237,0.1559
0.1372,12.3180,0.1078,lateral,0.1387,7.3800,0.0001,0.1370,0.0067
0.3236,2.1896,0.0042,combined,1.1379,9.0800,0.3235,-0.3105,0.0910
0.2668,4.5281,0.0901,lateral,0.2916,9.4200,0.0416,0.2543,0.0807
0.1123,0.3770,0.0756,lateral,0.5324,5.1800,0.0900,0.0445,0.1032
0.2238,4.4423,0.0695,combined,0.5325,7.5200,0.2238,-0.2226,0.0231
0.1776,3.9276,0.2394,combined,1.7817,5.7000,0.1776,-0.1727,0.0415
0.0055,0.9282,0.0259,stand,0.0000,6.0600,0.0000,nan,nan
0.1273,5.0261,0.0421,turn,0.0000,5.4400,0.0000,nan,nan
0.0217,0.7832,0.0283,stand,0.0000,4.5400,0.0000,nan,nan
0.2523,3.1644,0.0539,straight,1.3730,6.2600,0.2523,-0.2372,0.0860
0.0965,12.0033,0.0634,turn,0.0000,5.5800,0.0000,nan,nan
0.0984,0.4233,0.0475,combined,0.8018,7.6800,0.0882,-0.0766,0.0617
0.0894,6.7183,0.0135,combined,0.3555,9.1000,0.0883,-0.0346,0.0825
0.0287,2.3886,0.0761,turn,0.0000,7.0600,0.0000,nan,nan
0.2001,11.8351,0.1085,combined,1.4625,9.1000,0.1989,-0.1654,0.1125
0.0807,9.0017,0.0133,turn,0.0000,4.4400,0.0000,nan,nan
0.0865,0.9262,0.0206,straight,0.0591,6.2600,0.0027,0.0767,0.0400
0.0443,6.4653,0.0236,turn,0.0000,5.8600,0.0000,nan,nan
0.0645,3.1393,0.0552,turn,0.0000,8.2800,0.0000,nan,nan
0.1881,1.6171,0.0304,combined,0.9857,6.1200,0.1881,-0.1836,0.0408
0.2157,10.1257,0.0514,lateral,0.9062,8.4400,0.2097,-0.0579,0.2077
0.0268,3.0879,0.0743,combined,1.5861,8.6000,0.0268,-0.0238,0.0123
0.1692,0.2528,0.0780,straight,0.7196,9.5400,0.1612,-0.0070,0.1691
0.1910,2.2686,0.0874,lateral,0.0593,9.7600,0.0289,-0.0143,0.1904
0.3222,5.1948,0.0813,straight,1.3452,7.9400,0.3222,-0.2987,0.1206
0.0322,2.1725,0.0068,stand,0.0000,5.6600,0.0000,nan,nan
0.4160,0.3397,0.0883,straight,1.4234,4.9400,0.4160,-0.4088,0.0769
0.1477,2.0119,0.0413,lateral,0.0334,8.9200,0.0049,0.0918,0.1157
0.0605,5.0126,0.1017,lateral,0.2692,9.9400,0.0576,-0.0311,0.0519
0.2995,8.0692,0.0765,straight,0.6186,6.7800,0.2995,-0.2955,0.0490
0.3205,3.2508,0.0149,combined,1.2523,5.1600,0.3205,-0.3127,0.0700
0.1091,3.8370,0.1049,turn,0.0000,4.9600,0.0000,nan,nan
0.0446,0.2382,0.0569,turn,0.0000,5.7000,0.0000,nan,nan
0.1411,2.1481,0.0462,turn,0.0000,9.9400,0.0000,nan,nan
0.0353,0.2077,0.0209,combined,0.4555,6.4200,0.0353,-0.0233,0.0265
0.2032,2.2327,0.2057,combined,0.6791,4.2400,0.2032,-0.1538,0.1328
0.0538,6.2958,0.1200,lateral,0.8048,7.5200,0.0538,-0.0144,0.0518
0.2356,2.6200,0.0365,straight,0.7532,8.7600,0.1925,0.0511,0.2300
0.1524,0.8931,0.0280,turn,0.0000,6.8800,0.0000,nan,nan
0.0208,1.3445,0.0951,stand,0.0000,7.8200,0.0000,nan,nan
0.0880,2.4266,0.0863,straight,0.3925,9.4600,0.0880,-0.0559,0.0679
0.1188,0.0150,0.0498,combined,0.9861,5.9400,0.1023,0.0151,0.1179
0.1734,0.1134,0.1364,straight,0.2073,8.4400,0.1161,0.0752,0.1563
0.1452,3.5852,0.1179,lateral,0.5237,4.1400,0.1452,-0.1251,0.0736
0.1049,7.2547,0.0469,combined,1.0692,7.6400,0.0998,0.0094,0.1045
0.0441,1.5975,0.0167,stand,0.0000,7.7000,0.0000,nan,nan
0.0483,1.2168,0.0286,stand,0.0000,6.5200,0.0000,nan,nan
0.2016,1.7101,0.1364,combined,0.8762,4.2200,0.2016,-0.1793,0.0922
0.2777,1.0352,0.0090,turn,0.0000,9.5400,0.0000,nan,nan
0.0215,0.4458,0.0087,stand,0.0000,9.2400,0.0000,nan,nan
0.0205,0.8188,0.0571,stand,0.0000,4.3000,0.0000,nan,nan
0.1956,12.1913,0.0959,turn,0.0000,6.0400,0.0000,nan,nan
0.2379,0.6358,0.0536,turn,0.0000,9.9400,0.0000,nan,nan
0.0913,9.0102,0.0510,turn,0.0000,5.0200,0.0000,nan,nan
0.1360,5.4497,0.0159,turn,0.0000,6.3000,0.0000,nan,nan
0.0873,6.8391,0.0602,combined,0.8739,6.0000,0.0873,-0.0853,0.0186
0.1886,5.1347,0.0971,combined,1.4985,7.0200,0.1886,-0.1728,0.0756
0.2495,0.2980,0.0564,lateral,0.1355,7.2400,0.1355,-0.2384,0.0734
0.0127,1.3930,0.0483,stand,0.0000,8.4400,0.0000,nan,nan
0.1734,2.8355,0.0454,turn,0.0000,7.9600,0.0000,nan,nan
0.3814,9.5706,0.1003,combined,1.7197,6.3200,0.3814,-0.3808,0.0220
0.1168,1.3193,0.1365,turn,0.0000,8.9200,0.0000,nan,nan
0.2499,0.7082,0.0115,turn,0.0000,7.8000,0.0000,nan,nan
0.1289,0.6482,0.1030,lateral,0.0776,5.2000,0.0752,-0.1142,0.0596
0.0982,14.9180,0.0781,straight,0.8476,7.6800,0.0982,-0.0960,0.0207
0.2682,1.9228,0.0731,lateral,0.6891,4.4200,0.2557,-0.2681,0.0051
0.4136,4.6478,0.0979,lateral,0.7855,4.6200,0.4136,-0.4002,0.1047
0.2945,2.3152,0.0776,straight,0.7633,7.3400,0.2945,-0.2871,0.0656
0.0132,3.5329,0.0105,stand,0.0000,6.1000,0.0000,nan,nan
0.2195,0.1276,0.0253,straight,0.5072,7.8400,0.2081,-0.1974,0.0959
0.0823,5.0033,0.0172,turn,0.0000,5.6600,0.0000,nan,nan
0.2390,5.6109,0.0572,lateral,0.2311,9.3000,0.1155,0.0948,0.2193
0.1340,9.6069,0.0451,combined,0.6273,7.5400,0.0179,0.1293,0.0351
0.1235,5.5582,0.1468,lateral,0.4166,5.8000,0.1235,-0.1151,0.0449
0.1955,3.9754,0.0348,lateral,0.8951,9.5000,0.1812,-0.1672,0.1013
0.2365,0.8255,0.0563,lateral,0.5124,5.8000,0.1019,0.1948,0.1341
0.0819,3.9129,0.0051,turn,0.0000,6.2600,0.0000,nan,nan
0.2564,4.1264,0.1026,combined,0.5690,6.5000,0.2564,-0.2351,0.1024
0.0230,2.9418,0.0238,stand,0.0000,8.7400,0.0000,nan,nan
0.0660,7.7549,0.0615,turn,0.0000,5.1400,0.0000,nan,nan
0.2844,3.3164,0.0424,combined,1.2754,9.2800,0.2786,0.0068,0.2843
0.1693,6.0736,0.0358,turn,0.0000,6.0800,0.0000,nan,nan
0.1787,3.3764,0.0108,turn,0.0000,5.4200,0.0000,nan,nan
0.3178,9.6382,0.1529,combined,1.1800,5.1600,0.3178,-0.3130,0.0550
0.2623,4.1371,0.0705,lateral,0.9200,8.6800,0.2601,-0.1966,0.1737
0.1109,2.4155,0.1119,lateral,0.2504,8.9000,0.0864,0.0033,0.1109
0.1303,2.9966,0.0146,turn,0.0000,8.6800,0.0000,nan,nan
0.1349,6.8894,0.0720,combined,1.4287,8.1400,0.1349,-0.1144,0.0714
0.0505,5.7824,0.0734,turn,0.0000,9.7200,0.0000,nan,nan
0.2397,8.9830,0.0089,straight,1.1112,8.5800,0.2299,-0.2209,0.0931
0.1156,3.3424,0.0346,lateral,1.0809,5.8800,0.1156,-0.1035,0.0515
0.0486,4.2398,0.1088,straight,1.2838,8.2200,0.0127,0.0484,0.0040
0.1942,4.3493,0.0315,combined,0.7259,7.0400,0.1942,-0.1912,0.0339
0.2086,4.7604,0.1132,combined,0.8772,6.5400,0.2086,-0.2002,0.0586
0.0172,1.5059,0.0108,stand,0.0000,7.5200,0.0000,nan,nan
0.2707,2.3606,0.0377,turn,0.0000,8.9000,0.0000,nan,nan
0.1636,8.8459,0.0388,lateral,0.3458,4.6600,0.1636,-0.1523,0.0598
0.1142,0.3869,0.1081,straight,0.7903,8.1000,0.1142,-0.0977,0.0591
0.1911,7.1849,0.0266,straight,1.1544,8.3000,0.1911,-0.1903,0.0177
0.2725,6.6528,0.0982,straight,0.8630,4.7800,0.2725,-0.2540,0.0988
0.2604,6.6966,0.1538,straight,1.4547,4.2400,0.2604,-0.2379,0.1061
0.0703,3.6594,0.0610,turn,0.0000,5.4800,0.0000,nan,nan
0.0468,5.7842,0.0729,combined,1.1371,8.6600,0.0441,0.0393,0.0253
0.2187,3.4457,0.0626,combined,0.9962,4.9200,0.2187,-0.1952,0.0987
0.0825,0.5395,0.0632,turn,0.0000,9.2600,0.0000,nan,nan
0.0964,0.2320,0.0498,combined,1.0762,5.7200,0.0964,-0.0955,0.0130
0.1096,1.9384,0.0385,turn,0.0000,5.0200,0.0000,nan,nan
0.1794,2.4990,0.0494,straight,0.4346,5.5200,0.1794,-0.1794,0.0020
0.0109,2.4706,0.0368,stand,0.0000,6.3200,0.0000,nan,nan
0.0980,3.4353,0.0312,lateral,0.5674,9.1400,0.0801,-0.0563,0.0802
0.0145,2.2676,0.0075,stand,0.0000,6.9400,0.0000,nan,nan
0.0968,7.7003,0.0186,lateral,0.6182,4.4400,0.0968,-0.0659,0.0710
0.5309,2.6243,0.0371,combined,1.3600,4.4200,0.5309,-0.5272,0.0624
0.2788,10.0058,0.1235,combined,0.8868,7.1200,0.2782,-0.2784,0.0145
0.2376,9.3615,0.0203,straight,0.7571,9.9200,0.2363,-0.2358,0.0292
0.0205,1.9114,0.0446,stand,0.0000,8.9000,0.0000,nan,nan
0.1940,4.7090,0.0249,turn,0.0000,6.9600,0.0000,nan,nan
0.1545,0.3100,0.0469,straight,1.4650,9.0000,0.1543,-0.1057,0.1127
0.1684,8.5561,0.0386,straight,0.9930,7.2400,0.1563,-0.0465,0.1619
0.1642,3.1379,0.0904,turn,0.0000,8.0600,0.0000,nan,nan
0.0907,11.0575,0.0581,straight,0.9956,5.3000,0.0907,-0.0898,0.0127
0.2497,1.0663,0.1099,combined,1.4803,6.5000,0.2497,-0.2011,0.1480
0.1821,5.2422,0.0697,combined,0.7849,8.3600,0.1768,-0.0729,0.1669
0.1470,2.0270,0.0331,lateral,0.8892,7.0200,0.1470,-0.1396,0.0460
0.2551,6.0306,0.0791,straight,0.6742,9.6600,0.2549,-0.2483,0.0585
0.1793,6.2484,0.1098,combined,0.9693,6.5400,0.1793,-0.0859,0.1573
0.0936,7.3319,0.0452,combined,0.9380,9.3600,0.0931,-0.0820,0.0451
0.0232,0.8609,0.0135,stand,0.0000,8.9400,0.0000,nan,nan
0.1681,8.6501,0.0641,combined,1.2728,8.8400,0.1681,-0.1644,0.0348
0.3068,8.6096,0.0756,straight,1.5233,7.3000,0.3068,-0.3065,0.0133
0.1134,3.7680,0.0192,lateral,0.6348,5.4600,0.1134,-0.1128,0.0111
0.0577,3.4260,0.1262,lateral,1.0619,9.9800,0.0577,-0.0483,0.0315
0.0057,0.3776,0.0351,stand,0.0000,5.3200,0.0000,nan,nan
0.3493,13.0947,0.0427,straight,1.5171,6.3200,0.3493,-0.3475,0.0363
0.2995,0.9303,0.0263,straight,0.7833,7.3000,0.2995,-0.2750,0.1185
0.1245,6.2817,0.0932,turn,0.0000,7.9400,0.0000,nan,nan
0.3520,0.9527,0.0474,lateral,1.0247,4.8200,0.3520,-0.3422,0.0829
0.0929,1.6191,0.0253,straight,0.3977,5.1200,0.0929,-0.0804,0.0466
0.0828,1.0188,0.0067,turn,0.0000,9.8800,0.0000,nan,nan
0.0568,6.3451,0.0298,turn,0.0000,5.8600,0.0000,nan,nan
0.2882,0.3810,0.0688,lateral,0.2910,8.0400,0.1123,0.1801,0.2250
0.1109,1.6803,0.0696,lateral,0.9003,7.3200,0.1109,-0.0974,0.0530
0.2372,0.0797,0.1286,combined,1.3969,5.6000,0.2372,-0.2106,0.1090
0.0478,1.4098,0.0508,turn,0.0000,8.6600,0.0000,nan,nan
0.0710,3.5928,0.0783,straight,0.1574,5.9400,0.0675,-0.0328,0.0630
0.0234,1.5931,0.0255,stand,0.0000,5.5400,0.0000,nan,nan
0.1162,11.7446,0.0116,turn,0.0000,7.6800,0.0000,nan,nan
0.0035,0.2501,0.0178,stand,0.0000,8.1000,0.0000,nan,nan
0.1098,2.9312,0.0757,lateral,0.7509,6.4200,0.0976,0.0042,0.1097
0.1249,5.1021,0.0733,lateral,0.8822,9.2000,0.1212,-0.0399,0.1183
0.0302,4.1392,0.1163,combined,1.0042,7.1600,0.0302,-0.0205,0.0221
0.4423,1.5601,0.0610,combined,1.5745,5.2800,0.4423,-0.4292,0.1069
0.2265,5.7630,0.0416,combined,1.6916,6.0800,0.2265,-0.2069,0.0922
0.2936,3.5100,0.0098,straight,1.2731,5.9000,0.2936,-0.2846,0.0722
0.1382,2.8608,0.0478,combined,1.0471,7.7400,0.1382,-0.1316,0.0422
0.3350,3.7177,0.1122,straight,1.5781,4.8600,0.3350,-0.3116,0.1229
0.1893,1.9143,0.0710,combined,0.9491,9.6800,0.1893,-0.0938,0.1644
0.0774,1.5465,0.0332,straight,1.5248,8.1800,0.0773,-0.0562,0.0531
0.0784,12.2303,0.0971,straight,1.4278,8.6800,0.0222,0.0693,0.0367
0.1270,5.5676,0.1609,lateral,0.7363,7.6000,0.1270,-0.1084,0.0662
0.0185,2.2485,0.0106,stand,0.0000,7.5200,0.0000,nan,nan
0.0164,0.1383,0.0217,stand,0.0000,8.8600,0.0000,nan,nan
0.0148,1.3479,0.0600,turn,0.0000,6.7000,0.0000,nan,nan
0.2181,6.6435,0.0990,combined,1.5984,9.6800,0.2099,-0.2165,0.0260
0.1429,5.2704,0.0594,turn,0.0000,9.4600,0.0000,nan,nan
0.2162,2.4859,0.0492,lateral,0.5840,4.8800,0.2162,-0.1827,0.1155
0.2331,3.2755,0.0068,straight,1.0094,6.0200,0.2054,-0.0336,0.2307
0.1271,4.7734,0.0907,turn,0.0000,7.4000,0.0000,nan,nan
0.3942,3.3076,0.0283,combined,1.8649,6.1600,0.3942,-0.3908,0.0512
0.0777,7.5170,0.0334,turn,0.0000,9.8600,0.0000,nan,nan
0.0527,1.7560,0.0220,stand,0.0000,9.0200,0.0000,nan,nan
0.1959,5.8065,0.0684,straight,1.0365,7.6400,0.1946,-0.1213,0.1538
0.0326,0.8766,0.0209,stand,0.0000,6.1600,0.0000,nan,nan
0.2231,7.5786,0.0798,straight,0.3618,4.0600,0.2231,-0.2161,0.0556
0.0794,2.0313,0.0407,turn,0.0000,8.1800,0.0000,nan,nan
0.0364,7.6465,0.0616,turn,0.0000,7.2600,0.0000,nan,nan
0.3256,1.0765,0.0673,combined,0.6711,4.9000,0.3256,-0.2681,0.1848
0.2954,11.8621,0.0814,lateral,1.0297,4.4000,0.2954,-0.2944,0.0242
0.0127,0.0270,0.0319,stand,0.0000,4.1600,0.0000,nan,nan
0.3010,2.7746,0.0391,lateral,0.8024,5.4400,0.3010,-0.2807,0.1086
0.1549,4.2978,0.1074,straight,0.7923,5.9800,0.1549,-0.1190,0.0992
0.1183,7.9877,0.0226,straight,1.4296,5.9000,0.1162,0.0071,0.1181
0.0323,2.4569,0.0086,stand,0.0000,8.7400,0.0000,nan,nan
0.0404,4.2856,0.1323,lateral,0.9133,6.4200,0.0404,-0.0196,0.0354
0.1593,4.7347,0.0539,lateral,0.5805,5.6000,0.1549,-0.0420,0.1537
0.1123,6.7001,0.0623,lateral,0.6452,7.6000,0.0435,0.0809,0.0780
0.1859,0.4263,0.0801,turn,0.0000,9.6000,0.0000,nan,nan
0.0715,3.8821,0.0362,turn,0.0000,7.2600,0.0000,nan,nan
0.0560,3.8267,0.0132,straight,0.1204,9.4000,0.0358,-0.0304,0.0471
0.5860,4.0381,0.0950,straight,1.6262,5.0000,0.5860,-0.5841,0.0464
0.0942,0.3274,0.0938,combined,1.2423,8.7600,0.0942,-0.0575,0.0746
0.0955,1.2387,0.0711,turn,0.0000,7.3800,0.0000,nan,nan
0.0243,0.5561,0.0311,stand,0.0000,6.9200,0.0000,nan,nan
0.1937,3.2414,0.1056,combined,0.5456,9.0800,0.1924,-0.1876,0.0483
0.0261,0.8741,0.0600,stand,0.0000,7.5200,0.0000,nan,nan
0.1096,10.3145,0.0400,straight,0.4652,9.3800,0.0667,-0.0385,0.1026
0.0821,2.0293,0.0232,turn,0.0000,5.2400,0.0000,nan,nan
0.2086,2.5006,0.0404,straight,0.9847,6.5600,0.2086,-0.0956,0.1854
0.1925,10.0260,0.0475,combined,0.7698,5.5400,0.1925,-0.1917,0.0181
0.0517,4.1963,0.0788,turn,0.0000,5.6000,0.0000,nan,nan
0.5161,3.5676,0.1857,straight,1.3061,4.3400,0.5161,-0.4510,0.2509
0.0278,2.8206,0.0189,stand,0.0000,7.1200,0.0000,nan,nan
0.1447,7.0677,0.0583,lateral,0.6391,9.9200,0.1415,-0.0667,0.1284
0.1366,1.8736,0.0476,combined,1.1171,5.5000,0.1366,-0.1188,0.0673
0.0266,1.5098,0.0100,stand,0.0000,9.6600,0.0000,nan,nan
0.0976,9.0912,0.0944,turn,0.0000,6.5600,0.0000,nan,nan
0.1927,3.4845,0.0231,straight,1.6366,7.5000,0.1927,-0.1720,0.0870
0.0771,5.6040,0.0744,straight,0.3416,8.1000,0.0771,-0.0590,0.0496
0.1314,8.1660,0.1554,combined,0.8709,6.2000,0.1212,-0.0013,0.1314
0.2188,4.1013,0.0674,straight,1.4190,6.0400,0.2188,-0.1852,0.1166
0.2917,4.8104,0.0581,straight,0.5201,5.7600,0.2889,-0.2553,0.1412
0.3344,7.3547,0.0854,straight,1.3994,4.6800,0.3344,-0.3304,0.0516
0.2424,3.2293,0.0709,lateral,0.5729,4.2800,0.2424,-0.2342,0.0625
0.2588,2.2829,0.0567,straight,0.5842,7.3600,0.2588,-0.2587,0.0070
0.1230,8.2306,0.0155,lateral,0.8724,6.6400,0.1226,-0.1228,0.0071
0.1941,3.2844,0.0177,straight,0.7437,8.4400,0.1941,-0.1767,0.0804
0.0908,5.1490,0.0122,turn,0.0000,5.1200,0.0000,nan,nan
0.1069,6.9641,0.0501,turn,0.0000,4.7600,0.0000,nan,nan
0.2384,5.4658,0.0798,straight,1.0239,5.3600,0.2384,-0.1927,0.1404
0.1443,0.9152,0.1037,turn,0.0000,6.5800,0.0000,nan,nan
0.1227,0.2501,0.0996,lateral,0.2019,9.2200,0.0664,0.0471,0.1133
0.1055,3.4512,0.1155,combined,1.5398,6.2200,0.1055,-0.1044,0.0153
0.2050,1.5030,0.0699,combined,1.6087,8.0400,0.2046,-0.1784,0.1008
0.0152,0.9985,0.0200,stand,0.0000,4.8200,0.0000,nan,nan
0.4714,0.1022,0.0730,straight,1.5373,7.6400,0.4714,-0.4536,0.1284
0.3616,4.8675,0.0794,turn,0.0000,8.7000,0.0000,nan,nan
0.2701,3.3686,0.0255,lateral,0.8709,6.6000,0.2685,-0.1934,0.1885
0.0367,1.6255,0.0232,stand,0.0000,4.5800,0.0000,nan,nan
0.0359,0.2899,0.0733,turn,0.0000,7.2400,0.0000,nan,nan
0.1584,11.0126,0.0455,turn,0.0000,5.4800,0.0000,nan,nan
0.1659,1.0586,0.1038,combined,0.3798,4.7400,0.1659,-0.1635,0.0278
0.2872,5.1014,0.0545,straight,1.3944,9.4200,0.2872,-0.2659,0.1086
0.0198,0.8756,0.0060,turn,0.0000,7.7800,0.0000,nan,nan
0.0774,4.7740,0.0287,lateral,0.6963,8.5800,0.0271,0.0772,0.0048
0.1492,10.4234,0.0685,turn,0.0000,4.7800,0.0000,nan,nan
0.0519,2.6963,0.0999,straight,0.1118,6.3400,0.0489,-0.0518,0.0040
0.0262,0.1304,0.0133,stand,0.0000,6.4400,0.0000,nan,nan
0.0626,2.6980,0.0078,stand,0.0000,9.7800,0.0000,nan,nan
0.0297,0.6348,0.0238,stand,0.0000,4.6000,0.0000,nan,nan
0.2388,4.0151,0.1118,combined,1.1636,4.2600,0.2388,-0.2385,0.0122
0.2755,3.6813,0.0581,combined,0.7164,8.4000,0.2721,-0.2655,0.0737
0.0195,5.0450,0.0212,combined,0.9822,7.4800,0.0195,-0.0190,0.0040
0.1568,2.0969,0.0599,lateral,0.0413,7.7800,0.0162,0.0935,0.1259
0.0864,9.8400,0.0644,turn,0.0000,5.8200,0.0000,nan,nan
0.1430,1.5390,0.0733,straight,0.1637,9.9400,0.1059,-0.0121,0.1425
0.1495,6.6724,0.1120,combined,0.0855,9.0200,0.0790,-0.1333,0.0678
0.1359,3.2056,0.0541,lateral,0.7675,9.9400,0.0576,0.1113,0.0780
0.2770,4.8420,0.0228,lateral,0.5518,5.0800,0.2770,-0.2040,0.1874
0.2601,7.2817,0.1254,combined,1.2080,4.1000,0.2601,-0.2472,0.0806
0.2575,5.6862,0.0114,lateral,0.3878,9.4600,0.2208,-0.2469,0.0731
0.0607,3.4412,0.0863,turn,0.0000,5.5800,0.0000,nan,nan
0.0085,0.4090,0.0164,stand,0.0000,6.6200,0.0000,nan,nan
0.1424,6.8870,0.0654,straight,0.2385,6.7000,0.1363,-0.1200,0.0768
0.0421,2.7936,0.0535,stand,0.0000,8.0200,0.0000,nan,nan
0.0930,2.1391,0.0827,lateral,0.7966,6.7600,0.0930,-0.0574,0.0732
0.2002,1.0089,0.0179,straight,0.7999,9.9800,0.1425,0.0493,0.1940
0.1682,0.1850,0.0349,lateral,0.7757,6.7000,0.1682,-0.1305,0.1061
0.1040,5.2414,0.1618,turn,0.0000,7.3200,0.0000,nan,nan
0.0203,0.5697,0.0294,stand,0.0000,5.5400,0.0000,nan,nan
0.2197,2.2940,0.0281,straight,1.3394,8.4600,0.2164,-0.1461,0.1641
0.0266,0.3760,0.0191,stand,0.0000,9.4600,0.0000,nan,nan
0.2305,3.3583,0.0461,lateral,0.6386,6.9000,0.2305,-0.2054,0.1045
0.1850,8.6421,0.0759,straight,1.4148,4.9000,0.1850,-0.1670,0.0795
0.2407,2.7872,0.0381,straight,1.1747,9.7600,0.2391,-0.2017,0.1315
0.2635,1.7568,0.0222,lateral,0.3558,5.6600,0.2569,-0.2023,0.1690
0.0882,1.6323,0.0409,lateral,0.1586,5.3200,0.0699,-0.0086,0.0878
0.1589,9.8654,0.0152,straight,0.1490,8.8400,0.1407,-0.0874,0.1327
0.0504,1.7670,0.0151,turn,0.0000,7.6200,0.0000,nan,nan
0.2455,5.0252,0.1135,combined,1.2238,5.5600,0.2455,-0.2455,0.0030
0.0569,2.0105,0.0583,straight,1.0010,7.9800,0.0515,-0.0480,0.0306
0.3289,0.5864,0.0349,combined,1.1427,9.2600,0.3275,-0.3287,0.0119
0.2044,2.3690,0.0700,combined,0.4649,5.0600,0.1986,-0.1669,0.1180
0.0485,13.5747,0.0720,combined,0.1094,4.2200,0.0479,-0.0481,0.0069
0.0308,2.2109,0.0263,stand,0.0000,8.2200,0.0000,nan,nan
0.2994,5.4309,0.0440,combined,1.3422,9.7400,0.2462,0.1590,0.2537
0.0190,1.5886,0.0020,stand,0.0000,4.3000,0.0000,nan,nan
0.0779,6.4361,0.0529,combined,0.2709,7.8200,0.0423,0.0469,0.0622
0.1556,4.7844,0.0486,turn,0.0000,8.0000,0.0000,nan,nan
0.1088,3.2806,0.0663,turn,0.0000,6.1600,0.0000,nan,nan
0.2803,5.4765,0.0921,combined,1.0088,4.7800,0.2803,-0.2604,0.1037
0.1159,5.0097,0.0631,lateral,0.7058,7.7400,0.1159,-0.0884,0.0749
0.0132,0.3185,0.0206,stand,0.0000,8.2800,0.0000,nan,nan
0.2777,6.5861,0.0640,straight,1.4785,6.7400,0.2777,-0.2750,0.0386
0.0188,0.1957,0.0316,stand,0.0000,6.5400,0.0000,nan,nan
0.1537,7.4422,0.0444,lateral,0.3129,7.3400,0.1440,-0.1379,0.0678
0.2214,4.6145,0.0916,lateral,0.8775,9.3400,0.2047,0.0173,0.2207
0.0813,0.9846,0.0498,lateral,0.2084,4.0400,0.0230,0.0677,0.0450
0.1146,3.4662,0.0266,straight,0.1613,8.1200,0.1032,-0.0472,0.1044
0.2243,10.9176,0.0776,lateral,0.3909,5.5800,0.2055,-0.0473,0.2193
0.1002,0.7420,0.0509,combined,1.9347,7.5600,0.1001,-0.0976,0.0227
0.1072,0.9377,0.1300,lateral,0.6115,4.7200,0.1067,-0.1044,0.0242
0.1175,0.5706,0.1146,straight,0.5920,5.7400,0.1173,-0.0774,0.0884
0.1895,1.7889,0.0816,combined,1.3471,8.0200,0.1895,-0.1882,0.0222
0.0530,0.4704,0.0847,turn,0.0000,6.2600,0.0000,nan,nan
0.2058,3.3600,0.1064,straight,1.3944,5.8000,0.2058,-0.2033,0.0317
0.0547,12.7389,0.1264,lateral,0.5045,8.9000,0.0535,-0.0475,0.0270
0.3504,3.8294,0.0420,straight,1.2946,6.4400,0.3504,-0.3373,0.0950
0.0347,0.0211,0.0117,stand,0.0000,8.6400,0.0000,nan,nan
0.3644,4.1179,0.0627,straight,1.3577,6.9600,0.3644,-0.3556,0.0796
0.2476,7.1516,0.0833,straight,1.2319,8.3400,0.2476,-0.2300,0.0918
0.1223,0.5265,0.0553,turn,0.0000,9.3600,0.0000,nan,nan
0.1194,0.9503,0.0519,lateral,0.9837,7.5400,0.1107,-0.0077,0.1191
0.0523,0.6738,0.0722,straight,1.6407,8.4200,0.0523,-0.0513,0.0102
0.1082,2.0620,0.0340,turn,0.0000,4.4200,0.0000,nan,nan
0.2941,8.6108,0.0348,straight,0.5079,5.8200,0.2927,-0.2881,0.0593
0.2377,4.8866,0.0302,straight,0.4174,9.6600,0.0159,0.2325,0.0493
0.1898,2.8802,0.0469,combined,1.0254,8.2600,0.1876,-0.1729,0.0784
0.1110,3.7979,0.0140,combined,1.4176,8.8200,0.1110,-0.1056,0.0341
0.0759,8.1218,0.0781,turn,0.0000,5.3200,0.0000,nan,nan
0.2301,5.4804,0.1058,straight,0.7858,4.6400,0.2301,-0.2290,0.0225
0.0239,3.3249,0.0122,stand,0.0000,7.6000,0.0000,nan,nan
0.1048,8.1454,0.0102,turn,0.0000,4.9400,0.0000,nan,nan
0.0995,0.6420,0.1205,turn,0.0000,9.3400,0.0000,nan,nan
0.1538,3.0680,0.0681,lateral,0.5266,4.9400,0.1533,-0.1456,0.0496
0.1056,7.7952,0.0748,turn,0.0000,5.3400,0.0000,nan,nan
0.1845,9.4868,0.0223,lateral,0.4400,7.4400,0.1845,-0.1844,0.0047
0.1428,4.9340,0.0925,turn,0.0000,4.3600,0.0000,nan,nan
0.4213,2.7405,0.1315,straight,1.1207,9.7000,0.4211,-0.4025,0.1246
0.0235,2.1255,0.0053,stand,0.0000,4.0800,0.0000,nan,nan
0.3223,1.5183,0.0972,combined,1.2539,4.6600,0.3223,-0.3153,0.0668
0.0343,3.0641,0.0619,stand,0.0000,5.9400,0.0000,nan,nan
0.0139,0.6858,0.0154,stand,0.0000,4.2400,0.0000,nan,nan
0.2001,6.2279,0.0988,straight,0.2606,7.1600,0.2001,-0.1990,0.0214
0.0530,4.0474,0.0233,turn,0.0000,5.5600,0.0000,nan,nan
0.0977,3.1738,0.0323,turn,0.0000,4.0600,0.0000,nan,nan
0.1405,2.9204,0.0827,combined,1.3473,5.0000,0.1405,-0.1268,0.0607
0.1453,0.0651,0.0182,combined,0.3683,9.4200,0.1449,-0.1453,0.0020
0.3587,3.8222,0.0958,combined,1.9192,4.8800,0.3587,-0.3527,0.0648
0.0078,0.4557,0.0051,stand,0.0000,5.5800,0.0000,nan,nan
0.2788,6.6149,0.0552,straight,0.7474,6.5000,0.2788,-0.2199,0.1714
0.2240,8.5144,0.1040,straight,0.4491,6.9400,0.2240,-0.1944,0.1112
0.2332,0.4181,0.0652,combined,1.4786,7.3400,0.2291,-0.1853,0.1416
0.1482,2.0770,0.0586,combined,0.9819,9.1200,0.0805,0.0844,0.1218
0.2766,1.9489,0.0135,turn,0.0000,9.0800,0.0000,nan,nan
0.2500,0.7777,0.0138,turn,0.0000,8.0000,0.0000,nan,nan
0.1232,0.4911,0.0587,combined,0.7211,9.6000,0.1223,-0.0690,0.1020
0.3756,7.7550,0.0997,combined,1.6077,4.5400,0.3756,-0.3723,0.0499
0.1782,7.2006,0.0678,lateral,0.6132,7.4000,0.1629,-0.0567,0.1690
0.1655,8.0117,0.0347,lateral,0.5750,9.3000,0.0409,0.1562,0.0547
0.1016,7.6091,0.1437,lateral,0.2976,9.9600,0.0240,0.0838,0.0574
0.0800,3.3329,0.0267,turn,0.0000,4.6000,0.0000,nan,nan
0.2461,5.1732,0.0012,lateral,0.8802,6.9800,0.2461,-0.2342,0.0755
0.1649,2.8094,0.0581,combined,1.6651,8.3400,0.1649,-0.1543,0.0581
0.1080,4.4313,0.0252,lateral,0.9142,7.5600,0.0689,0.0667,0.0850
0.1371,1.0120,0.0559,combined,1.8783,6.4800,0.1371,-0.0579,0.1243
0.0111,0.8479,0.0179,stand,0.0000,9.0000,0.0000,nan,nan
0.1635,4.2977,0.1121,straight,1.0808,8.9400,0.1635,-0.1606,0.0309
0.1223,2.0558,0.0578,combined,0.7287,9.0800,0.1223,-0.1183,0.0308
0.2231,2.4515,0.0435,lateral,0.6858,7.0600,0.2168,-0.2144,0.0619
0.1743,4.2598,0.0286,lateral,0.5527,6.3400,0.1743,-0.1023,0.1411
0.0135,1.6309,0.0422,stand,0.0000,8.5800,0.0000,nan,nan
0.2159,10.5965,0.0479,combined,0.7403,9.9200,0.2159,-0.1360,0.1677
0.0293,1.1663,0.0345,stand,0.0000,8.5400,0.0000,nan,nan
0.3023,2.8592,0.0461,lateral,1.1925,6.2400,0.3022,-0.2542,0.1637
0.1300,0.6910,0.0677,turn,0.0000,9.9600,0.0000,nan,nan
0.0427,3.3095,0.0431,turn,0.0000,5.7600,0.0000,nan,nan
0.2290,6.8072,0.0593,lateral,0.7654,6.5200,0.2290,-0.2198,0.0640
0.0175,0.8422,0.0242,stand,0.0000,8.8000,0.0000,nan,nan
0.1481,0.1558,0.1500,straight,0.9846,4.8200,0.1481,-0.1429,0.0388
0.0279,3.2459,0.0618,turn,0.0000,5.9200,0.0000,nan,nan
0.1201,7.7224,0.0793,lateral,0.4539,8.4400,0.0726,0.0586,0.1048
0.2277,4.6811,0.0960,combined,1.1881,5.9600,0.2277,-0.2257,0.0298
0.1217,7.0804,0.0994,turn,0.0000,6.0800,0.0000,nan,nan
0.1612,10.1322,0.0505,combined,0.3464,6.2600,0.1511,-0.0567,0.1509
0.2268,0.7334,0.0560,combined,1.3798,8.9600,0.2268,-0.2254,0.0245
0.1822,3.9480,0.0637,straight,1.4530,5.0600,0.1822,-0.1784,0.0368
0.0284,0.3563,0.0379,stand,0.0000,6.7600,0.0000,nan,nan
0.2309,2.2562,0.1024,straight,0.2990,7.6000,0.1640,0.0850,0.2146
0.1024,11.7384,0.0995,turn,0.0000,5.1800,0.0000,nan,nan
0.3347,5.7399,0.0966,combined,1.4771,4.0200,0.3347,-0.3331,0.0317
0.1643,9.6595,0.0619,lateral,0.6040,6.2000,0.1615,-0.1079,0.1240
0.2335,4.9848,0.0567,lateral,0.2062,7.6800,0.0581,0.1602,0.1698
0.0949,1.5979,0.0244,turn,0.0000,6.7200,0.0000,nan,nan
0.2103,0.3503,0.0446,combined,1.3818,9.8600,0.2103,-0.2078,0.0327
0.2359,6.9780,0.0158,straight,0.4154,6.8800,0.1304,0.1767,0.1563
0.0041,0.1568,0.0391,stand,0.0000,9.0800,0.0000,nan,nan
0.2344,9.9582,0.0840,straight,0.8826,6.0400,0.2344,-0.1823,0.1473
0.2454,2.8005,0.1439,combined,0.7296,5.2000,0.2454,-0.2139,0.1205
0.1184,5.3216,0.0251,turn,0.0000,8.2400,0.0000,nan,nan
0.1700,1.8420,0.0694,combined,1.3700,5.0400,0.1700,-0.1691,0.0179
0.1695,7.0133,0.0234,straight,0.4086,4.1000,0.1656,-0.1489,0.0809
0.1616,2.2274,0.0822,combined,1.7466,9.2800,0.1383,0.0521,0.1530
0.1613,9.5655,0.0104,turn,0.0000,6.1200,0.0000,nan,nan
0.1090,2.2897,0.0353,combined,1.4044,6.1000,0.1069,-0.0562,0.0934
0.0130,0.7270,0.0277,stand,0.0000,4.1600,0.0000,nan,nan
0.2024,8.3761,0.1179,combined,0.9534,6.5000,0.1890,-0.0084,0.2022
0.1272,9.2879,0.0270,straight,0.1311,6.3400,0.1008,-0.0764,0.1017
0.1158,2.7000,0.0615,turn,0.0000,9.1800,0.0000,nan,nan
0.2165,8.8176,0.0641,turn,0.0000,4.1600,0.0000,nan,nan
0.0469,11.4675,0.0610,turn,0.0000,6.1200,0.0000,nan,nan
0.3937,2.3128,0.0555,straight,1.3187,6.3400,0.3937,-0.3909,0.0469
0.0503,1.2197,0.0372,turn,0.0000,5.7200,0.0000,nan,nan
0.0751,8.3212,0.0501,turn,0.0000,7.0600,0.0000,nan,nan
0.0502,0.0348,0.0402,stand,0.0000,7.7000,0.0000,nan,nan
0.1581,1.1197,0.0598,combined,0.0932,8.6400,0.0156,0.1383,0.0766
0.0380,0.2214,0.0139,turn,0.0000,4.5000,0.0000,nan,nan
0.0425,0.1333,0.0168,stand,0.0000,9.5000,0.0000,nan,nan
0.1117,3.1837,0.0175,turn,0.0000,9.8800,0.0000,nan,nan
0.0794,11.9286,0.0328,combined,0.6652,9.1200,0.0794,-0.0725,0.0324
0.1571,2.2431,0.1255,combined,0.5682,7.7400,0.1531,-0.0976,0.1231
0.3166,5.3022,0.1063,combined,0.8005,4.8000,0.3166,-0.3075,0.0752
0.0107,0.5327,0.0445,stand,0.0000,7.2600,0.0000,nan,nan
0.2302,3.4493,0.0384,lateral,1.0118,4.0400,0.2302,-0.2300,0.0106
0.2950,0.2683,0.1111,straight,1.6237,4.0400,0.2950,-0.2933,0.0318
0.1516,9.9695,0.0033,turn,0.0000,4.0600,0.0000,nan,nan
0.2487,3.8427,0.0611,lateral,0.6711,4.0600,0.2463,-0.2140,0.1267
0.2394,0.0882,0.0976,combined,0.8756,4.0800,0.2394,-0.2381,0.0255
0.1315,14.5417,0.1366,turn,0.0000,4.0800,0.0000,nan,nan
0.0643,1.4686,0.0677,straight,0.2944,4.1000,0.0097,0.0616,0.0185
0.0676,2.9267,0.0754,lateral,0.0708,4.1000,0.0009,0.0676,0.0003
0.5690,1.5289,0.1037,combined,1.9840,4.1000,0.5690,-0.5656,0.0625
0.2372,0.6952,0.1737,straight,1.3462,4.1600,0.2372,-0.2241,0.0778
0.2132,13.5784,0.0918,combined,1.1214,4.2000,0.2132,-0.2058,0.0555
0.7274,11.7870,0.1944,combined,1.6066,4.2200,0.7274,-0.7272,0.0153
0.4720,6.6709,0.0938,combined,0.9554,4.2400,0.4720,-0.4306,0.1933
0.0341,1.2298,0.0269,stand,0.0000,4.2600,0.0000,nan,nan
0.3753,3.7218,0.0883,straight,1.1739,4.2600,0.3753,-0.3749,0.0178
0.0500,1.6436,0.0221,stand,0.0000,4.2800,0.0000,nan,nan
0.1323,1.8946,0.0226,lateral,0.4060,4.3000,0.1323,-0.1283,0.0324
0.1580,9.0656,0.0479,straight,0.0768,4.3200,0.0409,0.1566,0.0207
0.0775,9.7152,0.0962,straight,0.8445,4.3400,0.0271,0.0691,0.0351
0.1847,1.9293,0.0849,combined,2.1984,4.4000,0.1847,-0.1783,0.0479
0.0364,0.1289,0.0290,stand,0.0000,4.4000,0.0000,nan,nan
0.0680,5.9487,0.0345,turn,0.0000,4.4200,0.0000,nan,nan
0.0131,0.9004,0.0386,stand,0.0000,4.4400,0.0000,nan,nan
0.3733,3.9814,0.0857,combined,0.8235,4.4600,0.3733,-0.3626,0.0886
0.2467,0.0124,0.1050,combined,0.6838,4.4800,0.2467,-0.2463,0.0139
0.5830,6.4084,0.0925,combined,2.1562,4.5200,0.5830,-0.5817,0.0398
0.5899,3.3828,0.1376,straight,1.8323,4.5600,0.5899,-0.5877,0.0509
0.0618,2.8372,0.0541,straight,0.3272,4.5600,0.0618,-0.0587,0.0192
0.4208,12.4941,0.2118,combined,1.5537,4.5800,0.4208,-0.3318,0.2589
0.4716,4.1552,0.0798,combined,1.5746,4.5800,0.4716,-0.4679,0.0588
0.1387,6.3982,0.0244,lateral,0.6557,4.5800,0.1349,-0.0013,0.1387
0.3646,2.6310,0.1885,combined,1.8694,4.6000,0.3646,-0.3528,0.0922
0.1613,4.4152,0.0227,turn,0.0000,4.6000,0.0000,nan,nan
0.1348,7.4799,0.0284,turn,0.0000,4.6200,0.0000,nan,nan
0.3124,3.8262,0.1266,combined,2.0064,4.6200,0.3124,-0.2958,0.1004
0.3041,6.6264,0.1728,combined,1.5252,4.6400,0.3041,-0.3028,0.0287
0.0897,1.5955,0.1264,lateral,0.1829,4.6800,0.0785,0.0020,0.0897
0.4438,4.4403,0.0653,combined,1.4413,4.7400,0.4438,-0.4216,0.1389
0.2996,1.9528,0.1561,combined,1.3601,4.7800,0.2996,-0.2963,0.0440
0.3347,6.0742,0.0326,combined,1.1941,4.8000,0.3344,-0.3342,0.0192
0.0657,1.1019,0.0817,straight,0.3448,4.8600,0.0347,-0.0004,0.0657
0.1407,4.4709,0.0226,stand,0.0000,4.8800,0.0000,nan,nan
0.0318,0.5204,0.0782,lateral,0.7957,5.0400,0.0126,0.0206,0.0242
0.0280,2.2433,0.0199,stand,0.0000,5.0400,0.0000,nan,nan
0.1226,5.9928,0.0539,turn,0.0000,5.0400,0.0000,nan,nan
0.0969,0.0717,0.1258,turn,0.0000,5.0400,0.0000,nan,nan
0.3311,7.5735,0.1420,combined,1.4237,5.0800,0.3311,-0.3311,0.0010
0.1075,1.9332,0.0395,combined,0.4678,5.1000,0.1060,-0.0955,0.0495
0.4704,4.7957,0.0476,combined,1.9386,5.1000,0.4704,-0.4636,0.0799
0.0406,1.3252,0.0371,stand,0.0000,5.1400,0.0000,nan,nan
0.1590,8.8753,0.0474,lateral,0.2930,5.1400,0.1590,-0.0878,0.1325
0.0724,8.1442,0.0781,combined,1.2530,5.2000,0.0724,-0.0689,0.0222
0.2480,11.9003,0.0466,straight,0.3812,5.2200,0.2467,-0.2473,0.0178
0.0052,1.1309,0.0368,stand,0.0000,5.3000,0.0000,nan,nan
0.0865,13.2109,0.0713,straight,0.2510,5.3000,0.0865,-0.0703,0.0504
0.1204,4.5332,0.0540,combined,1.1981,5.3200,0.1204,-0.1196,0.0135
0.0767,0.8375,0.0227,stand,0.0000,5.3800,0.0000,nan,nan
0.2008,5.2933,0.0737,combined,1.2552,5.3800,0.2008,-0.1392,0.1448
0.1670,2.2913,0.0496,straight,0.5464,5.4000,0.1670,-0.1635,0.0340
0.0955,0.3021,0.0393,turn,0.0000,5.4400,0.0000,nan,nan
0.1664,7.0366,0.0565,lateral,0.0937,5.4600,0.0937,-0.0282,0.1640
0.3053,8.0893,0.2141,combined,1.7945,5.4800,0.3053,-0.3043,0.0244
0.2203,5.8112,0.1362,combined,1.9666,5.5200,0.2203,-0.1197,0.1849
0.0812,11.4278,0.0100,lateral,0.4520,5.5600,0.0721,0.0195,0.0788
0.3632,2.8023,0.1509,combined,1.5633,5.5600,0.3632,-0.3467,0.1083
0.1740,2.0998,0.0499,lateral,1.1336,5.6000,0.1740,-0.1577,0.0735
0.2721,3.8862,0.1427,combined,1.7315,5.6000,0.2721,-0.2600,0.0802
0.0954,0.3302,0.1438,turn,0.0000,5.6000,0.0000,nan,nan
0.1046,5.5634,0.0687,turn,0.0000,5.6200,0.0000,nan,nan
0.1402,6.1778,0.0725,turn,0.0000,5.6400,0.0000,nan,nan
0.2220,3.6471,0.0733,straight,1.5629,5.6400,0.2220,-0.2184,0.0393
0.2371,8.3365,0.1454,combined,1.6698,5.6600,0.2371,-0.2370,0.0077
0.1309,8.9784,0.0728,turn,0.0000,5.6600,0.0000,nan,nan
0.0643,3.5563,0.1817,turn,0.0000,5.7000,0.0000,nan,nan
0.1660,0.6973,0.1451,straight,0.2111,5.7400,0.1517,-0.0533,0.1572
0.0353,4.2418,0.0170,stand,0.0000,5.7400,0.0000,nan,nan
0.0158,2.5757,0.0231,stand,0.0000,5.7400,0.0000,nan,nan
0.4656,3.5085,0.0928,straight,1.9000,5.7600,0.4656,-0.4641,0.0369
0.1351,2.7587,0.0963,lateral,1.1674,5.8200,0.1351,-0.1141,0.0725
0.1727,1.6064,0.1127,straight,1.1877,5.8400,0.1727,-0.1651,0.0505
0.3137,2.8579,0.0473,combined,1.3416,5.8400,0.3137,-0.2958,0.1045
0.0516,1.4823,0.0170,stand,0.0000,5.8600,0.0000,nan,nan
0.2789,0.2864,0.1001,combined,1.5903,5.8800,0.2789,-0.2788,0.0065
0.1500,5.0324,0.0127,lateral,0.9168,5.9000,0.1500,-0.1486,0.0200
0.1599,3.6367,0.0385,straight,0.9540,5.9600,0.1599,-0.1418,0.0739
0.0731,6.7216,0.0822,turn,0.0000,6.0000,0.0000,nan,nan
0.1197,0.5924,0.0445,combined,0.8695,6.0200,0.0817,0.0702,0.0970
0.1879,9.2030,0.1154,turn,0.0000,6.1000,0.0000,nan,nan
0.1716,7.5741,0.0830,turn,0.0000,6.1000,0.0000,nan,nan
0.1452,0.6789,0.1467,straight,1.9075,6.1000,0.1452,-0.0886,0.1150
0.1224,3.7088,0.0530,straight,1.1995,6.1600,0.1222,-0.1020,0.0677
0.1872,5.9835,0.0581,turn,0.0000,6.1800,0.0000,nan,nan
0.0327,0.0930,0.0463,stand,0.0000,6.2400,0.0000,nan,nan
0.1258,7.3412,0.0345,turn,0.0000,6.2400,0.0000,nan,nan
0.1958,2.7532,0.0356,combined,1.6550,6.3000,0.1955,-0.1861,0.0610
0.2594,3.3724,0.0140,lateral,1.0738,6.3200,0.2578,-0.2587,0.0192
0.3249,2.6231,0.0982,combined,1.2449,6.4200,0.3249,-0.3113,0.0931
0.1293,14.1461,0.0831,straight,1.2974,6.4400,0.1293,-0.1165,0.0560
0.0909,4.7670,0.0324,straight,0.7840,6.4600,0.0909,-0.0905,0.0084
0.3375,5.4167,0.0397,straight,1.8725,6.4800,0.3375,-0.2425,0.2347
0.1388,8.1535,0.0736,combined,0.1759,6.4800,0.1159,-0.1351,0.0316
0.0668,9.8675,0.0529,lateral,0.1077,6.5200,0.0185,0.0393,0.0540
0.1297,0.5737,0.0998,turn,0.0000,6.5200,0.0000,nan,nan
0.1074,7.1873,0.0217,combined,0.5382,6.6000,0.0970,-0.0897,0.0590
0.1346,0.3601,0.1602,lateral,1.1296,6.6600,0.1346,-0.1181,0.0644
0.1657,0.6013,0.0022,lateral,1.2876,6.6600,0.1657,-0.1534,0.0627
0.1107,6.9945,0.1252,lateral,0.1679,6.6600,0.0827,-0.0440,0.1016
0.0123,3.3043,0.0401,stand,0.0000,6.6600,0.0000,nan,nan
0.0299,2.6881,0.0549,stand,0.0000,6.6800,0.0000,nan,nan
0.1077,3.0756,0.0986,lateral,0.0147,6.6800,0.0055,0.0838,0.0675
0.2880,6.3077,0.0285,combined,0.5909,6.6800,0.2872,-0.2880,0.0028
0.2055,9.0718,0.0663,combined,0.6458,6.7200,0.2055,-0.1726,0.1116
0.1345,5.3969,0.1274,straight,1.6891,6.7200,0.1345,-0.1345,0.0023
0.1034,0.7642,0.1087,combined,1.4366,6.7400,0.1007,-0.0002,0.1034
0.0456,0.2458,0.0435,stand,0.0000,6.8000,0.0000,nan,nan
0.1959,6.0053,0.0517,combined,0.5251,6.8400,0.1910,-0.1610,0.1116
0.1515,6.4639,0.0441,straight,0.8225,6.8600,0.1515,-0.1513,0.0073
0.0681,4.8101,0.0220,stand,0.0000,6.8600,0.0000,nan,nan
0.1973,10.1857,0.0467,turn,0.0000,6.9000,0.0000,nan,nan
0.2104,10.0505,0.0232,straight,0.7176,6.9000,0.2084,-0.2034,0.0538
0.1067,10.8658,0.0356,turn,0.0000,7.0000,0.0000,nan,nan
0.2343,5.8701,0.0529,combined,1.3572,7.0000,0.2057,0.0888,0.2169
0.1150,1.4854,0.0352,lateral,0.2378,7.0200,0.0969,0.0196,0.1133
0.3049,3.3131,0.0540,combined,1.0915,7.0200,0.3048,-0.2854,0.1073
0.0260,2.1283,0.0394,stand,0.0000,7.0400,0.0000,nan,nan
0.0512,0.0138,0.0246,stand,0.0000,7.0400,0.0000,nan,nan
0.2708,1.1211,0.0232,straight,1.1044,7.0400,0.2708,-0.2701,0.0200
0.1565,0.0635,0.0415,lateral,1.0224,7.0600,0.1291,0.0419,0.1508
0.0020,1.5412,0.0111,stand,0.0000,7.0800,0.0000,nan,nan
0.0414,1.4099,0.0093,stand,0.0000,7.1000,0.0000,nan,nan
0.0847,1.3685,0.0570,combined,0.3858,7.1200,0.0825,0.0601,0.0597
0.0206,0.7045,0.0385,stand,0.0000,7.1200,0.0000,nan,nan
0.2562,2.8629,0.0814,turn,0.0000,7.1400,0.0000,nan,nan
0.2458,4.3522,0.0862,combined,0.5291,7.1800,0.2381,-0.2446,0.0242
0.0878,1.0279,0.0100,combined,2.0296,7.1800,0.0878,-0.0753,0.0452
0.1187,5.9968,0.0945,straight,1.3067,7.2000,0.1187,-0.1178,0.0144
0.2223,4.4045,0.0626,combined,1.2149,7.2600,0.2223,-0.2085,0.0771
0.2229,2.5327,0.0435,turn,0.0000,7.3000,0.0000,nan,nan
0.1385,6.4411,0.0319,lateral,0.7518,7.3000,0.1385,-0.1384,0.0062
0.1200,8.2668,0.0400,turn,0.0000,7.3200,0.0000,nan,nan
0.1888,7.3360,0.0310,lateral,1.2528,7.3400,0.1888,-0.1433,0.1229
0.1481,7.5136,0.0266,straight,1.6464,7.3400,0.1481,-0.1481,0.0034
0.1231,1.3396,0.0946,lateral,0.6457,7.3600,0.1231,-0.0948,0.0786
0.0577,2.4774,0.0489,stand,0.0000,7.3600,0.0000,nan,nan
0.0167,2.2224,0.0276,lateral,0.1325,7.3800,0.0092,-0.0036,0.0163
0.1123,2.9753,0.0724,straight,1.3197,7.3800,0.1123,-0.1052,0.0395
0.1232,2.7091,0.0608,straight,0.2820,7.3800,0.1145,0.0918,0.0821
0.1374,5.1353,0.0231,lateral,0.2973,7.4000,0.1374,-0.0728,0.1165
0.0813,4.3251,0.0972,lateral,0.1614,7.5600,0.0731,0.0046,0.0812
0.3355,2.9870,0.0864,combined,2.1380,7.5800,0.3355,-0.2717,0.1968
0.2116,9.9543,0.0297,turn,0.0000,7.6400,0.0000,nan,nan
0.1470,0.2178,0.0911,straight,0.6530,7.6800,0.1455,-0.1421,0.0375
0.0459,2.3739,0.0736,lateral,1.1395,7.7200,0.0389,0.0173,0.0425
0.0179,1.1089,0.0043,stand,0.0000,7.7200,0.0000,nan,nan
0.1654,1.2922,0.0231,lateral,1.0079,7.7400,0.1654,-0.1537,0.0610
0.2744,5.3277,0.0621,straight,1.7490,7.7400,0.2744,-0.2742,0.0106
0.3424,3.5979,0.0446,straight,0.6486,7.7600,0.3424,-0.3385,0.0514
0.1284,11.7965,0.0468,lateral,0.1091,7.7600,0.0848,-0.1129,0.0611
0.0956,8.1592,0.0877,turn,0.0000,7.7800,0.0000,nan,nan
0.1645,2.6448,0.0602,lateral,0.8894,7.8000,0.0367,0.1641,0.0108
0.0784,6.8484,0.0183,combined,0.7928,7.8400,0.0406,0.0582,0.0525
0.2777,1.5998,0.0190,lateral,1.2494,7.8600,0.2777,-0.2515,0.1177
0.0898,3.9041,0.1007,combined,1.0185,7.8600,0.0898,-0.0744,0.0503
0.1578,2.2433,0.0957,lateral,0.8598,7.9400,0.1461,-0.1440,0.0647
0.0432,2.3395,0.0196,stand,0.0000,7.9600,0.0000,nan,nan
0.1355,0.2567,0.0162,turn,0.0000,7.9600,0.0000,nan,nan
0.0598,9.8519,0.0723,straight,1.4113,8.0400,0.0521,0.0200,0.0563
0.0269,0.3869,0.0917,lateral,0.7620,8.0400,0.0219,-0.0001,0.0269
0.0848,6.6672,0.0468,turn,0.0000,8.1200,0.0000,nan,nan
0.0246,0.7650,0.0252,straight,1.5142,8.1200,0.0246,-0.0213,0.0124
0.0321,1.2685,0.0403,stand,0.0000,8.1200,0.0000,nan,nan
0.0773,7.2623,0.0081,straight,0.1965,8.1400,0.0327,0.0374,0.0676
0.0597,1.7481,0.1003,combined,1.7725,8.1600,0.0597,-0.0596,0.0035
0.2515,1.2216,0.1330,turn,0.0000,8.1800,0.0000,nan,nan
0.1096,7.7663,0.0460,turn,0.0000,8.1800,0.0000,nan,nan
0.0824,2.7683,0.0140,turn,0.0000,8.2200,0.0000,nan,nan
0.0503,0.5834,0.0089,stand,0.0000,8.2600,0.0000,nan,nan
0.1798,2.3878,0.0301,lateral,0.0280,8.2800,0.0236,-0.0940,0.1532
0.0523,3.1594,0.0428,lateral,0.5529,8.2800,0.0330,-0.0057,0.0520
0.1868,4.3134,0.0709,turn,0.0000,8.2800,0.0000,nan,nan
0.2141,17.8224,0.0602,turn,0.0000,8.3800,0.0000,nan,nan
0.1433,3.2635,0.0640,straight,1.7216,8.4400,0.1433,-0.1433,0.0001
0.1168,2.1063,0.0200,combined,0.0938,8.4600,0.0176,0.0892,0.0753
0.0317,0.7115,0.0482,stand,0.0000,8.5000,0.0000,nan,nan
0.1701,5.5071,0.0462,lateral,0.3232,4.2800,0.1558,-0.0472,0.1634
0.0217,3.9922,0.0221,stand,0.0000,8.5200,0.0000,nan,nan
0.2559,3.1102,0.0635,turn,0.0000,8.6000,0.0000,nan,nan
0.1887,0.1725,0.0774,lateral,1.1343,8.6200,0.1838,-0.1883,0.0122
0.1262,5.8113,0.0909,straight,1.7445,8.6200,0.1262,-0.1262,0.0004
0.0957,5.1258,0.0729,lateral,0.6148,8.6400,0.0957,-0.0718,0.0632
0.0097,0.8649,0.0337,stand,0.0000,8.6600,0.0000,nan,nan
0.1693,8.3154,0.1165,combined,0.7419,8.6800,0.1519,-0.0407,0.1643
0.2808,3.8928,0.0752,combined,1.8322,8.6800,0.2808,-0.2661,0.0896
0.1681,2.6243,0.0174,turn,0.0000,8.6800,0.0000,nan,nan
0.1412,12.2210,0.0274,straight,0.2044,8.7200,0.1318,-0.0827,0.1144
0.1674,5.0519,0.0648,straight,1.1329,8.7200,0.1674,-0.1551,0.0629
0.1028,3.7276,0.1148,turn,0.0000,8.7200,0.0000,nan,nan
0.0212,2.0673,0.0958,combined,1.7839,8.7200,0.0138,0.0158,0.0141
0.0391,0.4013,0.0631,turn,0.0000,4.4200,0.0000,nan,nan
0.1628,5.8229,0.0372,combined,1.8716,8.7600,0.1531,-0.0477,0.1556
0.1248,2.7166,0.0188,lateral,0.0678,8.7600,0.0678,-0.0910,0.0854
0.0209,1.8365,0.0247,stand,0.0000,8.7800,0.0000,nan,nan
0.0474,0.7021,0.0178,stand,0.0000,8.8000,0.0000,nan,nan
0.0467,4.4491,0.0469,turn,0.0000,8.8200,0.0000,nan,nan
0.0786,2.5022,0.0686,straight,0.7018,8.8200,0.0773,-0.0691,0.0374
0.1796,0.3385,0.0368,combined,0.8776,8.8400,0.1753,-0.1412,0.1109
0.0885,0.1455,0.1155,combined,1.3708,8.8400,0.0763,-0.0005,0.0885
0.0293,0.5972,0.0332,stand,0.0000,8.8400,0.0000,nan,nan
0.2811,2.3243,0.0132,straight,0.9475,8.8400,0.2809,-0.2744,0.0607
0.1744,3.9997,0.0126,lateral,0.2756,8.8800,0.1210,0.0166,0.1736
0.1592,3.3543,0.0558,turn,0.0000,4.3200,0.0000,nan,nan
0.0176,0.9230,0.0087,stand,0.0000,8.9200,0.0000,nan,nan
0.1905,5.0905,0.0675,straight,0.2110,8.9400,0.1631,-0.0848,0.1706
0.2899,10.4564,0.0557,combined,0.7810,4.1600,0.2899,-0.2878,0.0350
0.0452,1.0449,0.0282,combined,1.5719,8.9600,0.0451,-0.0261,0.0368
0.2804,2.1198,0.0900,turn,0.0000,9.0000,0.0000,nan,nan
0.1130,0.6336,0.1625,combined,1.8075,9.0000,0.0749,0.0659,0.0917
0.0100,0.4260,0.0141,stand,0.0000,4.2200,0.0000,nan,nan
0.1843,0.6461,0.0285,combined,0.5970,9.0400,0.1813,-0.1068,0.1501
0.0730,5.7604,0.0302,lateral,1.2418,9.0600,0.0730,-0.0257,0.0683
0.1775,0.8091,0.0562,combined,0.7232,9.0600,0.1775,-0.1538,0.0885
0.1894,1.1313,0.1134,combined,1.6840,9.0800,0.1894,-0.1700,0.0836
0.0340,0.3455,0.0256,stand,0.0000,9.0800,0.0000,nan,nan
0.2910,7.8980,0.0144,turn,0.0000,9.1000,0.0000,nan,nan
0.1593,9.5558,0.0623,turn,0.0000,9.1200,0.0000,nan,nan
0.3534,4.4228,0.0436,combined,1.4147,9.1800,0.3534,-0.3525,0.0252
0.1188,7.2623,0.0995,straight,0.2784,9.2000,0.1139,-0.0788,0.0889
0.3018,0.2790,0.0502,straight,1.1213,5.1200,0.3018,-0.2757,0.1227
0.0271,5.9998,0.0268,turn,0.0000,9.2400,0.0000,nan,nan
0.2105,8.3214,0.1187,combined,0.5099,5.1800,0.2105,-0.2045,0.0499
0.1376,3.0848,0.0129,straight,0.3132,9.2600,0.1374,-0.1364,0.0185
0.0211,0.4992,0.0456,stand,0.0000,9.2800,0.0000,nan,nan
0.0538,0.5912,0.0191,stand,0.0000,9.3400,0.0000,nan,nan
0.0398,9.5352,0.1405,turn,0.0000,9.3400,0.0000,nan,nan
0.1102,1.2400,0.0241,turn,0.0000,9.4200,0.0000,nan,nan
0.1440,0.3964,0.0656,turn,0.0000,5.3600,0.0000,nan,nan
0.1464,2.3541,0.0342,combined,1.7263,9.4400,0.0318,0.1464,0.0041
0.0778,2.1796,0.0343,turn,0.0000,9.4600,0.0000,nan,nan
0.1680,3.4915,0.0061,straight,1.2867,9.4600,0.1658,-0.1658,0.0269
0.0983,2.7022,0.1035,combined,1.5496,9.4800,0.0953,0.0129,0.0974
0.1236,1.9353,0.0810,lateral,0.4605,9.5000,0.0376,0.1139,0.0481
0.2022,2.8587,0.0236,lateral,1.1756,9.5200,0.1971,-0.1315,0.1537
0.1709,4.1253,0.1184,straight,1.3655,9.5800,0.1709,-0.1682,0.0305
0.3080,0.6027,0.0751,lateral,0.6943,9.6000,0.0991,0.2470,0.1840
0.1359,0.1470,0.0315,stand,0.0000,9.6200,0.0000,nan,nan
0.1243,2.3689,0.0340,combined,0.6950,9.6200,0.1242,-0.0941,0.0811
0.0094,0.2419,0.0291,stand,0.0000,4.0000,0.0000,nan,nan
0.1794,5.0752,0.0227,combined,0.3279,9.6600,0.1782,-0.1746,0.0411
0.0213,5.0328,0.0548,lateral,0.4511,9.6800,0.0008,0.0188,0.0099
0.0495,13.6491,0.0228,straight,0.9986,9.6800,0.0485,-0.0379,0.0318
0.2201,5.6242,0.0449,combined,0.9081,5.1400,0.2201,-0.1978,0.0966
0.0385,9.7049,0.0822,turn,0.0000,9.7400,0.0000,nan,nan
0.1352,3.1035,0.1362,lateral,1.1780,5.1400,0.1352,-0.1037,0.0868
0.2119,0.1520,0.0258,turn,0.0000,9.7800,0.0000,nan,nan
0.0351,0.8407,0.0245,stand,0.0000,9.8000,0.0000,nan,nan
0.0242,1.3385,0.1148,lateral,0.4597,9.8000,0.0215,-0.0191,0.0147
0.0262,3.2845,0.0466,stand,0.0000,9.8200,0.0000,nan,nan
0.1277,0.4916,0.0359,lateral,0.6655,9.8200,0.1273,-0.0750,0.1034
0.0447,2.3065,0.0044,turn,0.0000,9.8200,0.0000,nan,nan
0.1008,8.2316,0.1140,combined,0.7354,9.8200,0.0516,0.0690,0.0735
0.0500,2.9105,0.0449,straight,0.7876,9.8400,0.0129,0.0426,0.0262
0.0800,8.0354,0.0439,turn,0.0000,9.8400,0.0000,nan,nan
0.0812,8.1848,0.0973,turn,0.0000,4.1200,0.0000,nan,nan
0.0610,0.7140,0.0506,stand,0.0000,9.8800,0.0000,nan,nan
0.2038,5.0529,0.0572,combined,0.4681,9.8800,0.1888,-0.0705,0.1913
0.3132,1.2693,0.1006,combined,1.6773,5.3600,0.3132,-0.3065,0.0643
0.0918,0.5424,0.1227,lateral,0.1245,5.4600,0.0087,0.0769,0.0501
0.1090,9.5754,0.0044,turn,0.0000,9.9200,0.0000,nan,nan
0.1423,7.5037,0.0433,lateral,0.1634,9.9400,0.0485,0.0056,0.1422
0.0640,3.2757,0.1263,combined,0.4728,5.8000,0.0637,-0.0464,0.0441
0.2186,3.7799,0.0235,turn,0.0000,9.9800,0.0000,nan,nan
0.1609,8.5267,0.0210,turn,0.0000,4.6000,0.0000,nan,nan
0.2205,4.3058,0.1599,straight,1.2051,4.7400,0.2205,-0.2053,0.0803
0.0954,10.0405,0.0352,turn,0.0000,5.7000,0.0000,nan,nan
0.3131,7.6617,0.1288,lateral,0.7838,5.1400,0.3131,-0.2991,0.0926
0.2873,0.7937,0.0047,lateral,1.1880,4.9600,0.2873,-0.2719,0.0927
0.0802,3.4167,0.0781,combined,1.3093,6.1400,0.0763,0.0119,0.0793
0.0660,4.6340,0.0906,turn,0.0000,4.9000,0.0000,nan,nan
0.0974,8.8587,0.0802,straight,1.1512,6.1400,0.0974,-0.0454,0.0862
0.1260,7.1361,0.0931,lateral,0.4671,5.5800,0.1260,-0.1258,0.0076
0.1817,8.0785,0.1207,straight,0.4808,6.4200,0.1817,-0.1765,0.0432
0.2084,3.6428,0.0674,combined,0.5859,4.1000,0.2084,-0.2051,0.0370
0.0662,10.4116,0.0486,turn,0.0000,5.7400,0.0000,nan,nan
0.2285,5.8207,0.0763,straight,1.4866,6.7200,0.2285,-0.2173,0.0705
0.4296,2.4910,0.0813,combined,1.2275,5.1000,0.4296,-0.4291,0.0201
0.2299,5.3995,0.0747,straight,1.1309,4.3400,0.2299,-0.2265,0.0397
0.3051,3.1567,0.0506,lateral,0.6910,5.8000,0.2992,-0.3046,0.0170
0.1284,5.5342,0.1653,lateral,0.2707,6.6000,0.0166,0.1244,0.0318
0.0121,0.1731,0.0244,stand,0.0000,6.5000,0.0000,nan,nan
0.1589,4.1004,0.0380,lateral,0.9870,6.9400,0.1589,-0.1330,0.0869
0.0347,0.3476,0.0201,stand,0.0000,5.8800,0.0000,nan,nan
0.3603,1.6430,0.2370,straight,1.6872,4.0000,0.3603,-0.3438,0.1079
0.1568,8.6783,0.1054,straight,0.9187,6.2800,0.1568,-0.1337,0.0819
0.0634,4.8482,0.0171,turn,0.0000,7.2600,0.0000,nan,nan
0.0848,8.4531,0.1299,combined,0.8966,5.2600,0.0848,-0.0633,0.0566
0.1113,4.3981,0.0546,turn,0.0000,4.3800,0.0000,nan,nan
0.0143,0.8224,0.0243,stand,0.0000,7.4600,0.0000,nan,nan
0.2917,5.8913,0.0641,straight,1.2579,4.7800,0.2917,-0.2740,0.1001
0.2715,0.7782,0.0722,combined,2.1021,6.0600,0.2166,0.2060,0.1770
0.1176,10.1156,0.0547,straight,1.5375,7.0400,0.1176,-0.1124,0.0348
0.1826,2.4565,0.0966,combined,0.1169,5.3000,0.0829,0.0487,0.1760
0.1985,8.7050,0.0679,combined,1.7463,5.8000,0.1985,-0.1824,0.0784
0.0117,1.9298,0.0388,stand,0.0000,5.3600,0.0000,nan,nan
0.1301,4.0399,0.0600,turn,0.0000,4.2400,0.0000,nan,nan
0.2690,0.1283,0.0878,combined,1.2168,4.9800,0.2690,-0.2654,0.0438
0.3943,3.7493,0.1063,combined,1.8667,4.2000,0.3943,-0.3773,0.1144
0.1955,0.4400,0.0180,lateral,0.7247,5.8600,0.1903,-0.1831,0.0684
0.0257,2.2400,0.0020,stand,0.0000,8.0200,0.0000,nan,nan
0.2352,5.9814,0.1169,straight,0.7531,5.5200,0.2352,-0.2346,0.0166
0.2687,2.4964,0.0627,combined,0.6948,4.2000,0.2687,-0.2641,0.0497
0.1061,1.4600,0.1015,lateral,0.5691,6.3600,0.1059,-0.0760,0.0740
0.1659,2.7335,0.0826,straight,1.0954,7.9400,0.1658,-0.1653,0.0141
0.1631,0.5840,0.0869,combined,1.0851,7.9600,0.1631,-0.0957,0.1321
0.2639,11.4337,0.0761,straight,1.1939,6.3800,0.2639,-0.2565,0.0620
0.3001,9.6180,0.0448,straight,0.9238,6.6400,0.3001,-0.2966,0.0455
0.0384,3.8313,0.0219,turn,0.0000,6.3800,0.0000,nan,nan
0.0933,1.5308,0.0464,lateral,0.8893,7.0000,0.0868,-0.0158,0.0920
0.0289,1.1450,0.0126,stand,0.0000,7.2400,0.0000,nan,nan
0.3750,8.1954,0.1058,straight,1.8649,5.6600,0.3750,-0.3500,0.1346
0.2268,3.2813,0.0835,combined,0.4101,6.4600,0.2145,-0.1876,0.1274
0.2696,3.5656,0.1644,combined,1.2559,5.1000,0.2696,-0.2671,0.0367
0.1353,11.7023,0.0129,straight,0.7143,7.6000,0.0679,0.1293,0.0397
0.0194,2.8421,0.1054,turn,0.0000,6.3200,0.0000,nan,nan
0.0381,1.3857,0.0062,stand,0.0000,5.5000,0.0000,nan,nan
0.0714,1.4006,0.1249,straight,1.1274,5.6800,0.0714,-0.0068,0.0711
0.2691,2.2579,0.1477,combined,1.7972,7.3400,0.2691,-0.2691,0.0024
0.1665,1.9991,0.1009,lateral,1.2055,7.0800,0.1665,-0.1028,0.1309
0.0694,4.6316,0.0338,turn,0.0000,5.4800,0.0000,nan,nan
0.0693,2.3191,0.0348,turn,0.0000,6.9800,0.0000,nan,nan
0.1738,5.8116,0.0332,straight,0.0865,6.4800,0.0855,-0.1204,0.1253
0.0393,2.3454,0.0310,stand,0.0000,4.5800,0.0000,nan,nan
0.1268,6.8101,0.0360,lateral,0.7707,4.9600,0.1268,-0.1265,0.0087
0.4267,9.0295,0.0615,combined,1.7337,4.5600,0.4267,-0.4261,0.0232
0.0624,6.8692,0.0617,turn,0.0000,6.3400,0.0000,nan,nan
0.1416,7.0157,0.0612,combined,1.0039,4.3400,0.1416,-0.1274,0.0617
0.1021,4.6800,0.1280,turn,0.0000,7.9000,0.0000,nan,nan
0.1354,5.5171,0.0690,straight,0.4550,8.6600,0.1188,-0.0552,0.1236
0.0087,2.1992,0.0251,stand,0.0000,8.3800,0.0000,nan,nan
0.0747,5.4031,0.0709,turn,0.0000,4.0200,0.0000,nan,nan
0.0185,1.8303,0.0489,stand,0.0000,8.9000,0.0000,nan,nan
0.0822,5.4563,0.0261,turn,0.0000,4.5400,0.0000,nan,nan
0.3314,6.5723,0.1024,combined,0.9038,4.3400,0.3314,-0.3282,0.0455
0.0235,1.4482,0.0755,stand,0.0000,8.6200,0.0000,nan,nan
0.2333,4.3059,0.0504,lateral,0.7063,5.2600,0.2330,-0.1595,0.1702
0.0228,0.0369,0.0159,stand,0.0000,4.9000,0.0000,nan,nan
0.1039,5.4188,0.0444,combined,0.1757,8.3600,0.0295,0.0843,0.0608
0.0077,1.8733,0.0310,stand,0.0000,5.7000,0.0000,nan,nan
0.3438,2.7731,0.0761,combined,0.8347,5.3600,0.3438,-0.2663,0.2174
0.0332,2.7346,0.0413,lateral,0.2950,5.3000,0.0136,0.0309,0.0121
0.1615,3.9436,0.0314,lateral,0.9614,8.7200,0.1614,-0.1372,0.0851
0.2619,0.1877,0.1270,lateral,0.8618,4.0000,0.2619,-0.2591,0.0382
0.0524,5.5830,0.0279,combined,0.5067,6.9600,0.0203,0.0474,0.0223
0.1591,4.0608,0.0533,combined,0.6779,7.4800,0.1590,-0.0457,0.1524
0.1572,0.2684,0.1084,lateral,0.8314,6.6600,0.1322,0.0376,0.1526
0.0997,0.5423,0.0357,combined,0.4845,9.2200,0.0938,0.0078,0.0994
0.0398,0.0753,0.0101,stand,0.0000,9.3800,0.0000,nan,nan
0.0540,1.0060,0.1123,lateral,1.2151,7.7200,0.0315,0.0159,0.0516
0.1233,7.2709,0.0388,turn,0.0000,6.4600,0.0000,nan,nan
0.1785,4.1794,0.1074,straight,1.1098,7.5200,0.1785,-0.1730,0.0441
0.1766,1.9168,0.0363,turn,0.0000,8.6600,0.0000,nan,nan
0.1847,2.5405,0.0657,turn,0.0000,8.9600,0.0000,nan,nan
0.0105,0.6873,0.0093,stand,0.0000,5.8600,0.0000,nan,nan
0.2781,0.1380,0.0320,straight,0.8908,7.7600,0.2757,-0.2406,0.1394
0.2305,2.9494,0.0527,straight,0.4301,6.3200,0.2272,-0.2284,0.0308
0.0135,2.0546,0.0055,stand,0.0000,7.6200,0.0000,nan,nan
0.0072,1.8216,0.0383,stand,0.0000,8.0400,0.0000,nan,nan
0.1929,3.6265,0.1643,lateral,1.0121,4.3600,0.1929,-0.1920,0.0188
0.0556,0.6814,0.0515,straight,0.5876,8.6200,0.0317,0.0520,0.0199
0.1221,16.8499,0.0217,straight,0.3968,7.5800,0.1183,-0.1056,0.0613
0.1983,3.8772,0.0556,combined,1.7334,8.4800,0.1983,-0.1897,0.0575
0.0510,1.9476,0.0414,stand,0.0000,4.9000,0.0000,nan,nan
0.2127,0.9983,0.0482,combined,1.9180,4.9800,0.2127,-0.2100,0.0335
0.2532,6.2612,0.0897,straight,1.9322,8.1000,0.2532,-0.2488,0.0474
0.2133,1.8343,0.0105,turn,0.0000,5.0200,0.0000,nan,nan
0.0546,2.8819,0.0078,stand,0.0000,4.7400,0.0000,nan,nan
0.2659,10.8766,0.0283,combined,1.9097,5.3000,0.2659,0.0701,0.2566
0.2633,6.4152,0.0551,straight,1.7170,8.3600,0.2614,-0.2258,0.1355
0.0296,1.2312,0.0347,stand,0.0000,6.6600,0.0000,nan,nan
0.0908,3.8649,0.0515,combined,0.7338,9.7800,0.0712,-0.0094,0.0903
0.0760,2.7292,0.0689,straight,0.1989,5.3000,0.0719,-0.0589,0.0481
0.1954,11.3098,0.0194,lateral,0.9337,5.2600,0.1954,-0.1953,0.0076
0.0475,1.7457,0.0097,stand,0.0000,8.6000,0.0000,nan,nan
0.0911,5.4937,0.0601,lateral,0.7196,9.5600,0.0286,0.0879,0.0240
0.2314,0.4740,0.0345,lateral,1.1676,5.1200,0.2314,-0.1511,0.1753
0.3400,1.8720,0.1211,combined,1.1230,4.5400,0.3400,-0.3230,0.1062
0.0874,6.2356,0.0542,straight,0.3487,7.7600,0.0854,-0.0341,0.0805
0.2253,5.8724,0.0689,combined,1.9766,9.5600,0.2253,-0.2003,0.1032
0.2527,3.4632,0.0512,turn,0.0000,6.8800,0.0000,nan,nan
0.1167,3.9072,0.0907,straight,0.3325,6.4800,0.1136,-0.1079,0.0446
0.2184,6.1181,0.0522,lateral,1.1131,5.6000,0.2184,-0.2109,0.0568
0.2835,14.5300,0.0589,straight,1.6963,6.8800,0.2835,-0.2716,0.0814
0.1168,4.2929,0.0879,turn,0.0000,7.3200,0.0000,nan,nan
0.0378,2.8447,0.0638,combined,1.1637,9.7400,0.0292,-0.0250,0.0284
0.0802,4.6835,0.0308,turn,0.0000,4.9000,0.0000,nan,nan
0.1920,0.2340,0.0857,straight,1.2235,7.9400,0.1917,-0.1850,0.0512
0.3991,7.0630,0.0138,combined,1.6924,6.8000,0.3991,-0.3026,0.2601
0.0403,13.8282,0.0544,turn,0.0000,5.7400,0.0000,nan,nan
0.0374,7.5209,0.0409,lateral,0.3992,9.1600,0.0191,0.0281,0.0247
0.0067,4.5571,0.0318,stand,0.0000,6.8000,0.0000,nan,nan
0.0198,6.6121,0.1042,combined,1.0040,7.7200,0.0198,-0.0144,0.0137
0.0632,8.3121,0.0312,straight,1.0454,9.5600,0.0606,0.0202,0.0599
0.1207,0.6447,0.0588,combined,1.6576,7.9400,0.1165,-0.0921,0.0779
0.0381,3.5897,0.0681,combined,0.4693,4.9000,0.0381,-0.0377,0.0054
0.0222,3.5415,0.0125,stand,0.0000,8.0600,0.0000,nan,nan
0.0787,5.4111,0.0679,lateral,0.1998,7.0400,0.0176,0.0608,0.0500
0.1653,1.6996,0.0973,combined,1.5447,7.7000,0.1652,-0.1453,0.0789
0.1733,1.3728,0.1097,straight,0.6412,5.9200,0.1733,-0.1695,0.0363
0.2220,5.5979,0.0480,straight,1.3490,6.7200,0.2220,-0.2207,0.0238
0.1887,4.4492,0.0718,combined,1.2597,5.6600,0.1887,-0.1884,0.0106
0.1528,1.3412,0.0576,straight,0.6622,4.0200,0.1528,-0.1329,0.0753
0.1918,5.5132,0.0949,combined,1.8691,9.5000,0.1891,-0.0632,0.1811
0.3330,3.4850,0.0305,lateral,1.1810,6.6200,0.3282,-0.2594,0.2089
0.1095,2.1811,0.0387,lateral,0.9815,9.3400,0.0804,0.0609,0.0910
0.2121,5.1257,0.0443,lateral,0.4836,9.7200,0.1806,-0.0099,0.2119
0.0115,0.9367,0.0192,stand,0.0000,6.4600,0.0000,nan,nan
0.4384,2.5816,0.1141,straight,1.7838,5.3000,0.4384,-0.4182,0.1315
0.1293,0.3966,0.0817,straight,0.5999,5.8000,0.1292,-0.1172,0.0545
0.1880,2.5092,0.0664,straight,0.5669,8.8800,0.1289,0.0915,0.1643
0.0853,8.6251,0.0552,turn,0.0000,8.3400,0.0000,nan,nan
0.1050,9.9536,0.0787,straight,0.9502,6.1600,0.1050,-0.1018,0.0258
0.1305,4.5939,0.0183,lateral,0.1857,5.8400,0.0430,0.1029,0.0802
0.1250,3.1005,0.0545,lateral,0.8992,9.4200,0.1218,-0.0817,0.0946
0.2853,4.2282,0.0633,straight,1.0433,6.9400,0.2853,-0.2792,0.0586
0.1075,4.3354,0.0479,combined,1.4950,8.3000,0.1065,-0.0850,0.0657
0.2136,9.3517,0.0871,lateral,0.9028,6.2800,0.2136,-0.2021,0.0690
0.1631,1.4626,0.0916,combined,0.7937,7.8800,0.1542,-0.0941,0.1332
0.1013,0.6538,0.0559,lateral,0.7274,9.7800,0.0492,0.0711,0.0722
0.2203,7.7367,0.0377,combined,1.5048,5.8400,0.2203,-0.1664,0.1444
0.2886,8.1497,0.0378,lateral,0.5863,5.4200,0.2886,-0.2862,0.0368
0.1583,14.6783,0.0588,lateral,0.9545,7.2800,0.1583,-0.1581,0.0081
0.1862,8.2239,0.0535,lateral,0.1277,5.1800,0.1080,-0.0518,0.1789
0.0541,2.4700,0.0180,stand,0.0000,6.3000,0.0000,nan,nan
0.0391,0.7944,0.0114,stand,0.0000,4.7400,0.0000,nan,nan
0.2340,4.1814,0.0383,lateral,0.3250,7.3000,0.2276,-0.1393,0.1881
0.0285,2.8440,0.0325,stand,0.0000,7.8800,0.0000,nan,nan
0.1725,0.4964,0.0436,lateral,0.1182,8.5400,0.0738,0.0505,0.1649
0.0715,1.7911,0.0891,combined,0.5772,8.0800,0.0673,-0.0350,0.0624
0.2326,4.2121,0.1104,combined,1.0394,5.7800,0.2326,-0.2152,0.0881
0.1115,2.4794,0.0103,lateral,0.6889,9.1600,0.0923,-0.0867,0.0702
0.0855,1.1834,0.1000,straight,0.6253,7.3600,0.0855,-0.0750,0.0410
0.2193,5.3178,0.0187,turn,0.0000,9.7600,0.0000,nan,nan
0.0950,2.5454,0.0254,lateral,0.4287,8.1800,0.0943,-0.0873,0.0373
0.0346,2.2333,0.0451,stand,0.0000,6.0400,0.0000,nan,nan
0.1337,1.0642,0.0186,lateral,1.1269,8.5400,0.1337,-0.1328,0.0153
0.0205,0.1641,0.0063,stand,0.0000,6.3600,0.0000,nan,nan
0.0647,0.2394,0.0731,combined,1.8482,6.9200,0.0647,-0.0644,0.0064
0.4721,1.3397,0.0202,combined,1.2217,5.8400,0.4721,-0.4652,0.0803
0.2048,2.5809,0.0387,lateral,1.0462,7.7200,0.2048,-0.1906,0.0748
0.0605,1.2272,0.0993,lateral,0.5803,7.0200,0.0605,-0.0574,0.0191
0.2421,2.0782,0.1280,combined,1.8601,7.0600,0.2421,-0.2409,0.0237
0.2148,7.3238,0.0137,lateral,0.5487,7.3600,0.1906,-0.0787,0.1999
0.3343,0.4671,0.0868,combined,1.5723,5.9800,0.3343,-0.3333,0.0269
0.1462,10.1634,0.0102,combined,1.3886,6.9200,0.1462,-0.1301,0.0667
0.0724,1.2414,0.1336,lateral,0.9676,6.5800,0.0724,-0.0285,0.0666
0.2403,2.5490,0.1205,turn,0.0000,8.3600,0.0000,nan,nan
0.0069,0.9557,0.0284,stand,0.0000,9.2800,0.0000,nan,nan
0.1183,1.2388,0.0781,turn,0.0000,6.0000,0.0000,nan,nan
0.3308,6.2110,0.0223,combined,1.9183,9.8800,0.3307,-0.2950,0.1496
0.0154,3.4848,0.0311,stand,0.0000,8.2800,0.0000,nan,nan
0.2063,8.3596,0.1388,straight,0.4929,5.5600,0.2052,-0.1502,0.1414
0.1538,3.4904,0.0275,lateral,0.7768,6.6000,0.1538,-0.1523,0.0214
0.1076,0.0513,0.0327,turn,0.0000,9.0600,0.0000,nan,nan
0.4190,0.2272,0.1041,combined,1.5792,5.7000,0.4190,-0.3555,0.2217
0.2380,3.8848,0.0888,turn,0.0000,9.5000,0.0000,nan,nan
0.0994,5.0019,0.0139,combined,1.8283,9.5000,0.0959,-0.0994,0.0002
0.0593,3.5259,0.0677,turn,0.0000,9.0400,0.0000,nan,nan
0.1032,2.2744,0.0685,combined,1.3750,9.7800,0.1032,-0.0687,0.0769
0.1560,1.8554,0.0608,straight,1.5258,6.0000,0.1560,-0.1428,0.0629
0.1088,1.5004,0.0416,turn,0.0000,7.8200,0.0000,nan,nan
0.2234,4.4293,0.1183,straight,0.7023,6.5400,0.2226,-0.2092,0.0783
0.3255,1.4326,0.0732,straight,1.1599,6.5000,0.3255,-0.2740,0.1756
0.1583,1.1908,0.1422,combined,0.8268,5.3000,0.1583,-0.1437,0.0665
0.2575,3.1243,0.1085,combined,2.2645,4.9200,0.2575,-0.2306,0.1146
0.1524,6.0818,0.0960,combined,1.0087,6.6600,0.1524,-0.1511,0.0195
0.0810,4.0291,0.0488,straight,1.4394,9.3400,0.0795,-0.0200,0.0785
0.0744,0.8748,0.0401,combined,1.0118,9.3000,0.0744,-0.0737,0.0103
0.0973,0.2824,0.0514,combined,1.1848,9.5200,0.0973,-0.0719,0.0655
0.2786,4.8456,0.1320,straight,1.6974,6.7200,0.2704,-0.1377,0.2421
0.1914,2.5416,0.0918,lateral,1.2227,9.6000,0.1004,0.1225,0.1470
0.0130,0.6142,0.0188,stand,0.0000,6.8600,0.0000,nan,nan
0.1144,0.3856,0.0543,combined,1.9251,9.3600,0.1106,-0.0773,0.0844
0.2674,1.6330,0.0534,combined,1.4503,7.5200,0.2674,-0.2308,0.1350
0.1156,1.4531,0.0639,combined,0.2824,7.4600,0.0633,0.1056,0.0469
0.0909,2.5484,0.0119,turn,0.0000,8.6600,0.0000,nan,nan
0.0139,0.8937,0.0329,stand,0.0000,9.5000,0.0000,nan,nan
0.0173,1.9232,0.0293,stand,0.0000,7.7600,0.0000,nan,nan
0.3861,10.0146,0.1688,combined,1.6816,4.1400,0.3861,-0.3433,0.1767
0.3151,3.7389,0.1104,straight,1.9371,6.8200,0.3151,-0.2903,0.1227
0.2537,0.1681,0.0801,lateral,0.0086,8.1000,0.0006,0.2007,0.1551
0.3602,4.0870,0.1191,combined,1.7415,5.9200,0.3602,-0.2826,0.2234
0.0559,5.7778,0.0528,straight,0.4011,4.9200,0.0559,-0.0519,0.0210
0.3164,3.6019,0.0648,combined,1.9542,6.9600,0.3164,-0.3077,0.0734
0.3499,5.1685,0.0333,combined,1.7949,6.8600,0.3499,-0.3498,0.0087
0.1534,9.3912,0.1147,lateral,0.3207,9.7200,0.0779,0.1101,0.1068
0.1480,3.1200,0.0557,combined,1.6161,6.9400,0.1476,-0.1479,0.0058
0.2913,2.7017,0.0865,combined,2.2702,4.9600,0.2913,-0.2856,0.0573
0.1430,5.1372,0.0554,straight,1.1194,5.6400,0.1424,-0.0005,0.1430
0.2977,13.3347,0.0231,straight,1.3690,9.8200,0.2976,-0.2922,0.0569
0.5393,3.0961,0.1540,straight,2.0430,5.2800,0.5393,-0.5326,0.0847
0.1168,9.7255,0.0081,turn,0.0000,7.1600,0.0000,nan,nan
0.0055,1.0606,0.0569,stand,0.0000,8.2000,0.0000,nan,nan
0.0213,1.0970,0.0384,stand,0.0000,6.3400,0.0000,nan,nan
0.0834,4.5669,0.0926,lateral,1.2110,8.9200,0.0792,-0.0407,0.0728
0.2827,1.2308,0.0412,combined,1.9324,9.7400,0.2791,-0.2458,0.1398
0.2170,6.6030,0.1423,turn,0.0000,4.8200,0.0000,nan,nan
0.0986,6.0222,0.0252,turn,0.0000,7.3200,0.0000,nan,nan
0.1457,2.8454,0.0247,straight,0.0935,8.3200,0.0910,-0.0897,0.1148
0.2540,0.6131,0.0554,combined,0.7429,9.8400,0.2540,-0.2453,0.0659
0.2898,4.2242,0.0862,straight,1.0044,7.4200,0.2898,-0.2769,0.0856
0.0501,4.5157,0.0514,combined,0.9730,8.3400,0.0499,-0.0217,0.0451
0.1457,0.1226,0.0531,lateral,0.5888,8.2200,0.0423,0.1346,0.0558
0.3464,9.6140,0.0337,combined,1.2110,7.5400,0.3464,-0.3404,0.0643
0.1731,0.3400,0.2075,combined,2.1776,7.3800,0.1731,-0.1246,0.1201
0.1410,7.3386,0.0457,combined,1.5587,8.6800,0.1408,-0.1316,0.0508
0.2719,1.7231,0.1134,combined,2.3140,6.0200,0.2719,-0.2658,0.0571
0.2893,8.0806,0.0440,turn,0.0000,9.0200,0.0000,nan,nan
0.0978,6.0289,0.0519,turn,0.0000,5.1600,0.0000,nan,nan
0.3080,2.3318,0.1236,combined,2.0740,4.8000,0.3080,-0.3041,0.0492
0.0529,0.1541,0.0352,stand,0.0000,4.7400,0.0000,nan,nan
0.0559,4.5692,0.0973,lateral,0.0799,4.4600,0.0133,0.0500,0.0250
0.0323,1.0973,0.0967,combined,2.3938,7.5400,0.0323,0.0072,0.0315
0.3350,5.4974,0.0334,lateral,0.1096,8.6800,0.1090,-0.0986,0.3201
0.0350,10.5337,0.0699,straight,0.9684,8.8800,0.0200,0.0205,0.0283
0.0324,3.1030,0.0056,stand,0.0000,9.3600,0.0000,nan,nan
0.1638,4.2201,0.1153,lateral,0.4617,4.0400,0.1638,-0.1615,0.0272
0.0245,0.2365,0.0588,turn,0.0000,4.3600,0.0000,nan,nan
0.2722,4.3630,0.0994,combined,0.7875,9.8200,0.0960,0.2566,0.0908
0.0563,3.8372,0.1063,combined,0.2806,9.4200,0.0478,-0.0246,0.0506
0.1190,6.6702,0.0975,turn,0.0000,4.0800,0.0000,nan,nan
0.0227,2.9181,0.0545,stand,0.0000,4.0600,0.0000,nan,nan
0.2494,6.6859,0.0751,combined,1.7458,8.7600,0.2494,-0.2475,0.0314
0.3684,3.4007,0.0270,combined,1.2766,8.4200,0.3684,-0.3676,0.0247
0.0124,0.5725,0.0056,stand,0.0000,6.4200,0.0000,nan,nan
0.3482,2.4717,0.0618,lateral,1.1848,4.8200,0.3441,-0.3361,0.0910
0.2681,16.3979,0.0254,lateral,0.6908,8.0000,0.2681,-0.1657,0.2107
0.1676,0.1241,0.1283,combined,1.1831,9.6400,0.1676,-0.1024,0.1326
0.1358,3.4415,0.0544,lateral,0.3245,9.8200,0.0686,0.0714,0.1155
0.3373,3.4844,0.1689,straight,1.4665,4.8600,0.3373,-0.3341,0.0463
0.2317,1.1519,0.0523,straight,2.0237,5.8600,0.2317,-0.2236,0.0608
0.1566,2.6365,0.1092,straight,0.7311,4.5400,0.1566,-0.1533,0.0320
0.3359,6.7214,0.0966,combined,2.0241,7.2000,0.3359,-0.3270,0.0772
0.0142,0.6848,0.0142,stand,0.0000,5.9800,0.0000,nan,nan
0.3143,1.0881,0.0332,combined,0.6895,8.4000,0.2898,-0.3143,0.0007
0.0412,1.8346,0.0122,stand,0.0000,4.2600,0.0000,nan,nan
0.1293,4.3114,0.0745,combined,1.4252,8.7000,0.1271,-0.0830,0.0991
0.0480,7.2845,0.0871,turn,0.0000,9.6400,0.0000,nan,nan
0.1437,3.7026,0.0509,straight,0.5680,5.3600,0.1437,-0.1169,0.0837
0.0023,0.1208,0.0265,stand,0.0000,4.7400,0.0000,nan,nan
0.0104,3.7111,0.0318,stand,0.0000,7.6000,0.0000,nan,nan
0.3046,3.9780,0.1049,straight,0.7254,4.8600,0.3046,-0.3046,0.0069
0.0992,0.1059,0.0770,turn,0.0000,5.7200,0.0000,nan,nan
0.0852,1.3702,0.1147,turn,0.0000,4.7200,0.0000,nan,nan
0.0869,3.0426,0.0862,combined,1.0756,7.2000,0.0869,-0.0280,0.0822
0.3313,20.9924,0.0446,combined,1.6834,5.7600,0.3313,-0.3310,0.0133
0.0168,0.9237,0.0223,stand,0.0000,4.4800,0.0000,nan,nan
0.1635,13.6698,0.0467,straight,0.4700,7.0200,0.1633,-0.1521,0.0599
0.0733,3.5198,0.0493,turn,0.0000,9.9600,0.0000,nan,nan
0.1607,6.3178,0.0151,straight,0.3628,4.9600,0.1607,-0.1421,0.0750
0.0437,6.0072,0.0641,combined,1.3776,8.0600,0.0421,-0.0367,0.0236
0.1031,2.4719,0.0786,turn,0.0000,5.3600,0.0000,nan,nan
0.2231,2.3913,0.1433,lateral,0.5086,6.1400,0.1847,0.0155,0.2226
0.2709,6.8291,0.1042,combined,1.5875,5.1800,0.2709,-0.2403,0.1250
0.1572,2.8642,0.0357,straight,1.9159,9.2200,0.1572,-0.1491,0.0499
0.1389,6.8979,0.0928,combined,1.7352,9.8800,0.1389,-0.1356,0.0302
0.1416,6.5298,0.0586,combined,1.7825,9.9400,0.1416,-0.1354,0.0413
0.3923,7.6887,0.0595,combined,2.1092,9.1000,0.3883,-0.2749,0.2798
0.1024,1.1763,0.0658,lateral,0.4428,7.7600,0.0824,0.0441,0.0924
0.1733,3.7329,0.0665,turn,0.0000,9.2400,0.0000,nan,nan
0.2564,12.3489,0.0588,combined,1.3077,7.1200,0.2564,-0.2344,0.1040
0.1425,5.4187,0.0541,straight,0.0315,8.9800,0.0038,0.1154,0.0836
0.0080,1.1829,0.0460,turn,0.0000,5.9000,0.0000,nan,nan
0.1390,1.5049,0.1131,lateral,0.4136,9.4200,0.0319,0.1335,0.0388
0.1171,7.1326,0.0722,turn,0.0000,5.7400,0.0000,nan,nan
0.1117,2.5870,0.0343,combined,1.2236,9.7800,0.1027,0.0382,0.1050
0.1813,4.8756,0.0724,straight,0.4670,4.4600,0.1786,-0.1109,0.1434
0.1712,6.4112,0.1150,lateral,0.9921,5.7400,0.1707,-0.1695,0.0244
0.0693,4.3787,0.0624,straight,0.8867,6.0600,0.0282,0.0652,0.0236
0.2132,0.2491,0.0161,lateral,0.1259,7.5800,0.0620,0.0855,0.1953
0.1248,2.4956,0.1254,straight,1.4067,9.7200,0.1248,-0.1139,0.0510
0.1121,8.2742,0.0620,lateral,1.0036,9.9800,0.1093,-0.0968,0.0565
0.1590,4.3298,0.0326,combined,1.5566,6.6000,0.1585,-0.1162,0.1085
0.1930,0.0920,0.0347,straight,0.6687,9.2000,0.1909,-0.1928,0.0078
0.1510,0.0829,0.0333,lateral,0.9163,9.8400,0.0440,0.1510,0.0000
0.0071,0.0166,0.0275,stand,0.0000,7.0400,0.0000,nan,nan
0.0081,0.8169,0.0429,stand,0.0000,4.4000,0.0000,nan,nan
0.2532,0.9875,0.1188,combined,0.8747,4.3200,0.2532,-0.2529,0.0114
0.1195,0.8631,0.0360,turn,0.0000,6.9800,0.0000,nan,nan
0.0654,6.9767,0.0369,turn,0.0000,6.9200,0.0000,nan,nan
0.0074,1.6320,0.0501,stand,0.0000,8.0800,0.0000,nan,nan
0.1119,6.3289,0.0589,lateral,0.6207,7.1200,0.1093,-0.0983,0.0535
0.3384,5.5689,0.1136,straight,1.4057,9.8200,0.3379,-0.2043,0.2697
0.1727,14.9781,0.0751,straight,0.7046,5.5800,0.1697,-0.1016,0.1397
0.3769,1.1306,0.1654,lateral,1.1002,4.5800,0.3769,-0.3734,0.0508
0.1200,0.4630,0.0559,lateral,0.1965,8.7800,0.0993,-0.1098,0.0485
0.1663,3.0514,0.0216,turn,0.0000,9.8200,0.0000,nan,nan
0.3978,3.6818,0.0658,combined,1.9560,4.1600,0.3978,-0.3840,0.1039
0.1386,7.2576,0.0488,lateral,0.6120,6.4200,0.1336,-0.0835,0.1107
0.1171,2.7380,0.0205,lateral,0.2819,6.8400,0.0428,0.1123,0.0330
0.0571,4.1892,0.0203,turn,0.0000,6.0600,0.0000,nan,nan
0.3121,3.8381,0.1919,lateral,1.2056,4.2200,0.3121,-0.2920,0.1101
0.4757,2.8741,0.0983,straight,1.6332,5.3000,0.4757,-0.4678,0.0864
0.2150,2.0385,0.1534,lateral,1.0085,6.7000,0.2150,-0.2034,0.0699
0.0912,6.1691,0.0891,turn,0.0000,4.2000,0.0000,nan,nan
0.0537,6.0282,0.0120,turn,0.0000,6.5600,0.0000,nan,nan
0.2019,4.4510,0.0393,straight,0.3185,6.4000,0.2001,-0.1663,0.1144
0.0309,0.1003,0.0140,stand,0.0000,6.8000,0.0000,nan,nan
0.0399,11.1667,0.1217,turn,0.0000,4.8800,0.0000,nan,nan
0.0163,2.5006,0.0118,lateral,0.7667,9.5800,0.0101,0.0155,0.0053
0.0899,1.1554,0.0354,straight,0.8946,7.7000,0.0699,0.0363,0.0822
0.0312,1.3411,0.0269,stand,0.0000,9.1200,0.0000,nan,nan
0.1333,3.0752,0.0741,combined,0.5963,5.7400,0.1333,-0.1269,0.0409
0.2951,0.0201,0.0760,combined,2.1049,5.6400,0.2951,-0.2946,0.0180
0.2171,3.1508,0.0632,straight,1.2257,8.8200,0.2171,-0.1933,0.0988
0.0558,3.7276,0.0277,lateral,1.0379,5.8800,0.0558,-0.0488,0.0270
0.2730,10.0907,0.1352,straight,1.5657,4.6600,0.2730,-0.2438,0.1230
0.1168,0.1525,0.0586,turn,0.0000,5.0800,0.0000,nan,nan
0.3328,12.8743,0.0535,straight,0.9849,5.7600,0.3328,-0.3155,0.1057
0.2342,1.0061,0.0178,lateral,1.0809,5.7800,0.2341,-0.2342,0.0029
0.2710,3.4593,0.0185,straight,0.9442,5.8200,0.2710,-0.2555,0.0902
0.0857,6.5098,0.0337,turn,0.0000,8.9000,0.0000,nan,nan
0.2451,7.5419,0.0943,turn,0.0000,6.7200,0.0000,nan,nan
0.0080,1.9318,0.0542,stand,0.0000,6.7400,0.0000,nan,nan
0.1128,2.7373,0.1031,straight,0.2888,6.4400,0.1128,-0.0980,0.0558
0.0905,0.6942,0.1112,combined,1.3682,6.3400,0.0879,0.0199,0.0883
0.2139,5.3888,0.1774,straight,1.4931,5.4200,0.2139,-0.1727,0.1263
0.2095,2.2984,0.1009,straight,0.6211,5.6400,0.2078,-0.1412,0.1547
0.0698,3.6134,0.0141,stand,0.0000,4.7800,0.0000,nan,nan
0.3830,0.3815,0.0556,combined,1.2503,6.5600,0.3830,-0.3802,0.0460
0.1503,2.0303,0.0298,combined,1.7447,8.6400,0.1502,-0.1411,0.0518
0.1754,6.1775,0.1280,lateral,0.9555,4.3200,0.1754,-0.1742,0.0208
0.0541,13.7862,0.0897,turn,0.0000,6.9800,0.0000,nan,nan
0.3005,3.4433,0.0733,straight,1.1013,5.2600,0.3005,-0.2791,0.1114
0.0415,6.8075,0.0436,turn,0.0000,5.3600,0.0000,nan,nan
0.3750,7.4571,0.0870,combined,1.5636,4.6400,0.3750,-0.2974,0.2285
0.1969,3.2842,0.1239,combined,0.4642,4.5400,0.1969,-0.1908,0.0484
0.0442,2.2505,0.0802,combined,1.2314,7.8400,0.0442,-0.0293,0.0332
0.1278,1.4343,0.0391,combined,0.3360,5.6000,0.1278,-0.0928,0.0878
0.0134,1.2746,0.0427,stand,0.0000,8.8000,0.0000,nan,nan
0.1876,14.0362,0.1105,turn,0.0000,8.7000,0.0000,nan,nan
0.0661,1.1951,0.1107,turn,0.0000,6.2200,0.0000,nan,nan
0.0407,12.2984,0.0668,combined,2.0566,7.4600,0.0395,0.0224,0.0340
0.1392,0.2618,0.0076,combined,1.8237,6.3800,0.1391,-0.0779,0.1154
0.2180,6.0194,0.0795,combined,1.6162,6.9800,0.2180,-0.2150,0.0359
0.1350,4.5338,0.0182,straight,0.1158,4.5200,0.1156,-0.1345,0.0114
0.0935,9.3044,0.0275,combined,0.6307,9.4400,0.0855,-0.0077,0.0931
0.0509,0.6031,0.0250,turn,0.0000,8.2400,0.0000,nan,nan
0.1728,0.8975,0.1283,straight,1.4023,6.5000,0.1728,-0.1620,0.0602
0.0400,0.4596,0.0180,stand,0.0000,7.8200,0.0000,nan,nan
0.1114,5.0048,0.0278,lateral,1.0862,9.5000,0.1114,-0.0887,0.0674
0.1515,3.2302,0.0962,lateral,0.5456,5.6400,0.1373,0.0440,0.1449
0.0662,1.6853,0.0144,turn,0.0000,7.0600,0.0000,nan,nan
0.1880,2.5693,0.0460,combined,1.1397,9.0600,0.1832,-0.1217,0.1432
0.3109,1.1117,0.0931,combined,1.7786,4.4600,0.3109,-0.2523,0.1817
0.0839,2.9861,0.0443,lateral,1.0400,8.7200,0.0812,-0.0354,0.0761
0.0954,1.6293,0.0559,combined,0.3304,7.5800,0.0954,-0.0856,0.0421
0.2153,4.4335,0.0385,combined,1.5377,6.6000,0.2153,-0.2034,0.0705
0.2255,3.3938,0.0586,lateral,0.9919,6.2200,0.2255,-0.2003,0.1037
0.0614,9.6717,0.0213,turn,0.0000,4.6000,0.0000,nan,nan
0.0134,0.3495,0.0199,stand,0.0000,9.4000,0.0000,nan,nan
0.0256,1.3592,0.0177,stand,0.0000,6.8200,0.0000,nan,nan
0.2812,8.6429,0.0843,straight,0.8267,6.8800,0.2812,-0.2257,0.1677
0.0611,0.4305,0.0080,stand,0.0000,5.3800,0.0000,nan,nan
0.0294,2.5023,0.0218,lateral,0.2104,8.7600,0.0140,-0.0261,0.0135
0.1871,4.6284,0.0998,turn,0.0000,6.3800,0.0000,nan,nan
0.1484,5.0977,0.0191,combined,0.5083,4.5000,0.1469,-0.1411,0.0459
0.0902,5.7936,0.0482,combined,1.6069,9.2200,0.0902,-0.0867,0.0248
0.0307,5.7789,0.0401,straight,0.7407,4.2200,0.0290,-0.0005,0.0307
0.2196,1.3428,0.0330,turn,0.0000,6.8400,0.0000,nan,nan
0.1083,8.6576,0.0822,lateral,0.3704,4.2000,0.1083,-0.0820,0.0707
0.1315,7.4557,0.0417,straight,0.6631,4.8600,0.1229,-0.0202,0.1299
0.0196,1.9924,0.0147,stand,0.0000,5.5000,0.0000,nan,nan
0.1063,3.3321,0.0631,turn,0.0000,9.2600,0.0000,nan,nan
0.0540,1.8711,0.1332,combined,0.3248,4.3600,0.0392,-0.0298,0.0450
0.0506,2.3292,0.1043,turn,0.0000,4.4000,0.0000,nan,nan
0.2064,6.1015,0.1052,lateral,0.9311,4.8000,0.2064,-0.2045,0.0283
0.1366,3.7396,0.0339,lateral,0.4483,9.6200,0.0908,0.0557,0.1248
0.1429,8.2476,0.1180,lateral,1.2610,9.4800,0.1381,-0.0726,0.1231
0.1347,6.6414,0.0585,straight,0.2376,6.5200,0.1345,-0.1225,0.0560
0.1705,1.7262,0.0205,turn,0.0000,6.4800,0.0000,nan,nan
0.1423,0.8811,0.0322,turn,0.0000,7.2200,0.0000,nan,nan
0.1289,2.4593,0.1714,turn,0.0000,7.9600,0.0000,nan,nan
0.0086,0.8610,0.0430,stand,0.0000,7.3400,0.0000,nan,nan
0.2380,4.3040,0.0768,lateral,0.1384,8.6200,0.1259,-0.1637,0.1727
0.1377,6.7309,0.0353,turn,0.0000,9.9200,0.0000,nan,nan
0.1363,7.4254,0.0748,lateral,0.9779,7.0400,0.0146,0.1258,0.0523
0.1289,0.7491,0.0100,lateral,0.9385,7.3200,0.0910,0.0758,0.1042
0.0868,2.7603,0.0953,lateral,1.1691,9.9800,0.0868,-0.0436,0.0751
0.1708,0.4714,0.0407,combined,0.4056,9.8000,0.1564,-0.0179,0.1699
0.1125,10.5933,0.0200,lateral,0.4404,6.2400,0.0209,0.1075,0.0333
0.2040,10.9788,0.0393,combined,1.0441,8.2000,0.1919,0.0553,0.1963
0.0821,9.1536,0.0871,lateral,0.2255,7.4000,0.0731,0.0164,0.0805
0.1628,1.6641,0.0504,combined,1.1120,9.4000,0.1589,-0.0954,0.1320
0.2884,4.4704,0.0839,straight,0.4080,5.3600,0.2883,-0.2639,0.1163
0.1473,3.4507,0.0244,combined,0.1681,4.2000,0.1231,-0.1444,0.0290
0.0608,3.2931,0.0557,turn,0.0000,4.4400,0.0000,nan,nan
0.1144,3.2855,0.0767,lateral,0.7003,6.5600,0.1125,-0.0703,0.0903
0.3703,11.2984,0.0958,combined,1.4986,5.6200,0.3703,-0.3588,0.0914
0.0539,4.5810,0.0246,combined,1.9720,7.9000,0.0539,-0.0539,0.0002
0.1071,6.1653,0.0905,combined,1.1720,6.6600,0.1071,-0.0682,0.0826
0.1827,1.7570,0.1263,combined,1.7658,7.1200,0.1827,-0.1753,0.0513
0.2508,0.2419,0.0378,turn,0.0000,9.5800,0.0000,nan,nan
0.1189,2.6076,0.0442,straight,1.1522,7.6000,0.1187,-0.0654,0.0994
0.0194,1.9103,0.0420,stand,0.0000,4.0200,0.0000,nan,nan
0.1901,0.7163,0.1039,straight,1.5730,8.8000,0.1901,-0.1828,0.0523
0.2560,1.8409,0.0406,lateral,0.7864,7.0200,0.2555,-0.1450,0.2110
0.2023,3.6467,0.0280,turn,0.0000,6.6800,0.0000,nan,nan
0.1924,1.2693,0.0858,turn,0.0000,4.7000,0.0000,nan,nan
0.0919,5.7438,0.0301,turn,0.0000,8.3000,0.0000,nan,nan
0.0662,3.6628,0.0146,stand,0.0000,6.0200,0.0000,nan,nan
0.0162,2.0247,0.0201,stand,0.0000,4.6000,0.0000,nan,nan
0.0126,0.3120,0.0193,stand,0.0000,4.0600,0.0000,nan,nan
0.1661,0.5244,0.0372,turn,0.0000,4.0000,0.0000,nan,nan
0.1172,9.1561,0.0258,combined,0.9953,5.9800,0.1172,-0.1170,0.0078
0.0884,4.8465,0.0498,straight,1.3436,8.6000,0.0866,-0.0505,0.0726
0.1215,0.2461,0.0265,lateral,0.4134,9.5000,0.1125,-0.1215,0.0010
0.1411,5.9801,0.0618,lateral,1.2285,5.7600,0.1366,-0.0797,0.1164
0.2405,6.5953,0.0480,straight,0.4225,4.0400,0.2405,-0.2346,0.0525
0.0252,3.3303,0.0207,stand,0.0000,4.1600,0.0000,nan,nan
0.0230,0.4841,0.0585,stand,0.0000,6.5800,0.0000,nan,nan
0.1205,1.0184,0.0935,straight,1.9209,7.1200,0.1168,-0.0635,0.1025
0.0154,10.4436,0.0746,turn,0.0000,4.0800,0.0000,nan,nan
0.1450,2.6217,0.0483,straight,0.1152,7.3200,0.1152,-0.1111,0.0931
0.1964,8.7804,0.0094,straight,0.3005,8.5600,0.1855,-0.1562,0.1191
0.2871,0.6958,0.0712,combined,1.9460,6.6600,0.2871,-0.2621,0.1171
0.2373,7.8712,0.0263,lateral,0.5573,9.7800,0.2109,-0.0836,0.2221
0.0676,2.5106,0.0939,straight,1.7777,7.0200,0.0676,-0.0658,0.0156
0.0077,1.7182,0.0119,stand,0.0000,4.7200,0.0000,nan,nan
0.1395,0.2147,0.0286,turn,0.0000,9.3000,0.0000,nan,nan
0.1553,1.5174,0.0885,combined,1.2085,7.1400,0.1553,-0.1547,0.0132
0.0145,3.3817,0.0271,stand,0.0000,6.6800,0.0000,nan,nan
0.2133,5.0300,0.0895,straight,0.5087,9.2400,0.1963,-0.0624,0.2040
0.0269,1.6252,0.0186,stand,0.0000,8.7600,0.0000,nan,nan
0.0745,1.2468,0.0242,combined,0.7001,9.7600,0.0285,0.0706,0.0235
0.1343,1.0543,0.1127,lateral,1.1713,7.6000,0.1295,-0.1313,0.0286
0.2385,7.9439,0.0094,lateral,1.0097,6.1200,0.2384,-0.2366,0.0295
0.0527,0.7202,0.1037,straight,0.7304,7.2200,0.0522,-0.0510,0.0133
0.0205,5.0214,0.0458,turn,0.0000,7.0200,0.0000,nan,nan
0.0635,1.2920,0.0749,lateral,0.5306,8.2000,0.0626,-0.0576,0.0267
0.1866,4.6357,0.0531,straight,0.5830,5.7200,0.1866,-0.1841,0.0303
0.0644,0.4645,0.1041,lateral,0.1273,6.7200,0.0518,-0.0261,0.0589
0.1311,4.6130,0.0309,lateral,0.0825,7.4800,0.0207,0.1260,0.0361
0.2292,2.6886,0.0469,lateral,0.4201,8.1400,0.1286,0.1235,0.1931
0.2098,2.5117,0.0820,straight,0.9770,6.5400,0.2098,-0.1938,0.0805
0.1551,1.0225,0.0649,straight,0.5417,5.2200,0.1551,-0.1519,0.0313
0.0313,4.9830,0.0259,turn,0.0000,5.2000,0.0000,nan,nan
0.0394,3.3920,0.1013,lateral,0.2717,5.5600,0.0394,-0.0372,0.0132
0.1762,4.7255,0.0414,combined,1.4530,9.1200,0.1762,-0.0429,0.1708
0.1161,5.9312,0.1271,turn,0.0000,9.3200,0.0000,nan,nan
0.1670,5.1050,0.0117,straight,0.4770,4.2400,0.1670,-0.1406,0.0901
0.0985,0.0607,0.0339,turn,0.0000,9.8600,0.0000,nan,nan
0.0990,0.3067,0.0028,turn,0.0000,8.9000,0.0000,nan,nan
0.3332,14.7930,0.0900,straight,0.8902,5.4200,0.3332,-0.3292,0.0518
0.2060,11.8928,0.0190,combined,1.5893,8.3000,0.1922,0.0962,0.1822
0.2497,0.7589,0.0345,turn,0.0000,9.6800,0.0000,nan,nan
0.2720,7.8748,0.0510,combined,1.9759,6.6200,0.2720,-0.2195,0.1606
0.2962,0.4193,0.0199,combined,2.1497,6.5600,0.2957,-0.2495,0.1596
0.1814,6.4884,0.0795,straight,0.5001,4.8400,0.1814,-0.1813,0.0021
0.1353,10.9502,0.0439,lateral,0.0780,6.8600,0.0500,0.0648,0.1188
0.2047,2.6994,0.0395,turn,0.0000,8.0800,0.0000,nan,nan
0.2016,2.3124,0.0782,turn,0.0000,6.3600,0.0000,nan,nan
0.1256,3.4782,0.1397,straight,1.4874,8.2400,0.1066,0.0686,0.1052
0.1180,3.3864,0.0303,lateral,1.2072,6.9600,0.1180,-0.0716,0.0938
0.1262,5.6505,0.0671,combined,0.7819,5.9000,0.1262,-0.1239,0.0240
0.4179,9.4879,0.1775,combined,1.6841,5.1000,0.4179,-0.4173,0.0226
0.0684,5.3657,0.0984,combined,1.3938,7.8200,0.0606,0.0094,0.0677
0.0054,1.0308,0.0143,lateral,0.7155,7.1800,0.0009,0.0047,0.0027
0.1369,2.1487,0.0450,combined,1.3781,5.6000,0.1369,-0.1325,0.0343
0.0685,8.2053,0.1089,turn,0.0000,4.0800,0.0000,nan,nan
0.5014,3.7531,0.2312,combined,1.7303,4.4400,0.5014,-0.4456,0.2298
0.2479,0.3653,0.0271,lateral,0.4598,6.2800,0.2479,-0.2451,0.0371
0.2539,1.0538,0.0416,straight,2.0665,9.1400,0.2516,-0.2338,0.0991
0.4209,1.6865,0.0936,straight,1.0464,6.5200,0.4209,-0.4127,0.0829
0.0877,1.9195,0.0486,turn,0.0000,5.2800,0.0000,nan,nan
0.1787,7.3575,0.0118,turn,0.0000,7.9200,0.0000,nan,nan
0.0858,2.7218,0.0744,turn,0.0000,8.9600,0.0000,nan,nan
0.1417,7.4182,0.0494,combined,1.0950,8.2600,0.1403,-0.0526,0.1316
0.1315,3.7861,0.0784,lateral,1.1765,9.2600,0.1132,0.0028,0.1315
0.1332,4.1165,0.0515,turn,0.0000,4.6000,0.0000,nan,nan
0.1630,0.1264,0.0718,combined,1.7130,8.5800,0.1630,-0.1506,0.0624
0.1522,6.8525,0.0986,lateral,0.6635,7.6800,0.1509,-0.1505,0.0228
0.0195,4.8436,0.0467,turn,0.0000,5.8800,0.0000,nan,nan
0.0144,0.6094,0.0166,stand,0.0000,6.1200,0.0000,nan,nan
0.1199,0.2720,0.0402,lateral,0.2401,7.7800,0.0308,0.1063,0.0556
0.1016,1.4483,0.0329,straight,0.9338,5.8600,0.0972,-0.0510,0.0879
0.0099,1.2375,0.0185,stand,0.0000,9.4200,0.0000,nan,nan
0.0693,1.3634,0.0541,straight,0.7241,8.7800,0.0693,-0.0693,0.0025
0.1883,7.7822,0.1134,straight,0.5202,4.1800,0.1883,-0.1777,0.0625
0.1789,6.6796,0.0090,turn,0.0000,9.8600,0.0000,nan,nan
0.1832,1.7672,0.0666,straight,0.3125,7.5600,0.1595,-0.0467,0.1771
0.0837,0.6435,0.0947,combined,0.8155,8.8800,0.0587,0.0015,0.0837
0.0791,0.3850,0.0422,straight,0.7499,8.8200,0.0791,-0.0755,0.0236
0.0323,4.4898,0.1276,straight,0.6107,8.7800,0.0313,-0.0298,0.0126
0.2015,1.2545,0.0756,straight,1.8587,9.9200,0.1924,-0.0486,0.1955
0.0837,5.1618,0.0279,turn,0.0000,8.4600,0.0000,nan,nan
0.0681,1.7123,0.0466,straight,1.4018,7.4400,0.0681,-0.0662,0.0158
0.0795,0.0388,0.0640,lateral,0.9024,8.4000,0.0575,0.0339,0.0719
0.4134,4.9797,0.1209,lateral,1.4611,4.8000,0.4134,-0.4096,0.0563
0.1961,0.8487,0.0262,lateral,1.1414,7.7600,0.1913,-0.1959,0.0077
0.1814,7.6952,0.0262,turn,0.0000,8.7600,0.0000,nan,nan
0.2655,4.7056,0.0287,combined,2.0947,7.8000,0.2655,-0.2423,0.1086
0.0702,0.4351,0.0547,turn,0.0000,4.1000,0.0000,nan,nan
0.1319,0.4799,0.0168,combined,0.7842,9.8600,0.1291,-0.1298,0.0230
0.2075,8.5554,0.1176,straight,1.3398,5.2800,0.2075,-0.0982,0.1828
0.0414,1.8489,0.0146,stand,0.0000,5.6600,0.0000,nan,nan
0.1248,3.6800,0.0851,combined,0.7613,7.4200,0.1248,-0.0587,0.1101
0.1716,1.9588,0.0718,lateral,1.0137,7.1400,0.1690,-0.1524,0.0788
0.1665,1.4518,0.0644,combined,1.1807,9.0600,0.1665,-0.1650,0.0220
0.2687,3.5273,0.1039,straight,1.6654,5.7600,0.2687,-0.2293,0.1401
0.0571,1.0030,0.0421,turn,0.0000,6.9200,0.0000,nan,nan
0.0333,0.0030,0.0137,stand,0.0000,4.4800,0.0000,nan,nan
0.1384,3.6321,0.0100,combined,0.3424,8.7600,0.1221,-0.1219,0.0656
0.2172,4.9155,0.0563,straight,0.0058,7.8400,0.0058,-0.2038,0.0751
0.1562,5.5907,0.0848,combined,1.4057,7.9000,0.1378,-0.0647,0.1422
0.0349,15.1500,0.0776,lateral,0.4887,5.7600,0.0283,0.0053,0.0345
0.0647,0.5691,0.0087,straight,0.2496,7.5200,0.0647,-0.0595,0.0254
0.0253,0.1882,0.0200,stand,0.0000,8.2800,0.0000,nan,nan
0.1099,5.0330,0.0666,straight,0.0673,9.4200,0.0566,0.0408,0.1021
0.0223,2.5676,0.0094,stand,0.0000,5.8400,0.0000,nan,nan
0.1704,1.3840,0.0987,lateral,0.6091,9.1600,0.1668,-0.1702,0.0085
0.0124,1.3424,0.0090,stand,0.0000,8.3000,0.0000,nan,nan
0.0787,0.9666,0.0529,turn,0.0000,7.3400,0.0000,nan,nan
0.1194,4.6970,0.0748,straight,1.8345,8.8400,0.0898,0.0618,0.1022
0.2716,3.7972,0.0535,lateral,1.1537,9.8800,0.2576,-0.1803,0.2032
0.2086,4.2494,0.1198,straight,1.6768,5.0200,0.2086,-0.1719,0.1182
0.0031,0.7672,0.0293,stand,0.0000,5.9000,0.0000,nan,nan
0.0855,11.0472,0.0650,lateral,0.1305,9.5600,0.0330,0.0513,0.0684
0.0695,8.1968,0.0638,straight,1.4180,6.5600,0.0695,-0.0628,0.0299
0.2590,9.9024,0.0501,lateral,0.4760,7.1800,0.2496,-0.1408,0.2173
0.0631,8.0597,0.0834,turn,0.0000,6.5400,0.0000,nan,nan
0.0617,4.5056,0.0170,turn,0.0000,8.2600,0.0000,nan,nan
0.1098,2.6518,0.0656,combined,2.0818,9.1800,0.1098,-0.0755,0.0798
0.1029,0.3317,0.0328,turn,0.0000,5.3200,0.0000,nan,nan
0.1890,6.1637,0.0314,combined,1.4650,8.3800,0.1833,-0.0391,0.1849
0.1432,2.2294,0.0637,lateral,0.4814,9.0200,0.1287,-0.0535,0.1328
0.3040,0.1777,0.2339,lateral,1.2912,4.3400,0.3040,-0.2606,0.1566
0.3323,2.0172,0.0940,straight,0.7169,4.2200,0.3323,-0.3316,0.0222
0.2711,2.7448,0.0516,combined,1.6018,5.8400,0.2711,-0.2622,0.0691
0.1880,3.3569,0.0916,lateral,1.3882,6.7200,0.1856,-0.1717,0.0767
0.0280,1.1456,0.0235,stand,0.0000,7.6200,0.0000,nan,nan
0.1257,0.3039,0.0248,lateral,0.5187,6.5600,0.1257,-0.1216,0.0319
0.0116,0.7800,0.0135,stand,0.0000,5.8600,0.0000,nan,nan
0.0371,0.6138,0.0295,stand,0.0000,7.7200,0.0000,nan,nan
0.0171,0.8028,0.0255,stand,0.0000,5.9200,0.0000,nan,nan
0.0223,9.5922,0.0224,turn,0.0000,4.4000,0.0000,nan,nan
0.1866,11.4973,0.0686,lateral,0.7341,7.3800,0.1861,-0.1858,0.0170
0.0955,2.9677,0.0662,turn,0.0000,4.4800,0.0000,nan,nan
0.1854,0.1038,0.0723,turn,0.0000,7.9400,0.0000,nan,nan
0.4968,16.8975,0.1299,straight,1.5652,4.2200,0.4968,-0.4758,0.1430
0.2142,1.8148,0.0426,straight,1.4650,9.6000,0.2133,-0.0412,0.2103
0.3124,9.8219,0.0553,combined,0.6606,9.1600,0.3124,-0.2857,0.1265
0.2222,4.2976,0.0648,combined,1.2703,5.6600,0.2222,-0.1812,0.1287
0.0106,1.5274,0.0462,stand,0.0000,8.4200,0.0000,nan,nan
0.4907,5.9738,0.1138,lateral,1.2056,4.3800,0.4893,-0.4777,0.1121
0.1446,0.8187,0.0321,straight,1.4954,9.7000,0.1446,-0.1439,0.0140
0.2696,2.9127,0.0325,lateral,1.1079,7.0200,0.2589,-0.0872,0.2551
0.1202,4.4862,0.1090,turn,0.0000,7.9200,0.0000,nan,nan
0.1461,1.6007,0.0428,turn,0.0000,8.5400,0.0000,nan,nan
0.1667,2.5642,0.1162,straight,0.8010,5.2200,0.1667,-0.1663,0.0119
0.1613,3.8194,0.1227,lateral,1.3230,5.1800,0.1613,-0.1196,0.1083
0.1241,3.7079,0.0700,straight,1.9609,9.4200,0.1241,-0.1225,0.0201
0.4327,1.5335,0.1029,straight,1.6901,5.0800,0.4327,-0.4323,0.0197
0.0056,2.3217,0.0582,stand,0.0000,5.1400,0.0000,nan,nan
0.0451,4.6350,0.1231,turn,0.0000,5.9400,0.0000,nan,nan
0.1437,0.0277,0.1321,straight,0.0997,9.9200,0.0541,0.0803,0.1191
0.0335,0.1989,0.0076,stand,0.0000,8.5600,0.0000,nan,nan
0.0281,1.0391,0.0147,stand,0.0000,8.7800,0.0000,nan,nan
0.2843,2.2214,0.1096,straight,1.3229,7.9600,0.2843,-0.2737,0.0766
0.0232,1.3632,0.0241,stand,0.0000,5.2800,0.0000,nan,nan
0.0174,1.1890,0.0321,stand,0.0000,5.2200,0.0000,nan,nan
0.1314,1.1316,0.1647,lateral,0.7533,4.8400,0.1314,-0.1310,0.0107
0.3738,3.1089,0.2128,lateral,1.3392,4.6800,0.3738,-0.3725,0.0316
0.5200,3.6504,0.1183,straight,1.8684,4.5400,0.5200,-0.4832,0.1922
0.1995,10.4434,0.0340,turn,0.0000,9.6400,0.0000,nan,nan
0.0598,8.5721,0.0637,turn,0.0000,6.9800,0.0000,nan,nan
0.0206,0.4360,0.0182,stand,0.0000,8.3200,0.0000,nan,nan
0.1758,9.9773,0.0252,combined,0.6362,8.7000,0.1727,-0.1124,0.1352
0.0509,11.1044,0.0992,turn,0.0000,8.6200,0.0000,nan,nan
0.0130,0.7437,0.0281,stand,0.0000,9.8600,0.0000,nan,nan
0.0276,1.3409,0.0170,stand,0.0000,8.8200,0.0000,nan,nan
0.0277,1.5119,0.0298,stand,0.0000,4.2000,0.0000,nan,nan
0.0063,0.4379,0.0611,stand,0.0000,9.3600,0.0000,nan,nan
0.0139,0.4747,0.0177,stand,0.0000,5.2200,0.0000,nan,nan
0.3457,0.2947,0.0390,lateral,1.0909,5.2800,0.3454,-0.3408,0.0580
0.3152,2.3275,0.0246,lateral,0.9876,9.2400,0.2489,0.0381,0.3129
0.0578,0.7127,0.0136,stand,0.0000,6.1400,0.0000,nan,nan
0.2700,2.5078,0.0952,straight,0.8277,8.4200,0.2700,-0.2573,0.0818
0.0071,0.1924,0.0395,stand,0.0000,5.8600,0.0000,nan,nan
0.0145,1.4791,0.0526,stand,0.0000,4.9600,0.0000,nan,nan
0.6035,5.7126,0.1443,straight,2.0916,5.3200,0.6035,-0.6016,0.0480
0.0692,4.7779,0.0451,combined,1.4725,8.7600,0.0105,0.0658,0.0214
0.1212,8.0542,0.0510,combined,1.1740,7.1600,0.1212,-0.1086,0.0539
0.1644,2.1885,0.0866,straight,1.4611,8.0600,0.1630,-0.1392,0.0875
0.1365,8.1770,0.0004,turn,0.0000,8.9000,0.0000,nan,nan
0.4491,4.0182,0.0871,straight,1.9812,5.8600,0.4491,-0.4453,0.0587
0.4283,9.7313,0.1393,combined,1.7075,5.1400,0.4283,-0.4096,0.1252
0.1194,1.9800,0.0351,turn,0.0000,4.5000,0.0000,nan,nan
0.0206,0.2376,0.0496,stand,0.0000,9.5400,0.0000,nan,nan
0.0360,4.3378,0.0249,turn,0.0000,4.5200,0.0000,nan,nan
0.1478,2.0860,0.0264,lateral,0.4433,6.1800,0.1478,-0.0890,0.1180
0.0323,0.5651,0.0391,turn,0.0000,7.8000,0.0000,nan,nan
0.0196,0.0784,0.0514,stand,0.0000,6.3200,0.0000,nan,nan
0.0104,2.9277,0.0610,stand,0.0000,7.4200,0.0000,nan,nan
0.0221,1.2319,0.0039,stand,0.0000,5.7800,0.0000,nan,nan
0.1274,4.9685,0.0782,turn,0.0000,6.8000,0.0000,nan,nan
0.2609,7.2607,0.0782,combined,1.0921,5.3800,0.2609,-0.2558,0.0514
0.1276,8.5810,0.0423,combined,0.3509,8.0400,0.1150,-0.0653,0.1096
0.2276,9.5638,0.0896,straight,0.0966,7.9600,0.0831,0.0557,0.2207
0.4532,11.8106,0.0797,straight,1.8559,5.4400,0.4532,-0.4531,0.0110
0.2488,10.6124,0.1228,lateral,0.7924,4.2800,0.2488,-0.2453,0.0416
0.1583,10.6746,0.0595,turn,0.0000,4.2600,0.0000,nan,nan
0.1167,0.1609,0.0737,turn,0.0000,7.4200,0.0000,nan,nan
0.4818,12.6715,0.1568,combined,2.0833,4.7000,0.4818,-0.4795,0.0468
0.1168,0.7212,0.0364,turn,0.0000,8.4800,0.0000,nan,nan
0.0766,11.6628,0.0209,straight,0.7346,8.7800,0.0470,0.0423,0.0638
0.0168,2.8401,0.0323,stand,0.0000,9.3200,0.0000,nan,nan
0.1078,11.5915,0.0506,combined,0.6371,9.2400,0.0910,-0.0590,0.0903
0.1957,4.7695,0.0298,lateral,0.5471,4.5800,0.1957,-0.1761,0.0853
0.3647,4.9803,0.0248,combined,1.5643,5.8200,0.3647,-0.3061,0.1983
0.0369,1.4533,0.0055,stand,0.0000,5.9000,0.0000,nan,nan
0.2459,1.9576,0.0886,turn,0.0000,9.9400,0.0000,nan,nan
0.2788,4.5913,0.0957,straight,0.6296,6.3600,0.2788,-0.2404,0.1411
0.0984,3.3103,0.0507,turn,0.0000,5.3800,0.0000,nan,nan
0.1293,1.9177,0.1607,straight,1.8627,6.4000,0.1275,0.0008,0.1293
0.2111,3.4277,0.0858,combined,2.3016,6.1600,0.2111,-0.2010,0.0644
0.0633,0.3673,0.0465,turn,0.0000,4.0800,0.0000,nan,nan
0.1591,4.2706,0.0302,combined,0.6228,6.3800,0.1591,-0.1588,0.0085
0.1689,1.9461,0.0521,turn,0.0000,9.7800,0.0000,nan,nan
0.0581,8.3505,0.0749,turn,0.0000,8.3000,0.0000,nan,nan
0.1782,0.7641,0.0256,lateral,0.6791,4.7200,0.1782,-0.1261,0.1259
0.3535,5.2363,0.1346,straight,1.5942,5.0800,0.3535,-0.3461,0.0719
0.1643,2.2884,0.1019,lateral,0.1553,4.9400,0.1404,-0.1436,0.0798
0.0256,1.1806,0.0338,stand,0.0000,8.9200,0.0000,nan,nan
0.3115,4.7172,0.0447,straight,1.0951,9.9400,0.3115,-0.3086,0.0423
0.3974,1.6537,0.0327,straight,1.2642,6.9200,0.3974,-0.3815,0.1113
0.0234,2.9770,0.0216,stand,0.0000,6.9400,0.0000,nan,nan
0.1247,1.7736,0.0338,lateral,0.0716,6.4400,0.0716,-0.1246,0.0050
0.4165,3.3777,0.1199,lateral,1.4464,4.3400,0.4165,-0.4116,0.0640
0.4460,3.1434,0.1066,combined,2.1240,4.0600,0.4460,-0.4382,0.0833
0.1621,3.0552,0.0853,straight,0.4620,8.1200,0.1621,-0.1589,0.0323
0.3472,7.2689,0.1496,straight,2.0104,4.0600,0.3472,-0.3467,0.0187
0.1432,7.9481,0.0534,combined,1.7328,7.1200,0.1432,-0.0940,0.1080
0.1880,9.1447,0.0166,lateral,1.1066,9.8200,0.1880,-0.1880,0.0025
0.1909,2.4620,0.0656,straight,1.7661,7.0800,0.1909,-0.1663,0.0936
0.2785,4.7042,0.0722,lateral,0.1378,8.4200,0.0028,0.2622,0.0939
0.1082,8.3236,0.0995,straight,0.1269,7.9000,0.0549,0.0836,0.0687
0.1038,8.1565,0.0436,straight,0.7502,6.1000,0.1038,-0.0933,0.0455
0.1438,3.0335,0.0334,lateral,0.2003,9.8200,0.1415,-0.0259,0.1414
0.2112,0.8337,0.0360,combined,1.7185,6.7600,0.2112,-0.1168,0.1759
0.2003,4.8145,0.0850,turn,0.0000,8.3200,0.0000,nan,nan
0.2290,1.5858,0.0397,lateral,0.8300,4.6600,0.2287,-0.2116,0.0876
0.0123,1.8015,0.0346,stand,0.0000,8.3800,0.0000,nan,nan
0.1383,4.2678,0.1655,combined,1.1332,8.6600,0.1383,-0.1221,0.0650
0.0254,1.6751,0.0223,stand,0.0000,7.2800,0.0000,nan,nan
0.1819,1.9895,0.0184,lateral,1.2930,9.6400,0.1800,-0.1710,0.0620
0.1411,2.6306,0.0699,lateral,1.0826,9.7000,0.1314,-0.0333,0.1371
0.0554,0.1169,0.0500,turn,0.0000,5.1200,0.0000,nan,nan
0.3561,4.5452,0.1210,straight,1.7640,4.0400,0.3561,-0.3560,0.0090
0.2328,5.6338,0.1511,lateral,0.4666,4.5600,0.2328,-0.2018,0.1161
0.0982,2.0683,0.0712,straight,1.1210,7.8600,0.0945,-0.0027,0.0981
0.1661,3.5694,0.0921,combined,2.4201,6.0600,0.1661,-0.1539,0.0626
0.2452,2.8604,0.0564,straight,0.5430,7.3400,0.2452,-0.2401,0.0501
0.1326,1.8695,0.0873,lateral,0.5566,6.0800,0.1290,-0.0967,0.0907
0.0856,7.3866,0.1414,straight,0.3201,7.2800,0.0422,0.0541,0.0663
0.0739,2.2925,0.0197,turn,0.0000,6.8800,0.0000,nan,nan
0.0679,5.6535,0.1072,lateral,0.0474,7.6000,0.0418,-0.0284,0.0617
0.0137,0.1462,0.0112,stand,0.0000,6.5400,0.0000,nan,nan
0.0687,3.2533,0.1142,straight,1.0064,5.8600,0.0668,-0.0264,0.0635
0.2873,0.8846,0.0385,straight,1.2561,9.3400,0.2873,-0.2873,0.0022
0.1157,3.6606,0.1159,straight,1.6955,8.1400,0.1157,-0.1120,0.0290
0.5398,6.2822,0.1030,combined,1.5412,4.0000,0.5398,-0.4785,0.2497
0.1948,1.0921,0.0291,lateral,0.4991,4.0400,0.1948,-0.1937,0.0198
0.1646,0.8842,0.0990,straight,0.6006,4.0400,0.1646,-0.1546,0.0564
0.3197,6.1529,0.1097,combined,1.0695,4.0600,0.3197,-0.3029,0.1024
0.0279,2.6985,0.0218,stand,0.0000,4.0600,0.0000,nan,nan
0.0301,0.7875,0.0371,stand,0.0000,4.0800,0.0000,nan,nan
0.1162,1.8885,0.0469,lateral,0.0580,4.1000,0.0580,-0.1075,0.0441
0.3237,4.2576,0.1392,straight,1.9017,4.2000,0.3237,-0.3220,0.0328
0.0731,1.2608,0.1319,turn,0.0000,4.2200,0.0000,nan,nan
0.0498,3.4377,0.0459,stand,0.0000,4.2400,0.0000,nan,nan
0.4111,16.7318,0.1464,straight,1.4373,4.2400,0.4111,-0.4057,0.0663
0.0148,11.5726,0.1035,lateral,0.0720,4.2400,0.0090,0.0017,0.0147
0.2221,5.5291,0.0915,lateral,1.3995,4.3200,0.2221,-0.2002,0.0960
0.4713,9.9829,0.2590,straight,2.3083,4.3400,0.4713,-0.4709,0.0192
0.3936,7.2430,0.1870,combined,1.6854,4.3400,0.3936,-0.3936,0.0047
0.0765,5.1450,0.0245,turn,0.0000,4.3600,0.0000,nan,nan
0.2171,2.0508,0.0838,straight,0.7247,4.3600,0.2128,-0.1274,0.1758
0.3744,2.5257,0.1162,combined,1.6752,4.3600,0.3744,-0.3693,0.0617
0.0920,0.2075,0.0205,stand,0.0000,4.4000,0.0000,nan,nan
0.3344,1.0259,0.0658,lateral,0.8222,4.4000,0.3344,-0.3344,0.0016
0.1942,4.5450,0.0908,lateral,1.2576,4.4200,0.1942,-0.1815,0.0691
0.1805,10.7451,0.0895,combined,0.4812,4.4400,0.1805,-0.1737,0.0492
0.0836,1.5611,0.0319,stand,0.0000,4.4400,0.0000,nan,nan
0.0060,0.3765,0.0459,turn,0.0000,4.4600,0.0000,nan,nan
0.3243,6.4412,0.0164,lateral,1.0160,4.4600,0.3243,-0.2839,0.1568
0.4378,0.8701,0.0937,lateral,1.5079,4.4800,0.4378,-0.4352,0.0474
0.0313,0.1637,0.0224,turn,0.0000,4.5000,0.0000,nan,nan
0.1176,0.6140,0.0399,turn,0.0000,4.5000,0.0000,nan,nan
0.3269,2.3956,0.1326,combined,2.3746,4.5200,0.3269,-0.3191,0.0711
0.0405,1.6459,0.0554,lateral,0.0545,4.5400,0.0395,-0.0293,0.0279
0.1038,4.9171,0.0119,stand,0.0000,4.6200,0.0000,nan,nan
0.5386,2.1983,0.0836,combined,2.2823,4.6200,0.5386,-0.4534,0.2906
0.3338,2.3529,0.0807,straight,1.0580,4.6400,0.3338,-0.3284,0.0600
0.0510,2.9076,0.0397,stand,0.0000,4.6400,0.0000,nan,nan
0.0491,0.8392,0.0565,stand,0.0000,4.6600,0.0000,nan,nan
0.1527,2.9537,0.0880,straight,0.8109,4.7000,0.1527,-0.1283,0.0828
0.0447,1.9966,0.0121,stand,0.0000,4.7400,0.0000,nan,nan
0.0452,0.5039,0.0117,stand,0.0000,4.8400,0.0000,nan,nan
0.4995,5.3442,0.0734,combined,1.2709,4.8600,0.4995,-0.4875,0.1087
0.1988,5.8141,0.1145,lateral,0.0472,4.8800,0.0472,-0.0465,0.1933
0.3316,13.2405,0.0870,straight,0.4185,4.9000,0.3166,-0.1157,0.3108
0.5520,26.2817,0.0335,stand,0.0000,4.9000,0.0000,nan,nan
0.0525,5.8134,0.0317,turn,0.0000,4.9000,0.0000,nan,nan
0.0792,7.0710,0.0477,lateral,0.7725,4.9400,0.0776,-0.0702,0.0368
0.1629,6.9751,0.0386,lateral,0.8132,4.9600,0.1620,-0.1136,0.1168
0.3226,8.5683,0.0357,combined,1.3804,5.0200,0.3226,-0.3193,0.0461
0.1642,1.9154,0.1126,turn,0.0000,5.0200,0.0000,nan,nan
0.2414,3.9815,0.0904,lateral,1.2527,5.0200,0.2414,-0.2367,0.0477
0.3134,1.1269,0.1362,straight,1.6604,5.0600,0.3134,-0.3134,0.0003
0.1517,4.6262,0.0378,turn,0.0000,5.0600,0.0000,nan,nan
0.1582,2.0440,0.0199,turn,0.0000,5.1200,0.0000,nan,nan
0.2356,9.5916,0.0726,straight,0.7715,5.1200,0.2356,-0.2222,0.0784
0.4797,5.8000,0.0097,combined,2.3622,5.1600,0.4797,-0.4797,0.0030
0.2983,13.7702,0.0641,lateral,0.3832,5.1600,0.2635,-0.2692,0.1285
0.1355,1.6463,0.0344,turn,0.0000,5.2200,0.0000,nan,nan
0.0970,3.9309,0.0794,turn,0.0000,5.2200,0.0000,nan,nan
0.1365,2.7831,0.0556,turn,0.0000,5.2400,0.0000,nan,nan
0.2694,6.9066,0.0753,straight,0.7079,5.2400,0.2694,-0.2688,0.0184
0.3669,6.8225,0.1100,straight,2.1619,5.2400,0.3669,-0.3650,0.0378
0.0424,1.3926,0.0108,stand,0.0000,5.2600,0.0000,nan,nan
0.1739,4.2961,0.0783,straight,0.5888,5.2600,0.1739,-0.1732,0.0150
0.2923,3.1910,0.1649,straight,1.3019,5.2800,0.2923,-0.1940,0.2187
0.4652,2.5742,0.1292,combined,2.0393,5.3000,0.4652,-0.4651,0.0098
0.1582,0.3594,0.0138,turn,0.0000,5.3000,0.0000,nan,nan
0.1063,3.4254,0.0216,lateral,0.4531,5.3200,0.1056,-0.0879,0.0596
0.1906,4.7238,0.1366,combined,0.1344,5.3400,0.0801,0.0716,0.1766
0.1451,5.6376,0.0954,lateral,0.1062,5.3600,0.0925,-0.0714,0.1263
0.1908,6.9957,0.0572,turn,0.0000,5.3600,0.0000,nan,nan
0.3620,1.1203,0.0751,combined,2.2810,5.3800,0.3620,-0.3254,0.1586
0.1571,7.2681,0.0259,straight,0.7578,5.4000,0.1571,-0.0218,0.1556
0.2230,4.1176,0.0608,combined,1.4114,5.4000,0.2230,-0.2125,0.0677
0.1271,6.0670,0.0248,lateral,0.3968,5.4200,0.1261,-0.1226,0.0333
0.2192,3.4067,0.1038,lateral,0.9524,5.4400,0.2192,-0.1953,0.0995
0.4822,2.4014,0.0714,straight,1.5152,5.4400,0.4822,-0.4788,0.0571
0.2613,0.8750,0.0580,combined,0.8895,5.4600,0.2613,-0.2285,0.1267
0.1698,4.5719,0.0569,lateral,1.5627,5.4800,0.1698,-0.1520,0.0756
0.3263,1.2848,0.0391,combined,2.1067,5.5200,0.3263,-0.3255,0.0231
0.2084,0.8941,0.1102,combined,1.5628,5.5200,0.2084,-0.1113,0.1761
0.1570,4.5011,0.0659,turn,0.0000,5.5400,0.0000,nan,nan
0.5448,0.0686,0.1338,combined,1.8242,5.5400,0.5448,-0.5375,0.0889
0.2088,6.2828,0.0982,combined,2.1948,5.5400,0.2088,-0.2085,0.0122
0.2730,4.1123,0.0367,lateral,0.0660,5.5600,0.0601,-0.2597,0.0842
0.1636,2.7853,0.1139,straight,1.7229,5.6600,0.1636,-0.1579,0.0427
0.0177,0.8339,0.0302,stand,0.0000,5.6800,0.0000,nan,nan
0.0370,6.0037,0.1019,lateral,0.4063,5.6800,0.0023,0.0339,0.0148
0.0024,7.5686,0.0557,lateral,0.2575,5.7000,0.0013,-0.0024,0.0005
0.0481,0.8589,0.0177,stand,0.0000,5.7400,0.0000,nan,nan
0.1267,10.1843,0.0608,lateral,0.8820,5.7400,0.1267,-0.1203,0.0398
0.2147,2.4010,0.0425,combined,1.5924,5.7400,0.2147,-0.1796,0.1176
0.4465,0.2569,0.1850,combined,1.0487,5.7400,0.4465,-0.4464,0.0105
0.0796,7.9056,0.1016,lateral,1.0367,5.8000,0.0796,-0.0711,0.0357
0.2711,0.9320,0.0868,lateral,1.5474,5.8200,0.2711,-0.2446,0.1168
0.0975,2.7105,0.0729,straight,0.8669,5.8400,0.0975,-0.0971,0.0089
0.2826,4.0661,0.0671,turn,0.0000,5.9000,0.0000,nan,nan
0.0349,6.4354,0.0418,lateral,0.0790,5.9000,0.0316,0.0195,0.0289
0.3123,9.7246,0.0224,combined,2.2421,5.9000,0.3123,-0.3057,0.0642
0.1324,8.8088,0.0619,turn,0.0000,5.9600,0.0000,nan,nan
0.4179,3.3688,0.0970,straight,2.3651,5.9600,0.4179,-0.4177,0.0145
0.1555,4.9780,0.0546,turn,0.0000,5.9800,0.0000,nan,nan
0.2398,7.8494,0.0484,lateral,0.6289,6.0200,0.2398,-0.2396,0.0076
0.2355,3.6804,0.1245,combined,0.8708,6.0200,0.2355,-0.2330,0.0339
0.3268,5.9736,0.0784,combined,1.8552,6.0600,0.3268,-0.3222,0.0548
0.1054,1.9732,0.0716,straight,0.3166,6.0800,0.1054,-0.0621,0.0852
0.2846,1.7556,0.0525,lateral,1.1187,6.1000,0.2846,-0.2826,0.0338
0.3786,6.0772,0.0349,combined,2.2006,6.1400,0.3786,-0.3777,0.0254
0.1743,2.6996,0.1185,combined,1.8502,6.1600,0.1743,-0.1731,0.0202
0.4215,3.3573,0.1008,straight,2.1541,6.1600,0.4215,-0.3692,0.2034
0.0951,2.9040,0.0874,lateral,0.0877,6.1600,0.0264,0.0948,0.0065
0.0663,0.9412,0.0273,stand,0.0000,6.1600,0.0000,nan,nan
0.1871,2.8940,0.1266,lateral,0.2512,6.2000,0.1373,-0.0009,0.1871
0.0296,0.0990,0.0080,stand,0.0000,6.2000,0.0000,nan,nan
0.1724,7.2480,0.0327,turn,0.0000,6.2000,0.0000,nan,nan
0.2616,7.9856,0.1238,combined,1.6824,6.2800,0.2616,-0.2616,0.0028
0.1298,6.3003,0.1249,lateral,1.0460,6.2800,0.1298,-0.1298,0.0015
0.0747,1.1827,0.0947,straight,0.4112,6.3000,0.0747,-0.0730,0.0161
0.0207,1.2655,0.0229,stand,0.0000,6.3200,0.0000,nan,nan
0.3071,2.8876,0.1573,lateral,1.5407,6.3200,0.3071,-0.3024,0.0532
0.1281,4.6511,0.0529,turn,0.0000,6.3400,0.0000,nan,nan
0.2964,8.8346,0.1597,combined,1.6542,6.3600,0.2964,-0.2801,0.0968
0.3158,0.0205,0.0315,combined,1.1887,6.3800,0.3158,-0.3152,0.0198
0.2599,0.7227,0.0900,combined,1.9011,6.4000,0.2599,-0.2584,0.0286
0.2074,2.8662,0.0365,straight,1.1553,6.4000,0.2074,-0.1773,0.1075
0.1742,6.2573,0.0638,lateral,0.5285,6.4000,0.1741,-0.1197,0.1266
0.0837,6.7548,0.0716,straight,0.1770,6.4400,0.0494,0.0719,0.0428
0.0575,3.1390,0.0204,stand,0.0000,6.4600,0.0000,nan,nan
0.1459,1.4967,0.0445,turn,0.0000,6.4800,0.0000,nan,nan
0.1307,1.9580,0.0976,lateral,0.9712,6.4800,0.1307,-0.1292,0.0193
0.0666,1.2710,0.0528,stand,0.0000,6.5200,0.0000,nan,nan
0.2726,2.4411,0.0920,combined,1.9429,6.5400,0.2726,-0.0658,0.2645
0.0393,4.0468,0.0913,lateral,0.2939,6.5600,0.0259,-0.0013,0.0392
0.1866,1.3698,0.0795,turn,0.0000,6.6400,0.0000,nan,nan
0.1311,10.0605,0.0350,straight,0.4506,6.6400,0.1153,0.0126,0.1305
0.0131,0.7351,0.0248,stand,0.0000,6.7000,0.0000,nan,nan
0.2046,12.6882,0.0413,lateral,1.3375,6.7200,0.1926,-0.0108,0.2043
0.1452,6.4425,0.0418,turn,0.0000,6.7200,0.0000,nan,nan
0.2908,0.3212,0.0709,lateral,0.5814,6.7400,0.2857,-0.2025,0.2088
0.1364,2.4649,0.0566,combined,0.3125,6.7400,0.0123,0.1010,0.0917
0.2741,10.7844,0.0298,combined,2.2247,6.7800,0.2741,-0.2730,0.0246
0.0218,1.8517,0.0264,stand,0.0000,6.8200,0.0000,nan,nan
0.0645,7.1521,0.0866,lateral,0.1837,6.8200,0.0435,0.0030,0.0645
0.1556,6.7355,0.0451,turn,0.0000,6.9000,0.0000,nan,nan
0.3052,10.1989,0.1428,combined,1.4834,6.9000,0.3011,-0.1784,0.2476
0.0769,3.5556,0.0149,stand,0.0000,6.9200,0.0000,nan,nan
0.1626,0.8238,0.1199,combined,1.9356,6.9200,0.1626,-0.1619,0.0151
0.1070,7.6855,0.0566,combined,0.6141,6.9400,0.1070,-0.0358,0.1008
0.0434,2.9011,0.1075,turn,0.0000,6.9600,0.0000,nan,nan
0.0587,2.3972,0.0430,stand,0.0000,7.0000,0.0000,nan,nan
0.2194,4.7012,0.0750,turn,0.0000,7.0400,0.0000,nan,nan
0.1154,8.1203,0.0329,turn,0.0000,7.0600,0.0000,nan,nan
0.0065,3.0675,0.0586,combined,0.4340,7.0600,0.0065,0.0022,0.0061
0.0834,2.5977,0.0245,stand,0.0000,7.0600,0.0000,nan,nan
0.1442,9.4146,0.0420,combined,1.0747,7.0800,0.1442,-0.1166,0.0847
0.2539,4.6126,0.1113,straight,1.7453,7.1200,0.2539,-0.2529,0.0216
0.0951,0.6068,0.1455,lateral,1.4950,7.1200,0.0678,0.0375,0.0874
0.0438,5.9428,0.1311,lateral,1.1568,7.1600,0.0438,-0.0420,0.0123
0.0370,1.7316,0.0545,combined,1.1566,7.1600,0.0370,-0.0370,0.0009
0.0736,0.6024,0.1644,lateral,1.4762,7.2400,0.0089,0.0684,0.0270
0.0905,6.9994,0.0643,turn,0.0000,7.2600,0.0000,nan,nan
0.1174,2.4992,0.0575,turn,0.0000,7.3000,0.0000,nan,nan
0.1685,7.1892,0.0530,combined,1.9316,7.3000,0.1685,-0.1621,0.0461
0.1679,7.8485,0.0446,lateral,0.9006,7.3600,0.1679,-0.0848,0.1449
0.0576,15.7828,0.1082,lateral,0.7864,7.3800,0.0576,-0.0284,0.0501
0.1576,4.3428,0.1089,lateral,0.4084,7.4200,0.1533,-0.1531,0.0372
0.0821,2.2186,0.0227,stand,0.0000,7.4200,0.0000,nan,nan
0.0962,1.1807,0.0366,lateral,0.7288,7.4600,0.0962,-0.0958,0.0083
0.2643,8.3492,0.0854,combined,1.0534,7.4800,0.2595,-0.1489,0.2184
0.1600,6.7892,0.1291,combined,2.2796,7.5200,0.1600,-0.0595,0.1485
0.1839,4.7374,0.1449,combined,2.2230,7.5400,0.1839,-0.1742,0.0590
0.1892,2.7843,0.0670,straight,1.1391,7.5800,0.1892,-0.1720,0.0790
0.0918,0.9855,0.0429,turn,0.0000,7.6000,0.0000,nan,nan
0.0562,1.7695,0.0242,stand,0.0000,7.6600,0.0000,nan,nan
0.0618,4.0612,0.0151,stand,0.0000,7.7000,0.0000,nan,nan
0.1870,4.2440,0.1004,straight,0.8141,7.7200,0.1852,-0.1839,0.0340
0.2118,3.8902,0.0770,straight,1.7169,7.7400,0.2118,-0.2085,0.0376
0.2744,0.3703,0.0333,combined,1.9532,7.8400,0.2703,-0.2077,0.1793
0.0845,1.1240,0.0790,turn,0.0000,7.8400,0.0000,nan,nan
0.2574,4.2017,0.0682,straight,1.2329,7.8800,0.2574,-0.2556,0.0300
0.1101,2.2540,0.0669,turn,0.0000,7.9200,0.0000,nan,nan
0.1044,8.0393,0.0950,lateral,1.2739,7.9600,0.1044,-0.0795,0.0678
0.2437,7.6626,0.0524,straight,1.2041,7.9600,0.2437,-0.2360,0.0609
0.2651,1.0500,0.0613,straight,2.3220,7.9600,0.2651,-0.2576,0.0626
0.2497,4.7030,0.1600,combined,1.1167,8.0000,0.2497,-0.2334,0.0888
0.2024,5.8931,0.0834,turn,0.0000,8.0200,0.0000,nan,nan
0.1924,4.6190,0.0813,turn,0.0000,8.0200,0.0000,nan,nan
0.0199,2.3867,0.0363,stand,0.0000,8.1000,0.0000,nan,nan
0.1635,6.2564,0.0130,turn,0.0000,8.1000,0.0000,nan,nan
0.1787,5.1509,0.0989,combined,1.2676,8.1200,0.1732,-0.1737,0.0423
0.2407,0.5610,0.0261,lateral,0.2027,8.1200,0.1213,-0.1121,0.2131
0.2345,10.9047,0.0310,combined,1.8162,8.1200,0.2345,-0.2225,0.0738
0.0777,13.2396,0.0337,combined,1.3168,8.1400,0.0777,-0.0511,0.0586
0.1461,1.3224,0.0439,straight,2.0171,8.1800,0.1461,-0.1446,0.0205
0.2132,2.7327,0.0060,turn,0.0000,8.2000,0.0000,nan,nan
0.2040,3.6602,0.0557,straight,1.9424,8.2400,0.2040,-0.1727,0.1085
0.1986,5.8602,0.0351,turn,0.0000,8.2600,0.0000,nan,nan
0.0354,0.7238,0.0317,stand,0.0000,8.2800,0.0000,nan,nan
0.0105,2.3814,0.0461,stand,0.0000,8.2800,0.0000,nan,nan
0.1212,2.4459,0.0678,lateral,1.0924,8.3400,0.1212,-0.0287,0.1177
0.0424,2.1545,0.0223,stand,0.0000,8.3800,0.0000,nan,nan
0.1381,1.0927,0.0160,turn,0.0000,8.3800,0.0000,nan,nan
0.0707,6.4250,0.0475,lateral,0.9365,8.3800,0.0701,-0.0704,0.0065
0.0920,2.4364,0.0575,combined,1.7186,8.4200,0.0920,-0.0837,0.0381
0.3332,9.8851,0.0456,combined,2.4990,8.4600,0.3332,-0.3324,0.0239
0.3078,8.9408,0.0404,combined,1.7569,8.4800,0.3027,-0.1756,0.2527
0.1447,4.8111,0.0159,combined,1.5906,8.5600,0.1433,-0.0927,0.1111
0.0495,0.1969,0.0941,combined,1.6475,8.5600,0.0488,-0.0249,0.0428
0.1687,7.1493,0.0687,straight,2.3801,8.5800,0.1618,-0.1107,0.1274
0.1150,2.7403,0.0427,combined,0.7654,8.7000,0.0963,0.0368,0.1089
0.0981,5.1832,0.0546,lateral,0.2765,4.6400,0.0968,-0.0608,0.0770
0.0686,10.1380,0.0284,turn,0.0000,4.2200,0.0000,nan,nan
0.1754,3.6567,0.0392,combined,1.2155,8.7600,0.1542,0.0233,0.1739
0.1378,0.7649,0.0400,lateral,0.0665,4.5400,0.0665,-0.1345,0.0299
0.1944,3.4754,0.1715,straight,2.0314,8.7800,0.1489,0.0090,0.1942
0.1005,0.6862,0.0134,turn,0.0000,8.7800,0.0000,nan,nan
0.0032,0.1712,0.0242,stand,0.0000,4.6200,0.0000,nan,nan
0.0280,1.7763,0.0156,stand,0.0000,8.8800,0.0000,nan,nan
0.1110,2.7683,0.0092,turn,0.0000,8.8800,0.0000,nan,nan
0.0773,4.6894,0.0471,lateral,0.8235,8.9200,0.0690,-0.0733,0.0244
0.0374,4.2115,0.0349,combined,1.8233,8.9200,0.0369,-0.0238,0.0288
0.2926,0.4115,0.0668,combined,1.8110,8.9400,0.2926,-0.2925,0.0069
0.0981,6.2000,0.0534,straight,0.0228,8.9400,0.0052,0.0880,0.0433
0.1761,3.8377,0.0260,combined,1.5120,8.9800,0.1705,-0.1721,0.0372
0.0572,5.0875,0.0084,stand,0.0000,9.0000,0.0000,nan,nan
0.0503,9.9239,0.0192,straight,1.6867,9.0000,0.0328,0.0189,0.0466
0.1166,0.3704,0.0149,turn,0.0000,9.0200,0.0000,nan,nan
0.2731,3.7684,0.0537,straight,0.2827,9.0200,0.2584,-0.0785,0.2615
0.0807,0.3686,0.1171,straight,0.3450,4.8400,0.0807,-0.0786,0.0183
0.1250,11.7355,0.0561,lateral,0.4435,9.1000,0.0970,-0.0017,0.1250
0.3902,1.8095,0.1088,straight,2.0174,4.5200,0.3902,-0.3806,0.0861
0.1041,5.6764,0.0468,lateral,0.5049,5.1000,0.1036,-0.1040,0.0016
0.2523,3.2580,0.0507,lateral,0.8374,9.1800,0.2462,-0.1707,0.1858
0.0430,0.7866,0.0279,stand,0.0000,9.2000,0.0000,nan,nan
0.1730,4.2018,0.0886,turn,0.0000,9.2800,0.0000,nan,nan
0.0449,0.4963,0.0362,stand,0.0000,9.3000,0.0000,nan,nan
0.0255,8.6334,0.0572,lateral,1.4230,9.3200,0.0147,0.0133,0.0218
0.0725,4.3644,0.0543,stand,0.0000,9.3200,0.0000,nan,nan
0.2107,1.5931,0.0506,straight,1.1393,9.3600,0.2104,-0.1995,0.0679
0.2312,3.6547,0.0584,turn,0.0000,9.3800,0.0000,nan,nan
0.3501,4.2514,0.0638,combined,1.9510,9.3800,0.3501,-0.2908,0.1950
0.2649,3.8376,0.0327,combined,1.9388,9.4400,0.2597,-0.2117,0.1593
0.0274,2.4869,0.0461,turn,0.0000,5.2200,0.0000,nan,nan
0.1883,1.5950,0.0740,turn,0.0000,9.4600,0.0000,nan,nan
0.1359,0.3536,0.0085,lateral,0.0207,9.4800,0.0207,0.1337,0.0243
0.0791,0.7186,0.0572,turn,0.0000,9.4800,0.0000,nan,nan
0.2305,1.2822,0.0442,turn,0.0000,9.4800,0.0000,nan,nan
0.2033,4.7379,0.0326,turn,0.0000,5.4400,0.0000,nan,nan
0.0925,0.6194,0.0336,stand,0.0000,9.5400,0.0000,nan,nan
0.3307,2.4449,0.1057,combined,1.8883,9.5400,0.2759,0.1160,0.3096
0.4078,0.8011,0.1668,combined,1.3710,4.5000,0.4078,-0.4001,0.0790
0.1514,4.2331,0.0845,turn,0.0000,9.5800,0.0000,nan,nan
0.0405,1.7887,0.0070,stand,0.0000,9.5800,0.0000,nan,nan
0.2431,4.8352,0.0250,lateral,1.5413,9.6000,0.2414,-0.2390,0.0443
0.1388,3.3995,0.1201,turn,0.0000,4.2000,0.0000,nan,nan
0.1589,3.7891,0.0450,straight,0.5301,5.4000,0.1586,-0.1457,0.0634
0.3421,6.7696,0.1365,combined,2.0143,9.7000,0.3421,-0.2395,0.2442
0.1817,1.3725,0.0516,lateral,1.0380,5.4200,0.1817,-0.1530,0.0981
0.0878,0.8106,0.0771,turn,0.0000,9.7400,0.0000,nan,nan
0.0208,0.6397,0.1340,straight,2.2358,9.7400,0.0141,0.0072,0.0195
0.0475,1.7537,0.0681,turn,0.0000,9.7600,0.0000,nan,nan
0.1163,3.4329,0.0415,lateral,0.4375,9.7800,0.1095,-0.0749,0.0890
0.0218,1.8083,0.0745,straight,0.4065,9.7800,0.0209,-0.0103,0.0193
0.1099,3.0013,0.1050,turn,0.0000,9.8200,0.0000,nan,nan
0.0584,6.3246,0.0674,lateral,0.0035,9.8200,0.0035,-0.0265,0.0520
0.0541,1.9469,0.0433,stand,0.0000,9.9000,0.0000,nan,nan
0.0975,3.3212,0.0282,stand,0.0000,9.9200,0.0000,nan,nan
0.1223,3.4867,0.0782,combined,0.7753,9.9400,0.1223,-0.0603,0.1065
0.1266,1.3005,0.0126,stand,0.0000,9.9400,0.0000,nan,nan
0.2511,1.4425,0.0885,straight,0.1675,9.9600,0.0353,0.2143,0.1309
0.1020,1.6745,0.0224,turn,0.0000,5.6200,0.0000,nan,nan
0.1157,3.6163,0.0497,combined,0.4615,9.9800,0.1110,-0.0920,0.0701
0.0114,0.8449,0.0184,stand,0.0000,5.9200,0.0000,nan,nan
0.1114,8.8695,0.0710,combined,1.6131,9.9800,0.0773,0.0357,0.1055
0.5017,0.4394,0.1380,combined,2.0763,5.6000,0.5017,-0.4387,0.2435
0.1687,6.4347,0.0245,turn,0.0000,4.1200,0.0000,nan,nan
0.1019,0.2005,0.0416,turn,0.0000,5.6800,0.0000,nan,nan
0.1827,8.7081,0.1884,lateral,0.6748,5.6000,0.1706,-0.0454,0.1769
0.0770,1.3362,0.0854,lateral,0.4922,5.3600,0.0264,0.0636,0.0434
0.0337,0.7276,0.0045,stand,0.0000,5.2600,0.0000,nan,nan
0.1763,3.2640,0.0902,lateral,0.5529,4.1000,0.1763,-0.1759,0.0106
0.3392,7.1376,0.1347,straight,1.5476,4.2600,0.3392,-0.3392,0.0022
0.2690,3.6449,0.0674,combined,1.9749,5.8200,0.2690,-0.2649,0.0463
0.1591,3.0260,0.0969,straight,1.3688,4.8800,0.1591,-0.1225,0.1015
0.0253,1.2372,0.0084,straight,0.2354,5.0800,0.0197,0.0002,0.0253
0.0484,0.2762,0.0063,stand,0.0000,4.4200,0.0000,nan,nan
0.2150,1.4417,0.0259,lateral,0.5943,4.1200,0.2150,-0.2150,0.0029
0.1208,0.6989,0.0463,combined,0.2553,5.0600,0.1059,-0.1164,0.0321
0.0225,0.1354,0.0496,stand,0.0000,6.4000,0.0000,nan,nan
0.3323,8.8082,0.0400,combined,1.1916,5.0000,0.3323,-0.2977,0.1476
0.5442,6.0174,0.0735,combined,1.5425,4.8000,0.5442,-0.5109,0.1873
0.2150,3.8444,0.1123,straight,0.8124,6.0800,0.2150,-0.1934,0.0939
0.0872,4.9545,0.0198,turn,0.0000,5.0800,0.0000,nan,nan
0.0769,5.6593,0.0062,straight,0.3911,4.5000,0.0721,-0.0434,0.0634
0.2455,6.1308,0.0549,combined,1.8447,5.2800,0.2455,-0.2439,0.0280
0.4187,8.6566,0.1212,straight,1.7265,5.8000,0.4187,-0.3907,0.1507
0.3229,12.5250,0.0545,straight,0.6730,5.0400,0.3229,-0.3115,0.0849
0.4911,8.5705,0.1689,combined,2.4241,4.1800,0.4911,-0.4899,0.0333
0.0460,4.7190,0.0311,stand,0.0000,4.4400,0.0000,nan,nan
0.0602,9.4644,0.0096,turn,0.0000,5.2200,0.0000,nan,nan
0.3179,9.5177,0.0555,combined,1.6050,5.7400,0.3147,-0.3170,0.0243
0.3990,10.1339,0.0704,combined,1.6612,5.4200,0.3990,-0.3537,0.1846
0.1963,5.3042,0.1471,combined,1.9498,4.5800,0.1963,-0.1958,0.0140
0.2252,7.1523,0.0753,lateral,0.5777,5.0600,0.2252,-0.2229,0.0322
0.1082,7.6761,0.0851,straight,0.2645,5.8800,0.0886,0.0316,0.1035
0.1137,0.2795,0.0622,combined,0.7596,6.0000,0.1137,-0.0991,0.0558
0.2843,2.4906,0.1132,combined,1.9816,5.9800,0.2843,-0.2841,0.0102
0.1290,2.4078,0.1293,turn,0.0000,4.5800,0.0000,nan,nan
0.1177,2.5257,0.0514,combined,0.4071,6.2200,0.1177,-0.0725,0.0928
0.3023,1.5251,0.0216,combined,1.9167,6.3200,0.3023,-0.2857,0.0989
0.0718,6.8934,0.0499,lateral,0.2371,5.7600,0.0707,-0.0678,0.0237
0.3080,1.7247,0.0640,combined,1.1773,5.4000,0.3080,-0.2918,0.0985
0.3236,6.3124,0.0665,straight,1.8266,4.9800,0.3236,-0.3230,0.0199
0.1623,2.4221,0.1586,lateral,1.3330,4.5800,0.1623,-0.1587,0.0341
0.3304,9.6798,0.0678,combined,1.5974,5.8000,0.3273,-0.3209,0.0788
0.0587,1.4937,0.1404,lateral,0.6124,5.1400,0.0587,-0.0028,0.0587
0.0751,0.7925,0.0457,turn,0.0000,5.3200,0.0000,nan,nan
0.2237,1.2215,0.0119,lateral,0.8861,6.7600,0.2116,-0.0095,0.2235
0.1010,8.6467,0.0468,straight,0.9824,5.0000,0.1010,-0.0568,0.0835
0.0608,2.1100,0.0585,turn,0.0000,4.9600,0.0000,nan,nan
0.0336,3.2100,0.0662,turn,0.0000,6.9200,0.0000,nan,nan
0.1301,12.0253,0.1237,lateral,0.8459,4.9800,0.1301,-0.0944,0.0895
0.3915,1.7990,0.0776,combined,1.9746,7.1800,0.3915,-0.3906,0.0277
0.0030,1.8226,0.0167,stand,0.0000,6.3000,0.0000,nan,nan
0.1354,3.6928,0.0357,straight,1.5418,7.4400,0.1354,-0.1354,0.0014
0.1752,2.2770,0.0498,combined,0.4892,6.6200,0.1720,-0.0235,0.1736
0.4196,11.1883,0.1504,straight,2.0869,4.8800,0.4196,-0.3243,0.2663
0.1300,0.8999,0.0639,turn,0.0000,5.8800,0.0000,nan,nan
0.2193,4.7114,0.0636,combined,1.2218,7.6400,0.2193,-0.1883,0.1124
0.1603,0.3219,0.1206,straight,0.5697,5.5000,0.1603,-0.1580,0.0267
0.0268,3.7593,0.0278,stand,0.0000,7.6600,0.0000,nan,nan
0.4842,4.6452,0.1066,combined,1.5605,4.1400,0.4842,-0.4739,0.0992
0.2145,4.8191,0.0530,combined,0.9118,7.6400,0.2096,-0.1117,0.1832
0.4081,1.5234,0.0760,straight,1.9052,5.4000,0.4081,-0.4069,0.0312
0.5044,6.4300,0.1221,straight,1.4186,4.2000,0.5044,-0.5004,0.0636
0.1031,0.9272,0.1607,lateral,0.6606,4.7000,0.1031,-0.1019,0.0153
0.4118,0.3419,0.2130,combined,2.2075,4.4200,0.4118,-0.4028,0.0859
0.2547,1.5676,0.0777,combined,1.3298,4.3200,0.2547,-0.2437,0.0739
0.0867,1.8798,0.0722,turn,0.0000,4.8000,0.0000,nan,nan
0.3888,3.1602,0.0816,straight,1.9614,7.1000,0.3888,-0.3830,0.0668
0.1916,7.2065,0.0308,turn,0.0000,7.9600,0.0000,nan,nan
0.1658,2.3458,0.0575,turn,0.0000,7.7400,0.0000,nan,nan
0.2439,2.3498,0.0713,lateral,0.9515,5.1200,0.2391,-0.2434,0.0155
0.1795,3.3456,0.0899,turn,0.0000,6.4400,0.0000,nan,nan
0.1386,8.9452,0.0765,turn,0.0000,7.0800,0.0000,nan,nan
0.1362,5.3489,0.0156,combined,0.4204,8.2000,0.1153,-0.0629,0.1208
0.1369,0.7271,0.0323,lateral,1.1165,6.2000,0.1316,-0.0022,0.1369
0.0207,0.4169,0.0146,stand,0.0000,8.9200,0.0000,nan,nan
0.0653,0.7995,0.1233,turn,0.0000,4.4600,0.0000,nan,nan
0.1373,7.3238,0.0774,lateral,0.1882,4.8600,0.0477,0.1077,0.0852
0.0229,2.0486,0.0377,stand,0.0000,5.7800,0.0000,nan,nan
0.2153,8.7234,0.0535,lateral,0.0402,9.1000,0.0402,-0.1227,0.1769
0.1394,0.7152,0.0986,straight,0.1124,7.7800,0.1124,-0.1331,0.0414
0.0594,6.8779,0.0810,combined,1.1351,8.7800,0.0588,-0.0356,0.0475
0.0085,1.0971,0.0537,turn,0.0000,6.5200,0.0000,nan,nan
0.1965,4.5133,0.0576,combined,2.2721,7.1600,0.1965,-0.1635,0.1089
0.0359,0.2492,0.0246,stand,0.0000,5.8000,0.0000,nan,nan
0.1067,7.9351,0.0795,turn,0.0000,4.4600,0.0000,nan,nan
0.3800,2.1766,0.0467,lateral,1.2588,4.5800,0.3800,-0.3604,0.1207
0.1832,1.6360,0.0505,combined,0.9707,4.4200,0.1832,-0.1777,0.0444
0.0222,0.6243,0.0107,stand,0.0000,8.0800,0.0000,nan,nan
0.0219,0.0311,0.0522,stand,0.0000,6.1200,0.0000,nan,nan
0.2064,14.4426,0.0701,straight,1.9926,8.2400,0.2064,-0.2006,0.0486
0.0919,0.5937,0.0564,straight,0.3743,7.7800,0.0721,-0.0575,0.0717
0.2581,2.6778,0.1106,combined,0.4586,8.3800,0.2353,-0.2354,0.1059
0.1922,6.6475,0.0869,turn,0.0000,8.2400,0.0000,nan,nan
0.1800,0.1602,0.0564,lateral,0.5265,4.8000,0.1763,-0.1416,0.1112
0.4405,1.6733,0.1218,combined,1.0840,5.4600,0.4405,-0.4380,0.0464
0.0906,5.9437,0.0695,straight,0.2061,5.2200,0.0679,0.0241,0.0873
0.1038,1.4690,0.0190,turn,0.0000,6.5400,0.0000,nan,nan
0.2295,3.7289,0.0160,lateral,0.7174,5.6400,0.2274,-0.2275,0.0305
0.1012,2.0598,0.1087,straight,0.0652,8.3800,0.0638,-0.0916,0.0432
0.0892,0.3256,0.0702,straight,0.8579,9.2600,0.0892,-0.0840,0.0302
0.3022,0.9812,0.1092,combined,1.2773,8.0800,0.3022,-0.2824,0.1076
0.0300,0.6513,0.0244,stand,0.0000,8.2600,0.0000,nan,nan
0.0041,0.0630,0.0271,stand,0.0000,5.3600,0.0000,nan,nan
0.2243,7.1116,0.0912,combined,1.5252,4.7600,0.2243,-0.2228,0.0264
0.1348,12.4277,0.1041,turn,0.0000,6.7800,0.0000,nan,nan
0.1112,0.2047,0.0613,combined,1.1364,8.4800,0.1112,-0.1065,0.0321
0.0902,0.4187,0.1064,lateral,1.4236,8.2600,0.0856,-0.0357,0.0828
0.0914,3.4167,0.0397,lateral,0.3429,7.3200,0.0901,-0.0830,0.0383
0.0641,2.3301,0.0092,combined,1.4005,9.4000,0.0634,-0.0142,0.0625
0.0692,8.1451,0.0413,turn,0.0000,9.2600,0.0000,nan,nan
0.2236,3.3248,0.0361,combined,1.8088,7.0200,0.2236,-0.1852,0.1253
0.2335,4.8159,0.1442,combined,1.5564,4.3200,0.2335,-0.2331,0.0143
0.2044,7.2207,0.0650,lateral,0.6202,7.8600,0.1685,0.0453,0.1994
0.2019,2.2540,0.1559,combined,1.7681,4.8600,0.2019,-0.2015,0.0125
0.1287,1.0172,0.1208,combined,2.2791,9.3800,0.1287,-0.1272,0.0196
0.2224,0.4747,0.0939,combined,2.5652,7.5400,0.2224,-0.2202,0.0313
0.2801,6.1357,0.0713,combined,2.3864,7.6800,0.2769,-0.2098,0.1856
0.0658,0.7371,0.0777,turn,0.0000,7.9200,0.0000,nan,nan
0.1223,11.5427,0.1183,combined,2.0491,8.0800,0.1223,-0.1223,0.0016
0.1900,1.2565,0.0166,combined,1.1246,8.7600,0.1900,-0.1606,0.1014
0.0169,0.8495,0.0352,stand,0.0000,4.5000,0.0000,nan,nan
0.1325,4.2726,0.0525,lateral,0.9291,5.1000,0.1325,-0.0899,0.0972
0.0271,3.7868,0.0319,lateral,0.7077,8.3000,0.0270,0.0017,0.0271
0.0120,0.2461,0.0452,stand,0.0000,4.0800,0.0000,nan,nan
0.1365,7.9877,0.0150,lateral,0.4025,9.1800,0.1310,-0.1160,0.0719
0.0907,3.4608,0.0103,lateral,0.0380,7.9000,0.0376,0.0181,0.0889
0.2293,9.4039,0.0578,straight,0.4824,4.7400,0.2293,-0.2201,0.0643
0.1711,5.7656,0.1218,lateral,0.0149,7.1400,0.0043,-0.1705,0.0148
0.0191,1.1509,0.0387,stand,0.0000,4.6000,0.0000,nan,nan
0.0964,3.1441,0.0905,turn,0.0000,5.4200,0.0000,nan,nan
0.0889,7.2605,0.0363,turn,0.0000,5.8600,0.0000,nan,nan
0.2322,5.2268,0.0253,straight,0.1723,9.7400,0.1718,-0.2294,0.0360
0.2570,2.9725,0.0578,lateral,1.4482,5.7800,0.2570,-0.2476,0.0688
0.0201,1.8322,0.0491,stand,0.0000,9.2600,0.0000,nan,nan
0.0086,0.0259,0.0178,stand,0.0000,7.0800,0.0000,nan,nan
0.2032,2.2568,0.0714,straight,0.3352,9.7600,0.1832,-0.0931,0.1806
0.1442,0.1166,0.0266,turn,0.0000,7.8400,0.0000,nan,nan
0.0174,2.3767,0.0461,stand,0.0000,4.3200,0.0000,nan,nan
0.0560,2.6568,0.0401,stand,0.0000,7.4600,0.0000,nan,nan
0.1017,0.6945,0.0053,straight,0.4255,5.4400,0.1005,-0.0979,0.0275
0.2378,10.7535,0.0142,combined,2.3934,8.6800,0.2367,-0.1390,0.1930
0.0439,4.6532,0.1053,lateral,0.0677,8.1600,0.0390,-0.0148,0.0414
0.0262,1.8090,0.0540,stand,0.0000,7.5000,0.0000,nan,nan
0.4306,3.8017,0.0808,straight,1.9540,4.2000,0.4306,-0.4297,0.0280
0.1630,0.3212,0.0344,lateral,0.0137,9.9200,0.0096,-0.0602,0.1515
0.0660,2.4778,0.0725,lateral,1.2891,8.1200,0.0569,0.0049,0.0658
0.1271,3.1430,0.0726,combined,2.0216,8.1000,0.1271,-0.0900,0.0897
0.2402,11.5194,0.0748,combined,2.0477,6.7000,0.2402,-0.2086,0.1191
0.3221,11.3479,0.0811,combined,2.1690,6.5800,0.3221,-0.3167,0.0583
0.2892,6.5380,0.0693,combined,2.0337,8.4600,0.2892,-0.2532,0.1398
0.1838,10.2471,0.0408,combined,1.2636,6.2400,0.1838,-0.1402,0.1189
0.0918,9.8425,0.0320,turn,0.0000,6.7000,0.0000,nan,nan
0.2552,1.8649,0.1300,combined,1.6122,5.0000,0.2552,-0.2549,0.0129
0.1332,0.7215,0.0879,combined,0.3292,7.1000,0.0010,0.1171,0.0635
0.2277,3.8026,0.0748,lateral,1.1095,5.1800,0.2277,-0.2230,0.0458
0.2057,7.6846,0.0207,lateral,0.9194,5.0000,0.2057,-0.0626,0.1960
0.0213,1.3191,0.0173,stand,0.0000,8.8600,0.0000,nan,nan
0.1479,4.1326,0.0445,combined,0.2975,5.3400,0.1453,-0.1276,0.0748
0.2219,2.2180,0.0227,turn,0.0000,6.3000,0.0000,nan,nan
0.0813,1.6920,0.0138,turn,0.0000,9.6400,0.0000,nan,nan
0.1080,3.7613,0.0769,straight,1.3055,7.2600,0.1080,-0.1074,0.0116
0.1847,2.2120,0.0373,lateral,1.2827,9.5600,0.1685,-0.1191,0.1411
0.1135,0.2672,0.0634,turn,0.0000,9.6000,0.0000,nan,nan
0.0583,5.1456,0.0519,straight,0.2106,7.4400,0.0583,-0.0441,0.0382
0.0058,1.0158,0.0290,stand,0.0000,9.5000,0.0000,nan,nan
0.3721,11.4465,0.0935,combined,1.5019,4.5600,0.3721,-0.3235,0.1839
0.2150,2.5899,0.0914,straight,1.2148,9.6600,0.2150,-0.2147,0.0120
0.2321,3.9041,0.1067,combined,1.9077,9.9800,0.2321,-0.1550,0.1728
0.0302,2.8244,0.0915,turn,0.0000,4.2000,0.0000,nan,nan
0.4505,4.0210,0.0288,combined,1.9926,4.6800,0.4505,-0.4473,0.0537
0.1803,1.9762,0.1016,turn,0.0000,8.6000,0.0000,nan,nan
0.2784,5.1016,0.0417,lateral,1.5133,6.0200,0.2781,-0.2739,0.0496
0.1691,5.0302,0.0550,turn,0.0000,9.4800,0.0000,nan,nan
0.3922,1.3502,0.0507,straight,2.0255,4.3600,0.3922,-0.3600,0.1555
0.0122,0.7289,0.0336,stand,0.0000,8.3400,0.0000,nan,nan
0.0188,0.0045,0.0223,stand,0.0000,7.6400,0.0000,nan,nan
0.3342,1.7113,0.0871,combined,1.3279,5.3600,0.3342,-0.3327,0.0319
0.1554,3.9714,0.0192,lateral,0.5053,7.6400,0.0887,0.0981,0.1205
0.2135,7.5486,0.0301,combined,0.3719,8.1200,0.2133,-0.2134,0.0078
0.0175,3.8141,0.0471,stand,0.0000,9.1200,0.0000,nan,nan
0.0098,0.6116,0.0351,stand,0.0000,7.9200,0.0000,nan,nan
0.0209,0.9804,0.0268,stand,0.0000,8.7000,0.0000,nan,nan
0.1795,1.2784,0.0389,straight,0.8289,6.9600,0.1795,-0.1478,0.1018
0.0171,0.2159,0.0177,stand,0.0000,5.0000,0.0000,nan,nan
0.0591,7.4359,0.1101,lateral,0.3437,6.4800,0.0453,-0.0532,0.0258
0.0635,1.0806,0.0672,turn,0.0000,9.0000,0.0000,nan,nan
0.0372,5.9203,0.0525,straight,0.4359,9.9600,0.0372,-0.0368,0.0058
0.1318,3.9986,0.0479,combined,1.1812,7.9400,0.1318,-0.1312,0.0121
0.2299,6.2199,0.0732,straight,2.3717,9.4600,0.2299,-0.2100,0.0934
0.0303,2.3503,0.0129,stand,0.0000,5.8400,0.0000,nan,nan
0.1040,4.3017,0.0707,straight,1.2458,8.1200,0.1030,-0.0414,0.0954
0.1304,8.9058,0.0168,turn,0.0000,6.1800,0.0000,nan,nan
0.0265,0.7731,0.0242,stand,0.0000,6.3200,0.0000,nan,nan
0.2181,12.6470,0.0426,turn,0.0000,6.0000,0.0000,nan,nan
0.0193,0.3361,0.0616,stand,0.0000,9.1800,0.0000,nan,nan
0.2521,11.8421,0.0830,straight,0.2455,8.2600,0.2125,-0.1927,0.1626
0.5588,3.7005,0.1582,combined,2.0065,4.9000,0.5588,-0.5580,0.0302
0.3495,3.0694,0.1347,lateral,1.2663,4.8800,0.3495,-0.3290,0.1177
0.1095,0.1769,0.0871,turn,0.0000,6.6000,0.0000,nan,nan
0.2694,9.6605,0.0243,lateral,0.8312,6.0600,0.2610,-0.1009,0.2498
0.1468,1.6909,0.0683,combined,1.8270,7.5400,0.1447,-0.1449,0.0237
0.2527,6.3461,0.0926,straight,2.1831,5.7200,0.2527,-0.2427,0.0702
0.0071,3.3016,0.0569,stand,0.0000,9.3600,0.0000,nan,nan
0.1069,3.8233,0.1019,straight,0.4901,9.8000,0.1067,-0.0382,0.0998
0.2346,0.6236,0.0431,combined,1.6222,9.5400,0.2346,-0.1969,0.1275
0.2850,3.3429,0.1031,straight,1.5209,6.9400,0.2850,-0.2314,0.1664
0.0495,1.5583,0.0367,straight,0.7397,9.0200,0.0299,0.0232,0.0438
0.0624,5.4874,0.0550,lateral,0.6049,8.6200,0.0590,-0.0393,0.0485
0.0239,0.0552,0.0317,stand,0.0000,5.9800,0.0000,nan,nan
0.1889,9.7204,0.0240,combined,0.5186,5.5000,0.1885,-0.1860,0.0330
0.1181,7.8842,0.0573,straight,2.0102,8.7600,0.1181,-0.0646,0.0989
0.3002,3.5434,0.1275,lateral,1.3432,8.0000,0.3002,-0.2560,0.1567
0.3352,4.9022,0.0505,lateral,1.5962,4.2200,0.3352,-0.3339,0.0290
0.2713,0.2497,0.0263,combined,1.2638,6.6200,0.2713,-0.2173,0.1625
0.2004,1.8259,0.1549,combined,2.6171,5.4000,0.2004,-0.1983,0.0293
0.1356,2.3487,0.1477,combined,1.2631,5.9600,0.1356,-0.1347,0.0159
0.4045,5.9910,0.0489,combined,2.2585,6.8600,0.4045,-0.4045,0.0032
0.1512,6.9550,0.0915,combined,1.2595,9.5000,0.1499,-0.0994,0.1139
0.0611,0.6804,0.1033,turn,0.0000,8.4000,0.0000,nan,nan
0.0300,1.4929,0.0228,stand,0.0000,7.2000,0.0000,nan,nan
0.0568,0.4833,0.0577,turn,0.0000,4.3600,0.0000,nan,nan
0.2036,2.5207,0.1435,combined,2.6073,4.5800,0.2036,-0.1693,0.1131
0.0737,13.3488,0.0803,turn,0.0000,7.8600,0.0000,nan,nan
0.2220,0.7597,0.1033,combined,2.2942,5.2200,0.2220,-0.2208,0.0231
0.0605,7.4565,0.0920,turn,0.0000,4.6400,0.0000,nan,nan
0.0543,2.1339,0.1294,turn,0.0000,5.5400,0.0000,nan,nan
0.5132,3.5555,0.1308,straight,2.4609,4.7800,0.5132,-0.5115,0.0421
0.2832,6.0106,0.0584,combined,1.8815,7.8800,0.2824,-0.2743,0.0706
0.0106,0.8096,0.0133,stand,0.0000,8.7800,0.0000,nan,nan
0.1811,1.9378,0.0794,turn,0.0000,6.5200,0.0000,nan,nan
0.1632,15.5095,0.0265,straight,0.3434,9.2200,0.1514,-0.1397,0.0845
0.2406,0.2197,0.1605,combined,1.6678,6.4400,0.2406,-0.2287,0.0747
0.3333,7.6263,0.1096,lateral,1.3276,4.6400,0.3333,-0.3049,0.1345
0.1764,0.2883,0.0998,straight,0.9924,5.9400,0.1764,-0.1508,0.0916
0.0108,1.7407,0.0384,combined,1.1317,6.7800,0.0077,0.0070,0.0082
0.0955,5.4794,0.0498,straight,2.0099,8.6800,0.0099,0.0782,0.0549
0.1756,6.3119,0.0843,combined,2.2876,8.5200,0.1732,-0.1749,0.0156
0.2116,3.5902,0.0540,lateral,1.5894,8.3600,0.2099,-0.1413,0.1576
0.0782,12.4889,0.0107,turn,0.0000,7.2600,0.0000,nan,nan
0.1481,12.3885,0.0444,turn,0.0000,5.3800,0.0000,nan,nan
0.0154,0.0252,0.0198,stand,0.0000,9.6800,0.0000,nan,nan
0.0145,2.1636,0.0210,stand,0.0000,7.2000,0.0000,nan,nan
0.0114,1.2477,0.0162,stand,0.0000,9.6400,0.0000,nan,nan
0.0900,2.1096,0.0334,straight,0.8537,8.2200,0.0755,0.0388,0.0812
0.1024,5.9793,0.0161,straight,0.1377,7.3600,0.0147,0.0799,0.0640
0.1780,15.0073,0.0179,lateral,0.3800,7.4800,0.1229,0.0791,0.1595
0.2720,8.8228,0.0485,combined,1.5817,8.7400,0.2720,-0.1805,0.2034
0.0299,1.5586,0.0170,stand,0.0000,6.2800,0.0000,nan,nan
0.5756,9.0300,0.1310,straight,2.1259,5.2600,0.5756,-0.5756,0.0025
0.1605,2.1122,0.0827,combined,0.9181,4.0800,0.1605,-0.1556,0.0395
0.0240,1.5029,0.0202,stand,0.0000,6.3800,0.0000,nan,nan
0.2066,5.8508,0.0562,lateral,0.9611,6.9600,0.2046,-0.1535,0.1383
0.0807,7.7463,0.0841,combined,2.6030,9.8400,0.0807,-0.0716,0.0371
0.1593,8.9295,0.0068,lateral,0.6017,9.9600,0.1531,-0.1415,0.0731
0.0294,0.9465,0.0090,stand,0.0000,6.6800,0.0000,nan,nan
0.2085,4.3857,0.0761,lateral,0.7317,7.0800,0.2085,-0.1354,0.1585
0.0171,0.1763,0.0332,stand,0.0000,9.1800,0.0000,nan,nan
0.1010,0.3704,0.0254,combined,0.6122,6.7200,0.0994,-0.0410,0.0923
0.1932,0.4355,0.0452,lateral,0.8266,5.6600,0.1932,-0.1924,0.0181
0.0915,0.9431,0.0198,combined,1.4794,8.3400,0.0842,-0.0704,0.0583
0.1584,1.5664,0.0416,straight,2.1318,6.3800,0.1584,-0.1058,0.1179
0.3419,10.5609,0.0345,combined,1.4840,6.5600,0.3419,-0.3099,0.1444
0.0935,8.5071,0.0872,turn,0.0000,8.8400,0.0000,nan,nan
0.0760,4.6433,0.0475,turn,0.0000,7.6600,0.0000,nan,nan
0.1848,4.9865,0.0310,straight,0.3828,7.5400,0.0871,0.1161,0.1437
0.0284,3.7709,0.0223,stand,0.0000,8.2000,0.0000,nan,nan
0.0312,1.1318,0.0311,stand,0.0000,8.4000,0.0000,nan,nan
0.1184,9.0015,0.1442,combined,2.4702,8.3600,0.1182,-0.0540,0.1054
0.0046,2.3307,0.0353,stand,0.0000,4.4800,0.0000,nan,nan
0.2322,8.8782,0.0907,lateral,0.3914,9.4000,0.1218,0.1436,0.1825
0.1259,1.4449,0.0745,straight,1.2287,5.4200,0.1151,0.0032,0.1258
0.1758,5.1478,0.0888,lateral,0.8005,5.9800,0.1758,-0.1728,0.0321
0.0411,5.1833,0.0202,lateral,0.3986,7.5400,0.0201,-0.0008,0.0411
0.2247,4.7310,0.0248,combined,1.3922,9.7600,0.2247,-0.2064,0.0888
0.0154,3.3278,0.0222,stand,0.0000,5.0800,0.0000,nan,nan
0.0116,2.2436,0.0041,stand,0.0000,7.3400,0.0000,nan,nan
0.0275,2.6817,0.0015,stand,0.0000,6.3600,0.0000,nan,nan
0.1398,6.5448,0.0457,turn,0.0000,4.7800,0.0000,nan,nan
0.5956,6.6331,0.1375,combined,1.6671,4.0400,0.5956,-0.5830,0.1221
0.2670,5.6386,0.0501,combined,2.6278,6.4600,0.2670,-0.2555,0.0777
0.3524,2.5948,0.0482,lateral,1.0731,4.3800,0.3524,-0.3523,0.0112
0.2589,3.7515,0.1403,combined,1.3709,4.5600,0.2589,-0.2569,0.0316
0.4359,11.2485,0.1650,combined,2.0899,4.2400,0.4359,-0.4107,0.1463
0.1944,6.3464,0.0083,turn,0.0000,9.4600,0.0000,nan,nan
0.2108,6.9709,0.0333,lateral,1.4621,8.3400,0.2077,-0.1618,0.1352
0.4871,10.8423,0.0837,combined,2.5140,5.5800,0.4871,-0.4755,0.1061
0.2481,4.8950,0.0333,lateral,0.0497,9.3800,0.0435,-0.0545,0.2421
0.0693,1.7486,0.0573,lateral,0.4609,4.9600,0.0691,-0.0160,0.0674
0.1701,1.9415,0.0321,straight,1.8699,8.7200,0.1701,-0.1539,0.0724
0.3538,11.8270,0.0734,combined,1.9926,6.2400,0.3538,-0.3147,0.1617
0.2386,1.7703,0.0610,combined,2.5148,8.1200,0.2386,-0.1872,0.1478
0.3032,6.5058,0.1062,lateral,1.2948,4.1800,0.3032,-0.3027,0.0164
0.0198,1.0929,0.0540,stand,0.0000,5.0600,0.0000,nan,nan
0.0125,0.7264,0.0251,stand,0.0000,8.3800,0.0000,nan,nan
0.2555,7.6799,0.1733,straight,0.8910,4.4200,0.2555,-0.2392,0.0898
0.1991,5.9775,0.1423,lateral,1.6247,4.1800,0.1991,-0.0913,0.1770
0.1542,0.7563,0.0912,lateral,0.1551,8.6400,0.1229,-0.1356,0.0734
0.0029,0.3311,0.0151,stand,0.0000,9.6800,0.0000,nan,nan
0.0270,1.8012,0.0138,stand,0.0000,6.9200,0.0000,nan,nan
0.2111,1.4765,0.0619,straight,1.3596,8.7200,0.2111,-0.1827,0.1057
0.2859,5.4280,0.0158,straight,0.3738,5.1400,0.2846,-0.2859,0.0015
0.2216,0.4336,0.0440,straight,0.3656,8.5000,0.1974,0.0258,0.2201
0.0743,4.6870,0.0250,straight,0.3581,4.4400,0.0743,-0.0601,0.0437
0.5922,3.8253,0.1222,straight,2.1265,4.5400,0.5922,-0.5883,0.0679
0.2039,2.2548,0.1134,lateral,1.4080,4.5400,0.2039,-0.2038,0.0048
0.0100,0.9028,0.0426,stand,0.0000,4.9400,0.0000,nan,nan
0.0324,1.6592,0.0259,stand,0.0000,4.7000,0.0000,nan,nan
0.0745,14.2270,0.0366,lateral,0.0445,6.8200,0.0154,0.0393,0.0633
0.1722,3.7254,0.1016,combined,1.3130,4.6000,0.1722,-0.1495,0.0854
0.0303,1.1129,0.0244,stand,0.0000,7.9000,0.0000,nan,nan
0.0177,2.0000,0.0224,stand,0.0000,5.0800,0.0000,nan,nan
0.1076,14.1335,0.1151,combined,1.0618,9.1000,0.1045,-0.0383,0.1006
0.2000,11.1020,0.0921,lateral,1.1771,6.1000,0.2000,-0.1990,0.0206
0.0303,0.7166,0.0171,stand,0.0000,7.2200,0.0000,nan,nan
0.2049,4.7019,0.0649,combined,1.3101,9.4400,0.2041,-0.1655,0.1208
0.3729,0.5135,0.0993,straight,1.9998,6.0600,0.3729,-0.3699,0.0472
0.1658,7.2691,0.0109,turn,0.0000,6.9400,0.0000,nan,nan
0.1008,1.8375,0.0917,turn,0.0000,9.6400,0.0000,nan,nan
0.1033,0.2648,0.0365,combined,2.1880,9.9600,0.1033,-0.0907,0.0495
0.0763,8.2469,0.0278,turn,0.0000,4.9400,0.0000,nan,nan
0.3228,7.3019,0.0816,combined,2.2315,5.0800,0.3228,-0.3221,0.0205
0.3367,3.0456,0.0657,straight,1.6197,6.6200,0.3367,-0.3331,0.0494
0.1480,3.4874,0.0207,straight,0.1379,4.7000,0.1167,-0.0832,0.1225
0.2116,1.9342,0.0570,straight,1.6006,9.7600,0.2088,-0.1732,0.1216
0.0583,2.3674,0.0433,combined,1.0377,8.0000,0.0583,-0.0582,0.0040
0.3188,17.7008,0.0497,lateral,1.0010,5.2400,0.3107,-0.3026,0.1005
0.2321,1.4003,0.0901,straight,0.8920,9.0200,0.2302,-0.2082,0.1025
0.1014,3.4290,0.1146,lateral,0.2137,9.8800,0.0950,-0.0530,0.0865
0.3247,3.5175,0.0708,straight,1.4242,8.3200,0.3031,-0.0235,0.3239
0.1503,7.6063,0.0583,turn,0.0000,5.2800,0.0000,nan,nan
0.2410,3.6374,0.0301,lateral,1.4613,8.4400,0.2410,-0.2337,0.0592
0.0804,3.9560,0.0346,turn,0.0000,5.4600,0.0000,nan,nan
0.2000,2.5144,0.0868,straight,1.8906,5.9800,0.2000,-0.1959,0.0401
0.4120,9.3971,0.0702,straight,1.0681,4.1600,0.4120,-0.3964,0.1121
0.2639,10.3219,0.1412,combined,1.7972,7.4600,0.2639,-0.1716,0.2005
0.0226,0.2118,0.0389,stand,0.0000,5.2200,0.0000,nan,nan
0.2272,2.7060,0.1151,lateral,0.8868,5.1000,0.2269,-0.2148,0.0742
0.0373,0.0667,0.0377,stand,0.0000,9.2400,0.0000,nan,nan
0.4061,0.7962,0.0873,lateral,1.6545,4.6400,0.4061,-0.3912,0.1090
0.0487,0.8398,0.0504,lateral,0.2323,9.7800,0.0487,-0.0343,0.0346
0.0181,0.4464,0.0315,stand,0.0000,4.4400,0.0000,nan,nan
0.0094,1.7353,0.0245,stand,0.0000,5.5000,0.0000,nan,nan
0.2188,4.5902,0.0200,turn,0.0000,8.8800,0.0000,nan,nan
0.0449,3.9507,0.0620,turn,0.0000,5.7800,0.0000,nan,nan
0.0336,0.7289,0.0417,stand,0.0000,4.7000,0.0000,nan,nan
0.2902,7.6739,0.0956,lateral,1.1130,4.4400,0.2902,-0.2757,0.0908
0.0524,5.0270,0.0237,turn,0.0000,7.0400,0.0000,nan,nan
0.3730,2.2851,0.0776,combined,2.1608,5.6800,0.3730,-0.3728,0.0128
0.0387,0.4208,0.0099,stand,0.0000,7.7600,0.0000,nan,nan
0.1921,5.4320,0.0520,straight,1.0463,4.1000,0.1921,-0.1598,0.1066
0.3324,1.4790,0.0610,lateral,1.6821,6.1200,0.3272,-0.3032,0.1361
0.1621,0.5966,0.0952,lateral,0.7872,9.9000,0.1569,-0.1373,0.0860
0.0267,1.5618,0.0397,stand,0.0000,5.8600,0.0000,nan,nan
0.2709,9.5738,0.0698,straight,1.2164,7.2400,0.2709,-0.2576,0.0841
0.3570,7.4943,0.0139,lateral,1.0283,6.5400,0.3570,-0.3273,0.1424
0.3524,8.5623,0.0111,combined,1.5317,6.2800,0.3524,-0.3519,0.0173
0.2656,0.8456,0.1767,combined,1.3867,5.1800,0.2656,-0.2377,0.1186
0.3231,2.4713,0.0891,lateral,1.3810,6.1600,0.3231,-0.3214,0.0331
0.0934,3.9424,0.0239,lateral,0.9923,5.7000,0.0934,-0.0399,0.0844
0.1311,0.5054,0.0781,combined,2.5286,6.2800,0.1311,-0.1310,0.0033
0.0899,1.7819,0.0727,straight,1.6324,9.8800,0.0888,-0.0432,0.0789
0.1035,3.3899,0.0556,lateral,0.6350,6.9600,0.0696,0.0614,0.0833
0.2787,9.0602,0.1237,lateral,0.8214,4.7800,0.2787,-0.2699,0.0696
0.0480,3.7077,0.0206,stand,0.0000,5.1400,0.0000,nan,nan
0.1328,1.7366,0.0146,turn,0.0000,5.0600,0.0000,nan,nan
0.2301,1.5067,0.0485,combined,2.0411,8.0400,0.2301,-0.2256,0.0453
0.1913,5.7408,0.0074,lateral,0.0053,9.2800,0.0050,-0.0528,0.1839
0.0609,4.3476,0.0563,turn,0.0000,4.3800,0.0000,nan,nan
0.2540,1.1240,0.0310,lateral,0.6001,5.3800,0.2540,-0.2536,0.0152
0.2151,4.9706,0.0678,straight,0.4695,5.5600,0.2151,-0.2150,0.0053
0.0074,0.2595,0.0337,stand,0.0000,5.1800,0.0000,nan,nan
0.4476,0.6018,0.2225,lateral,1.4010,4.4800,0.4476,-0.4402,0.0809
0.2315,6.3105,0.1249,lateral,0.4524,5.9000,0.1788,0.0212,0.2305
0.1699,3.3652,0.0735,straight,1.2802,6.8400,0.1646,-0.0861,0.1464
0.1419,7.0902,0.0300,turn,0.0000,7.3000,0.0000,nan,nan
0.4235,0.4286,0.0314,lateral,1.3779,5.1000,0.4235,-0.4028,0.1309
0.0346,1.5132,0.0124,stand,0.0000,7.6800,0.0000,nan,nan
0.1208,3.8308,0.1615,combined,2.4783,8.1400,0.1208,-0.0802,0.0904
0.0030,1.3006,0.0425,stand,0.0000,5.6000,0.0000,nan,nan
0.1422,6.9836,0.0650,lateral,1.5791,7.0000,0.1414,-0.0514,0.1326
0.0126,2.6734,0.0300,straight,0.1919,4.2400,0.0110,0.0004,0.0126
0.0403,0.1869,0.0509,combined,0.8912,5.9800,0.0403,-0.0297,0.0272
0.1764,3.1977,0.0149,turn,0.0000,6.1200,0.0000,nan,nan
0.5550,4.7328,0.2246,straight,2.4684,4.4600,0.5550,-0.5290,0.1680
0.0855,1.1217,0.0316,straight,0.4468,7.6600,0.0821,-0.0478,0.0709
0.1028,2.0808,0.0950,lateral,0.6590,5.2600,0.1028,-0.0761,0.0691
0.0240,0.9488,0.0178,stand,0.0000,7.2200,0.0000,nan,nan
0.0779,9.4512,0.0067,lateral,0.2089,4.6000,0.0691,-0.0546,0.0556
0.1684,5.0338,0.0212,combined,0.3035,6.9800,0.1364,-0.1390,0.0950
0.0337,0.7184,0.0748,turn,0.0000,4.1600,0.0000,nan,nan
0.3032,3.9137,0.1190,straight,0.6701,4.5600,0.3032,-0.2999,0.0447
0.3292,3.9304,0.1201,combined,2.6249,5.1800,0.3292,-0.3291,0.0102
0.0693,2.4915,0.0597,straight,0.1361,6.9000,0.0362,0.0407,0.0560
0.1026,0.3593,0.0643,turn,0.0000,5.8600,0.0000,nan,nan
0.2138,7.5309,0.0894,combined,0.7887,5.9600,0.2119,-0.1157,0.1798
0.3860,3.4101,0.0660,straight,1.7485,8.6000,0.3860,-0.3583,0.1436
0.0624,3.1266,0.0249,turn,0.0000,7.8400,0.0000,nan,nan
0.1554,0.0925,0.0307,combined,0.5224,7.2200,0.1536,-0.1309,0.0837
0.0350,2.9584,0.0889,turn,0.0000,5.5800,0.0000,nan,nan
0.1469,2.1292,0.0835,combined,0.7290,5.2400,0.1469,-0.1333,0.0616
0.5406,4.7321,0.0738,combined,2.6094,4.9000,0.5406,-0.5359,0.0713
0.1549,1.5721,0.0891,combined,2.2245,5.7600,0.1549,-0.1540,0.0169
0.2514,0.0848,0.0655,lateral,0.4569,9.8600,0.1948,-0.2320,0.0968
0.2511,7.7429,0.0101,straight,1.7432,9.9800,0.2511,-0.2307,0.0991
0.1089,8.7959,0.1477,combined,1.1892,5.7000,0.1089,-0.0842,0.0690
0.3080,5.6241,0.0619,lateral,0.8651,4.1800,0.3080,-0.3073,0.0201
0.3179,6.7266,0.1470,straight,2.4312,5.1200,0.3179,-0.3137,0.0517
0.0072,0.7759,0.1338,lateral,1.1147,8.6800,0.0016,0.0068,0.0024
0.0324,9.5162,0.0236,turn,0.0000,8.1200,0.0000,nan,nan
0.0557,4.8767,0.0350,stand,0.0000,5.9600,0.0000,nan,nan
0.3250,9.2669,0.1159,turn,0.0000,8.0000,0.0000,nan,nan
0.0182,7.9365,0.0243,lateral,0.2241,7.3600,0.0138,0.0006,0.0182
0.1737,2.2239,0.0491,turn,0.0000,4.9400,0.0000,nan,nan
0.4583,5.0316,0.1170,straight,2.4428,5.2800,0.4583,-0.4571,0.0326
0.3102,5.8956,0.0347,combined,2.1549,7.9200,0.3102,-0.3059,0.0516
0.2154,4.2018,0.0345,lateral,0.0581,9.4200,0.0417,0.0993,0.1912
0.0395,3.1963,0.0236,turn,0.0000,7.0000,0.0000,nan,nan
0.0278,1.3642,0.0418,stand,0.0000,6.4600,0.0000,nan,nan
0.3355,6.1703,0.1012,combined,2.0495,6.5400,0.3355,-0.3282,0.0696
0.0221,3.1271,0.0092,stand,0.0000,9.5000,0.0000,nan,nan
0.0528,0.2929,0.0739,lateral,0.4868,8.2000,0.0492,-0.0375,0.0372
0.4089,0.6517,0.1176,lateral,1.1553,4.8000,0.4089,-0.3039,0.2736
0.4657,7.9256,0.0689,straight,1.9494,4.6000,0.4657,-0.4467,0.1317
0.3473,3.3101,0.0949,combined,1.7956,5.9600,0.3473,-0.3471,0.0126
0.0201,0.3307,0.0197,stand,0.0000,7.1200,0.0000,nan,nan
0.0235,1.9808,0.0365,stand,0.0000,9.6600,0.0000,nan,nan
0.3038,1.2787,0.0282,straight,2.1447,8.7000,0.3025,-0.2822,0.1124
0.2538,5.1250,0.0621,turn,0.0000,7.5800,0.0000,nan,nan
0.2091,5.7614,0.0760,combined,1.5623,7.4600,0.2091,-0.1357,0.1590
0.0511,1.4793,0.0247,turn,0.0000,6.8400,0.0000,nan,nan
0.2223,3.8218,0.0725,combined,1.4011,5.6200,0.2223,-0.2162,0.0519
0.1088,2.2389,0.0429,turn,0.0000,4.0200,0.0000,nan,nan
0.5328,5.7840,0.0718,combined,2.3298,4.8200,0.5328,-0.5294,0.0602
0.0249,2.4733,0.0781,straight,0.1864,7.6800,0.0015,0.0229,0.0098
0.0284,0.2434,0.0710,lateral,0.1759,4.4000,0.0284,-0.0186,0.0214
0.0893,7.1403,0.1632,straight,1.3550,8.1600,0.0893,-0.0776,0.0443
0.4478,7.1965,0.1267,combined,1.6546,5.3000,0.4478,-0.4123,0.1747
0.1700,11.8611,0.0411,straight,0.1563,5.9600,0.1147,0.0057,0.1699
0.1420,0.8677,0.0512,turn,0.0000,7.5200,0.0000,nan,nan
0.1358,5.4575,0.1047,combined,2.0313,7.1200,0.1358,-0.1352,0.0128
0.0155,0.2695,0.0178,stand,0.0000,4.1000,0.0000,nan,nan
0.0129,2.4986,0.0259,stand,0.0000,8.8200,0.0000,nan,nan
0.3822,0.2986,0.0180,combined,1.1018,6.5600,0.3822,-0.3646,0.1147
0.0263,0.1214,0.0165,stand,0.0000,5.9000,0.0000,nan,nan
0.1770,4.0824,0.0345,combined,0.4613,7.0600,0.1143,0.0726,0.1614
0.1925,6.0092,0.1043,combined,1.5319,4.8200,0.1925,-0.1631,0.1023
0.0070,0.1936,0.0181,stand,0.0000,9.8600,0.0000,nan,nan
0.0117,1.2892,0.0329,stand,0.0000,4.1800,0.0000,nan,nan
0.0603,6.1846,0.0308,straight,0.0123,4.9000,0.0021,0.0158,0.0582
0.1473,2.0715,0.0286,lateral,0.5898,8.6400,0.1387,-0.0606,0.1343
0.2054,4.6750,0.1249,lateral,1.4004,5.6000,0.2054,-0.1998,0.0473
0.1491,5.8697,0.0332,straight,0.0043,8.4400,0.0027,0.0577,0.1375
0.2517,2.1618,0.0077,straight,0.3559,6.8800,0.2517,-0.2499,0.0295
0.0385,2.7088,0.0179,stand,0.0000,9.0400,0.0000,nan,nan
0.1262,1.9554,0.1045,turn,0.0000,4.9400,0.0000,nan,nan
0.3977,6.5409,0.1921,combined,2.5920,7.8800,0.3977,-0.3898,0.0789
0.1097,4.7674,0.0846,lateral,0.2945,8.6000,0.0774,0.0449,0.1001
0.1354,2.0865,0.0464,straight,0.1651,6.5000,0.0595,0.1010,0.0902
0.1950,1.6621,0.1248,straight,2.5367,7.1400,0.1950,-0.1780,0.0796
0.1987,3.9870,0.1338,combined,2.2164,7.6000,0.1987,-0.1763,0.0916
0.1667,10.2382,0.1128,turn,0.0000,9.0000,0.0000,nan,nan
0.4297,2.3693,0.0469,straight,1.5861,4.7600,0.4297,-0.4290,0.0248
0.0452,1.5722,0.0399,stand,0.0000,5.9800,0.0000,nan,nan
0.2408,6.1504,0.0225,straight,0.9196,9.0800,0.2245,-0.0426,0.2370
0.4143,2.4911,0.0404,combined,2.0529,6.0200,0.4143,-0.3783,0.1691
0.1580,2.0750,0.1410,lateral,0.6759,7.4000,0.1294,0.0237,0.1562
0.2281,9.3663,0.0479,lateral,1.0329,4.7000,0.2281,-0.2091,0.0911
0.0486,3.3339,0.0295,stand,0.0000,9.5800,0.0000,nan,nan
0.0119,0.9327,0.1086,lateral,0.4346,5.0200,0.0111,-0.0025,0.0117
0.1880,9.5414,0.1390,lateral,1.3976,5.6800,0.1880,-0.1452,0.1195
0.1702,4.7767,0.0091,turn,0.0000,4.3200,0.0000,nan,nan
0.1227,1.9526,0.0725,turn,0.0000,8.4800,0.0000,nan,nan
0.2830,11.8195,0.0538,combined,2.0073,8.8800,0.2827,-0.2828,0.0098
0.1389,2.1868,0.0090,lateral,0.0553,8.4200,0.0098,0.1321,0.0432
0.3037,16.8381,0.0875,straight,0.5775,4.3600,0.3037,-0.2963,0.0667
0.1878,5.7651,0.0094,turn,0.0000,6.7000,0.0000,nan,nan
0.1126,5.7337,0.0989,lateral,0.7005,6.4800,0.1066,-0.0420,0.1045
0.1402,13.3888,0.1346,lateral,0.2302,4.4400,0.0131,0.1380,0.0248
0.4786,0.5755,0.1826,lateral,1.5806,4.2000,0.4786,-0.4783,0.0153
0.0970,4.6756,0.0255,lateral,0.1475,4.7600,0.0951,-0.0746,0.0620
0.0296,4.4030,0.0127,stand,0.0000,4.2400,0.0000,nan,nan
0.1201,5.5865,0.1214,straight,0.9681,9.0200,0.1201,-0.1189,0.0170
0.1360,0.1803,0.0141,turn,0.0000,5.3400,0.0000,nan,nan
0.0928,7.3177,0.0921,combined,1.8006,5.5000,0.0928,-0.0817,0.0440
0.3404,3.5957,0.0056,combined,1.9182,6.3000,0.3398,-0.3359,0.0555
0.1203,3.6219,0.0659,straight,1.1517,8.0200,0.1203,-0.0320,0.1160
0.1185,6.0462,0.0295,lateral,0.5921,8.5800,0.1185,-0.0959,0.0695
0.0040,2.3882,0.0529,stand,0.0000,9.0800,0.0000,nan,nan
0.1333,5.3630,0.0870,combined,2.3618,9.5200,0.0236,0.1318,0.0197
0.3574,3.6726,0.0477,straight,2.1281,6.9000,0.3574,-0.3450,0.0931
0.1903,4.3294,0.1256,straight,1.2644,9.0600,0.1903,-0.1673,0.0907
0.1545,4.5541,0.0358,straight,0.6089,5.2000,0.1545,-0.1235,0.0927
0.0968,1.5176,0.1308,turn,0.0000,5.3400,0.0000,nan,nan
0.1877,1.7441,0.0406,turn,0.0000,5.5800,0.0000,nan,nan
0.2088,8.7791,0.0539,turn,0.0000,9.1000,0.0000,nan,nan
0.2320,1.7022,0.0466,lateral,1.6414,8.1400,0.2258,-0.2231,0.0636
0.1643,8.0026,0.0444,lateral,1.5376,5.3400,0.1643,-0.1116,0.1206
0.1363,7.6587,0.0101,turn,0.0000,4.9000,0.0000,nan,nan
0.1145,4.7746,0.0230,lateral,1.6840,9.0400,0.1140,-0.1099,0.0321
0.0383,6.1340,0.1285,lateral,1.4269,8.3000,0.0383,-0.0275,0.0266
0.0652,4.6899,0.0279,turn,0.0000,8.5000,0.0000,nan,nan
0.1098,1.3205,0.0327,straight,0.4383,9.3400,0.0054,0.0768,0.0784
0.2019,3.5993,0.0778,lateral,0.1856,8.5800,0.1105,0.0235,0.2006
0.3765,4.7661,0.1059,straight,2.1497,5.3000,0.3765,-0.3702,0.0687
0.2253,9.2998,0.0284,lateral,1.5599,5.6000,0.2248,-0.0229,0.2241
0.1551,3.9677,0.0758,straight,1.3188,6.9200,0.1524,-0.1426,0.0609
0.1591,5.1304,0.0993,lateral,1.4555,6.5000,0.1591,-0.1068,0.1180
0.2140,9.1517,0.0289,combined,1.1206,5.6400,0.2140,-0.2139,0.0069
0.0713,0.8046,0.1152,lateral,0.5651,6.8000,0.0713,-0.0654,0.0284
0.0959,1.3754,0.0155,turn,0.0000,5.9600,0.0000,nan,nan
0.0129,1.5650,0.0284,stand,0.0000,9.0200,0.0000,nan,nan
0.6833,1.8163,0.2197,combined,2.6747,4.5400,0.6833,-0.6808,0.0590
0.0415,8.8034,0.0703,straight,0.8277,9.6000,0.0098,0.0409,0.0072
0.0371,3.2487,0.0417,combined,0.4275,5.6400,0.0371,-0.0170,0.0329
0.1765,4.3226,0.0970,combined,1.3442,6.2600,0.1765,-0.1749,0.0235
0.0571,9.4456,0.0989,turn,0.0000,9.4800,0.0000,nan,nan
0.1962,0.6008,0.0155,lateral,0.6068,4.2200,0.1960,-0.1922,0.0392
0.2274,3.0299,0.0931,combined,1.4341,4.9800,0.2274,-0.1920,0.1218
0.1682,5.1796,0.0217,turn,0.0000,8.8400,0.0000,nan,nan
0.0837,2.3693,0.0410,turn,0.0000,9.9200,0.0000,nan,nan
0.1072,2.9935,0.0221,combined,0.7144,5.9200,0.1072,-0.1040,0.0261
0.2232,3.0339,0.0857,straight,1.6782,5.6400,0.2232,-0.1638,0.1516
0.1926,7.7626,0.0855,lateral,1.0611,5.6600,0.1926,-0.1674,0.0953
0.0736,8.4908,0.0473,turn,0.0000,4.0000,0.0000,nan,nan
0.0995,2.2875,0.0973,turn,0.0000,9.4400,0.0000,nan,nan
0.0503,2.4884,0.0482,combined,2.0952,9.0000,0.0380,0.0092,0.0495
0.0143,1.9497,0.0039,stand,0.0000,7.9600,0.0000,nan,nan
0.1469,2.9414,0.0785,straight,2.3325,7.9800,0.1453,-0.1433,0.0321
0.0288,0.7121,0.0397,stand,0.0000,5.4200,0.0000,nan,nan
0.1966,6.4943,0.0333,lateral,0.0799,5.8400,0.0798,-0.1845,0.0678
0.0306,1.3869,0.0594,stand,0.0000,9.6800,0.0000,nan,nan
0.0567,11.4632,0.0190,combined,0.8072,8.0200,0.0505,0.0080,0.0561
0.0346,9.1688,0.0645,straight,0.6637,5.4200,0.0346,-0.0175,0.0299
0.0056,0.4891,0.0266,stand,0.0000,4.5200,0.0000,nan,nan
0.0820,9.6037,0.0076,lateral,1.4633,7.9600,0.0683,0.0596,0.0562
0.1910,0.2453,0.0740,straight,0.1443,8.9200,0.1443,-0.1873,0.0374
0.1565,7.9005,0.0251,combined,1.6931,8.5600,0.1565,-0.1008,0.1198
0.1030,8.2678,0.0518,turn,0.0000,6.3000,0.0000,nan,nan
0.4432,9.6403,0.2250,combined,2.6070,5.6400,0.4432,-0.4426,0.0229
0.0844,1.6770,0.0835,turn,0.0000,6.6600,0.0000,nan,nan
0.1065,0.3799,0.0575,combined,0.8316,9.0000,0.1065,-0.1000,0.0366
0.1515,7.0604,0.0708,turn,0.0000,9.6200,0.0000,nan,nan
0.1745,5.1753,0.0520,turn,0.0000,8.4800,0.0000,nan,nan
0.1974,0.7630,0.0773,lateral,0.9653,7.7600,0.1777,-0.0129,0.1970
0.4223,0.6544,0.0529,combined,2.9016,9.3000,0.4223,-0.4031,0.1257
0.1276,7.2197,0.0475,turn,0.0000,4.8000,0.0000,nan,nan
0.0193,1.2044,0.0263,stand,0.0000,6.3000,0.0000,nan,nan
0.1512,2.8469,0.0662,combined,0.5611,9.5200,0.1109,0.0500,0.1427
0.3175,3.5680,0.1892,straight,2.3359,4.0400,0.3175,-0.2983,0.1088
0.1888,4.4208,0.0991,straight,0.1230,8.6000,0.1230,-0.1848,0.0386
0.1833,12.9388,0.0895,turn,0.0000,8.7000,0.0000,nan,nan
0.1598,1.7439,0.0540,turn,0.0000,6.4400,0.0000,nan,nan
0.2035,5.8168,0.0482,combined,1.3217,5.4200,0.2035,-0.2033,0.0091
0.0813,6.1349,0.0466,combined,1.2576,8.5200,0.0772,-0.0713,0.0392
0.1427,0.2907,0.0120,straight,1.3571,7.9600,0.1427,-0.1427,0.0009
0.0285,0.5007,0.0131,stand,0.0000,5.2800,0.0000,nan,nan
0.0633,8.1043,0.0549,straight,0.0040,8.5400,0.0015,-0.0619,0.0131
0.2673,13.0071,0.1489,turn,0.0000,6.8400,0.0000,nan,nan
0.0444,2.5326,0.0114,lateral,1.1957,9.2600,0.0432,-0.0024,0.0443
0.1015,4.9197,0.0634,turn,0.0000,5.3200,0.0000,nan,nan
0.1447,5.8078,0.0678,turn,0.0000,9.4600,0.0000,nan,nan
0.0907,3.5505,0.0487,turn,0.0000,4.7600,0.0000,nan,nan
0.1091,2.0666,0.0486,straight,0.4528,8.9200,0.0424,0.0979,0.0481
0.1961,2.3329,0.0523,straight,0.7674,4.7400,0.1961,-0.1953,0.0177
0.1254,5.2596,0.0816,straight,2.4221,6.6600,0.1237,-0.0723,0.1025
0.0036,0.0922,0.0141,stand,0.0000,5.3000,0.0000,nan,nan
0.0618,4.0087,0.0279,lateral,0.2374,4.0600,0.0598,-0.0423,0.0452
0.1706,1.8179,0.0195,straight,0.2471,4.7600,0.1706,-0.1525,0.0766
0.5046,13.0621,0.1467,straight,1.8697,4.1000,0.5046,-0.5002,0.0661
0.1522,2.0508,0.0555,turn,0.0000,9.9200,0.0000,nan,nan
0.3144,7.3308,0.0595,combined,2.4697,8.2800,0.3144,-0.3130,0.0293
0.1555,6.8355,0.0651,straight,0.5081,5.8800,0.1298,0.0151,0.1548
0.1220,4.3677,0.0965,turn,0.0000,8.6600,0.0000,nan,nan
0.1700,3.7388,0.0939,straight,0.3791,9.5600,0.1700,-0.1700,0.0033
0.1453,3.0784,0.0429,turn,0.0000,7.0400,0.0000,nan,nan
0.4151,19.6010,0.1374,straight,2.4242,4.5400,0.4151,-0.4147,0.0189
0.1618,3.0751,0.0350,combined,1.5588,8.7200,0.1618,-0.1430,0.0757
0.2798,4.3955,0.0569,turn,0.0000,7.2400,0.0000,nan,nan
0.1727,3.5540,0.0746,combined,2.6643,9.5000,0.1590,0.0286,0.1704
0.1209,11.1879,0.0435,turn,0.0000,8.3200,0.0000,nan,nan
0.1066,4.9773,0.0692,lateral,0.6204,9.9200,0.0920,-0.1056,0.0147
0.1801,5.8454,0.0952,straight,1.8891,5.9200,0.1801,-0.1788,0.0214
0.2095,2.1284,0.0705,straight,1.5113,7.9800,0.2088,-0.1746,0.1157
0.2463,6.2329,0.0375,combined,0.7974,6.2000,0.2463,-0.2410,0.0505
0.0251,0.3746,0.0915,stand,0.0000,7.7800,0.0000,nan,nan
0.1800,4.4887,0.0835,straight,0.5530,5.6600,0.1800,-0.1476,0.1030
0.2252,3.5789,0.0720,straight,2.2732,9.0800,0.2252,-0.0989,0.2023
0.0277,2.7722,0.0112,stand,0.0000,8.6600,0.0000,nan,nan
0.0329,1.2862,0.0286,stand,0.0000,9.3200,0.0000,nan,nan
0.0908,4.0521,0.0266,lateral,1.0685,9.2200,0.0761,-0.0016,0.0907
0.0790,2.5265,0.0806,turn,0.0000,9.0400,0.0000,nan,nan
0.5202,6.9254,0.0571,straight,2.0910,6.2200,0.5202,-0.4834,0.1923
0.0738,0.9272,0.0377,straight,0.1066,8.0200,0.0249,0.0356,0.0646
0.4365,2.8129,0.0802,combined,2.5233,4.7400,0.4365,-0.4249,0.0998
0.4196,6.6349,0.1896,combined,2.0726,5.3200,0.4196,-0.4196,0.0002
0.4647,11.1705,0.0210,straight,1.5413,4.2400,0.4647,-0.4647,0.0014
0.0976,5.7284,0.0445,straight,0.9426,6.6600,0.0976,-0.0937,0.0272
0.0188,1.2285,0.0311,stand,0.0000,5.3200,0.0000,nan,nan
0.2067,7.2935,0.0724,straight,0.5263,5.3600,0.2067,-0.2067,0.0002
0.1895,8.6385,0.0757,combined,0.9486,9.1200,0.1765,0.0311,0.1869
0.2270,3.7077,0.0703,straight,2.4088,7.9200,0.2270,-0.2264,0.0161
0.2336,1.6093,0.0914,combined,1.0113,4.7200,0.2336,-0.2157,0.0898
0.0945,4.7068,0.0698,combined,1.9964,8.0000,0.0822,0.0484,0.0812
0.3820,5.4702,0.1174,combined,2.4946,7.0000,0.3820,-0.3716,0.0883
0.4508,2.0392,0.1101,combined,1.4472,4.7600,0.4508,-0.4507,0.0090
0.1311,3.0639,0.0326,turn,0.0000,4.0400,0.0000,nan,nan
0.0121,0.9375,0.0267,stand,0.0000,9.6000,0.0000,nan,nan
0.0979,7.5160,0.0054,turn,0.0000,4.1200,0.0000,nan,nan
0.0097,1.6832,0.0252,stand,0.0000,7.9800,0.0000,nan,nan
0.1466,0.5784,0.0474,lateral,0.2349,9.8000,0.1165,-0.1218,0.0815
0.0744,4.4416,0.0502,turn,0.0000,5.1400,0.0000,nan,nan
0.0205,0.0686,0.0300,stand,0.0000,6.1200,0.0000,nan,nan
0.3489,1.6324,0.0504,straight,1.9128,4.5800,0.3489,-0.3483,0.0207
0.0550,3.1822,0.0890,lateral,0.9040,9.1000,0.0129,0.0535,0.0125
0.2385,1.6633,0.0355,turn,0.0000,7.7800,0.0000,nan,nan
0.0251,1.3314,0.0019,stand,0.0000,4.2400,0.0000,nan,nan
0.1473,1.2032,0.0350,turn,0.0000,9.5200,0.0000,nan,nan
0.0824,7.6415,0.0503,lateral,0.8056,6.2800,0.0733,0.0391,0.0725
0.1333,1.4034,0.0682,turn,0.0000,7.6400,0.0000,nan,nan
0.1220,1.2954,0.1070,lateral,1.0185,4.8800,0.1220,-0.1046,0.0628
0.0151,4.5098,0.0379,stand,0.0000,6.4000,0.0000,nan,nan
0.0225,1.5349,0.0245,stand,0.0000,7.1200,0.0000,nan,nan
0.0064,0.9158,0.0293,stand,0.0000,5.4400,0.0000,nan,nan
0.1705,8.4218,0.0386,straight,0.5420,8.0000,0.1388,0.0248,0.1687
0.2033,2.4425,0.1650,combined,2.4071,7.4600,0.2033,-0.1541,0.1327
0.1388,0.0419,0.0626,turn,0.0000,5.0800,0.0000,nan,nan
0.1393,1.2071,0.0611,lateral,0.5507,5.2600,0.1251,-0.0401,0.1334
0.0308,0.0760,0.0039,stand,0.0000,9.8600,0.0000,nan,nan
0.3625,7.9146,0.0526,straight,1.4906,5.3600,0.3625,-0.3601,0.0415
0.5459,0.0767,0.1100,straight,1.5312,5.6200,0.5459,-0.5405,0.0766
0.1959,6.4077,0.1396,combined,0.6605,4.6600,0.1959,-0.1856,0.0627
0.0203,0.7310,0.0439,stand,0.0000,9.3400,0.0000,nan,nan
0.2887,4.6991,0.0409,combined,2.6700,8.2400,0.2887,-0.2571,0.1313
0.0580,0.6403,0.0216,turn,0.0000,5.8200,0.0000,nan,nan
0.1120,1.3496,0.0566,straight,0.3953,7.1800,0.1062,-0.0192,0.1103
0.0251,1.7721,0.0213,stand,0.0000,4.5800,0.0000,nan,nan
0.1529,5.9272,0.1212,straight,1.4850,7.6200,0.1416,-0.0644,0.1386
0.1034,0.4610,0.0832,turn,0.0000,5.9400,0.0000,nan,nan
0.0130,1.0556,0.0476,lateral,0.5224,8.8800,0.0085,0.0042,0.0123
0.1564,1.5923,0.0221,lateral,0.2696,7.9600,0.1517,-0.1224,0.0972
0.2565,7.8706,0.0476,straight,0.7740,4.6800,0.2565,-0.2551,0.0268
0.7454,5.5307,0.0895,combined,1.8084,4.1600,0.7454,-0.7443,0.0393
0.1636,11.9319,0.1220,lateral,0.2811,8.0800,0.1535,-0.1635,0.0050
0.0084,1.5386,0.0719,lateral,0.3356,6.6800,0.0076,0.0082,0.0018
0.0298,0.1462,0.0221,stand,0.0000,6.9400,0.0000,nan,nan
0.1891,3.4806,0.0775,turn,0.0000,9.7600,0.0000,nan,nan
0.1824,3.2471,0.0742,lateral,0.6535,8.0800,0.0404,0.1785,0.0377
0.1646,11.5508,0.0504,turn,0.0000,9.4600,0.0000,nan,nan
0.0557,4.5892,0.0667,lateral,1.6546,5.2800,0.0555,0.0033,0.0556
0.0647,0.0018,0.0594,turn,0.0000,8.7800,0.0000,nan,nan
0.3864,5.3573,0.1242,combined,1.5320,6.3000,0.3864,-0.3325,0.1968
0.3084,5.3177,0.0494,combined,1.4677,7.2800,0.3028,-0.2978,0.0802
0.1832,4.7822,0.0616,combined,2.3147,8.1400,0.1832,-0.1323,0.1268
0.2487,4.6299,0.0565,straight,0.7622,6.2000,0.2487,-0.2456,0.0393
0.0609,3.8626,0.0153,lateral,1.1007,5.9800,0.0609,-0.0404,0.0455
0.1433,4.5477,0.0929,lateral,0.8063,8.7000,0.1305,-0.0240,0.1413
0.2224,3.9546,0.1958,combined,2.1496,4.6200,0.2224,-0.1981,0.1011
0.0651,4.4804,0.0966,turn,0.0000,4.0800,0.0000,nan,nan
0.1558,2.6279,0.0596,straight,1.1168,9.1600,0.1558,-0.1554,0.0117
0.0195,1.3140,0.0420,stand,0.0000,8.8400,0.0000,nan,nan
0.0373,1.2072,0.0741,combined,0.9365,7.2600,0.0237,0.0261,0.0267
0.3367,3.9849,0.0386,lateral,1.5475,5.5000,0.3367,-0.3290,0.0715
0.2714,2.1911,0.0828,lateral,0.9338,6.7600,0.2714,-0.2146,0.1662
0.2433,3.7076,0.0781,combined,1.6956,7.0600,0.2433,-0.0882,0.2268
0.0103,2.7315,0.0507,stand,0.0000,9.0400,0.0000,nan,nan
0.1517,2.6685,0.0922,lateral,1.0204,4.5600,0.1517,-0.1511,0.0131
0.0618,2.0697,0.0371,turn,0.0000,7.3800,0.0000,nan,nan
0.1899,1.7749,0.0563,straight,0.9689,7.8400,0.1899,-0.1508,0.1154
0.1585,6.3200,0.0625,straight,2.2871,7.3200,0.1585,-0.1585,0.0015
0.2513,10.3335,0.0525,combined,0.9644,9.6600,0.2435,-0.2397,0.0754
0.2055,3.1112,0.0633,combined,2.5774,6.8800,0.2055,-0.2047,0.0181
0.1591,4.7188,0.0763,turn,0.0000,7.8600,0.0000,nan,nan
0.1546,1.4454,0.0456,turn,0.0000,9.1400,0.0000,nan,nan
0.0652,2.1399,0.0544,turn,0.0000,9.0200,0.0000,nan,nan
0.0182,0.1628,0.0306,stand,0.0000,8.0800,0.0000,nan,nan
0.3920,4.2172,0.0153,lateral,1.3466,5.1200,0.3920,-0.3518,0.1727
0.1012,2.6666,0.0509,lateral,0.4903,8.2600,0.0986,-0.0292,0.0969
0.0374,0.9569,0.0391,stand,0.0000,4.2400,0.0000,nan,nan
0.1431,1.3423,0.0742,lateral,0.5717,5.8600,0.1406,-0.1218,0.0752
0.2644,0.4488,0.0354,combined,2.6241,9.8400,0.2644,-0.2379,0.1154
0.0882,2.5014,0.0574,turn,0.0000,7.8000,0.0000,nan,nan
0.0201,2.8477,0.0256,stand,0.0000,6.8800,0.0000,nan,nan
0.1517,4.1181,0.0132,combined,2.5308,8.9600,0.1514,-0.1475,0.0354
0.3798,4.9328,0.0522,combined,2.1929,6.6400,0.3798,-0.3543,0.1370
0.1551,1.5255,0.0685,turn,0.0000,9.7200,0.0000,nan,nan
0.1359,0.3992,0.0603,lateral,1.6116,8.6400,0.1359,0.0695,0.1168
0.0481,5.8072,0.0877,turn,0.0000,6.6600,0.0000,nan,nan
0.1366,6.0388,0.0421,straight,0.8433,9.8400,0.1366,-0.1359,0.0136
0.2834,0.8075,0.1085,combined,2.0864,8.2200,0.2828,-0.2629,0.1058
0.1231,9.8850,0.0997,turn,0.0000,5.4800,0.0000,nan,nan
0.3101,0.7044,0.0251,lateral,1.2834,8.8200,0.3101,-0.3018,0.0711
0.1322,5.0845,0.0746,combined,1.6981,7.4000,0.1317,-0.1318,0.0107
0.2247,9.5027,0.0564,lateral,0.9828,4.6800,0.2247,-0.2246,0.0085
0.1765,2.7469,0.0647,turn,0.0000,7.3600,0.0000,nan,nan
0.0211,0.1453,0.0238,stand,0.0000,6.3200,0.0000,nan,nan
0.0178,0.5229,0.0686,stand,0.0000,6.5200,0.0000,nan,nan
0.0416,1.8718,0.0859,lateral,0.6175,7.6200,0.0416,-0.0152,0.0388
0.0681,1.2225,0.0866,straight,0.8508,9.1200,0.0681,-0.0645,0.0216
0.2628,6.2076,0.0802,straight,0.8545,6.1200,0.2628,-0.2548,0.0646
0.1326,0.1323,0.1251,straight,1.8347,9.6000,0.1191,-0.0595,0.1185
0.2564,0.2266,0.1098,straight,1.4496,6.3400,0.2564,-0.2562,0.0117
0.0675,5.0715,0.1002,lateral,1.3430,8.5400,0.0675,-0.0666,0.0107
0.3305,4.0044,0.0867,combined,1.5984,4.6400,0.3305,-0.3304,0.0056
0.0699,2.4804,0.0462,turn,0.0000,6.5200,0.0000,nan,nan
0.0833,4.0836,0.0969,straight,0.1210,5.8000,0.0795,-0.0832,0.0039
0.1262,3.1827,0.0527,straight,0.4425,5.0600,0.1247,-0.1203,0.0380
0.3153,4.2511,0.1449,combined,2.8368,5.0200,0.3153,-0.3096,0.0597
0.4289,4.1213,0.0854,combined,2.3495,5.2800,0.4289,-0.4200,0.0865
0.2275,6.1263,0.1069,combined,2.4482,7.3000,0.2275,-0.2269,0.0170
0.0782,3.8122,0.0893,lateral,0.0820,5.5200,0.0693,-0.0762,0.0178
0.2236,7.7435,0.1397,combined,2.3794,6.0200,0.2236,-0.2191,0.0445
0.1362,3.1666,0.0211,turn,0.0000,9.8800,0.0000,nan,nan
0.1329,2.2516,0.0284,straight,0.3185,4.2400,0.1328,-0.1004,0.0871
0.0998,0.7788,0.1376,straight,0.0690,4.5000,0.0342,0.0502,0.0863
0.0745,6.0232,0.0286,turn,0.0000,5.4400,0.0000,nan,nan
0.0492,0.2022,0.0332,stand,0.0000,6.1400,0.0000,nan,nan
0.0108,0.6589,0.0159,stand,0.0000,4.1600,0.0000,nan,nan
0.0645,1.7507,0.0442,lateral,0.3909,6.6600,0.0068,0.0645,0.0021
0.3329,10.4967,0.1342,turn,0.0000,5.0800,0.0000,nan,nan
0.3048,2.9119,0.0481,straight,2.3972,4.9200,0.3048,-0.3027,0.0357
0.1583,0.3229,0.0188,turn,0.0000,6.5400,0.0000,nan,nan
0.1864,7.2363,0.0573,straight,0.3125,7.4800,0.1609,-0.0748,0.1707
0.0732,8.8128,0.0440,combined,1.9781,9.6800,0.0638,0.0127,0.0721
0.1319,4.6272,0.0543,lateral,1.7660,8.1400,0.1319,-0.0543,0.1202
0.4570,8.4346,0.1430,combined,2.4464,4.6600,0.4570,-0.4568,0.0139
0.0255,1.1731,0.0341,stand,0.0000,6.4400,0.0000,nan,nan
0.4961,8.7058,0.1102,straight,1.8617,6.4000,0.4961,-0.4771,0.1359
0.0253,2.0168,0.0309,stand,0.0000,7.1400,0.0000,nan,nan
