pos_err_m,heading_err_deg,final_speed_mps,category,start_dist_m,duration_s,min_dist_m,along_err_m,cross_err_m
0.0316,2.2499,0.0762,straight,1.6213,4.0000,0.0174,-0.0205,0.0240
0.0522,2.5201,0.1844,lateral,0.1486,4.0200,0.0033,0.0335,0.0399
0.0321,1.5167,0.1102,turn,0.0000,4.0400,0.0000,nan,nan
0.0904,2.8592,0.0648,lateral,0.5644,4.0600,0.0849,0.0215,0.0878
0.0650,1.5400,0.0877,straight,0.3903,4.0600,0.0293,0.0169,0.0628
0.0949,0.2726,0.2257,lateral,0.5120,4.0800,0.0863,0.0177,0.0932
0.1845,0.9357,0.0415,turn,0.0000,4.1000,0.0000,nan,nan
0.0607,0.4171,0.0863,straight,0.7604,4.1200,0.0177,0.0534,0.0288
0.2124,4.2454,0.3308,combined,2.0320,4.1200,0.2124,0.0041,0.2123
0.2104,3.4188,0.0503,stand,0.0000,4.1200,0.0000,nan,nan
0.1429,2.3166,0.1567,lateral,0.7995,4.1400,0.1429,-0.0874,0.1130
0.0722,7.8544,0.0162,stand,0.0000,4.1600,0.0000,nan,nan
0.1519,2.1018,0.1271,straight,1.0835,4.1600,0.1317,-0.0119,0.1514
0.0888,0.4489,0.0363,straight,0.2940,4.1800,0.0150,0.0515,0.0723
0.1443,4.6590,0.0308,lateral,1.2723,4.2000,0.1441,-0.1365,0.0469
0.1904,0.3251,0.0345,combined,1.6663,4.2000,0.1646,0.1052,0.1587
0.2692,41.5605,0.0623,stand,0.0000,4.2200,0.0000,nan,nan
0.2318,3.1433,0.1366,lateral,1.1702,4.2600,0.2228,-0.2298,0.0299
0.0518,1.5123,0.1357,turn,0.0000,4.2800,0.0000,nan,nan
0.0950,0.1186,0.1133,turn,0.0000,4.2800,0.0000,nan,nan
0.1434,3.0440,0.1949,combined,1.3294,4.3000,0.1171,-0.0337,0.1394
0.0450,1.5802,0.1255,turn,0.0000,4.3400,0.0000,nan,nan
0.1445,2.1612,0.2299,straight,0.3736,4.3400,0.0956,0.0274,0.1419
0.1273,6.5008,0.1010,combined,1.5353,4.3800,0.1201,-0.1088,0.0660
0.0859,3.0491,0.0260,stand,0.0000,4.3800,0.0000,nan,nan
0.3011,2.5646,0.0239,combined,2.3763,4.3600,0.3011,-0.3002,0.0236
0.2104,1.6883,0.1434,straight,1.8087,4.4000,0.2025,-0.1691,0.1251
0.0587,0.8967,0.2025,turn,0.0000,4.4200,0.0000,nan,nan
0.0913,4.6652,0.1484,combined,1.0583,4.4400,0.0857,-0.0719,0.0564
0.0906,1.4086,0.1318,turn,0.0000,4.4400,0.0000,nan,nan
0.0747,0.9287,0.0383,combined,1.4895,4.4600,0.0107,0.0746,0.0052
0.0430,4.3926,0.0949,combined,1.1134,4.4600,0.0430,-0.0183,0.0389
0.0077,1.3728,0.0837,turn,0.0000,4.4800,0.0000,nan,nan
0.0473,2.0873,0.0601,combined,1.3003,4.4800,0.0058,0.0465,0.0087
0.0237,1.1450,0.0530,turn,0.0000,4.4800,0.0000,nan,nan
0.1609,1.9041,0.0395,combined,0.6579,4.5000,0.1609,-0.1379,0.0828
0.0894,2.9847,0.0782,lateral,1.1520,4.5200,0.0894,-0.0274,0.0851
0.1106,3.5377,0.2114,lateral,1.3195,4.5200,0.1106,-0.0138,0.1097
0.0520,2.6052,0.0893,combined,0.9433,4.5400,0.0292,0.0002,0.0520
0.0157,1.3091,0.0026,lateral,0.0827,4.5800,0.0040,0.0157,0.0005
0.0359,2.2377,0.1259,lateral,0.5202,4.5800,0.0262,0.0304,0.0190
0.0708,1.6329,0.1703,straight,1.3550,4.5800,0.0550,0.0140,0.0695
0.0849,0.8893,0.1795,straight,1.9288,4.6000,0.0470,-0.0663,0.0530
0.0778,3.5896,0.1742,lateral,0.2763,4.6200,0.0540,-0.0173,0.0758
0.0722,4.2673,0.0387,lateral,0.4627,4.6400,0.0580,-0.0458,0.0558
0.0641,13.2384,0.0261,stand,0.0000,4.6400,0.0000,nan,nan
0.0569,0.4445,0.0773,combined,2.0390,4.6600,0.0569,-0.0360,0.0440
0.0272,0.4165,0.1384,lateral,0.2251,4.6600,0.0155,-0.0230,0.0145
0.1447,4.3066,0.0507,lateral,0.6565,4.6600,0.1295,-0.1310,0.0615
0.1142,0.0747,0.0582,straight,0.7295,4.6800,0.1141,-0.1139,0.0079
0.1309,4.0104,0.0104,turn,0.0000,4.7400,0.0000,nan,nan
0.0631,0.9253,0.1404,straight,1.1381,4.7400,0.0598,-0.0411,0.0478
0.1457,3.9041,0.1075,combined,1.5424,4.7400,0.1424,-0.1189,0.0843
0.0865,1.5667,0.1700,combined,1.4375,4.7600,0.0046,0.0499,0.0706
0.0080,4.2044,0.1383,straight,1.0497,4.7800,0.0080,0.0019,0.0077
0.1571,9.3577,0.0068,stand,0.0000,4.8000,0.0000,nan,nan
0.1340,4.9511,0.1960,straight,0.4014,4.8000,0.1105,0.0266,0.1313
0.2235,3.1367,0.2151,combined,1.4590,4.8200,0.2216,-0.1812,0.1307
0.0729,2.2187,0.0316,combined,0.7821,4.8400,0.0729,-0.0669,0.0289
0.0650,1.7403,0.1529,straight,0.3844,4.8600,0.0605,-0.0649,0.0039
0.0834,2.3886,0.2893,lateral,1.3513,4.8600,0.0834,-0.0267,0.0790
0.0455,2.1645,0.1428,straight,1.7704,4.8600,0.0302,0.0084,0.0447
0.0863,1.5252,0.0285,turn,0.0000,4.8800,0.0000,nan,nan
0.1369,1.6661,0.3024,lateral,1.4496,4.8800,0.1369,-0.0914,0.1019
0.1660,2.4020,0.0755,lateral,1.0024,4.9000,0.1487,-0.1335,0.0986
0.0750,2.7492,0.0278,combined,0.4523,4.9000,0.0346,-0.0222,0.0716
0.0661,5.6576,0.1848,turn,0.0000,4.9400,0.0000,nan,nan
0.1100,2.4671,0.0454,stand,0.0000,4.9600,0.0000,nan,nan
0.0812,4.9589,0.1489,combined,0.5752,4.9600,0.0151,0.0645,0.0492
0.1694,2.3652,0.2694,straight,1.5851,4.9800,0.1683,-0.0428,0.1639
0.0673,1.9141,0.1475,combined,1.9659,5.0000,0.0539,0.0273,0.0615
0.1764,0.7726,0.0354,combined,1.1245,5.0000,0.1091,-0.1023,0.1436
0.0699,1.2974,0.0902,straight,1.5508,5.0200,0.0672,-0.0622,0.0320
0.0160,4.2561,0.0014,stand,0.0000,5.0000,0.0000,nan,nan
0.0678,3.4859,0.0780,turn,0.0000,5.0600,0.0000,nan,nan
0.0560,3.5984,0.0310,lateral,1.1042,5.0800,0.0337,0.0404,0.0388
0.1016,0.8705,0.0907,lateral,0.7101,5.0800,0.0844,-0.0830,0.0587
0.0763,2.0163,0.1771,combined,1.0111,5.1000,0.0452,-0.0245,0.0723
0.0704,4.5394,0.0924,combined,1.8472,5.1600,0.0553,-0.0545,0.0445
0.1043,4.4917,0.1791,lateral,1.4010,5.1600,0.0963,-0.0686,0.0785
0.1228,1.5203,0.0284,lateral,0.1621,5.1800,0.0035,0.1213,0.0194
0.0275,1.6387,0.1482,straight,1.4431,5.1800,0.0212,-0.0206,0.0182
0.0920,1.9949,0.0608,turn,0.0000,5.2000,0.0000,nan,nan
0.0533,0.2859,0.0826,straight,1.9252,5.2200,0.0525,-0.0484,0.0224
0.1589,3.4700,0.0578,lateral,0.7240,5.2400,0.1426,-0.1293,0.0924
0.0562,3.2075,0.0833,combined,0.8800,5.2200,0.0264,0.0427,0.0365
0.0369,1.5750,0.0552,combined,2.0102,5.2600,0.0137,0.0369,0.0007
0.0754,2.2485,0.1113,combined,1.4622,5.2600,0.0409,0.0580,0.0482
0.1695,2.4724,0.1942,combined,2.1056,5.2800,0.1552,-0.1491,0.0805
0.0243,0.1244,0.1021,straight,0.9922,5.2800,0.0039,0.0195,0.0145
0.1743,2.1114,0.1237,combined,1.0624,5.3000,0.1729,-0.1743,0.0014
0.0355,0.7355,0.0206,straight,0.7416,5.3200,0.0295,-0.0303,0.0184
0.0736,1.3776,0.1877,combined,1.2033,5.3200,0.0280,-0.0031,0.0735
0.0074,3.1550,0.0798,turn,0.0000,5.3800,0.0000,nan,nan
0.1325,0.5196,0.0352,combined,1.4924,5.4200,0.1199,0.0369,0.1273
0.0492,1.0659,0.1614,lateral,1.3074,5.4200,0.0086,0.0490,0.0034
0.1718,3.8005,0.1083,straight,1.7676,5.4200,0.1594,-0.1147,0.1279
0.0176,0.2723,0.0938,turn,0.0000,5.4800,0.0000,nan,nan
0.0416,1.4851,0.0187,straight,0.6332,5.5400,0.0334,-0.0337,0.0244
0.0406,2.8023,0.0932,combined,1.5059,5.5600,0.0109,0.0288,0.0286
0.0650,0.2063,0.2222,straight,0.3466,5.5600,0.0181,0.0646,0.0079
0.0322,0.8908,0.1699,straight,0.9632,5.5800,0.0158,0.0256,0.0195
0.1196,3.2159,0.1460,turn,0.0000,5.5800,0.0000,nan,nan
0.0993,1.4621,0.0443,straight,0.5245,5.6000,0.0949,-0.0873,0.0474
0.0641,0.9760,0.1045,lateral,0.9998,5.6600,0.0526,-0.0559,0.0313
0.0800,2.1810,0.0481,combined,2.0123,5.6800,0.0670,-0.0793,0.0101
0.1439,3.4322,0.0836,combined,0.9143,5.7000,0.0232,0.1438,0.0071
0.1567,3.9249,0.0381,combined,1.7328,5.6800,0.1567,-0.0850,0.1316
0.1448,1.6654,0.0665,lateral,0.8265,5.7200,0.1270,-0.1353,0.0516
0.1831,1.8879,0.1530,straight,0.2329,5.7200,0.1717,-0.1642,0.0812
0.0866,1.9399,0.2592,combined,1.2067,5.7200,0.0866,-0.0823,0.0270
0.0492,0.5754,0.0632,straight,1.0259,5.7400,0.0465,-0.0492,0.0003
0.0165,0.2761,0.1522,turn,0.0000,5.7800,0.0000,nan,nan
0.0233,1.9667,0.1184,lateral,0.5661,5.8000,0.0164,-0.0053,0.0227
0.0032,0.3875,0.0594,straight,0.0867,5.8200,0.0022,0.0012,0.0030
0.1181,1.1232,0.0495,combined,0.5592,5.8400,0.0153,0.1154,0.0247
0.1393,1.3323,0.0197,lateral,0.8427,5.8400,0.1178,-0.1333,0.0405
0.0414,4.4722,0.0715,combined,1.7698,5.8600,0.0410,-0.0292,0.0293
0.0630,3.3489,0.0679,combined,1.4622,5.8800,0.0630,0.0141,0.0614
0.1262,0.2882,0.0039,straight,0.0663,5.9000,0.0047,0.0581,0.1120
0.1086,5.1220,0.1045,combined,1.4585,5.9200,0.0327,0.1086,0.0007
0.0270,2.7856,0.0234,straight,0.9544,5.9000,0.0038,0.0188,0.0194
0.1006,2.4364,0.1251,turn,0.0000,5.9200,0.0000,nan,nan
0.1635,3.6659,0.0733,straight,1.4151,5.9200,0.0884,0.0722,0.1467
0.0841,2.3874,0.2231,turn,0.0000,5.9400,0.0000,nan,nan
0.0194,2.0806,0.1503,lateral,1.1082,5.9600,0.0053,-0.0192,0.0029
0.1124,1.9919,0.0555,turn,0.0000,5.9600,0.0000,nan,nan
0.0655,0.1524,0.0326,lateral,1.0306,5.9800,0.0645,-0.0510,0.0410
0.0579,1.1562,0.1664,turn,0.0000,6.0200,0.0000,nan,nan
0.0825,5.1953,0.1815,straight,0.1738,6.0200,0.0522,0.0573,0.0594
0.2264,2.3619,0.0472,lateral,1.0605,6.0200,0.0758,0.2211,0.0486
0.0570,1.2443,0.1783,lateral,0.8624,6.0200,0.0474,0.0263,0.0506
0.0366,1.9482,0.1780,combined,0.1634,6.0400,0.0357,-0.0319,0.0180
0.1077,2.1016,0.2408,turn,0.0000,6.0600,0.0000,nan,nan
0.1853,5.1735,0.1595,lateral,1.2391,6.1000,0.1758,-0.1596,0.0941
0.0665,5.0799,0.2170,straight,0.3250,6.1000,0.0162,0.0612,0.0260
0.0968,4.7268,0.0867,combined,1.8306,6.1000,0.0968,0.0106,0.0962
0.1654,4.9949,0.0656,straight,1.9984,6.1000,0.1499,-0.0549,0.1560
0.1579,3.5576,0.0146,combined,0.5448,6.1000,0.1579,-0.1326,0.0856
0.0280,1.4271,0.1306,combined,0.3153,6.1000,0.0084,-0.0196,0.0201
0.0267,2.9929,0.0999,turn,0.0000,6.1200,0.0000,nan,nan
0.0892,2.2666,0.1050,turn,0.0000,6.1200,0.0000,nan,nan
0.0457,0.1925,0.0292,turn,0.0000,6.1400,0.0000,nan,nan
0.0362,2.6297,0.0651,turn,0.0000,6.1400,0.0000,nan,nan
0.0617,3.2113,0.1565,combined,2.1614,6.1600,0.0541,-0.0271,0.0554
0.0917,0.9848,0.0678,straight,1.1150,6.1800,0.0773,-0.0839,0.0368
0.2038,1.2820,0.0790,turn,0.0000,6.2200,0.0000,nan,nan
0.0310,2.6910,0.1909,combined,1.4166,6.2200,0.0078,-0.0263,0.0164
0.1081,1.2542,0.2316,lateral,0.5503,6.2600,0.0769,-0.0833,0.0689
0.1067,1.4494,0.1354,lateral,0.1730,6.3000,0.0435,-0.0861,0.0630
0.0603,2.8100,0.1773,lateral,1.3728,6.3000,0.0478,-0.0587,0.0139
0.0512,2.1997,0.0410,combined,1.4206,6.3400,0.0512,-0.0485,0.0166
0.0599,0.0452,0.0659,combined,0.7385,6.3600,0.0417,0.0026,0.0598
0.1534,0.6732,0.0456,straight,0.8642,6.3800,0.0754,0.0231,0.1517
0.0394,4.4715,0.0386,stand,0.0000,6.4000,0.0000,nan,nan
0.0354,1.1342,0.2053,straight,0.8589,6.4200,0.0159,0.0314,0.0165
0.0561,0.4226,0.1706,lateral,0.0215,6.4200,0.0065,0.0556,0.0076
0.0801,7.0053,0.0619,stand,0.0000,6.4400,0.0000,nan,nan
0.0319,0.0161,0.1872,combined,2.4174,6.5200,0.0196,-0.0126,0.0293
0.0514,3.7628,0.2097,turn,0.0000,6.5400,0.0000,nan,nan
0.0694,1.9604,0.0284,stand,0.0000,6.5400,0.0000,nan,nan
0.1685,1.4482,0.1972,combined,1.8695,6.5600,0.1302,-0.0834,0.1464
0.0774,1.2711,0.1203,combined,2.2227,6.5800,0.0774,-0.0119,0.0765
0.1669,2.6937,0.1287,combined,1.9744,6.5600,0.1660,-0.1606,0.0455
0.0218,0.6879,0.1974,lateral,0.6951,6.6000,0.0178,-0.0205,0.0074
0.0948,1.0349,0.1942,combined,1.3435,6.6000,0.0948,-0.0739,0.0593
0.0292,2.7967,0.1494,combined,1.1616,6.6000,0.0204,-0.0192,0.0219
0.1332,3.9235,0.1460,straight,0.6590,6.6200,0.1302,0.0222,0.1313
0.0732,1.2411,0.1362,combined,1.4740,6.6400,0.0582,-0.0631,0.0370
0.1135,1.5325,0.1601,lateral,0.0159,6.6600,0.0140,-0.0745,0.0856
0.0524,1.4461,0.1683,straight,0.3055,6.6800,0.0200,0.0188,0.0489
0.1165,1.5460,0.1219,lateral,1.3688,6.7400,0.1022,-0.0584,0.1008
0.1356,3.2107,0.0335,lateral,0.8684,6.7400,0.1234,-0.1316,0.0324
0.0651,0.2882,0.0447,turn,0.0000,6.7400,0.0000,nan,nan
0.0468,2.8313,0.1757,lateral,0.2424,6.7400,0.0329,0.0310,0.0351
0.1352,1.9480,0.2329,combined,0.7989,6.7600,0.1251,-0.0537,0.1240
0.1229,2.0953,0.1409,turn,0.0000,6.7800,0.0000,nan,nan
0.0871,0.7954,0.0761,lateral,1.1270,6.8000,0.0408,0.0505,0.0709
0.1285,9.9584,0.0368,stand,0.0000,6.8000,0.0000,nan,nan
0.0693,2.5429,0.1119,lateral,1.4576,6.8200,0.0342,0.0528,0.0448
0.0115,2.9999,0.0588,straight,0.3782,6.8200,0.0069,-0.0046,0.0105
0.0887,1.4307,0.1943,straight,1.4414,6.8600,0.0097,-0.0468,0.0753
0.0067,2.8140,0.0438,stand,0.0000,6.8600,0.0000,nan,nan
0.1786,3.9045,0.0596,straight,0.3712,6.8600,0.0512,-0.1519,0.0938
0.2296,4.2675,0.0462,turn,0.0000,6.9000,0.0000,nan,nan
0.1074,0.7347,0.0877,turn,0.0000,6.9000,0.0000,nan,nan
0.0382,0.4719,0.0076,stand,0.0000,6.9000,0.0000,nan,nan
0.1297,0.8007,0.0492,straight,1.0249,6.9400,0.0933,-0.0444,0.1219
0.0643,0.2576,0.0592,turn,0.0000,6.9600,0.0000,nan,nan
0.1633,0.3669,0.0152,straight,1.8244,6.9800,0.0047,0.0967,0.1315
0.2092,0.8929,0.0223,straight,0.3896,6.9800,0.0898,-0.2090,0.0093
0.0893,0.4540,0.0183,stand,0.0000,6.9800,0.0000,nan,nan
0.0825,0.2551,0.0574,turn,0.0000,7.0200,0.0000,nan,nan
0.0073,0.5675,0.0758,combined,0.5910,7.0200,0.0011,-0.0055,0.0047
0.1088,3.4527,0.0995,turn,0.0000,7.0400,0.0000,nan,nan
0.0560,0.1278,0.0708,straight,1.8259,7.0400,0.0237,0.0537,0.0159
0.0897,1.2394,0.0766,straight,0.4493,7.0600,0.0751,-0.0461,0.0769
0.0701,2.2376,0.0596,combined,1.1181,7.0600,0.0698,0.0280,0.0642
0.1322,2.4982,0.0630,combined,1.1445,7.1000,0.0271,0.1285,0.0311
0.1820,4.3524,0.1970,straight,1.4458,7.1000,0.1600,0.0972,0.1538
0.0939,1.8546,0.0604,straight,1.6518,7.1200,0.0021,0.0415,0.0843
0.0770,1.8263,0.0172,turn,0.0000,7.1200,0.0000,nan,nan
0.1459,2.4891,0.0666,combined,0.4771,7.1200,0.1285,-0.1271,0.0717
0.0618,7.9842,0.0454,stand,0.0000,7.1600,0.0000,nan,nan
0.1686,1.8353,0.2271,turn,0.0000,7.1600,0.0000,nan,nan
0.1422,0.7362,0.0261,combined,0.2478,7.1600,0.1339,-0.1415,0.0140
0.0347,1.8308,0.0532,combined,2.3946,7.1800,0.0340,-0.0297,0.0179
0.0711,1.5452,0.1158,combined,1.5748,7.2000,0.0558,-0.0398,0.0589
0.0918,0.1035,0.0740,combined,0.6406,7.2200,0.0804,-0.0909,0.0129
0.0802,0.1577,0.1806,combined,1.9684,7.2200,0.0365,0.0801,0.0033
0.1140,2.3098,0.0755,straight,1.4075,7.2400,0.0965,-0.0333,0.1090
0.1589,0.3374,0.2051,turn,0.0000,7.2400,0.0000,nan,nan
0.1549,2.7860,0.1849,combined,1.3707,7.2400,0.1367,0.0370,0.1504
0.0914,1.5932,0.0349,combined,1.7547,7.2600,0.0746,-0.0756,0.0515
0.0548,0.2967,0.0393,lateral,0.8396,7.3200,0.0489,-0.0316,0.0448
0.0462,3.8546,0.0583,straight,1.3331,7.3400,0.0270,0.0267,0.0377
0.0178,1.1130,0.1205,turn,0.0000,7.3600,0.0000,nan,nan
0.1118,1.4354,0.0863,combined,2.2542,7.3800,0.0817,-0.0918,0.0638
0.0543,1.3757,0.1686,combined,2.3916,7.4000,0.0381,-0.0206,0.0502
0.1818,7.6731,0.0241,stand,0.0000,7.4200,0.0000,nan,nan
0.0518,2.9525,0.0176,stand,0.0000,7.4200,0.0000,nan,nan
0.1256,1.5929,0.0946,combined,1.9067,7.4200,0.1239,-0.0894,0.0882
0.0223,2.1175,0.1764,combined,1.6835,7.4400,0.0001,0.0217,0.0052
0.1665,1.5068,0.2130,turn,0.0000,7.4400,0.0000,nan,nan
0.0529,2.8584,0.0380,combined,0.5045,7.4400,0.0020,-0.0116,0.0516
0.1156,0.6206,0.0398,turn,0.0000,7.4400,0.0000,nan,nan
0.0386,0.7915,0.0440,straight,1.4742,7.4600,0.0313,0.0007,0.0386
0.1374,0.7937,0.1627,straight,0.1789,7.4600,0.0170,0.0133,0.1367
0.0107,2.1832,0.1275,combined,1.7037,7.4600,0.0046,-0.0076,0.0075
0.0899,0.0507,0.1822,turn,0.0000,7.4600,0.0000,nan,nan
0.0428,1.5493,0.1512,combined,0.4917,7.4800,0.0302,-0.0065,0.0423
0.0889,0.8748,0.0373,turn,0.0000,7.5400,0.0000,nan,nan
0.0430,0.4159,0.0822,turn,0.0000,7.5400,0.0000,nan,nan
0.0564,1.6842,0.0156,stand,0.0000,7.5600,0.0000,nan,nan
0.2099,1.6354,0.2527,straight,1.8612,7.5800,0.1332,0.0666,0.1990
0.1183,0.9450,0.0915,straight,1.5194,7.6000,0.1057,-0.1155,0.0254
0.0412,6.5182,0.0176,stand,0.0000,7.6400,0.0000,nan,nan
0.1108,2.0627,0.0126,combined,1.8066,7.6400,0.0421,0.0973,0.0530
0.0748,2.1079,0.1115,straight,1.0003,7.6600,0.0661,-0.0438,0.0607
0.1873,2.7142,0.1578,straight,1.8310,7.7400,0.1730,-0.1374,0.1273
0.1315,6.0455,0.0592,stand,0.0000,7.7400,0.0000,nan,nan
0.0502,0.5649,0.0962,lateral,1.4896,7.7400,0.0321,-0.0306,0.0397
0.1984,9.0469,0.0434,stand,0.0000,7.7800,0.0000,nan,nan
0.1207,4.2510,0.0349,lateral,0.7466,7.8200,0.0968,-0.0183,0.1193
0.0403,1.7788,0.1134,lateral,0.3270,7.8200,0.0215,0.0309,0.0259
0.0505,3.8574,0.1129,combined,1.3797,7.8400,0.0383,0.0234,0.0447
0.0407,3.4270,0.0340,straight,1.1149,7.8800,0.0159,0.0083,0.0398
0.1689,1.2772,0.0228,turn,0.0000,7.9000,0.0000,nan,nan
0.0603,4.3588,0.0619,turn,0.0000,7.9400,0.0000,nan,nan
0.2156,1.0935,0.0366,combined,1.1866,7.9600,0.2037,-0.2057,0.0645
0.2481,0.8468,0.1707,lateral,0.1765,7.9600,0.0116,0.2091,0.1336
0.0805,1.8084,0.1093,straight,0.0252,7.9600,0.0045,-0.0195,0.0781
0.0689,1.3405,0.0610,combined,1.7762,7.9600,0.0618,0.0689,0.0027
0.1181,0.8824,0.0532,lateral,0.4218,7.9800,0.1127,-0.0202,0.1164
0.0344,4.1219,0.2268,straight,0.6686,6.3200,0.0292,-0.0342,0.0036
0.0973,2.7383,0.1453,lateral,1.3482,4.0000,0.0936,-0.0903,0.0363
0.0967,3.2348,0.0390,lateral,1.2539,4.2200,0.0916,-0.0055,0.0965
0.0455,1.7645,0.2191,turn,0.0000,7.7400,0.0000,nan,nan
0.2029,5.2293,0.0920,combined,1.3452,4.1600,0.2029,-0.1909,0.0689
0.0493,0.1122,0.0350,stand,0.0000,4.7400,0.0000,nan,nan
0.1381,2.3310,0.1644,turn,0.0000,4.3000,0.0000,nan,nan
0.1734,1.5575,0.1263,turn,0.0000,4.6400,0.0000,nan,nan
0.0473,1.5151,0.1739,combined,0.2167,4.9400,0.0318,0.0456,0.0123
0.1228,1.2459,0.1071,straight,1.5750,4.8600,0.1228,0.0287,0.1194
0.0250,0.7285,0.0655,combined,2.1402,4.2600,0.0235,-0.0157,0.0194
0.2179,1.7735,0.0428,combined,2.2628,4.2600,0.2179,-0.2156,0.0320
0.1120,2.7012,0.1879,turn,0.0000,4.0800,0.0000,nan,nan
0.0251,2.6215,0.2522,combined,1.3125,4.3600,0.0251,-0.0225,0.0111
0.0487,8.9404,0.1403,lateral,1.0975,4.3800,0.0419,-0.0486,0.0027
0.1280,4.2554,0.1711,turn,0.0000,4.0600,0.0000,nan,nan
0.1129,3.5062,0.0382,turn,0.0000,5.1000,0.0000,nan,nan
0.0602,0.1843,0.0182,stand,0.0000,4.6200,0.0000,nan,nan
0.0105,1.5577,0.0132,stand,0.0000,5.2400,0.0000,nan,nan
0.0953,0.2370,0.0715,combined,0.5992,5.3000,0.0910,-0.0479,0.0823
0.0774,3.5270,0.2110,combined,1.0579,4.1200,0.0722,-0.0483,0.0604
0.0757,2.5749,0.1280,straight,0.6912,4.5600,0.0341,0.0558,0.0511
0.0672,0.3916,0.0733,combined,1.9266,5.2400,0.0672,0.0333,0.0584
0.1204,2.0102,0.0137,combined,1.2852,4.3000,0.1204,-0.0499,0.1096
0.1751,4.7831,0.0147,straight,1.1269,4.2200,0.1742,-0.1406,0.1044
0.0846,0.6259,0.1123,combined,1.8555,4.3000,0.0846,-0.0735,0.0419
0.1178,1.7207,0.1878,combined,1.5671,5.3600,0.1111,-0.1178,0.0001
0.0697,4.3424,0.1581,lateral,0.1774,4.3600,0.0280,0.0554,0.0424
0.1526,2.2189,0.0897,lateral,0.4408,4.3800,0.1504,-0.1484,0.0356
0.0369,2.3934,0.2184,combined,2.0190,4.5600,0.0369,-0.0090,0.0357
0.0579,0.7456,0.1998,straight,0.7366,5.5200,0.0295,0.0108,0.0568
0.0683,3.4788,0.0769,combined,1.9690,4.6000,0.0569,-0.0255,0.0634
0.1548,0.6296,0.2049,turn,0.0000,5.3800,0.0000,nan,nan
0.1348,0.6003,0.1280,combined,2.2404,5.1600,0.1303,-0.1165,0.0677
0.0896,6.4896,0.0244,straight,1.5390,4.8400,0.0896,-0.0665,0.0600
0.0367,3.3066,0.0958,combined,1.2555,4.3800,0.0232,0.0239,0.0278
0.0683,0.0975,0.0238,stand,0.0000,4.0200,0.0000,nan,nan
0.0324,1.3817,0.0402,stand,0.0000,5.5000,0.0000,nan,nan
0.1968,5.3471,0.0199,turn,0.0000,5.4400,0.0000,nan,nan
0.1429,1.9463,0.1668,lateral,1.2820,5.6600,0.1000,0.0933,0.1083
0.1144,1.5701,0.0421,combined,2.0161,6.0600,0.0898,0.0142,0.1135
0.0786,1.4336,0.1049,turn,0.0000,5.2800,0.0000,nan,nan
0.1600,0.1133,0.1492,straight,1.8796,4.1200,0.1600,-0.0922,0.1307
0.0626,3.3561,0.0451,straight,1.9811,5.2600,0.0626,-0.0242,0.0577
0.1008,4.8767,0.2055,combined,0.8821,4.5000,0.0186,0.0941,0.0363
0.0578,1.8427,0.0292,combined,0.2169,5.2200,0.0356,-0.0576,0.0058
0.1557,2.6334,0.0068,combined,1.7201,4.7800,0.1357,-0.1427,0.0622
0.1164,0.8629,0.2233,combined,1.4489,5.7600,0.0907,-0.0902,0.0736
0.0216,5.6347,0.0344,straight,1.9603,5.9600,0.0029,0.0177,0.0124
0.0872,1.3019,0.0244,stand,0.0000,6.3200,0.0000,nan,nan
0.0771,2.2597,0.1495,turn,0.0000,4.2000,0.0000,nan,nan
0.1169,2.5677,0.1941,turn,0.0000,5.6600,0.0000,nan,nan
0.0840,6.2251,0.0949,straight,0.5450,4.3400,0.0840,-0.0400,0.0738
0.2180,1.2254,0.0156,combined,1.2182,4.2400,0.1596,0.0538,0.2113
0.0848,5.4372,0.0126,lateral,0.6832,4.4400,0.0837,0.0038,0.0847
0.1145,2.9676,0.0324,turn,0.0000,5.8600,0.0000,nan,nan
0.2143,1.2262,0.0562,combined,0.7061,4.6200,0.1906,-0.1743,0.1246
0.0799,0.0681,0.0953,lateral,0.0251,5.7000,0.0027,-0.0793,0.0102
0.0933,2.0521,0.0259,lateral,1.2199,5.8000,0.0743,0.0647,0.0672
0.0827,1.8732,0.1398,straight,0.8692,4.7400,0.0691,-0.0735,0.0378
0.0421,0.2633,0.0051,straight,1.7981,5.4800,0.0173,-0.0040,0.0420
0.0885,3.6620,0.1939,straight,1.7357,6.0400,0.0741,-0.0635,0.0616
0.0232,2.1032,0.1153,combined,0.5773,4.5200,0.0011,0.0180,0.0146
0.1772,2.0119,0.0815,lateral,1.4825,5.5200,0.1745,-0.1240,0.1266
0.1281,1.5496,0.1790,turn,0.0000,4.0000,0.0000,nan,nan
0.1680,0.5700,0.1035,turn,0.0000,6.2800,0.0000,nan,nan
0.1525,0.8460,0.1521,combined,2.2406,6.5000,0.1460,-0.1499,0.0278
0.0170,3.4881,0.1440,straight,0.2804,5.6600,0.0142,-0.0022,0.0168
0.1688,3.4291,0.1665,straight,0.5959,6.5400,0.0269,0.1487,0.0798
0.0812,1.2807,0.0565,lateral,0.8519,5.2600,0.0655,-0.0801,0.0135
0.0477,1.2859,0.0515,straight,0.9519,4.5200,0.0477,-0.0477,0.0017
0.0365,0.9437,0.2056,straight,0.3817,5.1400,0.0213,-0.0118,0.0345
0.0998,0.1064,0.0292,straight,1.2417,4.0800,0.0978,0.0552,0.0831
0.2273,3.0598,0.0971,turn,0.0000,6.9000,0.0000,nan,nan
0.1458,0.1298,0.0712,combined,1.0524,5.1600,0.0680,0.0924,0.1128
0.0616,1.8223,0.0508,combined,2.0187,6.7200,0.0434,-0.0310,0.0532
0.0809,6.2209,0.0748,straight,1.4409,4.8600,0.0611,-0.0236,0.0774
0.0383,2.9112,0.0392,combined,0.9064,4.6200,0.0206,-0.0067,0.0377
0.1528,3.2728,0.0584,combined,1.4693,6.7200,0.0214,0.1397,0.0620
0.1289,0.3503,0.1250,straight,1.8392,6.8200,0.0607,-0.0167,0.1278
0.0862,0.7119,0.0404,turn,0.0000,6.0400,0.0000,nan,nan
0.1571,1.1005,0.0409,straight,0.6942,4.6600,0.1218,-0.0166,0.1562
0.0462,3.7282,0.0315,turn,0.0000,4.9400,0.0000,nan,nan
0.0759,1.7580,0.0204,lateral,0.3202,4.2800,0.0614,-0.0281,0.0705
0.0043,1.1060,0.0791,combined,0.5640,5.8000,0.0020,-0.0003,0.0042
0.1083,3.8393,0.2122,straight,0.7969,4.0600,0.1027,-0.0663,0.0856
0.1057,3.4813,0.0453,combined,0.5973,6.5200,0.1041,-0.0894,0.0563
0.1511,2.5864,0.0917,straight,1.8783,6.7800,0.0861,0.0510,0.1422
0.0613,1.4408,0.1443,combined,1.0045,6.1200,0.0596,-0.0390,0.0473
0.0674,3.6782,0.0444,turn,0.0000,4.4200,0.0000,nan,nan
0.1259,4.5135,0.2087,combined,1.9592,4.6400,0.1259,-0.1239,0.0223
0.0495,5.5726,0.0888,stand,0.0000,5.4400,0.0000,nan,nan
0.1140,0.5017,0.0575,turn,0.0000,6.7800,0.0000,nan,nan
0.2092,3.7744,0.1090,combined,1.8319,4.0600,0.1929,-0.0850,0.1911
0.1124,1.9466,0.0190,turn,0.0000,5.5200,0.0000,nan,nan
0.0318,1.1133,0.0118,stand,0.0000,7.2600,0.0000,nan,nan
0.0964,2.1510,0.0401,lateral,0.7537,5.5600,0.0902,0.0404,0.0875
0.0554,1.6508,0.0903,lateral,0.6105,4.8000,0.0346,-0.0475,0.0285
0.0964,1.4803,0.1935,combined,0.7109,4.0000,0.0869,-0.0260,0.0929
0.0723,1.4943,0.1333,combined,1.3172,5.4400,0.0723,-0.0668,0.0276
0.1044,4.5249,0.0251,stand,0.0000,4.5400,0.0000,nan,nan
0.1428,0.8208,0.1839,combined,1.9769,5.8200,0.1428,-0.1426,0.0081
0.0681,3.7316,0.1226,straight,0.1291,6.7000,0.0404,0.0095,0.0675
0.2093,2.2943,0.2001,combined,2.4064,5.7400,0.1489,-0.0288,0.2073
0.0955,0.2570,0.2072,straight,1.7889,4.0000,0.0815,-0.0181,0.0938
0.0550,4.9804,0.0517,straight,1.4574,6.8400,0.0157,0.0489,0.0253
0.0858,2.9392,0.2439,combined,1.3711,5.1400,0.0811,-0.0135,0.0847
0.0340,1.3431,0.1673,lateral,1.1074,6.8400,0.0007,0.0327,0.0092
0.0574,0.0301,0.1004,lateral,0.4392,5.7200,0.0288,-0.0564,0.0106
0.0946,1.7276,0.0325,straight,0.4874,6.8000,0.0397,-0.0431,0.0842
0.0258,0.6614,0.0328,turn,0.0000,6.1200,0.0000,nan,nan
0.0491,1.8347,0.0779,combined,0.3746,5.6800,0.0491,-0.0369,0.0324
0.0554,0.7042,0.0082,turn,0.0000,4.3400,0.0000,nan,nan
0.0265,3.7911,0.0321,lateral,0.3551,7.1600,0.0196,-0.0035,0.0262
0.1781,2.4857,0.2019,combined,1.7739,4.5400,0.1765,-0.1243,0.1276
0.0479,0.3997,0.1299,straight,1.5884,6.2800,0.0437,-0.0475,0.0063
0.0784,0.1759,0.0823,combined,1.3963,5.6000,0.0771,-0.0614,0.0488
0.1070,3.3065,0.1482,straight,1.3414,4.7800,0.0789,-0.0378,0.1001
0.1046,0.7328,0.1430,combined,1.2327,4.1000,0.1046,-0.0902,0.0529
0.2000,2.4929,0.2126,combined,1.5014,4.6200,0.0968,0.0721,0.1866
0.0903,4.0845,0.2184,straight,1.1489,4.6000,0.0087,0.0903,0.0022
0.0582,3.9264,0.1124,turn,0.0000,7.0000,0.0000,nan,nan
0.0379,0.9854,0.0096,stand,0.0000,5.2800,0.0000,nan,nan
0.1706,0.6489,0.0229,combined,1.5541,5.9800,0.1490,-0.1594,0.0607
0.0591,0.0784,0.1451,straight,1.0754,6.4800,0.0512,-0.0275,0.0523
0.1461,3.1183,0.0865,combined,0.9702,4.4800,0.1230,-0.0340,0.1421
0.0744,0.7831,0.1857,straight,1.0905,7.5000,0.0233,-0.0015,0.0744
0.0858,5.0132,0.2648,combined,1.4882,6.9600,0.0858,-0.0794,0.0325
0.0708,1.0550,0.2390,turn,0.0000,5.0000,0.0000,nan,nan
0.0662,1.1117,0.1406,straight,1.3038,7.4200,0.0534,-0.0567,0.0342
0.0245,2.8497,0.1763,combined,1.9154,5.1600,0.0097,0.0214,0.0119
0.0571,4.6472,0.1244,lateral,0.7387,7.4400,0.0446,-0.0309,0.0480
0.1554,2.9739,0.0558,straight,0.5092,4.3200,0.0940,-0.0147,0.1547
0.0949,0.4732,0.0103,stand,0.0000,4.7400,0.0000,nan,nan
0.2229,1.9709,0.1115,combined,1.6714,4.0200,0.1990,0.0710,0.2113
0.0438,1.3775,0.1497,combined,2.0127,7.8600,0.0007,-0.0233,0.0371
0.1734,4.0643,0.1899,combined,1.6674,7.5200,0.1236,-0.0423,0.1681
0.1647,0.4812,0.0252,turn,0.0000,6.8200,0.0000,nan,nan
0.0753,2.2384,0.0546,turn,0.0000,4.3600,0.0000,nan,nan
0.1226,0.4549,0.0830,combined,1.8305,4.8000,0.1226,0.1170,0.0366
0.1219,0.8336,0.0034,lateral,0.8147,7.1600,0.0579,-0.1014,0.0677
0.0934,3.8224,0.2121,combined,0.7817,5.4200,0.0495,0.0794,0.0492
0.0874,3.1124,0.2399,turn,0.0000,7.6000,0.0000,nan,nan
0.1614,0.1832,0.0351,combined,0.4343,4.6800,0.1484,-0.1352,0.0883
0.0541,0.4299,0.1338,straight,1.2602,5.5000,0.0506,-0.0424,0.0337
0.0199,1.4861,0.0255,combined,1.4963,4.6000,0.0071,-0.0076,0.0184
0.1270,2.0163,0.1490,combined,1.2660,4.6800,0.1270,-0.0630,0.1103
0.1744,0.2152,0.0661,combined,1.6752,4.5200,0.1744,0.0528,0.1662
0.0419,5.4561,0.1584,straight,1.1106,4.7400,0.0419,-0.0417,0.0034
0.0393,3.0524,0.1017,lateral,0.2565,4.3800,0.0198,-0.0307,0.0245
0.0610,2.4647,0.1061,straight,0.9379,7.3200,0.0443,-0.0182,0.0583
0.0720,1.6970,0.1544,straight,0.8113,5.1000,0.0680,0.0464,0.0551
0.1713,1.3647,0.0295,straight,0.8845,7.2600,0.0150,0.1711,0.0092
0.1097,4.0314,0.0682,lateral,0.0315,6.6400,0.0089,0.1026,0.0389
0.0468,1.7372,0.1664,combined,1.6177,5.1400,0.0383,0.0102,0.0456
0.1463,0.5884,0.0589,combined,0.5909,5.5000,0.1237,-0.1427,0.0323
0.1468,4.8938,0.1974,straight,1.1697,7.9800,0.1308,0.0129,0.1462
0.0937,1.4366,0.0575,combined,1.3197,6.9200,0.0773,-0.0786,0.0511
0.1564,4.9808,0.1247,combined,0.9024,6.8400,0.1455,0.0325,0.1530
0.1198,2.6236,0.1767,turn,0.0000,4.8600,0.0000,nan,nan
0.0876,1.7049,0.1389,combined,0.5361,4.3400,0.0824,-0.0640,0.0598
0.0783,0.5782,0.1037,turn,0.0000,4.4600,0.0000,nan,nan
0.1117,2.0997,0.1252,combined,0.0770,6.2600,0.0376,-0.0588,0.0950
0.0515,0.6776,0.1006,lateral,0.8582,7.8800,0.0221,-0.0507,0.0086
0.0366,1.4711,0.0155,combined,1.0187,5.3800,0.0255,-0.0358,0.0080
0.0771,2.4870,0.0242,straight,1.9124,6.2200,0.0559,-0.0649,0.0417
0.2560,0.0378,0.0200,straight,0.5389,4.4200,0.2189,-0.1382,0.2155
0.0272,4.9191,0.1144,turn,0.0000,7.0200,0.0000,nan,nan
0.0402,3.7687,0.0625,lateral,0.2335,5.2600,0.0170,-0.0040,0.0400
0.0926,1.9349,0.0299,stand,0.0000,7.9800,0.0000,nan,nan
0.0694,2.3158,0.2159,combined,1.0264,7.5800,0.0650,0.0015,0.0694
0.0516,1.7884,0.0093,turn,0.0000,5.1600,0.0000,nan,nan
0.0285,2.5407,0.0962,combined,1.6613,7.8600,0.0186,-0.0017,0.0285
0.0582,2.5134,0.0198,turn,0.0000,6.5600,0.0000,nan,nan
0.0689,1.9200,0.1455,straight,0.2390,6.4000,0.0270,0.0661,0.0194
0.0208,0.3482,0.2727,combined,1.7405,5.0600,0.0208,-0.0208,0.0015
0.0262,0.7673,0.0932,combined,0.7496,6.9800,0.0022,0.0142,0.0220
0.0790,3.8319,0.2151,turn,0.0000,6.7200,0.0000,nan,nan
0.0707,3.7576,0.0334,straight,0.4019,4.6200,0.0548,-0.0613,0.0352
0.0871,3.5518,0.2102,combined,1.7913,5.9400,0.0862,-0.0725,0.0483
0.1284,1.9287,0.0606,lateral,1.4580,5.7800,0.0967,0.0895,0.0921
0.0996,0.3008,0.0784,straight,0.4142,6.3000,0.0289,0.0554,0.0828
0.0042,0.4198,0.0568,stand,0.0000,4.8600,0.0000,nan,nan
0.1461,1.3389,0.1996,straight,1.4132,5.4000,0.1461,-0.0673,0.1297
0.1094,0.3135,0.1687,lateral,0.5253,5.2000,0.0612,-0.0865,0.0670
0.0636,1.1510,0.0610,turn,0.0000,6.9000,0.0000,nan,nan
0.0720,2.7862,0.2485,combined,2.0569,7.6200,0.0555,0.0208,0.0689
0.1172,0.0728,0.1493,turn,0.0000,6.1600,0.0000,nan,nan
0.0758,2.0700,0.1233,turn,0.0000,7.1800,0.0000,nan,nan
0.1308,0.1959,0.0752,combined,1.2801,6.7000,0.1063,-0.0771,0.1056
0.1245,4.0773,0.0728,combined,1.6158,6.0000,0.1211,-0.1245,0.0029
0.0629,1.4547,0.0102,straight,0.6418,5.6400,0.0586,-0.0581,0.0242
0.1331,1.1048,0.0642,stand,0.0000,7.9600,0.0000,nan,nan
0.0424,0.3418,0.2073,straight,1.0834,7.3200,0.0058,0.0420,0.0056
0.1550,3.2287,0.1750,lateral,1.1036,7.8800,0.0524,0.1545,0.0113
0.0868,0.4555,0.1863,lateral,0.9203,6.6600,0.0651,0.0663,0.0560
0.0736,0.2770,0.1033,straight,0.5811,5.9800,0.0101,0.0734,0.0051
0.0635,2.8035,0.1480,straight,1.7741,6.2600,0.0246,0.0226,0.0594
0.1325,1.7553,0.0962,combined,0.9660,7.7200,0.1124,-0.0862,0.1006
0.0195,3.2502,0.1669,combined,1.2300,6.8600,0.0054,-0.0095,0.0170
0.0206,0.2249,0.0108,stand,0.0000,5.6800,0.0000,nan,nan
0.2443,4.9204,0.1435,straight,1.4217,5.9200,0.2338,-0.1468,0.1953
0.0544,0.8771,0.0743,straight,0.8467,6.6200,0.0157,-0.0027,0.0543
0.1547,1.9732,0.0710,straight,1.2462,7.1400,0.1332,0.0015,0.1547
0.0593,0.0312,0.0809,lateral,0.8906,6.3400,0.0565,0.0180,0.0565
0.0277,0.9169,0.0735,combined,2.0804,7.4200,0.0129,-0.0272,0.0051
0.1568,1.8111,0.2051,straight,1.1816,4.0800,0.1356,0.0076,0.1567
0.0655,0.4811,0.2781,combined,1.5647,5.5600,0.0595,0.0613,0.0232
0.1049,3.4566,0.0682,straight,1.1905,7.0400,0.1049,-0.0407,0.0967
0.0621,2.0011,0.0379,combined,0.7297,4.1200,0.0617,-0.0051,0.0619
0.1962,4.2460,0.0367,combined,1.5817,7.1800,0.0243,0.1586,0.1154
0.1101,2.1075,0.0430,turn,0.0000,6.3800,0.0000,nan,nan
0.0431,0.0736,0.1881,combined,1.6445,5.8200,0.0234,-0.0203,0.0380
0.1727,5.5408,0.0162,straight,1.2995,7.2000,0.0418,0.1402,0.1009
0.0712,1.3249,0.0255,turn,0.0000,5.3600,0.0000,nan,nan
0.0638,2.1185,0.0903,combined,1.5388,5.9000,0.0299,-0.0638,0.0006
0.0648,4.5855,0.0783,combined,1.8909,7.4800,0.0408,-0.0569,0.0310
0.1441,0.0226,0.0904,combined,1.5576,7.4000,0.1189,-0.1187,0.0817
0.0775,2.6869,0.0195,turn,0.0000,6.3600,0.0000,nan,nan
0.0149,1.4229,0.0926,lateral,1.0323,6.8200,0.0064,0.0126,0.0080
0.0718,1.0770,0.1933,lateral,0.9233,4.8200,0.0498,0.0507,0.0507
0.0965,0.2902,0.0461,turn,0.0000,6.9800,0.0000,nan,nan
0.1708,2.4810,0.0253,turn,0.0000,7.7600,0.0000,nan,nan
0.0619,2.2314,0.0578,lateral,0.2467,6.9800,0.0352,-0.0602,0.0145
0.0770,3.7654,0.0514,combined,1.5409,7.4400,0.0707,-0.0125,0.0760
0.1803,0.7263,0.1680,straight,0.7814,5.9800,0.1307,0.0498,0.1733
0.0598,1.4096,0.1248,combined,0.9698,7.5000,0.0564,-0.0528,0.0280
0.1087,1.1501,0.1590,turn,0.0000,7.0800,0.0000,nan,nan
0.0246,1.4884,0.1887,turn,0.0000,7.3600,0.0000,nan,nan
0.0059,0.0436,0.1881,straight,1.8944,6.5000,0.0014,0.0023,0.0054
0.0929,1.1071,0.0518,turn,0.0000,6.5200,0.0000,nan,nan
0.0750,1.0826,0.0359,combined,1.4137,4.2400,0.0741,-0.0665,0.0348
0.1412,1.3288,0.1053,straight,0.3694,6.3600,0.0676,0.1100,0.0884
0.0274,5.3237,0.2242,turn,0.0000,4.8000,0.0000,nan,nan
0.1029,0.0708,0.0358,lateral,0.7608,4.5800,0.1020,-0.0589,0.0844
0.1003,0.4988,0.0399,combined,1.8729,7.9800,0.0520,0.0969,0.0260
0.0731,1.0737,0.0869,lateral,0.5733,4.5600,0.0666,-0.0158,0.0713
0.1357,1.9658,0.1280,turn,0.0000,6.0200,0.0000,nan,nan
0.0720,0.8403,0.1501,lateral,1.2216,7.6600,0.0066,0.0674,0.0252
0.0525,1.9627,0.2021,turn,0.0000,7.9800,0.0000,nan,nan
0.0578,2.9688,0.0231,straight,1.0060,6.7400,0.0247,0.0404,0.0412
0.1181,1.6893,0.2010,lateral,0.6487,7.2000,0.0905,-0.0813,0.0857
0.1021,6.0479,0.2297,combined,1.4367,5.2400,0.0874,-0.0718,0.0726
0.0945,3.7785,0.0642,lateral,1.1791,6.5000,0.0380,0.0569,0.0754
0.0328,0.6799,0.1788,combined,1.9576,6.2600,0.0287,-0.0323,0.0054
0.1329,3.6592,0.1233,combined,0.5483,5.0600,0.0123,0.1185,0.0600
0.1976,1.4009,0.0772,straight,1.7840,7.1200,0.0523,0.1865,0.0652
0.1022,5.1078,0.0230,straight,1.7752,6.5000,0.1021,-0.0823,0.0606
0.0611,3.5606,0.1178,combined,1.1949,4.9600,0.0611,-0.0606,0.0075
0.0816,0.6176,0.1414,straight,1.1622,7.5000,0.0050,0.0796,0.0178
0.0715,0.4489,0.0699,turn,0.0000,5.4200,0.0000,nan,nan
0.1134,1.5220,0.1523,straight,0.8745,7.3800,0.0922,-0.0744,0.0855
0.0672,1.4456,0.0814,combined,0.7132,6.6800,0.0672,-0.0518,0.0427
0.0272,1.0641,0.0355,stand,0.0000,6.9800,0.0000,nan,nan
0.1314,2.8874,0.1721,straight,1.9906,7.9000,0.0166,0.1151,0.0634
0.1641,1.6482,0.0169,straight,1.4410,7.8400,0.1114,-0.0768,0.1450
0.1712,1.7753,0.2032,combined,1.6275,7.2600,0.1079,0.0862,0.1479
0.0475,0.9052,0.0126,stand,0.0000,4.5800,0.0000,nan,nan
0.0194,1.3387,0.2371,turn,0.0000,7.7600,0.0000,nan,nan
0.0382,2.9682,0.0234,stand,0.0000,6.3400,0.0000,nan,nan
0.1184,1.6877,0.0738,combined,1.1997,4.8800,0.1184,-0.0212,0.1165
0.1316,1.1643,0.1286,combined,1.4129,7.8400,0.1028,-0.1105,0.0715
0.1198,3.2246,0.1100,lateral,1.3193,7.4600,0.0987,-0.1185,0.0170
0.0817,0.4298,0.1920,lateral,0.7371,4.7800,0.0717,-0.0233,0.0783
0.0626,5.9939,0.1247,lateral,1.0950,7.5800,0.0406,0.0389,0.0490
0.2047,4.0325,0.0556,turn,0.0000,7.8600,0.0000,nan,nan
0.0515,0.0909,0.0397,straight,0.8985,7.7400,0.0257,-0.0119,0.0501
0.0310,0.9807,0.1667,combined,1.3200,5.8000,0.0263,-0.0049,0.0306
0.2154,0.0156,0.0577,turn,0.0000,7.8400,0.0000,nan,nan
0.0284,1.3639,0.1515,straight,0.8435,4.4600,0.0118,0.0008,0.0284
0.0603,0.7434,0.0764,straight,0.4224,6.7800,0.0376,0.0570,0.0198
0.0906,4.9598,0.0234,straight,0.0661,5.8200,0.0649,-0.0859,0.0287
0.2432,0.0363,0.3268,combined,2.0371,4.5200,0.2432,-0.2420,0.0247
0.0636,2.5587,0.1139,turn,0.0000,5.4200,0.0000,nan,nan
0.0182,2.0017,0.1368,straight,1.2695,4.4400,0.0173,-0.0150,0.0102
0.1961,2.6492,0.1046,lateral,1.3110,5.0800,0.1889,-0.1531,0.1225
0.1165,2.2425,0.0900,straight,0.8511,5.5000,0.0595,0.0455,0.1072
0.1013,2.7231,0.1845,lateral,1.2804,5.7000,0.0883,-0.0921,0.0422
0.1670,2.0327,0.1436,turn,0.0000,7.9000,0.0000,nan,nan
0.0683,1.3301,0.0492,turn,0.0000,4.1200,0.0000,nan,nan
0.1369,2.9637,0.0806,turn,0.0000,5.1600,0.0000,nan,nan
0.1349,1.9245,0.0491,stand,0.0000,5.0600,0.0000,nan,nan
0.0152,5.1279,0.2081,straight,0.2469,5.1600,0.0109,-0.0028,0.0149
0.0660,2.7116,0.1308,straight,0.2701,5.9200,0.0439,0.0534,0.0388
0.0782,4.7542,0.1399,combined,0.7164,4.9800,0.0675,-0.0220,0.0750
0.0622,1.2153,0.0277,stand,0.0000,5.6600,0.0000,nan,nan
0.0477,4.7958,0.1514,turn,0.0000,4.0600,0.0000,nan,nan
0.1070,1.8149,0.0037,turn,0.0000,6.1200,0.0000,nan,nan
0.0193,0.3855,0.0337,stand,0.0000,6.3600,0.0000,nan,nan
0.0333,1.5755,0.0127,stand,0.0000,7.9600,0.0000,nan,nan
0.0492,0.8947,0.0592,combined,1.0828,4.7000,0.0394,-0.0000,0.0492
0.1601,1.8238,0.2070,combined,1.4209,7.8400,0.0443,0.0169,0.1592
0.0802,2.0619,0.0682,combined,0.9077,6.1800,0.0274,-0.0287,0.0749
0.0170,1.7755,0.1016,combined,2.2975,7.9000,0.0003,0.0123,0.0117
0.1760,4.7757,0.1141,lateral,1.1643,4.0800,0.1760,-0.1444,0.1005
0.0525,2.1161,0.1569,straight,0.9994,4.3400,0.0146,0.0209,0.0481
0.0621,2.2463,0.1492,combined,1.3438,5.7000,0.0275,0.0595,0.0177
0.1663,4.2768,0.1278,straight,0.8647,4.9200,0.1138,0.0567,0.1563
0.1211,3.5582,0.0405,lateral,0.6746,6.5600,0.0243,0.1205,0.0115
0.1314,3.1670,0.0141,lateral,1.2576,5.1600,0.1067,0.0210,0.1297
0.0914,4.4797,0.1722,straight,1.9905,6.9000,0.0563,-0.0127,0.0905
0.0666,3.3789,0.0374,stand,0.0000,4.7400,0.0000,nan,nan
0.0724,0.7190,0.2264,turn,0.0000,4.5800,0.0000,nan,nan
0.1080,3.4559,0.0367,turn,0.0000,4.1600,0.0000,nan,nan
0.0791,0.7772,0.1615,straight,1.7732,4.2600,0.0791,0.0045,0.0789
0.0263,4.1729,0.1583,combined,2.1243,4.0600,0.0206,0.0094,0.0246
0.1012,0.2064,0.1545,straight,0.2371,4.2200,0.0118,0.0986,0.0227
0.0589,2.2549,0.0088,turn,0.0000,4.8200,0.0000,nan,nan
0.0668,2.9706,0.0445,combined,0.7211,5.1200,0.0514,0.0373,0.0554
0.0387,0.0403,0.0500,turn,0.0000,4.4000,0.0000,nan,nan
0.0386,0.9627,0.0044,stand,0.0000,5.6400,0.0000,nan,nan
0.1057,2.5459,0.0750,lateral,0.4586,7.1600,0.1031,-0.0020,0.1057
0.1743,1.1107,0.0164,combined,1.0381,5.3800,0.0478,0.1462,0.0948
0.0984,4.4914,0.0982,turn,0.0000,5.9800,0.0000,nan,nan
0.0402,2.0863,0.0604,straight,1.7640,4.9000,0.0402,-0.0400,0.0041
0.0821,3.7578,0.0659,straight,1.9092,4.5000,0.0821,-0.0719,0.0397
0.0884,1.5612,0.0463,combined,1.2269,5.0400,0.0881,-0.0530,0.0707
0.0107,1.8733,0.0304,stand,0.0000,6.5600,0.0000,nan,nan
0.0834,0.9729,0.0910,lateral,0.6398,4.5800,0.0417,0.0802,0.0227
0.2161,2.8974,0.0498,straight,1.3707,4.2800,0.2011,-0.1626,0.1422
0.1585,2.1287,0.1891,combined,2.0299,7.0400,0.1376,-0.1580,0.0132
0.0756,1.9344,0.1765,straight,0.8910,4.6400,0.0494,0.0032,0.0755
0.0777,2.4499,0.0846,combined,1.7826,5.4800,0.0777,-0.0777,0.0019
0.0558,3.6270,0.0866,straight,1.0669,5.5600,0.0064,0.0556,0.0044
0.2011,1.2265,0.0095,combined,1.3965,6.1800,0.1479,0.1669,0.1122
0.1464,2.3638,0.1503,turn,0.0000,7.9000,0.0000,nan,nan
0.0775,2.6029,0.0939,lateral,1.0653,4.4400,0.0681,-0.0676,0.0380
0.1368,3.8473,0.2062,lateral,0.6215,4.9400,0.1368,-0.0661,0.1198
0.0828,1.2367,0.1665,turn,0.0000,6.5800,0.0000,nan,nan
0.0938,0.8503,0.2534,combined,0.3797,7.6000,0.0320,0.0645,0.0681
0.0864,2.0577,0.0767,lateral,1.0315,5.7000,0.0769,-0.0533,0.0680
0.0062,1.8305,0.1182,turn,0.0000,5.7400,0.0000,nan,nan
0.0898,2.1733,0.0952,straight,0.6291,4.2400,0.0898,-0.0800,0.0408
0.1296,2.3499,0.1065,straight,0.5203,5.6200,0.1034,-0.0458,0.1213
0.0816,0.5573,0.1826,straight,0.6316,6.1600,0.0703,0.0634,0.0514
0.1561,4.5701,0.2031,turn,0.0000,7.8000,0.0000,nan,nan
0.0522,3.8630,0.1815,turn,0.0000,6.4400,0.0000,nan,nan
0.0900,4.0965,0.1983,lateral,1.3650,5.5000,0.0869,-0.0085,0.0896
0.0897,3.3863,0.1117,combined,1.3739,6.4000,0.0897,-0.0820,0.0364
0.0409,1.0011,0.0064,turn,0.0000,5.2000,0.0000,nan,nan
0.0667,0.2784,0.0627,combined,1.3894,4.5400,0.0207,0.0580,0.0330
0.0919,0.1324,0.1446,lateral,1.1873,5.8000,0.0547,-0.0882,0.0259
0.0579,1.3078,0.1751,straight,1.6020,5.8800,0.0379,0.0100,0.0570
0.2170,2.5506,0.0892,straight,0.7826,6.3800,0.0461,0.1113,0.1863
0.1134,2.1810,0.1892,turn,0.0000,4.2000,0.0000,nan,nan
0.2103,1.1979,0.0701,lateral,0.8183,4.9800,0.0753,0.1953,0.0781
0.0518,2.0381,0.2305,combined,0.7354,5.5600,0.0108,0.0480,0.0195
0.1078,2.2407,0.0303,combined,1.8093,4.7200,0.0949,-0.1054,0.0224
0.1449,0.3012,0.2485,lateral,0.0002,4.2400,0.0002,nan,nan
0.0431,0.2489,0.0465,combined,1.5189,5.0200,0.0222,-0.0146,0.0406
0.0370,2.0853,0.0392,lateral,0.2424,5.6400,0.0017,0.0364,0.0066
0.0637,3.4405,0.1309,lateral,1.0194,4.9200,0.0618,-0.0623,0.0131
0.1615,2.3063,0.1245,combined,0.1203,5.1400,0.0929,0.1034,0.1240
0.1229,0.8376,0.1450,turn,0.0000,6.3400,0.0000,nan,nan
0.0631,1.8049,0.0455,stand,0.0000,4.8000,0.0000,nan,nan
0.1275,0.9836,0.0238,turn,0.0000,4.9200,0.0000,nan,nan
0.0500,2.8206,0.0626,straight,0.4660,7.0200,0.0400,-0.0215,0.0451
0.0278,2.9128,0.0352,combined,1.6652,4.7400,0.0208,0.0226,0.0162
0.0694,1.0201,0.0887,lateral,1.0207,6.8600,0.0025,-0.0638,0.0272
0.1908,6.9259,0.0236,turn,0.0000,4.2400,0.0000,nan,nan
0.0815,0.6716,0.1003,straight,1.9145,5.6800,0.0810,-0.0783,0.0227
0.0014,0.7951,0.0261,stand,0.0000,4.3000,0.0000,nan,nan
0.0651,0.8987,0.0484,lateral,0.1452,4.8000,0.0386,-0.0619,0.0200
0.0200,0.0345,0.0308,stand,0.0000,4.0400,0.0000,nan,nan
0.1018,1.8612,0.0898,turn,0.0000,4.4800,0.0000,nan,nan
0.0758,4.1194,0.1798,straight,1.2922,6.4000,0.0647,-0.0096,0.0752
0.0438,1.4644,0.0914,straight,1.3998,6.1600,0.0191,-0.0153,0.0410
0.1830,2.3939,0.2034,straight,1.0663,5.2600,0.1830,-0.1615,0.0860
0.0935,0.4939,0.1587,straight,0.5369,7.5000,0.0629,-0.0364,0.0861
0.1300,3.8751,0.1303,combined,2.1896,4.9600,0.0302,-0.0022,0.1299
0.0319,2.9782,0.1592,combined,1.3719,4.9200,0.0276,0.0084,0.0308
0.0732,1.1278,0.0332,turn,0.0000,7.9200,0.0000,nan,nan
0.1571,0.3770,0.1357,combined,1.8817,5.0800,0.1362,-0.1548,0.0269
0.2050,2.0767,0.0313,straight,1.6908,6.5400,0.0457,0.1908,0.0749
0.0043,5.1616,0.0120,stand,0.0000,6.7000,0.0000,nan,nan
0.0804,1.4226,0.0418,stand,0.0000,7.9400,0.0000,nan,nan
0.1286,1.5712,0.1638,straight,0.6011,6.4200,0.0658,-0.0121,0.1280
0.0521,1.3208,0.2219,straight,0.6589,5.0000,0.0521,-0.0502,0.0142
0.1357,1.3715,0.1594,combined,1.9025,5.7800,0.1293,-0.0830,0.1073
0.0435,2.9017,0.0179,stand,0.0000,4.5000,0.0000,nan,nan
0.0902,3.4221,0.1085,turn,0.0000,6.5800,0.0000,nan,nan
0.1658,1.3694,0.1179,combined,2.2485,4.2600,0.1658,-0.1198,0.1146
0.0574,1.6300,0.0654,turn,0.0000,4.2800,0.0000,nan,nan
0.0749,4.8623,0.1959,combined,1.2236,7.0400,0.0039,0.0686,0.0301
0.1224,2.6176,0.2008,straight,1.9283,6.9400,0.0725,0.0586,0.1075
0.1656,0.9558,0.0612,combined,1.1628,6.5000,0.0826,0.1307,0.1017
0.0627,4.4640,0.2053,straight,1.0655,7.8600,0.0457,-0.0336,0.0529
0.0641,2.6977,0.0800,lateral,0.9671,6.2200,0.0628,-0.0309,0.0561
0.0222,0.3229,0.2462,lateral,0.6002,5.7200,0.0037,-0.0004,0.0222
0.0967,1.5359,0.2215,combined,1.1168,5.3000,0.0885,-0.0752,0.0607
0.1997,0.2602,0.0766,straight,1.8238,6.3400,0.0756,0.1784,0.0898
0.1215,1.3049,0.1275,turn,0.0000,6.8200,0.0000,nan,nan
0.0798,3.3096,0.1233,straight,0.9408,7.6800,0.0402,0.0621,0.0502
0.0917,4.2404,0.2207,straight,0.6902,7.6800,0.0674,0.0219,0.0891
0.0542,1.6857,0.2184,lateral,1.2351,7.0200,0.0036,0.0540,0.0050
0.1375,1.5053,0.0340,stand,0.0000,5.8400,0.0000,nan,nan
0.0327,1.8512,0.0123,straight,0.7223,6.9400,0.0040,0.0119,0.0305
0.2711,0.7345,0.1383,straight,1.1253,5.5200,0.2243,-0.1386,0.2330
0.0717,2.8154,0.0198,lateral,0.1283,6.3200,0.0222,0.0535,0.0478
0.1554,1.5810,0.0891,lateral,0.0255,5.8400,0.0077,-0.0488,0.1475
0.1229,3.7864,0.0838,combined,2.1085,6.3000,0.0799,0.1157,0.0416
0.0990,2.4328,0.0252,combined,1.8966,7.4800,0.0446,-0.0871,0.0471
0.0579,0.2623,0.1046,straight,1.9118,4.0000,0.0299,-0.0025,0.0578
0.2064,3.1242,0.2277,straight,0.9978,5.8200,0.1973,-0.2012,0.0461
0.0904,0.5998,0.1759,straight,1.1283,4.4000,0.0881,-0.0658,0.0620
0.0414,0.9848,0.2573,lateral,0.6532,5.0200,0.0414,-0.0310,0.0274
0.0404,0.8947,0.0093,stand,0.0000,7.0800,0.0000,nan,nan
0.0273,3.6167,0.2066,turn,0.0000,6.6000,0.0000,nan,nan
0.1910,1.0105,0.1686,combined,2.3599,5.5800,0.1722,-0.1025,0.1611
0.0476,3.2209,0.0102,combined,1.1338,5.7000,0.0322,-0.0455,0.0139
0.1815,4.2227,0.0440,turn,0.0000,6.8800,0.0000,nan,nan
0.0455,2.1718,0.1246,combined,1.3305,6.0800,0.0367,-0.0451,0.0066
0.0550,4.0668,0.1177,combined,2.1353,6.1000,0.0409,-0.0420,0.0355
0.1033,2.4183,0.0500,combined,1.1202,5.0400,0.0669,-0.0767,0.0691
0.1532,5.8834,0.1830,straight,1.3690,5.4800,0.0879,0.1017,0.1146
0.1280,3.1350,0.0656,combined,1.2868,4.1800,0.1187,-0.0587,0.1137
0.0558,6.0521,0.0175,straight,1.8179,4.4400,0.0417,-0.0219,0.0514
0.1144,4.3279,0.1158,lateral,1.1064,4.0600,0.1053,-0.0949,0.0638
0.1379,0.4473,0.1628,combined,1.3247,7.6200,0.0265,-0.0375,0.1327
0.0752,4.1445,0.0340,lateral,0.2812,5.7200,0.0387,0.0614,0.0434
0.0342,3.3620,0.0418,turn,0.0000,7.7000,0.0000,nan,nan
0.1133,2.1967,0.0402,stand,0.0000,6.4800,0.0000,nan,nan
0.0316,1.1378,0.1974,turn,0.0000,7.8000,0.0000,nan,nan
0.1172,1.6218,0.0517,turn,0.0000,5.8800,0.0000,nan,nan
0.1141,0.7706,0.1889,straight,1.1460,7.4800,0.0682,0.0328,0.1093
0.1221,1.1032,0.0892,combined,1.6941,5.3600,0.0946,-0.0880,0.0845
0.1144,1.4941,0.0269,combined,1.5134,5.1000,0.0966,-0.0853,0.0763
0.0266,0.8175,0.1988,lateral,1.2121,7.2400,0.0077,-0.0241,0.0113
0.1093,1.9167,0.0311,combined,2.2444,5.2800,0.1093,-0.1069,0.0229
0.0716,2.3438,0.0203,stand,0.0000,6.4600,0.0000,nan,nan
0.0329,6.3799,0.0248,lateral,1.0875,6.2000,0.0199,-0.0121,0.0306
0.0768,0.4562,0.2028,combined,0.7694,7.5200,0.0219,-0.0634,0.0434
0.0349,0.4584,0.0271,stand,0.0000,6.6800,0.0000,nan,nan
0.0955,0.3337,0.2237,lateral,0.8800,5.5600,0.0955,-0.0704,0.0646
0.1414,1.5794,0.2011,straight,1.4408,5.1800,0.0780,0.1012,0.0987
0.0892,1.7984,0.2221,combined,0.2199,4.7600,0.0625,0.0142,0.0881
0.0904,4.0353,0.0789,combined,1.4003,5.7000,0.0311,0.0833,0.0350
0.1234,1.0449,0.1735,combined,0.3485,4.9200,0.1065,0.0054,0.1233
0.0088,4.1701,0.0229,straight,0.2494,5.5200,0.0068,0.0085,0.0024
0.0178,1.5909,0.2155,lateral,0.4517,7.3400,0.0124,-0.0159,0.0080
0.1146,3.1182,0.0375,combined,1.4792,6.3800,0.0995,-0.0947,0.0646
0.0471,0.0048,0.1939,lateral,0.8232,5.0200,0.0280,0.0189,0.0431
0.0499,4.1874,0.1161,lateral,0.0714,4.1800,0.0084,0.0489,0.0098
0.0786,2.3949,0.1980,combined,0.7169,4.2600,0.0710,-0.0400,0.0677
0.1651,3.6240,0.1321,lateral,0.6144,7.0200,0.0459,0.1413,0.0854
0.1060,2.1353,0.1795,lateral,1.4595,7.9000,0.0102,0.1057,0.0074
0.1178,0.8930,0.0353,turn,0.0000,7.5400,0.0000,nan,nan
0.1562,2.6618,0.0546,lateral,0.5502,4.0600,0.1406,-0.1174,0.1030
0.0591,2.5985,0.0641,lateral,0.4345,7.8400,0.0329,-0.0386,0.0448
0.0211,0.9197,0.0230,combined,1.4463,7.8800,0.0070,0.0055,0.0204
0.0760,1.3653,0.1693,turn,0.0000,6.5600,0.0000,nan,nan
0.0719,1.8611,0.0445,combined,2.0114,7.5000,0.0554,-0.0674,0.0248
0.0859,1.4467,0.0146,turn,0.0000,5.1800,0.0000,nan,nan
0.1043,1.1087,0.0825,combined,1.6776,7.0400,0.0890,-0.1025,0.0193
0.0764,1.0274,0.2150,lateral,1.4245,6.9000,0.0509,0.0648,0.0405
0.0538,2.1608,0.2098,straight,0.6812,5.6000,0.0530,-0.0478,0.0246
0.0062,0.3365,0.0429,stand,0.0000,4.1800,0.0000,nan,nan
0.0215,0.0231,0.1062,turn,0.0000,7.8600,0.0000,nan,nan
0.0687,3.8423,0.0842,turn,0.0000,7.0200,0.0000,nan,nan
0.0945,1.2080,0.1671,straight,1.1085,6.9800,0.0862,-0.0792,0.0515
0.0244,0.4443,0.1833,turn,0.0000,7.1200,0.0000,nan,nan
0.0944,2.7445,0.1569,straight,0.6512,7.2000,0.0806,-0.0620,0.0711
0.1259,6.5923,0.0435,turn,0.0000,7.2800,0.0000,nan,nan
0.0326,0.1376,0.0263,combined,1.0015,7.5800,0.0107,-0.0070,0.0318
0.0617,2.1569,0.0543,lateral,0.5976,7.5200,0.0504,0.0441,0.0431
0.0954,0.6426,0.0249,lateral,1.0734,4.0200,0.0873,-0.0727,0.0617
0.0525,2.5739,0.0192,stand,0.0000,6.9200,0.0000,nan,nan
0.0791,0.3751,0.1978,combined,0.9805,6.9400,0.0306,0.0789,0.0049
0.1088,0.9029,0.2508,combined,1.3066,7.9000,0.1034,-0.1067,0.0212
0.0338,0.8829,0.2465,straight,1.2523,7.5800,0.0338,-0.0311,0.0133
0.1828,3.1814,0.0386,straight,0.8280,7.7200,0.1788,-0.0962,0.1555
0.0479,1.5510,0.0419,lateral,0.1419,6.0000,0.0192,-0.0351,0.0326
0.0965,0.3781,0.0404,combined,0.9298,5.7600,0.0119,0.0890,0.0372
0.0536,4.4877,0.0941,turn,0.0000,4.2000,0.0000,nan,nan
0.0010,5.3346,0.0587,combined,2.0002,6.7600,0.0010,-0.0010,0.0000
0.0713,3.7662,0.1650,straight,0.0478,4.3600,0.0085,0.0565,0.0434
0.0585,0.0057,0.0301,combined,1.5878,7.8800,0.0081,0.0154,0.0565
0.0784,2.4873,0.0374,combined,0.9005,6.5800,0.0659,-0.0598,0.0506
0.0564,3.2273,0.2022,combined,2.0015,6.9400,0.0413,0.0563,0.0033
0.0525,2.5659,0.1247,combined,0.7081,5.3600,0.0525,-0.0170,0.0497
0.1354,3.3071,0.0408,turn,0.0000,7.6600,0.0000,nan,nan
0.0547,1.1270,0.1942,lateral,0.2790,7.1800,0.0014,0.0507,0.0205
0.0628,2.9475,0.0923,combined,1.2670,5.0800,0.0488,-0.0135,0.0613
0.0020,0.5004,0.0019,stand,0.0000,4.4600,0.0000,nan,nan
0.0145,1.0894,0.1652,straight,1.2484,7.6000,0.0002,0.0131,0.0063
0.1489,2.9436,0.0547,straight,0.0868,5.7400,0.0400,0.0607,0.1360
0.0307,3.1159,0.1879,lateral,1.3606,6.0000,0.0077,-0.0305,0.0034
0.1127,1.6857,0.2106,lateral,0.8861,7.4600,0.0948,0.0588,0.0961
0.1220,1.7382,0.0287,straight,1.9140,5.6400,0.1070,-0.1083,0.0561
0.0154,0.2827,0.1547,lateral,0.1561,7.0400,0.0074,-0.0152,0.0024
0.1329,1.5486,0.1235,lateral,1.4060,7.8600,0.0294,0.1026,0.0845
0.0894,1.5110,0.1030,turn,0.0000,4.2400,0.0000,nan,nan
0.0753,1.3405,0.1488,combined,1.2687,5.7400,0.0300,0.0054,0.0751
0.1768,2.8091,0.1777,straight,1.3391,5.6600,0.1729,-0.1510,0.0919
0.0945,3.2323,0.1305,turn,0.0000,7.2000,0.0000,nan,nan
0.0788,1.9796,0.0628,lateral,0.5666,7.4200,0.0414,-0.0574,0.0540
0.0960,1.3457,0.0166,lateral,0.1407,5.1200,0.0761,0.0536,0.0796
0.0221,1.9441,0.0874,lateral,1.4598,7.7600,0.0097,-0.0221,0.0007
0.0964,0.2559,0.0287,straight,1.2042,7.5600,0.0231,0.0954,0.0141
0.0981,0.4088,0.2144,lateral,1.2978,4.1400,0.0856,0.0361,0.0912
0.0668,2.8476,0.0445,turn,0.0000,4.0800,0.0000,nan,nan
0.1318,3.5992,0.2118,combined,1.4220,7.2200,0.1130,-0.1207,0.0530
0.1660,1.1645,0.1783,turn,0.0000,6.1600,0.0000,nan,nan
0.2238,0.9085,0.0046,combined,1.3424,6.7800,0.1240,0.0528,0.2175
0.1099,1.2988,0.1212,turn,0.0000,6.8000,0.0000,nan,nan
0.0899,2.9985,0.2438,combined,1.3771,4.9200,0.0899,-0.0840,0.0321
0.0781,1.7170,0.1775,lateral,0.9024,5.0000,0.0479,0.0547,0.0557
0.0804,5.8449,0.0609,turn,0.0000,5.6200,0.0000,nan,nan
0.1235,2.0052,0.1266,turn,0.0000,5.0600,0.0000,nan,nan
0.0854,1.1386,0.1855,straight,1.8481,7.0800,0.0831,-0.0853,0.0030
0.1041,0.5473,0.1556,turn,0.0000,4.1600,0.0000,nan,nan
0.0777,0.7239,0.0483,combined,0.5218,7.4800,0.0742,0.0180,0.0756
0.0814,1.9203,0.0478,straight,0.5153,7.0800,0.0466,-0.0304,0.0755
0.1264,0.9761,0.0429,combined,1.1387,4.7400,0.0083,0.1263,0.0035
0.0920,6.7623,0.1631,combined,1.6538,4.4000,0.0902,-0.0734,0.0555
0.1216,1.2845,0.0410,turn,0.0000,5.8600,0.0000,nan,nan
0.0257,1.9569,0.1155,lateral,0.7604,7.0000,0.0055,0.0255,0.0030
0.0823,0.9469,0.0330,stand,0.0000,4.3000,0.0000,nan,nan
0.2231,0.9415,0.1326,lateral,1.0953,5.7400,0.2156,-0.0059,0.2231
0.1416,3.7968,0.1655,turn,0.0000,4.6400,0.0000,nan,nan
0.0544,4.0660,0.1583,combined,1.8338,4.8800,0.0544,-0.0538,0.0083
0.0489,1.6526,0.0977,straight,1.3563,6.9000,0.0351,-0.0325,0.0365
0.0483,0.6786,0.0489,turn,0.0000,7.2600,0.0000,nan,nan
0.1320,1.7576,0.2358,turn,0.0000,6.0200,0.0000,nan,nan
0.1736,1.3905,0.0829,combined,0.2687,6.4200,0.1454,-0.1722,0.0223
0.1423,0.6798,0.0522,lateral,0.3390,6.2600,0.0036,0.1422,0.0037
0.1786,2.0102,0.0537,straight,0.6602,7.9000,0.1293,0.0220,0.1773
0.1936,1.6241,0.0813,combined,2.2695,7.4400,0.1694,-0.1935,0.0063
0.1208,3.1477,0.1188,combined,0.2105,6.3200,0.0063,0.0417,0.1133
0.0504,1.9012,0.2197,combined,0.7383,4.5200,0.0384,-0.0275,0.0422
0.2098,4.0411,0.1377,combined,1.3981,4.1800,0.1158,0.2095,0.0129
0.0763,0.0190,0.1506,lateral,1.1986,4.6400,0.0740,-0.0398,0.0650
0.1513,1.3689,0.1149,lateral,0.6718,7.5800,0.0352,0.1280,0.0807
0.0642,1.0412,0.0294,lateral,0.1130,7.9200,0.0392,-0.0346,0.0541
0.1127,3.1972,0.1533,combined,1.9734,5.5200,0.1116,-0.0808,0.0787
0.0494,1.6353,0.0413,combined,1.3543,6.3200,0.0327,-0.0095,0.0485
0.0371,1.8927,0.0532,straight,1.5926,6.6600,0.0220,-0.0311,0.0202
0.1751,1.4826,0.2075,combined,1.3961,5.8400,0.1751,-0.1630,0.0641
0.0800,1.8565,0.0264,stand,0.0000,5.1000,0.0000,nan,nan
0.0744,1.6692,0.1979,combined,1.3927,6.9200,0.0577,-0.0202,0.0716
0.0891,0.3599,0.0084,lateral,0.0960,4.4600,0.0676,-0.0077,0.0888
0.1191,0.8135,0.0299,lateral,0.9182,7.1000,0.1102,0.0705,0.0960
0.0655,2.0331,0.1206,combined,1.8170,6.4600,0.0608,-0.0258,0.0601
0.1788,1.1526,0.1357,lateral,1.0905,4.6200,0.1731,-0.1381,0.1135
0.1487,3.9636,0.0492,straight,0.2548,6.9800,0.0209,0.1466,0.0246
0.0313,1.0718,0.1443,turn,0.0000,7.2800,0.0000,nan,nan
0.0847,0.4555,0.1886,combined,0.8737,4.4800,0.0764,-0.0192,0.0824
0.0728,1.7112,0.0260,turn,0.0000,4.7000,0.0000,nan,nan
0.1299,8.4597,0.2215,lateral,0.0669,5.0800,0.0669,-0.1289,0.0161
0.0910,2.3681,0.1325,lateral,0.4605,4.7200,0.0900,0.0147,0.0898
0.0767,2.0241,0.1661,lateral,0.1729,5.0200,0.0344,0.0592,0.0487
0.2162,4.1358,0.0174,combined,1.5001,7.0200,0.1832,-0.0666,0.2057
0.0535,0.4345,0.2473,turn,0.0000,4.0800,0.0000,nan,nan
0.0501,0.4280,0.0183,turn,0.0000,7.2200,0.0000,nan,nan
0.2278,4.1592,0.1255,combined,2.0284,4.1200,0.2223,-0.2223,0.0494
0.0751,3.2797,0.0695,turn,0.0000,4.5200,0.0000,nan,nan
0.0926,4.2626,0.1870,turn,0.0000,5.9600,0.0000,nan,nan
0.1084,1.2858,0.1736,turn,0.0000,5.1200,0.0000,nan,nan
0.0900,1.8734,0.0164,stand,0.0000,6.9000,0.0000,nan,nan
0.0437,0.2442,0.0575,turn,0.0000,4.3800,0.0000,nan,nan
0.0961,0.1591,0.2475,lateral,0.7198,5.1400,0.0961,-0.0717,0.0640
0.0121,0.4995,0.1951,combined,1.4541,7.1000,0.0121,-0.0042,0.0114
0.1086,0.9831,0.0108,stand,0.0000,4.5600,0.0000,nan,nan
0.0846,0.8291,0.1187,combined,2.0112,7.5400,0.0833,-0.0503,0.0680
0.0227,2.9766,0.2260,straight,0.5329,6.6400,0.0010,0.0171,0.0150
0.0948,3.4108,0.2834,combined,0.9774,4.7000,0.0948,-0.0943,0.0095
0.1715,0.3238,0.1543,straight,0.6888,5.5600,0.1625,-0.1273,0.1149
0.1563,1.2636,0.0699,lateral,1.2712,7.7200,0.1561,-0.0409,0.1509
0.0670,2.2863,0.1136,lateral,0.9577,5.4600,0.0484,-0.0540,0.0396
0.0324,2.3310,0.0447,combined,1.2218,4.3600,0.0159,0.0236,0.0223
0.1663,0.1564,0.1989,straight,1.7418,4.3000,0.1618,-0.1438,0.0837
0.0442,2.3997,0.0217,stand,0.0000,5.3600,0.0000,nan,nan
0.0634,0.5453,0.0183,stand,0.0000,4.5000,0.0000,nan,nan
0.0511,5.7086,0.0528,lateral,0.5155,5.7400,0.0335,0.0310,0.0407
0.0684,2.4568,0.1687,lateral,0.8200,4.8800,0.0636,-0.0567,0.0383
0.0312,0.0098,0.1709,lateral,0.3698,4.5800,0.0233,0.0105,0.0294
0.1568,1.6590,0.0495,stand,0.0000,5.2600,0.0000,nan,nan
0.0855,1.7052,0.1981,lateral,1.2137,5.5600,0.0666,-0.0831,0.0200
0.0547,3.2652,0.2118,straight,1.8444,5.5800,0.0402,-0.0244,0.0490
0.1152,2.6212,0.0754,straight,1.4271,4.8400,0.0400,0.1026,0.0522
0.1371,2.7965,0.1271,turn,0.0000,5.6200,0.0000,nan,nan
0.1721,1.9573,0.0685,straight,1.2767,5.5400,0.1263,0.0558,0.1628
0.0710,2.5198,0.1454,lateral,0.5763,6.5200,0.0311,0.0524,0.0480
0.0590,0.7739,0.0402,turn,0.0000,6.3800,0.0000,nan,nan
0.1531,3.9740,0.0530,turn,0.0000,7.7000,0.0000,nan,nan
0.1089,2.4015,0.1753,combined,0.8767,4.8200,0.0965,-0.1064,0.0231
0.2138,5.3078,0.2013,lateral,1.3385,7.6600,0.1797,-0.1737,0.1247
0.2252,4.0234,0.0312,straight,0.4711,5.5000,0.0838,0.0999,0.2018
0.0211,0.8338,0.0455,stand,0.0000,5.7200,0.0000,nan,nan
0.1694,5.7113,0.1448,turn,0.0000,5.6600,0.0000,nan,nan
0.0369,3.9711,0.1234,turn,0.0000,5.0400,0.0000,nan,nan
0.0559,0.7985,0.1229,straight,1.9585,5.4400,0.0528,-0.0480,0.0287
0.1915,1.1964,0.0705,straight,0.8751,4.6600,0.0489,0.1664,0.0948
0.0798,0.7098,0.1748,lateral,0.4637,4.5200,0.0653,-0.0107,0.0791
0.0636,0.3387,0.1445,lateral,1.2685,4.0400,0.0548,-0.0589,0.0241
0.1106,2.5880,0.1166,turn,0.0000,6.1000,0.0000,nan,nan
0.1444,1.7079,0.1695,straight,1.6240,5.4400,0.0242,0.0970,0.1070
0.0868,4.1543,0.1442,turn,0.0000,4.2000,0.0000,nan,nan
0.1822,0.8332,0.0682,lateral,0.6736,4.3800,0.0532,0.1596,0.0879
0.0923,0.1149,0.0631,combined,1.0547,6.9600,0.0637,-0.0153,0.0910
0.1121,3.3752,0.0981,combined,1.4786,4.3800,0.0732,0.0400,0.1047
0.0692,1.2018,0.0463,combined,1.3096,4.4400,0.0312,0.0286,0.0630
0.0755,4.0893,0.2387,combined,2.1378,6.4800,0.0410,0.0351,0.0669
0.0389,0.8245,0.0027,combined,1.5229,4.7000,0.0178,-0.0269,0.0281
0.0555,1.9487,0.1966,combined,1.5405,7.7400,0.0448,0.0052,0.0552
0.1616,0.5320,0.1117,straight,1.9724,5.0400,0.1616,-0.1603,0.0208
0.1180,2.7903,0.2176,combined,1.2819,6.0000,0.1094,-0.0739,0.0920
0.0804,2.2167,0.1167,turn,0.0000,6.0800,0.0000,nan,nan
0.1643,0.6230,0.2359,turn,0.0000,4.5400,0.0000,nan,nan
0.0610,3.3346,0.0171,straight,1.3256,7.6000,0.0602,-0.0487,0.0367
0.1268,0.6180,0.0860,lateral,0.7760,7.9000,0.1240,-0.1036,0.0731
0.0450,1.4359,0.2013,straight,1.6244,7.2800,0.0185,-0.0158,0.0422
0.0348,1.5380,0.0142,stand,0.0000,5.3800,0.0000,nan,nan
0.2656,4.9526,0.0554,lateral,0.1281,5.8000,0.1281,-0.2334,0.1268
0.0775,2.0167,0.0201,straight,0.6778,4.1000,0.0090,0.0742,0.0223
0.2451,0.9856,0.0120,combined,1.8644,5.2200,0.0250,0.2297,0.0855
0.0211,0.6748,0.2520,combined,1.5703,5.2000,0.0207,0.0066,0.0200
0.1323,1.2711,0.0855,straight,1.4702,6.9800,0.0905,0.0425,0.1253
0.0341,1.8352,0.0215,stand,0.0000,4.9000,0.0000,nan,nan
0.0514,0.7416,0.1282,combined,1.1954,4.2800,0.0511,-0.0476,0.0195
0.0724,2.0491,0.0657,combined,1.7030,7.8600,0.0528,0.0455,0.0564
0.0509,1.6934,0.2272,combined,0.7627,5.0800,0.0484,-0.0507,0.0054
0.0909,1.2005,0.0743,combined,1.2658,4.1400,0.0909,-0.0830,0.0369
0.0701,0.6296,0.0057,stand,0.0000,7.2000,0.0000,nan,nan
0.0077,2.4396,0.0347,combined,0.6087,4.9000,0.0057,0.0073,0.0026
0.0346,3.3395,0.2022,combined,1.6693,5.6000,0.0304,0.0260,0.0228
0.0075,0.6240,0.0208,stand,0.0000,7.6800,0.0000,nan,nan
0.0658,0.3972,0.1943,combined,2.1215,5.9400,0.0600,-0.0414,0.0511
0.1525,2.1834,0.0307,combined,0.8369,4.8600,0.1482,-0.1425,0.0543
0.1878,3.8247,0.0395,turn,0.0000,6.4800,0.0000,nan,nan
0.1089,0.1861,0.0062,combined,1.1717,6.6400,0.0044,0.0808,0.0730
0.0996,0.9764,0.1169,combined,1.4293,6.3600,0.0921,-0.0176,0.0980
0.0451,1.8366,0.1958,turn,0.0000,6.5000,0.0000,nan,nan
0.0110,1.0414,0.0537,straight,0.0805,4.4400,0.0011,0.0016,0.0109
0.0548,1.0312,0.0124,turn,0.0000,6.7600,0.0000,nan,nan
0.0825,3.3556,0.0329,stand,0.0000,7.0200,0.0000,nan,nan
0.0204,2.4020,0.1643,straight,0.8250,7.1800,0.0055,0.0174,0.0105
0.0600,0.0305,0.1997,combined,1.6401,7.0400,0.0535,-0.0597,0.0060
0.1242,3.4828,0.0221,combined,1.5218,4.6200,0.1093,-0.1071,0.0630
0.0096,1.9719,0.0150,lateral,0.6975,4.1600,0.0096,-0.0082,0.0050
0.0984,1.2355,0.1779,turn,0.0000,4.7000,0.0000,nan,nan
0.1349,3.6146,0.1313,combined,0.3257,6.6400,0.0461,0.1003,0.0902
0.1080,0.0262,0.0924,turn,0.0000,4.2600,0.0000,nan,nan
0.0848,0.6244,0.0383,combined,1.6761,6.1800,0.0848,-0.0327,0.0783
0.1308,2.0517,0.0224,straight,1.2383,4.9800,0.1308,-0.1238,0.0424
0.0326,1.8109,0.0087,stand,0.0000,6.6200,0.0000,nan,nan
0.1401,0.4441,0.1741,combined,1.2362,6.2400,0.1262,-0.0940,0.1039
0.0738,1.4016,0.1584,lateral,0.5665,6.0000,0.0559,0.0692,0.0256
0.0371,2.8319,0.1173,turn,0.0000,7.7000,0.0000,nan,nan
0.0018,0.2622,0.1463,combined,1.4841,5.3800,0.0014,0.0015,0.0010
0.0289,0.3961,0.0738,combined,1.3106,4.1800,0.0281,0.0127,0.0260
0.1011,4.1237,0.1761,straight,0.5083,5.0600,0.0912,-0.1011,0.0009
0.0810,0.2615,0.2288,turn,0.0000,5.1200,0.0000,nan,nan
0.0846,3.5641,0.0539,lateral,0.1721,7.2200,0.0473,0.0530,0.0659
0.0835,3.6318,0.1719,straight,0.7743,6.3200,0.0768,-0.0801,0.0234
0.1154,1.1833,0.0268,straight,1.5960,4.2200,0.1154,-0.1120,0.0274
0.0769,5.8048,0.0351,combined,1.1505,6.2800,0.0739,-0.0696,0.0325
0.0633,0.6967,0.1062,turn,0.0000,4.0200,0.0000,nan,nan
0.0263,0.2343,0.1388,straight,1.4927,5.1200,0.0263,-0.0061,0.0256
0.0666,3.4668,0.1103,straight,1.9524,7.5600,0.0589,-0.0658,0.0099
0.0704,1.6084,0.0417,lateral,0.6908,7.3600,0.0704,-0.0182,0.0680
0.0290,3.7562,0.1103,turn,0.0000,5.9800,0.0000,nan,nan
0.0959,3.7518,0.1181,turn,0.0000,6.3200,0.0000,nan,nan
0.1289,0.2884,0.0752,combined,0.3740,6.5000,0.0968,-0.1245,0.0332
0.0650,4.1176,0.2733,straight,1.0308,6.4000,0.0647,-0.0645,0.0077
0.0199,2.8051,0.0525,straight,0.2127,6.9400,0.0199,-0.0101,0.0172
0.1191,2.5534,0.1897,turn,0.0000,7.6000,0.0000,nan,nan
0.1116,0.6245,0.0343,lateral,0.8294,7.8600,0.0447,0.1054,0.0366
0.0387,4.6810,0.1234,straight,0.8169,5.6800,0.0357,-0.0253,0.0293
0.0577,4.6923,0.2335,straight,1.5341,6.4600,0.0392,-0.0121,0.0564
0.0542,1.8971,0.0293,lateral,0.5649,6.0400,0.0382,0.0139,0.0524
0.0628,3.9050,0.1283,combined,1.6768,7.8000,0.0429,0.0377,0.0502
0.0462,0.3051,0.0561,lateral,0.0633,6.3800,0.0233,0.0302,0.0349
0.1929,0.8774,0.1880,straight,1.2767,6.3000,0.1923,-0.1918,0.0205
0.0781,1.1540,0.1370,combined,1.7394,6.9400,0.0549,0.0412,0.0663
0.1276,1.5688,0.0816,combined,1.8248,5.7000,0.0784,0.0990,0.0804
0.0341,2.0762,0.0147,turn,0.0000,7.5000,0.0000,nan,nan
0.0997,4.2131,0.0369,turn,0.0000,6.1200,0.0000,nan,nan
0.1094,0.1046,0.2091,combined,1.2547,7.5800,0.0930,0.0027,0.1094
0.0956,0.0044,0.0655,lateral,0.6965,4.8600,0.0730,-0.0486,0.0824
0.1654,0.8505,0.0432,combined,1.3631,4.6600,0.1654,-0.1624,0.0315
0.1391,1.5477,0.0354,turn,0.0000,7.7800,0.0000,nan,nan
0.1601,1.9016,0.0101,straight,1.2083,7.6200,0.0894,0.0966,0.1277
0.1301,0.1696,0.0108,straight,1.0306,5.0800,0.0514,0.1074,0.0735
0.1501,0.3043,0.1878,combined,1.8375,6.7400,0.1501,-0.0761,0.1294
0.1073,2.2166,0.1825,combined,0.5189,4.5800,0.0225,0.0919,0.0555
0.2170,1.7073,0.1943,lateral,0.9838,7.2000,0.2029,-0.1081,0.1882
0.0133,0.0230,0.0947,turn,0.0000,5.4000,0.0000,nan,nan
0.1034,0.2418,0.0295,turn,0.0000,5.5800,0.0000,nan,nan
0.0831,3.9065,0.0548,combined,2.1101,5.4000,0.0816,-0.0831,0.0018
0.0678,0.5739,0.0685,combined,2.0056,6.1600,0.0557,0.0463,0.0494
0.1011,3.4082,0.0503,lateral,1.3201,7.1400,0.0315,0.0927,0.0403
0.0820,0.4782,0.0171,combined,1.5616,4.4400,0.0701,0.0542,0.0615
0.0896,1.0524,0.0555,lateral,0.6749,5.6400,0.0892,-0.0851,0.0278
0.0893,1.5283,0.0493,stand,0.0000,4.5200,0.0000,nan,nan
0.1728,3.2893,0.1440,lateral,1.3548,4.5400,0.1673,-0.1727,0.0059
0.0408,0.9406,0.1582,combined,1.2497,6.9800,0.0221,0.0211,0.0349
0.6231,2.7175,0.5158,lateral,1.4892,4.5000,0.0954,0.5824,0.2214
0.0154,0.7811,0.1011,turn,0.0000,7.4400,0.0000,nan,nan
0.0686,3.4775,0.0635,straight,0.7857,6.2800,0.0129,0.0546,0.0416
0.1456,1.6768,0.0495,straight,1.2519,6.4400,0.0875,-0.0165,0.1446
0.0255,0.0985,0.1678,lateral,1.1082,6.4000,0.0213,-0.0206,0.0151
0.0926,0.2768,0.0438,straight,1.8023,5.5200,0.0694,0.0151,0.0914
0.1153,0.5646,0.1487,straight,1.0115,5.0800,0.0047,0.1153,0.0016
0.1471,3.2165,0.0746,lateral,1.1294,4.3200,0.0489,0.1277,0.0729
0.1485,0.6064,0.0893,turn,0.0000,7.3800,0.0000,nan,nan
0.1902,2.8420,0.2071,straight,1.8074,4.3200,0.1732,-0.1691,0.0871
0.0136,5.0328,0.1866,straight,1.8302,4.0800,0.0136,-0.0132,0.0032
0.0730,0.1625,0.1343,straight,1.8017,4.6800,0.0730,0.0161,0.0712
0.0383,0.1167,0.1211,turn,0.0000,7.7600,0.0000,nan,nan
0.0748,3.6859,0.0440,combined,2.2018,4.8400,0.0748,-0.0686,0.0299
0.1537,1.6337,0.0720,combined,1.2270,4.7800,0.0348,0.1320,0.0788
0.1674,3.8268,0.0427,combined,1.5978,7.9400,0.1667,-0.1597,0.0502
0.0745,0.8519,0.0232,stand,0.0000,4.5000,0.0000,nan,nan
0.0675,5.3745,0.2029,combined,1.1551,7.5600,0.0441,0.0468,0.0486
0.0621,1.2614,0.0381,stand,0.0000,5.1600,0.0000,nan,nan
0.0487,0.9481,0.0081,turn,0.0000,4.9800,0.0000,nan,nan
0.0887,0.6813,0.0447,lateral,1.1758,5.8400,0.0887,-0.0504,0.0730
0.1883,2.7778,0.1024,turn,0.0000,4.8600,0.0000,nan,nan
0.0307,2.6677,0.0618,combined,0.4041,6.5600,0.0307,0.0181,0.0248
0.2116,3.6701,0.1038,turn,0.0000,6.4800,0.0000,nan,nan
0.0710,0.1991,0.2129,combined,1.0195,5.0800,0.0395,0.0596,0.0387
0.0758,2.0775,0.1305,combined,1.7923,6.2800,0.0204,0.0758,0.0032
0.0985,0.3687,0.0396,combined,0.7723,7.7000,0.0880,0.0110,0.0979
0.0974,2.4618,0.2620,straight,0.6122,6.3800,0.0463,0.0025,0.0973
0.0954,1.2891,0.2802,combined,1.8983,5.4600,0.0954,-0.0949,0.0094
0.0889,0.9506,0.2372,combined,1.9405,4.9200,0.0889,-0.0804,0.0381
0.1120,0.8510,0.0586,combined,1.3018,7.5200,0.0556,-0.0981,0.0540
0.0952,0.5007,0.0890,combined,0.3267,6.0200,0.0797,-0.0707,0.0636
0.0182,3.5340,0.1083,combined,1.9537,5.1000,0.0048,-0.0032,0.0179
0.1338,1.2718,0.2039,turn,0.0000,5.3600,0.0000,nan,nan
0.1361,2.9713,0.0313,turn,0.0000,4.4600,0.0000,nan,nan
0.0215,3.7139,0.1281,combined,1.3843,7.3600,0.0039,-0.0086,0.0197
0.0177,3.5711,0.2140,combined,1.0343,7.3000,0.0160,-0.0161,0.0073
0.0076,1.6209,0.0509,straight,1.3969,6.1400,0.0070,0.0051,0.0057
0.0265,2.0457,0.0992,combined,1.5384,5.7400,0.0265,0.0032,0.0263
0.0419,1.1798,0.0072,stand,0.0000,6.9600,0.0000,nan,nan
0.1584,5.9103,0.1656,combined,1.4009,5.9200,0.1334,-0.1475,0.0577
0.0386,2.7766,0.1604,combined,0.8152,5.5200,0.0386,-0.0160,0.0351
0.0516,1.6197,0.1655,combined,1.1210,5.5800,0.0450,-0.0516,0.0025
0.0907,5.6739,0.0833,combined,1.6801,4.0200,0.0907,-0.0686,0.0593
0.0983,4.4141,0.1173,combined,1.5703,6.2600,0.0729,0.0379,0.0907
0.1433,0.2119,0.1750,combined,0.6997,7.9600,0.0593,0.0889,0.1125
0.1952,0.6397,0.0659,straight,1.2617,5.2400,0.0430,0.1921,0.0347
0.1546,1.0895,0.1806,lateral,0.3634,7.4400,0.0430,0.1354,0.0746
0.1045,0.4785,0.1060,straight,1.4083,5.7800,0.1025,-0.0947,0.0441
0.2035,7.2184,0.1235,combined,0.5648,7.5200,0.1844,-0.2002,0.0364
0.0351,1.0898,0.2185,straight,0.8281,6.2000,0.0348,-0.0350,0.0025
0.0300,2.6224,0.0779,straight,1.3263,4.9600,0.0134,-0.0198,0.0225
0.1585,2.0704,0.1459,lateral,1.4771,4.3200,0.1566,-0.1330,0.0861
0.1164,2.6277,0.0121,stand,0.0000,6.8600,0.0000,nan,nan
0.0356,4.6121,0.0570,stand,0.0000,6.9200,0.0000,nan,nan
0.0116,3.8889,0.0759,lateral,0.0138,6.1400,0.0107,-0.0107,0.0044
0.0864,4.7885,0.0506,straight,1.1559,5.6200,0.0847,-0.0812,0.0295
0.0184,1.1493,0.0260,stand,0.0000,5.1200,0.0000,nan,nan
0.1512,0.2312,0.0659,combined,1.2786,5.7600,0.0644,0.1132,0.1003
0.0921,1.4978,0.0644,turn,0.0000,7.5000,0.0000,nan,nan
0.0461,3.6913,0.1005,combined,1.9567,7.7600,0.0065,-0.0365,0.0281
0.1118,1.3039,0.1294,straight,1.8449,7.7400,0.0686,0.0868,0.0704
0.1913,3.9685,0.0875,combined,1.8868,4.3000,0.1900,-0.1869,0.0408
0.0011,0.1036,0.0100,stand,0.0000,6.9800,0.0000,nan,nan
0.0945,3.1892,0.0585,turn,0.0000,4.1600,0.0000,nan,nan
0.0574,0.1014,0.1010,combined,1.2244,7.1600,0.0465,0.0227,0.0528
0.0363,0.7987,0.1270,turn,0.0000,7.7600,0.0000,nan,nan
0.0469,2.0673,0.2008,lateral,0.3206,4.4600,0.0351,-0.0468,0.0035
0.1097,0.6568,0.1631,straight,0.2411,7.8200,0.0236,0.0828,0.0719
0.0336,0.0632,0.2357,straight,1.8626,5.7800,0.0259,-0.0268,0.0203
0.0233,1.2289,0.0979,combined,1.7792,6.8800,0.0225,0.0233,0.0009
0.0981,0.1768,0.2194,straight,0.4004,7.8000,0.0622,0.0037,0.0980
0.0431,1.5051,0.0486,turn,0.0000,4.1600,0.0000,nan,nan
0.1415,2.8677,0.0528,lateral,0.8494,6.8000,0.0600,0.0850,0.1131
0.1430,0.9989,0.0892,combined,1.3607,5.9000,0.1423,-0.0256,0.1407
0.0435,1.8089,0.0456,stand,0.0000,5.6800,0.0000,nan,nan
0.0882,2.3192,0.0366,straight,1.9217,6.3800,0.0387,-0.0400,0.0786
0.0295,1.8683,0.1576,lateral,1.0346,6.7000,0.0128,-0.0065,0.0287
0.0635,0.4244,0.0280,turn,0.0000,5.7200,0.0000,nan,nan
0.1312,3.0933,0.1528,lateral,0.3665,4.2600,0.0901,0.0588,0.1172
0.0805,0.9878,0.1165,turn,0.0000,6.3200,0.0000,nan,nan
0.0055,0.9770,0.0387,stand,0.0000,4.8400,0.0000,nan,nan
0.1164,4.2858,0.1360,straight,1.4835,6.3000,0.0532,0.0927,0.0705
0.1567,3.8237,0.0751,combined,1.1016,4.4800,0.1425,-0.1014,0.1194
0.1503,3.0245,0.1774,combined,1.8752,6.5200,0.1484,-0.1218,0.0881
0.0424,2.3476,0.0594,combined,1.1817,4.6200,0.0424,-0.0393,0.0159
0.0737,2.0913,0.1142,straight,0.4467,4.0000,0.0431,0.0204,0.0708
0.0256,1.1247,0.0528,turn,0.0000,4.2200,0.0000,nan,nan
0.0952,3.7453,0.1251,combined,1.1442,6.5600,0.0328,0.0668,0.0679
0.0631,0.0954,0.0373,straight,0.4585,6.9400,0.0412,-0.0301,0.0554
0.0453,1.3296,0.0272,combined,1.1566,5.2200,0.0322,-0.0292,0.0347
0.1291,0.3231,0.1982,straight,0.4344,4.9800,0.1111,-0.0887,0.0938
0.0938,0.8680,0.1072,straight,1.4610,6.8400,0.0894,-0.0776,0.0527
0.1045,2.3155,0.0824,straight,1.6435,7.3600,0.0268,0.0693,0.0782
0.2044,0.1555,0.0600,straight,1.9329,4.7400,0.2044,-0.1801,0.0966
0.0270,0.1301,0.0947,turn,0.0000,7.4200,0.0000,nan,nan
0.0112,4.8261,0.0184,lateral,1.3051,7.3000,0.0108,0.0062,0.0093
0.1229,2.7317,0.1441,turn,0.0000,6.2000,0.0000,nan,nan
0.0665,0.7103,0.0110,stand,0.0000,4.8000,0.0000,nan,nan
0.1040,3.9648,0.0965,combined,1.1032,4.3400,0.1040,-0.0843,0.0608
0.0782,0.1740,0.2141,turn,0.0000,7.2000,0.0000,nan,nan
0.0599,4.0402,0.1747,straight,1.0405,4.6600,0.0492,-0.0247,0.0546
0.0401,1.5005,0.2791,combined,1.4481,5.2400,0.0401,-0.0102,0.0388
0.1167,1.7541,0.0099,stand,0.0000,4.7600,0.0000,nan,nan
0.0465,0.6488,0.2202,combined,1.7331,4.8200,0.0361,-0.0464,0.0042
0.0353,0.3396,0.0246,stand,0.0000,5.2600,0.0000,nan,nan
0.0900,3.5311,0.1246,straight,0.2695,7.3200,0.0346,0.0683,0.0586
0.1021,7.6024,0.1094,lateral,0.8709,5.9200,0.0157,0.0980,0.0287
0.0541,1.3369,0.0174,stand,0.0000,4.8800,0.0000,nan,nan
0.0680,0.9886,0.1479,lateral,0.5164,5.2600,0.0680,-0.0618,0.0284
0.0115,2.4291,0.0458,straight,0.8117,7.1400,0.0015,0.0021,0.0113
0.0576,6.4107,0.0395,combined,1.2027,7.0200,0.0394,-0.0009,0.0576
0.0947,0.3249,0.0097,stand,0.0000,5.6000,0.0000,nan,nan
0.1430,2.8125,0.1390,lateral,0.5616,4.3200,0.1243,-0.1363,0.0430
0.2071,5.0145,0.0430,straight,1.8768,5.1000,0.0682,0.1097,0.1757
0.1049,1.7913,0.0425,straight,1.3609,5.7600,0.1023,-0.0933,0.0480
0.0422,3.2972,0.2409,turn,0.0000,6.6000,0.0000,nan,nan
0.1069,4.1503,0.0632,lateral,1.0365,4.0600,0.0928,-0.1043,0.0237
0.0858,1.0408,0.0448,combined,1.3322,4.2800,0.0701,-0.0322,0.0795
0.0647,0.4055,0.0593,combined,0.6874,6.2400,0.0314,-0.0645,0.0053
0.1026,2.4205,0.2304,combined,1.7069,4.1800,0.1026,-0.0384,0.0951
0.1115,0.5971,0.1622,turn,0.0000,4.6600,0.0000,nan,nan
0.1714,5.4582,0.1705,lateral,0.1899,6.7600,0.1270,-0.1396,0.0995
0.0268,0.9080,0.2590,turn,0.0000,5.8200,0.0000,nan,nan
0.1000,2.3503,0.0944,turn,0.0000,4.3600,0.0000,nan,nan
0.0683,1.2508,0.1433,combined,2.0244,6.6000,0.0366,0.0365,0.0577
0.0169,1.5491,0.1561,lateral,1.3005,7.6000,0.0126,-0.0062,0.0157
0.1512,4.5680,0.1633,straight,1.8882,7.0800,0.0844,0.1043,0.1095
0.0728,2.8663,0.0264,stand,0.0000,7.9200,0.0000,nan,nan
0.0053,0.2284,0.0177,stand,0.0000,4.5400,0.0000,nan,nan
0.2261,1.3849,0.1970,turn,0.0000,6.8400,0.0000,nan,nan
0.0563,1.4541,0.2232,lateral,0.3925,6.3800,0.0563,-0.0447,0.0342
0.0565,0.4479,0.0297,combined,1.3403,4.1800,0.0565,-0.0517,0.0226
0.0557,1.8724,0.2088,lateral,0.2885,6.8000,0.0266,-0.0533,0.0160
0.0259,1.7886,0.0710,combined,0.5911,5.4600,0.0020,0.0185,0.0182
0.1531,0.6863,0.0216,combined,1.6813,5.3400,0.1531,-0.0602,0.1408
0.0906,0.5504,0.0399,lateral,1.0334,6.7800,0.0706,-0.0251,0.0871
0.1948,5.6081,0.0472,combined,1.3351,4.4200,0.1940,-0.1808,0.0727
0.0939,0.4705,0.1642,straight,1.5539,7.6400,0.0801,0.0528,0.0777
0.1251,1.8530,0.0443,straight,1.6146,4.3800,0.1040,-0.0469,0.1160
0.2222,5.5699,0.0434,combined,0.4859,4.8400,0.2105,-0.1948,0.1070
0.1043,0.7678,0.1713,combined,1.5061,5.9200,0.0920,-0.0231,0.1017
0.1601,2.7242,0.1515,straight,1.0633,6.7800,0.1429,-0.1482,0.0606
0.0692,5.6341,0.0465,turn,0.0000,7.7400,0.0000,nan,nan
0.2107,3.5970,0.0356,lateral,1.3909,6.5400,0.1991,-0.1704,0.1239
0.1359,1.1113,0.0861,straight,0.8610,5.0800,0.1328,-0.0653,0.1191
0.0503,2.8217,0.0689,combined,2.2884,4.8600,0.0332,-0.0184,0.0468
0.0610,3.3055,0.1175,combined,1.6950,5.3600,0.0368,-0.0233,0.0563
0.1497,0.6927,0.0352,lateral,0.8544,4.4000,0.1322,-0.1454,0.0357
0.1863,1.1371,0.0162,turn,0.0000,7.5400,0.0000,nan,nan
0.2759,1.1470,0.2619,combined,2.0743,5.1000,0.2759,-0.2568,0.1009
0.0506,1.2765,0.1879,turn,0.0000,7.6400,0.0000,nan,nan
0.0187,0.0566,0.0799,combined,1.1416,5.1800,0.0181,0.0092,0.0162
0.0444,1.8013,0.0864,combined,0.8452,6.0600,0.0444,-0.0205,0.0394
0.0319,0.9007,0.0066,stand,0.0000,4.2800,0.0000,nan,nan
0.0601,0.8581,0.0418,turn,0.0000,6.8200,0.0000,nan,nan
0.1018,1.1247,0.0196,stand,0.0000,5.8000,0.0000,nan,nan
0.1215,2.4020,0.2099,combined,1.8304,4.2800,0.1215,-0.1212,0.0074
0.0275,1.7744,0.1102,turn,0.0000,6.6000,0.0000,nan,nan
0.1194,0.3040,0.1840,turn,0.0000,4.3800,0.0000,nan,nan
0.0719,2.5254,0.0400,stand,0.0000,7.0800,0.0000,nan,nan
0.1400,1.9814,0.0316,lateral,1.2880,7.4600,0.0995,0.0773,0.1167
0.0550,2.0084,0.1798,turn,0.0000,5.2600,0.0000,nan,nan
0.1271,4.0105,0.1891,combined,1.5549,7.7800,0.0787,0.0671,0.1080
0.1638,0.3966,0.0504,turn,0.0000,7.8200,0.0000,nan,nan
0.0346,0.2677,0.2031,combined,0.6699,4.6000,0.0303,0.0084,0.0336
0.0960,0.6021,0.1674,combined,1.8313,5.1200,0.0249,0.0536,0.0797
0.0809,4.7303,0.1344,combined,2.0238,6.8200,0.0809,-0.0768,0.0256
0.1058,0.9877,0.1570,straight,0.0675,6.1800,0.0017,0.1056,0.0072
0.0274,0.2069,0.1545,combined,2.0158,6.9200,0.0100,-0.0141,0.0235
0.0999,1.7676,0.0932,straight,0.2316,4.9800,0.0560,0.0480,0.0876
0.0909,0.4877,0.0118,stand,0.0000,4.9000,0.0000,nan,nan
0.1328,1.7134,0.0380,combined,1.0140,6.7600,0.1038,-0.0270,0.1301
0.0930,3.1135,0.0536,combined,1.8936,7.0800,0.0677,0.0218,0.0904
0.1388,2.0834,0.2667,straight,1.9383,6.6600,0.1388,-0.0792,0.1140
0.0779,2.9509,0.1364,combined,1.8036,6.0800,0.0779,-0.0401,0.0668
0.1443,1.9554,0.1157,straight,0.2454,6.6800,0.1352,-0.1349,0.0514
0.0474,0.2186,0.2097,combined,1.6014,5.0800,0.0055,0.0447,0.0160
0.0616,0.2103,0.0206,stand,0.0000,4.1400,0.0000,nan,nan
0.1807,0.6201,0.1770,combined,1.8688,4.9000,0.1807,-0.1719,0.0558
0.0841,2.6537,0.0250,turn,0.0000,4.9800,0.0000,nan,nan
0.1926,2.3080,0.1839,straight,0.6422,6.6800,0.1232,0.1002,0.1645
0.0534,0.6242,0.1542,straight,1.8522,5.0800,0.0445,-0.0348,0.0405
0.0574,3.1814,0.0493,straight,0.0179,7.1400,0.0107,0.0573,0.0036
0.0721,1.4717,0.0044,stand,0.0000,7.6600,0.0000,nan,nan
0.0283,1.0812,0.1594,combined,1.6883,5.3400,0.0156,-0.0245,0.0142
0.4287,0.5969,0.3944,combined,1.8227,5.2200,0.0638,0.4220,0.0754
0.0569,0.9913,0.2139,lateral,0.0520,5.3800,0.0236,-0.0296,0.0486
0.0547,0.0567,0.1231,straight,0.6240,6.0400,0.0502,0.0530,0.0135
0.0268,3.8625,0.0262,stand,0.0000,4.4800,0.0000,nan,nan
0.1719,1.3361,0.0678,lateral,1.2502,6.4600,0.1599,0.0593,0.1613
0.0871,0.5214,0.0201,turn,0.0000,7.0400,0.0000,nan,nan
0.0669,0.3419,0.0154,stand,0.0000,4.3000,0.0000,nan,nan
0.1824,0.5003,0.1024,combined,1.0656,6.1400,0.1573,-0.1540,0.0978
0.0607,1.0328,0.2617,turn,0.0000,6.9000,0.0000,nan,nan
0.2060,1.9734,0.1621,combined,1.4329,4.5000,0.2060,-0.1345,0.1560
0.0676,0.4769,0.2200,combined,1.9018,7.4400,0.0035,0.0517,0.0435
0.0661,0.1493,0.1689,straight,0.4894,4.1600,0.0543,-0.0507,0.0425
0.0790,2.6617,0.1722,combined,0.9587,4.8800,0.0443,-0.0222,0.0758
0.0780,0.6180,0.2028,lateral,0.0594,5.3800,0.0072,0.0631,0.0459
0.0536,1.3907,0.0292,stand,0.0000,6.7000,0.0000,nan,nan
0.0221,1.6181,0.1005,combined,1.1763,4.4800,0.0164,-0.0198,0.0098
0.0750,3.6442,0.1077,combined,0.5599,5.7600,0.0532,0.0513,0.0546
0.0282,4.6265,0.0259,stand,0.0000,4.1200,0.0000,nan,nan
0.0580,2.4998,0.0868,lateral,0.1206,7.4400,0.0140,0.0417,0.0404
0.0588,4.2751,0.2055,turn,0.0000,6.7200,0.0000,nan,nan
0.1165,3.4049,0.0264,combined,1.4450,5.2600,0.1145,-0.0729,0.0909
0.0792,2.3571,0.0808,straight,0.0458,4.8400,0.0042,0.0585,0.0533
0.1554,5.3167,0.0604,combined,1.3193,7.3800,0.1414,-0.1345,0.0778
0.0624,0.8865,0.2415,straight,0.9844,5.5600,0.0317,0.0604,0.0160
0.2285,0.8687,0.1968,lateral,1.4898,4.2000,0.2269,-0.1919,0.1241
0.2028,3.9166,0.1257,straight,0.9753,4.0800,0.1955,-0.1088,0.1712
0.0884,3.5183,0.1993,straight,1.6647,7.5800,0.0270,0.0357,0.0809
0.0316,0.4021,0.0513,combined,1.3942,6.8200,0.0114,0.0222,0.0225
0.0659,1.0538,0.1563,turn,0.0000,5.9000,0.0000,nan,nan
0.0521,1.1115,0.2126,combined,1.4517,7.7000,0.0405,-0.0293,0.0431
0.0300,1.9046,0.2309,turn,0.0000,7.1000,0.0000,nan,nan
0.2014,3.9035,0.1471,turn,0.0000,5.2200,0.0000,nan,nan
0.2068,3.6931,0.0351,turn,0.0000,6.5600,0.0000,nan,nan
0.1388,0.9586,0.2104,combined,1.6298,4.0000,0.1388,0.0150,0.1380
0.0392,3.4211,0.0539,straight,0.0312,4.0000,0.0043,0.0355,0.0167
0.1036,0.2227,0.1154,straight,1.6613,4.0000,0.1028,-0.0241,0.1008
0.0423,0.3519,0.0510,straight,1.8466,4.0200,0.0057,0.0176,0.0385
0.0254,1.8578,0.1950,straight,1.7250,4.0200,0.0254,0.0093,0.0236
0.0886,3.0037,0.2198,combined,1.6659,4.0400,0.0733,-0.0246,0.0851
0.0599,1.2733,0.0683,turn,0.0000,4.0600,0.0000,nan,nan
0.0845,2.6951,0.0138,turn,0.0000,4.0600,0.0000,nan,nan
0.1079,2.7372,0.0754,combined,1.4354,4.0600,0.1076,-0.0975,0.0462
0.0683,2.4761,0.1456,lateral,0.9725,4.0800,0.0683,-0.0619,0.0289
0.0990,1.3935,0.0332,turn,0.0000,4.0800,0.0000,nan,nan
0.1578,3.6782,0.0156,turn,0.0000,4.0800,0.0000,nan,nan
0.0232,1.9010,0.1403,combined,0.7405,4.1000,0.0064,0.0188,0.0136
0.0598,2.3820,0.1859,turn,0.0000,4.1200,0.0000,nan,nan
0.1606,1.5242,0.0991,combined,0.9554,4.1200,0.1587,0.0167,0.1598
0.1156,2.9577,0.2808,turn,0.0000,4.1400,0.0000,nan,nan
0.2063,1.1284,0.0800,combined,2.3673,4.1600,0.2014,-0.1285,0.1614
0.2841,0.9286,0.0730,combined,1.6184,4.1800,0.2841,-0.2722,0.0816
0.0251,1.2850,0.2486,turn,0.0000,4.1800,0.0000,nan,nan
0.0437,4.8419,0.0739,turn,0.0000,4.2000,0.0000,nan,nan
0.1083,1.6440,0.1451,combined,2.0857,4.2000,0.0846,0.0247,0.1054
0.0356,0.6541,0.0398,turn,0.0000,4.2000,0.0000,nan,nan
0.0926,2.4263,0.0050,stand,0.0000,4.2000,0.0000,nan,nan
0.0521,0.4655,0.3210,lateral,1.4035,4.2400,0.0521,-0.0194,0.0483
0.0865,2.7453,0.1210,lateral,1.0338,4.2400,0.0505,0.0644,0.0577
0.1955,4.0336,0.1073,combined,1.7287,4.2600,0.1955,-0.1920,0.0367
0.0863,0.9394,0.1569,combined,1.6090,4.2800,0.0849,0.0012,0.0862
0.0486,4.5258,0.2087,combined,1.1231,4.3200,0.0422,-0.0161,0.0459
0.0416,4.1176,0.0752,straight,0.9535,4.3400,0.0308,0.0415,0.0027
0.0528,0.3136,0.0762,combined,0.8066,4.3600,0.0506,-0.0230,0.0476
0.0888,0.5967,0.0371,stand,0.0000,4.3600,0.0000,nan,nan
0.1413,5.4323,0.0630,straight,1.2869,4.4000,0.1136,-0.1038,0.0958
0.0557,3.3012,0.0214,lateral,0.8604,4.4200,0.0557,-0.0547,0.0108
0.2426,0.8565,0.0884,turn,0.0000,4.4400,0.0000,nan,nan
0.0644,3.1703,0.1123,straight,0.2181,4.4400,0.0539,-0.0462,0.0448
0.1068,3.0492,0.0604,straight,0.9885,4.4600,0.0946,-0.0980,0.0424
0.1438,2.4987,0.0268,combined,1.0192,4.4800,0.1410,-0.1376,0.0417
0.0815,0.6611,0.2341,combined,1.4354,4.5000,0.0682,0.0230,0.0782
0.1944,1.7185,0.0726,lateral,0.6540,4.5200,0.0207,0.1943,0.0077
0.0690,0.2621,0.0654,straight,0.3457,4.5200,0.0599,-0.0473,0.0503
0.0679,2.7958,0.0276,combined,1.9259,4.5400,0.0679,-0.0600,0.0317
0.2407,0.4580,0.0375,turn,0.0000,4.5400,0.0000,nan,nan
0.2228,1.8107,0.0860,lateral,0.8946,4.5600,0.2228,-0.1064,0.1957
0.0828,0.3724,0.1738,straight,0.3211,4.5600,0.0620,0.0087,0.0823
0.1379,0.2403,0.0369,lateral,1.4122,4.5600,0.1379,-0.1251,0.0580
0.0262,2.3819,0.0976,straight,1.4876,4.5600,0.0245,-0.0187,0.0183
0.0327,0.3291,0.0725,lateral,0.8847,4.5800,0.0103,0.0285,0.0161
0.0978,4.7670,0.2462,turn,0.0000,4.5400,0.0000,nan,nan
0.0391,2.7513,0.1591,straight,0.0765,4.6000,0.0152,-0.0211,0.0329
0.1228,1.2611,0.1001,straight,1.9909,4.6200,0.1228,-0.0428,0.1151
0.2771,4.5678,0.1262,combined,1.7275,4.6600,0.2526,-0.0909,0.2618
0.0286,1.5260,0.0737,straight,0.2928,4.6600,0.0009,0.0236,0.0160
0.0187,0.2063,0.0257,combined,1.0330,4.6800,0.0122,0.0095,0.0161
0.0653,0.3526,0.2423,combined,1.1281,4.7200,0.0427,-0.0184,0.0626
0.0720,0.5471,0.1814,turn,0.0000,4.7200,0.0000,nan,nan
0.1280,0.5207,0.2312,turn,0.0000,4.7200,0.0000,nan,nan
0.2155,1.2504,0.0574,combined,2.3210,4.7400,0.1970,-0.1296,0.1722
0.0653,4.4010,0.1170,straight,1.0731,4.7600,0.0174,0.0468,0.0455
0.1594,1.7547,0.1149,combined,1.5840,4.7600,0.1481,-0.1415,0.0734
0.0551,2.1149,0.1927,turn,0.0000,4.7600,0.0000,nan,nan
0.1087,0.7310,0.1281,lateral,1.0751,4.7800,0.1008,-0.0998,0.0429
0.2207,2.1048,0.0662,combined,0.7362,4.7800,0.2174,-0.1899,0.1125
0.1031,1.3785,0.0255,lateral,0.6119,4.8000,0.0987,-0.0121,0.1023
0.1035,1.8067,0.1400,lateral,0.2205,4.8200,0.0845,0.0596,0.0846
0.1478,1.4516,0.0705,lateral,0.2106,4.8200,0.0683,-0.1320,0.0665
0.2862,2.7871,0.3484,combined,2.0082,4.0000,0.2862,-0.2823,0.0473
0.0255,4.0279,0.1828,lateral,0.4938,4.8600,0.0009,0.0230,0.0111
0.1116,0.7660,0.0259,turn,0.0000,4.8800,0.0000,nan,nan
0.0991,1.8464,0.0630,lateral,1.3726,4.8800,0.0625,0.0623,0.0771
0.0242,1.2670,0.2130,straight,1.2080,4.8800,0.0242,-0.0198,0.0139
0.1086,1.4447,0.0939,combined,1.1779,4.9400,0.1049,-0.0911,0.0590
0.0974,0.3424,0.0709,combined,1.3889,4.9400,0.0503,0.0530,0.0817
0.1358,1.3126,0.1296,combined,1.3614,4.9600,0.1186,-0.1151,0.0720
0.0718,1.7651,0.1518,turn,0.0000,4.9600,0.0000,nan,nan
0.0534,1.3005,0.1106,straight,1.0578,5.0000,0.0363,-0.0051,0.0532
0.1636,3.1475,0.0460,combined,0.6200,5.0200,0.1449,-0.0677,0.1490
0.0688,1.4377,0.0730,turn,0.0000,5.0200,0.0000,nan,nan
0.0637,3.9043,0.1195,lateral,1.3723,5.0200,0.0598,0.0212,0.0600
0.1670,4.1169,0.1810,turn,0.0000,5.0400,0.0000,nan,nan
0.1302,2.2517,0.1293,lateral,0.8143,5.0400,0.1185,-0.0097,0.1299
0.0822,0.5511,0.2257,combined,1.5003,5.0600,0.0733,-0.0370,0.0734
0.1036,1.4844,0.0651,lateral,0.1375,5.0600,0.0460,0.0342,0.0978
0.0459,2.5842,0.0304,combined,0.7426,4.8200,0.0409,-0.0400,0.0224
0.0916,2.8274,0.0320,lateral,0.9387,5.1200,0.0787,-0.0821,0.0406
0.1284,1.1294,0.1665,combined,0.9881,5.1200,0.1258,-0.0965,0.0846
0.0919,4.1095,0.0387,turn,0.0000,5.1400,0.0000,nan,nan
0.0264,5.0846,0.0196,stand,0.0000,5.2200,0.0000,nan,nan
0.1278,4.1455,0.1106,combined,1.7560,5.2400,0.1278,-0.0315,0.1239
0.0213,0.7223,0.1604,lateral,0.9185,5.2400,0.0173,0.0124,0.0173
0.0958,1.8642,0.0367,straight,1.1116,5.2800,0.0912,-0.0775,0.0563
0.1687,0.5163,0.1855,straight,0.2601,5.3000,0.1584,-0.1120,0.1261
0.1747,1.8840,0.0596,straight,0.8363,5.3400,0.1595,-0.0791,0.1558
0.0509,1.5130,0.0197,stand,0.0000,5.3400,0.0000,nan,nan
0.0444,0.5930,0.0962,straight,0.2566,5.4000,0.0369,-0.0241,0.0374
0.1654,1.5027,0.1663,turn,0.0000,5.4200,0.0000,nan,nan
0.0242,3.5617,0.1988,lateral,1.2325,5.4200,0.0223,0.0002,0.0242
0.1727,5.7456,0.1384,turn,0.0000,5.4200,0.0000,nan,nan
0.1075,1.3159,0.0298,combined,2.2140,5.4400,0.0568,0.1055,0.0208
0.2254,1.8817,0.1567,lateral,1.0015,5.4400,0.2182,-0.1128,0.1952
0.0837,0.8301,0.1440,turn,0.0000,5.4600,0.0000,nan,nan
0.1100,1.4464,0.1596,lateral,0.9452,5.4800,0.1060,-0.1100,0.0015
0.0723,2.6751,0.0140,stand,0.0000,5.5000,0.0000,nan,nan
0.0697,4.2168,0.0403,combined,1.7124,5.5200,0.0549,0.0045,0.0695
0.1224,1.5582,0.1420,lateral,0.9032,5.5200,0.0966,0.0702,0.1003
0.1270,1.8933,0.1307,lateral,1.3604,5.5400,0.0110,0.1265,0.0119
0.0822,0.1348,0.0811,combined,1.2162,5.5400,0.0822,-0.0805,0.0169
0.1199,1.0217,0.1914,combined,1.3835,5.5400,0.1052,0.1172,0.0252
0.1009,1.4028,0.1431,lateral,0.7419,5.5200,0.0769,-0.0891,0.0474
0.0509,2.5667,0.0076,turn,0.0000,5.5400,0.0000,nan,nan
0.0579,1.9763,0.0684,combined,1.8599,5.5400,0.0096,0.0217,0.0537
0.1801,5.0304,0.1063,straight,0.2287,5.5600,0.1076,-0.0891,0.1565
0.0526,0.2343,0.1454,combined,2.3009,5.5800,0.0526,-0.0374,0.0371
0.0310,5.8651,0.1646,straight,0.4567,5.6000,0.0009,0.0172,0.0258
0.1609,2.7251,0.1947,turn,0.0000,5.6000,0.0000,nan,nan
0.0130,1.9813,0.0398,straight,1.9907,5.6200,0.0030,0.0090,0.0094
0.0705,3.0622,0.0388,stand,0.0000,5.6200,0.0000,nan,nan
0.0691,0.9049,0.1464,turn,0.0000,5.6200,0.0000,nan,nan
0.1888,0.6844,0.0842,combined,0.8189,5.6200,0.0595,0.1061,0.1562
0.1162,0.8876,0.0507,combined,1.4171,5.6400,0.0159,0.1121,0.0306
0.0378,7.2237,0.0295,stand,0.0000,5.6400,0.0000,nan,nan
0.0437,3.0761,0.0674,straight,0.5625,5.6400,0.0408,-0.0394,0.0189
0.1358,0.8815,0.2078,lateral,0.8679,5.6600,0.1166,-0.1250,0.0529
0.0748,0.7289,0.1131,combined,0.4426,5.6800,0.0569,-0.0114,0.0739
0.0458,1.1318,0.0924,turn,0.0000,5.7200,0.0000,nan,nan
0.0577,2.3222,0.0342,stand,0.0000,5.7400,0.0000,nan,nan
0.0375,3.7503,0.1836,lateral,1.0062,5.7400,0.0350,0.0290,0.0237
0.0852,3.4317,0.2245,combined,1.2767,5.7800,0.0818,-0.0414,0.0744
0.1283,2.6299,0.2268,lateral,0.4467,5.7800,0.0791,0.0249,0.1259
0.1029,1.6893,0.2268,straight,1.2445,5.8200,0.1029,-0.0370,0.0960
0.1324,3.7614,0.1757,turn,0.0000,5.8400,0.0000,nan,nan
0.0310,3.0696,0.1337,combined,1.9355,5.8400,0.0182,-0.0003,0.0310
0.0209,2.7467,0.0142,combined,1.1689,5.8400,0.0140,0.0184,0.0101
0.1324,3.7224,0.1481,lateral,0.9243,5.8800,0.0477,-0.1307,0.0211
0.0916,2.9667,0.1694,combined,1.4835,5.8600,0.0695,-0.0019,0.0916
0.0745,3.1175,0.0358,turn,0.0000,5.9000,0.0000,nan,nan
0.2367,7.3514,0.1192,turn,0.0000,5.9200,0.0000,nan,nan
0.1099,1.8442,0.2409,lateral,1.3014,5.9400,0.0989,0.0293,0.1059
0.0862,7.4055,0.1360,straight,0.3631,5.9400,0.0822,-0.0144,0.0850
0.1917,5.7511,0.1221,lateral,0.8086,5.9800,0.0500,0.1603,0.1051
0.0321,5.2864,0.0309,stand,0.0000,5.9800,0.0000,nan,nan
0.1088,3.3707,0.0803,lateral,1.4741,6.0600,0.1037,0.0250,0.1059
0.1712,3.6699,0.1955,straight,0.0434,6.0600,0.0102,0.0979,0.1404
0.1318,2.9257,0.1499,combined,1.6662,6.0800,0.0975,0.0211,0.1301
0.0388,4.9167,0.0328,straight,1.9812,6.0800,0.0295,-0.0375,0.0099
0.0876,1.5233,0.0292,straight,1.3253,6.0800,0.0792,-0.0552,0.0680
0.0774,0.7903,0.1362,lateral,0.9900,6.0800,0.0406,0.0644,0.0429
0.0543,1.8587,0.0941,turn,0.0000,6.0800,0.0000,nan,nan
0.0720,1.2848,0.1800,lateral,0.1860,6.1000,0.0431,-0.0258,0.0672
0.0981,1.1834,0.0556,lateral,1.0390,6.1200,0.0461,0.0821,0.0537
0.0287,1.0543,0.0389,combined,1.3010,6.1800,0.0147,-0.0204,0.0203
0.0498,1.3475,0.0494,combined,1.1385,6.1800,0.0272,-0.0169,0.0468
0.0566,1.8228,0.1441,straight,1.9395,6.1800,0.0379,0.0314,0.0470
0.0574,3.2814,0.0678,turn,0.0000,6.2000,0.0000,nan,nan
0.0719,3.3735,0.1581,lateral,0.9259,6.2000,0.0615,-0.0712,0.0098
0.1128,0.2742,0.0183,straight,0.3372,6.2200,0.0715,-0.0672,0.0906
0.0742,2.4521,0.1888,turn,0.0000,6.2400,0.0000,nan,nan
0.0164,0.7989,0.0388,stand,0.0000,6.2400,0.0000,nan,nan
0.0739,1.1616,0.0625,lateral,1.0641,6.2800,0.0729,0.0058,0.0736
0.1794,1.8392,0.0723,turn,0.0000,6.3200,0.0000,nan,nan
0.1473,1.8783,0.1457,straight,1.0143,6.3800,0.0306,0.0639,0.1328
0.0347,1.7078,0.1756,turn,0.0000,6.3800,0.0000,nan,nan
0.0733,2.5992,0.1652,turn,0.0000,6.4200,0.0000,nan,nan
0.1261,0.0747,0.0777,combined,2.1818,6.4200,0.1010,-0.1261,0.0029
0.1647,0.0406,0.1388,combined,1.1505,6.4400,0.1361,-0.0631,0.1521
0.0641,2.3145,0.0290,stand,0.0000,6.5000,0.0000,nan,nan
0.0323,0.3307,0.0555,lateral,0.4192,6.5200,0.0044,0.0315,0.0072
0.2177,0.1137,0.0386,straight,1.6908,6.6000,0.0560,0.1873,0.1109
0.1715,3.6390,0.0560,straight,0.9718,6.6000,0.0797,-0.0817,0.1508
0.1526,2.2865,0.1959,combined,1.9016,6.6200,0.0329,0.1422,0.0555
0.0565,2.0892,0.2244,combined,1.9192,6.6800,0.0488,0.0260,0.0502
0.0626,1.7788,0.1708,turn,0.0000,6.6800,0.0000,nan,nan
0.0859,0.5980,0.0447,combined,0.7564,6.6800,0.0859,-0.0844,0.0158
0.1256,1.2901,0.0694,lateral,0.8567,6.7000,0.0087,0.1237,0.0220
0.0752,0.1707,0.0175,combined,2.1580,6.7000,0.0006,0.0620,0.0426
0.0435,0.3737,0.0862,lateral,0.9795,6.7200,0.0007,0.0434,0.0037
0.0520,1.1720,0.1606,lateral,0.9657,6.7400,0.0487,0.0084,0.0513
0.1198,1.4514,0.0299,lateral,0.6485,6.7400,0.0865,0.0483,0.1096
0.1110,1.8650,0.0529,straight,1.1672,6.7600,0.0857,-0.0761,0.0808
0.0479,2.3963,0.0748,stand,0.0000,6.7800,0.0000,nan,nan
0.0709,0.7079,0.0284,lateral,1.1743,6.7800,0.0050,-0.0708,0.0048
0.1171,0.3986,0.0711,lateral,0.9889,6.8000,0.0835,-0.0853,0.0802
0.0650,0.3431,0.1397,lateral,1.0008,6.8200,0.0347,0.0609,0.0227
0.0361,1.9450,0.0241,stand,0.0000,6.9000,0.0000,nan,nan
0.1036,4.2144,0.0995,lateral,1.3455,6.9000,0.1017,-0.0360,0.0972
0.0710,5.6256,0.0122,turn,0.0000,6.9200,0.0000,nan,nan
0.1504,1.8987,0.2187,combined,0.2460,6.9400,0.1186,-0.1504,0.0015
0.0530,2.0621,0.2221,lateral,0.5187,6.9600,0.0171,0.0469,0.0248
0.1115,4.0155,0.2072,turn,0.0000,6.9600,0.0000,nan,nan
0.0739,0.5824,0.1828,combined,1.4842,6.9800,0.0617,-0.0346,0.0653
0.1076,2.6249,0.1180,lateral,0.5015,6.9800,0.0380,0.0793,0.0727
0.0823,2.5551,0.1833,turn,0.0000,7.0200,0.0000,nan,nan
0.1799,1.3493,0.0485,combined,1.3683,7.0200,0.0917,0.0723,0.1647
0.0408,0.5248,0.0880,lateral,1.4562,7.0400,0.0393,-0.0404,0.0054
0.0777,2.1714,0.0468,stand,0.0000,7.0400,0.0000,nan,nan
0.0573,4.8227,0.2492,combined,1.0254,7.0600,0.0022,0.0539,0.0194
0.0380,11.0075,0.0409,stand,0.0000,7.0800,0.0000,nan,nan
0.0534,5.2640,0.0457,straight,0.6274,7.0800,0.0534,-0.0480,0.0236
0.0805,1.3324,0.1385,combined,2.2071,7.1000,0.0762,-0.0794,0.0131
0.0960,0.9794,0.0706,turn,0.0000,7.1200,0.0000,nan,nan
0.0790,0.2572,0.0572,turn,0.0000,7.1200,0.0000,nan,nan
0.0305,1.4367,0.0797,combined,0.5861,7.1200,0.0021,0.0305,0.0004
0.0495,1.7206,0.2097,combined,1.4341,7.1600,0.0156,0.0489,0.0075
0.0524,1.4972,0.0688,combined,0.8155,7.1600,0.0092,0.0523,0.0039
0.1697,0.6392,0.2377,lateral,0.1232,7.1600,0.0049,0.1644,0.0422
0.0267,0.4467,0.0331,combined,0.7820,7.1600,0.0167,-0.0208,0.0167
0.0948,2.0214,0.0382,turn,0.0000,7.1800,0.0000,nan,nan
0.0460,6.3786,0.0564,lateral,1.0428,7.1800,0.0460,0.0307,0.0343
0.1172,4.4578,0.1735,turn,0.0000,7.2000,0.0000,nan,nan
0.0153,1.8098,0.2210,turn,0.0000,7.2200,0.0000,nan,nan
0.1441,0.4251,0.0892,combined,2.3825,7.2200,0.1326,-0.0845,0.1167
0.0173,0.8635,0.1425,combined,1.6725,7.2400,0.0149,-0.0162,0.0062
0.1929,5.6170,0.1812,turn,0.0000,7.2600,0.0000,nan,nan
0.0674,0.5332,0.0963,turn,0.0000,7.2800,0.0000,nan,nan
0.1363,1.3262,0.1371,combined,1.7180,7.2800,0.0916,0.0305,0.1328
0.0262,1.1477,0.0854,combined,1.0107,7.3200,0.0233,-0.0240,0.0106
0.0891,0.2790,0.2100,combined,1.4782,7.4000,0.0685,0.0190,0.0870
0.1345,5.8953,0.2323,lateral,0.6720,7.4200,0.0056,0.1337,0.0150
0.0712,2.2594,0.0058,lateral,1.4566,7.4600,0.0310,0.0514,0.0493
0.0998,5.5157,0.0707,combined,1.3972,7.4600,0.0799,-0.0573,0.0818
0.0452,1.7059,0.0266,straight,1.7794,7.4600,0.0010,0.0236,0.0386
0.0505,1.9886,0.0170,combined,0.7670,7.4800,0.0469,-0.0312,0.0396
0.1186,3.4656,0.2160,turn,0.0000,7.5000,0.0000,nan,nan
0.0851,0.5567,0.1335,lateral,0.7225,7.5000,0.0547,0.0556,0.0644
0.0446,0.5066,0.0508,lateral,0.6300,7.5400,0.0443,-0.0426,0.0131
0.0526,1.9057,0.2074,straight,1.7369,7.5400,0.0388,0.0517,0.0099
0.1318,4.1826,0.0359,straight,1.0005,7.5600,0.0029,0.1194,0.0559
0.0313,1.4358,0.0444,lateral,0.0803,7.6000,0.0046,-0.0126,0.0287
0.1102,0.2721,0.2210,lateral,0.1519,7.6000,0.0363,0.0611,0.0917
0.0967,2.7947,0.1286,straight,0.8648,7.6200,0.0709,-0.0824,0.0507
0.0203,3.9539,0.1776,combined,0.8831,7.6400,0.0149,0.0199,0.0039
0.0531,3.4255,0.0389,lateral,1.2264,7.6400,0.0249,-0.0494,0.0195
0.0731,0.5530,0.0392,lateral,0.4610,7.6800,0.0328,-0.0642,0.0350
0.0697,1.1761,0.0392,turn,0.0000,7.6800,0.0000,nan,nan
0.0420,6.5307,0.0755,stand,0.0000,7.7000,0.0000,nan,nan
0.0193,3.8245,0.1852,combined,1.0966,7.7000,0.0028,0.0064,0.0182
0.1427,2.6047,0.0411,lateral,0.2565,7.7200,0.0450,0.1281,0.0628
0.0332,0.7845,0.1627,combined,0.6374,7.7200,0.0259,0.0120,0.0309
0.0247,2.5434,0.0299,stand,0.0000,7.7600,0.0000,nan,nan
0.0773,1.3721,0.0236,stand,0.0000,7.7600,0.0000,nan,nan
0.1177,1.0633,0.1317,combined,1.9793,7.7600,0.0932,-0.1073,0.0483
0.0155,5.1215,0.1072,lateral,1.3986,7.7800,0.0122,0.0086,0.0129
0.0417,3.8177,0.1103,combined,0.8049,7.7800,0.0205,0.0034,0.0416
0.1346,6.1662,0.1476,straight,1.9367,7.8400,0.1284,-0.0901,0.1001
0.0790,3.7421,0.2155,combined,1.4667,7.8800,0.0729,-0.0765,0.0200
0.0531,0.6444,0.1397,turn,0.0000,7.8800,0.0000,nan,nan
0.0546,4.0150,0.1496,lateral,1.3977,7.9000,0.0459,-0.0546,0.0002
0.0302,0.4026,0.1033,lateral,0.4058,7.9000,0.0092,-0.0146,0.0265
0.0782,2.6854,0.0409,combined,0.6990,7.9000,0.0274,0.0629,0.0465
0.0237,1.1579,0.1118,straight,0.0702,7.9000,0.0130,-0.0234,0.0042
0.0652,1.2324,0.0578,turn,0.0000,7.9200,0.0000,nan,nan
0.0568,1.8227,0.1719,turn,0.0000,7.9400,0.0000,nan,nan
0.0623,1.9341,0.1826,turn,0.0000,7.9400,0.0000,nan,nan
0.1513,2.4413,0.2186,lateral,0.1663,7.9400,0.0028,0.1511,0.0086
0.1178,2.2957,0.0261,combined,0.9419,7.9400,0.1129,-0.0983,0.0649
0.0879,6.1330,0.0988,lateral,1.4148,7.9800,0.0621,0.0539,0.0694
0.0432,1.2590,0.0278,straight,1.1000,4.0400,0.0255,-0.0139,0.0409
0.1003,3.7281,0.0346,combined,1.5093,4.2400,0.0821,-0.0440,0.0902
0.1144,5.2349,0.1449,lateral,0.5476,4.0000,0.1144,-0.0317,0.1099
0.0336,2.7089,0.0559,straight,1.8793,6.9800,0.0079,0.0294,0.0164
0.1828,0.0948,0.2464,straight,0.5065,4.7600,0.1762,-0.1771,0.0450
0.1442,3.5544,0.1885,combined,1.9860,4.1600,0.1442,-0.1102,0.0931
0.1370,1.8358,0.2213,turn,0.0000,4.1000,0.0000,nan,nan
0.0768,0.1737,0.0118,straight,0.1524,4.9000,0.0762,-0.0654,0.0403
0.2125,0.5981,0.0325,straight,1.1376,4.3000,0.1920,-0.0677,0.2014
0.0585,3.8919,0.1589,turn,0.0000,4.8600,0.0000,nan,nan
0.1814,1.6918,0.2366,lateral,1.1640,4.5400,0.1754,-0.0097,0.1811
0.1087,2.1102,0.0372,combined,1.7601,4.9800,0.0981,-0.1011,0.0398
0.1240,0.5572,0.1141,straight,1.3056,5.1200,0.1198,-0.1240,0.0003
0.0380,0.2630,0.0170,stand,0.0000,5.2000,0.0000,nan,nan
0.1160,1.1729,0.0931,lateral,1.0917,4.7000,0.0973,-0.1051,0.0491
0.1914,1.8606,0.0518,combined,2.0611,5.0600,0.1914,-0.1305,0.1400
0.1036,4.6100,0.0238,combined,1.3993,5.3000,0.0891,-0.1032,0.0089
0.1005,1.9547,0.2368,straight,1.0410,4.6400,0.0626,0.0585,0.0818
0.0944,0.9569,0.0730,lateral,1.3601,5.0000,0.0858,0.0858,0.0393
0.1573,1.8943,0.1943,turn,0.0000,4.8800,0.0000,nan,nan
0.1080,3.2499,0.0305,turn,0.0000,4.3400,0.0000,nan,nan
0.1799,1.5904,0.1270,combined,1.1023,4.9000,0.0111,0.1772,0.0311
0.0327,2.7921,0.0354,stand,0.0000,4.3800,0.0000,nan,nan
0.0796,1.8811,0.1867,turn,0.0000,4.3800,0.0000,nan,nan
0.1018,1.1708,0.0531,lateral,0.8325,4.5400,0.0928,0.0111,0.1012
0.1285,4.6303,0.2663,lateral,1.3595,4.7600,0.1188,-0.0999,0.0808
0.0676,0.6444,0.1053,combined,1.4740,5.3400,0.0457,-0.0213,0.0641
0.0503,3.1421,0.0810,lateral,0.9998,5.1400,0.0502,-0.0098,0.0493
0.0247,2.5913,0.1017,lateral,1.3782,4.0600,0.0211,-0.0239,0.0062
0.0764,5.8877,0.0135,stand,0.0000,5.2000,0.0000,nan,nan
0.1659,5.5357,0.2516,lateral,0.8578,5.4600,0.1644,-0.1356,0.0956
0.0559,0.7534,0.0410,combined,1.4584,4.6200,0.0165,0.0140,0.0541
0.0228,0.6068,0.2492,turn,0.0000,4.1400,0.0000,nan,nan
0.0712,4.1884,0.2137,combined,1.0720,5.3800,0.0432,0.0663,0.0258
0.0952,2.1110,0.0750,lateral,0.2055,4.4600,0.0894,0.0523,0.0795
0.2268,7.5314,0.0666,lateral,0.8152,5.5400,0.2008,-0.1878,0.1271
0.0876,2.0189,0.2079,combined,1.5236,5.6200,0.0831,-0.0325,0.0814
0.0403,1.5280,0.0309,turn,0.0000,5.2400,0.0000,nan,nan
0.0633,3.2978,0.0338,combined,1.0180,4.9800,0.0633,-0.0595,0.0214
0.1453,1.5271,0.1565,combined,1.8681,5.1000,0.0201,0.1258,0.0727
0.2003,1.8188,0.1370,straight,1.1208,4.7600,0.1954,-0.1237,0.1576
0.1907,1.2036,0.0953,combined,0.5895,5.8800,0.0438,0.1407,0.1287
0.2007,2.2840,0.1255,combined,1.4141,4.6600,0.1944,-0.1936,0.0530
0.1973,2.2321,0.0389,straight,0.9029,5.3200,0.1944,-0.1534,0.1241
0.1620,0.5317,0.1027,combined,0.6534,4.8200,0.1504,-0.1556,0.0453
0.0413,2.0384,0.0215,stand,0.0000,4.4400,0.0000,nan,nan
0.1171,0.4579,0.1604,combined,0.2326,4.5400,0.0413,-0.0881,0.0772
0.0877,0.5035,0.2143,lateral,0.7563,6.0800,0.0355,0.0601,0.0639
0.0672,1.3693,0.2025,turn,0.0000,4.5600,0.0000,nan,nan
0.1149,4.3681,0.0549,straight,0.2333,4.1600,0.1057,-0.1112,0.0287
0.1577,2.1802,0.0635,turn,0.0000,4.4200,0.0000,nan,nan
0.0211,0.5258,0.0675,turn,0.0000,5.0400,0.0000,nan,nan
0.1678,4.8270,0.0189,lateral,1.3522,4.5400,0.1562,-0.1649,0.0312
0.1424,3.2484,0.1429,combined,2.1115,4.7400,0.1141,0.0355,0.1379
0.0102,0.3932,0.0228,stand,0.0000,5.1000,0.0000,nan,nan
0.0194,2.0011,0.0654,combined,0.4082,5.7600,0.0104,0.0054,0.0187
0.1518,0.4986,0.1244,straight,0.5304,6.1000,0.1454,0.0498,0.1434
0.0320,0.5930,0.0536,combined,0.8323,5.6600,0.0320,0.0267,0.0177
0.0524,0.4851,0.1802,lateral,1.2961,4.3000,0.0465,-0.0239,0.0466
0.1136,0.8619,0.2524,combined,1.0870,5.7000,0.0204,0.0667,0.0920
0.0292,2.6750,0.0290,straight,1.7186,6.4000,0.0185,0.0228,0.0182
0.1518,1.2368,0.1008,lateral,1.2975,5.6600,0.1290,-0.1429,0.0514
0.0726,2.0477,0.0367,lateral,1.3554,5.1000,0.0710,-0.0455,0.0565
0.1163,1.1985,0.1102,lateral,1.4106,5.7600,0.0908,0.0765,0.0876
0.0882,1.9121,0.0869,combined,1.0360,4.5000,0.0753,-0.0202,0.0859
0.1970,0.4576,0.1654,turn,0.0000,6.1200,0.0000,nan,nan
0.0893,4.0762,0.0114,stand,0.0000,5.1600,0.0000,nan,nan
0.0474,1.7612,0.2249,lateral,1.2804,4.3200,0.0474,-0.0196,0.0432
0.1376,0.6443,0.0726,lateral,1.4288,6.5200,0.1034,0.0718,0.1173
0.1044,0.1629,0.0440,combined,1.6629,4.1400,0.1029,-0.0703,0.0771
0.0774,1.4841,0.1820,turn,0.0000,5.2400,0.0000,nan,nan
0.0925,0.8412,0.2450,combined,1.7025,5.2600,0.0854,-0.0439,0.0814
0.1139,2.7382,0.0936,lateral,1.0141,4.7000,0.1014,-0.1118,0.0215
0.1127,2.5136,0.1239,straight,0.1187,6.2800,0.0940,-0.1127,0.0003
0.0898,2.2133,0.0646,straight,1.2742,4.7800,0.0835,-0.0744,0.0502
0.0036,0.1939,0.1458,stand,0.0000,4.0800,0.0000,nan,nan
0.0819,0.6106,0.0303,combined,0.1961,5.9200,0.0040,0.0557,0.0600
0.0326,1.2354,0.1086,combined,1.5830,5.4600,0.0326,-0.0286,0.0157
0.1534,2.0889,0.1191,combined,1.3077,5.3600,0.1534,0.0513,0.1445
0.1870,2.3829,0.1998,lateral,0.6387,6.8200,0.0935,0.1442,0.1191
0.0747,1.3773,0.0748,turn,0.0000,4.3000,0.0000,nan,nan
0.2692,3.6486,0.0227,straight,1.9011,5.0600,0.2692,-0.1777,0.2023
0.1773,0.5532,0.1617,straight,1.8499,6.0000,0.1727,-0.1307,0.1198
0.0608,0.9793,0.1687,lateral,1.3131,6.0200,0.0485,-0.0607,0.0033
0.1472,1.6011,0.1539,turn,0.0000,6.6200,0.0000,nan,nan
0.0183,0.1502,0.0344,stand,0.0000,5.9400,0.0000,nan,nan
0.0701,1.6099,0.0364,stand,0.0000,6.8600,0.0000,nan,nan
0.0054,1.9078,0.0485,turn,0.0000,6.2200,0.0000,nan,nan
0.0768,0.3929,0.0295,combined,1.1211,4.6800,0.0763,-0.0026,0.0768
0.0299,0.1433,0.1951,straight,0.7494,6.6200,0.0109,0.0269,0.0130
0.1872,4.8112,0.1242,combined,0.3226,7.1000,0.1749,-0.1869,0.0105
0.0882,3.2840,0.2600,straight,0.2184,5.3200,0.0762,-0.0538,0.0699
0.1057,0.7845,0.1633,straight,0.0824,4.4800,0.0400,0.0742,0.0753
0.0186,1.5775,0.0096,stand,0.0000,6.6600,0.0000,nan,nan
0.1328,3.7664,0.1623,straight,1.5188,5.4200,0.1184,-0.0719,0.1116
0.0805,1.4489,0.1027,combined,1.3989,5.4800,0.0709,-0.0805,0.0013
0.2763,0.0712,0.1906,lateral,1.3512,6.9000,0.1302,0.2420,0.1332
0.0571,3.9191,0.1699,lateral,0.7703,7.2200,0.0031,0.0557,0.0129
0.0762,3.0607,0.1181,lateral,1.3256,7.3000,0.0755,0.0078,0.0758
0.0479,1.7390,0.0178,stand,0.0000,6.6000,0.0000,nan,nan
0.0952,2.0659,0.1519,straight,1.4555,5.7000,0.0484,0.0741,0.0598
0.0818,1.4223,0.0352,combined,1.1743,4.3200,0.0756,-0.0450,0.0683
0.0956,1.0017,0.0632,lateral,0.0875,5.2000,0.0491,-0.0685,0.0667
0.0925,2.7184,0.0141,combined,0.4149,7.2600,0.0598,-0.0810,0.0447
0.1536,0.8604,0.0808,combined,1.0058,5.7800,0.0650,0.1479,0.0412
0.0224,1.0652,0.0239,stand,0.0000,6.1000,0.0000,nan,nan
0.0781,2.0710,0.1289,combined,1.3988,4.5400,0.0750,-0.0760,0.0180
0.0821,5.0196,0.0510,turn,0.0000,7.4600,0.0000,nan,nan
0.0681,0.2334,0.0177,combined,1.3737,6.9600,0.0679,-0.0481,0.0482
0.0238,2.0799,0.0881,turn,0.0000,4.3200,0.0000,nan,nan
0.1595,3.2920,0.0266,lateral,1.2918,6.5000,0.0659,0.1264,0.0974
0.0105,0.5630,0.0134,stand,0.0000,5.4600,0.0000,nan,nan
0.1334,2.7581,0.0237,stand,0.0000,4.7800,0.0000,nan,nan
0.1147,0.6102,0.0965,turn,0.0000,5.1400,0.0000,nan,nan
0.1009,2.1545,0.1861,straight,1.7284,5.0800,0.0858,-0.0691,0.0736
0.1287,2.5887,0.0896,straight,1.0868,5.8600,0.1161,-0.1082,0.0697
0.0861,1.2927,0.0747,turn,0.0000,6.5800,0.0000,nan,nan
0.1131,3.3419,0.0278,stand,0.0000,6.5200,0.0000,nan,nan
0.1902,2.4444,0.0298,lateral,0.6234,4.5800,0.1902,-0.0591,0.1808
0.1143,2.3917,0.0783,combined,1.7886,5.9800,0.0946,-0.0717,0.0889
0.1133,1.3921,0.0148,lateral,0.2941,6.2000,0.0838,0.0147,0.1123
0.1397,2.5781,0.1216,lateral,0.3681,4.0600,0.1000,0.0535,0.1291
0.2013,3.3183,0.0776,turn,0.0000,6.2400,0.0000,nan,nan
0.1253,1.8713,0.1390,combined,1.1930,5.3200,0.1178,-0.0282,0.1220
0.0701,1.9224,0.1505,combined,1.0964,5.4400,0.0694,-0.0165,0.0682
0.0726,1.2326,0.1294,lateral,0.9466,7.3800,0.0535,-0.0215,0.0693
0.0592,1.3845,0.0624,lateral,1.1522,7.1800,0.0325,0.0590,0.0047
0.1127,1.3842,0.0913,lateral,0.8596,7.7600,0.0255,-0.1071,0.0351
0.0248,0.6155,0.0369,combined,1.5317,5.0400,0.0138,0.0247,0.0023
0.0753,2.7269,0.1080,combined,0.8522,6.2600,0.0597,-0.0460,0.0595
0.1652,0.4503,0.0235,straight,1.5590,5.0800,0.0896,0.0076,0.1650
0.0293,1.1850,0.1737,turn,0.0000,5.7000,0.0000,nan,nan
0.0720,2.0840,0.0950,turn,0.0000,7.1600,0.0000,nan,nan
0.0616,0.0359,0.2071,combined,1.0878,4.4000,0.0616,-0.0615,0.0037
0.0616,1.5600,0.2047,combined,2.0236,4.8200,0.0508,-0.0303,0.0536
0.1400,3.0016,0.1448,turn,0.0000,4.5000,0.0000,nan,nan
0.0976,2.7891,0.0360,combined,1.8097,4.5000,0.0873,-0.0961,0.0171
0.0500,1.7798,0.0692,straight,0.8314,5.5800,0.0393,-0.0346,0.0361
0.1068,2.0284,0.1004,combined,0.9870,4.6000,0.1068,-0.0966,0.0456
0.0399,5.4238,0.1253,combined,1.3744,4.1800,0.0261,-0.0056,0.0395
0.0274,1.9441,0.1031,straight,1.5781,4.9600,0.0101,-0.0013,0.0274
0.0481,4.6809,0.0120,stand,0.0000,7.6800,0.0000,nan,nan
0.0346,0.6897,0.0273,combined,1.2893,6.0200,0.0169,0.0010,0.0346
0.0811,0.3255,0.1730,straight,0.4972,7.5000,0.0759,0.0018,0.0811
0.0542,6.1199,0.1396,combined,1.1047,7.8200,0.0492,-0.0534,0.0092
0.0799,2.2670,0.1851,turn,0.0000,6.8200,0.0000,nan,nan
0.0373,4.8316,0.1785,combined,0.4426,5.1200,0.0210,0.0199,0.0316
0.0168,0.6896,0.0405,stand,0.0000,6.6000,0.0000,nan,nan
0.1384,1.9101,0.1820,turn,0.0000,5.9400,0.0000,nan,nan
0.1275,2.7129,0.1278,turn,0.0000,5.5600,0.0000,nan,nan
0.1779,0.8233,0.0436,combined,2.0962,5.3800,0.1600,-0.0588,0.1679
0.2174,1.9299,0.2276,combined,1.2121,4.3200,0.2174,-0.2169,0.0157
0.0953,3.5213,0.0922,combined,1.5187,7.3400,0.0916,-0.0637,0.0709
0.0607,3.6001,0.2453,turn,0.0000,6.7600,0.0000,nan,nan
0.0474,2.1942,0.1754,lateral,1.0571,6.7000,0.0432,-0.0210,0.0426
0.1920,1.3453,0.0567,combined,1.9387,6.7800,0.1339,-0.0469,0.1862
0.0500,0.4219,0.0861,turn,0.0000,5.1800,0.0000,nan,nan
0.0799,0.6243,0.2497,straight,0.1255,5.0800,0.0234,0.0229,0.0765
0.1220,4.7111,0.1805,lateral,0.3488,5.4400,0.0151,0.1215,0.0105
0.0761,4.9222,0.2163,lateral,0.9069,6.1400,0.0331,0.0743,0.0164
0.1521,1.2726,0.1783,combined,2.3369,7.6000,0.1461,-0.0621,0.1388
0.0294,2.9802,0.0323,combined,1.9254,4.8000,0.0290,-0.0195,0.0219
0.0609,0.1217,0.0298,stand,0.0000,7.4200,0.0000,nan,nan
0.0853,0.1987,0.0333,stand,0.0000,5.4600,0.0000,nan,nan
0.0412,0.5130,0.1686,straight,1.2395,6.8600,0.0319,-0.0098,0.0400
0.0233,2.8398,0.0388,stand,0.0000,5.1400,0.0000,nan,nan
0.1060,3.3435,0.0811,combined,0.2214,7.9400,0.0754,0.0139,0.1051
0.1524,1.9780,0.1154,combined,1.0542,7.4800,0.1175,0.0714,0.1347
0.1712,0.3985,0.1244,combined,1.4956,4.8400,0.1619,-0.1681,0.0325
0.1037,1.3295,0.1667,straight,0.4269,5.0800,0.0133,0.1037,0.0030
0.0549,3.6377,0.0475,turn,0.0000,7.7200,0.0000,nan,nan
0.0023,0.3831,0.0211,stand,0.0000,4.8600,0.0000,nan,nan
0.1203,3.2605,0.2145,turn,0.0000,4.6800,0.0000,nan,nan
0.1144,6.3409,0.1074,straight,1.4313,6.7000,0.0691,0.0038,0.1144
0.0465,0.4222,0.2084,turn,0.0000,6.6600,0.0000,nan,nan
0.1472,1.0028,0.2541,turn,0.0000,6.0600,0.0000,nan,nan
0.0681,1.0915,0.2215,straight,0.5011,7.9200,0.0453,0.0313,0.0605
0.1230,0.7781,0.1925,combined,2.1331,7.1400,0.0599,0.1189,0.0314
0.0267,0.0008,0.2483,turn,0.0000,6.1600,0.0000,nan,nan
0.1373,2.3690,0.1337,straight,0.4383,7.8400,0.1336,-0.1270,0.0520
0.0319,2.0586,0.0687,turn,0.0000,6.9000,0.0000,nan,nan
0.1398,0.2514,0.1833,turn,0.0000,5.4600,0.0000,nan,nan
0.0975,1.4007,0.1397,lateral,1.2569,6.8200,0.0968,0.0408,0.0885
0.0195,0.8537,0.2140,combined,1.4051,5.7200,0.0104,0.0183,0.0069
0.0157,4.0444,0.0425,turn,0.0000,7.9000,0.0000,nan,nan
0.0770,0.7353,0.1789,combined,0.6993,6.9000,0.0638,-0.0759,0.0128
0.1964,2.9545,0.0532,turn,0.0000,7.4200,0.0000,nan,nan
0.0705,3.1465,0.1953,turn,0.0000,5.3200,0.0000,nan,nan
0.0520,3.5901,0.2202,straight,0.4634,6.3000,0.0262,0.0230,0.0466
0.0882,0.4146,0.0907,combined,2.1383,5.8600,0.0688,-0.0349,0.0810
0.0577,0.5449,0.0896,turn,0.0000,6.2400,0.0000,nan,nan
0.0716,0.8159,0.0500,lateral,1.1479,5.2800,0.0471,0.0431,0.0572
0.1938,1.9186,0.1764,turn,0.0000,7.0600,0.0000,nan,nan
0.1471,3.9167,0.1584,combined,1.7608,5.8800,0.1133,0.0625,0.1332
0.1522,0.0702,0.1553,lateral,1.1426,7.5400,0.0717,0.1362,0.0679
0.0572,2.3277,0.0442,combined,1.4698,5.4800,0.0571,-0.0563,0.0101
0.1560,3.4727,0.0922,combined,1.0013,5.8600,0.1323,-0.1019,0.1182
0.0592,0.1589,0.0330,stand,0.0000,5.4600,0.0000,nan,nan
0.0799,1.7809,0.0397,combined,1.9324,7.1600,0.0406,0.0540,0.0589
0.1322,6.5258,0.1726,combined,1.1469,7.7400,0.1156,-0.1125,0.0695
0.1645,2.3506,0.0209,turn,0.0000,7.3200,0.0000,nan,nan
0.1754,2.5028,0.0742,straight,1.6251,7.7800,0.0746,0.1124,0.1346
0.0240,3.7005,0.0177,lateral,0.0225,7.9600,0.0014,-0.0081,0.0226
0.0635,1.0649,0.1215,straight,1.1037,6.4400,0.0588,-0.0468,0.0428
0.1287,1.1645,0.0726,lateral,0.2653,4.2000,0.1056,0.0364,0.1234
0.1524,0.9115,0.2033,combined,1.8300,7.8800,0.0886,0.1469,0.0408
0.0919,0.4156,0.0455,combined,1.5329,6.3400,0.0889,-0.0892,0.0225
0.0549,3.3816,0.1413,combined,1.1468,7.2400,0.0189,0.0422,0.0352
0.1895,2.3591,0.1702,turn,0.0000,4.3800,0.0000,nan,nan
0.0257,1.0124,0.0915,combined,1.4527,6.3400,0.0152,0.0254,0.0042
0.0321,5.2770,0.0192,stand,0.0000,7.7200,0.0000,nan,nan
0.1535,2.0368,0.0950,turn,0.0000,6.3400,0.0000,nan,nan
0.0859,0.7353,0.1301,straight,0.8725,4.0000,0.0851,-0.0858,0.0040
0.0750,1.6644,0.2237,lateral,1.4841,6.8200,0.0123,0.0732,0.0160
0.0742,2.7778,0.0550,lateral,1.4306,7.3200,0.0614,-0.0608,0.0426
0.1141,0.2061,0.0651,combined,1.1735,7.3600,0.0875,-0.1119,0.0222
0.0848,3.3120,0.0376,straight,1.3001,5.8400,0.0847,-0.0402,0.0746
0.2132,0.3896,0.1212,turn,0.0000,7.0000,0.0000,nan,nan
0.0877,0.8926,0.0336,lateral,1.2523,5.9400,0.0629,-0.0865,0.0140
0.0598,0.3983,0.1184,turn,0.0000,5.7000,0.0000,nan,nan
0.1359,2.4332,0.1286,straight,0.3983,7.8800,0.0262,0.1174,0.0684
0.0781,1.2730,0.0730,lateral,0.1397,7.6000,0.0231,0.0731,0.0274
0.1411,3.0029,0.1082,lateral,0.5637,6.5000,0.1278,-0.0602,0.1276
0.0515,0.9233,0.1237,lateral,0.8737,6.1800,0.0156,0.0411,0.0310
0.0454,0.4881,0.0329,turn,0.0000,4.8200,0.0000,nan,nan
0.0628,1.6925,0.0996,turn,0.0000,5.8200,0.0000,nan,nan
0.1420,1.7892,0.0375,turn,0.0000,7.9600,0.0000,nan,nan
0.1070,3.3474,0.2314,combined,1.9722,6.7400,0.0902,-0.0403,0.0992
0.0883,0.3584,0.0642,combined,0.9454,4.7600,0.0791,-0.0460,0.0753
0.1630,3.7839,0.0260,combined,0.4239,6.0200,0.1462,-0.1268,0.1025
0.1271,1.4158,0.0215,combined,1.1976,7.2000,0.0847,0.1084,0.0663
0.0319,3.9685,0.1978,straight,0.8169,6.2200,0.0206,0.0094,0.0305
0.0210,0.9409,0.1917,combined,1.2745,6.3600,0.0210,-0.0210,0.0005
0.1472,1.1854,0.0135,combined,2.1985,7.0200,0.1263,0.0647,0.1322
0.0869,1.0364,0.0980,straight,1.8383,6.9600,0.0588,-0.0205,0.0844
0.0808,4.4503,0.0104,lateral,0.6642,4.7400,0.0634,-0.0730,0.0346
0.0630,5.5600,0.0263,stand,0.0000,7.8600,0.0000,nan,nan
0.0210,0.3317,0.0828,lateral,0.1190,4.3800,0.0027,0.0155,0.0142
0.0426,1.9006,0.1176,lateral,0.1638,6.3800,0.0426,-0.0388,0.0177
0.0972,4.5317,0.1857,lateral,1.0065,7.1800,0.0401,-0.0931,0.0279
0.0671,1.8147,0.0438,straight,1.5332,4.5000,0.0508,-0.0496,0.0451
0.1164,1.1599,0.0516,lateral,1.2307,4.8000,0.1058,-0.0862,0.0783
0.1799,6.2788,0.0961,straight,1.9846,5.4200,0.1157,0.0912,0.1551
0.0505,0.9484,0.1422,combined,0.7010,6.7600,0.0351,-0.0153,0.0482
0.0563,5.6740,0.2509,combined,1.8997,4.1800,0.0523,0.0399,0.0398
0.1307,3.8101,0.0207,lateral,1.4051,4.8200,0.1307,-0.1164,0.0594
0.0316,0.1604,0.0669,lateral,1.3111,4.1600,0.0228,0.0240,0.0206
0.0565,1.9731,0.2346,straight,1.5119,7.6400,0.0498,-0.0373,0.0425
0.1241,1.4646,0.1857,straight,0.6415,4.6200,0.0446,0.0971,0.0772
0.1132,2.4511,0.0189,straight,0.6528,6.7600,0.0362,0.0975,0.0575
0.0970,1.7264,0.1457,straight,0.8544,4.6800,0.0949,-0.0921,0.0304
0.0535,0.2532,0.0763,turn,0.0000,4.0200,0.0000,nan,nan
0.0350,2.5770,0.0405,stand,0.0000,6.9400,0.0000,nan,nan
0.0362,0.7226,0.0166,straight,0.0949,6.5000,0.0175,-0.0127,0.0338
0.1019,4.9819,0.2368,turn,0.0000,5.8200,0.0000,nan,nan
0.0787,0.3055,0.0032,combined,1.2667,7.2200,0.0167,0.0785,0.0064
0.0521,6.8169,0.2225,turn,0.0000,6.8000,0.0000,nan,nan
0.0520,0.7682,0.1904,lateral,1.4637,6.7600,0.0504,-0.0332,0.0400
0.0455,1.7343,0.0206,lateral,0.9488,7.3000,0.0194,-0.0223,0.0397
0.1639,0.3423,0.1419,straight,1.0298,5.7200,0.1592,-0.1604,0.0337
0.1129,2.3327,0.1857,straight,0.7422,7.8200,0.0426,0.0856,0.0737
0.1001,3.6653,0.1417,straight,0.3579,7.6200,0.0789,-0.0877,0.0482
0.0472,0.2639,0.1974,combined,0.6081,4.9800,0.0396,-0.0048,0.0470
0.0690,4.0646,0.0530,straight,1.4263,6.9400,0.0359,0.0653,0.0224
0.0574,2.5604,0.1541,lateral,1.4321,6.8000,0.0574,0.0164,0.0550
0.1868,4.5831,0.1347,combined,2.2954,4.7600,0.1868,-0.0773,0.1701
0.0738,3.3636,0.1014,straight,0.0513,7.7800,0.0353,-0.0592,0.0441
0.1666,3.9823,0.2119,combined,1.6711,7.8800,0.1293,-0.0616,0.1548
0.0386,1.4365,0.1226,turn,0.0000,4.4600,0.0000,nan,nan
0.1112,2.1271,0.1158,lateral,0.6402,4.7200,0.0975,0.0447,0.1019
0.0327,0.9993,0.0216,stand,0.0000,7.5000,0.0000,nan,nan
0.0312,3.2510,0.0295,combined,2.0570,4.3000,0.0263,0.0180,0.0255
0.0590,2.7885,0.0820,turn,0.0000,7.1000,0.0000,nan,nan
0.0682,2.8559,0.2538,turn,0.0000,7.8400,0.0000,nan,nan
0.1652,1.6890,0.0017,combined,1.8353,4.3600,0.1652,-0.1581,0.0480
0.1604,2.8802,0.2171,turn,0.0000,5.1000,0.0000,nan,nan
0.0266,0.5929,0.0847,lateral,1.2564,7.8000,0.0134,-0.0252,0.0085
0.0732,2.8526,0.0383,stand,0.0000,6.0400,0.0000,nan,nan
0.1271,3.3613,0.1481,lateral,0.0834,5.8400,0.0498,0.0836,0.0958
0.0393,1.1012,0.0223,turn,0.0000,5.3000,0.0000,nan,nan
0.1817,0.8110,0.0496,turn,0.0000,4.7000,0.0000,nan,nan
0.0713,4.5885,0.1874,combined,1.6530,7.3800,0.0008,0.0688,0.0188
0.1077,0.5038,0.2237,combined,2.2450,4.5200,0.0995,-0.0780,0.0743
0.0127,1.7314,0.0826,straight,0.1908,7.5200,0.0005,0.0126,0.0012
0.0630,2.5031,0.1560,combined,1.6657,5.2000,0.0072,0.0582,0.0242
0.0742,2.0597,0.1757,straight,0.8062,7.5600,0.0185,-0.0337,0.0661
0.1449,0.9087,0.1772,lateral,0.3587,5.8400,0.1339,-0.1335,0.0563
0.0985,3.5655,0.1687,straight,1.3530,4.8400,0.0856,-0.0064,0.0983
0.0355,0.7991,0.0450,stand,0.0000,4.3600,0.0000,nan,nan
0.0756,3.2285,0.1355,lateral,1.3776,4.4600,0.0237,0.0743,0.0143
0.1038,1.9999,0.1557,straight,1.5387,4.4800,0.0986,-0.0101,0.1034
0.0228,1.6168,0.1679,combined,1.9674,4.1800,0.0112,0.0130,0.0187
0.1255,1.3103,0.1170,combined,1.6574,4.7200,0.1097,-0.0721,0.1027
0.1384,3.0587,0.1519,lateral,0.1396,4.9000,0.0589,0.0777,0.1145
0.1020,2.6303,0.0576,straight,1.7980,4.6600,0.0940,-0.0921,0.0440
0.1491,1.9879,0.1735,turn,0.0000,4.6400,0.0000,nan,nan
0.0021,0.5370,0.1704,lateral,1.3234,7.5800,0.0003,-0.0021,0.0003
0.1136,0.2195,0.2362,combined,1.4653,6.5200,0.1090,-0.1120,0.0191
0.1570,4.0763,0.0369,straight,0.7393,5.9800,0.0693,0.0913,0.1277
0.1570,3.5062,0.0851,combined,0.4028,4.7000,0.1570,0.0223,0.1554
0.0381,0.1624,0.1952,turn,0.0000,7.1600,0.0000,nan,nan
0.0169,1.0891,0.2006,combined,1.7210,7.9800,0.0008,-0.0090,0.0143
0.0666,4.3495,0.1375,straight,0.1660,4.5400,0.0308,0.0016,0.0666
0.1526,3.2578,0.1323,turn,0.0000,5.8200,0.0000,nan,nan
0.0607,2.0912,0.1732,turn,0.0000,5.6200,0.0000,nan,nan
0.1230,1.4757,0.0195,combined,2.2201,5.1800,0.1230,-0.0616,0.1065
0.1503,4.5359,0.0879,combined,0.8940,6.2800,0.1416,-0.1214,0.0886
0.1923,0.0985,0.0408,lateral,0.3312,6.5400,0.1770,-0.1907,0.0244
0.1086,0.4402,0.1696,combined,0.9279,4.6000,0.0677,0.0395,0.1012
0.1048,3.0436,0.0632,stand,0.0000,5.7600,0.0000,nan,nan
0.0127,0.2873,0.0993,turn,0.0000,6.4800,0.0000,nan,nan
0.0285,0.3227,0.1541,straight,1.6355,5.2800,0.0219,0.0078,0.0274
0.0350,1.8820,0.0496,combined,1.2347,4.6000,0.0350,0.0073,0.0343
0.0816,0.2467,0.1115,combined,0.8034,6.5600,0.0794,-0.0567,0.0587
0.1079,1.3787,0.0186,combined,0.4052,6.5800,0.0479,-0.1002,0.0400
0.0937,3.4323,0.1610,combined,1.6875,6.8000,0.0819,0.0436,0.0829
0.1063,1.7637,0.1017,turn,0.0000,4.4800,0.0000,nan,nan
0.0185,0.2657,0.1604,combined,1.3335,4.9200,0.0053,0.0001,0.0185
0.1200,3.8669,0.1233,lateral,0.8199,7.8800,0.0985,-0.1185,0.0189
0.1416,0.7306,0.1608,straight,1.8482,4.6600,0.1181,-0.0604,0.1281
0.1028,6.0081,0.1793,lateral,0.9385,4.6800,0.0541,0.0743,0.0710
0.0415,2.0175,0.0283,combined,2.0262,4.6200,0.0415,-0.0376,0.0175
0.1154,2.3776,0.1413,turn,0.0000,7.0600,0.0000,nan,nan
0.1184,0.2878,0.0690,straight,0.9815,4.9200,0.1056,-0.0321,0.1139
0.1628,1.4359,0.1242,combined,1.2670,4.7000,0.1628,-0.1168,0.1134
0.1010,3.2779,0.0450,combined,1.9127,4.0400,0.1010,-0.0875,0.0504
0.0664,2.3741,0.2918,lateral,0.9610,4.7800,0.0626,-0.0197,0.0634
0.1024,2.5606,0.0131,straight,0.0474,5.1800,0.0179,0.0500,0.0894
0.0752,2.6325,0.1580,straight,1.8768,6.8800,0.0692,-0.0614,0.0433
0.0983,0.3187,0.0897,lateral,0.2943,4.1800,0.0983,-0.0982,0.0051
0.0866,1.1630,0.0407,combined,1.0474,6.3800,0.0864,-0.0864,0.0063
0.0733,1.2169,0.0564,turn,0.0000,4.9800,0.0000,nan,nan
0.0127,1.4032,0.0605,stand,0.0000,5.6800,0.0000,nan,nan
0.1987,1.3927,0.1508,combined,1.0562,6.4800,0.1661,0.0431,0.1939
0.0086,0.7703,0.0542,stand,0.0000,6.2600,0.0000,nan,nan
0.1044,1.0950,0.0855,combined,1.2772,5.8400,0.1035,-0.0451,0.0942
0.0599,0.8090,0.1083,straight,1.8763,4.7600,0.0594,-0.0193,0.0567
0.1365,0.5220,0.0959,lateral,1.3818,7.3000,0.0559,-0.1347,0.0222
0.0478,2.2022,0.0206,combined,1.1279,7.6400,0.0400,-0.0120,0.0462
0.0972,2.4897,0.0893,turn,0.0000,4.7200,0.0000,nan,nan
0.1526,5.0787,0.0680,turn,0.0000,6.4200,0.0000,nan,nan
0.1782,0.2495,0.1615,turn,0.0000,6.3800,0.0000,nan,nan
0.1476,0.2414,0.2056,combined,0.4916,7.9800,0.0731,0.1084,0.1002
0.1473,1.1586,0.2238,combined,0.3604,4.1400,0.1328,-0.1350,0.0591
0.0790,1.8429,0.0980,combined,0.1170,4.8200,0.0745,0.0146,0.0776
0.0948,0.8778,0.1598,straight,0.9710,5.1200,0.0433,0.0932,0.0174
0.0440,0.2568,0.1703,combined,1.0219,6.7600,0.0233,0.0224,0.0379
0.0879,1.4725,0.0835,lateral,0.1230,7.7400,0.0263,-0.0835,0.0274
0.0788,2.4193,0.2486,lateral,0.2603,6.1800,0.0685,-0.0686,0.0388
0.0348,1.0900,0.0745,turn,0.0000,4.6600,0.0000,nan,nan
0.0523,1.5483,0.0257,stand,0.0000,5.6000,0.0000,nan,nan
0.1661,2.6672,0.2118,combined,1.6802,5.3800,0.1486,-0.0714,0.1499
0.0811,1.6521,0.1404,lateral,0.0135,4.9400,0.0132,-0.0796,0.0156
0.0492,1.3416,0.1823,combined,1.3675,4.4000,0.0293,-0.0439,0.0223
0.0565,2.8444,0.0791,straight,0.5385,4.9600,0.0545,-0.0511,0.0240
0.0366,1.8064,0.0202,stand,0.0000,4.3800,0.0000,nan,nan
0.1152,0.1941,0.0526,straight,1.1018,5.8800,0.0439,0.0902,0.0716
0.0900,2.5399,0.1009,lateral,0.2516,6.5000,0.0426,0.0792,0.0427
0.0731,0.8382,0.1002,combined,0.6015,6.9400,0.0303,-0.0502,0.0532
0.1049,2.3678,0.1469,lateral,1.3908,4.8800,0.0942,-0.0361,0.0985
0.2277,1.2811,0.0563,lateral,1.4031,4.4000,0.2158,-0.2270,0.0171
0.0655,3.5497,0.0383,straight,0.4005,4.3800,0.0276,0.0431,0.0493
0.0935,1.4080,0.1505,turn,0.0000,5.7800,0.0000,nan,nan
0.0214,2.7120,0.0119,stand,0.0000,5.2800,0.0000,nan,nan
0.0791,0.1932,0.1891,straight,0.2088,4.9400,0.0579,0.0149,0.0777
0.0459,2.7770,0.1645,lateral,1.1054,5.7800,0.0379,0.0183,0.0420
0.0664,2.3342,0.0971,lateral,0.9390,7.1000,0.0641,-0.0633,0.0198
0.0321,0.3220,0.1966,combined,1.4382,7.4800,0.0297,-0.0214,0.0240
0.0625,0.4911,0.2233,combined,0.6653,5.6600,0.0337,0.0547,0.0303
0.0895,2.7962,0.1727,lateral,0.6378,6.4400,0.0772,-0.0828,0.0339
0.0145,0.7775,0.0179,stand,0.0000,5.6400,0.0000,nan,nan
0.0851,1.5341,0.1763,straight,1.0974,4.1800,0.0512,0.0278,0.0804
0.0900,1.5903,0.2126,turn,0.0000,7.0200,0.0000,nan,nan
0.1207,1.7828,0.2308,combined,1.4471,7.0000,0.0888,-0.0016,0.1207
0.0495,0.4259,0.0753,straight,1.8795,4.8200,0.0495,-0.0453,0.0199
0.1298,3.0266,0.1031,combined,1.2223,7.7200,0.1298,-0.0595,0.1154
0.0987,1.1184,0.0069,straight,0.5845,6.0600,0.0435,0.0987,0.0016
0.0993,0.8718,0.0213,stand,0.0000,7.2600,0.0000,nan,nan
0.0247,0.6595,0.0534,stand,0.0000,4.2200,0.0000,nan,nan
0.1132,1.6243,0.0544,turn,0.0000,6.0200,0.0000,nan,nan
0.0389,2.0026,0.0713,combined,0.4727,5.7400,0.0262,-0.0267,0.0283
0.0681,2.1975,0.1133,straight,1.9338,6.8600,0.0360,-0.0313,0.0605
0.1211,3.0482,0.1701,straight,1.7317,5.4400,0.1211,-0.1147,0.0387
0.1545,0.2000,0.1296,straight,1.7228,7.3000,0.0906,0.0243,0.1525
0.0578,0.3213,0.1152,turn,0.0000,5.3600,0.0000,nan,nan
0.1264,1.9183,0.0706,combined,2.0050,5.0200,0.1263,-0.0947,0.0838
0.1951,0.7313,0.1369,combined,1.9184,6.8400,0.1818,-0.0310,0.1926
0.0553,0.3706,0.1969,combined,1.9782,6.6800,0.0180,-0.0156,0.0530
0.0457,4.8960,0.0511,turn,0.0000,4.4200,0.0000,nan,nan
0.0909,0.8142,0.0580,straight,0.8519,7.0400,0.0909,0.0666,0.0618
0.0385,0.6476,0.1914,lateral,0.2235,4.3000,0.0361,0.0208,0.0324
0.1639,3.6725,0.2327,lateral,1.3243,6.9400,0.1163,0.1120,0.1197
0.0358,0.7655,0.0288,stand,0.0000,6.0200,0.0000,nan,nan
0.0435,1.8804,0.2012,combined,0.3539,5.3800,0.0145,0.0427,0.0083
0.0479,1.0198,0.1299,combined,1.4115,5.0200,0.0436,0.0404,0.0257
0.1743,1.7875,0.1870,straight,1.0436,4.5800,0.0122,0.1620,0.0645
0.2162,0.8140,0.0331,straight,0.6705,4.4600,0.2153,-0.1924,0.0985
0.0562,0.0212,0.0451,combined,1.8907,6.7600,0.0461,0.0470,0.0309
0.1242,2.1823,0.1479,straight,1.4735,4.0800,0.1180,-0.0324,0.1199
0.0506,0.6174,0.1863,turn,0.0000,7.0000,0.0000,nan,nan
0.1092,5.3388,0.1506,turn,0.0000,4.8800,0.0000,nan,nan
0.0982,1.0049,0.0301,straight,1.2119,4.4800,0.0657,0.0430,0.0883
0.1756,1.1253,0.0249,combined,1.9338,5.8400,0.1552,-0.1671,0.0537
0.0491,0.0964,0.1774,straight,0.8589,6.0000,0.0285,-0.0372,0.0320
0.0611,0.7080,0.0812,combined,1.6277,7.8600,0.0430,0.0141,0.0594
0.0928,2.2636,0.0556,lateral,1.0137,6.9400,0.0877,-0.0209,0.0904
0.1731,0.6527,0.2122,turn,0.0000,6.6800,0.0000,nan,nan
0.1108,0.5382,0.1727,combined,1.1185,6.7000,0.0989,-0.0780,0.0786
0.0949,1.3938,0.0071,combined,0.7324,5.3600,0.0829,0.0030,0.0949
0.0516,4.2200,0.0327,straight,0.2751,4.9000,0.0516,0.0091,0.0508
0.0752,2.7033,0.0463,straight,0.5530,5.0000,0.0085,0.0492,0.0569
0.0987,0.0581,0.0420,straight,0.0479,6.5600,0.0035,0.0523,0.0837
0.0179,1.2082,0.0156,lateral,1.0074,6.5000,0.0179,0.0135,0.0118
0.0417,2.2552,0.0243,lateral,0.5376,4.3800,0.0099,0.0414,0.0046
0.1269,0.1879,0.2053,turn,0.0000,4.2800,0.0000,nan,nan
0.0322,3.5548,0.2810,lateral,0.5838,6.9600,0.0008,-0.0037,0.0320
0.0258,0.7827,0.0678,turn,0.0000,6.4200,0.0000,nan,nan
0.1457,3.4558,0.0296,stand,0.0000,5.1400,0.0000,nan,nan
0.0776,1.5757,0.0976,straight,0.5636,7.0400,0.0416,0.0077,0.0772
0.2675,2.0781,0.0774,turn,0.0000,7.2000,0.0000,nan,nan
0.0562,0.3046,0.0961,turn,0.0000,6.4400,0.0000,nan,nan
0.0557,2.6000,0.1850,straight,1.4873,6.6200,0.0414,-0.0529,0.0172
0.1439,5.0467,0.1856,combined,0.8074,5.1400,0.0313,0.1439,0.0005
0.2071,4.6254,0.0555,combined,1.0789,4.6800,0.2071,-0.2032,0.0399
0.0337,4.2096,0.1509,lateral,0.8498,6.2600,0.0010,0.0297,0.0161
0.0725,5.1240,0.1107,combined,0.9722,4.6800,0.0725,-0.0403,0.0603
0.1152,3.8977,0.1386,combined,2.3665,7.4400,0.0129,0.1043,0.0489
0.0939,2.4118,0.0874,combined,1.7236,4.7000,0.0938,-0.0815,0.0467
0.0781,5.1871,0.1843,lateral,0.1753,4.3400,0.0530,-0.0054,0.0779
0.1747,1.8681,0.1910,lateral,1.4962,5.9000,0.1669,-0.0064,0.1746
0.1178,0.4924,0.1586,combined,0.2318,4.4600,0.0020,0.1071,0.0490
0.1313,0.6685,0.0564,stand,0.0000,5.7800,0.0000,nan,nan
0.0934,1.4618,0.0344,combined,1.6316,6.6800,0.0681,0.0199,0.0913
0.0784,2.2394,0.1998,straight,1.2535,7.9800,0.0048,0.0780,0.0073
0.0266,1.5797,0.1347,lateral,0.4546,5.3800,0.0262,-0.0259,0.0059
0.0865,3.7527,0.0633,combined,1.3981,5.9200,0.0846,-0.0550,0.0667
0.1410,2.5355,0.1552,combined,1.9540,6.6200,0.0746,0.0517,0.1312
0.0192,0.1294,0.0666,straight,0.0926,4.4400,0.0036,0.0174,0.0080
0.0459,1.8666,0.1814,lateral,0.4805,4.4600,0.0459,-0.0137,0.0438
0.1691,2.7160,0.0403,straight,0.9749,7.2200,0.1039,0.0797,0.1491
0.1107,0.9442,0.2128,straight,0.4513,7.8000,0.0886,0.0147,0.1097
0.0984,2.1703,0.1319,straight,1.0149,4.4400,0.0437,0.0619,0.0765
0.1313,3.9438,0.1426,lateral,0.8264,5.3800,0.0432,0.1257,0.0377
0.0703,4.2153,0.0483,combined,1.6014,6.9400,0.0553,-0.0284,0.0643
0.0540,3.6416,0.0825,turn,0.0000,7.7000,0.0000,nan,nan
0.0675,3.4282,0.0523,straight,0.9299,6.7400,0.0673,-0.0661,0.0136
0.0622,2.0897,0.0524,combined,1.3290,4.0400,0.0622,-0.0587,0.0205
0.0330,3.2580,0.1107,combined,0.4736,5.0400,0.0315,-0.0310,0.0112
0.1229,0.8378,0.0803,combined,1.2037,5.5800,0.1041,-0.1208,0.0226
0.0277,0.3678,0.1580,lateral,0.5158,6.6600,0.0167,0.0227,0.0159
0.0593,1.8485,0.0789,lateral,0.5198,5.5800,0.0468,-0.0572,0.0154
0.0827,0.6353,0.1803,turn,0.0000,4.7800,0.0000,nan,nan
0.0547,2.6342,0.2020,combined,2.1229,6.8200,0.0547,-0.0244,0.0490
0.1344,2.8801,0.2040,straight,0.6960,5.6200,0.1132,-0.0213,0.1327
0.0697,0.8057,0.0097,stand,0.0000,5.8600,0.0000,nan,nan
0.0689,5.0786,0.0532,straight,0.2944,7.4400,0.0579,-0.0456,0.0517
0.0811,0.6207,0.0934,straight,0.0010,7.5600,0.0010,nan,nan
0.0290,3.5902,0.0262,stand,0.0000,4.6000,0.0000,nan,nan
0.0034,0.6441,0.0261,stand,0.0000,7.8600,0.0000,nan,nan
0.1453,1.4714,0.0773,combined,0.9092,6.8800,0.1412,-0.1215,0.0798
0.0879,0.1044,0.0600,combined,1.7306,4.4000,0.0782,-0.0874,0.0099
0.0700,1.1100,0.0264,lateral,0.4603,5.8400,0.0664,-0.0530,0.0457
0.0319,0.2846,0.1038,lateral,0.1105,6.7600,0.0105,0.0319,0.0001
0.1490,5.5101,0.0488,lateral,0.7344,6.3200,0.0799,0.0937,0.1158
0.0491,4.1529,0.2819,turn,0.0000,5.4400,0.0000,nan,nan
0.1815,3.1855,0.1593,straight,0.6954,5.2200,0.1388,0.0847,0.1605
0.0922,7.5518,0.0285,lateral,0.0003,6.1400,0.0003,nan,nan
0.0452,1.1718,0.0090,stand,0.0000,7.0600,0.0000,nan,nan
0.0254,0.1754,0.2522,turn,0.0000,7.7400,0.0000,nan,nan
0.0848,1.6659,0.0369,straight,1.1170,7.9400,0.0274,0.0306,0.0791
0.0257,1.2449,0.2054,lateral,0.3822,6.9800,0.0104,0.0148,0.0209
0.0590,4.9265,0.2417,combined,1.1708,5.1400,0.0355,0.0100,0.0581
0.1038,1.9426,0.0743,combined,1.5381,6.9600,0.1038,-0.1014,0.0219
0.1154,1.7534,0.0231,combined,1.2735,7.3400,0.0232,0.0988,0.0595
0.1553,5.1024,0.1934,lateral,0.7833,6.3400,0.1370,-0.1519,0.0326
0.1278,4.0070,0.2419,lateral,0.3586,4.1000,0.0916,0.0488,0.1182
0.1091,2.7108,0.1719,lateral,1.1301,5.9800,0.0993,0.0250,0.1062
0.0714,0.0504,0.1879,combined,0.8769,7.6000,0.0098,0.0134,0.0701
0.0825,3.3412,0.1336,combined,0.8161,5.4800,0.0825,-0.0792,0.0229
0.1425,3.3074,0.1196,straight,0.8080,4.8000,0.1346,-0.1024,0.0991
0.0391,1.6304,0.1331,turn,0.0000,5.3600,0.0000,nan,nan
0.1880,0.8436,0.0200,turn,0.0000,7.1400,0.0000,nan,nan
0.1391,1.9989,0.0321,stand,0.0000,4.4400,0.0000,nan,nan
0.0256,0.9928,0.2063,straight,1.3637,4.4200,0.0256,-0.0034,0.0254
0.0873,1.5640,0.0464,turn,0.0000,5.8000,0.0000,nan,nan
0.0343,2.8007,0.1541,turn,0.0000,6.7400,0.0000,nan,nan
0.1159,3.5926,0.2376,combined,2.1876,7.1600,0.1159,-0.1045,0.0503
0.0658,2.8588,0.1926,lateral,0.5524,5.5800,0.0348,0.0554,0.0355
0.1158,3.2989,0.0110,lateral,0.0982,7.4400,0.0904,-0.0164,0.1146
0.0377,1.1206,0.2178,turn,0.0000,7.5600,0.0000,nan,nan
0.0731,1.7955,0.0676,turn,0.0000,7.6800,0.0000,nan,nan
0.1104,5.1210,0.0657,lateral,0.6569,7.8600,0.0928,-0.0715,0.0842
0.1060,0.3150,0.0091,stand,0.0000,6.1400,0.0000,nan,nan
0.0618,0.1161,0.2130,combined,1.0663,6.6600,0.0236,0.0512,0.0347
0.0628,3.3707,0.1767,combined,1.1651,6.6600,0.0291,0.0561,0.0282
0.1878,0.6299,0.0685,straight,1.5424,5.6600,0.0624,0.1850,0.0327
0.0379,1.0555,0.0601,combined,2.1547,4.2600,0.0379,-0.0165,0.0342
0.0630,3.0871,0.1051,combined,0.1493,5.3400,0.0487,-0.0593,0.0212
0.0913,2.4483,0.1535,combined,1.9627,6.9800,0.0691,0.0094,0.0908
0.1348,3.2611,0.0964,combined,1.4829,7.7600,0.1348,-0.0298,0.1315
0.0985,2.9455,0.0865,straight,0.3849,7.6800,0.0928,0.0214,0.0961
0.1325,0.2218,0.0742,turn,0.0000,6.8000,0.0000,nan,nan
0.1539,2.2064,0.2018,straight,1.6545,7.2600,0.1153,-0.0680,0.1381
0.1203,1.8112,0.1715,straight,1.4551,6.4400,0.0957,-0.0481,0.1103
0.0600,2.1606,0.1446,turn,0.0000,7.7200,0.0000,nan,nan
0.0457,1.9693,0.0120,combined,0.8427,4.5800,0.0418,-0.0407,0.0207
0.1202,0.7650,0.2285,straight,0.4710,6.0400,0.0386,0.0894,0.0804
0.1223,2.7719,0.1742,straight,0.4467,5.9800,0.1156,-0.1177,0.0330
0.1226,8.0628,0.0366,combined,1.3809,7.7800,0.1125,-0.1197,0.0262
0.0678,4.0983,0.0582,combined,1.5626,6.0400,0.0259,0.0617,0.0283
0.1046,0.0236,0.2158,turn,0.0000,6.8800,0.0000,nan,nan
0.0096,1.9099,0.0387,turn,0.0000,7.9200,0.0000,nan,nan
0.0578,2.7178,0.0396,combined,1.8902,4.2600,0.0571,0.0531,0.0228
0.0317,1.4525,0.1727,lateral,0.1076,7.9200,0.0039,0.0008,0.0317
0.1809,4.7320,0.0088,combined,1.2243,6.4600,0.1799,-0.1782,0.0314
0.0320,4.4236,0.0023,stand,0.0000,4.6800,0.0000,nan,nan
0.0852,0.3169,0.0866,combined,2.1200,6.7200,0.0162,0.0814,0.0250
0.0372,2.4112,0.0689,combined,0.6640,5.4600,0.0322,-0.0222,0.0299
0.0439,2.2761,0.0914,combined,1.4548,4.8800,0.0254,0.0150,0.0412
0.0816,3.5111,0.1056,lateral,0.7936,7.8600,0.0671,-0.0355,0.0735
0.0011,0.1178,0.0262,stand,0.0000,5.8800,0.0000,nan,nan
0.0630,2.5672,0.1001,combined,1.5708,4.2200,0.0630,0.0056,0.0628
0.0260,0.8140,0.1951,combined,1.2285,5.2600,0.0127,0.0210,0.0154
0.1447,3.8696,0.0793,lateral,0.3946,5.7000,0.1265,-0.1246,0.0735
0.1128,1.8882,0.1572,combined,1.6755,4.8800,0.0721,0.0875,0.0711
0.1345,0.4105,0.1542,combined,1.9827,5.9800,0.1072,0.0055,0.1344
0.0616,4.7230,0.2337,straight,1.7783,6.7000,0.0115,0.0586,0.0188
0.1412,0.2169,0.1232,lateral,0.4586,4.2400,0.1056,0.0783,0.1175
0.1406,3.0631,0.1468,turn,0.0000,7.2200,0.0000,nan,nan
0.1753,1.0279,0.0512,combined,0.8958,5.4400,0.1715,-0.1593,0.0732
0.1398,3.6431,0.0191,combined,1.9913,5.3000,0.1273,0.0473,0.1316
0.1009,3.2013,0.1810,straight,0.4432,4.8400,0.0874,0.0167,0.0995
0.0861,6.2774,0.0309,turn,0.0000,5.9200,0.0000,nan,nan
0.1026,0.6761,0.0929,combined,1.4590,7.2000,0.0821,0.0359,0.0961
0.1888,1.9055,0.1073,lateral,0.5754,6.2600,0.1685,-0.0053,0.1887
0.1432,0.3662,0.1956,combined,1.2693,7.5800,0.1432,-0.0709,0.1244
0.1134,2.5569,0.1994,combined,0.9459,6.9400,0.0461,0.1023,0.0491
0.1089,1.8871,0.1332,combined,1.8548,5.3000,0.1022,-0.0786,0.0753
0.1049,0.9460,0.1666,combined,1.7815,4.8200,0.0992,-0.1043,0.0109
0.1444,1.7770,0.0850,straight,1.3443,4.9000,0.0916,0.0051,0.1443
0.0308,1.5798,0.0306,stand,0.0000,7.6800,0.0000,nan,nan
0.1055,2.9280,0.0285,stand,0.0000,4.7200,0.0000,nan,nan
0.3235,3.7228,0.1770,combined,2.1488,4.3200,0.3218,-0.3104,0.0909
0.0713,5.3412,0.2146,lateral,1.1273,4.3800,0.0713,-0.0530,0.0478
0.0299,1.4650,0.1696,lateral,1.4859,6.0200,0.0277,0.0058,0.0294
0.1264,2.1096,0.0796,turn,0.0000,7.2600,0.0000,nan,nan
0.0333,0.3692,0.2235,straight,1.3079,6.0800,0.0333,-0.0305,0.0134
0.1872,0.5446,0.0292,turn,0.0000,6.5800,0.0000,nan,nan
0.0487,1.0186,0.0801,lateral,0.7719,7.9200,0.0286,-0.0485,0.0049
0.0813,3.3942,0.0684,lateral,0.5805,7.9600,0.0107,0.0744,0.0329
0.0689,2.6122,0.0226,straight,0.8210,5.7600,0.0593,-0.0179,0.0665
0.1258,3.7982,0.0094,combined,1.0434,5.4800,0.1258,0.0095,0.1254
0.1224,1.7448,0.1001,combined,1.7220,5.3400,0.1156,0.0478,0.1126
0.0318,1.6687,0.0466,combined,0.9818,6.7600,0.0038,0.0212,0.0237
0.1507,1.9610,0.1088,lateral,0.1671,5.2600,0.1280,-0.1019,0.1110
0.0932,4.2502,0.0468,turn,0.0000,6.7400,0.0000,nan,nan
0.0900,0.6112,0.2651,combined,1.5036,4.6000,0.0116,0.0874,0.0212
0.0933,0.8037,0.2138,combined,0.8999,5.7000,0.0930,-0.0812,0.0461
0.0514,1.2369,0.2144,straight,0.6307,4.8800,0.0397,-0.0166,0.0487
0.1145,1.6541,0.0148,stand,0.0000,7.8600,0.0000,nan,nan
0.0756,0.7298,0.1578,lateral,0.1835,4.9000,0.0244,0.0599,0.0462
0.0354,2.3392,0.0203,stand,0.0000,6.9000,0.0000,nan,nan
0.0626,1.5120,0.0270,lateral,1.3285,7.2400,0.0480,0.0451,0.0435
0.1319,2.5146,0.1192,lateral,0.6520,6.3600,0.1023,-0.0987,0.0875
0.1862,6.4616,0.0259,straight,1.5733,4.9200,0.1862,-0.1112,0.1493
0.0362,3.4871,0.0141,combined,0.1616,4.3400,0.0112,0.0335,0.0138
0.2407,4.6744,0.0433,combined,0.5555,6.2200,0.2201,-0.2249,0.0858
0.0528,0.1129,0.1775,combined,0.4662,4.9400,0.0230,0.0507,0.0149
0.0292,0.9347,0.0587,straight,0.9437,7.9600,0.0292,-0.0282,0.0075
0.0902,3.1390,0.1992,straight,1.5222,7.5000,0.0151,0.0791,0.0433
0.0538,0.6610,0.0791,turn,0.0000,6.2000,0.0000,nan,nan
0.1006,1.9622,0.0603,straight,1.5253,6.9000,0.0730,-0.0607,0.0802
0.1195,1.8828,0.0497,combined,1.4849,5.9200,0.1071,-0.0297,0.1157
0.0635,0.6209,0.1770,combined,1.3792,4.6200,0.0209,0.0629,0.0084
0.1385,0.4651,0.1971,lateral,0.2931,7.2400,0.1285,-0.1382,0.0088
0.0298,1.3505,0.2616,combined,2.2411,6.1400,0.0121,-0.0150,0.0257
0.1374,1.3901,0.0340,turn,0.0000,6.9600,0.0000,nan,nan
0.0860,1.1428,0.1574,lateral,0.8112,5.3800,0.0800,0.0183,0.0841
0.1001,5.9816,0.0876,lateral,1.0953,7.5200,0.0595,0.0476,0.0881
0.0831,0.6282,0.2192,straight,1.7926,6.2200,0.0715,-0.0070,0.0828
0.0345,3.7303,0.0609,turn,0.0000,4.4800,0.0000,nan,nan
0.1458,1.1074,0.1873,straight,1.5697,5.6200,0.0377,0.0307,0.1425
0.1362,0.2921,0.0693,turn,0.0000,6.8200,0.0000,nan,nan
0.1056,1.5050,0.0102,lateral,0.0937,4.5800,0.0167,0.1053,0.0070
0.1563,1.1825,0.1210,lateral,1.0316,7.1200,0.0643,0.1424,0.0643
0.0934,3.4875,0.0903,turn,0.0000,5.1000,0.0000,nan,nan
0.0624,0.9076,0.0253,stand,0.0000,5.6800,0.0000,nan,nan
0.0469,0.6775,0.0131,straight,0.0087,4.3600,0.0013,0.0463,0.0078
0.0645,3.1695,0.1162,straight,1.3177,7.9600,0.0627,-0.0546,0.0344
0.0706,3.7262,0.1029,straight,0.6554,7.0600,0.0447,-0.0088,0.0700
0.0955,2.3953,0.1614,turn,0.0000,4.8400,0.0000,nan,nan
0.0424,1.8548,0.0836,lateral,0.0767,6.2400,0.0274,0.0312,0.0287
0.1500,1.6444,0.0405,turn,0.0000,4.1000,0.0000,nan,nan
0.0592,3.6423,0.1508,combined,0.4239,5.2000,0.0592,-0.0540,0.0242
0.0897,2.3989,0.1282,straight,0.0836,5.6200,0.0644,-0.0697,0.0565
0.1367,1.4665,0.2037,straight,0.0750,4.5200,0.0413,-0.0091,0.1364
0.1113,2.1112,0.2224,lateral,0.2699,5.5600,0.0110,0.0943,0.0592
0.1787,1.1205,0.0306,combined,1.5828,6.2800,0.1775,0.0967,0.1503
0.0734,0.6354,0.1937,straight,1.8359,4.9200,0.0729,-0.0732,0.0056
0.1152,2.4632,0.1433,lateral,0.0510,6.8600,0.0344,-0.1131,0.0219
0.0491,1.3744,0.1715,turn,0.0000,4.4000,0.0000,nan,nan
0.0920,1.4541,0.1190,combined,2.0188,7.2800,0.0905,-0.0751,0.0532
0.1157,4.9655,0.2023,straight,0.3802,6.5600,0.0283,0.0948,0.0664
0.0985,1.9843,0.1499,combined,1.8045,5.8200,0.0198,0.0962,0.0214
0.0468,3.4235,0.1763,lateral,0.8460,5.8000,0.0443,0.0251,0.0395
0.0579,4.4692,0.0296,lateral,0.6069,6.3000,0.0231,0.0527,0.0240
0.0275,0.1317,0.0303,straight,1.3908,4.7600,0.0275,0.0274,0.0031
0.1823,2.5045,0.0274,straight,0.4220,6.7800,0.0844,0.0855,0.1610
0.0735,4.5276,0.1962,straight,0.5271,4.3200,0.0702,-0.0700,0.0223
0.0264,2.3233,0.1615,combined,1.6485,4.4200,0.0026,0.0257,0.0060
0.0637,1.4784,0.0092,combined,1.0934,6.4600,0.0519,-0.0619,0.0151
0.0621,1.2040,0.1143,combined,1.7038,4.4000,0.0621,-0.0574,0.0237
0.0834,0.6430,0.1270,combined,1.0879,5.9800,0.0818,-0.0436,0.0711
0.1144,0.3182,0.1447,straight,1.3128,5.3800,0.0679,-0.0158,0.1133
0.0870,1.9248,0.0748,straight,0.2308,5.1400,0.0734,-0.0788,0.0369
0.2182,0.0607,0.0762,combined,1.1961,7.2400,0.1817,-0.1666,0.1408
0.1059,4.6136,0.0258,straight,1.1889,4.8200,0.1059,-0.0724,0.0773
0.1270,0.9381,0.0959,turn,0.0000,6.6000,0.0000,nan,nan
0.1253,1.6482,0.0192,stand,0.0000,5.0600,0.0000,nan,nan
0.0133,0.2542,0.1817,lateral,0.1683,7.1000,0.0010,0.0010,0.0133
0.0638,3.4858,0.0290,straight,1.6397,7.7200,0.0637,0.0381,0.0512
0.0119,1.1666,0.0155,stand,0.0000,6.7600,0.0000,nan,nan
0.1572,1.3361,0.0989,turn,0.0000,4.4000,0.0000,nan,nan
0.0777,4.1660,0.0206,stand,0.0000,7.2800,0.0000,nan,nan
0.1056,3.7997,0.2266,turn,0.0000,6.1000,0.0000,nan,nan
0.1244,2.1191,0.2268,straight,0.7981,5.8200,0.1169,-0.0832,0.0924
0.1244,2.7170,0.0703,combined,1.4459,7.7600,0.1000,0.0946,0.0807
0.1449,0.9908,0.1670,combined,1.2117,6.6000,0.0605,0.1109,0.0933
0.0855,3.7385,0.0664,combined,0.5564,6.9600,0.0748,-0.0688,0.0508
0.1051,0.3101,0.0530,turn,0.0000,7.7600,0.0000,nan,nan
0.0220,2.0751,0.2256,straight,1.1263,5.0000,0.0119,-0.0181,0.0125
0.1684,2.9966,0.0461,combined,1.9422,7.6000,0.1297,-0.1418,0.0908
0.0325,4.7024,0.1281,straight,1.4688,4.8800,0.0310,-0.0119,0.0302
0.0589,2.6446,0.0562,combined,2.4092,4.7000,0.0063,0.0340,0.0481
0.2038,1.8135,0.0899,turn,0.0000,7.6800,0.0000,nan,nan
0.0489,3.5135,0.1710,turn,0.0000,4.6400,0.0000,nan,nan
0.1332,2.4099,0.0916,combined,0.9324,4.4400,0.0514,0.1233,0.0503
0.0565,0.7695,0.2347,turn,0.0000,5.9800,0.0000,nan,nan
0.1898,0.6866,0.0272,straight,0.8675,5.4200,0.1856,-0.1895,0.0115
0.1072,0.1381,0.1075,combined,1.6160,6.1200,0.0721,-0.0008,0.1072
0.0961,1.3273,0.1098,straight,1.2389,7.2600,0.0735,0.0148,0.0949
0.0525,2.2556,0.0647,straight,0.1385,6.1200,0.0341,-0.0516,0.0096
0.0145,0.5939,0.1474,turn,0.0000,4.4000,0.0000,nan,nan
0.1251,0.0641,0.0481,straight,0.7297,4.8000,0.0872,0.0300,0.1214
0.0639,1.3430,0.0154,stand,0.0000,4.3400,0.0000,nan,nan
0.0130,3.7408,0.1395,combined,0.4995,7.6600,0.0044,-0.0075,0.0106
0.0696,2.6204,0.0199,lateral,0.9142,6.5000,0.0573,-0.0396,0.0573
0.1596,3.1276,0.0672,combined,2.4074,6.8000,0.1553,-0.1564,0.0314
0.0538,2.8879,0.2283,combined,0.9180,6.9400,0.0060,0.0501,0.0196
0.0387,1.8122,0.0100,straight,0.5561,5.2600,0.0136,-0.0086,0.0377
0.1302,1.0071,0.0608,straight,0.8315,6.0800,0.1045,0.0502,0.1202
0.1177,0.3393,0.0703,lateral,1.3214,7.9800,0.0853,0.0995,0.0630
0.0328,5.3345,0.0883,turn,0.0000,4.7200,0.0000,nan,nan
0.1128,3.6064,0.1023,combined,1.8069,6.4200,0.0867,0.0871,0.0717
0.0212,2.8571,0.0338,combined,0.3630,4.9200,0.0051,-0.0211,0.0025
0.0961,0.4848,0.0760,straight,0.9960,4.4600,0.0675,-0.0496,0.0823
0.1194,4.5508,0.1531,turn,0.0000,4.4200,0.0000,nan,nan
0.0818,4.0704,0.1049,straight,0.2343,7.7200,0.0348,0.0573,0.0584
0.0759,2.2781,0.0374,turn,0.0000,5.9000,0.0000,nan,nan
0.1089,0.7586,0.0399,stand,0.0000,6.6000,0.0000,nan,nan
0.1308,1.7511,0.0355,straight,0.4137,6.9800,0.1040,-0.0296,0.1274
0.0300,4.0671,0.1908,lateral,0.3111,4.7200,0.0006,0.0295,0.0053
0.0609,0.2953,0.0573,combined,1.8487,4.3000,0.0609,0.0069,0.0605
0.0561,2.3640,0.0988,turn,0.0000,5.7000,0.0000,nan,nan
0.0815,4.4807,0.2095,turn,0.0000,6.5400,0.0000,nan,nan
0.0985,4.4847,0.0771,straight,0.7417,5.4800,0.0915,-0.0956,0.0240
0.1043,2.6264,0.1456,turn,0.0000,5.9600,0.0000,nan,nan
0.0469,0.1574,0.0905,turn,0.0000,7.5000,0.0000,nan,nan
0.1504,5.1343,0.1679,combined,1.7363,4.8200,0.1456,-0.1035,0.1092
0.0368,0.9245,0.0136,lateral,0.9922,5.3800,0.0159,-0.0367,0.0028
0.0515,3.8054,0.1645,lateral,0.8524,5.3800,0.0463,-0.0437,0.0273
0.1894,7.2346,0.1841,lateral,0.8441,4.8400,0.1894,-0.1224,0.1446
0.0986,0.2831,0.2093,combined,1.7904,4.0400,0.0464,0.0392,0.0905
0.0630,0.3606,0.0289,combined,1.7275,7.1000,0.0610,-0.0588,0.0228
0.0890,0.3199,0.0589,turn,0.0000,7.6800,0.0000,nan,nan
0.0414,2.3770,0.2045,lateral,0.0680,5.1400,0.0138,0.0087,0.0405
0.1164,7.2334,0.0511,turn,0.0000,5.0600,0.0000,nan,nan
0.1047,1.5246,0.1142,straight,1.1487,4.3400,0.0776,0.1044,0.0074
0.0262,0.6910,0.1872,turn,0.0000,6.8400,0.0000,nan,nan
0.0865,3.8042,0.1161,lateral,1.1118,7.2600,0.0830,-0.0860,0.0096
0.0174,3.2973,0.1884,lateral,0.2350,4.5800,0.0087,-0.0151,0.0087
0.0255,1.0073,0.0512,combined,1.5948,6.7200,0.0245,-0.0177,0.0184
0.0576,4.9554,0.1601,straight,0.5438,5.3000,0.0576,-0.0551,0.0170
0.1755,4.6424,0.0360,combined,1.2965,5.9600,0.1340,0.1233,0.1250
0.0350,1.0356,0.0235,stand,0.0000,6.4600,0.0000,nan,nan
0.0706,0.1146,0.2509,combined,1.4874,5.6800,0.0706,-0.0701,0.0086
0.0400,1.1066,0.1813,turn,0.0000,6.3000,0.0000,nan,nan
0.0659,1.1155,0.0277,straight,1.4499,6.7000,0.0578,-0.0347,0.0561
0.0296,1.1420,0.1175,straight,1.4239,7.7600,0.0022,-0.0039,0.0293
0.0593,2.8295,0.0841,lateral,0.6194,7.9000,0.0319,-0.0588,0.0079
0.1602,1.0243,0.1963,combined,1.5379,4.1400,0.1485,-0.1585,0.0231
0.0753,0.3020,0.0837,lateral,0.8754,6.4600,0.0717,-0.0134,0.0741
0.0751,4.0274,0.0912,lateral,0.8637,5.1000,0.0131,0.0742,0.0119
0.1674,0.1144,0.0606,combined,1.0716,4.5800,0.1510,-0.1668,0.0141
0.1517,0.0127,0.0457,straight,0.6494,6.2600,0.1301,-0.0685,0.1354
0.0679,0.6277,0.0593,combined,2.3315,7.1000,0.0620,-0.0629,0.0254
0.1172,6.3529,0.1551,combined,2.0297,4.7000,0.0975,0.0328,0.1125
0.0645,2.6330,0.1091,lateral,0.8682,5.2800,0.0645,-0.0610,0.0211
0.0478,1.5469,0.2194,turn,0.0000,6.1400,0.0000,nan,nan
0.1150,0.7601,0.0258,combined,1.6776,6.4000,0.1148,-0.1144,0.0114
0.1571,2.2602,0.1950,combined,1.8265,6.5000,0.1492,-0.0065,0.1569
0.2722,1.4419,0.0672,turn,0.0000,6.6600,0.0000,nan,nan
0.0417,1.0253,0.0148,stand,0.0000,7.5800,0.0000,nan,nan
0.0409,4.4932,0.0300,lateral,0.6257,5.1600,0.0409,-0.0066,0.0404
0.0978,1.6765,0.1134,lateral,0.5151,7.7200,0.0690,-0.0568,0.0795
0.0545,0.4854,0.1429,lateral,1.1889,6.1200,0.0427,-0.0281,0.0466
0.0666,3.4626,0.0523,combined,1.2906,4.5800,0.0666,-0.0601,0.0287
0.0741,0.3759,0.0318,combined,1.6902,7.7000,0.0310,0.0693,0.0261
0.0765,2.6864,0.1271,combined,1.9751,6.4800,0.0758,-0.0317,0.0696
0.0240,1.5467,0.0257,turn,0.0000,7.8000,0.0000,nan,nan
0.1566,4.3667,0.0939,turn,0.0000,4.3400,0.0000,nan,nan
0.1354,1.7357,0.1113,combined,1.0686,5.3000,0.0287,0.1354,0.0005
0.1737,1.1814,0.0801,straight,1.6223,4.2000,0.1039,0.1702,0.0346
0.2484,2.0365,0.0802,combined,1.1285,7.4400,0.1974,0.1434,0.2028
0.1339,1.8375,0.1190,turn,0.0000,4.2200,0.0000,nan,nan
0.0600,0.4466,0.0204,lateral,0.3304,7.1400,0.0208,0.0546,0.0250
0.0823,0.7950,0.1807,turn,0.0000,7.2200,0.0000,nan,nan
0.0562,3.6478,0.0324,combined,0.2546,6.6600,0.0487,-0.0512,0.0233
0.0377,1.3279,0.0861,combined,2.2047,6.3600,0.0029,0.0377,0.0005
0.1060,0.4919,0.1897,turn,0.0000,5.6400,0.0000,nan,nan
0.0399,0.6592,0.0998,lateral,1.3019,6.5600,0.0293,0.0337,0.0212
0.1379,3.6045,0.0948,turn,0.0000,5.9200,0.0000,nan,nan
0.0709,0.2954,0.0235,stand,0.0000,5.3200,0.0000,nan,nan
0.0984,0.3309,0.2466,lateral,0.9344,5.6000,0.0944,-0.0826,0.0536
0.1891,2.7851,0.2704,combined,1.6924,7.9600,0.0658,0.1600,0.1008
0.0162,3.0614,0.2086,turn,0.0000,5.7200,0.0000,nan,nan
0.0371,1.8909,0.0977,combined,0.3564,4.0600,0.0371,-0.0240,0.0283
0.1108,3.1851,0.2054,straight,0.1093,5.3600,0.0152,0.0853,0.0707
0.0200,1.8388,0.0069,stand,0.0000,6.0200,0.0000,nan,nan
0.1751,3.4030,0.1802,combined,2.0672,5.0600,0.1700,-0.0342,0.1717
0.1063,2.7282,0.0400,stand,0.0000,6.3000,0.0000,nan,nan
0.2357,3.7980,0.0321,straight,1.5431,7.9000,0.1232,0.1329,0.1946
0.0513,1.7577,0.1714,combined,1.9327,7.2800,0.0197,-0.0511,0.0042
0.1766,3.6413,0.0178,straight,1.8243,7.0200,0.1154,0.1000,0.1456
0.0397,2.9424,0.0483,straight,1.3270,5.4400,0.0385,-0.0393,0.0051
0.1363,2.7187,0.0612,lateral,0.9868,5.7000,0.1137,-0.1361,0.0073
0.1149,3.9654,0.1662,combined,1.8280,7.7400,0.0871,-0.0185,0.1134
0.0949,0.5910,0.0234,straight,1.0525,7.6600,0.0773,0.0457,0.0832
0.0744,2.9670,0.0734,combined,1.8659,6.5800,0.0332,0.0743,0.0030
0.1032,0.5947,0.0852,combined,0.3846,5.6000,0.0105,0.0440,0.0933
0.2089,1.5810,0.1874,lateral,0.3078,7.9400,0.1344,0.0958,0.1856
0.0397,0.2514,0.0390,lateral,1.0935,5.0800,0.0126,-0.0389,0.0078
0.0830,2.4867,0.1831,straight,1.9474,7.1000,0.0761,-0.0800,0.0220
0.0855,2.5169,0.0712,combined,1.1945,4.0000,0.0811,-0.0550,0.0655
0.1303,1.1863,0.2531,combined,2.0439,5.6000,0.1225,-0.1280,0.0243
0.1173,3.1540,0.2109,straight,1.2367,7.8400,0.1169,-0.1144,0.0259
0.1010,2.3321,0.2075,combined,0.5116,5.3800,0.0952,-0.0216,0.0986
0.0457,0.3193,0.1360,straight,1.2932,6.2800,0.0457,0.0122,0.0441
0.0255,1.1621,0.1719,lateral,0.1996,6.6000,0.0049,0.0048,0.0251
0.0873,6.9008,0.0650,combined,0.3518,6.1200,0.0020,0.0862,0.0135
0.0539,1.6226,0.0850,lateral,0.5918,4.6000,0.0374,0.0171,0.0511
0.0684,2.4017,0.0108,lateral,0.2539,7.7000,0.0006,-0.0668,0.0145
0.1218,4.4351,0.1617,combined,0.7818,6.6200,0.1115,-0.0135,0.1211
0.0691,2.4687,0.2056,combined,1.4432,6.5000,0.0650,-0.0271,0.0636
0.0950,3.1971,0.0280,stand,0.0000,4.0800,0.0000,nan,nan
0.1163,2.0194,0.1111,combined,0.3092,6.0600,0.0962,-0.0480,0.1060
0.1212,2.6612,0.1572,combined,1.3318,7.8600,0.1045,-0.1206,0.0121
0.1214,1.5318,0.0883,straight,1.6036,5.5600,0.1214,-0.1208,0.0120
0.0340,2.3881,0.0051,stand,0.0000,7.1600,0.0000,nan,nan
0.1081,5.7673,0.0995,straight,0.8892,5.9400,0.0967,0.0559,0.0925
0.1795,1.9742,0.0227,lateral,0.7441,4.7800,0.0116,0.1790,0.0122
0.0979,0.8007,0.1295,lateral,0.0564,7.7800,0.0486,0.0821,0.0533
0.0665,4.1314,0.1692,turn,0.0000,6.7600,0.0000,nan,nan
0.0331,1.7991,0.0079,stand,0.0000,4.9200,0.0000,nan,nan
0.0661,0.2084,0.1824,lateral,0.2967,7.0600,0.0303,0.0658,0.0064
0.0746,0.9893,0.0325,turn,0.0000,7.2200,0.0000,nan,nan
0.0789,0.1255,0.0356,combined,1.3600,7.7200,0.0221,0.0456,0.0644
0.0245,1.0726,0.0284,combined,1.9984,7.7400,0.0218,-0.0245,0.0011
0.0163,1.5628,0.1205,lateral,0.0408,6.5400,0.0121,0.0045,0.0157
0.1515,0.4947,0.0032,combined,0.7888,7.2800,0.1385,-0.0287,0.1487
0.1171,2.2103,0.1870,turn,0.0000,6.2800,0.0000,nan,nan
0.1974,1.8716,0.0244,straight,0.9480,4.6000,0.1578,0.0174,0.1966
0.0427,1.9949,0.0312,stand,0.0000,6.9000,0.0000,nan,nan
0.1093,1.4140,0.0298,lateral,0.7805,7.4800,0.0629,0.0639,0.0887
0.0083,0.0800,0.0706,stand,0.0000,4.4200,0.0000,nan,nan
0.0885,3.1473,0.0508,lateral,1.3912,5.6800,0.0885,-0.0375,0.0802
0.1616,1.6093,0.0906,combined,1.4049,7.9400,0.1242,-0.1289,0.0974
0.0479,1.0602,0.0949,turn,0.0000,4.6200,0.0000,nan,nan
0.0963,0.1655,0.0224,stand,0.0000,5.9200,0.0000,nan,nan
0.0734,0.7758,0.0872,turn,0.0000,4.9200,0.0000,nan,nan
0.0866,3.4524,0.0802,turn,0.0000,6.7600,0.0000,nan,nan
0.1960,4.0466,0.2110,lateral,1.1745,7.4600,0.0679,0.1566,0.1179
0.0385,0.8927,0.0083,combined,0.1839,4.7600,0.0355,0.0291,0.0252
0.0579,1.2482,0.0187,stand,0.0000,5.9200,0.0000,nan,nan
0.0774,1.6582,0.1094,lateral,0.7080,6.0400,0.0570,0.0662,0.0401
0.0600,1.4220,0.0274,combined,0.3871,7.9800,0.0149,0.0478,0.0363
0.0512,2.5215,0.0414,lateral,0.3690,4.3600,0.0446,-0.0150,0.0490
0.0240,1.2652,0.0426,turn,0.0000,4.9600,0.0000,nan,nan
0.0426,3.4346,0.1880,straight,1.1004,6.4800,0.0346,-0.0138,0.0403
0.0844,0.3747,0.1518,turn,0.0000,4.8800,0.0000,nan,nan
0.1179,3.6586,0.0434,combined,1.1833,7.4600,0.0598,0.0233,0.1156
0.1441,0.0802,0.0872,combined,1.7423,5.1200,0.1298,0.0292,0.1411
0.1237,0.2614,0.0528,straight,1.0615,4.3600,0.1237,-0.0784,0.0957
0.1832,1.8714,0.1061,straight,1.0687,4.0400,0.1329,0.0462,0.1773
0.1365,3.1340,0.1888,combined,0.8628,6.2800,0.1224,-0.1356,0.0155
0.1520,1.5408,0.0799,lateral,0.3309,5.6800,0.0870,0.1062,0.1087
0.1598,2.6919,0.1639,combined,0.8114,7.2600,0.1354,-0.1591,0.0156
0.2255,5.1397,0.0529,straight,0.9628,7.9600,0.2070,-0.1578,0.1611
0.0615,3.8895,0.0903,turn,0.0000,4.4000,0.0000,nan,nan
0.0174,6.3942,0.1661,turn,0.0000,7.9000,0.0000,nan,nan
0.0569,2.7139,0.1785,combined,1.6732,5.6200,0.0189,0.0558,0.0110
0.0839,0.8963,0.1096,combined,1.9867,7.4600,0.0671,-0.0648,0.0534
0.0356,1.3165,0.2381,combined,0.9405,4.6600,0.0309,-0.0009,0.0356
0.1008,2.4122,0.2390,lateral,1.0451,5.6000,0.0969,-0.0732,0.0693
0.0719,0.9609,0.1150,straight,0.2042,4.3400,0.0667,-0.0311,0.0648
0.0873,0.7237,0.1700,combined,0.7946,7.4400,0.0710,0.0484,0.0726
0.1466,0.9905,0.0756,lateral,1.4270,5.1200,0.1364,-0.1268,0.0736
0.0703,5.9656,0.2329,turn,0.0000,5.7000,0.0000,nan,nan
0.0699,2.3505,0.1148,lateral,0.2509,6.3400,0.0640,-0.0523,0.0464
0.0853,2.4291,0.0793,turn,0.0000,4.6400,0.0000,nan,nan
0.0373,3.6500,0.1848,lateral,0.8946,6.3200,0.0246,0.0149,0.0341
0.0122,2.1946,0.0294,stand,0.0000,5.9400,0.0000,nan,nan
0.1173,2.5815,0.0085,combined,1.0120,7.9400,0.0250,0.1153,0.0211
0.0407,2.1419,0.1635,straight,1.8554,5.1600,0.0258,0.0112,0.0392
0.0885,2.0526,0.1571,combined,1.0788,6.8000,0.0579,-0.0270,0.0843
0.0874,2.8711,0.1354,turn,0.0000,5.4800,0.0000,nan,nan
0.1428,0.8508,0.0125,stand,0.0000,6.4800,0.0000,nan,nan
0.0759,1.0795,0.0862,lateral,0.3827,4.1000,0.0759,-0.0758,0.0016
0.1326,0.0893,0.0745,straight,0.1899,6.3400,0.1083,-0.0404,0.1263
0.1287,2.6552,0.1719,combined,1.6814,5.4200,0.1211,-0.0701,0.1079
0.1916,3.3147,0.0721,combined,1.3037,4.9600,0.1916,-0.0861,0.1712
0.0106,2.2193,0.0253,stand,0.0000,6.0600,0.0000,nan,nan
0.1812,0.0538,0.1448,straight,0.5773,4.6600,0.1127,0.0659,0.1687
0.1535,2.5305,0.0351,combined,0.5408,7.0600,0.1222,-0.1009,0.1157
0.1624,0.1297,0.1734,combined,0.7881,4.6800,0.1383,-0.1484,0.0661
0.1542,1.4463,0.1743,turn,0.0000,7.0400,0.0000,nan,nan
0.1310,1.4582,0.1689,lateral,0.9006,6.9800,0.0644,0.1220,0.0477
0.0331,0.3235,0.1627,combined,1.9103,5.3200,0.0281,-0.0330,0.0027
0.1269,3.4142,0.1729,combined,1.4555,4.3600,0.1200,-0.1269,0.0006
0.0142,2.3076,0.0574,straight,0.7285,4.1800,0.0002,-0.0025,0.0140
0.0640,1.3666,0.0620,lateral,0.7027,6.3200,0.0196,-0.0405,0.0496
0.0823,2.3604,0.1773,turn,0.0000,4.1200,0.0000,nan,nan
0.2046,0.6873,0.1844,combined,1.8023,4.8200,0.1944,-0.0932,0.1821
0.1041,0.1999,0.1449,lateral,0.5002,7.3600,0.0836,-0.0730,0.0742
0.0603,4.6727,0.1249,straight,0.1963,6.6200,0.0102,0.0130,0.0589
0.1552,0.1654,0.0979,combined,1.1180,7.2400,0.0771,0.1539,0.0203
0.1258,0.5877,0.0452,turn,0.0000,7.1000,0.0000,nan,nan
0.0482,0.9418,0.0981,combined,1.0616,4.5000,0.0339,0.0471,0.0100
0.1114,0.9846,0.2332,lateral,1.3940,7.5600,0.1021,0.0468,0.1011
0.1598,0.8524,0.1603,straight,1.1901,6.6000,0.1016,0.1077,0.1181
0.1192,4.1750,0.2261,lateral,1.3655,4.4600,0.1192,-0.1192,0.0016
0.0289,2.9721,0.0728,turn,0.0000,6.9200,0.0000,nan,nan
0.0897,3.6111,0.1901,combined,1.8482,4.2400,0.0897,-0.0893,0.0082
0.1030,3.5461,0.0657,lateral,0.9151,6.2000,0.0865,-0.0339,0.0972
0.0653,1.8163,0.1380,combined,1.8081,6.8200,0.0605,-0.0589,0.0282
0.0808,1.8114,0.1774,straight,1.1449,6.8200,0.0413,0.0342,0.0732
0.0933,0.9662,0.2086,straight,0.7757,6.4600,0.0784,-0.0714,0.0600
0.0222,2.5904,0.1704,combined,2.0691,6.4800,0.0222,0.0221,0.0016
0.0218,4.0101,0.0496,combined,1.4315,6.0600,0.0209,-0.0082,0.0202
0.0185,1.2019,0.0809,turn,0.0000,6.6800,0.0000,nan,nan
0.1898,3.0693,0.1152,turn,0.0000,7.2000,0.0000,nan,nan
0.2147,2.1461,0.0707,turn,0.0000,5.0400,0.0000,nan,nan
0.0991,2.1567,0.0485,turn,0.0000,7.3200,0.0000,nan,nan
0.0975,7.3014,0.2080,lateral,1.3099,4.4200,0.0954,-0.0512,0.0829
0.1467,0.7745,0.0459,stand,0.0000,6.4400,0.0000,nan,nan
0.1523,0.5797,0.0704,turn,0.0000,6.5200,0.0000,nan,nan
0.0205,0.0486,0.2168,turn,0.0000,5.7200,0.0000,nan,nan
0.0554,0.1188,0.0375,combined,1.2693,6.9000,0.0023,0.0035,0.0553
0.1627,1.2676,0.0303,straight,0.9282,6.2200,0.0543,-0.1480,0.0676
0.1145,1.9582,0.0242,combined,1.0670,6.0400,0.0973,-0.0817,0.0803
0.1607,3.8220,0.2037,lateral,0.8373,6.2200,0.1607,-0.1412,0.0768
0.0370,3.3063,0.0282,turn,0.0000,4.3400,0.0000,nan,nan
0.1127,2.6287,0.1525,lateral,0.5353,7.4200,0.1021,-0.1116,0.0158
0.0827,3.7102,0.0626,combined,0.6851,7.7400,0.0716,0.0244,0.0790
0.1378,0.2621,0.0617,lateral,1.0425,6.2400,0.1117,-0.1322,0.0390
0.0968,3.3090,0.0625,turn,0.0000,6.2400,0.0000,nan,nan
0.0163,4.3982,0.0080,combined,1.6858,6.9000,0.0046,0.0023,0.0161
0.2211,5.0702,0.1917,lateral,0.8735,7.2600,0.1926,-0.1677,0.1441
0.0803,2.1815,0.1229,straight,0.2512,7.3400,0.0655,-0.0802,0.0045
0.0797,3.1203,0.2236,combined,1.7271,5.9800,0.0298,0.0750,0.0270
0.0021,0.2836,0.0278,stand,0.0000,6.0400,0.0000,nan,nan
0.0974,0.8276,0.1109,combined,1.1306,6.1600,0.0819,-0.0357,0.0906
0.0733,4.0173,0.0510,combined,2.3347,6.3200,0.0521,0.0373,0.0631
0.1959,3.9231,0.0300,straight,1.3157,7.9400,0.1828,-0.0834,0.1773
0.0441,2.8592,0.2437,turn,0.0000,5.5000,0.0000,nan,nan
0.0485,5.7023,0.0783,turn,0.0000,5.4000,0.0000,nan,nan
0.0560,4.4029,0.0352,turn,0.0000,5.7600,0.0000,nan,nan
0.0878,3.2859,0.1701,straight,0.9516,5.5400,0.0878,-0.0877,0.0039
0.0228,1.7689,0.0143,combined,1.4339,6.1800,0.0104,-0.0136,0.0184
0.0429,0.1271,0.0917,lateral,0.4599,6.1400,0.0023,0.0360,0.0233
0.0559,0.9389,0.2306,lateral,0.0042,5.3200,0.0011,-0.0258,0.0496
0.0387,1.0496,0.1913,lateral,0.0534,5.2600,0.0217,-0.0368,0.0120
0.0389,0.9738,0.1707,turn,0.0000,7.6600,0.0000,nan,nan
0.0717,4.8875,0.1516,lateral,1.4424,7.7600,0.0694,-0.0406,0.0591
0.0788,0.8192,0.2176,straight,1.5376,7.7400,0.0455,0.0715,0.0331
0.0549,1.5740,0.2926,straight,1.4474,7.1800,0.0536,-0.0074,0.0544
0.0139,0.8098,0.1245,lateral,1.1012,4.6000,0.0022,0.0126,0.0057
0.1047,3.8382,0.2488,turn,0.0000,6.8400,0.0000,nan,nan
0.0249,0.4324,0.1807,combined,1.7957,6.6400,0.0119,0.0150,0.0199
0.0660,3.1478,0.0443,lateral,1.3171,4.8000,0.0304,0.0576,0.0322
0.0992,2.0769,0.1841,straight,1.0876,5.7400,0.0938,-0.0745,0.0655
0.0984,0.6865,0.1453,straight,0.5710,7.7400,0.0641,0.0138,0.0975
0.1378,3.1778,0.0152,straight,1.8535,6.0800,0.1336,-0.0914,0.1032
0.0391,0.2659,0.0353,straight,1.4129,4.9800,0.0070,0.0079,0.0383
0.1794,2.2347,0.0043,combined,0.9218,6.9400,0.1643,-0.0498,0.1723
0.2215,1.9287,0.1620,combined,0.7830,4.3000,0.2215,-0.1116,0.1913
0.0797,5.1968,0.0891,combined,1.6237,5.3600,0.0462,0.0561,0.0565
0.0616,3.0330,0.0050,stand,0.0000,6.7000,0.0000,nan,nan
0.1935,3.9607,0.1366,lateral,0.5658,6.1600,0.1932,-0.0406,0.1892
0.0611,3.1338,0.0335,combined,0.5863,4.7200,0.0398,-0.0488,0.0368
0.0578,0.9655,0.2507,turn,0.0000,4.3200,0.0000,nan,nan
0.0607,1.1317,0.0412,lateral,0.7550,6.2000,0.0276,0.0177,0.0580
0.0593,1.8384,0.2346,turn,0.0000,5.1800,0.0000,nan,nan
0.0517,1.2893,0.0532,stand,0.0000,4.1800,0.0000,nan,nan
0.1006,4.6621,0.1491,lateral,1.4174,6.9400,0.0802,-0.0976,0.0243
0.1788,1.8934,0.0086,straight,0.4803,4.5200,0.1788,-0.1758,0.0329
0.0191,0.1852,0.0474,straight,1.8395,4.3200,0.0060,0.0144,0.0125
0.0893,1.2130,0.0620,straight,0.5244,4.0000,0.0611,0.0499,0.0740
0.0673,0.8877,0.1919,straight,0.2021,4.0400,0.0053,0.0533,0.0411
0.0587,4.1557,0.1783,combined,1.3725,4.0400,0.0587,0.0014,0.0587
0.1925,4.8276,0.2131,lateral,0.5011,4.0600,0.1925,-0.1481,0.1230
0.1745,2.5327,0.0389,combined,1.3755,4.0600,0.1745,-0.1745,0.0016
0.1449,4.5269,0.1870,combined,1.0089,4.0800,0.1239,-0.0213,0.1433
0.1505,0.5003,0.2640,lateral,1.1281,4.1200,0.1505,-0.1500,0.0126
0.0905,1.4565,0.0254,combined,1.3213,4.1400,0.0569,0.0489,0.0761
0.1922,5.4421,0.3377,combined,1.8577,4.1400,0.1922,-0.1912,0.0198
0.0546,3.9746,0.0104,stand,0.0000,4.1400,0.0000,nan,nan
0.0250,1.6161,0.0209,combined,1.6498,4.1400,0.0247,0.0011,0.0250
0.0521,3.1019,0.1730,turn,0.0000,4.1600,0.0000,nan,nan
0.1075,0.6405,0.1043,combined,1.5191,4.1800,0.1075,-0.0922,0.0552
0.0446,1.3994,0.1814,turn,0.0000,4.2000,0.0000,nan,nan
0.1636,2.4721,0.1553,combined,1.1395,4.2000,0.1636,-0.1443,0.0770
0.0699,1.3087,0.1685,straight,1.5028,4.2200,0.0659,-0.0355,0.0602
0.0555,0.6460,0.0654,straight,1.4677,4.2200,0.0555,-0.0400,0.0385
0.1373,2.6877,0.1278,straight,1.2527,4.2200,0.1373,-0.0930,0.1010
0.1187,0.4013,0.1052,straight,1.3550,4.2200,0.1038,-0.0758,0.0913
0.1637,25.0183,0.0525,stand,0.0000,4.2400,0.0000,nan,nan
0.0711,1.7396,0.3224,combined,1.7515,4.2800,0.0711,-0.0682,0.0204
0.1267,3.2190,0.1212,lateral,0.7806,4.2800,0.1267,-0.1164,0.0500
0.0812,3.1966,0.0564,combined,0.6096,4.3000,0.0750,-0.0628,0.0516
0.0801,2.9848,0.1180,turn,0.0000,4.3200,0.0000,nan,nan
0.1666,1.3351,0.1663,lateral,1.4410,4.3400,0.1666,-0.1583,0.0518
0.0768,2.2700,0.1102,straight,0.5395,4.3400,0.0768,-0.0766,0.0052
0.0572,0.9719,0.1521,turn,0.0000,4.3400,0.0000,nan,nan
0.1478,2.8425,0.1518,lateral,0.2300,4.3400,0.1285,-0.1273,0.0751
0.1192,0.2565,0.2683,combined,2.0668,4.3400,0.1192,-0.1192,0.0006
0.0731,4.4908,0.0415,stand,0.0000,4.3600,0.0000,nan,nan
0.0662,4.4552,0.1378,combined,2.0811,4.3800,0.0277,0.0643,0.0158
0.2365,4.4348,0.0669,combined,2.4273,4.3800,0.2354,-0.2327,0.0419
0.0187,3.1772,0.0259,stand,0.0000,4.4400,0.0000,nan,nan
0.0766,0.0836,0.1775,combined,1.2632,4.4600,0.0766,-0.0746,0.0175
0.0703,0.7273,0.1569,turn,0.0000,4.4600,0.0000,nan,nan
0.0857,6.0918,0.0378,stand,0.0000,4.4600,0.0000,nan,nan
0.1697,0.4677,0.0437,straight,1.5252,4.4400,0.1416,0.0221,0.1683
0.0708,3.6117,0.1805,straight,0.4073,4.4600,0.0674,-0.0440,0.0554
0.1216,2.0075,0.0212,lateral,1.1493,4.4600,0.1216,-0.0227,0.1195
0.1189,0.1075,0.1196,combined,1.7780,4.5000,0.1074,0.0509,0.1075
0.0459,0.0455,0.1581,straight,1.2543,4.5200,0.0432,-0.0401,0.0222
0.0433,8.6922,0.0017,stand,0.0000,4.5400,0.0000,nan,nan
0.0696,1.9681,0.2244,turn,0.0000,4.5400,0.0000,nan,nan
0.0472,1.4128,0.0541,combined,0.6817,4.5800,0.0413,0.0143,0.0450
0.0744,4.9573,0.0615,lateral,1.1222,4.6000,0.0744,-0.0278,0.0690
0.1253,0.2801,0.1936,lateral,0.5110,4.6000,0.0889,0.0554,0.1123
0.0206,0.0711,0.0983,straight,0.2395,4.6200,0.0019,0.0054,0.0199
0.1647,0.4818,0.0356,lateral,0.7309,4.6400,0.1453,-0.1571,0.0494
0.1331,1.7488,0.0521,combined,1.1979,4.6800,0.1327,-0.1329,0.0073
0.1116,1.7440,0.2040,combined,1.3873,4.6800,0.1035,-0.0943,0.0597
0.1179,5.8638,0.1172,combined,1.2620,4.7200,0.1174,-0.1170,0.0144
0.0404,1.1670,0.1957,lateral,1.2419,4.7200,0.0163,-0.0376,0.0149
0.0986,0.0140,0.0402,stand,0.0000,4.7000,0.0000,nan,nan
0.0857,3.7719,0.0814,lateral,0.9818,4.7200,0.0478,0.0588,0.0624
0.0616,1.6416,0.0491,straight,1.6540,4.7600,0.0337,0.0609,0.0094
0.0613,0.5454,0.2242,combined,1.6727,4.7800,0.0362,0.0502,0.0352
0.0448,8.4809,0.0108,stand,0.0000,4.8000,0.0000,nan,nan
0.1524,5.3229,0.1803,lateral,0.3331,4.8200,0.0709,0.0911,0.1222
0.0781,1.2583,0.0746,combined,1.0204,4.8200,0.0222,-0.0767,0.0144
0.0619,2.1333,0.0607,combined,0.8728,4.8400,0.0577,0.0280,0.0552
0.0696,0.9450,0.2080,combined,1.7325,4.8600,0.0610,0.0661,0.0215
0.0305,0.9390,0.2090,combined,1.6886,4.9400,0.0221,-0.0271,0.0140
0.1226,1.8775,0.1443,lateral,1.2773,4.9400,0.1226,-0.0994,0.0717
0.0203,1.0557,0.2271,straight,1.3848,4.9600,0.0133,-0.0015,0.0203
0.0615,0.9955,0.0320,straight,0.7820,4.9800,0.0562,-0.0607,0.0098
0.0200,2.3079,0.1629,combined,1.7160,5.0000,0.0007,0.0192,0.0054
0.0836,1.9001,0.0331,stand,0.0000,5.0200,0.0000,nan,nan
0.0422,0.3207,0.2247,straight,1.9883,5.0200,0.0422,-0.0346,0.0241
0.1467,0.5629,0.2298,combined,0.2995,5.0400,0.1121,-0.1247,0.0771
0.0617,1.8291,0.0239,stand,0.0000,5.0800,0.0000,nan,nan
0.0799,2.7468,0.0711,combined,1.6991,5.1000,0.0799,-0.0732,0.0321
0.1162,2.1944,0.0394,combined,1.9486,5.1000,0.1022,-0.1126,0.0289
0.0294,0.3070,0.2362,lateral,0.3144,5.1000,0.0294,-0.0220,0.0195
0.0112,0.6359,0.2390,turn,0.0000,5.1200,0.0000,nan,nan
0.1404,2.8331,0.2040,lateral,1.0748,5.1400,0.1369,-0.1324,0.0469
0.0576,1.4434,0.2525,turn,0.0000,5.1600,0.0000,nan,nan
0.2020,4.4730,0.0711,straight,0.8438,5.1600,0.1764,-0.0856,0.1830
0.0730,1.7791,0.0198,straight,0.9133,5.1600,0.0595,0.0432,0.0588
0.1824,1.1866,0.0676,lateral,0.5838,5.1800,0.1769,-0.0918,0.1576
0.0738,1.7335,0.1105,lateral,0.0003,5.1800,0.0003,nan,nan
0.0934,2.2013,0.0881,straight,1.0975,5.3000,0.0925,-0.0763,0.0539
0.0516,0.1994,0.0157,combined,1.2519,5.3000,0.0301,-0.0187,0.0481
0.0302,0.1550,0.1332,combined,0.9115,5.3000,0.0062,0.0127,0.0274
0.0941,0.4208,0.0237,combined,1.6643,5.3200,0.0941,-0.0843,0.0418
0.0227,2.2899,0.0605,lateral,0.6598,5.3000,0.0227,0.0026,0.0225
0.0758,4.7617,0.2011,combined,0.6049,5.3600,0.0512,0.0745,0.0137
0.1404,1.2999,0.1974,turn,0.0000,5.3600,0.0000,nan,nan
0.0817,3.2281,0.0610,combined,2.2056,5.3800,0.0708,0.0140,0.0805
0.0734,1.8106,0.2201,lateral,1.2383,5.4200,0.0723,-0.0551,0.0486
0.0978,1.8323,0.0322,lateral,0.1331,5.4200,0.0036,-0.0858,0.0469
0.0927,1.4003,0.0876,straight,1.2014,5.4400,0.0404,0.0364,0.0852
0.1690,4.8411,0.1541,combined,1.1479,5.4400,0.1199,0.0681,0.1547
0.0871,0.5810,0.0720,lateral,1.2925,5.4600,0.0748,0.0311,0.0813
0.0313,0.9489,0.0505,straight,1.5629,5.4600,0.0063,0.0185,0.0252
0.1363,1.6823,0.1790,straight,1.7481,5.4600,0.1318,-0.0968,0.0959
0.0474,2.1344,0.0171,stand,0.0000,5.4800,0.0000,nan,nan
0.0434,0.1394,0.1242,turn,0.0000,5.5000,0.0000,nan,nan
0.0219,5.0939,0.1013,combined,1.5713,5.5200,0.0150,-0.0195,0.0098
0.0397,0.1933,0.0135,stand,0.0000,5.5400,0.0000,nan,nan
0.1164,0.2895,0.2677,lateral,1.1315,5.5600,0.1164,-0.0988,0.0615
0.0532,2.4776,0.0070,lateral,1.3596,5.6000,0.0532,-0.0082,0.0526
0.1234,0.8105,0.1038,combined,1.2572,5.6200,0.1101,-0.0261,0.1206
0.0238,1.8622,0.1594,straight,1.5603,5.6200,0.0059,0.0238,0.0007
0.0841,2.5517,0.1950,straight,0.6910,5.6600,0.0575,0.0047,0.0840
0.1054,1.9247,0.0642,combined,1.6234,5.6600,0.0778,-0.0841,0.0636
0.0834,2.2351,0.0273,lateral,1.3772,5.6800,0.0344,0.0115,0.0826
0.1301,3.1402,0.0416,turn,0.0000,5.7600,0.0000,nan,nan
0.0307,0.6271,0.0195,lateral,0.2702,5.7600,0.0306,-0.0301,0.0062
0.1240,2.5645,0.2130,straight,1.1455,5.7600,0.0057,-0.0190,0.1225
0.0832,0.6851,0.0647,turn,0.0000,5.7800,0.0000,nan,nan
0.1314,0.9423,0.1824,combined,1.4562,5.8000,0.1278,-0.1246,0.0418
0.1716,0.1569,0.0198,lateral,0.3066,5.8000,0.0207,0.1694,0.0278
0.0880,3.9331,0.0833,combined,1.4984,5.8200,0.0865,-0.0812,0.0338
0.0505,7.6115,0.0176,stand,0.0000,5.8400,0.0000,nan,nan
0.1157,4.0007,0.2351,straight,1.2738,5.8200,0.0079,0.1033,0.0520
0.0173,4.0380,0.1566,combined,1.3560,5.8600,0.0173,-0.0060,0.0162
0.0998,0.2510,0.0941,turn,0.0000,5.8600,0.0000,nan,nan
0.0571,1.6745,0.0528,stand,0.0000,5.8800,0.0000,nan,nan
0.0729,2.8512,0.0146,stand,0.0000,5.8800,0.0000,nan,nan
0.0823,2.3061,0.0357,turn,0.0000,5.9200,0.0000,nan,nan
0.0200,1.0566,0.1937,turn,0.0000,5.9600,0.0000,nan,nan
0.0219,3.9997,0.1170,lateral,0.9454,5.9800,0.0038,0.0152,0.0158
0.0202,1.1310,0.0368,stand,0.0000,5.9800,0.0000,nan,nan
0.0068,1.1059,0.0120,combined,2.0202,6.0000,0.0026,-0.0062,0.0027
0.0642,4.3307,0.2133,lateral,0.2903,6.0200,0.0186,-0.0586,0.0262
0.1097,0.1774,0.1097,straight,0.8401,6.0400,0.0945,-0.0548,0.0950
0.1156,2.6269,0.0306,lateral,0.5214,6.0400,0.0551,0.0755,0.0875
0.1498,5.0433,0.0588,combined,1.3506,6.0400,0.0117,0.1013,0.1104
0.1450,2.4855,0.1554,combined,1.2083,6.0600,0.1180,-0.0749,0.1242
0.0703,2.0781,0.0209,combined,1.8719,6.0400,0.0478,0.0295,0.0638
0.1280,0.4739,0.1304,combined,0.8677,6.0800,0.1244,-0.0251,0.1256
0.0960,0.8951,0.2053,lateral,1.4859,6.0800,0.0116,0.0960,0.0032
0.0628,3.0110,0.1222,lateral,1.1756,6.1000,0.0559,-0.0627,0.0037
0.0447,0.6802,0.0186,lateral,0.1504,6.1000,0.0110,0.0447,0.0019
0.1242,4.0890,0.0742,turn,0.0000,6.1200,0.0000,nan,nan
0.1470,2.2836,0.1566,lateral,1.2666,6.1400,0.1433,-0.1084,0.0992
0.1541,1.9872,0.1532,lateral,0.2523,6.1600,0.0653,0.0959,0.1207
0.0744,2.0080,0.1247,turn,0.0000,6.1600,0.0000,nan,nan
0.1914,23.0005,0.0448,stand,0.0000,6.2000,0.0000,nan,nan
0.0690,0.6424,0.1613,turn,0.0000,6.2400,0.0000,nan,nan
0.1441,1.2929,0.0786,straight,1.9695,6.2400,0.1044,-0.0165,0.1432
0.1974,1.3471,0.1642,turn,0.0000,6.2600,0.0000,nan,nan
0.1408,2.4448,0.0276,turn,0.0000,6.2600,0.0000,nan,nan
0.0295,0.0688,0.0651,lateral,0.9449,6.3000,0.0042,0.0238,0.0173
0.0755,2.0911,0.1666,combined,1.2078,6.3200,0.0755,0.0335,0.0677
0.0467,3.8455,0.1547,combined,1.1914,6.3200,0.0161,0.0445,0.0141
0.1045,2.0543,0.0205,stand,0.0000,6.3200,0.0000,nan,nan
0.0392,0.8820,0.1206,turn,0.0000,6.3400,0.0000,nan,nan
0.0533,3.5210,0.0652,turn,0.0000,6.3400,0.0000,nan,nan
0.1351,0.9214,0.0601,combined,1.2924,6.3400,0.1146,-0.1027,0.0878
0.1312,0.3833,0.1119,lateral,1.3755,6.3600,0.1119,-0.1302,0.0161
0.1803,5.0497,0.0966,straight,0.3707,6.3800,0.1123,-0.1056,0.1461
0.0691,0.3529,0.2912,combined,2.0560,6.4200,0.0097,0.0640,0.0261
0.0938,0.8248,0.0209,turn,0.0000,6.4200,0.0000,nan,nan
0.1162,0.3295,0.0438,turn,0.0000,6.4400,0.0000,nan,nan
0.0282,1.9354,0.0563,combined,1.1398,6.4800,0.0013,0.0276,0.0055
0.0371,1.2360,0.0062,combined,1.9820,6.4800,0.0315,0.0298,0.0220
0.1382,0.0989,0.0221,straight,0.2603,6.5200,0.0075,0.0430,0.1313
0.0460,3.8402,0.0527,turn,0.0000,6.5200,0.0000,nan,nan
0.0791,3.4360,0.0954,combined,1.7961,6.6000,0.0783,-0.0791,0.0022
0.1223,2.8556,0.2118,combined,1.6114,6.6000,0.1198,-0.0163,0.1213
0.0494,0.8809,0.0688,combined,1.2384,6.6600,0.0187,0.0260,0.0419
0.0718,1.2111,0.0925,turn,0.0000,6.6600,0.0000,nan,nan
0.0266,0.1524,0.0617,lateral,0.9828,6.6600,0.0248,-0.0188,0.0188
0.1281,0.0224,0.1021,combined,1.6254,6.6800,0.0827,0.1061,0.0717
0.1477,4.8013,0.0095,turn,0.0000,6.7000,0.0000,nan,nan
0.0031,0.8283,0.0065,straight,1.8064,6.7200,0.0027,-0.0030,0.0010
0.0702,0.3002,0.0884,lateral,0.5764,6.7200,0.0196,0.0670,0.0211
0.1328,1.5315,0.0564,straight,1.4518,6.7200,0.0397,0.0655,0.1155
0.0732,3.8160,0.0304,stand,0.0000,6.7400,0.0000,nan,nan
0.2394,6.2947,0.0435,combined,1.3852,6.7400,0.2133,-0.1569,0.1808
0.1301,1.6118,0.0502,straight,1.0702,6.7600,0.1047,-0.0636,0.1135
0.0223,2.0802,0.1905,combined,1.5918,6.7600,0.0196,-0.0210,0.0074
0.0662,1.4211,0.0810,stand,0.0000,6.7600,0.0000,nan,nan
0.1729,0.9577,0.0728,straight,0.6504,6.8000,0.1183,-0.0587,0.1626
0.0953,1.3066,0.1002,combined,1.3105,6.8200,0.0497,0.0864,0.0402
0.0793,1.2960,0.0914,lateral,0.3556,6.8200,0.0007,0.0756,0.0241
0.0341,0.6579,0.1844,straight,1.7642,6.8200,0.0016,0.0287,0.0184
0.0621,6.5545,0.0164,stand,0.0000,6.8200,0.0000,nan,nan
0.0286,2.1905,0.0335,combined,0.9310,6.8200,0.0052,0.0169,0.0231
0.0522,3.7843,0.0336,lateral,1.4046,6.8400,0.0463,-0.0043,0.0520
0.0462,5.8109,0.0518,lateral,0.8804,6.9200,0.0462,-0.0249,0.0389
0.0703,15.8583,0.0505,stand,0.0000,6.9200,0.0000,nan,nan
0.1134,4.6284,0.0121,turn,0.0000,6.9400,0.0000,nan,nan
0.1486,0.8134,0.0970,combined,1.2437,6.9400,0.0799,0.1252,0.0799
0.0960,0.1835,0.0151,combined,2.2385,6.9400,0.0958,-0.0250,0.0926
0.0097,2.9769,0.0478,turn,0.0000,6.9800,0.0000,nan,nan
0.0486,2.4624,0.1480,combined,1.6889,6.9800,0.0403,-0.0368,0.0319
0.1471,2.3637,0.1447,combined,1.4237,7.0000,0.1371,-0.0160,0.1463
0.0444,2.3494,0.0887,straight,1.0812,7.0200,0.0442,0.0300,0.0327
0.0659,2.6607,0.2271,combined,0.9534,7.0600,0.0188,0.0452,0.0480
0.1478,0.8517,0.0574,straight,0.3166,7.0600,0.1150,0.0078,0.1476
0.0696,2.0224,0.0839,lateral,1.2856,7.0800,0.0405,0.0639,0.0275
0.0130,3.0567,0.1161,combined,1.0934,7.0800,0.0107,-0.0011,0.0129
0.0708,4.8995,0.1866,turn,0.0000,7.1000,0.0000,nan,nan
0.1063,2.4368,0.2014,turn,0.0000,7.1200,0.0000,nan,nan
0.0458,1.3168,0.1912,straight,0.5371,7.1400,0.0321,-0.0381,0.0255
0.0563,2.1533,0.0610,combined,0.8653,7.1400,0.0031,0.0506,0.0247
0.0640,1.6628,0.1435,combined,1.2094,7.1800,0.0364,-0.0638,0.0048
0.1149,1.7904,0.0568,combined,1.3330,7.1800,0.0293,0.1149,0.0029
0.0619,4.7720,0.1280,turn,0.0000,7.1800,0.0000,nan,nan
0.1359,1.9263,0.2180,straight,1.5139,7.2000,0.0662,-0.0701,0.1164
0.1149,1.1262,0.0408,stand,0.0000,7.2000,0.0000,nan,nan
0.1881,3.4314,0.0178,combined,0.3497,7.2000,0.0740,0.1031,0.1573
0.1436,4.9150,0.0895,straight,1.8096,7.2200,0.0598,0.0060,0.1434
0.1812,0.5957,0.0389,lateral,1.3951,7.2200,0.1799,0.0499,0.1742
0.1316,2.8909,0.0500,turn,0.0000,7.2200,0.0000,nan,nan
0.1284,1.9142,0.1008,straight,1.5286,7.2600,0.0777,-0.0878,0.0936
0.0113,2.3032,0.1751,combined,2.1523,7.2600,0.0103,-0.0113,0.0009
0.0422,0.5623,0.1501,combined,1.9906,7.3000,0.0282,0.0149,0.0394
0.0853,4.6361,0.1797,straight,0.9030,7.3200,0.0742,-0.0850,0.0068
0.1093,2.7501,0.1402,straight,1.1516,7.3200,0.0815,-0.0274,0.1058
0.0668,0.0675,0.1752,combined,1.6369,7.3400,0.0516,-0.0096,0.0661
0.0576,0.6480,0.0487,lateral,0.8003,7.3400,0.0512,-0.0057,0.0573
0.1121,0.0128,0.0800,combined,1.1776,7.3400,0.0956,-0.0647,0.0916
0.0453,0.0146,0.0908,straight,1.4743,7.3600,0.0389,-0.0409,0.0193
0.0442,1.5043,0.0252,stand,0.0000,7.3800,0.0000,nan,nan
0.0705,1.9433,0.0693,straight,0.2797,7.4000,0.0471,0.0343,0.0617
0.0667,1.5891,0.1802,lateral,0.6256,7.4000,0.0385,0.0610,0.0270
0.1974,3.1259,0.2122,turn,0.0000,7.4200,0.0000,nan,nan
0.0824,3.7251,0.0358,combined,1.7866,7.4200,0.0479,0.0157,0.0809
0.0676,3.2154,0.0354,straight,1.6110,7.4600,0.0169,0.0541,0.0406
0.0981,2.5401,0.0759,lateral,0.5679,7.4600,0.0664,0.0094,0.0976
0.0278,1.9495,0.0919,combined,0.6748,7.2200,0.0238,-0.0276,0.0032
0.0859,2.0171,0.0807,lateral,0.0277,7.5000,0.0277,-0.0420,0.0750
0.0192,1.5890,0.1378,combined,0.4731,6.6600,0.0027,-0.0045,0.0187
0.0554,1.1070,0.0768,lateral,0.9210,7.5400,0.0394,-0.0406,0.0377
0.0809,0.9866,0.1657,turn,0.0000,7.5600,0.0000,nan,nan
0.1770,1.3506,0.0938,combined,1.5458,7.5600,0.1424,-0.1510,0.0923
0.2303,1.5689,0.0301,combined,1.7529,7.5800,0.2288,-0.1415,0.1817
0.2358,2.2591,0.1251,combined,2.2237,7.5800,0.2200,-0.1928,0.1358
0.1197,0.8920,0.0173,turn,0.0000,7.6000,0.0000,nan,nan
0.1140,4.4478,0.0857,turn,0.0000,7.6000,0.0000,nan,nan
0.0926,3.9158,0.0665,combined,1.2404,7.6000,0.0763,0.0845,0.0378
0.0735,0.0366,0.2427,combined,1.6349,7.6000,0.0047,0.0730,0.0085
0.0555,1.1943,0.0138,stand,0.0000,7.6000,0.0000,nan,nan
0.1083,3.1534,0.0637,combined,1.3919,7.6400,0.0246,0.0841,0.0683
0.0490,2.9319,0.2038,turn,0.0000,7.6400,0.0000,nan,nan
0.0412,4.2751,0.2175,combined,0.6936,7.6400,0.0079,0.0411,0.0015
0.2138,0.8658,0.2265,combined,2.1546,7.6400,0.2066,-0.0890,0.1944
0.1134,5.4791,0.1385,combined,0.5412,7.6400,0.1031,0.0607,0.0958
0.0675,0.8488,0.0533,combined,1.1835,7.7400,0.0172,-0.0518,0.0433
0.0680,4.5253,0.1967,straight,0.9327,7.7800,0.0584,-0.0330,0.0595
0.0730,7.8753,0.0841,lateral,1.4183,7.8000,0.0544,0.0366,0.0632
0.0618,0.7988,0.1518,combined,2.1470,7.8200,0.0098,0.0080,0.0612
0.0501,0.2741,0.2202,turn,0.0000,7.8200,0.0000,nan,nan
0.1178,0.6701,0.0281,turn,0.0000,7.8200,0.0000,nan,nan
0.0719,6.0576,0.0604,combined,1.4396,7.8400,0.0711,-0.0624,0.0358
0.0250,1.6789,0.0171,lateral,1.1748,7.8400,0.0004,-0.0248,0.0033
0.1047,0.9351,0.2122,combined,0.9848,7.8600,0.0343,0.0146,0.1037
0.0144,1.9250,0.0803,turn,0.0000,7.8600,0.0000,nan,nan
0.1230,1.0924,0.1566,turn,0.0000,7.9400,0.0000,nan,nan
0.1333,4.5851,0.1707,straight,1.6798,7.9600,0.0031,0.1330,0.0096
0.1499,2.0167,0.0194,combined,0.7238,7.9800,0.0765,0.1455,0.0364
0.0383,3.0508,0.0156,stand,0.0000,7.9800,0.0000,nan,nan
0.1173,0.0012,0.1168,turn,0.0000,4.0600,0.0000,nan,nan
0.0343,0.8338,0.0489,stand,0.0000,4.1800,0.0000,nan,nan
0.2413,0.3327,0.0999,combined,1.4520,4.1000,0.2241,-0.2201,0.0988
0.0043,2.4300,0.0093,stand,0.0000,4.0800,0.0000,nan,nan
0.1018,0.9287,0.1549,straight,0.1808,4.1200,0.0836,-0.0687,0.0751
0.0467,2.9619,0.0817,lateral,1.4297,4.5800,0.0387,-0.0227,0.0408
0.1218,4.1997,0.2262,combined,0.6314,4.5000,0.1110,-0.1197,0.0223
0.0819,1.8066,0.0091,lateral,1.0604,4.6800,0.0740,0.0426,0.0700
0.0502,1.9339,0.1188,straight,0.0419,4.4400,0.0091,0.0488,0.0119
0.0474,3.0121,0.0181,straight,0.8200,4.3200,0.0473,-0.0471,0.0054
0.0606,2.3304,0.0365,combined,1.6549,4.0000,0.0589,-0.0165,0.0583
0.1381,0.6813,0.0265,turn,0.0000,4.2800,0.0000,nan,nan
0.0509,0.7525,0.0525,combined,0.8393,4.7400,0.0070,0.0300,0.0411
0.2160,0.9429,0.0952,straight,1.7771,4.3000,0.1988,-0.1325,0.1706
0.0815,0.5815,0.0431,combined,1.4591,4.0200,0.0713,0.0168,0.0797
0.0721,0.7371,0.1076,turn,0.0000,4.5200,0.0000,nan,nan
0.0317,1.8202,0.2911,combined,1.0532,4.1000,0.0317,-0.0149,0.0280
0.0520,1.5669,0.0248,stand,0.0000,4.4600,0.0000,nan,nan
0.0238,3.2883,0.0986,straight,0.9463,4.7000,0.0238,-0.0238,0.0016
0.1585,2.2245,0.1092,combined,2.0613,4.6600,0.1506,-0.1464,0.0608
0.1037,3.1103,0.0513,combined,1.5583,4.8200,0.0738,0.0169,0.1023
0.0634,3.2562,0.0709,lateral,0.3729,4.2800,0.0623,-0.0610,0.0173
0.1983,3.0153,0.0404,combined,2.3645,4.5000,0.1982,-0.1519,0.1275
0.0463,2.4912,0.0408,stand,0.0000,4.7800,0.0000,nan,nan
0.0929,1.0743,0.0336,combined,1.2144,5.4200,0.0186,0.0856,0.0360
0.0509,1.9636,0.1839,straight,0.1022,4.8000,0.0148,0.0402,0.0312
0.0086,2.9930,0.1440,combined,1.0346,7.9800,0.0019,0.0084,0.0015
0.1748,2.3196,0.1226,lateral,1.4989,4.2200,0.1748,-0.1530,0.0844
0.1123,0.2015,0.1704,straight,1.0141,4.1400,0.0518,0.0352,0.1067
0.0375,1.3452,0.1443,turn,0.0000,5.5200,0.0000,nan,nan
0.0815,1.3240,0.1899,straight,0.2540,5.3000,0.0332,0.0620,0.0528
0.0979,3.4375,0.1134,straight,1.7306,5.2600,0.0883,-0.0576,0.0791
0.0276,3.1696,0.0763,stand,0.0000,5.4800,0.0000,nan,nan
0.0708,3.7675,0.0897,lateral,0.0881,4.6200,0.0435,0.0423,0.0568
0.1017,0.0330,0.0045,stand,0.0000,4.4600,0.0000,nan,nan
0.0801,4.5813,0.0709,combined,1.5778,5.1000,0.0801,-0.0629,0.0495
0.1285,1.2922,0.0113,stand,0.0000,4.0000,0.0000,nan,nan
0.2521,3.6567,0.1668,combined,0.8283,4.6800,0.0573,0.2329,0.0966
0.1732,4.6578,0.0744,turn,0.0000,5.0600,0.0000,nan,nan
0.0962,0.0465,0.0904,lateral,0.3669,4.0400,0.0962,-0.0284,0.0919
0.0423,4.9562,0.2366,turn,0.0000,5.2000,0.0000,nan,nan
0.1142,3.6992,0.1748,combined,1.3613,4.6200,0.1142,-0.1090,0.0339
0.0846,1.0896,0.1411,lateral,0.5030,4.4200,0.0387,0.0660,0.0529
0.0823,1.0806,0.1210,straight,1.6272,4.0800,0.0728,-0.0647,0.0508
0.0964,2.4879,0.0868,combined,0.7939,4.5000,0.0964,-0.0858,0.0439
0.1099,0.6992,0.0397,lateral,0.3722,5.9200,0.0813,-0.0869,0.0673
0.0184,0.7936,0.0436,lateral,1.1303,5.5400,0.0020,0.0184,0.0003
0.1796,0.9551,0.1761,lateral,0.6851,4.9200,0.1649,-0.0086,0.1794
0.1445,3.9362,0.0889,combined,1.3016,4.7000,0.1445,-0.1224,0.0769
0.0284,0.3887,0.1680,lateral,0.8786,5.2000,0.0284,-0.0114,0.0260
0.0829,4.8260,0.0167,stand,0.0000,5.0600,0.0000,nan,nan
0.1330,2.2993,0.2059,combined,0.2441,4.8200,0.1142,0.0774,0.1082
0.1356,1.9868,0.0263,combined,0.1134,4.5800,0.1111,-0.0973,0.0944
0.0342,3.8901,0.0434,stand,0.0000,4.6200,0.0000,nan,nan
0.0292,0.5201,0.1199,combined,0.4664,4.7600,0.0154,0.0134,0.0259
0.0973,3.7960,0.1507,combined,0.8092,4.6000,0.0738,0.0345,0.0910
0.2431,0.3744,0.1313,combined,1.1090,4.1800,0.2291,-0.1532,0.1888
0.0649,0.1087,0.0457,combined,2.0724,4.3000,0.0599,0.0428,0.0488
0.0282,3.5615,0.0238,combined,1.7740,6.1200,0.0282,-0.0263,0.0101
0.1391,0.9754,0.1196,combined,1.0940,4.1400,0.1373,-0.1321,0.0433
0.0607,3.5641,0.1821,turn,0.0000,6.2600,0.0000,nan,nan
0.0211,1.3238,0.2100,turn,0.0000,5.7400,0.0000,nan,nan
0.1661,0.7175,0.1376,combined,1.4393,4.1800,0.1230,-0.0814,0.1448
0.1731,1.9047,0.1476,turn,0.0000,6.3400,0.0000,nan,nan
0.0638,1.0471,0.0773,turn,0.0000,5.2400,0.0000,nan,nan
0.0654,1.8419,0.1140,turn,0.0000,5.2400,0.0000,nan,nan
0.0933,5.5649,0.1737,combined,0.7836,6.2800,0.0754,-0.0000,0.0933
0.0352,3.3789,0.2505,combined,0.9455,4.5200,0.0194,0.0241,0.0257
0.0998,0.0982,0.1081,combined,0.9091,5.1800,0.0165,0.0636,0.0768
0.0815,2.5592,0.2261,turn,0.0000,4.3000,0.0000,nan,nan
0.1509,2.6838,0.1409,turn,0.0000,5.2800,0.0000,nan,nan
0.0582,0.6407,0.0586,lateral,0.6548,6.6200,0.0574,0.0379,0.0441
0.0118,0.3959,0.0747,combined,1.5982,4.5800,0.0077,0.0116,0.0022
0.0644,2.6403,0.0433,lateral,1.3268,6.3400,0.0557,-0.0644,0.0014
0.0718,0.2832,0.0241,stand,0.0000,6.3400,0.0000,nan,nan
0.0371,0.7770,0.0563,lateral,0.3001,5.9800,0.0199,-0.0368,0.0043
0.1754,3.0564,0.1918,combined,1.7803,4.6000,0.1754,-0.1644,0.0609
0.0713,1.2399,0.0946,lateral,1.0130,5.3400,0.0642,0.0321,0.0636
0.1223,2.1577,0.1701,combined,0.3934,4.7200,0.0250,0.1210,0.0175
0.0592,1.1993,0.2206,lateral,0.9446,4.1200,0.0561,-0.0418,0.0419
0.1202,1.0677,0.1869,lateral,0.5179,4.1000,0.1044,-0.1023,0.0631
0.0520,0.3249,0.0787,turn,0.0000,4.3400,0.0000,nan,nan
0.0439,3.2512,0.1933,straight,1.8579,5.1800,0.0281,0.0436,0.0047
0.0833,0.0661,0.1399,straight,0.8751,6.5800,0.0833,-0.0526,0.0646
0.0672,1.4803,0.1476,turn,0.0000,4.6200,0.0000,nan,nan
0.0869,2.4377,0.1947,turn,0.0000,6.9400,0.0000,nan,nan
0.0834,1.6088,0.0211,combined,2.2703,6.8400,0.0826,-0.0214,0.0807
0.0831,1.0011,0.0368,stand,0.0000,4.4800,0.0000,nan,nan
0.1651,0.2577,0.1292,turn,0.0000,5.5400,0.0000,nan,nan
0.1784,5.5789,0.1852,turn,0.0000,4.6400,0.0000,nan,nan
0.1793,1.3679,0.0631,straight,0.4507,4.2400,0.1084,0.0798,0.1605
0.0098,0.0447,0.1617,straight,1.2123,4.9400,0.0098,-0.0012,0.0097
0.1354,1.8258,0.1756,combined,0.9958,6.3200,0.0055,0.1324,0.0285
0.1567,3.2142,0.1843,lateral,0.1086,5.0200,0.0473,0.0826,0.1332
0.1520,1.8076,0.0525,turn,0.0000,6.0600,0.0000,nan,nan
0.1108,2.7198,0.1979,lateral,0.5684,5.9400,0.0646,-0.0458,0.1009
0.1219,3.1759,0.1725,combined,1.1246,6.9000,0.0990,-0.1212,0.0130
0.1296,1.6393,0.1970,combined,0.8393,6.4800,0.1183,-0.0900,0.0932
0.0478,3.0420,0.1728,combined,0.6918,6.1200,0.0472,-0.0468,0.0099
0.0341,3.6153,0.0129,turn,0.0000,5.3000,0.0000,nan,nan
0.0541,3.4996,0.0178,combined,1.9912,6.9000,0.0484,-0.0186,0.0508
0.0529,0.9741,0.0337,stand,0.0000,4.8400,0.0000,nan,nan
0.1712,2.6991,0.1666,lateral,1.1324,7.1200,0.1712,-0.1024,0.1372
0.1692,2.2830,0.0449,turn,0.0000,7.1800,0.0000,nan,nan
0.0950,1.2652,0.0326,stand,0.0000,4.1200,0.0000,nan,nan
0.2451,6.2612,0.2087,combined,2.1510,4.5600,0.2285,-0.2000,0.1417
0.0173,0.9108,0.0691,stand,0.0000,5.9800,0.0000,nan,nan
0.0867,1.0506,0.0413,lateral,1.4261,5.4600,0.0592,0.0607,0.0619
0.0154,1.4648,0.1812,combined,1.1872,7.3000,0.0101,-0.0148,0.0044
0.1879,7.3301,0.1005,straight,1.6090,4.7000,0.1879,-0.1128,0.1503
0.0795,0.9109,0.0139,lateral,0.9881,6.9800,0.0531,-0.0067,0.0792
0.0374,0.8528,0.0554,turn,0.0000,5.3400,0.0000,nan,nan
0.1368,5.2449,0.0197,straight,0.4542,6.7800,0.1367,-0.0953,0.0981
0.0459,2.0003,0.0500,straight,0.6897,4.4400,0.0457,-0.0364,0.0280
0.0552,2.4869,0.1568,lateral,0.3047,7.2000,0.0433,0.0066,0.0548
0.1221,0.9102,0.2041,turn,0.0000,4.5800,0.0000,nan,nan
0.1007,1.5367,0.0363,combined,0.6527,7.3800,0.0541,-0.0295,0.0963
0.0157,0.9951,0.1578,turn,0.0000,5.7800,0.0000,nan,nan
0.1335,1.9368,0.1023,turn,0.0000,4.5600,0.0000,nan,nan
0.0735,0.0599,0.0339,stand,0.0000,6.4000,0.0000,nan,nan
0.0811,1.9252,0.0377,combined,1.5793,7.4600,0.0583,-0.0731,0.0351
0.1084,1.4108,0.1267,lateral,1.0483,4.5400,0.1028,-0.0814,0.0716
0.0351,2.7173,0.0393,stand,0.0000,5.2200,0.0000,nan,nan
0.0761,2.4230,0.0824,turn,0.0000,6.0200,0.0000,nan,nan
0.0876,1.4124,0.0812,straight,1.6625,7.5400,0.0507,0.0238,0.0843
0.0371,0.6775,0.0161,turn,0.0000,4.0200,0.0000,nan,nan
0.0652,1.6516,0.0291,turn,0.0000,7.3000,0.0000,nan,nan
0.0667,0.6047,0.0390,stand,0.0000,7.4800,0.0000,nan,nan
0.0521,1.4679,0.0680,combined,1.7676,6.6800,0.0420,-0.0501,0.0143
0.0730,1.9234,0.0277,turn,0.0000,6.2200,0.0000,nan,nan
0.0777,1.5905,0.0525,lateral,0.4035,4.2400,0.0520,0.0648,0.0429
0.1441,0.9043,0.0387,straight,1.4474,7.5400,0.1208,-0.0728,0.1243
0.2480,0.1094,0.1813,combined,0.2904,6.1000,0.1865,-0.2258,0.1027
0.0355,0.2723,0.2379,straight,1.6827,6.6400,0.0219,-0.0076,0.0347
0.0655,1.6975,0.0925,straight,1.9501,6.4400,0.0608,-0.0558,0.0343
0.0801,2.3711,0.1739,combined,1.0441,4.1200,0.0775,-0.0710,0.0370
0.0320,1.1488,0.0349,stand,0.0000,6.1600,0.0000,nan,nan
0.0358,0.6426,0.0367,stand,0.0000,5.0600,0.0000,nan,nan
0.0476,0.9555,0.0355,lateral,0.1436,6.0400,0.0206,-0.0169,0.0445
0.2154,3.0602,0.1173,combined,1.4161,6.1400,0.1958,-0.0337,0.2127
0.0853,3.4378,0.1907,turn,0.0000,5.4400,0.0000,nan,nan
0.0481,1.6670,0.1894,turn,0.0000,4.8600,0.0000,nan,nan
0.0555,2.7907,0.0692,straight,0.8041,5.8200,0.0555,-0.0498,0.0245
0.0638,4.0457,0.0151,combined,1.4067,7.4600,0.0638,0.0163,0.0617
0.0443,0.4260,0.2141,lateral,1.2259,4.7800,0.0308,0.0358,0.0261
0.1514,3.5594,0.0138,combined,0.7960,5.7800,0.1512,-0.1509,0.0125
0.0918,4.2294,0.0488,lateral,0.9451,7.0000,0.0918,-0.0874,0.0281
0.1198,2.4530,0.2212,combined,0.7161,5.3200,0.1082,-0.0680,0.0986
0.1057,1.7062,0.0918,lateral,1.2226,5.7200,0.0939,-0.0935,0.0493
0.2265,1.4959,0.0400,turn,0.0000,4.5800,0.0000,nan,nan
0.0789,3.4513,0.0448,straight,1.7062,4.2000,0.0653,0.0776,0.0141
0.2500,1.4003,0.1213,combined,1.9753,4.7400,0.2356,-0.0651,0.2414
0.0385,4.8890,0.1689,turn,0.0000,4.7600,0.0000,nan,nan
0.0094,0.8750,0.0146,stand,0.0000,6.9000,0.0000,nan,nan
0.1040,0.8985,0.0231,combined,1.7582,5.3800,0.1020,-0.0927,0.0471
0.0108,0.6365,0.0228,stand,0.0000,7.2000,0.0000,nan,nan
0.0158,0.5016,0.1543,combined,1.2561,6.2400,0.0005,0.0011,0.0157
0.1052,1.5657,0.0856,combined,1.1746,5.3000,0.0898,-0.0658,0.0820
0.0488,1.9593,0.0375,stand,0.0000,7.3600,0.0000,nan,nan
0.0300,2.3538,0.1359,combined,1.7976,5.6400,0.0129,0.0296,0.0049
0.0543,2.7223,0.0798,lateral,0.7395,5.7800,0.0543,-0.0514,0.0177
0.0213,0.1987,0.1820,lateral,1.3295,7.2000,0.0213,-0.0160,0.0141
0.0347,0.6823,0.0262,combined,0.6015,4.6800,0.0104,0.0332,0.0098
0.0906,1.0271,0.1497,combined,2.2306,6.1200,0.0362,0.0613,0.0668
0.0961,0.1952,0.1608,combined,2.0608,5.0600,0.0906,-0.0581,0.0765
0.0168,4.0838,0.0976,combined,1.6476,5.1000,0.0168,-0.0026,0.0166
0.0990,5.3623,0.1730,combined,0.8621,5.4600,0.0689,-0.0597,0.0790
0.1157,1.2214,0.2043,straight,0.8276,7.0400,0.0017,0.1151,0.0114
0.0356,1.0784,0.1257,combined,1.0711,7.7000,0.0098,0.0145,0.0326
0.0476,2.3581,0.2402,combined,1.9402,5.2600,0.0045,0.0321,0.0352
0.1034,1.0524,0.1676,lateral,0.3452,5.5200,0.0134,0.1025,0.0136
0.1137,3.0987,0.1819,combined,1.3112,6.3600,0.0694,-0.0656,0.0928
0.0486,0.5529,0.1080,combined,1.0228,7.0800,0.0441,-0.0484,0.0040
0.0312,2.9815,0.1616,lateral,0.6840,5.8800,0.0178,0.0001,0.0312
0.0522,0.0425,0.2068,straight,0.5607,7.5800,0.0284,0.0095,0.0513
0.1265,0.4703,0.0331,stand,0.0000,6.4200,0.0000,nan,nan
0.0137,0.0774,0.1454,turn,0.0000,6.0800,0.0000,nan,nan
0.1186,5.9823,0.0169,straight,1.9450,5.0200,0.1088,-0.0548,0.1052
0.1008,2.8116,0.1073,lateral,0.3652,5.3000,0.0773,-0.0661,0.0761
0.0253,4.1020,0.0184,straight,1.1371,6.7200,0.0014,0.0103,0.0232
0.2043,6.0027,0.0045,lateral,0.5815,7.4000,0.2043,-0.1531,0.1352
0.0340,1.4310,0.0100,combined,1.5558,5.5400,0.0032,0.0302,0.0157
0.1692,1.7402,0.0519,lateral,1.0986,4.2200,0.1689,-0.1467,0.0843
0.0847,1.2475,0.1102,lateral,0.1539,6.7200,0.0152,0.0618,0.0579
0.0577,3.6328,0.0617,lateral,0.4251,5.8800,0.0489,-0.0549,0.0178
0.1927,3.5464,0.0211,combined,0.4778,5.7400,0.1244,0.0191,0.1918
0.0746,2.2434,0.0800,turn,0.0000,6.1000,0.0000,nan,nan
0.0368,5.3836,0.1216,turn,0.0000,5.3200,0.0000,nan,nan
0.1587,0.2624,0.2233,straight,1.9946,6.2400,0.0867,-0.0137,0.1581
0.0848,1.1189,0.1720,straight,0.2691,7.3200,0.0796,-0.0372,0.0762
0.0214,5.9022,0.0425,turn,0.0000,7.0800,0.0000,nan,nan
0.0672,0.0138,0.1576,combined,1.4064,5.2400,0.0080,0.0571,0.0354
0.1565,2.7065,0.0609,straight,1.8805,5.5200,0.1517,0.1188,0.1018
0.1558,3.5487,0.1805,turn,0.0000,7.3800,0.0000,nan,nan
0.0240,2.6182,0.0488,straight,1.7701,7.2000,0.0078,0.0108,0.0214
0.0426,1.1767,0.2394,lateral,1.2471,5.8600,0.0278,0.0272,0.0328
0.0270,3.2547,0.1184,combined,1.3358,6.1800,0.0249,-0.0215,0.0164
0.1058,1.7991,0.2961,straight,1.8278,6.0200,0.1058,-0.0851,0.0627
0.1487,2.9482,0.0972,lateral,0.1846,5.9800,0.0917,0.0813,0.1245
0.0854,0.4876,0.0315,turn,0.0000,6.4200,0.0000,nan,nan
0.0131,1.2018,0.1809,straight,0.0982,6.1400,0.0016,0.0075,0.0108
0.0529,1.6182,0.0163,stand,0.0000,5.3800,0.0000,nan,nan
0.1420,3.8378,0.1472,lateral,0.1429,6.2000,0.0140,0.1369,0.0378
0.0561,1.7214,0.0684,turn,0.0000,7.3200,0.0000,nan,nan
0.1153,4.8351,0.0228,combined,1.7214,6.2200,0.0782,-0.0127,0.1146
0.0718,1.9511,0.1167,combined,1.6229,7.9200,0.0018,0.0713,0.0087
0.1509,2.5462,0.2151,straight,0.7828,4.8800,0.1509,-0.1328,0.0718
0.0874,3.0102,0.1749,combined,1.5178,7.4000,0.0332,0.0385,0.0785
0.0143,1.2972,0.0851,combined,1.0594,6.5600,0.0143,-0.0142,0.0019
0.0761,0.7791,0.0298,straight,0.5854,7.0600,0.0391,0.0172,0.0741
0.0237,0.5133,0.2074,straight,1.1935,6.7200,0.0161,-0.0234,0.0037
0.0335,0.7513,0.0759,turn,0.0000,7.6800,0.0000,nan,nan
0.0711,8.2922,0.0695,straight,0.9806,5.7600,0.0704,-0.0237,0.0671
0.0227,1.5386,0.0223,combined,1.0124,6.9800,0.0220,0.0062,0.0218
0.1292,2.0675,0.1978,lateral,1.1410,6.9600,0.0962,-0.0831,0.0989
0.0791,2.3248,0.0122,stand,0.0000,6.3400,0.0000,nan,nan
0.0526,0.0277,0.1245,combined,1.2119,7.2200,0.0240,0.0268,0.0453
0.0662,1.0924,0.0510,combined,2.1282,5.8400,0.0455,-0.0551,0.0368
0.0720,0.6215,0.0469,turn,0.0000,4.9800,0.0000,nan,nan
0.1597,1.7093,0.1532,lateral,0.4357,7.6400,0.0369,0.1351,0.0851
0.1127,3.5578,0.2224,combined,2.2312,4.5000,0.1127,-0.0932,0.0633
0.1963,2.9250,0.1541,straight,1.6292,7.0800,0.1220,-0.0817,0.1785
0.0619,2.7654,0.0813,straight,1.3384,6.3000,0.0531,-0.0343,0.0516
0.0043,0.4239,0.0712,stand,0.0000,5.2800,0.0000,nan,nan
0.1130,2.9361,0.1812,lateral,1.1950,7.2600,0.0968,0.0347,0.1076
0.1533,0.3179,0.2592,straight,0.4714,7.8800,0.0871,0.0393,0.1481
0.0121,0.0864,0.0317,stand,0.0000,4.1600,0.0000,nan,nan
0.2084,2.0830,0.0746,lateral,1.4497,6.3200,0.1801,0.0744,0.1947
0.2486,0.5067,0.0168,combined,1.0534,7.2000,0.2124,0.1142,0.2208
0.0359,0.6016,0.1582,straight,1.1950,6.3800,0.0245,0.0351,0.0076
0.0536,5.7309,0.1468,combined,0.8003,7.0800,0.0397,-0.0326,0.0426
0.0353,3.7766,0.2008,straight,1.3558,6.9200,0.0024,-0.0073,0.0345
0.1892,1.5753,0.1956,straight,0.3011,6.4400,0.0043,0.1694,0.0842
0.0704,1.2743,0.0407,combined,1.4299,7.7400,0.0525,0.0168,0.0684
0.1094,0.2821,0.1803,lateral,1.0383,6.9000,0.1085,-0.0282,0.1057
0.0686,3.0812,0.1002,lateral,0.8685,4.9000,0.0686,-0.0680,0.0090
0.0709,0.5944,0.1143,lateral,1.0898,6.3600,0.0228,0.0700,0.0111
0.0055,1.6094,0.2130,combined,0.6266,4.9200,0.0055,0.0011,0.0054
0.0768,3.2294,0.0617,turn,0.0000,4.5400,0.0000,nan,nan
0.1086,0.2943,0.3342,combined,1.6901,4.2200,0.1086,-0.0441,0.0993
0.0731,2.2548,0.0450,combined,1.6222,6.7600,0.0522,0.0584,0.0440
0.0594,2.8174,0.0587,combined,2.0836,7.3600,0.0507,0.0024,0.0593
0.0298,0.2854,0.0581,combined,0.6827,6.7600,0.0062,0.0083,0.0287
0.0629,1.5993,0.0141,combined,1.7175,6.9800,0.0074,0.0348,0.0524
0.1121,0.9349,0.0610,lateral,0.7903,7.6800,0.0634,-0.0772,0.0813
0.0367,0.1410,0.1077,lateral,0.6792,7.6800,0.0011,-0.0361,0.0065
0.0811,0.2222,0.0300,combined,1.9554,5.7400,0.0811,0.0051,0.0809
0.0587,5.7382,0.2852,lateral,0.9737,4.6600,0.0238,0.0569,0.0144
0.0840,1.5224,0.2156,combined,1.6382,5.6200,0.0230,0.0835,0.0083
0.1007,0.1805,0.1182,turn,0.0000,4.8400,0.0000,nan,nan
0.0611,2.8111,0.0728,straight,1.5053,7.1400,0.0397,-0.0428,0.0436
0.1502,1.2704,0.0600,combined,1.4793,4.1000,0.1358,-0.0020,0.1502
0.2109,2.6858,0.0404,turn,0.0000,7.3600,0.0000,nan,nan
0.0517,5.2832,0.0206,stand,0.0000,4.5400,0.0000,nan,nan
0.1355,0.7590,0.0691,stand,0.0000,7.0000,0.0000,nan,nan
0.1614,1.6930,0.1897,lateral,1.3088,7.2400,0.0720,0.1436,0.0737
0.0487,0.3937,0.0247,stand,0.0000,7.1000,0.0000,nan,nan
0.0589,0.9137,0.2129,straight,0.9766,5.6600,0.0515,-0.0170,0.0563
0.0772,2.1333,0.0570,combined,1.1455,7.4200,0.0279,-0.0745,0.0202
0.1495,1.8749,0.0685,stand,0.0000,4.6000,0.0000,nan,nan
0.0986,5.6311,0.1237,combined,1.5848,4.0000,0.0934,-0.0858,0.0485
0.0994,0.5404,0.0111,stand,0.0000,7.4000,0.0000,nan,nan
0.1115,4.0558,0.1537,straight,1.2429,7.2400,0.0356,0.1038,0.0409
0.0633,0.4124,0.0746,combined,1.4501,4.6800,0.0548,-0.0587,0.0237
0.0583,1.9403,0.2024,lateral,1.3768,5.1400,0.0471,0.0300,0.0499
0.2328,3.1910,0.0267,combined,1.9619,7.2600,0.1689,0.1055,0.2075
0.0905,0.9193,0.0418,straight,0.4590,7.5200,0.0107,0.0868,0.0256
0.0592,3.0880,0.2545,turn,0.0000,7.7800,0.0000,nan,nan
0.0971,0.0574,0.0257,stand,0.0000,7.5000,0.0000,nan,nan
0.0593,0.6286,0.1204,straight,1.0091,4.6400,0.0457,-0.0177,0.0566
0.1721,2.8551,0.1104,lateral,1.3568,4.2400,0.1653,-0.1357,0.1058
0.1187,3.5073,0.2328,straight,1.9355,7.9000,0.0595,-0.0755,0.0916
0.0987,0.3998,0.1091,straight,1.5619,5.1000,0.0982,-0.0829,0.0536
0.0321,3.4411,0.0709,stand,0.0000,6.5800,0.0000,nan,nan
0.0669,0.9232,0.0493,stand,0.0000,4.6200,0.0000,nan,nan
0.0774,0.3247,0.1635,turn,0.0000,7.6600,0.0000,nan,nan
0.1105,1.6643,0.1090,combined,1.8160,7.3400,0.0374,0.0969,0.0532
0.0432,0.7010,0.0382,stand,0.0000,7.8000,0.0000,nan,nan
0.0377,3.7856,0.0328,stand,0.0000,4.5600,0.0000,nan,nan
0.0983,1.5692,0.2085,combined,1.6470,6.8200,0.0648,0.0958,0.0221
0.0385,0.0215,0.0581,combined,1.8331,4.5400,0.0292,0.0028,0.0384
0.0665,2.1051,0.1750,turn,0.0000,5.2800,0.0000,nan,nan
0.1807,1.0413,0.0118,turn,0.0000,6.1000,0.0000,nan,nan
0.0420,0.4211,0.0495,combined,1.2994,5.0000,0.0294,0.0221,0.0357
0.2535,1.0395,0.0952,combined,1.7553,4.9800,0.2319,-0.1722,0.1860
0.0285,1.3590,0.1258,straight,1.0191,7.4400,0.0141,0.0189,0.0213
0.0998,0.8649,0.0966,lateral,0.4779,5.7200,0.0993,-0.0594,0.0801
0.1041,0.2154,0.1567,lateral,0.6199,6.4800,0.0898,0.0495,0.0916
0.0576,1.8704,0.1465,combined,2.1744,7.6800,0.0274,-0.0373,0.0439
0.0706,8.2435,0.2466,combined,1.0616,7.7200,0.0683,-0.0703,0.0056
0.0226,1.5252,0.1979,straight,0.5000,6.4200,0.0194,-0.0195,0.0113
0.0985,1.3904,0.0848,lateral,1.3492,4.2800,0.0902,0.0212,0.0962
0.0948,3.5249,0.1560,turn,0.0000,4.6800,0.0000,nan,nan
0.0526,3.6660,0.1075,straight,1.5167,4.5200,0.0471,0.0455,0.0266
0.1149,0.9185,0.0153,lateral,0.0081,7.8200,0.0028,0.1149,0.0004
0.1023,0.1712,0.1210,lateral,1.4559,5.1000,0.1011,-0.0456,0.0915
0.1741,4.0898,0.0891,combined,2.3852,5.7800,0.0732,0.0928,0.1474
0.0525,1.0798,0.2201,turn,0.0000,5.0600,0.0000,nan,nan
0.1181,2.5867,0.2335,turn,0.0000,5.3200,0.0000,nan,nan
0.0835,0.6048,0.0615,combined,1.8669,4.3600,0.0831,-0.0766,0.0333
0.0789,3.5206,0.0299,stand,0.0000,4.0200,0.0000,nan,nan
0.0391,0.8373,0.0157,stand,0.0000,4.6000,0.0000,nan,nan
0.0919,1.4339,0.1335,straight,0.1068,6.3600,0.0055,0.0871,0.0293
0.0678,1.8541,0.0947,lateral,0.7099,4.9200,0.0678,-0.0167,0.0657
0.0783,2.9893,0.0563,lateral,0.3269,5.0000,0.0575,-0.0369,0.0691
0.1588,1.8667,0.2220,combined,1.6499,5.1200,0.0840,0.0605,0.1468
0.0777,2.2725,0.0267,combined,0.4008,5.7000,0.0602,-0.0334,0.0702
0.0513,3.2799,0.1143,combined,0.9738,4.4000,0.0513,-0.0244,0.0451
0.0927,0.2045,0.0275,stand,0.0000,4.6000,0.0000,nan,nan
0.1120,0.2554,0.2690,straight,0.5843,7.2600,0.1082,-0.1120,0.0022
0.0551,4.9239,0.0360,turn,0.0000,7.2000,0.0000,nan,nan
0.0260,0.2904,0.1482,combined,0.1711,5.8200,0.0060,-0.0185,0.0182
0.0682,1.5020,0.1307,lateral,0.4311,7.5800,0.0594,-0.0295,0.0615
0.0547,0.4195,0.2123,combined,1.1863,5.4400,0.0408,-0.0036,0.0546
0.0727,0.4420,0.0528,lateral,0.2034,7.5200,0.0310,-0.0576,0.0443
0.1579,1.2283,0.0538,turn,0.0000,7.8400,0.0000,nan,nan
0.0690,1.7622,0.1104,combined,0.7268,5.7600,0.0660,-0.0433,0.0538
0.1822,0.8907,0.0526,combined,1.7532,4.2400,0.1822,-0.1732,0.0562
0.0273,4.9517,0.0141,stand,0.0000,7.8000,0.0000,nan,nan
0.0669,0.3936,0.1925,turn,0.0000,4.9400,0.0000,nan,nan
0.0246,2.2892,0.1638,straight,1.3992,5.9600,0.0103,0.0101,0.0225
0.0902,0.2566,0.1267,lateral,0.8834,4.6800,0.0720,0.0475,0.0767
0.1747,1.2022,0.1052,combined,2.0865,4.7200,0.1723,-0.1662,0.0538
0.0747,1.1056,0.1714,straight,0.3353,5.1800,0.0602,-0.0714,0.0219
0.1430,1.1738,0.0353,combined,1.9924,7.1800,0.1430,-0.1274,0.0649
0.1411,1.7620,0.1573,lateral,0.8420,4.5600,0.0225,0.1398,0.0188
0.0421,2.3165,0.0314,straight,0.9363,7.0600,0.0203,-0.0259,0.0332
0.1682,3.5209,0.0314,lateral,1.1836,4.5800,0.1682,-0.1674,0.0163
0.1080,1.5578,0.1883,turn,0.0000,4.7600,0.0000,nan,nan
0.0660,4.0193,0.1197,combined,1.5686,7.1600,0.0539,-0.0619,0.0229
0.1415,1.8335,0.1507,combined,1.2364,6.5400,0.1098,-0.0017,0.1415
0.1172,0.4338,0.1444,combined,1.8220,5.9200,0.1132,-0.0568,0.1025
0.0228,2.4353,0.1267,combined,0.7716,6.1600,0.0007,0.0046,0.0223
0.0959,4.7905,0.0574,straight,1.8540,4.8200,0.0920,-0.0949,0.0133
0.0941,0.2138,0.0379,stand,0.0000,7.2000,0.0000,nan,nan
0.0620,1.0555,0.0641,combined,0.3916,4.1600,0.0266,0.0331,0.0524
0.1192,0.1507,0.0059,lateral,0.8419,6.7800,0.0709,0.0762,0.0918
0.0081,1.1479,0.0452,stand,0.0000,7.1800,0.0000,nan,nan
0.0611,1.1004,0.1723,turn,0.0000,4.6200,0.0000,nan,nan
0.0415,2.6458,0.1541,combined,1.3641,6.4400,0.0122,0.0260,0.0323
0.0448,4.6732,0.0215,combined,0.7254,7.6200,0.0008,0.0427,0.0136
0.0672,2.3697,0.1011,combined,1.9174,4.9000,0.0025,0.0564,0.0366
0.1435,4.1516,0.2012,turn,0.0000,6.4800,0.0000,nan,nan
0.0542,2.0389,0.0312,stand,0.0000,5.1400,0.0000,nan,nan
0.0865,1.0464,0.2010,combined,0.7566,6.3400,0.0181,0.0563,0.0657
0.0958,4.4343,0.0380,combined,1.4847,7.1800,0.0905,-0.0689,0.0666
0.1070,0.9779,0.2039,lateral,1.3761,5.3800,0.1070,-0.1013,0.0343
0.0885,0.3679,0.0665,combined,1.4615,4.0800,0.0885,-0.0809,0.0360
0.1107,0.0242,0.0932,combined,1.5353,7.3600,0.1083,-0.0910,0.0631
0.1169,1.7815,0.0590,combined,1.8001,6.6000,0.0838,-0.0844,0.0809
0.0126,0.4721,0.0476,stand,0.0000,7.7000,0.0000,nan,nan
0.1268,1.5696,0.0312,stand,0.0000,6.7800,0.0000,nan,nan
0.0753,2.7137,0.1870,turn,0.0000,4.4200,0.0000,nan,nan
0.1195,2.7483,0.1541,combined,2.0435,6.2400,0.1195,-0.0454,0.1106
0.1066,3.2023,0.0375,stand,0.0000,5.2200,0.0000,nan,nan
0.1711,2.7502,0.1721,turn,0.0000,6.6600,0.0000,nan,nan
0.0327,0.4204,0.2747,turn,0.0000,4.9000,0.0000,nan,nan
0.1022,4.2252,0.1285,lateral,0.0200,7.6400,0.0059,0.0943,0.0393
0.0464,2.4728,0.1406,lateral,0.4706,5.8000,0.0246,0.0317,0.0340
0.0505,0.2308,0.0654,combined,0.5426,5.7000,0.0390,-0.0504,0.0026
0.1130,1.1011,0.0070,straight,1.0874,5.9000,0.0786,0.0500,0.1014
0.0693,1.8882,0.0290,lateral,0.1724,5.9600,0.0588,-0.0586,0.0371
0.1026,0.0701,0.0925,turn,0.0000,6.1400,0.0000,nan,nan
0.0596,0.2812,0.0528,turn,0.0000,7.7600,0.0000,nan,nan
0.0952,0.7012,0.2536,turn,0.0000,5.3800,0.0000,nan,nan
0.2150,2.6270,0.1380,combined,0.7700,6.2800,0.1528,0.1222,0.1769
0.0552,4.8509,0.1703,lateral,1.4491,7.6800,0.0215,0.0532,0.0149
0.1034,1.8519,0.0839,combined,0.9025,7.9600,0.0593,-0.0937,0.0438
0.0938,0.4580,0.1677,straight,0.6750,5.0600,0.0133,0.0135,0.0928
0.0124,0.8445,0.1788,combined,0.8688,6.6000,0.0095,-0.0103,0.0069
0.0111,5.2377,0.0172,stand,0.0000,7.1000,0.0000,nan,nan
0.0274,1.2701,0.0756,combined,1.7006,4.9800,0.0274,-0.0264,0.0074
0.0291,0.2525,0.0295,stand,0.0000,4.1400,0.0000,nan,nan
0.1339,0.5959,0.2009,lateral,0.9268,5.1000,0.0519,0.1304,0.0304
0.0475,1.1330,0.2114,turn,0.0000,5.3400,0.0000,nan,nan
0.1113,4.2319,0.0806,combined,2.0533,4.9400,0.1108,-0.1074,0.0292
0.0375,1.9869,0.1192,combined,1.5646,4.5600,0.0375,-0.0349,0.0138
0.0921,6.5305,0.1550,combined,1.0877,7.6000,0.0427,0.0774,0.0498
0.1375,2.9789,0.1617,lateral,0.7182,7.4800,0.1271,-0.1270,0.0527
0.1663,4.8375,0.1691,lateral,0.2394,6.8000,0.1414,-0.1099,0.1249
0.0381,0.6117,0.1255,straight,0.1323,5.1800,0.0355,-0.0235,0.0300
0.1766,2.6932,0.0930,straight,1.3077,6.6600,0.1664,-0.1256,0.1242
0.0865,2.1572,0.1762,lateral,0.8806,5.9200,0.0600,0.0440,0.0745
0.1400,2.0669,0.0920,straight,0.4250,4.8000,0.1386,-0.0020,0.1400
0.1409,3.2105,0.1834,combined,1.6914,5.6200,0.1277,-0.0526,0.1307
0.1879,0.8047,0.0642,lateral,1.0507,7.9000,0.1652,-0.0737,0.1728
0.0456,1.6163,0.0687,combined,0.5288,4.8400,0.0317,0.0396,0.0228
0.1436,3.7233,0.0207,turn,0.0000,4.8000,0.0000,nan,nan
0.1565,5.3985,0.1348,combined,1.8067,6.9800,0.1170,0.0506,0.1481
0.0977,3.2095,0.0715,combined,0.8569,4.6000,0.0170,0.0924,0.0320
0.0962,3.8259,0.0499,turn,0.0000,7.4200,0.0000,nan,nan
0.0830,1.7035,0.1133,straight,1.2853,7.3800,0.0781,-0.0183,0.0809
0.1430,1.1424,0.0750,lateral,1.1759,5.1000,0.1249,-0.1429,0.0053
0.0058,6.9451,0.0313,stand,0.0000,5.8000,0.0000,nan,nan
0.0558,3.4962,0.1738,turn,0.0000,6.6000,0.0000,nan,nan
0.0344,3.6790,0.2066,lateral,0.2951,4.4000,0.0166,0.0263,0.0222
0.0893,3.1781,0.0401,lateral,0.1525,4.3400,0.0690,-0.0794,0.0408
0.1806,2.3518,0.0300,stand,0.0000,6.4800,0.0000,nan,nan
0.0625,0.2279,0.0305,lateral,0.9801,6.2200,0.0020,0.0622,0.0060
0.0651,1.7752,0.0519,straight,1.1018,6.9800,0.0378,0.0537,0.0368
0.0276,2.2574,0.2430,combined,1.7757,4.4200,0.0276,-0.0249,0.0118
0.0408,3.7448,0.2013,turn,0.0000,4.7800,0.0000,nan,nan
0.1266,1.2544,0.0593,turn,0.0000,7.1800,0.0000,nan,nan
0.1108,0.1905,0.0741,straight,1.3053,7.5800,0.0855,-0.0728,0.0835
0.1146,1.4029,0.1592,lateral,1.4073,6.7000,0.0651,0.0813,0.0808
0.0722,1.7140,0.0425,lateral,0.8308,6.0000,0.0662,0.0265,0.0671
0.0348,3.4207,0.0286,stand,0.0000,7.5000,0.0000,nan,nan
0.0258,0.4511,0.0178,stand,0.0000,7.2600,0.0000,nan,nan
0.0729,0.0158,0.1049,turn,0.0000,7.9000,0.0000,nan,nan
0.0714,0.7809,0.0763,turn,0.0000,6.4200,0.0000,nan,nan
0.2040,5.8428,0.0936,combined,0.9548,5.5600,0.1074,0.1189,0.1657
0.2184,2.2557,0.0589,lateral,1.0378,5.4800,0.2163,-0.1035,0.1923
0.0823,1.0954,0.0636,lateral,0.3454,5.0000,0.0624,-0.0660,0.0491
0.0606,0.4012,0.0120,stand,0.0000,5.0400,0.0000,nan,nan
0.1048,3.9512,0.0612,turn,0.0000,4.5400,0.0000,nan,nan
0.1305,1.1518,0.0712,turn,0.0000,6.2600,0.0000,nan,nan
0.0187,0.5201,0.0559,straight,0.1274,4.8200,0.0187,-0.0173,0.0070
0.0491,1.4233,0.0124,stand,0.0000,5.0400,0.0000,nan,nan
0.0202,1.8929,0.2372,turn,0.0000,5.4200,0.0000,nan,nan
0.0939,0.4012,0.0236,lateral,0.0024,7.5600,0.0009,0.0913,0.0220
0.1328,2.5904,0.2410,combined,1.4398,7.9200,0.0275,0.1326,0.0060
0.0671,0.3117,0.1947,combined,0.8107,6.5400,0.0526,-0.0661,0.0116
0.2646,0.5465,0.1268,turn,0.0000,6.7200,0.0000,nan,nan
0.0805,5.5267,0.1300,lateral,1.2709,6.5200,0.0680,0.0337,0.0731
0.0929,0.8765,0.2185,straight,0.0205,5.9200,0.0084,0.0499,0.0784
0.0812,0.8901,0.0486,turn,0.0000,4.4400,0.0000,nan,nan
0.0882,1.4219,0.0405,turn,0.0000,5.6400,0.0000,nan,nan
0.1353,0.5309,0.0607,combined,1.8503,7.2200,0.0964,-0.0697,0.1160
0.2093,0.4570,0.1669,combined,0.4314,5.7800,0.0802,0.0806,0.1931
0.2362,1.2319,0.1448,combined,1.9920,4.1400,0.2362,-0.2360,0.0098
0.1939,0.0844,0.0648,straight,1.1695,4.8200,0.0323,0.1918,0.0287
0.1283,0.5861,0.0241,stand,0.0000,7.7400,0.0000,nan,nan
0.0736,4.0765,0.1341,lateral,0.4662,7.6600,0.0293,0.0726,0.0120
0.0850,1.6159,0.0298,combined,1.0980,5.9000,0.0445,0.0630,0.0571
0.0261,2.3878,0.2623,straight,1.3077,4.4600,0.0065,0.0257,0.0041
0.0859,1.8219,0.2149,turn,0.0000,7.4600,0.0000,nan,nan
0.1467,0.3929,0.1468,lateral,0.4478,7.8000,0.0026,0.1440,0.0278
0.1021,1.5567,0.0668,lateral,1.2684,7.8200,0.0442,-0.1010,0.0148
0.0522,3.1311,0.0728,combined,0.3252,5.7200,0.0291,-0.0442,0.0277
0.0869,2.7086,0.1678,combined,1.2823,7.5400,0.0254,0.0794,0.0354
0.1112,2.5732,0.0070,combined,1.3290,7.5600,0.0036,0.1013,0.0460
0.0948,0.2498,0.0861,combined,1.4509,5.1600,0.0754,0.0232,0.0919
0.1245,2.1884,0.2754,combined,1.9238,5.0600,0.1245,-0.1040,0.0684
0.0281,2.3890,0.1023,lateral,1.0010,5.9800,0.0230,0.0045,0.0278
0.0220,0.3246,0.0562,turn,0.0000,6.8400,0.0000,nan,nan
0.0867,0.5578,0.0358,straight,1.2014,6.0600,0.0354,0.0376,0.0782
0.0257,1.4312,0.1620,combined,0.8792,7.6400,0.0114,-0.0214,0.0142
0.1075,1.7468,0.0784,combined,1.4690,7.9400,0.0906,0.0671,0.0841
0.0654,0.4657,0.1235,combined,1.7637,7.4400,0.0258,-0.0577,0.0308
0.0624,2.7685,0.1987,turn,0.0000,7.5800,0.0000,nan,nan
0.1418,0.7003,0.0317,combined,1.3910,6.9400,0.1025,-0.0778,0.1186
0.0873,8.3948,0.1158,combined,1.2107,6.8600,0.0839,-0.0593,0.0641
0.1401,1.8667,0.1308,combined,1.7737,7.5800,0.1118,-0.1198,0.0726
0.1759,4.5273,0.2436,straight,0.6930,7.3200,0.1236,0.0609,0.1650
0.1201,0.0347,0.0172,stand,0.0000,6.8400,0.0000,nan,nan
0.0446,2.3908,0.1999,combined,1.8147,7.3400,0.0133,0.0436,0.0092
0.2549,2.9667,0.1430,straight,1.0272,7.2400,0.2272,-0.1324,0.2179
0.0203,2.1235,0.1032,lateral,0.2905,5.9000,0.0135,0.0106,0.0173
0.0739,4.0186,0.2065,lateral,0.4307,4.8600,0.0618,-0.0737,0.0047
0.0504,1.5657,0.0317,stand,0.0000,7.4400,0.0000,nan,nan
0.0210,1.9459,0.0295,lateral,1.3749,7.4400,0.0210,-0.0006,0.0210
0.0653,0.3069,0.0976,lateral,1.2870,6.2400,0.0302,0.0645,0.0106
0.0756,2.8188,0.0323,stand,0.0000,5.2800,0.0000,nan,nan
0.1095,1.0303,0.1332,combined,2.1156,6.3800,0.0881,0.0199,0.1077
0.0608,0.5173,0.0221,stand,0.0000,5.5200,0.0000,nan,nan
0.1270,1.7899,0.0153,turn,0.0000,7.3800,0.0000,nan,nan
0.0903,3.4043,0.0135,combined,1.7394,6.6200,0.0859,-0.0865,0.0258
0.0565,1.5522,0.1617,combined,0.8433,5.6600,0.0494,0.0440,0.0355
0.0784,3.6450,0.0343,turn,0.0000,4.7800,0.0000,nan,nan
0.1813,5.1397,0.1562,combined,0.4142,7.4000,0.0193,0.1628,0.0798
0.1150,3.2126,0.0377,combined,1.5050,5.2200,0.1150,-0.0934,0.0671
0.0685,3.5481,0.0201,turn,0.0000,6.8600,0.0000,nan,nan
0.0281,0.8858,0.1841,combined,0.8832,6.8800,0.0136,-0.0233,0.0157
0.1437,2.0309,0.1199,combined,1.6830,5.8800,0.1154,-0.0984,0.1048
0.0434,4.1964,0.2262,straight,0.9265,6.7800,0.0434,-0.0278,0.0333
0.0039,3.4895,0.0278,stand,0.0000,4.1000,0.0000,nan,nan
0.0519,3.6757,0.2307,straight,1.3929,7.8800,0.0008,0.0429,0.0292
0.0558,0.7405,0.1734,combined,2.2628,6.9600,0.0260,0.0275,0.0485
0.1367,1.2085,0.1449,straight,0.0247,5.2600,0.0200,-0.0618,0.1219
0.0505,1.5488,0.1832,straight,0.0835,6.4600,0.0027,0.0444,0.0241
0.1094,0.2815,0.1665,straight,0.5095,4.8200,0.0016,0.0712,0.0830
0.0283,2.7433,0.0435,straight,0.9639,5.1000,0.0042,0.0283,0.0008
0.0572,1.2056,0.0934,straight,1.8783,4.4800,0.0330,0.0329,0.0469
0.0948,2.4265,0.0327,stand,0.0000,7.8000,0.0000,nan,nan
0.0034,3.5965,0.1314,lateral,0.7364,6.1400,0.0028,0.0029,0.0018
0.0462,0.9998,0.1052,lateral,0.9837,7.9800,0.0145,0.0461,0.0016
0.1141,1.3527,0.2012,straight,1.2552,7.7400,0.0918,-0.1095,0.0319
0.0397,5.0897,0.1756,turn,0.0000,7.8200,0.0000,nan,nan
0.0508,2.7173,0.0172,stand,0.0000,5.7400,0.0000,nan,nan
0.1109,1.4712,0.0879,turn,0.0000,5.8200,0.0000,nan,nan
0.0471,6.8131,0.1405,lateral,0.5971,5.7800,0.0447,-0.0363,0.0301
0.0518,2.6789,0.0441,combined,0.9623,5.8200,0.0334,0.0517,0.0037
0.1648,1.1805,0.0268,straight,0.2101,6.3800,0.1601,-0.1527,0.0619
0.1299,0.8364,0.0314,stand,0.0000,4.7600,0.0000,nan,nan
0.0473,0.0066,0.0378,stand,0.0000,7.6200,0.0000,nan,nan
0.0164,2.3055,0.0159,stand,0.0000,6.2600,0.0000,nan,nan
0.1233,2.6731,0.1324,lateral,0.8816,5.6200,0.1165,0.0106,0.1228
0.1107,4.7782,0.0220,straight,0.2482,6.8600,0.0473,0.0067,0.1105
0.1381,2.3062,0.0786,lateral,0.1136,5.7200,0.0481,-0.1345,0.0312
0.0136,1.9500,0.0379,stand,0.0000,5.2000,0.0000,nan,nan
0.0338,1.2183,0.0307,stand,0.0000,7.1800,0.0000,nan,nan
0.0606,0.1585,0.1039,combined,1.7449,6.9200,0.0404,0.0281,0.0537
0.1186,0.0476,0.1686,straight,0.4524,4.9800,0.0980,-0.0044,0.1185
0.0570,3.2196,0.2198,combined,1.2433,6.9600,0.0497,0.0040,0.0569
0.0596,4.5796,0.0671,lateral,1.0475,5.1600,0.0596,-0.0187,0.0566
0.1565,1.4702,0.1257,turn,0.0000,5.3200,0.0000,nan,nan
0.1268,3.2086,0.2079,turn,0.0000,7.0800,0.0000,nan,nan
0.1010,2.2417,0.0853,lateral,0.9864,5.3800,0.0387,0.1007,0.0072
0.1158,0.1255,0.0955,straight,0.7950,5.9200,0.0311,0.1068,0.0450
0.1199,0.5121,0.0918,straight,1.3438,7.4200,0.0013,0.1122,0.0424
0.0193,2.6341,0.1893,straight,0.1939,5.1200,0.0008,0.0193,0.0006
0.0964,1.6217,0.0768,combined,2.1199,7.5800,0.0195,0.0520,0.0812
0.0416,0.8135,0.0245,combined,0.3877,6.8000,0.0074,0.0344,0.0234
0.1074,1.9158,0.1538,turn,0.0000,4.3600,0.0000,nan,nan
0.0778,1.3355,0.0703,combined,2.2371,5.7200,0.0578,-0.0496,0.0599
0.0448,0.9609,0.2278,combined,1.3878,6.2000,0.0448,-0.0426,0.0138
0.1374,2.0811,0.1743,straight,1.9145,6.9600,0.1242,-0.1226,0.0620
0.0606,1.2911,0.0875,turn,0.0000,6.0000,0.0000,nan,nan
0.1368,0.8117,0.2307,straight,0.5331,4.2800,0.1015,0.0631,0.1214
0.1311,1.2897,0.0230,straight,1.6463,6.6000,0.1303,-0.1198,0.0534
0.0303,3.7349,0.0371,turn,0.0000,4.4400,0.0000,nan,nan
0.1876,0.7377,0.1213,lateral,0.1483,6.6200,0.1302,-0.0405,0.1832
0.0706,0.1832,0.1703,straight,1.0127,6.2800,0.0613,-0.0568,0.0420
0.1428,0.3015,0.2133,straight,0.3849,7.3200,0.0138,0.0374,0.1378
0.0717,0.1604,0.1039,turn,0.0000,4.4000,0.0000,nan,nan
0.1280,2.2693,0.0415,turn,0.0000,6.7000,0.0000,nan,nan
0.0310,3.3609,0.1747,straight,0.0639,6.7400,0.0028,0.0286,0.0118
0.2269,0.6979,0.1305,straight,1.8988,7.4000,0.2063,-0.2007,0.1058
0.1223,2.4252,0.2253,combined,1.4534,5.2000,0.1141,-0.0754,0.0963
0.1063,0.9780,0.0455,stand,0.0000,4.6200,0.0000,nan,nan
0.0576,2.4284,0.0499,straight,1.2976,7.1600,0.0371,-0.0329,0.0473
0.0357,2.4701,0.1618,turn,0.0000,7.3600,0.0000,nan,nan
0.0510,3.5767,0.1521,straight,1.8644,4.3800,0.0434,-0.0344,0.0377
0.0469,0.6202,0.2131,combined,0.4506,7.8600,0.0330,0.0307,0.0354
0.0880,5.3413,0.0722,combined,1.5954,4.0000,0.0880,-0.0788,0.0392
0.1315,0.6811,0.0615,combined,0.9051,6.4000,0.1140,0.0205,0.1299
0.1063,2.7971,0.0134,turn,0.0000,6.5200,0.0000,nan,nan
0.0268,0.9235,0.0245,stand,0.0000,4.4400,0.0000,nan,nan
0.0615,0.1499,0.0070,lateral,0.4429,7.5000,0.0556,0.0201,0.0581
0.0270,1.0187,0.0461,combined,0.9296,4.5600,0.0072,-0.0204,0.0176
0.1148,4.7645,0.1479,combined,1.6534,6.0000,0.0290,0.1131,0.0191
0.0497,0.0055,0.0544,straight,0.5718,4.3200,0.0012,0.0420,0.0266
0.0824,2.3538,0.2010,lateral,0.8757,7.9800,0.0651,-0.0755,0.0330
0.0611,1.0085,0.1331,lateral,1.3812,4.1600,0.0464,0.0421,0.0444
0.0362,1.1188,0.0574,straight,1.5006,6.3800,0.0348,0.0042,0.0359
0.0981,1.5085,0.0578,lateral,1.2010,5.5400,0.0979,-0.0412,0.0890
0.1572,2.2397,0.0279,lateral,0.2597,7.0600,0.0265,0.1498,0.0474
0.0498,2.0634,0.1354,combined,0.8172,5.0000,0.0498,-0.0118,0.0484
0.0532,1.6675,0.1681,combined,1.2882,6.6000,0.0532,-0.0293,0.0443
0.0592,0.5352,0.0876,turn,0.0000,7.9800,0.0000,nan,nan
0.0201,0.4111,0.0297,turn,0.0000,5.6000,0.0000,nan,nan
0.0592,1.7313,0.2156,turn,0.0000,7.5400,0.0000,nan,nan
0.1169,5.8563,0.0944,combined,2.1698,5.2200,0.1103,-0.1065,0.0482
0.0815,1.1242,0.0722,combined,2.1077,4.6000,0.0729,-0.0767,0.0278
0.0976,3.2838,0.0937,combined,0.5709,5.3000,0.0144,0.0973,0.0078
0.0164,0.6751,0.0473,lateral,1.1500,5.7200,0.0026,0.0147,0.0073
0.1438,1.2899,0.1007,combined,1.2727,5.7000,0.1438,-0.1428,0.0175
0.1481,1.6522,0.0402,combined,0.7840,5.5000,0.1230,-0.0425,0.1419
0.0651,0.4931,0.1281,lateral,1.1907,5.7000,0.0506,0.0296,0.0579
0.0330,4.5440,0.0196,stand,0.0000,5.1000,0.0000,nan,nan
0.0899,4.0156,0.1553,combined,1.1766,6.7800,0.0894,-0.0895,0.0083
0.0928,3.7364,0.2308,straight,0.0417,6.5000,0.0417,-0.0910,0.0183
0.0250,5.0847,0.0058,stand,0.0000,6.3600,0.0000,nan,nan
0.0794,2.9681,0.1272,combined,0.3594,7.6400,0.0520,-0.0094,0.0789
0.1556,0.4386,0.0163,straight,0.6198,5.9800,0.1492,-0.1008,0.1185
0.0477,1.9969,0.1320,straight,1.6280,7.6000,0.0263,-0.0300,0.0371
0.1387,2.6000,0.1710,lateral,1.2182,4.9200,0.1150,-0.1384,0.0084
0.1619,2.3417,0.0693,combined,1.9807,7.7200,0.0024,0.1595,0.0282
0.1488,0.9308,0.0410,stand,0.0000,7.4400,0.0000,nan,nan
0.0474,1.0988,0.1541,straight,0.9459,5.4000,0.0410,0.0290,0.0374
0.1199,3.4073,0.2161,lateral,0.8907,7.1800,0.1132,-0.0771,0.0919
0.1011,3.3997,0.1887,straight,0.8795,4.7000,0.1011,-0.0720,0.0710
0.1395,1.9690,0.0112,combined,0.7784,5.4000,0.0965,-0.1295,0.0519
0.1552,1.0536,0.2738,lateral,1.3299,4.9200,0.1495,-0.1464,0.0514
0.0568,4.7909,0.0613,turn,0.0000,6.3000,0.0000,nan,nan
0.0113,1.2948,0.0821,combined,1.4580,4.7800,0.0085,-0.0005,0.0113
0.1521,3.3964,0.1028,straight,1.0092,5.6000,0.1521,-0.1148,0.0999
0.1801,1.2990,0.1137,combined,1.5252,4.5200,0.1696,0.0486,0.1734
0.1191,5.8486,0.0741,combined,1.7631,4.4600,0.1191,-0.1157,0.0283
0.2134,1.6136,0.0628,turn,0.0000,7.1000,0.0000,nan,nan
0.0498,0.4581,0.1432,combined,0.5430,4.6400,0.0447,-0.0498,0.0018
0.0764,0.0704,0.1334,straight,1.2494,7.3000,0.0678,-0.0698,0.0310
0.1325,0.9216,0.0857,turn,0.0000,6.1000,0.0000,nan,nan
0.1374,3.0256,0.1415,combined,0.6209,7.9800,0.0780,0.1289,0.0477
0.0523,1.2031,0.0612,straight,0.6291,5.3200,0.0516,-0.0430,0.0299
0.0829,4.5733,0.1951,turn,0.0000,4.5600,0.0000,nan,nan
0.0511,0.0574,0.2216,straight,1.8265,4.3200,0.0511,-0.0299,0.0414
0.0887,3.6673,0.0111,stand,0.0000,7.1600,0.0000,nan,nan
0.1427,1.6595,0.2440,combined,2.3326,5.3000,0.1427,-0.1425,0.0069
0.0424,0.9635,0.0185,stand,0.0000,7.1200,0.0000,nan,nan
0.0422,0.8916,0.0190,stand,0.0000,7.3200,0.0000,nan,nan
0.0733,1.5733,0.2322,straight,0.0399,6.8800,0.0314,-0.0686,0.0258
0.0583,2.1257,0.0277,stand,0.0000,7.7000,0.0000,nan,nan
0.0626,1.2925,0.1120,lateral,0.0773,5.3200,0.0047,0.0615,0.0116
0.1872,3.9977,0.0985,turn,0.0000,4.9400,0.0000,nan,nan
0.1532,1.2203,0.0652,lateral,1.3052,4.0800,0.1404,-0.1512,0.0249
0.1198,0.4037,0.0952,straight,1.1808,7.4200,0.1005,-0.0921,0.0766
0.1016,0.7914,0.0081,stand,0.0000,4.4200,0.0000,nan,nan
0.0317,4.7143,0.2120,turn,0.0000,4.3800,0.0000,nan,nan
0.0699,1.7917,0.1875,turn,0.0000,4.1000,0.0000,nan,nan
0.2649,1.1780,0.1144,combined,1.9512,4.1400,0.2649,-0.2635,0.0271
0.1503,1.9247,0.1497,turn,0.0000,5.5600,0.0000,nan,nan
0.1869,2.8031,0.0907,combined,1.9507,4.8400,0.1834,-0.1296,0.1347
0.0514,1.2492,0.0760,turn,0.0000,6.1800,0.0000,nan,nan
0.0327,1.4926,0.0388,combined,1.4319,4.9000,0.0327,-0.0148,0.0292
0.0746,3.8219,0.1454,straight,0.5910,6.8200,0.0511,-0.0627,0.0405
0.1451,2.5899,0.1452,lateral,0.0186,7.2800,0.0118,0.0887,0.1148
0.0869,2.0390,0.2108,straight,1.4687,4.5800,0.0789,-0.0636,0.0592
0.1440,0.4778,0.0423,turn,0.0000,4.3800,0.0000,nan,nan
0.1114,2.1678,0.0335,lateral,0.4162,7.9800,0.0834,0.0707,0.0862
0.1635,2.1414,0.2177,turn,0.0000,6.4800,0.0000,nan,nan
0.0758,0.1283,0.0163,stand,0.0000,6.6400,0.0000,nan,nan
0.0325,1.0648,0.0991,turn,0.0000,4.0400,0.0000,nan,nan
0.1355,0.8624,0.0633,turn,0.0000,5.8800,0.0000,nan,nan
0.0370,1.2936,0.1241,straight,0.9380,7.7600,0.0370,-0.0368,0.0037
0.0945,2.4849,0.0607,combined,1.9029,7.9000,0.0892,0.0426,0.0844
0.0304,1.5958,0.0546,straight,0.0392,6.9200,0.0016,-0.0225,0.0204
0.0335,0.9089,0.0156,straight,0.7363,5.6200,0.0233,0.0069,0.0327
0.1995,2.1231,0.1964,combined,1.4686,4.8600,0.1946,-0.0794,0.1830
0.1837,4.2882,0.1101,lateral,0.1525,5.7200,0.0613,0.1374,0.1220
0.1323,3.7029,0.1623,straight,0.9699,6.8800,0.1323,-0.0770,0.1076
0.0157,2.7881,0.2345,combined,1.5261,6.3400,0.0005,0.0157,0.0003
0.2521,0.8879,0.0468,turn,0.0000,4.6800,0.0000,nan,nan
0.1837,1.7369,0.0963,straight,0.9928,5.2000,0.1727,-0.1222,0.1372
0.1277,4.3341,0.1237,turn,0.0000,5.4000,0.0000,nan,nan
0.0921,3.1034,0.0604,straight,0.8524,6.9200,0.0779,-0.0620,0.0681
0.0995,3.2736,0.0383,combined,2.4188,5.4800,0.0988,-0.0811,0.0576
0.0359,1.5077,0.1418,straight,1.3926,5.3800,0.0338,-0.0294,0.0206
0.0636,2.1870,0.0193,stand,0.0000,7.9000,0.0000,nan,nan
0.1335,1.3328,0.0390,straight,0.5476,5.0400,0.0689,0.0157,0.1326
0.0442,1.6779,0.0739,combined,0.7743,5.8400,0.0439,-0.0381,0.0225
0.0688,0.6053,0.0245,combined,1.8115,5.8200,0.0545,0.0317,0.0610
0.0446,3.0025,0.1154,combined,1.2763,5.2000,0.0320,0.0149,0.0421
0.0450,3.0394,0.0714,combined,1.0329,5.4600,0.0297,0.0402,0.0203
0.1186,2.9097,0.2328,lateral,0.8255,7.4800,0.1151,-0.1074,0.0504
0.0802,0.1111,0.1720,lateral,0.3110,7.5800,0.0468,-0.0144,0.0789
0.1220,0.1083,0.2581,straight,0.5040,6.0400,0.0959,0.0169,0.1208
0.1066,1.4448,0.2281,turn,0.0000,4.3800,0.0000,nan,nan
0.0877,0.4632,0.1186,lateral,1.3257,4.3200,0.0749,0.0451,0.0753
0.1293,1.8821,0.1788,lateral,0.4425,5.8800,0.1201,-0.1212,0.0451
0.1172,1.3733,0.0509,combined,1.4150,6.8400,0.0955,0.0793,0.0864
0.0649,1.0374,0.1531,straight,1.2140,6.6600,0.0237,0.0038,0.0648
0.0690,2.5061,0.2129,straight,0.2625,7.6600,0.0496,-0.0687,0.0073
0.0539,1.6683,0.1904,straight,0.4410,7.5400,0.0528,-0.0493,0.0217
0.0829,5.3093,0.2021,combined,1.0931,4.6200,0.0761,-0.0516,0.0649
0.0751,3.6165,0.1854,turn,0.0000,6.7200,0.0000,nan,nan
0.0706,0.6686,0.0765,lateral,0.9750,5.4400,0.0706,0.0074,0.0703
0.0194,5.1993,0.0298,straight,1.1305,4.4400,0.0066,-0.0007,0.0194
0.1451,3.5798,0.1049,lateral,1.2164,6.1400,0.0962,0.0715,0.1262
0.0806,0.7113,0.0985,combined,1.8719,7.4000,0.0651,-0.0798,0.0112
0.0999,1.0356,0.0695,turn,0.0000,4.1800,0.0000,nan,nan
0.0736,1.2779,0.0798,combined,1.2437,5.0200,0.0735,-0.0514,0.0527
0.0458,2.4424,0.0600,combined,1.3649,5.1400,0.0261,-0.0180,0.0421
0.1108,2.3160,0.0781,straight,0.5375,6.2400,0.0418,0.0770,0.0797
0.1153,2.5354,0.0312,straight,1.0339,6.7400,0.0732,-0.0417,0.1075
0.1276,0.9091,0.2097,combined,0.8341,6.8800,0.0829,0.0136,0.1269
0.0700,1.4613,0.0644,lateral,1.4815,6.0800,0.0689,-0.0671,0.0201
0.0330,1.0933,0.0529,lateral,1.4536,6.7800,0.0177,0.0164,0.0286
0.1400,0.7923,0.1167,turn,0.0000,6.6800,0.0000,nan,nan
0.0465,1.6521,0.1932,combined,1.7849,7.7200,0.0395,-0.0422,0.0193
0.1190,1.6606,0.0433,lateral,0.9939,4.0200,0.1160,-0.0033,0.1190
0.1055,3.2844,0.0537,combined,0.7440,4.7600,0.0778,0.1001,0.0334
0.0619,0.8126,0.1691,combined,2.3478,6.0600,0.0295,-0.0354,0.0507
0.1467,0.7087,0.1332,straight,1.9310,5.2400,0.1235,-0.0011,0.1467
0.0707,0.3260,0.0292,stand,0.0000,5.6000,0.0000,nan,nan
0.1433,7.2874,0.1432,straight,1.0346,6.5400,0.1433,-0.0415,0.1372
0.0226,0.2386,0.1534,straight,0.0090,7.5000,0.0023,-0.0122,0.0190
0.1352,3.6613,0.1388,lateral,1.0198,5.9200,0.1182,-0.0892,0.1017
0.1449,4.5849,0.1269,lateral,1.2511,5.6000,0.1178,0.0511,0.1356
0.1224,3.3520,0.1674,combined,0.9505,5.1000,0.0893,0.0131,0.1217
0.0247,0.2289,0.0336,turn,0.0000,4.8400,0.0000,nan,nan
0.0488,0.1717,0.0934,lateral,1.0069,4.9600,0.0346,0.0254,0.0416
0.0910,3.4482,0.0822,lateral,0.0880,5.8000,0.0293,0.0394,0.0820
0.2213,3.5888,0.0948,turn,0.0000,7.1600,0.0000,nan,nan
0.0225,0.1559,0.1437,turn,0.0000,6.8800,0.0000,nan,nan
0.0647,5.3486,0.1506,combined,0.9932,7.6800,0.0366,0.0348,0.0546
0.1420,4.0300,0.1594,combined,1.6258,6.7000,0.1379,-0.0092,0.1417
0.0554,0.5187,0.0404,combined,2.1226,5.3600,0.0149,0.0553,0.0036
0.0222,2.2839,0.1813,turn,0.0000,5.3000,0.0000,nan,nan
0.1835,2.0892,0.0319,combined,1.7324,5.1600,0.1835,-0.1636,0.0832
0.0205,3.1062,0.0386,lateral,0.2223,4.5800,0.0095,-0.0052,0.0199
0.0400,2.4527,0.0824,turn,0.0000,6.7000,0.0000,nan,nan
0.1063,2.1520,0.0680,combined,1.3504,5.5200,0.0537,0.0914,0.0542
0.1350,0.7154,0.1955,lateral,1.2559,6.7000,0.0988,-0.1333,0.0212
0.1261,1.6169,0.2183,combined,1.4387,7.6200,0.1030,-0.1056,0.0689
0.1050,0.6076,0.0858,lateral,1.3888,7.9200,0.0784,-0.0991,0.0347
0.2678,3.4902,0.0299,combined,1.9121,6.3800,0.2388,-0.2625,0.0532
0.0889,2.7629,0.3087,lateral,1.3997,4.6800,0.0889,-0.0529,0.0715
0.1173,1.8724,0.0267,combined,1.8266,7.3400,0.1106,0.0708,0.0936
0.1149,1.0177,0.0561,combined,0.9973,4.5600,0.1026,-0.0811,0.0813
0.0770,3.5358,0.0174,stand,0.0000,6.2400,0.0000,nan,nan
0.1346,0.9958,0.0615,combined,1.0075,6.6200,0.0141,0.0962,0.0941
0.1001,5.1004,0.2347,combined,0.8033,7.3000,0.0356,0.0497,0.0868
0.0401,2.1586,0.0539,lateral,0.7365,4.4200,0.0401,-0.0375,0.0141
0.0803,2.2428,0.1553,straight,1.7096,6.0400,0.0636,-0.0045,0.0802
0.1286,1.6676,0.0803,combined,1.9599,6.7600,0.0740,0.0626,0.1124
0.0300,0.3137,0.1079,lateral,0.5849,5.5000,0.0227,-0.0289,0.0079
0.0083,5.8587,0.0436,lateral,0.5152,4.8200,0.0083,-0.0083,0.0007
0.1689,3.6366,0.1357,turn,0.0000,4.5600,0.0000,nan,nan
0.0366,1.2176,0.0053,stand,0.0000,5.3400,0.0000,nan,nan
0.1138,0.6306,0.0849,combined,1.2026,7.8000,0.0855,-0.0640,0.0941
0.1644,4.4753,0.0614,combined,1.7965,7.0600,0.0166,0.1314,0.0988
0.1219,1.5485,0.0498,straight,0.6903,4.8400,0.0284,0.0912,0.0809
0.0680,0.7448,0.0307,straight,0.2612,4.5000,0.0226,0.0123,0.0668
0.1729,2.7842,0.0869,turn,0.0000,6.9400,0.0000,nan,nan
0.0830,1.0907,0.2097,combined,1.0280,6.3000,0.0718,-0.0703,0.0441
0.1161,1.2345,0.1780,lateral,0.4590,6.9400,0.0780,0.0751,0.0885
0.1550,0.5640,0.1981,combined,1.5940,5.6800,0.1475,-0.1269,0.0892
0.1604,2.0948,0.1897,combined,2.2695,5.6000,0.1150,0.0898,0.1328
0.1628,2.5209,0.1539,lateral,0.2270,7.0800,0.0377,0.1397,0.0835
0.1927,4.7586,0.0188,lateral,0.5985,5.7400,0.1624,-0.1671,0.0960
0.0818,1.7655,0.0161,turn,0.0000,6.9200,0.0000,nan,nan
0.0590,0.5999,0.0930,combined,1.5638,5.4600,0.0251,0.0423,0.0412
0.0738,5.6979,0.0542,stand,0.0000,4.9400,0.0000,nan,nan
0.1188,3.9053,0.0410,straight,0.4654,6.7800,0.0304,0.1142,0.0326
0.0613,2.0664,0.2129,straight,0.2931,6.0200,0.0462,-0.0458,0.0408
0.0864,5.2210,0.0476,straight,0.7237,7.7800,0.0115,0.0850,0.0153
0.0983,2.8182,0.2327,turn,0.0000,6.8400,0.0000,nan,nan
0.0949,2.2358,0.2193,lateral,1.1374,5.0200,0.0543,0.0586,0.0746
0.0492,4.0525,0.0516,combined,0.9652,6.2000,0.0042,0.0124,0.0476
0.0705,0.9347,0.0488,straight,0.4098,7.5000,0.0103,0.0053,0.0703
0.0849,1.6922,0.2359,combined,1.7114,4.0400,0.0849,-0.0822,0.0212
0.2028,0.3934,0.1042,turn,0.0000,4.3000,0.0000,nan,nan
0.0747,0.6226,0.0535,turn,0.0000,7.1600,0.0000,nan,nan
0.1475,1.1570,0.2009,straight,0.5943,4.4000,0.1162,-0.0206,0.1460
0.0454,2.9070,0.1304,combined,1.3922,4.6800,0.0434,-0.0363,0.0272
0.0490,3.4865,0.1402,turn,0.0000,6.3400,0.0000,nan,nan
0.0545,1.0030,0.0183,straight,0.7255,5.4800,0.0164,0.0410,0.0359
0.0751,3.9339,0.1263,combined,0.8788,5.7200,0.0070,0.0751,0.0025
0.0475,1.3770,0.0553,straight,0.6042,6.8800,0.0130,-0.0081,0.0468
0.0983,0.6619,0.0101,stand,0.0000,7.1000,0.0000,nan,nan
0.1546,1.8824,0.0936,lateral,1.2873,7.9000,0.0324,0.1546,0.0005
0.0365,0.9225,0.0245,stand,0.0000,5.1000,0.0000,nan,nan
0.1687,0.2229,0.0530,combined,2.1375,7.6000,0.1647,0.0588,0.1581
0.0650,4.0008,0.0086,stand,0.0000,7.8800,0.0000,nan,nan
0.2141,3.3561,0.0250,combined,1.3612,4.1400,0.2138,-0.1443,0.1582
0.0653,1.0982,0.0995,lateral,1.1246,5.3400,0.0389,0.0455,0.0468
0.0549,3.9115,0.1412,straight,1.6189,6.8400,0.0229,-0.0538,0.0106
0.0596,0.0076,0.0375,straight,0.8543,4.2000,0.0596,-0.0568,0.0179
0.1206,8.3839,0.0887,lateral,1.3182,5.3400,0.1083,-0.0776,0.0923
0.0340,2.5948,0.0065,lateral,0.4980,4.4600,0.0148,-0.0314,0.0132
0.0544,2.5891,0.0333,stand,0.0000,7.1800,0.0000,nan,nan
0.0655,0.6608,0.2368,combined,1.5659,4.2600,0.0649,-0.0563,0.0335
0.1268,0.6793,0.0439,stand,0.0000,5.0400,0.0000,nan,nan
0.0937,3.4185,0.2251,combined,1.0623,7.0000,0.0792,-0.0830,0.0435
0.1343,0.8590,0.1888,straight,0.0818,7.1800,0.0358,0.0629,0.1187
0.0497,3.3959,0.0712,combined,0.8430,6.3400,0.0244,-0.0490,0.0086
0.0185,4.8330,0.0353,lateral,1.2909,6.4200,0.0054,-0.0185,0.0008
0.3000,1.7927,0.1034,straight,1.9518,4.0200,0.2875,-0.2219,0.2019
0.1519,3.4072,0.0341,straight,1.3459,4.2000,0.1519,-0.1406,0.0575
0.1279,2.2851,0.0613,straight,0.2873,5.5800,0.0651,0.0720,0.1057
0.0191,1.0743,0.0461,combined,2.1486,6.1200,0.0191,-0.0186,0.0047
0.1462,2.9126,0.0697,turn,0.0000,4.4800,0.0000,nan,nan
0.0760,1.1496,0.0118,combined,0.7675,6.8000,0.0286,-0.0477,0.0592
0.0612,2.8677,0.1592,straight,0.4107,4.1200,0.0571,-0.0565,0.0236
0.0358,1.2913,0.1848,combined,1.2890,5.2800,0.0232,-0.0358,0.0014
0.0705,5.3746,0.0606,straight,0.5688,4.8200,0.0532,0.0405,0.0577
0.1562,2.5599,0.0924,lateral,0.7128,5.5600,0.0498,0.1482,0.0496
0.0775,3.1566,0.1339,lateral,1.2890,7.8600,0.0770,-0.0752,0.0188
0.0513,2.0499,0.1006,straight,1.8354,4.2200,0.0513,-0.0037,0.0511
0.1575,1.7468,0.1581,turn,0.0000,6.1800,0.0000,nan,nan
0.1427,1.5497,0.2212,straight,1.7847,5.5200,0.1405,-0.0863,0.1137
0.0298,1.5577,0.2195,combined,1.9667,7.4600,0.0110,-0.0230,0.0190
0.0708,1.9491,0.1402,straight,0.6941,6.2200,0.0662,0.0457,0.0541
0.0627,0.0555,0.0732,straight,1.2458,4.7400,0.0192,0.0347,0.0523
0.0637,2.9791,0.0413,combined,1.7161,7.0800,0.0605,-0.0216,0.0599
0.1077,2.0738,0.0225,combined,1.7638,7.4400,0.0867,-0.1005,0.0386
0.0896,1.0006,0.0494,combined,2.0231,5.9800,0.0885,-0.0585,0.0678
0.0649,0.7532,0.0064,turn,0.0000,7.6400,0.0000,nan,nan
0.0393,5.1354,0.0160,stand,0.0000,7.3600,0.0000,nan,nan
0.1899,0.4217,0.0399,turn,0.0000,5.6200,0.0000,nan,nan
0.0581,1.1941,0.0238,stand,0.0000,7.7200,0.0000,nan,nan
0.0731,0.2040,0.0206,turn,0.0000,4.8000,0.0000,nan,nan
0.0325,4.5401,0.0369,stand,0.0000,4.9000,0.0000,nan,nan
0.0197,0.2521,0.0300,stand,0.0000,5.5200,0.0000,nan,nan
0.0376,0.7512,0.1523,combined,0.1988,7.0800,0.0307,0.0030,0.0375
0.0679,2.3302,0.1280,combined,1.1242,5.4000,0.0679,-0.0472,0.0488
0.0446,1.4420,0.1691,combined,1.1519,7.8000,0.0324,-0.0134,0.0426
0.1733,0.9164,0.1045,combined,1.6553,4.5600,0.1572,-0.1081,0.1354
0.1281,6.3398,0.1505,lateral,1.0948,4.3400,0.1228,-0.1245,0.0302
0.0407,2.0475,0.1369,straight,0.0722,7.3400,0.0127,0.0191,0.0360
0.0500,3.5104,0.2374,combined,1.8530,5.0800,0.0434,-0.0470,0.0172
0.0927,0.0387,0.1392,straight,0.5000,7.0600,0.0760,-0.0713,0.0592
0.0552,0.7807,0.0135,stand,0.0000,7.0200,0.0000,nan,nan
0.0816,2.6997,0.0530,straight,1.6221,7.7400,0.0772,-0.0816,0.0039
0.0687,0.3039,0.0387,lateral,0.2038,5.1800,0.0442,0.0334,0.0600
0.0442,5.8844,0.0725,turn,0.0000,4.8000,0.0000,nan,nan
0.0464,3.9699,0.1647,combined,0.9215,4.8400,0.0432,-0.0377,0.0272
0.0896,0.5943,0.2237,straight,0.7946,4.5200,0.0779,-0.0407,0.0798
0.1248,3.4087,0.0185,combined,1.0819,5.0400,0.1248,-0.0887,0.0878
0.0674,0.0607,0.0270,combined,1.6127,7.9000,0.0487,-0.0324,0.0591
0.1241,2.0836,0.0392,combined,0.6301,6.7000,0.0806,-0.1200,0.0314
0.0953,0.9822,0.0435,combined,1.8344,4.6000,0.0136,0.0639,0.0707
0.1333,0.9794,0.1264,straight,0.2527,4.3200,0.1315,-0.1205,0.0570
0.0703,2.8569,0.0936,straight,0.0762,5.7200,0.0561,-0.0320,0.0626
0.0201,1.8645,0.2604,turn,0.0000,4.7200,0.0000,nan,nan
0.1758,4.3322,0.1254,straight,0.5620,4.6400,0.1727,-0.1188,0.1296
0.1186,1.0409,0.0840,lateral,0.6000,6.9400,0.0083,0.1186,0.0035
0.0659,0.1619,0.0155,straight,1.4455,5.6600,0.0519,-0.0506,0.0423
0.0454,2.8248,0.0410,lateral,0.0571,4.6600,0.0346,-0.0333,0.0308
0.1358,4.4469,0.2699,combined,1.2967,4.3200,0.0923,0.0666,0.1184
0.1927,1.8637,0.1298,combined,2.1120,4.9000,0.1851,-0.0350,0.1895
0.1142,0.7359,0.0700,straight,0.1449,6.6000,0.0063,0.1136,0.0119
0.1012,0.8735,0.1342,straight,1.6894,4.5400,0.1009,-0.0981,0.0250
0.0873,0.6341,0.1969,straight,0.9187,5.1600,0.0074,0.0481,0.0728
0.0025,0.1783,0.0138,stand,0.0000,7.2800,0.0000,nan,nan
0.0432,2.6548,0.0432,combined,1.5959,6.7800,0.0430,-0.0151,0.0405
0.1086,1.0998,0.0513,stand,0.0000,5.7200,0.0000,nan,nan
0.1207,1.4398,0.1620,lateral,0.9736,7.3400,0.1051,0.0298,0.1170
0.0560,1.6650,0.0842,straight,1.5826,6.4400,0.0084,0.0270,0.0490
0.0216,0.3138,0.1120,straight,0.3133,5.2200,0.0012,0.0119,0.0180
0.0540,2.4108,0.1499,turn,0.0000,4.1000,0.0000,nan,nan
0.1386,2.3650,0.1742,straight,0.4445,5.7800,0.1193,-0.0828,0.1112
0.0541,1.2279,0.0638,stand,0.0000,4.4400,0.0000,nan,nan
0.1070,5.3448,0.0772,combined,1.3432,4.9800,0.1062,0.0376,0.1001
0.0516,5.4318,0.1222,straight,1.7449,7.7800,0.0013,0.0509,0.0081
0.0498,1.9484,0.2021,turn,0.0000,7.4000,0.0000,nan,nan
0.0481,4.2714,0.0407,lateral,0.8921,4.2600,0.0371,-0.0180,0.0446
0.0708,4.6211,0.2105,combined,1.7721,6.1800,0.0144,0.0686,0.0174
0.1612,2.9215,0.0384,straight,0.5929,6.7600,0.1167,-0.0674,0.1464
0.0766,0.7896,0.2513,stand,0.0000,4.0600,0.0000,nan,nan
0.0998,5.6477,0.1942,combined,2.0002,5.1000,0.0907,-0.0401,0.0914
0.0370,3.7509,0.1843,lateral,1.1056,6.0800,0.0230,-0.0322,0.0182
0.0108,0.0892,0.0649,lateral,1.1612,4.9400,0.0070,0.0073,0.0079
0.0471,0.1577,0.1442,turn,0.0000,7.1400,0.0000,nan,nan
0.0198,1.4945,0.1181,lateral,0.8955,6.3200,0.0125,0.0064,0.0187
0.0543,3.8671,0.0771,turn,0.0000,4.5800,0.0000,nan,nan
0.0356,1.7682,0.0334,stand,0.0000,4.5800,0.0000,nan,nan
0.0186,1.2402,0.0206,combined,0.9442,5.0000,0.0006,0.0164,0.0089
0.1032,3.0991,0.0802,turn,0.0000,6.0000,0.0000,nan,nan
0.1364,2.7464,0.0477,lateral,0.4577,5.8400,0.1068,-0.1279,0.0472
0.0090,0.8209,0.0228,stand,0.0000,6.7400,0.0000,nan,nan
0.1578,3.6769,0.2104,combined,2.1364,6.2400,0.1492,-0.1498,0.0495
0.1195,1.5041,0.1990,turn,0.0000,6.1200,0.0000,nan,nan
0.0754,0.3091,0.0868,combined,2.0648,6.8400,0.0741,-0.0736,0.0163
0.0504,0.8250,0.1459,straight,0.8601,6.4800,0.0384,0.0410,0.0293
0.0733,3.0247,0.0407,lateral,1.1861,4.6800,0.0563,-0.0640,0.0356
0.1044,2.8994,0.0310,combined,1.4206,5.1600,0.0880,-0.0467,0.0934
0.0693,0.1933,0.1815,straight,0.0275,7.3000,0.0128,0.0424,0.0548
0.0330,0.4080,0.0585,turn,0.0000,5.9000,0.0000,nan,nan
0.0856,2.6044,0.1547,combined,1.9026,4.8400,0.0715,-0.0856,0.0021
0.0649,2.6555,0.1214,lateral,0.9127,7.6400,0.0529,-0.0631,0.0151
0.0628,1.7095,0.0345,stand,0.0000,7.7800,0.0000,nan,nan
0.0833,0.0807,0.0155,stand,0.0000,5.4000,0.0000,nan,nan
0.1445,2.1007,0.1472,combined,1.1026,7.6600,0.1121,-0.0724,0.1251
0.1158,3.3768,0.0535,lateral,1.3255,5.6600,0.1043,0.0514,0.1038
0.1042,0.7440,0.0429,combined,0.5316,6.8800,0.0744,-0.0521,0.0902
0.1638,1.6580,0.3367,lateral,1.3571,4.1800,0.1638,-0.1351,0.0925
0.1131,0.2635,0.1822,combined,1.8735,7.8200,0.1131,-0.1127,0.0088
0.0788,1.3545,0.0753,combined,1.4654,7.0400,0.0670,-0.0785,0.0061
0.0531,2.3685,0.0883,straight,0.4490,7.7600,0.0531,-0.0461,0.0264
0.0722,2.6296,0.1777,combined,0.4734,6.8000,0.0542,-0.0711,0.0127
0.0342,4.1119,0.1119,combined,1.3291,6.5000,0.0131,0.0266,0.0215
0.1472,2.6132,0.1713,combined,1.4868,4.0400,0.1472,-0.1429,0.0353
0.0734,2.3050,0.0169,stand,0.0000,5.8000,0.0000,nan,nan
0.1069,0.5596,0.0999,lateral,0.5477,6.5400,0.0772,-0.0034,0.1069
0.1449,0.2620,0.0477,lateral,1.3074,7.4200,0.1096,0.0917,0.1122
0.1513,1.6891,0.1950,turn,0.0000,6.0000,0.0000,nan,nan
0.1662,2.6505,0.0331,combined,0.7562,6.5600,0.1432,0.0254,0.1642
0.0195,0.3169,0.0196,lateral,1.0544,7.0200,0.0178,-0.0052,0.0188
0.1252,0.0738,0.0262,combined,1.7424,6.3200,0.1105,0.0733,0.1015
0.1434,1.7909,0.2578,combined,1.7992,4.2400,0.1434,-0.1370,0.0423
0.0212,1.8306,0.0084,stand,0.0000,5.9600,0.0000,nan,nan
0.0970,4.6578,0.1018,combined,0.2698,7.3200,0.0658,-0.0315,0.0918
0.0183,0.0530,0.0480,combined,1.4731,6.1800,0.0181,-0.0170,0.0065
0.1401,5.0823,0.0921,straight,1.8850,4.8600,0.1353,-0.1240,0.0652
0.1250,1.9413,0.0911,lateral,0.9594,5.6800,0.1025,-0.1243,0.0134
0.1478,0.0711,0.0151,combined,0.7912,7.0400,0.0520,0.1093,0.0995
0.1968,2.5830,0.1065,straight,1.9628,6.7600,0.1968,-0.1529,0.1238
0.1224,1.0767,0.0813,turn,0.0000,5.1000,0.0000,nan,nan
0.0548,1.6407,0.1777,turn,0.0000,5.6400,0.0000,nan,nan
0.0742,2.0027,0.2220,combined,1.3656,4.6200,0.0660,-0.0716,0.0195
0.0769,2.1354,0.0154,combined,0.2793,6.6200,0.0762,-0.0746,0.0185
0.0760,4.2881,0.2913,combined,1.3995,4.4600,0.0760,-0.0720,0.0244
0.1989,2.1536,0.1894,turn,0.0000,6.1600,0.0000,nan,nan
0.0504,0.2235,0.0447,straight,1.5522,5.2600,0.0320,0.0077,0.0498
0.0694,1.5514,0.1248,straight,1.6194,7.7000,0.0396,0.0515,0.0465
0.1333,1.3301,0.2373,turn,0.0000,6.3600,0.0000,nan,nan
0.0747,1.2962,0.1717,turn,0.0000,4.3200,0.0000,nan,nan
0.1003,1.1961,0.0861,lateral,0.3327,7.4000,0.0534,-0.0990,0.0163
0.1570,0.1002,0.1065,turn,0.0000,5.8800,0.0000,nan,nan
0.0435,2.0891,0.1927,combined,1.5803,5.8600,0.0262,0.0341,0.0269
0.1627,1.8396,0.1151,straight,0.6044,7.3000,0.1549,-0.1311,0.0963
0.0166,1.4870,0.0891,turn,0.0000,6.9000,0.0000,nan,nan
0.1033,1.4975,0.0188,stand,0.0000,4.8800,0.0000,nan,nan
0.0617,3.4426,0.0170,turn,0.0000,4.9800,0.0000,nan,nan
0.1004,0.6363,0.0475,stand,0.0000,7.1600,0.0000,nan,nan
0.0519,2.6384,0.0281,stand,0.0000,7.8600,0.0000,nan,nan
0.1113,0.0611,0.0198,combined,1.3464,5.4600,0.1109,-0.0919,0.0629
0.1294,3.4480,0.0763,combined,0.4324,5.5200,0.1060,0.0737,0.1063
0.0804,3.7163,0.0329,combined,1.1171,7.6800,0.0006,0.0535,0.0601
0.0359,1.0379,0.0470,stand,0.0000,6.8800,0.0000,nan,nan
0.0587,3.3106,0.1572,straight,0.5948,5.8000,0.0230,-0.0250,0.0531
0.1804,0.7662,0.0226,combined,0.7205,6.5400,0.1498,-0.1510,0.0987
0.0936,0.0918,0.2213,lateral,1.3126,4.8600,0.0936,-0.0544,0.0762
0.0621,0.9593,0.0107,stand,0.0000,6.2000,0.0000,nan,nan
0.1845,5.4053,0.0753,straight,1.0079,5.9600,0.1825,-0.1300,0.1309
0.0666,1.7150,0.1947,lateral,0.8518,7.0000,0.0630,-0.0413,0.0522
0.1396,1.2570,0.0173,lateral,0.1560,5.6600,0.1198,-0.1331,0.0422
0.1603,1.3633,0.1551,combined,1.0525,4.0000,0.1542,-0.1488,0.0595
0.0415,2.1830,0.0352,lateral,0.2140,4.0200,0.0398,-0.0229,0.0346
0.2237,1.1031,0.0396,combined,1.6489,4.0200,0.2166,-0.1581,0.1583
0.0491,2.1526,0.0750,stand,0.0000,4.0600,0.0000,nan,nan
0.0957,3.1765,0.0258,stand,0.0000,4.0600,0.0000,nan,nan
0.0434,5.3373,0.0481,lateral,1.3041,4.0800,0.0378,-0.0411,0.0140
0.0677,2.8197,0.1031,straight,1.0399,4.0800,0.0638,-0.0586,0.0340
0.0627,0.6554,0.3375,combined,1.5550,4.1200,0.0627,-0.0625,0.0055
0.1204,5.9270,0.0327,combined,2.1220,4.1800,0.1203,-0.0372,0.1146
0.1289,0.6349,0.1195,straight,0.1748,4.1800,0.0568,0.1002,0.0810
0.0414,1.8804,0.0747,combined,1.1791,4.2000,0.0331,0.0375,0.0176
0.2327,2.1352,0.1276,combined,2.2973,4.2000,0.2327,-0.2170,0.0841
0.0609,3.4862,0.0196,stand,0.0000,4.2000,0.0000,nan,nan
0.0288,4.1797,0.1755,combined,1.0310,4.2200,0.0167,-0.0158,0.0240
0.0149,1.0253,0.0199,stand,0.0000,4.2200,0.0000,nan,nan
0.1382,4.8926,0.2747,straight,1.7151,4.2400,0.1382,-0.0722,0.1179
0.0580,1.5004,0.0183,straight,0.9549,4.2400,0.0143,0.0571,0.0105
0.1176,1.6536,0.1723,turn,0.0000,4.2600,0.0000,nan,nan
0.1178,0.0109,0.0886,turn,0.0000,4.2600,0.0000,nan,nan
0.2267,3.5158,0.0510,combined,1.0665,4.2600,0.2267,-0.2197,0.0559
0.2706,0.0751,0.2183,lateral,0.9584,4.3200,0.2546,-0.2335,0.1367
0.1449,3.8504,0.1938,lateral,0.9003,4.3600,0.1368,-0.1285,0.0668
0.0706,1.9365,0.1095,combined,1.1845,4.4000,0.0411,-0.0176,0.0683
0.1095,1.3350,0.0439,combined,2.0450,4.4200,0.1077,-0.1077,0.0198
0.1503,2.7317,0.1219,combined,1.6146,4.4200,0.1503,-0.1242,0.0846
0.1257,0.0084,0.0647,lateral,0.5998,4.4400,0.0792,0.0567,0.1123
0.1052,4.6007,0.0263,stand,0.0000,4.5000,0.0000,nan,nan
0.1466,0.9640,0.0239,straight,0.6512,4.5200,0.1177,-0.0744,0.1263
0.0519,0.4628,0.0977,combined,1.4137,4.5600,0.0519,-0.0195,0.0482
0.0426,0.3787,0.0645,turn,0.0000,4.5600,0.0000,nan,nan
0.0957,1.6330,0.0627,combined,1.8512,4.5800,0.0957,-0.0836,0.0466
0.0961,1.6218,0.0713,combined,1.5935,4.6000,0.0961,-0.0961,0.0005
0.1776,0.3720,0.0512,straight,1.5623,4.6000,0.1603,-0.0551,0.1689
0.0899,1.1936,0.2653,combined,2.0139,4.6000,0.0887,-0.0804,0.0401
0.1399,1.2878,0.1624,straight,1.1047,4.6200,0.1251,-0.1207,0.0709
0.2105,2.7763,0.1641,combined,1.6537,4.6400,0.2016,-0.1879,0.0950
0.0844,2.2055,0.0830,straight,0.0926,4.6400,0.0657,-0.0553,0.0637
0.0825,2.1749,0.0228,turn,0.0000,4.6600,0.0000,nan,nan
0.1534,1.8121,0.2023,combined,1.5864,4.7000,0.1467,-0.1532,0.0075
0.1567,4.7038,0.1815,turn,0.0000,4.7200,0.0000,nan,nan
0.1255,3.8061,0.1547,lateral,0.9748,4.7200,0.1144,-0.0812,0.0957
0.0733,1.5732,0.0063,stand,0.0000,4.7600,0.0000,nan,nan
0.1033,0.9958,0.1975,combined,1.5922,4.7600,0.0995,-0.0976,0.0339
0.0831,0.9016,0.1119,straight,0.7549,4.7600,0.0831,-0.0821,0.0125
0.1436,3.0251,0.2153,straight,1.0815,4.7800,0.0730,0.0815,0.1182
0.0741,0.0452,0.0275,straight,1.1273,4.8000,0.0677,-0.0623,0.0400
0.0795,4.4957,0.0547,combined,1.3085,4.8000,0.0463,0.0310,0.0732
0.1066,3.0622,0.1096,lateral,0.6133,4.8200,0.0906,-0.0944,0.0495
0.1646,3.8860,0.1750,turn,0.0000,4.8200,0.0000,nan,nan
0.0748,0.3386,0.1893,combined,2.2560,4.8400,0.0748,-0.0519,0.0539
0.0500,4.9930,0.1539,turn,0.0000,4.8400,0.0000,nan,nan
0.1414,0.8315,0.1347,combined,1.1667,4.8400,0.1181,-0.0349,0.1370
0.1290,1.3742,0.1168,lateral,0.4737,4.8600,0.0356,0.1201,0.0469
0.1461,3.5404,0.0705,lateral,1.4906,4.8600,0.1461,-0.1297,0.0673
0.0568,2.8924,0.2111,combined,0.6995,4.9000,0.0475,-0.0218,0.0524
0.0718,0.8949,0.1728,turn,0.0000,4.9200,0.0000,nan,nan
0.1038,3.8256,0.1522,combined,1.0838,4.9800,0.0734,-0.0712,0.0756
0.0219,1.3477,0.0213,stand,0.0000,5.0200,0.0000,nan,nan
0.0760,6.1988,0.0497,lateral,0.5394,5.0200,0.0738,0.0155,0.0744
0.0726,0.0160,0.0365,straight,0.7871,5.0600,0.0598,-0.0609,0.0396
0.1081,1.3971,0.1216,lateral,0.4523,5.0600,0.1001,0.0451,0.0982
0.0717,2.6399,0.0783,turn,0.0000,5.0600,0.0000,nan,nan
0.0323,0.7397,0.1096,straight,1.0112,5.0600,0.0033,-0.0023,0.0322
0.0684,1.2161,0.2111,straight,0.3419,5.0800,0.0455,-0.0012,0.0684
0.0865,1.5088,0.2532,straight,0.4733,5.0800,0.0776,-0.0770,0.0394
0.0910,0.7464,0.1268,turn,0.0000,5.1000,0.0000,nan,nan
0.0832,0.3894,0.0273,combined,1.5039,5.1200,0.0684,-0.0818,0.0151
0.0628,1.2108,0.0461,combined,1.0665,5.1200,0.0628,-0.0263,0.0570
0.0672,2.7134,0.0385,straight,1.5613,4.9200,0.0613,-0.0489,0.0462
0.0394,4.1810,0.0143,combined,0.7421,5.1800,0.0176,-0.0336,0.0206
0.1620,0.9546,0.1502,combined,1.6073,5.2000,0.1474,-0.1232,0.1051
0.0542,0.6847,0.1778,lateral,1.0828,5.2200,0.0463,0.0103,0.0532
0.0436,2.0523,0.0431,combined,1.7786,5.2200,0.0436,-0.0434,0.0047
0.1252,2.5468,0.1195,straight,1.8329,5.2200,0.1180,-0.1066,0.0656
0.0637,3.1601,0.1330,straight,0.9190,5.2400,0.0410,0.0600,0.0214
0.0802,3.6354,0.0761,combined,2.0611,5.2400,0.0783,-0.0708,0.0377
0.0991,1.0123,0.1056,straight,1.7454,5.2600,0.0677,-0.0267,0.0954
0.0900,3.1552,0.0238,stand,0.0000,5.2800,0.0000,nan,nan
0.0630,1.0636,0.0894,lateral,1.2501,5.3000,0.0398,-0.0535,0.0333
0.0274,1.2168,0.1419,straight,1.0797,5.3000,0.0241,-0.0199,0.0188
0.1290,4.2400,0.0371,combined,1.2026,5.3000,0.1269,-0.0906,0.0919
0.1042,0.2297,0.1835,straight,1.5589,5.3800,0.0953,-0.1032,0.0144
0.0465,0.6101,0.1688,lateral,0.9415,5.3800,0.0274,-0.0377,0.0271
0.1715,1.1053,0.2045,straight,0.1408,5.4000,0.1040,-0.1668,0.0399
0.0693,2.7301,0.2101,combined,1.4437,5.3800,0.0693,-0.0693,0.0002
0.0753,4.4559,0.0965,combined,1.3046,5.4000,0.0666,-0.0576,0.0486
0.0728,1.4228,0.0176,turn,0.0000,5.4000,0.0000,nan,nan
0.0426,1.3292,0.0046,stand,0.0000,5.4200,0.0000,nan,nan
0.0070,5.3616,0.0157,lateral,0.3232,5.4200,0.0070,0.0027,0.0064
0.1570,0.8362,0.2136,straight,1.7591,5.4400,0.1566,-0.0181,0.1559
0.1325,1.7586,0.0785,combined,1.7809,5.4600,0.1325,-0.0929,0.0945
0.0573,0.2607,0.1354,lateral,1.4454,5.4600,0.0268,-0.0572,0.0029
0.0681,2.0048,0.2415,straight,1.9669,5.5000,0.0327,0.0454,0.0507
0.1231,3.6205,0.1632,combined,1.4109,5.5000,0.0656,0.1090,0.0572
0.0155,1.0825,0.2468,combined,2.1201,5.5200,0.0099,-0.0082,0.0132
0.0501,2.7367,0.1807,lateral,0.1704,5.5400,0.0403,-0.0432,0.0253
0.0780,3.3109,0.1114,combined,1.9695,5.5000,0.0150,0.0543,0.0561
0.0529,2.2972,0.1918,combined,0.1077,5.5600,0.0394,0.0088,0.0522
0.1687,2.6681,0.1914,straight,1.9503,5.6200,0.1605,-0.0760,0.1506
0.0063,4.3360,0.1533,straight,1.1601,5.6200,0.0031,0.0004,0.0063
0.1175,2.3030,0.1570,straight,0.5610,5.6200,0.0983,-0.0765,0.0893
0.0231,0.6427,0.1691,lateral,0.3112,5.6200,0.0191,-0.0173,0.0153
0.1086,4.5222,0.1850,straight,0.3847,5.6400,0.0239,-0.0363,0.1023
0.1896,0.7209,0.0197,combined,0.9451,5.6600,0.1144,0.0299,0.1873
0.2022,0.7078,0.0389,combined,1.1452,5.7200,0.1782,-0.0923,0.1799
0.1893,4.3739,0.0440,combined,2.0055,5.7200,0.1893,-0.1357,0.1320
0.0623,3.4073,0.1375,straight,1.5328,5.7600,0.0568,-0.0161,0.0602
0.1147,0.8521,0.2033,combined,2.1529,5.7800,0.1147,-0.0346,0.1094
0.0877,1.5876,0.0987,straight,1.6110,5.7800,0.0811,-0.0604,0.0636
0.0131,3.3673,0.0072,straight,0.8317,5.8000,0.0095,-0.0083,0.0102
0.0596,0.9790,0.0260,stand,0.0000,5.8000,0.0000,nan,nan
0.1043,5.0000,0.1876,lateral,0.5782,5.8000,0.0790,0.0082,0.1040
0.0328,0.7529,0.0238,combined,2.0194,5.8000,0.0326,-0.0232,0.0233
0.0605,2.1357,0.0921,turn,0.0000,5.8200,0.0000,nan,nan
0.1458,1.5963,0.0949,turn,0.0000,5.8200,0.0000,nan,nan
0.1053,0.8518,0.0579,stand,0.0000,5.8200,0.0000,nan,nan
0.0862,0.4403,0.1859,turn,0.0000,5.8400,0.0000,nan,nan
0.0637,2.6000,0.0340,turn,0.0000,5.8600,0.0000,nan,nan
0.0333,1.5953,0.0206,stand,0.0000,5.8600,0.0000,nan,nan
0.0062,1.1874,0.1991,combined,0.9193,5.8600,0.0031,0.0057,0.0025
0.0372,0.3513,0.2183,combined,2.0557,5.8800,0.0059,0.0367,0.0062
0.0636,0.5316,0.0681,combined,0.3452,5.8800,0.0622,-0.0138,0.0621
0.0696,1.2174,0.1899,turn,0.0000,5.8800,0.0000,nan,nan
0.1255,2.0436,0.0473,straight,1.8648,5.9000,0.0368,0.0729,0.1021
0.1765,0.4558,0.0749,lateral,0.1114,5.9200,0.0247,0.1747,0.0250
0.1066,6.7499,0.0296,combined,1.1573,5.9200,0.1066,-0.0754,0.0754
0.1923,7.1843,0.1037,combined,1.0189,5.9400,0.1911,-0.1867,0.0464
0.0620,4.7198,0.0385,combined,1.9698,5.9400,0.0166,0.0469,0.0405
0.1161,2.8482,0.2146,combined,0.5538,5.9400,0.0914,-0.1134,0.0249
0.1089,5.6768,0.1323,combined,1.1218,5.9400,0.1041,0.0412,0.1008
0.0874,1.6439,0.1624,straight,0.7266,5.9600,0.0749,-0.0745,0.0457
0.0900,1.5151,0.1611,straight,1.0672,5.9800,0.0462,0.0723,0.0536
0.1234,0.1735,0.1661,combined,1.8914,5.9800,0.1101,-0.0370,0.1177
0.0491,0.8750,0.1053,lateral,0.4892,6.0000,0.0261,-0.0361,0.0332
0.0906,4.7719,0.0694,lateral,0.5647,5.9800,0.0785,-0.0803,0.0419
0.1513,2.6335,0.0984,turn,0.0000,6.0200,0.0000,nan,nan
0.0074,0.6907,0.0855,lateral,1.2293,6.0200,0.0022,0.0063,0.0039
0.1820,1.3598,0.0777,combined,1.4828,6.0400,0.1531,-0.0016,0.1820
0.0702,0.4471,0.0526,stand,0.0000,6.0400,0.0000,nan,nan
0.1052,1.1272,0.0985,lateral,0.8202,6.0800,0.0896,-0.0865,0.0599
0.1467,2.4681,0.1277,turn,0.0000,6.1000,0.0000,nan,nan
0.0972,3.3167,0.1820,combined,1.7645,6.1200,0.0872,-0.0889,0.0393
0.0517,1.7477,0.1006,lateral,0.7236,6.1400,0.0517,0.0516,0.0028
0.0961,2.6102,0.1474,straight,1.9481,6.1800,0.0747,0.0439,0.0855
0.0206,1.0065,0.0801,stand,0.0000,6.1800,0.0000,nan,nan
0.0149,0.8171,0.0591,stand,0.0000,6.2200,0.0000,nan,nan
0.2093,1.9212,0.1199,lateral,1.4340,6.2200,0.1785,-0.1983,0.0669
0.0656,1.4453,0.1447,lateral,0.8726,6.2200,0.0613,-0.0511,0.0411
0.1306,0.6878,0.0720,combined,1.5689,6.2200,0.1164,-0.1303,0.0091
0.0835,0.6400,0.0256,stand,0.0000,6.2200,0.0000,nan,nan
0.0701,1.0753,0.0436,turn,0.0000,6.2400,0.0000,nan,nan
0.1603,4.1153,0.0876,combined,1.9272,6.2600,0.1576,-0.1411,0.0762
0.0505,0.9400,0.1447,turn,0.0000,6.2800,0.0000,nan,nan
0.1163,1.3216,0.2188,turn,0.0000,6.2800,0.0000,nan,nan
0.0514,3.0006,0.2365,combined,1.8512,6.3000,0.0504,0.0262,0.0443
0.0994,0.0529,0.0194,lateral,0.6622,6.3200,0.0994,-0.0803,0.0586
0.1972,0.9597,0.1657,straight,0.0928,6.3400,0.0249,0.1777,0.0857
0.0679,3.5509,0.0375,straight,1.6839,6.3600,0.0614,-0.0538,0.0414
0.0354,2.0666,0.2371,lateral,1.0325,6.4200,0.0035,0.0301,0.0185
0.0530,2.7421,0.1477,lateral,1.0492,6.4200,0.0461,-0.0460,0.0263
0.1260,0.0542,0.1468,lateral,1.2513,6.4200,0.1069,-0.1204,0.0373
0.1383,0.2307,0.1009,turn,0.0000,6.4400,0.0000,nan,nan
0.0332,0.0963,0.0423,combined,1.4405,6.4400,0.0332,0.0025,0.0331
0.1778,0.2729,0.2203,straight,1.8389,6.4400,0.1719,-0.1627,0.0718
0.1716,2.0450,0.0690,lateral,1.4008,6.4600,0.1652,-0.0374,0.1675
0.1677,4.1674,0.0531,turn,0.0000,6.4800,0.0000,nan,nan
0.0958,0.9005,0.2576,straight,0.0900,6.5000,0.0787,0.0203,0.0936
0.0669,4.5870,0.1739,lateral,0.3019,6.5000,0.0567,-0.0223,0.0630
0.0813,5.4412,0.0924,straight,0.5383,6.5000,0.0682,-0.0715,0.0387
0.0694,0.1075,0.1562,lateral,0.9049,6.5200,0.0608,-0.0048,0.0693
0.1258,6.8925,0.1424,turn,0.0000,6.5200,0.0000,nan,nan
0.1079,0.4409,0.1346,lateral,1.4429,6.5400,0.1006,-0.1032,0.0317
0.1021,1.4438,0.2061,combined,1.5386,6.5600,0.1005,-0.0600,0.0826
0.0441,2.2347,0.1046,lateral,0.5875,6.5600,0.0431,-0.0128,0.0422
0.0357,5.1137,0.0230,turn,0.0000,6.5800,0.0000,nan,nan
0.0554,0.7402,0.0507,combined,0.7529,4.9200,0.0263,-0.0277,0.0481
0.0611,1.3445,0.2253,combined,1.1424,6.6400,0.0465,-0.0602,0.0110
0.0727,1.3377,0.0106,stand,0.0000,6.6400,0.0000,nan,nan
0.2200,5.3244,0.1999,lateral,0.1279,6.6600,0.1279,-0.1805,0.1257
0.0895,5.6098,0.0334,turn,0.0000,6.6800,0.0000,nan,nan
0.0441,0.0293,0.1837,combined,2.3570,6.7200,0.0179,0.0051,0.0438
0.1081,3.1504,0.0907,straight,0.2141,6.7200,0.0529,0.0113,0.1075
0.0719,0.9586,0.0681,turn,0.0000,6.7200,0.0000,nan,nan
0.0503,0.1849,0.1513,combined,2.2385,6.7600,0.0387,-0.0501,0.0045
0.0453,0.7679,0.0948,lateral,0.7056,6.7800,0.0299,-0.0262,0.0369
0.0950,3.1316,0.0113,stand,0.0000,6.7600,0.0000,nan,nan
0.0290,2.2044,0.0177,combined,1.7239,6.8000,0.0216,-0.0288,0.0033
0.1733,2.2749,0.1882,turn,0.0000,6.8000,0.0000,nan,nan
0.0816,0.5102,0.1335,lateral,0.4549,6.8000,0.0714,0.0114,0.0808
0.0962,4.0546,0.0430,straight,0.9772,6.8200,0.0304,0.0602,0.0750
0.0451,0.2108,0.0061,turn,0.0000,6.8200,0.0000,nan,nan
0.1399,0.1388,0.0233,lateral,0.4026,6.8400,0.0370,0.1307,0.0500
0.1568,0.6220,0.0451,straight,1.0883,6.8800,0.0024,0.1123,0.1094
0.0830,0.2945,0.1973,lateral,0.5273,6.8800,0.0558,-0.0655,0.0511
0.0294,1.7440,0.0344,stand,0.0000,6.9000,0.0000,nan,nan
0.0828,1.2829,0.1333,straight,1.7955,6.9400,0.0613,0.0042,0.0827
0.0163,0.4463,0.1318,turn,0.0000,6.9600,0.0000,nan,nan
0.0132,3.7598,0.1205,lateral,0.0885,6.9800,0.0108,0.0058,0.0118
0.1064,3.4657,0.1042,combined,1.0668,6.9800,0.1014,-0.0151,0.1054
0.0346,1.7701,0.0219,stand,0.0000,7.0000,0.0000,nan,nan
0.0881,3.6993,0.0295,stand,0.0000,6.9800,0.0000,nan,nan
0.2098,2.6409,0.0276,straight,0.9893,7.0400,0.0291,0.1953,0.0766
0.0420,1.4714,0.0455,stand,0.0000,7.0800,0.0000,nan,nan
0.2026,4.1603,0.0206,lateral,0.4529,7.0800,0.2026,-0.1687,0.1122
0.1302,0.6580,0.1812,lateral,0.4972,7.1000,0.0402,0.0986,0.0850
0.2257,6.7112,0.0439,combined,1.7662,7.1800,0.2212,-0.1133,0.1952
0.0887,2.3357,0.1568,combined,1.9205,7.1800,0.0680,-0.0052,0.0886
0.0137,1.5630,0.0221,lateral,1.4503,7.1800,0.0026,-0.0108,0.0085
0.1382,3.9647,0.1505,straight,1.2912,7.2000,0.0096,0.1034,0.0917
0.1026,2.2212,0.1915,straight,0.2049,7.2000,0.0529,-0.0264,0.0991
0.0612,0.0866,0.0114,stand,0.0000,7.2200,0.0000,nan,nan
0.0290,1.2367,0.1958,combined,1.7790,7.2400,0.0112,0.0135,0.0257
0.0239,4.2822,0.0450,combined,1.5934,7.2600,0.0082,-0.0227,0.0075
0.0595,0.7030,0.1551,combined,1.6883,7.2600,0.0595,0.0127,0.0581
0.0836,3.6276,0.1026,combined,0.7423,7.2800,0.0752,0.0572,0.0610
0.1021,1.2054,0.1563,straight,0.2008,7.2800,0.0303,0.0540,0.0867
0.0302,0.9356,0.0914,combined,0.9696,7.3000,0.0039,-0.0160,0.0255
0.0343,1.5688,0.0176,straight,0.6502,7.3200,0.0195,-0.0182,0.0291
0.0679,0.7808,0.0363,lateral,1.4942,7.3400,0.0481,-0.0664,0.0143
0.2272,0.4505,0.0883,turn,0.0000,7.3400,0.0000,nan,nan
0.1358,0.3461,0.1903,lateral,0.1419,7.3800,0.1311,-0.0713,0.1156
0.0882,1.3992,0.1691,lateral,0.8385,7.3800,0.0774,0.0228,0.0852
0.1355,3.1010,0.0950,turn,0.0000,7.3800,0.0000,nan,nan
0.0798,4.2399,0.0719,combined,1.5822,7.4000,0.0488,0.0446,0.0662
0.0378,0.1919,0.1764,turn,0.0000,7.4000,0.0000,nan,nan
0.0200,0.5781,0.2968,lateral,0.9812,7.4600,0.0127,-0.0064,0.0190
0.0727,0.6359,0.1049,combined,0.5315,7.4800,0.0678,-0.0434,0.0584
0.0720,1.5768,0.2295,combined,2.0766,7.5000,0.0593,0.0638,0.0332
0.0599,0.3571,0.1458,straight,0.1121,7.5000,0.0352,-0.0210,0.0561
0.0418,1.8763,0.0986,lateral,0.1296,7.5400,0.0015,0.0353,0.0224
0.0693,2.7261,0.0732,stand,0.0000,7.5400,0.0000,nan,nan
0.0917,2.4690,0.1444,lateral,0.8935,7.5400,0.0883,0.0129,0.0908
0.0692,0.3702,0.1178,lateral,0.9017,7.5400,0.0446,0.0628,0.0289
0.0142,4.4946,0.0342,combined,1.8212,7.5400,0.0141,-0.0137,0.0040
0.1482,2.8934,0.1642,combined,2.0267,7.5600,0.0171,0.1477,0.0117
0.0621,3.3915,0.0282,stand,0.0000,7.5800,0.0000,nan,nan
0.2001,3.1404,0.1441,turn,0.0000,7.6200,0.0000,nan,nan
0.0655,1.1568,0.0481,lateral,1.4045,7.6600,0.0018,-0.0654,0.0040
0.1706,3.3949,0.1831,lateral,0.2530,7.6600,0.0599,0.1427,0.0936
0.0770,0.4152,0.0849,combined,2.0714,7.6800,0.0678,-0.0719,0.0275
0.0625,4.6897,0.0540,turn,0.0000,7.7000,0.0000,nan,nan
0.0677,1.1846,0.1187,straight,0.1921,7.7000,0.0655,-0.0327,0.0593
0.0395,0.5274,0.1611,lateral,1.3400,7.7200,0.0196,-0.0323,0.0228
0.0401,2.5934,0.2316,turn,0.0000,7.7400,0.0000,nan,nan
0.0423,2.4605,0.1253,combined,1.5039,7.7400,0.0021,0.0414,0.0082
0.1379,1.7442,0.1714,turn,0.0000,7.8000,0.0000,nan,nan
0.0824,2.3667,0.0363,lateral,0.2789,7.8000,0.0630,0.0042,0.0823
0.0178,0.0793,0.0356,stand,0.0000,7.8000,0.0000,nan,nan
0.1720,2.9338,0.1840,lateral,0.8534,7.8400,0.0727,0.1626,0.0561
0.0885,0.8943,0.0798,turn,0.0000,7.8600,0.0000,nan,nan
0.0437,2.9561,0.0247,turn,0.0000,7.8600,0.0000,nan,nan
0.0726,1.4492,0.1096,combined,2.1951,7.8800,0.0650,-0.0674,0.0270
0.0645,4.4041,0.0714,straight,1.8893,7.9000,0.0591,-0.0599,0.0241
0.0918,0.0803,0.1240,combined,1.9774,7.9200,0.0154,0.0543,0.0741
0.1313,3.5172,0.1157,combined,1.0769,7.9600,0.1226,-0.0895,0.0961
0.1414,2.4947,0.2190,combined,1.5397,4.2200,0.0748,0.1263,0.0637
0.0920,0.4204,0.1242,straight,0.4634,4.2000,0.0839,-0.0710,0.0585
0.1383,4.4874,0.1176,combined,0.5129,4.0000,0.1294,-0.0443,0.1310
0.0155,3.1585,0.1797,turn,0.0000,4.1200,0.0000,nan,nan
0.0515,2.8535,0.0477,straight,1.6468,7.6000,0.0217,0.0428,0.0287
0.1665,0.9157,0.0681,lateral,1.3334,4.1200,0.1554,-0.1622,0.0378
0.1126,0.8817,0.1396,lateral,0.3724,4.0400,0.0961,-0.1117,0.0139
0.1265,0.0916,0.0153,combined,1.7930,4.4400,0.0476,0.0319,0.1224
0.1369,1.1168,0.2528,straight,1.5632,4.0600,0.1369,-0.0885,0.1044
0.1029,0.2561,0.1062,turn,0.0000,4.2600,0.0000,nan,nan
0.0363,0.3356,0.0898,straight,1.7981,4.3600,0.0043,0.0233,0.0278
0.0416,3.3478,0.2260,turn,0.0000,4.1400,0.0000,nan,nan
0.0395,0.6088,0.1545,lateral,1.0494,4.1400,0.0395,0.0069,0.0389
0.0201,1.4050,0.1773,turn,0.0000,4.6800,0.0000,nan,nan
0.0877,1.4090,0.2325,turn,0.0000,4.1800,0.0000,nan,nan
0.1168,3.4913,0.0422,combined,1.1112,4.5200,0.1162,-0.1162,0.0120
0.1401,0.6848,0.0147,straight,1.7900,5.2800,0.1212,-0.0766,0.1173
0.1319,0.5930,0.0281,combined,1.9511,4.9800,0.1319,-0.1272,0.0351
0.0536,1.9755,0.1608,turn,0.0000,4.8400,0.0000,nan,nan
0.0281,0.1379,0.0402,stand,0.0000,5.3600,0.0000,nan,nan
0.1007,1.0055,0.1167,lateral,0.2664,4.1000,0.0599,0.0783,0.0633
0.1056,1.6969,0.2449,combined,1.2119,5.5000,0.1056,-0.0853,0.0623
0.0692,0.3028,0.2450,lateral,1.2850,4.2200,0.0679,-0.0636,0.0274
0.0300,1.3922,0.0831,turn,0.0000,4.4800,0.0000,nan,nan
0.0751,6.0418,0.1213,straight,1.0229,5.4400,0.0609,0.0297,0.0690
0.0746,1.2252,0.1117,combined,0.3382,4.3400,0.0523,-0.0707,0.0239
0.0774,0.6467,0.0636,combined,0.8667,5.6200,0.0737,-0.0241,0.0735
0.0094,0.9566,0.1452,straight,0.3147,4.9200,0.0094,-0.0093,0.0006
0.0129,1.7941,0.0902,combined,1.4062,4.6400,0.0129,-0.0036,0.0124
0.1659,0.1801,0.1227,lateral,0.2241,4.5600,0.1573,-0.0582,0.1554
0.1047,2.2445,0.0975,combined,1.6083,4.9400,0.0132,0.1045,0.0054
0.1008,1.3274,0.0903,combined,1.5749,4.0600,0.0993,-0.0916,0.0420
0.0225,4.6157,0.0442,stand,0.0000,4.5400,0.0000,nan,nan
0.0289,0.4532,0.1963,straight,0.9961,5.7200,0.0215,-0.0227,0.0180
0.1353,3.1334,0.1651,lateral,1.3006,5.4800,0.1347,-0.0258,0.1329
0.0661,1.0724,0.1108,combined,0.8710,5.9400,0.0650,-0.0644,0.0147
0.0456,1.6918,0.1001,combined,0.8354,4.3600,0.0308,0.0397,0.0224
0.1396,1.7945,0.0245,straight,1.3809,5.5600,0.1396,-0.0934,0.1037
0.2945,1.1458,0.0230,lateral,0.4072,5.9200,0.0873,0.2512,0.1538
0.0808,0.6287,0.1927,combined,0.6191,5.7200,0.0387,0.0250,0.0769
0.1155,3.8059,0.2019,lateral,0.0146,4.4200,0.0144,-0.1108,0.0328
0.0727,1.1046,0.1600,turn,0.0000,5.5600,0.0000,nan,nan
0.1909,2.2057,0.1352,combined,1.4129,5.1600,0.1767,-0.1601,0.1039
0.1323,0.5240,0.1158,combined,2.2457,6.1800,0.0742,0.1140,0.0673
0.0472,0.0544,0.1987,lateral,0.9718,5.4600,0.0028,0.0472,0.0011
0.0357,5.5532,0.0543,lateral,0.5061,5.0000,0.0355,-0.0033,0.0355
0.0443,2.7114,0.0993,combined,1.3138,4.4200,0.0420,0.0140,0.0420
0.0569,5.6490,0.0169,straight,1.4437,5.0400,0.0382,-0.0545,0.0163
0.0615,2.2293,0.0338,turn,0.0000,4.9200,0.0000,nan,nan
0.1674,0.8449,0.0335,turn,0.0000,4.7400,0.0000,nan,nan
0.0970,4.2602,0.0450,turn,0.0000,4.0000,0.0000,nan,nan
0.0513,4.3944,0.1118,straight,0.0182,4.0000,0.0169,-0.0507,0.0076
0.1079,0.2417,0.1484,turn,0.0000,5.9000,0.0000,nan,nan
0.0682,1.1309,0.0703,combined,1.2654,5.2600,0.0348,-0.0681,0.0035
0.1447,4.1474,0.0217,turn,0.0000,5.2400,0.0000,nan,nan
0.0172,1.7139,0.1029,turn,0.0000,5.5200,0.0000,nan,nan
0.1000,3.7700,0.0936,combined,1.1580,5.1000,0.0980,-0.0995,0.0105
0.0672,2.0890,0.2360,turn,0.0000,5.5400,0.0000,nan,nan
0.0694,0.6863,0.1698,lateral,1.2484,4.2000,0.0694,-0.0687,0.0100
0.0927,1.2582,0.1789,combined,1.3454,4.3200,0.0927,-0.0809,0.0452
0.0528,0.5342,0.1000,lateral,0.5575,6.4600,0.0377,0.0374,0.0372
0.1004,0.5956,0.0267,turn,0.0000,5.9200,0.0000,nan,nan
0.0713,0.1812,0.0381,stand,0.0000,5.1600,0.0000,nan,nan
0.1451,4.5066,0.0715,combined,1.5484,4.0600,0.1451,-0.0601,0.1321
0.0554,2.6498,0.0865,turn,0.0000,4.6400,0.0000,nan,nan
0.1859,0.2173,0.0907,combined,1.4018,5.9600,0.1702,-0.1447,0.1167
0.0798,4.0460,0.1459,straight,0.7236,5.1000,0.0674,-0.0371,0.0707
0.1628,0.5785,0.0879,combined,1.7801,4.3200,0.0856,0.0712,0.1464
0.1047,2.3220,0.0180,combined,1.8121,6.2400,0.0580,0.0990,0.0340
0.1684,0.7109,0.0985,turn,0.0000,4.0200,0.0000,nan,nan
0.1658,1.9923,0.1528,straight,0.4603,4.8000,0.1536,-0.1371,0.0932
0.1389,2.0456,0.0494,straight,1.5374,6.9000,0.0772,0.0955,0.1008
0.1614,0.8627,0.0323,straight,1.8750,6.1000,0.1037,0.0942,0.1310
0.1108,0.0940,0.2214,turn,0.0000,5.7400,0.0000,nan,nan
0.0779,0.0160,0.1192,straight,0.7767,4.5600,0.0637,0.0036,0.0778
0.0384,1.6385,0.0261,stand,0.0000,5.4000,0.0000,nan,nan
0.0369,2.5604,0.0506,straight,1.1227,5.4600,0.0366,-0.0233,0.0286
0.0038,2.0752,0.2376,combined,1.5555,5.6800,0.0038,0.0021,0.0032
0.0497,0.1456,0.1948,straight,0.4603,6.0000,0.0436,-0.0460,0.0189
0.1329,0.2878,0.0928,turn,0.0000,6.8800,0.0000,nan,nan
0.0173,2.2192,0.0374,lateral,0.2062,5.8400,0.0048,0.0157,0.0072
0.1842,1.4849,0.1798,straight,0.9323,5.7200,0.1298,0.0320,0.1814
0.1509,1.2843,0.1090,turn,0.0000,6.5800,0.0000,nan,nan
0.0796,0.3801,0.1711,turn,0.0000,5.3600,0.0000,nan,nan
0.0238,0.1858,0.0179,stand,0.0000,5.3800,0.0000,nan,nan
0.1155,0.0507,0.1837,combined,0.5159,5.9800,0.1067,-0.0982,0.0607
0.1363,0.7006,0.0742,turn,0.0000,5.4200,0.0000,nan,nan
0.0900,4.8903,0.1432,lateral,0.0337,5.2800,0.0117,0.0858,0.0273
0.0194,6.1422,0.0557,straight,1.5823,5.4400,0.0194,-0.0034,0.0191
0.1197,1.1127,0.1140,combined,1.9942,4.4200,0.1197,-0.0722,0.0955
0.1571,6.3446,0.1100,lateral,0.6480,7.0400,0.0763,0.1253,0.0947
0.0380,2.0831,0.0196,lateral,0.9182,6.3600,0.0349,0.0255,0.0281
0.1285,0.1661,0.1259,lateral,1.1781,6.8400,0.1111,0.0151,0.1276
0.1404,0.4321,0.2168,straight,0.5703,7.1600,0.0746,0.0240,0.1384
0.1880,0.1688,0.0325,lateral,1.0114,4.5200,0.1843,-0.1535,0.1086
0.0658,3.0715,0.1624,combined,1.7144,5.0600,0.0641,-0.0060,0.0656
0.1651,2.7117,0.0806,straight,0.8161,5.4400,0.1239,-0.0056,0.1650
0.0600,0.1300,0.1888,straight,1.5607,5.3400,0.0600,-0.0566,0.0199
0.1266,2.6229,0.0029,combined,1.5804,7.1600,0.0796,-0.0739,0.1027
0.2568,5.6102,0.1329,straight,1.1852,7.3400,0.1385,0.1383,0.2164
0.1215,4.0144,0.2143,combined,1.5688,4.7400,0.1149,0.0290,0.1180
0.1352,0.6689,0.2095,turn,0.0000,6.3600,0.0000,nan,nan
0.1296,0.4639,0.0567,turn,0.0000,4.6400,0.0000,nan,nan
0.2192,4.0998,0.2029,combined,2.4112,4.4600,0.2044,-0.0627,0.2100
0.1140,1.8743,0.1902,turn,0.0000,4.8400,0.0000,nan,nan
0.1364,4.5640,0.0814,turn,0.0000,5.2600,0.0000,nan,nan
0.1687,0.7419,0.0568,lateral,0.4356,6.1000,0.0420,0.1674,0.0210
0.1517,3.6934,0.1014,combined,1.8737,6.0400,0.1333,-0.1517,0.0011
0.0637,1.3792,0.1504,straight,0.6837,5.0000,0.0337,0.0035,0.0636
0.1242,1.2722,0.1586,turn,0.0000,5.9200,0.0000,nan,nan
0.1597,0.0948,0.0753,combined,1.8709,5.2200,0.1578,-0.1435,0.0699
0.1002,3.6959,0.0329,turn,0.0000,4.3800,0.0000,nan,nan
0.0419,1.0698,0.0225,stand,0.0000,6.8000,0.0000,nan,nan
0.0968,0.0893,0.1269,combined,1.8734,4.0000,0.0968,-0.0645,0.0722
0.0503,2.8069,0.0322,stand,0.0000,4.2400,0.0000,nan,nan
0.2381,1.3863,0.1463,straight,0.7601,5.4000,0.2267,-0.1955,0.1360
0.1232,0.7234,0.1531,turn,0.0000,6.9000,0.0000,nan,nan
0.2063,6.4940,0.1373,turn,0.0000,5.8200,0.0000,nan,nan
0.0416,2.9889,0.2145,straight,1.5937,7.5400,0.0377,-0.0193,0.0369
0.1562,2.9673,0.1005,turn,0.0000,5.2400,0.0000,nan,nan
0.1889,5.7657,0.1170,turn,0.0000,5.5800,0.0000,nan,nan
0.1710,1.7822,0.1768,lateral,0.7666,6.1400,0.0958,0.0987,0.1397
0.1289,3.3659,0.0933,turn,0.0000,5.6400,0.0000,nan,nan
0.0738,1.1924,0.0292,lateral,0.5980,5.9400,0.0109,0.0669,0.0312
0.0995,1.9249,0.1314,lateral,0.1477,4.4800,0.0699,0.0282,0.0955
0.1101,1.0566,0.2318,straight,0.1184,6.6600,0.0037,0.0987,0.0488
0.0486,0.5563,0.1785,lateral,1.3820,6.1000,0.0361,-0.0457,0.0166
0.0553,2.9527,0.0638,combined,1.4826,5.5600,0.0550,-0.0261,0.0488
0.0747,1.2458,0.0123,stand,0.0000,7.1000,0.0000,nan,nan
0.0819,2.5383,0.0657,straight,1.9959,6.1800,0.0819,-0.0645,0.0505
0.1525,3.3259,0.0696,turn,0.0000,5.2800,0.0000,nan,nan
0.1845,6.9437,0.1895,lateral,0.2500,7.2800,0.1245,-0.1559,0.0987
0.1074,0.9859,0.0859,turn,0.0000,5.7800,0.0000,nan,nan
0.1550,0.1697,0.0717,lateral,0.7917,5.0000,0.1307,-0.1488,0.0433
0.0619,2.0197,0.0712,stand,0.0000,4.2200,0.0000,nan,nan
0.1422,1.1534,0.1634,straight,0.5665,7.5200,0.0288,0.0786,0.1185
0.0783,0.4770,0.0575,lateral,1.1588,4.1800,0.0783,-0.0136,0.0771
0.0411,3.6855,0.1087,lateral,1.2226,7.6400,0.0372,-0.0405,0.0075
0.1267,3.0710,0.1672,turn,0.0000,5.6400,0.0000,nan,nan
0.2112,1.9683,0.0285,combined,1.2825,4.4800,0.0702,0.1637,0.1334
0.0481,1.2672,0.1654,turn,0.0000,5.1600,0.0000,nan,nan
0.0709,1.1010,0.2104,turn,0.0000,6.5000,0.0000,nan,nan
0.0976,3.6353,0.0800,combined,0.9992,4.3400,0.0864,0.0085,0.0972
0.0889,3.7351,0.0283,turn,0.0000,7.7400,0.0000,nan,nan
0.1828,2.4426,0.1427,straight,0.7864,5.7000,0.1784,-0.1825,0.0112
0.1006,1.3538,0.1221,straight,1.7814,5.4400,0.0466,0.0754,0.0666
0.0632,1.4550,0.0254,combined,1.4215,6.3800,0.0618,-0.0591,0.0224
0.0440,2.6473,0.1280,combined,1.3954,6.4200,0.0430,-0.0120,0.0424
0.0975,3.9944,0.1312,straight,1.3562,7.4800,0.0716,-0.0195,0.0955
0.0702,1.4615,0.2208,straight,0.2224,7.5600,0.0626,-0.0649,0.0267
0.1111,1.6581,0.1843,lateral,0.4583,6.3200,0.0970,0.0896,0.0656
0.0501,0.7419,0.0734,lateral,0.1846,7.7200,0.0246,-0.0410,0.0288
0.0931,0.4837,0.0259,straight,0.5779,7.0400,0.0471,0.0034,0.0930
0.0695,0.0879,0.0137,stand,0.0000,7.1600,0.0000,nan,nan
0.0847,1.5628,0.0189,combined,1.9176,6.4200,0.0661,-0.0532,0.0659
0.0907,4.9042,0.0234,combined,2.1835,6.3000,0.0907,-0.0902,0.0091
0.1123,1.6505,0.0560,lateral,0.6403,5.8800,0.1084,-0.0221,0.1101
0.0412,1.6367,0.0352,lateral,0.7988,6.6400,0.0316,-0.0096,0.0401
0.0315,3.9710,0.0400,combined,0.3422,4.1200,0.0315,0.0022,0.0314
0.0847,0.1346,0.0437,turn,0.0000,6.6400,0.0000,nan,nan
0.1230,2.6481,0.0664,turn,0.0000,5.1200,0.0000,nan,nan
0.1954,1.5417,0.1396,combined,0.5908,5.1600,0.1850,0.0543,0.1877
0.0087,0.4292,0.0344,combined,1.3041,7.9600,0.0020,0.0072,0.0048
0.0044,0.4549,0.0114,stand,0.0000,5.6600,0.0000,nan,nan
0.0353,0.7668,0.1984,turn,0.0000,6.7000,0.0000,nan,nan
0.0251,2.7996,0.1017,straight,1.0827,5.8200,0.0197,0.0203,0.0148
0.0931,3.4643,0.1733,combined,0.3989,7.6400,0.0726,-0.0359,0.0859
0.0704,2.3892,0.2286,turn,0.0000,7.5800,0.0000,nan,nan
0.0534,0.3743,0.1238,turn,0.0000,5.3000,0.0000,nan,nan
0.1724,1.7614,0.0640,turn,0.0000,7.9400,0.0000,nan,nan
0.0303,2.7033,0.0363,stand,0.0000,5.7800,0.0000,nan,nan
0.0842,3.8645,0.1645,combined,1.0171,7.2200,0.0110,0.0821,0.0186
0.0954,2.8519,0.0088,combined,1.7888,7.4800,0.0424,0.0947,0.0114
0.0095,1.5977,0.1019,combined,1.3124,5.4400,0.0090,-0.0052,0.0079
0.1698,2.9534,0.1230,turn,0.0000,7.0000,0.0000,nan,nan
0.1340,0.4935,0.1687,turn,0.0000,6.3400,0.0000,nan,nan
0.0656,1.7562,0.0720,combined,2.2458,5.9600,0.0498,-0.0230,0.0615
0.0419,0.7356,0.2469,combined,2.0573,6.6200,0.0419,-0.0419,0.0018
0.1671,0.3295,0.2040,lateral,1.3497,6.8000,0.0723,0.1537,0.0654
0.0441,2.5051,0.1284,lateral,0.1595,6.4600,0.0171,-0.0416,0.0145
0.0635,1.1693,0.0300,combined,1.6955,7.7000,0.0471,-0.0485,0.0410
0.0643,1.2583,0.1165,turn,0.0000,5.8400,0.0000,nan,nan
0.1829,3.4170,0.1538,combined,0.8976,6.3600,0.0988,0.0793,0.1648
0.0455,0.4662,0.2398,turn,0.0000,6.1600,0.0000,nan,nan
0.0323,0.4750,0.0464,lateral,1.4372,7.7400,0.0070,0.0318,0.0053
0.0263,0.8843,0.0440,combined,1.7903,5.7800,0.0045,-0.0263,0.0004
0.0341,1.3686,0.0408,combined,1.5841,5.6800,0.0288,0.0224,0.0257
0.1149,3.3723,0.0446,combined,1.6589,5.4200,0.0118,0.0982,0.0597
0.0340,5.0954,0.2123,combined,1.7521,5.7800,0.0340,-0.0339,0.0019
0.0218,4.5413,0.1449,lateral,1.0281,6.0400,0.0101,-0.0187,0.0112
0.1245,1.2750,0.1078,lateral,0.7081,7.1200,0.0731,0.0772,0.0977
0.0150,3.3810,0.1565,turn,0.0000,6.4400,0.0000,nan,nan
0.0564,3.4326,0.1133,combined,1.4428,7.6200,0.0347,0.0168,0.0539
0.1970,4.3542,0.1013,turn,0.0000,5.9800,0.0000,nan,nan
0.0842,0.6771,0.0632,combined,1.1020,5.6600,0.0823,-0.0743,0.0397
0.1049,3.2927,0.1324,combined,0.5794,7.1400,0.1009,-0.0258,0.1017
0.1171,0.2778,0.2488,turn,0.0000,5.3000,0.0000,nan,nan
0.1479,2.1795,0.1972,straight,1.7840,7.2000,0.1379,-0.1083,0.1007
0.0941,5.7113,0.2185,turn,0.0000,5.6000,0.0000,nan,nan
0.1619,0.3746,0.0836,turn,0.0000,6.7600,0.0000,nan,nan
0.0216,3.3927,0.0272,straight,0.8611,5.7000,0.0097,-0.0136,0.0168
0.0409,1.5611,0.1123,turn,0.0000,7.2600,0.0000,nan,nan
0.0619,0.9239,0.0663,turn,0.0000,7.2400,0.0000,nan,nan
0.1453,0.3861,0.0967,lateral,0.6156,7.8200,0.1264,-0.0577,0.1334
0.1001,1.0450,0.2381,turn,0.0000,7.0000,0.0000,nan,nan
0.0143,1.1582,0.1868,combined,0.9981,6.5200,0.0143,0.0067,0.0127
0.0702,1.7045,0.0173,lateral,1.3267,4.1400,0.0533,0.0536,0.0453
0.0425,0.4426,0.0342,lateral,0.8328,7.5000,0.0342,0.0275,0.0324
0.0638,1.2513,0.0108,stand,0.0000,7.4400,0.0000,nan,nan
0.0843,1.0586,0.0621,straight,0.7781,5.9800,0.0310,0.0235,0.0809
0.0278,1.9209,0.0109,straight,1.8074,7.3600,0.0204,0.0239,0.0142
0.0914,1.0730,0.2873,lateral,0.8645,4.2400,0.0860,0.0137,0.0904
0.0485,0.1609,0.0284,combined,1.8483,7.9600,0.0411,-0.0179,0.0450
0.0610,0.5762,0.2151,turn,0.0000,6.0000,0.0000,nan,nan
0.1299,3.5484,0.1771,lateral,1.4438,6.5600,0.0938,-0.1190,0.0521
0.0078,0.7006,0.0534,turn,0.0000,4.3200,0.0000,nan,nan
0.0128,0.0515,0.0834,combined,1.9285,7.9400,0.0055,0.0093,0.0089
0.1371,3.6081,0.0236,stand,0.0000,7.0600,0.0000,nan,nan
0.0206,1.8038,0.0398,turn,0.0000,6.1600,0.0000,nan,nan
0.1355,1.0874,0.0460,straight,1.1858,5.4000,0.0624,0.0591,0.1219
0.0613,1.1687,0.1746,straight,0.7019,5.9600,0.0464,0.0444,0.0423
0.0795,4.4007,0.2193,combined,1.8182,7.5200,0.0612,0.0458,0.0650
0.0666,0.6960,0.1819,combined,2.2701,7.3800,0.0037,0.0447,0.0493
0.0117,0.1127,0.0140,stand,0.0000,7.0200,0.0000,nan,nan
0.0567,1.7841,0.1664,turn,0.0000,7.9800,0.0000,nan,nan
0.0271,2.8434,0.0418,stand,0.0000,6.6200,0.0000,nan,nan
0.0492,0.0556,0.0424,stand,0.0000,6.5200,0.0000,nan,nan
0.0804,1.7301,0.0804,combined,1.9363,7.6200,0.0488,0.0098,0.0798
0.1225,0.7953,0.1603,straight,1.8255,4.1400,0.1206,-0.1217,0.0134
0.1045,1.0285,0.1205,turn,0.0000,5.1800,0.0000,nan,nan
0.0475,3.7128,0.1829,lateral,0.2792,6.6400,0.0159,0.0462,0.0110
0.0780,3.9214,0.2024,straight,1.3536,6.1600,0.0581,0.0293,0.0724
0.0564,1.8134,0.2101,turn,0.0000,5.4400,0.0000,nan,nan
0.0642,2.2596,0.0196,stand,0.0000,7.6800,0.0000,nan,nan
0.0388,1.2664,0.2292,straight,1.8435,7.7200,0.0260,-0.0214,0.0324
0.0406,0.1059,0.2484,combined,1.2568,7.1800,0.0317,0.0169,0.0369
0.0408,4.3755,0.0291,turn,0.0000,7.4200,0.0000,nan,nan
0.1423,1.7537,0.0210,lateral,0.6139,6.7400,0.1206,-0.0705,0.1236
0.0980,2.9292,0.0861,combined,1.7301,4.6000,0.0785,0.0176,0.0964
0.0291,0.9951,0.0247,turn,0.0000,6.4600,0.0000,nan,nan
0.1043,0.5864,0.1608,straight,0.9489,6.5200,0.0795,-0.0074,0.1040
0.1524,5.3679,0.0060,straight,1.5923,7.7200,0.0135,0.1333,0.0738
0.0108,0.6311,0.0173,stand,0.0000,7.4800,0.0000,nan,nan
0.0670,1.8457,0.1184,combined,2.2426,6.0200,0.0658,-0.0607,0.0284
0.0814,1.1696,0.0258,stand,0.0000,4.8400,0.0000,nan,nan
0.1877,1.9007,0.0135,turn,0.0000,7.1200,0.0000,nan,nan
0.1074,2.1826,0.1079,lateral,0.1707,6.8400,0.0680,0.0767,0.0751
0.0512,1.5090,0.2650,combined,1.8682,6.5600,0.0512,-0.0355,0.0369
0.1029,0.6658,0.1732,lateral,1.1630,5.1000,0.0918,-0.0906,0.0487
0.0917,1.6371,0.0556,straight,1.0734,7.6600,0.0472,-0.0796,0.0455
0.0826,1.5169,0.0171,straight,0.8689,6.7800,0.0420,0.0087,0.0821
0.0603,0.7918,0.0491,turn,0.0000,4.0600,0.0000,nan,nan
0.1015,0.4879,0.1722,straight,1.7445,7.0000,0.0440,0.0507,0.0879
0.1320,2.4624,0.0917,combined,1.5258,6.6200,0.1201,0.0974,0.0891
0.0639,0.3441,0.0269,combined,0.1317,5.5800,0.0590,0.0093,0.0632
0.0686,2.4962,0.0343,turn,0.0000,6.9200,0.0000,nan,nan
0.1268,3.2179,0.2387,lateral,1.1699,7.6800,0.0868,-0.0210,0.1250
0.0748,1.5246,0.0347,lateral,0.1838,5.2200,0.0434,0.0543,0.0514
0.0386,2.2438,0.0182,stand,0.0000,7.5000,0.0000,nan,nan
0.1054,4.8877,0.1011,straight,0.7053,4.1200,0.1053,-0.1036,0.0198
0.0438,1.3483,0.0241,turn,0.0000,5.2000,0.0000,nan,nan
0.2203,0.8233,0.1422,straight,0.0524,7.2800,0.0267,0.2002,0.0920
0.1883,3.4463,0.0689,straight,1.5089,6.5800,0.1803,-0.1416,0.1241
0.0799,3.9081,0.0405,stand,0.0000,4.4400,0.0000,nan,nan
0.0155,0.4764,0.0101,stand,0.0000,7.1400,0.0000,nan,nan
0.1069,0.6948,0.0486,stand,0.0000,4.6000,0.0000,nan,nan
0.1211,0.0580,0.0281,combined,1.2685,4.4400,0.1110,-0.1211,0.0004
0.2563,1.1156,0.1582,straight,0.2002,4.7200,0.1586,-0.1256,0.2235
0.0515,1.1671,0.0230,turn,0.0000,5.5200,0.0000,nan,nan
0.0513,0.3993,0.0247,straight,1.1744,7.7200,0.0089,-0.0254,0.0445
0.1385,3.9340,0.1245,combined,1.6825,4.5600,0.1108,-0.0531,0.1280
0.0331,0.3744,0.0079,stand,0.0000,4.8400,0.0000,nan,nan
0.1339,0.2673,0.1876,turn,0.0000,7.8200,0.0000,nan,nan
0.1324,0.7694,0.0092,turn,0.0000,7.9600,0.0000,nan,nan
0.0710,5.9414,0.0596,straight,0.2272,7.1800,0.0683,-0.0674,0.0223
0.0681,0.9743,0.1084,straight,0.0585,7.2400,0.0146,0.0510,0.0451
0.0763,1.6924,0.0752,combined,0.7315,7.8800,0.0538,-0.0587,0.0488
0.0446,1.2259,0.0316,turn,0.0000,7.9000,0.0000,nan,nan
0.1100,2.1993,0.0616,turn,0.0000,6.6000,0.0000,nan,nan
0.0632,0.7162,0.0313,turn,0.0000,4.2400,0.0000,nan,nan
0.0661,4.5114,0.1819,lateral,0.4255,7.8400,0.0462,-0.0079,0.0656
0.0726,1.7974,0.1473,straight,1.3633,7.3200,0.0726,-0.0609,0.0396
0.1713,1.4081,0.1095,straight,1.0726,7.5800,0.1518,-0.0952,0.1424
0.0663,2.3836,0.0627,straight,0.7559,4.7400,0.0403,-0.0101,0.0655
0.0484,1.0539,0.1858,lateral,0.6947,6.0000,0.0484,-0.0259,0.0409
0.0821,2.5008,0.0496,combined,1.7399,6.4200,0.0718,-0.0421,0.0705
0.1172,1.6287,0.0858,turn,0.0000,4.1000,0.0000,nan,nan
0.0386,2.4862,0.2575,lateral,1.1102,5.0600,0.0386,0.0013,0.0386
0.1372,3.1963,0.1059,lateral,0.0031,4.5200,0.0018,-0.1037,0.0898
0.0354,0.4405,0.0522,stand,0.0000,5.1600,0.0000,nan,nan
0.1258,0.5655,0.1114,straight,0.3939,5.2600,0.1167,-0.0915,0.0863
0.3007,4.9234,0.0960,combined,1.2257,4.1600,0.2976,-0.2944,0.0613
0.1900,0.0701,0.1278,combined,1.6894,5.6400,0.1857,-0.1898,0.0092
0.1456,1.1216,0.0409,lateral,0.1955,4.8000,0.1288,-0.1311,0.0633
0.0754,3.1388,0.1102,straight,1.5878,4.5000,0.0754,-0.0721,0.0220
0.1669,0.5709,0.1916,straight,0.6149,4.5400,0.1465,-0.0425,0.1614
0.0418,1.6785,0.0330,turn,0.0000,4.0800,0.0000,nan,nan
0.1471,6.2628,0.1692,straight,1.7311,4.4800,0.0419,0.0638,0.1325
0.1080,1.2083,0.1056,lateral,1.0350,7.0400,0.0753,-0.1074,0.0106
0.0410,2.0509,0.0495,combined,1.6184,5.1400,0.0394,-0.0124,0.0391
0.2207,1.3175,0.1092,straight,1.3327,4.2200,0.2114,-0.1476,0.1642
0.0253,0.8951,0.2091,straight,0.4872,5.8000,0.0147,0.0010,0.0253
0.0770,3.0707,0.0440,stand,0.0000,4.7000,0.0000,nan,nan
0.1759,6.6667,0.1504,turn,0.0000,4.1400,0.0000,nan,nan
0.1019,4.7309,0.2061,combined,1.6649,6.2800,0.0318,0.0909,0.0460
0.1527,2.7240,0.1571,combined,2.1893,4.0800,0.1527,-0.0749,0.1330
0.1254,0.3936,0.0535,combined,0.8257,4.8200,0.1251,-0.1254,0.0026
0.0946,3.3215,0.1501,turn,0.0000,4.2200,0.0000,nan,nan
0.0869,2.9356,0.1061,combined,1.2443,4.9800,0.0845,-0.0856,0.0153
0.1666,1.9495,0.0565,turn,0.0000,4.4200,0.0000,nan,nan
0.0220,3.4902,0.2406,combined,1.0500,5.1600,0.0104,0.0218,0.0026
0.0863,6.6126,0.1967,lateral,0.9644,5.9600,0.0050,0.0825,0.0253
0.0665,0.1846,0.1029,combined,1.8539,7.1600,0.0636,-0.0661,0.0073
0.0823,0.7667,0.1334,lateral,1.0700,5.8400,0.0560,0.0510,0.0646
0.0825,3.7035,0.0588,lateral,0.2057,4.1200,0.0533,0.0344,0.0749
0.0858,0.0744,0.1394,turn,0.0000,5.8800,0.0000,nan,nan
0.0485,2.6595,0.1490,turn,0.0000,5.7200,0.0000,nan,nan
0.1246,0.5735,0.0607,stand,0.0000,7.3800,0.0000,nan,nan
0.0689,1.7982,0.1544,lateral,1.2332,4.2800,0.0617,-0.0678,0.0123
0.1176,3.3544,0.0404,turn,0.0000,4.6400,0.0000,nan,nan
0.0874,1.8353,0.0596,combined,1.9045,6.8200,0.0852,-0.0237,0.0841
0.1534,1.6445,0.3118,turn,0.0000,4.8600,0.0000,nan,nan
0.1072,2.4947,0.0672,combined,1.7491,4.5400,0.1072,-0.0674,0.0833
0.1208,2.4105,0.1212,combined,0.0899,4.1200,0.0148,0.1197,0.0169
0.1108,3.1285,0.1433,straight,1.1254,6.7400,0.0349,0.0861,0.0698
0.0968,2.7540,0.1956,straight,0.5462,5.0000,0.0889,0.0450,0.0857
0.0784,2.2095,0.0163,combined,1.1639,6.6600,0.0628,-0.0610,0.0492
0.0311,0.5441,0.0509,combined,0.8768,4.3800,0.0233,-0.0188,0.0247
0.0822,1.7474,0.1786,turn,0.0000,4.7800,0.0000,nan,nan
0.0710,2.7634,0.2161,straight,0.0339,4.8600,0.0330,-0.0543,0.0457
0.1356,1.4043,0.1600,combined,1.3231,4.7200,0.1229,-0.1225,0.0579
0.1166,0.2507,0.2247,combined,0.8859,5.6800,0.0973,0.0064,0.1164
0.1385,2.4750,0.1087,straight,0.3819,4.0000,0.0547,0.1320,0.0420
0.0981,2.7064,0.0443,stand,0.0000,6.9800,0.0000,nan,nan
0.1149,1.2804,0.1044,lateral,0.3705,5.0800,0.0889,-0.0331,0.1100
0.1015,3.5044,0.0718,turn,0.0000,5.5600,0.0000,nan,nan
0.1251,2.0184,0.0143,combined,1.1429,4.8400,0.1251,-0.1227,0.0241
0.0540,5.1064,0.0199,combined,1.9179,6.6000,0.0506,-0.0351,0.0411
0.0628,2.2904,0.0220,turn,0.0000,7.7400,0.0000,nan,nan
0.0385,3.2415,0.1466,straight,0.1721,5.7800,0.0264,0.0269,0.0275
0.1235,2.1907,0.0294,straight,1.7966,5.4200,0.0954,0.0236,0.1212
0.0338,0.6960,0.0429,straight,0.7504,7.4800,0.0019,-0.0118,0.0316
0.0545,3.5715,0.0867,combined,0.4570,4.3800,0.0317,0.0381,0.0389
0.0817,6.8347,0.2134,lateral,0.3164,6.6200,0.0448,0.0525,0.0626
0.0693,2.7148,0.1767,turn,0.0000,5.9000,0.0000,nan,nan
0.0731,0.4257,0.0280,straight,0.9568,5.2400,0.0226,0.0726,0.0087
0.0937,3.8649,0.0494,turn,0.0000,4.0000,0.0000,nan,nan
0.0884,2.9376,0.2207,straight,0.0990,7.1200,0.0146,0.0674,0.0572
0.0517,6.0973,0.1120,combined,1.9998,5.9200,0.0517,-0.0391,0.0338
0.0327,1.6339,0.0791,turn,0.0000,4.4600,0.0000,nan,nan
0.1729,4.1044,0.0280,lateral,0.2619,4.4600,0.0359,0.1660,0.0485
0.0380,0.4641,0.0867,combined,0.6952,6.0800,0.0144,-0.0244,0.0291
0.0843,0.2495,0.0142,stand,0.0000,4.9200,0.0000,nan,nan
0.0840,1.5278,0.1381,turn,0.0000,6.8400,0.0000,nan,nan
0.1416,1.6456,0.1607,lateral,0.3782,5.8800,0.1027,-0.1405,0.0177
0.0621,0.0704,0.0099,combined,0.5064,5.0000,0.0044,0.0499,0.0370
0.0839,2.2733,0.0875,combined,1.0681,6.7600,0.0485,0.0049,0.0837
0.0772,0.0223,0.1951,combined,0.3134,5.9000,0.0342,0.0197,0.0747
0.1176,1.2911,0.2009,lateral,1.1276,6.5200,0.0378,0.1002,0.0615
0.0512,4.5885,0.1827,straight,1.0450,6.8600,0.0464,-0.0512,0.0023
0.1746,2.7308,0.0578,lateral,0.5258,5.9800,0.1626,-0.1384,0.1066
0.1122,1.4628,0.2212,lateral,0.2608,5.9200,0.0735,-0.0926,0.0634
0.0720,0.1998,0.2637,straight,1.1577,4.7800,0.0720,-0.0506,0.0512
0.1081,2.9127,0.1814,straight,1.0064,7.1800,0.1000,-0.1066,0.0179
0.1247,2.3946,0.0749,straight,0.6670,5.7800,0.1145,-0.0928,0.0832
0.2201,1.3555,0.1259,combined,1.9878,6.5000,0.2035,-0.2022,0.0868
0.0572,1.2188,0.0143,stand,0.0000,6.9000,0.0000,nan,nan
0.1882,0.6576,0.0409,lateral,1.0390,5.9400,0.1660,0.0399,0.1840
0.0395,3.0476,0.0412,combined,1.8718,7.5600,0.0241,-0.0117,0.0377
0.0897,3.1126,0.0125,lateral,1.4888,5.9400,0.0859,-0.0772,0.0459
0.1126,1.5820,0.1693,turn,0.0000,5.6800,0.0000,nan,nan
0.0691,3.4891,0.1012,turn,0.0000,6.6000,0.0000,nan,nan
0.0164,2.6311,0.0302,turn,0.0000,4.6200,0.0000,nan,nan
0.0726,3.9298,0.1523,turn,0.0000,5.6200,0.0000,nan,nan
0.1798,2.5067,0.1469,combined,1.1477,5.9800,0.1657,-0.0569,0.1705
0.1260,4.4336,0.1938,combined,2.1752,6.0400,0.1260,-0.0942,0.0837
0.0237,1.0813,0.0213,straight,1.4255,5.0800,0.0237,0.0161,0.0174
0.0719,2.0736,0.1670,turn,0.0000,6.3400,0.0000,nan,nan
0.0746,2.6261,0.2936,combined,1.1463,4.7600,0.0746,-0.0680,0.0308
0.0645,6.7632,0.0619,combined,1.5596,6.9800,0.0479,0.0527,0.0372
0.1940,0.7193,0.1453,combined,1.3612,4.7600,0.1894,-0.0968,0.1682
0.0074,4.3145,0.1354,turn,0.0000,4.5400,0.0000,nan,nan
0.0102,0.3259,0.0138,stand,0.0000,6.7600,0.0000,nan,nan
0.0406,3.9048,0.2211,straight,0.9673,5.4800,0.0270,-0.0245,0.0324
0.0526,1.6509,0.0158,stand,0.0000,4.4600,0.0000,nan,nan
0.0454,6.9322,0.1753,combined,1.8064,5.4200,0.0317,-0.0454,0.0002
0.2434,4.2600,0.2042,straight,1.0037,5.7600,0.0120,0.2379,0.0514
0.1364,2.2561,0.1398,lateral,0.1683,6.7800,0.0725,0.0759,0.1133
0.0792,1.4291,0.0049,lateral,0.5694,7.7200,0.0248,0.0634,0.0475
0.0418,1.3748,0.0926,turn,0.0000,6.8400,0.0000,nan,nan
0.1061,2.4774,0.0463,combined,1.2403,5.8800,0.0356,0.0817,0.0678
0.0694,4.1225,0.1493,turn,0.0000,7.0800,0.0000,nan,nan
0.1547,3.6535,0.0244,lateral,0.3271,5.2400,0.1503,-0.1105,0.1083
0.1213,0.3114,0.2184,lateral,1.4120,7.0800,0.1141,-0.0955,0.0749
0.0543,3.2231,0.0256,turn,0.0000,5.9800,0.0000,nan,nan
0.0341,0.4701,0.2339,turn,0.0000,4.4000,0.0000,nan,nan
0.0532,1.1694,0.1591,combined,1.5187,7.4600,0.0333,0.0337,0.0411
0.0420,4.2019,0.1835,straight,0.8850,4.2000,0.0420,-0.0195,0.0372
0.0796,2.3814,0.0122,stand,0.0000,7.6400,0.0000,nan,nan
0.0379,5.0146,0.0347,combined,0.3539,5.1000,0.0161,-0.0370,0.0080
0.0873,0.1868,0.0842,lateral,0.3757,5.7600,0.0751,-0.0024,0.0873
0.1729,3.2038,0.1951,combined,1.4026,6.7600,0.0095,0.1431,0.0970
0.0787,0.4120,0.0697,combined,1.6412,4.2600,0.0601,0.0395,0.0681
0.0796,1.2727,0.1730,lateral,0.5538,5.6800,0.0686,0.0153,0.0781
0.1297,3.1437,0.1765,turn,0.0000,4.6400,0.0000,nan,nan
0.0055,1.8486,0.1251,combined,1.0468,5.2600,0.0045,-0.0014,0.0053
0.1080,2.6093,0.2111,turn,0.0000,7.8800,0.0000,nan,nan
0.0906,1.8573,0.1501,straight,1.0031,7.3600,0.0365,0.0709,0.0565
0.0558,0.8178,0.1657,lateral,1.4857,4.9800,0.0164,0.0512,0.0221
0.0532,0.0482,0.2049,combined,1.1152,6.3800,0.0504,-0.0532,0.0012
0.1985,1.5193,0.2153,lateral,1.2193,6.5600,0.1517,0.0785,0.1823
0.0928,2.5716,0.0613,stand,0.0000,6.5800,0.0000,nan,nan
0.0608,3.9536,0.1112,combined,2.0305,5.4600,0.0608,-0.0584,0.0169
0.0430,0.3760,0.0222,stand,0.0000,4.4400,0.0000,nan,nan
0.0249,0.9062,0.1148,combined,1.3092,5.3800,0.0188,-0.0133,0.0210
0.1416,0.5299,0.0383,combined,1.4365,7.5000,0.1309,-0.1065,0.0933
0.0363,0.6331,0.0163,stand,0.0000,5.2200,0.0000,nan,nan
0.0985,0.4591,0.1532,turn,0.0000,7.7200,0.0000,nan,nan
0.1158,0.5391,0.0794,turn,0.0000,5.6200,0.0000,nan,nan
0.0307,3.8333,0.1513,turn,0.0000,4.5800,0.0000,nan,nan
0.1786,1.8403,0.0952,combined,1.7212,5.0800,0.1683,-0.1707,0.0525
0.1956,1.7638,0.0880,lateral,0.9990,7.3200,0.0488,0.1932,0.0304
0.0396,3.0141,0.1150,straight,0.1294,6.5000,0.0266,0.0320,0.0234
0.1220,1.5221,0.0735,lateral,0.4496,6.4400,0.1220,-0.0925,0.0796
0.0214,1.5100,0.1785,straight,0.3583,5.6000,0.0022,-0.0034,0.0211
0.0605,0.6593,0.1451,lateral,0.6431,6.8000,0.0263,0.0605,0.0018
0.0586,0.0669,0.0850,lateral,0.1548,7.3800,0.0357,-0.0331,0.0483
0.0912,3.5700,0.2068,combined,1.8984,5.0600,0.0912,-0.0842,0.0349
0.1414,0.2242,0.1957,straight,0.0889,7.2200,0.0357,0.0503,0.1321
0.1402,0.6897,0.0712,straight,1.5032,7.8200,0.0671,0.1154,0.0796
0.0486,0.2956,0.0519,lateral,1.1584,5.2000,0.0477,-0.0437,0.0212
0.0006,0.5785,0.0065,stand,0.0000,6.0200,0.0000,nan,nan
0.0237,2.7258,0.0270,stand,0.0000,7.0200,0.0000,nan,nan
0.0654,0.5819,0.1180,turn,0.0000,6.4600,0.0000,nan,nan
0.0887,1.9066,0.1971,lateral,0.3767,6.1400,0.0399,0.0750,0.0473
0.1073,0.6728,0.1855,combined,1.2178,5.7200,0.0822,0.0596,0.0892
0.0832,0.6793,0.0406,lateral,0.2258,5.7600,0.0642,0.0362,0.0749
0.1421,2.5483,0.1678,straight,0.9931,7.0800,0.0841,-0.0691,0.1242
0.0165,0.8838,0.1849,combined,1.2160,5.9800,0.0090,0.0038,0.0160
0.0943,3.2871,0.2169,combined,1.0236,4.2200,0.0943,-0.0942,0.0035
0.0456,2.1717,0.0903,straight,1.9779,5.2800,0.0456,0.0197,0.0411
0.0851,2.2125,0.0636,turn,0.0000,4.2800,0.0000,nan,nan
0.1208,4.3647,0.0499,turn,0.0000,7.2800,0.0000,nan,nan
0.0876,0.0148,0.0399,combined,0.3098,7.3200,0.0427,-0.0588,0.0650
0.0560,1.1799,0.0197,combined,1.4471,6.1400,0.0454,0.0292,0.0478
0.0593,3.0033,0.0714,combined,0.9945,7.8000,0.0593,-0.0399,0.0438
0.1291,3.0781,0.1144,straight,0.6198,7.0400,0.0690,0.0750,0.1051
0.0197,1.3977,0.0380,combined,1.1253,5.7600,0.0197,-0.0061,0.0187
0.0367,6.1462,0.1559,combined,1.3905,6.0600,0.0156,0.0290,0.0225
0.0428,3.1996,0.0560,lateral,1.1497,5.4600,0.0399,0.0131,0.0407
0.0334,1.1295,0.0108,stand,0.0000,4.9400,0.0000,nan,nan
0.0769,2.0526,0.1003,turn,0.0000,4.6000,0.0000,nan,nan
0.0497,0.0439,0.0345,lateral,0.5590,5.6600,0.0270,0.0488,0.0092
0.1479,3.2561,0.0319,combined,1.9692,6.2600,0.1321,-0.0814,0.1235
0.0935,1.6739,0.2620,lateral,0.5187,4.0000,0.0935,-0.0577,0.0735
0.1279,1.8815,0.0969,combined,1.8907,4.8600,0.0524,-0.1057,0.0721
0.1577,1.1870,0.1728,combined,2.0429,7.5000,0.1352,-0.1458,0.0602
0.0518,1.4145,0.0854,turn,0.0000,6.9800,0.0000,nan,nan
0.1111,3.5201,0.1332,combined,0.8419,5.6600,0.0856,-0.0287,0.1073
0.2281,4.8430,0.0424,combined,0.5913,6.2800,0.2156,-0.2083,0.0931
0.0229,0.2326,0.0242,turn,0.0000,5.7800,0.0000,nan,nan
0.0197,2.5022,0.0982,turn,0.0000,6.8600,0.0000,nan,nan
0.0652,0.6981,0.0594,turn,0.0000,6.5600,0.0000,nan,nan
0.1575,4.9968,0.2084,turn,0.0000,6.5800,0.0000,nan,nan
0.0619,2.0782,0.0323,straight,1.3404,7.0200,0.0537,-0.0612,0.0096
0.0933,1.2826,0.0643,combined,1.7371,4.9000,0.0922,-0.0706,0.0609
0.0418,1.5196,0.0823,lateral,0.4624,5.1600,0.0418,-0.0171,0.0381
0.0298,2.3793,0.0144,stand,0.0000,4.8400,0.0000,nan,nan
0.1057,0.3229,0.0412,combined,0.7552,4.6600,0.1057,-0.0442,0.0960
0.1938,4.3502,0.1625,lateral,0.8703,7.4800,0.0612,0.1599,0.1095
0.1307,2.3990,0.1913,lateral,0.5589,4.3800,0.0987,-0.1282,0.0255
0.0068,1.6528,0.0176,stand,0.0000,4.1400,0.0000,nan,nan
0.0282,1.1586,0.0962,straight,0.3287,5.7000,0.0080,-0.0210,0.0188
0.2443,4.0257,0.0750,combined,1.5684,4.3200,0.2405,-0.1005,0.2227
0.1824,2.8470,0.1068,straight,0.2937,5.9800,0.0869,0.0618,0.1716
0.0099,3.5949,0.0285,stand,0.0000,6.7400,0.0000,nan,nan
0.0476,0.4154,0.0730,combined,0.8473,7.0400,0.0370,0.0105,0.0464
0.1998,0.7211,0.0603,turn,0.0000,7.1800,0.0000,nan,nan
0.0552,2.0979,0.0808,combined,1.0866,5.8800,0.0478,-0.0536,0.0132
0.0502,0.1096,0.0751,combined,1.1491,5.3000,0.0303,-0.0384,0.0323
0.0847,2.2177,0.1398,combined,1.6522,6.1800,0.0638,0.0752,0.0388
0.0396,0.5449,0.0945,combined,0.6523,7.1000,0.0012,-0.0267,0.0293
0.1066,2.4984,0.0281,stand,0.0000,6.5800,0.0000,nan,nan
0.0315,4.0204,0.0949,straight,1.9991,6.8400,0.0206,-0.0232,0.0212
0.1423,1.6460,0.0560,turn,0.0000,7.6000,0.0000,nan,nan
0.1699,1.8148,0.0919,turn,0.0000,5.6600,0.0000,nan,nan
0.2003,1.3855,0.1675,combined,1.8606,7.8400,0.0289,0.1985,0.0274
0.1931,0.1690,0.1524,turn,0.0000,7.1400,0.0000,nan,nan
0.0096,0.0951,0.0046,stand,0.0000,5.6800,0.0000,nan,nan
0.1537,1.4294,0.0474,combined,1.9766,4.6000,0.1453,-0.1231,0.0920
0.1654,3.1672,0.0335,turn,0.0000,5.8400,0.0000,nan,nan
0.1452,2.8477,0.0880,turn,0.0000,6.9000,0.0000,nan,nan
0.1657,1.8497,0.1744,combined,1.5637,7.9200,0.1569,-0.1604,0.0414
0.0324,0.3678,0.1061,lateral,0.9327,7.9400,0.0303,-0.0323,0.0026
0.0977,2.0905,0.1271,turn,0.0000,6.5600,0.0000,nan,nan
0.1150,1.0094,0.0743,lateral,1.2661,5.5600,0.0982,-0.1057,0.0455
0.1361,4.3222,0.0521,turn,0.0000,5.3000,0.0000,nan,nan
0.0895,3.6529,0.1745,straight,1.5191,5.2200,0.0847,-0.0478,0.0757
0.1075,4.7006,0.1763,lateral,0.2973,7.5200,0.0851,-0.0679,0.0833
0.1571,3.8232,0.2128,turn,0.0000,5.9000,0.0000,nan,nan
0.0829,6.9301,0.0412,combined,0.3420,7.9600,0.0576,-0.0163,0.0813
0.0976,2.3203,0.0308,turn,0.0000,4.1600,0.0000,nan,nan
0.0800,0.9170,0.0162,stand,0.0000,5.1000,0.0000,nan,nan
0.0549,0.6818,0.1085,turn,0.0000,5.3800,0.0000,nan,nan
0.1532,3.2665,0.1345,combined,0.3909,5.3400,0.1254,-0.0411,0.1476
0.1546,0.1320,0.0636,lateral,0.1707,7.1600,0.1365,-0.0367,0.1502
0.0391,4.9869,0.0103,stand,0.0000,5.1000,0.0000,nan,nan
0.0397,2.0137,0.2220,combined,1.2206,4.1400,0.0297,-0.0214,0.0334
0.1549,0.7979,0.1170,combined,1.1703,4.8400,0.1338,0.0075,0.1547
0.0427,1.0500,0.1660,straight,1.9080,6.9600,0.0411,-0.0421,0.0067
0.1385,1.9051,0.1006,lateral,1.3650,6.3200,0.0377,0.1081,0.0865
0.1290,2.7380,0.0100,stand,0.0000,4.6600,0.0000,nan,nan
0.0831,1.5303,0.1662,lateral,0.4916,4.1800,0.0640,-0.0323,0.0766
0.1735,0.5792,0.0481,turn,0.0000,4.9400,0.0000,nan,nan
0.1075,3.4031,0.2037,turn,0.0000,5.8400,0.0000,nan,nan
0.0220,1.4724,0.1581,combined,0.6866,5.3400,0.0209,0.0009,0.0220
0.0686,0.0865,0.0490,lateral,0.3975,7.2800,0.0475,-0.0401,0.0557
0.1530,3.1828,0.0517,combined,0.8836,5.2400,0.1385,-0.0564,0.1422
0.0695,3.4260,0.0934,lateral,0.0794,6.7000,0.0363,-0.0519,0.0461
0.1105,6.2712,0.1490,straight,1.2081,4.8200,0.1033,0.0617,0.0916
0.0750,0.1284,0.1869,straight,0.7095,5.0400,0.0553,0.0104,0.0743
0.0213,1.5385,0.0434,stand,0.0000,5.8000,0.0000,nan,nan
0.0312,2.5665,0.0349,straight,0.9403,7.6000,0.0006,0.0226,0.0215
0.1166,1.7412,0.1127,straight,1.2946,5.6200,0.0942,-0.0854,0.0795
0.0302,2.2438,0.1708,combined,0.1486,5.9200,0.0231,0.0271,0.0133
0.2330,2.7725,0.0613,turn,0.0000,4.6600,0.0000,nan,nan
0.0860,0.2242,0.0275,lateral,1.2895,7.4000,0.0782,-0.0837,0.0197
0.0655,0.8705,0.0483,lateral,0.9484,5.8600,0.0326,0.0587,0.0292
0.1183,1.9758,0.0698,lateral,0.1049,6.3800,0.0763,0.0109,0.1178
0.0649,1.7355,0.0112,combined,1.5946,4.3400,0.0649,-0.0516,0.0394
0.0853,2.6257,0.1261,turn,0.0000,7.4400,0.0000,nan,nan
0.1717,3.0127,0.1810,combined,2.0119,6.8800,0.1643,-0.0598,0.1609
0.0673,0.8949,0.1434,turn,0.0000,4.2400,0.0000,nan,nan
0.0422,1.8437,0.0092,stand,0.0000,4.1600,0.0000,nan,nan
0.0180,0.6503,0.1188,lateral,1.2346,5.4600,0.0180,0.0005,0.0180
0.0305,0.6333,0.0337,combined,1.4279,6.9200,0.0305,-0.0200,0.0230
0.0086,3.3265,0.0323,stand,0.0000,7.2000,0.0000,nan,nan
0.0916,2.9883,0.1649,lateral,0.7200,4.6800,0.0647,0.0689,0.0604
0.0159,0.7579,0.0188,stand,0.0000,4.3000,0.0000,nan,nan
0.0762,0.1876,0.0248,combined,1.8850,7.9600,0.0137,-0.0757,0.0090
0.1298,2.1618,0.0505,lateral,0.3305,4.0000,0.1115,-0.1293,0.0121
0.0766,0.9502,0.0769,straight,1.4670,5.9800,0.0487,0.0475,0.0602
0.0827,1.4207,0.0164,lateral,0.9115,6.3400,0.0705,-0.0641,0.0523
0.0604,1.0264,0.0233,combined,0.4315,7.4400,0.0237,-0.0079,0.0599
0.0666,3.1569,0.1569,combined,1.5497,6.3800,0.0505,0.0440,0.0501
0.2261,6.7837,0.1029,lateral,0.8114,7.5400,0.1734,-0.1829,0.1329
0.0369,4.2554,0.1410,combined,1.3329,6.2800,0.0262,0.0014,0.0369
0.0447,2.3583,0.2414,combined,1.6024,6.9600,0.0393,-0.0062,0.0443
0.1021,1.3903,0.0079,lateral,0.6905,4.1000,0.0797,-0.0988,0.0256
0.0421,1.8552,0.0817,lateral,0.9695,6.9800,0.0235,-0.0072,0.0414
0.2512,0.0980,0.0406,straight,0.3773,6.4600,0.1221,0.1143,0.2237
0.0968,0.0997,0.0940,straight,0.3560,4.2200,0.0660,-0.0169,0.0953
0.1792,0.9342,0.1873,combined,0.9087,4.0200,0.1775,-0.1317,0.1215
0.0601,2.8150,0.2786,lateral,1.4533,6.0200,0.0319,0.0423,0.0427
0.1392,1.1242,0.1656,combined,0.7525,4.8200,0.0604,0.1027,0.0940
0.1263,2.0708,0.0460,turn,0.0000,5.4000,0.0000,nan,nan
0.0577,3.7562,0.2030,combined,0.4770,7.7800,0.0577,-0.0444,0.0367
0.1128,0.1567,0.0174,straight,0.0986,4.2200,0.0738,-0.0389,0.1059
0.0311,0.6750,0.0076,stand,0.0000,5.1200,0.0000,nan,nan
0.1365,4.6591,0.1401,lateral,1.1104,4.8000,0.1308,-0.0237,0.1345
0.0957,2.0845,0.1412,combined,1.0817,7.8200,0.0789,0.0569,0.0770
0.1079,3.2368,0.0581,combined,1.1428,4.7600,0.1032,-0.0994,0.0421
0.1409,2.3829,0.0141,turn,0.0000,4.2600,0.0000,nan,nan
0.0283,6.4241,0.1186,combined,1.3787,4.7200,0.0106,0.0278,0.0051
0.1129,3.3162,0.0326,straight,0.3659,4.6200,0.0985,-0.0355,0.1071
0.0335,0.8219,0.0287,stand,0.0000,4.0000,0.0000,nan,nan
0.0650,3.7274,0.0520,turn,0.0000,7.1600,0.0000,nan,nan
0.2198,2.8072,0.0498,lateral,1.1306,7.0400,0.2068,-0.0746,0.2068
0.0322,0.6970,0.1631,straight,0.9935,6.8400,0.0127,0.0320,0.0033
0.0161,1.3715,0.0177,turn,0.0000,7.9200,0.0000,nan,nan
0.0917,1.2905,0.0651,combined,1.4668,5.0600,0.0833,-0.0878,0.0265
0.0726,1.3806,0.0992,straight,1.3383,4.6600,0.0726,-0.0305,0.0658
0.0447,2.2132,0.0087,stand,0.0000,4.0800,0.0000,nan,nan
0.1249,1.2900,0.2425,lateral,0.3298,5.2400,0.0467,0.1001,0.0747
0.1096,0.3084,0.1053,lateral,0.7667,7.5400,0.0584,-0.0860,0.0680
0.0667,1.5540,0.1607,turn,0.0000,6.6000,0.0000,nan,nan
0.0739,3.2144,0.1493,turn,0.0000,4.3400,0.0000,nan,nan
0.0691,0.6263,0.1871,straight,1.1893,4.2000,0.0504,-0.0498,0.0479
0.2045,1.1006,0.1202,turn,0.0000,5.4800,0.0000,nan,nan
0.0984,2.7239,0.0275,turn,0.0000,6.0600,0.0000,nan,nan
0.1132,0.5214,0.1900,straight,0.5439,4.0000,0.0389,0.0697,0.0892
0.1116,0.4551,0.1506,straight,0.8474,6.2800,0.1017,-0.1107,0.0141
0.0783,1.5076,0.0806,combined,0.9478,4.9200,0.0720,-0.0264,0.0737
0.0964,0.2820,0.0694,combined,1.2094,4.0000,0.0964,-0.0950,0.0164
0.1467,0.5798,0.0669,lateral,0.3313,4.5400,0.0725,0.1208,0.0833
0.1053,5.2833,0.1165,combined,1.4958,5.1600,0.1053,-0.1018,0.0271
0.1231,0.8386,0.1329,combined,1.4745,4.1000,0.1035,-0.0460,0.1142
0.1039,2.3181,0.0444,lateral,1.1795,5.0200,0.1039,-0.1039,0.0005
0.0735,3.3468,0.2108,combined,2.0997,4.9400,0.0699,-0.0735,0.0022
0.1332,4.4020,0.2106,lateral,0.9362,4.5200,0.1332,-0.1326,0.0127
0.1827,0.0276,0.1509,combined,0.4067,4.5600,0.1806,-0.1767,0.0467
0.1639,3.3337,0.1247,combined,0.7675,5.0800,0.1631,-0.1629,0.0175
0.0431,4.6192,0.0871,straight,1.4516,4.4200,0.0208,-0.0054,0.0428
0.0459,3.6345,0.0548,straight,0.8133,4.7400,0.0278,0.0133,0.0439
0.1430,2.5473,0.0512,straight,1.9876,4.3400,0.0889,0.0508,0.1337
0.0983,0.4846,0.0575,combined,2.1092,5.8800,0.0464,0.0510,0.0841
0.0577,0.3708,0.2723,combined,1.6627,7.3200,0.0577,-0.0554,0.0162
0.0558,0.0119,0.0332,stand,0.0000,6.7400,0.0000,nan,nan
0.1129,4.0597,0.0921,straight,1.6208,4.7000,0.0619,0.0608,0.0952
0.0919,3.6050,0.0414,lateral,0.9883,5.5000,0.0919,-0.0705,0.0589
0.0997,3.8445,0.0986,turn,0.0000,5.2000,0.0000,nan,nan
0.0716,0.7405,0.0517,combined,2.1112,5.4800,0.0716,-0.0081,0.0711
0.1079,2.4945,0.0389,lateral,1.2591,7.6600,0.0770,0.0786,0.0739
0.0301,1.9626,0.1306,combined,1.8714,6.9800,0.0149,0.0298,0.0037
0.0493,1.4798,0.2161,combined,1.0149,4.5400,0.0383,-0.0491,0.0049
0.1269,1.0035,0.0686,straight,1.0142,6.2400,0.0729,0.0711,0.1050
0.0861,0.6820,0.0392,straight,1.3585,4.0400,0.0861,-0.0861,0.0021
0.0233,3.1915,0.0459,stand,0.0000,4.9400,0.0000,nan,nan
0.0236,0.4554,0.0442,turn,0.0000,7.1400,0.0000,nan,nan
0.0443,0.9985,0.0889,combined,1.9379,7.9600,0.0028,0.0111,0.0429
0.2411,1.8343,0.0331,combined,1.3427,5.5200,0.2243,-0.1465,0.1915
0.1273,0.2206,0.0843,lateral,0.9726,4.5800,0.0865,0.0949,0.0848
0.1390,1.4738,0.1693,straight,1.5982,6.2600,0.1342,-0.0939,0.1025
0.0704,3.3829,0.1517,lateral,1.1523,6.3600,0.0678,0.0210,0.0672
0.0999,5.4679,0.1899,straight,0.7979,4.6400,0.0192,0.0753,0.0656
0.0976,0.7794,0.0948,combined,2.0150,4.6600,0.0034,0.0827,0.0518
0.0317,5.4887,0.0469,stand,0.0000,7.5000,0.0000,nan,nan
0.0835,1.0417,0.0298,turn,0.0000,5.0200,0.0000,nan,nan
0.1463,5.7541,0.0677,straight,0.1277,7.2000,0.0215,0.1245,0.0769
0.0476,3.5284,0.0917,lateral,0.4795,7.7800,0.0420,-0.0072,0.0470
0.0847,0.2780,0.2047,combined,1.1098,5.1200,0.0136,0.0844,0.0064
0.2234,6.2356,0.0294,combined,1.4514,7.4400,0.2234,-0.0805,0.2084
0.1247,0.0591,0.1855,combined,0.7518,4.7200,0.1198,-0.0577,0.1105
0.1264,1.1143,0.1408,combined,1.3226,4.9800,0.1264,-0.1220,0.0330
0.0710,2.2959,0.0727,straight,1.5244,6.1000,0.0604,0.0593,0.0392
0.1252,0.0776,0.2185,combined,2.0566,7.5200,0.0922,0.0231,0.1230
0.1893,0.2951,0.1607,straight,1.3194,4.5400,0.1042,0.0816,0.1709
0.0558,2.7373,0.0983,lateral,0.1987,5.7600,0.0430,0.0171,0.0531
0.0841,3.4794,0.0531,straight,0.4391,6.2000,0.0841,-0.0457,0.0706
0.0931,2.1519,0.1463,combined,2.0157,5.7600,0.0223,0.0928,0.0082
0.1326,3.1995,0.1526,combined,1.5734,6.0200,0.1268,-0.1308,0.0219
0.0211,2.5410,0.0429,stand,0.0000,7.1000,0.0000,nan,nan
0.1811,1.3793,0.0704,lateral,0.9357,4.6800,0.1682,-0.1229,0.1330
0.0839,0.0703,0.1715,lateral,1.1226,4.8800,0.0763,-0.0837,0.0043
0.0578,1.2613,0.1755,turn,0.0000,5.1000,0.0000,nan,nan
0.0590,1.0339,0.0753,straight,1.1122,5.9400,0.0283,-0.0065,0.0587
0.0463,0.2922,0.0887,lateral,0.1308,6.8600,0.0049,0.0443,0.0135
0.0851,2.7540,0.0174,stand,0.0000,6.4800,0.0000,nan,nan
0.0863,4.3026,0.2656,lateral,1.0861,5.9000,0.0049,0.0849,0.0159
0.1004,0.9641,0.0378,turn,0.0000,6.8000,0.0000,nan,nan
0.0663,0.0725,0.1102,straight,0.0972,7.4800,0.0316,0.0628,0.0213
0.1057,4.1496,0.1674,combined,0.9214,6.3000,0.0932,-0.0356,0.0995
0.0767,4.4623,0.2046,turn,0.0000,6.5600,0.0000,nan,nan
0.0149,1.9096,0.0506,stand,0.0000,5.0800,0.0000,nan,nan
0.1026,0.0481,0.0678,combined,1.6820,4.3600,0.0993,-0.1008,0.0191
0.0567,2.3724,0.0697,straight,1.7302,4.6800,0.0309,-0.0567,0.0020
0.0057,0.2679,0.0285,stand,0.0000,5.0000,0.0000,nan,nan
0.1002,0.8977,0.1821,turn,0.0000,4.9000,0.0000,nan,nan
0.1031,2.9904,0.1296,combined,0.8503,5.5400,0.0104,0.0962,0.0371
0.0875,3.3606,0.0349,combined,0.9619,4.9600,0.0875,-0.0864,0.0140
0.1307,4.8830,0.0659,turn,0.0000,5.2600,0.0000,nan,nan
0.0830,0.9448,0.1013,combined,1.8946,5.1200,0.0826,-0.0597,0.0577
0.0734,2.7805,0.0461,combined,1.5795,5.3200,0.0440,0.0087,0.0729
0.0930,1.8796,0.0672,lateral,0.7371,5.0800,0.0930,-0.0567,0.0737
0.1449,0.3701,0.0871,combined,1.4101,4.1200,0.1438,-0.0923,0.1116
0.0837,1.1649,0.0905,turn,0.0000,6.0800,0.0000,nan,nan
0.0696,0.8960,0.1786,lateral,0.4188,7.1400,0.0593,-0.0557,0.0417
0.1545,2.6500,0.0504,turn,0.0000,6.4800,0.0000,nan,nan
0.0543,3.7526,0.0318,straight,1.8794,7.5000,0.0155,0.0380,0.0388
0.0939,1.4089,0.0265,stand,0.0000,6.0400,0.0000,nan,nan
0.0891,2.5612,0.0859,combined,0.4237,4.2800,0.0870,0.0214,0.0865
0.1249,1.6009,0.0679,turn,0.0000,6.5600,0.0000,nan,nan
0.1404,0.1932,0.1258,lateral,1.4194,4.7600,0.1360,-0.1356,0.0364
0.0598,2.7558,0.0320,stand,0.0000,6.3800,0.0000,nan,nan
0.1488,2.7698,0.0357,combined,0.7919,4.1600,0.0700,0.1184,0.0902
0.0836,2.9786,0.0343,lateral,1.1033,7.1800,0.0571,-0.0707,0.0447
0.0828,2.7139,0.1871,lateral,1.0655,6.1400,0.0630,-0.0692,0.0456
0.0688,2.7774,0.1588,turn,0.0000,5.1400,0.0000,nan,nan
0.1027,1.1755,0.0767,straight,0.6835,4.7400,0.0853,-0.0109,0.1022
0.0422,4.8475,0.0207,stand,0.0000,4.0400,0.0000,nan,nan
0.1309,3.3300,0.2112,combined,1.0505,6.1400,0.1309,-0.1297,0.0177
0.1087,1.3051,0.0365,combined,1.6262,4.0000,0.0995,-0.1083,0.0102
0.2001,0.0419,0.1001,turn,0.0000,6.0200,0.0000,nan,nan
0.0801,4.1099,0.0709,turn,0.0000,5.1200,0.0000,nan,nan
0.0491,5.7792,0.0267,stand,0.0000,7.4200,0.0000,nan,nan
0.0972,3.2361,0.0594,straight,1.7639,7.4800,0.0949,-0.0965,0.0121
0.0859,5.2906,0.1541,straight,1.1630,4.2400,0.0859,-0.0787,0.0344
0.0171,3.7633,0.2007,combined,1.8805,7.3800,0.0171,0.0052,0.0163
0.0357,0.4031,0.1110,turn,0.0000,4.0600,0.0000,nan,nan
0.2187,6.3560,0.1978,straight,0.0779,6.3000,0.0776,-0.1188,0.1836
0.0456,5.8700,0.1695,combined,0.4153,5.4200,0.0456,-0.0174,0.0422
0.0801,2.1282,0.1917,combined,2.0281,7.3600,0.0146,0.0772,0.0212
0.0436,0.2304,0.1940,turn,0.0000,6.4800,0.0000,nan,nan
0.1688,6.0535,0.0859,combined,0.8445,5.2000,0.0340,0.1547,0.0674
0.1187,1.3995,0.0532,combined,1.3328,6.4600,0.0111,0.0944,0.0720
0.0395,3.9171,0.1079,combined,1.2707,7.9800,0.0358,-0.0394,0.0016
0.0865,2.4720,0.0391,straight,0.8437,5.1200,0.0628,0.0865,0.0026
0.0455,4.5060,0.2168,straight,1.1436,7.2800,0.0217,0.0446,0.0093
0.0149,0.3441,0.0544,lateral,0.1993,7.7800,0.0023,0.0149,0.0007
0.1039,1.1376,0.1864,combined,0.9417,6.7600,0.0754,0.0013,0.1039
0.0035,0.1124,0.0158,stand,0.0000,4.9400,0.0000,nan,nan
0.0877,5.4754,0.1165,turn,0.0000,7.5200,0.0000,nan,nan
0.0810,0.7109,0.0261,stand,0.0000,7.3600,0.0000,nan,nan
0.1635,4.4127,0.0806,turn,0.0000,5.2400,0.0000,nan,nan
0.1194,0.4541,0.0387,combined,1.5110,4.8200,0.1194,-0.1122,0.0407
0.1833,2.3757,0.0957,combined,1.0370,4.4400,0.1687,0.0438,0.1780
0.0790,2.7354,0.0880,straight,1.5943,7.5600,0.0645,-0.0718,0.0329
0.0291,0.5153,0.0564,combined,1.3364,4.9800,0.0026,0.0278,0.0086
0.0843,0.9228,0.0818,lateral,1.0305,7.5600,0.0807,-0.0021,0.0843
0.2056,1.2532,0.0206,combined,0.4695,6.3200,0.0973,0.1595,0.1298
0.0062,0.7703,0.1354,lateral,0.9126,7.7800,0.0062,0.0014,0.0060
0.0599,1.9481,0.2873,straight,1.6622,6.5400,0.0159,-0.0237,0.0550
0.0599,0.2544,0.1081,lateral,1.2945,4.0000,0.0560,-0.0269,0.0535
0.1636,4.6477,0.0423,straight,0.2499,4.9000,0.0389,0.1313,0.0975
0.1874,0.0378,0.1436,combined,0.6400,7.6800,0.1382,-0.1619,0.0943
0.0861,2.4585,0.1241,combined,1.4305,6.8200,0.0730,-0.0566,0.0649
0.0580,2.1034,0.2357,lateral,0.2250,6.2200,0.0530,-0.0571,0.0102
0.1381,2.1652,0.0205,turn,0.0000,4.0400,0.0000,nan,nan
0.1503,1.5526,0.0344,turn,0.0000,6.1200,0.0000,nan,nan
0.1339,0.8430,0.0382,straight,0.1369,6.1800,0.0579,0.0634,0.1179
0.1485,2.9856,0.1740,combined,0.9718,5.6000,0.0525,0.1408,0.0473
0.0733,2.1229,0.1495,turn,0.0000,7.6600,0.0000,nan,nan
0.1557,1.8349,0.0219,lateral,0.7829,4.2200,0.1360,-0.1557,0.0031
0.0202,0.1298,0.1818,straight,0.7197,5.9800,0.0091,0.0109,0.0171
0.0836,2.8372,0.0446,turn,0.0000,6.0400,0.0000,nan,nan
0.0655,1.2156,0.0547,combined,1.8842,6.8200,0.0655,-0.0655,0.0004
0.0753,0.7657,0.0869,combined,1.0504,4.9800,0.0609,-0.0029,0.0752
0.0758,0.0952,0.0335,lateral,0.8436,5.2000,0.0752,-0.0668,0.0359
0.0794,0.0359,0.0267,lateral,0.5187,6.0600,0.0746,-0.0069,0.0791
0.0995,0.3575,0.0144,stand,0.0000,4.9800,0.0000,nan,nan
0.0198,0.9421,0.0407,stand,0.0000,4.0800,0.0000,nan,nan
0.1369,4.5089,0.1468,combined,0.7090,7.5600,0.1190,0.0297,0.1337
0.0147,2.4683,0.0281,straight,0.3933,5.7000,0.0058,-0.0085,0.0120
0.0312,5.1042,0.0699,combined,0.3592,6.1400,0.0284,0.0007,0.0312
0.0944,1.5986,0.1815,straight,0.7909,7.2800,0.0285,0.0508,0.0796
0.0885,1.2742,0.1362,straight,1.0077,4.7600,0.0843,-0.0757,0.0459
0.0758,2.1004,0.1621,turn,0.0000,6.2200,0.0000,nan,nan
0.0835,2.1827,0.2314,straight,1.1405,7.9400,0.0507,0.0581,0.0599
0.0389,1.4196,0.0717,straight,1.8943,4.4600,0.0389,-0.0376,0.0100
0.0377,2.0926,0.1265,straight,0.8738,4.7000,0.0365,-0.0190,0.0326
0.0947,2.3981,0.0417,straight,0.0596,6.8200,0.0522,-0.0919,0.0230
0.1103,1.8106,0.2053,combined,1.1682,6.4200,0.0230,0.0968,0.0529
0.0927,5.1496,0.2044,combined,0.3523,5.0600,0.0765,-0.0432,0.0821
0.0328,6.7503,0.0264,stand,0.0000,5.8800,0.0000,nan,nan
0.1958,1.6246,0.2336,lateral,1.3097,5.0000,0.1938,-0.1868,0.0587
0.1360,0.9096,0.1103,turn,0.0000,6.6000,0.0000,nan,nan
0.0261,1.0059,0.1627,lateral,0.3820,6.1800,0.0164,0.0090,0.0245
0.0167,0.1334,0.1479,combined,0.3963,6.9800,0.0167,0.0161,0.0044
0.1017,3.7860,0.1094,lateral,0.7279,7.4600,0.0390,0.0734,0.0705
0.1365,1.1995,0.2166,combined,0.7857,4.5000,0.1365,-0.0987,0.0943
0.0756,4.5814,0.0784,combined,0.9205,5.4400,0.0727,0.0200,0.0729
0.0328,0.0656,0.0269,stand,0.0000,4.1600,0.0000,nan,nan
0.1598,0.7078,0.0590,combined,1.3510,6.0000,0.1572,-0.1598,0.0007
0.0464,0.8134,0.1468,turn,0.0000,7.1800,0.0000,nan,nan
0.1319,0.9650,0.0721,turn,0.0000,4.3800,0.0000,nan,nan
0.0071,3.9669,0.1154,lateral,0.3722,4.1400,0.0071,-0.0070,0.0010
0.1225,1.7442,0.0101,stand,0.0000,5.6600,0.0000,nan,nan
0.0602,0.5668,0.1226,lateral,0.8384,5.6200,0.0543,-0.0164,0.0579
0.1484,0.7027,0.0805,turn,0.0000,7.6600,0.0000,nan,nan
0.0630,0.8348,0.0180,straight,1.6089,7.3800,0.0354,-0.0122,0.0618
0.0851,2.5577,0.2400,turn,0.0000,6.8800,0.0000,nan,nan
0.1382,0.2854,0.1228,turn,0.0000,6.6800,0.0000,nan,nan
0.0430,0.0574,0.1802,straight,1.4318,7.9200,0.0271,-0.0146,0.0405
0.1731,2.1561,0.0144,turn,0.0000,7.0400,0.0000,nan,nan
0.1910,4.0477,0.1031,combined,2.1062,6.1600,0.1855,-0.1622,0.1009
0.0713,0.8769,0.0677,combined,1.6796,5.8200,0.0687,-0.0560,0.0441
0.2244,0.0118,0.2476,combined,0.6406,4.2000,0.2126,-0.1165,0.1918
0.1503,2.3754,0.2389,straight,1.9880,5.2800,0.0662,0.1065,0.1060
0.1082,1.4154,0.0151,stand,0.0000,4.0600,0.0000,nan,nan
0.0503,3.1220,0.2397,turn,0.0000,7.9400,0.0000,nan,nan
0.2366,0.0724,0.0572,combined,1.4501,6.7200,0.0464,0.2301,0.0551
0.0525,0.1156,0.1197,combined,1.2895,7.4600,0.0485,0.0012,0.0525
0.0161,0.7587,0.1050,turn,0.0000,5.1200,0.0000,nan,nan
0.2183,0.9936,0.1590,straight,1.5867,4.4800,0.2104,-0.1404,0.1671
0.2366,0.5040,0.4436,combined,2.3439,4.2800,0.2366,-0.2365,0.0064
0.0715,1.8606,0.2486,turn,0.0000,7.3200,0.0000,nan,nan
0.0422,3.6453,0.1503,lateral,0.4441,6.7800,0.0331,0.0313,0.0283
0.0394,6.2078,0.0166,stand,0.0000,4.5200,0.0000,nan,nan
0.2009,3.6821,0.1056,turn,0.0000,7.1600,0.0000,nan,nan
0.1360,0.2517,0.0985,lateral,1.1363,7.6000,0.0718,0.1135,0.0750
0.0795,0.6353,0.0183,straight,0.7650,5.3800,0.0677,0.0397,0.0689
0.0828,6.2791,0.1734,combined,1.4741,6.4800,0.0785,-0.0246,0.0791
0.0894,0.4762,0.1345,turn,0.0000,5.2400,0.0000,nan,nan
0.0713,1.9249,0.0411,turn,0.0000,7.3000,0.0000,nan,nan
0.1352,0.5013,0.1820,turn,0.0000,7.6200,0.0000,nan,nan
0.0738,3.0303,0.1522,lateral,0.6746,4.9600,0.0540,-0.0540,0.0503
0.1377,1.5285,0.0137,turn,0.0000,6.9000,0.0000,nan,nan
0.0567,1.5836,0.1379,straight,0.1042,5.0000,0.0067,0.0567,0.0025
0.0134,3.3540,0.0170,combined,1.3603,7.9000,0.0134,-0.0134,0.0000
0.0856,0.5158,0.0193,turn,0.0000,6.8400,0.0000,nan,nan
0.1096,1.1594,0.1311,combined,1.1981,7.9200,0.0302,0.1056,0.0294
0.1513,0.0692,0.0526,combined,1.7139,6.9400,0.1291,0.0161,0.1505
0.0678,3.4465,0.0959,combined,1.5109,5.6200,0.0271,0.0501,0.0456
0.0098,2.6025,0.1251,turn,0.0000,6.0000,0.0000,nan,nan
0.0353,3.5735,0.1065,turn,0.0000,4.4400,0.0000,nan,nan
0.0402,1.5538,0.0213,straight,1.6807,7.6000,0.0047,0.0218,0.0338
0.2722,0.9440,0.1438,combined,1.7364,5.7400,0.2548,-0.1864,0.1983
0.0691,1.8640,0.1763,turn,0.0000,5.0200,0.0000,nan,nan
0.0671,2.8277,0.0513,straight,0.3329,4.2400,0.0432,0.0266,0.0616
0.1021,0.2811,0.0310,lateral,1.1908,5.3800,0.0977,0.0037,0.1020
0.2017,4.8143,0.1660,straight,0.8365,5.9600,0.1076,0.0893,0.1808
0.1568,3.7378,0.1553,combined,1.8285,7.4200,0.1397,-0.1130,0.1086
0.1575,3.5394,0.0394,straight,1.3826,7.3000,0.1550,-0.1066,0.1159
0.0298,3.3292,0.2532,combined,1.5364,4.9600,0.0222,0.0141,0.0263
0.0498,5.7488,0.1063,lateral,1.1686,5.6400,0.0423,-0.0309,0.0391
0.0242,1.6130,0.1844,combined,0.1299,6.8400,0.0085,0.0230,0.0078
0.0590,4.6047,0.1225,lateral,0.2970,6.7200,0.0500,-0.0344,0.0479
0.0322,0.0875,0.0155,combined,1.7773,7.9800,0.0161,0.0058,0.0317
0.1636,3.7174,0.1971,combined,1.8617,6.6600,0.0237,0.1618,0.0239
0.1607,1.5028,0.2172,combined,1.4007,7.9400,0.1357,-0.1267,0.0987
0.1901,4.4171,0.0645,combined,2.2336,4.4200,0.1548,-0.0157,0.1895
0.1077,2.1808,0.0213,turn,0.0000,4.9600,0.0000,nan,nan
0.1108,1.1639,0.2004,lateral,0.1768,6.0400,0.0277,0.0881,0.0672
0.0560,3.4562,0.1090,straight,1.2752,4.2800,0.0337,0.0489,0.0272
0.0480,2.1780,0.2293,lateral,0.5552,6.8200,0.0076,-0.0402,0.0263
0.1256,0.4217,0.1460,combined,0.7651,5.1800,0.0492,0.0906,0.0870
0.0556,1.0211,0.0658,lateral,0.6119,4.9800,0.0540,0.0268,0.0487
0.1747,0.6030,0.2204,combined,1.3601,7.7400,0.1334,0.0085,0.1745
0.1369,0.1884,0.1878,straight,0.4386,6.9800,0.1087,-0.0242,0.1347
0.0659,2.0005,0.1827,lateral,0.1463,5.2400,0.0499,0.0044,0.0658
0.0466,4.3386,0.1866,straight,1.2514,5.2600,0.0315,0.0186,0.0428
0.0161,0.0304,0.0562,straight,0.5886,4.7200,0.0161,-0.0066,0.0147
0.0965,2.1200,0.0979,lateral,1.4484,5.4800,0.0888,0.0008,0.0965
0.1115,1.8568,0.0577,combined,0.9746,7.5000,0.0319,-0.0476,0.1009
0.0742,2.6029,0.0873,combined,1.7352,6.2200,0.0738,-0.0348,0.0655
0.1117,0.9701,0.0340,straight,1.2838,6.5800,0.0266,0.0764,0.0815
0.0445,0.9864,0.0090,combined,1.0384,7.3800,0.0013,-0.0280,0.0346
0.0285,1.4022,0.0578,straight,1.8591,5.6200,0.0162,-0.0051,0.0280
0.2236,0.6569,0.1204,combined,2.0582,5.4800,0.0865,0.2078,0.0827
0.0366,1.3771,0.1751,turn,0.0000,7.3000,0.0000,nan,nan
0.0917,1.0754,0.2003,straight,1.1293,4.9800,0.0763,0.0598,0.0695
0.0899,0.6020,0.1200,combined,2.0679,7.9200,0.0765,0.0372,0.0818
0.1399,0.7490,0.1935,straight,1.1417,4.2400,0.1334,-0.0787,0.1157
0.0855,1.1348,0.2338,combined,1.2740,7.6800,0.0609,-0.0835,0.0186
0.0548,1.3243,0.0967,turn,0.0000,4.5800,0.0000,nan,nan
0.1249,1.9197,0.0512,lateral,0.2967,4.0000,0.1249,-0.1228,0.0229
0.0174,0.8958,0.1980,straight,1.6941,5.3200,0.0170,-0.0146,0.0094
0.1207,0.8112,0.1696,turn,0.0000,5.0400,0.0000,nan,nan
0.1733,0.4082,0.0699,turn,0.0000,7.5600,0.0000,nan,nan
0.1716,0.9508,0.0856,straight,0.1201,6.7000,0.1120,-0.1171,0.1254
0.0074,2.1705,0.1158,lateral,0.2235,7.7800,0.0009,-0.0026,0.0069
0.0405,1.2713,0.1004,combined,1.1882,7.7200,0.0181,-0.0150,0.0376
0.0681,1.4180,0.1054,combined,2.0332,6.1800,0.0636,-0.0658,0.0177
0.1072,1.7083,0.0741,lateral,0.5057,6.2200,0.0866,-0.0906,0.0573
0.0821,2.6928,0.0496,lateral,0.5251,6.1600,0.0588,0.0185,0.0800
0.0403,3.6479,0.1578,straight,0.9483,4.8000,0.0125,-0.0137,0.0380
0.0902,0.8669,0.1095,combined,1.1147,6.0800,0.0889,-0.0157,0.0888
0.0344,3.3979,0.1364,turn,0.0000,7.1200,0.0000,nan,nan
0.0854,3.1789,0.0552,stand,0.0000,4.3600,0.0000,nan,nan
0.0637,0.4281,0.1107,straight,1.8171,7.4400,0.0380,0.0184,0.0610
0.1063,1.9203,0.0754,lateral,0.7374,6.9800,0.0011,0.1050,0.0162
0.0282,2.1039,0.0999,straight,0.6096,5.6200,0.0055,0.0164,0.0229
0.0435,0.2821,0.1444,combined,0.6852,7.4800,0.0403,0.0253,0.0354
0.0043,0.1222,0.0141,stand,0.0000,7.2200,0.0000,nan,nan
0.0842,3.0476,0.0181,stand,0.0000,5.7200,0.0000,nan,nan
0.0715,1.0629,0.1898,straight,1.5533,4.2600,0.0715,-0.0714,0.0041
0.0605,1.9614,0.1774,turn,0.0000,5.1400,0.0000,nan,nan
0.0548,0.5651,0.1000,straight,0.4043,7.1200,0.0063,0.0384,0.0392
0.2081,2.5845,0.1259,combined,2.2524,6.6400,0.2000,-0.1112,0.1758
0.0683,1.1019,0.0347,combined,1.5509,6.3000,0.0583,-0.0682,0.0042
0.0839,2.4837,0.0610,lateral,0.2331,4.6600,0.0775,0.0292,0.0786
0.2018,4.1413,0.0832,combined,1.6704,4.9000,0.1822,-0.1273,0.1566
0.1522,1.0876,0.0724,turn,0.0000,5.3200,0.0000,nan,nan
0.1218,2.5715,0.0558,straight,1.5065,5.3400,0.1218,-0.0373,0.1159
0.1060,0.7987,0.0663,lateral,0.1922,6.8800,0.0775,0.0010,0.1060
0.1501,1.4470,0.2175,lateral,0.4931,6.0400,0.1129,-0.1387,0.0573
0.1469,2.7017,0.2135,lateral,1.1471,7.1000,0.0183,0.1435,0.0316
0.1121,3.5813,0.1062,lateral,1.4790,4.5200,0.1087,-0.0900,0.0668
0.0899,0.4918,0.0691,lateral,0.2612,5.3800,0.0620,-0.0064,0.0896
0.1059,3.2959,0.0361,stand,0.0000,6.9000,0.0000,nan,nan
0.1498,3.4950,0.1028,combined,0.4012,7.9200,0.1303,-0.1252,0.0823
0.0993,0.6499,0.1604,turn,0.0000,4.0800,0.0000,nan,nan
0.0279,1.4228,0.0719,stand,0.0000,7.5000,0.0000,nan,nan
0.0439,1.9603,0.0587,lateral,0.1410,4.9600,0.0237,-0.0313,0.0308
0.0730,3.3926,0.1019,lateral,1.0798,4.3400,0.0665,-0.0384,0.0620
0.0467,1.0902,0.1613,straight,1.3884,7.6200,0.0175,-0.0128,0.0449
0.0157,0.7689,0.0720,combined,1.6069,4.7000,0.0132,-0.0137,0.0077
0.1353,2.2845,0.0494,combined,0.7984,7.5600,0.1051,-0.0311,0.1317
0.1038,1.0393,0.0506,combined,1.2579,7.1200,0.0998,-0.0869,0.0567
0.0526,2.0693,0.2010,combined,2.0162,7.0000,0.0032,0.0343,0.0398
0.1645,2.7835,0.0773,turn,0.0000,7.9000,0.0000,nan,nan
0.0125,0.3840,0.0201,stand,0.0000,7.4800,0.0000,nan,nan
0.1270,0.8072,0.2114,straight,0.7366,7.1200,0.0450,0.0362,0.1217
0.2080,2.0099,0.1554,turn,0.0000,4.4200,0.0000,nan,nan
0.1010,0.0798,0.1339,straight,0.8400,5.0800,0.0916,-0.0052,0.1008
0.0500,1.4040,0.1919,lateral,0.3379,5.6600,0.0019,0.0363,0.0345
0.0895,1.2230,0.0754,straight,0.2756,5.3400,0.0718,-0.0846,0.0292
0.1365,0.2127,0.0584,combined,1.9002,6.0200,0.0920,0.1101,0.0808
0.0899,3.2169,0.2133,combined,0.8630,7.5800,0.0761,-0.0460,0.0773
0.0745,2.3815,0.0088,stand,0.0000,7.9400,0.0000,nan,nan
0.0671,1.1791,0.0233,stand,0.0000,5.2400,0.0000,nan,nan
0.0789,3.1605,0.1939,combined,1.8362,5.0800,0.0482,0.0023,0.0789
0.0399,0.0603,0.1072,turn,0.0000,6.7200,0.0000,nan,nan
0.0957,0.7913,0.0176,turn,0.0000,5.3600,0.0000,nan,nan
0.1207,2.8441,0.0416,straight,1.0431,6.5200,0.0530,0.0474,0.1110
0.0695,0.6834,0.0635,turn,0.0000,6.5200,0.0000,nan,nan
0.0411,2.7104,0.0375,lateral,0.3686,4.6200,0.0411,-0.0174,0.0372
0.0981,4.8261,0.1163,lateral,0.5662,5.8800,0.0900,-0.0980,0.0050
0.0421,2.3637,0.2014,lateral,0.9821,7.1600,0.0015,-0.0414,0.0075
0.0125,0.0048,0.0269,combined,1.1985,6.3600,0.0004,0.0122,0.0025
0.1318,1.4310,0.1852,combined,1.8184,6.4400,0.1135,0.0037,0.1318
0.2079,2.4863,0.1685,turn,0.0000,6.3800,0.0000,nan,nan
0.1564,2.4192,0.1813,combined,0.7753,5.9600,0.1498,-0.1431,0.0632
0.1653,2.3739,0.2097,straight,1.8200,4.0200,0.0367,0.1519,0.0651
0.2004,1.5129,0.0751,combined,1.0422,5.0600,0.0582,0.1468,0.1364
0.0351,0.3774,0.0949,lateral,0.3701,4.7800,0.0345,-0.0040,0.0349
0.0730,2.0892,0.1815,lateral,1.0120,5.0200,0.0626,-0.0693,0.0230
0.0756,1.9139,0.0943,lateral,0.7544,7.9200,0.0571,0.0572,0.0494
0.0587,3.7519,0.0287,turn,0.0000,5.2400,0.0000,nan,nan
0.1230,1.9477,0.0739,combined,0.6231,6.3200,0.1021,-0.0875,0.0864
0.1890,3.7284,0.1032,combined,0.7328,4.5600,0.1783,-0.0965,0.1626
0.0194,3.4593,0.0676,combined,0.4806,4.9600,0.0063,0.0175,0.0083
0.0471,1.2175,0.0117,stand,0.0000,5.5600,0.0000,nan,nan
0.1245,0.0746,0.0458,combined,1.2015,6.8000,0.1242,-0.0602,0.1091
0.1276,1.5124,0.1577,combined,1.6951,7.0400,0.0992,0.0456,0.1192
0.1064,2.9123,0.2245,straight,1.7882,6.4400,0.0506,0.0824,0.0674
0.0667,4.9200,0.1863,combined,1.8094,7.2200,0.0490,0.0319,0.0586
0.0230,0.7598,0.1398,lateral,1.4540,5.1400,0.0210,-0.0067,0.0221
0.1062,0.2141,0.2391,turn,0.0000,5.4600,0.0000,nan,nan
0.1804,0.4582,0.0944,combined,2.1127,4.6800,0.1611,-0.0806,0.1614
0.0697,6.3934,0.1376,straight,1.7285,5.5600,0.0397,-0.0223,0.0661
0.0202,1.2468,0.2193,turn,0.0000,5.2000,0.0000,nan,nan
0.0914,1.9909,0.2047,turn,0.0000,5.5800,0.0000,nan,nan
