pos_err_m,heading_err_deg,final_speed_mps,category,start_dist_m,duration_s,min_dist_m,along_err_m,cross_err_m
0.0588,2.8716,0.1629,straight,1.6213,4.0000,0.0588,-0.0509,0.0294
0.2152,7.2016,0.0384,stand,0.0000,4.0000,0.0000,nan,nan
0.0323,3.6265,0.0669,lateral,0.1486,4.0200,0.0323,-0.0296,0.0129
0.0817,0.4401,0.1137,turn,0.0000,4.0400,0.0000,nan,nan
0.0575,4.3346,0.0941,lateral,0.5644,4.0600,0.0554,-0.0554,0.0153
0.0847,0.0136,0.0329,straight,0.3903,4.0600,0.0723,0.0430,0.0730
0.0866,0.2157,0.1716,lateral,0.5120,4.0800,0.0498,0.0466,0.0730
0.0828,3.7093,0.1232,straight,0.3337,4.0400,0.0232,-0.0203,0.0803
0.0809,4.2852,0.0204,turn,0.0000,4.1000,0.0000,nan,nan
0.2338,3.6645,0.0525,combined,1.1051,4.0600,0.2338,-0.2330,0.0193
0.0294,1.8831,0.0232,straight,0.7604,4.1200,0.0072,0.0282,0.0083
0.1295,0.7148,0.1187,lateral,0.7995,4.1400,0.1295,-0.1160,0.0575
0.0846,11.1304,0.0517,stand,0.0000,4.1600,0.0000,nan,nan
0.0514,1.9561,0.1239,straight,1.0835,4.1600,0.0321,-0.0291,0.0424
0.0471,1.8328,0.0361,straight,0.2940,4.1800,0.0206,0.0406,0.0238
0.2238,6.2931,0.1543,lateral,1.2723,4.2000,0.2152,-0.1710,0.1443
0.1609,0.0600,0.0595,combined,1.6663,4.2000,0.0647,0.1502,0.0577
0.1448,9.5891,0.0260,stand,0.0000,4.2200,0.0000,nan,nan
0.1247,2.3372,0.1877,lateral,1.1702,4.2600,0.1247,-0.0632,0.1075
0.0352,0.8131,0.1679,turn,0.0000,4.2800,0.0000,nan,nan
0.0576,0.7432,0.1109,turn,0.0000,4.2800,0.0000,nan,nan
0.1188,0.7654,0.1654,combined,1.3294,4.3000,0.1188,-0.0645,0.0998
0.0607,0.0488,0.0943,turn,0.0000,4.3400,0.0000,nan,nan
0.1221,5.6559,0.2226,straight,0.3736,4.3400,0.0521,0.0487,0.1120
0.1391,4.0595,0.1105,combined,1.5353,4.3800,0.1344,-0.1382,0.0153
0.0276,4.9954,0.0043,stand,0.0000,4.3800,0.0000,nan,nan
0.1523,1.2841,0.1060,combined,2.3763,4.3600,0.1523,-0.1519,0.0108
0.1184,2.0246,0.1353,straight,1.8087,4.4000,0.1154,-0.1182,0.0069
0.0154,3.4301,0.1771,turn,0.0000,4.4200,0.0000,nan,nan
0.0887,3.6087,0.1600,combined,1.0583,4.4400,0.0835,-0.0391,0.0796
0.0712,1.4354,0.1260,turn,0.0000,4.4400,0.0000,nan,nan
0.0440,0.8170,0.0918,turn,0.0000,4.1200,0.0000,nan,nan
0.0637,2.9439,0.0197,combined,1.4895,4.4600,0.0637,-0.0295,0.0565
0.1833,5.6698,0.0341,combined,1.1134,4.4600,0.1833,-0.1785,0.0417
0.1058,3.8482,0.0157,turn,0.0000,4.4800,0.0000,nan,nan
0.0259,0.1356,0.1328,combined,1.3003,4.4800,0.0229,-0.0145,0.0215
0.0849,1.7685,0.0338,combined,0.6579,4.5000,0.0843,-0.0745,0.0406
0.1243,3.1841,0.0402,lateral,1.1520,4.5200,0.1243,-0.0272,0.1213
0.0899,1.4890,0.2332,lateral,1.3195,4.5200,0.0899,-0.0897,0.0064
0.0447,3.9561,0.1020,combined,0.9433,4.5400,0.0272,-0.0189,0.0405
0.0539,0.8434,0.0241,lateral,0.0827,4.5800,0.0441,0.0440,0.0311
0.1102,0.6979,0.1451,lateral,0.5202,4.5800,0.1060,-0.0537,0.0962
0.1302,4.1145,0.2591,straight,1.3550,4.5800,0.1302,-0.1214,0.0470
0.0933,1.0595,0.1560,straight,1.9288,4.6000,0.0933,-0.0828,0.0430
0.0305,3.5917,0.1433,lateral,0.2763,4.6200,0.0289,-0.0064,0.0298
0.2039,1.7461,0.0282,stand,0.0000,4.6400,0.0000,nan,nan
0.0894,1.5982,0.0857,combined,2.0390,4.6600,0.0894,-0.0892,0.0062
0.0641,0.6577,0.0824,lateral,0.2251,4.6600,0.0601,-0.0492,0.0411
0.0375,4.6023,0.0360,lateral,0.6565,4.6600,0.0246,0.0350,0.0135
0.1348,1.5434,0.0575,turn,0.0000,4.7400,0.0000,nan,nan
0.0357,0.9651,0.1033,straight,1.1381,4.7400,0.0241,-0.0264,0.0241
0.1434,7.0419,0.0579,combined,1.5424,4.7400,0.1434,-0.1394,0.0339
0.0835,4.2756,0.1818,combined,1.4375,4.7600,0.0188,-0.0046,0.0834
0.1050,2.5781,0.1219,straight,1.4763,4.7200,0.1050,-0.0831,0.0641
0.1105,7.6543,0.1305,straight,1.0497,4.7800,0.0989,0.0224,0.1083
0.0576,16.1317,0.0401,stand,0.0000,4.8000,0.0000,nan,nan
0.0312,4.0303,0.1356,straight,0.4014,4.8000,0.0312,-0.0300,0.0083
0.0764,0.6312,0.1626,combined,1.5914,4.8000,0.0707,-0.0589,0.0488
0.0964,2.7578,0.1759,straight,0.3844,4.8600,0.0618,-0.0419,0.0868
0.0744,1.6851,0.1873,lateral,1.3513,4.8600,0.0744,-0.0223,0.0709
0.1073,2.7162,0.2274,straight,1.7704,4.8600,0.1073,-0.0802,0.0713
0.0986,0.1633,0.0661,turn,0.0000,4.8800,0.0000,nan,nan
0.2773,0.2298,0.1676,lateral,1.4496,4.8800,0.2773,-0.0135,0.2770
0.0120,4.3404,0.0551,lateral,1.0024,4.9000,0.0120,0.0098,0.0070
0.1271,0.7790,0.0187,combined,0.4523,4.9000,0.0027,-0.0462,0.1184
0.0425,1.3197,0.1719,combined,0.5752,4.9600,0.0003,0.0352,0.0238
0.1000,1.7105,0.2227,straight,1.5851,4.9800,0.0788,-0.0366,0.0931
0.0888,2.9480,0.2006,combined,1.9659,5.0000,0.0217,0.0708,0.0536
0.1146,0.3426,0.0388,combined,1.1245,5.0000,0.0941,-0.0628,0.0958
0.0545,1.8824,0.0921,straight,1.5508,5.0200,0.0545,-0.0315,0.0444
0.1387,0.8229,0.1508,combined,1.7521,5.0000,0.1356,-0.1380,0.0146
0.0736,5.0786,0.1995,turn,0.0000,5.0600,0.0000,nan,nan
0.0369,1.1395,0.1087,lateral,0.7101,5.0800,0.0357,-0.0110,0.0352
0.1411,0.5521,0.0896,combined,1.0111,5.1000,0.0713,-0.0631,0.1262
0.0855,2.0589,0.0604,combined,1.8472,5.1600,0.0855,-0.0843,0.0144
0.1638,6.5065,0.0617,lateral,1.4010,5.1600,0.1580,-0.0565,0.1537
0.0355,5.1086,0.1628,combined,1.7301,5.1200,0.0320,-0.0242,0.0259
0.0633,2.8543,0.1490,combined,1.8520,5.1200,0.0586,-0.0563,0.0291
0.1437,0.9843,0.0109,lateral,0.1621,5.1800,0.0096,0.1198,0.0792
0.1133,2.7506,0.0563,turn,0.0000,5.2000,0.0000,nan,nan
0.1968,4.5255,0.0941,straight,1.9252,5.2200,0.1968,-0.1955,0.0225
0.1193,5.5618,0.0298,stand,0.0000,5.2200,0.0000,nan,nan
0.0071,2.6281,0.0625,lateral,0.7240,5.2400,0.0033,-0.0042,0.0057
0.0717,4.8284,0.0320,stand,0.0000,4.2200,0.0000,nan,nan
0.0931,1.3257,0.0487,combined,2.0102,5.2600,0.0931,-0.0874,0.0322
0.0422,0.2498,0.1898,combined,1.4622,5.2600,0.0336,-0.0235,0.0351
0.0533,2.4341,0.2003,straight,0.9922,5.2800,0.0275,-0.0069,0.0528
0.1491,0.7291,0.0190,combined,1.0624,5.3000,0.1481,-0.1419,0.0456
0.0457,1.7400,0.1446,straight,0.4539,4.3800,0.0396,0.0384,0.0248
0.1432,0.2680,0.0920,straight,0.7416,5.3200,0.0298,-0.1432,0.0020
0.0401,2.5805,0.0373,combined,1.2033,5.3200,0.0338,-0.0118,0.0383
0.0569,4.9383,0.0447,combined,1.5076,5.3000,0.0560,-0.0327,0.0465
0.0563,2.3332,0.1956,lateral,1.3074,5.4200,0.0114,0.0562,0.0032
0.0576,6.6270,0.1888,straight,1.7676,5.4200,0.0561,-0.0436,0.0377
0.0338,4.3815,0.1904,lateral,0.8076,5.4000,0.0157,0.0282,0.0186
0.0285,7.8990,0.0800,turn,0.0000,5.4800,0.0000,nan,nan
0.0073,0.8471,0.0463,straight,0.6332,5.5400,0.0029,0.0068,0.0026
0.0436,2.7375,0.1365,combined,1.5059,5.5600,0.0436,-0.0356,0.0251
0.0363,0.5818,0.2448,straight,0.3466,5.5600,0.0363,-0.0320,0.0171
0.0584,0.7891,0.1599,straight,0.9632,5.5800,0.0582,-0.0575,0.0105
0.0678,3.5813,0.1210,turn,0.0000,5.5800,0.0000,nan,nan
0.0860,1.4948,0.0544,lateral,0.9998,5.6600,0.0759,-0.0837,0.0199
0.0745,1.7100,0.0170,combined,2.0123,5.6800,0.0505,-0.0739,0.0093
0.0609,3.4912,0.0894,combined,0.9143,5.7000,0.0129,0.0592,0.0143
0.1206,1.0425,0.0588,lateral,0.8265,5.7200,0.1042,-0.1042,0.0607
0.1013,2.7871,0.1653,straight,0.2329,5.7200,0.0596,-0.1002,0.0150
0.1106,0.1088,0.2007,combined,1.2067,5.7200,0.1069,-0.1105,0.0043
0.0598,3.6457,0.0616,straight,1.0259,5.7400,0.0590,-0.0478,0.0359
0.0422,0.0190,0.0901,straight,1.4441,5.7200,0.0277,-0.0322,0.0272
0.0111,1.9171,0.1302,turn,0.0000,5.7800,0.0000,nan,nan
0.0247,1.0809,0.1431,lateral,0.5661,5.8000,0.0247,-0.0227,0.0096
0.0520,0.5628,0.0541,straight,0.0867,5.8200,0.0154,-0.0515,0.0072
0.0367,1.9661,0.2133,combined,0.7928,5.8000,0.0265,-0.0346,0.0124
0.1454,1.2362,0.0543,combined,0.5592,5.8400,0.0226,0.1453,0.0023
0.1044,1.3568,0.0310,lateral,0.8427,5.8400,0.0884,-0.1027,0.0188
0.0970,2.2372,0.0688,straight,1.9414,5.8200,0.0970,-0.0933,0.0266
0.1201,1.7097,0.1420,combined,1.7698,5.8600,0.0955,0.0003,0.1201
0.0325,4.3785,0.0486,combined,1.4622,5.8800,0.0009,0.0237,0.0221
0.0334,3.9074,0.0187,straight,0.0663,5.9000,0.0333,-0.0300,0.0146
0.0953,3.1539,0.0553,combined,1.4585,5.9200,0.0054,0.0953,0.0033
0.0873,0.9718,0.2681,lateral,1.1403,5.9200,0.0873,-0.0491,0.0722
0.0492,4.1060,0.0733,turn,0.0000,5.9200,0.0000,nan,nan
0.0190,3.1993,0.0416,straight,0.9544,5.9000,0.0036,-0.0012,0.0190
0.0544,2.0974,0.1616,turn,0.0000,5.9400,0.0000,nan,nan
0.0442,0.7635,0.0791,lateral,1.1082,5.9600,0.0421,-0.0441,0.0032
0.0834,1.3658,0.0383,stand,0.0000,5.9200,0.0000,nan,nan
0.0685,1.3924,0.1361,turn,0.0000,5.9600,0.0000,nan,nan
0.1630,0.5057,0.0483,lateral,1.0306,5.9800,0.1627,-0.0639,0.1499
0.0873,0.0702,0.2124,lateral,1.2548,5.9600,0.0656,0.0024,0.0872
0.1558,0.0193,0.1097,turn,0.0000,6.0200,0.0000,nan,nan
0.0761,5.0254,0.1938,straight,0.1738,6.0200,0.0750,0.0129,0.0750
0.1627,2.0672,0.0532,lateral,1.0605,6.0200,0.0125,0.1218,0.1079
0.1204,2.2881,0.2286,lateral,0.8624,6.0200,0.0992,-0.0366,0.1147
0.1341,2.3889,0.1986,combined,0.1634,6.0400,0.1172,-0.0174,0.1330
0.0994,0.7792,0.2198,turn,0.0000,6.0600,0.0000,nan,nan
0.1127,0.3387,0.0396,stand,0.0000,6.0400,0.0000,nan,nan
0.0333,2.1773,0.1486,lateral,1.2391,6.1000,0.0213,0.0210,0.0258
0.1228,1.4866,0.1663,straight,0.3250,6.1000,0.0034,0.1203,0.0244
0.0387,6.1038,0.0766,straight,1.9984,6.1000,0.0018,0.0351,0.0164
0.0834,4.1011,0.0417,combined,0.5448,6.1000,0.0609,0.0530,0.0643
0.0797,1.0621,0.0591,combined,0.3153,6.1000,0.0794,-0.0688,0.0402
0.1058,0.7468,0.0324,combined,1.6188,6.0800,0.0951,0.0180,0.1043
0.0971,1.9725,0.0562,turn,0.0000,6.1200,0.0000,nan,nan
0.0910,0.5787,0.0385,turn,0.0000,6.1200,0.0000,nan,nan
0.0123,0.7737,0.0121,turn,0.0000,6.1400,0.0000,nan,nan
0.0888,1.3748,0.0196,turn,0.0000,6.1400,0.0000,nan,nan
0.0244,0.6385,0.1686,combined,2.1614,6.1600,0.0041,0.0158,0.0186
0.1081,3.9669,0.0648,turn,0.0000,6.2200,0.0000,nan,nan
0.0673,2.6590,0.2471,combined,1.4166,6.2200,0.0667,-0.0421,0.0525
0.1112,2.4624,0.2025,lateral,0.5503,6.2600,0.0375,-0.0242,0.1086
0.0749,1.8239,0.1681,lateral,0.1730,6.3000,0.0592,-0.0539,0.0520
0.0314,2.1563,0.0943,combined,1.4206,6.3400,0.0314,-0.0301,0.0088
0.0354,0.7481,0.0510,combined,0.7385,6.3600,0.0238,0.0230,0.0269
0.1099,0.0905,0.0440,straight,0.8642,6.3800,0.0702,-0.0074,0.1097
0.0856,2.3582,0.0419,lateral,0.3933,6.3800,0.0856,-0.0663,0.0541
0.0859,1.1058,0.1632,straight,0.8589,6.4200,0.0641,-0.0654,0.0557
0.1598,1.0207,0.0932,lateral,0.0215,6.4200,0.0211,0.1311,0.0914
0.1823,7.3129,0.0368,stand,0.0000,6.4400,0.0000,nan,nan
0.1495,0.4028,0.2034,combined,2.4174,6.5200,0.1401,-0.1192,0.0902
0.0900,2.6755,0.2156,turn,0.0000,6.5400,0.0000,nan,nan
0.0554,3.6030,0.2513,turn,0.0000,6.5000,0.0000,nan,nan
0.0274,1.9218,0.0363,stand,0.0000,6.5400,0.0000,nan,nan
0.1380,0.8609,0.1583,combined,1.8695,6.5600,0.1380,-0.1352,0.0275
0.1388,2.6951,0.0584,combined,2.2227,6.5800,0.1244,-0.1176,0.0737
0.0512,0.2573,0.1944,combined,1.9744,6.5600,0.0476,-0.0507,0.0067
0.0663,2.3922,0.1032,lateral,0.6951,6.6000,0.0551,-0.0373,0.0548
0.0833,3.5315,0.2424,combined,1.3435,6.6000,0.0833,-0.0553,0.0622
0.0603,0.8360,0.2055,combined,1.1616,6.6000,0.0177,0.0325,0.0508
0.0877,2.4492,0.2225,straight,0.6590,6.6200,0.0459,0.0234,0.0845
0.0580,0.5958,0.1352,combined,1.4740,6.6400,0.0407,-0.0505,0.0287
0.0444,1.2029,0.1895,lateral,0.0159,6.6600,0.0061,-0.0076,0.0438
0.0706,1.2569,0.2240,straight,0.3055,6.6800,0.0008,0.0458,0.0537
0.1212,3.4644,0.0171,combined,1.5381,6.7000,0.0600,0.0095,0.1208
0.0787,1.3171,0.0545,combined,1.6854,6.6800,0.0182,0.0371,0.0695
0.0955,3.2119,0.1834,lateral,1.3688,6.7400,0.0949,-0.0927,0.0227
0.0821,0.5862,0.0348,lateral,0.8684,6.7400,0.0821,-0.0819,0.0057
0.0425,2.6748,0.0381,turn,0.0000,6.7400,0.0000,nan,nan
0.0345,2.8254,0.1250,lateral,0.2424,6.7400,0.0007,0.0261,0.0226
0.1023,3.0616,0.2664,combined,0.7989,6.7600,0.1009,-0.0628,0.0808
0.0616,2.1407,0.0552,turn,0.0000,6.7800,0.0000,nan,nan
0.0840,0.6548,0.0641,lateral,1.1270,6.8000,0.0109,0.0823,0.0167
0.0574,0.9204,0.0577,combined,1.6345,6.7600,0.0574,-0.0560,0.0124
0.1860,5.7848,0.0072,stand,0.0000,6.8000,0.0000,nan,nan
0.1204,0.5180,0.1412,lateral,1.4576,6.8200,0.1125,0.0139,0.1196
0.0164,2.8417,0.0929,straight,0.3782,6.8200,0.0047,0.0077,0.0145
0.0833,0.8561,0.2280,straight,1.4414,6.8600,0.0759,-0.0657,0.0512
0.0200,1.7581,0.0258,stand,0.0000,6.8600,0.0000,nan,nan
0.0210,4.1844,0.0496,straight,0.3712,6.8600,0.0014,-0.0071,0.0197
0.0840,1.8465,0.0469,turn,0.0000,6.9000,0.0000,nan,nan
0.0707,0.9109,0.0291,turn,0.0000,6.9000,0.0000,nan,nan
0.0542,4.4609,0.0325,stand,0.0000,6.9000,0.0000,nan,nan
0.1265,1.5794,0.0204,turn,0.0000,6.9600,0.0000,nan,nan
0.0628,0.2860,0.0510,straight,1.8244,6.9800,0.0081,0.0265,0.0570
0.1200,1.4971,0.0689,straight,0.3896,6.9800,0.0057,-0.1200,0.0034
0.1659,16.5141,0.0317,stand,0.0000,6.9800,0.0000,nan,nan
0.0688,2.4682,0.1551,turn,0.0000,6.9600,0.0000,nan,nan
0.0579,2.1632,0.0299,turn,0.0000,7.0200,0.0000,nan,nan
0.1232,0.9252,0.0851,combined,0.5910,7.0200,0.0310,0.1151,0.0440
0.0149,0.1663,0.1052,turn,0.0000,7.0400,0.0000,nan,nan
0.0134,0.6353,0.0355,straight,0.4493,7.0600,0.0040,0.0030,0.0130
0.0849,2.2599,0.1170,combined,1.1445,7.1000,0.0047,0.0848,0.0046
0.0515,9.2064,0.1498,straight,1.4458,7.1000,0.0494,-0.0515,0.0003
0.1218,2.1427,0.0481,straight,1.6518,7.1200,0.0807,0.1052,0.0614
0.0696,5.3868,0.0394,turn,0.0000,7.1200,0.0000,nan,nan
0.1019,1.5577,0.0367,combined,0.4771,7.1200,0.0905,-0.0744,0.0696
0.0511,2.1439,0.0440,stand,0.0000,7.1600,0.0000,nan,nan
0.1543,2.2980,0.0052,combined,0.2478,7.1600,0.1543,-0.1471,0.0463
0.0760,1.2700,0.1154,combined,1.5748,7.2000,0.0469,-0.0195,0.0735
0.0610,1.9912,0.0427,straight,0.4202,7.1800,0.0543,-0.0597,0.0122
0.0662,3.1137,0.0671,combined,0.6406,7.2200,0.0647,-0.0577,0.0325
0.1251,2.4802,0.1692,combined,1.9684,7.2200,0.0980,-0.0113,0.1246
0.0210,1.3803,0.0813,straight,1.4075,7.2400,0.0001,0.0152,0.0145
0.1490,2.8400,0.1608,turn,0.0000,7.2400,0.0000,nan,nan
0.0427,4.0972,0.1782,combined,1.3707,7.2400,0.0189,-0.0010,0.0427
0.0914,1.6704,0.1001,combined,1.7547,7.2600,0.0773,-0.0910,0.0083
0.0609,1.9745,0.0705,lateral,0.8396,7.3200,0.0292,-0.0060,0.0606
0.0710,2.9842,0.0156,straight,1.3331,7.3400,0.0219,0.0674,0.0220
0.0782,2.8793,0.0884,combined,2.2542,7.3800,0.0781,-0.0571,0.0535
0.0482,2.1141,0.1591,combined,2.3916,7.4000,0.0306,0.0198,0.0439
0.5356,35.9058,0.0278,stand,0.0000,7.4200,0.0000,nan,nan
0.1823,5.5546,0.0173,stand,0.0000,7.4200,0.0000,nan,nan
0.0962,3.3152,0.0957,combined,1.9067,7.4200,0.0891,-0.0236,0.0932
0.1613,1.6936,0.1698,turn,0.0000,7.4400,0.0000,nan,nan
0.1107,4.1062,0.0764,combined,0.5045,7.4400,0.0986,0.0714,0.0847
0.0774,0.2211,0.0109,turn,0.0000,7.4400,0.0000,nan,nan
0.0744,1.3726,0.1325,straight,1.4742,7.4600,0.0368,-0.0074,0.0740
0.1145,0.1540,0.1545,straight,0.1789,7.4600,0.0163,0.0028,0.1145
0.0363,1.4631,0.0955,combined,1.7037,7.4600,0.0084,-0.0097,0.0350
0.0740,0.8359,0.2062,turn,0.0000,7.4600,0.0000,nan,nan
0.0491,3.2092,0.1581,combined,0.4917,7.4800,0.0387,-0.0063,0.0487
0.1020,2.6902,0.0531,turn,0.0000,7.5400,0.0000,nan,nan
0.0412,3.3814,0.0042,stand,0.0000,7.5600,0.0000,nan,nan
0.0805,5.2897,0.1227,turn,0.0000,7.5600,0.0000,nan,nan
0.1255,1.8945,0.2424,straight,1.8612,7.5800,0.0631,0.0080,0.1252
0.0804,3.3573,0.2130,straight,1.5194,7.6000,0.0684,-0.0500,0.0630
0.1857,0.7105,0.0718,combined,1.8066,7.6400,0.1534,-0.1637,0.0877
0.0589,0.1186,0.1373,straight,1.0003,7.6600,0.0415,-0.0353,0.0471
0.0568,6.4250,0.0318,stand,0.0000,7.7400,0.0000,nan,nan
0.0251,1.3012,0.0264,turn,0.0000,7.7000,0.0000,nan,nan
0.0819,1.1004,0.1067,lateral,1.4896,7.7400,0.0532,-0.0813,0.0103
0.2916,4.3086,0.0091,stand,0.0000,7.7800,0.0000,nan,nan
0.1308,2.2337,0.0422,lateral,0.7466,7.8200,0.1285,-0.0256,0.1282
0.0817,0.4134,0.0702,lateral,0.3270,7.8200,0.0468,-0.0084,0.0813
0.0724,2.4072,0.0215,stand,0.0000,7.7800,0.0000,nan,nan
0.1120,0.4434,0.1170,combined,1.3797,7.8400,0.1067,-0.0459,0.1021
0.0425,0.1395,0.0380,straight,1.1149,7.8800,0.0172,-0.0333,0.0264
0.1528,2.0834,0.0393,turn,0.0000,7.9000,0.0000,nan,nan
0.0587,1.9929,0.0367,turn,0.0000,7.9400,0.0000,nan,nan
0.1010,2.9802,0.0915,combined,1.1866,7.9600,0.0889,-0.1010,0.0011
0.2420,2.1235,0.1956,lateral,0.1765,7.9600,0.0055,0.2134,0.1141
0.0073,0.4999,0.0766,straight,0.0252,7.9600,0.0031,-0.0011,0.0072
0.1162,0.3511,0.0759,combined,1.7762,7.9600,0.0978,0.1127,0.0285
0.0795,2.1845,0.1082,lateral,0.4218,7.9800,0.0493,-0.0391,0.0692
0.0932,4.1533,0.0394,stand,0.0000,6.9800,0.0000,nan,nan
0.0890,2.0459,0.0859,straight,1.7495,4.0600,0.0889,-0.0285,0.0843
0.0456,0.1498,0.1652,lateral,0.6337,4.2400,0.0319,-0.0204,0.0408
0.0432,2.1066,0.1730,lateral,0.1254,4.2400,0.0285,-0.0186,0.0389
0.0412,0.0347,0.0185,combined,1.3881,7.7400,0.0311,-0.0169,0.0376
0.1306,1.5620,0.2371,combined,0.9477,4.0800,0.1159,-0.1289,0.0213
0.1029,2.1370,0.0286,turn,0.0000,4.5000,0.0000,nan,nan
0.0494,3.6836,0.3137,combined,0.8770,4.0800,0.0494,-0.0487,0.0081
0.1099,1.8553,0.0390,combined,1.6975,4.6400,0.0743,-0.0117,0.1093
0.1172,4.4366,0.1041,combined,1.2113,4.5400,0.1172,-0.0877,0.0778
0.1568,1.2703,0.0974,lateral,1.3987,4.0000,0.1568,-0.1289,0.0893
0.0384,1.1564,0.2503,turn,0.0000,4.0800,0.0000,nan,nan
0.1721,2.8181,0.0783,stand,0.0000,4.6800,0.0000,nan,nan
0.0314,1.9982,0.1792,turn,0.0000,4.2800,0.0000,nan,nan
0.0428,0.7732,0.0817,straight,1.7925,4.1600,0.0428,-0.0423,0.0068
0.0332,1.1439,0.1799,turn,0.0000,4.7000,0.0000,nan,nan
0.0470,2.3660,0.0035,combined,1.4250,4.9800,0.0468,-0.0453,0.0122
0.1000,0.8096,0.0937,lateral,0.3299,7.9600,0.0109,0.0465,0.0885
0.1341,0.8235,0.1399,combined,1.4225,4.5400,0.0685,0.1280,0.0398
0.0385,2.8788,0.0055,stand,0.0000,4.8000,0.0000,nan,nan
0.1085,0.2804,0.2115,turn,0.0000,4.4800,0.0000,nan,nan
0.0588,3.9882,0.2482,combined,1.4346,4.6000,0.0588,-0.0586,0.0054
0.0555,0.0359,0.1386,turn,0.0000,5.3400,0.0000,nan,nan
0.1186,5.8947,0.0892,lateral,0.5386,4.7800,0.0144,0.1150,0.0290
0.1085,0.1288,0.0304,combined,0.9219,4.7800,0.1062,0.0203,0.1066
0.1476,0.8022,0.0220,stand,0.0000,4.1200,0.0000,nan,nan
0.0657,2.8326,0.1703,combined,1.4771,5.1800,0.0285,-0.0623,0.0208
0.0982,3.6745,0.0283,lateral,0.8539,5.4000,0.0331,0.0868,0.0459
0.1394,4.2043,0.1610,straight,0.4420,5.4000,0.1346,-0.0675,0.1220
0.0620,1.0833,0.2750,combined,1.6338,4.7400,0.0620,-0.0347,0.0513
0.1294,0.7701,0.0848,straight,0.7736,4.7800,0.0759,-0.0301,0.1258
0.0154,2.2715,0.0328,lateral,1.2852,4.2400,0.0152,0.0036,0.0150
0.0329,2.3210,0.1553,lateral,0.4458,4.6200,0.0108,-0.0327,0.0042
0.1582,0.7474,0.0561,combined,0.9764,4.6200,0.1443,-0.1563,0.0242
0.1601,0.6470,0.1424,combined,0.7242,4.5600,0.1524,0.0904,0.1321
0.0867,1.1233,0.0808,straight,1.7278,4.1000,0.0867,-0.0844,0.0199
0.0803,1.2268,0.1320,turn,0.0000,4.2400,0.0000,nan,nan
0.0786,1.1805,0.1175,straight,1.6476,5.8400,0.0716,-0.0656,0.0434
0.0460,0.4972,0.1490,turn,0.0000,5.3600,0.0000,nan,nan
0.1498,3.7959,0.2535,combined,2.2456,5.9600,0.1498,-0.1493,0.0116
0.0601,2.5544,0.2093,lateral,1.4478,6.0400,0.0094,0.0596,0.0071
0.0915,2.9632,0.0525,combined,1.3655,5.6200,0.0887,-0.0830,0.0384
0.0148,2.6148,0.1247,lateral,0.1176,4.2800,0.0148,-0.0130,0.0070
0.0570,3.5647,0.0941,turn,0.0000,5.2400,0.0000,nan,nan
0.0262,3.9320,0.2505,lateral,1.3109,4.9200,0.0262,-0.0243,0.0097
0.1904,1.0660,0.0564,combined,1.7762,5.0000,0.1833,-0.1693,0.0872
0.0562,1.5391,0.1930,turn,0.0000,4.0200,0.0000,nan,nan
0.1176,2.4250,0.0826,lateral,0.3228,4.8000,0.0022,0.1160,0.0194
0.1107,4.7962,0.0401,straight,1.6118,4.8400,0.1028,-0.0921,0.0614
0.0913,3.5317,0.1334,turn,0.0000,4.5800,0.0000,nan,nan
0.0546,4.5073,0.0860,straight,1.0656,6.2200,0.0066,0.0524,0.0153
0.0101,2.3714,0.0429,combined,1.4940,5.1600,0.0101,-0.0100,0.0019
0.0515,0.9582,0.1498,lateral,1.1089,4.4400,0.0379,-0.0482,0.0181
0.0794,1.8435,0.0977,straight,0.5203,4.8200,0.0703,-0.0415,0.0678
0.1517,3.4522,0.2276,lateral,0.0558,4.3600,0.0558,-0.1201,0.0927
0.0527,0.9675,0.1602,turn,0.0000,5.8800,0.0000,nan,nan
0.1529,2.3408,0.1848,lateral,0.4003,5.2600,0.1125,-0.1427,0.0549
0.0776,2.6464,0.0568,combined,1.3048,4.1600,0.0117,0.0758,0.0163
0.0225,0.8720,0.1926,lateral,0.3089,5.8000,0.0081,-0.0141,0.0175
0.0226,1.5800,0.2403,lateral,1.1184,5.9200,0.0183,-0.0215,0.0070
0.0854,0.4958,0.1211,combined,0.3537,4.5200,0.0693,-0.0726,0.0449
0.0591,1.2180,0.2270,straight,1.1310,5.2600,0.0202,0.0513,0.0294
0.1057,2.9584,0.1530,straight,1.3066,5.3600,0.0905,-0.0777,0.0716
0.0412,2.6670,0.2328,combined,1.5790,6.2200,0.0334,-0.0188,0.0366
0.0708,4.9153,0.2687,lateral,0.7739,5.4200,0.0708,-0.0698,0.0116
0.0720,1.8297,0.0165,straight,0.2677,4.5400,0.0299,0.0483,0.0534
0.2263,12.1089,0.0357,stand,0.0000,6.4000,0.0000,nan,nan
0.0903,4.9023,0.2680,straight,1.2761,5.8200,0.0318,-0.0243,0.0869
0.1037,0.6701,0.1462,straight,0.1952,5.9000,0.0129,0.1037,0.0027
0.0783,5.5865,0.1713,combined,1.4547,5.6800,0.0600,-0.0267,0.0736
0.0492,3.6424,0.0099,lateral,1.3661,6.3600,0.0488,-0.0490,0.0047
0.0202,4.5538,0.1601,straight,0.1637,4.9600,0.0040,-0.0043,0.0197
0.1147,0.0468,0.0709,turn,0.0000,5.9800,0.0000,nan,nan
0.0125,2.8518,0.0088,stand,0.0000,4.1200,0.0000,nan,nan
0.0577,1.1305,0.0616,combined,0.5857,5.7400,0.0452,-0.0342,0.0465
0.0216,3.3056,0.2086,straight,1.9222,4.1400,0.0130,-0.0062,0.0207
0.1304,0.0628,0.0742,combined,0.7946,4.4600,0.0915,-0.0154,0.1295
0.0672,1.4311,0.1026,lateral,0.0346,6.1800,0.0315,-0.0603,0.0297
0.0672,2.6692,0.1219,combined,1.3979,5.1200,0.0661,-0.0632,0.0228
0.0734,0.0834,0.1780,turn,0.0000,5.3800,0.0000,nan,nan
0.0661,2.1893,0.0646,combined,0.9907,5.0600,0.0541,-0.0326,0.0575
0.1217,1.5300,0.1915,combined,1.8448,5.1200,0.1217,-0.1131,0.0448
0.0921,4.4779,0.0623,turn,0.0000,4.7600,0.0000,nan,nan
0.0869,2.1769,0.0559,combined,2.0004,5.0400,0.0869,-0.0861,0.0117
0.0390,4.3115,0.1791,straight,0.1191,5.0800,0.0229,0.0074,0.0382
0.0697,5.5559,0.0944,turn,0.0000,4.9400,0.0000,nan,nan
0.1095,0.5633,0.0791,combined,1.9830,4.9600,0.0952,0.0002,0.1095
0.0569,1.0972,0.0621,lateral,0.8691,6.6600,0.0569,-0.0248,0.0512
0.1845,1.8733,0.0643,straight,1.9475,4.1000,0.1845,-0.1680,0.0765
0.0980,2.6322,0.0579,straight,0.8482,5.2000,0.0553,-0.0121,0.0972
0.0506,2.6248,0.0517,straight,0.2673,6.6800,0.0411,-0.0432,0.0264
0.0796,2.3887,0.0249,turn,0.0000,6.7800,0.0000,nan,nan
0.0649,2.8299,0.2326,combined,1.3969,6.7000,0.0649,-0.0604,0.0236
0.1247,0.0500,0.1496,combined,0.4533,6.0800,0.1161,-0.1184,0.0390
0.1062,2.7037,0.1001,lateral,1.1419,6.9800,0.0417,0.0840,0.0650
0.0504,0.9708,0.1925,combined,1.9017,6.7200,0.0049,0.0147,0.0482
0.0073,2.8050,0.0364,lateral,0.0118,5.4200,0.0038,-0.0055,0.0048
0.1519,5.4558,0.0270,stand,0.0000,6.6200,0.0000,nan,nan
0.0644,1.0419,0.0287,straight,1.5096,7.0800,0.0100,0.0301,0.0570
0.1574,3.6922,0.0195,stand,0.0000,4.4600,0.0000,nan,nan
0.1622,1.6499,0.1931,combined,1.4748,4.7400,0.1622,-0.1531,0.0535
0.1021,1.1155,0.1094,lateral,0.6651,5.2600,0.0964,-0.0708,0.0736
0.0695,2.9928,0.0446,straight,1.4560,4.7400,0.0018,0.0603,0.0346
0.0936,1.1576,0.0535,lateral,1.0641,4.7200,0.0915,-0.0193,0.0915
0.0425,0.4184,0.0650,lateral,1.3120,4.6800,0.0339,-0.0424,0.0007
0.1141,0.1899,0.0923,turn,0.0000,6.8200,0.0000,nan,nan
0.0358,1.8463,0.0978,straight,1.9902,7.1800,0.0039,-0.0094,0.0346
0.1438,5.6662,0.1241,combined,1.4487,6.3400,0.1438,-0.1406,0.0302
0.1396,1.6014,0.0280,stand,0.0000,6.2200,0.0000,nan,nan
0.1434,0.2239,0.2535,straight,1.9631,4.7200,0.1424,-0.0855,0.1151
0.0851,3.1539,0.1191,lateral,1.2433,5.1000,0.0756,-0.0840,0.0137
0.0922,4.7742,0.0347,turn,0.0000,6.8200,0.0000,nan,nan
0.1599,0.5928,0.0574,straight,1.3629,7.5400,0.0576,0.1233,0.1019
0.1154,0.1851,0.0673,combined,0.6630,4.1200,0.1154,-0.0981,0.0607
0.0919,5.4479,0.2221,lateral,0.4340,5.9000,0.0672,-0.0871,0.0293
0.0251,2.3540,0.2117,turn,0.0000,4.3600,0.0000,nan,nan
0.0207,0.7554,0.2238,combined,0.8121,6.5800,0.0088,-0.0179,0.0105
0.0834,3.9166,0.0574,lateral,0.5908,5.7000,0.0538,-0.0049,0.0832
0.0914,5.7397,0.0393,lateral,0.8284,6.6200,0.0914,-0.0625,0.0666
0.0491,1.3824,0.2250,turn,0.0000,7.2400,0.0000,nan,nan
0.1842,0.9464,0.0372,straight,1.7977,5.5000,0.1842,-0.1828,0.0228
0.0306,0.8541,0.0170,lateral,0.9795,5.9800,0.0278,-0.0237,0.0193
0.0470,1.7056,0.2929,lateral,0.9429,5.5600,0.0399,-0.0426,0.0199
0.1046,2.9350,0.0941,combined,1.1616,7.7400,0.0771,-0.0456,0.0942
0.0935,1.0929,0.2466,straight,0.4611,5.6600,0.0258,0.0912,0.0208
0.1328,0.4780,0.1732,combined,1.7996,7.3200,0.0776,-0.0704,0.1125
0.1599,7.3502,0.2444,straight,1.4847,5.8800,0.1386,-0.0612,0.1477
0.0767,2.0701,0.1054,straight,0.1297,5.1600,0.0349,-0.0272,0.0717
0.0969,3.7979,0.1764,combined,2.2537,4.5600,0.0882,-0.0705,0.0665
0.0211,2.5581,0.0400,lateral,1.3878,7.2800,0.0078,0.0066,0.0200
0.0838,0.0490,0.0666,turn,0.0000,6.8600,0.0000,nan,nan
0.0201,1.0982,0.0164,stand,0.0000,5.9000,0.0000,nan,nan
0.1125,1.8834,0.0822,lateral,1.3328,4.7600,0.1063,0.0446,0.1032
0.0694,2.7078,0.1393,turn,0.0000,4.7600,0.0000,nan,nan
0.1033,1.8894,0.0771,combined,1.2037,4.0800,0.1007,-0.0910,0.0489
0.1457,0.0105,0.0206,turn,0.0000,6.6000,0.0000,nan,nan
0.0446,2.9595,0.1008,turn,0.0000,7.9600,0.0000,nan,nan
0.0433,1.4021,0.0182,stand,0.0000,5.3000,0.0000,nan,nan
0.0262,0.3319,0.1701,combined,0.6914,7.3200,0.0025,-0.0205,0.0164
0.1265,2.5696,0.0997,combined,2.0864,4.1000,0.1265,-0.1210,0.0366
0.1327,0.5152,0.0568,lateral,0.0725,5.2000,0.0351,0.0928,0.0948
0.0583,2.8891,0.0418,turn,0.0000,7.8800,0.0000,nan,nan
0.0564,0.5746,0.1453,combined,1.6508,5.2000,0.0455,-0.0451,0.0339
0.1164,0.0498,0.0703,combined,1.1373,4.6600,0.0928,-0.1159,0.0111
0.1256,1.1825,0.1307,lateral,0.7130,4.6000,0.1241,-0.0869,0.0907
0.0631,5.7780,0.1153,turn,0.0000,6.0800,0.0000,nan,nan
0.0903,1.2723,0.0338,stand,0.0000,7.6000,0.0000,nan,nan
0.0835,2.4632,0.0508,combined,0.0871,7.3200,0.0177,-0.0723,0.0418
0.0425,1.0254,0.0046,turn,0.0000,5.2000,0.0000,nan,nan
0.0503,2.2528,0.2762,combined,0.9918,4.4400,0.0441,0.0148,0.0481
0.0519,1.1008,0.0810,straight,0.0445,5.0000,0.0018,0.0196,0.0481
0.0682,1.2576,0.0594,straight,1.5792,5.4400,0.0554,-0.0308,0.0609
0.0556,2.2688,0.0763,combined,1.6782,6.1800,0.0556,-0.0547,0.0096
0.0815,3.7490,0.2815,combined,0.8040,6.2400,0.0815,-0.0475,0.0662
0.0713,2.8093,0.0923,lateral,0.9523,7.5400,0.0477,-0.0711,0.0054
0.0676,0.9306,0.0318,lateral,0.3001,6.9800,0.0021,0.0507,0.0447
0.1576,2.7027,0.2321,combined,1.9872,5.6000,0.1562,-0.1541,0.0331
0.1306,1.3356,0.2404,straight,0.3904,7.5400,0.1268,-0.1189,0.0538
0.0572,1.0694,0.2684,turn,0.0000,4.6000,0.0000,nan,nan
0.0659,0.1133,0.0639,turn,0.0000,6.6200,0.0000,nan,nan
0.0452,5.2670,0.1678,straight,1.7175,5.8200,0.0078,0.0290,0.0347
0.0477,0.6050,0.0101,lateral,0.3220,7.1000,0.0350,0.0109,0.0464
0.1523,0.0634,0.0575,lateral,1.1638,5.2400,0.0520,0.1183,0.0958
0.1289,4.9017,0.1512,combined,1.3591,6.4600,0.1019,-0.1235,0.0371
0.0380,5.2204,0.1708,combined,0.5484,5.0600,0.0351,0.0232,0.0301
0.0627,2.0518,0.1531,straight,0.9867,5.6600,0.0564,-0.0414,0.0472
0.0454,1.0430,0.0056,lateral,1.4542,5.9600,0.0045,0.0352,0.0287
0.0564,6.0009,0.2692,straight,1.0824,6.0400,0.0346,-0.0129,0.0549
0.1334,2.1920,0.0756,turn,0.0000,5.6800,0.0000,nan,nan
0.1509,1.0023,0.0884,turn,0.0000,4.7600,0.0000,nan,nan
0.1181,0.5414,0.0587,combined,0.4160,6.3400,0.1056,-0.1041,0.0556
0.0324,2.2710,0.1312,turn,0.0000,6.2400,0.0000,nan,nan
0.1368,3.3165,0.0243,straight,0.8486,6.5400,0.0196,0.1366,0.0071
0.0186,4.0632,0.0347,turn,0.0000,5.8600,0.0000,nan,nan
0.0598,3.0912,0.0467,straight,0.8712,5.6600,0.0483,0.0065,0.0594
0.0445,5.6814,0.0509,combined,0.6904,5.6000,0.0365,-0.0004,0.0445
0.1101,3.1273,0.2304,combined,0.9048,4.9800,0.1101,-0.0983,0.0497
0.0876,2.1442,0.0343,combined,1.6872,5.7800,0.0874,-0.0876,0.0014
0.1256,2.3978,0.1999,lateral,0.3086,6.9400,0.0986,-0.0157,0.1246
0.1515,1.4959,0.0703,combined,0.4396,5.6000,0.1013,0.0012,0.1515
0.0141,3.5443,0.0234,stand,0.0000,7.2600,0.0000,nan,nan
0.0672,0.1472,0.0624,stand,0.0000,5.0000,0.0000,nan,nan
0.0268,1.5441,0.1116,lateral,1.4593,4.4200,0.0202,-0.0169,0.0207
0.1351,0.1221,0.0729,straight,0.7368,7.8600,0.1123,-0.0134,0.1344
0.1287,0.4224,0.0335,lateral,0.8908,5.8400,0.1224,-0.0042,0.1286
0.0637,3.8638,0.0293,turn,0.0000,6.3400,0.0000,nan,nan
0.0033,5.6608,0.1645,turn,0.0000,7.4800,0.0000,nan,nan
0.1167,0.7420,0.0233,combined,1.6642,5.3600,0.1153,-0.0594,0.1004
0.0772,2.3995,0.1140,turn,0.0000,7.6000,0.0000,nan,nan
0.0934,0.7890,0.1360,straight,1.9271,5.5400,0.0934,-0.0548,0.0757
0.0840,1.5896,0.0525,straight,1.5844,5.6400,0.0757,-0.0838,0.0058
0.0671,0.4556,0.1997,combined,1.5316,7.7200,0.0148,0.0651,0.0160
0.0906,5.5777,0.0214,stand,0.0000,5.6200,0.0000,nan,nan
0.1383,0.1247,0.0174,combined,1.4053,6.0800,0.1383,-0.0235,0.1363
0.0754,2.3031,0.0464,turn,0.0000,6.4800,0.0000,nan,nan
0.1075,3.1391,0.0527,combined,1.8472,7.9000,0.0985,-0.0670,0.0840
0.0617,0.9171,0.1368,lateral,0.7258,7.4000,0.0563,-0.0418,0.0454
0.1500,4.9389,0.0754,combined,0.9144,6.3400,0.1193,0.0880,0.1214
0.0378,0.4596,0.2557,combined,0.8635,6.5800,0.0297,-0.0376,0.0044
0.0337,0.4193,0.0445,combined,1.7984,6.9800,0.0228,-0.0106,0.0320
0.0348,2.7337,0.0243,stand,0.0000,7.3800,0.0000,nan,nan
0.0688,3.2465,0.1345,combined,0.9427,4.0600,0.0685,-0.0687,0.0031
0.0626,1.2661,0.2136,lateral,1.0328,7.5400,0.0298,-0.0624,0.0048
0.1634,0.3609,0.0643,turn,0.0000,6.7800,0.0000,nan,nan
0.0204,3.7117,0.0509,combined,0.9075,6.4800,0.0084,0.0199,0.0042
0.0578,4.1563,0.0199,stand,0.0000,7.9200,0.0000,nan,nan
0.1023,0.6555,0.0416,lateral,0.2601,6.5400,0.0687,-0.0614,0.0819
0.0377,2.9273,0.1645,turn,0.0000,5.9400,0.0000,nan,nan
0.1275,2.3604,0.1158,straight,0.3062,7.0000,0.0931,-0.0194,0.1260
0.0491,1.6957,0.0726,combined,1.3907,5.2200,0.0447,-0.0479,0.0110
0.0914,2.2901,0.0773,turn,0.0000,7.8400,0.0000,nan,nan
0.1154,0.9691,0.0679,combined,2.0783,4.5600,0.1154,-0.1092,0.0371
0.1175,1.3271,0.0597,combined,0.4698,7.5800,0.0121,0.1169,0.0118
0.1272,3.4466,0.2859,combined,1.4505,5.0000,0.1272,-0.1268,0.0103
0.0880,2.4540,0.0291,straight,0.1174,6.0000,0.0697,-0.0541,0.0694
0.0203,2.4688,0.1997,combined,0.8536,6.5400,0.0154,-0.0073,0.0189
0.1649,2.4162,0.1730,straight,1.2846,5.7600,0.0458,0.0605,0.1534
0.0896,4.3694,0.0985,combined,1.3578,6.5600,0.0684,0.0470,0.0762
0.2510,0.7111,0.0753,straight,1.1171,6.0600,0.1968,-0.1086,0.2263
0.0128,5.6687,0.1463,combined,0.7545,6.9600,0.0047,0.0043,0.0121
0.1064,0.5719,0.1261,lateral,0.4823,7.3200,0.0115,0.1046,0.0192
0.0699,2.1673,0.0643,combined,1.9740,6.4600,0.0685,-0.0476,0.0512
0.0699,0.7537,0.1294,combined,0.8803,7.7800,0.0142,-0.0032,0.0698
0.0775,1.7871,0.0991,combined,1.8517,7.7000,0.0452,-0.0396,0.0666
0.1134,3.4266,0.2592,lateral,0.2592,7.9200,0.0098,0.1068,0.0382
0.1103,2.5179,0.2009,lateral,0.7184,6.0200,0.1046,-0.0690,0.0861
0.0947,7.4181,0.0607,straight,1.3447,6.7000,0.0727,0.0488,0.0812
0.1137,3.7985,0.0611,combined,1.0795,7.2200,0.0184,0.1106,0.0265
0.1346,0.6987,0.1575,lateral,0.8044,7.9000,0.1112,-0.0667,0.1169
0.0119,3.2594,0.0055,stand,0.0000,7.6000,0.0000,nan,nan
0.0486,2.6030,0.1009,combined,1.0289,6.0600,0.0436,-0.0455,0.0169
0.0746,2.3531,0.0201,straight,0.9238,7.2200,0.0746,-0.0737,0.0112
0.0129,6.7649,0.1742,lateral,0.1721,7.9000,0.0124,-0.0118,0.0052
0.0547,1.0402,0.1150,straight,1.3390,6.3200,0.0448,-0.0433,0.0334
0.0908,3.0093,0.1291,straight,0.6080,6.0400,0.0811,-0.0718,0.0556
0.0573,0.9147,0.1818,combined,1.2639,7.6600,0.0573,-0.0398,0.0411
0.0794,3.5543,0.0308,lateral,1.0662,7.9800,0.0666,-0.0267,0.0747
0.0381,3.5716,0.1304,lateral,0.2236,5.1200,0.0206,-0.0374,0.0072
0.1289,0.7182,0.2325,turn,0.0000,6.8800,0.0000,nan,nan
0.0051,2.0342,0.2229,turn,0.0000,7.3200,0.0000,nan,nan
0.0429,2.3320,0.1481,combined,0.5942,6.9800,0.0419,-0.0386,0.0186
0.0475,5.0767,0.1959,combined,1.8192,7.6600,0.0005,0.0360,0.0309
0.0996,6.0006,0.0319,stand,0.0000,5.9400,0.0000,nan,nan
0.0224,2.1316,0.0247,stand,0.0000,7.5200,0.0000,nan,nan
0.0770,3.1639,0.0200,lateral,1.3414,6.9200,0.0017,0.0665,0.0386
0.1319,4.8453,0.2503,straight,0.5616,6.1200,0.0609,0.0478,0.1229
0.1196,1.5769,0.0319,stand,0.0000,4.0200,0.0000,nan,nan
0.0701,1.6924,0.1829,turn,0.0000,4.1200,0.0000,nan,nan
0.0716,3.5852,0.2479,combined,1.9430,7.4200,0.0596,-0.0565,0.0440
0.0840,1.3373,0.0623,straight,1.0017,6.4800,0.0812,-0.0834,0.0103
0.1637,6.3741,0.1431,lateral,0.8608,4.9000,0.1277,-0.1629,0.0161
0.0746,2.3833,0.0572,combined,1.7255,6.5200,0.0699,-0.0482,0.0569
0.1877,0.2863,0.1946,combined,1.4729,4.8200,0.1877,-0.0406,0.1833
0.0876,3.5631,0.0678,turn,0.0000,4.1800,0.0000,nan,nan
0.1388,0.2030,0.0926,combined,1.5903,7.5600,0.1315,-0.0934,0.1027
0.0584,2.1353,0.1206,straight,1.4689,7.0200,0.0419,0.0315,0.0492
0.0664,0.1979,0.1382,straight,0.3036,5.7800,0.0436,-0.0589,0.0307
0.0967,3.1444,0.1950,combined,2.0765,5.7400,0.0848,0.0150,0.0956
0.0466,1.4920,0.0964,combined,1.6107,5.7400,0.0394,-0.0398,0.0242
0.0958,0.7128,0.0837,lateral,0.1817,6.9000,0.0338,-0.0466,0.0838
0.1119,0.0397,0.1214,straight,0.9458,7.2400,0.0103,0.0784,0.0799
0.1098,5.8739,0.0233,straight,0.1424,7.2400,0.0889,-0.0950,0.0551
0.0418,4.1474,0.2488,combined,1.7210,5.5000,0.0418,-0.0354,0.0222
0.1022,0.0185,0.1599,combined,1.4784,4.8000,0.1013,-0.0925,0.0433
0.0886,1.2769,0.0158,lateral,1.1038,5.5600,0.0783,-0.0067,0.0884
0.0708,4.8031,0.0150,straight,1.3310,7.3000,0.0322,0.0691,0.0152
0.0145,4.5073,0.1636,combined,0.4410,4.0600,0.0132,-0.0029,0.0142
0.0511,2.0919,0.0556,lateral,1.1477,7.5200,0.0143,0.0505,0.0076
0.0937,2.5245,0.1053,combined,0.5983,7.5800,0.0585,0.0484,0.0802
0.1641,1.9592,0.1598,lateral,1.0271,4.7600,0.1052,-0.0363,0.1600
0.0433,2.6762,0.0343,stand,0.0000,7.5000,0.0000,nan,nan
0.0277,7.0732,0.0239,stand,0.0000,5.3000,0.0000,nan,nan
0.1497,1.4439,0.1178,lateral,1.0652,4.4200,0.1403,-0.1176,0.0925
0.1373,3.9419,0.2552,turn,0.0000,7.9800,0.0000,nan,nan
0.0314,1.9452,0.1287,combined,0.5761,4.2400,0.0314,-0.0314,0.0016
0.0403,1.4630,0.1533,lateral,1.3433,7.9000,0.0326,-0.0081,0.0395
0.1130,1.8734,0.0696,combined,1.6070,7.6600,0.0047,0.1082,0.0326
0.2189,17.0846,0.0558,stand,0.0000,5.4000,0.0000,nan,nan
0.0180,4.2811,0.1913,straight,1.3459,6.1200,0.0119,-0.0171,0.0058
0.0247,1.3407,0.1972,lateral,1.4234,5.3800,0.0143,-0.0246,0.0022
0.0540,3.7830,0.0781,straight,1.2000,5.6400,0.0145,0.0502,0.0198
0.1332,1.2244,0.0332,combined,1.2479,4.7800,0.0715,0.0601,0.1188
0.0945,1.9210,0.0243,turn,0.0000,5.2600,0.0000,nan,nan
0.0291,0.4363,0.1655,lateral,0.7185,4.3000,0.0291,-0.0290,0.0023
0.0952,1.4025,0.2417,combined,1.7062,7.3400,0.0834,-0.0529,0.0791
0.0981,4.1296,0.1564,combined,1.5828,5.2400,0.0928,-0.0835,0.0516
0.2268,11.9445,0.0155,stand,0.0000,7.9000,0.0000,nan,nan
0.0788,3.5256,0.0118,turn,0.0000,4.7000,0.0000,nan,nan
0.0798,2.8929,0.0386,lateral,1.0404,5.2200,0.0065,0.0796,0.0059
0.0831,3.8714,0.0404,combined,1.1226,4.3000,0.0831,-0.0829,0.0059
0.0721,4.6657,0.2211,lateral,0.9828,6.6200,0.0719,-0.0339,0.0637
0.0470,2.7411,0.0739,straight,0.3667,4.4400,0.0330,0.0064,0.0465
0.0137,1.5567,0.0448,stand,0.0000,4.8800,0.0000,nan,nan
0.0497,3.7901,0.0763,turn,0.0000,6.9400,0.0000,nan,nan
0.0645,3.5975,0.2246,combined,1.8034,4.4600,0.0627,-0.0524,0.0377
0.0811,5.4117,0.0254,lateral,0.6805,4.6800,0.0757,-0.0486,0.0649
0.1576,1.9515,0.0442,combined,1.2062,5.2200,0.0378,0.1504,0.0470
0.0461,4.1842,0.0564,combined,1.6766,6.7600,0.0353,0.0062,0.0457
0.1514,0.5284,0.3011,straight,1.9488,4.9000,0.1514,-0.1437,0.0477
0.0518,0.6643,0.0906,turn,0.0000,5.9800,0.0000,nan,nan
0.1282,1.2914,0.0230,combined,1.2635,4.4800,0.1140,-0.0101,0.1278
0.0293,1.2213,0.0376,stand,0.0000,4.8600,0.0000,nan,nan
0.0273,2.8148,0.0558,stand,0.0000,5.9000,0.0000,nan,nan
0.0020,1.3129,0.1433,straight,0.2414,5.3800,0.0020,-0.0015,0.0013
0.0753,4.0613,0.2024,lateral,0.2699,4.0000,0.0481,-0.0537,0.0528
0.1477,3.9061,0.0226,stand,0.0000,7.5600,0.0000,nan,nan
0.0996,2.2579,0.1361,turn,0.0000,5.6000,0.0000,nan,nan
0.2570,0.6025,0.0993,lateral,0.7783,7.9800,0.0854,0.2419,0.0867
0.0172,2.9912,0.0735,stand,0.0000,4.7800,0.0000,nan,nan
0.0364,0.2197,0.0404,straight,1.2653,4.2800,0.0314,-0.0307,0.0196
0.0622,0.9832,0.0228,stand,0.0000,4.9400,0.0000,nan,nan
0.1358,0.1194,0.0538,turn,0.0000,7.2800,0.0000,nan,nan
0.0762,1.0369,0.1953,straight,0.7523,4.7800,0.0762,-0.0732,0.0210
0.0350,0.3070,0.1837,lateral,0.0505,5.5200,0.0189,-0.0346,0.0052
0.0996,0.8732,0.0314,turn,0.0000,4.7600,0.0000,nan,nan
0.0827,0.9233,0.1343,combined,1.5655,6.0600,0.0784,-0.0695,0.0448
0.0453,3.6243,0.0287,stand,0.0000,5.9200,0.0000,nan,nan
0.0408,1.9380,0.1346,straight,0.8945,6.4600,0.0359,-0.0323,0.0250
0.0421,0.1978,0.0261,combined,1.0615,4.2400,0.0354,-0.0038,0.0419
0.0383,4.0325,0.0636,combined,0.7791,4.5600,0.0373,-0.0381,0.0036
0.0840,1.3127,0.2073,straight,0.4086,4.4400,0.0832,-0.0839,0.0042
0.0412,2.5166,0.1579,lateral,0.0772,6.1200,0.0037,0.0412,0.0005
0.0553,4.4116,0.2057,combined,0.7721,7.7200,0.0382,-0.0231,0.0502
0.1109,2.0453,0.0963,combined,1.9235,5.3200,0.0908,-0.0901,0.0648
0.1498,1.3189,0.1781,combined,1.6563,5.3800,0.1378,-0.0895,0.1201
0.0876,2.4454,0.0191,combined,0.7522,5.3600,0.0588,-0.0605,0.0633
0.0831,1.0449,0.0912,turn,0.0000,7.4000,0.0000,nan,nan
0.1682,1.6107,0.1782,combined,0.8003,4.1200,0.0658,0.1295,0.1073
0.0847,2.2295,0.1476,straight,0.8969,4.8200,0.0720,-0.0186,0.0827
0.1016,1.2853,0.1933,turn,0.0000,6.0600,0.0000,nan,nan
0.0431,0.1822,0.1071,turn,0.0000,4.5000,0.0000,nan,nan
0.1863,3.7136,0.0387,stand,0.0000,5.0000,0.0000,nan,nan
0.0731,2.6625,0.1400,combined,1.9794,4.6800,0.0703,-0.0706,0.0188
0.0722,0.1076,0.0165,lateral,0.0845,5.4800,0.0256,0.0307,0.0653
0.0293,0.4383,0.0900,combined,1.3894,4.5400,0.0031,0.0170,0.0239
0.1838,2.4215,0.0342,lateral,1.4866,4.3800,0.1761,-0.1838,0.0010
0.0438,0.9195,0.1970,combined,1.6331,6.7000,0.0044,0.0410,0.0153
0.1405,5.8053,0.2226,straight,0.7256,5.5000,0.1270,-0.0695,0.1221
0.1188,2.4204,0.1243,turn,0.0000,5.9000,0.0000,nan,nan
0.0991,3.6587,0.0480,straight,0.9159,6.6800,0.0633,-0.0640,0.0756
0.1306,0.4949,0.0073,straight,0.8941,7.5800,0.0928,-0.0520,0.1198
0.0262,1.2266,0.1246,straight,0.7826,6.3800,0.0043,0.0226,0.0132
0.0595,0.3893,0.2597,turn,0.0000,5.5800,0.0000,nan,nan
0.1462,1.1075,0.1468,combined,1.5776,4.1600,0.1462,-0.1439,0.0259
0.1535,3.5456,0.0577,stand,0.0000,5.0800,0.0000,nan,nan
0.1479,1.2115,0.1684,combined,1.0247,4.2000,0.1479,-0.1451,0.0284
0.0635,6.8263,0.1082,turn,0.0000,4.3400,0.0000,nan,nan
0.0753,0.7715,0.1110,turn,0.0000,6.4400,0.0000,nan,nan
0.0693,4.5372,0.0650,straight,0.7586,4.0200,0.0361,0.0184,0.0668
0.1251,2.4742,0.0551,combined,1.6215,7.1600,0.0662,0.0530,0.1133
0.1114,0.9413,0.0718,lateral,0.5314,5.6000,0.1013,-0.0308,0.1071
0.0028,0.9991,0.1215,straight,1.0832,6.8600,0.0028,-0.0027,0.0009
0.0851,1.6512,0.2662,combined,1.2286,4.2000,0.0851,-0.0035,0.0851
0.0708,0.2547,0.0226,straight,1.4708,7.3000,0.0221,-0.0034,0.0707
0.1148,9.1191,0.0265,stand,0.0000,4.8000,0.0000,nan,nan
0.1990,10.8683,0.0360,stand,0.0000,4.0000,0.0000,nan,nan
0.0442,5.4236,0.1272,combined,1.0738,6.7600,0.0018,0.0409,0.0170
0.0143,0.4834,0.1649,turn,0.0000,7.2600,0.0000,nan,nan
0.0959,5.6842,0.1159,lateral,1.0430,5.4400,0.0959,-0.0786,0.0550
0.0859,1.9987,0.1513,lateral,0.9738,4.9000,0.0859,-0.0824,0.0244
0.1181,3.5582,0.0429,turn,0.0000,6.2000,0.0000,nan,nan
0.0422,5.9138,0.2332,lateral,0.6855,6.0600,0.0043,0.0309,0.0287
0.0608,0.0219,0.2224,straight,0.4788,5.2000,0.0536,-0.0296,0.0531
0.0624,0.1559,0.1992,straight,0.9644,4.7400,0.0207,0.0255,0.0570
0.0232,2.3468,0.3015,lateral,0.9726,7.0000,0.0232,0.0027,0.0230
0.0727,1.3936,0.1202,straight,1.2487,6.8000,0.0727,-0.0655,0.0315
0.0266,2.9604,0.0525,straight,0.5079,6.4400,0.0266,-0.0148,0.0221
0.0453,4.1988,0.0852,combined,1.6082,6.7000,0.0275,-0.0406,0.0199
0.0336,2.9634,0.1360,combined,1.0367,5.7600,0.0336,-0.0314,0.0118
0.0541,4.1954,0.1424,lateral,0.6481,6.6600,0.0380,0.0183,0.0510
0.0069,2.0755,0.0393,straight,0.8532,6.2400,0.0045,-0.0040,0.0056
0.0259,0.2361,0.1190,turn,0.0000,7.6600,0.0000,nan,nan
0.0280,0.9014,0.1878,combined,1.1707,6.0400,0.0199,-0.0204,0.0191
0.1581,1.8745,0.0792,straight,0.0312,6.1200,0.0296,-0.0501,0.1500
0.0495,2.8440,0.1876,lateral,0.2504,6.3400,0.0370,-0.0056,0.0492
0.1212,7.4001,0.0256,stand,0.0000,6.7400,0.0000,nan,nan
0.0696,1.9710,0.0969,turn,0.0000,6.6400,0.0000,nan,nan
0.1589,4.9200,0.0317,stand,0.0000,7.6800,0.0000,nan,nan
0.0752,2.8689,0.2324,straight,0.4044,6.4000,0.0182,0.0696,0.0283
0.1971,10.9442,0.0469,stand,0.0000,5.5600,0.0000,nan,nan
0.0532,4.4974,0.0523,straight,0.2428,7.7000,0.0021,0.0527,0.0070
0.0233,0.8140,0.1473,straight,1.4859,6.0400,0.0233,-0.0211,0.0098
0.0671,2.3710,0.1244,straight,0.7484,6.9400,0.0386,0.0058,0.0669
0.0765,0.7108,0.0859,combined,1.4649,7.1400,0.0710,0.0115,0.0756
0.0742,3.9961,0.1554,turn,0.0000,5.2200,0.0000,nan,nan
0.0681,2.5183,0.0509,stand,0.0000,4.0200,0.0000,nan,nan
0.0398,1.0304,0.1102,combined,1.0908,6.6200,0.0270,-0.0375,0.0134
0.1351,0.7293,0.0950,combined,1.6630,6.1000,0.1348,-0.1233,0.0553
0.1411,1.1995,0.1489,straight,1.8552,4.4800,0.1184,0.0907,0.1081
0.0795,0.1667,0.2255,lateral,0.7167,5.9400,0.0292,0.0596,0.0527
0.0301,4.1187,0.1403,combined,1.1398,5.7000,0.0301,0.0108,0.0281
0.0654,3.6384,0.1915,turn,0.0000,5.7800,0.0000,nan,nan
0.0720,5.1905,0.1043,lateral,1.2053,4.4400,0.0621,-0.0284,0.0662
0.0941,3.5002,0.1715,combined,1.1048,6.1400,0.0918,-0.0730,0.0593
0.1437,1.1977,0.0404,combined,1.5831,5.3000,0.1250,-0.1036,0.0995
0.0687,1.1601,0.0253,lateral,1.4176,6.5400,0.0598,-0.0341,0.0596
0.0498,2.7674,0.1394,combined,1.2643,7.5600,0.0159,0.0248,0.0432
0.1455,2.4072,0.1016,straight,1.3136,7.0200,0.1282,-0.0471,0.1377
0.1201,2.8527,0.0529,straight,0.1086,6.9000,0.0997,-0.1133,0.0397
0.1059,1.0878,0.0409,combined,0.3702,6.7000,0.1005,-0.1035,0.0223
0.0635,1.5624,0.2351,combined,2.0939,4.1800,0.0413,0.0039,0.0633
0.0624,4.5574,0.1147,combined,1.3279,4.9400,0.0591,-0.0479,0.0399
0.0700,0.2740,0.1849,lateral,0.2031,6.4800,0.0107,0.0700,0.0015
0.0697,1.5910,0.2427,combined,0.9842,5.9600,0.0202,0.0624,0.0310
0.0326,6.6875,0.1684,straight,1.4666,5.1000,0.0326,-0.0319,0.0069
0.1324,0.8691,0.2479,combined,1.1821,4.9800,0.1324,-0.1152,0.0653
0.0872,2.7991,0.0359,lateral,0.0564,6.9000,0.0246,-0.0623,0.0610
0.0464,0.6065,0.0408,turn,0.0000,7.1600,0.0000,nan,nan
0.0555,1.1319,0.0909,turn,0.0000,5.3200,0.0000,nan,nan
0.0476,0.5414,0.1855,lateral,0.5256,6.3000,0.0476,-0.0211,0.0427
0.0251,2.0431,0.0125,turn,0.0000,6.2400,0.0000,nan,nan
0.1359,0.1601,0.0075,stand,0.0000,7.8600,0.0000,nan,nan
0.0562,0.2766,0.1256,lateral,0.7008,6.7400,0.0431,-0.0556,0.0081
0.0390,2.5493,0.1110,combined,0.4505,5.5800,0.0035,0.0344,0.0184
0.0322,3.1471,0.1557,lateral,0.2778,6.2400,0.0086,0.0293,0.0133
0.0734,0.6920,0.1370,straight,0.0557,7.5000,0.0384,-0.0619,0.0395
0.0941,0.1961,0.1846,lateral,0.0185,4.6800,0.0013,0.0649,0.0682
0.0342,0.1962,0.0697,turn,0.0000,6.5200,0.0000,nan,nan
0.1198,0.3670,0.0104,lateral,0.5267,4.2000,0.0501,0.1026,0.0617
0.0457,5.2095,0.0524,straight,1.5236,6.0000,0.0457,-0.0404,0.0214
0.1304,2.3056,0.0859,lateral,1.4599,6.4000,0.1274,-0.0283,0.1273
0.1016,0.1863,0.0245,turn,0.0000,6.5600,0.0000,nan,nan
0.0537,3.3639,0.2074,combined,1.6268,5.8000,0.0493,-0.0342,0.0414
0.1301,1.5207,0.0900,turn,0.0000,5.6000,0.0000,nan,nan
0.0144,7.2508,0.1789,turn,0.0000,4.0800,0.0000,nan,nan
0.1082,7.1517,0.0774,combined,1.1279,6.2800,0.1073,-0.0680,0.0842
0.0542,3.1559,0.2423,combined,1.7681,7.1800,0.0237,0.0120,0.0529
0.0039,0.1505,0.0251,stand,0.0000,5.9400,0.0000,nan,nan
0.0695,0.9822,0.1935,lateral,1.0366,7.7000,0.0695,-0.0058,0.0693
0.0872,3.7629,0.2271,turn,0.0000,7.3800,0.0000,nan,nan
0.0307,0.6348,0.2371,lateral,0.0714,4.1800,0.0084,-0.0145,0.0270
0.0349,1.2116,0.0729,turn,0.0000,6.8400,0.0000,nan,nan
0.0594,0.2334,0.2329,combined,1.5616,5.5800,0.0465,-0.0428,0.0412
0.0482,3.0194,0.0360,stand,0.0000,6.6600,0.0000,nan,nan
0.0898,3.2707,0.0627,turn,0.0000,5.9000,0.0000,nan,nan
0.0238,0.4485,0.1627,combined,1.7069,7.4200,0.0213,0.0205,0.0121
0.0811,4.9780,0.1057,straight,0.9758,6.2200,0.0105,0.0232,0.0778
0.0061,2.4978,0.1111,straight,0.6925,6.4600,0.0018,0.0041,0.0044
0.0895,6.4100,0.0693,lateral,1.4245,6.9000,0.0709,0.0108,0.0889
0.0365,4.6638,0.0882,lateral,1.4768,6.1800,0.0142,-0.0352,0.0094
0.0506,0.1258,0.2357,turn,0.0000,6.4000,0.0000,nan,nan
0.0361,2.4813,0.2292,turn,0.0000,7.9600,0.0000,nan,nan
0.0727,1.9756,0.1828,turn,0.0000,5.4000,0.0000,nan,nan
0.1535,1.3439,0.2350,straight,0.7731,5.8200,0.1535,-0.1347,0.0736
0.0644,1.4962,0.0912,straight,0.3411,5.5400,0.0599,-0.0481,0.0429
0.0154,6.4022,0.0052,combined,1.2791,6.7000,0.0151,-0.0112,0.0105
0.0600,3.7101,0.0419,lateral,1.2648,7.8400,0.0273,0.0423,0.0425
0.0311,6.7498,0.0972,combined,1.5515,5.8800,0.0171,0.0307,0.0046
0.0207,2.0389,0.0655,straight,1.2753,7.5000,0.0207,0.0150,0.0143
0.0261,3.3028,0.0572,straight,0.4193,5.3800,0.0092,0.0170,0.0198
0.1023,5.6895,0.0506,combined,2.1308,7.0200,0.0348,0.0269,0.0987
0.0515,3.5897,0.1652,turn,0.0000,5.6200,0.0000,nan,nan
0.0808,2.8350,0.0300,stand,0.0000,5.6400,0.0000,nan,nan
0.1364,2.9780,0.1729,combined,1.8013,4.6800,0.0792,0.1339,0.0260
0.0548,0.6007,0.1175,combined,2.0207,4.9200,0.0548,-0.0220,0.0502
0.0894,1.2543,0.0385,straight,0.6512,7.2000,0.0039,0.0538,0.0715
0.1637,11.0720,0.0319,stand,0.0000,6.2400,0.0000,nan,nan
0.1551,3.6440,0.1230,straight,1.3596,7.6400,0.0197,0.0223,0.1535
0.1179,5.9819,0.0602,combined,1.2831,5.3400,0.1179,-0.0365,0.1121
0.0425,1.7255,0.1813,straight,1.3842,5.9400,0.0365,-0.0393,0.0162
0.0990,1.4101,0.0913,combined,0.4567,7.8800,0.0107,0.0709,0.0691
0.0788,4.2999,0.0937,combined,0.1529,5.0400,0.0481,-0.0107,0.0781
0.0793,2.4146,0.0386,lateral,0.6847,5.9800,0.0203,0.0764,0.0214
0.0370,0.8798,0.0352,turn,0.0000,6.9400,0.0000,nan,nan
0.0393,4.0847,0.0479,turn,0.0000,6.9600,0.0000,nan,nan
0.1118,1.1871,0.1930,lateral,0.0585,7.4800,0.0362,-0.0859,0.0716
0.1499,1.9463,0.0627,combined,1.6351,5.1400,0.1461,0.0757,0.1293
0.1218,3.3485,0.1119,combined,2.0320,6.7400,0.0807,-0.0302,0.1180
0.0808,1.2626,0.0518,combined,0.1899,5.2400,0.0400,0.0295,0.0752
0.1304,2.7105,0.0536,straight,0.4305,7.8600,0.0925,0.1114,0.0677
0.1516,1.9575,0.0281,combined,1.0323,7.1600,0.1516,-0.1516,0.0007
0.0384,0.7768,0.0717,turn,0.0000,4.6400,0.0000,nan,nan
0.0499,3.7656,0.1346,combined,0.6725,5.6800,0.0014,0.0495,0.0059
0.1949,2.3186,0.0939,lateral,1.4498,4.6200,0.1949,-0.1297,0.1455
0.1703,0.1615,0.1246,turn,0.0000,6.1600,0.0000,nan,nan
0.0914,4.1525,0.2025,combined,2.0066,7.9400,0.0782,-0.0486,0.0774
0.0511,1.5251,0.0352,combined,1.7653,6.7400,0.0389,0.0224,0.0459
0.1109,0.5856,0.1780,straight,1.3367,6.7800,0.0313,0.0623,0.0918
0.1323,0.7855,0.0120,stand,0.0000,4.4600,0.0000,nan,nan
0.0140,5.2710,0.0321,stand,0.0000,7.5200,0.0000,nan,nan
0.0353,0.6302,0.1516,lateral,1.3037,5.6400,0.0268,0.0039,0.0351
0.1586,0.0801,0.0046,lateral,0.6029,7.1000,0.1007,-0.1557,0.0302
0.0300,1.9510,0.0939,turn,0.0000,4.7800,0.0000,nan,nan
0.0780,4.1321,0.2226,lateral,0.0788,4.3000,0.0435,0.0166,0.0762
0.0604,3.0366,0.1675,turn,0.0000,5.3600,0.0000,nan,nan
0.0921,1.1950,0.1127,lateral,1.0591,4.4000,0.0519,0.0657,0.0645
0.1303,2.1847,0.0602,combined,0.8506,4.3800,0.1242,-0.1299,0.0098
0.0701,1.3252,0.0324,stand,0.0000,4.0600,0.0000,nan,nan
0.0865,3.1403,0.1793,straight,1.6327,6.6000,0.0758,-0.0548,0.0669
0.1396,1.9811,0.1687,turn,0.0000,7.1400,0.0000,nan,nan
0.0659,3.3313,0.0678,combined,1.2687,5.7400,0.0135,0.0280,0.0596
0.1154,0.6555,0.0627,combined,1.1842,6.3400,0.0845,-0.1090,0.0379
0.0563,1.6390,0.2846,straight,0.6618,6.7600,0.0121,-0.0009,0.0563
0.0233,0.1284,0.0742,turn,0.0000,4.6400,0.0000,nan,nan
0.0831,2.1483,0.0340,straight,0.3796,6.5000,0.0379,-0.0188,0.0810
0.0291,3.3751,0.0545,turn,0.0000,4.6600,0.0000,nan,nan
0.1553,0.7407,0.0360,combined,1.2527,5.4600,0.1510,-0.1505,0.0385
0.0812,5.0576,0.0108,stand,0.0000,5.0200,0.0000,nan,nan
0.0945,6.0229,0.0371,straight,0.5034,6.5600,0.0941,-0.0723,0.0609
0.0754,2.8652,0.1893,straight,1.1643,6.2400,0.0087,0.0596,0.0462
0.1324,3.4143,0.1277,combined,1.8880,5.2600,0.0391,0.1164,0.0632
0.0985,0.7620,0.0644,straight,1.1747,6.3400,0.0869,-0.0980,0.0102
0.0855,2.6559,0.0931,lateral,1.2972,5.0800,0.0653,-0.0854,0.0052
0.0781,4.1252,0.1150,turn,0.0000,5.7000,0.0000,nan,nan
0.0273,0.0851,0.0836,straight,0.6883,6.2800,0.0108,0.0125,0.0243
0.1356,2.1908,0.0634,lateral,0.0043,7.5000,0.0036,0.0441,0.1282
0.0264,2.3107,0.0491,turn,0.0000,7.4400,0.0000,nan,nan
0.1759,1.0119,0.0421,straight,1.1449,5.8200,0.1759,-0.1576,0.0780
0.1107,0.4584,0.0949,lateral,0.4448,7.7200,0.1018,0.0074,0.1104
0.0819,5.1762,0.0525,stand,0.0000,6.3800,0.0000,nan,nan
0.0522,3.0079,0.0463,combined,0.1917,6.1800,0.0437,0.0521,0.0019
0.0371,1.1723,0.1375,lateral,1.3240,6.4800,0.0303,-0.0175,0.0326
0.1402,3.9627,0.1828,straight,1.1341,4.7200,0.1402,-0.0872,0.1098
0.0136,1.5679,0.0416,straight,1.1024,4.3600,0.0074,-0.0077,0.0113
0.1552,1.1641,0.1033,turn,0.0000,4.1800,0.0000,nan,nan
0.1118,2.4509,0.1740,lateral,1.4701,7.5200,0.1026,0.1118,0.0007
0.0097,0.4572,0.1434,turn,0.0000,7.0000,0.0000,nan,nan
0.1105,4.3665,0.1796,combined,0.4469,7.2000,0.0327,0.0781,0.0781
0.0462,0.0504,0.0215,stand,0.0000,6.3200,0.0000,nan,nan
0.1643,2.8653,0.0610,combined,1.4880,5.7000,0.1356,-0.0800,0.1436
0.0226,1.0430,0.1353,lateral,1.0039,4.7600,0.0068,0.0215,0.0070
0.1731,1.0517,0.0615,combined,1.0843,5.0800,0.1597,-0.1065,0.1365
0.0059,1.2400,0.0453,combined,0.7688,5.2000,0.0017,0.0046,0.0038
0.0487,2.7237,0.0816,combined,1.3568,6.8400,0.0477,-0.0487,0.0004
0.0894,1.7025,0.1276,turn,0.0000,7.1600,0.0000,nan,nan
0.0649,3.0200,0.2515,lateral,0.6911,5.6800,0.0649,-0.0284,0.0584
0.0799,2.1460,0.0535,lateral,1.3134,7.7600,0.0273,0.0486,0.0634
0.0747,0.5566,0.0998,straight,1.0649,4.2200,0.0575,-0.0675,0.0321
0.1330,1.5264,0.0375,turn,0.0000,7.9800,0.0000,nan,nan
0.0244,0.4569,0.1281,straight,1.8038,7.8600,0.0010,0.0192,0.0151
0.0808,3.3902,0.0168,combined,1.8707,7.3600,0.0304,0.0740,0.0323
0.1358,1.1804,0.0227,combined,1.8368,6.0800,0.1096,-0.0926,0.0994
0.0112,5.8652,0.0625,stand,0.0000,6.7000,0.0000,nan,nan
0.0246,1.3257,0.0564,lateral,0.4511,7.0800,0.0028,-0.0044,0.0242
0.0646,0.3057,0.2187,lateral,0.8552,5.1000,0.0454,-0.0628,0.0154
0.0841,1.3717,0.0438,turn,0.0000,4.3000,0.0000,nan,nan
0.0785,1.1508,0.1181,straight,1.0172,5.4000,0.0704,-0.0696,0.0363
0.1245,2.8453,0.1292,turn,0.0000,5.2800,0.0000,nan,nan
0.1070,4.2300,0.0732,lateral,0.1176,6.8000,0.0449,0.0089,0.1066
0.0497,0.4156,0.0643,straight,0.5595,6.9800,0.0491,-0.0001,0.0497
0.0405,1.4868,0.1364,lateral,0.8574,4.3600,0.0405,-0.0277,0.0295
0.0664,1.4428,0.1170,combined,0.6952,4.4800,0.0653,-0.0499,0.0438
0.1077,0.4080,0.0676,turn,0.0000,5.1200,0.0000,nan,nan
0.1297,2.3916,0.1835,turn,0.0000,6.6000,0.0000,nan,nan
0.0274,1.9253,0.0254,combined,1.6728,4.7000,0.0237,0.0246,0.0122
0.0917,2.4058,0.0358,combined,0.9503,5.3000,0.0819,-0.0639,0.0658
0.0723,1.7827,0.1667,combined,2.0274,4.6400,0.0723,0.0098,0.0716
0.0283,4.7965,0.0251,straight,0.4930,6.2800,0.0231,-0.0262,0.0107
0.0510,6.0195,0.0304,combined,1.3714,6.5000,0.0263,-0.0389,0.0331
0.0942,2.7072,0.0958,straight,0.2833,7.0600,0.0025,0.0535,0.0776
0.0939,0.6355,0.0680,combined,2.1894,5.4400,0.0939,-0.0790,0.0507
0.0964,5.1373,0.0633,combined,1.4250,7.6000,0.0564,-0.0666,0.0697
0.0696,0.5417,0.1713,combined,1.4921,6.4200,0.0449,0.0695,0.0029
0.0373,1.3211,0.1411,combined,2.3253,7.0800,0.0033,0.0373,0.0001
0.0585,2.0472,0.0731,turn,0.0000,6.3400,0.0000,nan,nan
0.0650,4.1693,0.1339,lateral,1.4725,6.6800,0.0634,-0.0102,0.0642
0.1196,2.8154,0.1934,lateral,0.3029,5.6600,0.0892,-0.0079,0.1193
0.0267,0.6476,0.1165,straight,1.2413,6.6800,0.0237,0.0074,0.0256
0.0492,0.0439,0.2465,lateral,1.0970,4.6600,0.0031,0.0463,0.0167
0.0553,4.2009,0.0163,stand,0.0000,4.1400,0.0000,nan,nan
0.0677,1.0734,0.0327,stand,0.0000,4.3800,0.0000,nan,nan
0.0488,1.7828,0.0762,lateral,0.3643,6.4400,0.0175,0.0455,0.0177
0.0638,4.4910,0.0440,combined,1.3407,7.7000,0.0556,-0.0634,0.0068
0.2137,4.1627,0.1078,combined,1.9333,4.4000,0.2137,-0.2094,0.0429
0.0741,1.2990,0.0208,straight,0.1774,4.4400,0.0278,0.0281,0.0686
0.0761,1.7503,0.0954,straight,1.8712,4.4800,0.0761,-0.0756,0.0091
0.1419,7.8072,0.0340,stand,0.0000,7.2400,0.0000,nan,nan
0.0922,1.2214,0.1320,straight,0.6579,6.8200,0.0091,0.0628,0.0675
0.0484,0.1085,0.0147,stand,0.0000,5.3400,0.0000,nan,nan
0.1067,1.1564,0.0364,lateral,0.7478,4.1600,0.1017,-0.0478,0.0954
0.1295,1.4608,0.0234,turn,0.0000,6.1400,0.0000,nan,nan
0.0591,2.2482,0.0502,combined,0.9990,5.1600,0.0542,0.0320,0.0496
0.1404,0.0451,0.2429,turn,0.0000,5.2800,0.0000,nan,nan
0.0462,2.9485,0.1893,combined,1.2580,6.5200,0.0164,0.0123,0.0445
0.1322,2.8499,0.0703,straight,1.2767,5.5400,0.1265,-0.1310,0.0178
0.0987,4.4896,0.0389,combined,0.4800,6.6000,0.0440,0.0727,0.0667
0.0388,2.4108,0.1860,lateral,1.3504,6.3600,0.0359,-0.0114,0.0371
0.1305,1.5091,0.1800,straight,0.9332,5.3200,0.0988,-0.0327,0.1263
0.0876,4.1023,0.1693,lateral,0.6083,7.3800,0.0713,-0.0641,0.0597
0.0964,2.0389,0.0476,lateral,1.3385,7.6600,0.0821,-0.0826,0.0496
0.0352,3.6550,0.1630,combined,1.4970,5.7200,0.0107,0.0351,0.0027
0.0353,4.8506,0.1310,turn,0.0000,6.5000,0.0000,nan,nan
0.0599,3.7904,0.0327,combined,1.8606,7.0600,0.0089,0.0392,0.0453
0.0852,2.8038,0.0651,combined,1.2001,7.4800,0.0016,0.0838,0.0157
0.1194,2.5653,0.0975,combined,1.4209,6.4200,0.0918,0.0664,0.0992
0.0878,1.4528,0.1100,straight,0.2347,7.1800,0.0740,-0.0852,0.0214
0.0812,2.6067,0.0282,turn,0.0000,5.1000,0.0000,nan,nan
0.0993,2.6705,0.2380,combined,1.3769,4.6600,0.0954,-0.0992,0.0043
0.0826,0.3349,0.0883,combined,0.5805,6.5400,0.0439,0.0050,0.0824
0.0888,1.7108,0.0410,straight,1.0275,5.8600,0.0044,0.0871,0.0169
0.0556,3.5969,0.0244,stand,0.0000,5.8400,0.0000,nan,nan
0.0865,0.1068,0.1663,combined,2.1122,7.9200,0.0688,-0.0784,0.0364
0.0939,0.6877,0.2472,turn,0.0000,6.1400,0.0000,nan,nan
0.0727,3.9938,0.0373,stand,0.0000,4.4400,0.0000,nan,nan
0.1326,4.5111,0.0468,stand,0.0000,7.4000,0.0000,nan,nan
0.1711,2.0282,0.1434,lateral,1.2383,5.8200,0.1593,-0.1668,0.0378
0.1713,0.6222,0.1742,combined,0.9584,6.9600,0.1627,-0.1295,0.1120
0.0256,2.2808,0.1705,lateral,0.5444,6.6600,0.0072,-0.0042,0.0253
0.0674,3.3348,0.1195,straight,1.4927,4.9400,0.0234,0.0629,0.0243
0.0437,2.1305,0.1418,lateral,0.2732,5.1000,0.0306,-0.0205,0.0386
0.0793,1.6380,0.1012,combined,1.0894,4.0000,0.0793,-0.0783,0.0124
0.1147,5.5401,0.0880,combined,1.5152,4.0000,0.1144,-0.1147,0.0025
0.1212,1.6170,0.0241,combined,0.7380,6.0200,0.0326,0.1112,0.0481
0.0863,0.5254,0.1783,straight,0.3743,6.5000,0.0656,0.0322,0.0801
0.1040,2.2750,0.0096,straight,1.3159,5.8400,0.0677,-0.0634,0.0825
0.0938,1.9114,0.0323,straight,0.2054,7.2400,0.0257,-0.0000,0.0938
0.1054,1.1395,0.1285,combined,1.1597,4.5200,0.1054,-0.0786,0.0702
0.0333,4.5960,0.0252,lateral,0.1399,4.6600,0.0306,0.0020,0.0332
0.0553,0.1542,0.0413,turn,0.0000,5.4000,0.0000,nan,nan
0.0542,0.1539,0.0293,stand,0.0000,4.6000,0.0000,nan,nan
0.1203,5.1513,0.0151,stand,0.0000,4.7600,0.0000,nan,nan
0.1395,3.3540,0.0249,turn,0.0000,4.9800,0.0000,nan,nan
0.0712,2.0492,0.0633,combined,1.5406,4.9000,0.0587,-0.0644,0.0303
0.0562,4.2599,0.0085,combined,1.5589,7.6600,0.0353,-0.0246,0.0505
0.0709,3.5873,0.1270,turn,0.0000,6.5000,0.0000,nan,nan
0.0350,0.2377,0.1664,straight,0.4458,6.2400,0.0003,0.0275,0.0217
0.0209,4.4389,0.0183,stand,0.0000,4.1400,0.0000,nan,nan
0.1176,1.0943,0.1840,combined,1.4282,4.5200,0.1176,-0.1174,0.0071
0.0238,2.1198,0.1094,combined,1.2370,4.0400,0.0238,-0.0078,0.0225
0.0309,1.6294,0.0268,stand,0.0000,6.4400,0.0000,nan,nan
0.0128,5.0475,0.2773,turn,0.0000,4.0800,0.0000,nan,nan
0.0540,2.0823,0.0176,stand,0.0000,5.2400,0.0000,nan,nan
0.0130,2.6543,0.0163,stand,0.0000,4.0600,0.0000,nan,nan
0.0870,0.7179,0.0580,lateral,1.4845,4.2000,0.0870,-0.0847,0.0197
0.0761,1.0879,0.0831,lateral,1.1337,7.7200,0.0494,-0.0030,0.0761
0.0133,3.4218,0.0449,stand,0.0000,7.7400,0.0000,nan,nan
0.0150,5.2258,0.0108,lateral,0.4647,4.4000,0.0136,-0.0110,0.0102
0.0436,4.5356,0.2146,combined,2.3028,5.2200,0.0436,0.0300,0.0317
0.0320,2.2346,0.0254,combined,0.6841,7.4000,0.0320,-0.0297,0.0119
0.0421,1.9562,0.0397,straight,0.0805,4.4400,0.0092,0.0421,0.0013
0.0810,1.3308,0.0152,straight,1.8709,5.8200,0.0810,-0.0780,0.0218
0.0872,0.1281,0.2076,turn,0.0000,5.2600,0.0000,nan,nan
0.0722,1.2040,0.0500,combined,1.8555,4.7800,0.0551,-0.0655,0.0304
0.1117,4.6555,0.0633,lateral,0.2027,4.8800,0.0932,-0.1116,0.0042
0.1260,0.8600,0.1306,lateral,0.1632,5.4200,0.1049,-0.0270,0.1231
0.0309,1.5675,0.2205,straight,1.0350,7.5400,0.0175,-0.0264,0.0161
0.0528,3.8736,0.0663,straight,1.6709,7.5600,0.0480,-0.0500,0.0170
0.0369,0.9883,0.0960,lateral,0.9401,5.2600,0.0369,-0.0177,0.0324
0.0622,2.7669,0.0667,straight,0.0738,5.0200,0.0365,-0.0584,0.0213
0.0602,3.8609,0.1509,straight,0.1424,4.4600,0.0571,-0.0505,0.0329
0.1649,2.5049,0.2056,lateral,1.4318,7.3000,0.1401,-0.1536,0.0602
0.0116,2.2173,0.1229,lateral,0.8904,6.4000,0.0081,-0.0027,0.0112
0.0859,1.4716,0.0229,straight,0.2011,4.4600,0.0793,-0.0852,0.0106
0.0619,3.9354,0.2028,turn,0.0000,4.3200,0.0000,nan,nan
0.0332,1.9273,0.0917,lateral,0.7577,7.0600,0.0026,0.0223,0.0246
0.0735,3.9567,0.0493,stand,0.0000,6.8200,0.0000,nan,nan
0.0989,1.9590,0.2267,straight,1.0741,4.8600,0.0989,-0.0980,0.0131
0.0322,3.7374,0.0365,lateral,0.6908,7.3600,0.0162,-0.0312,0.0078
0.1265,3.1273,0.1810,combined,1.4950,4.6800,0.1265,-0.0872,0.0917
0.0826,3.1079,0.0613,lateral,0.1426,4.0200,0.0645,-0.0511,0.0649
0.1036,4.3816,0.1533,combined,1.6313,6.1800,0.0985,-0.0958,0.0394
0.0788,2.9405,0.0895,combined,0.9710,5.2600,0.0758,-0.0288,0.0733
0.1524,1.0216,0.0232,turn,0.0000,4.1200,0.0000,nan,nan
0.1276,5.4161,0.0303,stand,0.0000,6.6800,0.0000,nan,nan
0.0602,0.3598,0.1540,combined,1.6118,6.2400,0.0507,-0.0197,0.0569
0.1678,3.8908,0.1050,straight,1.6493,6.2800,0.1619,-0.1629,0.0401
0.0759,1.9066,0.2502,turn,0.0000,7.4400,0.0000,nan,nan
0.0757,1.9455,0.1285,lateral,0.5167,5.0600,0.0498,0.0452,0.0608
0.0609,1.4187,0.1940,straight,0.0969,7.9400,0.0065,0.0016,0.0608
0.0514,7.5221,0.1951,combined,1.5483,5.4600,0.0124,0.0447,0.0252
0.1334,1.7268,0.2600,combined,1.7436,6.0000,0.1297,-0.1287,0.0350
0.0623,4.1496,0.1725,turn,0.0000,6.0600,0.0000,nan,nan
0.0621,0.4097,0.1217,lateral,0.3587,7.6200,0.0289,0.0261,0.0564
0.0981,3.8377,0.2389,lateral,0.7328,7.2000,0.0435,0.0523,0.0829
0.0660,3.7373,0.1733,turn,0.0000,5.7600,0.0000,nan,nan
0.1810,7.6492,0.0156,stand,0.0000,7.9400,0.0000,nan,nan
0.0181,0.6453,0.2047,lateral,1.0210,5.4000,0.0127,-0.0177,0.0038
0.0119,0.0219,0.2606,straight,1.2993,4.1600,0.0007,0.0021,0.0117
0.0720,1.3519,0.0506,straight,1.8885,6.3400,0.0545,0.0036,0.0719
0.1167,2.5426,0.0416,turn,0.0000,6.0400,0.0000,nan,nan
0.0910,2.1125,0.0264,lateral,0.2700,4.3600,0.0850,-0.0579,0.0703
0.0689,6.3974,0.0746,straight,1.2767,6.3000,0.0160,0.0478,0.0496
0.0785,1.6644,0.1231,turn,0.0000,7.5800,0.0000,nan,nan
0.0690,4.2437,0.1010,lateral,1.3875,4.4800,0.0678,0.0234,0.0649
0.0853,0.8773,0.0303,lateral,0.3049,4.6200,0.0787,-0.0622,0.0583
0.0262,6.5133,0.0150,stand,0.0000,7.6200,0.0000,nan,nan
0.0203,4.1279,0.1965,lateral,0.7831,5.5200,0.0189,0.0006,0.0202
0.0221,4.0099,0.1968,combined,0.6408,7.5000,0.0014,-0.0127,0.0180
0.0587,0.9021,0.1633,lateral,0.4890,7.6000,0.0409,-0.0361,0.0463
0.1276,3.3704,0.0659,combined,1.4604,6.5600,0.0857,0.0326,0.1234
0.0450,2.2430,0.1305,turn,0.0000,4.3800,0.0000,nan,nan
0.0697,1.8365,0.1529,combined,2.2895,6.1000,0.0697,-0.0540,0.0440
0.0569,1.6095,0.0345,straight,1.1700,6.6600,0.0569,-0.0556,0.0122
0.0307,1.2365,0.0978,combined,1.1078,7.4400,0.0220,-0.0268,0.0151
0.0463,3.8776,0.0943,combined,1.7008,7.9600,0.0129,0.0448,0.0116
0.0951,3.6695,0.0157,straight,1.9256,5.8600,0.0944,-0.0828,0.0467
0.0850,3.8871,0.1071,turn,0.0000,7.7800,0.0000,nan,nan
0.1182,2.5564,0.0157,lateral,1.0536,6.9800,0.0587,0.1171,0.0160
0.0656,3.8104,0.1692,combined,1.6140,4.9800,0.0576,-0.0654,0.0060
0.1056,2.7534,0.0202,lateral,0.9066,7.3000,0.0249,0.0773,0.0719
0.2571,1.7159,0.0983,combined,1.9578,5.1600,0.2571,-0.2556,0.0269
0.0757,5.3449,0.0432,combined,1.0384,5.1600,0.0308,0.0152,0.0741
0.0267,0.2870,0.0574,turn,0.0000,6.0000,0.0000,nan,nan
0.2679,1.7115,0.0875,combined,2.1383,4.5200,0.2679,-0.2651,0.0385
0.0408,4.6261,0.0716,lateral,0.0747,7.9200,0.0188,-0.0133,0.0386
0.1243,1.2048,0.0727,turn,0.0000,4.8600,0.0000,nan,nan
0.0095,4.8456,0.1002,combined,1.2414,5.2800,0.0073,0.0035,0.0088
0.1325,1.2444,0.1685,lateral,1.3565,5.5600,0.0500,0.1324,0.0056
0.0516,0.1340,0.0343,combined,0.1451,6.0600,0.0411,-0.0389,0.0339
0.0846,2.5793,0.1376,lateral,0.6121,7.1800,0.0424,0.0801,0.0270
0.2686,1.9468,0.3640,combined,1.9281,4.0800,0.2686,-0.2320,0.1355
0.0059,0.9275,0.1710,lateral,0.7629,7.8800,0.0005,0.0018,0.0056
0.1340,1.1747,0.0529,straight,0.7309,7.4000,0.1159,-0.1021,0.0867
0.1590,2.8768,0.1389,lateral,0.3873,5.3400,0.1255,-0.1552,0.0349
0.1949,4.8367,0.0642,lateral,1.4889,5.0600,0.1925,-0.0291,0.1928
0.1952,0.1111,0.0236,straight,1.2475,5.2400,0.0849,0.0769,0.1794
0.0693,3.4953,0.1673,combined,1.6106,7.1200,0.0647,0.0548,0.0425
0.1257,1.5851,0.1537,combined,0.9314,7.3000,0.1212,-0.0934,0.0842
0.0660,0.6050,0.1900,lateral,0.5757,5.0000,0.0660,-0.0529,0.0395
0.0645,0.9025,0.1311,lateral,0.9082,6.9400,0.0265,-0.0590,0.0260
0.0482,1.8832,0.0079,stand,0.0000,4.0000,0.0000,nan,nan
0.0386,1.1664,0.0349,straight,0.2736,6.9400,0.0019,0.0211,0.0324
0.1112,1.0288,0.0509,straight,1.2929,6.6200,0.1002,-0.0382,0.1045
0.0344,2.8320,0.0911,turn,0.0000,4.8600,0.0000,nan,nan
0.1364,0.9925,0.1361,combined,1.7651,7.4600,0.1254,0.0913,0.1014
0.0996,5.6811,0.1337,combined,1.9346,6.0600,0.0941,-0.0966,0.0245
0.0685,0.8529,0.0248,lateral,0.2754,6.8600,0.0411,-0.0292,0.0619
0.0551,0.2444,0.0794,lateral,0.3692,5.7800,0.0505,-0.0395,0.0384
0.1162,2.4516,0.1264,straight,1.6097,5.5400,0.1162,-0.0629,0.0977
0.0527,0.0827,0.1791,combined,1.2149,6.9600,0.0008,0.0515,0.0112
0.0310,2.9220,0.1348,lateral,0.8518,6.1400,0.0184,0.0131,0.0281
0.0842,5.6178,0.0266,turn,0.0000,5.5200,0.0000,nan,nan
0.0430,2.0532,0.0152,stand,0.0000,4.8000,0.0000,nan,nan
0.0381,1.1037,0.1203,combined,0.8152,5.5200,0.0232,-0.0356,0.0134
0.1717,0.0156,0.1042,combined,1.8214,6.4400,0.1717,-0.1666,0.0415
0.0516,3.5030,0.0530,stand,0.0000,4.7800,0.0000,nan,nan
0.0506,0.3478,0.0422,straight,0.3397,5.3400,0.0424,-0.0450,0.0232
0.0776,3.7393,0.0158,stand,0.0000,6.3800,0.0000,nan,nan
0.0224,1.6271,0.0286,stand,0.0000,5.5200,0.0000,nan,nan
0.1520,1.8882,0.0658,combined,1.8759,5.5800,0.1507,-0.1142,0.1003
0.0515,3.1387,0.1445,lateral,1.4066,7.3200,0.0113,0.0513,0.0044
0.1298,0.4713,0.1206,straight,1.4292,7.8400,0.0372,0.1298,0.0029
0.1037,5.3413,0.0663,lateral,0.3967,5.4400,0.0141,0.0992,0.0301
0.1511,1.7914,0.0988,straight,0.8281,6.2000,0.1264,-0.0373,0.1464
0.0549,0.7260,0.0339,lateral,0.9523,5.8200,0.0100,0.0485,0.0256
0.0435,8.3245,0.1645,turn,0.0000,5.5600,0.0000,nan,nan
0.0726,5.6724,0.0150,stand,0.0000,7.2200,0.0000,nan,nan
0.0594,1.7758,0.1632,combined,1.5425,4.7000,0.0594,-0.0477,0.0354
0.0612,0.5588,0.1322,turn,0.0000,4.7200,0.0000,nan,nan
0.0051,2.9668,0.0447,stand,0.0000,7.6200,0.0000,nan,nan
0.1307,1.4303,0.0705,combined,1.6045,7.9000,0.1166,0.0128,0.1301
0.0518,4.5178,0.1755,lateral,1.2226,6.1400,0.0481,-0.0451,0.0255
0.0255,1.9523,0.2129,lateral,1.4975,6.1800,0.0009,-0.0210,0.0144
0.1432,1.1642,0.0379,combined,1.8387,6.2400,0.0369,0.0802,0.1186
0.0901,2.3279,0.2210,combined,1.8840,7.7200,0.0356,0.0057,0.0900
0.0849,0.5647,0.1076,straight,0.7785,4.2400,0.0058,0.0489,0.0694
0.0339,0.9194,0.0192,stand,0.0000,6.1000,0.0000,nan,nan
0.0279,2.8160,0.1409,lateral,1.2701,7.0400,0.0035,0.0239,0.0143
0.0565,3.7163,0.0522,stand,0.0000,7.6600,0.0000,nan,nan
0.0491,0.0795,0.0363,combined,1.9537,5.1000,0.0383,0.0153,0.0466
0.0593,6.4096,0.0992,lateral,1.2958,7.1200,0.0353,-0.0534,0.0259
0.1688,1.1046,0.0807,straight,1.8626,5.7800,0.1619,-0.1216,0.1170
0.0838,0.2188,0.0929,lateral,0.8165,7.3600,0.0472,0.0752,0.0369
0.0721,2.1251,0.2915,combined,1.8444,4.8600,0.0721,-0.0460,0.0556
0.0641,0.1687,0.1793,lateral,0.8048,7.9200,0.0424,-0.0091,0.0635
0.0796,1.1839,0.1510,combined,0.6501,7.7200,0.0537,-0.0737,0.0301
0.0359,0.3741,0.0801,lateral,0.4674,7.3800,0.0076,-0.0322,0.0159
0.1052,2.3444,0.1861,combined,0.5282,5.3600,0.0950,-0.0902,0.0541
0.0035,2.2957,0.1072,lateral,0.0173,6.4000,0.0008,-0.0026,0.0024
0.0772,1.3156,0.0653,straight,0.5290,7.1200,0.0291,0.0165,0.0754
0.0211,3.1779,0.2293,turn,0.0000,4.2200,0.0000,nan,nan
0.0036,1.1255,0.0244,stand,0.0000,5.9000,0.0000,nan,nan
0.1061,1.3739,0.0788,turn,0.0000,6.4200,0.0000,nan,nan
0.0207,1.7817,0.0192,stand,0.0000,7.1600,0.0000,nan,nan
0.1312,2.0055,0.0629,straight,1.9398,7.0000,0.1247,-0.1312,0.0001
0.0669,0.8354,0.1754,turn,0.0000,4.9800,0.0000,nan,nan
0.0475,1.4012,0.2456,straight,0.4284,5.4400,0.0174,-0.0019,0.0474
0.0986,4.2475,0.1370,combined,1.6001,5.2200,0.0986,-0.0941,0.0294
0.0429,0.3640,0.2424,straight,0.7913,5.8000,0.0189,0.0330,0.0275
0.1065,4.0585,0.1601,lateral,1.3769,4.1400,0.1065,-0.0697,0.0806
0.0993,0.2922,0.0988,combined,2.0644,6.7200,0.0337,-0.0674,0.0729
0.0621,1.3840,0.1912,combined,2.0822,6.4800,0.0278,0.0200,0.0588
0.1174,6.5413,0.0244,stand,0.0000,7.3400,0.0000,nan,nan
0.0825,1.6635,0.0163,straight,1.4584,7.1200,0.0235,0.0772,0.0290
0.1313,2.0464,0.1744,straight,0.7780,4.0800,0.1285,-0.1294,0.0224
0.1339,0.0043,0.1411,straight,0.9777,4.2200,0.1337,-0.0980,0.0913
0.0240,0.3222,0.1084,straight,1.9565,4.7800,0.0058,0.0111,0.0212
0.0234,2.5410,0.1522,combined,2.0114,5.8400,0.0234,-0.0186,0.0142
0.0137,0.2647,0.1414,turn,0.0000,5.5200,0.0000,nan,nan
0.0837,3.6490,0.0913,turn,0.0000,7.5600,0.0000,nan,nan
0.0863,0.9642,0.1121,lateral,1.0983,6.9400,0.0223,0.0641,0.0577
0.0726,8.4764,0.2085,lateral,0.9063,7.9000,0.0650,0.0161,0.0707
0.1090,0.9984,0.0226,turn,0.0000,5.8800,0.0000,nan,nan
0.1220,2.5897,0.0609,straight,1.5372,5.7000,0.1214,-0.1218,0.0082
0.0918,3.1163,0.1006,combined,1.6137,7.7200,0.0720,-0.0512,0.0762
0.1201,3.2808,0.0445,straight,0.3602,6.1800,0.0566,0.0980,0.0694
0.1203,1.6993,0.2196,turn,0.0000,4.4800,0.0000,nan,nan
0.0271,1.8662,0.0327,lateral,1.2172,5.1400,0.0271,-0.0218,0.0161
0.1221,2.6439,0.0769,straight,0.8250,4.6600,0.0227,0.0644,0.1038
0.1589,3.0379,0.0993,combined,1.5048,7.3800,0.1520,-0.1584,0.0129
0.0369,2.7347,0.0848,straight,0.3206,6.2200,0.0205,0.0046,0.0366
0.0839,3.5427,0.1414,turn,0.0000,7.7200,0.0000,nan,nan
0.0497,1.1473,0.2636,straight,1.7515,5.7400,0.0497,-0.0391,0.0307
0.1425,0.6934,0.2609,combined,2.0698,5.4200,0.1425,0.0015,0.1425
0.0728,2.8744,0.0827,lateral,0.8874,7.9200,0.0325,0.0640,0.0346
0.0420,1.1361,0.0548,lateral,1.2651,6.0400,0.0408,-0.0167,0.0385
0.0693,2.0244,0.1233,combined,1.4202,7.4800,0.0161,0.0669,0.0182
0.0841,1.9879,0.1059,combined,2.0525,4.3600,0.0841,-0.0474,0.0695
0.0755,5.0178,0.1214,combined,1.7768,4.7800,0.0711,0.0263,0.0708
0.0511,0.6528,0.0561,straight,0.7304,7.1000,0.0131,0.0355,0.0368
0.0686,1.6173,0.2836,straight,1.3609,5.7600,0.0686,-0.0525,0.0442
0.0438,1.9503,0.1624,straight,1.2046,7.5400,0.0438,-0.0392,0.0195
0.1000,1.0454,0.2641,turn,0.0000,4.8400,0.0000,nan,nan
0.0686,1.2893,0.0734,turn,0.0000,4.9800,0.0000,nan,nan
0.0738,0.5908,0.0736,straight,0.2125,6.2200,0.0122,0.0647,0.0356
0.0785,4.0005,0.2813,lateral,0.8750,5.2000,0.0785,-0.0248,0.0744
0.0761,0.4539,0.1473,straight,0.6072,7.3600,0.0198,0.0240,0.0722
0.0384,9.0789,0.0145,stand,0.0000,7.7400,0.0000,nan,nan
0.1199,1.9656,0.2000,combined,1.3321,7.8400,0.0586,0.1194,0.0111
0.0806,2.1958,0.0898,turn,0.0000,6.8200,0.0000,nan,nan
0.1010,0.3029,0.2383,combined,0.8451,5.4800,0.0996,-0.0827,0.0580
0.0544,3.0917,0.0987,combined,0.7372,4.0000,0.0502,-0.0541,0.0049
0.1642,0.6266,0.0650,combined,0.9947,7.1600,0.1178,0.0864,0.1397
0.0970,5.3461,0.0558,straight,1.4511,4.7200,0.0970,-0.0969,0.0035
0.0752,1.5523,0.0272,turn,0.0000,4.2000,0.0000,nan,nan
0.0293,2.4623,0.2147,combined,1.5469,6.0800,0.0293,0.0032,0.0291
0.0867,2.0443,0.1576,turn,0.0000,7.7200,0.0000,nan,nan
0.0718,2.2257,0.2008,straight,0.5419,4.5600,0.0480,-0.0447,0.0562
0.0519,2.2243,0.2207,combined,2.0034,7.9400,0.0240,-0.0472,0.0216
0.0880,3.8390,0.2090,combined,0.7333,5.7400,0.0473,-0.0739,0.0477
0.0742,1.5058,0.1187,turn,0.0000,4.3200,0.0000,nan,nan
0.1463,1.0018,0.0896,lateral,0.5626,5.1200,0.1122,-0.1423,0.0338
0.0891,6.8903,0.1902,turn,0.0000,6.7600,0.0000,nan,nan
0.0678,3.0998,0.2472,lateral,0.2624,6.9400,0.0557,-0.0544,0.0404
0.0333,1.2660,0.0060,stand,0.0000,4.3000,0.0000,nan,nan
0.0457,0.4242,0.1192,combined,1.6167,6.4800,0.0394,-0.0040,0.0455
0.0700,0.7667,0.1034,turn,0.0000,4.1200,0.0000,nan,nan
0.0176,1.5227,0.0755,combined,1.2250,6.0800,0.0141,-0.0026,0.0174
0.0806,2.8520,0.0153,lateral,1.1664,4.0200,0.0806,-0.0496,0.0636
0.0661,3.4582,0.0676,straight,1.8767,6.5400,0.0642,-0.0387,0.0536
0.0720,0.5884,0.0592,combined,1.5304,5.2400,0.0432,0.0556,0.0457
0.0762,2.5739,0.1504,straight,1.9054,7.6600,0.0568,-0.0712,0.0272
0.0794,2.5755,0.1140,straight,1.2045,6.1800,0.0407,0.0792,0.0057
0.0595,2.0989,0.1904,straight,0.2133,5.7600,0.0595,-0.0590,0.0080
0.2063,12.1101,0.0151,stand,0.0000,4.6800,0.0000,nan,nan
0.0285,0.2521,0.0630,lateral,0.5660,4.6800,0.0119,0.0237,0.0158
0.0142,0.9039,0.1845,straight,1.0254,5.5000,0.0142,-0.0100,0.0101
0.0586,1.1471,0.0413,lateral,0.5001,5.7000,0.0002,0.0586,0.0009
0.0291,4.7678,0.1522,lateral,1.2401,6.7200,0.0128,0.0185,0.0224
0.0940,1.4736,0.1816,straight,0.8578,4.5400,0.0828,-0.0847,0.0408
0.0636,4.0894,0.0452,stand,0.0000,5.8000,0.0000,nan,nan
0.0252,4.4394,0.0183,stand,0.0000,4.3200,0.0000,nan,nan
0.1346,4.3616,0.1503,combined,1.3705,4.9600,0.1344,-0.1339,0.0142
0.0993,1.5133,0.2162,combined,2.0238,6.8200,0.0993,-0.0868,0.0481
0.0854,1.1386,0.0892,combined,1.6288,7.2600,0.0744,-0.0853,0.0016
0.0930,2.2223,0.0239,turn,0.0000,6.1600,0.0000,nan,nan
0.0465,1.2063,0.0862,turn,0.0000,7.5400,0.0000,nan,nan
0.0293,1.2531,0.0444,straight,1.5672,4.7600,0.0186,0.0037,0.0290
0.0716,1.3619,0.0418,lateral,1.1992,6.4600,0.0571,0.0045,0.0714
0.0864,8.4054,0.0454,stand,0.0000,7.2600,0.0000,nan,nan
0.1098,3.6746,0.0293,combined,1.2973,5.1200,0.1098,-0.1097,0.0016
0.0236,1.1054,0.0680,combined,1.3023,6.0800,0.0236,-0.0163,0.0171
0.1557,2.9294,0.2166,turn,0.0000,7.9800,0.0000,nan,nan
0.0669,1.2737,0.0412,combined,1.0036,4.9200,0.0656,-0.0452,0.0493
0.0249,2.3132,0.0083,stand,0.0000,7.4400,0.0000,nan,nan
0.1195,3.3706,0.1560,combined,0.8961,7.4200,0.0743,0.0672,0.0988
0.0734,1.3523,0.1634,combined,1.4269,6.2000,0.0025,0.0719,0.0148
0.1021,2.2644,0.1602,lateral,0.6864,6.5000,0.0759,-0.0638,0.0798
0.0867,1.2202,0.0719,combined,0.6116,5.5000,0.0499,0.0442,0.0746
0.0847,7.8889,0.1491,combined,1.2661,6.6800,0.0639,0.0330,0.0780
0.0551,1.8379,0.2287,turn,0.0000,7.5000,0.0000,nan,nan
0.1242,3.5136,0.0457,combined,1.7908,4.5600,0.1235,-0.0267,0.1213
0.0469,3.2119,0.0071,straight,1.0771,7.4600,0.0284,-0.0403,0.0240
0.1390,2.6798,0.0161,combined,1.5122,5.0000,0.1176,-0.1037,0.0925
0.1053,1.9798,0.2390,turn,0.0000,4.4600,0.0000,nan,nan
0.0518,1.3779,0.1697,straight,1.2223,7.5600,0.0501,-0.0446,0.0263
0.0480,1.7568,0.2157,turn,0.0000,6.7600,0.0000,nan,nan
0.0841,1.7269,0.2653,lateral,0.2078,6.1200,0.0841,-0.0505,0.0673
0.1361,0.8854,0.0494,lateral,0.2217,7.7200,0.0881,-0.1101,0.0799
0.0918,0.1808,0.0232,combined,1.3717,6.3600,0.0701,-0.0577,0.0713
0.0715,3.7876,0.1916,combined,0.9860,5.8000,0.0639,-0.0604,0.0383
0.0847,0.2436,0.1845,turn,0.0000,5.0200,0.0000,nan,nan
0.0824,1.6040,0.2216,combined,0.0877,6.5200,0.0721,0.0298,0.0768
0.0724,3.3058,0.0340,lateral,0.4617,7.5600,0.0558,-0.0276,0.0669
0.0452,0.0384,0.0964,lateral,0.7445,5.7200,0.0250,-0.0369,0.0261
0.0245,1.1473,0.1287,combined,1.3891,5.6400,0.0022,0.0244,0.0015
0.0644,1.2621,0.0979,straight,1.5168,5.1400,0.0412,0.0133,0.0630
0.0707,0.7026,0.2147,turn,0.0000,5.0200,0.0000,nan,nan
0.0404,1.6284,0.1220,straight,1.4141,5.7800,0.0337,-0.0244,0.0322
0.0282,1.9806,0.0607,turn,0.0000,5.2000,0.0000,nan,nan
0.0396,1.1741,0.2247,turn,0.0000,5.6000,0.0000,nan,nan
0.0631,1.6870,0.0537,combined,1.2293,7.9800,0.0247,0.0630,0.0038
0.0829,5.1488,0.1813,combined,0.8900,7.6800,0.0385,-0.0042,0.0827
0.0358,6.3311,0.1097,combined,1.7319,4.8800,0.0358,-0.0289,0.0211
0.0713,0.2465,0.1336,straight,0.2796,4.0800,0.0661,-0.0418,0.0578
0.0295,6.7205,0.0594,combined,1.4752,5.0200,0.0159,0.0277,0.0100
0.0123,2.3425,0.0684,combined,0.5635,5.0400,0.0016,-0.0092,0.0080
0.0503,3.7163,0.1390,combined,1.1836,5.2600,0.0501,-0.0452,0.0221
0.0866,0.9583,0.0391,lateral,0.8132,5.4000,0.0834,0.0071,0.0863
0.0321,2.0031,0.0421,lateral,0.4447,5.2400,0.0244,-0.0133,0.0292
0.0464,5.9133,0.1119,lateral,0.4503,6.5600,0.0217,0.0331,0.0326
0.1105,3.7679,0.0744,combined,0.5611,7.3600,0.0191,0.1040,0.0375
0.1319,0.1213,0.0801,straight,0.5483,5.7600,0.0394,0.0813,0.1039
0.0730,2.9053,0.2402,combined,1.3641,5.6800,0.0730,-0.0443,0.0580
0.0740,4.3446,0.0669,turn,0.0000,5.5000,0.0000,nan,nan
0.0645,2.3114,0.1364,combined,0.5069,7.8000,0.0636,-0.0616,0.0190
0.0867,1.7224,0.1285,straight,1.8356,7.2600,0.0821,-0.0738,0.0454
0.0277,1.8156,0.0607,lateral,0.7739,5.9000,0.0198,-0.0267,0.0074
0.0903,0.8632,0.0990,combined,0.6858,6.7200,0.0603,-0.0903,0.0015
0.0322,1.4229,0.1046,combined,1.4384,4.0600,0.0317,-0.0028,0.0321
0.1130,2.4854,0.0385,combined,1.8428,6.6200,0.1019,-0.1126,0.0089
0.0608,1.7771,0.0488,straight,0.4033,6.0000,0.0101,0.0503,0.0341
0.0289,2.3961,0.0602,stand,0.0000,4.3800,0.0000,nan,nan
0.1636,1.1685,0.0354,lateral,1.2449,5.5400,0.1614,-0.1250,0.1055
0.0819,4.6406,0.1832,turn,0.0000,7.2800,0.0000,nan,nan
0.1368,1.6052,0.0328,straight,1.2405,7.6000,0.0773,-0.0046,0.1367
0.0473,3.2222,0.1065,combined,1.8802,7.1600,0.0345,-0.0392,0.0264
0.1421,2.3792,0.1231,combined,1.7679,4.3800,0.1421,-0.1369,0.0381
0.0691,3.6571,0.0696,turn,0.0000,7.9400,0.0000,nan,nan
0.1247,7.2602,0.0407,stand,0.0000,7.9400,0.0000,nan,nan
0.0637,0.6839,0.2366,lateral,1.2026,7.3600,0.0397,0.0510,0.0382
0.0326,1.7077,0.2314,straight,1.0063,4.0000,0.0326,-0.0320,0.0059
0.0592,1.5256,0.0643,turn,0.0000,4.0000,0.0000,nan,nan
0.0148,3.6159,0.0877,lateral,0.5766,4.0400,0.0132,0.0010,0.0147
0.0373,0.2236,0.1491,combined,0.8727,4.0200,0.0371,-0.0172,0.0331
0.2295,1.6003,0.0636,straight,1.4376,4.0800,0.2231,-0.1493,0.1743
0.1586,0.2464,0.0645,turn,0.0000,4.0800,0.0000,nan,nan
0.1259,0.1359,0.0488,straight,0.2303,4.1000,0.0452,0.1259,0.0045
0.0550,2.1598,0.0267,stand,0.0000,4.1200,0.0000,nan,nan
0.0802,3.5139,0.0104,straight,0.8252,4.1200,0.0802,-0.0791,0.0134
0.1793,1.1385,0.1742,lateral,0.8181,4.1400,0.1698,-0.1520,0.0951
0.0245,0.5983,0.2056,straight,1.4966,4.1400,0.0174,-0.0094,0.0226
0.1441,2.1009,0.1929,straight,1.6953,4.1400,0.1441,-0.1349,0.0507
0.0395,4.3440,0.1089,lateral,0.5743,4.1800,0.0289,0.0360,0.0163
0.0906,2.2289,0.2284,combined,2.3866,4.1600,0.0906,-0.0695,0.0581
0.1403,3.0707,0.0859,straight,1.2554,4.2000,0.1387,-0.1349,0.0385
0.0458,1.5595,0.1511,lateral,0.1716,4.2400,0.0399,0.0154,0.0431
0.2475,0.1306,0.1703,straight,1.8868,4.2000,0.2475,-0.2431,0.0466
0.0112,0.0278,0.0849,turn,0.0000,4.2000,0.0000,nan,nan
0.0699,0.1859,0.0843,turn,0.0000,4.2400,0.0000,nan,nan
0.1152,0.3393,0.0212,stand,0.0000,4.2800,0.0000,nan,nan
0.1594,0.0942,0.2800,combined,1.8019,4.3000,0.1594,-0.1577,0.0232
0.0708,0.5895,0.2183,lateral,0.6571,4.3000,0.0652,-0.0492,0.0510
0.1219,4.0426,0.0397,lateral,0.8836,4.3200,0.1219,-0.1215,0.0099
0.0426,1.0870,0.1369,turn,0.0000,4.3600,0.0000,nan,nan
0.0655,2.5606,0.0984,straight,1.6999,4.4000,0.0655,-0.0506,0.0415
0.1066,3.2122,0.0905,lateral,1.0713,4.4000,0.0185,0.1049,0.0192
0.0722,4.2418,0.0218,stand,0.0000,4.4400,0.0000,nan,nan
0.0224,3.3983,0.0685,lateral,0.1074,4.5000,0.0208,0.0197,0.0106
0.0653,3.2542,0.0607,lateral,1.0027,4.5400,0.0482,-0.0648,0.0086
0.0917,0.1199,0.1549,turn,0.0000,4.5600,0.0000,nan,nan
0.1334,1.9037,0.1306,combined,1.9514,4.5600,0.1334,-0.1317,0.0211
0.0625,0.6900,0.2302,turn,0.0000,4.5800,0.0000,nan,nan
0.1451,1.6612,0.1681,turn,0.0000,4.5800,0.0000,nan,nan
0.0157,2.0965,0.1672,straight,0.1938,4.6200,0.0060,0.0089,0.0129
0.0482,2.7204,0.0485,straight,1.2353,4.3000,0.0269,-0.0017,0.0482
0.0762,2.2105,0.0741,combined,1.2649,4.6400,0.0736,-0.0174,0.0742
0.0566,0.1183,0.0248,lateral,1.2426,4.6400,0.0486,0.0046,0.0564
0.0420,1.4266,0.0859,turn,0.0000,4.6600,0.0000,nan,nan
0.1147,2.5049,0.2246,straight,1.7539,4.6800,0.0894,0.1147,0.0001
0.0911,1.6653,0.0895,combined,1.3948,4.6800,0.0879,-0.0878,0.0241
0.1162,4.5454,0.0461,stand,0.0000,4.6800,0.0000,nan,nan
0.0704,4.9555,0.1786,lateral,0.0784,4.7000,0.0021,0.0598,0.0371
0.0915,0.0377,0.0803,turn,0.0000,4.7000,0.0000,nan,nan
0.1763,0.3041,0.0673,combined,2.0260,4.7400,0.1763,-0.1760,0.0088
0.0660,0.7670,0.1648,combined,0.6314,4.7400,0.0660,-0.0641,0.0156
0.0716,4.3290,0.2346,combined,2.2303,4.7400,0.0574,0.0385,0.0603
0.0366,0.0642,0.0635,combined,1.8282,4.8200,0.0212,-0.0276,0.0241
0.0435,16.8997,0.0097,stand,0.0000,4.8400,0.0000,nan,nan
0.0516,4.8768,0.1282,straight,0.2165,4.9200,0.0010,0.0200,0.0475
0.1517,4.4060,0.1422,straight,0.3731,4.9200,0.1024,-0.0288,0.1490
0.0505,0.2958,0.0637,combined,1.6430,4.9200,0.0505,-0.0180,0.0472
0.0205,5.3589,0.0805,turn,0.0000,4.9400,0.0000,nan,nan
0.0340,1.9288,0.1328,straight,0.3857,4.9400,0.0026,0.0025,0.0339
0.0612,2.4749,0.0736,combined,0.8848,4.9400,0.0571,-0.0023,0.0612
0.0454,2.8274,0.0437,combined,2.2468,4.9600,0.0454,-0.0394,0.0226
0.0607,1.3454,0.0852,combined,1.1229,4.9800,0.0434,-0.0445,0.0412
0.0309,1.5710,0.0313,straight,0.7089,4.9800,0.0221,0.0229,0.0207
0.0288,2.2225,0.2247,lateral,0.8303,4.9400,0.0180,0.0124,0.0259
0.0957,2.7808,0.1529,combined,1.5727,5.0000,0.0957,-0.0956,0.0034
0.0191,3.2231,0.0663,turn,0.0000,5.0200,0.0000,nan,nan
0.1208,2.7710,0.1859,straight,0.8889,5.0200,0.0857,0.0905,0.0799
0.0342,0.1316,0.1756,turn,0.0000,5.0200,0.0000,nan,nan
0.0968,2.8691,0.0813,lateral,1.1165,5.0400,0.0964,-0.0775,0.0580
0.1020,3.6524,0.2403,lateral,1.2200,5.0400,0.0847,-0.0890,0.0498
0.0856,5.5372,0.1083,combined,1.8037,5.0400,0.0850,-0.0820,0.0246
0.0386,5.6382,0.2088,lateral,0.8757,5.0400,0.0275,-0.0128,0.0364
0.1277,1.4786,0.1984,combined,1.8004,5.0200,0.1277,-0.1025,0.0761
0.1849,1.6831,0.1610,straight,0.6830,5.0600,0.1845,-0.1804,0.0406
0.0345,0.6735,0.0264,turn,0.0000,5.0800,0.0000,nan,nan
0.1175,0.0054,0.1689,straight,1.7637,5.0800,0.1175,-0.1135,0.0303
0.0510,0.5441,0.1096,turn,0.0000,5.0600,0.0000,nan,nan
0.0515,4.7321,0.2826,turn,0.0000,4.0800,0.0000,nan,nan
0.0938,4.7531,0.0210,stand,0.0000,5.1400,0.0000,nan,nan
0.0156,2.9274,0.0140,straight,1.0609,5.1400,0.0156,0.0036,0.0152
0.1109,0.7899,0.1211,turn,0.0000,5.1800,0.0000,nan,nan
0.1050,0.7860,0.0457,stand,0.0000,5.2000,0.0000,nan,nan
0.1389,2.6087,0.0311,combined,1.4774,5.2200,0.0855,0.1059,0.0900
0.1985,0.8153,0.2339,straight,1.7184,5.2200,0.1985,-0.1587,0.1192
0.0270,0.2602,0.0476,lateral,0.1212,5.2200,0.0144,0.0012,0.0269
0.0757,11.1916,0.0363,stand,0.0000,5.2200,0.0000,nan,nan
0.0633,2.8157,0.1023,turn,0.0000,5.2200,0.0000,nan,nan
0.0424,2.1519,0.0325,lateral,0.8902,5.2400,0.0133,-0.0342,0.0250
0.1320,7.6991,0.2036,straight,0.8903,5.2400,0.1220,-0.0633,0.1159
0.0810,3.0962,0.2357,straight,0.5445,5.2600,0.0445,0.0695,0.0416
0.0480,2.7603,0.0866,straight,0.8389,5.2600,0.0062,0.0378,0.0296
0.0102,0.8312,0.0475,lateral,1.4712,5.2800,0.0102,-0.0101,0.0013
0.0897,0.4235,0.0667,combined,0.2775,5.3000,0.0598,-0.0885,0.0148
0.1222,2.9211,0.0208,lateral,1.1104,5.3200,0.0750,0.0852,0.0875
0.1004,4.2314,0.0186,straight,1.3823,5.3600,0.0981,-0.1004,0.0013
0.1206,2.5463,0.0321,turn,0.0000,5.4000,0.0000,nan,nan
0.0504,3.0153,0.0233,stand,0.0000,5.4000,0.0000,nan,nan
0.0024,4.1844,0.1812,straight,1.0037,5.4400,0.0024,-0.0005,0.0023
0.1056,1.4384,0.0295,stand,0.0000,5.4600,0.0000,nan,nan
0.0663,1.7267,0.0777,lateral,0.1080,5.4600,0.0341,0.0246,0.0615
0.0551,2.0742,0.1177,combined,1.8147,5.4800,0.0350,0.0180,0.0521
0.0617,1.1187,0.0502,turn,0.0000,5.4800,0.0000,nan,nan
0.0672,2.2753,0.0197,straight,0.8351,5.4400,0.0672,-0.0670,0.0061
0.1537,6.8439,0.2020,turn,0.0000,5.5000,0.0000,nan,nan
0.0996,1.3820,0.2572,turn,0.0000,5.4600,0.0000,nan,nan
0.1388,0.7241,0.0691,lateral,1.3316,5.5000,0.1199,-0.1386,0.0057
0.0596,1.2509,0.2533,combined,1.5411,5.4800,0.0465,0.0253,0.0540
0.0197,2.9257,0.0438,lateral,1.1869,5.5400,0.0186,-0.0105,0.0167
0.0436,1.3387,0.0468,turn,0.0000,5.5800,0.0000,nan,nan
0.0373,3.5136,0.0553,lateral,0.1772,5.6000,0.0164,-0.0359,0.0099
0.0884,4.9694,0.1705,straight,0.8908,5.6200,0.0869,-0.0872,0.0146
0.1223,1.9996,0.0295,stand,0.0000,5.6400,0.0000,nan,nan
0.1235,4.2934,0.1447,straight,1.8465,5.6600,0.1235,-0.1177,0.0376
0.0592,3.9519,0.2591,combined,2.1263,5.6800,0.0592,-0.0391,0.0444
0.0708,0.6958,0.1049,combined,2.1895,5.7000,0.0090,0.0532,0.0466
0.0990,2.3774,0.0669,turn,0.0000,5.7400,0.0000,nan,nan
0.0314,1.3473,0.2194,combined,1.3607,5.7400,0.0166,0.0012,0.0314
0.0993,3.4105,0.1663,combined,1.3069,5.7200,0.0991,-0.0931,0.0346
0.1833,5.5485,0.0507,combined,1.5460,5.7600,0.1833,-0.1706,0.0672
0.0771,4.2157,0.0647,combined,1.9670,5.8200,0.0607,-0.0005,0.0771
0.0423,4.7580,0.1354,lateral,1.0826,5.8200,0.0030,-0.0078,0.0416
0.1449,1.0370,0.2059,straight,1.3390,5.8600,0.0445,0.1449,0.0010
0.0823,0.4429,0.1670,straight,0.2416,5.8800,0.0736,-0.0756,0.0326
0.0632,0.0511,0.0210,straight,0.6976,5.8800,0.0605,-0.0603,0.0189
0.1067,0.4195,0.2220,turn,0.0000,5.9200,0.0000,nan,nan
0.0390,4.3993,0.1030,combined,0.8384,5.9400,0.0014,0.0294,0.0256
0.0617,1.9726,0.0245,combined,1.4497,5.9600,0.0617,-0.0440,0.0433
0.0401,2.6436,0.2656,straight,1.0430,5.9600,0.0156,-0.0162,0.0367
0.1005,1.5410,0.1168,straight,1.7206,5.9800,0.0146,0.1002,0.0083
0.0556,0.7507,0.0198,stand,0.0000,6.0000,0.0000,nan,nan
0.0802,2.6708,0.2928,combined,1.2624,6.0000,0.0696,-0.0792,0.0126
0.1610,0.4747,0.1117,turn,0.0000,6.0200,0.0000,nan,nan
0.0757,0.0154,0.0681,combined,1.8440,6.0200,0.0737,-0.0659,0.0374
0.0605,0.9259,0.2009,combined,0.5967,6.0200,0.0181,-0.0354,0.0490
0.0620,4.9523,0.0102,stand,0.0000,6.0400,0.0000,nan,nan
0.0544,2.4184,0.1346,combined,1.2854,6.0400,0.0529,-0.0527,0.0135
0.0919,2.9949,0.0645,combined,2.0574,6.0600,0.0784,-0.0852,0.0343
0.1176,1.1985,0.0802,straight,1.9969,6.0600,0.1176,-0.0271,0.1144
0.0451,4.5222,0.2173,straight,0.8939,6.0800,0.0217,0.0360,0.0272
0.0732,0.3065,0.0798,turn,0.0000,6.0800,0.0000,nan,nan
0.0758,5.0936,0.0862,combined,0.7482,6.0800,0.0085,0.0753,0.0080
0.0837,6.5595,0.1919,lateral,0.0165,6.0800,0.0044,0.0272,0.0792
0.0320,3.8607,0.0951,lateral,0.1964,6.0800,0.0029,0.0300,0.0113
0.0809,1.9387,0.0319,stand,0.0000,6.1200,0.0000,nan,nan
0.0701,1.4310,0.0680,combined,1.5457,6.1200,0.0691,-0.0511,0.0479
0.0571,3.5605,0.0177,stand,0.0000,6.1400,0.0000,nan,nan
0.1038,3.5509,0.1075,combined,1.6792,6.1600,0.0878,-0.0351,0.0977
0.0517,1.6679,0.2226,lateral,0.2988,6.1600,0.0399,-0.0313,0.0411
0.1116,1.2073,0.1196,turn,0.0000,6.1600,0.0000,nan,nan
0.0972,0.9152,0.1868,straight,1.6875,6.1800,0.0869,-0.0860,0.0453
0.0131,4.2393,0.1094,combined,1.7128,6.2000,0.0023,-0.0130,0.0008
0.0563,4.5100,0.0806,combined,1.0915,5.2600,0.0016,0.0381,0.0415
0.0442,1.2346,0.2015,straight,0.0419,6.2200,0.0231,0.0071,0.0437
0.0520,1.3253,0.0475,combined,1.4023,6.3000,0.0163,-0.0030,0.0519
0.0739,1.8278,0.0494,combined,2.0050,6.3400,0.0022,0.0726,0.0138
0.1143,3.7701,0.1384,straight,0.5557,6.3600,0.0587,-0.1141,0.0067
0.1669,0.5393,0.0306,turn,0.0000,6.3600,0.0000,nan,nan
0.0512,4.0398,0.1643,straight,1.9397,6.3800,0.0434,-0.0183,0.0479
0.1599,0.7722,0.1826,straight,0.3124,6.4000,0.0948,0.0051,0.1598
0.1362,0.1680,0.0649,combined,1.1708,6.4000,0.1334,-0.1362,0.0011
0.0275,5.6790,0.1589,turn,0.0000,6.4000,0.0000,nan,nan
0.0514,4.4231,0.1580,lateral,0.9107,6.4400,0.0040,0.0391,0.0334
0.0291,2.7227,0.0381,turn,0.0000,6.4400,0.0000,nan,nan
0.1293,0.1804,0.0215,combined,1.4223,6.4400,0.1260,-0.1010,0.0807
0.0713,1.9436,0.0060,stand,0.0000,6.4800,0.0000,nan,nan
0.0600,1.0591,0.1160,straight,0.7455,6.5000,0.0032,0.0120,0.0587
0.0809,4.1806,0.0734,straight,1.1396,6.5000,0.0613,-0.0622,0.0519
0.0255,1.5139,0.2341,lateral,0.5918,6.4800,0.0251,0.0100,0.0235
0.0284,5.6503,0.1855,turn,0.0000,6.5400,0.0000,nan,nan
0.0673,4.5624,0.0116,combined,1.7853,6.5400,0.0440,-0.0403,0.0539
0.0505,1.9327,0.0225,lateral,1.3970,6.5600,0.0393,0.0072,0.0499
0.0644,1.6610,0.1354,straight,0.1738,6.5800,0.0475,-0.0482,0.0427
0.1073,3.5030,0.0286,straight,1.0193,6.5800,0.0741,0.0124,0.1066
0.0477,1.7320,0.0286,combined,2.3402,6.6000,0.0363,-0.0476,0.0031
0.1368,0.8675,0.0645,lateral,1.2345,6.6000,0.1099,-0.1236,0.0588
0.1089,0.5041,0.0198,turn,0.0000,6.6200,0.0000,nan,nan
0.0939,1.7100,0.2056,combined,1.9594,6.6200,0.0939,-0.0917,0.0205
0.0586,0.8928,0.1036,combined,0.6905,6.6200,0.0129,0.0563,0.0162
0.1893,1.8306,0.0908,lateral,0.5015,6.6400,0.1411,-0.1799,0.0589
0.0277,0.2545,0.1091,combined,1.1441,6.6400,0.0163,0.0236,0.0145
0.0965,0.9430,0.0572,combined,2.0662,6.6000,0.0414,0.0463,0.0847
0.0835,2.1829,0.0120,stand,0.0000,6.6600,0.0000,nan,nan
0.0881,1.7792,0.1810,turn,0.0000,6.6600,0.0000,nan,nan
0.0288,5.1610,0.1013,straight,0.9124,6.6400,0.0204,-0.0255,0.0134
0.0023,0.0017,0.1459,combined,1.4634,6.6400,0.0013,0.0018,0.0015
0.0725,0.9250,0.0218,straight,0.0271,6.7200,0.0271,-0.0699,0.0192
0.1414,0.2129,0.0538,combined,1.1070,6.7200,0.1308,-0.1087,0.0904
0.1283,1.9033,0.0989,combined,1.5274,6.7200,0.0996,0.1129,0.0609
0.1853,5.7878,0.1208,turn,0.0000,6.7400,0.0000,nan,nan
0.0403,3.8847,0.0668,turn,0.0000,6.8000,0.0000,nan,nan
0.0429,5.5012,0.2158,straight,0.7620,6.8200,0.0035,0.0250,0.0349
0.0706,2.3162,0.1635,straight,0.9888,6.8600,0.0488,-0.0703,0.0063
0.0903,2.5630,0.2048,combined,0.8126,6.8600,0.0870,-0.0501,0.0752
0.0856,0.5417,0.0365,turn,0.0000,6.8800,0.0000,nan,nan
0.0947,3.4882,0.2442,lateral,1.1001,6.8800,0.0709,0.0463,0.0826
0.0806,0.4663,0.0519,turn,0.0000,6.9200,0.0000,nan,nan
0.0581,0.2062,0.0779,combined,2.1716,6.9400,0.0570,-0.0581,0.0009
0.0366,0.5905,0.0607,combined,0.3738,6.9600,0.0033,0.0364,0.0038
0.0628,1.3956,0.0622,turn,0.0000,6.9800,0.0000,nan,nan
0.0971,0.7106,0.1732,turn,0.0000,6.9800,0.0000,nan,nan
0.0748,1.9314,0.0488,combined,0.6487,7.0000,0.0095,0.0488,0.0567
0.0728,2.0935,0.0080,lateral,0.0517,7.0200,0.0019,-0.0665,0.0296
0.1540,3.7977,0.0591,straight,1.9097,7.0400,0.0223,0.0389,0.1490
0.0366,1.8930,0.0540,combined,2.2841,7.0400,0.0318,-0.0006,0.0366
0.0890,4.2518,0.1083,straight,1.3757,7.0600,0.0758,-0.0570,0.0684
0.0637,3.2129,0.0428,straight,1.8428,7.0600,0.0366,0.0001,0.0637
0.0567,3.6284,0.1876,combined,0.7827,7.0800,0.0013,0.0549,0.0140
0.0444,0.2552,0.2412,straight,1.5488,7.0800,0.0240,0.0409,0.0172
0.0497,1.1245,0.2358,combined,0.5143,5.8400,0.0421,-0.0495,0.0044
0.0313,0.5753,0.0808,lateral,0.3343,7.1000,0.0196,0.0268,0.0162
0.1094,2.1503,0.2052,combined,1.0453,7.1000,0.0174,0.1092,0.0063
0.0642,4.1045,0.2171,combined,1.0788,7.1400,0.0062,0.0636,0.0086
0.0449,0.1127,0.0861,lateral,1.4974,7.1600,0.0358,-0.0008,0.0449
0.0995,0.3042,0.1500,combined,1.7283,7.1200,0.0951,-0.0987,0.0120
0.1502,0.5617,0.1441,lateral,0.0486,7.1200,0.0277,0.1355,0.0648
0.1650,1.3255,0.0696,lateral,0.8189,7.1800,0.0257,0.1650,0.0017
0.0540,2.7699,0.1389,straight,1.5155,7.1800,0.0540,-0.0077,0.0534
0.1081,2.1309,0.0538,combined,1.8273,7.1800,0.0419,0.0355,0.1021
0.2015,0.1467,0.0637,straight,1.9534,7.2000,0.1883,-0.1458,0.1391
0.0658,0.3658,0.1500,combined,1.5924,6.5200,0.0643,-0.0459,0.0472
0.0526,8.6005,0.1204,stand,0.0000,7.2200,0.0000,nan,nan
0.1316,6.6575,0.0426,combined,0.4022,7.2800,0.1150,-0.1154,0.0633
0.0989,0.7735,0.0371,combined,2.1699,7.2800,0.0911,-0.0554,0.0819
0.1409,2.2707,0.0137,lateral,1.4832,7.2800,0.0824,-0.1408,0.0055
0.1212,1.3313,0.2090,combined,1.4863,7.2800,0.0711,0.0945,0.0759
0.1183,0.6392,0.0202,straight,1.5722,7.3000,0.0587,0.0198,0.1167
0.0859,1.6511,0.1483,lateral,1.3825,7.3000,0.0752,-0.0517,0.0686
0.7257,10.2150,0.0340,stand,0.0000,7.3200,0.0000,nan,nan
0.0919,5.1720,0.2304,turn,0.0000,7.3200,0.0000,nan,nan
0.0370,1.9901,0.1335,straight,1.8424,7.3200,0.0030,0.0370,0.0017
0.0435,0.2636,0.1514,lateral,0.4341,7.3400,0.0103,0.0392,0.0188
0.0890,2.8207,0.2273,straight,0.2702,7.3400,0.0433,0.0099,0.0884
0.0516,2.9671,0.0825,turn,0.0000,7.3600,0.0000,nan,nan
0.0197,1.0251,0.1410,combined,2.3311,7.3200,0.0054,0.0192,0.0042
0.0971,1.7887,0.0694,lateral,0.6431,7.4000,0.0135,0.0937,0.0257
0.0213,0.4466,0.1342,lateral,0.8499,7.4200,0.0098,0.0109,0.0184
0.0893,1.7478,0.2390,straight,0.9354,7.4600,0.0893,-0.0877,0.0169
0.0655,3.5309,0.2457,turn,0.0000,7.5000,0.0000,nan,nan
0.0750,0.4039,0.2039,lateral,1.4823,7.5200,0.0737,0.0118,0.0741
0.0139,2.8563,0.1742,lateral,0.2001,7.5400,0.0065,0.0046,0.0131
0.1175,0.7045,0.2046,turn,0.0000,7.6400,0.0000,nan,nan
0.1471,4.0057,0.1685,lateral,0.2201,7.6400,0.1024,-0.1109,0.0968
0.0453,2.3759,0.1363,lateral,1.2433,7.6000,0.0254,-0.0453,0.0023
0.0663,1.4741,0.0785,combined,1.2914,7.7000,0.0431,-0.0638,0.0181
0.0763,3.0867,0.0576,turn,0.0000,7.7200,0.0000,nan,nan
0.0914,3.8407,0.0557,straight,0.4000,7.7200,0.0460,-0.0543,0.0735
0.0732,7.0243,0.0616,straight,1.6677,7.7400,0.0163,0.0732,0.0003
0.0365,0.0954,0.2497,turn,0.0000,7.7400,0.0000,nan,nan
0.1509,0.3359,0.0535,lateral,1.1995,7.7400,0.0809,0.1185,0.0935
0.0645,6.8126,0.0506,stand,0.0000,7.7600,0.0000,nan,nan
0.0575,1.8907,0.0256,straight,1.0776,7.8000,0.0193,0.0042,0.0573
0.0258,4.1734,0.1071,turn,0.0000,7.8200,0.0000,nan,nan
0.0829,2.3682,0.1106,turn,0.0000,7.8400,0.0000,nan,nan
0.0206,2.1951,0.2555,lateral,0.1496,7.8000,0.0095,0.0048,0.0201
0.0168,7.2724,0.1065,turn,0.0000,7.8200,0.0000,nan,nan
0.2127,0.4137,0.0294,turn,0.0000,7.8600,0.0000,nan,nan
0.0850,1.5190,0.0406,stand,0.0000,7.8600,0.0000,nan,nan
0.0651,2.1266,0.2398,lateral,1.0033,7.8600,0.0336,-0.0193,0.0622
0.0342,3.4278,0.2271,combined,2.3447,7.9200,0.0302,0.0012,0.0342
0.0781,4.3703,0.0771,turn,0.0000,7.9400,0.0000,nan,nan
0.2247,2.2470,0.1622,combined,0.9903,7.9800,0.0528,0.2247,0.0040
0.0406,0.1056,0.0483,lateral,1.0950,4.2400,0.0405,-0.0175,0.0366
0.0688,2.5196,0.0486,lateral,0.8192,4.2000,0.0524,-0.0621,0.0297
0.0834,0.7189,0.1518,combined,1.3516,7.4000,0.0759,-0.0315,0.0772
0.0524,2.0928,0.1520,combined,0.2110,4.4600,0.0524,0.0157,0.0500
0.1432,1.5552,0.0330,lateral,0.6028,4.0600,0.1081,0.0537,0.1327
0.0969,5.6603,0.0438,lateral,0.9134,4.4200,0.0969,-0.0964,0.0097
0.0408,1.4742,0.1013,lateral,1.0929,4.2400,0.0374,0.0221,0.0342
0.0655,1.1561,0.1456,turn,0.0000,4.5600,0.0000,nan,nan
0.1326,3.4371,0.3079,lateral,1.4608,4.1200,0.1326,-0.1111,0.0724
0.0755,2.1409,0.0360,lateral,0.9075,4.8600,0.0755,-0.0718,0.0234
0.1278,2.8538,0.2025,turn,0.0000,5.0600,0.0000,nan,nan
0.0153,2.3305,0.0972,lateral,1.0415,5.1200,0.0153,-0.0038,0.0148
0.0884,1.1800,0.0251,straight,1.0906,4.2600,0.0884,-0.0875,0.0125
0.0997,2.0187,0.0722,combined,1.5623,4.2400,0.0968,0.0275,0.0958
0.0227,2.1687,0.0159,stand,0.0000,5.0800,0.0000,nan,nan
0.1395,2.5625,0.0267,turn,0.0000,4.3200,0.0000,nan,nan
0.0193,3.3695,0.1169,lateral,1.1648,4.3800,0.0167,0.0118,0.0153
0.1476,3.2153,0.1248,combined,1.8468,4.0600,0.1476,-0.1373,0.0542
0.0902,0.1131,0.0746,combined,2.3586,4.8200,0.0700,0.0215,0.0876
0.0097,3.0473,0.0188,turn,0.0000,4.4400,0.0000,nan,nan
0.1426,0.1412,0.0432,lateral,1.2073,4.3000,0.0510,0.1153,0.0838
0.0164,1.1035,0.0642,combined,1.1824,5.2600,0.0086,-0.0025,0.0162
0.1263,3.4265,0.0712,straight,1.9958,5.3600,0.1263,-0.1258,0.0120
0.0174,0.3186,0.0102,turn,0.0000,5.0000,0.0000,nan,nan
0.0977,2.5836,0.0096,stand,0.0000,4.9200,0.0000,nan,nan
0.0375,1.6915,0.1253,straight,0.3374,4.3800,0.0284,-0.0287,0.0241
0.0613,2.8749,0.0540,straight,1.5186,4.7200,0.0517,-0.0090,0.0606
0.0309,0.4918,0.0275,turn,0.0000,4.4800,0.0000,nan,nan
0.0285,4.0002,0.1055,combined,1.6867,5.5400,0.0285,-0.0120,0.0258
0.0518,1.4964,0.1915,combined,2.3533,5.1400,0.0518,-0.0377,0.0355
0.1518,0.1757,0.1597,turn,0.0000,5.0000,0.0000,nan,nan
0.0976,1.8713,0.0114,combined,1.2199,5.0800,0.0841,-0.0217,0.0952
0.0495,0.8223,0.0555,turn,0.0000,5.0200,0.0000,nan,nan
0.0452,1.1389,0.0926,combined,1.2028,5.1400,0.0284,0.0032,0.0451
0.0493,2.7177,0.0415,combined,1.5299,6.0000,0.0471,0.0051,0.0490
0.0157,0.9111,0.1532,turn,0.0000,4.5400,0.0000,nan,nan
0.0922,1.4608,0.1906,combined,0.4965,6.1200,0.0827,-0.0862,0.0326
0.0395,0.1407,0.2489,combined,1.5995,5.1400,0.0395,-0.0385,0.0087
0.0685,1.7164,0.1247,turn,0.0000,4.6800,0.0000,nan,nan
0.0419,0.1083,0.0644,turn,0.0000,4.1200,0.0000,nan,nan
0.1440,1.3960,0.0410,combined,1.5499,6.2000,0.0025,0.1382,0.0402
0.1293,3.3377,0.0784,turn,0.0000,4.1600,0.0000,nan,nan
0.1010,0.5167,0.0954,straight,1.6090,4.4800,0.1010,-0.1002,0.0122
0.0868,10.2947,0.0367,stand,0.0000,4.9000,0.0000,nan,nan
0.1513,1.7388,0.0496,combined,1.3302,5.3800,0.0591,0.1437,0.0472
0.0283,2.8361,0.0965,combined,0.9683,5.9800,0.0025,0.0274,0.0069
0.0446,1.1545,0.2425,lateral,0.3936,5.9600,0.0341,-0.0188,0.0404
0.0262,1.1473,0.2114,lateral,0.4815,6.4600,0.0027,0.0221,0.0141
0.0735,3.8931,0.0606,combined,2.1493,4.9000,0.0626,-0.0433,0.0594
0.0859,6.1568,0.0936,turn,0.0000,5.2200,0.0000,nan,nan
0.0245,4.0314,0.1369,turn,0.0000,4.0400,0.0000,nan,nan
0.1149,0.5609,0.0258,combined,0.9541,5.4200,0.0576,-0.0229,0.1126
0.0875,3.1939,0.2196,combined,0.4405,5.5400,0.0085,0.0858,0.0174
0.0566,0.6888,0.1272,turn,0.0000,5.4200,0.0000,nan,nan
0.0470,1.9210,0.1864,straight,1.0267,6.0800,0.0101,0.0389,0.0263
0.1379,1.3520,0.1544,lateral,0.1410,6.0000,0.1313,-0.0906,0.1039
0.0420,6.3694,0.0499,combined,0.8982,5.7800,0.0235,0.0015,0.0419
0.0477,3.1469,0.1811,straight,0.7555,5.2200,0.0028,0.0437,0.0190
0.0619,2.7931,0.0075,combined,0.2834,6.2600,0.0343,0.0386,0.0483
0.0884,6.1336,0.1049,combined,1.7599,4.9200,0.0884,-0.0857,0.0220
0.0517,1.5875,0.2760,lateral,1.2063,4.2200,0.0517,-0.0355,0.0376
0.0548,7.3671,0.1013,turn,0.0000,5.6800,0.0000,nan,nan
0.1002,5.9927,0.0728,turn,0.0000,5.0400,0.0000,nan,nan
0.0762,6.0956,0.0897,turn,0.0000,6.1200,0.0000,nan,nan
0.0441,3.3477,0.0774,turn,0.0000,6.6600,0.0000,nan,nan
0.0627,1.4328,0.2617,turn,0.0000,6.8600,0.0000,nan,nan
0.0897,1.1536,0.0482,turn,0.0000,4.0400,0.0000,nan,nan
0.0974,2.7570,0.1020,combined,2.1860,6.5400,0.0561,0.0380,0.0897
0.1205,0.4100,0.0626,straight,0.4061,4.8000,0.1052,-0.1031,0.0624
0.1432,0.1236,0.0375,turn,0.0000,5.6000,0.0000,nan,nan
0.1105,0.7452,0.0618,combined,0.5479,4.9000,0.1099,-0.0496,0.0988
0.0749,1.0610,0.1473,combined,1.5806,5.5600,0.0749,-0.0716,0.0220
0.0345,3.2262,0.2022,lateral,0.2707,6.3800,0.0201,-0.0302,0.0167
0.0761,1.5446,0.0434,combined,0.8251,6.8600,0.0604,0.0166,0.0742
0.0687,0.6743,0.0896,combined,0.4281,6.3600,0.0454,-0.0140,0.0673
0.1803,0.2732,0.0296,straight,0.4569,4.6400,0.1612,-0.0102,0.1800
0.0910,2.1708,0.0214,lateral,0.0126,5.7800,0.0062,-0.0336,0.0846
0.0492,3.1110,0.1297,turn,0.0000,6.0400,0.0000,nan,nan
0.0912,5.4403,0.0961,combined,1.8394,6.1600,0.0850,-0.0909,0.0069
0.0296,5.3819,0.0422,stand,0.0000,5.3000,0.0000,nan,nan
0.1083,0.7768,0.0292,lateral,1.2455,5.1200,0.1082,-0.0751,0.0781
0.0352,1.2839,0.0371,stand,0.0000,6.8400,0.0000,nan,nan
0.0781,0.0476,0.1249,lateral,1.3993,4.9400,0.0628,0.0296,0.0722
0.1174,0.9577,0.0657,turn,0.0000,7.0200,0.0000,nan,nan
0.0481,0.8395,0.0359,lateral,0.2334,6.5000,0.0105,0.0401,0.0267
0.0689,1.3410,0.0375,lateral,0.0566,6.9000,0.0285,0.0388,0.0569
0.0633,3.4475,0.0508,straight,1.8682,4.3800,0.0633,-0.0620,0.0130
0.0735,1.8596,0.1536,lateral,0.1527,6.1800,0.0419,0.0121,0.0725
0.1249,5.8454,0.1763,combined,2.1822,6.0000,0.1249,-0.0487,0.1151
0.1588,3.1204,0.1903,lateral,0.4799,7.1200,0.1314,-0.1123,0.1123
0.0749,0.9025,0.0472,turn,0.0000,5.3800,0.0000,nan,nan
0.0694,3.2512,0.1702,combined,1.2869,6.3200,0.0694,-0.0623,0.0305
0.0900,4.5979,0.0263,stand,0.0000,6.7400,0.0000,nan,nan
0.0878,2.3230,0.2586,combined,0.9848,5.8800,0.0756,-0.0786,0.0391
0.0336,4.5738,0.2021,turn,0.0000,5.7800,0.0000,nan,nan
0.0539,3.2766,0.0495,lateral,0.5701,4.7800,0.0424,-0.0536,0.0060
0.1297,6.1198,0.2091,lateral,0.7178,5.9200,0.0426,0.0988,0.0840
0.1812,2.4766,0.1290,combined,2.0010,4.3800,0.1804,-0.1720,0.0570
0.0548,3.8798,0.1794,straight,1.1991,4.7600,0.0529,-0.0493,0.0240
0.0549,3.6736,0.0861,turn,0.0000,6.1800,0.0000,nan,nan
0.0407,6.3383,0.0164,stand,0.0000,5.9200,0.0000,nan,nan
0.0539,1.2905,0.0239,combined,0.6666,4.0400,0.0155,0.0369,0.0393
0.0771,5.8847,0.1104,lateral,0.5107,4.5000,0.0637,-0.0770,0.0030
0.0794,2.1083,0.0902,straight,0.4041,5.4000,0.0747,-0.0668,0.0430
0.1933,2.0268,0.2028,combined,1.4690,4.7800,0.1933,-0.1612,0.1067
0.1135,2.5229,0.0262,combined,1.8677,4.4800,0.1035,-0.0697,0.0896
0.0623,0.4089,0.0728,straight,1.3126,4.2400,0.0436,-0.0268,0.0562
0.0856,4.3281,0.0678,straight,0.0794,6.9600,0.0506,0.0100,0.0851
0.0339,0.0186,0.0275,turn,0.0000,4.2200,0.0000,nan,nan
0.0466,1.7215,0.2018,straight,1.7667,5.0400,0.0466,-0.0465,0.0031
0.0722,0.6386,0.1783,combined,1.4998,5.4000,0.0710,-0.0434,0.0577
0.0652,4.8625,0.2194,straight,1.6774,5.0600,0.0650,-0.0651,0.0025
0.1426,0.1982,0.1839,combined,1.5248,5.7600,0.1426,-0.1397,0.0289
0.0491,3.9487,0.1100,lateral,0.6360,7.2200,0.0457,-0.0357,0.0337
0.0329,3.1132,0.0697,lateral,0.6109,7.6000,0.0216,0.0179,0.0276
0.1139,1.9545,0.0394,straight,1.6483,5.2200,0.1120,-0.0756,0.0851
0.0248,3.6813,0.0383,stand,0.0000,5.3200,0.0000,nan,nan
0.0398,2.5390,0.2479,straight,1.7360,4.8000,0.0398,-0.0144,0.0371
0.0700,0.0260,0.1913,turn,0.0000,4.7400,0.0000,nan,nan
0.1147,1.1919,0.0221,turn,0.0000,5.6400,0.0000,nan,nan
0.1569,2.3629,0.0266,stand,0.0000,6.8200,0.0000,nan,nan
0.0947,0.4378,0.0445,straight,0.7462,4.8200,0.0934,-0.0935,0.0146
0.0735,2.3664,0.0361,combined,1.1308,4.5000,0.0735,-0.0734,0.0029
0.0395,1.9705,0.0317,lateral,0.6398,6.9000,0.0169,-0.0272,0.0286
0.0048,0.1425,0.0099,stand,0.0000,6.5200,0.0000,nan,nan
0.0672,1.4645,0.0251,stand,0.0000,4.4200,0.0000,nan,nan
0.1545,0.3821,0.0526,combined,1.4961,6.0000,0.1545,-0.0934,0.1231
0.1108,2.2643,0.1816,straight,1.6463,4.5600,0.1108,-0.1053,0.0344
0.0819,4.1416,0.0416,stand,0.0000,5.3400,0.0000,nan,nan
0.0517,4.4278,0.0214,stand,0.0000,4.6800,0.0000,nan,nan
0.0573,2.6253,0.0504,straight,1.6994,4.7200,0.0573,-0.0500,0.0282
0.0921,2.4998,0.2424,combined,1.4847,5.9600,0.0921,-0.0916,0.0096
0.0522,2.3500,0.1415,turn,0.0000,6.3000,0.0000,nan,nan
0.0920,7.8945,0.1836,lateral,0.3926,4.3200,0.0750,-0.0407,0.0825
0.0226,2.0012,0.0531,combined,1.9530,6.0400,0.0127,0.0117,0.0193
0.1482,3.9710,0.2278,combined,2.0977,6.8800,0.1371,-0.1298,0.0715
0.0684,0.3257,0.1103,combined,1.4952,6.1600,0.0663,-0.0559,0.0394
0.0363,0.8620,0.0170,combined,2.1890,7.2200,0.0188,-0.0074,0.0355
0.0992,0.5985,0.2074,combined,1.6499,6.7400,0.0702,0.0389,0.0913
0.0807,3.1563,0.1369,lateral,0.9467,6.7000,0.0161,0.0500,0.0633
0.0231,4.0255,0.1885,lateral,1.1535,4.3600,0.0175,0.0231,0.0004
0.0330,3.4438,0.2769,combined,0.7235,5.1400,0.0304,-0.0329,0.0017
0.1639,3.3247,0.1807,turn,0.0000,5.5000,0.0000,nan,nan
0.2117,0.1594,0.0480,combined,1.8614,4.7200,0.2117,-0.1985,0.0736
0.0483,4.4261,0.0278,stand,0.0000,5.9200,0.0000,nan,nan
0.0976,0.8465,0.1860,lateral,0.4148,4.8000,0.0834,-0.0859,0.0464
0.0722,4.1677,0.0263,combined,1.9529,5.5800,0.0715,0.0720,0.0054
0.0057,3.5492,0.0354,stand,0.0000,7.0800,0.0000,nan,nan
0.0371,4.0875,0.1558,lateral,0.3099,4.4000,0.0105,-0.0370,0.0016
0.1549,2.5963,0.2308,lateral,1.3787,5.2800,0.1034,-0.1492,0.0416
0.1264,0.0573,0.0731,lateral,0.0594,7.1200,0.0164,0.0336,0.1218
0.1144,0.7448,0.0394,combined,1.1227,5.2000,0.1144,-0.0712,0.0895
0.0664,2.9623,0.0281,straight,1.5321,6.3400,0.0652,-0.0606,0.0271
0.0504,1.4141,0.0854,combined,0.9090,4.6000,0.0480,0.0265,0.0429
0.0867,0.2639,0.0526,straight,1.2191,7.5600,0.0621,0.0046,0.0866
0.0298,4.1092,0.0412,turn,0.0000,7.8200,0.0000,nan,nan
0.0691,0.2040,0.0543,turn,0.0000,4.6600,0.0000,nan,nan
0.1017,1.4057,0.1527,lateral,1.0347,7.7800,0.0966,-0.0866,0.0533
0.0947,1.0221,0.1360,turn,0.0000,6.5400,0.0000,nan,nan
0.1689,12.3929,0.0174,stand,0.0000,5.1800,0.0000,nan,nan
0.0338,1.5722,0.2175,straight,0.2876,4.8400,0.0338,-0.0264,0.0211
0.0278,0.4688,0.0454,combined,1.9835,5.9800,0.0236,-0.0207,0.0185
0.1701,2.1496,0.0192,stand,0.0000,5.2000,0.0000,nan,nan
0.0096,0.7691,0.0196,stand,0.0000,6.0200,0.0000,nan,nan
0.1524,0.6841,0.1960,turn,0.0000,4.7600,0.0000,nan,nan
0.0578,0.4219,0.0167,lateral,0.0976,4.8200,0.0373,0.0423,0.0394
0.0402,0.9639,0.1931,straight,0.7883,6.4800,0.0394,-0.0252,0.0313
0.1345,5.8430,0.0101,stand,0.0000,5.3600,0.0000,nan,nan
0.0611,2.3072,0.0385,combined,0.6314,7.1200,0.0165,0.0569,0.0222
0.0799,1.7318,0.2240,combined,1.5746,7.9000,0.0619,-0.0749,0.0278
0.0668,7.6668,0.0276,stand,0.0000,6.9200,0.0000,nan,nan
0.0483,0.2717,0.1583,straight,0.6475,6.2800,0.0273,-0.0108,0.0471
0.0946,4.0527,0.2134,turn,0.0000,6.5400,0.0000,nan,nan
0.0505,3.8161,0.1687,straight,1.8947,7.0600,0.0487,-0.0400,0.0308
0.0544,4.3966,0.0511,combined,0.8548,7.5200,0.0482,0.0316,0.0443
0.0902,1.7126,0.1030,lateral,1.4092,6.2400,0.0714,-0.0152,0.0889
0.0864,1.2774,0.0221,straight,0.3609,6.6400,0.0846,-0.0105,0.0857
0.0797,5.1825,0.3288,lateral,1.2181,5.4400,0.0797,0.0018,0.0797
0.0814,7.8253,0.0295,stand,0.0000,5.5800,0.0000,nan,nan
0.0528,3.5108,0.3026,straight,1.3522,6.9800,0.0037,0.0468,0.0243
0.0036,0.5582,0.0175,stand,0.0000,6.5800,0.0000,nan,nan
0.1207,3.0271,0.1536,lateral,1.3624,7.7600,0.0548,0.0104,0.1202
0.1318,0.2632,0.0211,combined,0.8437,7.1200,0.0744,0.0953,0.0910
0.0138,0.3754,0.0155,stand,0.0000,7.3800,0.0000,nan,nan
0.0562,0.5004,0.2186,combined,2.0199,7.7600,0.0028,0.0418,0.0377
0.0545,3.3528,0.0528,combined,1.9415,7.7400,0.0456,-0.0151,0.0524
0.0410,4.1475,0.0563,combined,1.2796,6.0800,0.0387,0.0283,0.0296
0.0302,3.2335,0.0350,lateral,0.4720,7.2400,0.0019,0.0265,0.0145
0.0303,3.8063,0.0335,turn,0.0000,6.9800,0.0000,nan,nan
0.0127,2.4952,0.1424,turn,0.0000,5.6000,0.0000,nan,nan
0.1238,3.2335,0.0339,combined,1.4563,5.3200,0.1238,-0.1100,0.0569
0.0539,2.8007,0.1821,combined,1.1701,5.9000,0.0216,0.0536,0.0062
0.0473,3.0556,0.0456,combined,2.4269,7.7600,0.0457,-0.0427,0.0204
0.1304,3.3321,0.2439,combined,1.8546,6.2600,0.1113,-0.0822,0.1012
0.0453,0.0421,0.0735,straight,0.9329,5.8400,0.0014,0.0452,0.0032
0.0250,1.7070,0.2030,straight,1.3170,5.9200,0.0100,0.0078,0.0238
0.0381,0.2359,0.0742,combined,1.3791,6.7200,0.0130,0.0217,0.0313
0.0165,3.7945,0.0620,lateral,0.6152,6.6000,0.0018,-0.0109,0.0124
0.0422,1.5745,0.0372,lateral,1.2984,6.2400,0.0021,-0.0228,0.0355
0.0959,1.1136,0.1862,straight,0.1921,5.8400,0.0559,-0.0354,0.0892
0.1011,0.7785,0.0751,turn,0.0000,6.5200,0.0000,nan,nan
0.0943,2.7700,0.0339,stand,0.0000,5.2200,0.0000,nan,nan
0.0926,5.3797,0.1293,combined,1.7715,5.9600,0.0866,-0.0917,0.0127
0.0471,3.2388,0.1436,turn,0.0000,7.1000,0.0000,nan,nan
0.1271,3.8037,0.1967,lateral,0.4826,7.8800,0.0818,0.0572,0.1134
0.1211,2.9000,0.0372,lateral,1.4907,6.9000,0.0588,0.0810,0.0900
0.0232,3.8045,0.1191,lateral,0.2150,7.8000,0.0232,-0.0016,0.0231
0.0991,4.0263,0.0590,combined,1.7771,7.3600,0.0864,-0.0823,0.0553
0.1334,0.8119,0.3023,lateral,1.4895,4.0800,0.1334,-0.0271,0.1306
0.0355,0.8628,0.1101,combined,0.3746,4.5000,0.0204,-0.0089,0.0343
0.0728,5.2140,0.1632,turn,0.0000,7.4600,0.0000,nan,nan
0.0283,2.4109,0.2786,straight,1.4936,6.7400,0.0053,-0.0023,0.0282
0.0800,9.0435,0.0400,stand,0.0000,5.6800,0.0000,nan,nan
0.1603,0.9494,0.1318,combined,1.7722,6.3400,0.1432,-0.1578,0.0283
0.1339,0.6082,0.1008,turn,0.0000,6.8800,0.0000,nan,nan
0.0643,3.1032,0.0643,combined,1.2561,6.9200,0.0049,0.0633,0.0112
0.0797,1.8292,0.1420,turn,0.0000,6.6000,0.0000,nan,nan
0.0577,0.3522,0.1689,lateral,0.3142,6.9600,0.0182,-0.0500,0.0289
0.0237,4.2193,0.0864,straight,0.2799,7.6000,0.0025,0.0231,0.0053
0.0663,0.4345,0.0855,lateral,0.4120,5.7400,0.0264,-0.0634,0.0196
0.0595,3.9029,0.1643,straight,0.1811,5.7200,0.0568,-0.0572,0.0160
0.0734,0.8195,0.0236,stand,0.0000,7.5600,0.0000,nan,nan
0.1435,2.5747,0.0182,combined,1.0635,6.4600,0.1117,-0.1222,0.0753
0.0274,0.4680,0.1362,lateral,0.4397,7.0000,0.0130,-0.0258,0.0092
0.1455,0.4186,0.0622,straight,0.9364,6.4400,0.1455,-0.1353,0.0534
0.0592,0.0771,0.1729,combined,1.6871,7.6200,0.0540,-0.0358,0.0472
0.0331,2.4365,0.2222,lateral,0.3152,4.7200,0.0331,0.0032,0.0330
0.0846,0.2866,0.1672,turn,0.0000,5.4400,0.0000,nan,nan
0.2028,4.4191,0.0083,stand,0.0000,7.1800,0.0000,nan,nan
0.0279,2.3211,0.0469,straight,0.1405,6.6600,0.0031,0.0241,0.0141
0.0540,2.6603,0.0353,combined,1.1640,6.6200,0.0269,-0.0519,0.0149
0.1237,0.0577,0.0287,stand,0.0000,7.7800,0.0000,nan,nan
0.1188,1.1043,0.1168,combined,1.4469,7.2400,0.0837,-0.0143,0.1180
0.1495,1.6385,0.1319,lateral,0.1959,7.5200,0.0886,0.0526,0.1400
0.0727,0.2217,0.1301,lateral,0.2889,7.3200,0.0194,0.0375,0.0622
0.2124,1.7685,0.2067,turn,0.0000,5.9400,0.0000,nan,nan
0.1606,1.7837,0.0790,straight,1.4183,4.7800,0.1606,-0.1568,0.0347
0.1280,0.2985,0.0970,straight,0.2383,4.5800,0.0735,0.0242,0.1257
0.0863,3.5397,0.0340,stand,0.0000,6.1000,0.0000,nan,nan
0.0144,0.6300,0.0938,stand,0.0000,7.3200,0.0000,nan,nan
0.0576,10.1124,0.0221,stand,0.0000,7.8200,0.0000,nan,nan
0.0869,1.2938,0.1228,combined,1.7455,6.3200,0.0869,-0.0165,0.0854
0.0446,0.6758,0.1708,straight,1.2453,7.4800,0.0020,0.0444,0.0042
0.1375,0.4728,0.1396,combined,2.1968,7.9400,0.0589,0.1297,0.0457
0.0813,3.1702,0.1540,combined,1.0164,7.0600,0.0758,-0.0202,0.0787
0.0439,0.7318,0.2169,lateral,0.0827,4.6400,0.0013,0.0385,0.0210
0.0636,2.0409,0.0379,turn,0.0000,5.7800,0.0000,nan,nan
0.1410,1.1079,0.1128,combined,1.2257,6.8200,0.0415,0.1363,0.0363
0.0555,2.5517,0.0152,combined,0.6744,6.4400,0.0038,-0.0074,0.0550
0.1770,1.2943,0.0099,lateral,0.8861,7.5400,0.0081,0.1737,0.0341
0.0301,0.4490,0.0344,lateral,0.3224,4.5400,0.0181,-0.0257,0.0157
0.0695,4.5323,0.0707,lateral,0.8834,7.8600,0.0407,0.0647,0.0253
0.1013,0.5914,0.1248,combined,1.5097,4.1200,0.0957,-0.0883,0.0498
0.0885,0.7406,0.1572,lateral,1.4289,7.1600,0.0747,-0.0200,0.0862
0.0940,3.8157,0.1061,turn,0.0000,7.2600,0.0000,nan,nan
0.1547,4.7719,0.1853,turn,0.0000,4.4600,0.0000,nan,nan
0.0110,1.7800,0.0255,stand,0.0000,7.4400,0.0000,nan,nan
0.0251,2.0082,0.0821,combined,0.2622,4.7000,0.0164,-0.0137,0.0210
0.1021,2.3687,0.0268,straight,0.2476,4.2600,0.1018,0.0051,0.1019
0.0954,3.1441,0.1454,straight,0.6545,7.5800,0.0027,0.0880,0.0367
0.0374,1.7759,0.0422,combined,1.7964,6.7600,0.0369,-0.0320,0.0193
0.0985,0.5688,0.0345,straight,0.4540,4.1200,0.0916,-0.0969,0.0177
0.1164,2.2706,0.0632,combined,1.4533,7.2200,0.0702,0.0090,0.1161
0.0760,0.4257,0.1660,turn,0.0000,4.7600,0.0000,nan,nan
0.1374,1.0313,0.1709,combined,1.8847,4.8800,0.1374,-0.1371,0.0089
0.0628,2.2648,0.1669,lateral,0.5904,7.4400,0.0559,0.0046,0.0626
0.0266,0.3484,0.0547,combined,1.0039,6.8000,0.0045,0.0261,0.0049
0.0966,2.2357,0.0329,combined,1.4609,6.1800,0.0895,0.0322,0.0910
0.0776,4.9895,0.0687,straight,0.6479,5.4600,0.0650,-0.0772,0.0076
0.0904,3.0118,0.1201,straight,0.6687,7.9400,0.0313,-0.0363,0.0828
0.1362,2.3193,0.0539,combined,1.7749,4.2400,0.1362,-0.1307,0.0382
0.0791,3.5488,0.0221,combined,2.0372,5.7400,0.0769,-0.0249,0.0750
0.0701,0.5106,0.2430,combined,1.1834,5.7000,0.0597,-0.0701,0.0016
0.0490,3.5781,0.1090,straight,0.0801,4.3800,0.0426,-0.0485,0.0074
0.0839,3.3746,0.1193,combined,1.9590,7.8600,0.0065,0.0773,0.0326
0.1215,1.7242,0.1749,combined,1.6053,7.5600,0.1088,-0.1038,0.0632
0.0863,3.4413,0.0588,combined,1.5616,7.7400,0.0432,-0.0080,0.0859
0.1743,2.1468,0.2799,turn,0.0000,5.7600,0.0000,nan,nan
0.0429,3.6813,0.0499,combined,1.3439,4.7600,0.0369,0.0182,0.0389
0.1417,10.8675,0.0295,stand,0.0000,4.5400,0.0000,nan,nan
0.1204,1.6289,0.0886,straight,1.1597,4.2200,0.1092,-0.0155,0.1194
0.1349,3.4161,0.2088,lateral,1.2763,5.1200,0.1144,-0.1302,0.0355
0.0193,5.2470,0.2136,turn,0.0000,4.7200,0.0000,nan,nan
0.0774,2.0260,0.1715,turn,0.0000,6.5800,0.0000,nan,nan
0.0528,6.1925,0.2281,combined,1.5689,4.4200,0.0528,-0.0492,0.0194
0.1521,0.1274,0.0100,combined,1.7795,4.4200,0.1513,-0.1347,0.0705
0.0401,0.4510,0.1825,combined,1.3093,6.0000,0.0360,-0.0336,0.0220
0.1895,1.0727,0.0157,stand,0.0000,4.0400,0.0000,nan,nan
0.0862,0.0949,0.0753,combined,1.8054,7.7800,0.0662,-0.0800,0.0321
0.0663,2.4705,0.1508,combined,0.7420,5.2600,0.0548,-0.0424,0.0510
0.0867,1.7126,0.0253,lateral,0.6577,4.5200,0.0797,0.0135,0.0857
0.0623,1.7150,0.1792,turn,0.0000,5.0600,0.0000,nan,nan
0.1110,1.3037,0.0414,lateral,1.4307,5.0400,0.1110,-0.0845,0.0720
0.0722,0.0972,0.0460,turn,0.0000,4.8000,0.0000,nan,nan
0.0460,1.8563,0.1619,straight,1.7520,4.9000,0.0290,0.0454,0.0073
0.0854,4.0947,0.0829,combined,1.2471,4.2400,0.0854,-0.0732,0.0440
0.0636,1.8622,0.2104,lateral,0.2297,6.7400,0.0326,-0.0555,0.0310
0.0305,0.1214,0.0452,straight,1.7874,5.8000,0.0305,-0.0286,0.0107
0.1253,3.1784,0.0157,lateral,1.1908,4.4600,0.1253,-0.1181,0.0418
0.0886,0.6760,0.1749,turn,0.0000,4.3000,0.0000,nan,nan
0.1122,2.4140,0.0740,lateral,0.7957,4.3400,0.1015,-0.0910,0.0655
0.0363,2.6202,0.1444,turn,0.0000,4.5800,0.0000,nan,nan
0.1205,1.8603,0.1850,turn,0.0000,7.2400,0.0000,nan,nan
0.1008,4.6864,0.0869,combined,1.2221,7.2600,0.0634,-0.0773,0.0647
0.0901,5.8822,0.0586,turn,0.0000,4.0400,0.0000,nan,nan
0.1330,2.6815,0.0393,straight,1.5024,4.3600,0.1308,-0.1323,0.0130
0.0538,1.0208,0.0677,lateral,1.3622,5.3200,0.0394,0.0170,0.0510
0.1097,1.8479,0.0204,stand,0.0000,4.2400,0.0000,nan,nan
0.0647,1.7568,0.1402,turn,0.0000,4.9000,0.0000,nan,nan
0.0495,3.1729,0.0901,lateral,0.2654,4.9000,0.0362,0.0363,0.0335
0.0689,1.4366,0.0998,turn,0.0000,7.4800,0.0000,nan,nan
0.0789,1.2695,0.0528,turn,0.0000,6.6200,0.0000,nan,nan
0.1427,2.0594,0.0518,lateral,1.0315,5.8600,0.0348,0.1325,0.0529
0.0990,0.0565,0.0412,lateral,0.6607,6.1600,0.0890,-0.0963,0.0232
0.0899,1.6523,0.0201,straight,0.2030,5.6400,0.0871,-0.0899,0.0020
0.1465,1.9216,0.1402,combined,1.7475,5.1800,0.1465,-0.1418,0.0371
0.1869,0.4616,0.0661,lateral,0.1312,6.9200,0.1125,-0.1127,0.1492
0.0904,2.6202,0.0029,combined,1.7211,5.5800,0.0605,0.0759,0.0491
0.0222,2.1711,0.0769,combined,1.6775,6.2200,0.0215,-0.0141,0.0172
0.1063,0.8079,0.2450,turn,0.0000,5.1800,0.0000,nan,nan
0.1172,0.1882,0.1260,combined,1.1940,6.9600,0.0903,0.0470,0.1074
0.1706,4.8048,0.1576,combined,2.2525,4.1600,0.1706,-0.1282,0.1125
0.1275,0.5247,0.0969,combined,1.2593,4.2800,0.1097,0.0351,0.1225
0.0184,0.9432,0.1370,turn,0.0000,4.3800,0.0000,nan,nan
0.0099,2.1621,0.1386,straight,1.0607,4.2400,0.0099,0.0014,0.0098
0.0587,0.3772,0.0727,straight,1.7942,4.8000,0.0514,-0.0555,0.0192
0.1119,4.3440,0.2067,turn,0.0000,4.9400,0.0000,nan,nan
0.1053,1.8730,0.0696,lateral,0.7933,7.2200,0.1006,-0.0361,0.0989
0.1295,0.7328,0.0519,turn,0.0000,5.0600,0.0000,nan,nan
0.0254,1.4970,0.0262,turn,0.0000,5.1200,0.0000,nan,nan
0.1025,0.0725,0.1745,lateral,0.7160,4.6600,0.0964,0.0280,0.0986
0.0904,0.6128,0.1723,turn,0.0000,4.7800,0.0000,nan,nan
0.0663,2.4299,0.0988,combined,1.5562,4.1200,0.0634,0.0412,0.0520
0.0562,4.8060,0.2724,lateral,0.2380,5.4000,0.0354,0.0440,0.0350
0.0673,0.1481,0.1459,straight,0.9382,4.6400,0.0673,-0.0651,0.0170
0.0400,0.4589,0.0802,combined,1.1563,5.7000,0.0376,-0.0318,0.0243
0.0181,3.2097,0.1544,turn,0.0000,7.0200,0.0000,nan,nan
0.1028,0.0140,0.1226,lateral,0.3920,4.3000,0.0854,-0.1027,0.0050
0.1199,5.0494,0.0877,combined,1.8616,5.3000,0.1170,-0.0843,0.0853
0.0248,0.1242,0.1902,turn,0.0000,6.4400,0.0000,nan,nan
0.1168,2.9072,0.0206,combined,0.6306,5.8800,0.0351,0.1015,0.0578
0.0278,2.7010,0.1278,turn,0.0000,6.0400,0.0000,nan,nan
0.1302,2.3989,0.2602,combined,1.6368,4.5400,0.1302,-0.1271,0.0278
0.0435,2.7124,0.0231,combined,1.0256,6.4200,0.0239,0.0003,0.0435
0.0752,1.1898,0.1443,straight,1.7317,5.5800,0.0436,-0.0192,0.0727
0.0335,3.0948,0.1346,combined,1.2954,5.1600,0.0174,-0.0290,0.0168
0.1004,1.0292,0.0469,stand,0.0000,7.5800,0.0000,nan,nan
0.1150,3.5590,0.0785,straight,1.0146,4.4800,0.1150,-0.1066,0.0430
0.0767,3.4885,0.1098,turn,0.0000,5.5200,0.0000,nan,nan
0.2212,6.7522,0.1149,straight,1.7463,5.8000,0.2155,-0.2041,0.0853
0.0652,0.2948,0.1311,combined,1.5492,6.7400,0.0652,-0.0578,0.0302
0.0571,4.2447,0.0729,straight,1.1570,5.6600,0.0039,0.0508,0.0262
0.0606,1.6523,0.0314,lateral,0.8839,6.1400,0.0578,0.0024,0.0606
0.0482,0.9876,0.0472,straight,0.6525,6.7000,0.0330,-0.0293,0.0383
0.1323,3.5608,0.2258,straight,0.6458,4.8600,0.1152,-0.0807,0.1048
0.0704,2.0436,0.1223,turn,0.0000,7.5200,0.0000,nan,nan
0.1911,1.8574,0.0693,turn,0.0000,5.0600,0.0000,nan,nan
0.1930,4.1425,0.0838,combined,2.2161,5.3800,0.1930,-0.1876,0.0453
0.0379,0.3675,0.1548,turn,0.0000,4.9600,0.0000,nan,nan
0.0587,3.0417,0.1014,lateral,0.4960,7.2000,0.0248,0.0402,0.0428
0.0182,0.2560,0.2477,turn,0.0000,4.0400,0.0000,nan,nan
0.0823,5.6506,0.0610,straight,1.2667,6.7000,0.0455,0.0330,0.0754
0.1221,4.6523,0.1057,turn,0.0000,6.2800,0.0000,nan,nan
0.0173,0.0451,0.1493,combined,1.2533,6.7000,0.0004,0.0155,0.0077
0.0431,0.6612,0.1284,lateral,0.7635,7.3000,0.0150,-0.0361,0.0234
0.0730,4.0830,0.0078,combined,1.3770,6.7200,0.0224,0.0565,0.0462
0.0748,3.6304,0.0425,combined,1.8627,6.5400,0.0523,-0.0197,0.0722
0.0858,3.8959,0.1918,turn,0.0000,6.4400,0.0000,nan,nan
0.0233,5.8769,0.0294,turn,0.0000,4.5000,0.0000,nan,nan
0.0357,3.2717,0.2326,combined,1.2994,5.0400,0.0287,0.0150,0.0324
0.0632,2.8929,0.0375,turn,0.0000,7.7000,0.0000,nan,nan
0.1660,4.5903,0.2568,combined,1.7427,5.1400,0.1660,-0.1239,0.1105
0.0070,0.9007,0.0354,straight,0.0666,5.6600,0.0012,0.0018,0.0067
0.0415,2.3718,0.2290,lateral,0.9954,5.6600,0.0380,-0.0338,0.0241
0.1078,1.2756,0.2069,straight,0.9128,4.3800,0.0936,-0.0006,0.1078
0.0569,2.7087,0.0641,combined,1.4515,5.2800,0.0402,-0.0469,0.0321
0.0487,3.1213,0.0750,combined,1.9455,4.4000,0.0407,-0.0037,0.0486
0.1193,1.4628,0.1477,combined,1.7553,5.9400,0.0360,0.1036,0.0591
0.0494,0.3095,0.2134,combined,1.0848,6.5200,0.0013,0.0463,0.0173
0.0592,0.7862,0.0451,stand,0.0000,4.2800,0.0000,nan,nan
0.0312,3.3626,0.2554,lateral,0.8629,6.0400,0.0008,0.0309,0.0040
0.0733,8.4351,0.1276,turn,0.0000,5.9400,0.0000,nan,nan
0.0955,2.3756,0.0967,lateral,0.9866,7.4200,0.0380,-0.0955,0.0026
0.1859,1.0979,0.1711,combined,0.6890,4.1000,0.1201,0.1265,0.1363
0.0778,2.1177,0.1069,straight,1.0713,4.1000,0.0578,-0.0379,0.0680
0.0571,0.0277,0.0318,stand,0.0000,7.4200,0.0000,nan,nan
0.0476,1.4283,0.1231,straight,1.2694,7.8800,0.0274,-0.0445,0.0168
0.0802,2.2295,0.1015,straight,1.6182,4.7000,0.0802,-0.0710,0.0372
0.0473,0.1117,0.0247,turn,0.0000,5.7200,0.0000,nan,nan
0.0664,1.1782,0.0602,lateral,0.0137,6.9200,0.0037,0.0473,0.0466
0.0387,5.4721,0.0846,turn,0.0000,4.4200,0.0000,nan,nan
0.0410,4.8396,0.0242,stand,0.0000,4.0200,0.0000,nan,nan
0.0091,3.0345,0.0644,turn,0.0000,7.7000,0.0000,nan,nan
0.1456,10.3951,0.0228,stand,0.0000,7.5600,0.0000,nan,nan
0.0867,1.8390,0.0924,lateral,0.0026,5.4200,0.0026,-0.0043,0.0866
0.0811,1.1386,0.0206,combined,1.5195,7.2000,0.0811,-0.0288,0.0758
0.0902,2.2519,0.0886,turn,0.0000,4.3000,0.0000,nan,nan
0.1108,3.5977,0.0971,combined,1.6244,5.9600,0.1088,-0.1101,0.0121
0.2145,6.8031,0.0261,stand,0.0000,4.9400,0.0000,nan,nan
0.0236,0.0126,0.0967,straight,0.1286,5.7800,0.0047,0.0236,0.0007
0.2477,12.5680,0.0102,stand,0.0000,5.6600,0.0000,nan,nan
0.1894,3.0061,0.0545,combined,2.1290,6.9600,0.1598,-0.1649,0.0930
0.0438,0.1933,0.1057,combined,1.3348,7.3200,0.0319,0.0201,0.0389
0.2642,4.3880,0.1604,combined,2.0211,4.2200,0.2608,-0.2623,0.0312
0.0420,0.0644,0.0653,turn,0.0000,4.1800,0.0000,nan,nan
0.0636,4.1761,0.0446,straight,1.7887,5.7400,0.0595,0.0356,0.0527
0.1107,0.3091,0.0286,stand,0.0000,4.9000,0.0000,nan,nan
0.0206,2.6945,0.2062,combined,1.3192,5.1000,0.0007,0.0144,0.0148
0.0807,2.5802,0.1637,straight,0.4758,5.7200,0.0803,-0.0805,0.0052
0.0529,8.2897,0.0364,stand,0.0000,5.9200,0.0000,nan,nan
0.1199,4.4235,0.1996,straight,0.1969,7.6800,0.1007,-0.1071,0.0540
0.0801,12.6798,0.0360,stand,0.0000,5.3000,0.0000,nan,nan
0.0955,0.7978,0.0489,straight,1.2161,7.5600,0.0933,-0.0950,0.0101
0.1335,0.4771,0.0554,lateral,0.4996,6.2200,0.1202,-0.0505,0.1236
0.1287,1.5802,0.0558,turn,0.0000,5.7000,0.0000,nan,nan
0.1170,2.1656,0.0703,lateral,0.3041,7.0200,0.0279,0.1065,0.0484
0.1215,0.1436,0.0026,combined,1.2047,7.1000,0.1018,-0.0284,0.1181
0.0538,1.9225,0.1565,combined,2.2777,4.7600,0.0305,0.0200,0.0500
0.1358,0.2465,0.2054,turn,0.0000,7.3000,0.0000,nan,nan
0.0365,2.4803,0.1337,straight,0.7320,6.0800,0.0148,-0.0143,0.0336
0.0533,4.1598,0.0450,lateral,0.3018,7.1400,0.0466,0.0286,0.0450
0.1279,2.3905,0.0959,combined,1.1438,7.5600,0.1265,-0.1005,0.0791
0.1734,4.7167,0.0091,stand,0.0000,5.4800,0.0000,nan,nan
0.1191,3.5093,0.2201,straight,1.0209,7.6800,0.0293,0.0571,0.1045
0.1952,3.5406,0.0511,straight,0.9148,6.3800,0.1828,-0.1810,0.0732
0.0698,1.9917,0.0724,lateral,1.4741,6.2800,0.0039,0.0248,0.0653
0.1251,2.9344,0.0646,turn,0.0000,5.7000,0.0000,nan,nan
0.1410,1.5680,0.0817,combined,2.0751,4.7600,0.1405,-0.1158,0.0805
0.0203,4.0467,0.0085,turn,0.0000,5.7800,0.0000,nan,nan
0.1511,2.2054,0.0444,combined,0.5485,5.4400,0.0203,0.1310,0.0752
0.0877,2.9948,0.1195,lateral,1.0146,6.4800,0.0760,-0.0352,0.0803
0.0394,2.9478,0.0531,lateral,0.3229,5.8400,0.0154,0.0352,0.0177
0.0390,1.2454,0.1410,lateral,1.4362,6.6800,0.0040,0.0346,0.0179
0.0428,1.5516,0.2295,straight,1.8458,5.1000,0.0428,-0.0423,0.0063
0.0734,3.5808,0.1706,combined,1.8730,6.5600,0.0734,-0.0359,0.0640
0.0708,4.2238,0.0826,combined,1.5122,5.8200,0.0708,-0.0701,0.0103
0.0673,2.8689,0.1445,turn,0.0000,7.3800,0.0000,nan,nan
0.1290,3.6181,0.0185,stand,0.0000,6.5000,0.0000,nan,nan
0.1291,0.7925,0.1098,turn,0.0000,6.1000,0.0000,nan,nan
0.1872,6.7695,0.0418,stand,0.0000,4.0400,0.0000,nan,nan
0.1466,4.3402,0.2227,lateral,0.0002,6.4800,0.0002,nan,nan
0.0630,1.3352,0.0400,combined,1.1586,7.4200,0.0347,0.0184,0.0603
0.0683,1.7334,0.1698,straight,0.8666,6.8200,0.0683,-0.0289,0.0619
0.1088,2.4863,0.1481,combined,1.2447,4.5600,0.0986,-0.1088,0.0030
0.1115,1.8384,0.0178,combined,0.4571,6.4000,0.0266,0.0900,0.0658
0.1123,0.4086,0.0695,combined,1.3149,4.4200,0.1123,-0.1062,0.0365
0.1206,0.6043,0.0589,straight,1.1902,5.4000,0.0139,0.0842,0.0864
0.0287,1.5661,0.0984,turn,0.0000,5.9200,0.0000,nan,nan
0.0336,0.1527,0.1240,turn,0.0000,7.1800,0.0000,nan,nan
0.0410,0.6220,0.0486,turn,0.0000,7.9800,0.0000,nan,nan
0.0535,4.3655,0.1398,turn,0.0000,6.3600,0.0000,nan,nan
0.2116,0.5891,0.0374,stand,0.0000,5.2800,0.0000,nan,nan
0.0926,4.1433,0.0222,stand,0.0000,4.8600,0.0000,nan,nan
0.0823,0.4952,0.0269,lateral,1.3606,7.4000,0.0327,0.0393,0.0723
0.0647,4.3479,0.0697,combined,0.6778,6.7800,0.0181,0.0262,0.0591
0.0386,0.5645,0.0571,combined,1.1429,6.6600,0.0130,-0.0213,0.0322
0.0116,0.3020,0.1094,turn,0.0000,5.5200,0.0000,nan,nan
0.0925,3.8268,0.0234,stand,0.0000,7.6400,0.0000,nan,nan
0.0631,4.6703,0.2172,combined,1.0456,6.4200,0.0568,-0.0342,0.0530
0.1307,0.3239,0.1075,turn,0.0000,6.8000,0.0000,nan,nan
0.1421,1.4492,0.1996,combined,1.5646,6.8400,0.1400,-0.1378,0.0347
0.0515,3.1030,0.0108,turn,0.0000,5.7400,0.0000,nan,nan
0.0805,0.5046,0.2107,combined,1.7563,6.8000,0.0785,-0.0140,0.0793
0.0158,0.3854,0.0968,combined,2.0763,4.9400,0.0151,-0.0024,0.0156
0.0889,0.9183,0.1250,combined,1.3596,7.5800,0.0365,0.0875,0.0154
0.1229,3.9601,0.2525,combined,1.2038,4.9000,0.1195,-0.0400,0.1162
0.0307,4.0369,0.0586,turn,0.0000,5.1600,0.0000,nan,nan
0.0875,1.0341,0.1047,turn,0.0000,7.9000,0.0000,nan,nan
0.0694,0.1392,0.1675,turn,0.0000,6.3400,0.0000,nan,nan
0.0163,1.3626,0.2622,straight,1.8159,7.9000,0.0013,-0.0031,0.0160
0.1266,1.5611,0.1723,turn,0.0000,5.6400,0.0000,nan,nan
0.0727,2.0198,0.1813,turn,0.0000,5.5000,0.0000,nan,nan
0.0762,1.8707,0.0360,lateral,0.2704,6.7600,0.0656,-0.0508,0.0568
0.1497,0.7918,0.2174,combined,1.4977,5.5000,0.1483,-0.1373,0.0596
0.1071,3.5559,0.1776,combined,1.6998,5.6200,0.0930,-0.0689,0.0819
0.0794,3.0560,0.0630,lateral,1.1323,7.3800,0.0794,-0.0690,0.0393
0.0722,0.0348,0.0994,combined,1.9497,7.5000,0.0709,-0.0324,0.0645
0.1142,1.0765,0.1452,lateral,1.1554,6.4200,0.1088,-0.0259,0.1113
0.0485,1.8011,0.2192,lateral,0.1460,6.8800,0.0090,0.0469,0.0125
0.0455,3.6407,0.1257,turn,0.0000,7.3000,0.0000,nan,nan
0.0533,2.9412,0.1195,lateral,0.2688,6.6000,0.0376,0.0524,0.0096
0.0657,3.0326,0.0883,turn,0.0000,6.7400,0.0000,nan,nan
0.0302,1.4653,0.0615,turn,0.0000,5.6400,0.0000,nan,nan
0.0841,1.1049,0.0767,turn,0.0000,5.1600,0.0000,nan,nan
0.0857,0.8562,0.0169,turn,0.0000,7.8200,0.0000,nan,nan
0.1078,0.9460,0.0373,straight,1.5069,5.9800,0.0787,-0.0297,0.1037
0.0927,0.5621,0.0506,turn,0.0000,5.5800,0.0000,nan,nan
0.0283,2.1495,0.0930,combined,1.9391,6.4800,0.0031,-0.0179,0.0219
0.0486,2.1943,0.1014,combined,1.5989,7.2800,0.0364,0.0476,0.0100
0.0646,1.8583,0.2357,lateral,0.3931,5.8600,0.0435,0.0604,0.0228
0.0678,2.2495,0.0651,straight,1.2252,4.1000,0.0665,-0.0324,0.0596
0.0461,1.9918,0.0743,lateral,1.0462,7.3200,0.0348,-0.0455,0.0075
0.1358,0.4660,0.0816,combined,1.7438,7.4400,0.1260,-0.1261,0.0503
0.0757,0.4285,0.0160,stand,0.0000,6.7800,0.0000,nan,nan
0.0200,0.8936,0.0082,stand,0.0000,4.0800,0.0000,nan,nan
0.0607,2.7792,0.2409,turn,0.0000,4.8800,0.0000,nan,nan
0.0255,2.0150,0.0732,combined,0.7266,7.9200,0.0008,-0.0086,0.0240
0.0702,2.6745,0.0909,lateral,1.1302,7.6400,0.0581,0.0387,0.0586
0.0059,1.9154,0.1091,combined,1.4114,6.6600,0.0026,0.0046,0.0038
0.0447,3.7338,0.0209,turn,0.0000,6.7600,0.0000,nan,nan
0.0677,3.1497,0.2521,combined,0.8929,6.8400,0.0533,-0.0027,0.0676
0.0783,2.4540,0.1153,turn,0.0000,4.6400,0.0000,nan,nan
0.0101,3.1749,0.1415,combined,0.2666,7.5400,0.0005,0.0094,0.0036
0.0349,3.6754,0.0653,combined,0.7441,7.4200,0.0121,0.0267,0.0225
0.0412,1.3325,0.0349,stand,0.0000,6.9400,0.0000,nan,nan
0.0456,1.1564,0.0455,straight,0.4972,7.4800,0.0295,-0.0449,0.0077
0.0112,0.3002,0.0156,stand,0.0000,4.9000,0.0000,nan,nan
0.0892,2.2178,0.0802,turn,0.0000,4.7200,0.0000,nan,nan
0.0625,2.6176,0.1395,lateral,0.1102,5.0400,0.0313,0.0584,0.0222
0.1743,3.8999,0.0099,combined,0.5452,5.6800,0.0761,0.0358,0.1705
0.0365,6.7395,0.2227,lateral,0.5753,5.1800,0.0153,0.0002,0.0365
0.0568,4.9365,0.1061,combined,1.6482,7.6400,0.0551,-0.0567,0.0031
0.0817,2.1036,0.1034,turn,0.0000,5.6800,0.0000,nan,nan
0.0607,3.1643,0.0111,stand,0.0000,7.6400,0.0000,nan,nan
0.0632,2.0243,0.0201,stand,0.0000,4.3000,0.0000,nan,nan
0.1136,2.4207,0.1567,lateral,1.2583,4.2800,0.1136,-0.0916,0.0672
0.0623,3.7791,0.0757,straight,0.9250,7.5400,0.0623,-0.0589,0.0205
0.0835,4.3627,0.2014,straight,0.7240,6.3800,0.0502,-0.0399,0.0734
0.1270,0.3834,0.1102,lateral,0.0982,4.8000,0.0715,-0.0145,0.1261
0.1146,3.1424,0.1301,combined,1.3514,5.5200,0.1104,-0.1039,0.0484
0.1148,10.4471,0.0166,stand,0.0000,4.3200,0.0000,nan,nan
0.0665,1.0533,0.0587,lateral,0.9353,7.8000,0.0466,-0.0114,0.0655
0.0581,2.1503,0.2028,straight,0.1647,6.8800,0.0401,-0.0367,0.0450
0.0618,1.4034,0.2331,turn,0.0000,4.9800,0.0000,nan,nan
0.0825,3.7742,0.0140,stand,0.0000,4.5600,0.0000,nan,nan
0.0118,1.4463,0.2518,turn,0.0000,6.3600,0.0000,nan,nan
0.0898,0.7920,0.0493,turn,0.0000,4.5600,0.0000,nan,nan
0.0372,4.9631,0.0315,lateral,1.4658,7.4000,0.0026,0.0294,0.0227
0.1308,2.0908,0.2789,lateral,0.0546,4.9200,0.0374,-0.0428,0.1236
0.0352,0.1509,0.1115,combined,1.2028,5.4800,0.0339,-0.0112,0.0334
0.0548,6.7694,0.0983,lateral,0.7208,6.9400,0.0078,0.0306,0.0455
0.1907,1.0284,0.0389,straight,0.4018,7.1400,0.1272,0.1005,0.1621
0.0481,3.7891,0.0766,straight,0.6361,7.5600,0.0335,0.0124,0.0465
0.0244,3.0892,0.2180,combined,0.9245,4.2000,0.0113,-0.0241,0.0040
0.0185,0.2893,0.1399,lateral,0.3211,6.7000,0.0057,0.0047,0.0179
0.1027,1.6176,0.0480,straight,1.1101,6.4400,0.0610,0.0841,0.0589
0.0745,1.4372,0.0366,stand,0.0000,5.2000,0.0000,nan,nan
0.0738,3.7739,0.1743,straight,1.0879,4.6800,0.0319,0.0583,0.0453
0.2281,10.1093,0.0604,stand,0.0000,5.5400,0.0000,nan,nan
0.1024,0.9572,0.0529,lateral,0.3734,5.7000,0.0356,0.0616,0.0818
0.0923,3.1129,0.0461,turn,0.0000,6.2000,0.0000,nan,nan
0.0300,1.6109,0.0130,turn,0.0000,7.5600,0.0000,nan,nan
0.1680,1.0341,0.0207,turn,0.0000,6.0000,0.0000,nan,nan
0.0760,4.6746,0.1431,lateral,0.7122,5.8800,0.0510,-0.0507,0.0567
0.0621,2.9384,0.0910,straight,1.3817,4.8800,0.0605,-0.0194,0.0590
0.1027,0.6267,0.0499,lateral,1.0425,7.8000,0.0865,-0.0614,0.0824
0.0996,1.3105,0.2679,turn,0.0000,7.8400,0.0000,nan,nan
0.0802,4.3548,0.2648,combined,1.0771,4.3400,0.0742,-0.0224,0.0771
0.1528,0.3708,0.1518,lateral,1.0039,6.2200,0.0561,0.1035,0.1123
0.0871,2.7595,0.2337,combined,1.7406,4.9400,0.0719,-0.0060,0.0869
0.0779,4.7925,0.1479,lateral,0.7167,4.2400,0.0626,0.0453,0.0634
0.1392,0.7552,0.1489,turn,0.0000,5.3000,0.0000,nan,nan
0.0748,4.5164,0.0397,turn,0.0000,4.9400,0.0000,nan,nan
0.0676,2.9888,0.0941,combined,1.8902,6.5600,0.0676,-0.0674,0.0049
0.1058,2.4226,0.0577,turn,0.0000,7.1200,0.0000,nan,nan
0.0656,0.1134,0.2254,straight,0.0445,4.2000,0.0445,-0.0466,0.0461
0.1179,5.2918,0.1301,straight,0.8677,4.1800,0.1148,-0.0754,0.0907
0.0546,1.4278,0.0499,combined,1.4680,7.6000,0.0029,0.0497,0.0224
0.0497,0.7959,0.0649,lateral,0.4911,7.2200,0.0056,-0.0377,0.0323
0.0563,5.2809,0.2545,lateral,0.1062,5.6000,0.0272,0.0351,0.0440
0.0573,1.1961,0.0325,straight,0.4195,5.0000,0.0028,0.0460,0.0341
0.0941,2.3746,0.1051,combined,0.9004,5.6600,0.0921,-0.0939,0.0058
0.1013,0.2934,0.0677,straight,1.6856,6.1600,0.0915,-0.0999,0.0167
0.0746,2.7883,0.2101,combined,1.4115,6.8000,0.0434,-0.0723,0.0184
0.1099,1.9484,0.1192,straight,0.1887,5.5800,0.0483,0.0351,0.1042
0.1564,0.1475,0.1868,lateral,1.0334,7.5600,0.0154,0.1526,0.0339
0.0153,0.4163,0.1606,combined,0.4334,7.4600,0.0018,-0.0019,0.0152
0.0761,4.4139,0.1680,combined,0.9320,5.9200,0.0550,0.0674,0.0353
0.1472,2.4194,0.0707,lateral,0.7522,5.4600,0.1304,-0.1055,0.1026
0.1356,2.2603,0.2932,combined,1.7389,4.2000,0.1356,-0.1286,0.0429
0.0319,0.0204,0.1875,turn,0.0000,4.7800,0.0000,nan,nan
0.0402,0.1368,0.0325,stand,0.0000,4.4000,0.0000,nan,nan
0.0422,5.0711,0.0654,turn,0.0000,5.7400,0.0000,nan,nan
0.0316,1.7109,0.1454,turn,0.0000,4.7200,0.0000,nan,nan
0.0785,2.8235,0.1348,straight,0.9190,5.0200,0.0775,-0.0546,0.0563
0.0838,0.0806,0.1009,combined,0.9726,6.0400,0.0804,-0.0767,0.0337
0.0970,3.5640,0.0829,lateral,0.5917,7.0000,0.0735,0.0189,0.0951
0.0491,1.7884,0.0625,combined,1.1731,4.2400,0.0491,-0.0416,0.0260
0.0270,2.3330,0.1246,turn,0.0000,5.9800,0.0000,nan,nan
0.0911,0.8115,0.1079,combined,2.2736,7.7800,0.0709,0.0609,0.0678
0.0784,2.7295,0.1648,turn,0.0000,5.9600,0.0000,nan,nan
0.0477,0.2349,0.2555,turn,0.0000,4.9200,0.0000,nan,nan
0.1010,2.7051,0.0209,combined,0.6109,4.5200,0.0553,0.0504,0.0876
0.1470,6.2200,0.0573,lateral,1.2949,4.9400,0.1470,-0.1469,0.0068
0.1009,2.9353,0.2047,lateral,1.0398,6.3400,0.0666,-0.0710,0.0717
0.0236,0.6646,0.0343,stand,0.0000,4.4400,0.0000,nan,nan
0.0875,5.2863,0.1087,lateral,1.2348,6.2200,0.0851,-0.0280,0.0829
0.0408,0.8790,0.0630,combined,1.1069,6.2800,0.0248,0.0191,0.0360
0.0253,0.1516,0.1502,lateral,0.3355,7.8000,0.0215,-0.0099,0.0233
0.0424,1.4134,0.0318,stand,0.0000,5.6000,0.0000,nan,nan
0.1309,1.9032,0.0655,combined,1.5450,7.0600,0.0991,-0.0825,0.1017
0.1025,2.9186,0.0874,lateral,1.2096,5.2400,0.1025,-0.0843,0.0584
0.0788,1.3402,0.0982,straight,0.7730,7.0200,0.0607,0.0646,0.0451
0.1301,1.7064,0.0999,turn,0.0000,6.2200,0.0000,nan,nan
0.0610,0.9783,0.1292,turn,0.0000,4.6800,0.0000,nan,nan
0.0800,2.6622,0.1334,combined,1.6387,7.1600,0.0504,-0.0159,0.0784
0.0594,0.4299,0.1827,straight,1.6452,6.1200,0.0504,-0.0505,0.0313
0.0516,0.0062,0.1327,straight,1.8786,5.5800,0.0176,0.0398,0.0328
0.1541,0.7742,0.1372,combined,2.1785,4.4400,0.1541,-0.1079,0.1100
0.0230,2.3099,0.1211,turn,0.0000,4.9400,0.0000,nan,nan
0.0758,7.1478,0.0049,stand,0.0000,6.0400,0.0000,nan,nan
0.2235,1.7376,0.1723,combined,1.4924,4.3600,0.2174,-0.2166,0.0551
0.0848,3.0232,0.1471,lateral,1.2031,7.6000,0.0401,0.0695,0.0487
0.0717,3.8426,0.0552,turn,0.0000,6.9600,0.0000,nan,nan
0.0947,0.2876,0.0283,combined,1.3327,6.8000,0.0656,-0.0750,0.0579
0.0631,1.7740,0.1628,combined,1.0276,6.2400,0.0183,0.0124,0.0619
0.1132,0.5516,0.2519,turn,0.0000,4.5000,0.0000,nan,nan
0.1048,4.4650,0.2450,combined,0.3478,4.3400,0.1020,0.0086,0.1044
0.0701,0.6636,0.0821,straight,1.5464,7.3600,0.0548,-0.0511,0.0480
0.0893,0.8249,0.1468,combined,1.2635,4.5000,0.0893,-0.0618,0.0645
0.1194,6.1499,0.0737,straight,0.3422,5.2200,0.1090,-0.1161,0.0280
0.0592,1.8969,0.2648,lateral,1.4550,7.7200,0.0536,-0.0580,0.0118
0.1809,0.2008,0.0288,lateral,0.0991,6.4800,0.0362,0.1661,0.0717
0.0852,5.8462,0.0369,lateral,0.3312,7.9800,0.0433,0.0631,0.0572
0.2291,2.8358,0.1611,lateral,1.3624,5.0600,0.2291,-0.1946,0.1209
0.0655,2.0563,0.1178,lateral,0.2141,7.2800,0.0452,-0.0601,0.0260
0.0303,1.5597,0.1848,turn,0.0000,6.4200,0.0000,nan,nan
0.0583,2.4510,0.0646,combined,0.7608,5.0200,0.0406,0.0164,0.0559
0.0615,3.4260,0.1610,combined,0.8609,4.7400,0.0598,-0.0466,0.0402
0.0875,2.9381,0.0232,lateral,1.4271,5.4200,0.0813,-0.0863,0.0146
0.0526,0.4563,0.1831,straight,1.7744,5.8600,0.0190,0.0112,0.0514
0.0768,4.3794,0.0691,straight,0.6878,4.8400,0.0309,0.0622,0.0449
0.1239,10.4219,0.0169,stand,0.0000,6.6000,0.0000,nan,nan
0.0803,1.2721,0.2109,combined,1.9437,5.0000,0.0803,-0.0775,0.0209
0.0347,0.7441,0.2483,turn,0.0000,6.2000,0.0000,nan,nan
0.1000,0.7615,0.1485,turn,0.0000,6.4400,0.0000,nan,nan
0.0948,2.2783,0.2490,combined,1.2207,4.5400,0.0948,-0.0867,0.0382
0.0617,3.9029,0.0150,stand,0.0000,5.2400,0.0000,nan,nan
0.0173,0.5978,0.0824,straight,1.0012,4.9800,0.0020,0.0055,0.0164
0.0860,4.1526,0.1338,combined,1.8011,5.2000,0.0860,-0.0855,0.0096
0.0520,0.5300,0.0638,lateral,0.7887,4.3600,0.0375,0.0009,0.0520
0.0360,2.5073,0.0495,combined,1.2245,7.1600,0.0228,-0.0111,0.0343
0.0641,2.3052,0.0167,lateral,0.5401,5.5800,0.0296,-0.0218,0.0602
0.0593,1.4913,0.2118,lateral,0.6837,6.2200,0.0447,-0.0587,0.0084
0.1757,4.1327,0.0532,combined,1.9657,5.1600,0.1676,-0.1737,0.0268
0.1688,1.9182,0.0483,lateral,1.1007,4.2000,0.1684,-0.1065,0.1310
0.0950,4.0378,0.1878,combined,1.8924,7.4400,0.0786,-0.0844,0.0437
0.1151,4.4478,0.0312,turn,0.0000,5.9000,0.0000,nan,nan
0.0728,0.5750,0.0658,combined,1.2717,4.7400,0.0722,-0.0017,0.0728
0.0562,0.5979,0.1330,lateral,0.0636,7.4600,0.0267,-0.0019,0.0562
0.1161,1.9538,0.0552,combined,1.8533,4.8200,0.1161,-0.0755,0.0882
0.1198,0.2019,0.1355,lateral,1.2676,4.3200,0.0847,0.0730,0.0950
0.0372,1.2401,0.0871,lateral,1.0341,5.3000,0.0190,-0.0321,0.0188
0.0385,1.2667,0.1038,turn,0.0000,7.2200,0.0000,nan,nan
0.1681,2.2999,0.2461,lateral,1.0824,4.6400,0.1666,-0.1651,0.0317
0.0516,4.6942,0.2527,turn,0.0000,6.0000,0.0000,nan,nan
0.0233,1.2389,0.1243,lateral,0.0300,4.9600,0.0092,-0.0080,0.0219
0.0766,1.8794,0.1017,combined,0.6122,5.5000,0.0356,0.0354,0.0679
0.1004,0.8903,0.1250,straight,0.6308,5.2000,0.0528,0.0228,0.0978
0.0513,3.2032,0.0222,stand,0.0000,7.5800,0.0000,nan,nan
0.1006,3.0283,0.2034,combined,1.4805,4.9000,0.0804,0.0324,0.0952
0.1067,2.1760,0.0694,combined,0.8013,4.1200,0.1067,-0.0559,0.0909
0.1227,1.1780,0.0877,lateral,0.4200,5.3200,0.1034,-0.0857,0.0878
0.0624,2.1548,0.0692,stand,0.0000,5.9000,0.0000,nan,nan
0.1364,4.3317,0.0794,combined,1.4655,4.6600,0.1263,-0.1050,0.0871
0.1571,1.1395,0.0563,combined,1.3160,5.2400,0.1544,-0.1416,0.0680
0.0871,3.7117,0.0512,straight,1.9767,7.2000,0.0870,-0.0812,0.0316
0.1005,1.1429,0.1907,combined,0.9973,4.1800,0.0233,0.0962,0.0292
0.0909,4.2951,0.0433,combined,1.3410,5.2800,0.0905,-0.0850,0.0322
0.0884,0.1387,0.1099,turn,0.0000,4.7200,0.0000,nan,nan
0.1834,5.1341,0.1645,combined,1.9100,6.8600,0.1834,-0.1618,0.0863
0.0790,1.2541,0.2060,straight,1.5715,5.2200,0.0420,-0.0009,0.0790
0.0650,1.3956,0.0387,straight,1.1016,7.1800,0.0650,-0.0547,0.0352
0.1693,0.5187,0.0664,lateral,1.1876,4.6000,0.1693,-0.0404,0.1644
0.0484,0.3125,0.0123,straight,1.5594,6.5400,0.0482,-0.0313,0.0370
0.0437,0.5588,0.2599,combined,1.0591,6.3000,0.0388,-0.0156,0.0408
0.0931,2.1587,0.1026,lateral,0.9456,6.2600,0.0802,-0.0672,0.0645
0.0841,1.9933,0.2889,turn,0.0000,5.7800,0.0000,nan,nan
0.0833,3.8017,0.0310,straight,1.3027,5.7600,0.0539,0.0380,0.0741
0.1377,0.1270,0.1134,straight,1.9061,4.5200,0.1377,-0.1371,0.0131
0.0790,0.6387,0.0540,straight,1.1552,4.9200,0.0710,-0.0602,0.0512
0.1268,1.3175,0.1520,combined,2.1193,5.7400,0.0805,0.0188,0.1254
0.0908,2.7257,0.1718,lateral,0.3390,5.8400,0.0422,-0.0530,0.0738
0.0907,0.4829,0.1025,combined,1.3293,5.8400,0.0807,0.0426,0.0800
0.1440,1.3474,0.0456,combined,0.8851,5.5200,0.1307,-0.0382,0.1388
0.1096,1.0276,0.0189,turn,0.0000,6.1400,0.0000,nan,nan
0.0538,1.3982,0.1576,lateral,1.2460,4.5200,0.0148,0.0410,0.0347
0.1024,3.4826,0.1159,combined,1.3630,4.5200,0.0918,-0.0808,0.0628
0.0836,1.8129,0.2100,lateral,0.3752,5.7600,0.0723,-0.0311,0.0776
0.0839,3.3423,0.0639,combined,0.6057,6.6800,0.0268,0.0614,0.0571
0.0945,3.0453,0.1840,straight,0.5201,6.0200,0.0394,0.0869,0.0370
0.0747,0.6004,0.1067,combined,0.5260,6.4000,0.0093,0.0646,0.0374
0.0931,3.4441,0.0256,combined,0.6123,6.2800,0.0927,-0.0256,0.0895
0.0783,3.8438,0.1632,lateral,0.4538,5.9800,0.0726,-0.0111,0.0775
0.1811,1.3901,0.0409,lateral,0.9776,5.7200,0.0330,0.1811,0.0040
0.1393,1.9576,0.1156,straight,0.2250,5.0000,0.1199,-0.1392,0.0054
0.0924,0.6115,0.2515,straight,1.1617,5.5800,0.0917,-0.0862,0.0334
0.0529,1.7203,0.1570,combined,2.3558,5.3000,0.0529,-0.0529,0.0018
0.0653,3.3473,0.0786,turn,0.0000,5.6000,0.0000,nan,nan
0.0222,5.3531,0.0371,lateral,1.0382,6.7400,0.0178,-0.0191,0.0113
0.0485,0.6411,0.0736,combined,2.1521,6.5800,0.0299,-0.0459,0.0156
0.0466,0.1038,0.0387,combined,1.8631,5.5600,0.0406,0.0136,0.0446
0.1447,13.4529,0.0510,stand,0.0000,7.6600,0.0000,nan,nan
0.0535,2.3518,0.2082,straight,0.3943,7.2800,0.0463,-0.0487,0.0221
0.1346,0.1613,0.1449,combined,0.6819,4.0600,0.1346,-0.1265,0.0462
0.1031,4.8617,0.1100,combined,1.3520,6.5200,0.0996,-0.0592,0.0844
0.1368,1.1926,0.1457,lateral,0.8083,6.8600,0.1256,0.0064,0.1366
0.1201,2.8313,0.0418,combined,0.7559,5.4600,0.1085,-0.0492,0.1096
0.1230,0.2990,0.0568,combined,0.6691,4.7400,0.1228,-0.1203,0.0256
0.0497,5.9083,0.0416,straight,1.1173,6.1800,0.0091,0.0270,0.0417
0.2302,5.8785,0.0237,stand,0.0000,4.6600,0.0000,nan,nan
0.0785,3.1579,0.0481,straight,0.6093,5.1800,0.0784,-0.0774,0.0129
0.0853,3.6185,0.0880,lateral,1.4781,7.6600,0.0461,0.0676,0.0521
0.0361,0.8379,0.2134,turn,0.0000,7.3800,0.0000,nan,nan
0.1389,3.3321,0.1886,lateral,1.1522,6.9400,0.0981,-0.0620,0.1243
0.0725,1.2496,0.1141,straight,0.0893,5.6200,0.0432,-0.0503,0.0521
0.0252,1.8263,0.1800,lateral,0.5635,4.6200,0.0139,0.0245,0.0060
0.0423,1.5857,0.1539,straight,1.4694,4.3600,0.0423,-0.0423,0.0020
0.1299,1.4032,0.2276,combined,1.9133,6.8000,0.1204,-0.0622,0.1141
0.0672,0.0061,0.0421,turn,0.0000,6.7200,0.0000,nan,nan
0.0760,6.5397,0.2217,lateral,1.0995,7.5600,0.0592,-0.0391,0.0651
0.0947,0.7098,0.1547,combined,1.4546,4.3600,0.0947,-0.0857,0.0403
0.0789,2.5047,0.1789,lateral,0.4001,5.5600,0.0287,0.0743,0.0267
0.0682,3.0866,0.0255,combined,0.6648,6.6400,0.0442,0.0669,0.0135
0.0410,1.0506,0.1335,combined,1.5529,6.4000,0.0224,0.0011,0.0410
0.0644,2.0245,0.0469,lateral,1.0338,5.3600,0.0608,-0.0022,0.0644
0.1118,0.4143,0.0958,lateral,0.8768,5.4800,0.0036,0.0955,0.0580
0.0856,3.4257,0.0676,combined,0.9922,5.0800,0.0584,-0.0699,0.0493
0.1357,0.8464,0.0321,lateral,0.7760,4.1200,0.1087,0.0232,0.1337
0.1009,0.9860,0.2036,combined,1.0416,5.9400,0.0957,-0.0615,0.0800
0.1182,2.1232,0.1823,lateral,0.1322,6.7600,0.0859,-0.0627,0.1002
0.1950,0.2869,0.0573,combined,1.3298,6.8200,0.0841,0.1595,0.1122
0.0343,1.8682,0.0589,lateral,0.2252,5.7800,0.0086,0.0306,0.0156
0.0174,2.5681,0.0707,lateral,0.4620,7.1600,0.0099,-0.0121,0.0126
0.1572,2.0043,0.1911,combined,1.3589,4.1000,0.1572,-0.1356,0.0795
0.0278,0.2310,0.0334,straight,1.9837,7.5000,0.0243,-0.0131,0.0245
0.0682,5.5223,0.0381,straight,0.0480,5.0200,0.0173,0.0189,0.0655
0.0780,3.7937,0.1079,lateral,0.8089,7.3000,0.0446,0.0005,0.0780
0.0786,2.5063,0.0311,combined,1.7940,6.7800,0.0784,-0.0498,0.0609
0.0817,1.0114,0.1437,straight,1.7376,7.4800,0.0554,-0.0645,0.0502
0.0672,0.9436,0.3133,combined,1.5853,7.1200,0.0184,-0.0542,0.0397
0.0890,4.4908,0.1608,lateral,1.3771,5.2200,0.0890,-0.0415,0.0787
0.0995,1.6670,0.0381,turn,0.0000,5.5600,0.0000,nan,nan
0.0276,2.0562,0.0310,straight,0.3156,4.0200,0.0180,-0.0129,0.0244
0.0179,0.4247,0.1171,turn,0.0000,5.1200,0.0000,nan,nan
0.0767,4.7494,0.1641,straight,1.3350,5.1000,0.0767,-0.0735,0.0221
0.0113,1.5023,0.1646,combined,1.3274,7.0800,0.0082,-0.0099,0.0055
0.0756,0.3966,0.2519,straight,0.2567,6.5000,0.0190,0.0080,0.0752
0.0879,1.4501,0.1275,straight,1.9011,7.0800,0.0646,-0.0172,0.0862
0.0730,0.9316,0.2312,lateral,0.0609,6.1400,0.0334,0.0528,0.0505
0.0851,0.7967,0.0553,turn,0.0000,7.4200,0.0000,nan,nan
0.0154,6.9924,0.2518,combined,1.3807,7.8400,0.0151,0.0086,0.0128
0.0480,4.9190,0.1592,combined,1.8803,7.2600,0.0217,-0.0281,0.0389
0.0575,3.0067,0.1446,stand,0.0000,5.3000,0.0000,nan,nan
0.0257,0.1252,0.2160,lateral,0.8358,6.9400,0.0257,-0.0158,0.0202
0.1115,0.5738,0.0413,lateral,0.7899,6.1200,0.0817,-0.1106,0.0144
0.0879,1.5651,0.0941,straight,1.5253,5.0800,0.0457,0.0350,0.0806
0.1024,1.7802,0.1429,lateral,0.6974,5.1600,0.0918,-0.0583,0.0841
0.0389,1.8953,0.0214,combined,1.4301,7.2000,0.0244,0.0371,0.0119
0.0379,4.8700,0.0259,stand,0.0000,6.8800,0.0000,nan,nan
0.1326,4.2542,0.1585,turn,0.0000,7.6200,0.0000,nan,nan
0.0276,0.9335,0.0418,straight,0.6583,5.1400,0.0276,-0.0272,0.0048
0.0714,3.3505,0.1305,turn,0.0000,5.8600,0.0000,nan,nan
0.0263,4.4392,0.2129,straight,0.9009,7.3400,0.0084,0.0065,0.0255
0.1167,0.8999,0.1924,lateral,1.4297,5.6200,0.1167,-0.0039,0.1167
0.1693,11.6078,0.0347,stand,0.0000,6.8000,0.0000,nan,nan
0.1302,1.2526,0.1153,turn,0.0000,4.0200,0.0000,nan,nan
0.1080,0.8143,0.1573,combined,1.5650,5.2800,0.1019,-0.1071,0.0142
0.0165,2.9267,0.1289,turn,0.0000,4.3400,0.0000,nan,nan
0.0978,1.3196,0.0908,combined,0.7974,5.2000,0.0376,0.0606,0.0767
0.0558,0.9896,0.1136,straight,0.8140,7.4400,0.0311,-0.0404,0.0385
0.0880,7.3441,0.1732,lateral,0.4658,4.0000,0.0721,-0.0248,0.0844
0.0609,1.2808,0.2153,straight,0.9725,5.0600,0.0600,-0.0599,0.0106
0.1408,3.8392,0.0338,stand,0.0000,6.7000,0.0000,nan,nan
0.0551,1.1895,0.0468,straight,0.4841,6.0400,0.0283,0.0495,0.0243
0.0066,0.8987,0.2117,turn,0.0000,6.8000,0.0000,nan,nan
0.0769,1.4413,0.1216,combined,0.8718,6.0000,0.0521,-0.0028,0.0768
0.0180,3.4328,0.0852,straight,0.8137,4.8200,0.0037,0.0146,0.0106
0.0729,5.8202,0.1753,turn,0.0000,7.6000,0.0000,nan,nan
0.0585,4.5610,0.2512,straight,1.7174,7.9000,0.0275,0.0247,0.0530
0.0675,5.7918,0.2394,straight,0.3222,7.9600,0.0519,-0.0356,0.0574
0.0245,1.3710,0.0895,turn,0.0000,4.3000,0.0000,nan,nan
0.0148,1.4986,0.0237,straight,0.9927,6.0000,0.0002,0.0057,0.0136
0.1559,0.3912,0.0952,straight,0.2909,5.3800,0.1065,0.0113,0.1555
0.0783,0.9419,0.1439,turn,0.0000,4.0000,0.0000,nan,nan
0.0386,4.1381,0.1335,turn,0.0000,5.2800,0.0000,nan,nan
0.0791,2.5160,0.1361,lateral,1.4800,7.2600,0.0660,0.0483,0.0626
0.0551,4.5503,0.0703,stand,0.0000,7.3800,0.0000,nan,nan
0.1196,2.9776,0.0192,straight,0.9360,5.8400,0.1196,-0.0951,0.0726
0.0354,4.0514,0.1214,combined,1.8947,6.9600,0.0081,-0.0291,0.0202
0.1258,2.0974,0.2240,combined,0.7534,4.7400,0.1209,-0.0788,0.0980
0.0675,3.1301,0.0238,straight,0.4547,7.2000,0.0013,0.0088,0.0669
0.1562,9.1544,0.0349,stand,0.0000,5.5000,0.0000,nan,nan
0.2353,0.8042,0.1863,straight,1.5606,4.6400,0.2353,-0.2165,0.0921
0.0724,3.3149,0.2030,straight,0.7460,6.6800,0.0599,-0.0571,0.0446
0.0796,1.6456,0.0824,turn,0.0000,5.4200,0.0000,nan,nan
0.0301,1.1311,0.1669,straight,1.9428,5.1000,0.0301,-0.0224,0.0201
0.0343,2.1204,0.2482,turn,0.0000,6.3400,0.0000,nan,nan
0.1144,1.3947,0.0327,lateral,1.3456,7.3600,0.0893,0.0130,0.1137
0.1090,0.4735,0.2176,lateral,0.5896,5.7600,0.0806,-0.0841,0.0693
0.1169,2.5307,0.1168,straight,1.8227,7.0800,0.1028,-0.0926,0.0714
0.0308,4.0338,0.2824,lateral,1.0453,7.8800,0.0231,0.0305,0.0042
0.1124,4.6999,0.1888,combined,1.2547,4.0000,0.1124,-0.1092,0.0266
0.1419,0.2016,0.1022,lateral,1.2400,5.7400,0.0089,0.1418,0.0056
0.0818,0.2711,0.1295,combined,1.9401,4.2400,0.0791,-0.0308,0.0757
0.0914,3.6092,0.0760,combined,1.3601,6.9200,0.0824,0.0239,0.0882
0.0147,2.3394,0.1704,turn,0.0000,7.0000,0.0000,nan,nan
0.0555,4.1348,0.0379,stand,0.0000,6.8200,0.0000,nan,nan
0.0687,3.5867,0.1625,lateral,0.5582,6.6800,0.0224,0.0561,0.0397
0.0286,2.3847,0.0884,lateral,0.7010,6.0400,0.0113,-0.0280,0.0062
0.0588,0.7567,0.1025,straight,0.5663,6.0000,0.0586,-0.0582,0.0079
0.0777,0.2159,0.0967,combined,1.7751,6.9000,0.0777,-0.0690,0.0358
0.0638,4.2483,0.0343,stand,0.0000,4.6600,0.0000,nan,nan
0.0896,2.4809,0.2346,turn,0.0000,6.8000,0.0000,nan,nan
0.0601,2.0981,0.1998,turn,0.0000,7.5600,0.0000,nan,nan
0.0338,1.8236,0.1574,turn,0.0000,6.2800,0.0000,nan,nan
0.0498,1.0849,0.2007,straight,0.0904,4.2600,0.0477,-0.0495,0.0054
0.0687,1.2364,0.2169,turn,0.0000,4.4600,0.0000,nan,nan
0.0722,2.0423,0.0791,turn,0.0000,4.5400,0.0000,nan,nan
0.0698,1.3371,0.2183,combined,1.6062,7.4400,0.0019,0.0397,0.0574
0.1393,4.1396,0.0538,combined,2.2970,5.9800,0.1297,-0.1344,0.0365
0.0879,2.7924,0.0355,straight,0.6578,5.7400,0.0095,0.0567,0.0671
0.2167,13.1463,0.0243,stand,0.0000,4.1600,0.0000,nan,nan
0.1031,2.2172,0.2114,straight,0.8517,5.4200,0.1031,-0.0997,0.0263
0.0081,1.3719,0.1011,straight,0.5622,6.7200,0.0012,-0.0070,0.0041
0.1269,3.7227,0.0995,combined,1.8093,7.2000,0.1201,-0.0231,0.1248
0.0493,2.6371,0.2343,combined,1.2660,7.3600,0.0122,0.0374,0.0321
0.0946,2.3355,0.1186,turn,0.0000,4.3000,0.0000,nan,nan
0.0614,0.8338,0.2241,lateral,0.7358,6.4800,0.0614,-0.0461,0.0406
0.0086,2.7646,0.0791,turn,0.0000,6.5200,0.0000,nan,nan
0.0735,1.3511,0.0453,stand,0.0000,6.0600,0.0000,nan,nan
0.0412,2.7286,0.1417,lateral,1.3989,7.7000,0.0265,0.0140,0.0388
0.0993,0.4579,0.1503,combined,1.5482,4.4200,0.0993,-0.0980,0.0160
0.0754,0.5749,0.1643,turn,0.0000,6.2600,0.0000,nan,nan
0.1275,1.0324,0.1375,combined,1.5656,4.7400,0.1182,-0.1264,0.0169
0.0665,6.6172,0.1814,combined,1.7837,6.1200,0.0565,-0.0027,0.0665
0.0656,1.5851,0.0749,lateral,1.3985,6.4000,0.0630,-0.0180,0.0630
0.0324,2.3976,0.1550,straight,1.9041,5.2000,0.0324,-0.0304,0.0112
0.0383,5.0617,0.1519,combined,1.4141,6.6800,0.0217,-0.0362,0.0126
0.0616,2.7345,0.1065,turn,0.0000,6.0800,0.0000,nan,nan
0.1923,6.8211,0.0181,stand,0.0000,7.5200,0.0000,nan,nan
0.1019,3.4105,0.0293,straight,1.0576,4.9200,0.0180,0.0453,0.0913
0.1550,0.4637,0.1081,turn,0.0000,6.4800,0.0000,nan,nan
0.0624,1.5128,0.1823,lateral,0.3785,4.0400,0.0087,0.0617,0.0089
0.1880,3.8147,0.0037,stand,0.0000,4.9600,0.0000,nan,nan
0.0469,3.2721,0.1538,combined,1.6097,7.9600,0.0237,0.0345,0.0317
0.0356,3.2026,0.0739,combined,1.5610,5.4600,0.0351,-0.0102,0.0341
0.0297,1.8299,0.1758,combined,0.6957,5.4800,0.0063,0.0258,0.0146
0.0716,3.4083,0.1005,straight,0.7129,7.7600,0.0347,0.0223,0.0681
0.0130,2.7169,0.2308,turn,0.0000,5.1800,0.0000,nan,nan
0.2564,1.8463,0.0916,combined,0.4367,5.3800,0.2476,-0.2564,0.0020
0.0890,0.0916,0.0465,straight,0.4465,5.9600,0.0392,0.0009,0.0890
0.1133,19.3689,0.0228,stand,0.0000,5.7000,0.0000,nan,nan
0.0994,4.5908,0.1117,straight,1.9120,7.9800,0.0833,-0.0676,0.0729
0.0422,1.4678,0.2123,lateral,0.2752,6.1600,0.0191,-0.0036,0.0420
0.1570,1.4774,0.1717,turn,0.0000,4.9400,0.0000,nan,nan
0.2208,13.3495,0.0374,stand,0.0000,5.5800,0.0000,nan,nan
0.1508,1.2602,0.1903,turn,0.0000,6.6000,0.0000,nan,nan
0.1059,8.2047,0.0342,stand,0.0000,6.2400,0.0000,nan,nan
0.1461,4.0159,0.1783,lateral,1.3596,7.1200,0.0813,-0.1316,0.0635
0.0774,5.0856,0.1277,straight,1.2046,6.2400,0.0318,0.0744,0.0213
0.0242,2.9841,0.1559,combined,1.3960,5.0600,0.0242,-0.0065,0.0233
0.0987,2.8356,0.2447,combined,2.0385,4.9400,0.0522,0.0164,0.0973
0.1814,4.9960,0.0245,stand,0.0000,7.8000,0.0000,nan,nan
0.2626,4.8876,0.1993,combined,2.1837,4.6800,0.2626,-0.0509,0.2576
0.0846,6.1321,0.1181,turn,0.0000,7.3800,0.0000,nan,nan
0.0709,6.3137,0.1946,combined,1.4988,6.7200,0.0323,0.0409,0.0578
0.0793,4.5318,0.0594,straight,1.3519,6.4000,0.0474,0.0048,0.0792
0.0807,1.3930,0.0527,combined,0.8336,5.6600,0.0754,-0.0565,0.0576
0.0843,4.8080,0.1213,combined,1.3606,7.8400,0.0018,0.0575,0.0616
0.1080,0.0278,0.0661,combined,1.5890,5.1600,0.1080,-0.1037,0.0301
0.1600,0.6093,0.1079,straight,1.9917,7.8400,0.0608,0.0753,0.1411
0.0844,2.2066,0.1950,combined,1.3819,5.1200,0.0818,-0.0844,0.0000
0.0883,4.7247,0.0737,straight,1.1852,5.8800,0.0883,-0.0834,0.0290
0.1307,1.6238,0.1756,combined,1.3650,6.3600,0.1255,-0.1047,0.0782
0.0660,1.0677,0.2189,straight,0.9675,6.2200,0.0357,0.0412,0.0515
0.0090,1.4983,0.1530,combined,0.8075,7.0000,0.0090,0.0022,0.0087
0.0619,3.7743,0.2874,combined,1.4332,7.6000,0.0056,0.0331,0.0524
0.1047,2.4357,0.2163,lateral,1.4856,5.1000,0.1047,-0.0347,0.0988
0.0520,1.9779,0.0810,combined,2.1842,5.7200,0.0520,-0.0489,0.0178
0.1384,0.5006,0.1443,lateral,1.2688,4.7800,0.1384,0.0265,0.1358
0.0725,2.6897,0.0487,combined,1.4414,6.1600,0.0463,-0.0500,0.0525
0.2240,7.4971,0.0382,stand,0.0000,6.2200,0.0000,nan,nan
0.1199,0.3296,0.0556,lateral,1.4356,5.7600,0.1007,-0.1027,0.0618
0.1143,1.2918,0.0663,straight,1.4109,7.6400,0.1104,-0.1064,0.0417
0.1085,3.3308,0.1423,lateral,1.4442,6.0200,0.1050,-0.1055,0.0253
0.0568,0.2768,0.0848,lateral,0.2893,5.9400,0.0568,-0.0232,0.0519
0.0695,3.6429,0.1258,straight,0.0610,7.0600,0.0436,-0.0344,0.0604
0.0406,1.0706,0.0740,straight,1.4855,5.1600,0.0406,-0.0406,0.0021
0.0344,2.2208,0.0802,lateral,0.0823,7.0200,0.0138,-0.0000,0.0344
0.0758,4.2744,0.0810,combined,2.2231,5.0600,0.0758,-0.0712,0.0259
0.0593,5.3922,0.0428,turn,0.0000,5.9600,0.0000,nan,nan
0.0809,2.6129,0.1912,straight,0.7943,7.6000,0.0725,-0.0789,0.0180
0.1624,4.7609,0.0181,lateral,0.9167,6.7000,0.1116,-0.1537,0.0523
0.0556,4.0085,0.0763,combined,1.0274,4.4000,0.0351,-0.0238,0.0502
0.0476,3.5623,0.1780,straight,1.3062,4.7600,0.0393,-0.0437,0.0189
0.0749,0.1411,0.2087,turn,0.0000,5.3400,0.0000,nan,nan
0.1600,3.4391,0.2036,combined,2.2790,5.3600,0.1378,-0.0870,0.1343
0.0876,3.4075,0.0323,lateral,0.9568,6.5200,0.0308,0.0674,0.0559
0.1348,2.1095,0.0282,combined,1.4513,4.8800,0.1339,-0.0981,0.0924
0.1395,3.5011,0.2993,straight,1.8941,5.9800,0.1394,-0.0398,0.1337
0.0967,6.0409,0.1267,turn,0.0000,7.8200,0.0000,nan,nan
0.1001,0.1924,0.1950,turn,0.0000,5.2800,0.0000,nan,nan
0.0636,2.7639,0.1957,straight,0.0956,5.1400,0.0423,-0.0114,0.0626
0.1468,8.3612,0.0055,stand,0.0000,6.5600,0.0000,nan,nan
0.1484,0.6877,0.0843,lateral,0.7644,6.7200,0.1315,-0.1466,0.0232
0.1501,3.3038,0.0511,stand,0.0000,7.8200,0.0000,nan,nan
0.1582,2.3796,0.1317,combined,1.2516,5.7400,0.1580,-0.1518,0.0447
0.0379,4.5423,0.0545,lateral,1.0377,4.8000,0.0295,-0.0259,0.0276
0.0504,1.1183,0.0889,lateral,1.0771,5.1800,0.0196,0.0494,0.0098
0.1138,2.0160,0.0901,turn,0.0000,7.4600,0.0000,nan,nan
0.0942,3.2462,0.0353,combined,0.7340,6.7800,0.0859,-0.0779,0.0530
0.0128,2.8825,0.1642,straight,1.2161,6.6000,0.0083,0.0050,0.0117
0.1387,0.2336,0.0554,lateral,1.0135,5.1400,0.1269,-0.1384,0.0099
0.0878,0.3844,0.0923,turn,0.0000,7.4600,0.0000,nan,nan
0.1898,3.7102,0.1262,combined,1.7693,4.2800,0.1898,-0.1892,0.0148
0.1142,1.5819,0.1296,combined,0.6344,5.2600,0.1137,-0.0796,0.0819
0.1748,4.8698,0.0131,lateral,0.0125,4.3400,0.0059,-0.0294,0.1723
0.0321,0.8039,0.2375,turn,0.0000,6.3200,0.0000,nan,nan
0.0423,3.1708,0.0379,combined,1.4955,4.6400,0.0423,-0.0295,0.0304
0.1412,3.3034,0.1644,combined,1.8112,5.5800,0.1407,-0.0759,0.1191
0.0980,0.8684,0.0422,straight,0.7629,7.0600,0.0980,-0.0912,0.0357
0.0931,1.3433,0.1689,turn,0.0000,5.3200,0.0000,nan,nan
0.0376,4.9438,0.1268,combined,1.9051,4.3000,0.0344,0.0003,0.0376
0.0468,1.9752,0.0450,turn,0.0000,7.7600,0.0000,nan,nan
0.1075,1.4811,0.1568,combined,0.6746,6.0800,0.1053,-0.0053,0.1073
0.1022,2.3567,0.0964,lateral,0.7945,5.4000,0.0889,-0.0589,0.0835
0.1346,4.9245,0.1676,lateral,0.2096,4.5200,0.1151,-0.0908,0.0993
0.1054,0.3735,0.0388,straight,0.7946,4.0200,0.1054,-0.0961,0.0432
0.2222,1.0394,0.0526,lateral,0.9990,4.0000,0.2117,-0.1961,0.1043
0.1234,5.0953,0.2127,lateral,1.1375,4.0000,0.1234,-0.1053,0.0644
0.0463,2.3195,0.1880,combined,0.7790,4.0200,0.0157,0.0442,0.0138
0.1022,4.7298,0.0279,turn,0.0000,4.0200,0.0000,nan,nan
0.0790,5.8257,0.1347,turn,0.0000,4.0200,0.0000,nan,nan
0.0372,4.4833,0.0318,combined,0.9031,4.0400,0.0254,0.0045,0.0369
0.0935,0.6447,0.0443,combined,0.9406,4.0800,0.0783,-0.0319,0.0879
0.1156,2.5203,0.0941,straight,0.8240,4.1000,0.1031,-0.0602,0.0988
0.2758,2.5001,0.0839,straight,1.4478,4.1000,0.2758,-0.2747,0.0247
0.1146,3.7230,0.0269,combined,2.1936,4.1000,0.1122,-0.0356,0.1090
0.0727,1.9726,0.1277,straight,1.3335,4.1000,0.0692,-0.0619,0.0381
0.0538,2.2475,0.2258,turn,0.0000,4.0600,0.0000,nan,nan
0.2353,5.0846,0.0932,lateral,1.3703,4.1200,0.2344,-0.2258,0.0662
0.0253,1.0983,0.1582,combined,1.4534,4.1200,0.0065,0.0132,0.0216
0.0725,2.0882,0.1353,combined,0.6770,4.1600,0.0616,-0.0700,0.0187
0.1526,2.0882,0.1460,straight,1.9829,4.1200,0.1502,-0.0944,0.1199
0.0849,0.4861,0.1349,straight,1.8054,4.2000,0.0849,-0.0815,0.0238
0.1373,0.8802,0.1312,combined,1.8047,4.2000,0.1373,-0.1371,0.0058
0.2117,2.4117,0.3762,combined,1.9399,4.2200,0.2117,-0.2011,0.0662
0.0425,5.9988,0.0797,turn,0.0000,4.2200,0.0000,nan,nan
0.0849,1.9774,0.2539,combined,0.5492,4.2400,0.0691,-0.0792,0.0305
0.1094,1.1028,0.1502,straight,1.0190,4.2600,0.0537,0.0913,0.0602
0.1487,0.3566,0.1026,straight,0.3128,4.2600,0.1391,-0.1475,0.0188
0.0352,1.7881,0.1177,combined,1.1910,4.2800,0.0352,-0.0299,0.0186
0.1147,2.7028,0.1281,turn,0.0000,4.3000,0.0000,nan,nan
0.0425,1.8026,0.0004,stand,0.0000,4.3000,0.0000,nan,nan
0.0549,1.6006,0.2978,lateral,1.3567,4.3000,0.0549,-0.0147,0.0529
0.1939,1.7509,0.2436,combined,1.5621,4.2600,0.1939,-0.1902,0.0373
0.0582,0.6427,0.2631,turn,0.0000,4.2800,0.0000,nan,nan
0.1019,3.4431,0.0155,combined,0.8170,4.3200,0.1011,-0.0993,0.0229
0.0101,1.7206,0.1028,turn,0.0000,4.3400,0.0000,nan,nan
0.2639,0.7247,0.1017,straight,1.7601,4.3600,0.2639,-0.2624,0.0287
0.1398,2.0279,0.1589,turn,0.0000,4.3800,0.0000,nan,nan
0.1116,3.4289,0.1608,combined,1.5267,4.4000,0.0979,-0.1087,0.0252
0.0656,1.6505,0.0909,turn,0.0000,4.4200,0.0000,nan,nan
0.1190,0.9162,0.1661,turn,0.0000,4.4400,0.0000,nan,nan
0.0845,0.2902,0.2711,turn,0.0000,4.4400,0.0000,nan,nan
0.1065,2.6808,0.0398,combined,1.7635,4.5200,0.1054,-0.1049,0.0181
0.0485,3.4106,0.0489,turn,0.0000,4.5400,0.0000,nan,nan
0.0782,3.9172,0.1729,lateral,1.4714,4.5400,0.0090,0.0400,0.0672
0.0713,7.5617,0.0637,turn,0.0000,4.5400,0.0000,nan,nan
0.1004,2.8111,0.1838,combined,1.3599,4.5400,0.0783,0.0324,0.0951
0.0753,2.1389,0.2741,turn,0.0000,4.5600,0.0000,nan,nan
0.1153,1.9207,0.0449,turn,0.0000,4.5800,0.0000,nan,nan
0.0623,0.5583,0.0405,straight,0.3042,4.6200,0.0336,0.0552,0.0289
0.2039,0.1202,0.1166,combined,1.4700,4.6600,0.2039,-0.2002,0.0386
0.1595,1.0747,0.1759,turn,0.0000,4.6200,0.0000,nan,nan
0.1202,0.7246,0.0744,lateral,0.2944,4.6800,0.1025,-0.0200,0.1185
0.1271,1.2965,0.1480,lateral,0.9918,4.6800,0.1260,-0.0912,0.0886
0.1070,2.5334,0.0872,combined,1.0667,4.7200,0.0954,-0.0441,0.0975
0.0924,1.9813,0.0875,combined,1.3570,4.7200,0.0480,-0.0564,0.0732
0.1009,1.2367,0.2317,lateral,0.5409,4.7200,0.0818,0.0868,0.0515
0.2600,2.6573,0.3751,combined,2.0321,4.7400,0.2600,-0.2532,0.0592
0.0852,3.9858,0.2176,turn,0.0000,4.7800,0.0000,nan,nan
0.0193,4.5028,0.2283,straight,0.8412,4.7400,0.0127,-0.0080,0.0175
0.0183,3.5908,0.0428,stand,0.0000,4.8000,0.0000,nan,nan
0.0546,0.5687,0.0655,combined,1.5020,4.8200,0.0461,0.0399,0.0373
0.1338,5.3791,0.0388,combined,0.6941,4.8400,0.1038,-0.1192,0.0608
0.0435,3.4047,0.1232,combined,1.6673,4.8400,0.0435,0.0024,0.0434
0.0449,6.0212,0.1297,straight,1.2522,4.8200,0.0449,-0.0360,0.0269
0.1254,0.9970,0.0592,combined,1.2441,4.9400,0.1252,-0.1238,0.0202
0.1600,3.6355,0.1430,turn,0.0000,4.9400,0.0000,nan,nan
0.1522,2.0342,0.0527,turn,0.0000,4.9600,0.0000,nan,nan
0.1655,0.1539,0.0612,straight,1.5697,4.9400,0.1655,-0.1604,0.0407
0.0964,4.1009,0.2167,turn,0.0000,5.0200,0.0000,nan,nan
0.0864,1.6475,0.2259,straight,0.1483,5.0200,0.0064,0.0095,0.0859
0.0842,2.2576,0.1724,combined,0.3732,5.0400,0.0770,0.0021,0.0842
0.0207,1.1626,0.2157,combined,1.4991,5.0400,0.0025,0.0170,0.0118
0.1387,1.9027,0.0595,straight,1.9788,5.0600,0.1387,-0.1242,0.0618
0.1245,1.3860,0.1236,combined,1.9311,5.0600,0.1218,-0.1033,0.0695
0.1121,1.8397,0.2138,combined,1.2041,5.1200,0.0292,0.1069,0.0336
0.0842,0.9680,0.0588,straight,0.5364,5.1400,0.0428,0.0835,0.0101
0.0257,3.4215,0.2475,lateral,0.3418,5.1400,0.0132,0.0111,0.0232
0.0597,4.8862,0.0524,turn,0.0000,5.1200,0.0000,nan,nan
0.0689,0.3670,0.1748,turn,0.0000,5.1800,0.0000,nan,nan
0.0108,5.3571,0.1255,lateral,0.6652,5.1800,0.0041,0.0079,0.0073
0.0326,1.9780,0.3046,combined,0.3491,5.2200,0.0299,-0.0005,0.0326
0.1368,1.2613,0.1071,straight,1.4524,5.2400,0.0601,0.0164,0.1358
0.0732,0.5347,0.0471,stand,0.0000,5.2400,0.0000,nan,nan
0.0170,2.8813,0.2388,straight,1.7529,5.2400,0.0170,-0.0046,0.0164
0.0816,0.2335,0.1108,straight,1.4678,5.2400,0.0540,0.0332,0.0746
0.0993,4.4156,0.1894,straight,1.5418,5.2600,0.0993,-0.0780,0.0614
0.0430,1.3425,0.1353,combined,0.4118,5.2800,0.0084,0.0333,0.0272
0.0502,1.0972,0.0573,lateral,0.4143,5.3200,0.0005,0.0452,0.0217
0.0353,0.5396,0.2229,lateral,0.1908,5.3400,0.0048,-0.0001,0.0353
0.1019,21.4218,0.0189,stand,0.0000,5.3400,0.0000,nan,nan
0.0768,1.2779,0.0482,lateral,1.1560,5.3600,0.0323,0.0760,0.0111
0.0489,2.8750,0.0475,lateral,0.3694,5.3600,0.0114,0.0096,0.0480
0.1068,0.8658,0.0563,straight,1.5244,5.4200,0.0226,0.1062,0.0114
0.0403,0.2832,0.0606,combined,1.6545,5.4000,0.0403,-0.0261,0.0308
0.1034,3.8149,0.0447,combined,0.4477,5.4400,0.0497,0.0818,0.0633
0.1427,6.4346,0.1777,lateral,0.9825,5.4600,0.1357,-0.1416,0.0173
0.0937,1.2108,0.1854,combined,0.3871,5.4600,0.0483,0.0488,0.0800
0.0994,2.3255,0.0644,turn,0.0000,5.4600,0.0000,nan,nan
0.0696,3.7439,0.1473,turn,0.0000,5.4800,0.0000,nan,nan
0.0832,4.0887,0.0939,combined,1.8117,5.5000,0.0137,0.0831,0.0029
0.1190,2.0128,0.1485,combined,1.6969,4.4200,0.1175,-0.1147,0.0316
0.0630,2.0327,0.0548,lateral,0.8250,4.5800,0.0508,-0.0081,0.0625
0.0958,4.2014,0.1758,combined,1.3847,5.5200,0.0897,-0.0132,0.0949
0.0302,1.3359,0.0475,lateral,1.1795,5.5200,0.0024,0.0273,0.0131
0.0388,5.2487,0.2554,lateral,0.4769,5.5400,0.0317,-0.0373,0.0108
0.0204,1.4921,0.0624,straight,0.2668,5.5800,0.0085,0.0184,0.0087
0.1659,4.7305,0.0234,straight,0.7827,5.5800,0.1650,-0.1419,0.0858
0.0959,3.6147,0.1675,lateral,1.2333,5.5800,0.0922,-0.0955,0.0082
0.1176,0.0973,0.0562,straight,0.4595,5.5800,0.0939,0.0020,0.1175
0.0736,0.1801,0.1847,combined,1.8541,5.6000,0.0693,-0.0353,0.0646
0.0334,3.6926,0.0478,turn,0.0000,5.6200,0.0000,nan,nan
0.0412,4.3966,0.1252,combined,1.2219,5.6400,0.0237,0.0192,0.0365
0.0821,5.6820,0.2029,combined,1.5066,5.6200,0.0702,-0.0440,0.0693
0.0440,0.8911,0.0856,combined,1.3986,5.6600,0.0365,-0.0071,0.0435
0.0211,0.4124,0.0085,lateral,0.6200,5.6400,0.0103,0.0106,0.0183
0.5982,7.0356,0.0344,stand,0.0000,4.9000,0.0000,nan,nan
0.0357,1.4306,0.0183,turn,0.0000,5.7200,0.0000,nan,nan
0.0839,0.4739,0.0305,turn,0.0000,5.7200,0.0000,nan,nan
0.0347,0.4906,0.1305,straight,1.8139,5.7000,0.0347,-0.0127,0.0323
0.1388,2.1578,0.1127,lateral,0.3040,5.7600,0.1279,-0.0578,0.1262
0.1303,0.1053,0.2276,combined,1.6521,5.7800,0.0128,0.1301,0.0065
0.1444,2.6173,0.1899,combined,1.7908,5.7400,0.1444,-0.0624,0.1303
0.0796,2.9739,0.0144,straight,1.2765,5.7800,0.0743,-0.0787,0.0118
0.0501,3.4535,0.0577,combined,0.6732,5.8000,0.0160,0.0310,0.0393
0.0706,4.8796,0.0506,turn,0.0000,5.8000,0.0000,nan,nan
0.0681,6.5423,0.0605,straight,0.3521,4.7800,0.0175,0.0279,0.0621
0.0825,3.2894,0.1224,turn,0.0000,5.8200,0.0000,nan,nan
0.0842,0.9541,0.1189,straight,0.8113,5.8200,0.0049,-0.0225,0.0811
0.0489,0.4828,0.1436,turn,0.0000,5.8200,0.0000,nan,nan
0.0505,4.0637,0.0286,stand,0.0000,5.8600,0.0000,nan,nan
0.1201,1.9062,0.0762,turn,0.0000,5.9000,0.0000,nan,nan
0.1665,0.0228,0.0661,straight,1.8006,5.9200,0.1585,-0.1636,0.0305
0.1866,0.7869,0.0812,combined,1.3036,5.9200,0.0789,0.1702,0.0765
0.0163,0.0642,0.0601,lateral,0.4040,5.9200,0.0014,-0.0122,0.0108
0.0393,0.2280,0.0224,stand,0.0000,5.9400,0.0000,nan,nan
0.0466,0.1627,0.2232,straight,1.5161,5.9400,0.0196,-0.0235,0.0403
0.0062,3.7944,0.0827,straight,0.3920,5.9600,0.0031,-0.0029,0.0055
0.0264,9.2107,0.0337,stand,0.0000,5.9800,0.0000,nan,nan
0.0523,1.5442,0.2309,combined,0.5547,6.0000,0.0399,-0.0123,0.0508
0.1885,3.6847,0.0331,combined,1.4499,6.0400,0.0498,0.1382,0.1282
0.1293,0.8194,0.0457,turn,0.0000,6.0600,0.0000,nan,nan
0.1292,1.1045,0.0582,stand,0.0000,6.1000,0.0000,nan,nan
0.0304,0.4100,0.0672,combined,1.5011,6.1000,0.0009,0.0274,0.0130
0.0379,4.6840,0.2955,lateral,0.3218,6.1000,0.0019,-0.0372,0.0071
0.0182,6.5051,0.2069,turn,0.0000,6.1200,0.0000,nan,nan
0.1682,2.0603,0.0232,combined,0.8810,6.1600,0.0676,0.1412,0.0914
0.0738,0.7551,0.0271,stand,0.0000,6.1600,0.0000,nan,nan
0.0462,0.8700,0.1149,straight,1.1034,6.1800,0.0340,-0.0461,0.0031
0.0176,5.8591,0.1946,combined,1.6400,6.1800,0.0176,0.0022,0.0174
0.0919,1.2175,0.0279,combined,1.6497,6.1800,0.0901,-0.0907,0.0148
0.0760,1.3679,0.0530,turn,0.0000,6.1600,0.0000,nan,nan
0.0655,4.5883,0.0444,stand,0.0000,6.2000,0.0000,nan,nan
0.0104,2.0561,0.0876,turn,0.0000,6.2200,0.0000,nan,nan
0.0427,9.4431,0.0372,stand,0.0000,6.2400,0.0000,nan,nan
0.1404,1.8433,0.0617,lateral,1.0794,6.2600,0.0361,0.1046,0.0936
0.1146,11.1557,0.0400,stand,0.0000,6.2800,0.0000,nan,nan
0.0627,2.6841,0.0640,lateral,1.2628,6.3000,0.0490,-0.0528,0.0338
0.0326,3.0630,0.0954,straight,0.5854,6.3000,0.0278,0.0299,0.0130
0.0961,1.3060,0.0690,combined,0.7636,6.3200,0.0850,-0.0955,0.0106
0.1164,0.8966,0.1617,straight,1.5159,6.3200,0.0322,0.1101,0.0379
0.0941,1.8054,0.1045,turn,0.0000,6.3400,0.0000,nan,nan
0.0137,2.9541,0.1162,combined,1.9676,6.3600,0.0137,-0.0024,0.0135
0.0975,3.0555,0.0626,combined,1.4271,6.4000,0.0773,0.0569,0.0792
0.0466,1.2712,0.0424,turn,0.0000,6.3800,0.0000,nan,nan
0.0098,1.5994,0.0648,combined,0.7063,6.4400,0.0002,-0.0008,0.0097
0.1204,4.2114,0.1825,turn,0.0000,6.4600,0.0000,nan,nan
0.0386,3.3676,0.0193,stand,0.0000,6.4600,0.0000,nan,nan
0.1366,3.9748,0.1125,straight,1.8627,6.4800,0.0009,0.1264,0.0518
0.0789,4.3130,0.1179,lateral,0.9401,6.4800,0.0762,0.0308,0.0726
0.1473,5.6065,0.2322,combined,1.1677,6.5000,0.0946,0.0810,0.1231
0.1194,2.2786,0.0307,combined,1.6538,6.5400,0.1102,-0.1092,0.0482
0.0560,3.7067,0.2264,combined,1.8918,6.5400,0.0372,-0.0522,0.0202
0.1347,1.1790,0.0551,combined,1.5168,6.5400,0.0329,0.0424,0.1278
0.1436,1.6342,0.1798,lateral,1.2539,6.5600,0.1225,-0.1183,0.0815
0.0824,6.1982,0.0752,lateral,1.3372,6.5600,0.0783,0.0040,0.0823
0.0300,3.2298,0.0169,straight,1.6908,6.5600,0.0196,-0.0119,0.0275
0.0347,0.4881,0.2536,lateral,0.1587,6.5800,0.0152,0.0109,0.0329
0.0644,3.9873,0.1544,turn,0.0000,6.5800,0.0000,nan,nan
0.1115,3.4729,0.0823,turn,0.0000,6.6200,0.0000,nan,nan
0.1112,5.0005,0.0005,stand,0.0000,6.6400,0.0000,nan,nan
0.0592,2.0820,0.0586,stand,0.0000,6.6800,0.0000,nan,nan
0.1435,1.0294,0.0334,stand,0.0000,6.6800,0.0000,nan,nan
0.0870,0.4545,0.0808,lateral,0.2246,6.7200,0.0497,-0.0429,0.0756
0.0403,2.2533,0.0736,combined,0.9955,6.7200,0.0145,-0.0333,0.0227
0.0937,1.0836,0.0286,stand,0.0000,6.7600,0.0000,nan,nan
0.0938,2.4631,0.0625,straight,1.4839,6.8000,0.0856,-0.0775,0.0529
0.0915,2.2981,0.1232,lateral,0.5104,6.8200,0.0213,0.0684,0.0607
0.1328,0.2841,0.1844,turn,0.0000,6.8400,0.0000,nan,nan
0.0923,2.3037,0.0318,lateral,0.8950,6.8400,0.0372,0.0786,0.0484
0.0527,3.2020,0.0455,combined,1.4926,6.8600,0.0507,-0.0420,0.0318
0.0423,0.0818,0.1446,turn,0.0000,6.8800,0.0000,nan,nan
0.1455,2.2222,0.0318,straight,0.5441,6.8800,0.0352,0.1043,0.1014
0.0834,1.7271,0.0740,lateral,0.4435,6.9200,0.0638,-0.0606,0.0573
0.0843,2.0298,0.1169,turn,0.0000,6.9200,0.0000,nan,nan
0.0518,4.3840,0.0181,lateral,0.4905,6.9400,0.0516,-0.0304,0.0419
0.0909,0.7597,0.1644,lateral,1.3437,6.9000,0.0070,0.0623,0.0662
0.0393,0.0444,0.1568,lateral,0.1947,6.9800,0.0310,0.0199,0.0338
0.0815,3.9999,0.1412,lateral,1.1246,7.0000,0.0672,0.0303,0.0756
0.0175,2.3954,0.0382,stand,0.0000,7.0000,0.0000,nan,nan
0.0369,1.8528,0.1538,combined,0.8221,7.0000,0.0196,0.0047,0.0366
0.0605,0.9806,0.1124,straight,1.7061,7.0200,0.0224,0.0478,0.0372
0.1272,1.3739,0.0971,turn,0.0000,7.0200,0.0000,nan,nan
0.0901,0.2312,0.0316,stand,0.0000,7.0400,0.0000,nan,nan
0.1006,2.7091,0.2569,straight,1.8962,7.0600,0.0931,-0.0677,0.0745
0.0660,4.4246,0.0258,turn,0.0000,7.1000,0.0000,nan,nan
0.0660,0.0523,0.0184,stand,0.0000,7.1000,0.0000,nan,nan
0.0356,3.3917,0.0345,turn,0.0000,7.1200,0.0000,nan,nan
0.0539,5.1984,0.0079,combined,1.6906,7.1400,0.0389,-0.0529,0.0101
0.0792,3.0593,0.1713,straight,1.4605,7.1600,0.0564,-0.0389,0.0690
0.0405,4.3686,0.2577,straight,1.9180,7.1600,0.0240,0.0029,0.0404
0.1030,1.2094,0.1366,combined,1.9918,7.1600,0.1030,-0.0539,0.0878
0.0469,4.7144,0.0726,lateral,1.0252,7.1800,0.0444,-0.0391,0.0259
0.1102,2.4577,0.0572,turn,0.0000,7.2200,0.0000,nan,nan
0.1005,1.9629,0.2527,turn,0.0000,7.2400,0.0000,nan,nan
0.0513,2.2113,0.1839,lateral,1.3403,7.2600,0.0443,0.0351,0.0374
0.0987,1.7786,0.1328,turn,0.0000,7.2600,0.0000,nan,nan
0.0398,4.4068,0.0221,combined,1.4142,6.9600,0.0099,0.0203,0.0343
0.0247,2.4711,0.0618,combined,1.0968,7.3000,0.0056,0.0204,0.0139
0.0414,1.6306,0.1889,turn,0.0000,7.3200,0.0000,nan,nan
0.1482,0.1880,0.0414,lateral,0.6277,7.3800,0.0334,-0.1481,0.0057
0.0614,0.7345,0.2335,lateral,0.5212,6.1400,0.0530,-0.0476,0.0387
0.0647,0.1523,0.0687,turn,0.0000,7.4000,0.0000,nan,nan
0.1054,2.7900,0.0480,stand,0.0000,7.4000,0.0000,nan,nan
0.1280,0.9799,0.0611,combined,1.2809,7.4400,0.1112,-0.1255,0.0251
0.0590,4.0689,0.2128,turn,0.0000,7.4600,0.0000,nan,nan
0.0577,1.6895,0.1657,combined,1.3280,7.4200,0.0028,0.0563,0.0129
0.0416,2.3454,0.1181,straight,1.7883,7.4800,0.0196,0.0043,0.0413
0.1018,3.2642,0.0585,lateral,0.3606,7.4800,0.0426,0.0323,0.0965
0.0853,4.3053,0.1765,combined,0.4541,7.4800,0.0131,0.0635,0.0568
0.0514,1.0277,0.0084,combined,0.8515,7.4800,0.0032,0.0137,0.0495
0.0675,1.4062,0.1108,straight,1.4773,7.4800,0.0215,0.0434,0.0517
0.0443,1.9507,0.0933,turn,0.0000,7.5200,0.0000,nan,nan
0.0455,0.0030,0.1353,combined,1.1741,7.5200,0.0327,0.0101,0.0444
0.0811,2.2708,0.0545,turn,0.0000,7.5600,0.0000,nan,nan
0.0466,3.6111,0.1377,straight,1.2206,7.5600,0.0423,-0.0361,0.0295
0.0971,6.5610,0.1041,combined,1.8693,7.5800,0.0678,-0.0503,0.0831
0.0511,5.3308,0.2081,turn,0.0000,7.5800,0.0000,nan,nan
0.1432,1.6129,0.0283,straight,1.5475,7.5800,0.1223,-0.0636,0.1283
0.0829,2.3373,0.0557,combined,1.1963,7.5600,0.0618,0.0075,0.0825
0.1580,0.9826,0.0818,turn,0.0000,7.6200,0.0000,nan,nan
0.0471,1.9648,0.2485,combined,2.2577,7.6400,0.0389,0.0286,0.0374
0.0242,1.1819,0.2008,combined,1.5803,7.6600,0.0153,-0.0030,0.0240
0.0749,0.9732,0.0243,turn,0.0000,7.7000,0.0000,nan,nan
0.0656,2.0873,0.0663,straight,0.7712,7.7000,0.0233,0.0455,0.0472
0.1215,3.1793,0.0212,straight,0.4081,7.7200,0.1140,-0.1026,0.0651
0.1249,1.7515,0.0754,turn,0.0000,7.7600,0.0000,nan,nan
0.0532,0.7960,0.0837,combined,0.5611,7.7800,0.0091,-0.0415,0.0334
0.1503,0.3411,0.0115,straight,1.7538,7.8000,0.0445,0.0855,0.1236
0.0387,3.9455,0.2408,lateral,0.2147,7.8000,0.0039,0.0129,0.0365
0.0667,2.0594,0.0636,lateral,0.2448,7.8000,0.0214,-0.0291,0.0600
0.0660,3.0527,0.0833,combined,1.1772,7.8400,0.0444,-0.0649,0.0120
0.0209,2.5248,0.0538,straight,1.3400,7.8400,0.0017,0.0004,0.0209
0.1121,5.1609,0.1807,combined,1.3988,7.9000,0.1050,-0.0354,0.1063
0.0465,3.3011,0.0078,stand,0.0000,7.8600,0.0000,nan,nan
0.0324,0.1870,0.0257,stand,0.0000,7.9200,0.0000,nan,nan
0.1528,1.2036,0.0565,straight,0.8674,7.9400,0.0571,0.0478,0.1451
0.0172,0.3378,0.0360,combined,1.9614,7.9600,0.0045,0.0161,0.0061
0.0404,4.9176,0.0200,stand,0.0000,7.9800,0.0000,nan,nan
0.1434,4.3991,0.1191,straight,1.3307,7.9800,0.1265,-0.1212,0.0767
0.1561,2.2226,0.0650,straight,1.5873,4.1200,0.1503,-0.1427,0.0633
0.0943,0.9904,0.0354,turn,0.0000,4.0400,0.0000,nan,nan
0.0658,1.4627,0.1350,combined,1.8598,4.1800,0.0647,-0.0485,0.0445
0.1716,0.1639,0.1996,lateral,0.7479,4.0800,0.1716,-0.1068,0.1343
0.0483,0.9592,0.0461,straight,1.2139,7.7400,0.0442,-0.0472,0.0105
0.1381,2.2536,0.1198,turn,0.0000,4.3800,0.0000,nan,nan
0.0819,2.1170,0.2161,straight,1.0231,4.2800,0.0669,-0.0073,0.0815
0.0717,1.6479,0.0092,turn,0.0000,4.4800,0.0000,nan,nan
0.1497,1.7841,0.0462,combined,1.9500,4.0200,0.1484,-0.1497,0.0053
0.1770,0.7164,0.1443,straight,0.9585,4.1000,0.1726,-0.1542,0.0869
0.0716,0.3847,0.0437,lateral,1.2533,4.6800,0.0292,0.0325,0.0637
0.0865,2.2206,0.0693,straight,1.0149,4.9800,0.0628,0.0299,0.0812
0.0454,1.9405,0.0686,turn,0.0000,4.9400,0.0000,nan,nan
0.0926,2.1504,0.1394,turn,0.0000,4.8800,0.0000,nan,nan
0.1493,2.1873,0.1229,combined,0.8613,4.3800,0.1493,-0.1232,0.0843
0.1004,2.1093,0.1978,straight,0.8436,4.1000,0.0976,-0.0990,0.0169
0.0766,1.7992,0.2212,straight,0.9011,4.2600,0.0766,-0.0752,0.0147
0.3089,6.9235,0.0891,stand,0.0000,4.4800,0.0000,nan,nan
0.1043,3.7021,0.1814,lateral,0.9467,4.4400,0.1014,0.0444,0.0943
0.0880,2.0266,0.0730,combined,1.5820,5.1200,0.0875,-0.0734,0.0484
0.0928,1.0405,0.0284,turn,0.0000,4.7800,0.0000,nan,nan
0.0462,2.7797,0.0487,straight,1.3578,5.4200,0.0462,-0.0114,0.0448
0.1148,2.0416,0.0048,stand,0.0000,5.2200,0.0000,nan,nan
0.1265,1.2844,0.1652,straight,1.9779,5.3600,0.1254,-0.0480,0.1170
0.0200,0.0084,0.0879,combined,1.0734,5.3400,0.0099,0.0176,0.0095
0.0870,0.1042,0.0356,turn,0.0000,4.9400,0.0000,nan,nan
0.0614,1.7825,0.0871,straight,1.2294,5.1000,0.0075,0.0470,0.0395
0.1022,3.9561,0.0637,turn,0.0000,5.0200,0.0000,nan,nan
0.0743,3.0550,0.0099,combined,1.0875,5.0400,0.0736,-0.0743,0.0007
0.1873,3.1010,0.2558,combined,1.8185,4.0200,0.1873,-0.1824,0.0427
0.0134,2.5651,0.1654,combined,1.2810,5.1600,0.0134,-0.0049,0.0125
0.1433,7.2713,0.1121,combined,1.0388,4.2600,0.1433,-0.1182,0.0809
0.0906,4.5180,0.0781,turn,0.0000,4.2800,0.0000,nan,nan
0.0794,0.2325,0.0028,combined,1.8422,5.5400,0.0657,-0.0793,0.0037
0.1323,0.2232,0.1231,straight,1.5101,5.5000,0.0362,0.1105,0.0727
0.0743,0.1430,0.0682,combined,0.3513,4.1000,0.0679,-0.0719,0.0185
0.0514,0.5073,0.0559,straight,0.1525,4.3400,0.0014,0.0513,0.0032
0.0478,0.1064,0.0741,combined,1.3123,5.0800,0.0337,-0.0333,0.0343
0.0416,1.8424,0.0363,combined,0.8393,5.5200,0.0190,0.0299,0.0289
0.1418,2.7600,0.1896,turn,0.0000,4.9800,0.0000,nan,nan
0.0891,1.2804,0.1197,lateral,1.1131,4.3400,0.0891,-0.0455,0.0766
0.0354,4.9951,0.2135,lateral,0.1354,4.1200,0.0090,0.0348,0.0065
0.1345,6.4864,0.0277,stand,0.0000,6.0400,0.0000,nan,nan
0.0684,1.1037,0.0305,lateral,1.3325,5.3400,0.0683,-0.0683,0.0039
0.0777,0.6474,0.0394,lateral,1.3978,6.0200,0.0724,-0.0462,0.0624
0.0540,5.1245,0.0397,stand,0.0000,4.4000,0.0000,nan,nan
0.0730,2.9620,0.2009,lateral,0.8888,5.5000,0.0690,0.0202,0.0702
0.2398,2.4141,0.2639,straight,1.2645,6.2000,0.1157,0.1139,0.2109
0.0921,2.8284,0.1212,straight,0.8781,5.9200,0.0921,-0.0846,0.0363
0.0511,0.3883,0.0501,lateral,1.4623,5.0200,0.0506,-0.0487,0.0156
0.1116,4.0543,0.2162,lateral,0.0433,5.0000,0.0074,-0.1110,0.0111
0.1565,0.1681,0.0293,turn,0.0000,4.3200,0.0000,nan,nan
0.0230,2.0174,0.1120,lateral,0.3894,5.9200,0.0004,0.0209,0.0097
0.1142,0.7677,0.0504,lateral,0.8638,5.5800,0.1117,0.0748,0.0862
0.1164,3.7958,0.0289,stand,0.0000,5.9000,0.0000,nan,nan
0.0739,0.3382,0.0100,combined,0.9201,5.1600,0.0567,-0.0189,0.0715
0.0744,2.0679,0.0292,stand,0.0000,4.8600,0.0000,nan,nan
0.0533,5.1804,0.1100,lateral,0.9341,4.6200,0.0487,0.0010,0.0533
0.0412,1.9207,0.0981,turn,0.0000,5.0600,0.0000,nan,nan
0.0120,3.7299,0.1452,combined,2.2292,6.5200,0.0120,0.0046,0.0111
0.0977,0.6774,0.0530,combined,0.9329,5.3400,0.0922,-0.0622,0.0754
0.1394,1.7995,0.0853,combined,1.0088,5.2600,0.1344,-0.1070,0.0894
0.0257,2.0758,0.0692,straight,1.9368,4.8000,0.0257,-0.0118,0.0228
0.1541,3.6773,0.1332,lateral,1.3585,6.2600,0.0684,0.1453,0.0511
0.0573,4.7826,0.1797,combined,1.2603,5.0200,0.0429,0.0193,0.0539
0.1308,1.0746,0.0790,turn,0.0000,6.0800,0.0000,nan,nan
0.0093,1.2832,0.1556,lateral,0.2727,5.6000,0.0016,0.0032,0.0087
0.0604,1.1820,0.2236,combined,1.3500,4.4600,0.0501,-0.0604,0.0027
0.0424,5.5025,0.0875,combined,0.3463,5.2800,0.0060,0.0102,0.0411
0.0849,1.1818,0.1852,combined,2.2150,5.4400,0.0773,-0.0820,0.0221
0.0932,3.3184,0.0710,combined,0.9264,6.6600,0.0913,0.0154,0.0919
0.0934,1.5931,0.1352,lateral,0.6817,6.2600,0.0603,0.0611,0.0706
0.0901,3.9551,0.0421,straight,0.1494,5.8800,0.0852,-0.0901,0.0012
0.0106,2.8052,0.1766,turn,0.0000,4.8600,0.0000,nan,nan
0.0714,2.2514,0.1891,combined,0.9655,6.2400,0.0390,0.0014,0.0714
0.1612,1.0870,0.2989,lateral,1.4039,4.2400,0.1612,-0.1610,0.0074
0.1045,4.7739,0.0607,turn,0.0000,5.1600,0.0000,nan,nan
0.0651,2.3040,0.0570,turn,0.0000,5.2400,0.0000,nan,nan
0.0564,2.7232,0.0848,straight,1.1574,5.9000,0.0032,0.0395,0.0403
0.0369,0.2449,0.2282,straight,1.7031,6.9400,0.0225,0.0352,0.0113
0.1418,0.7524,0.0174,combined,2.1310,5.5600,0.1009,-0.0243,0.1397
0.0786,5.4620,0.0384,stand,0.0000,5.4800,0.0000,nan,nan
0.1656,2.6741,0.0940,combined,1.8996,4.6000,0.1656,-0.1652,0.0112
0.0996,1.1542,0.2408,turn,0.0000,5.6000,0.0000,nan,nan
0.1042,3.7707,0.0291,lateral,0.9924,4.7000,0.0101,0.1012,0.0248
0.1782,1.2394,0.1512,lateral,0.8152,5.4200,0.1216,0.0298,0.1757
0.1165,0.6882,0.0152,turn,0.0000,6.0800,0.0000,nan,nan
0.0638,1.5433,0.1635,turn,0.0000,5.9800,0.0000,nan,nan
0.1016,1.1659,0.1048,straight,1.1206,4.4400,0.0879,-0.0722,0.0715
0.0663,1.5638,0.0388,turn,0.0000,5.1200,0.0000,nan,nan
0.0887,3.3640,0.0441,turn,0.0000,6.5800,0.0000,nan,nan
0.1495,8.2511,0.0244,stand,0.0000,5.0000,0.0000,nan,nan
0.0698,3.8648,0.0608,combined,0.7964,5.5600,0.0537,-0.0509,0.0478
0.0712,3.5378,0.0943,lateral,0.2046,6.2000,0.0357,-0.0168,0.0692
0.0651,5.5096,0.0459,lateral,1.1426,5.5800,0.0651,-0.0628,0.0172
0.0171,0.6473,0.0333,straight,0.0852,7.2800,0.0146,-0.0069,0.0156
0.0408,2.2979,0.1590,turn,0.0000,5.4400,0.0000,nan,nan
0.0606,0.4695,0.1833,turn,0.0000,7.2000,0.0000,nan,nan
0.0817,2.6661,0.1048,combined,0.6087,4.5400,0.0342,0.0623,0.0528
0.0953,2.3823,0.0529,lateral,0.7982,4.3600,0.0858,-0.0640,0.0706
0.2214,11.5471,0.0495,stand,0.0000,6.0200,0.0000,nan,nan
0.1185,0.2568,0.0850,lateral,0.6662,5.0200,0.0961,-0.0146,0.1176
0.1745,1.3513,0.1993,straight,1.3960,4.9600,0.1732,-0.1455,0.0962
0.0894,0.9972,0.0955,turn,0.0000,4.6800,0.0000,nan,nan
0.0827,3.2005,0.0832,turn,0.0000,4.3200,0.0000,nan,nan
0.0719,1.6068,0.0292,combined,0.7671,4.2400,0.0719,-0.0521,0.0496
0.0277,3.9484,0.2068,turn,0.0000,6.0400,0.0000,nan,nan
0.0318,1.2451,0.1936,lateral,0.4289,5.4000,0.0086,0.0227,0.0223
0.0207,2.5487,0.1511,lateral,0.2288,4.9000,0.0137,0.0059,0.0199
0.0582,1.3173,0.0173,turn,0.0000,5.8400,0.0000,nan,nan
0.1652,2.8846,0.2628,straight,1.7348,5.9000,0.1652,-0.1521,0.0644
0.0625,5.8132,0.0509,turn,0.0000,5.2000,0.0000,nan,nan
0.1587,3.0405,0.0150,lateral,0.4646,4.2600,0.1587,-0.0817,0.1360
0.1127,1.1479,0.0291,lateral,0.8837,7.4200,0.1068,-0.0157,0.1116
0.1413,0.8128,0.1222,straight,1.7008,5.8000,0.0348,0.1388,0.0264
0.1336,0.1471,0.0690,lateral,0.3592,4.3200,0.1090,-0.1336,0.0028
0.1376,1.4014,0.2454,combined,0.2034,6.0000,0.0364,0.0979,0.0967
0.0382,4.3519,0.2033,combined,0.8841,4.0600,0.0160,-0.0123,0.0361
0.0404,5.4651,0.0203,turn,0.0000,5.6600,0.0000,nan,nan
0.0345,1.8593,0.1913,turn,0.0000,4.2000,0.0000,nan,nan
0.0509,2.5897,0.0730,straight,0.5436,5.6800,0.0377,-0.0102,0.0498
0.0577,3.1706,0.1564,lateral,1.1366,4.3200,0.0537,-0.0471,0.0334
0.0745,2.0692,0.0199,combined,1.5655,6.6400,0.0729,-0.0330,0.0668
0.1307,1.8504,0.0863,turn,0.0000,7.2000,0.0000,nan,nan
0.1409,1.7210,0.1784,combined,2.3483,6.8800,0.1409,-0.1385,0.0258
0.0959,3.0567,0.0442,combined,0.9820,7.5800,0.0924,-0.0919,0.0272
0.0266,1.5793,0.1350,turn,0.0000,6.6000,0.0000,nan,nan
0.0131,1.2333,0.1561,turn,0.0000,6.2600,0.0000,nan,nan
0.0544,4.2093,0.2224,straight,0.4263,7.4200,0.0520,-0.0261,0.0477
0.0326,0.7361,0.2074,turn,0.0000,6.9800,0.0000,nan,nan
0.0895,1.5707,0.0827,straight,0.9219,7.4400,0.0563,0.0323,0.0834
0.0626,3.7394,0.1822,combined,0.6578,5.8600,0.0456,-0.0576,0.0246
0.0896,2.7883,0.2156,turn,0.0000,6.9600,0.0000,nan,nan
0.0781,0.5142,0.1800,lateral,0.0615,7.9000,0.0452,0.0567,0.0537
0.0624,2.4153,0.0198,combined,1.2023,5.4200,0.0464,-0.0090,0.0618
0.0834,0.4142,0.1320,lateral,0.0018,7.6400,0.0013,0.0486,0.0678
0.0500,2.0807,0.0535,lateral,0.8247,5.4400,0.0035,0.0296,0.0403
0.1688,2.1325,0.0664,combined,1.4755,7.6000,0.1268,0.0056,0.1687
0.0617,1.2619,0.2494,lateral,0.3427,5.2000,0.0526,-0.0284,0.0548
0.0912,3.4150,0.1629,lateral,1.0919,4.8000,0.0901,-0.0734,0.0541
0.1715,8.9903,0.0017,stand,0.0000,4.6000,0.0000,nan,nan
0.0072,2.0623,0.0912,combined,1.0870,5.1600,0.0048,0.0063,0.0035
0.1536,0.7567,0.2236,turn,0.0000,6.0600,0.0000,nan,nan
0.1985,1.5389,0.0918,combined,1.3784,4.4000,0.1924,-0.1895,0.0591
0.0760,0.4712,0.1721,turn,0.0000,4.6600,0.0000,nan,nan
0.0635,4.4206,0.1319,lateral,0.1566,5.7000,0.0573,-0.0080,0.0630
0.0707,1.8239,0.0423,lateral,0.1751,6.3000,0.0089,0.0696,0.0126
0.1009,0.5597,0.0940,combined,1.4551,4.9600,0.0770,0.0212,0.0986
0.0939,0.8250,0.1909,lateral,0.7135,6.4200,0.0710,0.0776,0.0529
0.1523,2.0482,0.0503,combined,2.0845,7.0800,0.0103,0.1151,0.0997
0.0019,0.3392,0.0166,stand,0.0000,5.2000,0.0000,nan,nan
0.0818,1.8958,0.2460,straight,1.2319,6.2000,0.0163,-0.0080,0.0815
0.1062,3.2799,0.1135,turn,0.0000,6.7400,0.0000,nan,nan
0.1506,0.0620,0.1885,straight,0.7419,6.0000,0.0146,0.0720,0.1322
0.0967,2.0318,0.0229,turn,0.0000,4.6200,0.0000,nan,nan
0.1040,5.5531,0.1055,straight,0.0608,4.8400,0.0193,0.0665,0.0800
0.0700,1.8365,0.1768,straight,0.4597,5.3800,0.0251,0.0649,0.0264
0.0336,1.5337,0.0428,straight,0.7402,6.4200,0.0213,-0.0116,0.0316
0.1805,3.2370,0.0078,stand,0.0000,6.6600,0.0000,nan,nan
0.0401,1.1067,0.0542,lateral,0.0875,7.6600,0.0062,0.0354,0.0187
0.0587,3.1965,0.0818,combined,1.4766,6.3200,0.0475,-0.0518,0.0276
0.1441,1.5366,0.0279,lateral,1.0827,5.0600,0.0017,0.1441,0.0005
0.0738,0.2268,0.0413,stand,0.0000,6.8600,0.0000,nan,nan
0.0139,5.6249,0.0198,stand,0.0000,4.3200,0.0000,nan,nan
0.1130,0.7674,0.0224,turn,0.0000,5.3000,0.0000,nan,nan
0.0191,0.9271,0.0612,turn,0.0000,6.0200,0.0000,nan,nan
0.1140,4.2704,0.1671,straight,1.0391,5.6800,0.1090,-0.1129,0.0152
0.0501,3.0181,0.1296,combined,1.3791,6.1200,0.0322,-0.0489,0.0107
0.0476,0.4094,0.0220,lateral,0.7447,4.9800,0.0467,-0.0055,0.0472
0.0789,0.0726,0.2245,combined,0.6561,7.8800,0.0773,-0.0789,0.0006
0.0232,3.3134,0.2630,lateral,0.7088,7.6600,0.0086,-0.0205,0.0109
0.1089,1.0605,0.0836,straight,1.0038,7.0800,0.1051,-0.0356,0.1029
0.0171,7.2146,0.1284,combined,2.2379,7.3800,0.0171,-0.0051,0.0163
0.0264,2.2228,0.1482,combined,0.6520,5.1800,0.0067,-0.0149,0.0218
0.0161,4.8146,0.0787,lateral,0.5173,4.9800,0.0017,-0.0158,0.0028
0.0355,2.9288,0.0872,combined,1.9015,6.4800,0.0289,0.0264,0.0237
0.0436,1.1278,0.2274,turn,0.0000,7.3000,0.0000,nan,nan
0.0340,1.1084,0.0538,straight,0.9245,5.1400,0.0340,-0.0209,0.0269
0.1190,2.1291,0.1169,combined,1.5672,6.1800,0.1127,-0.1184,0.0115
0.0989,2.3825,0.0944,lateral,0.3957,7.0400,0.0845,-0.0986,0.0070
0.1571,1.5023,0.0946,combined,1.5179,7.0600,0.0600,-0.0563,0.1467
0.1536,0.1451,0.1084,lateral,1.0725,6.7600,0.1414,-0.1061,0.1110
0.0403,2.6304,0.1936,combined,0.7494,7.4000,0.0403,-0.0396,0.0078
0.2058,1.0653,0.1074,lateral,0.1200,6.6600,0.1001,-0.1643,0.1239
0.2157,14.0958,0.0258,stand,0.0000,6.2000,0.0000,nan,nan
0.1705,3.9155,0.0498,combined,0.8548,6.6000,0.0114,0.1678,0.0302
0.1185,3.5830,0.0664,turn,0.0000,4.9400,0.0000,nan,nan
0.1495,1.5490,0.2455,combined,1.1241,5.8200,0.1415,-0.1168,0.0933
0.0662,1.8895,0.0497,combined,1.3884,6.3000,0.0560,-0.0618,0.0238
0.1093,5.6889,0.0108,lateral,1.1444,5.3000,0.0948,-0.0865,0.0669
0.1376,5.9692,0.0202,combined,2.0143,7.3800,0.1178,0.0030,0.1376
0.1284,0.1148,0.0287,straight,1.9559,7.9200,0.1284,-0.1276,0.0148
0.0269,5.1962,0.0338,lateral,0.4215,7.2400,0.0080,-0.0269,0.0007
0.0334,3.3262,0.0522,combined,1.9742,6.4200,0.0007,-0.0191,0.0275
0.1779,1.6057,0.1981,combined,1.9536,5.4600,0.1779,-0.1698,0.0531
0.0431,2.5286,0.0377,lateral,0.2704,5.5000,0.0406,-0.0091,0.0422
0.0744,1.7634,0.1298,lateral,0.1560,7.7000,0.0155,-0.0733,0.0127
0.0654,3.6764,0.1580,straight,0.5685,5.2200,0.0562,-0.0654,0.0004
0.0385,2.2743,0.0688,lateral,1.1197,7.5600,0.0024,-0.0367,0.0117
0.0252,3.2234,0.0509,turn,0.0000,7.7400,0.0000,nan,nan
0.0690,0.6099,0.0496,turn,0.0000,6.9200,0.0000,nan,nan
0.0470,1.9930,0.1958,combined,1.9926,7.0400,0.0310,0.0394,0.0256
0.0308,6.4760,0.0404,stand,0.0000,6.7200,0.0000,nan,nan
0.0309,0.9334,0.1472,combined,0.8871,5.9800,0.0010,0.0271,0.0148
0.0447,1.1890,0.0450,combined,0.5391,5.4000,0.0418,-0.0287,0.0343
0.0165,0.4830,0.0807,straight,0.4784,7.0600,0.0006,-0.0158,0.0049
0.0640,5.7058,0.2036,turn,0.0000,5.0200,0.0000,nan,nan
0.0960,0.6014,0.0554,combined,0.8498,6.6400,0.0792,-0.0416,0.0865
0.0663,3.0236,0.0618,straight,0.3683,4.3800,0.0640,-0.0457,0.0481
0.0670,2.3368,0.1214,lateral,1.0575,6.3400,0.0544,-0.0550,0.0383
0.1501,2.6120,0.2069,lateral,0.6625,5.4600,0.0183,0.1499,0.0076
0.0816,3.7284,0.0928,combined,0.6784,5.7800,0.0798,-0.0811,0.0093
0.0604,0.0029,0.0745,turn,0.0000,7.2800,0.0000,nan,nan
0.0050,0.2773,0.0374,stand,0.0000,7.5400,0.0000,nan,nan
0.0645,0.4535,0.1053,turn,0.0000,7.1600,0.0000,nan,nan
0.1090,3.8872,0.2549,combined,1.1877,6.3800,0.0896,-0.1064,0.0234
0.0695,1.0638,0.1675,turn,0.0000,4.1800,0.0000,nan,nan
0.0638,0.4830,0.1234,lateral,0.4814,6.2800,0.0408,-0.0565,0.0296
0.0043,1.4862,0.0104,stand,0.0000,7.2800,0.0000,nan,nan
0.1082,0.2740,0.0265,lateral,0.6618,7.3600,0.0800,-0.0881,0.0628
0.1021,1.3831,0.0666,straight,0.8462,6.7600,0.0558,0.0241,0.0992
0.0371,2.0687,0.0493,lateral,0.9308,6.4800,0.0005,0.0235,0.0287
0.0913,0.2670,0.1081,combined,2.0842,7.3000,0.0711,-0.0908,0.0101
0.0834,4.2612,0.1757,combined,1.3224,6.5200,0.0771,-0.0511,0.0660
0.1220,3.0677,0.0218,lateral,0.1114,5.9800,0.0437,-0.1151,0.0403
0.0734,2.8638,0.2130,combined,1.6253,7.3600,0.0292,0.0734,0.0021
0.0563,1.9258,0.0300,combined,2.1613,6.8000,0.0502,-0.0270,0.0494
0.0713,1.5479,0.1843,combined,0.1745,6.9200,0.0638,-0.0416,0.0579
0.0097,0.6880,0.0652,combined,1.3687,6.7200,0.0094,-0.0095,0.0023
0.0146,1.6250,0.0468,stand,0.0000,4.7600,0.0000,nan,nan
0.0169,0.7716,0.1131,turn,0.0000,6.8600,0.0000,nan,nan
0.0832,0.6873,0.0458,straight,1.7869,6.7200,0.0577,-0.0170,0.0814
0.0108,1.5066,0.1066,turn,0.0000,7.9600,0.0000,nan,nan
0.0493,2.3305,0.0991,straight,1.4372,4.5200,0.0266,0.0492,0.0016
0.0890,0.2184,0.1311,combined,1.4952,4.6200,0.0786,-0.0889,0.0023
0.0371,3.2340,0.0773,straight,1.9524,6.1600,0.0371,-0.0363,0.0074
0.1233,6.4375,0.0427,combined,1.4647,7.1200,0.1196,-0.1227,0.0122
0.2271,13.3926,0.0878,stand,0.0000,7.5400,0.0000,nan,nan
0.0607,1.7362,0.1219,combined,0.7467,7.3000,0.0468,-0.0529,0.0298
0.0661,2.5669,0.1398,straight,1.4331,7.1200,0.0545,-0.0406,0.0522
0.0033,0.3583,0.0313,stand,0.0000,7.4400,0.0000,nan,nan
0.1786,4.2264,0.0661,combined,1.4456,5.0000,0.1786,-0.1731,0.0441
0.0502,0.5319,0.0420,turn,0.0000,6.7400,0.0000,nan,nan
0.0405,2.1133,0.2053,turn,0.0000,6.9800,0.0000,nan,nan
0.0918,0.6083,0.1135,combined,0.1870,7.6600,0.0735,-0.0545,0.0739
0.1172,5.5799,0.0559,combined,1.5002,7.7600,0.1072,-0.0957,0.0676
0.0590,5.0358,0.0078,stand,0.0000,4.5200,0.0000,nan,nan
0.0991,3.2920,0.1761,lateral,0.6269,6.4600,0.0904,-0.0871,0.0472
0.0810,0.4983,0.1302,combined,1.9254,6.2400,0.0601,0.0218,0.0780
0.0336,2.1375,0.0406,combined,1.6283,7.0800,0.0310,0.0235,0.0240
0.0125,0.0933,0.0082,straight,0.4261,4.5800,0.0004,0.0068,0.0104
0.0451,6.6880,0.0384,combined,1.2730,7.4400,0.0364,-0.0436,0.0115
0.0196,3.2355,0.1175,straight,0.3215,6.8400,0.0057,0.0140,0.0138
0.1133,3.4633,0.0067,turn,0.0000,7.9800,0.0000,nan,nan
0.0318,0.1362,0.0640,combined,1.1152,7.7200,0.0230,0.0203,0.0245
0.1319,0.2323,0.1147,straight,1.2917,4.1000,0.1319,-0.1248,0.0427
0.1323,4.2118,0.1297,combined,1.1045,5.6400,0.1088,-0.0792,0.1060
0.0810,2.4856,0.2542,combined,1.7445,7.1800,0.0810,-0.0809,0.0036
0.0519,3.0478,0.2324,turn,0.0000,7.0000,0.0000,nan,nan
0.1799,8.3474,0.0189,stand,0.0000,7.8800,0.0000,nan,nan
0.0841,2.9275,0.2112,combined,0.8247,4.8600,0.0841,-0.0473,0.0696
0.0222,3.2448,0.0814,lateral,0.9935,7.0400,0.0222,0.0041,0.0218
0.0351,3.8020,0.2077,straight,0.0016,4.8200,0.0016,0.0233,0.0263
0.0782,0.0160,0.0576,combined,1.4805,7.6600,0.0782,-0.0694,0.0360
0.0478,4.4633,0.0550,straight,0.5977,5.6400,0.0445,0.0033,0.0477
0.0538,4.0258,0.0247,turn,0.0000,4.6200,0.0000,nan,nan
0.0449,1.6345,0.1608,lateral,0.9640,4.0200,0.0012,0.0431,0.0127
0.0376,0.7434,0.1574,combined,1.4097,7.3800,0.0312,-0.0153,0.0343
0.0503,0.2748,0.0733,combined,0.7196,6.4000,0.0280,0.0074,0.0497
0.1895,1.5010,0.1974,straight,0.8948,7.6000,0.1589,-0.1495,0.1165
0.0388,8.0893,0.0353,stand,0.0000,4.4000,0.0000,nan,nan
0.1307,5.0149,0.0272,stand,0.0000,6.1600,0.0000,nan,nan
0.0925,1.4266,0.0857,combined,1.3922,7.8000,0.0763,-0.0755,0.0535
0.0489,3.2109,0.0257,stand,0.0000,6.7800,0.0000,nan,nan
0.0822,3.7560,0.0167,stand,0.0000,7.7800,0.0000,nan,nan
0.0646,3.9774,0.0432,lateral,0.1031,4.3200,0.0186,0.0206,0.0612
0.0352,0.8580,0.1981,combined,1.7018,4.9800,0.0174,0.0308,0.0171
0.0387,1.7982,0.0290,lateral,0.1834,4.0000,0.0299,-0.0087,0.0377
0.1483,1.1822,0.0688,combined,1.4451,4.3600,0.1480,-0.1044,0.1053
0.0896,4.2367,0.1850,turn,0.0000,6.1400,0.0000,nan,nan
0.0319,5.7426,0.2006,straight,0.3842,5.7400,0.0240,-0.0269,0.0171
0.0720,1.5264,0.0208,stand,0.0000,5.9400,0.0000,nan,nan
0.0517,1.4675,0.0808,combined,2.3699,6.6600,0.0492,-0.0517,0.0008
0.0554,2.6140,0.1918,lateral,0.5034,7.0600,0.0234,0.0078,0.0548
0.1277,0.2166,0.1736,turn,0.0000,7.7000,0.0000,nan,nan
0.0356,1.0632,0.0303,stand,0.0000,4.7800,0.0000,nan,nan
0.0731,0.5688,0.0617,turn,0.0000,4.5600,0.0000,nan,nan
0.1724,1.8005,0.2472,lateral,1.2016,4.4400,0.1724,-0.1270,0.1165
0.0202,0.9280,0.0375,turn,0.0000,7.6200,0.0000,nan,nan
0.0605,2.8418,0.1474,straight,1.9487,5.6200,0.0061,0.0599,0.0086
0.0907,3.7631,0.1863,lateral,0.6981,4.2800,0.0196,0.0900,0.0111
0.1158,0.8960,0.0677,turn,0.0000,6.3000,0.0000,nan,nan
0.0399,1.0986,0.0793,stand,0.0000,4.1600,0.0000,nan,nan
0.1143,4.6224,0.1198,straight,0.3411,7.9000,0.1061,-0.1113,0.0261
0.0666,3.6701,0.0108,straight,0.9745,6.1600,0.0033,0.0605,0.0277
0.0100,1.3121,0.0321,stand,0.0000,5.8800,0.0000,nan,nan
0.0865,1.5836,0.0169,turn,0.0000,4.4200,0.0000,nan,nan
0.0636,1.7692,0.1340,turn,0.0000,6.2400,0.0000,nan,nan
0.1004,1.8172,0.2988,straight,1.7842,5.3800,0.0322,0.0620,0.0789
0.0960,4.6626,0.2018,lateral,0.7521,5.3400,0.0482,0.0680,0.0678
0.1240,3.0024,0.2086,combined,1.3949,5.8800,0.1240,-0.0928,0.0821
0.0324,0.8894,0.0717,lateral,1.2207,4.4200,0.0103,-0.0206,0.0250
0.0239,2.8113,0.0641,combined,1.9976,6.5400,0.0198,-0.0236,0.0038
0.0316,0.3428,0.0310,turn,0.0000,5.3600,0.0000,nan,nan
0.0057,1.8606,0.0132,stand,0.0000,4.8000,0.0000,nan,nan
0.0706,1.6763,0.2023,combined,1.7193,7.6000,0.0194,0.0705,0.0024
0.1474,1.9561,0.1064,lateral,1.0870,4.3000,0.0662,0.1434,0.0341
0.0627,1.9288,0.2443,straight,1.6838,6.7400,0.0496,0.0169,0.0604
0.0764,3.6129,0.0324,stand,0.0000,4.2400,0.0000,nan,nan
0.0703,1.3310,0.0706,lateral,0.9795,4.6200,0.0646,0.0047,0.0701
0.1543,2.2966,0.1897,combined,2.1555,4.2200,0.1543,-0.1539,0.0103
0.1569,0.0547,0.1869,combined,1.7657,7.9600,0.1229,0.1124,0.1094
0.0939,2.9607,0.1944,straight,0.8187,4.1000,0.0939,-0.0918,0.0197
0.0642,4.0611,0.1478,turn,0.0000,4.0000,0.0000,nan,nan
0.0718,1.6095,0.0474,lateral,0.9750,5.3600,0.0259,0.0683,0.0220
0.1114,3.1004,0.2676,turn,0.0000,4.4600,0.0000,nan,nan
0.1350,3.3112,0.1450,straight,0.9969,5.7800,0.1305,-0.1252,0.0503
0.1567,1.5220,0.2220,combined,2.1171,6.4800,0.1567,-0.1472,0.0538
0.0820,1.7550,0.1002,straight,0.4412,6.2600,0.0193,0.0766,0.0294
0.1071,3.8790,0.0737,combined,0.3270,5.5200,0.0945,-0.0930,0.0531
0.0671,0.5727,0.0475,straight,0.4096,7.2000,0.0548,-0.0664,0.0102
0.1490,1.6183,0.1438,straight,1.8125,4.0400,0.1485,-0.1462,0.0287
0.1709,4.5515,0.1634,turn,0.0000,4.2600,0.0000,nan,nan
0.0737,3.8937,0.0362,combined,1.1804,7.1200,0.0641,0.0229,0.0701
0.0673,3.0778,0.2441,combined,1.0631,7.7600,0.0347,0.0259,0.0621
0.0771,2.3027,0.0576,lateral,0.4049,7.1000,0.0473,-0.0669,0.0382
0.1257,4.5777,0.0138,stand,0.0000,5.1000,0.0000,nan,nan
0.0931,2.9461,0.0209,combined,1.2155,4.6800,0.0889,0.0114,0.0924
0.0525,1.4371,0.0289,combined,1.2269,7.0600,0.0477,-0.0481,0.0210
0.0730,4.8088,0.1661,lateral,0.8092,4.8400,0.0310,-0.0704,0.0193
0.0597,4.8598,0.1336,lateral,0.6401,6.0400,0.0104,0.0337,0.0492
0.0689,3.6490,0.2461,turn,0.0000,5.1800,0.0000,nan,nan
0.0596,0.3613,0.0529,combined,0.7300,5.0400,0.0388,-0.0277,0.0528
0.0141,0.0584,0.0440,stand,0.0000,4.4800,0.0000,nan,nan
0.0292,2.8430,0.1134,lateral,1.2970,5.0000,0.0258,-0.0227,0.0184
0.0700,5.2455,0.0163,stand,0.0000,4.6200,0.0000,nan,nan
0.0913,0.0995,0.0423,straight,0.0135,6.1800,0.0029,0.0471,0.0783
0.1442,3.0344,0.0671,combined,1.9663,7.2200,0.1196,-0.0091,0.1439
0.1220,6.7027,0.1174,turn,0.0000,7.2600,0.0000,nan,nan
0.1712,2.3545,0.0799,combined,1.6654,5.5000,0.0857,0.1162,0.1257
0.1202,1.7565,0.1932,straight,1.1967,5.1600,0.1202,-0.1154,0.0336
0.0764,0.2576,0.0843,lateral,0.1717,7.6200,0.0666,-0.0688,0.0332
0.0407,0.3831,0.2695,lateral,1.4737,7.6800,0.0358,-0.0022,0.0406
0.1454,0.4004,0.0191,lateral,1.3360,6.2800,0.0993,0.1052,0.1004
0.0054,0.7665,0.0338,stand,0.0000,5.0400,0.0000,nan,nan
0.1092,0.3019,0.1227,combined,2.1020,4.9400,0.0800,-0.0008,0.1092
0.2092,2.6155,0.0812,stand,0.0000,5.7000,0.0000,nan,nan
0.1357,3.1650,0.0350,straight,0.4320,7.2000,0.1040,-0.0216,0.1340
0.0081,3.0068,0.0445,stand,0.0000,4.5200,0.0000,nan,nan
0.1253,3.2202,0.0903,straight,0.8335,7.9200,0.1181,-0.1167,0.0457
0.1279,4.0171,0.1509,straight,0.3953,4.6400,0.0440,0.1163,0.0530
0.0171,3.9345,0.0875,straight,0.4236,5.6800,0.0002,-0.0074,0.0155
0.0452,2.3210,0.1150,straight,0.4810,5.9200,0.0441,-0.0135,0.0432
0.0306,5.1436,0.0341,straight,1.6796,5.9800,0.0052,0.0067,0.0299
0.0847,1.1488,0.0274,stand,0.0000,7.0200,0.0000,nan,nan
0.1322,2.8834,0.2044,lateral,0.9939,5.6600,0.0714,0.0894,0.0974
0.0408,0.0825,0.0084,lateral,0.3255,4.7600,0.0377,-0.0348,0.0213
0.2001,0.1174,0.0658,straight,0.8566,7.1800,0.2001,-0.0999,0.1733
0.0668,3.4123,0.0881,combined,0.4037,4.1000,0.0407,-0.0600,0.0294
0.0891,1.3356,0.0661,turn,0.0000,6.2600,0.0000,nan,nan
0.0603,2.3709,0.1686,combined,1.1965,6.4800,0.0220,0.0566,0.0207
0.1026,1.3391,0.1256,straight,1.6700,4.0200,0.1026,-0.0934,0.0424
0.0941,2.2957,0.0438,stand,0.0000,4.7600,0.0000,nan,nan
0.1268,1.3540,0.1584,combined,1.4194,6.0600,0.1243,-0.0009,0.1268
0.0193,1.0629,0.1880,straight,1.7201,4.2800,0.0001,0.0041,0.0189
0.1352,1.0614,0.0103,combined,0.6505,7.0200,0.0414,0.1243,0.0534
0.0943,0.6086,0.1784,turn,0.0000,4.6600,0.0000,nan,nan
0.1061,0.6711,0.1409,straight,1.9524,5.6800,0.1061,-0.0693,0.0803
0.0865,8.0197,0.2377,turn,0.0000,4.7800,0.0000,nan,nan
0.0606,2.0372,0.0402,combined,1.8259,7.3600,0.0107,-0.0406,0.0450
0.0615,2.8662,0.1687,straight,0.1860,6.3600,0.0455,-0.0468,0.0399
0.1385,0.8382,0.0527,straight,0.2106,4.0800,0.0535,0.0893,0.1059
0.0976,2.5800,0.0399,straight,1.1742,5.9200,0.0973,-0.0558,0.0801
0.1371,1.3131,0.0843,straight,1.8597,6.8600,0.1187,-0.1153,0.0741
0.1014,1.8112,0.0985,straight,0.2955,5.0800,0.0725,-0.0371,0.0944
0.0915,2.2922,0.2378,turn,0.0000,5.5200,0.0000,nan,nan
0.1676,3.8725,0.0405,stand,0.0000,7.8800,0.0000,nan,nan
0.0816,4.9843,0.0974,straight,1.8879,5.2400,0.0816,-0.0712,0.0397
0.0311,1.7144,0.0059,combined,2.0989,7.9600,0.0069,0.0311,0.0002
0.1090,4.2284,0.1419,turn,0.0000,5.6600,0.0000,nan,nan
0.0851,2.1518,0.0541,combined,1.1546,5.2000,0.0851,-0.0719,0.0454
0.1540,3.7606,0.1841,combined,1.5878,7.6200,0.1516,-0.1409,0.0620
0.2034,2.1526,0.1227,combined,1.8028,4.0400,0.2034,-0.2023,0.0208
0.0531,3.4367,0.0222,stand,0.0000,7.6600,0.0000,nan,nan
0.0867,1.1919,0.2098,combined,0.4057,5.8800,0.0833,-0.0850,0.0169
0.0605,3.4425,0.2270,combined,2.0279,5.3200,0.0605,-0.0474,0.0376
0.0691,4.8519,0.2104,lateral,0.9415,5.9600,0.0097,0.0577,0.0381
0.0193,3.9738,0.0381,turn,0.0000,4.1200,0.0000,nan,nan
0.1429,0.9136,0.0682,turn,0.0000,7.7200,0.0000,nan,nan
0.0065,3.2947,0.1561,lateral,0.8892,7.2200,0.0012,0.0053,0.0037
0.0274,2.1809,0.1322,straight,1.7368,6.1600,0.0061,0.0042,0.0271
0.0127,0.2116,0.1587,turn,0.0000,6.3600,0.0000,nan,nan
0.0897,1.7432,0.1060,combined,1.8296,6.5600,0.0781,-0.0556,0.0704
0.0791,0.1432,0.1766,lateral,1.4741,4.5800,0.0782,-0.0091,0.0786
0.0087,0.2943,0.1018,lateral,1.2019,7.8200,0.0025,0.0040,0.0078
0.0889,0.8018,0.0455,lateral,1.3551,6.8200,0.0709,-0.0716,0.0528
0.0272,3.3332,0.0064,turn,0.0000,5.1400,0.0000,nan,nan
0.0087,0.1395,0.0593,stand,0.0000,7.7200,0.0000,nan,nan
0.1352,8.4529,0.0587,stand,0.0000,4.1200,0.0000,nan,nan
0.0053,2.7355,0.2486,straight,0.7684,5.0400,0.0053,0.0037,0.0039
0.0189,2.7495,0.0852,turn,0.0000,5.7400,0.0000,nan,nan
0.0615,4.4212,0.0361,turn,0.0000,7.7800,0.0000,nan,nan
0.0620,3.6161,0.1166,straight,0.2850,6.1600,0.0590,-0.0582,0.0215
0.0883,4.1089,0.0642,combined,1.3073,6.8600,0.0684,-0.0489,0.0735
0.0755,0.1210,0.0082,turn,0.0000,6.7400,0.0000,nan,nan
0.0142,2.3648,0.2672,straight,0.8238,5.7000,0.0012,0.0131,0.0054
0.0733,4.7259,0.0640,combined,1.0676,6.1800,0.0548,-0.0506,0.0531
0.0190,0.7049,0.2087,straight,0.6651,6.1200,0.0190,-0.0093,0.0166
0.0721,1.4268,0.0008,turn,0.0000,5.0000,0.0000,nan,nan
0.1944,2.6270,0.0416,stand,0.0000,5.1000,0.0000,nan,nan
0.0621,2.7822,0.2191,combined,2.1790,5.9400,0.0563,-0.0614,0.0092
0.0315,1.4384,0.0462,turn,0.0000,7.9200,0.0000,nan,nan
0.0731,3.8168,0.0959,lateral,1.1946,7.3800,0.0511,-0.0731,0.0004
0.1612,1.3763,0.0638,stand,0.0000,7.1000,0.0000,nan,nan
0.0630,1.9737,0.0954,combined,0.8218,5.1800,0.0605,-0.0614,0.0141
0.0951,0.2537,0.2060,turn,0.0000,7.3800,0.0000,nan,nan
0.2064,6.0286,0.0262,stand,0.0000,6.1800,0.0000,nan,nan
0.0451,0.8701,0.0595,combined,1.1750,5.4000,0.0286,-0.0451,0.0026
0.0829,4.3541,0.2583,combined,0.2177,5.9400,0.0457,-0.0284,0.0779
0.1223,0.0418,0.0363,combined,1.3988,5.8800,0.1052,0.0594,0.1070
0.1252,0.8074,0.0568,straight,0.1707,7.5400,0.1025,-0.1249,0.0087
0.0139,2.8471,0.0515,combined,1.1227,6.0000,0.0087,0.0033,0.0135
0.0701,0.9902,0.1030,straight,1.1371,4.3400,0.0701,-0.0651,0.0259
0.0801,0.8929,0.0912,combined,1.9389,4.7600,0.0801,-0.0800,0.0042
0.0426,2.0342,0.0686,combined,0.2730,7.7000,0.0008,0.0422,0.0060
0.0746,1.2426,0.0225,combined,2.2722,6.7000,0.0249,0.0704,0.0248
0.0761,3.8968,0.1699,straight,0.3309,6.7000,0.0658,-0.0619,0.0444
0.0448,2.0942,0.1128,combined,0.9471,6.3600,0.0258,-0.0398,0.0206
0.0370,2.0990,0.0637,turn,0.0000,6.2600,0.0000,nan,nan
0.0344,1.3633,0.1172,turn,0.0000,6.8000,0.0000,nan,nan
0.0584,0.9534,0.1805,straight,0.7153,6.9600,0.0056,0.0448,0.0375
0.1415,2.4289,0.0731,combined,1.4636,5.3600,0.1346,-0.1407,0.0145
0.0601,2.7856,0.0292,stand,0.0000,5.1000,0.0000,nan,nan
0.0490,5.6961,0.1753,lateral,0.9982,6.4200,0.0294,0.0137,0.0470
0.0967,1.4090,0.0564,straight,0.0500,6.7800,0.0088,0.0854,0.0454
0.1194,4.6119,0.2345,straight,0.7602,7.8200,0.1058,-0.0646,0.1004
0.0721,2.7702,0.0475,lateral,0.3318,4.4400,0.0251,0.0669,0.0269
0.0930,0.8075,0.0775,straight,1.4101,7.7400,0.0743,-0.0827,0.0424
0.0252,5.4122,0.0465,straight,0.7812,7.0400,0.0252,-0.0242,0.0070
0.0411,1.2519,0.0606,lateral,0.5337,4.2400,0.0411,-0.0292,0.0288
0.0367,0.0979,0.2375,lateral,0.2412,5.5600,0.0209,0.0119,0.0348
0.1532,5.1298,0.2183,combined,0.8049,7.0600,0.1240,-0.1250,0.0886
0.0372,5.5834,0.1609,lateral,0.2549,6.5400,0.0049,0.0367,0.0061
0.0100,2.1307,0.1047,straight,1.1518,6.6400,0.0002,-0.0018,0.0098
0.0392,4.5581,0.2447,turn,0.0000,5.5600,0.0000,nan,nan
0.0579,3.2329,0.1246,straight,1.0481,4.3600,0.0323,0.0187,0.0548
0.1404,1.1202,0.0217,turn,0.0000,7.2400,0.0000,nan,nan
0.0461,1.8670,0.2223,turn,0.0000,4.9800,0.0000,nan,nan
0.0785,2.2354,0.1811,straight,0.5667,4.0200,0.0771,-0.0516,0.0591
0.0206,6.6173,0.0576,turn,0.0000,7.3400,0.0000,nan,nan
0.0828,5.6827,0.0328,straight,0.9693,7.5000,0.0142,0.0690,0.0458
0.0671,0.3668,0.2092,straight,1.9260,5.9000,0.0588,0.0419,0.0525
0.1146,0.5860,0.1999,straight,1.5304,7.0200,0.0517,0.0729,0.0884
0.1461,0.9756,0.1455,lateral,0.7686,7.1000,0.1199,-0.0814,0.1213
0.0579,2.4667,0.0574,turn,0.0000,7.0600,0.0000,nan,nan
0.0318,0.4007,0.1490,lateral,1.2865,5.3200,0.0175,-0.0315,0.0046
0.0965,5.9252,0.1680,turn,0.0000,5.0200,0.0000,nan,nan
0.0088,1.5084,0.0450,stand,0.0000,4.4800,0.0000,nan,nan
0.0761,3.1852,0.1290,lateral,1.3024,7.0400,0.0649,0.0597,0.0473
0.0987,3.4540,0.0816,straight,0.2756,7.3800,0.0948,-0.0977,0.0137
0.0530,2.1040,0.0915,combined,1.2243,7.3800,0.0252,-0.0440,0.0295
0.0632,1.2765,0.0281,combined,1.1492,5.6600,0.0302,0.0322,0.0544
0.1165,0.0338,0.1791,combined,0.9587,7.5000,0.0983,-0.0698,0.0933
0.0595,1.2810,0.1906,combined,1.5290,7.9400,0.0461,-0.0357,0.0476
0.0744,4.9222,0.1378,lateral,1.2710,7.9000,0.0632,-0.0080,0.0740
0.0824,0.3760,0.0575,straight,0.3326,6.8200,0.0778,-0.0815,0.0119
0.0423,0.4150,0.0111,turn,0.0000,7.9200,0.0000,nan,nan
0.0459,6.5424,0.2030,turn,0.0000,5.0200,0.0000,nan,nan
0.0889,1.5055,0.1474,straight,1.8558,6.8800,0.0295,0.0884,0.0095
0.0486,0.8265,0.1820,straight,1.9160,5.1600,0.0006,0.0462,0.0150
0.0686,0.9079,0.0489,lateral,0.1741,4.3800,0.0676,0.0064,0.0683
0.0839,3.0396,0.0783,lateral,1.4857,4.2200,0.0643,0.0493,0.0680
0.0924,3.6900,0.2305,lateral,0.0945,5.6400,0.0782,-0.0860,0.0340
0.0258,1.1389,0.1626,combined,0.9139,6.7000,0.0101,0.0130,0.0222
0.0789,1.1188,0.1208,turn,0.0000,6.5400,0.0000,nan,nan
0.0859,1.7981,0.0755,combined,1.2791,7.1200,0.0294,0.0858,0.0029
0.0965,3.5658,0.1280,lateral,1.0796,6.7400,0.0922,0.0359,0.0895
0.0357,3.7953,0.3008,lateral,1.4624,4.3200,0.0357,-0.0279,0.0223
0.0592,0.5569,0.1369,turn,0.0000,4.5000,0.0000,nan,nan
0.1072,4.1037,0.0272,straight,0.7934,5.9600,0.0864,-0.0742,0.0774
0.0840,3.2010,0.2293,turn,0.0000,4.5600,0.0000,nan,nan
0.0241,2.5825,0.0241,lateral,1.3090,5.1800,0.0183,-0.0208,0.0122
0.1412,0.0831,0.0969,combined,1.8053,7.4000,0.0726,-0.0209,0.1397
0.0294,0.2621,0.2353,turn,0.0000,5.9800,0.0000,nan,nan
0.0896,2.7888,0.0735,combined,0.7554,7.1800,0.0792,-0.0183,0.0877
0.0626,4.0625,0.0390,stand,0.0000,6.1800,0.0000,nan,nan
0.0943,2.7184,0.1121,lateral,0.6513,4.6400,0.0815,-0.0815,0.0475
0.0289,3.2927,0.0436,lateral,0.1728,7.0000,0.0128,-0.0196,0.0211
0.1015,2.9188,0.1141,combined,1.6180,4.7600,0.0945,-0.0955,0.0344
0.0765,0.0850,0.1883,turn,0.0000,7.5000,0.0000,nan,nan
0.0692,3.0182,0.1144,turn,0.0000,7.5800,0.0000,nan,nan
0.0765,4.3371,0.0876,lateral,0.4158,6.5600,0.0518,-0.0653,0.0399
0.0974,1.1119,0.1432,straight,0.6857,4.3000,0.0908,-0.0203,0.0953
0.1097,1.5167,0.0390,turn,0.0000,4.5600,0.0000,nan,nan
0.0172,1.1077,0.0482,lateral,0.4576,6.5000,0.0083,0.0152,0.0080
0.0747,5.8608,0.0699,turn,0.0000,4.2600,0.0000,nan,nan
0.0527,1.8516,0.0495,combined,0.2859,5.3200,0.0497,0.0496,0.0178
0.0183,0.4906,0.1053,combined,1.6200,4.6400,0.0183,-0.0062,0.0172
0.1435,1.8096,0.0333,straight,1.3308,7.5000,0.1348,-0.0922,0.1099
0.0733,3.6360,0.1992,combined,1.8732,5.8000,0.0593,-0.0496,0.0539
0.1166,0.9601,0.0530,lateral,1.2013,6.7000,0.0819,-0.1092,0.0409
0.0758,0.7360,0.1092,turn,0.0000,4.9400,0.0000,nan,nan
0.0253,0.4331,0.1717,combined,0.3181,5.5800,0.0029,0.0141,0.0210
0.1026,0.4641,0.0246,stand,0.0000,7.4400,0.0000,nan,nan
0.1258,3.6918,0.1081,lateral,1.0731,7.2400,0.1220,-0.1257,0.0066
0.1158,3.8342,0.2331,turn,0.0000,6.7000,0.0000,nan,nan
0.0635,1.9016,0.2273,lateral,0.2136,6.8400,0.0310,0.0518,0.0367
0.0854,1.5072,0.1334,turn,0.0000,4.0600,0.0000,nan,nan
0.0861,1.1006,0.2075,turn,0.0000,6.2600,0.0000,nan,nan
0.1565,1.7456,0.0882,lateral,1.4306,7.0800,0.0309,0.1540,0.0282
0.0287,2.3837,0.2109,combined,0.7416,6.4400,0.0038,0.0284,0.0040
0.0340,1.9091,0.2106,lateral,0.2342,7.2200,0.0025,0.0337,0.0046
0.0633,2.2060,0.0530,stand,0.0000,7.7200,0.0000,nan,nan
0.0551,4.7558,0.2118,combined,0.5919,7.5200,0.0232,0.0103,0.0541
0.1227,0.3824,0.2041,straight,1.0463,5.2400,0.1138,-0.0264,0.1198
0.0845,8.5061,0.1106,turn,0.0000,6.5400,0.0000,nan,nan
0.0385,0.1444,0.0571,combined,1.2426,5.4000,0.0020,0.0381,0.0053
0.0821,3.9180,0.0374,straight,0.5212,4.4200,0.0814,-0.0674,0.0469
0.0854,1.5864,0.0829,combined,1.7031,4.3600,0.0846,-0.0346,0.0781
0.1405,3.3301,0.0896,turn,0.0000,4.1800,0.0000,nan,nan
0.0774,1.7537,0.1065,straight,0.9716,4.6200,0.0579,-0.0286,0.0719
0.1164,5.9660,0.0780,lateral,0.8112,6.1800,0.0774,-0.0924,0.0708
0.0533,0.0173,0.1913,lateral,0.4803,7.6200,0.0533,-0.0444,0.0295
0.1577,1.0026,0.2150,combined,2.0296,4.0600,0.1577,-0.1544,0.0321
0.1623,1.9958,0.0641,straight,0.6272,4.0800,0.1623,-0.1597,0.0288
0.0266,1.2331,0.0466,straight,1.8243,7.8200,0.0143,-0.0257,0.0069
0.0519,2.0770,0.1222,combined,2.1619,5.9400,0.0093,0.0421,0.0304
0.0596,2.0205,0.1269,lateral,0.4692,6.3800,0.0161,-0.0591,0.0074
0.1147,1.4489,0.2143,straight,1.3563,6.7800,0.1140,-0.1059,0.0442
0.0366,0.8698,0.0961,combined,0.6149,4.9600,0.0286,-0.0022,0.0366
0.0595,3.8578,0.2341,combined,0.6492,6.5200,0.0391,0.0376,0.0461
0.0445,0.3640,0.0942,combined,0.9659,7.6200,0.0096,0.0362,0.0258
0.0343,0.8362,0.0380,combined,0.7823,6.4000,0.0077,0.0168,0.0299
0.0772,2.1211,0.1963,lateral,0.7284,4.6600,0.0662,-0.0166,0.0754
0.0608,5.1706,0.1880,combined,1.2734,7.7600,0.0379,-0.0424,0.0436
0.1253,2.2289,0.1829,lateral,1.0352,7.9400,0.0222,0.1242,0.0162
0.1024,2.2720,0.1129,straight,0.9151,5.4600,0.0774,-0.0960,0.0354
0.2071,0.8963,0.0281,straight,1.6196,4.0600,0.2033,-0.2019,0.0462
0.1688,1.8872,0.1178,straight,1.2137,5.8800,0.1511,-0.1028,0.1339
0.2084,2.6197,0.1579,combined,1.5954,4.0200,0.2081,-0.2065,0.0277
0.1432,1.2492,0.1312,lateral,1.3970,4.0800,0.1369,-0.1379,0.0383
0.0269,2.5029,0.1417,lateral,1.3950,5.4000,0.0160,-0.0247,0.0107
0.1036,1.5824,0.1116,straight,1.1024,4.6800,0.0995,-0.0752,0.0712
0.1560,0.3832,0.1445,combined,1.7033,4.7000,0.1560,-0.0582,0.1448
0.0366,4.9538,0.0707,combined,0.6180,6.9000,0.0180,-0.0044,0.0363
0.0563,0.3842,0.2118,combined,2.1001,7.5400,0.0283,0.0406,0.0390
0.0447,4.9565,0.0866,combined,1.2146,6.5200,0.0330,0.0270,0.0356
0.0352,0.8073,0.0071,stand,0.0000,5.2200,0.0000,nan,nan
0.2127,3.8141,0.0064,straight,1.4548,4.8200,0.2126,-0.2067,0.0502
0.1435,0.0999,0.0351,combined,1.7350,6.4600,0.0669,0.1271,0.0665
0.1307,1.4462,0.0913,turn,0.0000,5.4200,0.0000,nan,nan
0.1998,1.3815,0.2076,combined,1.6793,5.8800,0.1998,-0.1921,0.0550
0.0955,2.9553,0.2585,turn,0.0000,6.6600,0.0000,nan,nan
0.0296,3.3984,0.0648,combined,2.1293,7.4800,0.0285,0.0183,0.0232
0.0094,1.0534,0.0898,lateral,1.3041,4.3200,0.0020,0.0077,0.0054
0.0800,0.4293,0.2027,turn,0.0000,4.7200,0.0000,nan,nan
0.0519,1.5394,0.2764,lateral,1.2476,6.2800,0.0023,0.0347,0.0387
0.0539,0.3562,0.1984,turn,0.0000,5.6200,0.0000,nan,nan
0.1245,4.9130,0.1640,lateral,0.9163,4.1200,0.1245,-0.1145,0.0489
0.0326,1.8643,0.0418,lateral,0.2080,6.4200,0.0024,0.0215,0.0245
0.0396,5.0394,0.0285,stand,0.0000,5.7000,0.0000,nan,nan
0.0553,4.6134,0.0895,lateral,0.1747,7.7800,0.0518,-0.0372,0.0410
0.0605,3.0450,0.0299,straight,0.6676,5.9800,0.0119,0.0587,0.0146
0.0542,0.2641,0.0401,straight,1.4430,6.7800,0.0375,-0.0526,0.0132
0.0701,0.4593,0.1021,combined,1.8485,6.7200,0.0696,-0.0573,0.0405
0.1162,0.5720,0.0144,stand,0.0000,6.7200,0.0000,nan,nan
0.0969,2.7240,0.0160,straight,0.2113,4.1400,0.0895,-0.0654,0.0715
0.1029,14.4383,0.0217,stand,0.0000,4.1800,0.0000,nan,nan
0.0817,0.9451,0.0980,combined,2.0087,5.8600,0.0784,-0.0405,0.0710
0.0642,0.7583,0.0635,straight,1.4222,4.8200,0.0642,0.0279,0.0579
0.0746,7.5743,0.1545,lateral,1.1712,7.3800,0.0657,-0.0461,0.0587
0.0245,2.6468,0.1361,combined,0.7179,5.0200,0.0245,-0.0066,0.0236
0.0181,2.0220,0.0347,stand,0.0000,4.9000,0.0000,nan,nan
0.0637,2.5130,0.0471,lateral,0.0372,5.3200,0.0265,-0.0624,0.0127
0.0414,4.3818,0.0384,stand,0.0000,5.2800,0.0000,nan,nan
0.0455,1.4558,0.0201,turn,0.0000,7.2000,0.0000,nan,nan
0.0548,2.0230,0.0118,combined,1.3465,7.8400,0.0018,0.0453,0.0308
0.0563,4.8830,0.1734,combined,1.3564,5.5000,0.0452,-0.0343,0.0447
0.1019,3.3382,0.1543,combined,0.8394,5.2600,0.1019,-0.0288,0.0978
0.1533,6.8738,0.0435,stand,0.0000,5.5000,0.0000,nan,nan
0.0788,1.4090,0.1692,combined,1.1160,5.3600,0.0788,-0.0666,0.0422
0.1138,1.4510,0.0923,turn,0.0000,5.0200,0.0000,nan,nan
0.0760,2.9495,0.0264,lateral,0.1042,6.5000,0.0480,0.0477,0.0592
0.0615,0.8633,0.0676,straight,1.4606,6.5200,0.0524,-0.0381,0.0483
0.1376,2.1836,0.2016,combined,1.3776,6.4800,0.1376,-0.1256,0.0562
0.1394,2.6661,0.0875,combined,1.3192,4.1200,0.1394,-0.1156,0.0779
0.0766,2.9925,0.0558,stand,0.0000,6.4000,0.0000,nan,nan
0.0692,2.1729,0.1221,turn,0.0000,4.9400,0.0000,nan,nan
0.0870,2.2494,0.2106,lateral,0.7589,7.4000,0.0450,-0.0486,0.0722
0.2710,2.9089,0.2196,combined,1.9163,4.3400,0.2710,-0.2709,0.0047
0.0038,0.6182,0.1931,combined,1.9770,5.1200,0.0015,-0.0024,0.0030
0.0401,1.2849,0.0650,combined,1.1733,7.1800,0.0028,0.0078,0.0393
0.0963,4.0343,0.0540,combined,1.5944,4.8800,0.0954,-0.0774,0.0573
0.0743,4.5664,0.0142,turn,0.0000,4.6200,0.0000,nan,nan
0.1183,1.7524,0.0243,turn,0.0000,6.8800,0.0000,nan,nan
0.0824,2.4410,0.0697,lateral,1.0109,6.3400,0.0019,0.0730,0.0383
0.1394,5.1049,0.1040,lateral,1.4333,4.7600,0.1361,-0.1101,0.0855
0.0385,3.5779,0.0142,lateral,0.5030,5.0200,0.0385,-0.0231,0.0308
0.0198,4.0356,0.0370,lateral,0.7946,4.3200,0.0011,0.0179,0.0084
0.0950,3.2914,0.1063,lateral,1.3298,4.1600,0.0909,-0.0950,0.0034
0.0626,3.0059,0.0209,lateral,0.2419,6.4400,0.0334,-0.0347,0.0521
0.0723,3.6146,0.2164,lateral,0.7274,6.6600,0.0697,-0.0479,0.0542
0.0977,0.0832,0.0813,combined,1.7924,5.3000,0.0977,-0.0274,0.0938
0.0860,2.5093,0.0791,lateral,0.3910,5.3000,0.0674,-0.0369,0.0777
0.0168,3.8587,0.2237,lateral,0.3629,4.6400,0.0006,0.0147,0.0082
0.1513,0.7534,0.1320,combined,1.5760,4.5000,0.1513,-0.0888,0.1225
0.1364,1.9681,0.0406,turn,0.0000,5.0600,0.0000,nan,nan
0.0955,5.9728,0.2978,combined,1.6253,5.2400,0.0585,0.0085,0.0951
0.1166,0.8412,0.0683,lateral,1.3407,5.2600,0.1124,0.0154,0.1156
0.0450,2.6861,0.1874,combined,1.5067,6.3600,0.0220,0.0432,0.0129
0.1037,0.7575,0.1109,turn,0.0000,4.4600,0.0000,nan,nan
0.0363,1.6687,0.2427,lateral,0.5158,5.0200,0.0170,-0.0006,0.0363
0.1105,1.8695,0.0885,combined,1.0794,7.8200,0.0784,-0.1075,0.0258
0.0353,3.0446,0.0829,straight,0.0072,5.8800,0.0072,0.0342,0.0087
0.0433,0.4644,0.0922,lateral,0.6131,7.4800,0.0342,0.0004,0.0433
0.0963,1.2266,0.1904,turn,0.0000,5.5600,0.0000,nan,nan
0.0899,3.1930,0.0716,turn,0.0000,4.0800,0.0000,nan,nan
0.0460,1.7392,0.0503,straight,1.3732,4.1200,0.0444,-0.0250,0.0386
0.0247,0.8790,0.0570,straight,0.8533,5.0000,0.0147,-0.0095,0.0228
0.2059,0.6051,0.2295,combined,1.4182,4.5000,0.2059,-0.2040,0.0279
0.0618,1.5963,0.1421,lateral,0.7934,5.1400,0.0468,-0.0607,0.0121
0.1309,0.8458,0.1029,straight,0.1243,4.2000,0.0987,-0.1081,0.0738
0.1215,1.8390,0.0255,combined,1.2619,7.5400,0.1195,0.0640,0.1033
0.1300,1.4762,0.2032,lateral,0.5028,7.4200,0.1115,-0.1122,0.0657
0.0153,1.4009,0.1276,straight,1.4521,5.6400,0.0010,0.0088,0.0125
0.1359,2.1394,0.0511,combined,1.6292,7.1000,0.1138,0.0859,0.1053
0.1456,5.3621,0.1337,combined,0.7312,7.9400,0.1225,0.0397,0.1401
0.1555,3.3886,0.0893,combined,1.3715,4.2600,0.1555,-0.1391,0.0694
0.0575,0.4373,0.0371,stand,0.0000,6.2800,0.0000,nan,nan
0.0697,2.3442,0.2172,combined,1.5647,6.7800,0.0249,0.0370,0.0591
0.1472,1.3919,0.0700,straight,1.3183,7.5400,0.1247,-0.1472,0.0022
0.0563,1.1319,0.1264,lateral,0.6805,4.0200,0.0515,-0.0561,0.0048
0.0933,4.3118,0.1953,turn,0.0000,6.9600,0.0000,nan,nan
0.0838,3.8093,0.0262,turn,0.0000,5.1800,0.0000,nan,nan
0.0445,3.9068,0.1357,turn,0.0000,5.9600,0.0000,nan,nan
0.1406,1.1669,0.1577,straight,0.8141,6.7000,0.1171,0.1161,0.0793
0.0259,3.2670,0.1978,turn,0.0000,6.6800,0.0000,nan,nan
0.0184,2.9820,0.1566,lateral,0.1065,6.3400,0.0087,0.0047,0.0178
0.1341,2.0067,0.0368,combined,1.2587,7.3400,0.1150,-0.0560,0.1218
0.1006,3.4989,0.1050,combined,1.0006,4.4600,0.0792,-0.1005,0.0035
0.0643,0.6829,0.0829,lateral,0.5426,6.9000,0.0031,0.0618,0.0180
0.1274,1.1925,0.1949,combined,1.3269,5.2800,0.1274,-0.1220,0.0367
0.1042,4.6790,0.1160,turn,0.0000,4.7200,0.0000,nan,nan
0.1634,0.0708,0.2035,turn,0.0000,6.2600,0.0000,nan,nan
0.0722,0.9647,0.0207,combined,1.3629,6.1600,0.0596,0.0142,0.0708
0.0729,0.5363,0.1358,straight,0.7562,6.9600,0.0622,-0.0498,0.0533
0.0252,4.4623,0.1854,straight,1.3868,6.6000,0.0180,0.0156,0.0197
0.0204,4.7668,0.0614,straight,0.1653,5.7200,0.0199,-0.0167,0.0117
0.0773,3.2999,0.1455,combined,1.6694,4.5800,0.0773,-0.0543,0.0550
0.1269,1.9223,0.1193,combined,1.2431,4.6400,0.1269,-0.0312,0.1230
0.0251,0.2554,0.1117,lateral,0.9939,6.0800,0.0227,0.0076,0.0239
0.1456,9.0560,0.0138,stand,0.0000,7.8400,0.0000,nan,nan
0.2396,11.7482,0.0094,stand,0.0000,5.8800,0.0000,nan,nan
0.0364,0.1839,0.1019,combined,1.1212,4.7200,0.0364,-0.0362,0.0033
0.0729,1.0857,0.2032,lateral,0.5493,6.3800,0.0719,-0.0234,0.0691
0.0386,0.7880,0.1674,straight,1.4523,6.0400,0.0337,-0.0236,0.0305
0.0152,3.8063,0.0565,stand,0.0000,4.2000,0.0000,nan,nan
0.0710,4.5247,0.2048,combined,0.5911,4.2600,0.0710,-0.0566,0.0430
0.0921,3.9316,0.0491,combined,2.2319,7.1200,0.0860,-0.0306,0.0868
0.0572,1.3583,0.1800,turn,0.0000,5.1800,0.0000,nan,nan
0.0207,7.4400,0.0211,stand,0.0000,7.8400,0.0000,nan,nan
0.0715,2.2358,0.1886,lateral,1.2774,4.9800,0.0715,0.0293,0.0652
0.0483,2.4979,0.0115,straight,1.0528,5.9200,0.0243,0.0339,0.0345
0.1223,2.0599,0.0272,combined,1.7830,4.4800,0.1182,-0.0678,0.1018
0.0485,1.2187,0.0363,stand,0.0000,4.0600,0.0000,nan,nan
0.0743,1.6671,0.0534,combined,1.9443,5.7800,0.0703,-0.0503,0.0547
0.0671,1.2147,0.0981,turn,0.0000,4.8800,0.0000,nan,nan
0.1007,0.6100,0.0910,combined,2.0223,5.5000,0.0229,0.1007,0.0020
0.1069,2.6432,0.2840,combined,2.0798,4.3000,0.1069,-0.0564,0.0908
0.1451,3.8920,0.2432,straight,1.5773,4.4800,0.1451,-0.1160,0.0872
0.0626,1.2678,0.0238,stand,0.0000,6.6800,0.0000,nan,nan
0.0591,1.3981,0.0815,lateral,0.1292,6.3000,0.0303,0.0107,0.0581
0.1021,0.1134,0.0573,combined,1.6879,5.3400,0.0926,0.0097,0.1017
0.2315,0.6838,0.2073,lateral,0.2487,6.9800,0.2163,-0.2029,0.1116
0.0390,1.2232,0.1748,straight,0.8966,4.4600,0.0390,-0.0094,0.0378
0.1568,0.3818,0.1673,combined,1.0774,6.4200,0.0259,0.1567,0.0066
0.0687,3.3471,0.2550,combined,2.1709,5.2600,0.0511,0.0163,0.0667
0.0912,4.2785,0.0396,lateral,0.9754,5.5600,0.0509,0.0775,0.0481
0.1482,3.6953,0.0433,lateral,0.6131,5.6600,0.0347,0.1385,0.0526
0.1309,3.0585,0.0581,straight,0.2335,4.3000,0.1034,-0.0585,0.1171
0.1685,3.1851,0.0302,combined,2.2166,7.0800,0.0355,0.1642,0.0378
0.1011,4.1394,0.1141,straight,0.2685,7.6600,0.0094,0.0983,0.0238
0.1072,2.3016,0.1115,turn,0.0000,7.2800,0.0000,nan,nan
0.0352,3.3137,0.0731,lateral,0.2996,4.1800,0.0089,-0.0200,0.0289
0.0605,1.7482,0.1802,lateral,0.1320,5.6600,0.0161,0.0358,0.0487
0.1010,1.6949,0.0711,lateral,0.4708,4.1400,0.0745,0.0799,0.0617
0.0880,0.2595,0.0923,turn,0.0000,4.7800,0.0000,nan,nan
0.0173,4.7339,0.0132,lateral,0.4345,7.4000,0.0043,-0.0135,0.0108
0.0654,3.9928,0.0539,lateral,0.7532,6.1200,0.0039,0.0638,0.0143
0.1992,0.5602,0.0612,combined,1.0677,4.1200,0.0287,0.1968,0.0307
0.1188,0.1256,0.0520,combined,1.2769,6.6800,0.0765,0.0044,0.1187
0.0939,0.4037,0.0470,stand,0.0000,6.3000,0.0000,nan,nan
0.0336,3.8509,0.0398,turn,0.0000,6.8600,0.0000,nan,nan
0.0638,1.2538,0.2610,straight,1.2603,6.6200,0.0622,-0.0592,0.0237
0.0633,2.8206,0.1294,combined,1.4607,6.1200,0.0537,-0.0633,0.0011
0.0573,1.5419,0.1268,straight,1.2263,5.5400,0.0378,0.0489,0.0298
0.0196,5.4330,0.0792,combined,0.5453,5.2600,0.0033,-0.0193,0.0034
0.0220,0.1831,0.0710,straight,0.8630,5.7600,0.0210,-0.0217,0.0039
0.0909,2.1644,0.0637,combined,1.6593,6.9400,0.0909,0.0082,0.0905
0.1443,2.4947,0.0869,turn,0.0000,7.2000,0.0000,nan,nan
0.0801,2.3087,0.2293,combined,1.5831,6.8000,0.0710,0.0214,0.0772
0.1127,1.4151,0.0298,straight,1.6138,7.7000,0.0108,0.0633,0.0933
0.0197,1.0824,0.1077,straight,1.3733,7.6000,0.0034,0.0189,0.0056
0.1056,6.5446,0.0432,stand,0.0000,5.1600,0.0000,nan,nan
0.0383,3.3331,0.2547,turn,0.0000,7.9200,0.0000,nan,nan
0.0599,5.1255,0.0915,straight,0.7082,4.3600,0.0456,0.0284,0.0528
0.0877,5.7343,0.0498,stand,0.0000,6.9200,0.0000,nan,nan
0.1627,4.4566,0.0508,lateral,1.1427,6.0200,0.1196,-0.1617,0.0184
0.0923,1.1860,0.0951,combined,1.2677,6.8600,0.0661,-0.0005,0.0923
0.0804,0.9880,0.0384,straight,0.0274,5.7000,0.0274,-0.0672,0.0442
0.0331,4.5025,0.1911,lateral,1.4898,5.9800,0.0331,0.0324,0.0066
0.1061,3.4711,0.0626,lateral,0.7175,4.0800,0.1061,-0.0946,0.0480
0.0591,2.1275,0.1795,lateral,0.2951,5.9400,0.0352,0.0124,0.0578
0.0995,1.9527,0.1738,lateral,0.5910,6.6800,0.0711,-0.0492,0.0865
0.0751,0.6955,0.0872,lateral,0.1959,4.7400,0.0009,0.0576,0.0482
0.0324,3.5853,0.2053,straight,0.3943,4.0800,0.0324,-0.0179,0.0270
0.1275,1.1441,0.1541,lateral,1.0214,7.7600,0.1178,0.0358,0.1224
0.0163,1.0652,0.0890,combined,1.1760,4.2400,0.0163,-0.0092,0.0134
0.0927,4.3764,0.0210,combined,1.0402,6.1600,0.0927,-0.0923,0.0092
0.0930,4.8653,0.1035,straight,1.4097,4.2000,0.0930,-0.0751,0.0548
0.0236,1.8550,0.1139,combined,1.0837,7.4600,0.0105,-0.0107,0.0210
0.1105,2.9122,0.1286,straight,0.5639,6.6400,0.0648,-0.0443,0.1013
0.1165,2.1718,0.0498,combined,1.3085,4.7600,0.1056,0.0562,0.1020
0.0671,0.0540,0.1212,combined,1.3289,7.8200,0.0637,0.0538,0.0400
0.0881,3.7858,0.1624,straight,1.6575,7.8400,0.0407,0.0159,0.0867
0.0369,3.7850,0.0412,turn,0.0000,4.5800,0.0000,nan,nan
0.0982,3.6304,0.0695,combined,0.5258,7.5600,0.0773,-0.0972,0.0137
0.1049,2.2022,0.1470,lateral,1.4346,4.0600,0.1049,-0.1039,0.0147
0.1757,6.6928,0.0102,stand,0.0000,7.0600,0.0000,nan,nan
0.0981,2.6740,0.0752,combined,1.2495,6.4400,0.0548,0.0108,0.0975
0.0785,3.5463,0.1795,combined,1.1017,4.9200,0.0785,-0.0319,0.0717
0.0594,0.1934,0.1252,combined,1.5654,4.9200,0.0594,-0.0531,0.0268
0.0854,2.5581,0.2264,combined,1.7694,5.8000,0.0713,-0.0504,0.0690
0.0914,2.5963,0.1717,lateral,0.4616,7.5200,0.0780,0.0125,0.0906
0.0914,1.0342,0.1599,turn,0.0000,5.4800,0.0000,nan,nan
0.0418,0.7506,0.0712,combined,1.5380,6.5600,0.0403,-0.0172,0.0381
0.0836,3.8268,0.1287,lateral,1.0175,7.7200,0.0573,-0.0570,0.0611
0.0446,0.7106,0.2404,combined,1.7071,7.4200,0.0354,0.0111,0.0432
0.0331,0.2396,0.0480,combined,0.6777,7.2800,0.0310,-0.0243,0.0225
0.1162,3.3202,0.1501,combined,1.9552,5.9200,0.1117,-0.1073,0.0446
0.0825,2.8814,0.2151,turn,0.0000,5.7800,0.0000,nan,nan
0.1085,2.7453,0.0341,turn,0.0000,6.6800,0.0000,nan,nan
0.1056,1.4781,0.1663,lateral,0.8788,4.3000,0.0914,-0.1035,0.0209
0.0295,2.2131,0.0488,combined,2.2746,6.7800,0.0272,0.0209,0.0209
0.0857,3.2253,0.0355,stand,0.0000,6.8400,0.0000,nan,nan
0.0979,1.2117,0.1710,lateral,1.2515,4.1800,0.0979,-0.0821,0.0534
0.1248,1.9254,0.0323,lateral,0.3718,6.9600,0.1058,0.0792,0.0965
0.0201,1.2531,0.0721,turn,0.0000,5.3200,0.0000,nan,nan
0.1896,12.6618,0.0150,stand,0.0000,7.8000,0.0000,nan,nan
0.0650,0.5098,0.0708,combined,1.6895,7.3800,0.0624,-0.0191,0.0621
0.1277,2.5827,0.1191,straight,1.4728,5.1200,0.1215,-0.1277,0.0028
0.1319,1.3168,0.1754,turn,0.0000,6.6200,0.0000,nan,nan
0.0567,1.4051,0.2112,turn,0.0000,4.3000,0.0000,nan,nan
0.0196,2.6394,0.0577,lateral,0.6535,4.8800,0.0111,-0.0153,0.0123
0.1239,1.7058,0.0327,turn,0.0000,6.9400,0.0000,nan,nan
0.0607,0.7192,0.1239,lateral,0.0997,7.8800,0.0014,0.0588,0.0149
0.0530,2.3816,0.2532,turn,0.0000,4.1400,0.0000,nan,nan
0.0035,3.7730,0.1983,lateral,0.3410,6.5800,0.0012,0.0024,0.0025
0.0309,2.4955,0.0208,stand,0.0000,6.1800,0.0000,nan,nan
0.0570,3.6055,0.2395,combined,1.5688,6.2000,0.0252,0.0293,0.0490
0.0772,4.9075,0.0905,turn,0.0000,7.1400,0.0000,nan,nan
0.1116,4.1991,0.1833,combined,2.0263,4.7400,0.1116,-0.1005,0.0486
0.0377,4.2756,0.0814,combined,1.4257,6.6200,0.0264,-0.0376,0.0018
0.0815,3.5303,0.2225,lateral,0.5272,7.9000,0.0145,0.0715,0.0390
0.1708,0.7467,0.0575,turn,0.0000,4.9400,0.0000,nan,nan
0.0635,0.2996,0.0503,lateral,0.1115,7.6000,0.0010,-0.0484,0.0411
0.0491,0.0422,0.0733,straight,1.5579,6.8600,0.0462,-0.0471,0.0138
0.1299,6.0881,0.0185,stand,0.0000,5.2400,0.0000,nan,nan
0.0856,4.4743,0.1532,lateral,0.5596,7.3400,0.0776,0.0084,0.0852
0.0760,2.8820,0.1081,lateral,1.4447,5.3400,0.0603,-0.0345,0.0678
0.1384,5.4288,0.0335,stand,0.0000,7.3600,0.0000,nan,nan
0.0720,4.6613,0.2261,combined,1.8025,5.8400,0.0666,0.0144,0.0706
0.0412,3.8060,0.1503,combined,2.1509,5.0000,0.0252,-0.0316,0.0263
0.1907,15.3867,0.0209,stand,0.0000,7.8800,0.0000,nan,nan
0.0299,2.0573,0.2124,combined,1.0121,6.3800,0.0211,-0.0262,0.0144
0.1945,2.4982,0.0530,stand,0.0000,7.6600,0.0000,nan,nan
0.0613,1.4637,0.2028,combined,1.0316,6.1000,0.0290,0.0591,0.0162
0.1011,1.8818,0.0879,turn,0.0000,7.3400,0.0000,nan,nan
0.0257,4.8797,0.1527,combined,0.2300,5.1600,0.0160,-0.0048,0.0252
0.0732,1.9895,0.0511,lateral,0.0312,7.9400,0.0136,-0.0476,0.0556
0.1426,2.1001,0.0122,turn,0.0000,7.7600,0.0000,nan,nan
0.0914,0.7157,0.1486,turn,0.0000,6.0600,0.0000,nan,nan
0.0387,1.6204,0.0810,lateral,0.0053,4.0400,0.0053,0.0045,0.0385
0.1175,0.6131,0.0976,straight,0.6303,6.6600,0.0609,0.0451,0.1085
0.0924,1.2051,0.0680,turn,0.0000,7.2000,0.0000,nan,nan
0.1015,4.5736,0.2042,combined,1.6843,6.9200,0.1015,-0.0002,0.1015
0.0945,3.2126,0.1351,combined,0.7183,4.4800,0.0851,-0.0699,0.0635
0.1024,2.1295,0.1570,combined,1.9326,5.0800,0.1014,-0.0966,0.0338
0.1413,3.9445,0.1128,straight,1.0364,7.4800,0.1383,-0.1061,0.0933
0.1226,1.8034,0.0343,lateral,1.4096,7.1000,0.1226,-0.1226,0.0043
0.0351,8.0815,0.0404,stand,0.0000,6.9200,0.0000,nan,nan
0.0950,1.3549,0.0178,turn,0.0000,5.8600,0.0000,nan,nan
0.1064,1.8512,0.2173,lateral,0.0972,4.7600,0.0901,-0.0838,0.0656
0.0688,1.3261,0.2411,turn,0.0000,5.3600,0.0000,nan,nan
0.0422,2.5100,0.1628,combined,1.5773,5.0400,0.0397,-0.0280,0.0316
0.0909,4.8396,0.2352,turn,0.0000,7.1000,0.0000,nan,nan
0.0852,3.0402,0.1589,straight,1.5335,7.0800,0.0098,0.0662,0.0535
0.0125,2.8099,0.2137,straight,1.2484,5.0200,0.0118,-0.0121,0.0035
0.1349,0.3085,0.0035,straight,0.5725,5.9200,0.1225,-0.0836,0.1059
0.0664,2.7953,0.0961,straight,0.0625,4.0600,0.0245,0.0302,0.0592
0.0391,4.5175,0.0153,stand,0.0000,5.4400,0.0000,nan,nan
0.0502,1.8958,0.1589,lateral,0.2675,4.7200,0.0259,0.0076,0.0496
0.0450,5.1979,0.0746,turn,0.0000,5.9000,0.0000,nan,nan
0.0923,2.2670,0.0709,lateral,1.4177,5.5400,0.0914,-0.0756,0.0530
0.0399,4.6047,0.1106,turn,0.0000,6.9200,0.0000,nan,nan
0.0326,4.4974,0.0157,stand,0.0000,7.3800,0.0000,nan,nan
0.1153,0.6517,0.0337,combined,0.2206,7.7400,0.0033,0.1128,0.0238
0.1189,0.8559,0.0990,straight,0.9066,5.8400,0.1000,-0.0333,0.1141
0.0391,0.4545,0.0694,stand,0.0000,6.1400,0.0000,nan,nan
0.1266,1.4155,0.0213,lateral,0.0119,7.2800,0.0101,-0.1247,0.0221
0.2260,12.1771,0.0291,stand,0.0000,7.7200,0.0000,nan,nan
0.0570,3.8688,0.0556,combined,0.6515,4.9800,0.0535,-0.0432,0.0371
0.1293,2.7868,0.0816,combined,1.6860,4.4000,0.1287,-0.1286,0.0138
0.0351,0.3666,0.2372,straight,0.2476,4.6000,0.0351,-0.0320,0.0145
0.2059,2.2982,0.2034,straight,1.9079,4.3200,0.2059,-0.2005,0.0469
0.1626,0.3287,0.0238,straight,0.5161,6.1200,0.1475,-0.1388,0.0846
0.0600,1.9512,0.0263,stand,0.0000,7.3200,0.0000,nan,nan
0.0539,0.5959,0.0322,combined,1.9410,6.0200,0.0049,0.0490,0.0223
0.1223,1.2000,0.1916,combined,0.4348,7.2000,0.1223,-0.1188,0.0291
0.1008,1.3644,0.0803,turn,0.0000,5.2400,0.0000,nan,nan
0.1788,5.8129,0.0173,stand,0.0000,4.8200,0.0000,nan,nan
0.1202,9.0368,0.0168,stand,0.0000,5.2600,0.0000,nan,nan
0.0799,0.5499,0.0933,lateral,0.9202,4.8000,0.0491,0.0509,0.0616
0.1344,5.2186,0.0452,straight,0.9037,4.1000,0.1344,-0.1343,0.0043
0.0469,1.9663,0.1781,combined,0.5655,5.5600,0.0039,0.0450,0.0130
0.0910,1.8203,0.2115,turn,0.0000,6.9400,0.0000,nan,nan
0.1415,3.3752,0.0832,stand,0.0000,6.9000,0.0000,nan,nan
0.0040,4.8751,0.1361,combined,1.5521,5.1600,0.0022,0.0039,0.0009
0.1685,0.2488,0.1843,combined,1.9911,4.7000,0.1685,-0.1265,0.1113
0.0448,1.4877,0.1883,straight,0.4950,6.0200,0.0393,-0.0207,0.0397
0.1076,3.1936,0.0978,turn,0.0000,5.1800,0.0000,nan,nan
0.0536,0.0480,0.0786,turn,0.0000,6.4200,0.0000,nan,nan
0.0170,4.2419,0.0444,stand,0.0000,4.1600,0.0000,nan,nan
0.1053,2.3624,0.0464,lateral,1.2939,4.6400,0.1022,-0.0730,0.0758
0.0907,1.4112,0.0568,turn,0.0000,4.0200,0.0000,nan,nan
0.1015,1.1624,0.1926,turn,0.0000,5.7000,0.0000,nan,nan
0.0926,1.9513,0.0627,lateral,1.1126,6.3800,0.0658,-0.0913,0.0157
0.1310,0.4945,0.0422,straight,1.2273,7.8800,0.1108,-0.0318,0.1271
0.0519,2.3034,0.1128,lateral,1.4784,4.4800,0.0518,-0.0429,0.0292
0.1295,0.6155,0.1532,turn,0.0000,5.8600,0.0000,nan,nan
0.1364,2.9823,0.1829,turn,0.0000,7.5000,0.0000,nan,nan
0.0301,0.8390,0.1535,turn,0.0000,5.6600,0.0000,nan,nan
0.1546,1.9498,0.0750,combined,1.8748,6.3400,0.1394,-0.0343,0.1508
0.0973,3.0415,0.0827,combined,1.0961,7.7600,0.0042,0.0895,0.0381
0.0448,4.2487,0.1114,lateral,1.1248,4.7400,0.0448,-0.0442,0.0073
0.1805,1.2377,0.1369,lateral,1.1383,4.8600,0.1805,-0.1241,0.1310
0.1716,0.6140,0.0802,straight,0.4998,4.7800,0.1158,-0.0411,0.1666
0.0630,2.1984,0.1659,combined,1.9203,6.6600,0.0470,-0.0561,0.0287
0.0758,4.4207,0.1741,combined,1.4982,5.6200,0.0746,-0.0322,0.0687
0.0163,3.6997,0.1780,straight,0.7454,5.8800,0.0159,-0.0161,0.0026
0.0884,0.4393,0.1743,lateral,0.8559,7.9600,0.0300,0.0848,0.0251
0.0477,3.4881,0.1346,lateral,0.6305,4.5200,0.0454,0.0097,0.0468
0.1130,0.3212,0.0986,turn,0.0000,6.7000,0.0000,nan,nan
0.0760,2.0581,0.1247,combined,2.2163,7.1000,0.0031,0.0684,0.0332
0.0546,1.6097,0.0947,combined,0.4506,5.7600,0.0492,-0.0458,0.0298
0.1074,3.4928,0.0251,combined,0.2234,5.2000,0.0344,0.0826,0.0687
0.0202,0.4038,0.0098,stand,0.0000,4.0800,0.0000,nan,nan
0.0292,1.3993,0.0284,lateral,0.1408,7.4000,0.0105,-0.0283,0.0073
0.1851,6.2413,0.0749,stand,0.0000,4.9600,0.0000,nan,nan
0.0356,3.0864,0.0392,straight,0.0650,5.1600,0.0143,-0.0186,0.0304
0.0524,1.2437,0.0983,lateral,0.0357,5.9600,0.0262,-0.0437,0.0289
0.0905,0.6638,0.1001,straight,1.1860,5.0800,0.0327,0.0885,0.0191
0.0689,0.3932,0.0484,straight,1.3134,4.5600,0.0531,0.0421,0.0546
0.1095,0.5299,0.2146,turn,0.0000,4.4600,0.0000,nan,nan
0.0306,4.0309,0.0570,lateral,0.6064,6.0200,0.0306,-0.0185,0.0244
0.0433,0.8726,0.1990,combined,1.7814,7.9200,0.0188,0.0350,0.0254
0.1263,3.2254,0.1264,combined,1.7216,7.5000,0.1016,-0.0919,0.0866
0.1034,1.8613,0.1346,turn,0.0000,7.1400,0.0000,nan,nan
0.0337,0.3293,0.1568,combined,1.2987,6.9600,0.0236,0.0015,0.0336
0.1383,1.4914,0.1338,turn,0.0000,7.3400,0.0000,nan,nan
0.1029,2.1191,0.2208,turn,0.0000,5.5600,0.0000,nan,nan
0.0692,3.8097,0.2338,lateral,1.1404,7.4400,0.0494,-0.0642,0.0259
0.1180,3.0378,0.0300,lateral,1.3859,4.7600,0.1179,-0.0890,0.0775
0.1229,3.4752,0.0657,combined,1.0642,4.4000,0.0073,0.1013,0.0696
0.1638,4.3038,0.0984,combined,1.8000,4.7800,0.1526,-0.0601,0.1524
0.1861,2.5861,0.2491,lateral,0.6868,4.6000,0.1255,0.0341,0.1829
0.0507,2.5550,0.0420,combined,1.3217,4.8800,0.0506,-0.0275,0.0426
0.0836,1.7736,0.1242,combined,1.7357,5.3400,0.0748,-0.0573,0.0609
0.0864,2.3124,0.0170,combined,1.0472,5.1800,0.0154,0.0806,0.0309
0.0268,2.8235,0.0372,stand,0.0000,4.9800,0.0000,nan,nan
0.0148,0.0510,0.0919,lateral,0.1645,5.3400,0.0028,-0.0124,0.0081
0.0482,4.5057,0.2980,turn,0.0000,5.2000,0.0000,nan,nan
0.0381,0.0220,0.0284,stand,0.0000,6.3800,0.0000,nan,nan
0.1068,2.6559,0.0535,lateral,0.1954,4.7000,0.0899,-0.0914,0.0551
0.0535,5.6183,0.0170,stand,0.0000,6.4600,0.0000,nan,nan
0.0357,7.8621,0.0778,straight,1.2866,7.1800,0.0132,0.0241,0.0263
0.0832,3.1026,0.0684,combined,1.2155,4.7600,0.0829,-0.0703,0.0446
0.0098,0.5311,0.0693,stand,0.0000,7.3400,0.0000,nan,nan
0.0541,0.6131,0.1203,straight,0.2388,7.6200,0.0291,-0.0510,0.0180
0.0466,1.5070,0.0294,stand,0.0000,4.9600,0.0000,nan,nan
0.0136,3.3789,0.0455,lateral,0.4497,5.6600,0.0033,0.0107,0.0084
0.0422,0.7758,0.2528,straight,1.0242,7.1000,0.0382,-0.0286,0.0311
0.1225,1.8863,0.0472,combined,1.5311,6.0200,0.1101,-0.1107,0.0523
0.1287,4.9978,0.0891,lateral,0.3001,7.1200,0.1059,-0.0255,0.1262
0.0239,3.1725,0.1111,straight,0.5654,4.7200,0.0117,-0.0032,0.0236
0.0758,2.8897,0.0721,combined,0.8911,5.4600,0.0758,-0.0507,0.0564
0.2032,1.4826,0.0466,stand,0.0000,7.0000,0.0000,nan,nan
0.0646,2.5062,0.1625,combined,1.5964,6.6600,0.0640,-0.0415,0.0495
0.0732,4.4816,0.0146,lateral,0.2949,4.5400,0.0654,-0.0135,0.0720
0.0284,5.0663,0.0448,lateral,1.4793,4.7400,0.0160,-0.0229,0.0167
0.0722,0.3612,0.0949,turn,0.0000,5.8000,0.0000,nan,nan
0.0940,5.2870,0.0467,stand,0.0000,4.4000,0.0000,nan,nan
0.0945,2.2306,0.1427,turn,0.0000,7.8400,0.0000,nan,nan
0.0840,0.5496,0.0111,turn,0.0000,4.1800,0.0000,nan,nan
0.0657,2.3066,0.0763,lateral,0.6780,7.5000,0.0361,0.0013,0.0657
0.1393,9.3526,0.0613,stand,0.0000,7.5600,0.0000,nan,nan
0.1519,3.8503,0.0731,lateral,1.0353,4.0200,0.1517,-0.1519,0.0006
0.0545,0.8750,0.1736,combined,1.6744,4.0000,0.0545,-0.0312,0.0447
0.1359,2.6960,0.1908,straight,1.9404,4.0600,0.1000,0.0596,0.1222
0.3506,1.6427,0.1521,combined,1.6785,4.0600,0.3506,-0.3220,0.1388
0.0999,0.0813,0.0622,combined,1.1852,4.0800,0.0999,-0.0960,0.0277
0.1459,2.3115,0.0089,turn,0.0000,4.1000,0.0000,nan,nan
0.1947,13.6395,0.0309,stand,0.0000,4.1400,0.0000,nan,nan
0.0968,2.6857,0.1147,combined,1.0202,4.1400,0.0968,-0.0915,0.0317
0.2224,1.8966,0.0468,straight,0.8230,4.1000,0.2172,-0.1998,0.0977
0.0382,2.3179,0.0543,turn,0.0000,4.1600,0.0000,nan,nan
0.1120,2.2966,0.2287,lateral,0.5170,4.1600,0.1120,-0.1026,0.0449
0.0837,5.5548,0.1679,combined,1.5887,4.2000,0.0837,-0.0756,0.0360
0.2671,2.3292,0.0849,combined,2.0632,4.2600,0.2671,-0.1913,0.1864
0.1922,1.2610,0.2043,combined,1.8447,4.2600,0.1922,-0.1572,0.1106
0.1032,1.1287,0.0803,combined,1.2391,4.3000,0.1001,-0.0263,0.0998
0.1173,2.2600,0.1291,combined,1.9638,4.3000,0.1173,-0.1172,0.0038
0.1019,1.9209,0.0429,straight,1.2172,4.3400,0.1019,-0.0765,0.0673
0.0668,1.0114,0.0060,combined,1.0361,4.3600,0.0668,-0.0527,0.0410
0.0680,1.9197,0.0313,stand,0.0000,4.3200,0.0000,nan,nan
0.0834,1.3454,0.0432,combined,1.4724,4.3800,0.0834,-0.0801,0.0231
0.0257,5.6867,0.1128,turn,0.0000,4.3800,0.0000,nan,nan
0.0490,2.1943,0.0643,lateral,0.5976,4.4000,0.0260,0.0402,0.0281
0.0567,2.5331,0.2303,combined,0.8988,4.4200,0.0567,-0.0376,0.0424
0.1814,3.0241,0.0243,combined,1.2767,4.4400,0.1750,-0.1599,0.0855
0.0369,0.5974,0.0516,combined,1.2044,4.4400,0.0363,-0.0351,0.0114
0.1178,0.0618,0.0610,lateral,0.1440,4.4600,0.0662,0.0177,0.1165
0.1125,3.1295,0.1433,combined,0.9326,4.5000,0.0916,0.0815,0.0776
0.1163,2.9581,0.1604,combined,1.9715,4.5000,0.1154,-0.1149,0.0178
0.0683,3.6145,0.2986,straight,0.0308,4.4800,0.0044,0.0682,0.0051
0.0569,2.7063,0.0209,stand,0.0000,4.5400,0.0000,nan,nan
0.0598,2.6360,0.0731,lateral,1.1215,4.5400,0.0586,-0.0577,0.0158
0.0759,0.0503,0.0369,stand,0.0000,4.5400,0.0000,nan,nan
0.0648,3.8527,0.2517,turn,0.0000,4.6000,0.0000,nan,nan
0.0695,0.1847,0.1060,combined,1.6150,4.6200,0.0695,-0.0600,0.0350
0.0783,2.5071,0.1499,straight,1.5123,4.6400,0.0754,-0.0605,0.0497
0.1106,0.8990,0.0698,straight,1.6773,4.6200,0.1106,-0.1079,0.0241
0.0646,2.7483,0.1815,lateral,0.3199,4.6600,0.0537,-0.0456,0.0457
0.1442,1.0704,0.1153,combined,1.0941,4.6800,0.1442,-0.1314,0.0595
0.0891,2.7052,0.0580,lateral,1.3077,4.6800,0.0824,-0.0826,0.0334
0.0857,0.6166,0.0232,stand,0.0000,4.7200,0.0000,nan,nan
0.0405,1.6618,0.2328,turn,0.0000,4.6800,0.0000,nan,nan
0.1577,3.5613,0.0957,combined,1.9052,4.7400,0.1558,-0.1370,0.0782
0.0477,1.6356,0.2566,lateral,0.6525,4.7600,0.0350,-0.0200,0.0433
0.0790,4.8324,0.2004,turn,0.0000,4.7800,0.0000,nan,nan
0.0603,1.5965,0.0760,lateral,0.4428,4.7800,0.0518,-0.0171,0.0578
0.0481,6.5619,0.2229,turn,0.0000,4.8000,0.0000,nan,nan
0.0999,0.1271,0.0792,lateral,1.2754,4.8200,0.0836,-0.0058,0.0998
0.1368,0.8294,0.1515,combined,0.2558,4.8200,0.0789,-0.1116,0.0792
0.0958,3.7644,0.1415,straight,1.6999,4.8200,0.0953,-0.0956,0.0072
0.0897,5.0623,0.2701,combined,1.0173,4.8400,0.0897,-0.0248,0.0863
0.0431,6.1971,0.0999,lateral,0.5193,4.8200,0.0048,0.0388,0.0187
0.0406,0.5802,0.2215,combined,1.1796,4.8600,0.0305,-0.0239,0.0329
0.0975,2.2225,0.1943,combined,0.6354,4.8800,0.0928,-0.0631,0.0744
0.0782,1.2963,0.2477,lateral,1.4693,4.8800,0.0782,-0.0221,0.0750
0.0188,5.0983,0.1575,straight,0.4936,4.8800,0.0046,0.0167,0.0087
0.0155,1.7320,0.0541,lateral,0.1743,4.8600,0.0049,-0.0054,0.0145
0.1597,1.8143,0.1010,combined,1.8894,4.9000,0.1343,0.0687,0.1441
0.0457,1.9277,0.0941,combined,1.2057,4.9000,0.0457,-0.0100,0.0446
0.0369,3.8312,0.1349,lateral,1.3140,4.9000,0.0197,-0.0280,0.0241
0.1703,1.3530,0.0378,straight,1.4512,4.9200,0.1640,-0.1546,0.0715
0.0862,2.9822,0.0658,turn,0.0000,4.9200,0.0000,nan,nan
0.0260,3.3093,0.1828,straight,1.0396,4.9600,0.0039,0.0229,0.0122
0.1540,3.0077,0.1613,lateral,1.3606,4.9800,0.1521,-0.0678,0.1383
0.1263,2.8694,0.2122,straight,0.6759,4.9800,0.1134,-0.0630,0.1095
0.0895,2.8237,0.2387,straight,0.5129,5.0000,0.0281,0.0852,0.0274
0.0241,3.2529,0.1842,straight,0.3051,5.0200,0.0010,0.0150,0.0189
0.0329,0.8752,0.1401,straight,0.0590,5.0400,0.0248,-0.0293,0.0150
0.1263,2.8671,0.0358,turn,0.0000,5.0600,0.0000,nan,nan
0.1105,3.1298,0.1872,combined,1.5618,5.1000,0.0612,0.0095,0.1101
0.1132,0.2876,0.1887,turn,0.0000,5.1200,0.0000,nan,nan
0.0897,2.0321,0.1449,turn,0.0000,5.1200,0.0000,nan,nan
0.0964,4.4897,0.0101,combined,0.9530,5.1200,0.0962,-0.0963,0.0008
0.0533,3.6663,0.0900,turn,0.0000,5.1400,0.0000,nan,nan
0.0874,1.7523,0.1344,combined,1.3600,5.2000,0.0041,0.0775,0.0405
0.0916,2.1332,0.2357,straight,0.0231,5.2000,0.0231,-0.0682,0.0611
0.0769,1.6290,0.2017,turn,0.0000,5.1800,0.0000,nan,nan
0.1598,1.1493,0.2319,lateral,1.2648,5.2200,0.1598,-0.0676,0.1448
0.0940,2.4567,0.0797,combined,1.9452,5.2200,0.0914,-0.0762,0.0550
0.0428,0.6797,0.1527,combined,1.9450,5.2200,0.0347,0.0229,0.0361
0.1188,0.6669,0.0783,combined,1.2501,5.2800,0.1188,-0.0963,0.0695
0.0726,1.1932,0.0306,stand,0.0000,5.3000,0.0000,nan,nan
0.0534,0.2632,0.2154,straight,0.2071,5.3000,0.0325,-0.0330,0.0419
0.1387,1.5633,0.1011,combined,1.1949,5.3000,0.1387,-0.1024,0.0935
0.0652,0.8639,0.0119,stand,0.0000,5.3000,0.0000,nan,nan
0.0540,5.6821,0.1288,turn,0.0000,5.2800,0.0000,nan,nan
0.0498,0.5942,0.0658,stand,0.0000,5.3400,0.0000,nan,nan
0.0396,2.9699,0.1299,straight,1.3173,5.3000,0.0333,0.0034,0.0395
0.0690,7.8504,0.1931,combined,1.8571,5.3800,0.0635,0.0024,0.0690
0.1077,1.0067,0.0203,stand,0.0000,5.3800,0.0000,nan,nan
0.0709,1.8970,0.0530,lateral,0.3530,5.3800,0.0709,-0.0263,0.0659
0.0692,0.2906,0.2184,straight,1.0803,5.4000,0.0533,-0.0222,0.0655
0.0545,0.2390,0.0227,stand,0.0000,5.4000,0.0000,nan,nan
0.1114,2.4196,0.1222,turn,0.0000,5.4200,0.0000,nan,nan
0.0583,0.9757,0.0668,lateral,0.0564,5.4200,0.0387,-0.0573,0.0107
0.0662,3.1591,0.1271,straight,0.5618,5.4600,0.0560,-0.0589,0.0302
0.1069,0.7919,0.1478,turn,0.0000,5.4600,0.0000,nan,nan
0.1726,0.9245,0.0696,turn,0.0000,5.5200,0.0000,nan,nan
0.0884,2.0443,0.0620,turn,0.0000,5.5200,0.0000,nan,nan
0.1156,0.5775,0.1088,turn,0.0000,5.5400,0.0000,nan,nan
0.0109,2.9854,0.0296,lateral,0.7561,5.5600,0.0011,-0.0099,0.0047
0.0924,0.5362,0.0238,stand,0.0000,5.5600,0.0000,nan,nan
0.0280,2.7721,0.0569,combined,0.4689,5.6200,0.0011,0.0265,0.0090
0.1401,0.8253,0.0088,stand,0.0000,5.6200,0.0000,nan,nan
0.0773,1.4669,0.0683,lateral,0.2130,5.6600,0.0606,-0.0685,0.0359
0.0888,2.8275,0.0764,straight,0.7081,5.8000,0.0626,0.0295,0.0838
0.0635,2.2809,0.1079,lateral,0.4344,5.1400,0.0152,0.0620,0.0135
0.1648,1.1176,0.1014,combined,0.8090,5.8800,0.0020,0.1648,0.0025
0.0486,2.8662,0.2067,lateral,0.6522,5.9000,0.0417,0.0479,0.0080
0.0412,1.0940,0.0628,lateral,0.8242,5.9000,0.0274,-0.0168,0.0376
0.0187,0.7336,0.0918,turn,0.0000,5.9200,0.0000,nan,nan
0.0110,0.9173,0.0595,turn,0.0000,5.9400,0.0000,nan,nan
0.0707,1.9106,0.0815,combined,1.8243,5.9400,0.0642,-0.0573,0.0415
0.1039,0.3401,0.0094,turn,0.0000,5.9400,0.0000,nan,nan
0.0981,3.8213,0.1655,combined,1.4985,5.9600,0.0942,-0.0701,0.0686
0.0635,1.0219,0.1660,combined,2.2958,5.9800,0.0509,0.0050,0.0633
0.0479,1.0184,0.0333,stand,0.0000,6.0000,0.0000,nan,nan
0.1494,1.0311,0.0835,turn,0.0000,6.0200,0.0000,nan,nan
0.1220,5.4527,0.1319,lateral,0.4786,6.0200,0.0016,0.1169,0.0347
0.0905,3.3878,0.1308,turn,0.0000,6.0200,0.0000,nan,nan
0.0425,1.0355,0.0361,combined,1.6922,6.0200,0.0388,-0.0222,0.0362
0.1062,0.4288,0.0787,combined,1.8827,6.0400,0.1059,-0.0064,0.1061
0.0179,0.5536,0.0323,stand,0.0000,6.0400,0.0000,nan,nan
0.0562,5.1602,0.2211,lateral,0.8660,6.0800,0.0501,-0.0445,0.0343
0.0856,1.7960,0.2472,combined,0.3123,6.1000,0.0347,0.0818,0.0253
0.1858,2.0628,0.0989,straight,0.9625,6.1000,0.1548,-0.1169,0.1444
0.0723,4.6970,0.0889,straight,0.0921,5.0200,0.0423,0.0609,0.0390
0.1723,2.5406,0.0693,lateral,0.3959,6.1400,0.0922,0.0305,0.1696
0.0652,1.8160,0.2261,straight,1.9011,6.1600,0.0557,-0.0637,0.0139
0.0412,5.5024,0.0315,stand,0.0000,6.1800,0.0000,nan,nan
0.0438,2.9002,0.1235,turn,0.0000,6.1800,0.0000,nan,nan
0.0105,1.7971,0.0400,combined,2.3179,6.1800,0.0105,-0.0069,0.0080
0.0777,2.4396,0.0325,combined,1.6427,6.2400,0.0615,-0.0418,0.0655
0.0668,1.2690,0.1520,combined,0.9006,6.2400,0.0081,0.0667,0.0006
0.1211,2.5446,0.2831,turn,0.0000,6.2600,0.0000,nan,nan
0.1556,0.3170,0.0394,lateral,1.1663,6.2600,0.1442,-0.1374,0.0730
0.0924,0.9820,0.2281,combined,1.1497,6.2800,0.0072,0.0923,0.0050
0.0472,0.4542,0.2497,straight,1.7104,6.3000,0.0472,-0.0255,0.0397
0.0440,2.2371,0.0626,straight,0.4269,6.3400,0.0015,0.0065,0.0435
0.0651,0.5765,0.0227,stand,0.0000,6.3600,0.0000,nan,nan
0.0453,0.1487,0.0164,stand,0.0000,6.3200,0.0000,nan,nan
0.1889,1.5869,0.0185,lateral,0.6416,6.4000,0.1594,-0.1881,0.0171
0.0325,1.0913,0.0759,combined,0.5465,6.4000,0.0065,0.0151,0.0288
0.0687,1.8192,0.0583,lateral,1.1330,6.4000,0.0538,-0.0672,0.0145
0.0910,6.7970,0.1375,straight,0.5245,6.4200,0.0434,-0.0750,0.0517
0.0560,1.5747,0.0375,lateral,0.5472,6.4200,0.0248,0.0328,0.0454
0.0490,3.2509,0.0564,lateral,0.9175,6.4400,0.0442,-0.0028,0.0489
0.1040,0.6200,0.0205,combined,0.9986,6.4400,0.1030,-0.0970,0.0374
0.0611,0.3135,0.1216,turn,0.0000,6.4800,0.0000,nan,nan
0.0941,0.5851,0.0134,stand,0.0000,6.5000,0.0000,nan,nan
0.0116,1.9807,0.0745,turn,0.0000,6.5000,0.0000,nan,nan
0.0612,2.8571,0.0949,turn,0.0000,6.5200,0.0000,nan,nan
0.0185,3.2207,0.0641,straight,0.7271,6.5200,0.0026,0.0101,0.0154
0.1503,1.2748,0.0636,lateral,1.2983,6.5400,0.1071,-0.1200,0.0904
0.0967,1.3245,0.0419,straight,1.7652,6.5400,0.0108,0.0912,0.0322
0.1597,15.6483,0.0118,stand,0.0000,6.5600,0.0000,nan,nan
0.1169,5.0125,0.0639,turn,0.0000,6.5600,0.0000,nan,nan
0.0656,9.5080,0.0504,stand,0.0000,6.5800,0.0000,nan,nan
0.1180,1.1594,0.1774,straight,1.4503,6.5800,0.1021,0.0892,0.0773
0.1387,2.3563,0.2030,turn,0.0000,6.6000,0.0000,nan,nan
0.0277,0.9607,0.1541,lateral,0.3638,6.6000,0.0016,0.0274,0.0044
0.0753,2.9575,0.0693,stand,0.0000,6.6600,0.0000,nan,nan
0.1553,0.6291,0.0797,lateral,1.2000,6.6600,0.0675,0.1279,0.0880
0.0429,0.2735,0.1693,straight,0.5012,6.6800,0.0062,0.0120,0.0412
0.0799,4.2164,0.2346,turn,0.0000,6.7000,0.0000,nan,nan
0.0790,6.2329,0.0222,stand,0.0000,6.7000,0.0000,nan,nan
0.0591,2.7125,0.2317,straight,1.5378,6.7200,0.0477,0.0129,0.0576
0.1084,1.0882,0.2042,turn,0.0000,6.7400,0.0000,nan,nan
0.1618,0.3490,0.1984,lateral,0.2892,6.7800,0.0098,0.1595,0.0272
0.0912,0.5082,0.1538,turn,0.0000,6.7800,0.0000,nan,nan
0.0827,3.6009,0.0788,combined,0.6722,6.7800,0.0718,0.0134,0.0817
0.0403,0.8087,0.1171,straight,0.2315,6.8200,0.0229,-0.0145,0.0376
0.0882,2.4657,0.0792,lateral,1.1109,6.8200,0.0297,-0.0726,0.0501
0.0613,1.6421,0.0817,lateral,1.0692,6.8400,0.0306,0.0201,0.0579
0.3284,23.5717,0.0282,stand,0.0000,6.8800,0.0000,nan,nan
0.0381,3.4412,0.0331,straight,1.7476,6.8800,0.0032,0.0170,0.0341
0.0283,1.1129,0.0718,turn,0.0000,6.9000,0.0000,nan,nan
0.1074,0.6994,0.1665,lateral,0.5468,6.9000,0.0859,-0.0049,0.1073
0.0231,2.5523,0.0843,straight,0.5129,6.8600,0.0166,-0.0195,0.0125
0.0593,0.6428,0.1723,straight,0.3879,5.9800,0.0181,0.0473,0.0357
0.0491,0.6061,0.2183,combined,0.7964,6.9400,0.0435,-0.0104,0.0479
0.0837,1.7498,0.1555,straight,1.3521,6.9400,0.0820,-0.0553,0.0628
0.0976,1.0309,0.1673,lateral,0.5799,6.9600,0.0740,-0.0152,0.0964
0.0150,0.0628,0.0415,straight,0.6595,6.9600,0.0150,-0.0131,0.0073
0.0224,2.5083,0.1885,straight,1.7150,6.9600,0.0075,-0.0054,0.0218
0.0359,1.1031,0.1042,combined,1.4543,6.9800,0.0359,-0.0314,0.0174
0.0485,0.9928,0.2244,turn,0.0000,7.0200,0.0000,nan,nan
0.0549,0.5180,0.1767,lateral,0.3516,7.0200,0.0028,0.0437,0.0332
0.0785,4.1251,0.2585,straight,0.5448,7.0200,0.0339,0.0393,0.0680
0.0568,3.2114,0.1230,lateral,1.2313,7.0400,0.0009,0.0535,0.0189
0.0925,4.4977,0.1532,lateral,0.5152,7.0400,0.0790,-0.0541,0.0750
0.0259,6.1909,0.2115,lateral,0.6444,7.0400,0.0105,0.0187,0.0179
0.0435,4.1302,0.1858,turn,0.0000,7.0600,0.0000,nan,nan
0.2556,1.9427,0.1313,combined,1.7636,7.0800,0.1917,0.0420,0.2522
0.0557,1.8390,0.1302,turn,0.0000,7.0800,0.0000,nan,nan
0.0479,1.8255,0.0443,stand,0.0000,7.0800,0.0000,nan,nan
0.0277,3.8682,0.1657,straight,1.9928,7.1000,0.0127,-0.0170,0.0219
0.0924,4.0162,0.1042,lateral,0.3484,7.1400,0.0702,-0.0515,0.0768
0.2626,14.8748,0.0193,stand,0.0000,7.1400,0.0000,nan,nan
0.0681,0.7073,0.2418,lateral,0.3894,7.1600,0.0351,0.0635,0.0246
0.0245,2.7548,0.1328,lateral,0.2554,7.1600,0.0160,0.0189,0.0156
0.1238,3.4882,0.2030,straight,1.7091,7.1800,0.1211,-0.1061,0.0638
0.1161,0.2115,0.0762,lateral,0.4800,7.2000,0.0748,0.0851,0.0790
0.0577,2.9620,0.0802,combined,1.4173,7.2000,0.0574,-0.0561,0.0135
0.0651,0.1540,0.0137,stand,0.0000,7.2400,0.0000,nan,nan
0.0469,0.8838,0.1169,lateral,0.0959,7.2400,0.0012,-0.0383,0.0271
0.1047,0.5245,0.0422,combined,1.8323,7.2600,0.0747,0.0975,0.0382
0.0602,3.7252,0.0279,stand,0.0000,7.2800,0.0000,nan,nan
0.0435,4.1710,0.0813,turn,0.0000,7.3000,0.0000,nan,nan
0.0751,4.0286,0.0477,stand,0.0000,7.3600,0.0000,nan,nan
0.0452,4.7386,0.0682,combined,0.7412,7.3400,0.0035,0.0385,0.0236
0.1064,2.0482,0.0186,straight,0.6917,7.3800,0.0171,0.0160,0.1052
0.0292,2.8930,0.1760,straight,1.4906,7.4000,0.0292,-0.0292,0.0008
0.0719,0.5393,0.1852,straight,0.3039,7.4000,0.0180,0.0671,0.0259
0.0783,3.7642,0.0938,combined,0.7797,7.4000,0.0419,-0.0461,0.0633
0.0322,3.1146,0.0429,lateral,1.3144,7.4200,0.0111,-0.0066,0.0315
0.0604,5.4844,0.0954,turn,0.0000,7.4200,0.0000,nan,nan
0.1139,5.5932,0.1215,straight,0.1165,7.4000,0.0376,-0.0719,0.0884
0.1388,0.4830,0.2763,straight,0.5958,7.4200,0.1388,-0.1375,0.0191
0.0541,0.5090,0.1583,combined,0.3672,7.4400,0.0317,0.0464,0.0278
0.0781,0.6796,0.1732,lateral,1.2273,7.4000,0.0629,-0.0772,0.0122
0.1484,0.0840,0.0388,turn,0.0000,7.4600,0.0000,nan,nan
0.0687,3.6730,0.2186,combined,1.8319,7.4600,0.0285,0.0685,0.0051
0.1020,1.1538,0.1766,combined,0.9718,7.4800,0.0002,0.1015,0.0098
0.0585,1.4859,0.0830,turn,0.0000,7.5200,0.0000,nan,nan
0.0215,2.6780,0.2629,lateral,0.6593,7.5400,0.0088,0.0211,0.0039
0.0995,2.2336,0.0608,lateral,0.3997,7.5400,0.0861,0.0159,0.0983
0.1655,1.6626,0.2236,turn,0.0000,7.5400,0.0000,nan,nan
0.0827,5.0604,0.1735,combined,1.4161,7.6000,0.0827,-0.0787,0.0255
0.0738,2.1968,0.0740,combined,0.9311,7.6200,0.0647,-0.0717,0.0176
0.0321,1.3178,0.0908,combined,1.9398,7.6200,0.0085,0.0284,0.0151
0.1233,2.4309,0.0539,lateral,0.4392,7.6400,0.0074,0.1200,0.0282
0.0622,0.6073,0.1392,turn,0.0000,7.6600,0.0000,nan,nan
0.1422,2.4251,0.0995,combined,0.9020,7.6800,0.0832,0.0497,0.1332
0.0851,3.5607,0.1364,combined,1.4508,7.6800,0.0026,0.0709,0.0471
0.0458,0.1392,0.0948,combined,0.3845,7.6800,0.0420,-0.0418,0.0187
0.1246,0.1646,0.0647,combined,1.4037,7.6800,0.0056,0.1158,0.0461
0.0977,0.2959,0.0541,stand,0.0000,7.7000,0.0000,nan,nan
0.0362,1.3149,0.0826,turn,0.0000,7.7000,0.0000,nan,nan
0.1283,1.6818,0.0466,combined,1.9510,7.7400,0.0695,0.0478,0.1191
0.1506,3.6125,0.0749,stand,0.0000,7.7600,0.0000,nan,nan
0.0579,1.7179,0.1040,turn,0.0000,7.7600,0.0000,nan,nan
0.0750,2.7430,0.1908,combined,1.9212,7.7800,0.0665,0.0056,0.0747
0.0954,2.4322,0.0417,straight,0.9358,7.8000,0.0664,-0.0855,0.0422
0.1540,1.7902,0.0408,combined,1.3642,7.0000,0.1374,-0.0575,0.1428
0.0764,1.8787,0.1076,straight,0.7687,7.8400,0.0764,-0.0403,0.0649
0.0584,0.1558,0.0358,stand,0.0000,7.8400,0.0000,nan,nan
0.0781,2.0580,0.1390,turn,0.0000,7.8000,0.0000,nan,nan
0.0791,2.3376,0.2361,lateral,1.1285,7.8800,0.0674,-0.0600,0.0515
0.0741,0.2034,0.0478,straight,1.6693,7.8400,0.0666,-0.0663,0.0330
0.0636,2.8520,0.1593,turn,0.0000,7.8800,0.0000,nan,nan
0.0664,2.1425,0.1994,straight,1.2381,7.8800,0.0635,-0.0656,0.0102
0.0254,1.7814,0.0825,lateral,0.2833,7.9200,0.0135,0.0135,0.0215
0.0428,1.9303,0.0530,combined,1.2252,7.6200,0.0118,0.0427,0.0031
0.0564,5.0153,0.0885,combined,1.9226,7.9800,0.0488,0.0494,0.0273
0.0351,4.1408,0.0570,straight,0.1337,4.0600,0.0343,-0.0236,0.0259
0.1509,1.7600,0.0432,combined,0.6315,4.0200,0.1507,-0.0618,0.1377
0.1563,2.6548,0.1422,straight,1.3177,4.1600,0.1563,-0.1167,0.1040
0.0586,1.5617,0.1404,turn,0.0000,4.0400,0.0000,nan,nan
0.1088,0.2959,0.0783,turn,0.0000,4.1200,0.0000,nan,nan
0.0184,3.5852,0.0268,stand,0.0000,4.3400,0.0000,nan,nan
0.0793,2.7867,0.0857,combined,0.5336,4.4200,0.0530,-0.0143,0.0780
0.0572,5.9797,0.0665,turn,0.0000,7.9400,0.0000,nan,nan
0.1458,1.2468,0.2217,straight,1.7005,4.4000,0.1458,-0.1449,0.0165
0.0154,2.6420,0.0657,straight,1.1171,4.6600,0.0154,-0.0031,0.0150
0.0928,1.6846,0.1435,combined,1.4394,4.1600,0.0861,-0.0284,0.0883
0.0531,2.0395,0.0231,lateral,0.7447,4.4600,0.0503,-0.0268,0.0458
0.2500,0.9567,0.2727,combined,1.7900,4.2400,0.2500,-0.2477,0.0335
0.0817,4.0703,0.0800,lateral,0.8496,5.0200,0.0702,-0.0394,0.0715
0.1245,4.4009,0.0629,combined,0.6796,4.0400,0.1245,-0.1173,0.0416
0.0618,2.4037,0.0284,lateral,1.1403,7.9400,0.0546,0.0114,0.0607
0.0301,1.5432,0.1907,straight,1.5657,4.5000,0.0199,0.0080,0.0290
0.0819,1.5975,0.1178,lateral,0.0062,4.9800,0.0062,-0.0819,0.0013
0.0354,4.2933,0.0442,combined,0.9631,4.7200,0.0354,-0.0064,0.0348
0.0972,4.0539,0.1046,lateral,1.1937,5.0400,0.0788,0.0580,0.0780
0.0741,0.6064,0.0448,lateral,1.1966,4.9000,0.0741,-0.0596,0.0441
0.0713,0.4304,0.0341,combined,0.0822,4.5000,0.0356,0.0048,0.0712
0.1416,1.1886,0.0173,stand,0.0000,5.2600,0.0000,nan,nan
0.1112,1.7804,0.1347,turn,0.0000,4.2600,0.0000,nan,nan
0.0314,3.8959,0.0822,lateral,0.3167,4.6400,0.0018,0.0291,0.0118
0.0806,3.5393,0.1828,combined,0.4878,4.2800,0.0635,0.0098,0.0800
0.0606,3.4711,0.0314,straight,1.8698,5.0000,0.0602,-0.0588,0.0147
0.2262,1.8890,0.1797,straight,1.5096,4.6800,0.2262,-0.2199,0.0532
0.0808,0.4989,0.1822,combined,1.5799,5.5000,0.0725,-0.0804,0.0076
0.1128,6.3419,0.2443,lateral,0.6194,5.7600,0.1010,-0.1105,0.0227
0.0807,4.2515,0.0459,combined,1.7465,4.6800,0.0725,0.0500,0.0633
0.1727,10.0171,0.0277,stand,0.0000,4.1600,0.0000,nan,nan
0.0729,4.9382,0.0162,stand,0.0000,4.7600,0.0000,nan,nan
0.1188,1.8862,0.0306,combined,0.9310,5.3800,0.0923,-0.0675,0.0978
0.0674,1.9554,0.1497,lateral,0.5895,5.5600,0.0436,-0.0303,0.0602
0.0695,2.7388,0.0149,stand,0.0000,5.8600,0.0000,nan,nan
0.0340,0.1702,0.0898,turn,0.0000,4.3200,0.0000,nan,nan
0.0494,3.0272,0.1438,turn,0.0000,4.4400,0.0000,nan,nan
0.1734,0.7200,0.1468,combined,1.4572,5.2400,0.1734,-0.1564,0.0749
0.0236,2.5011,0.2331,straight,0.9538,5.6400,0.0139,-0.0228,0.0059
0.0410,0.9347,0.1894,turn,0.0000,5.0800,0.0000,nan,nan
0.0808,3.7277,0.0784,combined,0.6410,4.3600,0.0478,0.0503,0.0632
0.1433,2.1422,0.0743,lateral,1.3572,6.2800,0.1215,-0.1368,0.0426
0.0809,0.5411,0.0302,straight,0.4424,4.4800,0.0768,-0.0683,0.0434
0.0541,3.8472,0.0566,stand,0.0000,4.0400,0.0000,nan,nan
0.0931,6.4467,0.0583,combined,1.0619,5.5400,0.0930,-0.0870,0.0331
0.1023,3.6915,0.0570,straight,1.3151,5.9800,0.1023,-0.1016,0.0122
0.0458,0.8752,0.2185,combined,1.5881,6.1800,0.0381,-0.0458,0.0009
0.0329,0.6495,0.0132,lateral,1.0025,5.1800,0.0279,-0.0295,0.0145
0.1813,0.9981,0.0305,stand,0.0000,5.3400,0.0000,nan,nan
0.1871,4.4220,0.0845,straight,1.9294,4.6800,0.1871,-0.1835,0.0369
0.0688,0.2455,0.0531,lateral,0.6907,5.3600,0.0532,0.0308,0.0615
0.0935,1.5489,0.1683,lateral,1.2194,4.6400,0.0862,-0.0617,0.0703
0.0372,0.1170,0.1794,straight,1.5208,6.1600,0.0039,0.0312,0.0203
0.0916,1.1630,0.1076,combined,2.2136,5.4800,0.0916,0.0281,0.0872
0.1256,2.4547,0.0656,turn,0.0000,5.8000,0.0000,nan,nan
0.1558,0.5045,0.1986,straight,1.3053,5.4200,0.1558,-0.1535,0.0264
0.0339,0.7005,0.1434,turn,0.0000,4.4800,0.0000,nan,nan
0.0225,1.4997,0.2531,combined,1.5558,5.4800,0.0225,0.0084,0.0209
0.1546,2.8014,0.1261,combined,1.8345,4.1800,0.1523,-0.1513,0.0322
0.0333,1.5387,0.0674,turn,0.0000,5.8400,0.0000,nan,nan
0.1053,4.1226,0.0373,combined,1.5723,6.3600,0.0961,-0.0816,0.0665
0.1119,2.9570,0.0625,combined,0.9133,5.2800,0.0248,0.1070,0.0327
0.0265,2.1407,0.0639,lateral,0.2338,6.0800,0.0261,0.0021,0.0264
0.0464,1.8772,0.0166,combined,0.5077,4.6400,0.0282,0.0345,0.0310
0.0422,3.8884,0.0917,lateral,0.5102,6.9000,0.0003,0.0318,0.0277
0.0597,0.0892,0.0509,straight,1.5378,6.7000,0.0472,0.0546,0.0242
0.1988,5.2554,0.0083,stand,0.0000,4.8200,0.0000,nan,nan
0.0902,1.7758,0.1744,combined,1.4046,5.7200,0.0207,0.0322,0.0842
0.2190,1.9156,0.0913,straight,1.2310,5.6000,0.0353,0.0862,0.2013
0.0992,1.8400,0.1514,straight,0.3673,6.1400,0.0990,-0.0977,0.0174
0.1025,1.9236,0.2724,combined,0.6854,5.3200,0.0931,-0.0899,0.0493
0.0120,5.8036,0.1505,turn,0.0000,5.1000,0.0000,nan,nan
0.1365,5.0826,0.1524,combined,1.8585,4.0400,0.1347,-0.0968,0.0962
0.0658,0.0563,0.0812,combined,1.5021,7.0800,0.0189,0.0656,0.0056
0.1431,2.2944,0.0218,combined,0.6728,4.2400,0.1431,-0.0471,0.1351
0.0796,2.7735,0.1981,combined,0.8049,5.6000,0.0754,0.0298,0.0738
0.0503,1.0525,0.0502,turn,0.0000,4.2600,0.0000,nan,nan
0.1323,0.2731,0.1219,lateral,1.3766,7.2200,0.1120,-0.0570,0.1194
0.0490,2.3272,0.0915,turn,0.0000,5.6600,0.0000,nan,nan
0.1201,5.5519,0.1531,straight,1.0723,6.7000,0.1201,-0.1195,0.0124
0.0435,4.0514,0.0575,lateral,0.4803,6.4400,0.0006,0.0396,0.0181
0.0720,3.2919,0.0452,combined,1.6992,6.6600,0.0592,-0.0712,0.0104
0.0443,5.0099,0.0218,turn,0.0000,6.5400,0.0000,nan,nan
0.0966,1.0820,0.1597,turn,0.0000,6.6800,0.0000,nan,nan
0.1115,1.2291,0.0227,straight,1.8305,4.4400,0.1115,-0.1063,0.0337
0.0503,1.0640,0.2180,turn,0.0000,6.6400,0.0000,nan,nan
0.0650,1.8689,0.0440,stand,0.0000,6.6200,0.0000,nan,nan
0.0494,3.9041,0.0661,combined,0.6630,4.5200,0.0134,-0.0122,0.0479
0.0869,2.2979,0.2107,straight,0.3858,5.3800,0.0823,-0.0658,0.0568
0.1698,2.8749,0.0756,lateral,0.5900,5.2800,0.1058,0.0006,0.1698
0.0503,4.3090,0.1277,combined,1.1917,4.6400,0.0445,-0.0020,0.0502
0.0985,0.2720,0.0919,lateral,0.5631,5.4000,0.0734,-0.0874,0.0453
0.1256,1.0206,0.1692,straight,0.3758,6.1400,0.0628,0.1250,0.0118
0.0742,2.5856,0.1651,combined,1.6268,6.0800,0.0379,0.0490,0.0557
0.0367,5.3323,0.1714,straight,1.5393,6.6000,0.0035,-0.0051,0.0364
0.1688,1.1910,0.1634,straight,0.8945,5.4000,0.1688,-0.1130,0.1254
0.0070,2.6859,0.1191,combined,1.7582,7.3000,0.0012,0.0049,0.0050
0.0512,2.5268,0.0831,combined,0.2293,6.2400,0.0398,-0.0490,0.0149
0.2015,11.6140,0.0203,stand,0.0000,6.4400,0.0000,nan,nan
0.2437,3.6313,0.1987,combined,1.4699,4.1800,0.2437,-0.1991,0.1406
0.0657,2.8908,0.0594,turn,0.0000,4.2000,0.0000,nan,nan
0.0969,1.4661,0.2101,lateral,1.4406,6.9000,0.0763,-0.0615,0.0748
0.0504,1.6085,0.0666,stand,0.0000,4.7000,0.0000,nan,nan
0.0762,3.8720,0.0729,turn,0.0000,7.6400,0.0000,nan,nan
0.1406,0.1421,0.0411,straight,0.5989,4.3200,0.1319,-0.0996,0.0993
0.1390,1.4865,0.2386,lateral,0.3054,5.4200,0.0648,0.1275,0.0553
0.0682,4.3525,0.1174,straight,0.0815,5.6200,0.0670,-0.0544,0.0412
0.0996,6.1477,0.1516,lateral,1.2946,4.6600,0.0853,0.0195,0.0976
0.1448,3.0645,0.0014,straight,1.5520,4.0200,0.1434,-0.1447,0.0051
0.0576,0.2699,0.0855,turn,0.0000,6.4200,0.0000,nan,nan
0.0978,4.3713,0.0405,combined,1.4438,4.7200,0.0978,-0.0715,0.0667
0.1323,2.9518,0.0567,lateral,0.7641,6.9200,0.0315,0.1150,0.0656
0.0818,3.2979,0.1850,combined,1.4376,7.5600,0.0620,0.0764,0.0292
0.0960,8.0506,0.1823,combined,2.0015,4.7000,0.0960,-0.0768,0.0576
0.1222,0.4525,0.2097,turn,0.0000,7.6800,0.0000,nan,nan
0.0854,3.9686,0.0424,combined,2.2601,5.6200,0.0837,-0.0741,0.0424
0.2062,1.6894,0.0772,combined,2.1967,4.4000,0.2062,-0.2062,0.0008
0.0610,4.5608,0.1101,straight,0.2876,4.7600,0.0430,0.0417,0.0445
0.1217,3.0678,0.1289,combined,1.5212,5.1200,0.1217,-0.1033,0.0643
0.0591,0.6256,0.0538,lateral,0.8097,7.8000,0.0030,-0.0585,0.0084
0.0372,4.3728,0.0437,combined,1.1149,5.9200,0.0372,-0.0233,0.0289
0.0629,5.3010,0.1956,combined,0.8910,6.7600,0.0492,-0.0612,0.0145
0.0646,2.4620,0.1351,lateral,0.6271,4.5400,0.0469,0.0364,0.0534
0.0433,5.3340,0.1395,straight,0.2482,4.9000,0.0312,0.0205,0.0381
0.0765,1.0892,0.0515,turn,0.0000,4.5400,0.0000,nan,nan
0.1007,0.4761,0.0517,lateral,0.1455,4.8800,0.0799,0.0266,0.0971
0.0023,3.0734,0.1314,straight,1.5335,5.4000,0.0018,-0.0022,0.0007
0.0423,2.7611,0.1135,lateral,1.4474,4.7400,0.0423,-0.0075,0.0417
0.1884,1.0020,0.0937,combined,1.7372,4.5400,0.1812,-0.1650,0.0909
0.0512,0.8892,0.0851,combined,1.4761,7.1200,0.0053,0.0195,0.0473
0.1565,11.5873,0.0307,stand,0.0000,7.0000,0.0000,nan,nan
0.0477,0.2068,0.0551,straight,1.4103,7.8800,0.0404,-0.0439,0.0186
0.0418,0.9278,0.1012,combined,0.7969,5.2800,0.0393,0.0202,0.0366
0.0660,0.9116,0.2377,straight,1.8833,4.3800,0.0660,-0.0602,0.0271
0.1489,2.6492,0.0756,combined,0.3921,6.2000,0.1078,-0.0091,0.1486
0.0442,2.7678,0.1396,straight,1.2823,5.6800,0.0425,-0.0084,0.0434
0.0438,5.4818,0.1005,combined,0.5397,4.9400,0.0368,-0.0430,0.0081
0.0766,2.7913,0.0695,combined,1.8071,4.5000,0.0766,-0.0765,0.0025
0.0772,9.0126,0.0406,stand,0.0000,6.6400,0.0000,nan,nan
0.1299,3.4463,0.1001,straight,1.6502,7.1800,0.1221,-0.0627,0.1137
0.1211,13.0723,0.0260,stand,0.0000,7.3600,0.0000,nan,nan
0.1336,1.8263,0.1498,lateral,0.4464,5.4200,0.0206,0.1296,0.0324
0.0822,2.5268,0.2380,turn,0.0000,4.3600,0.0000,nan,nan
0.1303,4.1234,0.2830,lateral,1.3749,4.3200,0.1303,-0.1083,0.0725
0.1040,0.2254,0.1472,combined,1.4847,6.1000,0.0904,-0.1023,0.0183
0.0101,1.0826,0.2056,lateral,0.4427,4.5800,0.0039,0.0099,0.0020
0.0593,1.9982,0.0799,combined,0.4306,6.2200,0.0423,-0.0442,0.0396
0.0848,8.0527,0.0151,stand,0.0000,6.3200,0.0000,nan,nan
0.0700,2.6811,0.0812,combined,1.0618,5.0200,0.0700,-0.0564,0.0414
0.0404,0.4927,0.1429,combined,1.9380,6.3600,0.0332,-0.0378,0.0143
0.2158,2.9146,0.0490,stand,0.0000,6.8600,0.0000,nan,nan
0.0536,0.2148,0.0991,straight,0.5460,7.4000,0.0023,0.0067,0.0532
0.0596,2.4495,0.0539,combined,0.8621,7.4600,0.0398,0.0162,0.0574
0.0679,2.6747,0.1608,lateral,1.1521,7.9200,0.0431,0.0183,0.0654
0.0271,3.1385,0.0901,lateral,0.8630,7.1600,0.0147,0.0076,0.0261
0.1070,0.9696,0.0302,combined,0.7495,5.8600,0.0939,-0.0409,0.0989
0.1599,2.4791,0.1803,combined,0.6505,4.6000,0.0777,0.1460,0.0653
0.0559,0.9309,0.2553,lateral,0.1915,6.0000,0.0202,0.0383,0.0407
0.0225,7.7737,0.0738,straight,1.6728,7.5800,0.0174,-0.0223,0.0034
0.0913,1.2492,0.0596,lateral,0.1001,4.5200,0.0211,0.0641,0.0650
0.0594,3.6074,0.0681,lateral,0.8508,7.0400,0.0268,-0.0584,0.0108
0.0276,2.0973,0.0569,turn,0.0000,6.3400,0.0000,nan,nan
0.0922,0.0735,0.0937,turn,0.0000,7.2400,0.0000,nan,nan
0.1342,1.3776,0.1344,combined,1.3001,7.7200,0.1169,-0.0316,0.1304
0.0881,2.0142,0.0618,combined,1.8718,4.9200,0.0881,-0.0757,0.0451
0.0073,1.5180,0.0149,stand,0.0000,5.8800,0.0000,nan,nan
0.1121,2.8082,0.2010,straight,1.3142,5.0400,0.1047,-0.0465,0.1021
0.0916,1.6889,0.2076,combined,0.9730,7.7200,0.0766,-0.0877,0.0262
0.0538,1.2793,0.0485,turn,0.0000,5.2000,0.0000,nan,nan
0.0880,1.8313,0.0839,turn,0.0000,7.5000,0.0000,nan,nan
0.0450,0.0901,0.2033,straight,0.3435,5.6800,0.0309,-0.0015,0.0450
0.0790,0.1681,0.0543,straight,0.3751,7.7200,0.0260,0.0789,0.0034
0.1726,0.7667,0.0940,lateral,1.4826,6.0000,0.1543,-0.1693,0.0337
0.1415,1.6682,0.2098,lateral,0.3286,6.4000,0.1379,-0.1039,0.0961
0.1370,0.8656,0.0163,stand,0.0000,6.5800,0.0000,nan,nan
0.1144,0.0916,0.0064,lateral,0.5525,7.3800,0.1144,-0.1115,0.0254
0.1424,1.4893,0.1799,lateral,0.7304,5.1400,0.1272,-0.1421,0.0083
0.1329,0.7269,0.2126,straight,1.9400,5.6200,0.0198,0.0917,0.0962
0.0935,2.4489,0.1601,turn,0.0000,5.8400,0.0000,nan,nan
0.0690,0.7187,0.2007,combined,1.6096,6.5000,0.0632,-0.0686,0.0075
0.0244,6.7944,0.1601,combined,1.1031,6.4400,0.0127,0.0092,0.0226
0.1011,2.7649,0.1739,straight,0.9547,6.1600,0.0859,-0.0407,0.0925
0.1008,0.9836,0.0564,lateral,0.3504,6.3400,0.0973,-0.0601,0.0809
0.1263,5.1957,0.1074,lateral,1.2859,5.7200,0.1109,-0.1230,0.0284
0.0260,2.9298,0.1372,turn,0.0000,6.0600,0.0000,nan,nan
0.0976,0.1032,0.1180,lateral,0.7442,4.0400,0.0774,-0.0953,0.0209
0.2350,6.6846,0.0366,stand,0.0000,7.5000,0.0000,nan,nan
0.0583,3.4410,0.0111,stand,0.0000,6.0600,0.0000,nan,nan
0.0436,1.3536,0.2695,combined,1.4904,5.2400,0.0419,-0.0163,0.0404
0.1863,6.5122,0.0296,stand,0.0000,6.8600,0.0000,nan,nan
0.0281,4.8579,0.1152,turn,0.0000,6.3200,0.0000,nan,nan
0.0959,3.3154,0.1972,straight,1.3048,6.5400,0.0959,-0.0823,0.0493
0.0506,0.5131,0.0295,stand,0.0000,6.6400,0.0000,nan,nan
0.1312,1.4456,0.0951,straight,0.2953,5.5400,0.1195,-0.0984,0.0868
0.0296,2.1163,0.0433,combined,1.2935,7.7400,0.0197,-0.0097,0.0279
0.1090,2.7568,0.0601,lateral,0.6325,6.3400,0.0782,0.0062,0.1088
0.0720,1.7301,0.1732,combined,2.1227,6.8400,0.0436,-0.0111,0.0711
0.1667,1.4805,0.0335,lateral,0.6120,6.9400,0.0043,0.1642,0.0287
0.1440,5.8697,0.1326,lateral,0.1136,6.7800,0.0371,0.0874,0.1145
0.0574,2.4047,0.1329,turn,0.0000,7.8200,0.0000,nan,nan
0.0423,2.4950,0.1626,combined,1.2921,5.6200,0.0081,0.0323,0.0273
0.0145,0.7702,0.0724,stand,0.0000,4.8000,0.0000,nan,nan
0.0457,0.1168,0.1481,lateral,0.7803,7.1000,0.0002,-0.0455,0.0042
0.0147,1.7414,0.1570,lateral,1.4691,6.5000,0.0115,0.0035,0.0143
0.1046,3.3046,0.2304,turn,0.0000,4.0600,0.0000,nan,nan
0.1931,1.8240,0.0323,lateral,1.2299,6.8800,0.0687,0.1501,0.1216
0.0218,0.9843,0.0690,straight,0.6694,7.2400,0.0186,0.0206,0.0072
0.2355,2.4549,0.1896,combined,1.4446,6.4400,0.2344,-0.1943,0.1330
0.0264,3.1069,0.0162,stand,0.0000,6.6600,0.0000,nan,nan
0.0240,0.2604,0.1848,combined,1.2591,7.4400,0.0149,0.0200,0.0132
0.1225,3.6166,0.1670,straight,0.0218,7.5800,0.0177,-0.0419,0.1151
0.0741,0.7499,0.0406,turn,0.0000,6.3600,0.0000,nan,nan
0.0679,2.0538,0.0868,lateral,0.8571,7.1000,0.0020,0.0666,0.0135
0.0888,0.6309,0.0586,straight,0.4351,6.7200,0.0119,0.0607,0.0647
0.0616,0.9923,0.0575,straight,1.6131,7.1800,0.0114,0.0371,0.0492
0.0206,0.5945,0.1577,turn,0.0000,6.0200,0.0000,nan,nan
0.0807,1.4434,0.1057,combined,1.0542,6.8800,0.0387,0.0098,0.0801
0.1871,10.6411,0.0699,stand,0.0000,6.3200,0.0000,nan,nan
0.0399,2.8307,0.0994,straight,1.4686,7.3000,0.0190,-0.0334,0.0218
0.0902,2.8863,0.0272,straight,0.0012,7.7000,0.0012,0.0881,0.0196
0.0815,0.9402,0.0463,straight,0.7224,7.3800,0.0118,0.0654,0.0485
0.1060,4.5669,0.0703,straight,1.4055,4.0200,0.1060,-0.1060,0.0014
0.0705,2.1264,0.0945,combined,1.2413,7.4200,0.0511,-0.0579,0.0403
0.1441,1.6245,0.0824,combined,1.3757,7.8800,0.1030,0.0806,0.1194
0.0960,1.8711,0.0612,straight,1.6609,7.4600,0.0018,0.0850,0.0445
0.0506,0.5606,0.2018,lateral,0.0512,7.3400,0.0017,0.0505,0.0028
0.0760,0.0398,0.2251,turn,0.0000,5.8400,0.0000,nan,nan
0.0563,1.0609,0.0540,stand,0.0000,4.1400,0.0000,nan,nan
0.1694,4.3455,0.0043,lateral,1.1931,4.3600,0.1653,-0.1136,0.1257
0.0863,0.9494,0.1085,combined,0.5033,6.6800,0.0840,-0.0600,0.0620
0.0749,2.6268,0.1874,straight,0.5909,4.9200,0.0655,-0.0685,0.0303
0.0902,5.3537,0.2091,straight,0.1655,5.0800,0.0022,0.0887,0.0164
0.0806,6.3299,0.1910,turn,0.0000,6.5000,0.0000,nan,nan
0.0628,0.8004,0.1857,straight,0.7608,6.2000,0.0468,-0.0257,0.0573
0.0031,3.6125,0.0139,stand,0.0000,6.7000,0.0000,nan,nan
0.0800,2.7275,0.1825,combined,1.9647,7.2400,0.0686,-0.0732,0.0321
0.0333,3.7357,0.1469,turn,0.0000,5.2000,0.0000,nan,nan
0.0905,3.4792,0.0442,lateral,0.8687,6.7800,0.0794,-0.0689,0.0587
0.1283,5.0734,0.0107,stand,0.0000,7.9800,0.0000,nan,nan
0.0265,3.2888,0.0616,straight,0.8769,6.6000,0.0149,0.0056,0.0259
0.0257,2.3994,0.0917,turn,0.0000,7.3800,0.0000,nan,nan
0.0935,1.7189,0.0332,stand,0.0000,4.1400,0.0000,nan,nan
0.1090,1.2575,0.1947,combined,1.6426,7.3200,0.0155,-0.0551,0.0940
0.0600,2.6553,0.1239,combined,1.8336,7.7800,0.0595,-0.0575,0.0170
0.0951,1.9713,0.0866,combined,1.1112,7.9800,0.0900,0.0729,0.0610
0.0716,1.2744,0.0576,turn,0.0000,7.0400,0.0000,nan,nan
0.0848,2.9089,0.0513,combined,1.5412,6.7400,0.0793,-0.0708,0.0467
0.0506,5.1448,0.0251,turn,0.0000,5.6200,0.0000,nan,nan
0.1102,1.6689,0.1877,combined,1.5951,5.0400,0.1102,-0.1049,0.0337
0.1324,1.1311,0.1276,turn,0.0000,7.0200,0.0000,nan,nan
0.0628,2.0248,0.0410,lateral,0.0198,7.5200,0.0100,-0.0626,0.0050
0.0784,1.3016,0.2733,combined,0.9713,7.0800,0.0671,-0.0230,0.0749
0.0472,1.7941,0.0183,lateral,0.7915,7.3400,0.0204,0.0470,0.0035
0.1462,0.0490,0.0558,turn,0.0000,7.6400,0.0000,nan,nan
0.0450,2.7164,0.1641,straight,0.3491,4.5800,0.0362,-0.0166,0.0419
0.1031,2.6488,0.0099,straight,1.2411,7.2800,0.0313,0.0952,0.0396
0.0508,2.4958,0.1616,turn,0.0000,7.5600,0.0000,nan,nan
0.0636,0.8031,0.1130,straight,1.6528,4.3200,0.0636,-0.0455,0.0445
0.0273,3.5713,0.1288,combined,1.8534,7.2200,0.0076,0.0272,0.0016
0.1238,1.8120,0.1271,straight,1.6024,4.5400,0.1238,-0.1211,0.0259
0.0076,0.6277,0.1048,combined,1.5832,7.8000,0.0018,0.0076,0.0008
0.0711,1.5022,0.0372,straight,0.8348,4.3800,0.0099,0.0707,0.0079
0.0735,4.5791,0.0529,straight,1.1165,7.8800,0.0269,0.0734,0.0039
0.0668,3.3327,0.0694,combined,1.8248,7.0800,0.0623,-0.0666,0.0045
0.1321,0.2803,0.0795,combined,1.3009,6.5600,0.0748,0.1010,0.0851
0.0122,3.8189,0.0377,lateral,1.1416,7.5200,0.0003,0.0043,0.0115
0.0894,0.2527,0.0290,stand,0.0000,4.5600,0.0000,nan,nan
0.1492,1.4272,0.0355,combined,0.6169,4.4000,0.1416,-0.0834,0.1238
0.0468,2.3641,0.0406,lateral,0.3442,4.0200,0.0321,-0.0468,0.0002
0.1560,1.3098,0.0656,turn,0.0000,6.0000,0.0000,nan,nan
0.0130,6.1210,0.0702,combined,0.7041,4.6800,0.0007,0.0078,0.0104
0.0714,3.5626,0.1785,lateral,0.8297,5.1400,0.0588,0.0393,0.0595
0.0537,2.9226,0.0183,straight,0.9204,7.8400,0.0375,-0.0471,0.0258
0.0319,4.6102,0.1011,straight,1.2786,7.8600,0.0319,-0.0282,0.0150
0.0884,1.0799,0.0055,turn,0.0000,7.5000,0.0000,nan,nan
0.0583,3.5849,0.1905,lateral,0.1541,6.3200,0.0170,0.0285,0.0508
0.0891,4.1674,0.1624,turn,0.0000,7.4800,0.0000,nan,nan
0.0965,1.9487,0.0941,turn,0.0000,7.6400,0.0000,nan,nan
0.1958,2.8513,0.2350,combined,2.0982,4.2200,0.1958,-0.1948,0.0193
0.0348,1.3772,0.1948,straight,0.7006,7.6600,0.0020,0.0006,0.0348
0.0292,1.8838,0.1843,combined,1.1183,4.4200,0.0289,-0.0273,0.0103
0.0457,2.4238,0.0773,straight,0.0027,4.3000,0.0027,-0.0301,0.0344
0.0899,2.2506,0.0384,turn,0.0000,7.1600,0.0000,nan,nan
0.1501,1.6312,0.0907,straight,0.6060,6.2000,0.1426,-0.0699,0.1328
0.0315,3.1664,0.0906,combined,1.8998,5.4600,0.0286,-0.0110,0.0296
0.1026,3.4373,0.0593,combined,1.0299,6.5400,0.0517,0.0788,0.0656
0.0456,2.4530,0.2621,combined,0.8526,4.1200,0.0071,0.0185,0.0417
0.0748,1.8648,0.0499,lateral,0.5472,7.9800,0.0572,0.0439,0.0606
0.0710,1.8400,0.0284,straight,1.5840,4.2400,0.0624,-0.0248,0.0666
0.0504,0.9935,0.1660,lateral,0.0812,6.3000,0.0227,-0.0468,0.0187
0.0856,2.9957,0.0755,lateral,0.2106,4.9400,0.0598,-0.0856,0.0002
0.1258,2.9979,0.0582,lateral,1.3581,4.3800,0.1166,-0.1239,0.0220
0.0437,0.8285,0.1312,lateral,0.1548,7.2000,0.0063,0.0409,0.0153
0.0532,2.8134,0.1233,straight,0.1360,6.1400,0.0290,0.0374,0.0378
0.1099,3.0973,0.0390,lateral,0.7545,4.1400,0.1099,-0.1020,0.0410
0.1248,3.5479,0.0439,combined,1.5295,4.5600,0.1248,-0.1216,0.0283
0.0649,3.6131,0.0044,turn,0.0000,4.2800,0.0000,nan,nan
0.0557,2.3913,0.0960,combined,2.3447,7.4200,0.0256,0.0451,0.0328
0.1565,1.5620,0.0860,lateral,0.8997,4.7000,0.1060,-0.0645,0.1426
0.1387,0.3151,0.1276,straight,0.1940,4.5600,0.1020,-0.0332,0.1347
0.0957,2.8442,0.0160,turn,0.0000,5.8400,0.0000,nan,nan
0.0859,5.7454,0.2366,combined,2.3104,4.2200,0.0859,-0.0063,0.0857
0.1206,2.1958,0.1804,combined,1.8357,7.4600,0.0535,0.0547,0.1074
0.0308,1.8072,0.2005,straight,1.3958,5.6800,0.0044,0.0171,0.0256
0.0340,2.6646,0.0074,stand,0.0000,5.5400,0.0000,nan,nan
0.0295,3.2111,0.0332,combined,0.9139,5.5200,0.0180,-0.0109,0.0274
0.1239,1.3272,0.2271,straight,0.0837,5.4000,0.0837,-0.1093,0.0584
0.0110,0.7723,0.1177,lateral,0.6202,4.2200,0.0110,0.0056,0.0094
0.0450,3.4955,0.2496,lateral,1.1661,4.5400,0.0450,-0.0450,0.0009
0.0128,1.3399,0.0038,stand,0.0000,4.3600,0.0000,nan,nan
0.0957,2.5958,0.2142,straight,0.3472,4.4200,0.0296,0.0953,0.0086
0.0668,4.4555,0.1792,turn,0.0000,5.0400,0.0000,nan,nan
0.0505,0.3365,0.0160,straight,1.6400,6.2400,0.0020,0.0107,0.0493
0.0535,0.2748,0.2199,combined,0.0552,4.6400,0.0101,0.0288,0.0451
0.1131,0.0426,0.1146,turn,0.0000,7.4000,0.0000,nan,nan
0.1518,3.5610,0.1017,stand,0.0000,4.5800,0.0000,nan,nan
0.0937,1.5211,0.0708,turn,0.0000,5.2600,0.0000,nan,nan
0.1132,2.7884,0.2269,combined,1.2131,4.9600,0.1132,0.0493,0.1019
0.0978,0.6274,0.0516,stand,0.0000,4.6200,0.0000,nan,nan
0.1831,1.1214,0.0261,stand,0.0000,4.3800,0.0000,nan,nan
0.0419,6.1068,0.1306,combined,1.1611,5.6000,0.0404,-0.0291,0.0301
0.0691,2.0576,0.0333,straight,1.2681,5.1200,0.0478,-0.0110,0.0682
0.1693,2.4070,0.1019,combined,1.2738,4.1600,0.1693,-0.1620,0.0492
0.1561,1.7110,0.0863,straight,1.1235,4.6600,0.1561,-0.1546,0.0211
0.0209,1.6658,0.0213,stand,0.0000,5.9000,0.0000,nan,nan
0.0861,2.5298,0.0559,combined,1.6860,5.1000,0.0719,0.0447,0.0736
0.2034,5.5301,0.0678,combined,2.4176,5.1000,0.1874,-0.1790,0.0966
0.1041,5.3381,0.0580,combined,1.9934,5.6000,0.1041,-0.0045,0.1040
0.1740,0.5473,0.0556,straight,1.1671,5.8000,0.1663,-0.1740,0.0016
0.1264,0.2239,0.0628,combined,1.7469,5.2600,0.1264,-0.0892,0.0896
0.1109,2.8890,0.0572,turn,0.0000,6.5200,0.0000,nan,nan
0.0309,1.5850,0.2120,lateral,1.4045,6.8000,0.0309,-0.0007,0.0309
0.0464,0.8520,0.0871,straight,0.4166,6.0800,0.0464,-0.0454,0.0096
0.0336,3.4886,0.2281,combined,1.2744,4.9800,0.0175,0.0326,0.0083
0.0395,1.7137,0.0377,straight,0.0343,7.8000,0.0188,-0.0226,0.0324
0.0195,0.1723,0.0103,turn,0.0000,4.8000,0.0000,nan,nan
0.0493,5.0687,0.0388,stand,0.0000,6.1200,0.0000,nan,nan
0.0823,7.2905,0.0367,stand,0.0000,7.8800,0.0000,nan,nan
0.2006,8.4223,0.0554,stand,0.0000,6.0600,0.0000,nan,nan
0.0958,6.2156,0.1471,straight,0.4331,5.3600,0.0927,-0.0930,0.0232
0.1116,1.8657,0.0436,stand,0.0000,6.0000,0.0000,nan,nan
0.0322,2.0731,0.0869,combined,1.2957,4.8800,0.0272,-0.0100,0.0306
0.0836,4.0317,0.1378,combined,1.1270,5.0600,0.0833,-0.0809,0.0209
0.0995,1.6187,0.0308,combined,0.5051,4.6400,0.0943,-0.0533,0.0840
0.1218,0.9440,0.0661,turn,0.0000,4.6400,0.0000,nan,nan
0.0603,2.5833,0.0431,combined,0.1370,6.3400,0.0015,0.0560,0.0222
0.0574,4.6523,0.1320,straight,1.2238,5.9000,0.0574,-0.0478,0.0318
0.0864,2.3960,0.1958,straight,0.2479,5.8400,0.0302,0.0754,0.0423
0.1060,5.1098,0.0664,lateral,0.0069,5.5600,0.0028,0.0468,0.0951
0.0570,1.1072,0.0391,straight,0.4581,6.9000,0.0361,-0.0453,0.0345
0.0763,0.2807,0.0295,combined,1.1140,5.9200,0.0438,0.0761,0.0056
0.0730,4.2092,0.0422,stand,0.0000,5.9000,0.0000,nan,nan
0.0659,3.8296,0.2456,straight,0.4265,5.0400,0.0427,-0.0243,0.0613
0.1120,1.4867,0.1327,straight,1.9452,6.3200,0.1118,-0.0988,0.0529
0.0219,3.1545,0.2724,straight,1.0121,6.6800,0.0004,0.0129,0.0176
0.0659,0.4705,0.1730,straight,0.9123,6.8400,0.0489,-0.0380,0.0539
0.0253,1.5228,0.0457,combined,1.5175,6.4200,0.0253,0.0096,0.0234
0.1258,3.1351,0.1280,lateral,1.4291,7.0800,0.0792,0.0236,0.1236
0.0110,0.4172,0.0591,turn,0.0000,6.8600,0.0000,nan,nan
0.1440,0.5747,0.0533,turn,0.0000,4.3000,0.0000,nan,nan
0.0550,5.6496,0.1948,straight,1.1707,7.6600,0.0411,-0.0289,0.0468
0.0344,0.3236,0.1321,combined,1.5203,5.7200,0.0333,-0.0103,0.0328
0.0347,0.1141,0.0688,lateral,0.9569,5.2800,0.0347,-0.0151,0.0312
0.0134,0.8492,0.1570,straight,0.9360,6.2000,0.0062,-0.0031,0.0131
0.1366,0.0572,0.0531,turn,0.0000,4.8200,0.0000,nan,nan
0.0484,1.1916,0.0724,combined,1.5611,7.6000,0.0283,-0.0108,0.0472
0.0551,3.9062,0.0428,straight,1.9968,7.1000,0.0301,0.0252,0.0490
0.0636,3.8893,0.1016,turn,0.0000,7.9000,0.0000,nan,nan
0.2604,2.4963,0.0649,combined,0.2254,5.4000,0.0752,-0.1562,0.2083
0.0404,3.5705,0.0520,combined,2.0148,5.9400,0.0278,-0.0312,0.0256
0.0816,2.8277,0.2078,combined,1.2189,5.0800,0.0802,-0.0809,0.0107
0.1578,1.6432,0.1600,combined,1.9067,4.5200,0.1563,-0.1574,0.0108
0.0724,6.4029,0.1902,combined,1.5234,7.6200,0.0513,-0.0691,0.0214
0.1238,0.1634,0.0379,lateral,0.0992,6.1000,0.0690,-0.0311,0.1199
0.0451,1.6460,0.0835,combined,1.4126,4.0000,0.0174,0.0058,0.0447
0.0601,5.0993,0.1381,lateral,0.8103,5.3000,0.0601,-0.0598,0.0064
0.0474,2.6725,0.2504,straight,0.2196,6.7200,0.0360,-0.0375,0.0289
0.1002,2.1965,0.1270,straight,0.7991,5.5600,0.0297,0.0775,0.0634
0.2075,1.1224,0.0437,turn,0.0000,4.2600,0.0000,nan,nan
0.0981,5.6532,0.0539,lateral,1.0738,5.6400,0.0582,0.0781,0.0593
0.0042,0.7093,0.0607,stand,0.0000,4.5800,0.0000,nan,nan
0.0276,5.5658,0.1613,straight,1.4232,5.9000,0.0053,0.0010,0.0276
0.1263,5.3960,0.0048,stand,0.0000,4.1600,0.0000,nan,nan
0.1016,2.7089,0.0485,lateral,0.2021,4.0200,0.0892,-0.0177,0.1001
0.0565,4.0907,0.0849,lateral,0.6064,6.5200,0.0530,-0.0052,0.0563
0.0991,7.3665,0.1793,combined,1.7744,7.9800,0.0970,0.0592,0.0795
0.0538,2.7104,0.0702,combined,1.7523,5.6800,0.0187,0.0177,0.0509
0.0251,2.0991,0.1631,combined,1.1884,7.7200,0.0215,-0.0245,0.0053
0.1053,2.2145,0.2049,combined,2.1168,6.1800,0.1053,-0.0300,0.1009
0.1862,2.7361,0.1811,straight,0.8211,6.7000,0.1832,-0.1782,0.0542
0.0783,1.8911,0.0426,combined,1.8896,6.0400,0.0751,-0.0617,0.0483
0.1268,4.6819,0.0664,lateral,0.2095,4.8000,0.1008,-0.1011,0.0766
0.0522,15.4583,0.0056,stand,0.0000,6.3800,0.0000,nan,nan
0.0833,2.4417,0.0198,straight,0.5062,6.6200,0.0652,-0.0196,0.0809
0.1615,2.3958,0.1656,combined,1.5378,5.7800,0.1305,0.1604,0.0183
0.1388,2.6562,0.3133,combined,1.7784,4.7600,0.1388,-0.1310,0.0461
0.0422,2.2602,0.0617,turn,0.0000,5.5200,0.0000,nan,nan
0.0145,1.8958,0.0492,stand,0.0000,5.1400,0.0000,nan,nan
0.0837,2.8516,0.0690,lateral,0.5669,5.8400,0.0323,0.0356,0.0758
0.0039,1.1001,0.0150,stand,0.0000,5.7400,0.0000,nan,nan
0.0934,5.3610,0.1623,lateral,0.8786,7.2200,0.0339,0.0850,0.0386
0.1619,0.4445,0.0471,straight,1.1810,6.2800,0.0929,-0.0047,0.1618
0.1279,0.6608,0.0305,combined,0.6635,7.3000,0.0735,-0.0569,0.1146
0.1426,1.0575,0.0920,lateral,1.3701,5.9800,0.0557,0.1151,0.0843
0.0682,0.3099,0.1766,straight,1.7458,5.4200,0.0648,-0.0665,0.0151
0.0646,1.7039,0.1423,lateral,0.6767,7.5800,0.0593,-0.0101,0.0638
0.0895,0.6177,0.1326,straight,1.3287,7.7400,0.0770,-0.0558,0.0700
0.1843,5.9183,0.0187,stand,0.0000,7.2600,0.0000,nan,nan
0.0433,1.7677,0.0254,straight,1.3711,6.8000,0.0012,0.0431,0.0043
0.0298,2.0688,0.1271,combined,1.0715,6.3200,0.0228,-0.0137,0.0264
0.1146,1.2295,0.0709,turn,0.0000,5.7600,0.0000,nan,nan
0.0419,7.0302,0.0559,combined,0.3490,5.0800,0.0190,0.0353,0.0227
0.0256,4.1107,0.0685,lateral,0.3878,4.7200,0.0071,-0.0018,0.0256
0.1260,0.6833,0.2168,combined,1.6081,7.2400,0.0016,0.1254,0.0124
0.0334,0.6050,0.0202,combined,0.8130,7.9400,0.0200,-0.0329,0.0060
0.0447,1.0717,0.1865,turn,0.0000,4.7400,0.0000,nan,nan
0.1197,0.3374,0.2852,combined,1.7810,4.5800,0.1197,-0.1108,0.0453
0.1041,3.3506,0.1233,turn,0.0000,5.1200,0.0000,nan,nan
0.0457,4.6987,0.0557,turn,0.0000,6.8800,0.0000,nan,nan
0.0718,2.9396,0.2108,straight,1.5160,4.9600,0.0285,0.0717,0.0018
0.0570,1.5891,0.0621,lateral,0.7346,6.6800,0.0149,-0.0558,0.0116
0.1285,4.9603,0.0880,combined,2.1629,6.9000,0.1251,-0.0960,0.0854
0.2071,6.3408,0.0487,stand,0.0000,7.4200,0.0000,nan,nan
0.0839,3.8099,0.0424,lateral,1.0132,5.4400,0.0812,-0.0539,0.0643
0.0312,0.3485,0.0775,combined,1.8646,4.6600,0.0197,-0.0298,0.0093
0.0373,0.0796,0.0660,lateral,0.8169,6.0800,0.0117,0.0362,0.0089
0.1186,0.3833,0.1639,turn,0.0000,5.5800,0.0000,nan,nan
0.0615,3.5568,0.0802,lateral,0.9646,6.7000,0.0587,-0.0266,0.0555
0.0422,0.1561,0.1102,straight,0.6847,7.8600,0.0177,0.0370,0.0203
0.1082,6.1258,0.2405,turn,0.0000,5.9200,0.0000,nan,nan
0.0580,0.8549,0.0776,lateral,0.9089,5.8000,0.0505,-0.0132,0.0565
0.0289,4.7821,0.0037,stand,0.0000,6.6400,0.0000,nan,nan
0.0177,0.2358,0.0047,straight,0.5344,5.8400,0.0027,0.0158,0.0079
0.1398,9.3435,0.0277,stand,0.0000,7.8200,0.0000,nan,nan
0.1730,9.3021,0.0355,stand,0.0000,5.6600,0.0000,nan,nan
0.1618,1.5818,0.0288,lateral,1.3682,6.1600,0.0245,0.1607,0.0192
0.0271,1.0663,0.1237,straight,0.1802,5.5200,0.0156,-0.0143,0.0230
0.0480,0.9194,0.1992,straight,0.9781,6.4200,0.0409,-0.0264,0.0401
0.2414,2.0673,0.2741,straight,1.4437,4.5400,0.2414,-0.2196,0.1003
0.1106,4.4750,0.1455,lateral,1.2860,6.8600,0.0969,-0.0913,0.0625
0.0970,0.7203,0.1842,straight,1.0592,5.3800,0.0753,-0.0730,0.0639
0.0975,1.8719,0.0251,lateral,0.4388,7.5000,0.0819,-0.0928,0.0298
0.1034,6.1459,0.1224,lateral,0.4152,4.5000,0.0807,-0.0986,0.0314
0.0533,3.6474,0.0709,straight,0.5416,5.1000,0.0507,-0.0439,0.0303
0.0897,1.0120,0.1014,lateral,0.2013,7.0400,0.0895,-0.0883,0.0157
0.0964,3.7718,0.1085,turn,0.0000,7.4400,0.0000,nan,nan
0.1524,2.9261,0.0878,turn,0.0000,7.6800,0.0000,nan,nan
0.0716,5.8752,0.0310,stand,0.0000,6.4400,0.0000,nan,nan
0.1950,4.6304,0.0785,straight,1.9624,4.7000,0.1950,-0.1828,0.0679
0.2370,2.8790,0.0689,combined,2.1569,4.0600,0.2360,-0.2252,0.0738
0.0353,3.0193,0.0670,lateral,1.0137,6.5600,0.0267,0.0212,0.0283
0.0646,3.7204,0.1202,turn,0.0000,7.3800,0.0000,nan,nan
0.0746,0.5681,0.1645,combined,0.4146,4.7200,0.0327,0.0677,0.0313
0.0645,0.7202,0.0558,straight,1.3668,7.4200,0.0259,-0.0115,0.0634
0.0615,0.0387,0.0833,lateral,0.1966,7.2800,0.0436,-0.0596,0.0151
0.0196,2.1911,0.1209,combined,0.4627,6.9200,0.0144,0.0156,0.0119
0.0401,1.4188,0.1635,lateral,0.6117,4.0400,0.0319,-0.0163,0.0366
0.0800,0.4471,0.2178,lateral,1.3968,4.6800,0.0800,-0.0650,0.0466
0.0560,4.6202,0.1832,combined,1.1139,6.8600,0.0346,-0.0499,0.0255
0.0394,2.8059,0.1714,straight,0.4863,7.7400,0.0200,0.0273,0.0284
0.0715,4.5561,0.0222,stand,0.0000,7.2600,0.0000,nan,nan
0.1022,4.1578,0.1564,lateral,0.6887,4.6600,0.1009,-0.0442,0.0921
0.0423,0.6827,0.1323,lateral,0.7052,6.6400,0.0024,0.0243,0.0347
0.0111,3.0973,0.1270,combined,0.5287,5.2200,0.0111,-0.0103,0.0042
0.0552,1.0557,0.0760,combined,0.3839,4.5000,0.0483,-0.0166,0.0527
0.0705,2.1546,0.0771,turn,0.0000,4.6600,0.0000,nan,nan
0.0259,0.8557,0.2146,combined,1.2038,7.3000,0.0042,-0.0199,0.0166
0.0790,2.7046,0.1065,straight,0.5229,5.8000,0.0790,-0.0460,0.0643
0.0785,1.5001,0.0069,straight,0.7550,5.8000,0.0500,0.0758,0.0204
0.0644,2.3937,0.1486,lateral,1.0374,7.8600,0.0636,-0.0633,0.0115
0.1308,5.3560,0.2250,lateral,0.5141,6.8800,0.1168,-0.0637,0.1142
0.1481,3.1151,0.0429,lateral,0.9017,4.8200,0.1356,-0.1312,0.0686
0.0856,4.8026,0.0675,turn,0.0000,6.3600,0.0000,nan,nan
0.1081,0.9666,0.2157,combined,0.7311,4.6400,0.1076,-0.0945,0.0524
0.0713,4.9252,0.1875,lateral,1.3282,7.5000,0.0537,-0.0558,0.0444
0.0500,5.0435,0.2403,combined,1.2682,7.0200,0.0495,-0.0500,0.0017
0.0620,3.6642,0.0669,straight,0.6865,4.4200,0.0620,-0.0620,0.0009
0.1531,3.7813,0.0939,combined,1.0481,6.4400,0.1530,-0.1398,0.0623
0.0725,2.7932,0.1489,straight,0.1420,5.8800,0.0072,0.0711,0.0140
0.0836,1.6806,0.1898,turn,0.0000,5.2600,0.0000,nan,nan
0.1074,2.5932,0.1736,turn,0.0000,6.8000,0.0000,nan,nan
0.0537,4.5548,0.0628,lateral,1.4968,5.0200,0.0537,-0.0534,0.0054
0.0724,2.5703,0.0619,turn,0.0000,6.4400,0.0000,nan,nan
0.0522,1.3469,0.0438,stand,0.0000,4.1000,0.0000,nan,nan
0.0618,1.1008,0.0181,stand,0.0000,7.0800,0.0000,nan,nan
0.1607,0.4704,0.0485,combined,1.8519,7.5200,0.0092,0.1593,0.0214
0.0604,3.3301,0.1929,combined,0.5714,4.3800,0.0442,0.0073,0.0600
0.0425,2.8900,0.0429,straight,0.7374,6.5200,0.0340,-0.0015,0.0425
0.1069,3.8987,0.1190,combined,0.9638,4.6800,0.1013,-0.1068,0.0032
0.1158,0.6385,0.0613,straight,1.2694,6.7200,0.0974,-0.0519,0.1035
0.0787,2.4028,0.0486,turn,0.0000,7.6200,0.0000,nan,nan
0.1400,2.0022,0.0716,combined,0.8941,7.0400,0.1165,-0.0680,0.1224
0.0778,4.4671,0.1430,lateral,1.1190,6.7800,0.0009,-0.0649,0.0429
0.1026,2.3897,0.0787,combined,0.9879,6.2800,0.0738,0.0756,0.0694
0.1155,0.5493,0.0308,lateral,0.9153,7.8000,0.0017,0.1152,0.0080
0.0130,1.9219,0.1072,turn,0.0000,7.4000,0.0000,nan,nan
0.0522,0.0483,0.1308,turn,0.0000,5.9200,0.0000,nan,nan
0.0819,4.0436,0.2004,turn,0.0000,7.3200,0.0000,nan,nan
0.0397,0.0547,0.0880,lateral,1.2515,7.6400,0.0137,-0.0376,0.0126
0.0836,0.8715,0.0156,lateral,0.7740,6.5400,0.0791,0.0439,0.0712
0.1462,2.4887,0.1475,lateral,0.1317,4.9000,0.0264,0.1316,0.0638
0.1090,0.4895,0.1287,combined,2.1571,7.5800,0.0637,0.1009,0.0411
0.0050,0.1523,0.0367,stand,0.0000,6.2000,0.0000,nan,nan
0.0999,2.8862,0.0546,lateral,0.3981,6.5600,0.0777,-0.0808,0.0587
0.1153,4.3312,0.2206,lateral,1.4326,6.4800,0.0671,-0.1130,0.0228
0.0967,0.9115,0.0352,turn,0.0000,4.6800,0.0000,nan,nan
0.0692,0.1194,0.2053,combined,0.2198,6.5200,0.0439,-0.0094,0.0685
0.0372,0.1611,0.0969,lateral,0.5794,6.4800,0.0052,0.0328,0.0175
0.1279,6.6727,0.0178,stand,0.0000,6.7200,0.0000,nan,nan
0.0712,0.5158,0.0454,lateral,0.9570,4.1800,0.0670,-0.0576,0.0420
0.0682,1.1288,0.0182,lateral,1.0318,7.2600,0.0217,0.0651,0.0202
0.0645,5.7881,0.0661,lateral,0.9750,5.5600,0.0326,0.0283,0.0579
0.1095,1.2826,0.0914,straight,1.7017,7.5400,0.0439,0.0601,0.0915
0.0858,2.4930,0.1378,combined,1.3086,6.1800,0.0846,-0.0520,0.0682
0.1184,1.6222,0.1321,straight,1.0972,5.2000,0.0156,0.0654,0.0987
0.1418,0.3729,0.1965,combined,1.8597,6.4000,0.0395,0.1413,0.0110
0.0127,3.4071,0.2177,turn,0.0000,6.0800,0.0000,nan,nan
0.0455,1.5864,0.0928,turn,0.0000,5.5600,0.0000,nan,nan
0.0861,0.8190,0.1093,straight,0.0453,5.0600,0.0352,-0.0387,0.0769
0.1052,5.0726,0.0958,combined,1.4559,7.0400,0.1029,-0.1051,0.0039
0.0547,6.1110,0.1073,straight,0.2862,5.9600,0.0547,-0.0541,0.0084
0.0945,1.3391,0.1706,lateral,0.9558,5.8800,0.0945,-0.0710,0.0623
0.0244,4.3386,0.0173,straight,0.9543,7.8800,0.0029,-0.0154,0.0189
0.1500,0.0255,0.0318,combined,0.4533,7.7000,0.1464,-0.1465,0.0321
0.1416,0.0871,0.0822,straight,1.5901,5.2000,0.1416,-0.1001,0.1001
0.1375,2.1136,0.1919,turn,0.0000,5.5000,0.0000,nan,nan
0.0873,3.6586,0.1170,combined,1.3071,4.0400,0.0826,-0.0577,0.0654
0.0678,1.0155,0.0882,combined,1.2891,7.2000,0.0628,-0.0568,0.0370
0.0332,0.0035,0.0419,lateral,0.2353,5.6800,0.0178,-0.0256,0.0211
0.1433,1.6220,0.2517,combined,1.8540,4.1400,0.1433,-0.0932,0.1089
0.0743,4.1474,0.0228,turn,0.0000,6.2800,0.0000,nan,nan
0.0904,3.5886,0.2308,straight,1.3567,7.4400,0.0800,-0.0792,0.0435
0.0409,3.1651,0.0228,stand,0.0000,5.3400,0.0000,nan,nan
0.0569,4.3660,0.0244,combined,1.8586,7.8200,0.0050,0.0554,0.0128
0.0605,1.5130,0.0847,combined,0.8702,4.6600,0.0522,-0.0073,0.0601
0.0617,5.3347,0.0902,turn,0.0000,5.8200,0.0000,nan,nan
0.0226,3.4723,0.0885,turn,0.0000,6.2600,0.0000,nan,nan
0.0473,5.7523,0.0151,lateral,0.5295,5.3800,0.0026,0.0435,0.0184
0.0960,1.0211,0.1049,straight,0.8026,5.2400,0.0711,0.0139,0.0950
0.0792,1.5968,0.1767,straight,0.6492,5.6000,0.0727,-0.0748,0.0261
0.1004,0.6967,0.2312,turn,0.0000,7.3600,0.0000,nan,nan
0.0723,1.9448,0.0847,combined,1.5529,7.5800,0.0719,-0.0660,0.0294
0.0698,5.8318,0.1120,combined,0.8423,4.3800,0.0693,-0.0698,0.0031
0.0692,4.4863,0.0825,lateral,1.2412,5.6200,0.0510,0.0465,0.0512
0.2231,6.2662,0.0255,stand,0.0000,5.7600,0.0000,nan,nan
0.1118,3.3278,0.0941,straight,1.5155,4.8200,0.1098,-0.0507,0.0996
0.0313,3.3830,0.0666,combined,1.0055,5.3000,0.0312,-0.0223,0.0219
0.0722,3.1600,0.1138,combined,2.3416,6.5800,0.0693,-0.0012,0.0722
0.0277,0.6627,0.1769,lateral,0.4084,4.3400,0.0167,0.0274,0.0041
0.1160,2.0367,0.0484,combined,0.7000,4.7400,0.1141,-0.0698,0.0927
0.0510,3.2978,0.0387,turn,0.0000,5.9400,0.0000,nan,nan
0.1196,0.6954,0.1882,combined,1.6317,6.7000,0.1173,-0.0942,0.0737
0.0590,3.3781,0.1345,straight,1.9701,6.9600,0.0495,-0.0513,0.0291
0.0739,1.4326,0.1101,combined,1.2834,6.8000,0.0646,-0.0718,0.0176
0.0252,0.2562,0.1221,combined,1.7615,5.2600,0.0099,0.0251,0.0021
0.1162,0.9052,0.2424,lateral,0.2639,6.8800,0.0753,0.0027,0.1162
0.2616,0.2038,0.2242,combined,1.3160,4.1800,0.2616,-0.2060,0.1612
0.0594,3.9782,0.2534,straight,1.9453,6.5000,0.0594,-0.0468,0.0366
0.1628,1.5302,0.2283,combined,1.8480,4.2000,0.1554,0.0008,0.1628
0.0612,1.0808,0.0306,stand,0.0000,4.5800,0.0000,nan,nan
0.0561,0.2373,0.0224,combined,1.3692,7.1200,0.0561,-0.0556,0.0075
0.0691,7.1979,0.0142,stand,0.0000,5.0800,0.0000,nan,nan
0.1177,0.8486,0.0770,turn,0.0000,7.4400,0.0000,nan,nan
0.0729,1.0484,0.0862,combined,1.6341,4.7200,0.0729,-0.0430,0.0589
0.0317,4.0997,0.0325,stand,0.0000,6.2600,0.0000,nan,nan
0.0848,0.6899,0.1332,straight,1.1320,4.5400,0.0848,-0.0760,0.0376
0.0244,3.7366,0.0552,straight,0.3191,4.5800,0.0244,-0.0239,0.0050
0.0457,1.5714,0.0575,straight,0.2730,7.3400,0.0321,0.0087,0.0448
0.0434,2.9376,0.2430,lateral,1.4124,4.3200,0.0402,-0.0305,0.0308
0.0684,0.5205,0.1616,straight,0.7698,6.9000,0.0160,0.0449,0.0516
0.0660,0.3674,0.2282,lateral,0.4388,4.6400,0.0169,0.0393,0.0530
0.0088,5.9979,0.1709,turn,0.0000,5.2200,0.0000,nan,nan
0.0536,1.3024,0.0880,lateral,1.2018,6.0200,0.0417,-0.0490,0.0217
0.0680,3.2424,0.3195,turn,0.0000,5.0200,0.0000,nan,nan
0.0284,2.8899,0.0586,straight,1.5727,5.4400,0.0193,-0.0079,0.0272
0.0206,0.1077,0.1214,combined,0.4657,5.1800,0.0119,0.0153,0.0137
0.0904,1.6857,0.1350,straight,0.8769,7.9000,0.0223,0.0740,0.0519
0.0784,0.0774,0.0189,straight,0.4634,4.3000,0.0708,-0.0418,0.0663
0.0806,4.0392,0.1614,straight,0.5967,4.8600,0.0709,-0.0534,0.0603
0.0084,1.1372,0.0129,stand,0.0000,5.5200,0.0000,nan,nan
0.1163,3.2994,0.0148,straight,1.8097,6.6200,0.1119,-0.1128,0.0285
0.1442,0.9826,0.0606,combined,2.3791,6.6600,0.1185,-0.1263,0.0695
0.0921,0.1053,0.0622,turn,0.0000,4.2600,0.0000,nan,nan
0.1054,2.6647,0.2173,lateral,0.8403,4.5000,0.1054,-0.1028,0.0235
0.1242,2.2710,0.1118,combined,2.1928,5.2000,0.1187,-0.0110,0.1237
0.1007,1.4687,0.1395,straight,1.6847,5.5400,0.0753,0.0275,0.0969
0.0389,3.7961,0.1413,turn,0.0000,6.8600,0.0000,nan,nan
0.0865,2.7375,0.1354,turn,0.0000,6.1600,0.0000,nan,nan
0.0859,3.5828,0.0414,turn,0.0000,4.5800,0.0000,nan,nan
0.1048,1.1056,0.0460,lateral,1.3418,6.0800,0.0971,-0.0620,0.0845
0.0223,1.3914,0.1043,combined,0.7676,5.9400,0.0212,-0.0037,0.0220
0.0333,3.8618,0.0824,straight,1.8815,5.9800,0.0035,0.0325,0.0073
0.1121,5.0966,0.2116,lateral,0.7957,4.7600,0.1096,-0.1075,0.0318
0.1477,0.1710,0.2098,lateral,0.7360,7.7000,0.1216,-0.0267,0.1452
0.0773,1.0104,0.0733,turn,0.0000,6.1200,0.0000,nan,nan
0.0049,0.2200,0.0138,stand,0.0000,6.0000,0.0000,nan,nan
0.1609,0.9938,0.1740,combined,1.3210,5.0600,0.1609,-0.1400,0.0792
0.1509,1.0932,0.0889,turn,0.0000,6.2200,0.0000,nan,nan
0.1514,2.4010,0.1412,combined,1.0320,5.1000,0.1373,-0.0215,0.1499
0.0912,0.7151,0.1907,combined,1.9557,7.3600,0.0828,-0.0803,0.0433
0.1260,4.0876,0.0315,stand,0.0000,4.0200,0.0000,nan,nan
0.0434,2.2876,0.0970,combined,1.8356,5.9600,0.0233,-0.0198,0.0387
0.0795,4.7805,0.0519,turn,0.0000,5.5600,0.0000,nan,nan
0.0683,0.5934,0.0789,turn,0.0000,6.1600,0.0000,nan,nan
0.1211,1.5102,0.0882,turn,0.0000,4.8200,0.0000,nan,nan
0.0433,2.9035,0.1816,lateral,0.4162,7.3600,0.0238,-0.0298,0.0314
0.1105,1.3845,0.2535,turn,0.0000,6.5800,0.0000,nan,nan
0.0059,1.6765,0.0608,stand,0.0000,5.9200,0.0000,nan,nan
0.1291,5.2546,0.0381,combined,1.6589,4.4800,0.1258,-0.1291,0.0020
0.0420,3.8413,0.0639,turn,0.0000,4.4400,0.0000,nan,nan
0.0625,0.3589,0.1869,straight,0.0037,4.7400,0.0037,0.0604,0.0159
0.0640,0.5375,0.0632,lateral,0.5293,5.9000,0.0115,0.0390,0.0507
0.0688,5.1501,0.0463,turn,0.0000,7.8800,0.0000,nan,nan
0.0372,1.3697,0.0617,combined,0.8177,6.5400,0.0190,0.0106,0.0357
0.1057,0.5390,0.1189,combined,2.1138,7.1800,0.1040,-0.0376,0.0988
0.0141,6.0244,0.3288,turn,0.0000,6.1400,0.0000,nan,nan
0.0805,2.5720,0.0415,lateral,0.9592,4.7600,0.0789,-0.0566,0.0572
0.1228,1.4410,0.0912,lateral,0.6924,4.5800,0.0690,0.1077,0.0589
0.0751,0.9258,0.0603,straight,1.2190,6.2600,0.0354,0.0284,0.0695
0.0546,7.7817,0.0285,stand,0.0000,7.6800,0.0000,nan,nan
0.0697,5.9734,0.1906,turn,0.0000,7.6000,0.0000,nan,nan
0.0639,3.5807,0.0735,lateral,0.4586,6.1400,0.0639,-0.0155,0.0620
0.0636,0.6315,0.2396,straight,0.8599,4.4600,0.0567,-0.0335,0.0541
0.1306,2.8482,0.0304,stand,0.0000,5.3400,0.0000,nan,nan
0.0702,2.6512,0.0635,combined,0.5386,5.3400,0.0526,0.0036,0.0701
0.0143,0.9617,0.0586,straight,0.0270,7.6600,0.0027,-0.0140,0.0030
0.0861,3.0553,0.1883,turn,0.0000,4.7800,0.0000,nan,nan
0.1582,0.9568,0.1288,turn,0.0000,6.8800,0.0000,nan,nan
0.1567,0.1799,0.0565,combined,0.9767,6.9600,0.1450,-0.1464,0.0560
0.0460,0.2276,0.0312,lateral,0.7254,4.8200,0.0261,0.0239,0.0392
0.1335,0.0757,0.0088,lateral,0.2533,5.5800,0.1139,-0.0253,0.1311
0.0358,5.6140,0.0875,combined,2.1714,6.8800,0.0120,0.0083,0.0348
0.1360,2.2923,0.0739,combined,0.4845,4.4200,0.0785,0.0654,0.1192
0.1843,3.0690,0.0785,turn,0.0000,6.2000,0.0000,nan,nan
0.0349,4.6261,0.0702,straight,0.1021,4.5600,0.0278,-0.0178,0.0300
0.0626,1.0029,0.0183,combined,0.2049,4.8800,0.0287,0.0161,0.0605
0.0963,1.3654,0.0542,straight,0.8280,4.8000,0.0637,-0.0360,0.0893
0.0477,0.8720,0.2146,straight,1.1955,6.3000,0.0449,0.0265,0.0396
0.0927,2.2338,0.0127,stand,0.0000,4.5800,0.0000,nan,nan
0.1350,2.0260,0.1346,lateral,0.2795,6.9000,0.0591,0.1032,0.0871
0.0458,1.2365,0.0257,straight,1.7127,6.0000,0.0403,-0.0391,0.0238
0.0882,5.2007,0.1875,turn,0.0000,5.0600,0.0000,nan,nan
0.1272,0.8101,0.0214,lateral,0.2173,6.0400,0.1041,-0.0813,0.0978
0.1475,5.3160,0.2193,lateral,0.0199,4.7600,0.0190,-0.0551,0.1368
0.0650,0.0391,0.2875,lateral,0.7516,4.6000,0.0377,0.0591,0.0270
0.0820,1.6233,0.0962,straight,0.6665,5.9600,0.0602,-0.0271,0.0774
0.1244,0.0593,0.1095,combined,1.4774,7.8800,0.0724,0.1231,0.0183
0.0855,1.9368,0.2019,turn,0.0000,4.5200,0.0000,nan,nan
0.0781,3.1341,0.1372,straight,1.8941,5.1200,0.0730,-0.0780,0.0027
0.0080,2.0837,0.0146,stand,0.0000,5.1200,0.0000,nan,nan
0.0934,0.6954,0.0898,lateral,0.1167,7.2600,0.0493,0.0257,0.0898
0.0215,1.8282,0.2039,turn,0.0000,5.4800,0.0000,nan,nan
0.0868,5.5229,0.0658,lateral,1.3814,5.3800,0.0147,0.0803,0.0330
0.1938,6.6799,0.0113,stand,0.0000,4.7400,0.0000,nan,nan
0.0811,3.0488,0.0568,turn,0.0000,4.2600,0.0000,nan,nan
0.0403,6.6517,0.2862,combined,0.5285,7.0800,0.0366,-0.0282,0.0287
0.0710,2.2085,0.0372,turn,0.0000,4.1200,0.0000,nan,nan
0.0294,2.7198,0.1127,lateral,1.3089,4.8400,0.0175,0.0219,0.0197
0.0456,2.5403,0.0713,lateral,1.2783,4.2800,0.0456,-0.0251,0.0380
0.1123,2.9672,0.0316,turn,0.0000,5.9600,0.0000,nan,nan
0.0456,1.1233,0.1459,combined,1.7050,6.3000,0.0300,-0.0439,0.0124
0.0489,3.8978,0.1726,lateral,1.4392,4.4600,0.0489,-0.0376,0.0312
0.0630,2.7423,0.0315,combined,0.9814,7.4200,0.0600,0.0148,0.0613
0.1109,0.8825,0.2341,combined,1.6347,6.6600,0.1067,-0.1044,0.0376
0.0765,1.1168,0.0463,combined,2.1061,7.9400,0.0110,0.0763,0.0061
0.0742,3.5275,0.0758,lateral,0.7150,6.8200,0.0730,-0.0571,0.0475
0.0315,2.3149,0.1943,combined,0.8717,5.5200,0.0175,0.0057,0.0310
0.0548,2.1362,0.0969,lateral,0.4633,5.7000,0.0050,0.0547,0.0018
0.1127,0.7079,0.2874,combined,2.1763,4.9800,0.1127,-0.1111,0.0188
0.0111,2.6272,0.1976,straight,0.0429,7.4000,0.0033,0.0093,0.0060
0.1237,3.1913,0.1766,combined,1.5931,4.5000,0.1219,-0.0862,0.0887
0.0639,4.3530,0.1983,lateral,0.3441,4.3200,0.0385,0.0019,0.0639
0.0915,0.4826,0.0578,combined,1.7129,5.4000,0.0915,-0.0652,0.0642
0.1611,0.4455,0.1923,combined,1.3699,4.1800,0.1546,-0.1488,0.0618
0.1265,4.4891,0.2422,combined,1.9813,6.2000,0.1145,-0.1122,0.0583
0.0398,5.8515,0.0314,straight,0.6198,4.2400,0.0395,-0.0363,0.0162
0.0390,3.3987,0.2657,combined,0.8659,4.0400,0.0390,-0.0334,0.0201
0.1252,4.7289,0.1150,straight,1.1726,7.4000,0.1151,-0.1190,0.0390
0.0514,4.4147,0.0395,stand,0.0000,6.8200,0.0000,nan,nan
0.0119,2.7496,0.0845,turn,0.0000,7.2000,0.0000,nan,nan
0.0611,1.2679,0.2295,turn,0.0000,5.5200,0.0000,nan,nan
0.1284,2.1927,0.0178,turn,0.0000,6.4200,0.0000,nan,nan
0.0387,2.0206,0.0689,turn,0.0000,5.7400,0.0000,nan,nan
0.1014,2.9918,0.0498,combined,1.6632,7.9200,0.0727,-0.0967,0.0305
0.1115,1.6335,0.1510,turn,0.0000,4.1400,0.0000,nan,nan
0.0354,2.0284,0.1405,lateral,0.8570,5.8800,0.0285,0.0347,0.0070
0.0990,4.6067,0.1034,straight,1.2501,7.6400,0.0972,-0.0979,0.0142
0.0596,1.1781,0.0766,combined,0.8661,7.1600,0.0518,-0.0596,0.0026
0.1247,0.6898,0.1706,lateral,0.6369,7.7400,0.1091,0.0214,0.1229
0.0824,1.7358,0.0181,lateral,1.4928,5.4600,0.0698,0.0264,0.0781
0.0812,2.8316,0.1287,turn,0.0000,6.4000,0.0000,nan,nan
0.0923,2.1992,0.2387,turn,0.0000,6.7000,0.0000,nan,nan
0.0508,5.5439,0.0959,combined,1.6550,4.7200,0.0262,0.0484,0.0151
0.0226,0.0502,0.2308,turn,0.0000,7.5200,0.0000,nan,nan
0.0559,1.9297,0.0927,combined,2.0436,6.8000,0.0514,-0.0465,0.0311
0.1174,0.4816,0.2118,combined,1.7858,6.7400,0.0917,-0.1063,0.0498
0.1042,4.7207,0.2855,turn,0.0000,7.9800,0.0000,nan,nan
0.0202,3.1450,0.0566,straight,0.7512,5.7000,0.0096,0.0201,0.0012
0.0883,1.3864,0.1901,combined,1.2159,7.7000,0.0036,0.0673,0.0571
0.0891,0.1546,0.0403,combined,1.6265,7.9800,0.0885,-0.0592,0.0666
0.0357,2.2990,0.0641,straight,0.6254,7.8400,0.0129,0.0108,0.0340
0.0681,1.7068,0.0707,straight,1.2241,4.3200,0.0559,0.0588,0.0342
0.0272,6.0390,0.1250,straight,1.8912,4.1800,0.0102,0.0141,0.0233
0.0972,0.3189,0.1022,lateral,0.2769,4.9800,0.0170,0.0932,0.0278
0.1478,1.1207,0.0687,turn,0.0000,6.7200,0.0000,nan,nan
0.0181,3.3297,0.0682,lateral,0.5523,7.9800,0.0152,-0.0082,0.0161
0.0268,2.0286,0.0652,straight,1.1641,4.9200,0.0268,-0.0091,0.0252
0.1388,5.7778,0.0139,stand,0.0000,6.7800,0.0000,nan,nan
0.0792,1.0255,0.0161,straight,1.0952,4.6200,0.0792,-0.0775,0.0167
0.0255,7.2018,0.1710,turn,0.0000,7.8200,0.0000,nan,nan
0.0966,4.4926,0.2587,lateral,0.4672,7.4200,0.0475,-0.0879,0.0402
0.1634,1.6394,0.1955,turn,0.0000,4.4200,0.0000,nan,nan
0.1527,4.8913,0.0053,turn,0.0000,7.4800,0.0000,nan,nan
0.1319,0.4115,0.1490,combined,0.2175,6.6600,0.0236,0.1098,0.0730
0.0638,4.1468,0.2701,combined,0.6808,7.5000,0.0507,-0.0006,0.0638
0.0499,4.9136,0.0282,combined,1.4678,7.3600,0.0436,0.0103,0.0488
0.1315,4.4590,0.0530,combined,1.4144,5.6600,0.1298,-0.1294,0.0238
0.0928,1.2652,0.0978,turn,0.0000,4.5200,0.0000,nan,nan
0.0343,3.8047,0.2284,turn,0.0000,4.2600,0.0000,nan,nan
0.0339,1.7554,0.1801,lateral,0.4093,6.9400,0.0326,-0.0239,0.0240
0.0585,2.2425,0.1226,combined,0.3112,4.7600,0.0561,-0.0433,0.0393
0.1536,2.3436,0.1967,combined,0.7709,5.3000,0.0146,0.1536,0.0035
0.0382,1.1428,0.1184,combined,0.9040,6.0600,0.0099,0.0281,0.0259
0.1159,4.7246,0.0644,stand,0.0000,4.6200,0.0000,nan,nan
0.1061,3.8507,0.1891,combined,2.0685,4.0400,0.1061,-0.1024,0.0278
0.1727,4.1169,0.0369,straight,1.2379,7.9000,0.1696,-0.1722,0.0135
0.1057,0.1778,0.1632,combined,1.9168,7.4800,0.0813,-0.0623,0.0854
0.0368,4.0629,0.0511,lateral,0.1932,7.3200,0.0210,-0.0343,0.0132
0.0576,2.1750,0.2483,combined,1.1560,5.9400,0.0542,-0.0436,0.0377
0.0956,0.2074,0.1362,straight,0.0322,4.9200,0.0219,-0.0595,0.0748
0.0939,0.1246,0.0934,lateral,1.3360,7.3200,0.0782,-0.0070,0.0936
0.1800,4.1839,0.0344,combined,1.8001,4.2800,0.1800,-0.1776,0.0291
0.1278,2.4753,0.1739,straight,0.5950,4.5800,0.1233,-0.0510,0.1172
0.0588,2.2314,0.1343,lateral,1.3715,7.9600,0.0588,-0.0554,0.0198
0.0447,2.3613,0.0619,straight,0.8937,7.3600,0.0005,0.0192,0.0404
0.0115,2.9925,0.0226,stand,0.0000,7.4200,0.0000,nan,nan
0.0269,4.3268,0.0145,combined,1.2990,7.0200,0.0101,-0.0183,0.0197
0.1121,0.2729,0.0861,turn,0.0000,7.3800,0.0000,nan,nan
0.0061,2.3459,0.0428,stand,0.0000,7.2000,0.0000,nan,nan
0.0496,1.6150,0.0968,straight,1.6261,5.8600,0.0481,-0.0424,0.0257
0.0948,2.2438,0.0828,combined,1.6685,4.9200,0.0948,-0.0936,0.0149
0.0739,4.6253,0.2256,turn,0.0000,7.2600,0.0000,nan,nan
0.0855,5.7592,0.0389,straight,1.8323,4.9400,0.0855,-0.0559,0.0647
0.1409,0.0882,0.1575,combined,1.8656,6.9000,0.1206,-0.0229,0.1391
0.1105,1.1457,0.0915,lateral,0.7809,5.2400,0.1038,-0.1023,0.0417
0.0423,3.7635,0.0492,straight,1.0178,7.8400,0.0022,0.0249,0.0342
0.0383,1.2540,0.0352,turn,0.0000,4.6600,0.0000,nan,nan
0.0984,2.3021,0.0278,straight,1.0959,6.0600,0.0943,-0.0966,0.0188
0.0965,3.2817,0.0807,turn,0.0000,5.3800,0.0000,nan,nan
0.1267,1.5964,0.2743,combined,1.2796,6.7400,0.1256,-0.1079,0.0664
0.0306,3.1982,0.1753,straight,0.4801,6.4800,0.0148,0.0252,0.0173
0.0731,2.8398,0.2228,straight,0.5917,7.3400,0.0698,0.0575,0.0452
0.1132,2.8877,0.1372,straight,1.4644,7.2600,0.1074,-0.1116,0.0193
0.0274,1.0126,0.1985,turn,0.0000,7.9400,0.0000,nan,nan
0.0672,2.9772,0.0872,lateral,1.0063,4.3200,0.0469,-0.0661,0.0120
0.0077,2.0110,0.1186,straight,1.2993,7.0000,0.0045,0.0013,0.0076
0.0256,2.5553,0.1734,turn,0.0000,5.9800,0.0000,nan,nan
0.0584,0.9453,0.0396,lateral,0.5012,6.1000,0.0425,0.0263,0.0522
0.0657,3.2382,0.2116,combined,1.9471,6.0000,0.0657,-0.0106,0.0649
0.0297,2.2812,0.2188,combined,1.0414,7.3600,0.0053,-0.0086,0.0285
0.0296,0.8996,0.0481,straight,0.7558,7.8400,0.0194,-0.0266,0.0130
0.1017,2.3183,0.0942,combined,1.4813,6.3000,0.0876,-0.0937,0.0395
0.0496,3.9551,0.0247,stand,0.0000,7.6400,0.0000,nan,nan
0.1324,1.2006,0.1667,combined,1.2324,4.1000,0.0378,0.0857,0.1009
0.0930,1.9976,0.1249,combined,1.7235,7.5000,0.0628,-0.0212,0.0905
0.0419,3.0688,0.0160,stand,0.0000,5.9600,0.0000,nan,nan
0.1014,0.3261,0.1015,straight,1.3264,7.2000,0.0558,0.0883,0.0497
0.0211,2.9913,0.0391,combined,1.8351,5.1400,0.0129,-0.0137,0.0160
0.0950,1.6440,0.0307,combined,1.1956,7.0600,0.0897,-0.0571,0.0759
0.0770,10.2142,0.0133,stand,0.0000,7.7400,0.0000,nan,nan
0.1288,0.7327,0.0443,straight,0.4333,4.9400,0.0463,0.1163,0.0553
0.0709,2.6411,0.1510,lateral,0.4095,7.3400,0.0390,-0.0488,0.0515
0.0700,1.1346,0.0630,turn,0.0000,4.7200,0.0000,nan,nan
0.1717,2.5560,0.1058,stand,0.0000,7.7400,0.0000,nan,nan
0.0446,0.8987,0.2015,lateral,0.0981,6.6600,0.0240,-0.0044,0.0444
0.1203,1.9589,0.2003,combined,0.5924,5.3800,0.0484,0.0961,0.0724
0.0885,1.7657,0.0229,combined,0.8464,5.0000,0.0808,0.0532,0.0707
0.0650,0.5691,0.0664,combined,1.0636,5.8200,0.0042,0.0106,0.0641
0.1948,12.1328,0.0827,stand,0.0000,4.3400,0.0000,nan,nan
0.0215,5.3959,0.2855,straight,1.2797,5.8000,0.0183,0.0062,0.0206
0.0756,2.4546,0.0609,straight,0.8974,7.0400,0.0303,0.0739,0.0156
0.0802,1.4101,0.1429,lateral,0.8451,5.9200,0.0768,-0.0490,0.0635
0.1007,0.8573,0.2452,lateral,0.4609,6.8800,0.0065,0.0952,0.0329
0.1505,1.6053,0.1045,combined,0.3733,4.6000,0.1505,-0.0226,0.1488
0.1222,1.7870,0.0299,lateral,0.3393,6.5400,0.0118,0.1179,0.0323
0.1301,3.2182,0.0082,straight,1.7177,6.0000,0.1294,-0.1105,0.0687
0.0921,3.9893,0.1803,turn,0.0000,4.1000,0.0000,nan,nan
0.0673,2.1089,0.0459,lateral,0.6291,4.6800,0.0395,0.0533,0.0411
0.1345,2.1093,0.1077,lateral,0.8443,6.3400,0.0638,0.1006,0.0892
0.0242,2.1706,0.0986,combined,1.6473,5.7000,0.0242,-0.0193,0.0147
0.0251,0.8374,0.0882,combined,2.2548,5.1800,0.0051,0.0137,0.0210
0.1375,1.3948,0.1845,combined,1.6867,4.5600,0.1375,-0.0881,0.1056
0.0512,7.3650,0.1006,straight,0.8860,7.8600,0.0477,-0.0242,0.0451
0.0268,4.3156,0.1486,lateral,0.6245,4.4600,0.0267,-0.0228,0.0140
0.0213,1.1505,0.0305,lateral,0.8620,6.8400,0.0146,0.0210,0.0038
0.0873,1.9905,0.0220,lateral,1.0653,4.0800,0.0873,-0.0697,0.0525
0.2175,7.2628,0.0619,combined,1.7295,5.0800,0.2168,-0.2057,0.0709
0.1039,1.9598,0.1291,straight,0.5560,4.9600,0.1030,-0.1010,0.0242
0.1563,1.6170,0.0340,turn,0.0000,4.0200,0.0000,nan,nan
0.0801,1.7819,0.1099,combined,1.8500,7.9200,0.0735,-0.0740,0.0305
0.1109,3.6059,0.1599,lateral,0.7712,7.3600,0.0807,-0.1100,0.0135
0.0790,0.4802,0.1180,combined,1.8308,6.5400,0.0116,0.0790,0.0003
0.0886,1.7307,0.1549,combined,0.7378,6.2800,0.0662,0.0672,0.0578
0.1435,0.9498,0.0354,straight,1.9592,7.2600,0.1044,0.0623,0.1293
0.0278,3.5625,0.0486,combined,1.0403,6.3600,0.0071,-0.0001,0.0278
0.1149,3.4973,0.1223,turn,0.0000,7.8600,0.0000,nan,nan
0.0464,0.2242,0.1934,lateral,0.8052,5.5800,0.0382,0.0127,0.0447
0.0556,6.0904,0.1916,lateral,1.3622,6.2800,0.0439,-0.0554,0.0047
0.0398,1.3768,0.0179,stand,0.0000,5.6000,0.0000,nan,nan
0.0562,3.5685,0.2471,combined,1.3883,5.4000,0.0104,0.0562,0.0000
0.0093,3.8060,0.0459,combined,0.2921,5.4200,0.0024,0.0007,0.0093
0.0771,0.6358,0.2432,turn,0.0000,4.1400,0.0000,nan,nan
0.1443,0.9525,0.0214,combined,0.8126,6.5600,0.0642,0.0899,0.1129
0.1304,0.5506,0.1905,combined,1.9797,5.1400,0.1290,-0.1102,0.0696
0.0124,1.5323,0.0515,stand,0.0000,6.8800,0.0000,nan,nan
0.1267,0.7033,0.0810,turn,0.0000,6.4600,0.0000,nan,nan
0.1888,0.5508,0.0787,lateral,1.3418,5.5800,0.1749,-0.1692,0.0836
0.1317,0.6995,0.1903,straight,0.5258,4.5600,0.0427,0.1027,0.0826
0.0439,2.8529,0.1912,lateral,0.1616,5.3800,0.0196,0.0258,0.0355
0.0409,3.8302,0.0350,stand,0.0000,7.9600,0.0000,nan,nan
0.0846,4.9880,0.0591,turn,0.0000,7.7800,0.0000,nan,nan
0.0198,1.9459,0.0931,combined,0.8114,4.3400,0.0198,0.0126,0.0153
0.1316,0.5835,0.2766,combined,1.6500,4.5600,0.1316,-0.1203,0.0531
0.0863,0.8391,0.0454,straight,1.7096,7.6200,0.0548,-0.0527,0.0684
0.0676,1.5025,0.1145,combined,1.3524,6.5400,0.0526,-0.0205,0.0644
0.0483,3.3631,0.1823,lateral,0.9798,5.2800,0.0090,0.0444,0.0191
0.0390,3.5762,0.2441,lateral,0.1590,7.5600,0.0190,0.0186,0.0343
0.0595,2.0187,0.2143,combined,1.6594,6.8000,0.0192,0.0506,0.0313
0.0616,2.3655,0.0412,stand,0.0000,7.6800,0.0000,nan,nan
0.0180,2.4411,0.1916,combined,1.6651,6.0800,0.0100,0.0001,0.0180
0.1052,4.2997,0.1757,lateral,0.0852,4.6400,0.0562,-0.0786,0.0700
0.1245,3.6371,0.0108,stand,0.0000,5.0400,0.0000,nan,nan
0.0895,0.4044,0.0068,stand,0.0000,6.2000,0.0000,nan,nan
0.2188,0.3975,0.0238,turn,0.0000,6.6600,0.0000,nan,nan
0.0256,0.7933,0.0374,combined,0.9303,6.1800,0.0256,-0.0191,0.0171
0.0543,2.5469,0.0615,combined,0.8577,5.3800,0.0354,0.0407,0.0359
0.0261,4.5767,0.2114,straight,1.3292,7.6000,0.0030,0.0016,0.0261
0.1196,0.7020,0.1516,combined,1.7234,7.5000,0.0923,-0.0648,0.1005
0.0936,4.1708,0.0287,combined,1.9569,7.1800,0.0874,-0.0759,0.0549
0.1257,0.0337,0.0796,combined,1.5946,7.9800,0.0986,0.0505,0.1151
0.1599,1.3952,0.0598,turn,0.0000,4.8000,0.0000,nan,nan
0.0625,3.2199,0.1453,turn,0.0000,4.2400,0.0000,nan,nan
0.0543,1.4966,0.1023,turn,0.0000,4.3200,0.0000,nan,nan
0.1058,2.3220,0.1370,combined,1.4892,4.0400,0.1049,-0.1009,0.0319
0.1745,3.1736,0.0361,stand,0.0000,6.4200,0.0000,nan,nan
0.0704,4.8993,0.2244,straight,0.0501,4.4600,0.0325,-0.0600,0.0368
0.0776,1.2320,0.0532,combined,1.8595,7.5000,0.0657,-0.0708,0.0317
0.0865,1.8733,0.1217,lateral,0.0350,5.0800,0.0350,-0.0861,0.0083
0.0655,2.9350,0.0260,stand,0.0000,6.2000,0.0000,nan,nan
0.1561,2.6247,0.0346,stand,0.0000,7.7000,0.0000,nan,nan
0.0526,2.0502,0.0607,combined,0.6220,4.4200,0.0286,0.0258,0.0458
0.0864,6.3476,0.0045,stand,0.0000,7.6600,0.0000,nan,nan
0.0902,1.1560,0.0287,turn,0.0000,7.8600,0.0000,nan,nan
0.0635,0.9259,0.0954,lateral,1.1603,6.7600,0.0217,0.0229,0.0592
0.0639,0.7151,0.1577,lateral,0.0415,7.0000,0.0145,0.0236,0.0594
0.1526,2.2059,0.1093,straight,1.5657,5.1000,0.1040,0.1054,0.1104
0.0678,0.5236,0.1832,turn,0.0000,7.6200,0.0000,nan,nan
0.1019,4.4570,0.0278,straight,1.0253,5.8600,0.0898,-0.0985,0.0259
0.1336,0.4829,0.1039,combined,1.4156,7.2200,0.1329,-0.0634,0.1177
0.0313,1.8742,0.0448,straight,1.8391,7.0000,0.0110,-0.0044,0.0310
0.1452,2.7524,0.0665,lateral,0.0751,5.5800,0.0082,0.1444,0.0151
0.0705,3.1409,0.0311,stand,0.0000,7.8000,0.0000,nan,nan
0.0601,2.4034,0.0360,turn,0.0000,4.7200,0.0000,nan,nan
0.0060,0.4734,0.0748,stand,0.0000,4.5000,0.0000,nan,nan
0.0227,2.1084,0.0148,lateral,0.3145,6.8200,0.0063,0.0116,0.0195
0.0692,6.4457,0.0873,lateral,0.6666,5.4400,0.0691,-0.0211,0.0659
0.0680,2.5254,0.1818,combined,1.5675,6.6600,0.0680,-0.0649,0.0203
0.0278,2.2009,0.0331,turn,0.0000,4.4400,0.0000,nan,nan
0.0090,1.4350,0.0868,lateral,0.6647,6.7400,0.0013,0.0060,0.0067
0.0919,2.7231,0.1667,combined,1.9504,4.6600,0.0919,-0.0844,0.0363
0.0089,1.3596,0.2511,lateral,1.3964,7.2800,0.0012,-0.0038,0.0081
0.0184,4.8102,0.0090,combined,1.7138,5.7200,0.0002,0.0052,0.0176
0.2214,12.0286,0.0519,stand,0.0000,7.8600,0.0000,nan,nan
0.0681,1.0852,0.0215,stand,0.0000,7.3800,0.0000,nan,nan
0.1624,1.9805,0.1710,lateral,0.2305,5.7400,0.1391,-0.0314,0.1594
0.1269,3.1563,0.1113,lateral,0.5642,7.6800,0.1186,0.0241,0.1246
0.0472,2.2070,0.1272,combined,0.4102,4.3200,0.0268,-0.0378,0.0283
0.0850,2.0083,0.0395,straight,1.7038,7.0600,0.0827,-0.0678,0.0513
0.0319,1.6417,0.0307,combined,1.0679,5.8800,0.0162,0.0077,0.0310
0.0745,3.9465,0.0207,lateral,0.4598,6.0400,0.0546,0.0141,0.0731
0.0457,0.9137,0.0156,combined,1.8799,5.3400,0.0373,-0.0161,0.0428
0.1705,1.8295,0.1911,combined,0.7755,4.1200,0.1666,-0.1660,0.0386
0.0436,1.4815,0.1176,straight,0.2721,4.2400,0.0436,-0.0436,0.0006
0.0904,0.6809,0.1326,combined,1.3587,7.0800,0.0758,-0.0446,0.0787
0.1257,3.6520,0.1219,straight,0.6801,4.3800,0.1257,-0.1219,0.0310
0.0347,0.2938,0.0790,combined,2.2791,5.0000,0.0347,-0.0347,0.0019
0.1251,1.7734,0.0640,combined,1.4059,5.3800,0.1247,-0.0930,0.0837
0.0530,1.1570,0.0558,turn,0.0000,7.7800,0.0000,nan,nan
0.1400,2.1056,0.0927,lateral,0.8195,4.9000,0.1222,0.0072,0.1398
0.0688,2.3889,0.0452,combined,1.1210,6.5000,0.0649,-0.0260,0.0637
0.0739,1.7003,0.0465,lateral,0.5577,5.3600,0.0010,-0.0705,0.0223
0.1321,0.2190,0.1646,straight,1.6097,4.5200,0.1304,-0.0690,0.1127
0.0695,1.9058,0.2167,lateral,0.7324,7.4000,0.0204,0.0578,0.0386
0.0967,1.5820,0.0309,turn,0.0000,5.8000,0.0000,nan,nan
